group_id,batch,y,x,y_true,y_pred,p_pred,correct,occ_total,occ_max,occ_cam_corr,occ_corr_brightness,cam_corr_brightness,occ_corr_contrast,cam_corr_contrast,occ_corr_edges,cam_corr_edges,occ_corr_noise,cam_corr_noise,occ_share_si,occ_area_si,occ_ratio_si,occ_share_graphite,occ_area_graphite,occ_ratio_graphite,occ_share_pore,occ_area_pore,occ_ratio_pore,cam_share_si,cam_area_si,cam_ratio_si,cam_share_graphite,cam_area_graphite,cam_ratio_graphite,cam_share_pore,cam_area_pore,cam_ratio_pore
Batch_1/4ih2ggld,Batch_1,0,0,0,0,0.9632564187049866,True,0.07084280252456665,0.005921840667724609,0.3139847078572696,0.37541208791208786,0.23058251983268238,-0.19459706959706957,-0.37180227745540284,-0.027976190476190474,-0.258734770215913,0.003617216117216117,-0.16680437604917445,0.24147454597779378,0.146087646484375,1.6529429543765086,0.7000565239388321,0.7470703125,0.9370691248540707,0.01316814882240619,0.05584716796875,0.23578901672820002,0.11352735005498053,0.146087646484375,0.7771180711513688,0.8694875780842055,0.7470703125,1.1638631110565052,0.005238615815749505,0.05584716796875,0.0938027120494425
Batch_1/4ih2ggld,Batch_1,0,256,0,0,0.9741455316543579,True,0.008595108985900879,0.003103017807006836,0.18497648239373515,0.08063186813186814,-0.01759934817621266,0.20705128205128204,-0.18385360731478406,0.2544871794871794,-0.20353829492333445,0.17225274725274722,-0.22180220181974264,0.1606442266766629,0.2210235595703125,0.7268194711413034,0.8014799494821104,0.7316436767578125,1.095451207934672,0.0022527068559223657,0.0213470458984375,0.10552780308057767,0.25340912373759594,0.2210235595703125,1.1465253940812625,0.7098408255112864,0.7316436767578125,0.9702001781206628,0.018948500522519802,0.0213470458984375,0.88764040760819
Batch_1/4ih2ggld,Batch_1,0,512,0,0,0.9049922227859497,True,2.2899317741394043,0.13089722394943237,0.15336289409105153,-0.3007783882783882,0.030755204741396144,0.17866300366300364,-0.38825003239213224,0.0023809523809523807,-0.41423129490501315,-0.12509157509157506,-0.38815822581081466,0.06439439324476033,0.0972900390625,0.6618806392234337,0.7568894097424531,0.769134521484375,0.9840793627124035,0.14724648235344906,0.1017608642578125,1.4469853752460096,0.04669354794280337,0.0972900390625,0.4799417123556402,0.8925830948012036,0.769134521484375,1.1605032278080323,0.04719442625349506,0.1017608642578125,0.4637777656243893
Batch_1/4ih2ggld,Batch_1,0,768,0,0,0.9481012225151062,True,0.08111763000488281,0.012319743633270264,0.15919618721373613,-0.10160256410256409,-0.1254870190272663,-0.17532051282051278,-0.2296164957365245,-0.18104395604395604,-0.2771439021394738,-0.18388278388278384,-0.32966695685285846,0.009955203550326048,0.103912353515625,0.09580385020178676,0.9479108945751755,0.7961578369140625,1.1906067498491424,0.03233745465577298,0.0755615234375,0.42796192009707956,0.021791777237458076,0.103912353515625,0.20971305624582268,0.879008645944432,0.7961578369140625,1.1040632964833987,0.08135438747048736,0.0755615234375,1.0766642038097454
Batch_1/4ih2ggld,Batch_1,0,1024,0,0,0.9442909955978394,True,0.026372551918029785,0.006092846393585205,0.21032887779862255,-0.16849816849816848,-0.23429039552251632,-0.03630952380952381,-0.4943784403952783,-0.04647435897435897,-0.5206351226521121,-0.15677655677655675,-0.5846702131211383,0.020087836941290127,0.1275787353515625,0.1574544291094833,0.9434595813868477,0.78656005859375,1.1994755786018556,0.019348938704783797,0.0374603271484375,0.5165181453998823,0.013677918338081994,0.1275787353515625,0.10721158428471972,0.949665243825383,0.78656005859375,1.2073652017409076,0.020830336630059083,0.0374603271484375,0.5560639272454387
Batch_1/4ih2ggld,Batch_1,0,1280,0,0,0.925628662109375,True,0.02984696626663208,0.006776154041290283,-0.07881713095891449,0.07898351648351648,-0.0038055973645083783,-0.10384615384615384,-0.23631384116477328,0.04134615384615384,-0.33833136087599186,0.035622710622710614,-0.24892274809537332,0.042497764336829974,0.1525421142578125,0.2785969274360797,0.9313047396219393,0.798919677734375,1.1657050959903628,0.0,0.0232086181640625,0.0,0.11779901420596083,0.1525421142578125,0.7722392912875712,0.8565057492815223,0.798919677734375,1.0720799263706378,0.02135142750873966,0.0232086181640625,0.9199784044791337
Batch_1/4ih2ggld,Batch_1,0,1536,0,0,0.9748519659042358,True,0.053865134716033936,0.0075421929359436035,0.147187602251297,0.033012820512820513,0.16670710505881667,-0.2502747252747253,-0.3497454510094712,-0.2757326007326007,-0.3917204100432679,-0.26098901098901095,-0.3465113148216213,0.05940954317620805,0.10955810546875,0.542265156211138,0.9256836041226568,0.847869873046875,1.0917755584310989,0.002666722419853402,0.0125274658203125,0.21287006151950372,0.12652434137385074,0.10955810546875,1.1548606178658332,0.8600496124490408,0.847869873046875,1.0143651045866238,0.00573464604206437,0.0125274658203125,0.45776585019821014
Batch_1/4ih2ggld,Batch_1,0,1792,0,0,0.9327157139778137,True,0.3342953324317932,0.032859623432159424,0.07478609380949333,0.01282051282051282,0.15581206565624353,-0.2358974358974359,-0.4939210126379764,-0.1460164835164835,-0.428656510500149,-0.0950091575091575,-0.25851583601761197,0.2251663761304051,0.240020751953125,0.9381121186320552,0.7533365241314091,0.7071685791015625,1.065285628341267,0.010901674604814818,0.0271453857421875,0.4016032304109859,0.3363531401476827,0.240020751953125,1.4013502474709811,0.6503332272913811,0.7071685791015625,0.9196296986464118,0.005639563040714175,0.0271453857421875,0.20775402104342
Batch_1/4ih2ggld,Batch_1,0,2048,0,0,0.9476394653320312,True,0.4229327440261841,0.03320956230163574,0.5404323030003966,0.2877289377289377,0.08263306418644457,-0.5218406593406593,-0.6975325586631149,-0.13763736263736262,-0.5229406324791784,0.004853479853479853,-0.38936365786223626,0.22533307666748562,0.2274932861328125,0.9905042935462027,0.756993428294563,0.624725341796875,1.2117219802821668,0.0051310185615440805,0.0982513427734375,0.05222339376445921,0.18560159252681355,0.2274932861328125,0.8158552530577002,0.7933883662546053,0.624725341796875,1.2699794824596213,0.013149687703234634,0.0982513427734375,0.13383723145196225
Batch_1/4ih2ggld,Batch_1,0,2304,0,0,0.958264946937561,True,0.1133502721786499,0.012471616268157959,0.15014301635686927,0.41021062271062264,0.21686046032047507,-0.27078754578754577,-0.5240967062377353,-0.006318681318681318,-0.32817894133184494,0.08315018315018315,-0.2152955116521325,0.05720427283366053,0.040008544921875,1.4298013823137974,0.905323190421686,0.8697967529296875,1.0408445276121538,0.02573430173416532,0.0756683349609375,0.34009340561610374,0.023328518149660114,0.040008544921875,0.5830883926224734,0.9632497175171255,0.8697967529296875,1.10744230105788,0.006809682668621233,0.0756683349609375,0.08999382201467254
Batch_1/4ih2ggld,Batch_1,0,2560,0,0,0.9124616980552673,True,1.0411803722381592,0.07884567975997925,0.18413932848268855,-0.047985347985347974,0.16739521914133793,-0.17490842490842487,-0.4100930560465855,-0.20883699633699632,-0.20363589415412417,-0.19015567765567762,-0.10202438130181846,0.09254444792602803,0.0851287841796875,1.087111120143426,0.8038183151642776,0.80059814453125,1.0040222059656572,0.07820689842150927,0.0812530517578125,0.9625102901318369,0.08523566835553642,0.0851287841796875,1.0012555585854874,0.8634502880647879,0.80059814453125,1.0785064816385976,0.017991360241075845,0.0812530517578125,0.22142380934444067
Batch_1/4ih2ggld,Batch_1,0,2816,0,0,0.9830365777015686,True,0.028145313262939453,0.003229677677154541,0.24177591338714924,0.09638278388278387,0.315632796536682,-0.2193681318681318,-0.5010997090610672,-0.18205128205128204,-0.5163567450962995,-0.1969322344322344,-0.48304784059896044,0.03209143730098478,0.0311737060546875,1.0294392731068716,0.9587878734857654,0.939697265625,1.020315700129305,0.004682768768532799,0.023681640625,0.19773835954546748,0.027645480525771912,0.0311737060546875,0.8868204658526618,0.9593530461158745,0.939697265625,1.0209171413069944,0.00940822992462728,0.023681640625,0.3972794821780756
Batch_1/4ih2ggld,Batch_1,0,3072,0,0,0.9711347818374634,True,0.18436163663864136,0.015217304229736328,-0.009738895356798973,-0.021749084249084248,0.3972045221818979,-0.04839743589743589,-0.4763330469558895,0.016666666666666666,-0.42168957513083105,-0.02921245421245421,-0.3491302109041142,0.09827058742614041,0.165313720703125,0.5944490693704576,0.8355913929465901,0.7496795654296875,1.1145980649314635,0.028555796802927635,0.03839111328125,0.7438126785678321,0.19086201636447053,0.165313720703125,1.1545443146078955,0.7720420385180392,0.7496795654296875,1.0298293752685315,0.010937005616290851,0.03839111328125,0.2848837838113026
Batch_1/4ih2ggld,Batch_1,256,0,0,0,0.9749047756195068,True,0.049528300762176514,0.0071122050285339355,0.4112985360008412,0.056501831501831495,0.12471366993364037,-0.11094322344322342,-0.46325492898568627,0.009523809523809523,-0.315632796536682,0.007509157509157508,-0.25341341234495407,0.05838963975580676,0.1003265380859375,0.5819959590930116,0.8994159594084906,0.8277587890625,1.0865676949527143,0.02369134214255748,0.0477294921875,0.4963669433039153,0.05281369428124383,0.1003265380859375,0.5264179875917255,0.9205141733630594,0.8277587890625,1.1120560548872118,0.015798874265372184,0.0477294921875,0.33100863933997166
Batch_1/4ih2ggld,Batch_1,256,256,0,0,0.9674176573753357,True,0.022900760173797607,0.0030727386474609375,0.27372785095283264,0.1412561957074655,-0.1844217223572075,-0.2717490842490842,-0.6383445162783541,-0.19647435897435897,-0.6415979620327459,-0.17486263736263735,-0.5954728693871492,0.018744669425660405,0.0472564697265625,0.39665826783341307,0.9762536175387289,0.895751953125,1.0898704871732443,0.002115692520027575,0.033599853515625,0.06296731380223758,0.007762866734009286,0.0472564697265625,0.1642709829770851,0.9749861308489016,0.895751953125,1.0884554897675391,0.012079207269167305,0.033599853515625,0.3595017836476605
Batch_1/4ih2ggld,Batch_1,256,512,0,0,0.9694236516952515,True,0.027871549129486084,0.004744052886962891,-0.1258139658820601,0.18933150183150182,0.10472270337996549,0.13397435897435897,-0.28913369856132326,0.19459706959706957,-0.2848237449195909,0.20091575091575087,-0.32581415508670525,0.24654716027965987,0.248626708984375,0.9916358595856014,0.680437935073543,0.6975250244140625,0.9755032597506117,0.0016211257664638734,0.0116424560546875,0.13924259270114864,0.3827617692693141,0.248626708984375,1.5395038241582035,0.6028003953466814,0.6975250244140625,0.8641989523645377,0.003182895077122508,0.0116424560546875,0.27338690927169157
Batch_1/4ih2ggld,Batch_1,256,768,0,0,0.9730944037437439,True,0.014039337635040283,0.0027147531509399414,0.19073585890291878,-0.1947344322344322,0.03129295979598691,0.043635531135531126,-0.3944379075895334,0.12733516483516483,-0.2651425451528203,0.03974358974358974,-0.31128018865876295,0.03629421203853479,0.178131103515625,0.2037499983002755,0.9162753156193679,0.763824462890625,1.1995888586126273,0.002194643850973301,0.027435302734375,0.07999342570488668,0.08030743439703385,0.178131103515625,0.45083330654822773,0.901588623255837,0.763824462890625,1.1803610214889635,0.005561809512989976,0.027435302734375,0.2027245540841552
Batch_1/4ih2ggld,Batch_1,256,1024,0,0,0.9735523462295532,True,1.0251998901367188e-05,1.0251998901367188e-05,0.1426395763009222,0.1579212454212454,-0.11025480416066785,-0.026465201465201465,-0.04168337008151548,0.10695970695970694,-0.07058689373144543,0.17568681318681315,-0.054142575204781634,0.0,0.168975830078125,0.0,0.0,0.7766876220703125,0.0,0.0,0.0178680419921875,0.0,0.13976035080922058,0.168975830078125,0.8271026142887015,0.81557032887281,0.7766876220703125,1.0500622202512422,0.016478695302144665,0.0178680419921875,0.9222440438269451
Batch_1/4ih2ggld,Batch_1,256,1280,0,0,0.9712925553321838,True,0.039987027645111084,0.006354928016662598,0.2584385583134635,-0.2804029304029304,0.10318187091010071,-0.266025641025641,-0.7006136594221801,-0.21304945054945051,-0.606740738009105,-0.18630952380952379,-0.547615083530472,0.051140606096394814,0.19244384765625,0.26574300357860214,0.9188786086053761,0.6892547607421875,1.333148004107988,0.025834226192919474,0.0765380859375,0.3375342599240771,0.09546933764207266,0.19244384765625,0.4960893206240782,0.8951288456282757,0.6892547607421875,1.2986908420689087,0.00729214143011228,0.0765380859375,0.0952746771857732
Batch_1/4ih2ggld,Batch_1,256,1536,0,0,0.9435833692550659,True,0.02545851469039917,0.009224891662597656,-0.195934742333717,0.09203296703296703,-0.07805325562516745,0.19065934065934065,-0.5624277577427338,0.1519230769230769,-0.49710854264796345,0.06172161172161172,-0.3937246236655673,0.0970324793377772,0.4178314208984375,0.2322287757324094,0.8939986535954109,0.5331878662109375,1.676704798157824,0.0025663171892025363,0.0251007080078125,0.10224082876083733,0.343931711379982,0.4178314208984375,0.8231351070736772,0.6344775351920161,0.5331878662109375,1.1899699438040228,0.01285261856924477,0.0251007080078125,0.5120420732851217
Batch_1/4ih2ggld,Batch_1,256,1792,0,0,0.9643122553825378,True,0.10327941179275513,0.007257819175720215,0.16992221485383194,0.1521062271062271,0.18647427086091056,-0.27326007326007323,-0.5616694905449112,-0.21630036630036625,-0.35566287658423484,-0.21396520146520148,-0.24470449559495439,0.05894755954309603,0.0811309814453125,0.7265727406839085,0.8774889775766219,0.795745849609375,1.1027251703635952,0.04254411717659683,0.0901336669921875,0.47201138704680035,0.03938935797167939,0.0811309814453125,0.4855032845649766,0.9390746303080152,0.795745849609375,1.180118791406828,0.011644334527176576,0.0901336669921875,0.12918962376384696
Batch_1/4ih2ggld,Batch_1,256,2048,0,0,0.9725420475006104,True,0.21390807628631592,0.017870962619781494,-0.004079015592924288,0.016575091575091575,-0.3147487593753657,-0.06378205128205128,-0.2673359320621053,-0.03649267399267399,-0.28129166518621146,-0.01652930402930403,-0.40467042896320227,0.2516314103864457,0.34503173828125,0.7292993150135373,0.6728355145945272,0.5854949951171875,1.149173810546166,0.04997537230364431,0.0361328125,1.3831021956468046,0.20859217681140801,0.34503173828125,0.6045593887985333,0.7205189115751365,0.5854949951171875,1.2306149797760846,0.052779608987059405,0.0361328125,1.4607113406148333
Batch_1/4ih2ggld,Batch_1,256,2304,0,0,0.9753400087356567,True,0.010420024394989014,0.0021843910217285156,-0.007080987742773062,0.1226190476190476,-0.04349422244590056,-0.045695970695970686,-0.5352905912085306,0.0024267399267399264,-0.6345389986970424,0.02605311355311355,-0.6018381264998348,0.0041745092272908475,0.02984619140625,0.13986740118595756,0.9806105760922277,0.92138671875,1.0642768732574892,0.0065425446901186965,0.0267486572265625,0.24459338779898396,0.005663034219994447,0.02984619140625,0.1897405984875031,0.9664636157395559,0.92138671875,1.048922885550933,0.02152779038176966,0.0267486572265625,0.8048176100739626
Batch_1/4ih2ggld,Batch_1,256,2560,0,0,0.9574557542800903,True,0.028842449188232422,0.007563769817352295,0.10880498444224183,-0.22694856856533316,0.05183780241286053,-0.21423992673992673,-0.6482077747740015,-0.32651098901098896,-0.5627445563229798,-0.4229853479853479,-0.5156912537901835,0.018123736300403828,0.058013916015625,0.31240325675519864,0.7183288984515465,0.8297882080078125,0.8656773999911834,0.24424167133488686,0.0933837890625,2.6154611393142395,0.025559293648020703,0.058013916015625,0.44057176973084816,0.9642112460944204,0.8297882080078125,1.161996804472958,0.007271674331824057,0.0933837890625,0.0778687008186963
Batch_1/4ih2ggld,Batch_1,256,2816,0,0,0.9491143822669983,True,0.02836287021636963,0.006644904613494873,-0.0006661036918565337,0.18246545863670993,0.35122441880002464,-0.14775641025641026,-0.7190704199055394,-0.00888278388278388,-0.762688727175731,0.06978021978021978,-0.6188792370131876,0.014879996180738686,0.0363311767578125,0.40956548916459073,0.9788956022897362,0.8986968994140625,1.0892388778997257,0.003293731231338889,0.0390167236328125,0.08441844739031107,0.01484463913652753,0.0363311767578125,0.4085923017435818,0.9764359663842745,0.8986968994140625,1.0865019863993042,0.005814407077715227,0.0390167236328125,0.14902345805441733
Batch_1/4ih2ggld,Batch_1,256,3072,0,0,0.9714143872261047,True,0.10716545581817627,0.012551069259643555,-0.07447244845874498,-0.06456117858914956,-0.2434152041746994,0.029144106504960066,-0.6315338807289058,0.12204810037544549,-0.7111207905376348,0.10297736925318961,-0.7207984113018693,0.03059436216664163,0.0923309326171875,0.33135549809172465,0.8858054374082174,0.8586883544921875,1.0315796560814738,0.06960079031099747,0.0321197509765625,2.166915626518542,0.003971736414429363,0.0923309326171875,0.04301631427136717,0.9698283287757078,0.8586883544921875,1.129429930780005,0.023674169766254593,0.0321197509765625,0.7370595676015491
Batch_1/4ih2ggld,Batch_1,512,0,0,0,0.9719719886779785,True,0.007192552089691162,0.0017996430397033691,-0.20366823485718333,0.09528388278388278,-0.04855575432547437,0.3136446886446886,-0.4154061701499507,0.29157509157509154,-0.2744156653805138,0.343543956043956,-0.23310430121880235,0.008691666888495639,0.0627288818359375,0.1385592510835442,0.9026377712895003,0.841278076171875,1.0729362821349564,0.04223537155351077,0.0670623779296875,0.6297923345007695,0.028535438694882002,0.0627288818359375,0.45490112145652806,0.9477394438458556,0.841278076171875,1.1265471794515542,0.017407043328760485,0.0670623779296875,0.25956495826931675
Batch_1/4ih2ggld,Batch_1,512,256,0,0,0.9562815427780151,True,0.07672542333602905,0.008397459983825684,0.003895689049422073,0.43163919413919416,-0.03430497945285202,-0.19239926739926738,-0.6206290972088118,0.11350732600732599,-0.4731428929612797,0.20682234432234428,-0.37224454658124795,0.0512329886082693,0.0571441650390625,0.8965567800885279,0.9049629053784987,0.83392333984375,1.0851871654630258,0.030630990559562303,0.0800323486328125,0.3827326210317398,0.014659181503800502,0.0571441650390625,0.2565298048152389,0.9642759409088444,0.83392333984375,1.1563124508417264,0.01488226043380815,0.0800323486328125,0.1859530638303243
Batch_1/4ih2ggld,Batch_1,512,512,0,0,0.9641727805137634,True,0.4234055280685425,0.06531894207000732,0.1587496935476261,0.21982600732600727,-0.08906596178689488,-0.19867216117216116,-0.5804516411168724,0.009157509157509156,-0.5077913526021233,0.13388278388278388,-0.34207328587842395,0.22650943679386804,0.169219970703125,1.338550265980427,0.7333945100965386,0.7518157958984375,0.9754976073894736,0.015022103285308157,0.03887939453125,0.3863769862268271,0.15068047946785723,0.169219970703125,0.8904414700095123,0.8286792309214549,0.7518157958984375,1.1022370578569234,0.013117651939645735,0.03887939453125,0.33739342131735595
Batch_1/4ih2ggld,Batch_1,512,768,0,0,0.9468551278114319,True,0.6688573360443115,0.07227206230163574,0.1262918712787348,0.1436355311355311,0.07358233255760649,-0.4787087912087911,-0.4856709194435036,-0.39033882783882773,-0.3980281224663795,-0.24235347985347983,-0.18691472194885764,0.13500073220033199,0.1170654296875,1.1532075059281748,0.8088734959093464,0.7900543212890625,1.0238201021286464,0.014892805724228297,0.0504608154296875,0.29513604957454664,0.05839358960531055,0.1170654296875,0.4988115600069906,0.9232209292519251,0.7900543212890625,1.1685537365906515,0.004223701891754415,0.0504608154296875,0.08370260876262998
Batch_1/4ih2ggld,Batch_1,512,1024,0,0,0.9582342505455017,True,0.061162590980529785,0.006776750087738037,-0.2568729870051855,0.20847308235205528,-0.21425824076482536,0.14468864468864467,-0.7950011366728931,0.1750457875457875,-0.7957580621636664,0.1476190476190476,-0.6604748335399871,0.05423909711529568,0.036346435546875,1.4922810531267918,0.873155343800605,0.927734375,0.9411695495282311,0.046673135318516266,0.0185546875,2.515436345587403,0.005371451080185031,0.036346435546875,0.14778481023971712,0.985589234411936,0.927734375,1.0623614484608657,0.005941016893759252,0.0185546875,0.3201895420636565
Batch_1/4ih2ggld,Batch_1,512,1280,0,0,0.953382670879364,True,0.11055898666381836,0.011178672313690186,0.2266183755466113,0.03168498168498168,0.6132987803332633,-0.022206959706959704,-0.20353538268855798,0.041666666666666664,0.12823373500007293,0.04111721611721611,0.33407051278913474,0.1407833087211351,0.1737060546875,0.8104686331999569,0.6841911806986934,0.6478424072265625,1.0561074314781915,0.03060739673894507,0.035400390625,0.8646061865015104,0.30546663711744937,0.1737060546875,1.758526135815984,0.6530016270875739,0.6478424072265625,1.0079636958054323,0.0019311930803281622,0.035400390625,0.05455287487602864
Batch_1/4ih2ggld,Batch_1,512,1536,0,0,0.9485868811607361,True,0.4499468207359314,0.03305995464324951,0.1949511789636787,0.2633699633699633,0.23359160270113788,-0.22257326007326003,-0.298721084045396,0.1368131868131868,-0.10119234256915302,0.14505494505494504,-0.04188539082916955,0.13265891068174712,0.1277618408203125,1.0383296751987316,0.717536817007308,0.651580810546875,1.101224599301928,0.06333381086751191,0.0806732177734375,0.7850661299438738,0.10433816061049202,0.1277618408203125,0.8166613751067963,0.842882894323326,0.651580810546875,1.2935968657761578,0.027933513344547255,0.0806732177734375,0.3462551031867314
Batch_1/4ih2ggld,Batch_1,512,1792,0,0,0.9648858904838562,True,0.04532921314239502,0.01066136360168457,0.1845277338881053,0.024450829338018343,-0.04873915660810128,-0.3672432148044496,-0.583586063318827,-0.3081994986408267,-0.5650624327735091,-0.3129385638776898,-0.5330587344551133,0.06919759677142592,0.0743255615234375,0.9310067136136665,0.8815256222490607,0.835540771484375,1.055036034546814,0.03167930024198336,0.0622711181640625,0.5087318354958641,0.030704367416174057,0.0743255615234375,0.4131064305042872,0.9455354667929297,0.835540771484375,1.1316449167562994,0.015975299830578153,0.0622711181640625,0.2565442905407424
Batch_1/4ih2ggld,Batch_1,512,2048,0,0,0.961665153503418,True,0.03729933500289917,0.0028039216995239258,0.1529000981671414,-0.05998168498168496,-0.3237332066495721,-0.011996336996336994,-0.4844890168705376,0.03461538461538461,-0.533455525241021,0.046611721611721606,-0.5369138707807513,0.026394874046493388,0.0331573486328125,0.7960489947128351,0.9529058602033076,0.9550323486328125,0.9977733859669266,0.012493588729372803,0.0060882568359375,2.0520797768625965,0.0008795106198492647,0.0331573486328125,0.026525360323258817,0.9938340955682863,0.9550323486328125,1.0406287252897988,0.004506743022092926,0.0060882568359375,0.7402353651525865
Batch_1/4ih2ggld,Batch_1,512,2304,0,0,0.9758943319320679,True,0.034802258014678955,0.004398524761199951,0.2336663176567105,0.36021062271062265,0.34106118992873585,0.02921245421245421,-0.31013476553299474,0.21643772893772892,-0.19481356523065355,0.3099358974358974,-0.07074133224744332,0.05089664273448004,0.03326416015625,1.5300744854343504,0.8654243963405807,0.7950592041015625,1.0885030848973476,0.044629255632524185,0.13311767578125,0.33526168009320323,0.01379335119019808,0.03326416015625,0.41466103834900064,0.9395744253023326,0.7950592041015625,1.181766616190647,0.037774939655939206,0.13311767578125,0.28377102765837137
Batch_1/4ih2ggld,Batch_1,512,2560,0,0,0.967670202255249,True,0.029352247714996338,0.007460057735443115,0.24067015459561242,0.08040293040293038,-0.06174092150725388,-0.3610347985347985,-0.5306319823886083,-0.19413919413919414,-0.46227596214843447,-0.1135989010989011,-0.3499570982457292,0.007353595800580473,0.164520263671875,0.044697204079655155,0.9808774413515533,0.6566619873046875,1.4937326361430323,0.009952409268638884,0.1293792724609375,0.07692429459010708,0.02892552068334534,0.164520263671875,0.17581737372507142,0.8583531503059914,0.6566619873046875,1.3071460917498188,0.08603463257025826,0.1293792724609375,0.6649800306786703
Batch_1/4ih2ggld,Batch_1,512,2816,0,0,0.9563804268836975,True,0.3517032861709595,0.03940457105636597,-0.1904151312405053,0.20663919413919413,0.06639565377269965,-0.03498168498168498,-0.10913255958155015,-0.03676739926739926,0.13258518099005115,0.04125457875457875,0.13668480914641998,0.21084682070711,0.1518402099609375,1.3886099127586333,0.7262996635773724,0.699005126953125,1.0390476916002331,0.03396375062044256,0.1092987060546875,0.310742476708268,0.1779113509392195,0.1518402099609375,1.1717011652248708,0.7199240451816709,0.699005126953125,1.029926702139838,0.05644764089348167,0.1092987060546875,0.5164529657399435
Batch_1/4ih2ggld,Batch_1,512,3072,0,0,0.791012704372406,True,1.642230749130249,0.16345268487930298,-0.03523144102508839,0.012866300366300366,0.1592754729675871,-0.2159340659340659,-0.42293785225364894,-0.22673992673992668,-0.3126102276894073,-0.24033882783882782,-0.2551985760710504,0.4700336312801792,0.388336181640625,1.2103781555826258,0.4045293159534873,0.47882080078125,0.8448449091882646,0.0545208327372253,0.0616455078125,0.8844250728383162,0.45146833730077407,0.388336181640625,1.162570882253184,0.4849907926794915,0.47882080078125,1.0128858058968502,0.017356987320245196,0.0616455078125,0.2815612675791062
Batch_1/4ih2ggld,Batch_1,768,0,0,0,0.9640349745750427,True,0.009562492370605469,0.004809379577636719,-0.14438344699803474,0.030448717948717948,-0.2560754371178228,0.20659340659340658,-0.4322333295809697,0.23933150183150181,-0.41306779104645763,0.27747252747252743,-0.4028889643606641,0.020471487119582965,0.161773681640625,0.1265439898008856,0.9774264860450105,0.8017425537109375,1.2191276133727766,0.0,0.00164794921875,0.0,0.08345129419648997,0.161773681640625,0.5158521049293687,0.9048833576230569,0.8017425537109375,1.1286457896424769,0.0038174712981708893,0.00164794921875,2.316498138860439
Batch_1/4ih2ggld,Batch_1,768,256,0,0,0.9568074941635132,True,0.1879572868347168,0.037465691566467285,0.167103561178086,-0.11684981684981684,0.09349923877946341,-0.19152930402930401,-0.0010989136781131839,-0.1334249084249084,0.14780388970622324,-0.11144688644688643,0.16083059559885662,0.056244182909646986,0.0980377197265625,0.5736994196368288,0.8924847327792471,0.829376220703125,1.0760915378338436,0.018359083611681256,0.0284576416015625,0.6451372137132133,0.07546831168792027,0.0980377197265625,0.7697885252575164,0.8810415938089556,0.829376220703125,1.0622942541830172,0.010722142587170368,0.0284576416015625,0.3767755155993551
Batch_1/4ih2ggld,Batch_1,768,512,0,0,0.9556119441986084,True,0.16556066274642944,0.02903282642364502,0.240309771786166,-0.433058608058608,-0.43393209696602053,-0.12568681318681318,-0.05818749478902399,-0.028388278388278385,0.05919546713969998,-0.1468864468864469,-0.010308808131913698,0.05035848650615421,0.3024444580078125,0.1665049075055407,0.9278788793974474,0.648040771484375,1.4318217621895717,0.010096052898038107,0.026214599609375,0.38513092126066667,0.1671025635140395,0.3024444580078125,0.5525066143209774,0.7744579581593192,0.648040771484375,1.1950759770644959,0.035765779407548146,0.026214599609375,1.3643458202870054
Batch_1/4ih2ggld,Batch_1,768,768,0,0,0.9725360870361328,True,0.004731178283691406,0.002314150333404541,-0.11488251523533752,-0.271019585864664,0.23564845866412784,-0.2007120045003809,-0.042920129413604395,-0.2730800490111262,0.014566276577936178,-0.3073753133822418,0.03561408817404207,0.12306039288383057,0.1300201416015625,0.9464717648204107,0.8570297019191114,0.81048583984375,1.0574271132045125,0.0,0.0133209228515625,0.0,0.15346197803370346,0.1300201416015625,1.1802938848042237,0.7826589544174803,0.81048583984375,0.9656664138245348,0.005238096616464698,0.0133209228515625,0.393223252985831
Batch_1/4ih2ggld,Batch_1,768,1024,0,0,0.8902703523635864,True,1.1743420362472534,0.15124839544296265,-0.048795197970304634,-0.22115384615384612,0.09703955645270367,0.13795787545787544,-0.27982645985604615,0.17408424908424908,-0.29327612401907455,0.15128205128205127,-0.2912104759394286,0.10434123003974456,0.025787353515625,4.046217072121124,0.7810945476671342,0.9215087890625,0.8476257165835426,0.033660039260282354,0.0281524658203125,1.1956337848031786,0.0034961605535334906,0.025787353515625,0.135576555051107,0.9803138742788756,0.9215087890625,1.0638139168224332,0.011382407396211552,0.0281524658203125,0.40431298163583756
Batch_1/4ih2ggld,Batch_1,768,1280,0,0,0.9602654576301575,True,0.023325800895690918,0.004071235656738281,0.09358351522289103,0.2537116954343813,0.005092102499710012,-0.16762820512820512,-0.5811582169613702,-0.07692307692307691,-0.5248016736028791,-0.05064102564102563,-0.47713830482023994,0.1577259661759714,0.04498291015625,3.506353093388216,0.648334009094719,0.8982391357421875,0.7217833016805937,0.044670044213052935,0.03302001953125,1.352817013653714,0.0037543064789678413,0.04498291015625,0.08346072910638958,0.996192911756032,0.8982391357421875,1.1090508886955903,1.2173931214680567e-05,0.03302001953125,0.00036868334384718377
Batch_1/4ih2ggld,Batch_1,768,1536,0,0,0.9714169502258301,True,0.0901903510093689,0.01107335090637207,0.06905239604163141,0.015338827838827836,-0.017520757204593042,-0.38054029304029297,-0.33433727277470493,-0.28809523809523807,-0.22939595315190056,-0.2539377289377289,-0.17536789270009012,0.1846839940789527,0.281158447265625,0.6568680253966267,0.7902091211293049,0.6010894775390625,1.314628105560128,0.00432144983670965,0.0475311279296875,0.09091831027242492,0.2728850469576434,0.281158447265625,0.9705738867587168,0.6892633145375869,0.6010894775390625,1.146690035832135,0.008667178007102525,0.0475311279296875,0.1823474086271175
Batch_1/4ih2ggld,Batch_1,768,1792,0,0,0.9633204340934753,True,0.15041089057922363,0.013618171215057373,0.21598593018228363,0.22216117216117212,0.21465112102399142,-0.40526556776556777,-0.4664007310681044,-0.024130036630036624,-0.19548049983679458,0.014652014652014652,-0.13783055256917387,0.04600420600936935,0.0607147216796875,0.75771089344811,0.8733862335235947,0.785919189453125,1.1112926688192113,0.03861649474627518,0.028411865234375,1.359167883830231,0.013782727573524124,0.0607147216796875,0.22700800056759915,0.9705110495416558,0.785919189453125,1.2348738427127317,0.00480433022703926,0.028411865234375,0.16909591071925076
Batch_1/4ih2ggld,Batch_1,768,2048,0,0,0.9609929323196411,True,0.3633822202682495,0.022073745727539062,0.2502670918129814,0.15347985347985346,0.30880266309945636,-0.41094322344322337,-0.45995838989329263,-0.3084249084249084,-0.11333238939125115,-0.14523809523809525,-0.0015826623897988925,0.09939472348661624,0.10498046875,0.9467925288399538,0.7288506911999715,0.7473297119140625,0.9752732690544813,0.02682490483517864,0.0401458740234375,0.6681858469320667,0.1969661559705707,0.10498046875,1.8762171508266456,0.7584780160322909,0.7473297119140625,1.014917517583605,0.014233226800727522,0.0401458740234375,0.3545377239120026
Batch_1/4ih2ggld,Batch_1,768,2304,0,0,0.9752085208892822,True,0.018687188625335693,0.0031431913375854492,0.3162439418052559,-0.2452380952380952,-0.18205555427360795,-0.29661172161172156,-0.6755454307276816,-0.24418498168498162,-0.7077927851643705,-0.20196886446886445,-0.6644374996894755,0.013022631969037244,0.110015869140625,0.11837048664671634,0.9533091552170362,0.8423309326171875,1.131751332288167,0.02235804162638754,0.0185394287109375,1.205972523478958,0.025777505306434804,0.110015869140625,0.23430715502947452,0.9701507061858028,0.8423309326171875,1.151745316026172,0.002011439732180188,0.0185394287109375,0.10849523809725169
Batch_1/4ih2ggld,Batch_1,768,2560,0,0,0.9798191785812378,True,0.05845707654953003,0.005365967750549316,0.3614400484869825,0.05412087912087911,0.26519970067851156,-0.20242673992673993,-0.16001849159197878,-0.17870879120879118,-0.03429622685123213,-0.04427655677655677,0.0685007525611508,0.05138591401655938,0.16339111328125,0.3144963822365741,0.9294779647333955,0.724090576171875,1.28364875240797,0.00027104656755004444,0.0338287353515625,0.008012317479007538,0.12945628161253653,0.16339111328125,0.7923091960925658,0.8270804094622793,0.724090576171875,1.1422333568196557,0.00429144804931803,0.0338287353515625,0.12685806917460823
Batch_1/4ih2ggld,Batch_1,768,2816,0,0,0.9804153442382812,True,0.020039916038513184,0.003781139850616455,0.10680101035681015,-0.4505494505494505,-0.3667964373703656,-0.310485347985348,-0.26040760930052426,-0.19757326007326007,-0.3759560437474505,-0.19097985347985347,-0.3918479608116928,0.039483904867826325,0.229095458984375,0.1723469554694196,0.9272043038850118,0.7147216796875,1.2972942198848876,0.0097202801504932,0.0113983154296875,0.8527821685980219,0.1189912182559279,0.229095458984375,0.5193957958985275,0.8490227990191123,0.7147216796875,1.1879068778077826,0.006433087367094812,0.0113983154296875,0.5643893088218549
Batch_1/4ih2ggld,Batch_1,768,3072,0,0,0.9723036289215088,True,0.0010662674903869629,0.0010662674903869629,0.016662894509144478,0.20695970695970695,-0.2969942905624374,0.16808608058608057,-0.3673181318517193,0.18379120879120875,-0.30135510317502345,0.14899267399267396,-0.2614192403018672,0.18574791073742178,0.1698760986328125,1.093431696585617,0.6706673390768951,0.7245330810546875,0.9256545444420824,0.0043874040135402585,0.0411834716796875,0.10653312687342512,0.08751336477546894,0.1698760986328125,0.5151599635251174,0.8636815030271657,0.7245330810546875,1.1920525447505073,0.02020526765824497,0.0411834716796875,0.4906159397001639
Batch_1/f1vzngrs,Batch_1,0,0,0,1,0.9320458173751831,False,1.1998611688613892,0.07736730575561523,-0.11966219632819608,0.1382783882783883,-0.09236555570801559,0.41387362637362635,-0.5092911680208144,0.4584706959706959,-0.47604141389259796,0.42696886446886445,-0.39551286295056093,0.0013303139501051014,0.000396728515625,3.3532098090033817,0.9846014190570254,0.9934234619140625,0.9911195545552756,0.012307638652067639,0.0054779052734375,2.2467782916487598,0.0004623645708289856,0.000396728515625,1.1654432505326306,0.9989497763483703,0.9934234619140625,1.0055628990517902,0.0005583403488804166,0.0054779052734375,0.10192588608419771
Batch_1/f1vzngrs,Batch_1,0,256,0,2,0.7078397870063782,False,2.5072531700134277,0.2678043842315674,0.02549291728514046,0.230540293040293,0.016689607719048795,0.04088827838827838,0.689225778111927,-0.0576007326007326,0.6719859635449975,0.063003663003663,0.6815228822415969,0.4312931200661088,0.074554443359375,5.7849418576857365,0.5624446982698444,0.9093170166015625,0.6185353270654695,0.0032354641989105135,0.0108184814453125,0.29906823940733346,0.07129821826029539,0.074554443359375,0.9563241980979776,0.9039506365907427,0.9093170166015625,0.9940984498114026,0.016775259692216427,0.0108184814453125,1.5506113105628996
Batch_1/f1vzngrs,Batch_1,0,512,0,1,0.8763431310653687,False,2.1194188594818115,0.14651840925216675,-0.01674931845665721,-0.1073260073260073,-0.12397279478168438,0.30439560439560437,-0.32612454136244745,0.3284798534798535,-0.33011468370946273,0.28956043956043953,-0.29244031643299273,0.01775620836189563,0.029876708984375,0.5943160731385047,0.9638812836212745,0.9582977294921875,1.0058265338185093,0.015346018297641498,0.0105438232421875,1.455451020483695,0.013795829839405681,0.029876708984375,0.4617586845532639,0.9829504380513884,0.9582977294921875,1.0257255212033787,0.002947335149851317,0.0105438232421875,0.2795319195089087
Batch_1/f1vzngrs,Batch_1,0,768,0,1,0.9317821264266968,False,0.8544378280639648,0.12434881925582886,-0.17387458639741402,0.11025641025641025,-0.13253732056161216,0.1701923076923077,-0.24051191794542903,0.14349816849816846,-0.21733171201966722,0.13429487179487176,-0.21539618786682033,0.009124804813935145,0.007110595703125,1.2832686873091281,0.936360434399697,0.9591217041015625,0.9762686324326414,0.04496323999062554,0.027679443359375,1.6244271753173294,9.10724284282036e-06,0.007110595703125,0.0012807988561096034,0.9918735221034477,0.9591217041015625,1.0341477185448167,0.007602179167206072,0.027679443359375,0.2746507243120271
Batch_1/f1vzngrs,Batch_1,0,1024,0,1,0.7917984127998352,False,5.8919572830200195,0.36322522163391113,0.15107979394803364,-0.05004578754578754,-0.06352643563594608,-0.24743589743589742,-0.5023917343615383,-0.15027472527472527,-0.4351256998654924,-0.12367216117216116,-0.38997004362978677,0.01276795729941959,0.050262451171875,0.25402575882658235,0.9707406661300324,0.9197845458984375,1.0554000613065546,0.014461623442029767,0.021514892578125,0.6721680524091226,0.011485604124037853,0.050262451171875,0.22851261441194437,0.9859994847303771,0.9197845458984375,1.0719896187941074,0.001979652460808519,0.021514892578125,0.09201312317131001
Batch_1/f1vzngrs,Batch_1,0,1280,0,1,0.5265121459960938,False,7.9907636642456055,0.31453150510787964,0.02736302072634119,0.24517222039404352,-0.023827362589237275,0.00036630036630036625,-0.2836602334418174,0.003434065934065934,-0.27044093626659177,-0.006227106227106226,-0.28818992268367793,0.030044837472848352,0.03082275390625,0.9747616181290047,0.9347286272156389,0.93975830078125,0.994647907274211,0.03127323447637155,0.0255889892578125,1.22213637128413,0.0008140574523472885,0.03082275390625,0.026410925345065298,0.9899575812261252,0.93975830078125,1.053417224836581,0.008751684283673416,0.0255889892578125,0.3420097681662618
Batch_1/f1vzngrs,Batch_1,0,1536,0,2,0.7764410972595215,False,0.05347496271133423,0.02400726079940796,-0.3050438465792077,0.19354395604395602,-0.2033014302919295,-0.19890109890109886,0.3612566462043556,-0.16726190476190475,0.390967815989915,-0.18846153846153843,0.3613024967750123,0.0,0.0,,0.9999999957475256,0.98504638671875,1.0151806140608128,0.0,0.014404296875,0.0,0.0,0.0,,0.9666663129693855,0.98504638671875,0.9813409053652898,0.032355250841126316,0.014404296875,2.2462221600890406
Batch_1/f1vzngrs,Batch_1,0,1792,0,1,0.46267127990722656,False,4.995936393737793,0.2261740267276764,0.1382050315138194,0.34372710622710617,0.1315669636880767,0.18397435897435896,0.09173855673362052,0.2678571428571428,0.167444686677039,0.26309523809523805,0.209638910192227,0.0016276465574440958,0.0009307861328125,1.7486794227648568,0.9789395839107797,0.978179931640625,1.0007765976847232,0.01463128463784943,0.016693115234375,0.8764861700421391,5.3958862306770865e-06,0.0009307861328125,0.0057971278690762875,0.9776669111112517,0.978179931640625,0.9994755356220477,0.01926416264919896,0.016693115234375,1.154018430875597
Batch_1/f1vzngrs,Batch_1,0,2048,0,1,0.9210988879203796,False,0.6603431701660156,0.08423507213592529,-0.08130329975951715,-0.1902014652014652,-0.1247513394263427,-0.07243589743589743,-0.3637155575938832,0.08507326007326006,-0.3291420111356007,0.011630036630036629,-0.3363987581863365,0.03042399080088536,0.1131134033203125,0.2689689277116988,0.9344105939994929,0.84246826171875,1.109134475989835,0.019206283521775502,0.01837158203125,1.0454343827932553,0.02142171575769126,0.1131134033203125,0.18938264722731074,0.9583790452378937,0.84246826171875,1.137584748038662,0.00914558594698722,0.01837158203125,0.4978115619782014
Batch_1/f1vzngrs,Batch_1,0,2304,0,0,0.4124743640422821,True,4.269001007080078,0.25269097089767456,0.31384593646048364,-0.2989010989010989,-0.27590952253504125,-0.39006410256410257,-0.19879963770832684,-0.43598901098901094,-0.2197379724473693,-0.4735347985347985,-0.2746724655592116,0.07893110505237914,0.146942138671875,0.5371577259307082,0.8572764332142438,0.801055908203125,1.0701830227271265,0.012817108098320519,0.0128936767578125,0.9940615341201581,0.08562670160137639,0.146942138671875,0.5827239372946836,0.8520045311303347,0.801055908203125,1.0636018315394418,0.01958014916909685,0.0128936767578125,1.5185853916519896
Batch_1/f1vzngrs,Batch_1,0,2560,0,1,0.9171485304832458,False,0.8211294412612915,0.07324880361557007,-0.19405933827710323,-0.1469322344322344,-0.07571586150303505,-0.16877289377289376,-0.21710129247766166,-0.20709706959706956,-0.14392004593668803,-0.23988095238095233,-0.07907998681631657,0.04476157842815999,0.0517730712890625,0.8645725917677256,0.9371364041904605,0.9249420166015625,1.0131839481502882,0.009745896279707435,0.0124664306640625,0.7817711855408892,0.006408316396957112,0.0517730712890625,0.12377701838814656,0.9827635236560376,0.9249420166015625,1.0625136560094046,0.006554937041799133,0.0124664306640625,0.5258070428045875
Batch_1/f1vzngrs,Batch_1,0,2816,0,1,0.9318761825561523,False,1.5511059761047363,0.11009609699249268,-0.10295655997231216,0.14606227106227104,0.03204990179326347,0.2822344322344322,-0.526988989961371,0.33150183150183143,-0.5345111411381916,0.3228479853479853,-0.47481848747428046,0.01234131342297017,0.0064239501953125,1.9211408942702448,0.976537733831108,0.98541259765625,0.9909937585065887,0.009644634067643487,0.0072174072265625,1.3363017722137074,0.0008517730993814825,0.0064239501953125,0.13259335354172172,0.997590055697816,0.98541259765625,1.0123577251503881,0.0014633312519076404,0.0072174072265625,0.20275026834042098
Batch_1/f1vzngrs,Batch_1,0,3072,0,1,0.8483209609985352,False,5.130702018737793,0.3322819471359253,-0.23869481261286543,-0.03012820512820513,0.10147745209041951,0.29061355311355314,-0.507800704122905,0.15723443223443223,-0.36562201955076906,-0.027472527472527472,-0.20764059911665741,0.07157701344203059,0.0773468017578125,0.9254036600783028,0.8145718160651544,0.8192901611328125,0.9942409352736103,0.09292208377447088,0.0860443115234375,1.0799329104883355,0.025765219221015268,0.0773468017578125,0.3331129230357973,0.9398707956233444,0.8192901611328125,1.1471769590444099,0.02697753330338701,0.0860443115234375,0.31353070093469965
Batch_1/f1vzngrs,Batch_1,256,0,0,1,0.928979218006134,False,0.20605570077896118,0.01353442668914795,-0.02320310203483662,0.015384615384615384,-0.16713628876089484,-0.1628205128205128,-0.3043211629429568,-0.2369047619047619,-0.29392136621419535,-0.20178571428571426,-0.3421302017168539,0.007092050858578836,0.061981201171875,0.11442261079956244,0.9671396057989161,0.9126129150390625,1.0597478841919739,0.01977079828289144,0.0178680419921875,1.1064893563343923,0.016474375493349812,0.061981201171875,0.2657963250448482,0.9682025174948656,0.9126129150390625,1.0609125748055228,0.013147804106325732,0.0178680419921875,0.7358279162358353
Batch_1/f1vzngrs,Batch_1,256,256,0,1,0.8281670212745667,False,0.33810216188430786,0.0935404896736145,0.023924746928135596,-0.06515567765567765,-0.05868421889855613,0.2922161172161172,-0.41960146531784565,0.3088827838827839,-0.41516062307948415,0.2993131868131868,-0.40779021999277965,0.13294564368628617,0.0654449462890625,2.031411915277326,0.8637799083048274,0.9179534912109375,0.9409843925375284,0.002181107804879201,0.01263427734375,0.17263415591855472,0.010466200890273407,0.0654449462890625,0.15992374482279273,0.9857990684470576,0.9179534912109375,1.0739096020503394,0.0028769981586204566,0.01263427734375,0.22771370932771767
Batch_1/f1vzngrs,Batch_1,256,512,0,1,0.9536970853805542,False,0.12039083242416382,0.05032998323440552,-0.042760693180658345,0.06611721611721612,0.13784697143764862,-0.06978021978021978,-0.4050544170917845,0.0961080586080586,-0.33584961102308747,0.29180402930402927,-0.23598088681826038,0.0,0.005279541015625,0.0,0.9981127670917954,0.956939697265625,1.0430257726205936,0.0018873046840291682,0.036956787109375,0.05106787769303698,0.00016918956461773108,0.005279541015625,0.03204626389244978,0.9938638020009744,0.956939697265625,1.0385856129083755,0.00572724987437094,0.036956787109375,0.15497153086984886
Batch_1/f1vzngrs,Batch_1,256,768,0,1,0.9001747369766235,False,0.39258360862731934,0.0878061056137085,-0.24433688234272175,0.11932234432234429,-0.3953538501731818,0.31936813186813184,-0.5197343189477963,0.4260531135531135,-0.6026853540698067,0.37660256410256404,-0.6320868876297192,0.4809885703545419,0.167449951171875,2.872431834040027,0.41450061297239427,0.77734375,0.533226919200668,0.05827419229599198,0.0451507568359375,1.2906581501555021,0.01177404105595893,0.167449951171875,0.07031379211256829,0.9758924069520017,0.77734375,1.2554193777874998,0.01112758230829964,0.0451507568359375,0.24645394868425996
Batch_1/f1vzngrs,Batch_1,256,1024,0,0,0.8140953183174133,True,9.691665649414062,0.5665398836135864,0.018779384020111187,0.11666666666666664,-0.010356277952267196,-0.18704212454212452,0.4277833212816503,-0.19258241758241756,0.4656412706849382,-0.13791208791208792,0.3614571144851302,0.0831976995635992,0.0724945068359375,1.1476414309829588,0.8649500752085443,0.86627197265625,0.9984740387667717,0.035207944952965295,0.044342041015625,0.7940082176316358,0.06870087325865591,0.0724945068359375,0.9476700546999103,0.8160342806410059,0.86627197265625,0.9420070213501192,0.08592960134856012,0.044342041015625,1.9378810578042793
Batch_1/f1vzngrs,Batch_1,256,1280,0,1,0.9797766804695129,False,0.0907130241394043,0.008717000484466553,-0.19513745616758724,0.2543956043956044,-0.07244233322609425,0.17490842490842487,-0.3048731398318253,0.19404761904761902,-0.3596943649758966,0.19455128205128205,-0.32249424791384823,0.06011056727105546,0.0218048095703125,2.7567572684925756,0.9155340466309578,0.9577178955078125,0.9559537844341026,0.018420402104156384,0.017852783203125,1.0317944207675152,0.0020753172385157676,0.0218048095703125,0.09517704026827806,0.9920939403529967,0.9577178955078125,1.0358937062849358,0.0046535529246922065,0.017852783203125,0.2606626021133576
Batch_1/f1vzngrs,Batch_1,256,1536,0,1,0.9766552448272705,False,0.12550687789916992,0.008336842060089111,-0.13148910943536435,-0.1856227106227106,0.2656228481007272,-0.3276556776556776,-0.07571991058522042,-0.25595238095238093,-0.11061045761958667,-0.3024267399267399,-0.07400322143592312,0.009801188760947675,0.121612548828125,0.08059356419541616,0.9844711213725086,0.8598785400390625,1.1448955585375884,0.005086077957522631,0.0146331787109375,0.34757164236100435,0.19207231593826465,0.121612548828125,1.5793790837302526,0.8019650789223801,0.8598785400390625,0.9326492540283056,0.00341791730447527,0.0146331787109375,0.233573126659115
Batch_1/f1vzngrs,Batch_1,256,1792,0,1,0.9369813203811646,False,0.28267359733581543,0.02778303623199463,0.2566169461497927,0.026648351648351644,-0.21667971842438735,-0.22829670329670326,-0.5677337381347182,-0.2204212454212454,-0.5678494982150817,-0.2090201465201465,-0.5550464333268793,0.007699668633631574,0.0260009765625,0.29612997862305096,0.9907446732150536,0.9674224853515625,1.0241075519916365,0.0010715352974228875,0.003448486328125,0.3107262710261343,0.0006915602266757408,0.0260009765625,0.026597471253181543,0.9991890370104122,0.9674224853515625,1.0328362759185876,0.00010861923142747064,0.003448486328125,0.03149765464969343
Batch_1/f1vzngrs,Batch_1,256,2048,0,1,0.9809123873710632,False,0.051237285137176514,0.008891522884368896,-0.4850115847069656,-0.20444139194139194,-0.00817266167366265,0.07326007326007325,-0.42400602235540447,0.0699175824175824,-0.41499988810312466,-0.050961538461538454,-0.4125920784315639,0.051248859901646404,0.0678863525390625,0.7549213941367271,0.8460769110548126,0.8819427490234375,0.9593331449140677,0.08880151722770281,0.0399322509765625,2.2238044451794923,0.015547399874932892,0.0678863525390625,0.2290209930779056,0.9636042173307774,0.8819427490234375,1.092592708991329,0.015900555387149223,0.0399322509765625,0.3981883064013036
Batch_1/f1vzngrs,Batch_1,256,2304,0,1,0.8847126364707947,False,1.060945987701416,0.09791076183319092,0.0028047512051702804,0.0802197802197802,0.22833433581763296,0.011630036630036629,0.16598609591253627,0.04468864468864468,0.059911324923555324,0.06034798534798534,0.11122447811978536,0.2399679877531659,0.1941375732421875,1.2360718419705636,0.724649226815521,0.77520751953125,0.9347809567865126,0.01678092819225392,0.014007568359375,1.1979900980474434,0.22719485476144793,0.1941375732421875,1.1702776076119037,0.7293513187158341,0.77520751953125,0.9408465479757678,0.016267760089419676,0.014007568359375,1.1613550383662394
Batch_1/f1vzngrs,Batch_1,256,2560,0,1,0.9533601403236389,False,0.17078030109405518,0.018154025077819824,-0.18496813004133464,0.052289377289377284,-0.2949643868415808,0.048534798534798536,-0.5244280188877891,0.03447802197802198,-0.5256939604622165,-0.009798534798534797,-0.3518848709658344,0.11193304992352944,0.102264404296875,1.0945455624870823,0.8233306137588376,0.8545074462890625,0.9635148497937391,0.0417752458449831,0.0344696044921875,1.2119444496223162,0.030313603303602072,0.102264404296875,0.2964237997769122,0.961401082298652,0.8545074462890625,1.1250938613511268,0.006600022185701328,0.0344696044921875,0.1914736847995229
Batch_1/f1vzngrs,Batch_1,256,2816,0,1,0.9392690062522888,False,0.11643755435943604,0.015705347061157227,-0.1693831425309728,-0.373992673992674,0.08166195408200559,0.15077838827838827,-0.11976168532880976,-0.015659340659340656,-0.04154247804621419,-0.11831501831501828,0.049575553911504235,0.05566311235870638,0.17022705078125,0.32699334273397107,0.7511672789174004,0.7836456298828125,0.958554798588912,0.14560106948706059,0.0258636474609375,5.6295644188224205,0.13410792881442488,0.17022705078125,0.787817965469895,0.8402480531722288,0.7836456298828125,1.0722296164630953,0.015893401273541406,0.0258636474609375,0.6145073426919231
Batch_1/f1vzngrs,Batch_1,256,3072,0,1,0.9652509689331055,False,0.28813427686691284,0.022555232048034668,-0.03970721790134026,-0.13196121751342485,0.12443468572840785,-0.11822344322344322,-0.1286117259967311,-0.09519230769230769,-0.16638315800751854,-0.17138278388278386,-0.1318695120076615,0.001637094271623719,0.001068115234375,1.532694431216172,0.9931692771264413,0.9910736083984375,1.0021145439755887,0.0022178164601115795,0.0060577392578125,0.3661128955412405,0.0006819489790296234,0.001068115234375,0.6384601184240771,0.9965416484785947,0.9910736083984375,1.0055172895674152,0.0024533246602031385,0.0060577392578125,0.40499013836542286
Batch_1/f1vzngrs,Batch_1,512,0,0,1,0.9175080060958862,False,0.6180142760276794,0.04887813329696655,0.2347514293952894,0.1552197802197802,0.0668677510900206,0.18177655677655677,0.016636290932803197,0.12614468864468864,-0.020369087513293666,0.07706043956043955,-0.049263698080793956,0.13671326322805913,0.121429443359375,1.1258658480666102,0.784932257624642,0.8344268798828125,0.9406842906773071,0.04741547937196464,0.0269775390625,1.7575909819689337,0.03207680803389651,0.121429443359375,0.2641600516850266,0.939479323350762,0.8344268798828125,1.1258977221379818,0.010932478905535123,0.0269775390625,0.4052437429599264
Batch_1/f1vzngrs,Batch_1,512,256,0,1,0.8885025978088379,False,1.9572811126708984,0.5074447393417358,0.0343807438679576,0.05860805860805861,0.4161111848746142,-0.005219780219780219,0.19197651727481782,0.00041208791208791203,0.24568919456347885,0.06799450549450549,0.3770537337599714,0.018435051061139237,0.0252838134765625,0.7291246266402058,0.9657465246778708,0.9388275146484375,1.0286730092689216,0.010111379561423594,0.02593994140625,0.38979962996320977,0.018921298438163404,0.0252838134765625,0.7483561945947356,0.9650055868701536,0.9388275146484375,1.027883793149713,0.009067926272273895,0.02593994140625,0.34957389187043647
Batch_1/f1vzngrs,Batch_1,512,512,0,1,0.9117933511734009,False,0.13439089059829712,0.06387114524841309,0.11910841832744853,-0.04045375977554159,-0.1315007063764436,0.04427655677655677,0.05669302282652869,0.10068681318681319,0.0617693211667144,0.03608058608058608,-0.050670687068399264,0.6145770416038507,0.1853790283203125,3.3152457814264515,0.31973590607568303,0.7383880615234375,0.4330187915227204,0.02131530125762142,0.0297088623046875,0.7174728213762082,0.0890835214831364,0.1853790283203125,0.4805480009810542,0.8282129380083679,0.7383880615234375,1.1216499577466141,0.032719972810558905,0.0297088623046875,1.101353948696861
Batch_1/f1vzngrs,Batch_1,512,768,0,1,0.7562203407287598,False,2.361021041870117,0.36009639501571655,-0.05218464422786293,0.15448717948717947,0.11654724890996537,0.27358058608058605,-0.2865756549478648,0.2821886446886447,-0.23321025790029426,0.23676739926739926,-0.07999021553117408,0.03576044993036924,0.0113525390625,3.1499957616084386,0.932260494198365,0.9341278076171875,0.9980010086375806,0.02717868142585072,0.049468994140625,0.5494084102173203,0.003903453740159439,0.0113525390625,0.34383971010092607,0.9802331159431269,0.9341278076171875,1.0493565312476316,0.014825593536559245,0.049468994140625,0.2996946631745671
Batch_1/f1vzngrs,Batch_1,512,1024,0,1,0.9823294281959534,False,0.2855403423309326,0.032320618629455566,-0.00027838202421036915,-0.01733078446524334,-0.006820437666376378,-0.06886446886446886,-0.19751204617725693,-0.05338827838827838,-0.21467893767022966,-0.05764652014652015,-0.10504281713537929,0.012184191438525746,0.02105712890625,0.5786254855907415,0.9806535554361071,0.96337890625,1.0179313134988075,0.0060263431220455195,0.0138092041015625,0.43640046723356374,0.01966195886595889,0.02105712890625,0.9337435769851318,0.9696396040858364,0.96337890625,1.0064986868564587,0.009646696706579383,0.0138092041015625,0.6985700722236314
Batch_1/f1vzngrs,Batch_1,512,1280,0,1,0.9171936511993408,False,0.1601058840751648,0.043967485427856445,-0.06259153592092112,-0.053021978021978014,0.10066532681531266,0.0417124542124542,-0.07839134110484296,0.03214285714285714,-0.1279410260011659,-0.00027472527472527467,-0.009629467064757096,0.0002442553703232981,0.0524749755859375,0.004654701933558495,0.9952180428045352,0.926177978515625,1.0745429775814364,0.004380317164632954,0.0175018310546875,0.25027765100382326,0.017483835617861335,0.0524749755859375,0.33318425444959593,0.9733220751919442,0.926177978515625,1.050901768094159,0.005437746927416758,0.0175018310546875,0.31069588721463354
Batch_1/f1vzngrs,Batch_1,512,1536,0,1,0.6107682585716248,False,1.8035987615585327,0.2258533537387848,-0.015079026311394994,0.1336080586080586,-0.08629842750521442,0.006776556776556776,0.07326086937136214,-0.023672161172161168,0.08286504920661988,0.09899267399267399,0.060223311237509854,0.01751720769535784,0.0214691162109375,0.815925887365296,0.9529255272472883,0.9459991455078125,1.0073217632091598,0.023400794325629953,0.0277099609375,0.8444903397161259,0.005427425271817158,0.0214691162109375,0.2528015228243136,0.9806521281834043,0.9459991455078125,1.0366310929984932,0.012163403620655962,0.0277099609375,0.43895419586085305
Batch_1/f1vzngrs,Batch_1,512,1792,0,1,0.9366089701652527,False,0.15914469957351685,0.025439798831939697,0.035280526575573644,0.08104395604395603,-0.2380746471066542,0.10837912087912088,-0.5405086923023431,0.1596153846153846,-0.43799763103490474,0.12243589743589743,-0.29947103222156846,0.22425110826765818,0.1044921875,2.1461040641689904,0.7315563571084345,0.823638916015625,0.8882003301244649,0.023661758256392492,0.052978515625,0.44662931713448684,0.03684016031417409,0.1044921875,0.35256377721228294,0.9318119655999377,0.823638916015625,1.1313355251687265,0.024761271379831747,0.052978515625,0.4673832606994969
Batch_1/f1vzngrs,Batch_1,512,2048,0,1,0.9108930230140686,False,2.2944116592407227,0.20675522089004517,0.10298206951823032,-0.05485347985347985,-0.16167180444571225,0.07403846153846153,-0.7063335906064595,0.14963369963369963,-0.643745556252254,0.1483974358974359,-0.5458097516361015,0.11595445694165031,0.070648193359375,1.6412940151464352,0.817276535449125,0.8562469482421875,0.9544869469338654,0.04319114929687809,0.051055908203125,0.8459579080454879,2.2966655955328263e-05,0.070648193359375,0.000325084830386262,0.9949245106035922,0.8562469482421875,1.161959774158728,0.0048822131913125654,0.051055908203125,0.09562484270946213
Batch_1/f1vzngrs,Batch_1,512,2304,0,1,0.9651429057121277,False,0.16739284992218018,0.009867370128631592,0.20211644805275292,0.00137364209764148,-0.008707405528050454,-0.03882783882783882,-0.23538788911607852,0.038598901098901094,-0.27679699920257944,0.14093406593406593,-0.11685692717279836,0.014255158511244008,0.0311431884765625,0.45772957775251705,0.9350002831969603,0.92352294921875,1.0124277734385696,0.04118470025919764,0.0374755859375,1.0989741515418472,0.0037714979752284565,0.0311431884765625,0.12110185757205885,0.9840535070936522,0.92352294921875,1.065543100933342,0.011057294345660459,0.0374755859375,0.2950532745265488
Batch_1/f1vzngrs,Batch_1,512,2560,0,1,0.9444097280502319,False,0.11549586057662964,0.014843761920928955,-0.07065284326203941,0.42069597069597064,0.07545225260185137,0.2973443223443223,0.2363016877356452,0.3253663003663003,0.1866231862519186,0.376007326007326,0.16629491880781125,0.22044940000644483,0.0622100830078125,3.5436281282370294,0.7563820209269076,0.8999176025390625,0.8405014178996189,0.016527650981448653,0.032928466796875,0.5019259197035305,0.10515841114186723,0.0622100830078125,1.6903756763780748,0.862026118560348,0.8999176025390625,0.9578944962607622,0.026029931563397377,0.032928466796875,0.7904993489058436
Batch_1/f1vzngrs,Batch_1,512,2816,0,1,0.9747446775436401,False,0.18163424730300903,0.014172255992889404,-0.23401164436915112,0.20888278388278383,-0.1445048863846371,0.23672161172161169,-0.5255064135623013,0.2501831501831501,-0.4782914815086577,0.16575091575091572,-0.33631847827287537,0.020036360193540558,0.0116119384765625,1.7254965856029882,0.9299670367492217,0.950836181640625,0.9780517976762363,0.03727832109236732,0.02935791015625,1.269787968352071,1.8177368066526248e-05,0.0116119384765625,0.0015654034081575088,0.9970211978259952,0.950836181640625,1.0485730529371315,0.0027474128088335673,0.02935791015625,0.09358339180858455
Batch_1/f1vzngrs,Batch_1,512,3072,0,1,0.9647443294525146,False,0.7468549609184265,0.04870551824569702,-0.09462946549806792,0.1485347985347985,0.23868945769119534,0.1139194139194139,-0.34201460380259924,0.1256410256410256,-0.2697288523938786,0.06735347985347985,-0.048756262690282166,0.07164842420952876,0.053802490234375,1.3316934568904357,0.8355184099806318,0.880523681640625,0.9488880621857464,0.07836206550291641,0.0568389892578125,1.378667469744733,0.0043604510996788194,0.053802490234375,0.08104552560083696,0.9689067122701637,0.880523681640625,1.1003755293268889,0.023172745422798968,0.0568389892578125,0.4076910185311552
Batch_1/f1vzngrs,Batch_1,768,0,0,1,0.8950852155685425,False,0.2163776159286499,0.0342327356338501,0.4282319131613943,-0.2615384615384615,-0.4658888172122266,-0.3309523809523809,-0.6761167907460087,-0.357554945054945,-0.6787010880828306,-0.3895604395604395,-0.6377907382776066,0.019755072679761867,0.140869140625,0.14023704973363016,0.9652541693098251,0.8050537109375,1.198993503409566,0.012361472922188832,0.017578125,0.7032304595734091,0.0643607893178995,0.140869140625,0.4568835234768048,0.9314177447375384,0.8050537109375,1.15696348216678,0.0017732890976496325,0.017578125,0.10088044644406798
Batch_1/f1vzngrs,Batch_1,768,256,0,1,0.7997528910636902,False,0.7468668818473816,0.15306895971298218,0.09722316961533888,0.246978021978022,-0.06481544641022591,0.4302197802197802,-0.08033075865290037,0.4688186813186813,-0.16024838768987154,0.3526098901098901,-0.16713388128869158,0.3380611306756133,0.274383544921875,1.2320750895315866,0.5922951558365146,0.689849853515625,0.8585856078943115,0.029185239793670947,0.01959228515625,1.489629186228987,0.145855699109957,0.274383544921875,0.5315759702408043,0.8260847973113601,0.689849853515625,1.1974849209599048,0.012739344931689975,0.01959228515625,0.6502225151427058
Batch_1/f1vzngrs,Batch_1,768,512,0,1,0.9639006853103638,False,0.20073962211608887,0.014324545860290527,-0.37804849392312645,0.07273434907011636,-0.35927831098961166,0.31792946349912055,-0.25578877820873674,0.2187067159794843,-0.3642702134194171,0.10849483167871622,-0.2708569281357422,0.13924734415927253,0.092254638671875,1.5093804080089455,0.7714050878025248,0.844696044921875,0.9132339288671243,0.06920540194643623,0.051422119140625,1.345829442718589,0.03201870652798097,0.092254638671875,0.3470687977204368,0.9328676766376242,0.844696044921875,1.1043826737982467,0.030245137372114452,0.051422119140625,0.5881736862964073
Batch_1/f1vzngrs,Batch_1,768,768,0,1,0.9634806513786316,False,0.47562986612319946,0.033614933490753174,0.08026803972404647,0.24688644688644687,-0.31058429561525336,0.02596153846153846,-0.5286299829879298,-0.04276556776556776,-0.5311304007237814,0.07055860805860804,-0.48998926816259575,0.15359168275003124,0.0849761962890625,1.8074671432404465,0.7692916261593008,0.8662872314453125,0.8880329736314082,0.032028804411289066,0.0249176025390625,1.285388687016681,0.003809152235372724,0.0849761962890625,0.04482610897780335,0.9925164316272366,0.8662872314453125,1.1457128716665066,0.002166669877969791,0.0249176025390625,0.08695338464337307
Batch_1/f1vzngrs,Batch_1,768,1024,0,1,0.8716781735420227,False,1.0690559148788452,0.19034314155578613,-0.01603720012358868,-0.2913723829447186,-0.3673620809955976,0.15384615384615383,-0.41728979057211346,0.07673992673992673,-0.38544580986694166,-0.08855311355311354,-0.35599819239862796,0.08020288186039484,0.1007843017578125,0.7957874436946005,0.7695077596967329,0.832061767578125,0.924820475692006,0.07140090900372725,0.034576416015625,2.0650176401007365,0.058302706282776784,0.1007843017578125,0.578489955934604,0.9244210813127681,0.832061767578125,1.1110005498792146,0.007682073450358453,0.034576416015625,0.2221766838670307
Batch_1/f1vzngrs,Batch_1,768,1280,0,1,0.960288405418396,False,0.46982747316360474,0.14124435186386108,0.2404864018530313,-0.10792124542124541,0.26290423644792704,-0.241529304029304,-0.004662725842995735,-0.20631868131868128,0.06399189260387252,-0.20297619047619048,0.1542374583040215,0.032742140432402124,0.1833038330078125,0.1786222355263386,0.9570045878326586,0.742584228515625,1.2887488733037669,0.0028921311862108987,0.026336669921875,0.1098138525026173,0.23903099598838384,0.1833038330078125,1.304015262889763,0.7200123157036337,0.742584228515625,0.9696035655684325,0.00867895652995453,0.026336669921875,0.3295388732022596
Batch_1/f1vzngrs,Batch_1,768,1536,0,1,0.8818302750587463,False,0.8829312920570374,0.1601424217224121,-0.03889538700213386,-0.06556776556776556,-0.2906504097766598,0.02536630036630036,-0.24367496916515405,0.018269230769230767,-0.25809867517844537,-0.031776556776556775,-0.3709184495007063,0.19797508106142808,0.282623291015625,0.7004910329576585,0.7728665882381422,0.682281494140625,1.13276791892416,0.015750605519409003,0.0201416015625,0.7819936994848397,0.12257414821649776,0.282623291015625,0.4337015105019111,0.8451562766617495,0.682281494140625,1.2387207976764418,0.015770454139769314,0.0201416015625,0.7829791534120619
Batch_1/f1vzngrs,Batch_1,768,1792,0,1,0.7767970561981201,False,3.057997226715088,0.219279944896698,0.07019320794561842,-0.0834249084249084,-0.0009067688340109704,0.27628205128205124,-0.1870501351184168,0.28937728937728935,-0.15910305464454022,0.2007326007326007,-0.2186475414112606,0.038475629245136714,0.0365142822265625,1.0537145165939321,0.9126777261001227,0.9394378662109375,0.9715147312309782,0.03518747952784246,0.016326904296875,2.155183792838022,0.023474536684698358,0.0365142822265625,0.6428864338355167,0.9582562888102127,0.9394378662109375,1.0200315776871718,0.012672608645939068,0.016326904296875,0.7761795142245447
Batch_1/f1vzngrs,Batch_1,768,2048,0,1,0.8999626636505127,False,1.9276639223098755,0.16152054071426392,-0.09267718069728889,-0.12239010989010987,-0.2102324424310241,0.19120879120879117,0.12121447994353626,0.08663003663003663,0.1194193917651433,-0.0407051282051282,-0.02605179253770326,0.006017250094842126,0.005706787109375,1.0544024123411058,0.90897152494882,0.960052490234375,0.9467935703462581,0.07953683049611188,0.0316314697265625,2.514484188805204,0.00030007873736472647,0.005706787109375,0.052582781101429714,0.982880057477071,0.960052490234375,1.0237774157922586,0.01576431051858975,0.0316314697265625,0.4983742663513256
Batch_1/f1vzngrs,Batch_1,768,2304,0,0,0.951631486415863,True,0.6143910884857178,0.10282248258590698,-0.08376899258984105,-0.05911172161172161,-0.14640087210693076,-0.294047619047619,-0.13956913707907836,-0.2888278388278388,-0.09834947405868037,-0.025869963369963368,-0.1573133079232319,0.30899610372280106,0.096282958984375,3.209250182817352,0.6672994529401194,0.832000732421875,0.8020419056575517,0.010321063484843077,0.029296875,0.3522923002826437,0.029191691258893503,0.096282958984375,0.3031864783427646,0.8810692891810626,0.832000732421875,1.058976578802225,0.05013716909473636,0.029296875,1.7113487051003344
Batch_1/f1vzngrs,Batch_1,768,2560,0,1,0.9066088795661926,False,0.5425060391426086,0.061896324157714844,0.04470654303638123,0.13818681318681317,0.01180752819707635,0.14487179487179486,-0.40279877563281236,0.07078754578754579,-0.42622861589838357,-0.008516483516483516,-0.4343086695077554,0.012468212749921258,0.012725830078125,0.9797563438595198,0.9267226028329935,0.9451141357421875,0.9805404107147848,0.055435022425661604,0.0392608642578125,1.4119664320591367,0.001622418774100894,0.012725830078125,0.1274902119657988,0.9884112092873453,0.9451141357421875,1.0458114759982475,0.008981967412433544,0.0392608642578125,0.22877660953798865
Batch_1/f1vzngrs,Batch_1,768,2816,0,1,0.923095166683197,False,0.23606044054031372,0.020413339138031006,0.29215392061724527,-0.1009157509157509,-0.465772618170081,-0.27609890109890106,-0.35836444087044533,-0.1711996336996337,-0.3101319160471072,-0.27550366300366297,-0.4913832152402424,0.03207741975882678,0.1404876708984375,0.22832907367377778,0.9586456405080743,0.8239593505859375,1.1634622992340073,0.00512951515987754,0.0244293212890625,0.20997370738147064,0.04533904978484627,0.1404876708984375,0.32272618298030686,0.9198935764235996,0.8239593505859375,1.1164307750976319,0.02430106937174118,0.0244293212890625,0.9947500826648532
Batch_1/f1vzngrs,Batch_1,768,3072,0,1,0.7724541425704956,False,2.2680599689483643,0.21227848529815674,0.05500336936544936,-0.18617429230034188,-0.19651218632035355,-0.0043040293040293035,-0.16043419753569305,-0.030769230769230767,-0.11472131324793723,-0.011813186813186813,-0.11601551017418311,0.0027413372820902213,0.0149078369140625,0.18388565007069063,0.9852805460066838,0.9731903076171875,1.0124233033301562,0.010831380647012586,0.01031494140625,1.05006710367251,0.003104974158862159,0.0149078369140625,0.20827798001554806,0.9855893029527043,0.9731903076171875,1.012740565990505,0.010201113934299337,0.01031494140625,0.9889647970388186
Batch_2/r17byphk,Batch_2,0,0,1,1,0.5133020877838135,True,3.7998743057250977,0.32348570227622986,-0.27618037209941243,0.06066849816849816,0.13512717307558578,0.3838827838827838,-0.4995547997995777,0.24633699633699632,-0.5280824130852952,0.14418498168498167,-0.4295679739689963,0.09971635669612412,0.06170654296875,1.6159770406620155,0.5633486390891553,0.81317138671875,0.692779711989546,0.10489682164302376,0.055633544921875,1.885495914206584,0.03196082762072329,0.06170654296875,0.5179487633411775,0.917049165103621,0.81317138671875,1.1277440156914904,0.014313669705125445,0.055633544921875,0.25728487597232613
Batch_2/r17byphk,Batch_2,0,256,1,2,0.5850255489349365,False,1.4329419136047363,0.14465415477752686,0.16909690458201085,0.06208791208791208,0.07281070620288319,-0.22092490842490842,-0.37010580634110396,-0.10782967032967031,-0.3261351090813024,-0.020375457875457876,-0.2716646311411101,0.02379349526242419,0.02349853515625,1.0125522763105401,0.8844076600424431,0.867401123046875,1.0196063119400054,0.06378988456427917,0.07781982421875,0.8197125244714901,0.01803531429765489,0.02349853515625,0.7675080245526694,0.9279383911289487,0.867401123046875,1.0697915491156245,0.04164708270584839,0.07781982421875,0.5351731788648
Batch_2/r17byphk,Batch_2,0,512,1,2,0.8615552186965942,False,0.38325101137161255,0.02944040298461914,-0.13738854894178903,0.15366300366300364,-0.0855178304973448,-0.5309065934065933,0.17590140980452243,-0.43099816849816847,0.08340627912703999,-0.33214285714285713,0.03837515099075698,0.049054397213593864,0.06134033203125,0.7997087004452954,0.8991663556629583,0.82464599609375,1.0903664844335659,0.02406861553335076,0.0779266357421875,0.3088625000183426,0.08431237308973275,0.06134033203125,1.3745014136340112,0.7769836691847082,0.82464599609375,0.9422026819570912,0.09294674335306877,0.0779266357421875,1.1927467735239308
Batch_2/r17byphk,Batch_2,0,768,1,2,0.8028635382652283,False,0.1987689733505249,0.03455710411071777,0.2621252709855529,0.3987179487179487,0.3803765799428188,-0.08493589743589743,0.28424554701808896,0.1036172161172161,0.3966902835168142,0.17477106227106226,0.40811909280029113,0.5014379276995141,0.099609375,5.034043509453945,0.4677970167715129,0.8361358642578125,0.5594748853247052,0.011527977779751794,0.044464111328125,0.2592647741159278,0.2871247550330954,0.099609375,2.8825073446459775,0.6403891976681806,0.8361358642578125,0.7658913162834076,0.04474760897613411,0.044464111328125,1.0063758757240648
Batch_2/r17byphk,Batch_2,0,1024,1,2,0.7935027480125427,False,0.22348809242248535,0.031016945838928223,-0.04595886015706131,0.2266025641025641,-0.09065195300884553,0.019688644688644685,-0.051436180496260406,0.16204212454212452,-0.0029687996796499295,0.23704212454212448,0.02929675962941365,0.45631031250639725,0.225799560546875,2.020864484418114,0.5122948254419544,0.675384521484375,0.7585231955213032,0.005790925945270154,0.0504608154296875,0.11476084752017685,0.34601598289905,0.225799560546875,1.5324032609320273,0.5404725199633146,0.675384521484375,0.800244161319321,0.06861558462839432,0.0504608154296875,1.3597795446647867
Batch_2/r17byphk,Batch_2,0,1280,1,2,0.778784453868866,False,1.538651704788208,0.09209257364273071,0.09323154776709208,-0.404029304029304,-0.09777942814597462,-0.4757783882783882,-0.057330855685307186,-0.5210164835164836,-0.03863401412767895,-0.5682692307692307,-0.05326532625570005,0.0007881574205907898,0.0030670166015625,0.2569785309245672,0.9858672194896683,0.9806671142578125,1.005302620181968,0.011934863415433426,0.01446533203125,0.8250666759428745,0.004811629823435552,0.0030670166015625,1.56883070700832,0.9693874893485449,0.9806671142578125,0.988498008401348,0.022515859104522657,0.01446533203125,1.556539390584385
Batch_2/r17byphk,Batch_2,0,1536,1,1,0.5951947569847107,True,5.32761812210083,0.43979334831237793,-0.01912482198646351,-0.06785714285714285,-0.2589915652142769,0.01776556776556776,-0.20387521076654108,-0.05883699633699632,-0.2588533134890736,-0.1566391941391941,-0.2807431699796041,0.02578851936301146,0.02691650390625,0.9580932000988204,0.930748993817559,0.9415740966796875,0.9885031853570511,0.03747541086517729,0.0238800048828125,1.5693217421471304,0.009508502615990847,0.02691650390625,0.35325919922991844,0.9718550523088992,0.9415740966796875,1.0321599285026986,0.01625366552121704,0.0238800048828125,0.6806391205102108
Batch_2/r17byphk,Batch_2,0,1792,1,2,0.7575349807739258,False,0.7291077971458435,0.10420960187911987,0.22221783007925183,-0.06016483516483516,-0.14771678934001908,-0.2721611721611721,-0.31182105344522987,-0.2577380952380952,-0.2806068157972457,-0.30128205128205127,-0.30479784997443343,0.0,0.00299072265625,0.0,0.9952024203168994,0.9691314697265625,1.0269013559096298,0.004483390236578216,0.025299072265625,0.17721559863955968,0.0013537489653578441,0.00299072265625,0.45264944996781464,0.9828304005866405,0.9691314697265625,1.0141352657384484,0.014812500331345776,0.025299072265625,0.5854957911429897
Batch_2/r17byphk,Batch_2,0,2048,1,2,0.7114131450653076,False,1.182138442993164,0.18513250350952148,0.07060699133679256,-0.06556776556776556,0.5871359507323005,0.40036630036630033,0.35220806934234783,0.38347069597069594,0.3956196547771357,0.2767399267399267,0.5910866346977944,0.16610543684113901,0.2022705078125,0.82120442884889,0.797064285741982,0.7798004150390625,1.0221388324114378,0.02883488232127428,0.013641357421875,2.1137839460928762,0.3693087624328008,0.2022705078125,1.8258161628542573,0.610129035813533,0.7798004150390625,0.7824169159783915,0.013201850941916306,0.013641357421875,0.9677813236347059
Batch_2/r17byphk,Batch_2,0,2304,1,2,0.6820002794265747,False,0.10676699876785278,0.02536720037460327,0.10855680689076527,0.12765567765567765,-0.17654001815964815,0.15595238095238095,0.44704599827286734,0.16987179487179485,0.3067759668971594,0.19890109890109886,0.07247093171486534,0.1768285014991336,0.1055145263671875,1.6758687887559247,0.7516851345219412,0.847015380859375,0.8874515758607447,0.023852706719084817,0.03271484375,0.7291096023982941,0.11682348060457058,0.1055145263671875,1.1071791214607574,0.7891877078250948,0.847015380859375,0.9317277178891266,0.06694174836892833,0.03271484375,2.0462194128293314
Batch_2/r17byphk,Batch_2,0,2560,1,0,0.6864023208618164,False,3.5760929584503174,0.3024046719074249,-0.19377746746242178,-0.1792124542124542,-0.05790310072867615,0.0581043956043956,-0.12496575395735751,0.08795787545787545,-0.00025315346105542034,-0.035989010989010986,-0.04598187410806635,0.17453817673209612,0.19378662109375,0.9006719645917048,0.7858178484066253,0.77618408203125,1.0124117030977549,0.024509409393693712,0.019195556640625,1.2768272289547784,0.12032096082365006,0.19378662109375,0.620894054215648,0.8611636955363546,0.77618408203125,1.1094838395586721,0.01254431704805079,0.019195556640625,0.6535010827194409
Batch_2/r17byphk,Batch_2,0,2816,1,2,0.6663705110549927,False,1.427949070930481,0.19896098971366882,0.1927878675692051,0.0847069597069597,-0.09764819411437714,0.24844322344322342,0.12625453521363963,0.24716117216117214,0.17460684627522494,0.2090201465201465,0.15357209505661998,0.1279234796701911,0.0324859619140625,3.937807967903074,0.8546501635989432,0.9343414306640625,0.9147086231545137,0.012248781478272746,0.0306243896484375,0.399968182840101,0.03263721769979863,0.0324859619140625,1.0046560353095364,0.9299832225969236,0.9343414306640625,0.9953355294712326,0.03515354432757694,0.0306243896484375,1.1478937125321784
Batch_2/r17byphk,Batch_2,0,3072,1,2,0.8374565243721008,False,1.183363914489746,0.21826952695846558,-0.14157589946753896,-0.021749084249084248,0.0770509384304236,-0.19999999999999998,0.29438357940214027,-0.14977106227106227,0.22149255966322132,-0.1602106227106227,0.1969952607021388,0.043420524688385004,0.0920867919921875,0.4715173994992543,0.9543861750354407,0.897216796875,1.0637185776721536,0.001449003963290771,0.009063720703125,0.15986855848185855,0.21511840988783432,0.0920867919921875,2.3360397863146827,0.7520307719276877,0.897216796875,0.8381817800859345,0.027922121917287445,0.009063720703125,3.0806467709955387
Batch_2/r17byphk,Batch_2,256,0,1,2,0.6701756119728088,False,0.4625389575958252,0.08821576833724976,0.24177267105109906,-0.19761904761904758,-0.5460672127654217,-0.1942307692307692,0.24696368602901553,-0.18076923076923077,0.2618017199924404,-0.18818681318681318,0.12171322286716454,0.0,0.00274658203125,0.0,0.998007824120609,0.9554901123046875,1.0444983273697797,0.0017881663185375493,0.035247802734375,0.05073128478427569,0.004143592838299119,0.00274658203125,1.5086361125042838,0.9362083961622834,0.9554901123046875,0.9798200777861575,0.05060732332603324,0.035247802734375,1.4357582430713915
Batch_2/r17byphk,Batch_2,256,256,1,2,0.8404555916786194,False,0.9801664352416992,0.2048497200012207,0.33664834630548324,-0.14175824175824173,-0.5681528608017183,-0.047023809523809516,0.3496995767373032,-0.04835164835164834,0.06266425578160252,0.06391941391941391,-0.2517580056584441,0.005448095915800359,0.0055084228515625,0.9890482380551034,0.8201502951852923,0.85772705078125,0.9561903107034675,0.16098913988123273,0.1281890869140625,1.2558724284319092,0.0074580746623565,0.0055084228515625,1.3539401137733948,0.7008942030333118,0.85772705078125,0.8171529653808995,0.2785559886193009,0.1281890869140625,2.173008602565707
Batch_2/r17byphk,Batch_2,256,512,1,0,0.4474064111709595,False,5.261263847351074,0.25479331612586975,-0.14175824175824173,0.05054945054945054,-0.21355311355311352,0.2355311355311355,0.22179487179487178,0.3043040293040293,0.09793956043956042,0.28456959706959706,0.018086080586080584,0.007964171561089334,0.0076904296875,1.0355951337848226,0.9411682359738963,0.9324798583984375,1.0093174962410247,0.04523659738094253,0.0532379150390625,0.8497064046882917,0.0057140672065550055,0.0076904296875,0.743010135811089,0.9344883346532211,0.9324798583984375,1.0021539084589273,0.05276987977098048,0.0532379150390625,0.9912086101091937
Batch_2/r17byphk,Batch_2,256,768,1,0,0.43596741557121277,False,7.475341320037842,0.26370805501937866,0.14483804976414086,0.08873626373626373,-0.2078638120046038,-0.3684981684981684,0.08717320664916105,-0.3392857142857142,0.039717418216623106,-0.243543956043956,0.006945886519104275,0.01295458849083702,0.0195770263671875,0.6617240150705338,0.9210628462930632,0.8913421630859375,1.0333437420981288,0.05738343598021803,0.0757904052734375,0.7571332515400783,0.003265151520873586,0.0195770263671875,0.16678485586279918,0.8959072523662287,0.8913421630859375,1.0051215901921282,0.09538584072614809,0.0757904052734375,1.2585477064281942
Batch_2/r17byphk,Batch_2,256,1024,1,2,0.7985154390335083,False,0.787354588508606,0.08438575267791748,0.39359771403130905,0.02559523809523809,0.005976187591400459,0.16543040293040293,0.5052993515987593,0.1701923076923077,0.47837189631241056,0.10375457875457875,0.2939407479801176,0.05911331825797802,0.094757080078125,0.6238406482052894,0.8561392281724394,0.8448028564453125,1.013418955251675,0.0735252945346901,0.0496673583984375,1.4803544401307067,0.08334491436178432,0.094757080078125,0.8795639786817869,0.8360821073332934,0.8448028564453125,0.9896771784736695,0.06680666482219193,0.0496673583984375,1.345081900395444
Batch_2/r17byphk,Batch_2,256,1280,1,0,0.4732827842235565,False,6.922995567321777,0.28300943970680237,0.3158902381494253,0.2527014652014652,-0.18287778599806623,-0.28356227106227105,-0.4542241058722821,-0.24491758241758238,-0.5875576779288179,-0.21950549450549445,-0.6455656950853599,0.014668749484501269,0.011077880859375,1.3241476118681477,0.9687333110835801,0.9647979736328125,1.0040789238351626,0.012992647487372404,0.01947021484375,0.6673088916398416,0.0016496581301043646,0.011077880859375,0.14891459395939344,0.9694656053071703,0.9647979736328125,1.0048379368550935,0.025676717608920333,0.01947021484375,1.3187690949985915
Batch_2/r17byphk,Batch_2,256,1536,1,2,0.645822286605835,False,2.472506523132324,0.28387293219566345,0.11900184255087545,-0.24487179487179486,-0.11971223290694653,-0.5402930402930401,-0.06982449725640621,-0.5761446886446885,-0.005728954484444225,-0.515521978021978,0.013291174403910602,0.0,0.006622314453125,0.0,0.9924806324404636,0.936737060546875,1.0595082379478453,0.0071756543237216286,0.050567626953125,0.14190213692197365,0.013360902995322716,0.006622314453125,2.0175579232752754,0.8981004447635388,0.936737060546875,0.958754043786012,0.07745603740488538,0.050567626953125,1.531731704093714
Batch_2/r17byphk,Batch_2,256,1792,1,0,0.7933079600334167,False,6.670031547546387,0.40427127480506897,-0.3538159058399326,0.36341575091575085,-0.2821753053261213,-0.009386446886446884,0.2289788863488891,0.08136446886446885,0.26354737104696097,0.024313186813186814,0.18393649532369385,0.040064464472241615,0.02252197265625,1.7789056528813187,0.8275416264652053,0.80035400390625,1.0339694965306128,0.12217572041394294,0.1661834716796875,0.735185750899657,0.009090597333045087,0.02252197265625,0.40363237589325396,0.6687979698036897,0.80035400390625,0.8356276929202815,0.30524406607684323,0.1661834716796875,1.836789561510605
Batch_2/r17byphk,Batch_2,256,2048,1,2,0.7476789355278015,False,0.38955920934677124,0.0674978494644165,-0.2856590927906581,-0.01987179487179487,-0.28350300199875816,0.00792124542124542,0.46979842127334664,0.048305860805860794,0.32217501343645283,0.0047619047619047615,0.19803923294961795,0.02020094965925374,0.0585174560546875,0.3452123694573281,0.8768235253646344,0.8064422607421875,1.0872737802179084,0.09479739131280168,0.103973388671875,0.9117466740645394,0.04389628016720762,0.0585174560546875,0.7501399262159371,0.7223609900408622,0.8064422607421875,0.8957380152375157,0.18704514002776473,0.103973388671875,1.798971279257351
Batch_2/r17byphk,Batch_2,256,2304,1,1,0.6050506234169006,True,2.380094051361084,0.4074450731277466,-0.10337661833778938,0.06547619047619047,0.35985412604091915,-0.06053113553113553,-0.27077852794189566,-0.04047619047619047,-0.16878967308122333,0.05380036630036629,0.02535608522596973,0.04386707389335292,0.0107879638671875,4.066297814250038,0.8970259288430757,0.88250732421875,1.0164515400902518,0.04275576642072071,0.0964508056640625,0.44329092044745333,0.00016222351595605075,0.0107879638671875,0.015037454514421135,0.9758383429859258,0.88250732421875,1.105756650631538,0.021794765625935093,0.0964508056640625,0.22596768866655312
Batch_2/r17byphk,Batch_2,256,2560,1,0,0.9148735404014587,False,0.9568994641304016,0.10445243120193481,0.2288987730283476,0.09555860805860805,0.3810217546604345,-0.14276556776556773,-0.3919436409514992,-0.14349816849816846,-0.40692091118186213,-0.08580586080586079,-0.3301912036940025,0.0,0.0,,0.984471541624431,0.9537200927734375,1.0322436835335698,0.013787460600538906,0.0414581298828125,0.3325634957368118,0.0,0.0,,0.9846969144566725,0.9537200927734375,1.0324799927336685,0.013663905014502986,0.0414581298828125,0.3295832458706175
Batch_2/r17byphk,Batch_2,256,2816,1,2,0.664948582649231,False,0.8988069891929626,0.19585716724395752,0.013204964349137505,-0.18827838827838825,-0.23324185293077254,0.15993589743589742,0.27418641252723014,0.23708791208791208,0.2005962466231826,0.14711538461538462,0.17831286928401305,0.0,0.0302276611328125,0.0,0.9810774848192242,0.944122314453125,1.0391423545449248,0.018125337364749715,0.01885986328125,0.9610534866798036,0.0744109071307589,0.0302276611328125,2.461682589460583,0.8905644921624248,0.944122314453125,0.9432723689814247,0.02513385844648551,0.01885986328125,1.3326638730977949
Batch_2/r17byphk,Batch_2,256,3072,1,0,0.8771531581878662,False,4.609375953674316,0.28039395809173584,0.021982024307332756,0.11817765567765567,0.2987619781644408,-0.20302197802197802,0.14714591952476622,-0.177014652014652,0.0788956511827121,-0.04056776556776557,0.25461359391617083,0.3266380499651956,0.227752685546875,1.4341786977434716,0.6639258416093562,0.7482147216796875,0.8873466698421693,0.007473440293643467,0.0185546875,0.4027790979311005,0.33709205222761857,0.227752685546875,1.4800793738971734,0.6266617754165046,0.7482147216796875,0.8375426963127571,0.028973511428229227,0.0185546875,1.5615197738161435
Batch_2/r17byphk,Batch_2,512,0,1,2,0.741719663143158,False,0.638870120048523,0.14125514030456543,0.0019249287067732597,-0.3111721611721612,-0.3773089423454966,0.11163003663003662,0.4914067998576878,-0.1282051282051282,0.2521198289514215,-0.27660256410256406,0.037834015415269664,0.0034139292987296153,0.0037689208984375,0.9058108118281136,0.7518617496503336,0.9211578369140625,0.8162138121400763,0.23376533211494296,0.0711517333984375,3.2854481675927305,0.007046082964946729,0.0037689208984375,1.8695226444969588,0.7991956431686467,0.9211578369140625,0.8675990271612984,0.18586363422007035,0.0711517333984375,2.6122151259374933
Batch_2/r17byphk,Batch_2,512,256,1,2,0.8480885028839111,False,0.041724205017089844,0.022185683250427246,-0.11769823373291413,-0.17463369963369962,0.23388546115842265,0.10416666666666666,-0.0953307615763187,0.12793040293040292,-0.10126031663113776,0.08113553113553114,-0.17893977725276344,0.0,0.0,,0.9999999975683207,0.9310455322265625,1.0740613245593436,0.0,0.06768798828125,0.0,0.0,0.0,,0.885393182339301,0.9310455322265625,0.9509665764916078,0.11245400792633342,0.06768798828125,1.6613584002389963
Batch_2/r17byphk,Batch_2,512,512,1,2,0.7436661720275879,False,2.414381504058838,0.14834117889404297,-0.1598149142980561,-0.08347069597069597,-0.2699254194890741,-0.032921245421245415,0.38888143040407397,-0.043818681318681316,0.3925479612741183,-0.11643772893772891,0.12198089888278645,0.006740328790368152,0.011383056640625,0.5921369807045137,0.9453047509478216,0.949798583984375,0.9952686463084606,0.041756955013260925,0.0322723388671875,1.2938930514179992,0.02248344449030074,0.011383056640625,1.9751675846063663,0.8967349786170722,0.949798583984375,0.9441317282821136,0.06428890640847952,0.0322723388671875,1.9920745959272406
Batch_2/r17byphk,Batch_2,512,768,1,0,0.9615824818611145,False,0.7561585903167725,0.05846601724624634,-0.1903150430713857,0.340018315018315,-0.37099039510442333,-0.04116300366300366,0.1472577564334311,-0.09519230769230769,0.08886877071543721,0.026968864468864463,-0.06233666871465069,0.05146860779000645,0.0458526611328125,1.1224780965477081,0.8864986996164065,0.8782806396484375,1.0093569863628766,0.05083603304663948,0.066253662109375,0.7672939340729076,0.01461295435957051,0.0458526611328125,0.31869370279827386,0.8915812409055863,0.8782806396484375,1.0151439080593565,0.08266978428040933,0.066253662109375,1.2477768269463165
Batch_2/r17byphk,Batch_2,512,1024,1,2,0.7424983382225037,False,0.960716187953949,0.11939364671707153,0.1247384946683818,0.0951007326007326,-0.40843434963467,0.12838827838827838,0.7069668402043192,0.2689560439560439,0.7157349918828217,0.28031135531135526,0.4507060703583983,0.003552709576424479,0.00262451171875,1.3536649697706666,0.9702928637087561,0.957122802734375,1.0137600535028064,0.02019074738443078,0.0359649658203125,0.5614004330021449,0.005482221940108382,0.00262451171875,2.0888540527147845,0.9116415110770081,0.957122802734375,0.952481236966215,0.073575909685808,0.0359649658203125,2.045766150686938
Batch_2/r17byphk,Batch_2,512,1280,1,2,0.5865211486816406,False,0.5239617824554443,0.15779125690460205,0.0804377630648821,0.027472527472527472,-0.2719999972056921,-0.16817765567765566,0.6243229120121531,-0.1521062271062271,0.3839972938088803,-0.07834249084249084,0.07278905515494329,2.298888828017028e-05,0.040924072265625,0.000561744885283087,0.8179911657141868,0.90252685546875,0.9063344328843739,0.14974485630513917,0.0457763671875,3.271226300937867,0.06317951498950333,0.040924072265625,1.543822779400481,0.8333195403819544,0.90252685546875,0.9233182761627066,0.08685522376874359,0.0457763671875,1.89738131496946
Batch_2/r17byphk,Batch_2,512,1536,1,0,0.5595563650131226,False,5.842061996459961,0.30521026253700256,-0.2222608486543662,0.07683150183150182,-0.10867615076619061,0.1647435897435897,-0.3582321913605667,0.15476190476190474,-0.3718568501944876,0.1450091575091575,-0.2842599274895315,0.06723340704185589,0.03851318359375,1.7457244706398842,0.90045533277907,0.91168212890625,0.9876856244394646,0.02821929093181576,0.04486083984375,0.6290406294243122,0.001115463627723304,0.03851318359375,0.028963163354387658,0.9567910311010377,0.91168212890625,1.0494787610336347,0.03836638004449367,0.04486083984375,0.8552309804748086
Batch_2/r17byphk,Batch_2,512,1792,1,0,0.8720116019248962,False,4.875462055206299,0.3238063454627991,-0.1985448383588923,0.0910953651085908,-0.1006172628705453,0.05288461538461538,-0.17810234574674352,0.05105311355311354,-0.14902347423328244,0.10586080586080586,-0.15196351811458025,0.043446579030770135,0.039825439453125,1.0909252886438896,0.9339055747673276,0.9416351318359375,0.9917913459180954,0.013790390340223039,0.0127410888671875,1.0823557141758766,0.010661335844045142,0.039825439453125,0.26770164976066757,0.9550358950364023,0.9416351318359375,1.0142313755587442,0.023577203296384526,0.0127410888671875,1.8504857427926422
Batch_2/r17byphk,Batch_2,512,2048,1,2,0.5533033013343811,False,1.1819255352020264,0.23085474967956543,0.03204049687984255,-0.026831501831501826,-0.3668131956544725,-0.19757326007326007,0.569338514041099,-0.19839743589743586,0.5115003678110108,-0.11744505494505494,0.29529586880806175,0.00046550206633069795,0.030181884765625,0.015423227208821345,0.9823245015551728,0.9420623779296875,1.0427382778133725,0.017210146310635662,0.0215301513671875,0.7993509203499779,0.07834264144472267,0.030181884765625,2.5956842010724697,0.8402024183561225,0.9420623779296875,0.8918755679454938,0.062487759892539074,0.0215301513671875,2.902337230558073
Batch_2/r17byphk,Batch_2,512,2304,1,0,0.471784770488739,False,8.234526634216309,0.3588450849056244,-0.16529059443862482,0.201007326007326,0.05675351157252491,-0.33342490842490835,-0.10471229011686196,-0.3652014652014651,-0.172963082887695,-0.38429487179487176,-0.2741483186130441,0.0013382808272383606,0.001251220703125,1.0695801499255269,0.9682010863900038,0.95977783203125,1.0087762543347423,0.02743089748937533,0.0356292724609375,0.769897772104369,0.0,0.001251220703125,0.0,0.9625132743998854,0.95977783203125,1.0028500787133687,0.033190781142745936,0.0356292724609375,0.9315593288955022
Batch_2/r17byphk,Batch_2,512,2560,1,2,0.8913885354995728,False,1.3394873142242432,0.20580977201461792,-0.09349176667855487,-0.31039377289377285,0.025987775183219496,0.1417124542124542,-0.12998475018826555,0.005494505494505494,-0.12402109480641467,-0.10151098901098901,-0.10165738712447378,0.0,0.0,,0.9175471942345129,0.958770751953125,0.9570037387617061,0.0760198797338546,0.0377960205078125,2.011319676317277,0.0,0.0,,0.9446367939933384,0.958770751953125,0.9852582508060513,0.05140216625665455,0.0377960205078125,1.3599888444877322
Batch_2/r17byphk,Batch_2,512,2816,1,0,0.8820731043815613,False,8.07558822631836,0.2833899259567261,0.13184423231139508,0.3914377289377289,-0.0077596676347071744,0.004624542124542124,0.12193429533213052,-0.049587912087912085,0.032441020111366146,0.12747252747252746,-0.0666583496812797,0.21960998123598038,0.1866302490234375,1.1767116123196149,0.7653512476419498,0.79443359375,0.9633923510575988,0.008109034065472606,0.01043701171875,0.7769497902263344,0.19473720633566285,0.1866302490234375,1.0434386030916525,0.7607362927847421,0.79443359375,0.9575832376294725,0.028426777424632423,0.01043701171875,2.7236510019016236
Batch_2/r17byphk,Batch_2,512,3072,1,0,0.7171937227249146,False,5.6646528244018555,0.27979204058647156,-0.015331699080039273,0.46492673992673983,0.19922028145919293,-0.4209706959706959,-0.3326152441136664,-0.16286630036630034,-0.4731711201109126,0.19386446886446884,-0.4101918053270387,0.008634157363134273,0.006378173828125,1.3537036769147552,0.9652290584454541,0.9250335693359375,1.0434530058605032,0.021227882463419275,0.0607757568359375,0.3492820750998357,0.0,0.006378173828125,0.0,0.9386462962266515,0.9250335693359375,1.0147159274451913,0.05812885293333094,0.0607757568359375,0.9564480305897004
Batch_2/r17byphk,Batch_2,768,0,1,2,0.9342356324195862,False,0.33986687660217285,0.03150761127471924,-0.019518010063089935,-0.0021978021978021974,-0.2253276373011181,0.18337912087912087,0.1754788228676865,0.1393315018315018,0.1648492962605577,0.04294871794871794,0.07110786764768914,0.02942821767611713,0.013824462890625,2.1287060415253998,0.9196181015875634,0.9395904541015625,0.9787435553151754,0.04716378563477651,0.043548583984375,1.0830153662791566,0.025081119277428805,0.013824462890625,1.814256327776572,0.8720182139509267,0.9395904541015625,0.928083304959448,0.09742907865654628,0.043548583984375,2.2372502098232014
Batch_2/r17byphk,Batch_2,768,256,1,0,0.9438067078590393,False,1.5316967964172363,0.11808717250823975,0.07189369478974864,0.009569597069597069,0.013021562066510598,-0.14349816849816846,-0.5258143442913504,-0.08869047619047618,-0.5497024916035054,-0.007371794871794872,-0.4879417729288935,0.08048897470472673,0.06207275390625,1.2966876711526476,0.87650503463906,0.8828125,0.9928552604761034,0.03421252795958672,0.0471649169921875,0.7253808580910629,0.020727996849744742,0.06207275390625,0.3339306788458386,0.9462233341615084,0.8828125,1.0718282015280802,0.029195544633731425,0.0471649169921875,0.6190097745442326
Batch_2/r17byphk,Batch_2,768,512,1,0,0.9002294540405273,False,4.291579246520996,0.27206891775131226,0.24498586224601676,0.3664377289377289,0.19710873008888813,0.1726190476190476,-0.2381462719378555,0.2362179487179487,-0.35359304794473806,0.3931318681318681,-0.17842609079075644,0.2576546437371423,0.12713623046875,2.026602824286769,0.70663017834238,0.8307342529296875,0.8506091759793952,0.0247692345908617,0.03167724609375,0.7819251243481273,0.2452507409854163,0.12713623046875,1.9290389535790018,0.7447366404247878,0.8307342529296875,0.8964799968201402,0.007505513670576689,0.03167724609375,0.23693706354282942
Batch_2/r17byphk,Batch_2,768,768,1,0,0.9349855184555054,False,2.9149622917175293,0.16728532314300537,0.19076816081097667,0.23667582417582414,0.048649665634252916,-0.17335164835164835,0.03307535023318846,-0.15975274725274724,-0.09390463512806761,-0.07857142857142856,-0.0136246588339209,0.11415942726023394,0.1022491455078125,1.116482946564198,0.8596600116429668,0.868133544921875,0.9902393665946052,0.018695723785060753,0.02197265625,0.8508631624845427,0.16851042397715038,0.1022491455078125,1.6480374788489072,0.7950917124404421,0.868133544921875,0.9158633681319087,0.03138277819217814,0.02197265625,1.428265105279574
Batch_2/r17byphk,Batch_2,768,1024,1,0,0.7617366909980774,False,10.863813400268555,0.37419143319129944,0.1278919088364545,-0.03388278388278388,-0.011208917297447876,-0.23846153846153845,-0.04090795431712022,-0.33081501831501825,-0.13760783510043081,-0.25064102564102564,-0.12044992276191939,0.09344603907897017,0.0904388427734375,1.033251158609649,0.8487856417088067,0.8536224365234375,0.9943338007441208,0.05393144150440714,0.0487213134765625,1.1069373474578221,0.20838146044029807,0.0904388427734375,2.3041146265252865,0.7010554547363806,0.8536224365234375,0.8212711202760568,0.08605982371155989,0.0487213134765625,1.7663691220672686
Batch_2/r17byphk,Batch_2,768,1280,1,2,0.8192649483680725,False,0.4983713626861572,0.06577914953231812,-0.40607059201143647,0.18809523809523807,-0.19771795101727732,-0.18809523809523807,-0.0859044071566702,-0.11593406593406594,-0.16018645334508505,-0.04606227106227105,-0.24030264911045018,0.0,0.0058441162109375,0.0,0.9497084911255181,0.9237518310546875,1.0280991703596352,0.04788555458196005,0.064422607421875,0.7433035777080375,0.01368120748104344,0.0058441162109375,2.3410224894978144,0.9005474887608351,0.9237518310546875,0.9748803287703809,0.07720352203373175,0.064422607421875,1.1983917621986366
Batch_2/r17byphk,Batch_2,768,1536,1,0,0.7129637002944946,False,4.498468399047852,0.24251246452331543,0.0119273107637018,0.2801739926739927,0.10587782016393751,-0.17564102564102563,-0.29419170741392164,-0.05787545787545787,-0.32263375615813367,0.09629120879120878,-0.3106376339861797,0.010800073038940948,0.01220703125,0.8847419833500425,0.9228817289700117,0.894317626953125,1.0319395493905252,0.058189463861550036,0.0839996337890625,0.6927347327212613,0.006024497137883244,0.01220703125,0.49352680553539535,0.9435494450044155,0.894317626953125,1.0550495892818526,0.041709561909511535,0.0839996337890625,0.496544568447184
Batch_2/r17byphk,Batch_2,768,1792,1,0,0.7704820036888123,False,2.66560697555542,0.1897217035293579,0.2466659614477868,-0.17715201465201466,-0.26065761445905244,0.032097069597069594,0.022501330498445125,-0.04088827838827838,0.025689592414126952,-0.12806776556776556,-0.06433866671573758,0.03765231061704294,0.1015777587890625,0.3706747526811666,0.8440068962731117,0.8126373291015625,1.0386021735012232,0.09856186824790031,0.0655517578125,1.5035732303292353,0.012132661266858445,0.1015777587890625,0.11944210436906039,0.9037816948766001,0.8126373291015625,1.1121587238378592,0.0747996671908564,0.0655517578125,1.1410779769599546
Batch_2/r17byphk,Batch_2,768,2048,1,2,0.8527008891105652,False,0.2932775020599365,0.08867102861404419,0.07984056665149349,0.27825091575091576,-0.513405162771629,0.0482142857142857,0.5269339584441634,0.1797161172161172,0.485589591363413,0.27637362637362634,0.22199628213080683,0.00769253686997882,0.003021240234375,2.546152001570363,0.9808259977456033,0.948760986328125,1.033796722124479,0.009056126619821917,0.0448455810546875,0.20194022257796843,0.010949418662283331,0.003021240234375,3.6241469770272747,0.8661002495191998,0.948760986328125,0.9128750675880581,0.1146047685673685,0.0448455810546875,2.555542059486581
Batch_2/r17byphk,Batch_2,768,2304,1,0,0.6633376479148865,False,9.474832534790039,0.3742198944091797,-0.1366390032452315,-0.11364468864468863,0.09944461148018692,0.21978021978021978,-0.380578330024474,0.17788461538461536,-0.4656398885314787,0.12106227106227106,-0.36855428096249837,0.0321985805125771,0.02081298828125,1.5470426484400681,0.875615112391711,0.8959503173828125,0.9773032001925025,0.07649563432074995,0.070831298828125,1.079969386222462,0.0005892400607005672,0.02081298828125,0.028311170541108776,0.9592553006305152,0.8959503173828125,1.0706568009626078,0.03798631415123615,0.070831298828125,0.5362927798826825
Batch_2/r17byphk,Batch_2,768,2560,1,0,0.8839254379272461,False,3.709235668182373,0.2607596516609192,-0.042507876302908094,0.3304487179487179,-0.1583968063097588,-0.11217948717948716,0.16526769148803058,0.14056776556776557,0.0309647892034115,0.33264652014652013,-0.1177440690049841,0.011204481022107353,0.009124755859375,1.2279211843893436,0.9595934364935219,0.921356201171875,1.0415010343155153,0.02741461177539086,0.0660247802734375,0.41521700885417506,0.006927131258971339,0.009124755859375,0.7591579835918824,0.8384718858708762,0.921356201171875,0.9100409644005455,0.14705256234433178,0.0660247802734375,2.2272328924885896
Batch_2/r17byphk,Batch_2,768,2816,1,0,0.9616816639900208,False,0.8504542708396912,0.08689624071121216,0.11885707976008485,0.2554945054945055,-0.2574393770122689,-0.4112637362637362,0.05048552169306504,-0.3224358974358974,0.14915758868151457,-0.2532967032967033,0.14920356820946817,0.0030217648626990816,0.008697509765625,0.347428740424293,0.969494162313027,0.9481658935546875,1.0224942374570967,0.025772824514972866,0.040130615234375,0.6422235085221527,0.0029354141640532006,0.008697509765625,0.3375005309743694,0.9481528082539376,0.9481658935546875,0.9999861993551562,0.0467894729538052,0.040130615234375,1.1659296195819686
Batch_2/r17byphk,Batch_2,768,3072,1,0,0.9477564096450806,False,0.6193305850028992,0.0780060887336731,0.22561467358800305,0.4085164835164835,-0.1452380116444439,-0.09253663003663003,0.03199459358918375,-0.1443223443223443,-0.0433327063819074,-0.08727106227106225,-0.16433378055850478,0.09157218499601244,0.0499114990234375,1.8346911390702143,0.8573342868106953,0.8989715576171875,0.9536834391992826,0.030179817017688557,0.0384368896484375,0.7851784390914003,0.013232513260275877,0.0499114990234375,0.2651195319551941,0.9182441469797405,0.8989715576171875,1.021438486233799,0.05780937140758231,0.0384368896484375,1.5040075286094936
Batch_3/hzumfsms,Batch_3,0,0,2,2,0.8067131042480469,True,0.6412584185600281,0.11083853244781494,0.14948755852859974,-0.3448260073260073,-0.5426625113799054,0.13658424908424907,0.5049413517511933,0.1464285714285714,0.38744921520274583,0.14427655677655676,0.30119670326484066,0.0,0.0027923583984375,0.0,0.9300923144676685,0.9532012939453125,0.9757564539364024,0.06307291307270496,0.041229248046875,1.5298099301009593,0.00111811772968389,0.0027923583984375,0.40042056575171264,0.9142268848074517,0.9532012939453125,0.9591120895602804,0.08004786096307266,0.041229248046875,1.9415309459940526
Batch_3/hzumfsms,Batch_3,0,256,2,2,0.8329901099205017,True,0.31700998544692993,0.049441635608673096,0.1546998253957984,-0.07655677655677655,0.11623119661480408,0.2007326007326007,0.3678591283789243,0.20293040293040288,0.32058719003183833,0.15004578754578754,0.2915637788061299,0.06988871329886541,0.1215667724609375,0.5748998010235274,0.8827882168336547,0.8512420654296875,1.037058966755882,0.04490931927314327,0.0225677490234375,1.9899777876164417,0.1751223372330186,0.1215667724609375,1.440544432396524,0.7956172972813825,0.8512420654296875,0.9346545825126407,0.02431181735214557,0.0225677490234375,1.077281448269244
Batch_3/hzumfsms,Batch_3,0,512,2,2,0.8708356022834778,True,0.22087514400482178,0.016167879104614258,0.07784225557592388,-0.03493589743589743,-0.3628657284120524,0.3444139194139194,0.45258300497728066,0.41973443223443224,0.24163485649416327,0.44432234432234424,0.16889173952486525,0.05010667721975766,0.02447509765625,2.047251370495036,0.8850304642625939,0.89935302734375,0.9840745929065721,0.056939977401389515,0.0684661865234375,0.8316510717578478,0.03657841917539116,0.02447509765625,1.494515760023962,0.831274389871113,0.89935302734375,0.9243026537935742,0.11750337636395022,0.0684661865234375,1.7162249327808874
Batch_3/hzumfsms,Batch_3,0,768,2,2,0.7923211455345154,True,0.4756806492805481,0.0699198842048645,0.2664686022743353,-0.04203296703296703,-0.26013394816342084,0.2711996336996337,0.43874365211681243,0.2734432234432234,0.294790932610815,0.2288461538461538,0.14156574839173985,0.0591348740377009,0.0391845703125,1.5091367231054387,0.9207551067738983,0.9173431396484375,1.003719401146629,0.017310715332109716,0.0398101806640625,0.43483136834233127,0.050206340872070335,0.0391845703125,1.2812783315389413,0.8644226879526555,0.9173431396484375,0.942311170805656,0.07942063048203714,0.0398101806640625,1.9949829203797569
Batch_3/hzumfsms,Batch_3,0,1024,2,2,0.8250489234924316,True,0.1577671766281128,0.024722814559936523,0.2509562635708097,-0.006227106227106226,-0.06607258166933921,0.13218864468864466,0.5117061665957385,0.20737179487179486,0.47197985444381846,0.16620879120879117,0.35229514318056865,0.0,0.062744140625,0.0,0.9818383238157962,0.9230499267578125,1.063689292803994,0.01784028772838026,0.01177978515625,1.5144832857087158,0.06787772295993161,0.062744140625,1.0818177169022563,0.9055821466207316,0.9230499267578125,0.9810760180671526,0.02182935530125963,0.01177978515625,1.8531199857815428
Batch_3/hzumfsms,Batch_3,0,1280,2,2,0.8799936175346375,True,0.3252713084220886,0.026644229888916016,0.24780767191582767,0.3208791208791208,0.023812249726735728,0.3222069597069597,0.4231482569228875,0.5610805860805861,0.4282083599898188,0.6033882783882784,0.3480480847077979,0.001963658109618444,0.0106353759765625,0.18463457370438216,0.971833349802581,0.9022369384765625,1.077137621347595,0.023745995103345345,0.0807037353515625,0.29423662981524684,0.017620933557234854,0.0106353759765625,1.6568228143571642,0.8942175917190073,0.9022369384765625,0.9911117064536329,0.08011038311592478,0.0807037353515625,0.9926477723360269
Batch_3/hzumfsms,Batch_3,0,1536,2,2,0.8380502462387085,True,0.3306524157524109,0.02464163303375244,0.5191349395623979,0.4441391941391941,0.29366620687261097,-0.1561355311355311,0.11020216846276912,0.08232600732600732,0.2945828395901221,0.21950549450549445,0.35549308366873306,0.018282274251607236,0.0185546875,0.9853183596655689,0.9364118682978055,0.8362579345703125,1.119764404721558,0.03238702094567586,0.102691650390625,0.31538124884038826,0.017324360293351864,0.0185546875,0.9336918389680162,0.9068700373300551,0.8362579345703125,1.0844381856849283,0.052204964464169605,0.102691650390625,0.5083662037331084
Batch_3/hzumfsms,Batch_3,0,1792,2,2,0.8682928681373596,True,0.531664252281189,0.023061394691467285,0.1524448282778755,0.15599816849816847,0.10011507692684328,-0.12069597069597068,-0.0865736061824972,-0.0771062271062271,-0.07587813945899675,0.0206043956043956,-0.018453122844837685,0.009897328133789034,0.0066375732421875,1.4911064289103406,0.9500105055914991,0.9495391845703125,1.0004963681634687,0.027669855099470928,0.03125,0.8854353631830697,0.012151812668607164,0.0066375732421875,1.8307613679306647,0.9502582899492195,0.9495391845703125,1.0007573203829734,0.027517156156266247,0.03125,0.8805489970005199
Batch_3/hzumfsms,Batch_3,0,2048,2,2,0.8677263855934143,True,0.43615877628326416,0.02410876750946045,-0.1276632825103959,0.1918040293040293,-0.5311753955863395,-0.37509157509157504,0.13972704671575914,-0.2681318681318681,-0.10261132772377946,-0.0863095238095238,-0.3126872216447604,0.04903579764164651,0.0478057861328125,1.0257293438375186,0.9140485572701919,0.8797149658203125,1.039028086123173,0.026633727508736996,0.05804443359375,0.4588506745564111,0.010828951578115703,0.0478057861328125,0.22651968420791277,0.8872356147602445,0.8797149658203125,1.0085489610068405,0.07492277742502203,0.05804443359375,1.2907831601804005
Batch_3/hzumfsms,Batch_3,0,2304,2,2,0.8713876008987427,True,0.8267627954483032,0.03143596649169922,0.4033474700672314,-0.025503663003663,-0.03970659418872597,-0.20082417582417583,0.08262272832342285,-0.18878205128205125,0.05621279962514785,-0.04409340659340659,0.05690055818499876,0.02947690391714906,0.03369140625,0.8749086843814677,0.9320303666418004,0.926422119140625,1.006053663211731,0.031434426489709594,0.0328521728515625,0.9568446699626605,0.037264191755746676,0.03369140625,1.106044416170568,0.9088482273489417,0.926422119140625,0.9810303624788391,0.042286409679210296,0.0328521728515625,1.2871723849218422
Batch_3/hzumfsms,Batch_3,0,2560,2,2,0.7982306480407715,True,0.5314856767654419,0.06674784421920776,-0.30750736090702824,0.17902930402930403,-0.3254733621702453,-0.17719780219780215,0.1115083700852224,-0.0901098901098901,-0.11998722272219985,0.07348901098901098,-0.2869977038527179,0.11323684150213756,0.087127685546875,1.2996654368973883,0.8777617185445725,0.8431243896484375,1.0410821099726197,0.007403060804927441,0.0569915771484375,0.12989745459483928,0.11398138989326524,0.087127685546875,1.3082109225998302,0.7281939517960975,0.8431243896484375,0.8636850751046791,0.12871737739180025,0.0569915771484375,2.2585333453143295
Batch_3/hzumfsms,Batch_3,0,2816,2,2,0.880943775177002,True,0.08656138181686401,0.011552572250366211,0.10079588556524703,-0.08008241758241756,0.2391526101050465,0.4031593406593406,0.18505584080145335,0.353021978021978,0.2293043413495236,0.32380952380952377,0.22907531184358118,0.3248502053153331,0.0459442138671875,7.070535720872026,0.6579700623636123,0.9371490478515625,0.7020975626790904,0.010420829629142526,0.0142822265625,0.7296362078797912,0.12313785664491586,0.0459442138671875,2.680160270036933,0.8645611174978686,0.9371490478515625,0.9225438786710571,0.009358834290321487,0.0142822265625,0.655278380395843
Batch_3/hzumfsms,Batch_3,0,3072,2,2,0.7564746737480164,True,0.8593990802764893,0.06665873527526855,0.2089498374075478,-0.4697802197802198,-0.24149704193722743,0.32499999999999996,0.30365140711528876,0.1999084249084249,0.17442729089512127,0.0630952380952381,0.02101671993271477,0.0009569655595287828,0.005584716796875,0.1713543576756238,0.8873559563084431,0.9207611083984375,0.9637200661655888,0.10421879144729775,0.0653076171875,1.5958137187593704,0.0052250441804813745,0.005584716796875,0.9355969820000748,0.9293425723826644,0.9207611083984375,1.0093199679112788,0.057122423199434495,0.0653076171875,0.8746670857004998
Batch_3/hzumfsms,Batch_3,256,0,2,2,0.8994801640510559,True,0.2382611632347107,0.020457863807678223,0.019303090246482257,0.2956501831501831,-0.0845026017203487,-0.0993131868131868,0.20559395882476592,0.02147435897435897,0.2703808151627217,0.1576923076923077,0.2764330904894098,0.02984082702832706,0.015838623046875,1.884054373919501,0.9634496266697339,0.9575653076171875,1.0061450837929675,0.006451656014057339,0.0219573974609375,0.2938260795950394,0.02281198677272078,0.015838623046875,1.4402758816349026,0.9282523464545019,0.9575653076171875,0.969388029276428,0.03891913727955732,0.0219573974609375,1.7724840727957392
Batch_3/hzumfsms,Batch_3,256,256,2,2,0.837456464767456,True,0.18024730682373047,0.021352171897888184,0.12072555187579107,-0.36726190476190473,-0.24740009879264563,0.13255494505494503,0.5997459826919292,0.12605311355311355,0.6470623139065659,0.04615384615384615,0.4988886961077211,0.0030369267189996533,0.172210693359375,0.017634948560726678,0.966805640352472,0.78680419921875,1.2287753945803197,0.023266410717245084,0.028045654296875,0.8295905836590717,0.13670015334887256,0.172210693359375,0.7937959640148602,0.7761420128291526,0.78680419921875,0.9864487423933626,0.059200696669616686,0.028045654296875,2.1108688013819363
Batch_3/hzumfsms,Batch_3,256,512,2,2,0.5356534719467163,True,3.7136969566345215,0.40745675563812256,0.2808333488274559,0.07307692307692307,0.04784822785407816,0.3919871794871795,0.05458547832778458,0.3363095238095238,0.012580784047839518,0.3103479853479853,0.014322386211110564,0.16245151356431906,0.1002655029296875,1.620213421541807,0.7746139685940775,0.876373291015625,0.8838858697945723,0.058757144166926095,0.02056884765625,2.856608457065036,0.13264270735327763,0.1002655029296875,1.3229146962569476,0.821674650263831,0.876373291015625,0.9375852261672604,0.041745815822010285,0.02056884765625,2.0295651229312064
Batch_3/hzumfsms,Batch_3,256,768,2,2,0.7985468506813049,True,0.21081912517547607,0.059629976749420166,0.32882807094553157,-0.15178571428571427,0.0517273083596914,0.20599816849816846,0.41670493315446705,0.21767399267399265,0.47837451424582633,0.26913919413919407,0.4150097069283301,0.10336726849605102,0.0223541259765625,4.62408007382744,0.7167111289588611,0.945556640625,0.7579779974736626,0.17076761294779907,0.0300140380859375,5.689591399159614,0.049282035693960585,0.0223541259765625,2.2046057960678507,0.9032139162571713,0.945556640625,0.9552192618098047,0.04370048289258642,0.0300140380859375,1.456001447304801
Batch_3/hzumfsms,Batch_3,256,1024,2,2,0.7820935845375061,True,0.12954199314117432,0.0324099063873291,-0.17614659302029426,0.10146520146520144,-0.17026053471757477,-0.017628205128205125,0.24121387565852803,-0.062499999999999986,0.31697683622427153,-0.07307692307692307,0.28736332110592017,0.0,0.0,,0.9932761969889379,0.9760894775390625,1.0176077294606298,0.006690308677092607,0.0222930908203125,0.3001068237248057,0.0,0.0,,0.9602448925212853,0.9760894775390625,0.983767282219121,0.036026963559519724,0.0222930908203125,1.6160596056377035
Batch_3/hzumfsms,Batch_3,256,1280,2,2,0.8314456939697266,True,0.20044827461242676,0.02122563123703003,0.10843732183251963,-0.09345238095238093,-0.07306239315193626,0.3244505494505494,0.14465941708991953,0.40137362637362634,0.17946193592130255,0.44523809523809516,0.1053692050408056,0.0017797609799698134,0.008575439453125,0.20754166473897098,0.9637141622388573,0.95794677734375,1.0060205692336055,0.032523044878567005,0.027496337890625,1.1828136898788941,0.013781931645147318,0.008575439453125,1.6071399862924816,0.9393295067384584,0.95794677734375,0.9805654436701435,0.03580834495977941,0.027496337890625,1.3022950584262505
Batch_3/hzumfsms,Batch_3,256,1536,2,2,0.4709019660949707,True,0.8192311525344849,0.16392967104911804,-0.0009621554256452785,0.06268315018315017,-0.25226798921918586,0.09409340659340659,-0.044900586530112994,0.08937728937728937,0.0004581692503072755,0.07715201465201464,0.013699260584187536,0.0,0.0194244384765625,0.0,0.9968967343166172,0.96014404296875,1.0382783100275543,0.0028390917196365155,0.0160980224609375,0.17636276297450112,0.02953420387963437,0.0194244384765625,1.5204662886533529,0.930198472983554,0.96014404296875,0.9688113776214193,0.032765837671413806,0.0160980224609375,2.035395201548602
Batch_3/hzumfsms,Batch_3,256,1792,2,2,0.9107937216758728,True,0.5484163165092468,0.043670594692230225,-0.53446429103825,0.04033882783882784,-0.13402702104485292,-0.2318223443223443,0.39626990710031135,-0.25989010989010985,0.3119039605313972,-0.05924908424908424,0.12212688478348577,0.0,0.0,,0.9646733615279479,0.94842529296875,1.0171316272137139,0.03287686420906702,0.0449371337890625,0.7316190739576965,0.0,0.0,,0.938175037486262,0.94842529296875,0.9891923427617553,0.05423127521554372,0.0449371337890625,1.2068254168169348
Batch_3/hzumfsms,Batch_3,256,2048,2,2,0.6071942448616028,True,0.5486388206481934,0.10775241255760193,0.1336158137667919,-0.2990842490842491,-0.2943945269383516,0.3394230769230769,0.14463213300262098,0.2591117216117216,-0.0283996587368567,0.07646520146520146,-0.20880620056767943,0.03328181991725485,0.0186309814453125,1.7863696560992743,0.8150202687591372,0.9429473876953125,0.8643327076298011,0.1462504060848252,0.0357818603515625,4.087277873422219,0.012893719371622392,0.0186309814453125,0.6920579793109296,0.9035632465238196,0.9429473876953125,0.9582329388835225,0.07908875877678942,0.0357818603515625,2.210303153601566
Batch_3/hzumfsms,Batch_3,256,2304,2,2,0.4889400899410248,True,0.6334061622619629,0.23341843485832214,0.42053806801053384,-0.2641483516483516,0.005197481430739433,0.3689560439560439,0.37449341974085537,0.31007326007326,0.3945506608568366,0.11607142857142855,0.30873497626471597,0.1888887648682919,0.0356597900390625,5.296967947971065,0.7482608430405656,0.9249267578125,0.8089946979263974,0.05558640256692622,0.0327301025390625,1.6983265634620406,0.08849713509743976,0.0356597900390625,2.48170656642953,0.8404897405765268,0.9249267578125,0.9087095096743972,0.05503973461041135,0.0327301025390625,1.68162426453516
Batch_3/hzumfsms,Batch_3,256,2560,2,2,0.8547387719154358,True,0.07650154829025269,0.025490641593933105,0.057332570495909875,-0.15819597069597066,-0.45007441622927336,0.1302197802197802,0.10953634874298436,0.17413003663003662,-0.13799656644522715,0.064010989010989,-0.4179278790981801,0.07344539875376406,0.1674041748046875,0.4387309864849769,0.7914075765450903,0.7638702392578125,1.036049758024391,0.13105019999443382,0.0595703125,2.1999246687590204,0.11907757070580041,0.1674041748046875,0.7113178082011973,0.7670431567485547,0.7638702392578125,1.004153738852066,0.1027905346645514,0.0595703125,1.7255329097786989
Batch_3/hzumfsms,Batch_3,256,2816,2,2,0.8301477432250977,True,0.39223259687423706,0.062121689319610596,0.1912427302092102,-0.3823717948717948,-0.34121994682736567,0.16163003663003664,0.49903761102782157,0.046291208791208786,0.1292527586813147,-0.140521978021978,-0.11650630003874443,0.0,0.004608154296875,0.0,0.8982620143123918,0.9273529052734375,0.9686301829695912,0.09520827441042673,0.06304931640625,1.5100603755473685,0.005658150789076248,0.004608154296875,1.2278561924268243,0.896880905275067,0.9273529052734375,0.9671408804295647,0.09048876602605022,0.06304931640625,1.4352061399523783
Batch_3/hzumfsms,Batch_3,256,3072,2,2,0.7123169898986816,True,1.4642529487609863,0.2643229365348816,0.03476070620103727,0.047573260073260064,0.05793451033506212,0.19885531135531134,0.03636363731702713,0.22957875457875454,0.01914357732810748,0.19647435897435897,0.020883902539753613,0.019936773786415757,0.0115814208984375,1.7214445413261437,0.9356458650222046,0.962860107421875,0.9717360370526322,0.041947952820225766,0.0237884521484375,1.763374622210594,0.02035348494452556,0.0115814208984375,1.7574255458819856,0.9412426799569503,0.962860107421875,0.9775487349633719,0.03542007918447788,0.0237884521484375,1.4889610708363965
Batch_3/hzumfsms,Batch_3,512,0,2,2,0.8400534391403198,True,0.16314274072647095,0.02231961488723755,0.41534566020983105,-0.14674908424908426,-0.18404757993835238,0.47005494505494494,0.6656356891588966,0.4299908424908424,0.7263961626455235,0.3212454212454212,0.6830908497188524,0.0011060053346738784,0.003692626953125,0.2995172132776335,0.9129234638182266,0.946014404296875,0.9650206800992177,0.07205839172339219,0.045166015625,1.5954117432379158,0.0071431089010908794,0.003692626953125,1.9344247311648424,0.9288701391903682,0.946014404296875,0.9818773741407782,0.05638716256265283,0.045166015625,1.2484422586844648
Batch_3/hzumfsms,Batch_3,512,256,2,2,0.8102833032608032,True,0.3670826554298401,0.04216492176055908,0.2398516025358587,0.003250915750915751,-0.3507285611102194,0.6687728937728936,0.3392285129275068,0.658653846153846,0.2567580478721972,0.5823717948717948,0.06396042734289566,0.26675756901400133,0.068603515625,3.888395027335763,0.6976190330984439,0.9105377197265625,0.7661615965870597,0.028325705703758097,0.0166473388671875,1.7015155352900921,0.05980587822203311,0.068603515625,0.8717611288165396,0.901202841230882,0.9105377197265625,0.9897479497076916,0.031193991490284196,0.0166473388671875,1.873812489740848
Batch_3/hzumfsms,Batch_3,512,512,2,2,0.8602353930473328,True,0.14016377925872803,0.026282310485839844,0.33937489582560393,0.1455128205128205,0.13678909566199318,0.37197802197802193,0.04161147279801809,0.3748168498168497,0.043634572027976985,0.41918498168498164,0.07067053446470034,0.5683710237334205,0.2150115966796875,2.6434435747209886,0.34185938300685015,0.74517822265625,0.4587619077061375,0.07210743041656074,0.02423095703125,2.975839143438114,0.34559999923388635,0.2150115966796875,1.6073551593067898,0.6239840619735397,0.74517822265625,0.8373621812903985,0.020719285953645958,0.02423095703125,0.8550750152759078
Batch_3/hzumfsms,Batch_3,512,768,2,2,0.8889369368553162,True,0.33989185094833374,0.07447147369384766,0.1435122861555569,-0.08223443223443222,-0.44158684599494213,0.22728937728937726,0.4272356173793864,0.3093406593406593,0.3821645064238233,0.33525641025641023,0.2786339178809327,0.0011037911152665303,0.00457763671875,0.2411268484336911,0.9662615501294715,0.9625091552734375,1.0038985549752697,0.030147278371098412,0.0271453857421875,1.110585742174427,0.0015483274465703425,0.00457763671875,0.3382372917947799,0.9362597665877795,0.9625091552734375,0.972728167267977,0.05319097164193093,0.0271453857421875,1.9594848327856016
Batch_3/hzumfsms,Batch_3,512,1024,2,0,0.8803835511207581,False,1.9391157627105713,0.17581450939178467,0.03722756872428697,0.18896520146520146,0.32389361888849433,-0.1291208791208791,-0.4453078226810209,-0.18278388278388275,-0.4954801193710895,-0.20984432234432232,-0.4954801193710895,0.0,0.0,,0.9553230140901575,0.9563751220703125,0.9988999003049375,0.0436672460873277,0.0418548583984375,1.043301727881556,0.0,0.0,,0.9864400616591075,0.9563751220703125,1.031436346361365,0.013354812023336653,0.0418548583984375,0.319074356821506
Batch_3/hzumfsms,Batch_3,512,1280,2,0,0.5052239894866943,False,3.276676654815674,0.2428697645664215,0.18624501800762688,-0.12399267399267397,-0.16304462925532281,0.2242216117216117,-0.10353058854289059,0.2268315018315018,-0.0651536609032097,0.05837912087912087,-0.19986263749267497,0.0,0.0,,0.9275513194143643,0.9017181396484375,1.0286488411733612,0.06536875069625744,0.0908203125,0.7197591474512648,0.0,0.0,,0.9512267691087785,0.9017181396484375,1.0549047726594958,0.04099585511751556,0.0908203125,0.45139522193909604
Batch_3/hzumfsms,Batch_3,512,1536,2,2,0.7853286266326904,True,0.3741626739501953,0.05772960186004639,0.13051230431819855,0.37641941391941386,0.2607493630033886,0.03923992673992674,0.046241266345428515,0.05160256410256411,0.2075810815605794,0.19322344322344318,0.35586966634391043,0.3261775978133933,0.1392822265625,2.341846521724205,0.6082034653381329,0.80426025390625,0.7562271819154563,0.05849675030892145,0.04681396484375,1.2495577015141708,0.2009830375776076,0.1392822265625,1.4429912741768287,0.7229926592200983,0.80426025390625,0.8989536107355308,0.06054486552519192,0.04681396484375,1.2933077923921048
Batch_3/hzumfsms,Batch_3,512,1792,2,2,0.7889037132263184,True,0.18813979625701904,0.04758721590042114,-0.03397887115771864,0.3471153846153846,-0.297625484443725,-0.2056318681318681,0.2568876226768255,-0.059203296703296694,0.2889353536604925,0.019139194139194137,0.18033170863406295,0.009160134558859471,0.01885986328125,0.48569464275842583,0.8879675589625273,0.922607421875,0.9624543851575845,0.09584889854682534,0.050079345703125,1.9139407115066256,0.025180758730078166,0.01885986328125,1.3351506505941768,0.8930667807467704,0.922607421875,0.967981353251858,0.06802586166847525,0.050079345703125,1.3583616301965857
Batch_3/hzumfsms,Batch_3,512,2048,2,2,0.7065463066101074,True,0.9373296499252319,0.12143105268478394,-0.10135189277098053,0.09935897435897435,0.223102370691937,0.07408424908424907,0.39467026868735783,0.05412087912087911,0.4455179203350533,0.06978021978021978,0.4122299935022081,0.08795993545770661,0.1140289306640625,0.7713826214580838,0.888418739499298,0.8662109375,1.0256378683734848,0.01047691788253274,0.01287841796875,0.8135252255327792,0.19418177651614152,0.1140289306640625,1.702916754417483,0.7846416795180166,0.8662109375,0.905832108034328,0.012293328575560864,0.01287841796875,0.9545682245591904
Batch_3/hzumfsms,Batch_3,512,2304,2,2,0.6564732193946838,True,0.6122959852218628,0.175703227519989,-0.04099163855830859,0.0677197802197802,-0.40087343732330233,0.2568223443223443,0.34321890425584917,0.3136904761904762,0.15969754820196597,0.34597069597069596,-0.022400805841494505,0.1571126328285794,0.0391387939453125,4.014243081892312,0.8232220435922742,0.88531494140625,0.929863492741525,0.008864648308173935,0.06964111328125,0.1272904451193004,0.048318761847960974,0.0391387939453125,1.2345490746463823,0.783831873951927,0.88531494140625,0.8853706599674851,0.15884376352651994,0.06964111328125,2.280890641208153
Batch_3/hzumfsms,Batch_3,512,2560,2,2,0.9072632789611816,True,0.27267855405807495,0.02315312623977661,0.08870156685948852,-0.05293040293040293,-0.1797856138205749,-0.17944139194139191,-0.12136903440639725,-0.23974358974358972,-0.25533772319624465,-0.29459706959706955,-0.2258774404014868,0.07103314026233562,0.0607452392578125,1.1693614368833025,0.9164423296885178,0.927825927734375,0.9877308903474443,0.009680655385415465,0.0087432861328125,1.1072101768561744,0.05793998488228569,0.0607452392578125,0.9538193542440279,0.9269709062311349,0.927825927734375,0.999078467762452,0.011721227395077806,0.0087432861328125,1.340597484404571
Batch_3/hzumfsms,Batch_3,512,2816,2,2,0.8527489304542542,True,0.6070604920387268,0.06533122062683105,-0.06190776566690128,-0.0901098901098901,0.13876753735398598,0.4567765567765567,-0.012506153183548453,0.3896520146520146,0.0752676599349355,0.32339743589743586,0.13936746352146248,0.09110568026668388,0.0499267578125,1.8247866326275657,0.8652104481663239,0.926025390625,0.9343269168703566,0.02667169489968356,0.0176849365234375,1.5081589274768437,0.07220509298915109,0.0499267578125,1.4462203466188894,0.8931848104745935,0.926025390625,0.964535983048757,0.02462215131795525,0.0176849365234375,1.3922668755595473
Batch_3/hzumfsms,Batch_3,512,3072,2,2,0.8191174268722534,True,0.1103585958480835,0.02748847007751465,0.2104130403046675,-0.35416666666666663,-0.4162429170217796,0.371062271062271,0.191049174147246,0.3497252747252747,0.1561483834280118,0.1913003663003663,-0.07197858414255724,0.016817815532093994,0.039276123046875,0.42819438955373423,0.7154976191747159,0.86395263671875,0.8281676434163578,0.26104324522650696,0.0868377685546875,3.0061026391081285,0.036852661606392646,0.039276123046875,0.9382968263545254,0.8494779512292493,0.86395263671875,0.9832459733620643,0.10137503232087348,0.0868377685546875,1.167407154837597
Batch_3/hzumfsms,Batch_3,768,0,2,2,0.8582024574279785,True,0.4257253408432007,0.03822451829910278,0.052728156255236566,-0.20132783882783878,-0.34048633769685804,0.0013736263736263735,0.21641469349975356,0.02184065934065934,-0.07638705071410792,-0.08869047619047618,-0.1516736877324544,0.0,0.0129241943359375,0.0,0.9177812760764975,0.889312744140625,1.032011833995905,0.06783226409612604,0.0311279296875,2.1791447351979003,0.019498547346359325,0.0129241943359375,1.5086857129763929,0.7966910463598965,0.889312744140625,0.895850252466322,0.025768646559600497,0.0311279296875,0.827830402416656
Batch_3/hzumfsms,Batch_3,768,256,2,2,0.883762776851654,True,0.4921684265136719,0.05199223756790161,0.19959677423803682,0.3209249084249084,-0.22851653647551126,0.0830128205128205,0.3957103441495315,0.2892857142857142,0.2958661253946376,0.3038461538461538,0.1491132273211143,0.05067876346009057,0.0417938232421875,1.2125897926690383,0.8918280737320523,0.8477325439453125,1.0520158511097393,0.02993654489182977,0.03076171875,0.9731753006105931,0.08310903775923908,0.0417938232421875,1.988548338294813,0.7176303595642863,0.8477325439453125,0.8465292086398666,0.040500739875511574,0.03076171875,1.3165954803975826
Batch_3/hzumfsms,Batch_3,768,512,2,2,0.7048161029815674,True,0.2724739909172058,0.062004804611206055,0.3275564767716609,0.12394688644688644,-0.4406698345818075,0.07257326007326007,0.17097677797893668,0.14903846153846154,0.14309963101964637,0.25123626373626373,0.017790021414810248,0.0,0.023406982421875,0.0,0.9608520224838614,0.77874755859375,1.2338427413101014,0.03881730967580875,0.038787841796875,1.0007597194782858,0.00885320006441901,0.023406982421875,0.37822902178733003,0.6922513043328831,0.77874755859375,0.8889290203142846,0.07558683201840163,0.038787841796875,1.9487248714232768
Batch_3/hzumfsms,Batch_3,768,768,2,2,0.7973254919052124,True,0.34427589178085327,0.0469813346862793,0.10330450726349828,0.5630494505494504,0.02575737936206124,0.05068681318681318,0.18509106148342402,0.28997252747252744,0.13937400469755912,0.4177197802197802,0.10917095665556915,0.34355482109991875,0.0943756103515625,3.6402924422965683,0.6394262801584486,0.7804718017578125,0.819281720003599,0.002855497049316688,0.0069427490234375,0.411291988184656,0.1395249442808444,0.0943756103515625,1.4784004443636891,0.6987658254283636,0.7804718017578125,0.8953120713068338,0.009319351648236773,0.0069427490234375,1.3423143508106488
Batch_3/hzumfsms,Batch_3,768,1024,2,2,0.8787620663642883,True,0.6916847825050354,0.04799443483352661,0.08973376042822948,-0.19798534798534798,-0.3338563108122259,0.1449175824175824,0.32480964532750134,-0.04221611721611721,0.11156027234453951,-0.13557692307692307,-0.11286574052841113,0.05921915518797734,0.0574798583984375,1.030259239288368,0.6656337048192854,0.772369384765625,0.8618074692606719,0.23219143626554287,0.1301727294921875,1.78371796590067,0.04150877253875948,0.0574798583984375,0.7221446554553069,0.6676899284561232,0.772369384765625,0.8644696975641173,0.20582737349443714,0.1301727294921875,1.581186584143879
Batch_3/hzumfsms,Batch_3,768,1280,2,2,0.7188702821731567,True,0.3357844948768616,0.12343072891235352,0.23001249552590783,0.1591117216117216,-0.10448640325018523,0.06858974358974358,-0.15180273446482176,0.26575091575091575,0.08383718880263269,0.3838827838827838,0.17272757802624597,0.014768976224489331,0.04864501953125,0.3036071599272688,0.9827697859776879,0.9219512939453125,1.0659671421167103,0.0008537206330689673,0.0274200439453125,0.031134911190210262,0.018214130386657052,0.04864501953125,0.3744295009472888,0.9638169269376903,0.9219512939453125,1.0454098098970304,0.01665542303880906,0.0274200439453125,0.6074178098338289
Batch_3/hzumfsms,Batch_3,768,1536,2,2,0.7458099126815796,True,1.20250403881073,0.2029702067375183,0.2955682197614464,-0.1801282051282051,0.0020165919785243673,0.4597985347985348,0.19588441173211693,0.4793956043956043,0.1186581052818088,0.41364468864468856,0.08893628941651216,0.10697639430331163,0.0792694091796875,1.34952935073375,0.8653290723780837,0.9046173095703125,0.9565692179703145,0.021857738235070003,0.0122833251953125,1.7794642645634133,0.24669063691858623,0.0792694091796875,3.1120534323573565,0.7321487462100678,0.9046173095703125,0.8093463815741418,0.014992383853373486,0.0122833251953125,1.2205476623784903
Batch_3/hzumfsms,Batch_3,768,1792,2,0,0.8378009796142578,False,5.191042423248291,0.3984410762786865,0.0386634376884642,-0.06330200666631153,-0.05755855033356131,-0.10581501831501831,-0.1486931374435519,-0.18099816849816847,-0.17368628823502338,-0.2312271062271062,-0.09879889166462906,0.0006123419082706976,0.00067138671875,0.9120554386461008,0.9926733629811,0.9927825927734375,0.9998899761205197,0.0060249054428900325,0.006011962890625,1.0021527997594954,0.0011361118941957543,0.00067138671875,1.6921870249548399,0.9916165294869326,0.9927825927734375,0.9988254595769579,0.006794961710129036,0.006011962890625,1.1302401285152703
Batch_3/hzumfsms,Batch_3,768,2048,2,0,0.548133373260498,False,9.919543266296387,0.3898676633834839,-0.11904880809973843,0.22317105279681912,-0.01047402622279846,-0.2520604395604395,0.21848201092894307,-0.16524725274725274,0.14619827581609782,-0.11973443223443223,0.1719236597774536,0.0,0.0,,0.9748684072899227,0.97216796875,1.0027777489350889,0.024342431426135396,0.026641845703125,0.9136916299789286,0.0,0.0,,0.9776239679309682,0.97216796875,1.0056121980525479,0.021616058444235302,0.026641845703125,0.8113573918679294
Batch_3/hzumfsms,Batch_3,768,2304,2,2,0.5907319188117981,True,0.21367913484573364,0.04538184404373169,0.19586603348193427,0.10137362637362636,-0.08229030148510172,0.09926739926739926,0.3052734284706153,0.05412087912087911,0.33188665706112136,0.06332417582417582,0.2982193196875896,0.17105616797853473,0.0879364013671875,1.945225928273686,0.8113979704494988,0.880645751953125,0.9213670407765595,0.007543510325260939,0.019287109375,0.3911166872439089,0.08367636398498685,0.0879364013671875,0.9515554728648443,0.8884305150484587,0.880645751953125,1.0088398349484664,0.019241929101217844,0.019287109375,0.9976574885897252
Batch_3/hzumfsms,Batch_3,768,2560,2,2,0.7271903157234192,True,0.5751737952232361,0.1865796446800232,0.2805860906534259,0.014697802197802198,0.12296354021991919,0.44198717948717936,0.431810762707532,0.5025183150183149,0.5319674774814583,0.5059523809523809,0.4969402440517902,0.03459661892836979,0.0728607177734375,0.47483225509730737,0.9489693146330218,0.887725830078125,1.0689891884181257,0.009164000878917352,0.028839111328125,0.3177629426458876,0.16126902832905576,0.0728607177734375,2.2133878619001046,0.8011114635033522,0.887725830078125,0.9024311745360049,0.023947737508212597,0.028839111328125,0.8303909657874184
Batch_3/hzumfsms,Batch_3,768,2816,2,0,0.8635725975036621,False,5.6223015785217285,0.3724706768989563,-0.1383311716713467,-0.42293956043956044,0.12274197764805939,-0.4079212454212454,-0.06652917802291153,-0.3697802197802197,-0.094543876694172,-0.3762820512820512,-0.06758374114801627,0.030115559088236005,0.1378936767578125,0.21839695478661444,0.9523739731005669,0.8421478271484375,1.1308869326723334,0.01532493058930868,0.014801025390625,1.0353965475267357,0.11474231157431959,0.1378936767578125,0.8321071297260826,0.8632568445883025,0.8421478271484375,1.0250656912710223,0.01714324975454335,0.014801025390625,1.1582474390863433
Batch_3/hzumfsms,Batch_3,768,3072,2,2,0.6318864226341248,True,0.35567182302474976,0.0631060004234314,-0.18271722604547794,0.20480769230769227,0.21033353789066442,0.1372252747252747,-0.03601130365194582,0.24619963369963363,0.024244552840832313,0.2948260073260073,0.10151976430796955,0.035404334057264564,0.1416168212890625,0.2500009090374842,0.9645956535340701,0.83709716796875,1.1523102579294353,0.0,0.0185699462890625,0.0,0.28082922087287815,0.1416168212890625,1.9830216376602674,0.6786632886346882,0.83709716796875,0.8107341830835385,0.036665587008981516,0.0185699462890625,1.9744584307482438
Batch_3/x77cy643,Batch_3,0,0,2,2,0.8028669953346252,True,0.7850136160850525,0.057475149631500244,0.01729460060736761,0.140521978021978,-0.37254496427700884,0.09798534798534797,-0.12993887591609746,0.1369047619047619,-0.1457196255419183,0.17431318681318678,-0.15358706321874468,0.006577482274855873,0.01910400390625,0.3442986248921362,0.9910169522129268,0.9766998291015625,1.01465867269019,0.00218581296950185,0.0026397705078125,0.8280314379726776,0.022101816428462755,0.01910400390625,1.1569206401403636,0.9717472489717409,0.9766998291015625,0.9949292710183257,0.003280244550534549,0.0026397705078125,1.24262489516666
Batch_3/x77cy643,Batch_3,0,256,2,2,0.5514523983001709,True,1.5836340188980103,0.19646018743515015,0.19926723673348243,-0.181547619047619,-0.15328601272051612,-0.1938186813186813,-0.0847263589880355,-0.05453296703296703,-0.047675751192727,-0.08493589743589743,-0.0649874072454175,0.0306610237134028,0.07110595703125,0.4312018991591343,0.9665527792865088,0.9236907958984375,1.0464029560307366,0.0018782350137436798,0.0029296875,0.6411042180245093,0.105424049666764,0.07110595703125,1.4826331585753316,0.8886804811929518,0.9236907958984375,0.9620973654160616,0.0028793195305651343,0.0029296875,0.9828077330995658
Batch_3/x77cy643,Batch_3,0,512,2,2,0.7349984645843506,True,0.560200035572052,0.0745888352394104,0.29126004598914446,0.09184981684981684,-0.11634360767009332,-0.03534798534798534,0.27175868492409627,-0.026510989010989007,0.30400124076254836,0.04505494505494505,0.2719190956496607,0.058589401808379425,0.04443359375,1.318583460478693,0.9162497297506821,0.93182373046875,0.9832865377765884,0.01494699368016539,0.0191497802734375,0.7805308189827243,0.09708538570141512,0.04443359375,2.1849546144670127,0.857872004034369,0.93182373046875,0.9206376442063996,0.03292734379572338,0.0191497802734375,1.7194632693199423
Batch_3/x77cy643,Batch_3,0,768,2,2,0.7120152711868286,True,1.3237097263336182,0.17475730180740356,0.22176927060401885,-0.13420483293957258,0.12768541117165202,0.04711538461538461,0.1507472208112829,0.03232600732600732,0.1748869307376111,0.0010531135531135528,0.19227027023863869,0.14827706775880906,0.0650177001953125,2.2805646356820723,0.7918375122377788,0.9193267822265625,0.8613232286347503,0.01990728862538575,0.006561279296875,3.034055970589024,0.06704806491659367,0.0650177001953125,1.0312278766425447,0.9180637888837686,0.9193267822265625,0.9986261758417012,0.008697154115503244,0.006561279296875,1.3255271909619084
Batch_3/x77cy643,Batch_3,0,1024,2,0,0.46202370524406433,False,5.662487506866455,0.3364851474761963,0.023779296734976314,0.04107142857142857,-0.07493243506021605,-0.10888278388278388,0.055485025714944736,-0.10956959706959706,0.0654852338379871,-0.08823260073260072,-0.03189006461357289,0.16349181210255584,0.17779541015625,0.9195502401264246,0.8168264593038277,0.7961883544921875,1.025921133730728,0.009592415662004718,0.0132293701171875,0.7250848360151572,0.13244949228930986,0.17779541015625,0.7449545079533308,0.8264628207098981,0.7961883544921875,1.0380242514813216,0.029768982936379994,0.0132293701171875,2.2502192222821216
Batch_3/x77cy643,Batch_3,0,1280,2,2,0.8671622276306152,True,0.3670925498008728,0.022005081176757812,0.010829718474262468,0.11350732600732599,0.2000963302776495,0.17999084249084246,-0.03530027383525554,0.16776556776556775,0.043595377347456575,0.05938644688644688,0.15000312184563547,0.020472589273721357,0.01617431640625,1.2657468024930216,0.9514212511767896,0.960235595703125,0.9908206438443045,0.021712874736167984,0.0166015625,1.307881395872707,0.026161286482566805,0.01617431640625,1.6174585574731115,0.9533335786969229,0.960235595703125,0.9928121629347139,0.012242390105127496,0.0166015625,0.7374239686853268
Batch_3/x77cy643,Batch_3,0,1536,2,2,0.4957972466945648,True,1.8912230730056763,0.18640801310539246,-0.3310556852074747,-0.4248626373626373,0.4102697045668163,-0.6317307692307692,0.551621391639761,-0.6228937728937728,0.531737337971408,-0.5459249084249084,0.558318451382227,0.005639378839236533,0.05694580078125,0.09903063547915472,0.993855842992716,0.9287872314453125,1.0700576077538753,0.00013836251827107084,0.009674072265625,0.01430240693598249,0.1983940748590515,0.05694580078125,3.483910527857127,0.7656042817093767,0.9287872314453125,0.8243053476499649,0.021331790789552836,0.009674072265625,2.2050476990286034
Batch_3/x77cy643,Batch_3,0,1792,2,2,0.7987669110298157,True,0.9805077314376831,0.04965156316757202,-0.11767066253038007,0.03324213876292381,0.061397087924430445,-0.11469780219780218,-0.05278297530642463,-0.07912087912087912,0.03700320853727158,-0.13246336996336994,0.00859044071566702,0.0,0.0,,0.9894650912595347,0.98065185546875,1.008987119885244,0.0097057113655704,0.0182952880859375,0.5305033361584834,0.0,0.0,,0.9645724722539436,0.98065185546875,0.9836033724658375,0.03370186591235858,0.0182952880859375,1.8421063256316363
Batch_3/x77cy643,Batch_3,0,2048,2,2,0.8879106640815735,True,0.8135241270065308,0.04067307710647583,-0.07473987249069883,-0.05709706959706959,-0.19796590839682315,-0.19409340659340654,0.4699321481836333,-0.2781593406593406,0.282227372559188,-0.2157967032967033,0.047053302532796173,0.0005254331443136497,0.0003814697265625,1.377391461829574,0.9211819462760058,0.941070556640625,0.9788659732001219,0.07336552857808133,0.0546417236328125,1.3426649765130239,0.00043691643157031196,0.0003814697265625,1.1453502103756785,0.8767821976945904,0.941070556640625,0.9316859309938171,0.11502179800264796,0.0546417236328125,2.1050177475290526
Batch_3/x77cy643,Batch_3,0,2304,2,2,0.7720159292221069,True,0.36798566579818726,0.04063725471496582,-0.03541847059675381,-0.21053113553113548,-0.25255509832928935,-0.2690018315018315,0.276443579472519,-0.33379120879120877,0.3037151114134893,-0.32348901098901095,0.20901270302775707,0.022700250834603898,0.0514373779296875,0.4413181959942453,0.9687745131626703,0.91607666015625,1.0575255928880798,0.004558957152654767,0.025146484375,0.1812960048279022,0.04053386857730402,0.0514373779296875,0.7880236164586758,0.9093774869098858,0.91607666015625,0.9926871041063076,0.041986349279239873,0.025146484375,1.669670744153073
Batch_3/x77cy643,Batch_3,0,2560,2,2,0.5969290137290955,True,2.822089672088623,0.2709915339946747,0.0506123440799723,-0.01662087912087912,-0.2704871575853863,-0.38017399267399266,0.2512128676480817,-0.3164377289377289,0.20979856600821395,-0.2752289377289377,0.09720343342482353,0.02397340361681558,0.0600128173828125,0.399471390651316,0.968372710037315,0.8867340087890625,1.0920667307660157,0.007065705009910502,0.0491485595703125,0.14376219917090802,0.008617614020119051,0.0600128173828125,0.14359622487224058,0.9042569273538014,0.8867340087890625,1.0197611892529852,0.084103194006069,0.0491485595703125,1.7112036393609866
Batch_3/x77cy643,Batch_3,0,2816,2,2,0.8899002075195312,True,0.5118116140365601,0.027438640594482422,0.34289386692996493,-0.047985897277609026,-0.2025360355186005,-0.2137362637362637,-0.4855677714756505,-0.13333333333333333,-0.45578677020567765,-0.1603021978021978,-0.39022275048670646,1.0974875719518755e-05,0.011505126953125,0.0009539117442365797,0.9909772941609936,0.9700775146484375,1.0215444427862348,0.00857702294383536,0.0177001953125,0.48457222038551223,0.007799676830805562,0.011505126953125,0.6779305315433333,0.9803895299301963,0.9700775146484375,1.0106300941172686,0.011451632216700454,0.0177001953125,0.6469777318566216
Batch_3/x77cy643,Batch_3,0,3072,2,2,0.8526260852813721,True,0.5854500532150269,0.058829426765441895,0.3292389765197088,-0.2720695970695971,-0.4279831065642342,-0.5029761904761905,-0.5085357150932295,-0.5311813186813187,-0.47252017754733144,-0.48086080586080576,-0.375429822186036,0.027880208966576794,0.1019287109375,0.2735265531187989,0.9489479986115784,0.8602142333984375,1.1031531004347388,0.019741793748664672,0.0303802490234375,0.649823302417121,0.05930530641601029,0.1019287109375,0.5818312217484507,0.8999429662684958,0.8602142333984375,1.0461846960066012,0.03591355808334592,0.0303802490234375,1.1821350791311693
Batch_3/x77cy643,Batch_3,256,0,2,2,0.8027364611625671,True,0.9975695610046387,0.08685058355331421,0.23785209810403046,-0.2769688644688645,-0.7311664535183245,-0.23443223443223443,-0.13384640587296207,-0.2842490842490842,-0.48076194428295815,-0.2597069597069597,-0.5752038946996755,0.002149032722929934,0.04345703125,0.049451899062477586,0.9148959508902028,0.9011383056640625,1.0152669630617934,0.07858921159331478,0.0531768798828125,1.4778830906684297,0.02686872963095667,0.04345703125,0.6182826773505535,0.8516769918871638,0.9011383056640625,0.9451124056473774,0.11722492389094673,0.0531768798828125,2.2044340350407703
Batch_3/x77cy643,Batch_3,256,256,2,2,0.8582890033721924,True,0.5555102229118347,0.055199265480041504,-0.10272103182608955,0.15989010989010988,-0.078066140831492,-0.05453296703296703,0.5781687148004125,0.11840659340659339,0.4317601378100641,0.19761904761904758,0.20502730847656905,0.1508133894955157,0.0929107666015625,1.6232068145800818,0.8258371827921083,0.8626708984375,0.9573027029054693,0.020181759605704244,0.0373077392578125,0.5409537004169461,0.20301525088794112,0.0929107666015625,2.1850562460489584,0.705485459406274,0.8626708984375,0.817792115955313,0.07958594379512199,0.0373077392578125,2.1332287985918668
Batch_3/x77cy643,Batch_3,256,512,2,1,0.7556637525558472,False,2.025724411010742,0.19336915016174316,0.1217361919599872,-0.013644688644688643,0.11197432751036557,-0.025045787545787544,-0.30390406713633783,-0.1852106227106227,-0.313183580636684,-0.22756410256410253,-0.2373166670435071,0.08525973976178859,0.03399658203125,2.507891519312647,0.794196500721639,0.9001312255859375,0.8823119098047726,0.10787956190872997,0.05645751953125,1.910809451148791,0.007306176901564543,0.03399658203125,0.21490916042232222,0.9359798142273412,0.9001312255859375,1.0398259582852136,0.046032444688527116,0.05645751953125,0.8153465662452197
Batch_3/x77cy643,Batch_3,256,768,2,2,0.8784165382385254,True,0.5610475540161133,0.04621386528015137,0.4484958771861847,0.29267399267399263,0.4960887278646038,0.5127289377289377,0.6023211257038601,0.5333333333333333,0.6306282854400571,0.5303571428571427,0.6684171929903299,0.2319633971787062,0.0953826904296875,2.4319234038559734,0.7366474683443847,0.8879852294921875,0.8295717584915816,0.017981833008765394,0.0106658935546875,1.6859190387159497,0.23264665674365967,0.0953826904296875,2.439086753535831,0.7434368849183107,0.8879852294921875,0.8372176250538089,0.014464375893029017,0.0106658935546875,1.3561335315100853
Batch_3/x77cy643,Batch_3,256,1024,2,1,0.5057071447372437,False,5.012414932250977,0.2591039836406708,0.24610817316554942,-0.23255494505494503,0.11103248914988036,0.1313186813186813,-0.3622169606556155,0.11675824175824175,-0.252522768340875,-0.16593406593406593,-0.13747538868557505,0.01829966892016281,0.08221435546875,0.22258483711057717,0.8949187506238353,0.8569488525390625,1.0443082431025743,0.08220139993091004,0.056884765625,1.4450512193862983,0.040720868678207754,0.08221435546875,0.4953011970480741,0.9457636905123042,0.8569488525390625,1.1036407688861376,0.013159915679717868,0.056884765625,0.23134341040396733
Batch_3/x77cy643,Batch_3,256,1280,2,2,0.8036137223243713,True,2.9673633575439453,0.3666212260723114,0.2734918057451317,0.2891025641025641,0.1752128604446404,-0.12028388278388276,0.08694083250776762,-0.06556776556776556,0.045490161042871013,0.07376373626373625,0.07491417035516196,0.24424210203888436,0.2008819580078125,1.2158488719498917,0.7396571299950546,0.7434844970703125,0.994852122552199,0.009916853866072807,0.0414581298828125,0.23920166910818824,0.24696613117208682,0.2008819580078125,1.2294092193310961,0.6766112034288878,0.7434844970703125,0.9100542191465488,0.05916315268881872,0.0414581298828125,1.4270579221989046
Batch_3/x77cy643,Batch_3,256,1536,2,2,0.8287366032600403,True,1.1299316883087158,0.10518485307693481,-0.0755158898716301,-0.3399267399267399,0.2517654834760904,-0.4464285714285714,0.40999580281245684,-0.44358974358974357,0.40816177998618774,-0.41428571428571426,0.459422717980409,0.03785783120442463,0.083648681640625,0.4525813253945955,0.951839279078507,0.894989013671875,1.06352062934649,0.0075075108344557,0.015625,0.4804806934051648,0.21681327430253328,0.083648681640625,2.5919508837451333,0.7492566628300062,0.894989013671875,0.8371685589256878,0.02203557579258579,0.015625,1.4102768507254906
Batch_3/x77cy643,Batch_3,256,1792,2,2,0.9282559156417847,True,1.987173080444336,0.21798670291900635,0.3054659654482773,0.05947802197802196,-0.3019976324320588,0.19184981684981683,0.4865542932619639,0.2014194139194139,0.5548873444093152,0.16039377289377288,0.40914845044967013,0.09465280402675749,0.0692901611328125,1.3660352707988503,0.8614216243190443,0.8837738037109375,0.9747082575903052,0.03620889342560645,0.0397491455078125,0.9109351399387886,0.06791132915411255,0.0692901611328125,0.9801006094349086,0.8351716883854271,0.8837738037109375,0.9450061598098612,0.07950596673336702,0.0397491455078125,2.0001931039684995
Batch_3/x77cy643,Batch_3,256,2048,2,2,0.7412384748458862,True,1.913210391998291,0.34224066138267517,0.009621554256452784,0.2209706959706959,-0.0766975325014379,-0.24743589743589742,0.05186475913478358,-0.2540750915750915,0.0059103833289638535,-0.0012820512820512818,-0.013195274408849534,0.1329615281961825,0.0336761474609375,3.9482404675419196,0.8613619430534758,0.92633056640625,0.9298645367983229,0.0018033382598985268,0.032867431640625,0.05486702701982816,0.03837135384740877,0.0336761474609375,1.1394223134317087,0.876632567251562,0.92633056640625,0.9463496067634969,0.07279111906180782,0.032867431640625,2.214688383860092
Batch_3/x77cy643,Batch_3,256,2304,2,2,0.5989012718200684,True,4.817030906677246,0.35369133949279785,0.21213172665000077,0.11680402930402928,-0.029492657685918872,0.12445054945054944,0.3356021536987427,0.012545787545787545,0.139282341425808,0.01964285714285714,0.04738991149532262,0.032861746312633444,0.019805908203125,1.6591890649805434,0.9128738180573678,0.9300079345703125,0.9815763759898876,0.05031626656823481,0.0438079833984375,1.148563861308198,0.047867984157327015,0.019805908203125,2.4168537825381997,0.8928780006370762,0.9300079345703125,0.9600756804828862,0.04607811706404446,0.0438079833984375,1.0518200905291597
Batch_3/x77cy643,Batch_3,256,2560,2,2,0.8707603216171265,True,0.577839195728302,0.0530400276184082,0.15122850714425579,0.42696886446886445,0.12685829965943568,0.1383241758241758,0.45193987037824673,0.12257326007326007,0.2298517118761494,0.29922161172161166,0.19468603076468893,0.4513514982103379,0.2002410888671875,2.2540403708536694,0.4924643632547683,0.70697021484375,0.6965843155975242,0.03778753404582896,0.0799560546875,0.47260378458539065,0.3795998969304507,0.2002410888671875,1.8957143065788324,0.4826218891726642,0.70697021484375,0.6826622664426254,0.1242330559315556,0.0799560546875,1.553766708689013
Batch_3/x77cy643,Batch_3,256,2816,2,2,0.5288029909133911,True,4.240373134613037,0.2592847943305969,0.19719055891450837,-0.17774725274725273,-0.28866385761766755,-0.1928113553113553,0.1483344590554991,-0.28392857142857136,0.03640123496537453,-0.2907967032967033,0.010459334054323114,0.008138781625885223,0.009124755859375,0.8919451381839699,0.9516292621011408,0.9430389404296875,1.009109190833137,0.036931517804828846,0.042877197265625,0.8613323668531186,0.004948776715070646,0.009124755859375,0.5423462053492807,0.8952146168064776,0.9430389404296875,0.9492870107766503,0.08667829950928152,0.042877197265625,2.0215476998719835
Batch_3/x77cy643,Batch_3,256,3072,2,2,0.5904474854469299,True,0.4784793257713318,0.08770060539245605,-0.10360704369161736,0.04601648351648351,-0.25602431297007594,-0.1564102564102564,0.2658414072140458,-0.06639194139194138,0.23430284509848823,-0.00888278388278388,0.13207202957191339,0.10720577735645774,0.024749755859375,4.331589287813079,0.8916671580630404,0.950836181640625,0.9377715901855027,0.0011270506933391232,0.021148681640625,0.05329177073497315,0.017907116180072943,0.024749755859375,0.7235269827233418,0.942850309380259,0.950836181640625,0.9916012112132853,0.03379454094371716,0.021148681640625,1.5979502419101355
Batch_3/x77cy643,Batch_3,512,0,2,2,0.8462304472923279,True,1.3429555892944336,0.09831416606903076,-0.11870712743026737,-0.10126031663113776,-0.11306880153262958,-0.48717948717948717,0.19720330439458475,-0.42445054945054944,0.1740487662129374,-0.2500915750915751,0.0850069579975727,2.4249964173945895e-05,0.0082244873046875,0.0029485077033464158,0.986751856282855,0.9561309814453125,1.0320258159517592,0.012348015651950218,0.03363037109375,0.3671685815636159,0.00041492850282607343,0.0082244873046875,0.05045037914881178,0.9471688079967583,0.9561309814453125,0.9906266258258813,0.049637889583051965,0.03363037109375,1.4759839980557594
Batch_3/x77cy643,Batch_3,512,256,2,2,0.5681322813034058,True,3.613539457321167,0.258004754781723,0.16483280151093518,-0.22458791208791204,0.1416324127586311,-0.4785714285714285,-0.09775341664014293,-0.4607142857142856,-0.08725363595975233,-0.37953296703296696,-0.009995424403166584,0.030418374407358013,0.2050323486328125,0.14835890341300995,0.9509277972631752,0.7350921630859375,1.2936171068280113,0.01090966694512781,0.0352020263671875,0.30991587902726314,0.35028767527002996,0.2050323486328125,1.7084507766984212,0.5964133804111718,0.7350921630859375,0.8113450399299751,0.03481150606127625,0.0352020263671875,0.9889063117606416
Batch_3/x77cy643,Batch_3,512,512,2,2,0.8679806590080261,True,0.24893289804458618,0.02895909547805786,-0.11356943404541954,0.3412545787545787,0.028645245915099742,-0.3322802197802197,0.34650172265841367,0.01836080586080586,0.3196496783335047,0.28310439560439554,0.2213914270966377,0.17363943035000767,0.0695037841796875,2.4982730422432717,0.790886710145126,0.8582000732421875,0.9215644868885191,0.015173152119058175,0.06341552734375,0.23926556719792988,0.18263048296261872,0.0695037841796875,2.6276336622257257,0.7075150183361314,0.8582000732421875,0.8244173362316503,0.09563169684144633,0.06341552734375,1.5080170558712769
Batch_3/x77cy643,Batch_3,512,768,2,2,0.7031352519989014,True,0.6456758975982666,0.14803272485733032,-0.1462478840389375,0.02177222724761746,0.07838076602076485,-0.26593406593406593,0.14666101365486667,-0.2189560439560439,0.045260644589577015,-0.16945970695970694,0.0033050369274336155,0.022045829262234418,0.0467987060546875,0.4710777523735881,0.9244776608740498,0.8897857666015625,1.0389890416037886,0.03737304821162426,0.0409088134765625,0.9135695962689323,0.08559415635975988,0.0467987060546875,1.8289855334832812,0.8163909400183874,0.8897857666015625,0.9175140473830027,0.06474658508181647,0.0409088134765625,1.5827050354054173
Batch_3/x77cy643,Batch_3,512,1024,2,2,0.8558574318885803,True,0.27350306510925293,0.03441190719604492,0.09458972726482874,-0.13612637362637361,-0.06749204000670281,-0.4061813186813186,-0.012379654077316412,-0.3046245421245421,0.04653832921657836,-0.27000915750915744,-0.02044935451290044,0.004631800416074604,0.103759765625,0.044639657657039006,0.954454842368523,0.8597259521484375,1.110184983928146,0.03703112772794115,0.030731201171875,1.205000986483789,0.09842697848286576,0.103759765625,0.948604479684278,0.8463461897690916,0.8597259521484375,0.9844371775146369,0.04729423783174228,0.030731201171875,1.5389648314503785
Batch_3/x77cy643,Batch_3,512,1280,2,1,0.5791078209877014,False,6.4434614181518555,0.36895936727523804,-0.08461813795860242,0.20576923076923076,0.08092011401415752,0.17431318681318678,-0.0997777392215442,0.3493589743589743,-0.025633507590065226,0.44684065934065925,0.10825333447309805,0.0320780231787427,0.02142333984375,1.4973399765256992,0.89022157139239,0.8595428466796875,1.0356919085897938,0.07189924382108452,0.1117095947265625,0.6436263957189722,0.03405319696922586,0.02142333984375,1.5895372625179387,0.8717608573401282,0.8595428466796875,1.0142145452174227,0.0858050796368287,0.1117095947265625,0.7681084140252978
Batch_3/x77cy643,Batch_3,512,1536,2,2,0.8185868859291077,True,0.7541313171386719,0.08655190467834473,0.0048143099189563825,0.0695970695970696,0.21315930298312588,-0.12271062271062269,0.1857406617304029,-0.14487179487179486,0.41192152678003946,-0.04285714285714285,0.3580929568290414,0.09898800356296786,0.0670623779296875,1.4760586579073178,0.8750752576104035,0.8712005615234375,1.004447536259837,0.023158354361023648,0.055206298828125,0.4194875377015052,0.06497372291551012,0.0670623779296875,0.9688550409535543,0.868023179965488,0.8712005615234375,0.9963528701675841,0.05908781573782428,0.055206298828125,1.0703093123808878
Batch_3/x77cy643,Batch_3,512,1792,2,2,0.8943193554878235,True,1.8673384189605713,0.1770966649055481,-0.14323883105535784,0.0336080586080586,-0.24403993645742522,-0.1374084249084249,0.6475205254777552,-0.14125457875457875,0.6777148291963653,-0.09986263736263737,0.6037940185681825,0.008102526571772805,0.0024261474609375,3.3396678075956134,0.9737408444665073,0.974517822265625,0.9992027053981308,0.016050123760879952,0.0209197998046875,0.7672216708920704,0.0064117742775826984,0.0024261474609375,2.6427801198469165,0.9519222930546976,0.974517822265625,0.976813631629234,0.03774432889208035,0.0209197998046875,1.8042394881629304
Batch_3/x77cy643,Batch_3,512,2048,2,2,0.82444828748703,True,0.5553421378135681,0.038414597511291504,-0.21037941216283249,0.2638308588870069,-0.5282712282469428,-0.2838827838827839,0.6087974659426407,0.001923076923076923,0.3614663275484166,0.1867216117216117,-0.03777746313041705,0.0,0.0,,0.9883703816497904,0.9462890625,1.0444698357166,0.011289435220264264,0.0522003173828125,0.21627139041076843,0.0,0.0,,0.8616238262748287,0.9462890625,0.9105292034111708,0.13541828665564526,0.0522003173828125,2.5942042777738576
Batch_3/x77cy643,Batch_3,512,2304,2,2,0.8390174508094788,True,1.506822109222412,0.14247113466262817,0.15607534251550026,-0.07339743589743589,-0.08564886598676687,0.3162087912087912,0.20316387857995932,0.10705128205128203,0.19518587928568876,-0.0836080586080586,0.05052732886371365,0.10648911904457282,0.11065673828125,0.9623374111562499,0.7988862540247338,0.83062744140625,0.9617864931987096,0.07215423970517416,0.046661376953125,1.5463375583120647,0.14928219278557434,0.11065673828125,1.3490565066733866,0.7623319459817778,0.83062744140625,0.9177784262594935,0.0726939972307485,0.046661376953125,1.5579051021956618
Batch_3/x77cy643,Batch_3,512,2560,2,2,0.7839692234992981,True,1.229048490524292,0.0891522765159607,-0.15317928092841634,-0.028021978021978016,0.131191604702851,-0.46753663003663,0.2797346532747285,-0.5771520146520146,0.28271836716755055,-0.505540293040293,0.1894887838395273,0.039349037200617214,0.030059814453125,1.3090246202942384,0.955659516907046,0.9545745849609375,1.0011365606870342,0.004619378172853483,0.0145721435546875,0.31700059469751396,0.03994485565283825,0.030059814453125,1.3288457157687348,0.9397404650596343,0.9545745849609375,0.9844599676808803,0.01974014868443382,0.0145721435546875,1.3546496169456073
Batch_3/x77cy643,Batch_3,512,2816,2,2,0.8771891593933105,True,1.3217759132385254,0.10657668113708496,0.09189131335182707,-0.03195970695970696,-0.22802317876872635,0.17532051282051278,0.5659564790741165,0.17312271062271062,0.5674311641429522,0.18273809523809523,0.44245160455912325,0.01534521686848551,0.01788330078125,0.858075198543572,0.9291324978798658,0.9427032470703125,0.9856044314765848,0.05147583732941765,0.0363006591796875,1.4180413935353993,0.01967483971400363,0.01788330078125,1.1001794330178685,0.8641288902133396,0.9427032470703125,0.9166499562814041,0.10858766825848407,0.0363006591796875,2.991341499364444
Batch_3/x77cy643,Batch_3,512,3072,2,2,0.488357812166214,True,5.301712989807129,0.4194002151489258,0.09601109495518727,0.5523809523809523,-0.2361304388821464,0.00293040293040293,-0.043833145547831444,-0.04413919413919413,-0.12072455253916338,0.17211538461538461,-0.20857424591745316,0.23811389220792692,0.0735626220703125,3.2368869611571665,0.7510802708542746,0.868927001953125,0.8643767188337327,0.0051812854964584,0.0499267578125,0.10377772808554331,0.03957364729995668,0.0735626220703125,0.5379586288010705,0.8618299549605644,0.868927001953125,0.9918324013678844,0.08803773510033687,0.0499267578125,1.76333771623951
Batch_3/x77cy643,Batch_3,768,0,2,1,0.6577807664871216,False,3.5760912895202637,0.3329114019870758,0.16143412264512877,0.07568681318681318,0.2605659849131144,0.3103479853479853,0.1674574408070518,0.35022893772893765,-0.0010575291429330564,0.3061355311355311,0.06947506673790645,0.24270750989893108,0.1739044189453125,1.3956373930627664,0.6774367275033574,0.776580810546875,0.8723325612775579,0.051891741556669896,0.0332489013671875,1.5607054495906003,0.25048562116175566,0.1739044189453125,1.4403637508516995,0.7283249321225105,0.776580810546875,0.9378610985888484,0.011241867607797834,0.0332489013671875,0.3381124532100224
Batch_3/x77cy643,Batch_3,768,256,2,2,0.8653201460838318,True,0.6805758476257324,0.041005611419677734,-0.023594961101371846,0.12728937728937728,0.21461276142400135,0.08122710622710622,0.4645718805916593,0.015934065934065933,0.5374305397738253,-0.0581043956043956,0.47503292779871287,0.11530847048908978,0.0966949462890625,1.1924973839313535,0.8177177991608846,0.8451995849609375,0.967484856489461,0.042856644573473525,0.0404815673828125,1.0586705837795556,0.17277117400112466,0.0966949462890625,1.786765292620752,0.7682341439899105,0.8451995849609375,0.9089381462786874,0.03847696678760826,0.0404815673828125,0.9504811516745928
Batch_3/x77cy643,Batch_3,768,512,2,2,0.8429608941078186,True,0.2575085163116455,0.10087203979492188,-0.11647477703476487,0.0628205128205128,0.13376937764213248,-0.017719780219780216,0.39775287683337096,0.011584249084249085,0.4011246358377251,-0.00879120879120879,0.3089861601881287,0.0,0.027923583984375,0.0,0.9989353396355628,0.94140625,1.0611097383680668,0.001064611507489424,0.0272979736328125,0.0389996533006299,0.026536547124945475,0.027923583984375,0.9503274056723643,0.9116880043486665,0.94140625,0.9684320710093719,0.056414231489758646,0.0272979736328125,2.0666087618294147
Batch_3/x77cy643,Batch_3,768,768,2,2,0.7483420968055725,True,0.6015476584434509,0.12817716598510742,0.1500739745038542,0.05911172161172161,-0.08043375876260857,-0.32788461538461533,0.08487545130658093,-0.21327838827838827,-0.006628017889451006,-0.13855311355311356,-0.07737290327893848,0.000930411691531876,0.000885009765625,1.051301045107466,0.9963095750697133,0.938934326171875,1.0611067753074517,0.002688843002934344,0.0557098388671875,0.04826513695982064,0.0018036599121286153,0.000885009765625,2.0380113103665676,0.8794815519774073,0.938934326171875,0.9366805829361226,0.11240001692158424,0.0557098388671875,2.0175972360922882
Batch_3/x77cy643,Batch_3,768,1024,2,1,0.9457248449325562,False,1.1845343112945557,0.0738680362701416,0.10464711264859823,-0.13223443223443224,0.0870978844654926,0.16675824175824172,-0.35827744872501277,0.24235347985347983,-0.28581163841746576,0.075503663003663,-0.14743203835094548,0.02345239561407691,0.0275421142578125,0.8515103595369221,0.8870744853215038,0.8909759521484375,0.9956211311679894,0.08212074249440318,0.0750579833984375,1.0940973734729025,0.015466552700942776,0.0275421142578125,0.5615601095894658,0.9603547834936224,0.8909759521484375,1.0778683545587169,0.022981764606072756,0.0750579833984375,0.3061868113892222
Batch_3/x77cy643,Batch_3,768,1280,2,1,0.5786392092704773,False,1.304832935333252,0.23617267608642578,0.2541628324460866,0.07165750915750914,-0.0906864469567609,-0.0921245421245421,-0.038663866841406866,-0.07664835164835164,-0.1288641214606411,0.06684981684981685,-0.11585268842778443,0.26125301722420163,0.2542266845703125,1.0276380611491074,0.6589553097490214,0.6633148193359375,0.993427691557863,0.045482737172717766,0.067596435546875,0.6728570346165308,0.2410678850731766,0.2542266845703125,0.9482398965341637,0.692039325096412,0.6633148193359375,1.043304483667697,0.06020509026066074,0.067596435546875,0.8906548070705784
Batch_3/x77cy643,Batch_3,768,1536,2,2,0.547073483467102,True,0.6300719380378723,0.10841032862663269,-0.1842275928987309,0.19505494505494506,-0.07019722367544973,-0.2787545787545787,0.08088040663846723,-0.23763736263736263,-0.008344803859524397,-0.27078754578754577,-0.16749213460902537,0.0032256442124786082,0.0042266845703125,0.7631618018375381,0.9423244954562691,0.9672088623046875,0.9742719821765038,0.05335063123526006,0.02734375,1.9511087994609393,0.00969151572863573,0.0042266845703125,2.2929356490681267,0.9391167888288905,0.9672088623046875,0.9709555251501123,0.04866406667230409,0.02734375,1.7797144383014067
Batch_3/x77cy643,Batch_3,768,1792,2,2,0.6105760931968689,True,0.645244836807251,0.13404330611228943,-0.13726830329503073,-0.3834521915566191,0.23096715621118472,-0.13424908424908424,0.3390381233686001,-0.16959706959706958,0.271272172323811,-0.19665750915750915,0.14953887181356107,0.0,0.00042724609375,0.0,0.8591874440867892,0.9691009521484375,0.8865819832103385,0.13918935938744373,0.029296875,4.750996800424746,0.00035898612966460343,0.00042724609375,0.8402326783464089,0.9487627635724439,0.9691009521484375,0.9790133437276013,0.04893264622249572,0.029296875,1.6702343243945206
Batch_3/x77cy643,Batch_3,768,2048,2,2,0.9221771955490112,True,0.6834088563919067,0.0475383996963501,-0.05469973079347585,0.02234432234432234,-0.3304909132936914,0.06469780219780219,0.32645606307589947,0.050961538461538454,0.2493354032312839,0.08722527472527472,0.11389281751131097,0.04517622877030556,0.026947021484375,1.6764831985791309,0.915864585419245,0.9101715087890625,1.0062549492872577,0.037045542449933216,0.0576934814453125,0.6421096720441215,0.016901827133064533,0.026947021484375,0.6272243165303042,0.8519462594612294,0.9101715087890625,0.9360282663590526,0.12245985266399204,0.0576934814453125,2.122594261885052
Batch_3/x77cy643,Batch_3,768,2304,2,2,0.8848017454147339,True,0.178460955619812,0.0230141282081604,-0.11297580609817642,-0.08145604395604394,-0.1986246720849433,0.09038461538461538,0.15946828474409808,0.1673076923076923,0.050573179434370376,0.18795787545787543,-0.12746458642570233,0.0,0.0,,0.9793011948989837,0.96466064453125,1.0151768919471653,0.019637186486264155,0.0320892333984375,0.6119556127264896,0.0,0.0,,0.9283172099736688,0.96466064453125,0.9623251609116475,0.06569211532197383,0.0320892333984375,2.0471699808563373
Batch_3/x77cy643,Batch_3,768,2560,2,2,0.8790510296821594,True,0.30385875701904297,0.03032839298248291,-0.1560861977545829,0.167032967032967,-0.42231293658783514,0.1407051282051282,0.31761029670049756,0.18978937728937725,0.23530443629610281,0.24166666666666664,0.0600473326466553,0.3261233627960936,0.0514984130859375,6.332687616060679,0.6253760984062227,0.88214111328125,0.7089297721087353,0.04638228023893389,0.0625762939453125,0.7412116844035044,0.019477966654489205,0.0514984130859375,0.37822459930921615,0.8616313939103221,0.88214111328125,0.9767500697313165,0.11495926474540359,0.0625762939453125,1.8371056752876787
Batch_3/x77cy643,Batch_3,768,2816,2,2,0.8899809718132019,True,0.4231441617012024,0.04299616813659668,0.38532033950841865,0.4503663003663004,0.22729776507743935,0.5649725274725275,0.2887840784686757,0.44482600732600724,0.3417942607292275,0.49986263736263725,0.40442599724623207,0.48512312393892965,0.17218017578125,2.8175318194312027,0.45514649519886424,0.791717529296875,0.574884953732274,0.0442688184607352,0.0303192138671875,1.460091236357696,0.160058251395904,0.17218017578125,0.9295974444773099,0.7742333143962383,0.791717529296875,0.9779160947514142,0.05985417641440616,0.0303192138671875,1.9741335206313648
Batch_3/x77cy643,Batch_3,768,3072,2,2,0.6738443374633789,True,3.0436220169067383,0.20611664652824402,-0.18263906896408189,-0.0499084249084249,0.49392753983084325,-0.25989010989010985,0.5273846340199976,-0.36927655677655674,0.5093498853029672,-0.31245421245421245,0.49672326961925206,0.08074473458952572,0.110321044921875,0.7319069054023731,0.878194219783277,0.839752197265625,1.045777817126083,0.03234230710787941,0.0359344482421875,0.9000362796696326,0.17834341584563856,0.110321044921875,1.6165856294411851,0.7682915400603272,0.839752197265625,0.9149026850563943,0.035401862172060865,0.0359344482421875,0.9851789551202467
Batch_3/x7u69zsw,Batch_3,0,0,2,2,0.86244797706604,True,0.4851697087287903,0.02539503574371338,-0.0060526691143250495,0.03791208791208791,-0.16908349803401573,-0.31405677655677655,-0.010494361658297424,-0.3463827838827839,0.01689224003769805,-0.3174908424908425,0.057880086777671105,0.08889650740434317,0.0712890625,1.2469866244116083,0.9022319944009458,0.9110260009765625,0.990347139855295,0.0045207546905938365,0.0102691650390625,0.4402261209550634,0.10412879918966256,0.0712890625,1.4606560324686912,0.8654536808871786,0.9110260009765625,0.9499769270684555,0.01835532490053196,0.0102691650390625,1.7874213561385774
Batch_3/x7u69zsw,Batch_3,0,256,2,2,0.7873642444610596,True,0.7938958406448364,0.04099458456039429,0.5108045071033185,-0.27738095238095234,-0.21315776118058494,-0.32055860805860803,-0.17644433137801935,-0.3229395604395604,-0.2196392961987546,-0.31872710622710615,-0.2205554142225242,0.15643093926891868,0.1490325927734375,1.0496424732187832,0.8004985264359101,0.801971435546875,0.9981633895601775,0.006509522568155015,0.014312744140625,0.4548060458705832,0.1640632311623755,0.1490325927734375,1.10085470640498,0.7958365906537529,0.801971435546875,0.9923502950090253,0.009795345672272455,0.014312744140625,0.6843792899552746
Batch_3/x7u69zsw,Batch_3,0,512,2,2,0.8310049176216125,True,0.6721766591072083,0.05726116895675659,0.2469560446388455,-0.0336080586080586,-0.40098746328344287,0.18717948717948715,0.20456291986561603,0.02106227106227106,-0.16216979509238652,-0.017307692307692305,-0.2575313360681761,0.09830439011007215,0.07659912109375,1.283361854632209,0.8267384253110358,0.862213134765625,0.9588562177677422,0.062311961810288724,0.049468994140625,1.2596165111656636,0.1080820590069434,0.07659912109375,1.4110091273065821,0.73744848274389,0.862213134765625,0.8552972032191904,0.13454931454626556,0.049468994140625,2.719871646546595
Batch_3/x7u69zsw,Batch_3,0,768,2,2,0.8476652503013611,True,0.821554958820343,0.03941607475280762,-0.023933583370980036,0.09903846153846152,0.001419982936842835,-0.3494963369963369,-0.3436587736665603,-0.33548534798534796,-0.27556830154988693,-0.1522435897435897,-0.2277469407091153,0.15885361210682816,0.1442413330078125,1.1013043819986343,0.795456964557478,0.7867584228515625,1.0110561786861947,0.02235966748447086,0.0364532470703125,0.6133793086070667,0.08403678047518565,0.1442413330078125,0.5826123394924115,0.8666822540808777,0.7867584228515625,1.1015862416059503,0.021984659220750373,0.0364532470703125,0.6030919324784833
Batch_3/x7u69zsw,Batch_3,0,1024,2,2,0.8513797521591187,True,0.4495939016342163,0.01796424388885498,0.01803073786577169,-0.27097069597069595,-0.058754939440310794,-0.24304029304029304,0.1280986306718582,-0.2624542124542124,0.08776490367530396,-0.3136904761904762,0.18083566779263757,0.044085259030027135,0.0800323486328125,0.550843000150974,0.9269696569064192,0.8883056640625,1.0435255502786018,0.023175736596649038,0.021636962890625,1.0711178234118415,0.08513508738482757,0.0800323486328125,1.0637584531653117,0.8713609443725064,0.8883056640625,0.9809246744949255,0.03345836335970708,0.021636962890625,1.546352116461046
Batch_3/x7u69zsw,Batch_3,0,1280,2,2,0.8474369645118713,True,0.5819230079650879,0.030808329582214355,-0.03272583832916434,-0.22055860805860802,0.04499227421484971,-0.23402014652014652,-0.19881752273252512,-0.2706959706959707,-0.21430591175891583,-0.2898351648351648,-0.22190051559057844,0.04003148459812376,0.04620361328125,0.8664145887128926,0.9375316733690497,0.9207763671875,1.0181969333473757,0.016118791570503103,0.017974853515625,0.8967411921600097,0.05236832733337069,0.04620361328125,1.1334249339893598,0.9160478153977872,0.9207763671875,0.9948646034387741,0.00978343408234197,0.017974853515625,0.5442844957728042
Batch_3/x7u69zsw,Batch_3,0,1536,2,2,0.8344627022743225,True,0.04546082019805908,0.017832458019256592,-0.0799532887849036,0.3375457875457875,0.03925479612741183,-0.018727106227106226,0.061483139527055426,-0.05938644688644688,0.12970352952781725,0.07184065934065934,0.22356671980095147,0.20646390659248437,0.205657958984375,1.0039188739015474,0.7654235720014063,0.71820068359375,1.0657516617379996,0.0,0.0498809814453125,0.0,0.2847822184677244,0.205657958984375,1.3847371620048068,0.6382450562034293,0.71820068359375,0.8886723039718692,0.05368508035867267,0.0498809814453125,1.076263513730796
Batch_3/x7u69zsw,Batch_3,0,1792,2,2,0.8655665516853333,True,0.44231218099594116,0.022523105144500732,0.03204188448758153,-0.13855311355311356,0.23956763814012574,-0.14217032967032966,0.2565877359217013,-0.17060439560439558,0.4605073420010912,-0.1393315018315018,0.41440837270605446,0.11683072755453834,0.1370697021484375,0.852345381388648,0.7888813772580421,0.7560882568359375,1.0433720800787682,0.061836624428694836,0.0689697265625,0.8965763315395896,0.19495276261587222,0.1370697021484375,1.4222892408765224,0.6914419714640933,0.7560882568359375,0.9144990220554745,0.0511083039080559,0.0689697265625,0.7410251780792814
Batch_3/x7u69zsw,Batch_3,0,2048,2,2,0.862899124622345,True,0.39323294162750244,0.024195313453674316,0.010472528797564044,-0.3371336996336996,-0.3476329581160756,0.08887362637362636,-0.17477894341142444,-0.01552197802197802,-0.20062798604523674,-0.308058608058608,-0.4012559720904735,0.24038952323582388,0.3036041259765625,0.7917860880928258,0.672163287988467,0.6390228271484375,1.0518611533611637,0.060143664107902936,0.0355377197265625,1.692389510938397,0.10811641366647376,0.3036041259765625,0.3561098299264223,0.8443354917931981,0.6390228271484375,1.3212915969855783,0.03763937213405476,0.0355377197265625,1.059138639835729
Batch_3/x7u69zsw,Batch_3,0,2304,2,2,0.8659148216247559,True,0.10562711954116821,0.014490723609924316,0.010403781343750713,0.11249999999999999,-0.027086496802452294,0.14478021978021977,-0.21254421137288074,0.14487179487179486,-0.18525147220898847,0.09876373626373625,-0.1193455798199421,0.056523611914853604,0.023956298828125,2.359446770988437,0.922975658649306,0.9585418701171875,0.9628955055833572,0.013908088094226778,0.0136566162109375,1.0184139232885432,0.04000906034904327,0.023956298828125,1.6700852095763694,0.9384448429206486,0.9585418701171875,0.9790337513435048,0.01652686552357051,0.0136566162109375,1.2101728032991252
Batch_3/x7u69zsw,Batch_3,0,2560,2,2,0.8682537078857422,True,0.2781197428703308,0.024197399616241455,0.2614293645195645,0.339010989010989,0.09545748287885597,-0.5393772893772893,-0.4254630231576566,-0.43507326007326,-0.47906411881334493,-0.24033882783882782,-0.43000861758045933,0.0,0.0076751708984375,0.0,0.9937162950766391,0.9358062744140625,1.0618824881237687,0.005857894564047675,0.0492401123046875,0.11896590584116158,0.008954923187799217,0.0076751708984375,1.166739256532027,0.9399317080971947,0.9358062744140625,1.0044084270387215,0.044566689038866604,0.0492401123046875,0.9050891022160402
Batch_3/x7u69zsw,Batch_3,0,2816,2,2,0.859666645526886,True,0.4117628335952759,0.024880528450012207,-0.03753171086113015,-0.07055860805860804,-0.13177697988310597,-0.033424908424908424,-0.0856943250449942,-0.008928571428571428,-0.1336720539536803,-0.017948717948717947,-0.13052900427565461,0.07066317576924915,0.072998046875,0.9680146085312525,0.9078808288832658,0.900146484375,1.0085923176310976,0.01567668063113471,0.020751953125,0.755431574883856,0.05476136332489804,0.072998046875,0.7501757330394059,0.9228489193125181,0.900146484375,1.025220822756733,0.01878615721222889,0.020751953125,0.905271764015171
Batch_3/x7u69zsw,Batch_3,0,3072,2,2,0.8676382899284363,True,0.5519608855247498,0.022709906101226807,-0.1921024677901874,-0.08374542124542124,-0.1781246912922896,0.0829212454212454,-0.2632787770623775,0.10352564102564102,-0.2600142305776711,0.09478021978021976,-0.2634626951741919,0.028867552751951332,0.0251007080078125,1.1500692627063116,0.9490827686078308,0.9579925537109375,0.9906995257232499,0.013253517186265353,0.0102996826171875,1.286788892324572,0.01543568834533306,0.0251007080078125,0.6149503169603328,0.9627992725496158,0.9579925537109375,1.0050174908145775,0.011413329568085228,0.0102996826171875,1.108124394924494
Batch_3/x7u69zsw,Batch_3,256,0,2,2,0.8561366200447083,True,0.45675843954086304,0.021511971950531006,0.1497125470179616,0.06501831501831501,-0.2982996084876139,-0.22838827838827835,-0.5946468440853034,-0.26634615384615384,-0.5926025948240886,-0.2074175824175824,-0.44498023525298713,0.2312094811544068,0.1775970458984375,1.3018768413897417,0.7363028625635658,0.77001953125,0.9562132292518597,0.018724199632082522,0.0289459228515625,0.6468682905050923,0.11545825671169956,0.1775970458984375,0.6501136104354276,0.8469210818610554,0.77001953125,1.0998696104321126,0.03396118428619517,0.0289459228515625,1.1732631383131717
Batch_3/x7u69zsw,Batch_3,256,256,2,2,0.87801593542099,True,0.3961547613143921,0.031635582447052,0.025096785422805416,0.39473443223443216,-0.2942621242840008,0.3141025641025641,-0.49200349356092055,0.18250915750915747,-0.5806062590711386,0.2191391941391941,-0.4888779713911062,0.18641670024670118,0.0914154052734375,2.039226317370691,0.7833657388100309,0.8846588134765625,0.8855004063448296,0.020535725703245942,0.0180816650390625,1.1357209448843257,0.10070379328340155,0.0914154052734375,1.1016063756670011,0.8901472572222603,0.8846588134765625,1.0062040231353477,0.006535492659284099,0.0180816650390625,0.36144307756864363
Batch_3/x7u69zsw,Batch_3,256,512,2,2,0.8617269992828369,True,1.0768942832946777,0.07344156503677368,0.18246558036873087,0.25847069597069594,0.09951833414827888,-0.01987179487179487,-0.10507263231799369,0.017948717948717947,-0.09423945572251685,0.08003663003663003,-0.029699429056243738,0.09385309151237621,0.06329345703125,1.4828245432389313,0.8825044702703816,0.90338134765625,0.9768902939605386,0.014408678263163542,0.025238037109375,0.5709112083764727,0.07349252982900667,0.06329345703125,1.161139449101683,0.9022198962486702,0.90338134765625,0.9987143287709082,0.015437564330298336,0.025238037109375,0.6116784860643482
Batch_3/x7u69zsw,Batch_3,256,768,2,2,0.879202127456665,True,0.23097985982894897,0.012036621570587158,0.12893180468671758,0.07284798534798534,-0.15396621626529078,-0.16437728937728935,-0.5989460044888306,-0.29830586080586075,-0.5387900557872043,-0.20439560439560436,-0.35511266973635414,0.38754632163997904,0.2830810546875,1.3690295243099218,0.5716311881578169,0.6446685791015625,0.8867055207723422,0.02568862897638179,0.0561370849609375,0.45760532443494345,0.2705353627297971,0.2830810546875,0.9556816263400164,0.674601907947009,0.6446685791015625,1.0464321200316027,0.04544751737403607,0.0561370849609375,0.8095809998980233
Batch_3/x7u69zsw,Batch_3,256,1024,2,2,0.8943507671356201,True,0.5215398073196411,0.017827987670898438,-0.01939479138779571,-0.10833333333333331,-0.2761121364948127,-0.12760989010989007,-0.18179751265392433,-0.2074175824175824,-0.2608897470367792,-0.2724358974358974,-0.22145825627199356,0.015067000893409462,0.01702880859375,0.8847947764789269,0.9188296011374301,0.9112548828125,1.0083124035522877,0.05643726792270526,0.06024169921875,0.9368472113937213,0.013689228097874895,0.01702880859375,0.80388642708094,0.9061981695662907,0.9112548828125,0.9944508245260621,0.07039283320165082,0.06024169921875,1.1685067671487812
Batch_3/x7u69zsw,Batch_3,256,1280,2,2,0.879889726638794,True,0.74493008852005,0.026841819286346436,0.3119303951716269,-0.2856717682395064,0.1296099138742097,-0.07385531135531134,0.266315555413744,-0.08365384615384615,0.34550035254364314,-0.1745421245421245,0.3193038783051803,0.034687502130272656,0.04937744140625,0.7024969529077716,0.9252948894074766,0.915008544921875,1.0112418015576892,0.033561140890444714,0.0283966064453125,1.1818715364837102,0.07145205557314226,0.04937744140625,1.4470586878990888,0.8861579393422548,0.915008544921875,0.968469577973085,0.03267823743182094,0.0283966064453125,1.1507796713228464
Batch_3/x7u69zsw,Batch_3,256,1536,2,2,0.8742269277572632,True,0.35415488481521606,0.01661074161529541,0.10432561960042674,-0.13049450549450547,-0.09249653679676763,-0.3771978021978022,-0.2522925155638678,-0.40970695970695964,-0.28752710395379616,-0.45361721611721606,-0.22544164605420267,0.053971347245595346,0.0644683837890625,0.8371754350502572,0.9192348813476859,0.8947601318359375,1.0273534198059644,0.019671148897187945,0.032867431640625,0.5984997280065502,0.050404629802379516,0.0644683837890625,0.7818503712967442,0.899726302150196,0.8947601318359375,1.0055502811731996,0.04092794608270567,0.032867431640625,1.2452432100632307
Batch_3/x7u69zsw,Batch_3,256,1792,2,2,0.8464545011520386,True,0.5966856479644775,0.025996744632720947,-0.026318227556961556,0.03745421245421245,-0.21283834898852885,0.1216117216117216,0.1140762197939379,0.12641941391941391,0.018569481115974614,0.10659340659340658,-0.00861990728346476,0.027328642870915545,0.0228729248046875,1.1948031615665917,0.9316377936894724,0.939453125,0.9916809778981495,0.0353692782249964,0.0329437255859375,1.0736271504184178,0.010189279037296696,0.0228729248046875,0.44547337624301286,0.9444513478140599,0.939453125,1.0053203535983342,0.04174791211468142,0.0329437255859375,1.2672492674144333
Batch_3/x7u69zsw,Batch_3,256,2048,2,2,0.8511145710945129,True,0.8570584654808044,0.03418576717376709,0.14995879562557124,-0.30869963369963366,-0.24305878728800961,0.04478021978021978,-0.06130304569111346,-0.031456043956043955,-0.1271877838852997,-0.07440476190476189,-0.15032533102581705,0.08266209734205944,0.0932769775390625,0.8862004271894663,0.8687788380778657,0.8654022216796875,1.0039017884558055,0.03304964956611811,0.0272064208984375,1.2147738833231163,0.07956534191489785,0.0932769775390625,0.8530008584548905,0.8736480374766704,0.8654022216796875,1.0095283044004422,0.03521810635948678,0.0272064208984375,1.2944777444617641
Batch_3/x7u69zsw,Batch_3,256,2304,2,2,0.8574690818786621,True,0.32496213912963867,0.015052080154418945,0.04389261417943699,0.13891941391941393,0.0108127943072517,-0.26593406593406593,0.06964172604670588,-0.2689560439560439,0.19435539598034626,-0.2776556776556776,0.19687532685703626,0.05738876509462092,0.04937744140625,1.1622466344997147,0.9028138115852908,0.9077911376953125,0.9945171021137549,0.025778901740053508,0.029754638671875,0.8663826176595624,0.11290863934645029,0.04937744140625,2.286644186714761,0.8388587089085369,0.9077911376953125,0.9240657614682378,0.03487109586367136,0.029754638671875,1.1719549428315725
Batch_3/x7u69zsw,Batch_3,256,2560,2,2,0.8614218831062317,True,0.22605746984481812,0.01675248146057129,-0.12132321748136655,0.23402014652014652,-0.11211401555019031,-0.37010073260073256,-0.007422341854977862,-0.20412087912087912,-0.07330708004916407,-0.01543040293040293,-0.1898195204023042,0.016024500249671197,0.0400390625,0.4002216647722758,0.9660027630172144,0.8993682861328125,1.0740903119576555,0.011275391850751935,0.049072265625,0.22977116925711405,0.04365327824790142,0.0400390625,1.0902672420939281,0.8701998463491397,0.8993682861328125,0.9675678582029016,0.06915387405357262,0.049072265625,1.409225214544445
Batch_3/x7u69zsw,Batch_3,256,2816,2,2,0.8911363482475281,True,0.596131443977356,0.030531227588653564,0.27712210490514066,0.01561355311355311,-0.1409613226525361,0.2754120879120879,0.2684627569110057,0.18333333333333332,0.19650058909767742,0.11904761904761903,0.16670967570671452,0.1038892743332865,0.06109619140625,1.7004214492273386,0.8343778884034829,0.889678955078125,0.9378415479437906,0.042209499597312745,0.038421630859375,1.0985868807027355,0.11915702320595824,0.06109619140625,1.9503183498565633,0.8162629560773791,0.889678955078125,0.9174803466107625,0.04277067141805599,0.038421630859375,1.1131925028013174
Batch_3/x7u69zsw,Batch_3,256,3072,2,2,0.8786798715591431,True,0.38909292221069336,0.0227472186088562,0.2510392414634567,0.3192307692307692,-0.0543487017601298,0.07509157509157507,-0.06983109636183554,-0.005906593406593406,-0.11985114045965412,0.07774725274725273,-0.14062411664862914,0.1793345168594933,0.0835723876953125,2.1458584803548937,0.7988237604600996,0.887359619140625,0.9002255041014047,0.008495862671204002,0.0210418701171875,0.40375986658449997,0.13233238738062758,0.0835723876953125,1.5834462916517817,0.8117949849462192,0.887359619140625,0.9148432804869041,0.05068131841860736,0.0210418701171875,2.4085938244248384
Batch_3/x7u69zsw,Batch_3,512,0,2,2,0.8751084208488464,True,0.48711949586868286,0.02110391855239868,0.008895010707405124,-0.19652014652014652,-0.15845957218965007,0.03072344322344322,-0.2789090213048731,-0.0077380952380952375,-0.2732694011140956,-0.028846153846153844,-0.2789548718755298,0.004535999855904143,0.0112762451171875,0.40226155149733955,0.9836844038246075,0.97857666015625,1.0052195641653072,0.010944963059997108,0.009063720703125,1.2075574058922063,0.019829235076044754,0.0112762451171875,1.7584962786788485,0.9717877903084143,0.97857666015625,0.9930625058574852,0.006931030733100493,0.009063720703125,0.7647003874149393
Batch_3/x7u69zsw,Batch_3,512,256,2,2,0.8113381266593933,True,0.7886340022087097,0.04229658842086792,-0.16005473680652044,-0.10675488502170367,0.03522072158237421,-0.452518315018315,-0.1604685525581029,-0.43708791208791203,-0.09430401183285649,-0.3417582417582417,-0.014575510361294735,0.008801554892049509,0.024993896484375,0.3521481693561396,0.9798917172669829,0.938720703125,1.04385864081289,0.00865345804055252,0.023406982421875,0.3696955841888201,0.04369083367228473,0.024993896484375,1.7480601193814727,0.9190636855372677,0.938720703125,0.9790597804839137,0.02148596422949772,0.023406982421875,0.9179296947486066
Batch_3/x7u69zsw,Batch_3,512,512,2,2,0.8742138147354126,True,0.457988977432251,0.02617579698562622,0.23663843075198887,-0.23708791208791208,-0.3328600957432659,-0.16543040293040293,-0.21891459241232958,-0.2224358974358974,-0.1356995684765131,-0.24043040293040288,-0.12741012470525123,0.028820758926818107,0.032806396484375,0.8785103521060239,0.9534323588066625,0.9520111083984375,1.0014928926728766,0.013296130700531308,0.0095062255859375,1.3986761181220222,0.008333167950334825,0.032806396484375,0.2540104626944852,0.9714511755281305,0.9520111083984375,1.0204200003111277,0.01583547718429044,0.0095062255859375,1.6658006946222446
Batch_3/x7u69zsw,Batch_3,512,768,2,2,0.8315837979316711,True,0.4678903818130493,0.029375016689300537,0.37938498231805495,0.1917146487608292,0.1386951633687354,-0.5347527472527471,-0.5169623814261735,-0.439514652014652,-0.5352814864261838,-0.32019230769230766,-0.4923374538507825,0.0001668114429485745,0.011138916015625,0.014975554417914764,0.9808417287542365,0.9512481689453125,1.0311102410233657,0.01788094229570897,0.03369140625,0.5307270988639416,0.0028370165251624044,0.011138916015625,0.2546941301274566,0.975190370334292,0.9512481689453125,1.0251692483314057,0.019460246798545078,0.03369140625,0.5776026875858017
Batch_3/x7u69zsw,Batch_3,512,1024,2,2,0.8833081722259521,True,0.9322038292884827,0.02990591526031494,-0.00820122958050023,-0.051327838827838826,-0.40241005254488,-0.10856227106227105,-0.08063778805408048,-0.11799450549450548,-0.14611017392299014,-0.08905677655677655,-0.10624944914625718,0.009806256443645666,0.008544921875,1.1476121826620758,0.9545241508147921,0.9478912353515625,1.0069975491025291,0.03296181992596547,0.0403289794921875,0.8173234319591649,0.0015976333337857313,0.008544921875,0.18696874671961014,0.9545120066454487,0.9478912353515625,1.0069847373274114,0.041193556301957916,0.0403289794921875,1.0214381028396193
Batch_3/x7u69zsw,Batch_3,512,1280,2,2,0.8533208966255188,True,0.3591899275779724,0.03263157606124878,0.24413199226144539,0.11364468864468863,-0.0019101579334181717,0.018177655677655676,-0.15695514585436063,0.13548534798534798,-0.00023013951005038217,0.2476190476190476,0.17315696736190753,0.2734335959326748,0.2532501220703125,1.0796977853252863,0.6937985494362967,0.693267822265625,1.0007655442148422,0.021207953770709217,0.03546142578125,0.5980569958335625,0.4230861591262154,0.2532501220703125,1.6706256868407334,0.5396101455367888,0.693267822265625,0.7783574085024209,0.026676443637824968,0.03546142578125,0.7522665276456528
Batch_3/x7u69zsw,Batch_3,512,1536,2,2,0.857795774936676,True,0.3646228313446045,0.01723378896713257,0.057916268612205855,0.1841575091575091,-0.13624658833920902,-0.2814102564102564,0.06975183083157148,-0.17225274725274722,0.03197436770115444,-0.10489926739926737,0.010252899829566738,0.09670275663402284,0.0706024169921875,1.3696805400404841,0.8733272106759851,0.8792724609375,0.9932384436842524,0.02465335567711668,0.0443115234375,0.5563644344543798,0.09726885307577579,0.0706024169921875,1.3776986287387167,0.8273016426767323,0.8792724609375,0.9408933856459518,0.0675882222499263,0.0443115234375,1.5252967401415876
Batch_3/x7u69zsw,Batch_3,512,1792,2,2,0.870133101940155,True,0.3710034489631653,0.020229101181030273,0.09866080795859881,0.0635989010989011,-0.2447533689385814,0.0628205128205128,-0.5446481644852343,0.1514194139194139,-0.5347061376510579,0.16318681318681316,-0.48941468207314265,0.005171164480483721,0.0077362060546875,0.6684367561991739,0.9729863707319149,0.9666748046875,1.0065291512862542,0.017467505138165064,0.0219573974609375,0.7955180102396009,0.0015684597894887963,0.0077362060546875,0.20274276284800347,0.9911981737316862,0.9666748046875,1.0253687888887453,0.006311161404378768,0.0219573974609375,0.28742757039427863
Batch_3/x7u69zsw,Batch_3,512,2048,2,2,0.8469696640968323,True,0.5202294588088989,0.022482454776763916,0.14262808762065485,0.05521978021978021,0.3898103981614299,0.14913003663003663,0.2593237956739179,0.2084249084249084,0.27636769178534853,0.2369047619047619,0.31586188116183567,0.1325838539692255,0.1134490966796875,1.1686638135477019,0.8298292113971198,0.8545074462890625,0.9711199299677086,0.021999650907942946,0.0199737548828125,1.1014279006134062,0.2651234555274103,0.1134490966796875,2.3369375630725435,0.7053497324761926,0.8545074462890625,0.8254459753854352,0.012006561071994394,0.0199737548828125,0.6011168727381395
Batch_3/x7u69zsw,Batch_3,512,2304,2,2,0.8463976979255676,True,0.33712059259414673,0.026607811450958252,0.110110505191018,0.29821428571428565,-0.0165681363690127,-0.202518315018315,-0.3182319637019078,-0.02394688644688644,-0.3535910707798976,0.005128205128205127,-0.27641059596546497,0.0016017088785472407,0.00115966796875,1.3811788561114733,0.9665001723327383,0.8766937255859375,1.102437651971079,0.028157456191112235,0.1116790771484375,0.2521283029021357,0.00042651156321895376,0.00115966796875,0.3677876553568073,0.8741453309682967,0.8766937255859375,0.9970931757086119,0.11489336487612879,0.1116790771484375,1.0287814674848992
Batch_3/x7u69zsw,Batch_3,512,2560,2,2,0.8374186158180237,True,0.9341482520103455,0.04335522651672363,0.11332950398690128,-0.190018315018315,-0.3339017023627045,0.12829670329670328,-0.26451207294551177,0.1383241758241758,-0.3163992536318535,0.2084249084249084,-0.192389121482425,0.043705944548034566,0.0717620849609375,0.6090395028492437,0.9018373822881417,0.888214111328125,1.015337823151274,0.050889713365204,0.0377044677734375,1.3496998199522499,0.04139628074170215,0.0717620849609375,0.5768544874948315,0.8899110185756843,0.888214111328125,1.0019104709392896,0.06591252343539412,0.0377044677734375,1.7481356276252487
Batch_3/x7u69zsw,Batch_3,512,2816,2,2,0.8470562100410461,True,0.7218376398086548,0.029402971267700195,0.03981827120782726,0.31671245421245414,-0.21872461447532823,-0.3230311355311355,-0.4981422058494232,-0.24858058608058603,-0.44931194716268824,-0.10448717948717948,-0.41698833901129956,0.07040980535518003,0.0738372802734375,0.9535806992678402,0.8817777060438691,0.844482421875,1.0441634819183834,0.028993281154915878,0.0567169189453125,0.5111928097305803,0.004155894085886596,0.0738372802734375,0.05628449572487372,0.9713751393537836,0.844482421875,1.15026093402518,0.020781811588146525,0.0567169189453125,0.3664129147809445
Batch_3/x7u69zsw,Batch_3,512,3072,2,2,0.8669570684432983,True,0.8721327781677246,0.03894650936126709,0.13665115707813233,-0.10309183942799306,0.025564910182506603,-0.00206043956043956,-0.15196233988668484,-0.048534798534798536,-0.19260824259767714,-0.055769230769230765,-0.17417045188827907,0.0032549884860416075,0.0023345947265625,1.3942413426223712,0.9377554907573488,0.9497833251953125,0.9873362333082755,0.05226790467681997,0.0424346923828125,1.2317257824164234,0.0006465193864529427,0.0023345947265625,0.2769300294809154,0.947288597549048,0.9497833251953125,0.9973733718206187,0.04807134994078219,0.0424346923828125,1.132831351930637
Batch_3/x7u69zsw,Batch_3,768,0,2,2,0.8370003700256348,True,0.13573598861694336,0.011457502841949463,0.22611960978524986,0.18548747125152118,0.13539330563879703,-0.09693223443223442,0.03832924770009818,0.02289377289377289,0.1107646403596849,0.08914835164835164,0.18723952259724608,0.10430533974014734,0.138824462890625,0.7513469713354909,0.8546381416143035,0.796905517578125,1.072446008670681,0.025463385862754227,0.0519561767578125,0.4900935259622499,0.21727077840284034,0.138824462890625,1.5650755917134034,0.7163785129430357,0.796905517578125,0.8989503738412818,0.04537033765313202,0.0519561767578125,0.8732424224480646
Batch_3/x7u69zsw,Batch_3,768,256,2,2,0.8314889669418335,True,0.3077789545059204,0.02757704257965088,0.044826007326007326,-0.2826923076923077,0.10718864468864468,0.1541208791208791,-0.21336996336996336,-0.004487179487179487,-0.20576923076923076,-0.23131868131868127,0.08869047619047618,0.13863839162076724,0.278167724609375,0.49839855366201874,0.8166597648610175,0.6939544677734375,1.1768203863306503,0.03974798090969731,0.0218963623046875,1.815277823622246,0.25866158477548434,0.278167724609375,0.9298763367990204,0.7171761506770619,0.6939544677734375,1.033462833632488,0.020406772421904112,0.0218963623046875,0.9319708971720613
Batch_3/x7u69zsw,Batch_3,768,512,2,2,0.7505289912223816,True,1.1574227809906006,0.0959135890007019,0.11939334449207802,-0.39793956043956036,-0.3260462726173619,-0.21300366300366297,-0.1708211433219669,-0.27326007326007323,-0.21884951641410527,-0.29766483516483516,-0.23678837790858642,0.030999347754999844,0.089141845703125,0.34775303910846794,0.9538300737779631,0.89227294921875,1.068989118871205,0.01316992193919775,0.011505126953125,1.1447002708319147,0.1120921817995171,0.089141845703125,1.257458614586298,0.8588005975099043,0.89227294921875,0.962486421068628,0.022289742516523152,0.011505126953125,1.9373747553884102
Batch_3/x7u69zsw,Batch_3,768,768,2,2,0.8062300086021423,True,0.6427884697914124,0.03779357671737671,-0.025449754847484112,0.2500457875457875,-0.08089714492133489,0.0950091575091575,-0.5396128976822602,0.07559523809523809,-0.5786833245735693,0.13136446886446887,-0.42970578852593216,0.033741233805025424,0.0146026611328125,2.3106222556386062,0.94334958674845,0.960662841796875,0.9819778029344391,0.019620473466937613,0.02215576171875,0.8855697996757737,0.014652352347853687,0.0146026611328125,1.003402887637345,0.9697112757081576,0.960662841796875,1.00941894858175,0.014364127928824773,0.02215576171875,0.6483247162145044
Batch_3/x7u69zsw,Batch_3,768,1024,2,2,0.8136219382286072,True,1.2271699905395508,0.05639249086380005,0.22008182072638224,-0.11474358974358974,-0.4151621631211588,-0.06675824175824176,-0.029244848507153448,-0.1134157509157509,-0.09330826958988254,-0.10911172161172158,-0.1845521969322013,0.010415207324152279,0.00506591796875,2.0559368289025413,0.9524816094070432,0.9666900634765625,0.9853019549839783,0.03157758050952134,0.025238037109375,1.2511900340217599,0.00455276590738722,0.00506591796875,0.8987050195979785,0.9444087539499488,0.9666900634765625,0.9769509273256807,0.04635886625077441,0.025238037109375,1.8368649689303214
Batch_3/x7u69zsw,Batch_3,768,1280,2,2,0.8988157510757446,True,0.33639705181121826,0.01881951093673706,0.07220610439256396,-0.09963369963369961,-0.12569550574054972,-0.028159340659340656,-0.135696097073192,-0.051556776556776554,-0.11388288065726815,-0.11611721611721611,-0.0630312499589472,0.10538104472330054,0.093048095703125,1.1325438089514963,0.855746923627919,0.871124267578125,0.9823477033960292,0.022701376119867354,0.022918701171875,0.9905175668386331,0.16347284023678274,0.093048095703125,1.7568638992715306,0.7948169718066206,0.871124267578125,0.912403662012939,0.02771250100796844,0.022918701171875,1.2091654234741809
Batch_3/x7u69zsw,Batch_3,768,1536,2,2,0.8822180032730103,True,0.9998494982719421,0.03815346956253052,0.06286099356051354,-0.032188644688644685,-0.39722601371989225,0.04615384615384615,-0.7046440050220801,0.07953296703296703,-0.6649398921776087,0.08589743589743588,-0.5772118291056568,0.013216730364293747,0.0188751220703125,0.7002195967294705,0.9631203534190041,0.9565277099609375,1.0068922660466741,0.021609170235238794,0.0220947265625,0.9780238815860564,0.01747424156678044,0.0188751220703125,0.9257816453682481,0.9737744784069317,0.9565277099609375,1.018030599915081,0.007945267928196477,0.0220947265625,0.3596001926396991
Batch_3/x7u69zsw,Batch_3,768,1792,2,2,0.8905624151229858,True,0.860541820526123,0.03138411045074463,0.35856859450341005,-0.154532967032967,0.10920126843333286,0.01282051282051282,-0.18560551161571506,-0.07426739926739925,-0.10835385926134598,-0.04413919413919413,0.024437448284053306,0.049598574136184195,0.0454559326171875,1.0911353321883073,0.9103484811128782,0.9175567626953125,0.9921440483297622,0.025857722175289314,0.02447509765625,1.0564910726183045,0.05933116139280224,0.0454559326171875,1.305245717703487,0.9206263719995009,0.9175567626953125,1.0033454162499675,0.010913621920777989,0.02447509765625,0.4459071859102907
Batch_3/x7u69zsw,Batch_3,768,2048,2,2,0.8533307313919067,True,0.5033705234527588,0.023910582065582275,0.12369256915226569,0.0847069597069597,-0.2968156649995909,-0.215521978021978,-0.3758673069390088,-0.12170329670329669,-0.3242744853320769,-0.06543040293040292,-0.30186101979395963,0.024635316082866586,0.0185394287109375,1.3288066459314771,0.9449814933058752,0.9320068359375,1.0139212040814316,0.025769240842694417,0.0422210693359375,0.6103407906999716,0.00729297173777096,0.0185394287109375,0.39337629284490344,0.9697103408295253,0.9320068359375,1.0404541076719676,0.020004597985918488,0.0422210693359375,0.4738060475623976
Batch_3/x7u69zsw,Batch_3,768,2304,2,2,0.8596420288085938,True,1.0733554363250732,0.05026984214782715,0.20171728055915994,0.06579670329670328,-0.2913796336747888,-0.19139194139194135,0.02269175569096768,-0.2155677655677655,-0.11240013670860663,-0.18969780219780216,-0.13511490635057935,0.03416520254686423,0.0328369140625,1.0404510753305272,0.9312365243362155,0.9222259521484375,1.0097704604460402,0.02868380458477552,0.0382537841796875,0.7498292051327676,0.035360884800817574,0.0328369140625,1.0768638226330765,0.904478119421926,0.9222259521484375,0.9807554399383733,0.05530696258890896,0.0382537841796875,1.4457906263369515
Batch_3/x7u69zsw,Batch_3,768,2560,2,2,0.732718825340271,True,0.5517339110374451,0.10946828126907349,0.13935348615495136,-0.08539377289377288,0.39936361690722594,0.10586080586080586,-0.514990030176391,0.056501831501831495,-0.32138354677436615,-0.06158424908424908,0.26687788950624364,0.1485461890310169,0.3984527587890625,0.37280753051494364,0.8244257735538623,0.565460205078125,1.457973109601865,0.01592668065244952,0.014251708984375,1.117527776487079,0.6810676163214101,0.3984527587890625,1.7092807147106779,0.2972864210261493,0.565460205078125,0.5257424277718635,0.005211867644822302,0.014251708984375,0.3657012397977242
Batch_3/x7u69zsw,Batch_3,768,2816,2,2,0.8238039612770081,True,0.12440085411071777,0.01240682601928711,0.10828178833075428,-0.05325091575091574,-0.1324210405064001,0.01314102564102564,0.09310854410606258,0.03159340659340659,0.20631014192785324,-0.004578754578754578,0.29472877418264753,0.12591751463746254,0.0743560791015625,1.6934394088407028,0.845265747510608,0.8730010986328125,0.9682298783293168,0.016422553340502345,0.0315399169921875,0.5206910767891445,0.12597246181084648,0.0743560791015625,1.6941783823590468,0.8300631346866921,0.8730010986328125,0.9508156816602356,0.02576968567011124,0.0315399169921875,0.8170498887645914
Batch_3/x7u69zsw,Batch_3,768,3072,2,2,0.8147652745246887,True,0.2909465432167053,0.02195948362350464,0.24677609058170996,-0.053961240402349474,0.032017911742010824,-0.08983516483516484,-0.7075992255054053,-0.17211538461538461,-0.627038950399211,-0.13076923076923075,-0.2743180649769901,0.24767160120521312,0.3645477294921875,0.6793941675352579,0.736666399562454,0.572357177734375,1.287074624412823,0.008006872694608628,0.0445556640625,0.17970493455954487,0.4612058366550917,0.3645477294921875,1.265145272739864,0.5075239908071308,0.572357177734375,0.8867260000409525,0.02345858552634435,0.0445556640625,0.5265006373474327
