hash,stage,factor,family,view,input,train_set,aug,vae_mask,mae_mask,harmonise,seed,fold,lobo,steps,kpi_set,baseline,kpi_r2,kpi_r2_all,kpi_r2_ungated,img_r2,image_id_ratio,lift_shift,recon_kpi_err,psnr,ssim,knn_batch_acc,n_crops,emb_dim,kpi_commit_full,selection_score,selection_rank,img_r2__dyn_range_c0,img_r2__dyn_range_c1,img_r2__dyn_range_c2,img_r2__gmm_mu0_c0,img_r2__gmm_mu0_c1,img_r2__gmm_mu0_c2,img_r2__gmm_mu1_c0,img_r2__gmm_mu1_c1,img_r2__gmm_mu1_c2,img_r2__gmm_mu2_c0,img_r2__gmm_mu2_c1,img_r2__gmm_mu2_c2,img_r2__noise_sigma_c0,img_r2__noise_sigma_c1,img_r2__noise_sigma_c2,img_r2__p1_c0,img_r2__p1_c1,img_r2__p1_c2,img_r2__p99_c0,img_r2__p99_c1,img_r2__p99_c2,img_r2__sharpness_c0,img_r2__sharpness_c1,img_r2__sharpness_c2,kpi_r2__K01_si_frac_adm,kpi_r2__K04_agglom_frac,kpi_r2__frac_graphite,kpi_r2__frac_pore,kpi_r2__frac_si,kpi_r2_all__K01_si_frac_adm,kpi_r2_all__K02_si_density_per_1000um2,kpi_r2_all__K04_agglom_frac,kpi_r2_all__K04_n_clusters_per_1000um2,kpi_r2_all__frac_graphite,kpi_r2_all__frac_pore,kpi_r2_all__frac_si
0bbe44bf6fae,R2,r2_norm,vae_c,stack,norm,baseline,aug1,0.0,0.75,False,0,,,4000,gated,Batch_3,0.8115155776948416,0.6431564762796972,0.22223382859696045,0.004918027476587043,0.85,0.28092730045318604,0.31100915226616926,18.128037337875288,0.37233673654170774,0.4343891402714932,221,128,d23a116c3d07b268a245222132ccf81d8d01b545,33.7,1,0.5140040007665083,0.021970164684142146,-0.017844284248949238,0.424459219432504,0.15368643829530626,0.16807094719991666,0.2622611066377737,-0.00727770741441458,-0.1492509764366643,0.5752534457143488,-0.27864159893513496,0.08220804825427941,-0.6430914415878539,-0.40306947773302904,-0.6055767133850882,0.11629018925132462,0.35175276248506204,0.21230553742037694,0.6018016632879871,-0.16826318019348063,-0.0894052745987517,0.012311305348216894,-0.4466665169685995,-0.5692549978376917,0.9303832774298223,0.5442452516020366,0.9203328831628862,0.7324436807105517,0.9301727955689107,0.9304091523767506,0.14826519128621807,0.5442252867652249,0.2962024659077028,0.9203376205259849,0.7324558698296155,0.930199747266384
489232073a90,CLEAN,,vae_c,stack,raw,all_fields,aug1,0.0,0.75,none,0,,,4000,gated,,0.872263702032378,,,-0.08348270390807998,0.7,0.37664470076560974,0.41371654250735423,20.73179132036528,0.49056155820058295,0.2081447963800905,221,128,d23a116c3d07b268a245222132ccf81d8d01b545,33.9,2,0.5359193882028626,0.06016113043856819,-0.0031291863227371763,0.4715292892733357,0.16219332099521877,0.12844486011312606,0.1905796621514586,0.1180429596104775,-0.08688871372875573,0.659334124408943,-0.213879660423957,0.12406001306597025,-1.2367336584082471,-1.0919144545114885,-1.2788762640734417,0.06030693088328187,0.3277528621249064,0.2012407296458334,0.6357613753083593,-0.30413207606612525,-0.03198716785564115,-0.024419428982551672,-0.844275404559542,-0.562675525083774,0.969507149931452,0.7015500094186604,0.957941827378085,0.7638644583620522,0.9684550650716404,,,,,,,
12585cbeed11,B,train_set,vae_c,stack,raw,baseline,aug1,0.0,0.75,False,0,,,4000,gated,Batch_3,0.8240008718189087,0.6537764056632538,0.22823291922222128,-0.0663198035722973,1.0499999999999998,0.2611190378665924,0.4092096547308583,20.744612720171755,0.4900182204413737,0.17647058823529413,221,128,d23a116c3d07b268a245222132ccf81d8d01b545,37.1,3,0.5512644506963927,0.03602757510405874,-0.09099098507663417,0.43310126978336694,0.1476444094067827,0.1232781799375795,0.10349522669201683,0.06475589394896819,-0.0862255989868903,0.6071687927285696,-0.30702926361766614,0.14686112107251326,-0.9997615753571283,-0.815090943581779,-0.9763946645638868,0.026401014453558802,0.26486511029945936,0.1996726844515141,0.6281762011941259,-0.17819711152525342,-0.11154387213179895,-0.13969151185447592,-0.5784097436162174,-0.6410519451923118,0.9225959859190248,0.6340131833397368,0.9068310496542324,0.7359990123906841,0.9205651277908647,0.9225892673474462,0.13859115670834832,0.6339970033114544,0.31787468173609423,0.9068145596088483,0.7359960540325317,0.9205721168980532
a056fa7486d8,R2,r2_aug2,vae_c,stack,raw,baseline,aug2,0.0,0.75,False,0,,,4000,gated,Batch_3,0.7811345524282725,0.6305003276651193,0.2538651350822831,-0.08308568965071293,0.8999999999999999,0.2783281207084656,0.429456390014671,20.277435573131882,0.48268075539066063,0.19004524886877827,221,128,d23a116c3d07b268a245222132ccf81d8d01b545,37.8,4,0.3914292451055057,0.016029562298546574,-0.08476011112999626,0.31776354481907776,0.14330090324476807,0.09066621950245446,0.060618894472612816,0.07856287350168134,-0.13220369692733147,0.5614673995318457,-0.2978832931362514,0.16045447911616784,-0.9014028830024687,-0.8177925442489671,-0.8810776280359798,-0.028132597778083968,0.2097575436842335,0.11742025826022096,0.4597969714050518,-0.17178079201523344,-0.10844647650888706,-0.13392735817848278,-0.5683293862165792,-0.47558767938101565,0.8734396278806094,0.6266430455265775,0.8831287097971776,0.6468543597417205,0.875607019195278,0.8734769556011301,0.21077389011698766,0.6266506213015826,0.2969563800475785,0.8831642301036114,0.6468510885715422,0.8756291279134026
49e566bbc853,B,aug,vae_c,stack,raw,all,aug0,0.0,0.75,False,0,,,4000,gated,,0.8141050435480917,0.6253742754853719,0.1535564084845802,-0.05989206039890296,1.5500000000000003,0.26055285334587097,0.3537715429143212,20.61821997406903,0.48872375283755504,0.15384615384615385,221,128,d23a116c3d07b268a245222132ccf81d8d01b545,38.6,5,0.4826124798596254,0.06788924238767102,0.08442024264645531,0.3683042300250341,0.10342072046216688,0.08443108358436946,0.0972551066645605,0.35818633698484437,-0.0138852674540908,0.5462706843036161,0.20149241619156144,0.19090236926069193,-1.1061449799034526,-0.9830105328256278,-1.1230253256135212,-0.0812749131172128,0.21013538280607502,0.14097566132202344,0.5932535046914948,-0.054102395097755496,0.06619889486226538,-0.11062335966650605,-0.7216681716294342,-0.8394228603185254,0.9445622909476651,0.6195600965097006,0.9453786293443023,0.6191384996293205,0.9418857013094697,0.9445566254353389,0.07129257515975729,0.6195670882438002,0.23582024180940309,0.9453683101277539,0.6191312889854814,0.9418837986360683
40d0b43c5a16,CLEAN,,vae_c,stack,raw,all_fields,aug2,0.0,0.75,clean_harm,0,,,4000,gated,,0.8390043629044355,,,0.04260839141010819,1.2413793103448276,0.17802214622497559,0.37635992330466483,20.230270845683446,0.4008935659622563,0.25688073394495414,218,128,d23a116c3d07b268a245222132ccf81d8d01b545,39.4,6,0.687956959243447,-0.1308244654828301,-0.2515647817459288,0.4745912447151115,0.1190250856612518,0.12956373179566716,0.07062637949887929,-0.287080324776958,-0.1573067455313204,0.65062770201745,0.04614670632355189,0.06368193909604691,-0.17286608391991498,-0.3454699908000125,-0.3331855642763921,-0.08546202926422208,0.2557797586711301,0.07528364689009415,0.7280577662064898,-0.19321768297491881,-0.23559616155060925,0.2616840314929587,-0.2080690058580965,-0.13978072158827826,0.9415545203014235,0.6826105484281662,0.9433054470675586,0.6847768775571197,0.9427744211679091,,,,,,,
1a21dfaded41,R3,r3_hybrid,vae_c,stack,raw,baseline,aug1,0.0,0.75,hybrid,0,,,4000,gated,Batch_3,0.8436016459729256,0.6732621388717561,0.24742687605997588,-0.030041715105594103,0.65,0.714251697063446,0.382476056903933,20.497320244325675,0.44555513713604367,0.167420814479638,221,128,d23a116c3d07b268a245222132ccf81d8d01b545,39.9,7,0.5053328168365114,0.042399570700595635,-0.17434541573774975,0.4347772328183308,0.06302114998580333,0.11871090146999619,0.10104424167017145,-0.0833976716361231,-0.13778645087949237,0.5652312716451876,-0.216408711435498,0.14614602063827298,-0.6430087493350032,-0.6330526995595893,-0.6302316112003907,0.03439592686825943,0.29352287304688185,0.1084379008437456,0.5663999998888245,-0.12867645618461898,-0.20174254166017147,0.04568675711452064,-0.3611818524323447,-0.5362756660003782,0.9389271898222742,0.6566837278955484,0.9390382615431723,0.7445963344573727,0.938762716146261,0.9389099275515206,0.15671532289749113,0.6567013911661741,0.3381384292224606,0.9390340246622608,0.7445876734230124,0.9387482031793729
d36c5b902a41,R3,r3_hybrid_aug2,vae_c,stack,raw,baseline,aug2,0.0,0.75,hybrid,0,,,4000,gated,Batch_3,0.8187134469665811,0.6501146736820292,0.22860468119423355,-0.03995774242998556,0.8,0.3833111524581909,0.4154754674761868,20.16831153592829,0.4390583060355927,0.20361990950226244,221,128,d23a116c3d07b268a245222132ccf81d8d01b545,40.6,8,0.4328297516204316,0.0018431908985448997,-0.14923996052930444,0.39407441205831417,0.03984142544046865,0.11912907691875418,0.09218512793967593,-0.01675928484447753,-0.17995955521766138,0.529312317589964,-0.15926503939149916,0.16221444535262708,-0.664846911588153,-0.6404841716989931,-0.6164517600483113,-0.0029562220573862152,0.26869598958347707,0.08290759537091597,0.49831982064503155,-0.1676110964278228,-0.1629767710215808,0.042998567758478434,-0.3904123900091694,-0.4723743766619779,0.9340152700806469,0.6441134695583794,0.9098369503122842,0.6711095131055473,0.9344920317760473,0.9340385570410875,0.15065350907919262,0.6441134623877702,0.3065558533092745,0.9098453413686802,0.6710835867835806,0.934512405804619
aefb887d51ae,R2,r2_harm_aug2,vae_c,stack,raw,baseline,aug2,0.0,0.75,True,0,,,4000,gated,Batch_3,0.8057519691060158,0.6501958397670737,0.26132827487688265,-0.05103781814227884,1.0499999999999998,0.30734875798225403,0.40329198487860074,20.619617560093705,0.4904070943369225,0.5248868778280543,221,128,d23a116c3d07b268a245222132ccf81d8d01b545,41.3,9,0.4360809382879619,0.021496512675690083,-0.20043655600531451,0.3628955149979691,-0.00033164728153822765,0.05957770772196247,0.05879584111056824,-0.2165024513213294,-0.16834510166254613,0.6157165763228876,-0.2840393973356963,0.11430387442710555,-0.5184567816583248,-0.5552339067421606,-0.5826246746818993,-0.05799116185506392,0.19242604409182973,0.09119726219656721,0.53178094811166,-0.16512498217434635,-0.21382244480192325,0.052543047233690965,-0.33352099151953163,-0.46529180555291094,0.9123366294419587,0.625207098681209,0.9186008110314446,0.661487033485323,0.9111282728901436,0.9122848471118478,0.18318187801961638,0.6252089617689021,0.3394746717341489,0.9186148157771443,0.6615270473734222,0.9110786565844343
a343e4d0fc06,B,aug,vae_c,stack,raw,all,aug2,0.0,0.75,False,0,,,4000,gated,,0.8336018086959245,0.6678570854753894,0.253466613104172,-0.09522485469623847,1.2000000000000002,0.32740774750709534,0.45440018194508613,20.35530810883189,0.4830053438563153,0.26244343891402716,221,128,d23a116c3d07b268a245222132ccf81d8d01b545,41.7,10,0.4618003637767506,0.01959821037802001,0.06680790740597176,0.360967561909178,0.13797972728864005,0.05986210492613375,-0.01859249562266929,0.17200705097572055,-0.1155694928326183,0.5834957084918567,-0.37577026493523236,0.24539903913230188,-1.1210615321920305,-1.0127697649252698,-1.012185468615911,-0.11415703341325667,0.25886605276621677,0.09069834683445299,0.545966256505066,-0.21673070506378656,0.04363798717400935,-0.09397518427209284,-0.693937452972909,-0.5577334354282648,0.95563822573066,0.6878983531987625,0.9195942592398477,0.6515776539290317,0.9533005513813201,0.9556524139411654,0.25690165052848934,0.6878928849896715,0.2500315756798547,0.9195995502844198,0.651601785786944,0.9533197371171809
7aed065a6f37,A,,vae_c,stack,raw,all,aug1,0.0,0.75,False,0,,,4000,gated,,0.8565297186197661,0.6824529453640686,0.24728943322717883,-0.09064151459387053,1.25,0.3462236523628235,0.43867374434729856,20.607012792776867,0.4886393199139591,0.26244343891402716,221,128,d23a116c3d07b268a245222132ccf81d8d01b545,42.6,11,0.495244331711322,0.032299497609435845,-0.013559800566480762,0.47569696249022453,0.13960643859856325,0.13283676545637457,0.06028662420055497,0.23153382945139622,-0.05023826984387991,0.6706097310023218,-0.1473721943314792,0.15357721151390546,-1.1747832501575677,-1.045674700114886,-1.1465138673696194,-0.024931560481887605,0.2901588461279915,0.16791970651772392,0.6258083213391888,-0.20140195919618242,-0.03461879243339583,-0.07131499417390463,-0.7629978690791488,-0.9775673585234632,0.9749219065495092,0.6834605347231244,0.9429578542854513,0.7072877098490185,0.9740205876917272,0.9749320342529589,0.20121853827870284,0.6834495190776289,0.2933603281756548,0.9429117444029863,0.7072704176214621,0.9740280357390865
13e2c1fbe62c,B,input,vae_c,stack,norm,all,aug1,0.0,0.75,False,0,,,4000,gated,,0.8110337498189789,0.6272537837892304,0.16778801636153323,0.048768666915059454,1.0999999999999999,0.3338911235332489,0.31943890163311445,18.06949568726845,0.36989719967946383,0.2171945701357466,221,128,d23a116c3d07b268a245222132ccf81d8d01b545,43.5,12,0.4457478851773421,0.007932132375798262,-0.11355682819698787,0.4774828315493076,0.14503485314147357,0.15021022353008107,0.30443421352120714,-0.10966949366653944,-0.04954100912231074,0.524018736759226,-0.22565809739542853,0.1038418025638902,-0.30030850684710986,-0.002424693890702656,-0.319736167145247,0.13523828075561284,0.24741986678924965,0.19163404936846673,0.5187221663103065,-0.17669928045511019,-0.12987349558904882,0.04396254952783252,-0.28217172335744367,-0.41559228974243867,0.9307818685601356,0.5349395716732208,0.9589208151287919,0.7044414143938125,0.9260850793389344,0.9308306027528245,0.09241410923280757,0.534928380764234,0.2431619234902589,0.9589297544094547,0.7043734411221885,0.9261382747528439
863083fb14d9,CLEAN,,vae_c,stack,raw,all_fields,aug1,0.0,0.75,hybrid,0,,,4000,gated,,0.8672871061136554,,,-0.0065699312456949654,0.75,0.7914150953292847,0.41715854235913047,20.516844994955296,0.4457385768582918,0.17647058823529413,221,128,d23a116c3d07b268a245222132ccf81d8d01b545,44.2,13,0.5153698926971256,0.013736488717488338,-0.04783922443871602,0.47487694862862484,0.09893376863661696,0.13206892464465325,0.17418337387269256,-0.03665338656538353,-0.16411991455153863,0.5843850043883388,-0.14843654841374998,0.2018363662275,-0.6520878104932899,-0.6433773755850134,-0.6489473403041424,0.029185605238188028,0.3021448691839558,0.16507144169166255,0.5727197246145371,-0.0793066564494167,-0.09566307214831493,0.007304976894337845,-0.39819055338666565,-0.5148738529961698,0.9499283237673694,0.7136180078091954,0.9614970949715316,0.7627402562553077,0.9486518477648739,,,,,,,
f8ea09e41ee9,R3,r3_histmatch,vae_c,stack,raw,baseline,aug1,0.0,0.75,histmatch,0,,,4000,gated,Batch_3,0.8142090556054061,0.64679150584724,0.22825813602710482,-0.0013955163098174628,0.8,0.7108048796653748,0.41241764959808513,20.47313895543125,0.4227117299584062,0.2669683257918552,221,128,d23a116c3d07b268a245222132ccf81d8d01b545,46.2,14,0.5292263821411627,0.10746663398371603,-0.06977023163869478,0.4118784622533057,0.032334667071305945,0.10950532454315154,0.06477725824796954,-0.07717094401534408,-0.14408361465533526,0.6358058888054925,-0.20609596037400313,0.14259566896237708,-0.5754000372872885,-0.6010846251288673,-0.6102000363685394,0.06867136253923944,0.2760672268978409,0.16759939920273126,0.6198064844332496,-0.14436953358111726,-0.11474819782735701,0.1618281714580917,-0.36342100686357415,-0.4547111342351322,0.9049374632979116,0.6292405086211672,0.9246548818992995,0.7064776566530739,0.9057347675555777,0.9049255412621448,0.1981603221427949,0.6292468680090698,0.25835594991141475,0.9246480294752121,0.7064808474969189,0.9057229826331249
347613bf3693,R3,r3_affine2,vae_c,stack,raw,baseline,aug1,0.0,0.75,affine2,0,,,4000,gated,Batch_3,0.8181360319568076,0.6486276529180472,0.22486629366033545,-0.06899628669722847,1.7,0.44449859857559204,0.36732416954923713,21.036965275169806,0.4961589598862474,0.2081447963800905,221,128,d23a116c3d07b268a245222132ccf81d8d01b545,47.1,15,0.48704819253626463,0.1237634498847715,-0.12225598035517704,0.5414361933818284,0.10503886523191874,0.1615991169781067,0.04810410380493224,-0.003741788815566194,-0.10632164413437595,0.5289806418540233,0.15212244407470166,0.15211032565552762,-0.9933406347945226,-0.9705758094072778,-1.0561051610355188,-0.036445063427374746,0.3265333899933268,0.14181545014244212,0.5820444808318429,-0.08892040060508166,-0.130938285041305,-0.11050110693684712,-0.6676456117813239,-0.7197160487687995,0.9279800197641743,0.5543953586950076,0.9119207793245527,0.7678536052349674,0.9285303967653369,0.9279763790338578,0.13819182874129554,0.5543886281091956,0.31154075857937535,0.9119160583678313,0.767853008288784,0.9285269093059916
779c53b0ac6c,B,train_set,vae_c,stack,raw,baseline,aug1,0.0,0.75,False,0,,,4000,gated,,0.8012612122111961,0.6309481065072864,0.2052574431103541,-0.025251103341191978,0.95,0.4353525638580322,0.4220749424683207,20.674339460951654,0.4914816085974016,0.22171945701357465,221,128,d23a116c3d07b268a245222132ccf81d8d01b545,47.5,16,0.44460506834508173,0.020419235802531688,0.13607156148068222,0.46918280907419496,0.2204747944944181,0.13108485837883088,0.14857887263861513,0.20726435455652759,-0.07356187694808791,0.5508864737244611,-0.02819887904817131,0.2019577000909547,-0.8986334755007868,-0.7683190152428736,-0.9162694400081506,0.039996849636587783,0.2702605164999684,0.16058365758336346,0.5140906257106668,-0.18996075347162433,0.11844117762818096,-0.021137899434439333,-0.6906812731818663,-0.6531624229976731,0.9157756528078776,0.6412885029622609,0.8693344412514489,0.6650713746280452,0.9148360894063478,0.9157428451257937,0.20861325941178,0.6412498286567128,0.2019016268089282,0.8692680223426492,0.6650554720645884,0.9148056911405527
7cf418165561,R2,r2_harmonise,vae_c,stack,raw,baseline,aug1,0.0,0.75,True,0,,,4000,gated,Batch_3,0.7961643944335772,0.6280811053307106,0.20788197076066361,-0.04447669264495948,1.25,0.47678184509277344,0.41223107337241516,21.06123336043729,0.4985143623650524,0.2081447963800905,221,128,d23a116c3d07b268a245222132ccf81d8d01b545,50.8,17,0.5108737572274791,0.0408247071599539,-0.21649210715151135,0.39135222587543184,-0.026877932516749414,0.12855530916925584,0.09438007455283604,-0.28486831151420655,-0.135478637371383,0.5289223039260224,-0.24168538200911494,0.14357615617603525,-0.5162677399615059,-0.450187328697117,-0.6921140531781382,0.06335794436484343,0.2414420540808495,0.20684187957060685,0.572299125061734,-0.18336301240051012,-0.2329777468852685,-0.014260248399493358,-0.47046460795562317,-0.524829052603454,0.9022257966166016,0.5641524188473864,0.9147428798806498,0.699286044803968,0.90041483201928,0.9022244260768818,0.12107732012033845,0.5641345862417282,0.2946866214009888,0.9147390029864038,0.6992924188047425,0.9004133616838904
fac1e9fbbfe4,CLEAN,,vae_c,stack,raw,all_fields,aug1,0.0,0.75,clean_norm,0,,,4000,gated,,0.8299778298397594,,,-0.012191275774697913,2.0172413793103448,0.39887481927871704,0.369491987329421,20.751102213431757,0.45010483834539355,0.21559633027522937,218,128,d23a116c3d07b268a245222132ccf81d8d01b545,51.9,18,0.613079142786765,-0.07136780101230222,-0.102975304566294,0.5051770053516489,0.2185695556555327,0.140390913815427,0.10765513410376637,-0.23484336866233768,-0.1334244262372366,0.6352194210032649,0.07338378838116377,0.027137783676687843,-0.7108262221345847,-0.7620925087814101,-0.757198021952739,-0.11510006165839526,0.37550132508790246,0.02202557268369132,0.7142240591776736,-0.16595814392198704,-0.08844978186222385,0.11063066261180743,-0.5098393546480364,-0.18350998749053438,0.945361518464686,0.6419220757669715,0.9235603497858488,0.694898739556884,0.944146465624407,,,,,,,
9ebbdbfa63f1,CLEAN,,vae_c,stack,raw,all_fields,aug1,0.0,0.75,clean_harm,0,,,4000,gated,,0.8282321725718231,,,0.0009940933596731493,1.9655172413793103,0.40923428535461426,0.404196951656475,20.59103500383129,0.41154624132114814,0.17889908256880735,218,128,d23a116c3d07b268a245222132ccf81d8d01b545,54.2,19,0.6410185775354937,-0.055224059428866434,-0.004262358677344924,0.4564687017133442,0.17232312818065976,0.09968112148585073,0.09965611362858906,-0.2761244079839633,-0.038291316507891526,0.6766253723048852,0.06580293512345126,0.06039735086395903,-0.6221596093696822,-0.7224839777358354,-0.7088955663070935,-0.06740518404588802,0.34223289063677564,0.04409680859735743,0.7289337769889424,-0.17330755579057122,-0.0013522023148317963,0.060633320024438775,-0.5691240658094401,-0.18538155248018295,0.9488701452058287,0.613978820592666,0.945553049583679,0.6848352100135229,0.9479236374634198,,,,,,,
3c68ab856f5a,B,view,vae_c,BSE,raw,all,aug1,0.0,0.75,False,0,,,4000,gated,,0.8303156584806798,0.660911000126268,0.23740189812524298,0.24787642065670684,0.95,0.9828305840492249,0.39465395390159413,25.277741039763704,0.5463788045477543,0.3755656108597285,221,128,d23a116c3d07b268a245222132ccf81d8d01b545,58.3,20,0.6476509894099812,,,0.405241683427369,,,0.27383011013879144,,,0.6592068885175583,,,-0.7131803410591251,,,-0.07472426660821974,,,0.7014404838155053,,,0.08354581761179447,,,0.9549662309198432,0.6210347286777378,0.9396151126042495,0.6804550574628454,0.9555071627387236,0.9549598146045848,0.19351563373735414,0.6210509025473074,0.2812881625131318,0.9396003835968587,0.6804580329964312,0.9555040708882087
1dbc37456a8f,CLEAN,,vae_c,BSE,raw,all_fields,aug1,0.0,0.75,clean_harm,0,,,4000,gated,,0.7885872516797995,,,0.1534600518672874,1.603448275862069,0.5181155800819397,0.35232193133849166,19.886646956112266,0.2294609108740401,0.20642201834862386,218,128,d23a116c3d07b268a245222132ccf81d8d01b545,58.8,21,0.6498489544804469,,,0.2733533757957193,,,0.0586957325220927,,,0.5752911557848406,,,-0.7406290911470357,,,-0.18416061538268935,,,0.7309146272388276,,,-0.13563372435390275,,,0.9430408307912452,0.5513418635781729,0.9278466868851297,0.5781916278133943,0.9425152493310552,,,,,,,
250a887b1d3a,B,view,vae_c,SE_type,raw,all,aug1,0.0,0.75,False,0,,,4000,gated,,0.8085991026149779,0.6283091259049137,0.17753656381105098,0.1241857277707568,1.0999999999999999,0.9454219937324524,,21.236764177737424,0.5285266115474845,0.4434389140271493,221,128,d23a116c3d07b268a245222132ccf81d8d01b545,68.625,22,,,0.3627079750832357,,,0.17119551131704602,,,0.27992536117832234,,,0.11219545589553015,,,-0.33912580505457735,,,0.012204911892112924,,,0.37921657727458025,,,0.01516583457980436,0.9385488059096949,0.6503199529201213,0.9101325926265762,0.6038543745930013,0.9401397870254955,0.9386002078081334,0.11836602619836267,0.6503074630318493,0.2367071014237393,0.9101339073205081,0.6038547734755952,0.9401944020762081
16b9e21ba1d5,B,view,mae_scratch,BSE,raw,all,aug1,0.0,0.75,False,0,,,8000,gated,,0.7567307372785327,0.5666900320664702,0.09168395403887514,0.1956473844696129,1.75,1.4126396179199219,,,,0.3212669683257919,221,384,d23a116c3d07b268a245222132ccf81d8d01b545,78.125,23,0.8682832847712955,,,0.4843653083112719,,,0.4627219434538704,,,0.7251983072672611,,,-1.3029848296061228,,,0.4168367236850463,,,0.907362525310729,,,-0.996604187436448,,,0.9475885363928853,0.4505042653257818,0.883662113448519,0.5532532188199057,0.9486455524055716,0.9473840843978691,0.34723826045722295,0.450581614833812,-0.16387035237947267,0.8835226989029512,0.5535262467106884,0.9484476715422198
cebd80163f5a,CLEAN,,mae_adapted,stack,raw,all_fields,aug1,0.0,0.75,clean_harm,0,,,6000,gated,,0.6688293353222935,,,0.06806111667123801,2.793103448275862,0.40171077847480774,,,,0.40825688073394495,218,768,d23a116c3d07b268a245222132ccf81d8d01b545,81.625,24,0.4942429267333909,-0.04381014055484722,0.46366713623834555,0.25732228590336337,-0.05818139813421608,0.1497606492242799,-0.00894627793564906,-0.631912676791758,0.21347020293327412,0.36355612094755596,0.1716195028575852,0.006622558340386053,0.17016525350133482,-0.20757670792073246,-0.04185718429001262,-0.2868401658187014,0.3222402752063903,-0.03027288728438382,0.47904299836817166,-0.7111930719697055,0.4931885152916037,-0.15426571712099557,-0.11173839097485416,0.33516299335988675,0.9411809690962853,0.4296440245137677,0.853974435231624,0.1777521763881228,0.9415950713816675,,,,,,,
0e978d2fc813,R2,r2_norm,mae_adapted,BSE,norm,all,aug1,0.0,0.75,False,0,,,6000,gated,,0.6720435483169597,0.5767695421009774,0.3371957955775415,0.45420397078534286,1.9500000000000002,0.6280137896537781,,,,0.5384615384615384,221,768,d23a116c3d07b268a245222132ccf81d8d01b545,82.75,25,0.38800563380960573,,,0.5280323042422574,,,0.33426609660311923,,,0.5517454112307622,,,0.555908395132716,,,0.1794735469399069,,,0.35481385540296595,,,0.7413865229214094,,,0.8852521389571715,0.37234393711006564,0.8178264525572396,0.4013405436760288,0.8834546692842925,0.8855435587312305,0.4595390732925122,0.3720828226029157,0.21485251786257076,0.81877528357269,0.40286281045453387,0.883730728190389
536a09b063e2,B,view,mae_adapted,BSE,raw,all,aug1,0.0,0.75,False,0,,,6000,gated,,0.6917416628244849,0.5702747778480868,0.2675718567177655,0.6370683543239998,1.75,2.3580238819122314,,,,0.5384615384615384,221,768,d23a116c3d07b268a245222132ccf81d8d01b545,84.875,26,0.8306649475177099,,,0.5514817060283391,,,0.3382081990365716,,,0.6779465451221327,,,0.8490517403313083,,,0.452763857741044,,,0.7882887807336992,,,0.6081410580811935,,,0.9190536413186559,0.43704507570636386,0.8878605208139169,0.29534618239112387,0.9194028938923644,0.9195991414542412,0.3209702364115352,0.4370617217910424,0.2141734770239958,0.8882521397910181,0.2920307029892931,0.9198360254754818
c75049f0ed3e,R2,r2_aug2,mae_adapted,BSE,raw,all,aug2,0.0,0.75,False,0,,,6000,gated,,0.7160169220601302,0.5904764462763132,0.28053448252494834,0.6227460747434893,1.85,2.4276387691497803,,,,0.497737556561086,221,768,d23a116c3d07b268a245222132ccf81d8d01b545,85.375,27,0.850092157227707,,,0.5754794632624525,,,0.30255204877101016,,,0.7139149774105844,,,0.6526607544734374,,,0.45489879636916786,,,0.8434030933166158,,,0.5889673071169391,,,0.9138779448655799,0.3861746611683412,0.8621220644272742,0.5050667538435677,0.9128431859958885,0.9127230547114351,0.37602306135893016,0.3859829690512163,0.18504590369096652,0.8603707360409625,0.5016215883152091,0.9115678107654728
e153b22d426e,A,,mae_adapted,stack,raw,all,aug1,0.0,0.75,False,0,,,6000,gated,,0.6589372900707909,0.5172831591560908,0.160020947194565,0.3668576400821694,2.55,0.6483837962150574,,,,0.4751131221719457,221,768,d23a116c3d07b268a245222132ccf81d8d01b545,93.125,28,0.5613037678860624,0.22683322308215703,0.6585653527196613,0.38215176763321324,0.2726257936154224,0.2659631515758041,0.3004628637809116,0.40029110037425897,0.376329983199159,0.5489110186851175,0.5879385684046854,0.0653276781028006,0.3757538276497585,0.3731300363919353,0.2870917492276308,0.29701228819551706,0.4713221859980341,0.20062135138121673,0.5982198395226959,0.10426103434926415,0.6311938132868151,0.5269180822423373,-0.1344970241841823,0.4268519088517886,0.9050890572978011,0.3870356261564648,0.8466735701866328,0.2512895677655844,0.9045986289474711,0.9045331118195171,0.1066715428687468,0.39546051077039845,0.2133703515203832,0.8465880694191283,0.2504023188308536,0.9039562088636086
7120b11cf693,B,view,mae_adapted,SE_type,raw,all,aug1,0.0,0.75,False,0,,,6000,gated,,0.6922363284923443,0.5534348513062071,0.20766870216546457,0.34273310870025636,2.65,0.8468510508537292,,,,0.3665158371040724,221,768,d23a116c3d07b268a245222132ccf81d8d01b545,93.75,29,,,0.7312354901701007,,,0.2478117074622599,,,0.5438436429657143,,,-0.06554765717647415,,,0.06866610007342466,,,0.011565586784730297,,,0.7374646138189673,,,0.46682538550332786,0.9059097514327736,0.410621610150648,0.8500606899699915,0.387133690717404,0.9074559001909043,0.9062218592042872,0.15287208015878273,0.41014117113072635,0.2624653241721464,0.8498899803535358,0.3847152518105883,0.9077382923133824
a0ec4022931f,B,mask,mae_adapted,stack,raw,all,aug1,0.0,0.5,False,0,,,6000,gated,,0.6638072972258133,0.5012916232126344,0.0969342112673639,0.37807986693063417,2.6,0.7018347382545471,,,,0.46153846153846156,221,768,d23a116c3d07b268a245222132ccf81d8d01b545,93.875,30,0.5831603066334854,-0.10442414222251273,0.7327269817444391,0.4179015146550644,0.2941159698334309,0.3071114638167727,0.2844544467347152,0.4499107721071829,0.4124698023257857,0.5253735374064702,0.4657824805119116,0.11917848807864029,0.5040129565794812,0.4755598908540881,0.47746838307655004,0.2378474806409756,0.4669273601776207,0.20156654378462513,0.6079694351039586,-0.04501789450538696,0.7299865839128022,0.5383589243321091,-0.09793228726357195,0.48940780801658057,0.8607727324868186,0.3684919744419225,0.8513057901660275,0.377278333230756,0.861187655803542,0.8591402042005516,0.09136170847982295,0.3683883792044812,0.10250671405490486,0.8515233747158264,0.3765374505455109,0.8595835312873429
79bf299989a9,R2,r2_aug2,vae_b,Inlens,raw,all,aug2,0.0,0.75,False,0,,,4000,gated,,0.6042065079407136,0.41830581913909476,-0.0559951443750869,-0.29144436733225476,0.8999999999999999,0.15981106460094452,,17.65003598354141,0.41715656009644586,0.17647058823529413,221,128,d23a116c3d07b268a245222132ccf81d8d01b545,154.75,31,,-0.05562882241451028,,,-0.053649273931234864,,,0.05208672460012864,,,-0.32966444004690154,,,-1.0603131553285898,,,-0.06237528821971128,,,-0.18234923901848465,,,-0.6396614442987343,,0.7525821007224448,0.3597079879013947,0.7179721405938186,0.4453755355653063,0.7453947749206034,0.7417064925716408,-0.08498924213560799,0.37836504834287,-0.027001046614565816,0.73120123239405,0.45534537161792266,0.7335128777973532
fe90c70648ab,B,view,vae_b,Inlens,raw,all,aug1,0.0,0.75,False,0,,,4000,gated,,0.48959593282889224,0.3463942015997656,-0.04029172951857607,-0.3038266158968796,1.1500000000000001,0.18164658546447754,,17.696516135195854,0.41935633990469745,0.17194570135746606,221,128,d23a116c3d07b268a245222132ccf81d8d01b545,167.625,32,,-0.051829423381323014,,,-0.06332467749000403,,,-0.03356202559298338,,,-0.2821516646112925,,,-1.150614886306248,,,-0.05945831808353996,,,-0.1594606785681758,,,-0.6302112531414701,,0.7874005556610675,0.3521856153111431,0.6809108596311431,-0.15337490873632986,0.7808575422774379,0.7890268873451343,-0.07420070244399568,0.3749402275930014,-0.006382756593156458,0.6840912673924713,-0.12521858230574878,0.7825030702106532
0bc567a6d1c9,R2,r2_norm,vae_a,stack,norm,baseline,aug1,0.0,0.75,False,0,,,4000,gated,Batch_3,0.17673495433320696,0.12782564504422791,0.005523210737645945,-0.18918956567774267,0.85,0.2026478350162506,0.2980304331698072,18.48334304355324,0.3808053889021075,0.13574660633484162,221,128,d23a116c3d07b268a245222132ccf81d8d01b545,167.9,33,0.04876848102934117,-0.041077600859756425,-0.13860959412884166,-0.04231487447169813,-0.04794472380339587,-0.06657904659688851,-0.09841110882124693,-0.16796404829526113,-0.06727185622833831,0.072886580970972,-0.274149217451654,0.01103774703032745,-0.7345669241593562,-0.6334043871057928,-0.6591424056397723,-0.16912171840799717,-0.03579383134761294,-0.06111590801306055,0.06204543027158771,-0.15260420175284817,-0.13542802346987282,-0.23681979163127131,-0.46213564363685444,-0.5108329097465325,0.36470444360489496,-0.001097060396733518,0.15266782769302478,0.0012079163977466445,0.36619164436710194,0.364736218747584,0.021054368846437965,-0.0011097671088022842,-0.010007947371146075,0.1526926185064208,0.0011910598784510285,0.3662229638106499
0a162269e402,B,train_set,vae_a,stack,raw,baseline,aug1,0.0,0.75,False,0,,,4000,gated,Batch_3,0.07006529036005704,0.04520307612052051,-0.016939291444638904,-0.22227506716537715,0.65,0.2145078480243683,0.3655024381388382,21.34677499167947,0.5024937722118371,0.12669683257918551,221,128,d23a116c3d07b268a245222132ccf81d8d01b545,168.5,34,-0.06448779415322003,-0.04253371487986768,-0.1417648971210368,-0.05204897403711306,-0.07535132943022371,-0.04311028663352956,-0.11934367458404926,-0.27287976092898636,-0.11119891251295022,0.004766172634423027,-0.3139081775483863,-0.02600853750378218,-0.7918606340827066,-0.7172215966545561,-0.7019834745152107,-0.17073635965353517,-0.05286402168854365,-0.04378152838305294,-0.03455364971782626,-0.15913204565279804,-0.144168911606666,-0.23511373173859784,-0.5787269025682424,-0.4465888690085935,0.16822543003535506,-0.0069540801539798025,0.06755033521634946,-0.0455508945448182,0.1670556612473787,0.16821726965681794,-0.030630660174280733,-0.006968914251012537,-0.0032479227149970757,0.0675448063180395,-0.04554037905723485,0.16704733306631137
529ca148b872,B,aug,vae_b,stack,raw,all,aug0,0.0,0.75,False,0,,,4000,gated,,-0.01979362088912422,-0.023859895330693486,-0.03446245681398219,-0.23002316400519018,0.8999999999999999,0.11488254368305206,0.3769623311185776,20.371235053854132,0.48386421934511864,0.2081447963800905,221,128,d23a116c3d07b268a245222132ccf81d8d01b545,169.6,35,-0.08188569699497217,-0.04679005761613686,-0.03066632495843047,-0.08113779144549293,-0.07947482333000155,-0.05078926143115847,-0.08729594976210309,-0.031969861895750906,-0.19476184871290236,-0.014777621192829216,-0.3300457798937366,-0.021975622838994013,-0.9204793648484468,-0.8165520796213053,-0.775688621190586,-0.17992517463029967,-0.054958937968081045,-0.04438177790500286,-0.0508743957302209,-0.18901635409625483,-0.0730216059388451,-0.22291091139174335,-0.670912921550463,-0.47026315118080686,0.011748990735552467,-0.025658406186912508,-0.029760829074661155,-0.06655436858361874,0.011256508664018838,0.012068050300427346,-0.0509779473662999,-0.025629867629592296,-0.017946966261664477,-0.029631027421248124,-0.06647733885468621,0.011575829918209268
45c2a0057992,B,aug,vae_a,stack,raw,all,aug0,0.0,0.75,False,0,,,4000,gated,,0.057995715809511704,0.03258487709728348,-0.03092713661225266,-0.22313532737091638,0.7,0.1339300572872162,0.4628681183188254,20.192405720640835,0.47790152250282003,0.19004524886877827,221,128,d23a116c3d07b268a245222132ccf81d8d01b545,170.7,36,-0.07131365561246872,-0.04881895080814602,-0.08600536899401434,-0.06983849099701267,-0.07642666086410443,-0.040260327607435586,-0.14526819494809073,-0.05582522752484631,-0.13868831551659855,-0.003431877577493969,-0.31415943554481673,-0.01578224619851376,-0.8440479739937472,-0.7565220998459552,-0.7346964381894296,-0.1990906071292966,-0.06511743793958091,-0.05513029841092587,-0.04293788846233326,-0.16258843738560702,-0.1175330497288134,-0.24819333253983067,-0.6067810586784868,-0.45679048240444486,0.15900171278096709,-0.027837194508743224,0.05648945826188434,-0.055899904326368155,0.15822450683981848,0.15898897336414275,-0.046891896964717183,-0.027831665126544447,-0.014962376259788135,0.056477881758903004,-0.05589857447081292,0.1582117973798013
3944abbc02aa,A,,vae_a,stack,raw,all,aug1,0.0,0.75,False,0,,,4000,gated,,0.11107721945679902,0.06859408977462854,-0.037641575439679165,-0.21782811328957355,0.8,0.2792638838291168,0.3592496037636449,21.33515513817905,0.5033552667988551,0.15384615384615385,221,128,d23a116c3d07b268a245222132ccf81d8d01b545,172.0,37,-0.06591566708536978,-0.0448542328999566,-0.09902554524005147,-0.059623553423967524,-0.06480264609679454,-0.05528902668932201,-0.04842286685568031,-0.06146040878738401,-0.12362017568085548,0.05157111448670504,-0.2881748765969667,-0.03369049455454953,-0.8616736807047267,-0.8056884721480206,-0.7443020527182798,-0.17596896090927405,-0.06038942807359993,-0.04330854298957543,-0.023980025525992543,-0.17243524577479974,-0.10778395690554632,-0.26460369921684745,-0.6190086380319995,-0.4554236365269102,0.2523735145213858,-0.005489743181545048,0.09529322896383108,-0.03870060599464398,0.2519097029749673,0.25238016556844844,-0.06279741070565925,-0.0054715277523318395,-0.012485740173699078,0.09531371559392365,-0.038695853413547976,0.2519152793052658
83a986664c94,R2,r2_harm_aug2,vae_b,Inlens,raw,all,aug2,0.0,0.75,True,0,,,4000,gated,,0.34426374574338386,0.21562389893636286,-0.05003964275386186,-0.2563806888721224,1.1500000000000001,0.1588832288980484,,18.38038763281601,0.4332214434761807,0.27601809954751133,221,128,d23a116c3d07b268a245222132ccf81d8d01b545,172.125,38,,-0.0526941360790909,,,-0.1964812429761289,,,-0.274827432703868,,,-0.24819440534187076,,,-0.570197929081115,,,-0.07540956962071199,,,-0.17720457671317846,,,-0.4560362184610154,,0.6747461677430684,-0.021036755952657638,0.4625782805453317,-0.0627989199891088,0.6678299563702857,0.6840510134642548,-0.06811741980585095,-0.1505266025445633,-0.03196186570187276,0.4610467315454735,-0.06275748825888994,0.6776329238559887
2d5b3a2bcea9,B,input,vae_a,stack,norm,all,aug1,0.0,0.75,False,0,,,4000,gated,,0.1073699307165608,0.06729326288603522,-0.03289616278094776,-0.2078401036733031,1.0499999999999998,0.2226027101278305,0.2804345645706941,18.455002056078456,0.38017432605159407,0.28054298642533937,221,128,d23a116c3d07b268a245222132ccf81d8d01b545,172.5,39,-0.022772090610309936,-0.045854266361347484,-0.13431932170695826,-0.060353582356872826,-0.05160725405760069,-0.05022674097001811,-0.12336290725698662,-0.2297256097454594,0.0006385030201065955,-0.052088923546128374,-0.2804008703187506,-0.08625282070139884,-0.7481612465092458,-0.6547064290506877,-0.7151066239484876,-0.17943162032727766,-0.06339070251259549,-0.044726858516938695,-0.016071915812563065,-0.1535809720042549,-0.13405533342208398,-0.24153880707991737,-0.4550578605853888,-0.4460082337781093,0.22953304524768325,-0.0005254937828691464,0.12343758845053787,-0.02193769559917902,0.20634220926663105,0.22953447055910203,-0.044064908760994115,-0.0005151640227498699,-0.0217274168009014,0.12340875859236,-0.021926264326632916,0.20634336496206285
72808b20f611,B,train_set,vae_b,stack,raw,baseline,aug1,0.0,0.75,False,0,,,4000,gated,Batch_3,0.12064997094501162,0.09061259971794279,0.015615061183258727,-0.18942964901002365,0.75,0.32174259424209595,0.3410349318388134,21.359000123003543,0.5024800576820273,0.17194570135746606,221,128,d23a116c3d07b268a245222132ccf81d8d01b545,172.8,40,0.07936478975263062,-0.04521582111668909,-0.12402991808073427,-0.03681328278474494,-0.015355139161022269,-0.05540577107394884,0.0283728214410649,-0.1946196489987777,-0.15039109347023083,0.29631205890904233,-0.297949512816271,-0.010582180550329667,-0.8611579914562701,-0.7761580494606859,-0.7366408201808228,-0.1735903110459991,-0.05227815178280104,-0.040377447849750725,0.1658935092570638,-0.1754606928987641,-0.13127329757024753,-0.16736889017475454,-0.619931867586548,-0.45165486754097683,0.2505120179581486,-0.018988491471467306,0.1582063759505994,-0.03709991436053528,0.2506198666483127,0.25035828310111796,0.02982049216198923,-0.01897414938801001,0.0014096302045282227,0.1582919542109289,-0.037081030361235,0.25046301809628024
0173aab8a40e,B,aug,vae_b,stack,raw,all,aug2,0.0,0.75,False,0,,,4000,gated,,0.3158948772070619,0.22434547827697457,-0.013592193141136799,-0.20682872795363053,0.8999999999999999,0.28242987394332886,0.3927787807505577,20.963784875426427,0.49263075423366526,0.13574660633484162,221,128,d23a116c3d07b268a245222132ccf81d8d01b545,174.2,41,-0.11358693006059073,-0.058507383209808195,-0.013500798198267328,-0.04577734901410535,-0.025517886855461525,-0.03824090674203351,-0.06921324925541117,-0.056203334482324285,-0.1737229308502659,0.0762129057416645,-0.2794676812393091,0.051579176972289864,-0.8047622927853033,-0.7981225787988,-0.8034927070334643,-0.22629827401377334,-0.05980378776297823,-0.061174396611294535,-0.051129473064545294,-0.1968123938333075,-0.026843981759360425,-0.14981124761914022,-0.5935312133181443,-0.446160757093399,0.5668905680061018,-0.04077180159314864,0.5431965384315383,-0.05341353426694373,0.5635726154577616,0.5686242155928725,-0.01717915806564352,-0.04096675323743426,-0.01000522821663008,0.5582073034179642,-0.05344517892011069,0.565183147367804
64efbe4f8f3c,R2,r2_harmonise,vae_a,stack,raw,baseline,aug1,0.0,0.75,True,0,,,4000,gated,Batch_3,0.12749843557377344,0.09104880656387092,-4.568891013462251e-05,-0.21369865652940767,1.0,0.26436173915863037,0.35377908931641655,21.647582854151256,0.5103798499653961,0.334841628959276,221,128,d23a116c3d07b268a245222132ccf81d8d01b545,174.8,42,-0.05439888029910378,-0.0446426430988498,-0.18900670352005378,-0.07920622425653456,-0.14638775110687918,-0.06301496799686057,-0.05970027597593375,-0.3227336760649988,-0.09293271178320617,0.04552124207438368,-0.28832203403926937,-0.06902727722195112,-0.6497473206714026,-0.6512179873267012,-0.7074755719398467,-0.18159374241836512,-0.06575477950535125,-0.051358455743794496,-0.01897433981302732,-0.15443524373385364,-0.1981555969377411,-0.18720555675182338,-0.4925051045806188,-0.40649215399400096,0.23640983349853972,0.012757869470102157,0.1994284165316993,-0.047423589329159466,0.23631964769768554,0.23640509140423216,-0.04035995888626087,0.01272385528942932,0.04026858106599163,0.1994116120588656,-0.04742066963883218,0.23631313465367076
0156c977f9d0,B,view,vae_a,Inlens,raw,all,aug1,0.0,0.75,False,0,,,4000,gated,,0.015511458459508742,0.0008194697055952423,-0.035913432363025355,-0.26520273059337485,0.8999999999999999,0.16950765252113342,,18.190126993258016,0.42905939353537237,0.09954751131221719,221,128,d23a116c3d07b268a245222132ccf81d8d01b545,175.25,43,,-0.054662074315450226,,,-0.06816704963930587,,,0.003164261222624698,,,-0.2679086042700931,,,-0.8241889791166217,,,-0.06266796083108583,,,-0.19218707844617944,,,-0.6550043593508874,,0.06648793256001195,-0.01796939370257511,0.024137942815517732,-0.06127539009931815,0.06617620072390729,0.0664818222648812,-0.0698363530297923,-0.017970509609431362,-0.0019905116962584124,0.02415108033552671,-0.06126901791369144,0.0661697775879323
9cd6ccd2d492,A,,vae_b,stack,raw,all,aug1,0.0,0.75,False,0,,,4000,gated,,0.10366544606108923,0.07283306610746751,-0.004318076247182834,-0.19653161296540975,0.75,0.3588229715824127,0.34265121110709257,21.370021576984513,0.5041575567799635,0.18099547511312217,221,128,d23a116c3d07b268a245222132ccf81d8d01b545,175.8,44,0.040970610086271564,-0.04889216594921342,-0.1324398945856431,-0.050829021771254146,-0.02384388464632403,-0.07759233307188862,0.010461509151216686,-0.17357360635300667,-0.07940156615741012,0.2251770554651129,-0.2924841061895618,-0.029546056385618025,-0.8515841806270179,-0.8051571570030613,-0.7342476545743546,-0.1687624430301482,-0.06034044800623439,-0.054722878561183075,0.12088015257358076,-0.17783845010486443,-0.1422898037929783,-0.22836778368082156,-0.529562735431583,-0.4527718685238489,0.2503187620069445,-0.0134536106645744,0.08091169310750534,-0.04966154726080374,0.25021193311637446,0.25040550800646233,-0.0035188330961679615,-0.013421912040693096,-0.005117319398197706,0.0809665861591129,-0.04977741429443716,0.25029484741619323
0a2c11c2f25d,B,input,vae_b,stack,norm,all,aug1,0.0,0.75,False,0,,,4000,gated,,0.07144573382541275,0.03820490025505104,-0.04508020605424601,-0.16509561625919067,1.0,0.28464341163635254,0.2724133434442007,18.564769870316923,0.38086973948805947,0.18552036199095023,221,128,d23a116c3d07b268a245222132ccf81d8d01b545,177.2,45,-0.09011100908371117,-0.03838959052025448,-0.14360235885025485,0.10479520183842084,-0.024996551820110957,0.02572945473452748,0.1353755758138674,-0.26084890359419655,-0.06022197620480996,0.1351081166242838,-0.2630846155853639,-0.10050395641660148,-0.6653087817389594,-0.49642435928341766,-0.7151355826278671,-0.041607920632013906,-0.031816514233527826,0.0018747677190668055,-0.02102077487605092,-0.1544268965439768,-0.14769267328663482,-0.16679908626164686,-0.4537423794423101,-0.48944397594903366,0.11966279107998834,-0.0015116950095184212,-0.038767602796723866,0.15606648944731916,0.12177868640599854,0.11982855714731477,-0.061047029839375044,-0.001445854125373014,-0.029113382269116972,-0.03872811293633993,0.15599065139529267,0.12194947241295484
ecc3ab51a88e,R2,r2_harm_aug2,vae_a,stack,raw,baseline,aug2,0.0,0.75,True,0,,,4000,gated,Batch_3,0.17790486860999105,0.12885865720786394,0.006286301934748717,-0.20500682609140863,1.0,0.2710701525211334,0.39926447164759404,21.293028335053677,0.5007840381938048,0.19004524886877827,221,128,d23a116c3d07b268a245222132ccf81d8d01b545,177.6,46,0.007094175053087071,-0.04396376694683424,-0.17902949561452086,-0.0522110172404624,-0.11040189609518114,-0.05025902213875111,-0.03446532814761727,-0.26641515859859544,-0.14986784325312374,0.15236953676448006,-0.28431834585405924,-0.03325727448427118,-0.7518823503721281,-0.6586079363918351,-0.78779951880056,-0.19533003939376248,-0.0663701227520328,-0.058824934268821405,0.08050981265266333,-0.1578054266361899,-0.18410318489872712,-0.19871696126349314,-0.47906910175874606,-0.41743862575432433,0.333993674213521,0.02823418193713889,0.23528332484296255,-0.04189782962155708,0.33391099167788996,0.33397324127927264,-0.025345429864211733,0.028233785338342865,0.03791803373370917,0.2352502390421375,-0.04190957030829279,0.3338903012340899
c8dd27331e78,R3,r3_histmatch,vae_a,stack,raw,baseline,aug1,0.0,0.75,histmatch,0,,,4000,gated,Batch_3,0.1575560926403826,0.10742607480582235,-0.017946862016332443,-0.17450050953107873,0.85,0.3746725022792816,0.344627821110725,21.056446530629238,0.4344008832630529,0.22624434389140272,221,128,d23a116c3d07b268a245222132ccf81d8d01b545,177.7,47,-0.011640336531485218,-0.04407514413510061,-0.1430160885882985,-0.04963788743127573,-0.0930761341887072,-0.056448340530746766,0.05271432381100849,-0.17427769260255999,-0.15781784246492814,0.1588725961395031,-0.2527855962541907,0.01823231274661863,-0.6160332626949458,-0.652818055300781,-0.6417285332556499,-0.15906958246269998,-0.06714155544070866,-0.03933899236390692,0.07931069858487638,-0.1559830345754567,-0.16810171660025186,-0.15749179006332215,-0.4259098591533752,-0.4307507153895047,0.28221244333165785,0.060220220333877084,0.19640261015111027,-0.032655565613996185,0.28160075499926396,0.2822372850232798,-0.05926258236836546,0.060244938836818585,0.02336885833570057,0.19642590176528807,-0.03265769084341441,0.2816258128914493
ac79edf03cb3,R2,r2_aug2,mae_scratch,stack,norm,all,aug2,0.0,0.75,False,0,,,8000,gated,,0.22684813781610372,-0.019843860182575827,-0.6359640034414277,-0.41771552018227137,2.25,0.029781371355056763,,,,0.5610859728506787,221,384,d23a116c3d07b268a245222132ccf81d8d01b545,177.75,48,-0.47418495179242526,0.009607663172051306,-0.06869528581621864,0.035981795036267084,-0.23714103144353982,-0.24217839686303821,0.1621531414969304,-0.05013320184109871,-1.1292663443237125,0.275862007496931,0.2226597992389554,0.22813311861109997,-1.886079882923526,-0.7564070104399545,-1.3296160046440177,-1.5328208877848635,-0.3162369848460409,-0.7231806461625583,0.09501549856899927,-0.5151224460497641,-0.14669554170137533,0.5381077660101754,-1.3154196321169764,-0.8695150252568122,0.4457174240814348,0.15538345872958448,0.5467080421393737,-0.46078863219536537,0.44722039632549093,0.4456532586396156,-0.6460432458925949,0.15533441800395498,-0.6258847609902605,0.5463756829362443,-0.4615257624962865,0.44718338852129635
dc12bd85a698,R2,r2_aug2,vae_a,stack,raw,baseline,aug2,0.0,0.75,False,0,,,4000,gated,Batch_3,0.0326645322404566,0.012302336835630185,-0.038598517574548685,-0.21691906375773526,0.85,0.24960044026374817,0.45758616027352295,20.783781143045566,0.4907380782326243,0.21266968325791855,221,128,d23a116c3d07b268a245222132ccf81d8d01b545,177.9,49,-0.08166629303595774,-0.04053312804738041,-0.1311987347688297,-0.07392345178558624,-0.08223589929094044,-0.03739533345455892,-0.15402999045362864,-0.2335730290353526,-0.028355365116452314,0.006950674379670341,-0.2766502899719192,-0.06567783681982098,-0.7856659635877459,-0.6940147385269209,-0.7284002818482787,-0.16682201828239007,-0.05152404684770717,-0.06196451623325361,-0.05438788851110932,-0.1599920257257439,-0.13702253224275984,-0.232200242273225,-0.520607654486563,-0.4151669442191921,0.1235557030524792,-0.022031161833709678,0.0076400143340217275,-0.06932672616675983,0.12348483181625158,0.12354979594791782,-0.0610291781648169,-0.022029864929003384,-0.01616785698428047,0.007635154279047485,-0.06932028478209373,0.12347859248264048
a499e772aa67,B,aug,vae_a,stack,raw,all,aug2,0.0,0.75,False,0,,,4000,gated,,0.05153994095407768,0.022100586025877184,-0.05156579432887276,-0.22229692594838046,0.8,0.27169933915138245,0.45943011156059155,20.845121531888253,0.49167499429410033,0.1493212669683258,221,128,d23a116c3d07b268a245222132ccf81d8d01b545,178.0,50,-0.11420820944664656,-0.048353871226428424,-0.10102367857580363,-0.07315109365181494,-0.053703179993936034,-0.03817837642801414,-0.08437959985855459,-0.13529427256651427,-0.1254920121202252,0.006640035742306649,-0.2950472405463973,-0.03921279760883589,-0.7916511806388071,-0.7428687379236185,-0.8296555057238615,-0.16863090020137905,-0.06407302284062744,-0.04602219278112507,-0.05979001119453087,-0.16599669100187064,-0.10656150484658045,-0.2520286907594804,-0.5630505501403318,-0.4433929384280537,0.1663451193646882,-0.03258601887662382,0.027704563686697936,-0.06989045086779422,0.1661264914634203,0.16639930987318086,-0.07793576345893238,-0.03256263351677635,-0.025195825198813138,0.02771346575229139,-0.06989588976488914,0.16618143849507905
4ed6349d4d65,R3,r3_hybrid,vae_a,stack,raw,baseline,aug1,0.0,0.75,hybrid,0,,,4000,gated,Batch_3,0.1712961095462719,0.11985291956341623,-0.008769745286409947,-0.1715651913482493,0.8,0.4383849799633026,0.34118938899034246,21.064071696231398,0.4567246175459607,0.23529411764705882,221,128,d23a116c3d07b268a245222132ccf81d8d01b545,178.6,51,0.004030667686820255,-0.05148047726436089,-0.13118801481424458,-0.03178839319071525,-0.08971827496756357,-0.06183074342665429,0.06339488022663886,-0.16553541669514638,-0.15031206275222408,0.161502755656175,-0.2542389743525979,0.0466214325304698,-0.6251282516360448,-0.655646143041968,-0.6431900844631588,-0.16098128558992353,-0.06523022896899922,-0.03736211538822465,0.07475490794390793,-0.15803107803699068,-0.15793267442742498,-0.16495434350283822,-0.4275673384270511,-0.43575333545586337,0.2998759665909482,0.0765319751466329,0.20581572709405038,-0.025107500040472353,0.2993643789402004,0.2998611502120495,-0.04537872682943722,0.07657472861163495,0.027839236256617328,0.20582153139809334,-0.02509774184329383,0.29935025913824953
8340f10a4151,B,input,mae_scratch,stack,norm,all,aug1,0.0,0.75,False,0,,,8000,gated,,0.32070218916689797,0.176848739565666,-0.18212981827696428,-0.460987212451808,2.4000000000000004,0.03777175396680832,,,,0.5520361990950227,221,384,d23a116c3d07b268a245222132ccf81d8d01b545,179.625,52,0.04140693327481093,-0.796324233339573,-0.06396445365955095,-0.23877061983975145,-0.32635854772284345,-0.5133834978329157,0.3200465785327442,-0.13405543509854012,-1.6856514210415652,0.3858957274480912,-0.001745463570205219,0.166187434163533,-1.3025375096565805,-0.36589736383856764,-0.8840956269501128,-1.768101432542291,-0.7978024310443663,-0.3861560086317384,0.36247937315753886,-1.5874414273381738,-0.09954875634034677,0.3279697594658336,-0.7239248393779016,-0.991919837060921,0.5748726797722675,0.2964807823508734,0.24216759325924353,-0.08009938291951757,0.570089273371623,0.5745770101367217,-0.3301101302262055,0.29650436103156863,-0.03414950632772307,0.24187579324438813,-0.08054726284826685,0.5697909119491791
6beb3d6c9de9,CLEAN,,dino_ft,stack,raw,all_fields,aug1,0.0,0.75,clean_norm,0,,,4000,gated,,0.5520161254206764,,,0.04247554325320028,2.0172413793103448,0.0324055552482605,,,,0.3577981651376147,218,768,d23a116c3d07b268a245222132ccf81d8d01b545,179.875,53,0.5958057763484106,-0.36311686150570766,-0.2614979213795938,0.389365993244122,0.11169326355565501,0.18053044713931532,-0.07846074876074538,-0.6300231883770271,-0.061541509899210034,0.5334095840044482,-0.13559129471832443,-0.10950093573248254,-0.03579677786424318,-0.3601417300433083,-0.29279815918863616,0.16654962011849117,0.47603807311622603,0.3366373252987005,0.6493374666270912,-0.5568429743118901,-0.2926192962616745,0.41199039176667895,0.013560380418708662,0.33242611448180215,0.6931344274439516,0.2764348865584014,0.6144606269131582,0.48165029519559044,0.69440039099228,,,,,,,
f70c3038d003,R2,r2_norm,vae_b,Inlens,norm,all,aug1,0.0,0.75,False,0,,,4000,gated,,-0.11542700436543973,-0.09999559278282565,-0.0545502447531353,-0.2451504033873002,0.8999999999999999,0.21382388472557068,,17.714869257043908,0.41597559306416576,0.22171945701357465,221,128,d23a116c3d07b268a245222132ccf81d8d01b545,180.5,54,,-0.051567598138284154,,,-0.0733649080480201,,,-0.09602822822586643,,,-0.27934204724337053,,,-0.6797687674437995,,,-0.06523940277337448,,,-0.1659071477629439,,,-0.5499851274627425,,-0.11130169386853739,-0.02472169273595215,-0.2923193304874907,-0.04100222661379416,-0.10779007812142427,-0.11629201270647149,-0.07484844182649164,-0.024747119429475273,-0.03425204767977896,-0.2959830859258328,-0.040935089207217557,-0.1129113527045118
96ce6989864d,B,mask,vae_c,stack,raw,all,aug1,0.5,0.75,False,0,,,4000,gated,,0.6201807764846204,0.49789997074808384,0.17985495733676127,-0.14232777953655928,1.1500000000000001,0.5412098169326782,0.5297994184165372,18.77551767522466,0.4708564824917737,0.2171945701357466,221,128,d23a116c3d07b268a245222132ccf81d8d01b545,180.5,54,0.20842903681143565,0.02625947643416926,-0.12252032458200435,0.3327119239532321,0.1392678561512103,0.022692852145489772,0.06255779802225436,-0.03147030478371238,0.10244360135910646,0.3539913605384185,-0.16289454449247676,0.020693637790404562,-1.0082419131390932,-1.024892777120482,-1.0929776580199082,-0.27264928088658436,0.17179578735099232,0.11597685261177926,0.40174157060999194,-0.24977836127236275,-0.14007484091077216,-0.17637907542328857,-0.5284043200872208,-0.5641450619380022,0.7164731778805847,0.5291903310410974,0.6606282728241522,0.4981597123911955,0.6964523882860727,0.7166299464413146,0.061956856265042104,0.5292135328157457,0.29775305840848043,0.6606447306898101,0.49814922744614787,0.7209524431700456
b7429bd09c49,R3,r3_hybrid,mae_scratch,stack,norm,all,aug1,0.0,0.75,hybrid,0,,,8000,gated,,0.3610933755259776,0.24627928001402766,-0.03983772032036881,-0.3149548719017036,2.3000000000000003,0.05666851997375488,,,,0.43891402714932126,221,384,d23a116c3d07b268a245222132ccf81d8d01b545,180.75,56,0.021073911076105678,0.22205589238881562,-0.13175310580833588,0.02727253667229057,-0.1675282661950046,0.09058148368680241,0.3373524495290474,-0.3657266378865669,-0.7723557881053658,0.4721975522927587,0.14565009540725515,-0.002778191091513005,-1.6466037976696755,-1.3780305066481513,-1.4312824333612464,-0.8971329107080228,-0.14536316884410305,-0.4839066032780659,0.3356552273669666,-0.08316234843471948,-0.16212732806796537,0.1513695471730515,-0.9790196468054571,-0.7153548883297878,0.5735998220104117,0.20443644154322416,0.35569772664293986,0.09910170364716275,0.5726311837861495,0.5734417413380346,-0.04366118758083104,0.20447568715015363,-0.036014253059906576,0.3552920562959999,0.09796195495217674,0.5724589610025663
ad1e55727e70,B,view,vae_c,Inlens,raw,all,aug1,0.0,0.75,False,0,,,4000,gated,,0.39593011351856566,0.3080519199524238,0.08835893829171731,-0.1251988650692981,1.0499999999999998,0.2538548707962036,,18.029281056933552,0.4247154429847119,0.06334841628959276,221,128,d23a116c3d07b268a245222132ccf81d8d01b545,180.875,57,,0.21331280864022684,,,0.26152847339918717,,,0.07559530726779806,,,-0.1606225866909956,,,-0.9913529901534868,,,0.4530175002003156,,,-0.13263915991609387,,,-0.7204302733013361,,0.4420398744279527,0.12820581079643756,0.47483666926107837,0.492834968211595,0.4417332448957646,0.44203321706182586,-0.0028850403578311035,0.12822565282307807,0.17960291694126573,0.47483175895080487,0.49282875971525986,0.44172617453256346
a963f619f15b,R3,r3_hybrid,vae_b,Inlens,raw,all,aug1,0.0,0.75,hybrid,0,,,4000,gated,,-0.03957634344510601,-0.03930265583070057,-0.03864341410916944,-0.23150365242866222,0.8999999999999999,0.2366163730621338,,17.235475436336422,0.29754687074802216,0.19457013574660634,221,128,d23a116c3d07b268a245222132ccf81d8d01b545,181.0,58,,-0.028424616182283646,,,-0.12363149579832156,,,-0.15609086610095346,,,-0.22027440226602057,,,-0.6512560423369587,,,-0.09647417010146797,,,-0.12213815385229321,,,-0.4537394727909987,,-0.03525859166108458,-0.0278584965812414,-0.03891369704929315,-0.06068751499074265,-0.03516341694316827,-0.035222008766774504,-0.11715089887942809,-0.02784479426157449,0.03986407066108921,-0.03896064716685621,-0.060675759201572754,-0.03512855319978714
7b13ca369783,B,train_set,vae_b,stack,raw,baseline,aug1,0.0,0.75,False,0,,,4000,gated,,0.0700717644607014,0.04800116896245009,-0.007073069624701445,-0.17425313960390207,1.0,0.34824174642562866,0.34993043060975026,21.228438934737728,0.5033634749338098,0.35294117647058826,221,128,d23a116c3d07b268a245222132ccf81d8d01b545,181.4,59,-0.07448918242181346,0.08580147822380002,0.06393481281394653,-0.03892643550296149,-0.0005336959964008514,-0.057194982609798606,-0.18363495459866064,-0.10281633618334984,0.027102225655375456,0.0014177339337794193,-0.2566425570926849,-0.05027628122959449,-0.6506189888525242,-0.6033008573281968,-0.6514717618341901,-0.18849624821084854,-0.012173862829120141,-0.046741051913227416,-0.029453457863519494,-0.2322252608489741,0.019693627950737258,-0.26697082288796214,-0.43096047621407574,-0.5030980146533859,0.16370836945888367,-0.09059398696153864,0.0649428775157126,0.04907814312821368,0.1632234191622357,0.1637001317391995,0.003041979220492763,-0.09074107964851863,-0.017188118469895652,0.06494784239255202,0.04902684250650924,0.16322058499681136
f7fc1eabf87a,B,train_set,vae_a,stack,raw,baseline,aug1,0.0,0.75,False,0,,,4000,gated,,0.06446879350981441,0.03540266036562526,-0.03733765604109873,-0.20249716025101847,1.1500000000000001,0.2704731822013855,0.39155194071980703,21.16401700209739,0.5026610492086698,0.27149321266968324,221,128,d23a116c3d07b268a245222132ccf81d8d01b545,181.5,60,-0.07877882227109234,-0.02200954733031124,0.0019233783260287352,-0.041882471631029095,-0.044278261524711704,-0.049858711550456514,-0.09703913522219998,-0.049671514446921305,0.01590288655722738,0.02250299422473423,-0.2495157759127984,-0.03163209013441892,-0.8396394962766038,-0.7866401961185625,-0.796261179850654,-0.1823072592887962,-0.06068464943598895,-0.048718635662249765,-0.04043765612770778,-0.18896791608487606,-0.013113497837821564,-0.20492772212700916,-0.5279107361926683,-0.5459858301055556,0.16802251439624072,-0.03783791631741118,0.04460837749208313,-0.020264736624222346,0.1678157286023817,0.16806594292262178,-0.07058547961044348,-0.0378339544820796,-0.004089832471753985,0.04463722565852468,-0.020235262540038823,0.16785998308254624
83368c82e856,R2,r2_norm,mae_scratch,stack,norm,all,aug1,0.0,0.75,False,0,,,8000,gated,,0.27290963099389565,0.0979200546310817,-0.33989009762582467,-0.3844700965626617,2.45,0.037118688225746155,,,,0.5565610859728507,221,384,d23a116c3d07b268a245222132ccf81d8d01b545,181.625,61,-0.9433229012260975,0.16536704197117658,-0.0013122437191432912,-0.015119640825669078,-0.232394671341144,-0.8315182632392062,0.2913277241560307,-0.4161136887732688,-1.0938007638372174,0.567071641986179,-0.16317072559726387,0.1978301682085586,-1.4882512301614308,-0.5094756284740938,-1.0934176931774031,-1.4457011092633403,-0.7840665513499459,-0.40640955769747245,-0.12908622703231565,-0.43787683390283805,-0.06558522071999184,0.40182691532768555,-0.17690238791702217,-0.6171804708986459,0.43992481989850707,0.1809379361625374,0.44623568572462347,-0.14764169780372094,0.44509141098753113,0.4400488970217019,-0.645053848412408,0.18072275098985713,-0.03472634683924136,0.4468862914284305,-0.14767588655614472,0.4452385247853764
2d2cab20ee07,R3,r3_affine2,vae_a,stack,raw,baseline,aug1,0.0,0.75,affine2,0,,,4000,gated,Batch_3,-0.035782912842151716,-0.03522483772706383,-0.033810976119405645,-0.21179192712592312,1.2000000000000002,0.2136906534433365,0.39296750125782465,21.42133201000628,0.5045595544855339,0.23529411764705882,221,128,d23a116c3d07b268a245222132ccf81d8d01b545,181.7,62,-0.07119416100363196,-0.044398685990500564,-0.08203859558153082,-0.0411637651781549,-0.11565488160654613,-0.07336349813771759,-0.051383593070130074,-0.012880193234813708,-0.18866629154751502,0.008109905427738484,0.04389228161335457,-0.01952060808453382,-0.8309243932019885,-0.8494053046691541,-0.8242476266195249,-0.17367481408096053,-0.05359093555953742,-0.045458282131485506,-0.01714249581577043,-0.13802781550565357,-0.08260677895419066,-0.27995731407026647,-0.48172683027574204,-0.6579815737438994,-0.001495252982745665,-0.07212470698971751,-0.04870985550682372,-0.05358182353620866,-0.0030029251952630176,-0.0015020759173860476,-0.02785634294672934,-0.07213310121312433,-0.03976560929208195,-0.04870733237610958,-0.053598778034153804,-0.0030106243098617647
540f600feb20,R3,r3_affine2,mae_scratch,stack,norm,all,aug1,0.0,0.75,affine2,0,,,8000,gated,,0.4008873854373425,0.21401998211887976,-0.2540112094943437,-0.33786742357086164,2.8,0.03700411692261696,,,,0.5520361990950227,221,384,d23a116c3d07b268a245222132ccf81d8d01b545,181.875,63,-0.3292949026713936,0.16763748000471856,-0.42808680334747073,-0.0004406377732044664,-0.547536592127867,-0.1976224392622381,0.42576645859102835,0.3702329167007594,-1.4675776155922264,0.40172905560598227,0.49336859277549616,0.10192214225990581,-1.6877250973446714,-0.8216738537932828,-1.21795526285604,-0.9478557294011423,-0.5552817318204548,-0.3733101939369623,0.05097575498929108,-0.12016658568759353,-0.4612744594367433,0.4948456767482612,-0.5958785643364377,-0.8636157739883941,0.6354992731899733,-0.008351151597710826,0.4937890310950799,0.25367523354063726,0.6298245409587329,0.6359838996218351,-0.5272029719288052,-0.007890609317605213,0.01918055294011778,0.49411983068597665,0.2536299560855019,0.6303192167451375
5d3394986e57,R3,r3_histmatch,vae_b,Inlens,raw,all,aug1,0.0,0.75,histmatch,0,,,4000,gated,,-0.028337011983024317,-0.03675198421996052,-0.05279763264549964,-0.2312647102389466,0.95,0.24166490137577057,,17.23539611379483,0.2977645491133269,0.20361990950226244,221,128,d23a116c3d07b268a245222132ccf81d8d01b545,182.375,64,,-0.033885160046320806,,,-0.12459459372495063,,,-0.16560521115384175,,,-0.22256328632628564,,,-0.6575861472422844,,,-0.07432572843704843,,,-0.12321279416333875,,,-0.4483447608175024,,-0.018696871848701058,-0.02590774142281438,-0.018791296199939467,-0.05969184066168198,-0.018597309781984706,-0.018822039126123347,-0.12012698619042617,-0.02600025859180577,0.014531720899426892,-0.028409315483058473,-0.05971158817886946,-0.01872542286886736
7598e2cfc101,R3,r3_hybrid,dino_ft,stack,raw,all,aug1,0.0,0.75,hybrid,0,,,4000,gated,,0.4728065376855296,0.35537253993585277,0.06178754556165844,-0.0738285695828221,2.15,0.04262872040271759,,,,0.3665158371040724,221,768,d23a116c3d07b268a245222132ccf81d8d01b545,182.5,65,0.44598096747180416,-0.11444612458961356,-0.3514127789217443,0.2315862711196306,-0.08544401080202468,0.15689090296555686,-0.17261367525924243,-0.6013304869188583,-0.02811657946244206,0.4776159594219167,-0.04476351713102367,-0.11442638660020288,-0.39748589804708856,-0.7585204124833949,-0.638341893658354,-0.07575638397336015,0.36638953029715005,0.2798011780935783,0.5429506284088799,-0.43700615331894577,-0.4322172411431455,0.2615932578585193,-0.44506738351365605,0.1622545601983305,0.5939750208219331,0.14703873986693405,0.6031679384130355,0.4251282886234484,0.5947227007022968,0.593975020821935,-0.05530185455361103,0.1470387398669346,0.1788769456769279,0.6031679384130357,0.4251282886234484,0.5947227007022982
ba82bc8b213a,R2,r2_harm_aug2,dino_ft,stack,raw,all,aug2,0.0,0.75,True,0,,,4000,gated,,0.534610893025779,0.4132119754923257,0.1097146816586887,0.04782051715379363,2.0999999999999996,0.03219828009605408,,,,0.416289592760181,221,768,d23a116c3d07b268a245222132ccf81d8d01b545,182.625,66,0.6428040140743659,-0.21490618947544626,-0.17566660040444138,0.3319649128215476,0.10435219771847382,0.1552184076617601,-0.17637531502756065,-0.6954490407411758,0.12109250630390078,0.49787255797863217,-0.15478210367570489,0.04618475294209712,-0.04560056819166669,-0.2852567482667687,-0.196997023280838,-0.02200589740647363,0.37420681565807,0.3031674176223591,0.6690101297563777,-0.5070474754125642,-0.209560137727975,0.3491144008336382,-0.0383911368794263,0.274742534809866,0.723035271090444,0.21195132883617096,0.6923991136257357,0.32201905411498444,0.7236496974615597,0.723035271090446,0.08935190990672481,0.21195132883617385,0.13007745341065258,0.6923991136257356,0.32201905411498666,0.7236496974615603
2fb5ff30ff3e,CLEAN,,dino_ft,stack,raw,all_fields,aug1,0.0,0.75,clean_harm,0,,,4000,gated,,0.528464177310026,,,0.01402538422272743,2.1724137931034484,0.027585987001657486,,,,0.3486238532110092,218,768,d23a116c3d07b268a245222132ccf81d8d01b545,183.5,67,0.531133567600542,-0.41981006197970583,-0.15538606111212228,0.3533798261493106,0.06673239043777235,0.14908235789374202,-0.08556972429448062,-0.5126362447166426,-0.05972553237627398,0.5336560990928405,0.06561212540036365,0.0036537843519652835,-0.22824815615578609,-0.5205819716861999,-0.48989693010324453,-0.11808049217641914,0.37696172790037763,0.2859013293596254,0.6176343353292394,-0.5166633077036076,-0.1726020129924426,0.40949755158951673,0.025861664873532808,0.1967029566635552,0.6935133580211708,0.25359298485810766,0.5642370968874343,0.43491254931382217,0.6960648974695955,,,,,,,
185d00a4a4a3,R2,r2_aug2,dino_ft,stack,raw,all,aug2,0.0,0.75,False,0,,,4000,gated,,0.5250215891542548,0.3681230847769733,-0.02412317616622739,0.09610724954168914,1.85,0.03478701412677765,,,,0.40271493212669685,221,768,d23a116c3d07b268a245222132ccf81d8d01b545,184.375,68,0.5113495656818257,-0.023396761485368955,-0.13825554888091274,0.3720158931943651,0.23324288414458882,0.16825832485263248,-0.040459211331747014,-0.0986068706473553,0.14182630671457375,0.5249637520937308,0.2393699135748002,0.02623454619428811,-0.13487265496839984,-0.29444611526222486,-0.33693971283335467,0.03992082829637489,0.4339119025495548,0.08374074974622414,0.6113204199325906,-0.2721183300377912,-0.17763305411297914,0.3632219452056943,-0.0953028788250776,0.169228095204507,0.7254105014468275,0.21767648363344394,0.6757261901352904,0.2793543565461095,0.7269404140096023,0.7254105014468266,-0.18708915713666818,0.21767648363344239,0.1388428048042134,0.6757261901352891,0.2793543565461095,0.7269404140096003
82380c8c5d43,R2,r2_harmonise,vae_b,Inlens,raw,all,aug1,0.0,0.75,True,0,,,4000,gated,,-0.020425101600877536,-0.02373365034078894,-0.03177048007155314,-0.2516628589611316,1.4,0.1599973887205124,,18.700649785312166,0.44093230899372793,0.2669683257918552,221,128,d23a116c3d07b268a245222132ccf81d8d01b545,184.375,68,,-0.04744799823123258,,,-0.15015688367945867,,,-0.2970062791253243,,,-0.2409103711845786,,,-0.5593200429321048,,,-0.08319154436263809,,,-0.1708259815789921,,,-0.46444377059472397,,-0.0077367820280134225,-0.028902572305833818,0.007830666050232082,-0.06472137800507483,-0.008595441715697705,-0.00788624124025783,-0.07097379980391394,-0.028943758754194526,0.007432839660807655,0.0077160727463820855,-0.06473283901781812,-0.008747825976527901
ca8258097b84,B,aug,dino_ft,stack,raw,all,aug2,0.0,0.75,False,0,,,4000,gated,,0.5375439618382902,0.38006492970002387,-0.013632650645640731,0.09533832617936701,2.0,0.03307736665010452,,,,0.38461538461538464,221,768,d23a116c3d07b268a245222132ccf81d8d01b545,185.125,70,0.5215322233631836,-0.08708151411290488,-0.12965328543234467,0.3683671022456777,0.22706195646579463,0.18996875516219358,-0.0875723295150701,-0.06968325672267905,0.16536491772427275,0.5321977557708295,0.2430371999018105,0.027162651703451668,-0.1582270008710862,-0.3297218808709039,-0.3888190489931993,-0.04544327066213549,0.39627806325564674,0.3121053797478358,0.6099956482452268,-0.25863133961913976,-0.16243904018004662,0.3463559384528413,-0.11085212038590542,0.17681632363145916,0.733146325675697,0.15319276537842985,0.7142104270100684,0.3517099821948899,0.7354603089323659,0.7331463256756955,-0.14813156568343167,0.15319276537843063,0.1208662643921502,0.7142104270100688,0.35170998219488914,0.7354603089323648
6287c3560b06,B,mask,vae_a,stack,raw,all,aug1,0.5,0.75,False,0,,,4000,gated,,0.05652501884185788,0.04057999774487193,0.0007675313163684194,-0.25656994716997167,1.4,0.3006443977355957,0.7155233229683341,19.09537465219049,0.48042498277233375,0.33031674208144796,221,128,d23a116c3d07b268a245222132ccf81d8d01b545,186.1,71,-0.1250382123400502,0.007483661508866479,-0.146640884890608,-0.07573276856096967,-0.10333030723087977,-0.0557932381231534,-0.08831327083284468,-0.30227020085721845,0.07164540507149231,0.05388855531165693,-0.2515892896778369,-0.05655148908356611,-1.0251448461016937,-0.986530347609603,-0.9442939651136304,-0.27733304927769686,-0.047865914996312764,-0.09836500474964671,-0.06523361386769455,-0.1638808102915521,-0.11654532272659779,-0.19691370187156942,-0.5907378902981846,-0.5725922254700271,0.12945850615944698,-0.00033871610048286094,0.0708145264165706,-0.04493585557605573,0.1276266333098104,0.12943188475077572,-0.046355738152029646,-0.0003380975138058684,0.047890800784766485,0.07076884599311861,-0.04493797170677505,0.12760026005805325
b0c40cef9000,B,train_set,dino_ft,stack,raw,baseline,aug1,0.0,0.75,False,0,,,4000,gated,Batch_3,0.5368245465908179,0.3779777975226707,-0.019139075147695306,0.09461746934257,1.9500000000000002,0.04072060436010361,,,,0.40271493212669685,221,768,d23a116c3d07b268a245222132ccf81d8d01b545,186.25,72,0.566007506250835,0.0595167579970034,-0.12463920920259142,0.32439070310655993,0.13770558023224222,0.1726903821588438,-0.14544014948040718,-0.14194889833642232,0.16077200875365105,0.48442987097476353,0.14750026667551341,0.01384502842460833,-0.19257039209702076,-0.40014889714681723,-0.43385346801148406,0.07277709208135508,0.46526850806560405,0.36718333930117597,0.6217381278190578,-0.07234244039084214,-0.18177611926769144,0.3517103349360722,-0.2504182586223278,0.26842158999999866,0.7029468989766077,0.255268057867604,0.7048972987305366,0.31773437279845007,0.7032761045808908,0.7029468989766068,-0.1592675567164168,0.2552680578676042,0.12098940642102618,0.704897298730537,0.3177343727984481,0.7032761045808898
63cdec8d0715,A,,dino_ft,stack,raw,all,aug1,0.0,0.75,False,0,,,4000,gated,,0.5196228255304444,0.3655679323441296,-0.019569300621656682,0.08464977033232418,1.9,0.04537620395421982,,,,0.42081447963800905,221,768,d23a116c3d07b268a245222132ccf81d8d01b545,186.25,72,0.48497351675970546,-0.10757373916310708,-0.06998185938025947,0.30607982795930655,0.25731964788024886,0.12654850008677831,-0.11728822172294273,-0.01913149845254547,0.11199995205384727,0.4845801125198872,0.16949034756303505,-0.11728417210445596,-0.22980425702592133,-0.4224444406541348,-0.46004051876520946,0.12270811220143296,0.4491729214558997,0.38135766016792294,0.60621730599775,-0.20033280132659814,-0.10412962693199135,0.38909225435401085,-0.2108795661882561,0.20094503069137715,0.6570665861782311,0.25282191244764995,0.6555927717155741,0.3708612920028148,0.661771565307952,0.6570665861782335,-0.13500237515148106,0.2528219124476504,0.0958637739081677,0.6555927717155718,0.37086129200281504,0.6617715653079499
c12b550f5910,R2,r2_harm_aug2,mae_scratch,stack,norm,all,aug2,0.0,0.75,True,0,,,8000,gated,,0.32268222964170507,0.20654452862480605,-0.08269808240393195,-0.1497113539867869,2.45,0.026878366246819496,,,,0.5384615384615384,221,384,d23a116c3d07b268a245222132ccf81d8d01b545,186.375,74,0.18803399709640134,-0.1751651420490743,-0.34892786645199525,0.00318312974963908,0.07643977721626671,0.05568114801389645,0.32442193689395893,-0.5514650348122521,-0.8213166696507075,0.1783295752949915,0.04050550847563894,0.1601569067375933,-0.45776229152348513,-0.010496449270532837,-0.41419543736019326,-0.16935330606386345,-0.19815109886815607,-0.05595587596153262,0.38024116697557886,-0.6267568028716479,-0.4464225874313481,0.32809802601885363,-0.6821088406217557,-0.3700862652191599,0.612020713822218,-0.06175860814278655,0.5570581074637782,-0.10694248677673146,0.6130334218420472,0.6114616119508169,-0.05668458783469732,-0.06207763687509549,-0.10871157697316658,0.5567314008965033,-0.10738121870309891,0.6124737079123804
e6d7dbbfe368,R3,r3_histmatch,dino_ft,stack,raw,all,aug1,0.0,0.75,histmatch,0,,,4000,gated,,0.4567546274458871,0.32622337093949855,-0.0001047703264736577,-0.06334836810158867,2.25,0.04478287696838379,,,,0.38461538461538464,221,768,d23a116c3d07b268a245222132ccf81d8d01b545,187.0,75,0.4200586507876668,-0.108978447167976,-0.305615662677837,0.2215923155282281,-0.07054278043448514,0.1409489657543097,-0.28680044043711383,-0.4413226183899446,0.10269679870152981,0.4315127159706448,0.06908118765016513,-0.07640067219672697,-0.4929923643820673,-0.7668182545919,-0.7023613704174057,-0.20325847925997853,0.3493962264924382,0.23848263190244756,0.5344204118492364,-0.2546018486907866,-0.3249037215425037,0.26943906996723044,-0.3606753322396232,0.09728218338632355,0.570617342970307,0.18744075295010587,0.5688430763159947,0.38536299967417853,0.5715089653188492,0.5706173429703074,-0.12048151521451334,0.18744075295010643,0.12027197456156602,0.5688430763159935,0.3853629996741794,0.5715089653188512
5bff7ab16304,R3,r3_affine2,vae_b,Inlens,raw,all,aug1,0.0,0.75,affine2,0,,,4000,gated,,-0.05232114444486635,-0.0517551115071785,-0.05015186664541915,-0.22500752270484298,1.6500000000000001,0.13395074009895325,,18.698807270370498,0.4465588357743455,0.23529411764705882,221,128,d23a116c3d07b268a245222132ccf81d8d01b545,187.0,75,,-0.015146644634624895,,,-0.11988511272782443,,,-0.05120679591168087,,,0.2372006971744719,,,-1.0303884142966613,,,-0.060779636877369425,,,-0.06522813211806389,,,-0.694626142246991,,-0.060167219053265386,-0.050302363587096055,-0.03006335759134382,-0.06008269611300854,-0.06099008587961796,-0.06028721276587756,-0.051295984442205844,-0.05035466400307875,-0.04900774884863246,-0.030164363947892348,-0.06006567566931831,-0.06111013087324424
f7e104afa00a,R2,r2_harmonise,dino_ft,stack,raw,all,aug1,0.0,0.75,True,0,,,4000,gated,,0.4617765936702559,0.339368764872282,0.0333491928773475,0.011532996351856853,2.15,0.03848979249596596,,,,0.39819004524886875,221,768,d23a116c3d07b268a245222132ccf81d8d01b545,187.5,77,0.5452364182178666,-0.1319796882213986,-0.13817574723006332,0.28833288841610727,0.020037674840744257,0.15223948788481168,-0.1796183271774625,-0.5687508050363874,0.07104682706881393,0.4596870319704278,-0.17675892730609233,-0.12749847416388782,-0.2001117720029979,-0.49043110421965563,-0.38029601865874274,0.0626065759791844,0.4767578716036408,0.35525058921558106,0.5866338826469694,-0.4137489943132826,-0.1978412001386023,0.31358163926352944,-0.24011725191302458,0.19070933571848558,0.5749398949973699,0.19459678623648635,0.5950173557382195,0.36835298487020407,0.575975946509,0.5749398949973641,0.08111239531500902,0.19459678623648957,-0.014414009560314023,0.5950173557382167,0.36835298487020385,0.5759759465090051
271bb9ba40b4,B,mask,vae_b,stack,raw,all,aug1,0.5,0.75,False,0,,,4000,gated,,0.024542156705784413,0.01753229096818138,0.03267712155224667,-0.22575659899196157,1.1500000000000001,0.34061452746391296,0.9454329243906472,15.720487041985349,0.43516313906079146,0.027149321266968326,221,128,d23a116c3d07b268a245222132ccf81d8d01b545,187.9,78,-0.10118087565800438,-0.03664091941045933,-0.07843793275141309,-0.02115584062956488,-0.05770403463324114,0.030343137153223454,-0.14248848311585127,-0.09110550558241615,0.016953556384327273,-0.029427492873944194,-0.06131770918568824,-0.057227411129090244,-0.954404670182261,-0.9074066305176385,-0.9450129705960073,-0.19710239949226427,0.006950819161574029,-0.06501392053253885,-0.07539763873606864,-0.13032814432052642,-0.0760069878108316,-0.2317287128462644,-0.644386610962576,-0.5689309975395533,0.0066331589520041145,-0.034563915570143156,-0.015111550349246716,0.15970411853519528,0.006048971961112537,-0.026469287355736837,-0.06286040456600772,-0.03481036065879484,0.12821464767050106,-0.014893253386243144,0.16033607475550304,-0.026791379681951888
fbfecf737317,R3,r3_affine2,dino_ft,stack,raw,all,aug1,0.0,0.75,affine2,0,,,4000,gated,,0.44677232821136464,0.30403922218726004,-0.052793542873000754,0.013194359496498378,2.15,0.036300528794527054,,,,0.3755656108597285,221,768,d23a116c3d07b268a245222132ccf81d8d01b545,188.25,79,0.5031499495710265,-0.19629616599980504,-0.09324582565874473,0.26485783703507615,0.19805675964372493,0.12930539596655244,-0.16482478723578908,-0.3374484857840747,0.011063073957789382,0.442845371126655,0.11535613640045905,-0.11546949934574458,-0.27870365463414015,-0.6128524298732736,-0.45171409349178315,-0.04342129030060127,0.4569822761336393,0.2936399081601305,0.5293111698556843,-0.37736533831634156,-0.12299548881144262,0.26531204128369434,-0.31210542975491284,0.21322719798818246,0.6075530233553832,0.1873369380163038,0.526356703486681,0.30572390121950255,0.6068910749789527,0.6075530233553826,0.022583893826881196,0.18733693801630336,-0.1281709795728827,0.5263567034866807,0.30572390121950144,0.6068910749789536
7fd00ebad08f,R3,r3_histmatch,mae_scratch,stack,norm,all,aug1,0.0,0.75,histmatch,0,,,8000,gated,,0.45970447142392395,0.3472721958704796,0.06687770136441501,0.005459845059051481,1.75,0.17253749072551727,,,,0.43891402714932126,221,384,d23a116c3d07b268a245222132ccf81d8d01b545,188.375,80,0.47144088076180246,0.1304266534674967,0.11242522874147964,0.2616282250884111,-0.35219335329855794,0.13082923388716705,0.26272016200095494,-0.18324100987103198,0.0207381145197999,0.4466756557386782,0.2454261371588392,0.15989704542329775,-0.5911950276069766,-0.4255441736625414,-0.7505831948546553,0.04128526422881462,0.0879145927078614,0.09432862805093734,0.591390957863949,-0.13133380903190472,0.10953825618293211,0.16613482769546695,-0.243053327465947,-0.5246196863090378,0.6379720596534504,0.1931295926686506,0.5558811251523149,0.2721236528755504,0.6394159267696538,0.637601740486101,0.18721360630673833,0.1931635929663007,-0.053458203577908314,0.5554508215777558,0.2718840695600865,0.639049743774283
5fc3a6f5c50f,B,input,dino_ft,stack,norm,all,aug1,0.0,0.75,False,0,,,4000,gated,,0.5169435095770641,0.3809642387408495,0.04101606165031363,0.08346013092469078,2.0999999999999996,0.03963421657681465,,,,0.4479638009049774,221,768,d23a116c3d07b268a245222132ccf81d8d01b545,188.625,81,0.19428278419574763,-0.019306076953445883,-0.06997280104417936,0.31991704739899807,0.14677603878231238,0.06215904627615276,-0.0402116162256978,0.18828691104346018,-0.04085083491370023,0.5340940397137423,0.4038933203289705,-0.020980840741564366,-0.2664843420410179,-0.0763877174930565,-0.39779470111911097,-0.28840841625689073,0.2390096062771977,-0.03145207940207739,0.38681062855525716,0.11048828223658291,-0.10262209936916622,0.5908400834441745,0.07629974223470015,0.10465713726518944,0.7124125451622585,0.24572210965752717,0.6018838970050522,0.30807740124392,0.716621594816563,0.712412545162258,-0.1066690571088118,0.24572210965752772,0.18870118040943906,0.601883897005053,0.3080774012439186,0.7166215948165625
93331b25205d,B,view,dino_ft,SE_type,raw,all,aug1,0.0,0.75,False,0,,,4000,gated,,0.4379520968211543,0.333289311698232,0.0716323488909279,0.06580340094929343,1.7999999999999998,0.07423899322748184,,,,0.45248868778280543,221,768,d23a116c3d07b268a245222132ccf81d8d01b545,189.0,82,,,0.09904981056645512,,,0.1275041882788429,,,-0.27432519657909915,,,-0.050388352628427224,,,-0.03950487969397298,,,0.1706467093818319,,,0.09986759370095011,,,0.3935773345677668,0.6127849188213047,0.2383859662932214,0.5736965387526927,0.14968322705621673,0.6152098331823361,0.6127849188213057,-0.026135632107946227,0.2383859662932204,0.16940032988980203,0.5736965387526924,0.14968322705621273,0.6152098331823368
494b7dce3231,B,train_set,dino_ft,stack,raw,baseline,aug1,0.0,0.75,False,0,,,4000,gated,,0.4850710018624439,0.3421177081390529,-0.015265526169425503,0.09132881837505939,1.9,0.05492592230439186,,,,0.48868778280542985,221,768,d23a116c3d07b268a245222132ccf81d8d01b545,189.25,83,0.4853590283497474,-0.08540521392674827,-0.07976833618758694,0.29565850672708693,0.11254754522373855,0.1174127999628849,-0.03481001552552554,-0.2503497704803441,0.009576888121857308,0.4251164633793828,0.13170151839271482,-0.1257952649159515,0.047777158265973396,-0.19474358336175102,-0.19798533745861002,0.08817888661499262,0.4271914231905781,0.3419382388981489,0.5389128619119488,-0.2162603085744168,-0.11990519383664244,0.2955843437038943,-0.1690969414787169,0.34905594400477036,0.620388568822889,0.26946969491825756,0.6234016037801111,0.28976897138233315,0.6223261704086287,0.6203885688228907,-0.12671704944865758,0.269469694918258,0.09618599710980658,0.6234016037801116,0.2897689713823325,0.6223261704086285
9c94f381fd93,B,view,vae_b,BSE,raw,all,aug1,0.0,0.75,False,0,,,4000,gated,,0.38044446489258693,0.2825930616580027,0.02950217591035098,0.007869589179528624,1.0,1.019173264503479,0.31755302977464966,26.41568188839746,0.5608207032781202,0.29411764705882354,221,128,d23a116c3d07b268a245222132ccf81d8d01b545,189.6,84,0.20428534903616535,,,-0.0696070180813666,,,0.16200595566331233,,,0.33377416703166696,,,-0.7059402918652886,,,-0.15119031711136044,,,0.2212983917847654,,,0.06833047697833461,,,0.5583042595023737,-0.004996685079957874,0.6906913695379573,0.09490932615672176,0.5633140543458397,0.5664361751723509,0.002421341590782111,-0.004832195896565583,0.05658301022991985,0.6945434261919167,0.09486414868911841,0.5681355256284961
56588ef12c97,B,view,dino_ft,Inlens,raw,all,aug1,0.0,0.75,False,0,,,4000,gated,,0.41299180499614907,0.3013400818497431,0.02221077398372634,0.07429772307745978,2.05,0.030279388651251793,,,,0.4072398190045249,221,768,d23a116c3d07b268a245222132ccf81d8d01b545,189.75,85,,0.17092376127355624,,,0.18899961954317512,,,0.06846045624323516,,,0.26816492935440217,,,-0.23653326502997474,,,0.4270843807849094,,,-0.020219542384254385,,,-0.2724985551653707,,0.5510454967053655,0.30375372928813527,0.5435211140567651,0.11847402702965892,0.5481646579008206,0.5510454967053648,-0.04582285279148368,0.30375372928813593,0.09024440075893636,0.5435211140567673,0.11847402702966059,0.5481646579008201
7a94cd30b5ea,B,view,vae_a,BSE,raw,all,aug1,0.0,0.75,False,0,,,4000,gated,,0.49988731277292525,0.37421470062918655,0.06006815593664838,0.13119388418638234,0.95,0.8178735375404358,0.3195822789790161,26.52231598402892,0.5625202363612606,0.2850678733031674,221,128,d23a116c3d07b268a245222132ccf81d8d01b545,189.9,86,0.36050689497139965,,,0.038752017658221005,,,0.33125851952614094,,,0.466805007398974,,,-0.6290914356143076,,,0.011220024055028643,,,0.3822938250165768,,,0.08780622047902509,,,0.6374743117769675,0.16159748762878023,0.7309538999068694,0.33058553414561387,0.6388253304063952,0.637450786729033,-0.028973459538603752,0.16157714413721413,0.14910977141190052,0.7309879936600943,0.33055469978289465,0.638795968221773
34197af03cd9,B,view,dino_ft,BSE,raw,all,aug1,0.0,0.75,False,0,,,4000,gated,,0.5975393069937521,0.49648665638559253,0.24385502986518953,0.33889725491167727,1.6,0.13371729850769043,,,,0.4072398190045249,221,768,d23a116c3d07b268a245222132ccf81d8d01b545,190.25,87,0.5566853571591448,,,0.43415022891171573,,,0.04444016013227081,,,0.7085361891891166,,,-0.14549578067021418,,,-0.14190624296723842,,,0.6840081535161231,,,0.5707599740224998,,,0.777270964721099,0.25409545408088796,0.7207205723443141,0.45840764208101925,0.7772019017414401,0.7772709647211026,0.16390705689585294,0.2540954540808875,0.3238030028345261,0.7207205723443153,0.4584076420810197,0.7772019017414435
c74e0d868f47,B,aug,mae_scratch,stack,raw,all,aug2,0.0,0.75,False,0,,,8000,gated,,0.3831793012513974,0.2619907567081025,-0.04036243234018211,-0.01381843635166797,2.15,0.04796433076262474,,,,0.37104072398190047,221,384,d23a116c3d07b268a245222132ccf81d8d01b545,191.0,88,0.0702884784736233,0.4374280559780035,0.6359198450873833,0.2462640133706635,0.11322348744727218,-0.04559909022598285,0.1870828394311872,0.5366861957645706,0.20656623999947288,0.1888192963810238,0.49378910563286105,0.13818124185215208,-1.2880303311674028,-0.8809669999377043,-1.0619368229816915,-0.5014303326722138,0.39033875153911013,0.034212465151757465,0.1517207956554908,0.19722513005436437,0.6377233139547259,0.06697656901750793,-0.6572714946057687,-0.6288532256404376,0.59089616774689,0.023489587376862797,0.4369791115022963,0.27365701341034687,0.590874626220591,0.5905223767271941,-0.03925827332471821,0.02352462202298533,-0.04146659135564601,0.4363131652724124,0.2738132695727684,0.5904867280417216
98ca8d95863d,R2,r2_norm,dino_ft,stack,norm,all,aug1,0.0,0.75,False,0,,,4000,gated,,0.4998204440454037,0.37257558799697105,0.05446344787588764,0.09228872570939967,2.15,0.03953961655497551,,,,0.4434389140271493,221,768,d23a116c3d07b268a245222132ccf81d8d01b545,192.0,89,0.26494397646446766,0.14879508412126752,-0.06626482978810788,0.31066503937721945,0.13128781987715188,0.006022438902454352,0.039502581097883294,0.15087088777464885,-0.022069934856225437,0.5306008213695439,0.34736770617405544,-0.06469419702306056,-0.19080859284049434,-0.04219165256556234,-0.2995451698762297,-0.3518810104470098,0.3663541075409288,-0.24535895885895842,0.46328307939911184,0.052994793547115115,-0.11072371140850445,0.57215226947123,0.07395001927573774,0.14967685029692912,0.6677255403281208,0.21067572323859163,0.5659846427641569,0.38806186396835274,0.6666544499277962,0.6677255403281221,-0.13020408841522646,0.21067572323859285,0.23913098416700174,0.5659846427641586,0.38806186396835185,0.6666544499277967
cd8ea14d44df,R3,r3_affine2,ots_dinov2,stack,raw,all,aug1,0.0,0.75,affine2,0,,,0,gated,,0.3605314722530967,0.25416046343787124,-0.011767058600192226,0.012297141217884458,2.0,0.10735339671373367,,,,0.39819004524886875,221,768,d23a116c3d07b268a245222132ccf81d8d01b545,192.625,90,0.3168357982472235,0.015295412735463199,0.08751101663166838,0.2210737309333637,0.040330801130037064,0.0657055999208298,-0.07483698200105637,-0.13656030251234608,-0.01403567939743633,0.2585740410009807,0.1689883291626776,-0.13192781858821845,-0.33410437171246876,-0.5353576974223331,-0.5006633859531675,-0.14971189411983765,0.24071481085896063,0.16415486530926693,0.34714638282427923,-0.10831799730359037,0.07465110108358519,0.3121626845691675,-0.1945786948395718,0.16208163867174996,0.5305723461576157,0.05496134443835943,0.4896807558303362,0.19750742837485402,0.5299354864643182,0.5305723461576157,-0.0018103685135939518,0.054961344438359094,-0.0217237486867905,0.4896807558303363,0.1975074283748538,0.5299354864643183
5200cc435f19,B,aug,mae_scratch,stack,raw,all,aug0,0.0,0.75,False,0,,,8000,gated,,0.5082943420212225,0.38959767253772043,0.0933555447136098,0.08831599578089828,2.0,0.12564031779766083,,,,0.3755656108597285,221,384,d23a116c3d07b268a245222132ccf81d8d01b545,192.625,90,0.05912317467107042,0.4464134275508651,0.6740444093393663,0.35700646248197765,0.26089095756310277,0.033309351470359294,0.319327939404097,0.51196565466802,0.31961021835065995,0.47699906844446016,0.5283570772435755,0.12700211466996492,-1.0907771001519642,-0.7088423000818047,-0.8858971312048949,-0.4002145851421173,0.3033369212355611,0.21126404695593615,0.27504739333378747,0.2410895921892965,0.6728773051135015,0.2730563047100757,-0.44943129283441463,-0.4359751112389234,0.7032810971870349,0.289155453109735,0.5477963704708917,0.2941875054168146,0.7070512839216357,0.7030743672400439,0.11560224831497234,0.2890884989668211,0.07110884111224725,0.5476061001294174,0.293853891136056,0.7068497608644857
585fe8f363e2,OTS,,ots_dinov2,stack,raw,all,aug1,0.0,0.75,False,0,,,0,gated,,0.4243364317701827,0.29996013381295733,-0.01098061108010584,0.04982668944179262,2.0,0.11168570816516876,,,,0.42081447963800905,221,768,d23a116c3d07b268a245222132ccf81d8d01b545,193.125,92,0.3292011446414501,0.04874314807030433,0.09440878315249457,0.23599360178892714,0.0511601290645165,0.07577026917762586,-0.007682487056229981,-0.003745974927425344,0.015640843097100454,0.2886974128893566,0.24814532174410053,-0.15112029214891542,-0.2586891584127424,-0.4593939074865956,-0.43843497435806555,-0.1299859071506102,0.247446229452564,0.17838027613771967,0.38474264289217,0.0408792245876235,0.0722697103322526,0.3448163841470062,-0.2060963308918764,0.19469445786027173,0.591980181758818,0.08545102198361842,0.5594271391073022,0.2935737147628815,0.5912501012382938,0.591980181758818,-0.03319728114795506,0.08545102198361809,0.01123605898774338,0.5594271391073022,0.29357371476288163,0.5912501012382936
867ac208284a,R3,r3_histmatch,ots_dinov2,stack,raw,all,aug1,0.0,0.75,histmatch,0,,,0,gated,,0.33589217723029713,0.2509447294187939,0.03857610989003546,-0.042230954034801406,2.15,0.11113367974758148,,,,0.38009049773755654,221,768,d23a116c3d07b268a245222132ccf81d8d01b545,193.25,93,0.3819056576137807,-0.13437922473748798,-0.015928515653208297,0.06504477280042908,-0.1061917165041324,0.03103650682231507,-0.19934968852477142,-0.2161450449179778,-0.030359106135728453,0.3167357137359559,0.06353229690586149,-0.009704547244659745,-0.39041122196580424,-0.5379038008367789,-0.5673929356865424,-0.10375756815470094,0.1566432107622947,0.14296757956684203,0.4056450322165671,-0.20621730212059153,-0.03923606807267821,0.1598940563398289,-0.17172704159867336,-0.008243941445372993,0.45789490882429895,0.06533362557468836,0.4451850000763673,0.24983760464810612,0.4612097470280251,0.4578949088242993,-0.026492755319132977,0.06533362557468858,0.1036449750992039,0.4451850000763674,0.24983760464810612,0.461209747028025
95e4968d10c7,R2,r2_harmonise,mae_scratch,stack,norm,all,aug1,0.0,0.75,True,0,,,8000,gated,,0.31841509277405594,0.19256581782272605,-0.12313538586968764,-0.07328622360549308,2.45,0.0451480932533741,,,,0.5384615384615384,221,384,d23a116c3d07b268a245222132ccf81d8d01b545,194.125,94,0.1987515130397115,-0.00807133089334644,-0.05752509204502121,-0.0709689420861257,-0.05316842569435565,0.00046491612943044824,0.3559844168438846,-0.712746837754227,-0.615688802503835,0.40633704328918663,-0.27468597811637085,0.25856755377628693,-0.3768323215565519,0.09471974445880693,-0.35721240379099184,-0.31408217673436645,-0.7425166956212004,-0.025831217609215695,0.40093240445085965,-0.47860865264933494,-0.1079146781373046,0.6206773422331537,0.1396345804884399,-0.03908532604934667,0.5886974201701213,0.096649650140751,0.4393062777550165,-0.12563967869490167,0.5930617944992926,0.5888595346275902,-0.24056003485579325,0.09636619080734621,-0.005710736883582035,0.43983405936281605,-0.12406432611601126,0.5932360378167163
aee9902547ff,R3,r3_affine2,ots_micronet,stack,raw,all,aug1,0.0,0.75,affine2,0,,,0,gated,,0.2358808981752918,0.15354712514749463,-0.05230718788548455,-0.03438044137726929,1.9500000000000002,0.15991069376468658,,,,0.3936651583710407,221,448,d23a116c3d07b268a245222132ccf81d8d01b545,194.5,95,0.28310179501570054,0.0028129835129371283,-0.13409491993954115,0.24936330024575937,0.2634102640169734,0.1732397348413608,-0.1053454753735299,-0.27214611543613576,-0.0781471410187542,0.20051365182890146,0.001944361833590924,0.02558701578399003,-0.33456487982043814,-0.6537224827582313,-0.6051499705552885,0.07656097575449083,0.3790899078729607,0.2526793867671948,0.34060803319089283,-0.5892009550910466,-0.16381038832617478,0.21115645945927353,-0.3820439293976572,0.033027794538308286,0.3405316046044098,0.025102451226380995,0.351058825816877,0.12166205356067294,0.34104955566811834,0.34050688995693934,-0.14587207766897237,0.025109132684163815,0.04125770189800326,0.3510477642189561,0.12175602237612015,0.34102444256725206
db09df938a7d,R3,r3_hybrid,ots_dinov2,stack,raw,all,aug1,0.0,0.75,hybrid,0,,,0,gated,,0.34158992680157424,0.250819211479841,0.023892423175507937,-0.04228110936188859,2.1999999999999997,0.11458281427621841,,,,0.416289592760181,221,768,d23a116c3d07b268a245222132ccf81d8d01b545,194.75,96,0.3550130083403581,-0.12062180772577213,-0.04211630770523778,0.11567554662529889,-0.09015795443073626,0.040529919954753746,-0.10090559911573838,-0.33314812553122697,-0.0041368295778196895,0.3698434890089435,0.0031111113881777674,-0.08804612850055027,-0.3619065434662214,-0.571292948131102,-0.5721293545271773,-0.07735797408388967,0.16182275573787164,0.14366035995940984,0.3991705966227841,-0.19510580532715815,-0.06139213750378825,0.21138199830562876,-0.22613374768410166,0.029495852681967416,0.45110012446465586,0.0415950055915465,0.47127642638053124,0.2893017351771714,0.4546763423939666,0.45110012446465586,-0.060570787477001176,0.041595005591546164,0.10835563382801705,0.47127642638053135,0.28930173517717117,0.4546763423939667
3d468a8ce3c6,R3,r3_histmatch,ots_micronet,stack,raw,all,aug1,0.0,0.75,histmatch,0,,,0,gated,,0.2524096467082336,0.1927094546301463,0.04339084801149096,-0.10771751161439498,2.15,0.17424823343753815,,,,0.3438914027149321,221,448,d23a116c3d07b268a245222132ccf81d8d01b545,195.25,97,0.3061361590109454,0.19451842181559897,-0.24195531557830563,0.17116366178394804,0.11108820188069368,0.12705376372957655,-0.1573346816973884,-0.11731047062084055,0.005790763295590584,0.15699684558053517,0.19903730930676145,-0.016334612426574857,-0.6100392824251684,-0.7119847517021225,-0.8164198984079485,0.051669144311003334,0.2526015140107384,0.22715287322530275,0.2502855998659862,-0.34103679872319503,-0.29887166915599717,-0.27604803023209135,-0.4613859317522009,-0.5899930938403268,0.2837182374061835,0.0753986742107785,0.32766886957913555,0.289276354543897,0.28598609780117346,0.28375357921495925,0.09836559975850911,0.07542734681461971,-0.011583903735527201,0.32771396590947144,0.28926821710994066,0.2860213773390513
4f93612cbede,B,train_set,mae_scratch,stack,raw,baseline,aug1,0.0,0.75,False,0,,,8000,gated,,0.4916934957622585,0.3465119214466799,-0.016008412268001093,0.06866272246336556,2.35,0.08960030972957611,,,,0.3936651583710407,221,384,d23a116c3d07b268a245222132ccf81d8d01b545,196.375,98,0.01529773311604643,0.182328512169477,0.594764389628955,0.13368905277533016,0.031998339718849356,0.04719958684353698,0.21286381619773576,0.4145812674157131,0.21608904397773254,0.36161565755584535,0.4710206868497623,0.15499446988480126,-0.7954325246109251,-0.49665928102305057,-0.5627346044326931,-0.48628478741816683,-0.020426411186066806,-0.0645351411129742,0.21705567535666026,0.11728735107917665,0.6582381190218143,0.45234062587993384,-0.18871060516234905,-0.018675633404371172,0.7241807688166602,0.26893106542578693,0.4631206273394708,0.2763866154601968,0.7258484017691781,0.724231517863895,-0.02873101997332128,0.2689921933427494,-0.003285804562680905,0.4628944613774988,0.2755864785839519,0.7258956234946665
bdb3eaae4ec7,R3,r3_hybrid,ots_micronet,stack,raw,all,aug1,0.0,0.75,hybrid,0,,,0,gated,,0.3013505665842694,0.2270542887958519,0.041336194347851685,-0.07576567560362088,2.15,0.17545484006404877,,,,0.35294117647058826,221,448,d23a116c3d07b268a245222132ccf81d8d01b545,196.5,99,0.3094086905324821,0.19932263695912678,-0.2763342109086866,0.2579640290635712,0.11082628041505116,0.12830150055498846,-0.09918202552463207,-0.14714762531669878,-0.0492023306924696,0.22705873668462984,0.1667653848415952,-0.001022809898440613,-0.47179570479503496,-0.5615583195117231,-0.6690744771907193,0.08221589823531172,0.2522809296838273,0.22274246961734911,0.27544162790883076,-0.3760757105546413,-0.3087013217373824,-0.12588077499621075,-0.4339528341394865,-0.5307762537175389,0.37038997365059867,0.08250095436900595,0.3929624472897908,0.28867228496736586,0.3722271726445856,0.3703837072614776,0.11710259011982671,0.08250058678747119,-0.03443020142412334,0.3929663654835627,0.2886361266225359,0.3722208467202126
187cde613c88,B,view,mae_scratch,Inlens,raw,all,aug1,0.0,0.75,False,0,,,8000,gated,,-0.1394924651519714,-0.09788067831558823,0.006177427902148036,0.0002956868247724481,1.7,0.10126208513975143,,,,0.38009049773755654,221,384,d23a116c3d07b268a245222132ccf81d8d01b545,196.875,100,,0.135600643048445,,,-0.06131360587442547,,,0.512581241981948,,,0.5898787151161433,,,-0.8166746371079707,,,0.10531090519166775,,,0.11594363346563641,,,-0.5789614012232647,,-0.2543080377626721,-0.20667287823995673,-0.01700376424948913,0.032842503213856955,-0.252320148721596,-0.2544013172271271,0.1710267287740581,-0.20671409730645007,-0.15867187296976204,-0.017158025846907066,0.03317194755104458,-0.25241811118397406
0ac578742c7c,B,mask,mae_scratch,stack,raw,all,aug1,0.0,0.5,False,0,,,8000,gated,,0.4571397815457708,0.28582295969806376,-0.14194450541003178,0.10023438314435201,2.0999999999999996,0.10475917160511017,,,,0.3755656108597285,221,384,d23a116c3d07b268a245222132ccf81d8d01b545,197.375,101,0.17483260081161334,0.4146010684871625,0.49593753725980216,0.28318269602448787,0.18053323607318006,0.10615705390959396,0.3339419522579995,0.5246816515392052,0.2675637694827845,0.34142381564226576,0.4448352716252175,0.12216587678740232,-1.0278404442181515,-0.6265290346590222,-0.80232727589384,0.06985451878777227,0.4627834187311646,0.1636465005298806,0.2602565083419517,0.3273776448991428,0.4922110383738991,0.17963139668794148,-0.4199894067615586,-0.3633061992554465,0.6116169053475073,0.25099527453646986,0.5456842510684341,0.2619087099469448,0.6154937668294975,0.6111264579525024,-0.061843688318536705,0.2509966580303752,-0.22204532250152687,0.5451312643215738,0.2623720047951702,0.6150233436068883
4f5e17d50ace,B,train_set,mae_scratch,stack,raw,baseline,aug1,0.0,0.75,False,0,,,8000,gated,Batch_3,0.4162969959484806,0.28282899235774944,-0.05048695583992263,0.0747258608486676,2.0999999999999996,0.11730270832777023,,,,0.38461538461538464,221,384,d23a116c3d07b268a245222132ccf81d8d01b545,197.625,102,0.20030007259821758,0.289135627360222,0.5452934269614718,0.10931482874937337,0.3161452994141667,0.120622695364766,0.35980080120435387,0.5472953257502604,0.28523024666320496,0.2848602641322062,0.5186261864067633,0.10475857960188983,-0.9624862624160742,-0.6191468213162614,-0.7689821230601737,-0.041023000091686024,0.2099296392087565,0.2668336880090624,0.29429639357326076,0.17163163140334192,0.5367761114149394,0.036012642678093565,-0.5204086304654529,-0.49139596277667996,0.6023410277121621,0.22776168798965557,0.4697926067365136,0.17756835186185893,0.6040213054422128,0.6021213083892321,0.029212618434267923,0.2278278419739066,-0.13018653011411319,0.4694306235586364,0.1775806438932327,0.603816440369083
6280a25bd1e2,A,,mae_scratch,stack,raw,all,aug1,0.0,0.75,False,0,,,8000,gated,,0.4770206263330886,0.3220359966843545,-0.06593876236821894,0.04382644064848742,2.35,0.12119346112012863,,,,0.3755656108597285,221,384,d23a116c3d07b268a245222132ccf81d8d01b545,197.625,102,0.13929060852258934,0.28813824061561955,0.6048998316982671,0.10872863950519152,0.040632771713773885,-0.06656842779022898,0.31144210733352873,0.4704315432083751,0.3752382254531932,0.3770457013360019,0.383479443024315,0.014237130566924328,-1.0104075874169682,-0.6193885459263844,-0.7783375721768966,-0.530597160616695,0.165416581073615,-0.1059659717519128,0.33584155086881473,0.26220982075219434,0.6162342243436862,0.27988062502871425,-0.390082500780518,-0.21996470302150217,0.6925093020793573,0.29528992847707625,0.5596917668939896,0.14199339058534222,0.6956187436296773,0.6927757296538488,-0.1285114699597254,0.29531669461427223,-0.0033660547767124793,0.5600995604002552,0.14205461987247014,0.6958828969860722
15d3435d5f51,B,view,vae_a,SE_type,raw,all,aug1,0.0,0.75,False,0,,,4000,gated,,0.2262363241688116,0.16676556066070583,0.01800195130123755,-0.16582652074397364,1.25,0.41390669345855713,,22.28283148575562,0.552533525462244,0.28054298642533937,221,128,d23a116c3d07b268a245222132ccf81d8d01b545,197.75,104,,,-0.05512567719946282,,,-0.04095168557116957,,,0.0030542117244893863,,,0.01802374604574075,,,-0.6903231362068809,,,-0.046784282856578985,,,-0.05682056699884397,,,-0.4576847748890831,0.4079713558515484,-0.1007392262231559,0.38672903434899963,0.029955232250897468,0.4072652246157683,0.4079888022845689,-0.03885037675457914,-0.10067202214730431,0.07485427935705424,0.386768400761328,0.029987407210098405,0.4072824339137747
439ad0c6c919,OTS,,ots_micronet,stack,raw,all,aug1,0.0,0.75,False,0,,,0,gated,,0.26015802191972637,0.1726910260254432,-0.04616302297043001,0.03676540565130989,1.9,0.1748715490102768,,,,0.39819004524886875,221,448,d23a116c3d07b268a245222132ccf81d8d01b545,198.75,105,0.20255704371357608,0.2541412909795854,-0.038913260924137605,0.2740799853385548,0.3167801328826868,0.1703271297860689,-0.024787270624738733,-0.07068187230728284,0.0470615657142851,0.28888711203574824,0.19113142859653376,0.03527237793910021,-0.3029621420130988,-0.5433008534688082,-0.4777784797944684,0.11984282091743192,0.37876233747481336,0.2208147409865434,0.22269299462239522,-0.14706179407096087,-0.05065194259590866,0.33200153166263346,-0.5120638182494119,-0.003781322969703238,0.29244781972184797,0.07476332577143241,0.2963044282131658,0.34381257599518067,0.29346195989700496,0.29255163854116106,-0.1686701301856275,0.07479035936745138,0.07634408424476746,0.2964989926628898,0.34375698705034197,0.2935652504971181
6e8ad79bc2f7,B,view,vae_b,SE_type,raw,all,aug1,0.0,0.75,False,0,,,4000,gated,,-0.006004233975825191,-0.012769006856307679,-0.038808951257272684,-0.08135611223260397,1.1500000000000001,0.36720728874206543,,22.27209648457417,0.5529057276105089,0.28054298642533937,221,128,d23a116c3d07b268a245222132ccf81d8d01b545,201.125,106,,,0.20513642495010442,,,-0.03868573782827389,,,-0.16760546831290357,,,-0.0943653951668133,,,-0.5983309838017767,,,-0.06059255431308741,,,0.1848575140667199,,,-0.08126269745480119,-0.026480065248891904,-0.016141481007512448,-0.03279580345132449,0.07239331931660709,-0.026997139488004196,-0.026646124142229777,-0.053317309593693185,-0.016139605968592097,-0.024300592920852182,-0.03277339834785864,0.07256315511563538,-0.008769172136563252
951c43f3a46c,B,view,mae_scratch,SE_type,raw,all,aug1,0.0,0.75,False,0,,,8000,gated,,0.5509341516576713,0.4586022948315109,0.22763240833320791,0.09535744125682306,1.75,0.379162073135376,,,,0.35294117647058826,221,384,d23a116c3d07b268a245222132ccf81d8d01b545,202.375,107,,,0.7537937468606519,,,-0.07191965838968839,,,0.10549042734849123,,,0.09203820421895614,,,-0.7347365115060909,,,-0.04564056330919808,,,0.7568902344847644,,,-0.0930563496533019,0.7854606169291586,0.25319727364221345,0.7498100211263654,0.17972972105620466,0.7864731255344144,0.7855426663754534,0.27228941901699877,0.2531825883335518,0.18297539764941706,0.7498441152010347,0.17983077515450385,0.7865511020896165
cc13d44947ad,R3,r3_affine2,ots_vitmae,stack,raw,all,aug1,0.0,0.75,affine2,0,,,0,gated,,0.43236584890574675,0.35418101989433376,0.16304300611257905,0.051413801505355204,2.25,0.2554487884044647,,,,0.3574660633484163,221,768,d23a116c3d07b268a245222132ccf81d8d01b545,205.75,108,0.6775520209960777,-0.13633182443942182,0.4183968194703528,0.35317882989113536,0.032267097045521775,0.15545194150325803,-0.30210912357885067,-0.16831070750626131,0.11667651859734607,0.5397985721572478,0.09499262104491524,0.061272257491103765,-0.47170104531299106,-0.6749862572075049,-0.5692298981051027,0.08059018505543347,0.5465930595077211,0.3564742201416413,0.7168554326597016,-1.182720442396461,0.43008177765917377,0.21614836398742032,-0.21157163540765267,0.1545624528747208,0.5912116135998807,0.0013937445536985615,0.508639581089166,0.4660248090240806,0.5945594962619078,0.5906787007909428,0.18771931295446376,-0.0018634065199343297,0.13836669927069434,0.5074688044524305,0.4628347235528062,0.5940623047589333
b6422cae3813,CLEAN,,mae_adapted,stack,raw,all_fields,aug1,0.0,0.75,clean_norm,0,,,6000,gated,,0.6288819731669599,,,0.05899200380691617,2.793103448275862,0.397706538438797,,,,0.40825688073394495,218,768,d23a116c3d07b268a245222132ccf81d8d01b545,209.875,109,0.3583705371256819,-0.028423131025705484,0.4785580107054962,0.09183726464557407,-0.12636852994095293,0.12941091202259403,0.0011916069674532404,-0.5494336259340094,0.2175575658325306,0.4167294570052764,0.18146240880968945,-0.004210464532491409,0.17118485277017048,-0.08728028986572789,-0.007660418976097816,-0.5035734681149742,0.19718787917166158,0.032794442816958425,0.35031301475377685,-0.7685969503178465,0.5092699664658027,0.04963192205841038,-0.05665129960607129,0.36250642852878856,0.9270951962267612,0.3922500512718562,0.861762621736235,0.03603195715007923,0.9272700394498681,,,,,,,
2b9feda3efde,R3,r3_hybrid,mae_adapted,stack,norm,all,aug1,0.0,0.75,hybrid,0,,,6000,gated,,0.6235084835154959,0.4870757407570525,0.14851431888514732,0.020504545507093453,2.75,0.5086951851844788,,,,0.502262443438914,221,768,d23a116c3d07b268a245222132ccf81d8d01b545,210.25,110,0.39881959500999975,-0.04402733279394955,0.131976070482826,0.3345261361488746,0.06530590438165629,0.17520952980847304,0.3067218214463331,-0.37346643261681267,-0.5823742522196471,0.58509963557749,0.2765872649698774,0.045423085071587876,-0.6205536326610872,-0.5087776324133744,-0.4980623260164123,-0.4249407685988771,0.36195873108246657,-0.060131389512191546,0.5444795640854325,-0.204062219024284,0.140290608875147,0.47253823043636956,-0.22939958611174416,0.198968486762089,0.8300916781598653,0.3060328424356775,0.7536117224679139,0.39996617619472785,0.8278399983192948,0.8280845711559436,0.10774662125704582,0.3073612025390926,0.18928201651324883,0.7518006423829338,0.39945346085787514,0.8258016705932277
5a8ff0e55baf,R3,r3_affine2,mae_adapted,stack,norm,all,aug1,0.0,0.75,affine2,0,,,6000,gated,,0.6249076090492306,0.4714138426992324,0.08871567193154917,0.08927350931829385,2.8499999999999996,0.33720871806144714,,,,0.45248868778280543,221,768,d23a116c3d07b268a245222132ccf81d8d01b545,210.5,111,0.31200657739363713,0.0015238513626136818,0.3164963684293778,0.33468510648603034,0.12734902280621296,0.17353853548314946,0.11341355847475598,0.3567074593120402,-0.6256116336873101,0.5422489046075614,0.4398255756658431,-0.019446393088879743,-0.5327515863220453,-0.1478349596720705,-0.37597357255995756,-0.3278483646154353,0.337870211924008,-0.1574225564367231,0.5155417332775939,-0.46081977658951745,0.3363557199552667,0.6393191999009091,-0.11434332704095374,0.3577345685729453,0.9089395709206659,0.23901775934297242,0.8562827456950228,0.21259000451505272,0.9077079647724386,0.910016647143949,0.14145356391657404,0.2377379287238074,0.03597777994652429,0.855464853954451,0.21141746349109458,0.9078286617182267
c347e7a018c3,B,input,mae_adapted,stack,norm,all,aug1,0.0,0.75,False,0,,,6000,gated,,0.6172850262490556,0.48766684808002747,0.16185232269132616,0.2226640180762142,2.6,0.35212162137031555,,,,0.5565610859728507,221,768,d23a116c3d07b268a245222132ccf81d8d01b545,214.125,112,0.3005194910372069,0.11378431894208108,0.25146844411900926,0.466843626076761,0.223141201548113,0.28956828398720613,0.201785855581192,0.3993939639840516,-0.4123949427502118,0.5612577097056164,0.6142927779061814,0.03268764787617551,-0.18070303809593735,0.15136317183939063,-0.06120426118681821,0.006614688482573183,0.20460908704823189,0.17088853510483826,0.4234353495108889,0.22857239219100378,0.22713881327981977,0.6051978703937416,0.09106378092703327,0.43461166632099313,0.8956987468867719,0.2775270871748512,0.7862896908660626,0.2330344145350557,0.8938751917825365,0.8953469420786466,0.17315371735662144,0.27751334420605844,0.15055092802603087,0.7865120530435687,0.23712747126904032,0.8934634805802257
15a4fab9cc73,R2,r2_harmonise,mae_adapted,stack,norm,all,aug1,0.0,0.75,True,0,,,6000,gated,,0.5522682064579321,0.4442450448706045,0.17412061724354372,0.21757304044664139,2.8,0.31930193305015564,,,,0.579185520361991,221,768,d23a116c3d07b268a245222132ccf81d8d01b545,215.875,113,0.45802741549799375,-0.05420418690443629,0.2516554058110132,0.5134974994733699,0.1612241093698653,0.30794288116487056,0.26924754552397356,-0.0573437853975578,-0.37299061180439663,0.5563741300714982,0.1554525363403647,0.10863776461094299,0.14109842044894827,0.2789029465051137,0.18440304257335327,0.25320980910750956,0.48848763284520325,0.22005782715407962,0.5112332334517138,-0.4562096407894318,0.2421078205307614,0.5119693581575497,0.18120268047853016,0.36776913649856147,0.8983046119409995,0.06738855409305511,0.8137729351776648,0.085092464117691,0.8967824669602499,0.8979371689314795,0.20082299414575,0.06762926721603302,0.14741824034133744,0.813093367204919,0.08640395192836092,0.8964103243263519
a40f5fa45504,R2,r2_harm_aug2,mae_adapted,stack,norm,all,aug2,0.0,0.75,True,0,,,6000,gated,,0.5516157317035896,0.42350006728824025,0.10362229743940055,0.1875316297718016,2.8,0.3224358856678009,,,,0.5746606334841629,221,768,d23a116c3d07b268a245222132ccf81d8d01b545,216.125,114,0.4844416282051902,-0.12623639217149218,-0.27787489933732545,0.42831396904648833,0.16259576103276396,0.29465016443996705,0.20799797087344696,-0.0978953912572329,-0.1704624146444742,0.5030313236574354,0.1781317282269419,0.13383806354969163,0.3226584174453293,0.381334805537758,0.30467637477009313,0.0943066081477636,0.407931389996837,0.15615897703716286,0.5550403636993206,-0.35016593694529363,-0.2762917871937318,0.5698345381324583,0.24989295470249862,0.3648508975716419,0.8459895463198187,0.30722168143450723,0.7570514965454457,0.0029874530891110807,0.8448284811290654,0.8454945055788041,0.21106386075091987,0.30714327924355,-0.003819265872118782,0.756074960474835,0.00426351003720693,0.8442796208044846
3accf9c81396,R2,r2_aug2,mae_adapted,stack,norm,all,aug2,0.0,0.75,False,0,,,6000,gated,,0.5974230709954431,0.46477193864445016,0.13294596666538772,0.23131282860152402,2.7,0.3482798635959625,,,,0.5384615384615384,221,768,d23a116c3d07b268a245222132ccf81d8d01b545,216.25,115,0.35753445618193125,0.11421279042608234,0.06145479632816264,0.42421589853609853,0.18384556267682595,0.2868443334511913,0.18711266170545493,0.3875320109213606,-0.3353186543489248,0.5065798363796332,0.553592392469098,0.09915997949769961,0.06993164590867007,0.2809561287824762,0.1285377194052547,-0.038055405772573936,0.2549787679988983,0.1967307672538824,0.4869610149639586,0.098258917204184,0.066957008055617,0.6373221842553802,0.167658045002418,0.3745050291537979,0.8525174425847568,0.37388250833730596,0.7584909755906879,0.1503270234674845,0.8518974049969803,0.8523823399729433,0.21664924032887511,0.3744551085097152,0.04924269300190032,0.7571965019865619,0.1517047026847469,0.8517729840264088
7aa7c36763bd,R2,r2_norm,mae_adapted,stack,norm,all,aug1,0.0,0.75,False,0,,,6000,gated,,0.5833425912933408,0.4721764903736587,0.1912483221112563,0.2366198695943614,2.65,0.34997475147247314,,,,0.5565610859728507,221,768,d23a116c3d07b268a245222132ccf81d8d01b545,216.75,116,0.3511706410643516,0.14288365088806843,0.3955140742317178,0.4553985775324243,0.1714352351527625,0.302473546754651,0.2580054174671038,0.42327224447782597,-0.5840605876630325,0.5474029887506979,0.5489972770297329,-0.02070503814515412,-0.10474118471054705,0.2192396104666493,0.01813834730358499,0.05543821055575682,0.37984389145020014,0.1895702370627097,0.4746011915828321,-0.04581281380581226,0.3760624751469509,0.6239081614920016,0.13435378023557853,0.36648693594361914,0.9231920792883686,-0.05742632702208961,0.8515771709066603,0.2772117723601941,0.9221582609335698,0.9236567994502701,0.22116063299547295,-0.05419611869244667,0.16133601122703967,0.8519444033440784,0.2784225275991036,0.9229111766920929
605070c2a618,B,view,mae_adapted,Inlens,raw,all,aug1,0.0,0.75,False,0,,,6000,gated,,0.3848888348239469,0.2782194391299764,0.012089849264628583,0.35531058413218086,2.15,0.29110023379325867,,,,0.37104072398190047,221,768,d23a116c3d07b268a245222132ccf81d8d01b545,218.0,117,,0.21505284031394734,,,0.3832933481188603,,,0.5890013215958202,,,0.6828554241030688,,,0.3022754015595729,,,0.5379871762393356,,,0.19869336300979745,,,-0.06667420188295581,,0.4394575837654352,0.1917952605826556,0.5175528640284444,0.33507995322482853,0.44055851251837086,0.43838008448760324,0.008256308036023174,0.19258252823437316,0.01592339049323399,0.516295020115715,0.336617225809583,0.43948151673330327
fbfb6c8c7298,B,train_set,mae_adapted,stack,raw,baseline,aug1,0.0,0.75,False,0,,,6000,gated,,0.6293175562640131,0.5071578161388127,0.20211042783688643,0.3137889697659714,2.45,0.5789191722869873,,,,0.3755656108597285,221,768,d23a116c3d07b268a245222132ccf81d8d01b545,218.125,118,0.6822795013042888,0.2604408722079754,0.5921996982641273,0.4551377888952045,0.22082544263573578,0.2743878774820193,0.2743790104881979,0.48252144449918766,0.41467658882031455,0.6126602810981121,0.5986625384970037,0.19705146359401315,-0.19473047183101233,-0.07291880750135693,-0.21690767425585955,0.26357559622397986,0.5200530635384657,0.3243641272493536,0.7039805877587286,0.2742908706601599,0.5813942244765458,0.26774137184808333,-0.32306792753721125,0.33793780596725775,0.8585325794930602,0.2589615224408385,0.8127542981836835,0.358678911198444,0.8576604700040393,0.858851021282274,0.1477780470104738,0.2598260039314134,0.25644280866329905,0.8128893782328022,0.35690685488607254,0.8574105989653539
3d7c7f0e15dd,B,aug,mae_adapted,stack,raw,all,aug2,0.0,0.75,False,0,,,6000,gated,,0.6454154709339021,0.505618539596545,0.1566803442847236,0.3470495702657829,2.5,0.5996030569076538,,,,0.45701357466063347,221,768,d23a116c3d07b268a245222132ccf81d8d01b545,219.75,119,0.6338364237607473,0.16667787352308938,0.6107738797457216,0.33307029250951636,0.3194843282502582,0.34153241722431693,0.2557000363413158,0.48832262294770556,0.29047004335276516,0.545996586854196,0.616034942495902,0.16476859099679209,0.31456914679683756,0.34734462553476575,0.2615639427357539,0.13355835849244702,0.38056064349917684,0.22525876056023197,0.6965530302178171,0.04773628251659945,0.6234983283895937,0.44185165080858857,-0.3022153906045133,0.3922422694291653,0.8800872377769683,0.45397689300806543,0.8064336415970543,0.2065533844918498,0.8800261977955719,0.8796023665860981,0.15939524614453293,0.454255310352652,0.15396544242491428,0.8057071971359461,0.20683396491269224,0.8795702496189793
25f1820d3d1d,B,train_set,mae_adapted,stack,raw,baseline,aug1,0.0,0.75,False,0,,,6000,gated,Batch_3,0.6053388764086669,0.46564088674919357,0.11553911191785982,0.3325907363108704,2.55,0.5641930103302002,,,,0.4072398190045249,221,768,d23a116c3d07b268a245222132ccf81d8d01b545,220.625,120,0.7107426459351417,0.09004592725510419,0.37245359358501573,0.23262338281702633,0.320891251457755,0.23421687477585718,0.20919842237138997,0.44286930352846343,0.3847284441964688,0.5739574427459795,0.57793081522863,0.09942770722298644,0.36290923665343244,0.24159793782114702,0.20583594225403523,0.09515882017512012,0.4391800711650521,0.13641940441692724,0.7406247856865975,0.07378081462612329,0.3718281152925219,0.40717728698791644,0.07462046598287897,0.5839589792793183,0.8578781783144331,0.24271281949836676,0.8119774379095386,0.25734977509622003,0.8567761712247763,0.858385899164362,0.018797441280393512,0.2430527316766401,0.21228078255532612,0.8128948736815362,0.2567607904053366,0.8573136884807606
62d2a431b3e9,R3,r3_histmatch,mae_adapted,stack,norm,all,aug1,0.0,0.75,histmatch,0,,,6000,gated,,0.6245431796048726,0.5052420822130529,0.2081832549200302,0.21285591865157516,2.8,0.775894284248352,,,,0.4796380090497738,221,768,d23a116c3d07b268a245222132ccf81d8d01b545,222.625,121,0.5703220537423417,-0.006663015236051617,0.4812328133988407,0.4420475446347819,-0.12996429562429546,0.28118102314272064,0.3633837401747244,-0.517362161673409,0.25476048305913024,0.5142077096494704,0.18220459565937752,0.12736051018762995,0.2579455949694144,0.34672349291735227,0.10708845553196678,0.3281394917422732,0.3828742620388038,0.2028226297293605,0.5282841145477513,-0.6262366771416743,0.45485965383981697,0.3262066503063822,-0.09042025382251717,0.32754363186361224,0.8983075763811227,0.21028393713426008,0.8656213873012489,0.2504116113439976,0.8980913858637332,0.8983825615412794,0.3069538192231419,0.20809244606865207,0.1094126906169185,0.8661791463546589,0.24950483841678595,0.898169073269933
08b0ab469e5d,OTS,,ots_vitmae,stack,raw,all,aug1,0.0,0.75,False,0,,,0,gated,,0.46143696093108694,0.36203319697789055,0.10743329898765763,0.30850211603859135,2.3000000000000003,0.5786540508270264,,,,0.38461538461538464,221,768,d23a116c3d07b268a245222132ccf81d8d01b545,224.75,122,0.6173569961310095,0.2500596399280507,0.5959284545413162,0.46873303867517657,0.27112234117679723,0.16237469316773012,0.02658637558203436,0.5355103495678285,0.2379971287341892,0.5590022461414389,0.6086427501114317,0.11367539584092223,0.006479478445066689,0.16666568012700944,-0.08968535165738101,0.2027756527022594,0.5880629604480703,0.3497862429534404,0.6662840241943941,0.06118010244999661,0.6010521520758738,0.38965221764081825,-0.11597676241670252,0.13078497836542147,0.6079378122080152,0.09793587232781709,0.5495987797102659,0.44166687624584255,0.6100454641634936,0.6142412517312117,0.11476251942183702,0.09875207032384292,0.10010407855347825,0.5491022535573231,0.4409349418125327,0.616335263445008
5b80e7e48bc5,B,aug,mae_adapted,stack,raw,all,aug0,0.0,0.75,False,0,,,6000,gated,,0.5898239784820885,0.4391801142376427,0.04466566409772349,0.4002481191931266,2.65,0.5557079911231995,,,,0.416289592760181,221,768,d23a116c3d07b268a245222132ccf81d8d01b545,224.75,122,0.5925162749590257,0.2286956087606672,0.6715212772510613,0.3160558424486991,0.24573727286240243,0.25084086062893196,0.2213530790619489,0.4615782149157974,0.3731702060392975,0.5127926215643205,0.5850481470327903,0.18490675762107267,0.5046552031921401,0.5088700065135705,0.39196401397048986,-0.002483840755455935,0.2564893722700179,0.26419029272457206,0.6456463897710039,0.21428555088879464,0.6688937527424292,0.6073202741878947,0.3393652465204693,0.5625424354630975,0.8091290989261639,0.3509346385061558,0.7524237374867915,0.22741710039646423,0.8092153170948666,0.8078159972883823,0.015003219012962421,0.3504201033806441,0.07432810918248456,0.7523043701549872,0.26643038712918565,0.807958613514852
8d5fdc96e30b,R3,r3_hybrid,ots_vitmae,stack,raw,all,aug1,0.0,0.75,hybrid,0,,,0,gated,,0.47963252716411836,0.395188025762451,0.18502202602171397,0.18361332324293653,2.4000000000000004,0.9311901330947876,,,,0.4072398190045249,221,768,d23a116c3d07b268a245222132ccf81d8d01b545,225.375,124,0.5853220773732453,0.3302086496508607,0.41488385950694306,0.2920382050648156,-0.1368779564339626,0.17073177899551195,0.052481361122678205,-0.28210360243956956,0.14233292355196614,0.39330455570576284,0.23559298446349453,0.11958556766531636,0.08450961018782865,0.08093849760854221,-0.04921706240193391,0.26488288954637074,0.45984197714535946,0.3709280062234196,0.6008418194961449,-0.30508052586788237,0.46223219923414705,0.12877205940074044,-0.09487964207200394,0.08544952510268078,0.5974133927499974,0.15994933958829993,0.5960862741544035,0.4463169179008346,0.5983967114270564,0.5964822581345686,0.26730003712061157,0.15964995913452096,0.10274401492281637,0.5938791892215094,0.4486971287512451,0.5975635930518852
0463f5236b14,R3,r3_histmatch,ots_vitmae,stack,raw,all,aug1,0.0,0.75,histmatch,0,,,0,gated,,0.41186769037757626,0.33524493565459984,0.1374034391898506,0.11698800712892594,2.3000000000000003,1.0521563291549683,,,,0.4072398190045249,221,768,d23a116c3d07b268a245222132ccf81d8d01b545,227.75,125,0.5280369474810152,0.3403309789667325,0.25342300248829186,0.22795909109502854,-0.0857161783629703,0.16325185047478596,-0.05180031609505975,-0.15656910496951948,0.13340866803793383,0.3411941042744473,0.20091674007639415,0.1367964927724149,-0.1893597972188208,0.04097739952846979,-0.28279708140328563,0.3140778052886233,0.4430654145315722,0.3746601188605837,0.5430866053852959,-0.4552523913370674,0.2340672679787218,0.06707567406773796,-0.15903401094406,-0.15408710988304297,0.5349979334250854,0.13000908388781585,0.5558646762003343,0.2912928254210815,0.5471739329535645,0.547352448039772,0.2139435418004929,0.13121403403162923,0.06086333657920828,0.555740389517257,0.289999051940808,0.5476017476730313
5948fe12a3f4,R2,r2_harmonise,mae_adapted,BSE,raw,all,aug1,0.0,0.75,True,0,,,6000,gated,,0.566180068937896,0.500917979895685,0.33991899508928897,0.23847891418392678,2.9,1.4462262392044067,,,,0.18099547511312217,221,768,d23a116c3d07b268a245222132ccf81d8d01b545,230.125,126,0.35611755748289897,,,0.30280654139650254,,,0.2632255155374009,,,0.651514451356765,,,-0.5136980059131862,,,-0.12201683008676101,,,0.5215364748250781,,,0.4483456088727157,,,0.8976827275140681,0.4025483386399805,0.6964164902771084,-0.05980106318045508,0.8940538514387781,0.8968991132320473,0.5258151793485698,0.4017135444853973,0.15402281083000813,0.6953299059896497,-0.06061638371426192,0.8932616890983847
61337e12b0c4,R2,r2_harm_aug2,mae_adapted,BSE,raw,all,aug2,0.0,0.75,True,0,,,6000,gated,,0.598963039153163,0.5281032658610687,0.34042879674496607,0.3607491386908347,2.9,1.5623468160629272,,,,0.2398190045248869,221,768,d23a116c3d07b268a245222132ccf81d8d01b545,231.375,127,0.5434920659174355,,,0.49602440697651007,,,0.2907091113910345,,,0.7056319805272657,,,-0.36400894195370426,,,0.029708234614394535,,,0.6639502707745372,,,0.5204859812792044,,,0.8821595026711108,0.38532397628196435,0.7213390681963046,0.12455503255199185,0.8814376160644435,0.8841681133455529,0.5420706603929795,0.38423293695239136,0.13878693309695267,0.7223805804994685,0.1432356273111839,0.8818480094289524
