site,orient,frac,gap,hp,shift,hp0,mp,mp_shift,mp0,lp_at,lp0
4ih2ggld,LR,0.25,0,0.6389807220582376,0,0.6389807220582376,0.7296249531309981,-1,0.7285419806671042,0.9280533334184867,0.9280533334184867
4ih2ggld,TB,0.25,0,0.7001615536078286,0,0.7001615536078286,0.7948130375218262,0,0.7948130375218262,0.9790509244035247,0.9790509244035247
4ih2ggld,LR,0.25,6,0.27717068704497366,-3,0.26200905669659785,0.3848649149895765,-1,0.3819044470317127,0.8171893714582034,0.8211987506541608
4ih2ggld,TB,0.25,6,0.3030370883905158,0,0.3030370883905158,0.4206194218871162,1,0.4179460488747315,0.9252982387825212,0.9252982387825212
4ih2ggld,LR,0.25,12,0.18519629140573501,-4,0.1363895870361396,0.2516426386477979,-2,0.24554074428234252,0.8314809890798155,0.836229953038933
4ih2ggld,TB,0.25,12,0.2021061383434043,1,0.1974073997075283,0.2592610496808252,1,0.2564807437447079,0.873732545395963,0.8719563306012295
4ih2ggld,LR,0.25,24,0.1915655323276738,4,0.09099440436316908,0.22736838150615876,6,0.16672144931870306,0.7450345738144811,0.7434232123044774
4ih2ggld,TB,0.25,24,0.15902144516082542,4738,0.07370702871929984,0.19631167778153655,4736,0.11068679630544193,0.22829616830291055,0.8360071485100505
4ih2ggld,LR,0.25,48,0.15106311998169356,-52,-0.004169460690354601,0.16976992304514202,-53,-0.023237209808800004,0.4515815155629251,0.5754822975242098
4ih2ggld,TB,0.25,48,0.1897094281115248,4662,0.04172628582650776,0.22158367193884324,4663,0.06897562751524366,0.23682060618823417,0.7127387601817325
4ih2ggld,LR,0.25,96,0.17655785210107197,-50,-0.023294828987601993,0.24470600700551456,-52,-0.0601169607531765,0.2971062961790135,0.3150055978720744
4ih2ggld,TB,0.25,96,0.17140054833974686,-4914,0.022974739703188262,0.2344543412841111,4378,0.036086944625745236,0.31137178990038766,0.34048786730073083
4ih2ggld,LR,0.5,0,0.718166900808399,0,0.718166900808399,0.8181212876606585,0,0.8181212876606585,0.9749506026072686,0.9749506026072686
4ih2ggld,TB,0.5,0,0.6336361062208012,-1,0.6320730099830434,0.7505749434946364,-1,0.7453214373292445,0.9795162961939323,0.9793029998460235
4ih2ggld,LR,0.5,6,0.36562462729001394,0,0.36562462729001394,0.5166636172123008,-1,0.5163316978069333,0.9057073842086937,0.9057073842086937
4ih2ggld,TB,0.5,6,0.2772463499844196,-3,0.23650460691511435,0.4007151314959511,-5,0.3554118943488372,0.923172763918609,0.9218129252962982
4ih2ggld,LR,0.5,12,0.2666994428737971,-7,0.22024966898686307,0.3860598490978863,-4,0.3583141102780381,0.8174897086593361,0.812574886626078
4ih2ggld,TB,0.5,12,0.17808788792248095,4983,0.13646510374969786,0.23773103897777217,-7,0.1997414291253865,0.07838819004310268,0.8724512178787996
4ih2ggld,LR,0.5,24,0.2010264932183833,-3,0.18661557623338623,0.2818651973331492,-2,0.27436378377542,0.713982387420924,0.704980715183122
4ih2ggld,TB,0.5,24,0.17168139739011298,4342,0.02280408722973033,0.21769072296702754,4342,0.05194756712064005,0.044949171756005595,0.76642284013452
4ih2ggld,LR,0.5,48,0.11268756847681659,-1,0.10940638506066917,0.10838937588661418,-1,0.1063276845807199,0.6908774547435043,0.6905189785039066
4ih2ggld,TB,0.5,48,0.14311938966480806,3456,-0.03630670953239123,0.19456242347967026,3453,-0.04600035864892884,0.30193568914814356,0.5236872053824292
4ih2ggld,LR,0.5,96,0.13057668192028068,-30,0.0030426857396519728,0.1812899852262112,-27,0.01096850219837051,0.5859512223104769,0.6362052823447608
4ih2ggld,TB,0.5,96,0.12490797278865336,4893,-0.03644994783590664,0.16437268777118844,4896,-0.04836545024869366,-0.1916891691104182,-0.018131050126165848
4ih2ggld,LR,0.75,0,0.6144103537297476,0,0.6144103537297476,0.7094976292163918,0,0.7094976292163918,0.9662333860278585,0.9662333860278585
4ih2ggld,TB,0.75,0,0.6288599579319271,0,0.6288599579319271,0.7420122383421112,-1,0.7391678408815077,0.944580558686701,0.944580558686701
4ih2ggld,LR,0.75,6,0.3459830505501095,1,0.3419615982192877,0.41761629544644596,1,0.41067835189585816,0.8042637904372333,0.8063741334416669
4ih2ggld,TB,0.75,6,0.2658328531726426,-3,0.24337012945311912,0.36781061785911523,-2,0.35796011724912086,0.8367662173255694,0.8344918814946833
4ih2ggld,LR,0.75,12,0.26325940755678395,-1,0.26125900354895776,0.3181162487649387,-1,0.317986586701062,0.7971573748965072,0.7959357796907102
4ih2ggld,TB,0.75,12,0.15696291029108123,-3,0.13212833638107216,0.2094082878649205,-2,0.203659528157583,0.7793430047169005,0.7787065514237842
4ih2ggld,LR,0.75,24,0.15891144389936493,-1,0.15821562755975574,0.20325226753547745,0,0.20325226753547745,0.672715162673839,0.6709160315872746
4ih2ggld,TB,0.75,24,0.16849840000842442,-3716,-0.036706179149681516,0.21626468543210217,-3715,-0.0629092055221766,0.026038884959487835,0.6469834912942742
4ih2ggld,LR,0.75,48,0.08770851505347481,-32,0.02945643537244071,0.12316429795519956,-31,0.04925220415482634,0.37120711426477687,0.3538877469861444
4ih2ggld,TB,0.75,48,0.13071170434150792,-4683,-0.039275181303080144,0.18872072204980028,-4682,-0.047088473700102246,-0.18288154088303654,0.38037501710243554
4ih2ggld,LR,0.75,96,0.06845085026413278,55,0.06467887187096756,0.0878335254650144,3,0.08088277733209624,0.10904773595091716,0.12407816419203965
4ih2ggld,TB,0.75,96,0.16529228881866354,4857,0.024709011213809747,0.20558619115568177,4857,0.031028589253196556,0.32093389527286126,0.13218680380806633
5n1q8atc,LR,0.25,0,0.6550450094572714,0,0.6550450094572714,0.7534056560597455,-1,0.7511861116414833,0.9681248984003887,0.9681248984003887
5n1q8atc,TB,0.25,0,0.6274637217248272,0,0.6274637217248272,0.7353522610562596,0,0.7353522610562596,0.9381302724167587,0.9381302724167587
5n1q8atc,LR,0.25,6,0.27145339076608915,4,0.2449388761740816,0.40666525564105704,1,0.4024457607977663,0.8881728221846176,0.8947809090466953
5n1q8atc,TB,0.25,6,0.3009027180344183,1,0.2996171874567479,0.44134098433879787,1,0.43915119956811943,0.8579590091960737,0.8590889982168354
5n1q8atc,LR,0.25,12,0.2179030577962675,-3,0.16990442631493394,0.2810645364876561,-3,0.26455533998255437,0.8278417108251155,0.8229817742901089
5n1q8atc,TB,0.25,12,0.15350566796318918,-4983,0.14905018794812522,0.22836838132704576,0,0.22836838132704576,0.18878612203939601,0.7812169564732233
5n1q8atc,LR,0.25,24,0.2069465744132064,-6,0.15493446643384237,0.2757797893549598,-4,0.23849021294428585,0.7973247565861419,0.7966592884700482
5n1q8atc,TB,0.25,24,0.12349980158396318,4359,0.08210787215833876,0.16489560318027038,4361,0.12866832862204577,0.07703030383955993,0.7101878234195236
5n1q8atc,LR,0.25,48,0.07525202470347364,-24,0.044389432483464226,0.0763354100274804,-24,0.05322543409805255,0.6550842712712397,0.7182497569457693
5n1q8atc,TB,0.25,48,0.1685865016095057,-4338,0.012058976021660861,0.2142168922683542,-4335,0.0228154240722081,0.15024429097149875,0.4219659455088461
5n1q8atc,LR,0.25,96,0.10912805812841653,-5,0.08988804722987498,0.15644078890443772,-3,0.15103412540767794,0.3339736410005598,0.3403930812680905
5n1q8atc,TB,0.25,96,0.13217591628706568,4264,0.04237825605219566,0.16391540979220431,4404,0.04665738371195405,0.05798448223151636,0.23626509093691303
5n1q8atc,LR,0.5,0,0.6678057913960821,0,0.6678057913960821,0.7545351519891326,1,0.7493449722022335,0.9459535782489373,0.9459535782489373
5n1q8atc,TB,0.5,0,0.5619445341571169,0,0.5619445341571169,0.7016280994747998,-1,0.6942786035489817,0.941243286461582,0.941243286461582
5n1q8atc,LR,0.5,6,0.4221557482195902,0,0.4221557482195902,0.5001463385419624,0,0.5001463385419624,0.885018363134164,0.885018363134164
5n1q8atc,TB,0.5,6,0.22164174439960174,0,0.22164174439960174,0.3452077266099754,-2,0.33921281207212006,0.8557852858020176,0.8557852858020176
5n1q8atc,LR,0.5,12,0.3726948693747279,0,0.3726948693747279,0.46446740806309733,0,0.46446740806309733,0.8144218881707834,0.8144218881707834
5n1q8atc,TB,0.5,12,0.19252903063920757,-2,0.17866708682780696,0.28282888832279524,-4,0.25225964290663444,0.7853748740464859,0.7853599261039711
5n1q8atc,LR,0.5,24,0.23339267201929734,-3,0.2056239426164647,0.3377361597686226,-2,0.33054528491901286,0.8033402111126687,0.8054282168365136
5n1q8atc,TB,0.5,24,0.11017228573003619,4490,0.10215389159714244,0.17911303319162378,-1,0.17887754908978157,-0.02059255069121072,0.6611858483323806
5n1q8atc,LR,0.5,48,0.14580068242393776,-5,0.07977944894707252,0.15768776793270567,-5,0.10863957576622453,0.65776758952727,0.6426874151914995
5n1q8atc,TB,0.5,48,0.11486798623692324,4360,-0.02783769044299127,0.1467758752653393,3026,-0.018144410194128036,-0.08050080066717463,0.5577082886037096
5n1q8atc,LR,0.5,96,0.09713955875614078,64,-0.05123435251451295,0.1368189588159223,64,-0.07660093874458075,0.24137800921333483,0.3529850292709546
5n1q8atc,TB,0.5,96,0.14496670304569576,4991,0.004906594561412635,0.2043832135174053,4995,0.018528872251255542,-0.23980179391283085,0.44121060882789775
5n1q8atc,LR,0.75,0,0.5258985422174991,0,0.5258985422174991,0.6466309334945,0,0.6466309334945,0.9480189801056483,0.9480189801056483
5n1q8atc,TB,0.75,0,0.6450416998481001,0,0.6450416998481001,0.7571202901291424,0,0.7571202901291424,0.9702488610865138,0.9702488610865138
5n1q8atc,LR,0.75,6,0.17973726423111447,-7,0.08955487253885057,0.2456140610094264,-7,0.19143452384266982,0.8083659279177781,0.8049994711696504
5n1q8atc,TB,0.75,6,0.27535750500715944,-2,0.26428748096348853,0.3953654632956669,-2,0.3880420463499024,0.9070121907591204,0.9075938346876863
5n1q8atc,LR,0.75,12,0.07336611125232516,-8,-0.01811367677565186,0.10344964856021167,-12,0.008161099773271415,0.661573755684,0.6756644735679159
5n1q8atc,TB,0.75,12,0.13151662098544084,4423,0.1111925071891014,0.16412966247679117,-2,0.16188977072544247,-0.06843092496528254,0.8254457316086506
5n1q8atc,LR,0.75,24,0.13986612791162814,-37,-0.013579415868940237,0.14491477405440556,-40,-0.04616803878304898,0.39616462937042823,0.38176303910105364
5n1q8atc,TB,0.75,24,0.13599640220749395,2911,-0.012452352472915167,0.17959977781922776,4208,0.007220686789145277,0.3252546457075956,0.6954803778982231
5n1q8atc,LR,0.75,48,0.1302186550694925,-25,-0.031772811125701815,0.1717261065106138,-29,-0.03426696031431966,0.1247184141284368,0.11866165579480538
5n1q8atc,TB,0.75,48,0.1239138040410523,-4563,0.014048646973464404,0.1611387055005529,-4845,0.006653602645705401,-0.17174973826016604,0.45081208987015464
5n1q8atc,LR,0.75,96,0.09679236509725368,64,0.010939894270497146,0.1048404525166547,64,-0.0240642775914055,-0.09874577194515503,-0.01077992384837373
5n1q8atc,TB,0.75,96,0.1602285272936483,3392,-0.04990050586007339,0.19897711892605718,3392,-0.07804180301772833,0.09589589236078198,0.2251455794228497
f1vzngrs,LR,0.25,0,0.8104644187539991,1,0.7925812985170427,0.8792091220837864,1,0.8787632138562191,0.9715213344044894,0.9723947658063224
f1vzngrs,TB,0.25,0,0.6976828915808019,0,0.6976828915808019,0.8081467108960371,0,0.8081467108960371,0.9298375267461321,0.9298375267461321
f1vzngrs,LR,0.25,6,0.42248259302051633,4,0.36671644298125344,0.48887001288678616,3,0.4606313484682329,0.8572980516820339,0.867631161793185
f1vzngrs,TB,0.25,6,0.30864656426316944,0,0.30864656426316944,0.4393092550653848,-1,0.43804609426481583,0.7997100652509782,0.7997100652509782
f1vzngrs,LR,0.25,12,0.20546368613979638,12,0.17991541645127407,0.2727113230827121,8,0.24865510702454077,0.7510763345998207,0.7700027516847013
f1vzngrs,TB,0.25,12,0.16337688709551845,-4493,0.09771845224723667,0.22494730201806254,-7,0.18985592337867052,0.3103751776845176,0.7193650296460787
f1vzngrs,LR,0.25,24,0.2239639873674959,12,0.1477393724007352,0.2698957234678798,11,0.18260812888880062,0.6862927418036223,0.6946199061909502
f1vzngrs,TB,0.25,24,0.1572920347097632,4967,0.049611327718841886,0.21106187941870683,-4543,0.06805321478033004,-0.02586520025228292,0.6335125878878672
f1vzngrs,LR,0.25,48,0.221784685685525,19,0.07081990804859135,0.26060050898312737,18,0.08056135162826662,0.5855427246631679,0.6012395453495573
f1vzngrs,TB,0.25,48,0.18312772927332935,4488,0.0235482589000391,0.24361246695323732,4490,0.043226704805779226,0.3751577440411959,0.3719426368012762
f1vzngrs,LR,0.25,96,0.19765746268746529,-3,0.18552239122160882,0.23576846853477137,-3,0.22267662349017747,0.4506588504087064,0.4641946091316808
f1vzngrs,TB,0.25,96,0.20389143494780249,4737,0.0383766310415865,0.2644876205286614,4738,0.055682527366916146,0.09636193599126226,0.029395942358279876
f1vzngrs,LR,0.5,0,0.7571556426604554,1,0.7334007235727679,0.8136152823101144,1,0.7977416647898373,0.9741422853887108,0.9737508663596719
f1vzngrs,TB,0.5,0,0.6669307160616302,1,0.656711763564858,0.762146001202645,1,0.759886678029309,0.9374766982506536,0.9358751027628532
f1vzngrs,LR,0.5,6,0.3880580999654588,3,0.332603195801183,0.4327341008449883,3,0.40171613686742874,0.9025335458111224,0.9014358555472145
f1vzngrs,TB,0.5,6,0.2076821205585131,4168,0.15145858848100788,0.26848559095405244,7,0.2292848327026685,-0.0454860042707055,0.8110069594749615
f1vzngrs,LR,0.5,12,0.2774945216605093,5,0.15811132556268173,0.2958020378975385,5,0.24022183675488976,0.8309929551812413,0.8338019398649585
f1vzngrs,TB,0.5,12,0.16577752428467304,3701,0.026858192740607207,0.21013814706069192,3700,0.04809679890987111,0.06941827150870278,0.7278946557698207
f1vzngrs,LR,0.5,24,0.19925499317515846,6,0.17173035549087268,0.2848304000506506,1,0.2833682502343671,0.6974602037085811,0.7144327990263172
f1vzngrs,TB,0.5,24,0.16021988361039138,-4099,-0.02342384883653355,0.17704790356777655,3964,-0.049659776977765135,-0.1054566799680623,0.5030563021627162
f1vzngrs,LR,0.5,48,0.11283573568172323,17,-0.012720515040332113,0.12421447001305647,17,0.015206638771960768,0.42117721894003823,0.4589065427032805
f1vzngrs,TB,0.5,48,0.19265652200136488,4511,-0.014285785684384088,0.27887887853985055,4512,-0.022055167729130517,0.19108134150880615,0.2807961515752329
f1vzngrs,LR,0.5,96,0.13064049913584372,22,-0.13833012459091032,0.15580729851913405,49,-0.1863031964620655,0.4859809583022195,0.4975042697061511
f1vzngrs,TB,0.5,96,0.2295430432628354,4524,-0.04429682573036498,0.27122282453279883,4523,-0.05498383629194659,0.06195028318478055,0.12990643314267417
f1vzngrs,LR,0.75,0,0.7456652384632664,0,0.7456652384632664,0.8390969934335278,0,0.8390969934335278,0.9657170491654846,0.9657170491654846
f1vzngrs,TB,0.75,0,0.7010300707251728,1,0.6809233289148823,0.7850621234302039,1,0.7794598544517227,0.9626196640932609,0.9628750175438491
f1vzngrs,LR,0.75,6,0.4858778016975453,-2,0.445090738254639,0.6058151289944465,-2,0.5795472390013717,0.9443130157940773,0.9459153907160477
f1vzngrs,TB,0.75,6,0.27352255015428456,3,0.26249067538937804,0.3640882215142291,3,0.34519406693968663,0.8147900239039014,0.8143374471388506
f1vzngrs,LR,0.75,12,0.39601862457576703,-3,0.3585940096249012,0.5169104071136882,-2,0.5007202432248139,0.9182827828721786,0.917880084438398
f1vzngrs,TB,0.75,12,0.14428761776476565,5,0.10875819481823971,0.1989256189142262,7,0.14874594264345983,0.44020935087382185,0.42110617652146126
f1vzngrs,LR,0.75,24,0.1870915124638607,2,0.1764314661052073,0.26514041005581496,0,0.26514041005581496,0.9015533501316809,0.9021513940477348
f1vzngrs,TB,0.75,24,0.1631986568563275,-4274,0.048200556873802904,0.19451777545149165,-4058,0.06670835420683358,0.21248636459563489,0.10385863363938802
f1vzngrs,LR,0.75,48,0.1250210594729583,14,0.11553605653847432,0.19013927391578322,9,0.15173490104150614,0.7358213908051631,0.7625417193591685
f1vzngrs,TB,0.75,48,0.16489048293666964,4946,0.01720998130625878,0.20295566908799512,4947,0.008711719588239249,-0.1407450627811451,-0.09851130970780748
f1vzngrs,LR,0.75,96,0.1751107022559423,43,0.03176476018851637,0.23183644503675935,44,0.06494895956883234,0.37972765437450057,0.49889218666153506
f1vzngrs,TB,0.75,96,0.18472957328127526,4762,-0.009572389528087531,0.21569091646583324,4850,-0.010757762845286609,0.21593431357259582,0.011876045999560677
ffwubibz,LR,0.25,0,0.6416696507249703,0,0.6416696507249703,0.7157727199533949,-1,0.7077249717970009,0.9200751643292548,0.9200751643292548
ffwubibz,TB,0.25,0,0.6444279284600588,-1,0.6386176752746392,0.7693321965797549,-1,0.7617800884539059,0.9792701052833336,0.978772979336961
ffwubibz,LR,0.25,6,0.3285401881384013,-1,0.3207056452619489,0.4385399648751984,-1,0.4363696044198437,0.7923399687637964,0.7916806827570761
ffwubibz,TB,0.25,6,0.36385099315360164,-5,0.29469207737952113,0.49118552631715046,-5,0.44206318366063374,0.929713033311458,0.922649783522453
ffwubibz,LR,0.25,12,0.2105904288535605,-2,0.2046135078646298,0.3224343927815027,-3,0.30158562357959945,0.7322070442143213,0.7290727696887624
ffwubibz,TB,0.25,12,0.22782674021105012,-8,0.1580360001591535,0.3150727740389904,-8,0.2360399035221371,0.8657360018412046,0.8504273284340003
ffwubibz,LR,0.25,24,0.13048040206989783,40,0.08901396625872049,0.13977401284261068,41,0.12599930526003314,0.5468340269070501,0.6393330294052245
ffwubibz,TB,0.25,24,0.1651869565746596,-4322,0.12484400051812371,0.23537842406563383,-10,0.17556468629540475,0.05738648873181843,0.7224851636195186
ffwubibz,LR,0.25,48,0.07978469021639177,50,0.03370192345416675,0.08193422832458741,3,0.07916591348086084,0.34335712930614265,0.6347947180226953
ffwubibz,TB,0.25,48,0.19052308844064547,3587,-0.03229397361248141,0.24430427159551657,3587,-0.04214353161486043,0.24016237634823454,0.5842812736263873
ffwubibz,LR,0.25,96,0.12276075799015389,-45,0.019587300547741642,0.15216505295134986,-42,0.0034012354362109765,0.6715898577229519,0.6118905382994503
ffwubibz,TB,0.25,96,0.17006529311092447,-4632,0.046898778969792415,0.23712422949781164,-4629,0.07275910710137022,0.1279967976828683,0.29265774953640084
ffwubibz,LR,0.5,0,0.5485394440813123,0,0.5485394440813123,0.647831541414859,0,0.647831541414859,0.782752315617433,0.782752315617433
ffwubibz,TB,0.5,0,0.7101643662087875,0,0.7101643662087875,0.8019915819818793,0,0.8019915819818793,0.9630733498525653,0.9630733498525653
ffwubibz,LR,0.5,6,0.1933643120505618,5,0.15418691004498733,0.2393654613756608,4,0.21861769926813998,0.4281554475201026,0.44596508449241834
ffwubibz,TB,0.5,6,0.30055984927115736,2,0.294773032684031,0.4107987246811355,0,0.4107987246811355,0.8258763573821518,0.8253095724886673
ffwubibz,LR,0.5,12,0.05465035723421821,-17,0.03480616678253773,0.057309505522792625,-19,0.018169713341942256,0.44945381718939253,0.41862448459903506
ffwubibz,TB,0.5,12,0.18273908592358748,2,0.17518639923031346,0.2448476449378819,0,0.2448476449378819,0.7125100474170103,0.710704989094693
ffwubibz,LR,0.5,24,0.08798518193841288,15,-0.004890563953264056,0.11079300993359302,-14,0.025970856781470337,0.5049848324520233,0.5473121183317332
ffwubibz,TB,0.5,24,0.18659969370928484,4399,0.005063131787965756,0.2260750146655811,4399,0.010187051155210437,-0.13913256404871663,0.5530358386991266
ffwubibz,LR,0.5,48,0.18762679082257017,-2,0.1753450470666673,0.247680521077572,-3,0.22896996934711458,0.3222386197248491,0.32322368395257334
ffwubibz,TB,0.5,48,0.16571836360899553,3001,0.004435454308807054,0.20866340896893978,3281,-0.009631889676614014,0.26360627686949156,0.27448538685168344
ffwubibz,LR,0.5,96,0.15852721446352533,-25,-0.05057990736558495,0.20194464650567734,-25,-0.09225979320410067,0.05389712933434431,0.09630712683633906
ffwubibz,TB,0.5,96,0.1494247617591364,-4162,-0.01783130256048485,0.19760591081370427,-4165,-0.02562751493109822,0.30143465137925596,0.23235621864931733
ffwubibz,LR,0.75,0,0.7736723529801234,0,0.7736723529801234,0.8473064074802418,1,0.8460006296625259,0.8920916558652371,0.8920916558652371
ffwubibz,TB,0.75,0,0.6464503821812465,0,0.6464503821812465,0.7576803697641242,-1,0.7500941713072992,0.952610269538709,0.952610269538709
ffwubibz,LR,0.75,6,0.493360670078506,-3,0.469313616901232,0.5964765834503932,-2,0.5840478720428354,0.6651765653317465,0.6612578446240404
ffwubibz,TB,0.75,6,0.3284890120929121,-6,0.2561865755996235,0.41915604927801686,-5,0.3672970288483109,0.7516703158927305,0.750297224306728
ffwubibz,LR,0.75,12,0.3834456163208533,-7,0.29178091626969943,0.4736310223851698,-6,0.4027869771011803,0.5970785190110371,0.5826473375222898
ffwubibz,TB,0.75,12,0.1957179194364147,-8,0.14130256844488806,0.26235295630453553,-7,0.21349968805740108,0.6879771843440406,0.6950299374905441
ffwubibz,LR,0.75,24,0.27403498440687313,-8,0.1545062217556067,0.3308160825401611,-8,0.22303289965100134,0.5701490276884582,0.5394266593421705
ffwubibz,TB,0.75,24,0.18302111215619196,4686,-0.02605775588170324,0.2656684269877131,4684,-0.008723250718491816,-0.1645142244895186,0.5672275798031438
ffwubibz,LR,0.75,48,0.21538706826184248,-3,0.19695058742912655,0.28469759115425003,-7,0.21524150851876342,0.39705686636573506,0.3799239260275164
ffwubibz,TB,0.75,48,0.13707681107596684,-4671,0.04696249961046637,0.19344798790193743,-3868,0.028738984454072886,0.02905750730475624,0.32448326698432645
ffwubibz,LR,0.75,96,0.17455668668709864,0,0.17455668668709864,0.24139338595973273,-3,0.23343239627937803,0.44894870604580445,0.44894870604580445
ffwubibz,TB,0.75,96,0.19508736218999892,4891,0.030623184499258094,0.2594470638495361,4892,0.02393685766253344,0.19719096438876116,0.04825712483393241
fzrt2k6r,LR,0.25,0,0.8304794356266959,-1,0.8266730556144838,0.9060258793024379,-1,0.9056607402044491,0.9827568061050522,0.9815874409419276
fzrt2k6r,TB,0.25,0,0.738800199308845,-1,0.7319108893610538,0.8410662611124979,-1,0.840702748591062,0.9743928864722075,0.9741459825925604
fzrt2k6r,LR,0.25,6,0.5881523611110485,-1,0.5735041720928162,0.6975971286829327,-1,0.6903394968802677,0.898165119947033,0.8943111234239339
fzrt2k6r,TB,0.25,6,0.3641464778362815,-3,0.350222066444745,0.4908227558021574,-2,0.4831736328862914,0.8997347159582935,0.8997225488297783
fzrt2k6r,LR,0.25,12,0.40024711674646335,1,0.3991026335126708,0.5235750827943186,-1,0.5221098883253935,0.7731202076123758,0.7812957132661822
fzrt2k6r,TB,0.25,12,0.2732069535463875,-4,0.2565634039494806,0.3813308373803486,-3,0.3619470744788636,0.8512022271344897,0.8512760437238357
fzrt2k6r,LR,0.25,24,0.3067545738366371,4,0.25755357152083036,0.3600610565025472,2,0.34994646282629066,0.5183144466420585,0.5648851971855464
fzrt2k6r,TB,0.25,24,0.2392031576070762,0,0.2392031576070762,0.3045776410708854,1,0.3030284753351637,0.799793236472148,0.799793236472148
fzrt2k6r,LR,0.25,48,0.11011880015337505,-37,0.07706031385478591,0.14907844264860906,-36,0.08767939649348266,0.45419268031663323,0.23030351091596338
fzrt2k6r,TB,0.25,48,0.22168246907075137,4466,0.08390319893751537,0.30715731934957224,4469,0.10056111617860124,0.26988763552849,0.6462368030488796
fzrt2k6r,LR,0.25,96,0.14723471933580146,15,0.032864419710596234,0.19009387269230404,14,0.045392066460077145,0.07191645694545855,0.009283592331092673
fzrt2k6r,TB,0.25,96,0.12359991545106873,3503,0.06729342126028888,0.15506984368440183,-832,0.08966965926807757,-0.2988596959978325,0.6051976457916037
fzrt2k6r,LR,0.5,0,0.711499772546622,0,0.711499772546622,0.8071509319701083,0,0.8071509319701083,0.9808938440386408,0.9808938440386408
fzrt2k6r,TB,0.5,0,0.6704664324164717,0,0.6704664324164717,0.7796705089263455,-1,0.7764676545598301,0.9426606573917921,0.9426606573917921
fzrt2k6r,LR,0.5,6,0.4161153044318346,2,0.38957964821352403,0.4980745012578572,1,0.49542997195277044,0.9367696807228376,0.9403132575448473
fzrt2k6r,TB,0.5,6,0.37714857977351385,-2,0.3659056658230593,0.5024462836439776,-2,0.48873054748825395,0.7618381480667931,0.7653681080489606
fzrt2k6r,LR,0.5,12,0.3143328755844878,4,0.2088079235984358,0.35325899647994774,6,0.2615664013045717,0.8271778421624755,0.8445773503855842
fzrt2k6r,TB,0.5,12,0.18615340462329585,-6,0.12952885458934893,0.2627211018948961,-5,0.232034932699246,0.6757982784680358,0.6860999894868831
fzrt2k6r,LR,0.5,24,0.23772539492758585,11,0.033475092941828294,0.2601775638133294,11,0.11094558032575914,0.7694946385197857,0.7706246452786886
fzrt2k6r,TB,0.5,24,0.1662333652175737,-4827,0.05639721583393037,0.20060444552299592,-4829,0.1106266312848706,0.019893511107912504,0.6386124176022645
fzrt2k6r,LR,0.5,48,0.14286159528575879,19,0.03348893056908695,0.171778977304229,21,0.0350314377907757,0.6584974989452764,0.6632882939804928
fzrt2k6r,TB,0.5,48,0.14092781520702952,-4647,-0.02177792090875498,0.18674708480411384,-4794,-0.01634335972796136,0.2543573300276492,0.33943667661768834
fzrt2k6r,LR,0.5,96,0.15299990215595657,16,0.09577185289786883,0.18870855646063264,13,0.13409388039899858,0.4749708146038237,0.48435221320709326
fzrt2k6r,TB,0.5,96,0.11761813988372173,4133,0.01242234379797452,0.16258766492042642,4133,-0.005296725779770059,-0.008049922532087472,0.18169428282735042
fzrt2k6r,LR,0.75,0,0.7827255867513978,0,0.7827255867513978,0.864986435411729,-1,0.8580095289725116,0.9815322898522751,0.9815322898522751
fzrt2k6r,TB,0.75,0,0.6849893384894549,-1,0.6785630627356068,0.7759381059023269,-1,0.7730619272184661,0.965889903058577,0.9675995989459943
fzrt2k6r,LR,0.75,6,0.5175520626114188,-2,0.50319350806751,0.6577852530146105,-1,0.6490134162793001,0.936601370626318,0.9361726997473753
fzrt2k6r,TB,0.75,6,0.300159598715384,-4,0.2688390576638111,0.4037296014292795,-3,0.3872977448901344,0.8350162133929259,0.8500922746882565
fzrt2k6r,LR,0.75,12,0.3801893874954427,-2,0.3707677887574417,0.49793982510394647,-2,0.4796190376371697,0.905946174634388,0.9061485618050452
fzrt2k6r,TB,0.75,12,0.19807757255110836,2,0.1945215161070202,0.2764841293281464,0,0.2764841293281464,0.742639101169485,0.735738537526888
fzrt2k6r,LR,0.75,24,0.3220881245489808,-2,0.2982877273609194,0.3884547345858465,-3,0.35968888805427796,0.8436691412298577,0.8445522230916228
fzrt2k6r,TB,0.75,24,0.19732833145185866,4482,0.09031736539745573,0.27423114442053936,4483,0.13730123330263314,-0.05279488383518901,0.6023835434395857
fzrt2k6r,LR,0.75,48,0.25121135393897975,-11,0.03492489756711579,0.2704729432168162,-11,0.09924250817201097,0.7056474646419836,0.7226041388356724
fzrt2k6r,TB,0.75,48,0.15334984360841705,4465,0.00922302138591251,0.18098545461387316,4467,0.018861197874746615,-0.20974432873390045,0.36922874611254414
fzrt2k6r,LR,0.75,96,0.13201268020973975,33,-0.03793875415057491,0.13882884086846256,34,-0.04363360172718864,0.28177304001709025,0.2739587842142838
fzrt2k6r,TB,0.75,96,0.17925469163159394,4923,0.025234151538914562,0.24548690658869346,4924,0.044554866438801376,-0.18059032049313306,0.32306912426297
iv6g2oq0,LR,0.25,0,0.7769128949882719,0,0.7769128949882719,0.8419782118535145,0,0.8419782118535145,0.9576341387206346,0.9576341387206346
iv6g2oq0,TB,0.25,0,0.6868985035407822,0,0.6868985035407822,0.7741465541883444,0,0.7741465541883444,0.9359759722713047,0.9359759722713047
iv6g2oq0,LR,0.25,6,0.4961734127485999,1,0.493812102019564,0.5947956164415086,1,0.5933865294548514,0.807133388285827,0.8067464085824154
iv6g2oq0,TB,0.25,6,0.29231266948954465,3,0.2794866742155673,0.39055534776706935,1,0.3895667661585374,0.8215890661970443,0.8220442862238272
iv6g2oq0,LR,0.25,12,0.39545071071629906,0,0.39545071071629906,0.4775126773865952,-1,0.47415780679132635,0.811324127986356,0.811324127986356
iv6g2oq0,TB,0.25,12,0.1669869615971411,3410,0.10729247810526416,0.22046568550941947,4654,0.17718577174829184,0.07543812905186625,0.7535598423202677
iv6g2oq0,LR,0.25,24,0.20125975277454122,-5,0.1581437989108515,0.25120964738784496,-5,0.2191879191875686,0.7189999851976633,0.7328132821091847
iv6g2oq0,TB,0.25,24,0.14487613935291174,3408,0.05615857990280158,0.19121875130519672,3561,0.07135217263595033,0.1028413276984832,0.470375314372518
iv6g2oq0,LR,0.25,48,0.1590144083058798,0,0.1590144083058798,0.19640566059178255,1,0.1957248956734732,0.43294192121398495,0.43294192121398495
iv6g2oq0,TB,0.25,48,0.14011723059999157,4679,-0.004922901679697681,0.18119176325661934,4678,-0.01949310289269877,0.23566639324008617,0.1280119536866071
iv6g2oq0,LR,0.25,96,0.1387154096040666,5,0.11322877259618917,0.17633281555207825,3,0.172045454266216,0.2741340568695479,0.2724428826442906
iv6g2oq0,TB,0.25,96,0.15320919901209987,2503,-0.05564367786782384,0.1792976087765553,2319,-0.07774280167116916,-0.09263453097349554,-0.019434124961572253
iv6g2oq0,LR,0.5,0,0.8374990290011096,0,0.8374990290011096,0.9278307436694962,0,0.9278307436694962,0.9917001092258303,0.9917001092258303
iv6g2oq0,TB,0.5,0,0.5887069968537254,0,0.5887069968537254,0.6872576409224481,0,0.6872576409224481,0.9747039575408971,0.9747039575408971
iv6g2oq0,LR,0.5,6,0.6344327100851846,0,0.6344327100851846,0.7717076889172221,0,0.7717076889172221,0.9547898736666603,0.9547898736666603
iv6g2oq0,TB,0.5,6,0.20867542922743776,4897,0.15135530466013875,0.2677569550293582,4899,0.21012204632570017,0.2743838785326107,0.8952863934163151
iv6g2oq0,LR,0.5,12,0.4907455553081628,3,0.47083299163901743,0.6459398875844128,1,0.642585381727205,0.9273035251754308,0.9342542622684183
iv6g2oq0,TB,0.5,12,0.17648695143853632,-3299,0.007689882624503261,0.22675847317451603,-3299,0.02144193691884776,0.24511292246436586,0.828628924298468
iv6g2oq0,LR,0.5,24,0.5005987275809303,5,0.40909995716746633,0.6233878921137018,3,0.5804829225210604,0.8816889327149746,0.9014030975591923
iv6g2oq0,TB,0.5,24,0.19760137669803546,3127,-0.047445558913660396,0.25266247597273,3127,-0.06653463869935888,0.07941072377309236,0.7423421858912661
iv6g2oq0,LR,0.5,48,0.1739068587459595,-20,0.04408120275948101,0.2074601731311967,-19,0.07879582586840024,0.8297256433503595,0.7957538534359422
iv6g2oq0,TB,0.5,48,0.1863014352751604,4579,0.012268249865448432,0.2450072367264278,4577,0.0146434058105959,0.09627031032402127,0.6379140605648441
iv6g2oq0,LR,0.5,96,0.09766708866251002,27,-0.02063111909216423,0.1273723031130567,32,-0.02408350277568808,0.5915033443287548,0.477574925307332
iv6g2oq0,TB,0.5,96,0.19039548667652198,-4761,0.005732058069888311,0.21341806706953925,-4761,0.01418676115309761,0.270696234113119,0.32374476748106845
iv6g2oq0,LR,0.75,0,0.7207247941171971,1,0.7078751968679389,0.8417127397981674,1,0.8358763081565193,0.9762781098570429,0.9767104764851723
iv6g2oq0,TB,0.75,0,0.6699723737559339,0,0.6699723737559339,0.7657394416793126,1,0.7624976419516827,0.9197788321820175,0.9197788321820175
iv6g2oq0,LR,0.75,6,0.3058699447134734,9,0.25875376812927886,0.4305666558345369,6,0.3806334658317983,0.9163450808435973,0.9324777446630795
iv6g2oq0,TB,0.75,6,0.31089451579453775,1,0.30329276656728554,0.40766672789244884,2,0.3899157310331203,0.7719556006891773,0.7695447955979521
iv6g2oq0,LR,0.75,12,0.1997234451077666,2,0.1893161054438137,0.26858911352325765,3,0.2647272096213844,0.8660824034713094,0.868138416961504
iv6g2oq0,TB,0.75,12,0.21748385730865427,4753,0.1307667831172031,0.2737632872586983,4752,0.1553367967508691,0.4998340109342873,0.5098302205159243
iv6g2oq0,LR,0.75,24,0.29400420933348276,2,0.2828775462915431,0.35472634207993853,1,0.3526591704855128,0.7622855615656791,0.7628156075253757
iv6g2oq0,TB,0.75,24,0.12768556586071225,4911,0.0003885174778493483,0.17224798143739442,4911,-0.005618626483533365,-0.02699662283815528,0.2675113085975302
iv6g2oq0,LR,0.75,48,0.20171382125162704,24,0.06413175634029279,0.2728414738174944,23,0.09382567372661989,0.4879055967006621,0.4429547249677766
iv6g2oq0,TB,0.75,48,0.1863857461166374,4702,0.05880572193519428,0.25238412693588114,4699,0.07141803244336858,0.20404744233470407,0.23582005030533493
iv6g2oq0,LR,0.75,96,0.0966174420653398,54,-0.04871700746799034,0.10194610645681808,51,-0.07490499004771589,0.03254506040107861,0.05991861658011146
iv6g2oq0,TB,0.75,96,0.13534508684040655,4584,0.021192688001994604,0.17633991582763656,2898,0.021069267938071245,-0.21687448189813274,-0.003680229469889565
uhdslk0o,LR,0.25,0,0.7438826374865917,0,0.7438826374865917,0.8473315939810943,0,0.8473315939810943,0.9826335520586337,0.9826335520586337
uhdslk0o,TB,0.25,0,0.677009239394072,0,0.677009239394072,0.7651312866104732,0,0.7651312866104732,0.9431868415712584,0.9431868415712584
uhdslk0o,LR,0.25,6,0.42795260899030035,0,0.42795260899030035,0.5523808520785628,2,0.5445402807385479,0.9291213116643103,0.9291213116643103
uhdslk0o,TB,0.25,6,0.29634997562200316,0,0.29634997562200316,0.39381147204391614,0,0.39381147204391614,0.7561893629884294,0.7561893629884294
uhdslk0o,LR,0.25,12,0.2893769392146761,-1,0.2864742818872159,0.3363282720248304,1,0.3360525341324025,0.8257816359819435,0.8278403635814843
uhdslk0o,TB,0.25,12,0.1910104567449775,-4584,0.15187063078321714,0.2535364647187446,-4584,0.21242267304214768,0.13779471384814412,0.6023481758494655
uhdslk0o,LR,0.25,24,0.14448044810590183,14,0.023959983476840706,0.16700017296136685,37,0.025452692294228463,0.6798267176993988,0.6973140979145013
uhdslk0o,TB,0.25,24,0.15797221585561919,-4586,0.07448366048906609,0.1959642969201143,-4586,0.09462706495270486,0.08313773650409446,0.5159470596226555
uhdslk0o,LR,0.25,48,0.17170623795502152,-47,-0.018689770159922518,0.2437769847885729,-51,-0.047242968537145484,0.4319082732606036,0.3766725828256045
uhdslk0o,TB,0.25,48,0.1442866248942055,4218,0.048188292211149814,0.17701255784806755,-1474,0.04850611477907704,0.004612358672051189,0.2657225562883226
uhdslk0o,LR,0.25,96,0.19108078590656294,34,-0.049632731564614875,0.23326359281577788,33,-0.10014432741861927,-0.11073829368986737,-0.13616454372987083
uhdslk0o,TB,0.25,96,0.13489048546817475,-2860,0.006576079667107877,0.16312465582186705,-2860,0.018952177777218776,0.18594070416495478,0.1284943004368548
uhdslk0o,LR,0.5,0,0.7480698200489663,0,0.7480698200489663,0.8477809972404639,0,0.8477809972404639,0.9792230028683967,0.9792230028683967
uhdslk0o,TB,0.5,0,0.6311296862343044,0,0.6311296862343044,0.7394428505370713,0,0.7394428505370713,0.9269976965415755,0.9269976965415755
uhdslk0o,LR,0.5,6,0.44689014450701475,1,0.4371368886492106,0.5653527768926274,1,0.5631861214047914,0.866562329171472,0.8686917715557049
uhdslk0o,TB,0.5,6,0.32265722519570267,0,0.32265722519570267,0.4297848443668757,-1,0.42818881121243874,0.8165286121816502,0.8165286121816502
uhdslk0o,LR,0.5,12,0.3406452540578169,2,0.3221381279597357,0.4451024700926147,1,0.44439185231429573,0.7997875406059274,0.804255803159646
uhdslk0o,TB,0.5,12,0.1439140237758169,2544,0.10679594193123815,0.1931915396216919,2544,0.15177021811429914,-0.03279656126300609,0.7500447352770578
uhdslk0o,LR,0.5,24,0.21708700318667118,1,0.2155308096032654,0.2741745671939784,0,0.2741745671939784,0.774894849753244,0.7744279661257755
uhdslk0o,TB,0.5,24,0.15342960440714112,2550,0.0018859654452679589,0.1972064244584497,2548,0.0256054690748818,0.08418529860155045,0.5944814672276165
uhdslk0o,LR,0.5,48,0.10875272493024925,2,0.09927255628994841,0.14891079707255808,-2,0.1476648488057292,0.4800763455479487,0.4732910795943324
uhdslk0o,TB,0.5,48,0.15908288851060806,4970,0.03182927432048365,0.23228301212523958,4970,0.041158886714965044,0.08575401169276924,0.27406030959481437
uhdslk0o,LR,0.5,96,0.09187023194581813,30,0.041033897140436204,0.10782833473612763,-7,0.09324010233225145,0.27565863153304665,0.3792044950698496
uhdslk0o,TB,0.5,96,0.15700119084831568,4797,-0.03208009313821541,0.19028568050848793,4796,-0.06648410547036011,0.06278722118426461,0.14436042713822334
uhdslk0o,LR,0.75,0,0.8068552446465307,0,0.8068552446465307,0.8879148212068381,0,0.8879148212068381,0.991410153648499,0.991410153648499
uhdslk0o,TB,0.75,0,0.5700683026724732,0,0.5700683026724732,0.6719321884235631,-1,0.6680407753623756,0.9413698139996057,0.9413698139996057
uhdslk0o,LR,0.75,6,0.5466396442753619,-1,0.5425378809160681,0.7097436590583119,-1,0.7074336492242627,0.9795920179930157,0.9802489261001078
uhdslk0o,TB,0.75,6,0.2059381172821766,2,0.2023432524043459,0.28964351391520915,-1,0.2887567783806415,0.7370528259882523,0.7372128117643539
uhdslk0o,LR,0.75,12,0.4731300496249217,1,0.4683591218069469,0.614500330722009,1,0.6103844006185337,0.9483185923444571,0.9476989528982876
uhdslk0o,TB,0.75,12,0.15624875504690697,4920,0.09115131244324048,0.1894429641763661,4920,0.10495947691810643,0.5388652605442851,0.5999656852618812
uhdslk0o,LR,0.75,24,0.22884398402059095,-5,0.1968072767266306,0.30725940386656575,-1,0.3066032973306357,0.9151873315162277,0.9258290800743111
uhdslk0o,TB,0.75,24,0.14739092734498463,4529,-0.00678454476986114,0.19465110348319284,4526,-0.02815942028744865,-0.04654708639084226,0.3760804672962838
uhdslk0o,LR,0.75,48,0.1390950530434667,-5,0.07975135483231076,0.16188489321902796,-6,0.12252022308130511,0.6990943330138005,0.7102248362191187
uhdslk0o,TB,0.75,48,0.16012011479223343,-4998,-0.03877028229830362,0.21406955756265078,-4996,-0.062362992158651626,0.09668082217502545,0.12476749793559645
uhdslk0o,LR,0.75,96,0.10046294813506702,-44,0.0077947862299037295,0.12343971925285076,-18,0.013274244140989133,0.22550856353271787,0.3175105460433982
uhdslk0o,TB,0.75,96,0.14432628524493873,4992,0.02174952862837427,0.17228113607194626,4992,0.037803546401449346,0.0005998441389046214,-0.04437618229285412
3806gxp0,LR,0.25,0,0.8079618879587892,0,0.8079618879587892,0.8838391202363237,0,0.8838391202363237,0.977020362938327,0.977020362938327
3806gxp0,TB,0.25,0,0.7871817497763294,0,0.7871817497763294,0.8506079453155978,0,0.8506079453155978,0.9640011738446619,0.9640011738446619
3806gxp0,LR,0.25,6,0.4593983849964454,0,0.4593983849964454,0.5282541582242661,0,0.5282541582242661,0.9057289633970212,0.9057289633970212
3806gxp0,TB,0.25,6,0.45494965989464387,0,0.45494965989464387,0.5472971668980908,0,0.5472971668980908,0.8593573737004768,0.8593573737004768
3806gxp0,LR,0.25,12,0.31806232343608937,-2,0.2941404089624636,0.34848440955285986,-3,0.3253557517710726,0.7809898855507179,0.7871589074544748
3806gxp0,TB,0.25,12,0.26311989675779557,2,0.25410586327259205,0.328902301515388,2,0.3236404394259232,0.7401647517514865,0.7396936522153054
3806gxp0,LR,0.25,24,0.11628989538776917,-2,0.1097786359111216,0.13852979512381494,-3,0.13104249868898887,0.5291369292055778,0.5326486564243632
3806gxp0,TB,0.25,24,0.16252894409814925,-4525,0.06374177326657449,0.20990197927609744,-4596,0.08329992682413277,0.01671934793100751,0.5367310025607158
3806gxp0,LR,0.25,48,0.05888254082827221,-19,0.01775551305012321,0.08466143166379743,-23,0.041931344539141685,0.1782377527947824,0.16480059560507768
3806gxp0,TB,0.25,48,0.23524471331175845,-4847,0.06167407758486603,0.26103397055271355,-4847,0.06623053880090146,0.22006144026694005,0.3603354871455817
3806gxp0,LR,0.25,96,0.11994587555750025,-1,0.11816606654073918,0.1305742135934573,-1,0.12862150894132893,0.37502549550220005,0.37704917836678636
3806gxp0,TB,0.25,96,0.14519777225532324,4809,-0.023506711078884367,0.17345294931740904,4014,-0.027887487587753137,0.0704379436060019,0.14699965943391224
3806gxp0,LR,0.5,0,0.766597619203452,-1,0.7632149358905401,0.8601960217040521,-1,0.8504580141206931,0.983597940277575,0.9834033602148343
3806gxp0,TB,0.5,0,0.7274878591431295,-1,0.7218988855794989,0.7988243089081637,0,0.7988243089081637,0.954939600757536,0.9552608615906578
3806gxp0,LR,0.5,6,0.4838850502003443,-2,0.4668466792218033,0.6010494788726194,-3,0.5675455482272854,0.9413473776384275,0.940225375462382
3806gxp0,TB,0.5,6,0.33940396345919455,-3,0.3232460144653764,0.43720072593079246,-2,0.42631527374394484,0.876653981836525,0.8756889180839972
3806gxp0,LR,0.5,12,0.3456424243121834,-1,0.3440190967916326,0.43935971908642113,-2,0.4290497598102147,0.9010869146302442,0.900594409207228
3806gxp0,TB,0.5,12,0.1966979056931469,-6,0.16065478485052978,0.26718061437602914,-5,0.2381501722650119,0.7863498316318349,0.7862730767678916
3806gxp0,LR,0.5,24,0.19662825931599892,4,0.18722733257495575,0.2582129087147057,2,0.2538283783509082,0.6955602100093069,0.6942266759488801
3806gxp0,TB,0.5,24,0.1502699235973393,4770,-0.017968895476657244,0.20435058821870358,4767,0.007282715545306249,0.17258648236087196,0.6665014268555693
3806gxp0,LR,0.5,48,0.11871974043169864,-12,0.03980894678562568,0.13838355616193304,-10,0.06908661250125182,0.29669667270784683,0.2515517056470462
3806gxp0,TB,0.5,48,0.1541946918911334,4927,-0.04645250578693009,0.18340356698976631,4927,-0.061732496413466065,-0.10939226644420175,0.25030603587697325
3806gxp0,LR,0.5,96,0.15738312063840307,-12,0.07765989134895292,0.17581635201681511,-10,0.12317168252953688,0.07616683726757861,0.06480670727268387
3806gxp0,TB,0.5,96,0.1375244226303102,4612,0.060919503167771706,0.16223791671112428,4168,0.06041049186582489,-0.0056443206654212125,0.36377379358885564
3806gxp0,LR,0.75,0,0.7059345601255532,0,0.7059345601255532,0.7792308651676191,-1,0.7756178774458832,0.9692999444756975,0.9692999444756975
3806gxp0,TB,0.75,0,0.7128605760322704,0,0.7128605760322704,0.7958054019260592,0,0.7958054019260592,0.9572304789700365,0.9572304789700365
3806gxp0,LR,0.75,6,0.3889907126989258,0,0.3889907126989258,0.47875479817728017,0,0.47875479817728017,0.8146697556588971,0.8146697556588971
3806gxp0,TB,0.75,6,0.3679146280203322,0,0.3679146280203322,0.44810005363114175,0,0.44810005363114175,0.8581099738474509,0.8581099738474509
3806gxp0,LR,0.75,12,0.3194238425202251,1,0.31662325320987245,0.40685138709436536,2,0.40157627868438506,0.7978003621665669,0.7991298948395231
3806gxp0,TB,0.75,12,0.20241561200018998,0,0.20241561200018998,0.2392051152286705,0,0.2392051152286705,0.7383337798790507,0.7383337798790507
3806gxp0,LR,0.75,24,0.18232116387129813,2,0.17392851380880126,0.23377704009974376,3,0.22726340997267025,0.6416127168342936,0.639730769292543
3806gxp0,TB,0.75,24,0.1344562637197816,4461,0.034310609185343205,0.18641225428510433,4958,0.05198380820641555,0.14599549613238424,0.5646264085413032
3806gxp0,LR,0.75,48,0.08506585522215322,59,0.014418055858708432,0.10104836708828897,-24,0.031573521187742,0.2333837915642328,0.4131824287427353
3806gxp0,TB,0.75,48,0.18712124105911054,-4574,-0.027817436992597946,0.21104412161774067,-4574,-0.03871019438736695,0.11352968777538623,0.35978112627849407
3806gxp0,LR,0.75,96,0.10655502501618204,-35,-0.03212752675925703,0.10791972149070196,-36,-0.04054700657541787,0.07852481441119577,0.019223767701974908
3806gxp0,TB,0.75,96,0.14339600635295072,-3689,0.01743807462848195,0.1653304149228307,-3839,0.026775644767691675,0.23590618348374912,0.1084687439498609
avn74qx1,LR,0.25,0,0.7960171608715599,0,0.7960171608715599,0.8565238885324075,0,0.8565238885324075,0.9400608335941821,0.9400608335941821
avn74qx1,TB,0.25,0,0.7344797269750872,0,0.7344797269750872,0.8094780800619725,0,0.8094780800619725,0.973735930163962,0.973735930163962
avn74qx1,LR,0.25,6,0.5607982076323988,0,0.5607982076323988,0.660152111604149,1,0.6587393928807819,0.9102855331716854,0.9102855331716854
avn74qx1,TB,0.25,6,0.36613697641618725,1,0.36102670299555956,0.47311157594832437,2,0.467334764378222,0.8895902763545376,0.8881516039556429
avn74qx1,LR,0.25,12,0.4309484837376584,-3,0.41302344005741043,0.5205186297398195,-2,0.5096989257369156,0.8439662061063279,0.84744515493272
avn74qx1,TB,0.25,12,0.26155091798002095,2,0.2565548069542816,0.36790468041169194,2,0.36123831898929715,0.8573923375224851,0.8533799463268013
avn74qx1,LR,0.25,24,0.3663900722986555,-7,0.3064327594078688,0.4362111841439969,-5,0.3921122414317872,0.45554716711098586,0.46685642349839057
avn74qx1,TB,0.25,24,0.16961638069835905,4451,0.09435397469545063,0.22242974868625534,4452,0.13751612727947643,0.3802529589325981,0.7728593095473612
avn74qx1,LR,0.25,48,0.15077685468993116,-17,0.043186575598220305,0.17973505619122934,-17,0.08504044162564223,0.39828948172627276,0.4440301984692074
avn74qx1,TB,0.25,48,0.1423436981335716,3625,0.012071939982010721,0.17725020954442705,-4790,0.014750774677800437,0.026894893835451184,0.6306392779817561
avn74qx1,LR,0.25,96,0.17314969864526356,6,0.11956287983094253,0.20702051293526444,6,0.1601847942423601,0.4426885301746199,0.4278356664234366
avn74qx1,TB,0.25,96,0.16957705501555098,-4429,0.0072791991504091895,0.2200608945360756,-3046,0.0017714123691863666,0.3462315696659663,0.2939382751892055
avn74qx1,LR,0.5,0,0.7449016617985172,1,0.7395644344339593,0.8607457136429394,1,0.8529928411521174,0.9750781067975387,0.9750402950138906
avn74qx1,TB,0.5,0,0.6206015869697165,0,0.6206015869697165,0.6966183528383563,0,0.6966183528383563,0.966337766492049,0.966337766492049
avn74qx1,LR,0.5,6,0.5524053364758597,0,0.5524053364758597,0.7076460614066037,1,0.7043519079355235,0.9387950115789715,0.9387950115789715
avn74qx1,TB,0.5,6,0.19978551217304627,1,0.19868794578628282,0.27219959854954306,2,0.2673062766375905,0.7921203644029764,0.792675599454674
avn74qx1,LR,0.5,12,0.36053747971769584,0,0.36053747971769584,0.4822714834089971,1,0.47917954864169926,0.9224818884220332,0.9224818884220332
avn74qx1,TB,0.5,12,0.16462264006206967,4606,0.07938055568930306,0.20844298315968782,4606,0.10432006020784389,-0.07088327993706678,0.6196545778283715
avn74qx1,LR,0.5,24,0.33480361593518104,10,0.10823159330516223,0.43703333794337834,11,0.18034639338360794,0.8263099477030865,0.7927890023078069
avn74qx1,TB,0.5,24,0.1439173243439016,4506,0.012655123801223597,0.1912595729171261,4505,0.023848426511965264,-0.15334326756203767,0.3777264422633439
avn74qx1,LR,0.5,48,0.1844171439294068,32,-0.026255616440729476,0.2657087887758135,32,-0.030825911898568908,0.7600263907694699,0.7861586592765821
avn74qx1,TB,0.5,48,0.13514984068740063,-4602,-0.03328282018404396,0.17580790146015005,-4603,-0.0454837277684683,0.15378724229515434,0.1511806608337319
avn74qx1,LR,0.5,96,0.23704847416918332,41,-0.00665719926509433,0.3043242527791946,40,-0.021632040442254318,0.6855010295006304,0.4820670815283144
avn74qx1,TB,0.5,96,0.13080199421487035,4930,-0.0062292046232915906,0.16957934458296378,4685,-0.015583646407703525,-0.32288863036254795,0.0222936619471663
avn74qx1,LR,0.75,0,0.7391483022168913,0,0.7391483022168913,0.8423007626228277,0,0.8423007626228277,0.9867428333336874,0.9867428333336874
avn74qx1,TB,0.75,0,0.6850965499898539,0,0.6850965499898539,0.7797336775124554,-1,0.7793625969130864,0.9729010473025174,0.9729010473025174
avn74qx1,LR,0.75,6,0.4723127788227998,-1,0.46235847168632044,0.5744311644022234,-1,0.5668902938166619,0.9623904602136985,0.9631590418050887
avn74qx1,TB,0.75,6,0.22550335310184375,-7,0.22175329775669517,0.32547522613284174,-5,0.3082709568241831,0.8586897395196144,0.8686009877449673
avn74qx1,LR,0.75,12,0.355602146810374,-1,0.35304375059543264,0.46907744417036207,-1,0.4638620935027056,0.9470045237737815,0.9480550522874939
avn74qx1,TB,0.75,12,0.18194496469270002,4552,0.05434101229730895,0.2428338707394506,4550,0.07736891090136082,0.1888228416137058,0.6798832679026673
avn74qx1,LR,0.75,24,0.17016114987680356,6,0.10633613397436197,0.21164628420435308,4,0.1978714133283971,0.8952869238953175,0.8836252765904042
avn74qx1,TB,0.75,24,0.14002772244305137,3491,-0.02840793270070611,0.1936318300699731,3492,-0.03389095354760957,0.2714805603998707,0.4072903145416007
avn74qx1,LR,0.75,48,0.09294615242763722,28,0.05209967044968064,0.10901039612739198,27,0.055692217965553015,0.6937475434441734,0.6942095559668445
avn74qx1,TB,0.75,48,0.17590938643313425,4464,-0.029578591516685567,0.23720965569023011,4467,-0.05318248258985906,0.2952096226964627,0.07651794613208912
avn74qx1,LR,0.75,96,0.16529201166962756,-46,-0.07545963688185725,0.23602113351690282,-49,-0.10299287192862598,0.12261728351595956,0.21070587433563218
avn74qx1,TB,0.75,96,0.20346038785589468,4687,0.020511530983528783,0.2530306703763153,4688,0.02193852239907172,-0.1801262777623325,0.10036995268437383
b3esycq1,LR,0.25,0,0.6890000101677337,1,0.6849373416227441,0.7958892353159244,1,0.7914621917645178,0.9698273944876957,0.9682080835590243
b3esycq1,TB,0.25,0,0.6870530047829734,0,0.6870530047829734,0.7752816403663508,0,0.7752816403663508,0.9449326429821352,0.9449326429821352
b3esycq1,LR,0.25,6,0.36968284329523815,1,0.36918576991244345,0.5120503263749191,0,0.5120503263749191,0.8690210748154072,0.8662723341790407
b3esycq1,TB,0.25,6,0.3151042964343201,3,0.30676413100021144,0.4172697893686172,1,0.4158978641141058,0.845080843054005,0.8444740678496961
b3esycq1,LR,0.25,12,0.21188766588256935,9,0.1927367819325071,0.30911770628665086,4,0.30457829861498825,0.7511950725865598,0.7590894984537235
b3esycq1,TB,0.25,12,0.16011207495813248,-3770,0.14080125532780155,0.2174718598672161,7,0.19226586821023206,-0.004776922686674484,0.7398517121919411
b3esycq1,LR,0.25,24,0.13521503019973627,-13,0.09055061613599497,0.19434965309903016,-11,0.1555621637937815,0.4475745407138468,0.463824756775439
b3esycq1,TB,0.25,24,0.15395938681072655,-3841,0.05768078597939152,0.1858024190064492,-3842,0.10402380084677613,0.022831541878530547,0.6171259618848057
b3esycq1,LR,0.25,48,0.16860879176485363,-38,-0.08603859679559495,0.23560815056719955,-38,-0.1303797092463722,0.30986835962614007,0.3347601367906636
b3esycq1,TB,0.25,48,0.1831436463841367,-4937,0.03522678173871257,0.2321670982543916,-4937,0.04359400538696353,0.3646086054383863,0.31331874405778853
b3esycq1,LR,0.25,96,0.11548982112554167,55,-0.008820492667657222,0.1357967548879672,53,-0.010127905300851272,0.22763675479483977,0.25918921442883486
b3esycq1,TB,0.25,96,0.17536429771226125,4455,0.05034288711368731,0.2198478783436764,4456,0.07772804432945635,0.060290279428088935,0.3032974150517704
b3esycq1,LR,0.5,0,0.7175067821062862,1,0.7123302712345266,0.8270752846644683,1,0.816581354427239,0.9535734949170629,0.9537848583245155
b3esycq1,TB,0.5,0,0.7019511706839371,0,0.7019511706839371,0.8018481757508397,0,0.8018481757508397,0.9685057280928392,0.9685057280928392
b3esycq1,LR,0.5,6,0.4323981118215157,2,0.41943187910024715,0.5730888933148578,2,0.5602242364177717,0.9041165588974036,0.9049093924891035
b3esycq1,TB,0.5,6,0.3349477213364312,0,0.3349477213364312,0.4295813245524531,1,0.4261378642783716,0.8308516763127534,0.8308516763127534
b3esycq1,LR,0.5,12,0.3261306687025829,1,0.3249780554032223,0.4357378558351808,1,0.43306645625615486,0.857188512845339,0.8571806598191466
b3esycq1,TB,0.5,12,0.22550995138882135,3,0.20250377954691387,0.27425440933903167,2,0.2630432168675666,0.7050860341964184,0.7038847359860051
b3esycq1,LR,0.5,24,0.20954871374925055,3,0.20538961223025787,0.3000090300308918,0,0.3000090300308918,0.6836280863436572,0.6820592266214521
b3esycq1,TB,0.5,24,0.11348356160399387,-2130,0.014311600596363784,0.14891673517430168,-2965,0.03753191831923903,0.1544328339769421,0.5442871875560616
b3esycq1,LR,0.5,48,0.13168357844466258,6,0.1094868365751071,0.1780759985863446,6,0.1567468176847906,0.3872994997918116,0.377273557480932
b3esycq1,TB,0.5,48,0.2212082067013028,4955,0.037254531550512955,0.2751039024661758,4956,0.06009958523312022,-0.029391891034572376,0.18463403653623045
b3esycq1,LR,0.5,96,0.1084695524074288,10,0.08773964804175838,0.1486424625948662,8,0.12057753201374295,0.16720329113073704,0.1533403493686695
b3esycq1,TB,0.5,96,0.14693188626035333,-4674,-0.017548036431297615,0.21311750127189497,-4676,-0.02283147682296044,0.14612298036392088,-0.0609794415899766
b3esycq1,LR,0.75,0,0.769169930834719,0,0.769169930834719,0.8584274209095715,-1,0.8555506060359335,0.9797471988978308,0.9797471988978308
b3esycq1,TB,0.75,0,0.6371771648728873,0,0.6371771648728873,0.744752420522218,0,0.744752420522218,0.981367183150073,0.981367183150073
b3esycq1,LR,0.75,6,0.47448544602335013,-1,0.46807827734401847,0.5934959122808686,-2,0.572788895552352,0.9172004429865295,0.9174045042362611
b3esycq1,TB,0.75,6,0.28040728557103406,6,0.22650287907039188,0.3783480907265866,3,0.36191800886353764,0.8904973742270452,0.8943164533415541
b3esycq1,LR,0.75,12,0.3138269805227387,-7,0.2974155956900477,0.47117909913419337,-5,0.41635706058474736,0.8769123106916692,0.8816773236372762
b3esycq1,TB,0.75,12,0.1679774926723452,8,0.15036301478345862,0.2538948074969865,6,0.22870591714476776,0.7931762001591517,0.803520578191638
b3esycq1,LR,0.75,24,0.27591647548660364,-5,0.2430347596490375,0.3970936208129478,-5,0.3442115692218984,0.8449093239299503,0.8464500256673114
b3esycq1,TB,0.75,24,0.16100093544285418,-4090,0.0785180704785947,0.20723306317880455,4457,0.12018892281352012,0.03138770715897021,0.5192952701063942
b3esycq1,LR,0.75,48,0.13118423054980075,-18,0.02984912948877085,0.15951431009765735,-18,0.030756645056162314,0.7363388491636303,0.7479596208308297
b3esycq1,TB,0.75,48,0.1367221637640025,-4576,0.03786796813261015,0.1741201880686316,4962,0.06988849647645991,0.24179730458892656,0.12337982756584925
b3esycq1,LR,0.75,96,0.10269320564393415,-11,0.010091974343167656,0.144026347459913,-12,0.033634333946416635,0.5237828078683171,0.508746510194179
b3esycq1,TB,0.75,96,0.1549295428936335,4301,-0.039323561177421786,0.16850343558810743,4549,-0.05955332529074977,-0.027502590178782076,0.04781194559437604
epqdaau9,LR,0.25,0,0.8055032831908947,1,0.7865926102524728,0.87586238069496,1,0.8661281514430131,0.9652835073295006,0.9648789544665402
epqdaau9,TB,0.25,0,0.6966114245398426,0,0.6966114245398426,0.7950876647763248,0,0.7950876647763248,0.97496693506376,0.97496693506376
epqdaau9,LR,0.25,6,0.5193047075374227,1,0.5040655443820078,0.6216628378938679,2,0.6052846778785596,0.9236412595816103,0.9222860863741965
epqdaau9,TB,0.25,6,0.29285525962501685,-2,0.28632001811974545,0.39641307050491575,-3,0.3804225815815638,0.861494382610684,0.8632725507310445
epqdaau9,LR,0.25,12,0.43590189007144936,2,0.3992898847104072,0.508670489939842,3,0.47990059060993545,0.882049394949438,0.8802085340268878
epqdaau9,TB,0.25,12,0.13595045480709067,4201,0.10657458694608933,0.18774910535826494,-6,0.16242345359905977,0.08062118808954714,0.7175959807922134
epqdaau9,LR,0.25,24,0.3172263856531505,4,0.26701429148705724,0.3700900199563348,3,0.33404956200230074,0.7428379659466974,0.737601443641712
epqdaau9,TB,0.25,24,0.13786568218642703,3746,0.02006235350144031,0.16953314625105773,-119,0.03934402440007218,-0.04135600658976881,0.5135601630011145
epqdaau9,LR,0.25,48,0.13706443978933738,3,0.13672366988905424,0.2013508756226682,0,0.2013508756226682,0.7797404886274547,0.7751367674930844
epqdaau9,TB,0.25,48,0.16599080133404442,4799,-0.03462364169188211,0.20900472220532748,4802,-0.03836871675169881,0.2028641830385489,0.41299769071734566
epqdaau9,LR,0.25,96,0.16571449281205144,39,0.02580144919225637,0.19715930665886158,40,0.04093668547821066,0.6420638668884285,0.6235494718231617
epqdaau9,TB,0.25,96,0.12833643234956635,3362,-0.026714062973455733,0.15520950822766688,-4840,-0.02894874961935399,0.2193533343901645,0.2738154793025822
epqdaau9,LR,0.5,0,0.7534963152515877,0,0.7534963152515877,0.8424249517904591,0,0.8424249517904591,0.9700522870282349,0.9700522870282349
epqdaau9,TB,0.5,0,0.6794588374806959,0,0.6794588374806959,0.7906986419757823,1,0.7871555278448769,0.9818439032406063,0.9818439032406063
epqdaau9,LR,0.5,6,0.5647897155986706,-1,0.5560216535735018,0.656169069386849,-1,0.651531218520555,0.8925327137331228,0.8923648242266834
epqdaau9,TB,0.5,6,0.32408726225375933,3,0.3064349654949132,0.45100072377711853,3,0.4351838411661195,0.8755312632837913,0.8739004723423692
epqdaau9,LR,0.5,12,0.32175264684953236,0,0.32175264684953236,0.42930756812213616,1,0.42825253926466056,0.8403189946369581,0.8403189946369581
epqdaau9,TB,0.5,12,0.19672678662120743,4548,0.09877574138951906,0.23718530903677557,4548,0.1728469149866033,0.09361512191906986,0.7648281861449822
epqdaau9,LR,0.5,24,0.3472117667958288,1,0.3456118001394959,0.4206981770343608,1,0.41652451989048384,0.7297788598276845,0.7300298624723812
epqdaau9,TB,0.5,24,0.1664870276219971,4534,-0.03830051136565037,0.2382137869913302,4536,-0.03144519229177146,0.13242388796261909,0.5961129529962178
epqdaau9,LR,0.5,48,0.22931543077253538,1,0.22895485803393226,0.3106716081160537,4,0.2944975358819861,0.6579055673905216,0.6574595562961468
epqdaau9,TB,0.5,48,0.16055339719424191,-4534,-0.021237033956662137,0.20944872953951707,-4533,-0.03994449447755886,-0.02157489178197274,0.3113696118496069
epqdaau9,LR,0.5,96,0.3295807357705837,-4,0.2954290239222876,0.42575503899910144,-4,0.3964181812474716,0.4695524853930268,0.49530908786338235
epqdaau9,TB,0.5,96,0.14804239456256893,4778,0.0005622500114950222,0.18557174556509679,4440,-0.01965886278240116,0.010888970991223197,0.03859406040870287
epqdaau9,LR,0.75,0,0.7690529225960709,0,0.7690529225960709,0.838312208226538,0,0.838312208226538,0.9765174306828338,0.9765174306828338
epqdaau9,TB,0.75,0,0.6891594119130332,1,0.6841944924202674,0.7802417760152144,0,0.7802417760152144,0.9650537954604489,0.9647670778250506
epqdaau9,LR,0.75,6,0.47634647276884756,0,0.47634647276884756,0.6075594307348855,2,0.5977454935393384,0.9362115321912144,0.9362115321912144
epqdaau9,TB,0.75,6,0.31141331957117463,1,0.30684400528640393,0.40712275728858094,0,0.40712275728858094,0.8538855050872619,0.85403000261742
epqdaau9,LR,0.75,12,0.25870051509145686,-2,0.22882490429406036,0.3109562808029663,-1,0.3075395837860447,0.8806678086047458,0.8842709442736257
epqdaau9,TB,0.75,12,0.18716707744699076,4545,0.1425693010430719,0.24955460053843148,-9,0.2171890941316776,-0.02832160563256755,0.724566145178367
epqdaau9,LR,0.75,24,0.26980528276973426,-4,0.2130927307942602,0.3308572997694572,-5,0.297668195007084,0.8110014287175124,0.8232666810639863
epqdaau9,TB,0.75,24,0.18009555479119568,4534,0.04941147532759375,0.21943739150754474,-4782,0.09890925172298544,0.12929663936949498,0.5672798924929614
epqdaau9,LR,0.75,48,0.14264964751171572,-64,0.07547671116704859,0.1638249396172576,-64,0.13595636190751778,0.22685692226427764,0.4920235238820589
epqdaau9,TB,0.75,48,0.1457093963272078,4626,0.015273327321452502,0.19199710609664342,-4792,0.00770021957131813,-0.14370715560525638,0.38362178535623315
epqdaau9,LR,0.75,96,0.11441303310462803,-6,0.067524624614826,0.12655241261629063,-5,0.10119643259598686,-0.09838462062235427,-0.07162171440786996
epqdaau9,TB,0.75,96,0.17299553479032548,-3053,0.043343909730026685,0.2356300609817313,-3051,0.05669118363853359,0.11646645197509435,0.1562609645720873
i9jiqjwl,LR,0.25,0,0.7643217044309748,0,0.7643217044309748,0.864029398100112,0,0.864029398100112,0.9837418477714616,0.9837418477714616
i9jiqjwl,TB,0.25,0,0.656874169321849,0,0.656874169321849,0.7652857333934305,0,0.7652857333934305,0.9699105633887171,0.9699105633887171
i9jiqjwl,LR,0.25,6,0.47048689835501384,1,0.4549146301166309,0.5883642528967882,0,0.5883642528967882,0.9183299992040131,0.9177698091347238
i9jiqjwl,TB,0.25,6,0.3391895900404172,0,0.3391895900404172,0.48838208999854643,0,0.48838208999854643,0.9055087546367541,0.9055087546367541
i9jiqjwl,LR,0.25,12,0.43508171457742856,1,0.42742021648064493,0.5559065629459412,0,0.5559065629459412,0.8904085746790198,0.8893578946876642
i9jiqjwl,TB,0.25,12,0.2182197768668781,-8,0.19331379999572207,0.31642340261779744,-5,0.30052488064102695,0.8221838983662354,0.8280402706232949
i9jiqjwl,LR,0.25,24,0.28732889911375153,2,0.27109246793647884,0.37174377674042325,3,0.3564980109280076,0.8361978698533732,0.8321974411952034
i9jiqjwl,TB,0.25,24,0.13903270304866866,-4557,0.06841216332431067,0.16420716121294043,-4557,0.1190327417206052,0.5307380711423144,0.7019789198429717
i9jiqjwl,LR,0.25,48,0.05613201747478217,10,0.014541579267213854,0.07333717745286975,12,0.035333544372718614,0.8163824411294546,0.8022482064729228
i9jiqjwl,TB,0.25,48,0.19435421091444924,4753,0.040633874914047956,0.2512863969564863,4755,0.04866017086094277,0.3731810053468103,0.5099206512769622
i9jiqjwl,LR,0.25,96,0.16848451864970962,56,0.0803777083557201,0.22283921882965904,54,0.07879232126479643,0.7432625186289569,0.6589756704572468
i9jiqjwl,TB,0.25,96,0.13831679977715475,4694,0.048337153401959876,0.1901503129530133,4691,0.05717227133678319,0.4003625881971374,0.20294172226975635
i9jiqjwl,LR,0.5,0,0.7042378321163306,0,0.7042378321163306,0.8308849146331733,-1,0.8301395512698336,0.9821597493177318,0.9821597493177318
i9jiqjwl,TB,0.5,0,0.6147306841519872,0,0.6147306841519872,0.7045659241870643,1,0.7025057680960837,0.950392723866078,0.950392723866078
i9jiqjwl,LR,0.5,6,0.46749550129313927,1,0.46424024995702196,0.5822884801412633,1,0.5776257650806008,0.9134987415760487,0.9150607082715219
i9jiqjwl,TB,0.5,6,0.24399428215208405,2,0.2416852627410759,0.3424707263626406,1,0.3407259018442086,0.8076801930325376,0.8068177074748357
i9jiqjwl,LR,0.5,12,0.2114680530766394,2,0.19520644536473267,0.30709717268511394,3,0.2998185639991095,0.8496258155216164,0.8536713179648322
i9jiqjwl,TB,0.5,12,0.1746916337659076,-4150,0.1447626834731241,0.22866222314067605,4,0.2093846142150095,0.1258746208691407,0.7450475369771611
i9jiqjwl,LR,0.5,24,0.18854047950909555,15,0.04049033271417776,0.24011132440254557,15,0.07055187578016929,0.6849305719294593,0.73430513582045
i9jiqjwl,TB,0.5,24,0.22170086106509346,-4565,0.11694334016144055,0.27961786869321276,-4564,0.1476627569272495,-0.13650702910878781,0.6353573078401885
i9jiqjwl,LR,0.5,48,0.13001234285433602,-24,-0.042639574728865266,0.17991432390844142,-21,-0.03958599227238411,0.6092102385778303,0.6455195627488549
i9jiqjwl,TB,0.5,48,0.197546501437988,-4505,0.0011500442543481194,0.2866759097940747,-4503,-0.002427311568215266,-0.027183032598810743,0.4631737205695898
i9jiqjwl,LR,0.5,96,0.1293848420196071,18,0.030297025702589225,0.1734985524944762,17,0.05346210706056909,0.484709666576022,0.5128092170676207
i9jiqjwl,TB,0.5,96,0.248146729080162,-4535,0.02710620154506788,0.32429401127661733,-4535,0.03358001301959428,0.035331101043733354,-0.15010602273999296
i9jiqjwl,LR,0.75,0,0.7622932954538016,0,0.7622932954538016,0.8299154373019985,1,0.8265166257184283,0.9891797692074014,0.9891797692074014
i9jiqjwl,TB,0.75,0,0.6473164979009978,0,0.6473164979009978,0.7652529262622402,0,0.7652529262622402,0.9721082597132265,0.9721082597132265
i9jiqjwl,LR,0.75,6,0.6353969170845165,1,0.6109692890117815,0.7154224146531148,1,0.7107613153939815,0.9746669581235631,0.9755958904540902
i9jiqjwl,TB,0.75,6,0.24565151506792574,-5,0.2276819578216492,0.35471004828033353,-2,0.349942460957478,0.8980947827301806,0.8991069715128667
i9jiqjwl,LR,0.75,12,0.38255517910847336,3,0.34324881822344055,0.46974862359152625,1,0.4663022807166743,0.9199102974376233,0.9227374428229375
i9jiqjwl,TB,0.75,12,0.13108005916078075,2087,0.0842883528647937,0.16052617365406163,-11,0.11386951308540415,-0.1411355109513111,0.7566814243389204
i9jiqjwl,LR,0.75,24,0.2675213368479747,6,0.16823083747224832,0.30147692927106773,4,0.2726404475513004,0.8171660418646169,0.8310267397954423
i9jiqjwl,TB,0.75,24,0.146912002016108,-4560,-0.016739748865708913,0.19426610353769277,-4561,-0.015566545368019389,0.11070789167934103,0.2792307259708479
i9jiqjwl,LR,0.75,48,0.1653349624128603,-7,0.1336001593785731,0.22167425216079964,-4,0.21023115112855653,0.6125174555312842,0.606212559507601
i9jiqjwl,TB,0.75,48,0.14531181044977748,-4465,-0.07682289444947595,0.17630132475423776,-4467,-0.10317857553086919,0.10135404784364405,-0.10359552066033882
i9jiqjwl,LR,0.75,96,0.1075544097586879,-38,0.03368895492621422,0.13366303642359104,-37,0.055346579985439605,0.2055309414831952,0.24025232741997127
i9jiqjwl,TB,0.75,96,0.15527375867468213,3594,0.040092548433659454,0.197251697519083,3596,0.05029281777223521,0.08033723974693359,-0.10975162803958882
r17byphk,LR,0.25,0,0.7954468686149139,0,0.7954468686149139,0.8754958901826312,0,0.8754958901826312,0.9695264864304111,0.9695264864304111
r17byphk,TB,0.25,0,0.708023445034149,0,0.708023445034149,0.8018080857973636,-1,0.7996669665851907,0.9675612574304723,0.9675612574304723
r17byphk,LR,0.25,6,0.6014215722636714,2,0.5684641283279364,0.7111295209099352,2,0.6931951013263652,0.8920831354637081,0.8967866134934779
r17byphk,TB,0.25,6,0.3011691469298803,-2,0.2911530454919741,0.4118879447551827,-4,0.3871091116067724,0.8498388619755475,0.8491466271641493
r17byphk,LR,0.25,12,0.3786100586839763,3,0.35948761995833145,0.4996460702742329,2,0.4836435297896961,0.8401146795523028,0.8492129589133167
r17byphk,TB,0.25,12,0.21257118047625445,-11,0.14746555238636902,0.30336621648331696,-10,0.21721660325685146,0.7402746416143611,0.7418971865269971
r17byphk,LR,0.25,24,0.2690814415426266,10,0.08599320047319044,0.3152132122012412,8,0.18921231217767262,0.7072469220006522,0.7411894993045903
r17byphk,TB,0.25,24,0.15694575586625148,3602,-0.02530405886138024,0.196751567491507,3604,-0.011797635018657257,0.3398556198813483,0.5086077535246786
r17byphk,LR,0.25,48,0.19705855378271364,19,-0.10471504175556856,0.24731663209761204,18,-0.11351438142448693,0.4783506885069046,0.48961402448977037
r17byphk,TB,0.25,48,0.12924221211331632,4226,-0.03545393029884391,0.17014950121837977,4223,-0.04569068029468456,-0.12425142094241563,0.40117930561498566
r17byphk,LR,0.25,96,0.0636229581532017,6,0.0412551792359723,0.0789749624090022,2,0.07703029764177148,0.35342299539005073,0.36755753979960204
r17byphk,TB,0.25,96,0.16143863456369456,-4383,-0.0034119319053853743,0.19919987839740586,-3903,-0.0008641688007279593,0.16110400288705126,0.37208266301820764
r17byphk,LR,0.5,0,0.8188565849180796,1,0.8106291686188133,0.9054294651014092,1,0.8929506028771806,0.9812805732520534,0.9809800816179831
r17byphk,TB,0.5,0,0.6628656796668184,0,0.6628656796668184,0.7677948638318733,-1,0.7659960547003677,0.9625284882653622,0.9625284882653622
r17byphk,LR,0.5,6,0.5008009097157353,1,0.49806899754691836,0.6769012353572208,2,0.6577408949692388,0.9252896159316784,0.9237394873820074
r17byphk,TB,0.5,6,0.3497972399858796,-2,0.3330023937574508,0.43517617183373586,-2,0.428139254333604,0.8626036872865432,0.8610730233547547
r17byphk,LR,0.5,12,0.355725968318074,-3,0.3416468501294112,0.49154645406105296,1,0.4880875053293736,0.881678267160484,0.8860300196131502
r17byphk,TB,0.5,12,0.1944836921964368,0,0.1944836921964368,0.2507650175105362,1,0.25031716123583103,0.7905343879602998,0.7905343879602998
r17byphk,LR,0.5,24,0.24434737186369945,-6,0.15772573187732752,0.29344688715310197,-6,0.23824750088172064,0.7043418685490673,0.7037595753127972
r17byphk,TB,0.5,24,0.1421703605799746,-4495,0.09223474951508903,0.17925704671458229,4693,0.1160819281672129,0.2757660272070063,0.6499306312376951
r17byphk,LR,0.5,48,0.09062298670985915,-2,0.0840686091041925,0.10740956184652596,-4,0.092981173375785,0.40950214876982766,0.4128782662078998
r17byphk,TB,0.5,48,0.13245646551134033,4730,-0.06604393716986576,0.16388291992440215,4729,-0.08055445321879644,-0.12970663173498584,0.260081294913502
r17byphk,LR,0.5,96,0.11820981290145345,4,0.10013036877551579,0.14373453689725998,5,0.12357260379395106,0.1972476286215389,0.19428716311311792
r17byphk,TB,0.5,96,0.16008754300366132,-4733,0.010678411618990075,0.19655303871952678,-4957,0.0059729757700286755,0.2562173314896098,-0.041438832782510975
r17byphk,LR,0.75,0,0.7142141416673891,0,0.7142141416673891,0.8251534963385021,0,0.8251534963385021,0.9928444583189027,0.9928444583189027
r17byphk,TB,0.75,0,0.6177009496169736,0,0.6177009496169736,0.7350892235934993,-1,0.7273994211192426,0.952937903198016,0.952937903198016
r17byphk,LR,0.75,6,0.40529536298687874,-2,0.3916709284726814,0.5159348792731487,-1,0.5132089403137536,0.9532505488303329,0.9526562041324874
r17byphk,TB,0.75,6,0.3317109581567172,-4,0.29664815258092747,0.43766562198332437,-4,0.41008356033906584,0.8748410094524134,0.8749456429306398
r17byphk,LR,0.75,12,0.2299906596355842,3,0.22082325647776177,0.3206991948088473,2,0.3171718124083528,0.8875685860996193,0.8897203146257421
r17byphk,TB,0.75,12,0.19645118552922022,-7,0.1334016401793605,0.2552809935758947,-7,0.20985418097850786,0.7780283069189805,0.7721004426166886
r17byphk,LR,0.75,24,0.27012746123931036,4,0.2024947653283203,0.33111537569558136,4,0.30467186488429604,0.7057633793923168,0.7130180490636833
r17byphk,TB,0.75,24,0.13310198932696657,-4935,0.07044058896223339,0.16051082511891354,-4935,0.10245960681489352,0.21701735031035793,0.4637011468946142
r17byphk,LR,0.75,48,0.2768413402218786,6,0.23037544027617027,0.4015731943774676,6,0.34460224959737024,0.5248100627704694,0.5219487111672637
r17byphk,TB,0.75,48,0.1890310039869824,2922,0.0014120199388744693,0.22395195657884112,2922,0.00426889276057162,-0.0010996321299332572,0.10063773012579562
r17byphk,LR,0.75,96,0.08707777157118084,-8,0.012542186406751888,0.12594554357410545,-13,0.03568466991443853,0.19451360461570646,0.20340944856942453
r17byphk,TB,0.75,96,0.13676057178795112,4262,0.03099798855873445,0.1855882129292431,-2859,0.04637545184122884,0.16032790582684295,-0.07893150116736647
rxax5ozo,LR,0.25,0,0.7053355463887016,0,0.7053355463887016,0.8015483569550176,0,0.8015483569550176,0.9041189698318198,0.9041189698318198
rxax5ozo,TB,0.25,0,0.6542513949781542,0,0.6542513949781542,0.7502328570020512,0,0.7502328570020512,0.970233904684711,0.970233904684711
rxax5ozo,LR,0.25,6,0.30064012924599615,-1,0.3003260997256111,0.40106736451042396,1,0.39942499329143866,0.8702237614248737,0.8697344963383243
rxax5ozo,TB,0.25,6,0.2860942258021288,1,0.28575361117993237,0.38588052365231684,1,0.3848890391332937,0.9024086903567055,0.9018624729422968
rxax5ozo,LR,0.25,12,0.1415232637999093,-3,0.1261644726451546,0.17644519346632218,0,0.17644519346632218,0.7391191724209426,0.7481870232297565
rxax5ozo,TB,0.25,12,0.14859689650290467,3850,0.1375292132119652,0.1855293494792251,-2,0.18102887893434969,0.07260850313055289,0.7876013469837654
rxax5ozo,LR,0.25,24,0.14140441548515903,-6,0.0806629614819845,0.1739924763787105,-7,0.12367232865221171,0.5386221602581299,0.5494254699581166
rxax5ozo,TB,0.25,24,0.16988522940432085,-2950,0.012863528351650194,0.20849165051180238,-2952,0.025113186964444274,0.04196564634464767,0.5360400680253693
rxax5ozo,LR,0.25,48,0.08355648364894323,31,0.05038914738253673,0.08878265764224032,31,0.04761697417858904,0.39282336160819725,0.39875537889236984
rxax5ozo,TB,0.25,48,0.15054401881730575,4690,-0.013294113236621033,0.19421430429072706,4690,-0.011940907074471064,-0.06025329836144361,0.260804772231006
rxax5ozo,LR,0.25,96,0.12980588693042092,51,-0.06585648051523685,0.16682550678030025,49,-0.08509828994477646,0.18283567813368987,0.1463396233677631
rxax5ozo,TB,0.25,96,0.14571367381560288,4000,-0.027453964077944443,0.18410240910609352,3998,-0.042750045132084746,0.003176401708625265,0.08301284534677944
rxax5ozo,LR,0.5,0,0.5874527764793646,1,0.5798849945450382,0.6915315818365162,1,0.682059566849461,0.8943343630506989,0.8940436117495424
rxax5ozo,TB,0.5,0,0.6902776172106598,0,0.6902776172106598,0.7803742755661011,-1,0.7782727378504721,0.9336346109179755,0.9336346109179755
rxax5ozo,LR,0.5,6,0.33627711605477045,4,0.28466664760328314,0.43445571229298946,5,0.3780292523742115,0.8244922850261164,0.8272178801991673
rxax5ozo,TB,0.5,6,0.32531941380529455,-1,0.3219305299322723,0.4157068218590239,-2,0.4082438043477578,0.7773132659229215,0.7740201420427297
rxax5ozo,LR,0.5,12,0.19494718075701498,-1,0.19370577302076306,0.2420638952595752,2,0.23378365751647642,0.7285127144426055,0.7290013086279529
rxax5ozo,TB,0.5,12,0.17644953121709453,-1,0.17414607312156613,0.22716466885885353,0,0.22716466885885353,0.6399125656194246,0.6355390649793183
rxax5ozo,LR,0.5,24,0.15722032346531659,40,0.05323058053676923,0.1927164177684081,41,0.0574989718720117,0.6058275189191119,0.6363946074172915
rxax5ozo,TB,0.5,24,0.15383936816517627,4675,-0.017257712392879612,0.1895721378491655,-3834,-0.011359961094055723,0.14659630028060308,0.30049578848561265
rxax5ozo,LR,0.5,48,0.14306245786686542,-16,0.0736908187540095,0.1762362838516359,-15,0.10162593180800313,0.5285360250686544,0.5242987915792265
rxax5ozo,TB,0.5,48,0.1612392967077243,2885,-0.004469933500670191,0.19894980919851743,-4872,0.00022499704791905653,-0.017954742645179097,0.14420198813868768
rxax5ozo,LR,0.5,96,0.0893442284277629,17,-0.09739216640347305,0.10011954793737134,20,-0.11697334134261451,0.2991607785051427,0.2857531171580648
rxax5ozo,TB,0.5,96,0.16443629767575432,-4255,0.029995886182585047,0.21081122378157305,-4254,0.034300781455976696,0.2985072754581283,-0.034271689695417294
rxax5ozo,LR,0.75,0,0.667443261410363,0,0.667443261410363,0.7679045446897573,-1,0.7616327762487941,0.9517160745249718,0.9517160745249718
rxax5ozo,TB,0.75,0,0.6805270598981457,0,0.6805270598981457,0.7547652466882758,0,0.7547652466882758,0.9309357100583995,0.9309357100583995
rxax5ozo,LR,0.75,6,0.32942073866830224,-3,0.2886410285791606,0.39084367046151186,-3,0.3602726227991371,0.8147670238583501,0.821044199421109
rxax5ozo,TB,0.75,6,0.27096048395347966,-2,0.2596325379742345,0.34565623979911564,0,0.34565623979911564,0.8176663456750687,0.8184996808511845
rxax5ozo,LR,0.75,12,0.30125699910173803,-2,0.2871685631107199,0.39356778576173057,-1,0.38909505074200795,0.6003191682362824,0.6042951023544147
rxax5ozo,TB,0.75,12,0.16691238768556269,-2,0.15972245454575287,0.2124962098614982,-2,0.20699544656568494,0.696761962630681,0.6978638897878818
rxax5ozo,LR,0.75,24,0.20299849447257454,-16,0.0806343517476731,0.26048293658080496,-13,0.1254953886822119,0.49724819903526624,0.5107068829275215
rxax5ozo,TB,0.75,24,0.13950867714383888,4544,0.04508372274031716,0.16871171188041614,4640,0.060182081991866976,0.27292447033857326,0.4607086515690027
rxax5ozo,LR,0.75,48,0.16228727040676852,-14,0.07272930685110429,0.2151458588178973,-13,0.09889959814859998,0.4783501128848752,0.4555240014167672
rxax5ozo,TB,0.75,48,0.15717518006742207,-4776,0.01231876495989255,0.20184114647577453,-4772,0.012376696363179604,0.08337418260666396,0.27797754379354545
rxax5ozo,LR,0.75,96,0.14120883855134272,-3,0.11834581856232525,0.18390506484701688,-6,0.15470282996319545,0.4004306790717606,0.39311254702291815
rxax5ozo,TB,0.75,96,0.16865086269436733,-4649,0.05009714145836509,0.22475864241206164,-4650,0.05483253861915286,-0.14743108745801667,0.27610083758259424
0grcilhi,LR,0.25,0,0.7532004526457414,0,0.7532004526457414,0.8388619012325543,0,0.8388619012325543,0.9830822191375338,0.9830822191375338
0grcilhi,TB,0.25,0,0.7165857727555137,1,0.7140330792629612,0.8034851595847644,1,0.7998498186898293,0.9726640043893613,0.9723995546367709
0grcilhi,LR,0.25,6,0.49410122863568856,0,0.49410122863568856,0.5976337721322796,-1,0.5953085470729684,0.9224569858942339,0.9224569858942339
0grcilhi,TB,0.25,6,0.3671564811064186,2,0.36138974788331035,0.484997209657378,2,0.4762218811372596,0.8792302738004555,0.8788176645171778
0grcilhi,LR,0.25,12,0.4537990925205526,2,0.4376873400347588,0.5604614691789905,1,0.5568570825701699,0.8764047317078328,0.8769081153572672
0grcilhi,TB,0.25,12,0.22270964184958006,6,0.2098408191226011,0.303719493181237,4,0.29006979838033803,0.7864303687359252,0.7870633992690537
0grcilhi,LR,0.25,24,0.24009377700464798,2,0.2355649231622036,0.325579112339319,1,0.3240848325060497,0.8272131842709692,0.8276728835686651
0grcilhi,TB,0.25,24,0.14735761178861237,-4298,0.06450329648761335,0.18659319231728624,-4296,0.10116662557461555,0.13860909495307305,0.6641495865936716
0grcilhi,LR,0.25,48,0.2088059352065621,2,0.20552393548193135,0.28533199590600505,5,0.2666391502581165,0.7788324852217298,0.7781346802145975
0grcilhi,TB,0.25,48,0.17856397332396087,4285,0.032590708031678794,0.20396114549644562,4285,0.03221631060606412,-0.12543839045852964,0.37051324427119975
0grcilhi,LR,0.25,96,0.1754042626603632,18,0.06417090503242827,0.22953304083883577,15,0.09363550723568696,0.610488367040012,0.679695152052587
0grcilhi,TB,0.25,96,0.1756375419855113,3793,-0.03059514512878374,0.22576375572018637,-4879,-0.05405798972852491,0.09801947525448133,0.08092496986250715
0grcilhi,LR,0.5,0,0.8097916326437399,0,0.8097916326437399,0.8829273054876187,0,0.8829273054876187,0.9953378772694582,0.9953378772694582
0grcilhi,TB,0.5,0,0.6874278802641398,0,0.6874278802641398,0.792923439563939,0,0.792923439563939,0.9543977192378389,0.9543977192378389
0grcilhi,LR,0.5,6,0.4888668707185799,2,0.47075350009461553,0.5984324217010607,1,0.5948507899046572,0.9748238646293382,0.9731660652394579
0grcilhi,TB,0.5,6,0.26741158767195067,-9,0.2289624763665411,0.35914597610844073,-5,0.35061367629907786,0.8507799149431596,0.856758132084189
0grcilhi,LR,0.5,12,0.3926562728211585,5,0.31608703088174606,0.4740113604563743,4,0.4269380995656032,0.8806277408893678,0.8830031044141786
0grcilhi,TB,0.5,12,0.20675893992488156,-11,0.13502496917883292,0.2646383126850525,-10,0.21204995928472295,0.7845779664132162,0.7918372082551585
0grcilhi,LR,0.5,24,0.3228396252391632,7,0.2563661250629985,0.4041278114629561,5,0.3656265243486254,0.7873536473310146,0.7828183844933433
0grcilhi,TB,0.5,24,0.15219232048035392,-214,0.04351238891052159,0.18230434804190887,4677,0.07830140816507476,0.0965578320875878,0.6139480992311818
0grcilhi,LR,0.5,48,0.12145151976203238,-9,0.059370808206007375,0.16603736133495203,-10,0.10278978101558117,0.7304656008783024,0.7680823636999503
0grcilhi,TB,0.5,48,0.18873508260673474,-4826,-0.02712405593604783,0.21289340284444627,-4826,-0.0465333909900823,0.03157171930303093,0.3955414069895325
0grcilhi,LR,0.5,96,0.15507310010604583,52,0.02452491131204527,0.15840873161421576,52,0.034260320727802676,0.6405934309952973,0.5379792749027525
0grcilhi,TB,0.5,96,0.19165059879902224,4820,-0.057419567724373656,0.22058698232117144,4821,-0.07848474703411984,-0.28432934864640863,0.10605260247559746
0grcilhi,LR,0.75,0,0.7790702842635678,0,0.7790702842635678,0.8656573709173038,0,0.8656573709173038,0.9879317270120391,0.9879317270120391
0grcilhi,TB,0.75,0,0.759745077942306,1,0.7467759224354689,0.8156055529120243,1,0.8094018705571125,0.9500215583491833,0.9505059276431401
0grcilhi,LR,0.75,6,0.38092614229084076,1,0.3763827876421015,0.5110029226673541,2,0.5022285280986837,0.954369758497471,0.9527873009477403
0grcilhi,TB,0.75,6,0.4011489343502624,1,0.3949160357002323,0.48117086296161576,2,0.47103483661394097,0.860792315880662,0.8617900044431536
0grcilhi,LR,0.75,12,0.24478146270990367,0,0.24478146270990367,0.3329627118758449,-2,0.32818159429245225,0.8956567898579432,0.8956567898579432
0grcilhi,TB,0.75,12,0.2572275405817581,0,0.2572275405817581,0.3101913978945254,1,0.3077336525603686,0.7735881942797906,0.7735881942797906
0grcilhi,LR,0.75,24,0.1638878293201482,-7,0.13108555478014494,0.2086601190922102,-5,0.20145907002153948,0.7424963147619495,0.7598822780800853
0grcilhi,TB,0.75,24,0.157196882933529,1,0.15489739286026571,0.18696418063341405,3,0.17975602843092972,0.5952832676982777,0.5966082744586299
0grcilhi,LR,0.75,48,0.10558075907405813,1,0.10516607320565537,0.13195392287019922,2,0.12992906741936508,0.6478337851284013,0.6451025852301208
0grcilhi,TB,0.75,48,0.17205155224563953,4794,0.08946872053812459,0.18509726802973725,4793,0.10623586492499691,0.01929944037429045,0.47946211834440966
0grcilhi,LR,0.75,96,0.06080403359896069,24,-0.0521642530343924,0.07849030757028243,22,-0.04990499780611803,0.206664490235159,0.1995096949085464
0grcilhi,TB,0.75,96,0.14469489976213637,4204,-0.03498349214064583,0.15848875302402501,4205,-0.059371614429411836,-0.030266106488707745,0.2809677860931396
71vgq3fw,LR,0.25,0,0.7197711461286725,1,0.7056221667973311,0.8073682768786928,1,0.806243821738292,0.9845160702694854,0.9846155895114289
71vgq3fw,TB,0.25,0,0.690306687908134,0,0.690306687908134,0.791168406473907,0,0.791168406473907,0.9614478549561811,0.9614478549561811
71vgq3fw,LR,0.25,6,0.32591125898836304,2,0.29431859435893976,0.37528555534551206,3,0.3595948407932639,0.9290863404379208,0.9305820814306262
71vgq3fw,TB,0.25,6,0.29551407843404265,-3,0.29015141384052223,0.4141120221991869,-1,0.4114252388360516,0.8576947174417034,0.8540356824487226
71vgq3fw,LR,0.25,12,0.24245747559840258,12,0.1606707998941193,0.31689957694090126,10,0.24333693095263545,0.771473439440002,0.7931494225441447
71vgq3fw,TB,0.25,12,0.17036658066503763,-9,0.10560859806707312,0.21344947462372835,-7,0.18960738317195303,0.742769366250655,0.7382145222892328
71vgq3fw,LR,0.25,24,0.24473202438712746,7,0.19204842637933028,0.3251896896526206,8,0.2664080685546187,0.8169347465131991,0.8192421059605848
71vgq3fw,TB,0.25,24,0.14505304472546407,-4658,0.10345813784512257,0.16845432399375712,-4657,0.1505489392628411,0.24278214670973206,0.5246290222505446
71vgq3fw,LR,0.25,48,0.13815685232393113,17,-0.13889281772164985,0.1546225057923738,22,-0.13571498369127347,0.7776179415053058,0.7964993422422991
71vgq3fw,TB,0.25,48,0.1648267167532719,-4654,0.003800460518706124,0.20443085225286206,-4656,-0.0033211788734797895,0.10378078223369984,0.2855069299110846
71vgq3fw,LR,0.25,96,0.21934051057189471,-22,-0.09197641632533127,0.24966452355563054,-22,-0.10597701718632108,0.7036202797661665,0.7057516563630385
71vgq3fw,TB,0.25,96,0.13722521971421126,-3671,0.07411642539505188,0.17628307079717478,-3670,0.08472337076472887,-0.14249515494876117,0.19238328817282568
71vgq3fw,LR,0.5,0,0.7795096330456027,0,0.7795096330456027,0.869952699967822,-1,0.8696818363624184,0.9644059546792909,0.9644059546792909
71vgq3fw,TB,0.5,0,0.7037222462301896,0,0.7037222462301896,0.799918629082741,0,0.799918629082741,0.9690021983172817,0.9690021983172817
71vgq3fw,LR,0.5,6,0.5129093297062984,-1,0.5110721227315155,0.6534932233925158,-1,0.6515570803188373,0.8874549912610119,0.8891519217518549
71vgq3fw,TB,0.5,6,0.31877657594121667,0,0.31877657594121667,0.426588627808524,0,0.426588627808524,0.8724117100344322,0.8724117100344322
71vgq3fw,LR,0.5,12,0.36360851713493086,-4,0.3316730777661836,0.49373285848981024,-1,0.4905957988013517,0.806349804630651,0.8135810887557405
71vgq3fw,TB,0.5,12,0.1818823452309534,3,0.16867179377686778,0.2428301417941746,3,0.23556351555083796,0.766832964962266,0.7684793145159353
71vgq3fw,LR,0.5,24,0.15982802846794042,-1,0.15732415589096901,0.22408493540710406,0,0.22408493540710406,0.6113316603413729,0.6148232162981448
71vgq3fw,TB,0.5,24,0.16446214495590375,-4785,0.03945561516915049,0.17661467779876097,-4785,0.06893281987559678,0.31073983709467107,0.519275514549772
71vgq3fw,LR,0.5,48,0.12021855431902834,18,0.00191846227615951,0.12321201989543774,20,0.02739855064018802,0.4502476757113913,0.3864404487348996
71vgq3fw,TB,0.5,48,0.12123416897838162,2198,-7.068228864238676e-05,0.1715335321251892,2198,0.001910304182136154,0.002261303883126319,0.16198485410476082
71vgq3fw,LR,0.5,96,0.12854348310740002,-15,0.06687265045957973,0.16048285150343167,-16,0.11249198059086163,0.28087393995051974,0.2450545480413299
71vgq3fw,TB,0.5,96,0.14215722672717732,4413,0.019302099998529432,0.19467010955470454,4415,0.0158061172082045,0.216140136438406,0.06867190898110859
71vgq3fw,LR,0.75,0,0.794722735377244,1,0.7869458670473993,0.8509343185462539,1,0.8498170264399775,0.9429467313479932,0.9426789941256707
71vgq3fw,TB,0.75,0,0.7300899536430352,1,0.7275760889087323,0.8159961318858229,0,0.8159961318858229,0.9785998819775711,0.9784910347651182
71vgq3fw,LR,0.75,6,0.5768602385171929,2,0.5566183830093829,0.6652090970952323,1,0.6603335114354281,0.6124878226522932,0.6107876488290868
71vgq3fw,TB,0.75,6,0.37179130630330176,2,0.36194126152408823,0.459413580672185,1,0.455182566197285,0.902925930968062,0.9032284982441382
71vgq3fw,LR,0.75,12,0.42118648751611154,4,0.35246317262026206,0.5089946055957131,4,0.4532236309752764,0.5568646211003137,0.5556697377305816
71vgq3fw,TB,0.75,12,0.18610787731728018,1,0.18502228110299046,0.24533863401406722,2,0.24239856811473567,0.8176317372713662,0.8177661922334613
71vgq3fw,LR,0.75,24,0.24481201882928305,2,0.22523480382003916,0.30159880751342877,1,0.30045509328425996,0.47722087729236745,0.47997904686034176
71vgq3fw,TB,0.75,24,0.20986537584622467,4849,-0.02170085716441698,0.25794696248507026,4847,0.0022433927904440347,-0.11468213672176471,0.6720616666850713
71vgq3fw,LR,0.75,48,0.14140776225218007,4,0.11557265859376838,0.16389713461672287,4,0.1508494593067737,0.3844634011326849,0.3914597730664047
71vgq3fw,TB,0.75,48,0.16296714186527114,4858,-0.06195461453227483,0.18301672853054538,4857,-0.06654792434663039,0.14247493245765408,0.3550428781266461
71vgq3fw,LR,0.75,96,0.10864580668044632,-22,0.03947547279891652,0.13163714786707248,-20,0.05909938640310162,0.35951349814871286,0.2992483521993699
71vgq3fw,TB,0.75,96,0.17838447584900974,4499,-0.024519762693055596,0.22291098962159464,4499,-0.040896927001288226,0.2616301874425442,0.006410262273765413
9luzk4jm,LR,0.25,0,0.7490416487070322,0,0.7490416487070322,0.826278258918864,0,0.826278258918864,0.983890883754391,0.983890883754391
9luzk4jm,TB,0.25,0,0.7280160883114505,0,0.7280160883114505,0.8188408661438645,1,0.8181705676489518,0.9730792085878424,0.9730792085878424
9luzk4jm,LR,0.25,6,0.5089503222381245,-2,0.4912885719523697,0.6174187630748577,-3,0.5895319121649297,0.7981244040662951,0.8038061316374526
9luzk4jm,TB,0.25,6,0.41959455325229494,2,0.4043071634667333,0.5568211802889975,3,0.5313103631006771,0.9184377653604817,0.9179851335674488
9luzk4jm,LR,0.25,12,0.37145360640767205,-1,0.3683682647983324,0.46713897927476866,-2,0.4592979428444373,0.7131136314419172,0.7169272674047275
9luzk4jm,TB,0.25,12,0.29892774047777243,3,0.2763296039985371,0.40302701413794195,3,0.3852150073625808,0.8315593221015977,0.8306798031099002
9luzk4jm,LR,0.25,24,0.20237098638009066,4,0.17997351787786112,0.2741791970030634,3,0.26592357154248486,0.6553708666761217,0.6426338808283719
9luzk4jm,TB,0.25,24,0.1508967392953434,-4705,0.1324093556674751,0.20887452381617191,5,0.20202342861452038,-0.09786564441712103,0.7036313831385836
9luzk4jm,LR,0.25,48,0.21888541696990113,5,0.16431240478285927,0.2775178910484127,7,0.2236781515811819,0.548093634473198,0.5384710019261898
9luzk4jm,TB,0.25,48,0.1552931974089761,4564,0.05468985939497314,0.20990046127357673,4567,0.08491339239290337,-0.1044164534745965,0.5209274713466562
9luzk4jm,LR,0.25,96,0.14695339041926617,-61,0.06410762016834123,0.1604946785058824,-61,0.09782822864046403,-0.04145295256135459,0.17491202251759655
9luzk4jm,TB,0.25,96,0.14933852979914872,4947,0.05234437074756871,0.211670008950704,4949,0.07468382920834475,0.1828014956199792,0.10673226529915687
9luzk4jm,LR,0.5,0,0.6579804335252155,0,0.6579804335252155,0.7575727285393742,1,0.7560342740208758,0.9792853909895199,0.9792853909895199
9luzk4jm,TB,0.5,0,0.6990403322482098,0,0.6990403322482098,0.7889892789938685,0,0.7889892789938685,0.966515957605008,0.966515957605008
9luzk4jm,LR,0.5,6,0.31761575229242117,3,0.29306974403287706,0.3927129205669398,3,0.3745554168940428,0.9261494943552021,0.9171772011326821
9luzk4jm,TB,0.5,6,0.33864200823795976,-4,0.30136360078110697,0.43378019410725593,-2,0.4282451743800269,0.8496924156521385,0.8533954539454326
9luzk4jm,LR,0.5,12,0.1982495994397173,2,0.1901594139409981,0.25550557550336656,1,0.25473908234554576,0.773808944337227,0.7639672479055036
9luzk4jm,TB,0.5,12,0.2077158148216706,-7,0.16973017387320707,0.2734226882005082,-5,0.26229695796370617,0.760525824916236,0.7661819380710065
9luzk4jm,LR,0.5,24,0.1456336582839103,7,0.0873403842248427,0.1797436293421609,7,0.1500230023384869,0.7093578343136387,0.6828933185339491
9luzk4jm,TB,0.5,24,0.16540318952802985,-4715,0.10561223051220725,0.2147748605077815,-4718,0.13464164123787362,0.09380607140728074,0.5095321505115812
9luzk4jm,LR,0.5,48,0.1896521027188567,-60,0.09407035734477094,0.21421233136707415,-61,0.11295439029718436,0.11684086121132,0.2634542043241657
9luzk4jm,TB,0.5,48,0.14135463123464695,4369,0.06346397433271676,0.16407300018952017,2637,0.07661828229711565,-0.07405810532097835,0.17021016912285725
9luzk4jm,LR,0.5,96,0.13861106555509692,48,-0.03087975495523967,0.16502164352824147,47,-0.043484542625790136,0.09974875077243218,0.11523600448013778
9luzk4jm,TB,0.5,96,0.16225473972687762,-4584,-0.03761343361071604,0.19535351207025498,-4585,-0.05357099052910122,0.20165039392514283,0.1252688470909228
9luzk4jm,LR,0.75,0,0.7321254315547506,0,0.7321254315547506,0.8433240199328381,-1,0.833731021910883,0.9741142093895813,0.9741142093895813
9luzk4jm,TB,0.75,0,0.6505558534544899,-1,0.6371603307882523,0.7401933688820664,-1,0.7347311092055288,0.9649863961867906,0.9655195146360392
9luzk4jm,LR,0.75,6,0.35573863534798184,1,0.35524223571964697,0.4758813902730808,-3,0.4647095683733617,0.9122648624724042,0.9120161180702997
9luzk4jm,TB,0.75,6,0.29085451792732087,-4,0.2467073333297254,0.3766886475997186,-4,0.3419100402345922,0.907678787653215,0.9072991240580977
9luzk4jm,LR,0.75,12,0.31905271625980425,-6,0.2941324219547742,0.41742675194275075,-3,0.40105865602166,0.7746392101001756,0.7842673660064042
9luzk4jm,TB,0.75,12,0.15216640378526405,-3912,0.11001013449051801,0.20222650806022235,-3912,0.18113041802881513,-0.11929770585019471,0.8460012005072904
9luzk4jm,LR,0.75,24,0.29122780306352863,-7,0.20976164674311207,0.3854850797350802,-7,0.30812061514782213,0.7373846718204541,0.732534133233643
9luzk4jm,TB,0.75,24,0.135637060625316,2927,-0.031055056095948334,0.19081545814890896,3688,-0.03339598347877116,-0.06097664722445025,0.6054102975701673
9luzk4jm,LR,0.75,48,0.24571224259884014,-12,0.08126481269192505,0.29885383085133393,-11,0.11377500146905162,0.505371828349456,0.44095474575519794
9luzk4jm,TB,0.75,48,0.16969095173346996,-4302,-0.00398155715908917,0.2093765712552146,-3923,-0.0038635006441684453,0.1714201900870709,0.22674165775790509
9luzk4jm,LR,0.75,96,0.11683032203755565,-10,0.07144911405213529,0.12930139293920742,-8,0.10057159108240703,0.26110833483525625,0.27420002732082266
9luzk4jm,TB,0.75,96,0.3136854052412667,4831,-0.032999570194457845,0.3577709683853228,4831,-0.031462740810704416,0.1802735923614145,-0.023404349007586783
cfe5vt7s,LR,0.25,0,0.7096375078811189,0,0.7096375078811189,0.8149835714304285,0,0.8149835714304285,0.9558594143453677,0.9558594143453677
cfe5vt7s,TB,0.25,0,0.698481800949883,0,0.698481800949883,0.7826341469212075,-1,0.7802529955139718,0.9691436556694158,0.9691436556694158
cfe5vt7s,LR,0.25,6,0.31742383680435493,-1,0.31667169897070074,0.448091399977846,-1,0.4475237155350207,0.8210039116687398,0.8206238848191988
cfe5vt7s,TB,0.25,6,0.3082192487338042,-1,0.3059210104970299,0.4158973573886877,-2,0.4093044675781805,0.8982946352601794,0.8971014541054604
cfe5vt7s,LR,0.25,12,0.2206281027396408,-6,0.16014094420049726,0.2977469446046645,-5,0.27019683389101024,0.7097698943235823,0.7018856700089202
cfe5vt7s,TB,0.25,12,0.16027474877560013,-20,0.14703841219297709,0.2240793913196185,-15,0.2060696587894187,0.7808633734733018,0.7940940740909616
cfe5vt7s,LR,0.25,24,0.18575993672773453,41,-0.025372850419756374,0.23738190698536532,39,-0.006884722801309882,0.4250608256792498,0.604315587387744
cfe5vt7s,TB,0.25,24,0.14485603550891293,-18,0.10990509539591932,0.20063104931414744,-13,0.15334080858552193,0.6655307634600676,0.6660939334292718
cfe5vt7s,LR,0.25,48,0.13459420973793843,49,-0.011939925896716682,0.14144143665840467,49,-0.014969230038188737,0.35749345123478865,0.4017853026441583
cfe5vt7s,TB,0.25,48,0.17625602319672665,-4914,0.026010608895045934,0.2245953559609635,-4911,0.042001996719976765,0.17782464450622507,0.3335073938634563
cfe5vt7s,LR,0.25,96,0.15160709986401474,49,0.043256766665494474,0.19216769883426266,51,0.05295104171997004,0.3535503178713586,0.3053363239454319
cfe5vt7s,TB,0.25,96,0.14903753126033853,-4613,0.03901624502728197,0.19919054502675737,-4613,0.04237634457600806,-0.17745563795301478,0.10541963233064892
cfe5vt7s,LR,0.5,0,0.8374982029459875,0,0.8374982029459875,0.9077839273586262,0,0.9077839273586262,0.9792294155040961,0.9792294155040961
cfe5vt7s,TB,0.5,0,0.6788010673195141,0,0.6788010673195141,0.789674837994332,1,0.789065309307977,0.9661749917775747,0.9661749917775747
cfe5vt7s,LR,0.5,6,0.5814321777102425,-1,0.5759496374566627,0.7086919911287054,-2,0.6986488188678536,0.9600651077482106,0.9593573923649039
cfe5vt7s,TB,0.5,6,0.3253485804903717,1,0.32404074569076635,0.4362619746790597,1,0.4330038020457794,0.8888498325536066,0.8895222069177023
cfe5vt7s,LR,0.5,12,0.4904155036011479,-1,0.48802079916133523,0.6303256700924856,-2,0.6147880456486831,0.9270985203078365,0.9254530049114839
cfe5vt7s,TB,0.5,12,0.204359935196374,4,0.18217959817121546,0.26874380052345054,3,0.260181011899103,0.8121128037298885,0.8146764909658967
cfe5vt7s,LR,0.5,24,0.3982942222648361,0,0.3982942222648361,0.5311999679244389,-2,0.5227034572516666,0.8588586016595633,0.8588586016595633
cfe5vt7s,TB,0.5,24,0.1652696740171561,4729,0.023811233964069756,0.24835892237354518,4731,0.0443129897477789,0.32937747821141317,0.6775501683113864
cfe5vt7s,LR,0.5,48,0.165009131931704,0,0.165009131931704,0.23898725374801097,0,0.23898725374801097,0.6500668761864925,0.6500668761864925
cfe5vt7s,TB,0.5,48,0.1523125313973561,4725,0.024919577831098758,0.2120540267374118,4723,0.03967710092894695,0.19071916387947044,0.49781161832778037
cfe5vt7s,LR,0.5,96,0.13181936734776192,-2,0.1294327679749897,0.16527802492222018,0,0.16527802492222018,0.46880982324240184,0.46505230299353834
cfe5vt7s,TB,0.5,96,0.1572327267647685,-3548,-0.0030287196328815814,0.20733428401130116,-4885,-0.004605538451125871,0.20329647809461657,0.2925892596899024
cfe5vt7s,LR,0.75,0,0.7657529268048271,0,0.7657529268048271,0.8475678753888284,0,0.8475678753888284,0.9021471353833396,0.9021471353833396
cfe5vt7s,TB,0.75,0,0.6867524324440808,0,0.6867524324440808,0.7909463748790567,0,0.7909463748790567,0.9595240152643639,0.9595240152643639
cfe5vt7s,LR,0.75,6,0.47201563015446074,-2,0.4524146979363159,0.5974635029412418,-1,0.591088622131788,0.741945363076133,0.7554497527051725
cfe5vt7s,TB,0.75,6,0.3539994249355351,0,0.3539994249355351,0.46944387282071287,0,0.46944387282071287,0.8232341079855758,0.8232341079855758
cfe5vt7s,LR,0.75,12,0.30471893132282407,-6,0.25617009822794845,0.4019762043836952,-5,0.3581167045981522,0.5871936665806111,0.6318817722758455
cfe5vt7s,TB,0.75,12,0.22025726198047216,3,0.20264590797353407,0.3032796372148406,5,0.28430645805613247,0.7196899522002033,0.7163097089189984
cfe5vt7s,LR,0.75,24,0.1731879173601186,-6,0.1492383256887195,0.22340459417917358,-3,0.21331913853927134,0.31411493396178947,0.3517706196961606
cfe5vt7s,TB,0.75,24,0.15601701530782172,-4470,0.04478100822507667,0.17746168653229136,-4470,0.0671781894174206,-0.24595063177845425,0.43450958796027866
cfe5vt7s,LR,0.75,48,0.0978500469462867,-15,0.056711570248102756,0.12688962277106894,-13,0.06576634590692593,0.24582163326925707,0.2664746753831562
cfe5vt7s,TB,0.75,48,0.13188233563860888,-593,0.07359427031863171,0.15356990709922394,-594,0.10426856774235205,0.10684547237218435,0.15386062316853233
cfe5vt7s,LR,0.75,96,0.13212574926819518,-40,-0.008133358776669986,0.1501614641552288,-41,-0.011944205689543559,0.5095578808578519,0.5311091714243327
cfe5vt7s,TB,0.75,96,0.12626555604871448,-4844,0.00029386356473266986,0.15680915352130778,-4843,0.003968133433461674,0.10992839519380428,-0.054206389057106154
hawkfj64,LR,0.25,0,0.8043055022760003,0,0.8043055022760003,0.8827502064606415,-1,0.8823416021783892,0.9704059096815465,0.9704059096815465
hawkfj64,TB,0.25,0,0.7225149163381605,0,0.7225149163381605,0.800759079305526,0,0.800759079305526,0.9633729884865699,0.9633729884865699
hawkfj64,LR,0.25,6,0.5337837829513832,1,0.5326220742585027,0.6459634568731544,0,0.6459634568731544,0.8934909172964985,0.8986340706228707
hawkfj64,TB,0.25,6,0.2882857804598587,0,0.2882857804598587,0.368375598844024,0,0.368375598844024,0.8846644774596171,0.8846644774596171
hawkfj64,LR,0.25,12,0.3051794804358521,1,0.30391930972138664,0.39207720595305934,1,0.38944423959066743,0.7826596585291045,0.7874217757182063
hawkfj64,TB,0.25,12,0.24467666383417316,4960,0.10955389225726841,0.2950557901213946,4959,0.13971075777401787,0.3271159227369825,0.7851125580730507
hawkfj64,LR,0.25,24,0.21941886347075235,-5,0.1907906109397376,0.27921698482757296,-3,0.26187901980256245,0.37621849938926616,0.33109276690600603
hawkfj64,TB,0.25,24,0.18768881882308544,4958,0.029398259993061254,0.24219627577625388,4959,0.02666073077940155,0.2935075701240309,0.6375942555649913
hawkfj64,LR,0.25,48,0.13268135725193617,-50,0.0435686934291351,0.14562461313731243,-52,0.06074896469823928,0.2557801198930876,0.03184995825276524
hawkfj64,TB,0.25,48,0.12467765145353794,-3828,0.0463614940380734,0.15603083116545569,-3493,0.06024318640226234,0.12301268309269803,0.4036347908029925
hawkfj64,LR,0.25,96,0.13061806749159635,-25,-0.08738284205090874,0.14789500995128976,-24,-0.10555095879460981,0.1617634605727091,0.05674534302531579
hawkfj64,TB,0.25,96,0.1295096119907313,4719,0.005791821141838959,0.16477041602376122,3429,0.0033002957076248827,-0.07179032279883392,0.1785249553287249
hawkfj64,LR,0.5,0,0.7632287861697913,0,0.7632287861697913,0.8229952936118229,0,0.8229952936118229,0.91357778409761,0.91357778409761
hawkfj64,TB,0.5,0,0.7339198463426878,1,0.7329627992194582,0.8176278890514123,0,0.8176278890514123,0.9537686449745276,0.9541093789654468
hawkfj64,LR,0.5,6,0.438629177225263,1,0.43209806330166795,0.5023678054082327,1,0.49772419399902895,0.709850714347648,0.7023131496082812
hawkfj64,TB,0.5,6,0.3533899171473847,2,0.3377882689440947,0.44164142232799236,1,0.4385405225880121,0.851654850385005,0.8535430253278088
hawkfj64,LR,0.5,12,0.2676827918758247,1,0.2665962897904434,0.3135065864805427,1,0.31087017501162745,0.5440034377158653,0.5361533509816522
hawkfj64,TB,0.5,12,0.21512471601003094,1,0.2148964227406117,0.27280097570344347,0,0.27280097570344347,0.7141429009957952,0.714970937593268
hawkfj64,LR,0.5,24,0.18741631339644718,-1,0.1859232388868988,0.19959373291728955,0,0.19959373291728955,0.27284093185624053,0.2744816647961922
hawkfj64,TB,0.5,24,0.1605947510487883,4739,0.06323062106246759,0.20647375832447742,4737,0.09520734690828299,-0.016373527185537484,0.5332855189500253
hawkfj64,LR,0.5,48,0.19902694591151984,22,-0.00019173379513013253,0.24050393173154747,23,0.0046678151371966825,0.3967224211214133,0.3115732910033316
hawkfj64,TB,0.5,48,0.17265901056301172,3790,0.014719220833789605,0.20420945619450995,3790,0.022814077594876286,-0.08085683418897478,0.38104953330908353
hawkfj64,LR,0.5,96,0.06619734440629245,-64,-0.03225901978307095,0.08837681690931654,-64,-0.03214265137185353,-0.025035393949100992,0.1572690929168454
hawkfj64,TB,0.5,96,0.18546760342139088,4575,-0.016894896844044365,0.22855330841443824,-4914,-0.023481689417743548,-0.10633477330490654,-0.019645999263456084
hawkfj64,LR,0.75,0,0.8436642918116535,1,0.8266175836216991,0.9204974098609853,1,0.9082290100934189,0.9844056548506274,0.9831915588279326
hawkfj64,TB,0.75,0,0.7871841645396277,1,0.7839880584636725,0.851710754171057,1,0.8483346205805495,0.9731118447015308,0.9727330222093119
hawkfj64,LR,0.75,6,0.573000284930511,4,0.5131389585301352,0.7075923980379214,4,0.6455863083198845,0.9219061043337966,0.9091284204112147
hawkfj64,TB,0.75,6,0.4712635263686411,3,0.44276729198635145,0.5429605752703014,2,0.5271529749547424,0.8877772826496084,0.8872392038252146
hawkfj64,LR,0.75,12,0.36650911650985424,3,0.36283981899926704,0.5000036707888104,3,0.4919209106808767,0.8770174328087054,0.8659565342868324
hawkfj64,TB,0.75,12,0.25611096533481287,5,0.22491554914602288,0.3007136248364572,4,0.2794639611324972,0.7877678469709566,0.7877330380389832
hawkfj64,LR,0.75,24,0.24338647067243535,-5,0.19995244653124547,0.2965579937298691,-3,0.2889560037705959,0.6617910920370025,0.6973233801615583
hawkfj64,TB,0.75,24,0.1821874165629758,4585,0.051885167871850844,0.22042658873774737,4582,0.06208895364852146,-0.04181606721027865,0.5847260114701436
hawkfj64,LR,0.75,48,0.24059560334572738,-1,0.23979048103650327,0.2973832535127392,-1,0.29728967020858305,0.2893165039964966,0.29378020491292856
hawkfj64,TB,0.75,48,0.21499602673189264,-2872,0.026658342083331153,0.25555705647862753,-2873,0.01362634669087181,0.045915427259102914,0.3408472371634732
hawkfj64,LR,0.75,96,0.145126108171202,4,0.14155747106307046,0.19720266084051397,1,0.19687991757174986,-0.1879466031846101,-0.1983691662273622
hawkfj64,TB,0.75,96,0.16570350153844593,3498,0.010537755905586539,0.21618513877780413,-4560,0.02142120556689379,0.11075403211422143,-0.09250669634621977
hzumfsms,LR,0.25,0,0.7029411006016546,-1,0.6874911727777872,0.8061765646808596,-2,0.7922049804710011,0.9900308928039312,0.9903977613237746
hzumfsms,TB,0.25,0,0.6710191871836794,0,0.6710191871836794,0.7581823296927682,0,0.7581823296927682,0.9708554587691672,0.9708554587691672
hzumfsms,LR,0.25,6,0.40180739594579523,-4,0.37208671628215223,0.5167518578860992,-3,0.4967449794526153,0.9615516362445488,0.9666221774661627
hzumfsms,TB,0.25,6,0.3063543320729268,2,0.29732709262388385,0.39476784267992615,1,0.389901084346592,0.8955883449119466,0.8958711110551029
hzumfsms,LR,0.25,12,0.2531159458989658,-9,0.2090944622774423,0.35133429064299393,-7,0.2683152592042765,0.8923078172041033,0.9181828421917011
hzumfsms,TB,0.25,12,0.1417701375279139,0,0.1417701375279139,0.20468461442344632,3491,0.1904974527382425,0.8327887849900767,0.8327887849900767
hzumfsms,LR,0.25,24,0.15469985392405586,-18,0.05166818719244393,0.19912767359140693,-16,0.06625188440623604,0.7118059652775267,0.7950134517679434
hzumfsms,TB,0.25,24,0.1183917939003953,-4633,-0.0054106162389489275,0.14612396326480304,-3811,-0.025990553882464486,0.05628055516537034,0.5559874950836546
hzumfsms,LR,0.25,48,0.10008243672553041,62,0.04930369600917137,0.1310279285149829,64,0.045109153283641644,0.5297986384383696,0.7185842883544513
hzumfsms,TB,0.25,48,0.14228651671712858,-4023,-0.02113472191840608,0.16740479723027615,3940,-0.02747392920448737,-0.11500951748509701,0.40760774109997966
hzumfsms,LR,0.25,96,0.09554405099733358,-36,-0.11078209313306854,0.13160932706855755,-38,-0.1467069396673039,0.4073299779552906,0.5016873062054925
hzumfsms,TB,0.25,96,0.15409214195087953,4945,-0.004738309540846235,0.18667152001916185,4156,-0.011815549262025356,0.09145761920955696,0.061607936617830004
hzumfsms,LR,0.5,0,0.7774954163325506,1,0.77304604853667,0.8799684934511797,1,0.8674119888202929,0.9812890908240456,0.9804513338076773
hzumfsms,TB,0.5,0,0.7435631462834241,1,0.7427837561299846,0.8290316277978187,0,0.8290316277978187,0.9809996757098501,0.9813500363013773
hzumfsms,LR,0.5,6,0.38847935832884706,1,0.3869412095636278,0.4901394697581892,1,0.48531515560491406,0.9154836298066704,0.9142198981176571
hzumfsms,TB,0.5,6,0.3925532711321192,0,0.3925532711321192,0.49562694974610727,1,0.4948941947918213,0.903861364443209,0.903861364443209
hzumfsms,LR,0.5,12,0.312210213286304,6,0.25323728392898065,0.41469056143245436,7,0.32528911849410386,0.9191750255400531,0.9116168420763513
hzumfsms,TB,0.5,12,0.23682647854678862,1,0.2367087284646929,0.3143832433799277,1,0.3129206812435081,0.8219696729550333,0.8214137740307913
hzumfsms,LR,0.5,24,0.2725059517846305,19,0.04055164946128962,0.35679307288546586,16,0.08727829351095666,0.8775316206929618,0.856030621319604
hzumfsms,TB,0.5,24,0.1368441985301685,3444,0.11303009605031311,0.1735177390662318,8,0.13299306106223815,-0.21241240530934977,0.5893099291353493
hzumfsms,LR,0.5,48,0.12622076959983855,29,0.08145467963149954,0.1613014640384831,30,0.13425320656192952,0.704739518791473,0.7129979111826189
hzumfsms,TB,0.5,48,0.17948793576648234,3513,-0.021945995955558795,0.2139525635029881,3513,-0.033258119756801256,0.041460837307366334,0.2700796104523428
hzumfsms,LR,0.5,96,0.13162172413129547,45,0.048308707705145594,0.15618772577410314,43,0.05571623408554094,0.5675403341617206,0.5860172093518067
hzumfsms,TB,0.5,96,0.22170887167884315,-4381,0.06190484687722339,0.2370483520712872,-4380,0.09938978200205488,0.021695685018630274,0.21934089919049402
hzumfsms,LR,0.75,0,0.7509738429074672,0,0.7509738429074672,0.8661098137687292,0,0.8661098137687292,0.9931195853766273,0.9931195853766273
hzumfsms,TB,0.75,0,0.6688790449325506,0,0.6688790449325506,0.7665577536290279,1,0.7643942068831796,0.9799621067516466,0.9799621067516466
hzumfsms,LR,0.75,6,0.4575425919606406,-1,0.4544431229158059,0.6060286382894986,0,0.6060286382894986,0.9523985018774193,0.951537526409472
hzumfsms,TB,0.75,6,0.2828129471648902,-1,0.27936597745656927,0.38902131146973223,2,0.38586056676980635,0.8766173160624741,0.8783605999764447
hzumfsms,LR,0.75,12,0.2638707004355315,3,0.24945892543456327,0.3589228351627202,1,0.35630541592445075,0.8832956515234356,0.8888860010434398
hzumfsms,TB,0.75,12,0.20493088263295614,-1,0.20386027285168087,0.2700936236674174,0,0.2700936236674174,0.7598171238719741,0.7618573173714847
hzumfsms,LR,0.75,24,0.1410271780803188,-2,0.13233166123715662,0.192639933823471,-2,0.19027427363541463,0.7218110508563186,0.7180606533387143
hzumfsms,TB,0.75,24,0.14523264862015345,-4635,0.06858439874882995,0.187937579816048,-4639,0.091704047805655,0.03102104477886025,0.5769973735439252
hzumfsms,LR,0.75,48,0.08376058155218187,-21,-0.001084941369489719,0.11168420668424024,-21,-0.013168800985401047,0.5638480019673776,0.5472957080005411
hzumfsms,TB,0.75,48,0.14642212119311324,-4136,-0.05858456216588096,0.17560516166775783,4902,-0.07732245476937961,0.16745869686447987,0.4266406346053078
hzumfsms,LR,0.75,96,0.14945134064844073,-56,-0.015518210192777862,0.21240520939004248,-59,-0.014851775834460934,0.569117732098061,0.5904460364437049
hzumfsms,TB,0.75,96,0.1356605480148166,4376,-0.017813589074754683,0.16308554784839777,4376,-0.013682042803489225,-0.10124646527116098,0.23686824552080601
kbdh4tri,LR,0.25,0,0.7363856308940556,1,0.7269272782651582,0.8376691640640193,1,0.8347003386249465,0.939988579747292,0.9401788958717057
kbdh4tri,TB,0.25,0,0.6355304806405823,0,0.6355304806405823,0.7275741115076189,0,0.7275741115076189,0.968424723274992,0.968424723274992
kbdh4tri,LR,0.25,6,0.45448909995500136,1,0.44063550503232185,0.5838313135559069,2,0.5663217225003404,0.8540276281610684,0.8542045311118835
kbdh4tri,TB,0.25,6,0.2610815346324023,-3,0.24359130903184742,0.34226652554583326,-1,0.34217230191895515,0.8559136678482567,0.8557159691845143
kbdh4tri,LR,0.25,12,0.3733043197369655,2,0.3626151711317937,0.4902065747475753,3,0.4566346399017632,0.7797173766817803,0.7809479372037814
kbdh4tri,TB,0.25,12,0.14591374424200357,-2,0.14063528437787068,0.19887231547848402,4728,0.1763545444402768,0.7288280935245255,0.7281241381304469
kbdh4tri,LR,0.25,24,0.1766676705333241,14,0.16222613036468791,0.2495833171128902,6,0.23388218858695134,0.7943579336975461,0.7951284214349577
kbdh4tri,TB,0.25,24,0.1257038675814394,-4778,0.012239991876217554,0.18652852165564773,-4781,0.031085518180447805,-0.1665483790184024,0.48311195257806244
kbdh4tri,LR,0.25,48,0.13544947041821076,24,-0.022618142546852796,0.1516669950145593,27,-0.02434247744870122,0.4770174994114333,0.5165252624804452
kbdh4tri,TB,0.25,48,0.1430358760922744,-4641,0.020266046479704213,0.18191587695922593,-4640,0.0371589918830032,-0.03635903910084775,0.17132335940576973
kbdh4tri,LR,0.25,96,0.13627642814248084,18,0.03553282570525095,0.1512574522812835,18,0.049077195656817875,-0.01180011576384273,-0.07781648957691677
kbdh4tri,TB,0.25,96,0.13334127478333238,2558,-0.030785407490253696,0.1521467159396069,2558,-0.026593918259198546,-0.09609073879442633,0.06501191016954758
kbdh4tri,LR,0.5,0,0.6431273435962103,0,0.6431273435962103,0.6953425175841521,0,0.6953425175841521,0.9163076289741697,0.9163076289741697
kbdh4tri,TB,0.5,0,0.631397101654177,1,0.6299624712344402,0.7367068788803638,1,0.7361794296406926,0.9505668550475348,0.950071470264109
kbdh4tri,LR,0.5,6,0.2990290297168686,0,0.2990290297168686,0.3614080026104876,1,0.3609125320261728,0.5691965750233984,0.5691965750233984
kbdh4tri,TB,0.5,6,0.2786957271546467,4,0.24523827343388024,0.37924418887500505,5,0.3373705694721258,0.800107027030751,0.793154760602005
kbdh4tri,LR,0.5,12,0.2347681614376945,0,0.2347681614376945,0.2848371002598776,1,0.28278049037058434,0.5791448898626097,0.5791448898626097
kbdh4tri,TB,0.5,12,0.1434659255994567,-4760,0.07364452762803446,0.220099419846011,-4765,0.11208394297988049,-0.0602792726150298,0.6303898505428354
kbdh4tri,LR,0.5,24,0.11046671648505457,3,0.08085182136859825,0.11773397617955045,4,0.1015465863086951,0.5238033377534267,0.5338528167687264
kbdh4tri,TB,0.5,24,0.1405200589349388,-4562,0.034626820692994935,0.15943681498206716,-4562,0.06142560615400262,0.06412888327858056,0.4481561291989482
kbdh4tri,LR,0.5,48,0.09454808631073164,51,0.04500254026976037,0.12116971401855577,52,0.038097853672013286,0.20296697120481025,0.41762128575020335
kbdh4tri,TB,0.5,48,0.1635230193531778,3583,0.09510497705847883,0.20483128494924027,3582,0.10689183117055541,-0.03867666821904269,0.34800096109968787
kbdh4tri,LR,0.5,96,0.1464763555561254,14,-0.025572771511446348,0.16609015739295582,15,-0.018480205848165888,0.1730517731577834,0.18522877580077693
kbdh4tri,TB,0.5,96,0.14899872384383217,4758,0.014020959476176154,0.19460510060465253,-3686,0.012567114118756086,0.03533461712304938,0.17142195174888455
kbdh4tri,LR,0.75,0,0.5773585044067576,0,0.5773585044067576,0.6886952853190841,1,0.6872961112070475,0.9740384673420369,0.9740384673420369
kbdh4tri,TB,0.75,0,0.6737375255872727,0,0.6737375255872727,0.756882789448059,0,0.756882789448059,0.9545157261601004,0.9545157261601004
kbdh4tri,LR,0.75,6,0.38745819759351613,-4,0.3050735273772888,0.4735046109470473,-4,0.4371725347708484,0.8558741499412824,0.8694629337204027
kbdh4tri,TB,0.75,6,0.24929202083714588,0,0.24929202083714588,0.31491059254837617,-1,0.312817982844267,0.8841025424785028,0.8841025424785028
kbdh4tri,LR,0.75,12,0.2817085366906409,-6,0.2110661161544772,0.3492675807284655,-5,0.308564122697858,0.8275754236206141,0.8515547058591922
kbdh4tri,TB,0.75,12,0.18517201434796626,-4715,0.04022388912896039,0.21110164065329132,-4715,0.05544187595532039,-0.03272010969381708,0.805235111899342
kbdh4tri,LR,0.75,24,0.1374495445175503,-58,0.08999755650625822,0.17161772029322517,-60,0.1259288936686416,0.3553162076612501,0.8150555521328021
kbdh4tri,TB,0.75,24,0.1567971369357928,4661,0.021306322611447197,0.21406392058833593,4663,0.03988295502686004,-0.0037433540404892274,0.6425255259559782
kbdh4tri,LR,0.75,48,0.18746603860771058,31,-0.00411575842968271,0.20415673438957405,31,-0.02630805236310252,0.47561821750697925,0.6099587233382778
kbdh4tri,TB,0.75,48,0.17649897325941313,4674,0.07929509566923681,0.23548958296971212,4672,0.08818830978480989,-0.11821513493145795,0.2964637373069056
kbdh4tri,LR,0.75,96,0.10279844529060987,1,0.09928501304559299,0.12370833431605549,1,0.12314348251270996,0.25744806182304125,0.2598254001396101
kbdh4tri,TB,0.75,96,0.1787577183149355,-4389,0.039386996074639136,0.19776718028435789,-4390,0.04243726977826177,0.43966188716785976,0.17837781593233057
mgxahqnk,LR,0.25,0,0.7438174475125264,0,0.7438174475125264,0.8056540027838687,0,0.8056540027838687,0.9387817473154016,0.9387817473154016
mgxahqnk,TB,0.25,0,0.7076245897953743,0,0.7076245897953743,0.7640379223702903,0,0.7640379223702903,0.9428449300276451,0.9428449300276451
mgxahqnk,LR,0.25,6,0.3446820268380075,-1,0.33528699079321217,0.3876011999325492,-1,0.38610286005832384,0.7464755497060053,0.7464183124502441
mgxahqnk,TB,0.25,6,0.30310127905517165,3,0.2877609424122552,0.3839641478919183,4,0.3582411496057303,0.8111619827672251,0.8116320832160154
mgxahqnk,LR,0.25,12,0.17769308419519655,-3,0.14923549407279804,0.18597849003878905,-3,0.16296719135763005,0.6530894136900124,0.654763868362771
mgxahqnk,TB,0.25,12,0.19012892466523557,4,0.18262236107762675,0.25434603885034696,4,0.24293495359688863,0.6765623491087404,0.6766980807620846
mgxahqnk,LR,0.25,24,0.1482424175770836,-9,0.004590402102367404,0.18743454115963779,-11,0.02835700728009986,0.46997114004335055,0.4525434802247452
mgxahqnk,TB,0.25,24,0.15884976278033008,2986,0.03525213265280815,0.17758511832412793,2984,0.06519926876634508,0.31720971404631865,0.5577150020610427
mgxahqnk,LR,0.25,48,0.06733322705950483,-15,0.04513676619327068,0.08700038565976242,-11,0.047377619173532864,0.34647856693253626,0.37183293499376896
mgxahqnk,TB,0.25,48,0.13342827469039573,-3165,0.024468836303735777,0.15889342577907473,3368,0.03158809605382247,-0.11190187164549577,0.404433301396577
mgxahqnk,LR,0.25,96,0.07304499793104917,-34,0.0280363343988021,0.07278377359757165,-35,0.017972966425926808,0.35742106826349235,0.2712745833424845
mgxahqnk,TB,0.25,96,0.18864176425435605,-4741,-0.008656432651914285,0.18152422989139758,-4540,-0.011168139554698128,0.20489567320128832,0.2852522316983774
mgxahqnk,LR,0.5,0,0.8170145305324009,0,0.8170145305324009,0.870356503918044,0,0.870356503918044,0.9760596644537376,0.9760596644537376
mgxahqnk,TB,0.5,0,0.7254082605766116,0,0.7254082605766116,0.803953557374215,-1,0.8011801399933153,0.9601229755004717,0.9601229755004717
mgxahqnk,LR,0.5,6,0.5031188641264598,0,0.5031188641264598,0.6470701028921931,1,0.6445475295198757,0.936655715582606,0.936655715582606
mgxahqnk,TB,0.5,6,0.34786083908209725,1,0.3466762313088953,0.4488758244945433,-1,0.4479106545421632,0.8398163570932845,0.8414956495002884
mgxahqnk,LR,0.5,12,0.3342399119083311,1,0.33288151337201793,0.4523356566400247,1,0.45153137477991084,0.905520858738425,0.9076740985602565
mgxahqnk,TB,0.5,12,0.23763949020466102,5,0.21676845040257928,0.30086223529765493,4,0.28247871916927075,0.7068003790570246,0.7149945608407485
mgxahqnk,LR,0.5,24,0.1422348370878734,-6,0.1310293051482361,0.19604460440960966,-3,0.1905444923733417,0.826456775282581,0.8265199173797128
mgxahqnk,TB,0.5,24,0.18662852069246647,4537,0.08405772312926692,0.2070849732810728,4538,0.12339734404427678,0.15412072438588584,0.5274444881268548
mgxahqnk,LR,0.5,48,0.13759711947480038,-42,-0.08439455230292643,0.18005824125038342,-42,-0.1308186792073878,0.44461874765756276,0.4215046081125846
mgxahqnk,TB,0.5,48,0.18585837163024757,-4657,-0.03128772630205504,0.21360931335413513,-4658,-0.02757810963077303,-0.20869221530817417,0.006473651113993478
mgxahqnk,LR,0.5,96,0.10239575821486487,21,-0.13317107789787833,0.11833116691280886,25,-0.15245616145246788,0.007899940669796652,0.056962550336765394
mgxahqnk,TB,0.5,96,0.16240052148272632,-3038,0.05457362069423299,0.19802003350915834,-3039,0.06430590956860273,0.12702935896274434,-0.09202196072285489
mgxahqnk,LR,0.75,0,0.7874897330611134,-1,0.773823273570637,0.8697802439034428,-1,0.8676224896204673,0.9839204738989241,0.9851158522166
mgxahqnk,TB,0.75,0,0.7053123214912791,0,0.7053123214912791,0.775863152289852,0,0.775863152289852,0.9794050518527566,0.9794050518527566
mgxahqnk,LR,0.75,6,0.4566658073078396,-2,0.45228661015810384,0.5892655873015914,0,0.5892655873015914,0.8637269837720606,0.8671685656950765
mgxahqnk,TB,0.75,6,0.2961525589045495,-4,0.257141619181515,0.37083902716487405,-3,0.34718547497272073,0.9019168141878179,0.9060158925669501
mgxahqnk,LR,0.75,12,0.36768477716157516,2,0.3592688486636319,0.47794588039801505,1,0.47431635436403696,0.6776715972928447,0.6731422642245349
mgxahqnk,TB,0.75,12,0.18808868961283012,-9,0.06861115692004098,0.21130864950449899,-9,0.13249994093903786,0.8082683063770671,0.8208397363133759
mgxahqnk,LR,0.75,24,0.17217811009568762,6,0.12710121778784425,0.2189306047854331,5,0.19671930361997028,0.7372998735360486,0.7246816856783994
mgxahqnk,TB,0.75,24,0.14235481198669644,-3443,-0.025522722545216273,0.17171362800521436,-3445,0.0036858104126761084,-0.04061479513260468,0.697066526413345
mgxahqnk,LR,0.75,48,0.22189307824136992,15,0.021676057240681265,0.2697818336992999,16,0.08093142621224737,0.7216080000700703,0.7150003191918359
mgxahqnk,TB,0.75,48,0.13416296573636063,1216,0.0017784091551185932,0.16244853560792344,-4640,0.01372878758281307,0.0722762620496517,0.4293100760365956
mgxahqnk,LR,0.75,96,0.1557363844947084,20,0.0381933074742768,0.18959447115159453,19,0.06463520480714838,0.5387611678699631,0.5743665365640203
mgxahqnk,TB,0.75,96,0.16007436997783245,3783,-0.0024065132954043163,0.2070899839141832,3783,-0.0019269117827566684,-0.11767769225234807,0.16702631406099502
pl8uabbv,LR,0.25,0,0.7612840682478993,1,0.7537984455148689,0.8666798563616639,1,0.8548319574967042,0.9872717980128293,0.9862889006896189
pl8uabbv,TB,0.25,0,0.6659755725728278,0,0.6659755725728278,0.796531499279533,0,0.796531499279533,0.9764553591601524,0.9764553591601524
pl8uabbv,LR,0.25,6,0.40539177520638203,2,0.3692324031772931,0.5555523525102822,5,0.4982894487666802,0.9547237426389543,0.9488103833328531
pl8uabbv,TB,0.25,6,0.23039613332011052,0,0.23039613332011052,0.3374909592231743,-1,0.3373589491710088,0.8682611621496433,0.8682611621496433
pl8uabbv,LR,0.25,12,0.3024139092467468,3,0.2517838146017712,0.3929247380113307,5,0.34374219840105985,0.9260277355689442,0.9204635435748951
pl8uabbv,TB,0.25,12,0.1254129055957554,-11,0.029206353234980387,0.16634287044239096,-14,0.10187026349758875,0.7692005542669292,0.76810826564127
pl8uabbv,LR,0.25,24,0.21228679560027586,3,0.19220210032404142,0.24924107993629865,0,0.24924107993629865,0.8698705075666401,0.8593978097783032
pl8uabbv,TB,0.25,24,0.14982278379560032,-4355,0.03559575587235245,0.19542521030050605,4760,0.07889754896057859,-0.1858219221678988,0.5869165351105862
pl8uabbv,LR,0.25,48,0.20408905572559496,42,0.09969924526300082,0.2541114646549188,43,0.11829813489487712,0.6823062766788873,0.605551972387804
pl8uabbv,TB,0.25,48,0.1616482518635501,-1451,-0.028249204860210014,0.18555061637085632,-1450,-0.0654440187121971,0.022982259515985728,0.21703640470847638
pl8uabbv,LR,0.25,96,0.13386128744116346,35,-0.04416540555066717,0.15728545680348335,34,-0.06386595647199428,0.7363350512243013,0.5572906321584205
pl8uabbv,TB,0.25,96,0.15954420853223547,4888,0.015260706709148808,0.17176813139626548,4888,0.0017588087741980303,0.0942262208747684,-0.028458704379067057
pl8uabbv,LR,0.5,0,0.7208548844603992,1,0.7130261385626527,0.825916034852515,1,0.8163566645187624,0.9697383936712116,0.9688534775696814
pl8uabbv,TB,0.5,0,0.6503042348315998,0,0.6503042348315998,0.7468631758188214,1,0.7406755784003356,0.9640791939906158,0.9640791939906158
pl8uabbv,LR,0.5,6,0.4138125345921426,4,0.3953145410414045,0.57088957174704,3,0.5495875566680403,0.8822596647228512,0.8730833627465131
pl8uabbv,TB,0.5,6,0.19428871744814605,4,0.1790408940554754,0.2904580877353072,1,0.2893449503948729,0.8064700009720543,0.8096985788562662
pl8uabbv,LR,0.5,12,0.3050352162984413,0,0.3050352162984413,0.42776011606811837,3,0.4186501236920672,0.859932011562225,0.859932011562225
pl8uabbv,TB,0.5,12,0.14198547094541536,12,0.07083877755091134,0.17947256670471493,-4847,0.11380030904905732,0.65568952801358,0.6614480065922063
pl8uabbv,LR,0.5,24,0.18099308606509568,41,0.1324114893885789,0.2268447295355985,-7,0.14875455936916304,0.6715700714330364,0.7518978063570732
pl8uabbv,TB,0.5,24,0.1770098835813979,-4836,0.04848977422703198,0.24736779427447628,-4838,0.09170506831351821,0.2096951589430438,0.5032719152095105
pl8uabbv,LR,0.5,48,0.09306688104704323,29,0.02145223449951264,0.09083878515575872,26,0.012729120471993302,0.48185928665727484,0.45077332132043235
pl8uabbv,TB,0.5,48,0.13747907896362457,-4091,0.003636003242066199,0.18532321466819868,3966,0.0037339277945218027,0.12208669855230442,0.2548063985542559
pl8uabbv,LR,0.5,96,0.14800410661578703,-42,0.08034119461441795,0.17462666781546066,-42,0.09598502643396611,0.1327978319536295,0.1627454974470735
pl8uabbv,TB,0.5,96,0.1561519248437729,-4989,-0.07581564206713712,0.19962425937329384,-4665,-0.10500772649689644,0.2836047037135388,0.21341632379293504
pl8uabbv,LR,0.75,0,0.7538283147931338,-1,0.750179864610113,0.8409164531124214,-1,0.8354335239688102,0.9810694410808428,0.9810948806538411
pl8uabbv,TB,0.75,0,0.6190676064221163,0,0.6190676064221163,0.7294274119710362,0,0.7294274119710362,0.9764012764132204,0.9764012764132204
pl8uabbv,LR,0.75,6,0.38977882108871115,-3,0.3537363978172279,0.4947075317607188,-3,0.4658181090612639,0.9027242606018285,0.9035127451978181
pl8uabbv,TB,0.75,6,0.237945618621496,0,0.237945618621496,0.3624349648656447,-3,0.3513429458930822,0.9072469376466148,0.9072469376466148
pl8uabbv,LR,0.75,12,0.31975355810676137,-2,0.3057700497078544,0.4013878720751727,-1,0.395745417350321,0.8388780253004469,0.8409932199353266
pl8uabbv,TB,0.75,12,0.21708149390832832,-4816,0.14243603702325533,0.279213892319537,-10,0.20541169930015313,0.0761025726805427,0.8440087118121403
pl8uabbv,LR,0.75,24,0.21588271977843307,-3,0.18437671241872752,0.29155633296860356,-6,0.22302610392190295,0.6794618600084436,0.6721001569085744
pl8uabbv,TB,0.75,24,0.1758576008211863,4296,0.005134772101145975,0.24044975801792876,4295,0.017191368677851555,0.04495246663007404,0.7248631129879416
pl8uabbv,LR,0.75,48,0.14569171397253988,-11,0.12081393424030257,0.20717674931469351,-8,0.13424440622508085,0.4947393386666654,0.46745573367308646
pl8uabbv,TB,0.75,48,0.162643017331318,4507,0.02038478402249227,0.21596206324271142,4506,0.027239172403102235,0.032910567515796664,0.4377445167598892
pl8uabbv,LR,0.75,96,0.1650662856653048,64,0.09858180854061786,0.1948415509304231,64,0.09904894772857792,-0.06463917562609427,0.3493100726770082
pl8uabbv,TB,0.75,96,0.1325940428827457,-2776,0.01331670889374826,0.16057150707101822,-844,-0.0018243344094057135,-0.06740980238560561,0.10974700999132275
ptg8lmto,LR,0.25,0,0.6815533758879339,1,0.6728978814972667,0.8243940172790278,1,0.8109945690029355,0.9900283576533262,0.9897749316165041
ptg8lmto,TB,0.25,0,0.6217079974278213,0,0.6217079974278213,0.7118345955541905,0,0.7118345955541905,0.9578451275410641,0.9578451275410641
ptg8lmto,LR,0.25,6,0.3227381082073244,3,0.28497903083064796,0.4660802111617537,4,0.43011547022782876,0.9587640935998492,0.9534549934554751
ptg8lmto,TB,0.25,6,0.27533253121540274,-1,0.2700894988467832,0.3666646495057595,0,0.3666646495057595,0.8543020955864811,0.8539096955666038
ptg8lmto,LR,0.25,12,0.24961740019972992,9,0.047763166088839785,0.36538196960398706,11,0.16266087217471578,0.9277864237052307,0.9255884051105835
ptg8lmto,TB,0.25,12,0.18579047012172367,0,0.18579047012172367,0.2561290828467258,0,0.2561290828467258,0.7323538139926368,0.7323538139926368
ptg8lmto,LR,0.25,24,0.15198577278702338,23,-0.009442580090124653,0.17633848729208138,27,0.06094208643349017,0.7104996679094889,0.8153894815433241
ptg8lmto,TB,0.25,24,0.11938801693899577,1107,0.09203207576627326,0.16439111461805087,-3221,0.11786683392975295,0.16233853702775278,0.5429984510657334
ptg8lmto,LR,0.25,48,0.17573875021833463,27,-0.09494910896671675,0.2648595494518245,25,-0.13401573960282168,0.15179076344412742,0.32197160094415284
ptg8lmto,TB,0.25,48,0.14851320308019644,-4053,0.017260514337476343,0.186789807738685,-4053,0.045040972882824694,0.13226648632008217,0.05564886354443612
ptg8lmto,LR,0.25,96,0.14725735319608327,38,-0.0523128897831435,0.18994285151043822,39,-0.12208611966477119,0.14558660787851183,0.277422168059619
ptg8lmto,TB,0.25,96,0.12256193407956516,-4792,-0.0021592182622681886,0.1596882078794616,-4789,-0.0009714068763058484,0.12806241457986747,0.09642186416661047
ptg8lmto,LR,0.5,0,0.6565010373407651,-1,0.6536999536728064,0.7575344659709596,-1,0.7510039906285848,0.9014605569400024,0.9016069728257957
ptg8lmto,TB,0.5,0,0.650067699100254,0,0.650067699100254,0.7539096475464161,-1,0.7528069882272308,0.9655964314183659,0.9655964314183659
ptg8lmto,LR,0.5,6,0.2554966762952308,-5,0.17371282255102716,0.30386696053183304,-5,0.25046979603384184,0.7688112689461962,0.7692608174615253
ptg8lmto,TB,0.5,6,0.24975121442548862,4,0.24423042102215953,0.36758492436278356,2,0.35865391946590774,0.8692238810647823,0.874013130859376
ptg8lmto,LR,0.5,12,0.12969012251007156,-7,0.03997588069015921,0.1612254604522715,-9,0.07714597449385799,0.7697985288131529,0.7655494889929054
ptg8lmto,TB,0.5,12,0.16029614678108828,10,0.07261022870396004,0.22603411023668887,3479,0.13045938679293415,0.7023708874721328,0.7255677290270168
ptg8lmto,LR,0.5,24,0.13762834832903564,-8,0.061079929585835115,0.1582319030474401,-8,0.11245687629122729,0.5939183464295277,0.5994184666305439
ptg8lmto,TB,0.5,24,0.1790079040499458,-4318,-0.00650220908317119,0.221639639994084,-4319,-0.029965039997243214,0.14744482480381663,0.2454431030193416
ptg8lmto,LR,0.5,48,0.09668543323435846,8,0.04223401506349423,0.1327224017138199,10,0.07350529708782913,0.225665095002931,0.2227276985555353
ptg8lmto,TB,0.5,48,0.16868087854380398,4717,0.017746242864462636,0.21215343117526733,4715,0.039174646528891056,0.0303355554449883,0.2723620035899973
ptg8lmto,LR,0.5,96,0.1290623423561825,-13,0.06932911738439375,0.1729616610597776,-11,0.10880843089556186,0.007033713817774741,-0.01699934860599691
ptg8lmto,TB,0.5,96,0.16200388351838735,-4494,-0.01572499482225423,0.22841715891346082,-4494,-0.01677731796643615,-0.17462950300166155,0.19020021009612542
ptg8lmto,LR,0.75,0,0.7907898453486499,-1,0.7905580637741277,0.880167428201221,0,0.880167428201221,0.9705865233525369,0.9707401275861288
ptg8lmto,TB,0.75,0,0.5776700896918593,0,0.5776700896918593,0.6849630390717748,-1,0.6839007716366833,0.9132446879538128,0.9132446879538128
ptg8lmto,LR,0.75,6,0.5374948083952408,-4,0.4361740111802758,0.6519958509567388,-3,0.6139133317104637,0.6037304762342339,0.6074979906378127
ptg8lmto,TB,0.75,6,0.25704006791747025,0,0.25704006791747025,0.34303543045868884,1,0.34179512063308165,0.8546985385264309,0.8546985385264309
ptg8lmto,LR,0.75,12,0.43645100537488446,-8,0.2552506896795146,0.5346100993408457,-6,0.43551460074615633,0.35230630665613694,0.3542320520591722
ptg8lmto,TB,0.75,12,0.13925574629629933,-2,0.1333171832174699,0.19204532649471218,-1,0.19120181283132828,0.8060024435121175,0.8103010664444232
ptg8lmto,LR,0.75,24,0.1910963582747446,-17,-0.11739437852350254,0.20604910206097063,-19,-0.15048393683577557,-0.04374736514130734,-0.04573399740098002
ptg8lmto,TB,0.75,24,0.13420848293558554,-3903,0.08738847457221476,0.1680486887578396,-3903,0.11713198516482098,0.11853371492051135,0.5914375382331974
ptg8lmto,LR,0.75,48,0.07152656185282548,21,-0.016011147564548692,0.0829590018895278,20,-0.03348079517261351,0.004399241441151462,-0.10486695774019102
ptg8lmto,TB,0.75,48,0.1702892691587754,4595,0.029285359476942736,0.20460687493065988,4596,0.04352093793646652,0.1651639699531586,0.4642766045810646
ptg8lmto,LR,0.75,96,0.08202751092481259,38,-0.04239684190513657,0.1142081551873775,32,-0.023862343607709034,0.2865947392993854,0.10386956229061839
ptg8lmto,TB,0.75,96,0.1692994800626837,-4793,0.011135938062463437,0.1882020019052728,-4792,0.004802239187856053,0.09687143636214844,0.3125749565607771
tuy3zymq,LR,0.25,0,0.7174284690633709,1,0.7149256502369554,0.7900634078228941,0,0.7900634078228941,0.9375290045098651,0.9381671379062998
tuy3zymq,TB,0.25,0,0.7124606381783319,0,0.7124606381783319,0.8041367899297324,0,0.8041367899297324,0.9577120064120676,0.9577120064120676
tuy3zymq,LR,0.25,6,0.32617386306021934,3,0.2961580094954065,0.419998554462272,5,0.3682912889776016,0.7762213887261759,0.7814666091644389
tuy3zymq,TB,0.25,6,0.3222521451953453,0,0.3222521451953453,0.4186140346676866,1,0.41844600012606414,0.8244740012299295,0.8244740012299295
tuy3zymq,LR,0.25,12,0.20461533978997368,11,0.14652266663777727,0.2657549659934466,7,0.1821278358332007,0.6640446000069574,0.7047059024351393
tuy3zymq,TB,0.25,12,0.1534544911936403,3,0.15027179105830832,0.21048271733962423,0,0.21048271733962423,0.692775556925933,0.6939805999358754
tuy3zymq,LR,0.25,24,0.13388404449047256,10,0.044571114346648476,0.1556885519912856,10,0.0961978587165953,0.5767073431089685,0.5923384805216063
tuy3zymq,TB,0.25,24,0.12548756467655853,3641,0.030988301707799093,0.17981283485092558,3640,0.06908306820554329,0.323648028794405,0.4455554919398126
tuy3zymq,LR,0.25,48,0.14948321873850942,-9,0.029141970926375466,0.1620938050308802,-10,0.02467118144203108,0.48747195047775044,0.5197405418333058
tuy3zymq,TB,0.25,48,0.13886538901213707,-4747,-0.014993333523497581,0.1714967783379107,-4746,-0.018926236276895533,-0.06061230649126318,0.21802756961604355
tuy3zymq,LR,0.25,96,0.13657969504024758,52,0.017789292896127674,0.16553990129853927,52,0.02437905329865804,0.03427244592917671,0.18148091901889654
tuy3zymq,TB,0.25,96,0.11662886290300467,4407,0.04870793387756381,0.15413019137406087,-2595,0.07642630602410413,0.06253998244404768,-0.01728250005018836
tuy3zymq,LR,0.5,0,0.7899050170177722,0,0.7899050170177722,0.883288079832702,0,0.883288079832702,0.9880376385499279,0.9880376385499279
tuy3zymq,TB,0.5,0,0.6551503082590923,1,0.6499658065623753,0.7431113898680928,1,0.7390608682284023,0.9401023408203811,0.9401687208688507
tuy3zymq,LR,0.5,6,0.3974034713122851,0,0.3974034713122851,0.5345802405259739,1,0.5333079163358027,0.9161421776230001,0.9161421776230001
tuy3zymq,TB,0.5,6,0.3127586472481356,1,0.3081115037638029,0.4050368382861231,1,0.40253807206703063,0.8379080868976776,0.8381314402044294
tuy3zymq,LR,0.5,12,0.37338810273793066,1,0.37205987108044597,0.49593601625898603,2,0.4873200602773871,0.8439891980630533,0.8455066058289599
tuy3zymq,TB,0.5,12,0.197254442360394,-2,0.18977499700271339,0.23783633414966965,-1,0.23601428021597362,0.7478000022158836,0.7474086186887487
tuy3zymq,LR,0.5,24,0.19012862555979484,-1,0.18848547802529672,0.2722688592622193,5,0.26490459311162967,0.7523737337905301,0.7515990951202025
tuy3zymq,TB,0.5,24,0.14026492515228864,-4668,0.03759243350180761,0.1818289847134232,-4664,0.05886418914560445,0.1419252975059734,0.49682291632967845
tuy3zymq,LR,0.5,48,0.0716218351202783,-33,0.01826079370347523,0.08199029155773425,-32,0.04185413794440689,0.5880464998652433,0.6584638060772848
tuy3zymq,TB,0.5,48,0.1350549339287543,4302,0.03535524684405598,0.14536339895352315,1762,0.044675195065593566,-0.10256537839004859,0.28749064102635213
tuy3zymq,LR,0.5,96,0.12789802464308517,-11,0.015488175217792352,0.16816324959331505,-12,0.04643646401768878,0.37887614637239286,0.40895753491054565
tuy3zymq,TB,0.5,96,0.13756356636204872,4845,-0.004674250590584197,0.17447399512445635,4845,0.0065435962986399405,0.2832869083997695,0.22357743424733942
tuy3zymq,LR,0.75,0,0.7543877667662731,0,0.7543877667662731,0.854369067942259,0,0.854369067942259,0.9527507475722644,0.9527507475722644
tuy3zymq,TB,0.75,0,0.6313449229011866,0,0.6313449229011866,0.7415882979585184,0,0.7415882979585184,0.9392086484218952,0.9392086484218952
tuy3zymq,LR,0.75,6,0.48258742256749043,1,0.4811979744148758,0.5999385241461394,1,0.597566246710674,0.8654210593007297,0.8648135036524982
tuy3zymq,TB,0.75,6,0.2357806910512604,-4,0.2150920756515957,0.3099557898807761,-3,0.2949440845018836,0.8032493223712124,0.807158653245366
tuy3zymq,LR,0.75,12,0.3786024511739184,1,0.37563885896794025,0.48962571660587767,2,0.4748817983584614,0.8093569065336768,0.8083575850836772
tuy3zymq,TB,0.75,12,0.1934111845484461,-6,0.14611405566388538,0.24528752755761282,-5,0.2166276963122372,0.6076400177553846,0.610187019204638
tuy3zymq,LR,0.75,24,0.20694219199022465,-1,0.20505935596628655,0.2908032231154996,-1,0.29000946179317816,0.7444879688754754,0.7433774109071739
tuy3zymq,TB,0.75,24,0.1408511886801489,4532,0.08439657418246442,0.16842598898104313,4533,0.11982117825157775,0.12230743931424022,0.41370533993093694
tuy3zymq,LR,0.75,48,0.19197777607584374,33,-0.07639096372321422,0.25956763261900456,33,-0.12220619290143442,0.5895654681634348,0.654031650722538
tuy3zymq,TB,0.75,48,0.1891291211143913,-4254,-0.028399267532549722,0.24338450260271335,-4254,-0.007832470952995371,0.18313693587888835,0.21707543424007256
tuy3zymq,LR,0.75,96,0.0730941621468602,3,0.06325831792610205,0.08850534710440601,-2,0.08609265892538324,0.35215460844473717,0.3459607868609744
tuy3zymq,TB,0.75,96,0.14709438776113642,3326,-0.019613030636727306,0.18881329592907836,-4500,-0.04316756208909623,0.1640426680529575,-0.05601189138577453
ufdvpb81,LR,0.25,0,0.7603235586389,0,0.7603235586389,0.8636359588117252,0,0.8636359588117252,0.988077054247733,0.988077054247733
ufdvpb81,TB,0.25,0,0.6835557635816132,0,0.6835557635816132,0.7847267866721436,0,0.7847267866721436,0.9393048295513728,0.9393048295513728
ufdvpb81,LR,0.25,6,0.4616887722860003,1,0.45913385101291887,0.5919600239483981,1,0.5903596018081457,0.9725084966804524,0.9717600572710903
ufdvpb81,TB,0.25,6,0.3411525330106809,-1,0.3402955055670273,0.47859441391398067,0,0.47859441391398067,0.8355827067779521,0.8360191399975015
ufdvpb81,LR,0.25,12,0.29188032578413425,8,0.2507092148963378,0.40155857950895174,6,0.35755877813167,0.9526199744736484,0.9482063108436365
ufdvpb81,TB,0.25,12,0.24618270836929698,-1,0.2443428303578448,0.3477565237233547,-4,0.3318312394358964,0.7582654077245206,0.7582491789362186
ufdvpb81,LR,0.25,24,0.2164162594532293,3,0.20479544125605867,0.29323256348043036,5,0.27182692937310005,0.8579076433240878,0.8463818314171602
ufdvpb81,TB,0.25,24,0.1692724198354143,-16,0.0764119981568665,0.2026877107576491,-15,0.11849313354591991,0.5184520880367666,0.5398627637773833
ufdvpb81,LR,0.25,48,0.12413494500718496,15,0.06816851543193748,0.16608460511412979,16,0.08938425433061242,0.857472020356994,0.7682001663619454
ufdvpb81,TB,0.25,48,0.1313457348713789,-3610,-0.036313209101188064,0.16077413065076288,-3610,-0.0547706133285021,0.010606131142299071,0.31531291579096316
ufdvpb81,LR,0.25,96,0.08494104975791988,-50,0.023267313058032795,0.10574443191684228,-53,-0.014129259712535513,0.2399495554271509,0.4367935460961192
ufdvpb81,TB,0.25,96,0.12963282679556296,3570,-0.06558165549686805,0.17867043882696657,-3363,-0.10481997732791341,-0.11250371103051655,0.1717248138015243
ufdvpb81,LR,0.5,0,0.7631607093729205,-2,0.7267024699378943,0.8541338378819242,-2,0.8311221576483865,0.9756159225466213,0.9745083473374802
ufdvpb81,TB,0.5,0,0.7146701329325357,0,0.7146701329325357,0.8086907072991077,0,0.8086907072991077,0.973894850879744,0.973894850879744
ufdvpb81,LR,0.5,6,0.5025733349488269,-4,0.46089761922115136,0.6458326002167291,-5,0.5780071649390031,0.9575511654980504,0.952450301304399
ufdvpb81,TB,0.5,6,0.3367712373713038,-1,0.3357153454256097,0.45962807989812254,-1,0.4594359986101843,0.9135424479144443,0.9131507648765971
ufdvpb81,LR,0.5,12,0.3696807898873044,-6,0.3317946361712261,0.49430831125674574,-6,0.4307563547320174,0.9252422827154052,0.9093681345290632
ufdvpb81,TB,0.5,12,0.1893671419616717,4,0.16647142845582205,0.26965532276570714,2,0.266107166374745,0.8341929918245508,0.8412609736692946
ufdvpb81,LR,0.5,24,0.24725103648386773,-11,0.20767883817322078,0.36098885461996044,-12,0.2795675870894209,0.8188094384492892,0.7774252624689547
ufdvpb81,TB,0.5,24,0.1269138541066308,4569,0.02965613764512807,0.16852798326067472,4570,0.059457945238422294,-0.07087250422640724,0.6940709827090634
ufdvpb81,LR,0.5,48,0.1457572275920436,-20,0.06527188537925717,0.18002403726647642,-19,0.08596623076406885,0.5992751212832444,0.5394528318201728
ufdvpb81,TB,0.5,48,0.12219744330216901,4987,0.0003915508386183759,0.15790364858241798,4990,0.011277671089750764,0.040644251991298244,0.5342221104954727
ufdvpb81,LR,0.5,96,0.22777881096041167,10,-0.01790233534171286,0.2750312772946051,13,0.0017891755305199017,0.493227305182987,0.460812079949899
ufdvpb81,TB,0.5,96,0.16794090474738413,4567,-0.024822664942192606,0.19250515063057647,4568,-0.01951899895154912,0.09839135437292168,0.11870695724783377
ufdvpb81,LR,0.75,0,0.6689260819187735,-1,0.6621038371142541,0.770787374419705,-1,0.7585472000617965,0.9691793499910467,0.9691117147191014
ufdvpb81,TB,0.75,0,0.6619165716384489,-1,0.6576553367334661,0.7489832628464037,-1,0.7467649817719252,0.9603820628849632,0.9599601117360574
ufdvpb81,LR,0.75,6,0.35467508462585373,-4,0.3200237491565501,0.48449209558160894,-5,0.43579583806194094,0.9213346815066924,0.9206351831156616
ufdvpb81,TB,0.75,6,0.22715541544926376,-3,0.20615286255047857,0.29248931786764837,-3,0.2809422960033864,0.8035953478529662,0.8046587418612416
ufdvpb81,LR,0.75,12,0.21496511648841132,-11,0.09904356487980039,0.2853864693991981,-11,0.14940696771516282,0.804858740818274,0.8052456399417581
ufdvpb81,TB,0.75,12,0.14330486511219773,-6,0.11877850685798429,0.1915580052923337,-6,0.165247858087165,0.5748972143368524,0.5779358595041283
ufdvpb81,LR,0.75,24,0.1047822897011527,-6,0.07672404642380258,0.1402510167063996,-5,0.13099495969026295,0.601999810240779,0.5868900787531935
ufdvpb81,TB,0.75,24,0.14844076066468118,3391,0.036292087341122596,0.16842964301420524,3392,0.03846399846612095,0.06062559852022594,0.3731812641609693
ufdvpb81,LR,0.75,48,0.1935347137620506,-33,0.0004639517347996321,0.213905478988079,-34,-0.025449611070546812,0.318057237831164,0.29749896845421336
ufdvpb81,TB,0.75,48,0.14804094727780415,4409,0.044720609909119136,0.18506092813906042,4411,0.04612765483068257,-0.12297072028936884,0.1836216988164948
ufdvpb81,LR,0.75,96,0.15073717642453394,-34,0.016487160822487548,0.18017510524792524,-36,0.0305313827110656,0.4091943848148126,0.3511958339342225
ufdvpb81,TB,0.75,96,0.18375705629404646,4454,-0.011379124754022007,0.20651459047535461,4672,-0.02365003682738763,-0.0766449201303702,0.050877046570339896
utfgcjfa,LR,0.25,0,0.816857565017649,0,0.816857565017649,0.9172746084066171,0,0.9172746084066171,0.9800833409645587,0.9800833409645587
utfgcjfa,TB,0.25,0,0.6501699685932351,-1,0.6499479670442,0.7691832532291464,-1,0.7679025351792751,0.9734493068938125,0.9735399339961884
utfgcjfa,LR,0.25,6,0.5510897411581167,2,0.5335341296403033,0.7373627601066343,1,0.7361937457508153,0.9141615076933652,0.9103836294047373
utfgcjfa,TB,0.25,6,0.28368620441744136,-3,0.26824363093314335,0.41627477118373163,-3,0.3984759007071345,0.859306525193957,0.8584315870488289
utfgcjfa,LR,0.25,12,0.4033834435985892,3,0.352895126839792,0.5427689353895497,2,0.529849826839739,0.845587526274653,0.8349889499429214
utfgcjfa,TB,0.25,12,0.17504366233333132,-6,0.1260141681701373,0.24488881671447008,-6,0.21951796526561038,0.7592666656337909,0.7607340963096147
utfgcjfa,LR,0.25,24,0.31922225310826713,0,0.31922225310826713,0.43247711248621723,0,0.43247711248621723,0.7083516335767874,0.7083516335767874
utfgcjfa,TB,0.25,24,0.13603004532538496,-4839,0.06423496394842171,0.1791522948656675,-4839,0.10760575541594386,0.02671440128072906,0.6206520174701416
utfgcjfa,LR,0.25,48,0.08874267807229398,0,0.08874267807229398,0.13233799408180566,-2,0.1288702074133857,0.5318877794156504,0.5318877794156504
utfgcjfa,TB,0.25,48,0.13960156580524483,-4433,0.007754150344995697,0.17213439053316196,-1962,0.009845876253081165,0.09924311480369137,0.38726345165575154
utfgcjfa,LR,0.25,96,0.13156070075236687,-60,-0.0037637960576992423,0.19613166861571207,-64,-0.006268374966082595,0.11641904067045199,0.22628011258088154
utfgcjfa,TB,0.25,96,0.13457539744001026,-4684,0.026611816043841278,0.1723591411612361,-4683,0.03706976753354343,0.27544491242351543,0.31818791276075276
utfgcjfa,LR,0.5,0,0.7827617244837469,1,0.781929133450275,0.8797246142272114,0,0.8797246142272114,0.9862074912458693,0.9865881746783979
utfgcjfa,TB,0.5,0,0.7076138105816948,1,0.7049095657103254,0.7960372397376355,1,0.795138000901663,0.9673727886715519,0.9676265421627703
utfgcjfa,LR,0.5,6,0.47027127033668964,0,0.47027127033668964,0.6109170778906211,0,0.6109170778906211,0.9564149543950774,0.9564149543950774
utfgcjfa,TB,0.5,6,0.30891005658000287,1,0.30709656737265206,0.4146977749676987,1,0.41307206881909314,0.9119496596250811,0.9121462638376695
utfgcjfa,LR,0.5,12,0.3216457496768172,0,0.3216457496768172,0.4647308504993371,-2,0.4608550962963514,0.9187915971415803,0.9187915971415803
utfgcjfa,TB,0.5,12,0.20477023453070065,-3,0.191905062429923,0.26798090986952633,-1,0.26719235662076135,0.8500885239618282,0.8491861672412474
utfgcjfa,LR,0.5,24,0.19446534357760514,12,0.1106197872774719,0.24962993564198577,11,0.2002662916451343,0.7958882907484107,0.8034487810913844
utfgcjfa,TB,0.5,24,0.12025088236145225,4488,0.037894593723367766,0.15715269949493535,4487,0.08262837371379943,0.49775395240158654,0.7363320106125553
utfgcjfa,LR,0.5,48,0.14453573457849286,-12,0.040256413468079906,0.19698032065805726,-13,0.06901881683675375,0.5954578297866465,0.5717919324110844
utfgcjfa,TB,0.5,48,0.1573389781501032,-4927,-0.002614207294703129,0.19513543638003394,-4926,0.009067612377860756,0.16983658861106052,0.5489239993249332
utfgcjfa,LR,0.5,96,0.1873605531645127,29,0.008182674648070293,0.2270370302983057,29,-0.004759785343175384,0.08336242861414482,0.1504641857558743
utfgcjfa,TB,0.5,96,0.1500113772121446,-3191,0.001486881818195826,0.18369717043859543,-3189,-0.009386640767541525,0.20506833121699433,0.14121573169450571
utfgcjfa,LR,0.75,0,0.7447240818215407,0,0.7447240818215407,0.8442873579811704,0,0.8442873579811704,0.9866353945813554,0.9866353945813554
utfgcjfa,TB,0.75,0,0.6538217482765643,0,0.6538217482765643,0.7377491886230502,0,0.7377491886230502,0.9588332282647364,0.9588332282647364
utfgcjfa,LR,0.75,6,0.5273093259659095,-1,0.5256387775731138,0.6590611615169003,0,0.6590611615169003,0.9454045707945649,0.9453078129859868
utfgcjfa,TB,0.75,6,0.3049144949447477,2,0.2974738146039058,0.3906299008344964,1,0.3891523858824167,0.8896820523244506,0.8898747031954964
utfgcjfa,LR,0.75,12,0.3651094469664265,1,0.359404586593066,0.4699653566069431,2,0.4605061605939295,0.9014949590019561,0.9015066567358906
utfgcjfa,TB,0.75,12,0.18113406704070814,3,0.17434544901226212,0.2556478070816365,3,0.24859386411084303,0.7993097762902774,0.7985810525180651
utfgcjfa,LR,0.75,24,0.26194966497898325,8,0.17219178994001838,0.34987208721049395,8,0.24736404699641482,0.8592563992655444,0.8592027266757108
utfgcjfa,TB,0.75,24,0.1705962597015014,-3932,0.032963810418145584,0.19682625267483758,-3932,0.06118281521935313,0.16473073601540492,0.5583693797198012
utfgcjfa,LR,0.75,48,0.22505669804024409,4,0.1757275288571185,0.27447517421819395,5,0.22736182192010568,0.8317844624613362,0.8310987515795394
utfgcjfa,TB,0.75,48,0.1561471860208113,4209,0.04546016996532986,0.20918076920718276,4206,0.06294967752303028,-0.030561475633551532,0.41591684587809397
utfgcjfa,LR,0.75,96,0.11861214040994339,3,0.09818920353214929,0.14308058623363543,5,0.1284048673627742,0.4991343073439711,0.5006682001422322
utfgcjfa,TB,0.75,96,0.11909563733725514,-4339,-0.009528174262052371,0.15743842911604297,3675,-0.029219071510215033,-0.0840980764495504,0.34773076329522995
vc2whyaq,LR,0.25,0,0.8455596203340822,0,0.8455596203340822,0.9208404252744691,0,0.9208404252744691,0.9977073279559954,0.9977073279559954
vc2whyaq,TB,0.25,0,0.6541877482201763,0,0.6541877482201763,0.7548765436574058,0,0.7548765436574058,0.9814215543435404,0.9814215543435404
vc2whyaq,LR,0.25,6,0.6521080222783021,1,0.6431601376848072,0.7574942152791229,0,0.7574942152791229,0.9842705517560617,0.9838131603899926
vc2whyaq,TB,0.25,6,0.24464827735675812,-5,0.21692109929229209,0.3418435469924061,-2,0.33722042568909744,0.9154639121601549,0.9173727973884912
vc2whyaq,LR,0.25,12,0.45857010327917885,1,0.44340748901862775,0.5560347239113961,0,0.5560347239113961,0.9709752630951871,0.9706126043134736
vc2whyaq,TB,0.25,12,0.186687213317304,-7,0.1461311393971505,0.2571590969920957,-5,0.2328965533390518,0.8501173580176236,0.849370963733989
vc2whyaq,LR,0.25,24,0.2922302553725394,2,0.265839482887447,0.3483965787598498,2,0.3355239213553043,0.9441026414740943,0.9445077376202452
vc2whyaq,TB,0.25,24,0.15367039368287336,-4740,0.03405366552175571,0.19641992177524595,-4465,0.06341091715435027,-0.2554686736854558,0.7118729715313092
vc2whyaq,LR,0.25,48,0.09185979887291829,-13,-0.016993144293767307,0.12163693196731273,-14,0.02052235602816166,0.7861529283707807,0.8029828024877834
vc2whyaq,TB,0.25,48,0.1439319386542429,-3025,-0.012858993821834447,0.1872420954048232,-4909,-0.01959231558679132,0.11517089307020079,0.4291339789886963
vc2whyaq,LR,0.25,96,0.09319243986174199,22,-0.038312732307136,0.11525283197720913,23,-0.05267414910214061,0.11335958221734725,0.10395592337143778
vc2whyaq,TB,0.25,96,0.1329554861095044,-3739,0.044191278524695315,0.15701059477448354,-3741,0.06137761594434888,0.02336608764743985,0.28448535580680784
vc2whyaq,LR,0.5,0,0.7815177047105598,0,0.7815177047105598,0.8750343169676577,-1,0.8659594924077297,0.9871560858776013,0.9871560858776013
vc2whyaq,TB,0.5,0,0.6896351109701936,0,0.6896351109701936,0.798740331160961,0,0.798740331160961,0.9708356027592345,0.9708356027592345
vc2whyaq,LR,0.5,6,0.5270081231859561,-2,0.49744101570592486,0.6911162465459112,-3,0.6404572213728972,0.9519861374572981,0.9482507484748707
vc2whyaq,TB,0.5,6,0.33323105211357146,2,0.3257859400462391,0.42972043691923106,1,0.4282790022912635,0.8864174370556602,0.8888969120662455
vc2whyaq,LR,0.5,12,0.3529631965391107,-4,0.334688253912195,0.5088935623510147,-4,0.4790942787360672,0.9183023636689347,0.9125714112871233
vc2whyaq,TB,0.5,12,0.15338557300551023,3,0.15015831289269932,0.21563479024792923,0,0.21563479024792923,0.8070078233741101,0.8129234532852974
vc2whyaq,LR,0.5,24,0.21581359208970566,-21,0.13352952589335823,0.2677795772191512,-21,0.2129644944055955,0.778173938441554,0.8669420957644057
vc2whyaq,TB,0.5,24,0.18609041447618235,-4605,0.09302398988248668,0.2462932374824287,-4606,0.11957079479606358,0.3528115713673842,0.7127644861067086
vc2whyaq,LR,0.5,48,0.1081935671232071,1,0.1051054581557826,0.1429141639962476,-1,0.14184643563414015,0.704924179074275,0.7047538240914685
vc2whyaq,TB,0.5,48,0.16500337402247733,4829,-0.003958644122328374,0.20542790173584172,4830,-0.002971874326812248,-0.5024908933548812,0.47387795119592474
vc2whyaq,LR,0.5,96,0.14482335535983723,31,-0.012234288357780133,0.15206192344922206,29,0.020200212556110642,0.28348468854471126,0.33342542112025164
vc2whyaq,TB,0.5,96,0.1500732962983559,-4865,0.007793877573868193,0.16773661760634892,-4865,0.012284783893896332,0.05433843760386659,0.31153854446300594
vc2whyaq,LR,0.75,0,0.7289937911107375,0,0.7289937911107375,0.8145575933855708,0,0.8145575933855708,0.9798923140070214,0.9798923140070214
vc2whyaq,TB,0.75,0,0.5926035084036316,0,0.5926035084036316,0.700469610661589,-1,0.700350186728007,0.9594943084202271,0.9594943084202271
vc2whyaq,LR,0.75,6,0.4390388025638448,0,0.4390388025638448,0.5937846211861242,0,0.5937846211861242,0.9488053051897677,0.9488053051897677
vc2whyaq,TB,0.75,6,0.27976931721020604,-2,0.27025533874368185,0.36163448866472936,-2,0.35253921765856705,0.8544085631578658,0.8536340559038046
vc2whyaq,LR,0.75,12,0.29703870066484156,-1,0.29602132841414125,0.4082256276845822,-1,0.4065336567890889,0.9182972887374795,0.9185836001964418
vc2whyaq,TB,0.75,12,0.18825716942958992,-4727,0.15790480878702692,0.23336622218878186,-4726,0.21792917590768565,0.055617421476712114,0.7112339127693046
vc2whyaq,LR,0.75,24,0.1809029955259266,-10,0.11735250764562903,0.23731610769285702,-7,0.1977668951972147,0.8279178397237384,0.8468445476818626
vc2whyaq,TB,0.75,24,0.15768547718684756,-3283,0.062407014938065664,0.1970145430946153,-3284,0.0996680928998403,0.04433506063249797,0.48504987565155383
vc2whyaq,LR,0.75,48,0.0869586101900256,-23,0.020902168389674698,0.1182440242149042,-23,0.04474051998463172,0.6701893715057122,0.7584329864418632
vc2whyaq,TB,0.75,48,0.14316545385037036,3793,-0.030272920869687445,0.18748110672414034,3795,-0.027068156597155963,0.10181097127007932,0.1445106242190263
vc2whyaq,LR,0.75,96,0.13686336114678443,-51,-0.012732413611222218,0.12248574274823266,-49,-0.013366295346750982,0.25151487872805156,0.3483631834705045
vc2whyaq,TB,0.75,96,0.1309650137838745,3711,-0.005534082881402484,0.1801201784765237,3712,-0.014580827154195833,0.5022383528917193,-0.07340626539875626
x77cy643,LR,0.25,0,0.7639511634837651,1,0.7559481186017138,0.8684027853498204,1,0.8603907653867995,0.953414439845277,0.9545955521410098
x77cy643,TB,0.25,0,0.6609375075162035,0,0.6609375075162035,0.7450738322008129,-1,0.7447508233589885,0.9617362063013944,0.9617362063013944
x77cy643,LR,0.25,6,0.46029673480963923,5,0.360538890514252,0.6077912651597583,5,0.5175495450823328,0.8885719605473904,0.9049407275443412
x77cy643,TB,0.25,6,0.3524791645788725,-1,0.34916613709322886,0.46708926545125506,-1,0.46434198954459177,0.863875623897238,0.8641065644166291
x77cy643,LR,0.25,12,0.2907131315301206,7,0.2420235367577143,0.41866434959802334,6,0.3558183313843985,0.6606462701682908,0.6744593550340222
x77cy643,TB,0.25,12,0.17747128440379578,2,0.1754098015473314,0.2616567750733367,0,0.2616567750733367,0.7909902485189595,0.7904742261031495
x77cy643,LR,0.25,24,0.11590156427081261,-5,0.09112394246954186,0.16479736685331053,-3,0.16257293875860923,0.4981448538626774,0.4908639130137091
x77cy643,TB,0.25,24,0.15851499561705407,3682,0.034708083149198356,0.174345703644496,3154,0.06261080432325034,0.2094249103990932,0.6195099220382517
x77cy643,LR,0.25,48,0.10025389898815558,59,-0.012848707859268066,0.12082856720209878,54,-0.02352177776672713,0.24690127893690164,0.3531582398941378
x77cy643,TB,0.25,48,0.13104614925839556,4655,0.04285431151304613,0.18707184677820243,4653,0.03879618805750398,0.0017360231096651135,0.4152501148737187
x77cy643,LR,0.25,96,0.058559753443990246,-24,0.019124127327210725,0.06257620731021613,7,0.04258986601645384,0.2736754540625243,0.25441565578186004
x77cy643,TB,0.25,96,0.1506358405047082,3981,-0.03626359866001761,0.18835081817795488,3981,-0.038360020248850664,0.024456117684010483,0.057241809455346744
x77cy643,LR,0.5,0,0.7070515574526205,-1,0.6941481314149929,0.8035148118288541,-1,0.7971831878516294,0.9771696976343333,0.9765458065191966
x77cy643,TB,0.5,0,0.6335035454694118,1,0.6300602009534298,0.7269516591360387,1,0.7206463929336219,0.8966615393406268,0.8963344232650533
x77cy643,LR,0.5,6,0.33698252251948574,-1,0.3280602969039574,0.43540362997627313,-2,0.4227057601083688,0.9121326312236634,0.9107482872903462
x77cy643,TB,0.5,6,0.29976354950256096,2,0.28982599737403997,0.4094283886796242,2,0.4033377538318868,0.8031729176021885,0.8004029756943751
x77cy643,LR,0.5,12,0.1276327747268506,-23,0.09456797713476954,0.15906873378883465,-4,0.15394002490555772,0.7626710562070521,0.7446845098638745
x77cy643,TB,0.5,12,0.15520144686821757,-4814,0.13978662711413437,0.20641672487011123,-4164,0.18699747706083478,-0.13437769387745166,0.6058185860982245
x77cy643,LR,0.5,24,0.07478710158347278,-4,0.030963106314275967,0.08608564777820144,-64,0.029969618745056253,0.2085435838153624,0.20963445542386241
x77cy643,TB,0.5,24,0.17395464975170993,-4174,0.01866429160776978,0.21457006558372624,-4173,0.03641476492821047,0.15610800824617846,0.4308897980561253
x77cy643,LR,0.5,48,0.136465705190271,-6,0.08345862408161693,0.14258309027491015,-5,0.10863918276328789,0.157523619715177,0.14915424724594342
x77cy643,TB,0.5,48,0.13373144393211064,-4263,-0.016690423379538015,0.17501357923987892,4857,-0.03196259887527899,0.03500531134937058,0.30906792172409087
x77cy643,LR,0.5,96,0.13343490987287657,-33,-0.002100330381781456,0.16545399553749898,-34,0.0058087634195057,-0.0668999190764752,-0.09808973604822573
x77cy643,TB,0.5,96,0.1638811802650183,-4849,-0.0010770196119615097,0.2298964001501088,-4850,-0.005914203111597312,0.07213275067391609,0.13213479965990657
x77cy643,LR,0.75,0,0.788404930517221,0,0.788404930517221,0.8755972996997138,1,0.8673320959346666,0.9822345388815518,0.9822345388815518
x77cy643,TB,0.75,0,0.7098289569802283,0,0.7098289569802283,0.815680162273348,-1,0.8147801010589268,0.9758613036406318,0.9758613036406318
x77cy643,LR,0.75,6,0.5233693884686651,1,0.5134659386713664,0.6551649681513795,2,0.6367745517996617,0.929828219864874,0.927847992738164
x77cy643,TB,0.75,6,0.3593326855116072,0,0.3593326855116072,0.4887872416170212,-2,0.48092727922707246,0.9098232879403593,0.9098232879403593
x77cy643,LR,0.75,12,0.3160936992022475,7,0.225687145610479,0.4300393148435617,6,0.35452742103698326,0.8911486960198821,0.8849348562118191
x77cy643,TB,0.75,12,0.2122422020234368,-1,0.21062554266563413,0.2906285927445323,-2,0.28568888249286517,0.8080862817347354,0.8084630991993383
x77cy643,LR,0.75,24,0.23148341744489775,4,0.2003108878647614,0.34390391940498904,5,0.29986488788777504,0.8560038718866153,0.8397103194632329
x77cy643,TB,0.75,24,0.14473228116385703,4502,0.08909627952695565,0.19161816885786442,-4755,0.11871566283496021,0.018690857504928254,0.5336104591880191
x77cy643,LR,0.75,48,0.07351636531268134,3,0.06116472048790841,0.08956176498696057,4,0.07446065761191037,0.6917800508131965,0.6801241610255011
x77cy643,TB,0.75,48,0.22343488630668418,-4914,0.0008393081587314855,0.2844005303169789,-4915,0.01074487442813495,-0.11875127666071046,0.2530079710363253
x77cy643,LR,0.75,96,0.08895478881890996,14,-0.01782512173125486,0.09352633098180908,52,-0.0037430778017779466,0.6432641855632181,0.6188021774113596
x77cy643,TB,0.75,96,0.1411915802204221,-3645,0.06501906505184644,0.1781171645002848,-3713,0.07507367925725784,-0.05974450748905402,0.1541369507832071
x7u69zsw,LR,0.25,0,0.8037764169031899,1,0.799916324210947,0.891947442288203,1,0.8884225512235678,0.9906558018203621,0.9908490158184248
x7u69zsw,TB,0.25,0,0.678497834467512,-1,0.670040427248589,0.7574946618308984,-1,0.7525758895770691,0.9486926993346229,0.9485996589286184
x7u69zsw,LR,0.25,6,0.46293456007922845,3,0.4184869818002768,0.5919049062141362,3,0.5468676683735656,0.9664579790764787,0.9671946442438917
x7u69zsw,TB,0.25,6,0.28303849677940257,-3,0.27768484510201397,0.39021713908134226,-2,0.38272693927276435,0.828192974815002,0.8307033151767911
x7u69zsw,LR,0.25,12,0.29845293968061476,1,0.29295131646529654,0.37477861790541805,3,0.3570946444368988,0.9302981129227054,0.9302887362918953
x7u69zsw,TB,0.25,12,0.16625768821569223,-2,0.1615555171372074,0.2318797831621416,-4,0.21603990856379607,0.7016452243198507,0.7032085268611513
x7u69zsw,LR,0.25,24,0.14958681395367546,-6,0.11513288765138867,0.20061746015294482,-2,0.1967595747587947,0.8919175210319156,0.8981992193485303
x7u69zsw,TB,0.25,24,0.14374050055013027,4603,0.06780971155424631,0.19525262534233556,4602,0.09958311223639997,0.010652340527230306,0.5132278352630882
x7u69zsw,LR,0.25,48,0.1953654099881953,-22,-0.029408869774348697,0.23031167668738875,-21,-0.029232728909599253,0.8124893528764252,0.8233308323664418
x7u69zsw,TB,0.25,48,0.17278081706941587,4705,0.0582227270144961,0.20164522915960367,4704,0.0730224453674067,0.14077389160497059,0.3308226954289149
x7u69zsw,LR,0.25,96,0.1962792486780698,6,0.1338740885758896,0.24590078524177128,6,0.19268610938829114,0.6640063494920535,0.6719057984511606
x7u69zsw,TB,0.25,96,0.11951611637516941,1297,0.002955369303457573,0.15387543499798947,-3965,0.012028635646886903,-0.027276939235524964,0.16003261151804468
x7u69zsw,LR,0.5,0,0.7899177757352778,1,0.7832647087849635,0.8747392211470072,1,0.8689335627618351,0.9821067425099871,0.9823339135415307
x7u69zsw,TB,0.5,0,0.6472879878552553,0,0.6472879878552553,0.7493322010733875,1,0.7490825011382056,0.9192493219399576,0.9192493219399576
x7u69zsw,LR,0.5,6,0.4588812685085822,3,0.42386264705909554,0.5948955682261273,4,0.5410063452180137,0.9504396997072587,0.952858882835658
x7u69zsw,TB,0.5,6,0.31356106468194395,3,0.30326078250098715,0.42285990035296783,2,0.4172950563861864,0.7643412385619824,0.7602134576639484
x7u69zsw,LR,0.5,12,0.3304982908994275,2,0.3106855313369736,0.4340991468199888,3,0.415044227083571,0.9041971898258456,0.90215309545043
x7u69zsw,TB,0.5,12,0.14112528313862724,4702,0.13351205056955032,0.19329146771720443,0,0.19329146771720443,0.1866907484576108,0.5822283600161119
x7u69zsw,LR,0.5,24,0.18980781652744053,7,0.11162738024846525,0.24562463035896587,6,0.20651526058507919,0.6859621035762813,0.6739414516510579
x7u69zsw,TB,0.5,24,0.18815235620656942,-4897,0.018303622560111338,0.23071988467681015,-4897,0.04393544764429047,0.031030356632321298,0.32985052347129146
x7u69zsw,LR,0.5,48,0.06464463151319035,64,0.03050251278885931,0.07160139462088126,64,0.017314770545052146,0.1910993784226596,0.09392647683384818
x7u69zsw,TB,0.5,48,0.1181028261494636,3975,-0.014992085635432528,0.15395474587833444,2199,-0.009525196929573107,-0.049600296999760075,-0.0635223826859677
x7u69zsw,LR,0.5,96,0.07202771201603368,-5,0.023729402191340555,0.09379184635741851,-11,0.037508131359589,-0.025622470002069037,-0.010374990938163109
x7u69zsw,TB,0.5,96,0.15243241647874486,4845,-0.0253299919801315,0.18770220122162903,4846,-0.03567021855086113,6.207109248250002e-05,0.014000376706081097
x7u69zsw,LR,0.75,0,0.7160652255453478,0,0.7160652255453478,0.7972927665486725,0,0.7972927665486725,0.9716472235634424,0.9716472235634424
x7u69zsw,TB,0.75,0,0.7019241457942406,0,0.7019241457942406,0.7879825590187415,0,0.7879825590187415,0.9575014812651755,0.9575014812651755
x7u69zsw,LR,0.75,6,0.4126491403168766,-2,0.3975526437295953,0.5246192461241699,-2,0.5129041413064936,0.8950067093660223,0.8971984615086875
x7u69zsw,TB,0.75,6,0.27551182496448984,0,0.27551182496448984,0.3549160289992155,-1,0.3541433216406542,0.822290604206169,0.822290604206169
x7u69zsw,LR,0.75,12,0.26726004350827326,-1,0.2595200138100595,0.324062126175138,-2,0.32042494998434307,0.8044646239281962,0.8055657812865293
x7u69zsw,TB,0.75,12,0.16751373664743507,-5000,0.10267582770115184,0.1934277028662248,-5000,0.15176201543864623,0.09937864323760803,0.7406844792373998
x7u69zsw,LR,0.75,24,0.12402476975626493,-1,0.12219210037324295,0.1615584260115087,2,0.15869503042280028,0.588371332525901,0.5904868550750905
x7u69zsw,TB,0.75,24,0.15529161939545502,4631,0.02132156316731257,0.1681784238565622,3509,0.01853494595511111,-0.015991237751179912,0.5985666018346264
x7u69zsw,LR,0.75,48,0.11679198294331983,3,0.08951072304130187,0.12056310012246307,3,0.11535030946269287,0.4913597483657089,0.4976248542461073
x7u69zsw,TB,0.75,48,0.14552995203292507,3217,0.0039612043401439714,0.17291227310307675,4438,0.02481484157659763,0.10410763621618331,0.45527666463179783
x7u69zsw,LR,0.75,96,0.05739970723940579,15,-1.6676454081920113e-05,0.051894907379146156,14,0.008356270732331405,0.3519810914633646,0.32781297485677535
x7u69zsw,TB,0.75,96,0.16549870581447346,-4540,0.03350155038122284,0.21757649529902542,-4537,0.0416433057765571,0.14058405660898213,0.05794333255223416
xgj4xftb,LR,0.25,0,0.7805523829892104,0,0.7805523829892104,0.8704259898336457,1,0.863375701138326,0.9834732597502905,0.9834732597502905
xgj4xftb,TB,0.25,0,0.7116938100408405,0,0.7116938100408405,0.804540548163818,0,0.804540548163818,0.9858865999120772,0.9858865999120772
xgj4xftb,LR,0.25,6,0.4463918096208516,0,0.4463918096208516,0.55238586558221,2,0.5481963641133448,0.9553042092850653,0.9553042092850653
xgj4xftb,TB,0.25,6,0.38465762836159983,1,0.3842170971722803,0.4964043285618958,0,0.4964043285618958,0.9354880698174272,0.9369383573426817
xgj4xftb,LR,0.25,12,0.2824596487354469,-2,0.2719215581628956,0.39101268408118495,0,0.39101268408118495,0.912099705768633,0.9144780760959299
xgj4xftb,TB,0.25,12,0.2411372378534035,1,0.2399886545267047,0.3333027004297406,1,0.33318406150581725,0.8543064586364038,0.8555535865745617
xgj4xftb,LR,0.25,24,0.26240365526097403,2,0.2534587943124167,0.35067666759454696,1,0.34858175110652706,0.851538975089754,0.8502598590590446
xgj4xftb,TB,0.25,24,0.12768504543917392,4393,0.09080854829666164,0.16449695916851273,4393,0.1244209873803111,-0.0641669332417104,0.7255461168036317
xgj4xftb,LR,0.25,48,0.2156329733764629,7,0.19737398099863526,0.30195210557083824,4,0.29292695798490703,0.7650480329148522,0.7499902359149591
xgj4xftb,TB,0.25,48,0.12439752040037955,-4290,0.01842047638967452,0.15196730577417786,-4290,0.03229860616209314,0.01677279589953578,0.34863463642213693
xgj4xftb,LR,0.25,96,0.10455582030383215,-64,-0.006860793069450712,0.14840958386769956,-64,0.012417030861418104,0.3904587343712845,0.3693558612874814
xgj4xftb,TB,0.25,96,0.13460138433399405,-3819,0.015595662541291707,0.17587778803589996,4726,0.005538972604411464,0.17337549899959623,0.31040853907978866
xgj4xftb,LR,0.5,0,0.7623425600395474,0,0.7623425600395474,0.8387964529070708,0,0.8387964529070708,0.9387631710169516,0.9387631710169516
xgj4xftb,TB,0.5,0,0.6806774632710537,0,0.6806774632710537,0.7733385650822374,0,0.7733385650822374,0.9778311365458677,0.9778311365458677
xgj4xftb,LR,0.5,6,0.4195380351894631,2,0.40728681946564427,0.5120141608385563,0,0.5120141608385563,0.82131131765675,0.8249497456767694
xgj4xftb,TB,0.5,6,0.3178704452487264,0,0.3178704452487264,0.4200613991992132,-1,0.41723120197876346,0.9244316096431158,0.9244316096431158
xgj4xftb,LR,0.5,12,0.2688463246429507,-5,0.21807237323858517,0.35718431811413237,-4,0.3317350526756852,0.7391222833395794,0.7272214607168911
xgj4xftb,TB,0.5,12,0.16298506278411562,-4816,0.0936372497018419,0.20574779014813652,-4815,0.1413012183529043,0.13209836695929364,0.8447464283662617
xgj4xftb,LR,0.5,24,0.18532422313191046,-3,0.18050744657462273,0.28446117033591345,-2,0.28084504347180944,0.579878933812461,0.5760140270337243
xgj4xftb,TB,0.5,24,0.16255105364493208,4797,0.05676731408543919,0.18935092127952244,4797,0.06852919826196853,0.19317477138037853,0.6240217479640252
xgj4xftb,LR,0.5,48,0.10563942258451305,25,-0.06456657273339812,0.12572880442573753,25,-0.08175938285829093,0.23743262663990317,0.19194310084711397
xgj4xftb,TB,0.5,48,0.16816757994508377,4954,-0.009978960903331882,0.20352163885360955,4955,-0.0007513066578705526,-0.10500186529559337,0.41169214756476474
xgj4xftb,LR,0.5,96,0.17870954465359554,47,0.07371559085965251,0.23290101671847094,47,0.09264662851230249,0.27045304481550186,0.21966330995959638
xgj4xftb,TB,0.5,96,0.12963053375676734,-3182,-0.0068862818859280125,0.14560920883423786,-3183,-0.0016404690558585386,0.022598897184668912,0.20544024203204728
xgj4xftb,LR,0.75,0,0.7707677021649987,0,0.7707677021649987,0.8340300540045774,0,0.8340300540045774,0.9728251259360076,0.9728251259360076
xgj4xftb,TB,0.75,0,0.621526824163969,-1,0.6181516188589017,0.7067973809973903,-1,0.6995537617507782,0.9295888958388613,0.9280099441020849
xgj4xftb,LR,0.75,6,0.436863358354114,0,0.436863358354114,0.5639251500025625,0,0.5639251500025625,0.9642562942792994,0.9642562942792994
xgj4xftb,TB,0.75,6,0.24571966543076573,-3,0.23611137840392513,0.32235607838259844,-3,0.3145501701530588,0.726328759960173,0.7237695739883101
xgj4xftb,LR,0.75,12,0.34530933370875766,0,0.34530933370875766,0.4268289084591044,0,0.4268289084591044,0.9414357330861888,0.9414357330861888
xgj4xftb,TB,0.75,12,0.15800094606661094,4190,0.12808424257011766,0.18051189378590515,4190,0.1686479258413207,-0.04202467543496869,0.5946856783109079
xgj4xftb,LR,0.75,24,0.23255176238832662,4,0.16810147119586194,0.26154057937089575,5,0.21494983573564583,0.883233199858422,0.8836103209126108
xgj4xftb,TB,0.75,24,0.1245363932793098,-3837,0.0008826039939577758,0.1485810914930917,4521,-0.011251836044395322,0.038805161473717716,0.43525552062213196
xgj4xftb,LR,0.75,48,0.15061551497074055,-25,0.027258073134381482,0.18890645132689862,-29,0.04127264337761439,0.7830369807217359,0.8541906746745074
xgj4xftb,TB,0.75,48,0.12871961454816974,4508,-0.024131571785911465,0.15043195936470607,4506,-0.04660343642197736,0.08301721742671972,0.11424612008061798
xgj4xftb,LR,0.75,96,0.14669560003784635,23,0.0007840013819512039,0.15246162989950476,23,-0.0039735302046521636,0.7628751313034078,0.769208401674592
xgj4xftb,TB,0.75,96,0.13251465395122755,4244,-0.06385995155499018,0.16295893525437447,4246,-0.0785261827566877,0.10198694928899393,0.07361048403293778
3e122cbj,LR,0.25,0,0.7384184858538868,0,0.7384184858538868,0.8679343698145782,0,0.8679343698145782,0.9722501712664299,0.9722501712664299
3e122cbj,TB,0.25,0,0.6176004363085036,0,0.6176004363085036,0.7032510117164023,0,0.7032510117164023,0.9499105327377273,0.9499105327377273
3e122cbj,LR,0.25,6,0.5283245071642885,0,0.5283245071642885,0.6941155880289873,0,0.6941155880289873,0.9099022119643516,0.9099022119643516
3e122cbj,TB,0.25,6,0.300033154704947,1,0.2977058087125129,0.3864409421848462,1,0.3859812654771309,0.8417899044913263,0.840481563896711
3e122cbj,LR,0.25,12,0.41327816260866035,-1,0.4084059993410729,0.5988889391616524,1,0.5975601848350388,0.8689768508492414,0.870120766245201
3e122cbj,TB,0.25,12,0.21835617007416322,0,0.21835617007416322,0.3231871426616213,-1,0.3216563504162296,0.7094514308494898,0.7094514308494898
3e122cbj,LR,0.25,24,0.33552565876682455,4,0.2954127037498353,0.4582466859221011,2,0.45309082948286933,0.7948446848288758,0.7897581307450604
3e122cbj,TB,0.25,24,0.1487509501312093,4662,0.0520828402682334,0.19274415837067851,4664,0.10664756297236928,0.2113271579607666,0.5525837169572664
3e122cbj,LR,0.25,48,0.13250535489593637,-9,0.06567908588598421,0.13541820568008714,-5,0.12294917011516583,0.6060846732325275,0.6265776709474752
3e122cbj,TB,0.25,48,0.15604623951956506,4691,0.057296734882213186,0.18394240684222074,4690,0.08629133293099744,0.16585842076475357,0.31649778182043153
3e122cbj,LR,0.25,96,0.1004741865828741,37,0.04625584378390594,0.1019699391862684,37,0.08685964595464173,0.49522190068718214,0.4333776686836676
3e122cbj,TB,0.25,96,0.1376403730351554,4548,-0.014156015257881535,0.15679298359671345,4548,-0.013182460588741068,0.21257199528827198,0.1607626020392319
3e122cbj,LR,0.5,0,0.7860616771759719,0,0.7860616771759719,0.8939603919969512,0,0.8939603919969512,0.9732028882053884,0.9732028882053884
3e122cbj,TB,0.5,0,0.6115524666695316,0,0.6115524666695316,0.7203291862035887,0,0.7203291862035887,0.941351871202154,0.941351871202154
3e122cbj,LR,0.5,6,0.5509740781862523,1,0.546249993742133,0.724625228111769,1,0.7186647398459495,0.9171235188563219,0.917544423286648
3e122cbj,TB,0.5,6,0.23220485603224716,0,0.23220485603224716,0.35967363519972356,-2,0.35452550377113873,0.8173422261797872,0.8173422261797872
3e122cbj,LR,0.5,12,0.37820678449695383,0,0.37820678449695383,0.5211335361631925,0,0.5211335361631925,0.8416559260105667,0.8416559260105667
3e122cbj,TB,0.5,12,0.1431817001987765,-5,0.131142821659494,0.244519941373309,-3,0.24085864246969532,0.7148273219335985,0.7173906835375238
3e122cbj,LR,0.5,24,0.23642500551389198,10,0.1270724719202829,0.30109119171253423,8,0.24358768319446789,0.75317558140248,0.7876181349351553
3e122cbj,TB,0.5,24,0.10764622347232013,4850,0.08121043207961681,0.14599876008831622,-5,0.13949538811733678,0.1865431097929892,0.48622445112780527
3e122cbj,LR,0.5,48,0.14691392982410073,3,0.12764696822210894,0.20571144109272088,4,0.19108764928264044,0.762683325283383,0.7710209211558802
3e122cbj,TB,0.5,48,0.1296894104923206,-3599,-0.006570986972432594,0.17369259037181087,4854,0.0108811547213546,0.027617715900863413,0.146663593118056
3e122cbj,LR,0.5,96,0.1643689583946384,10,0.11658804811564531,0.2304908820801542,7,0.19109076047928364,0.44426934753257613,0.46597263113026527
3e122cbj,TB,0.5,96,0.14785576422049065,-4788,-0.004949632878461685,0.1892365998481492,4116,-0.017262888155628205,-0.08484345408075115,0.06739846119734666
3e122cbj,LR,0.75,0,0.698313060687596,0,0.698313060687596,0.7882667631760282,0,0.7882667631760282,0.9550107874393161,0.9550107874393161
3e122cbj,TB,0.75,0,0.637700591384344,0,0.637700591384344,0.7508984690365611,1,0.7486523955137812,0.9599713078561298,0.9599713078561298
3e122cbj,LR,0.75,6,0.3245308061158325,0,0.3245308061158325,0.4441463661196341,1,0.4374384831432014,0.8436949334344804,0.8436949334344804
3e122cbj,TB,0.75,6,0.293103223778352,0,0.293103223778352,0.4013396030641432,1,0.3979791938935817,0.8747917016971622,0.8747917016971622
3e122cbj,LR,0.75,12,0.2098609059224447,-5,0.1932748568307718,0.3454541535085169,-2,0.34143922182931835,0.7465339252328266,0.7533937218434805
3e122cbj,TB,0.75,12,0.1736875189611895,3,0.14299378367059284,0.24502123645287954,4,0.2287237459674467,0.7811614475973713,0.7775526723527424
3e122cbj,LR,0.75,24,0.13783718150300392,-4,0.12106558448607474,0.22597494227630066,0,0.22597494227630066,0.6306410659349911,0.6384585788777369
3e122cbj,TB,0.75,24,0.15152689796601218,4126,0.06808365995492287,0.21068008910529845,4125,0.11161956926470414,0.3180596774977813,0.5613355799438574
3e122cbj,LR,0.75,48,0.09694028814210247,-16,0.036860526219380636,0.13646343642171932,-11,0.07948299878832393,0.25254642662717025,0.2542381201050057
3e122cbj,TB,0.75,48,0.1289086279966087,-2669,0.032192621846349904,0.20065810844784027,-2673,0.051499190680211436,0.11971374756368232,0.38182149280027505
3e122cbj,LR,0.75,96,0.12753917969637674,-11,-0.0017342134816449792,0.1677017245997597,-13,0.01665693338176818,0.07874314348825132,0.0822264549610814
3e122cbj,TB,0.75,96,0.17624851483178258,4836,0.00016632877747018113,0.27116059682026644,4836,-0.00489530451792242,0.0696974560787982,-0.14790021737175063
fn0mhxef,LR,0.25,0,0.7769650832270077,1,0.7725501863459238,0.8652609691936565,1,0.8588324995228415,0.9862571799591713,0.9860746367353018
fn0mhxef,TB,0.25,0,0.733603373789076,0,0.733603373789076,0.8157556851389055,0,0.8157556851389055,0.959229365917681,0.959229365917681
fn0mhxef,LR,0.25,6,0.4364664425249944,3,0.4152424967603922,0.5430403290695891,2,0.5328603898691977,0.950664823197153,0.9509725212147656
fn0mhxef,TB,0.25,6,0.38866730900538515,3,0.3661511860608934,0.49351294266792856,2,0.48763455777606607,0.8279761830902447,0.8303249198897827
fn0mhxef,LR,0.25,12,0.3278342774779816,5,0.3034005198460748,0.43524993762716907,2,0.42726846708005645,0.9312433646204701,0.9352887293455311
fn0mhxef,TB,0.25,12,0.22939128001832443,-4805,0.15139230020759323,0.2662998568428775,-4805,0.2184777235665267,-0.0682956394378001,0.7605982773006378
fn0mhxef,LR,0.25,24,0.22440575991625644,14,0.03917468906807291,0.24477530999215383,13,0.09697551506530237,0.7844526904666411,0.8122840296066581
fn0mhxef,TB,0.25,24,0.16961979635313643,4709,0.0400707114999743,0.18823474727980108,-4798,0.058376870301054685,-0.03983831081958103,0.6382830635210781
fn0mhxef,LR,0.25,48,0.1625719526183911,-36,0.03679402133845517,0.1954361905689768,-37,0.022568862059710426,0.7354911613873786,0.7461741214754509
fn0mhxef,TB,0.25,48,0.14584332391770985,4957,-0.04280566172589962,0.1734595336173019,-4513,-0.06779452398582857,-0.05960135914310651,0.4901878327670844
fn0mhxef,LR,0.25,96,0.18862913850175222,-64,0.03125398247557521,0.23127334098289243,-64,0.048996029998198055,0.43812007114624224,0.3995721692210335
fn0mhxef,TB,0.25,96,0.2097060675669552,-4783,0.01150594412773498,0.2475886582244845,-4785,0.022962966121407292,-0.09290116004865184,0.4299328204456518
fn0mhxef,LR,0.5,0,0.7877194958906978,0,0.7877194958906978,0.8872942531362904,0,0.8872942531362904,0.9667902381154859,0.9667902381154859
fn0mhxef,TB,0.5,0,0.7036253944635492,0,0.7036253944635492,0.7902573137695792,0,0.7902573137695792,0.9770831603763241,0.9770831603763241
fn0mhxef,LR,0.5,6,0.56789482365144,0,0.56789482365144,0.6575600644976344,1,0.6573074708040828,0.8258347818137063,0.8258347818137063
fn0mhxef,TB,0.5,6,0.3303963649037694,1,0.32682410843256865,0.4206539969410168,0,0.4206539969410168,0.9297033584161586,0.9301188585670205
fn0mhxef,LR,0.5,12,0.3684025997174039,-1,0.367723228830697,0.459277033697098,0,0.459277033697098,0.8282894770983259,0.8291557033041129
fn0mhxef,TB,0.5,12,0.20133677799867788,1,0.1975825348521053,0.2432781262684344,0,0.2432781262684344,0.8601833964697819,0.8611448433180272
fn0mhxef,LR,0.5,24,0.12375399373792444,-24,0.023266181185675094,0.15627301819288664,-19,0.0699498002029758,0.712762219651621,0.8221163573119471
fn0mhxef,TB,0.5,24,0.1503734791940238,-4995,0.009767408287463211,0.20148630389673516,4810,0.018220408757002173,-0.13938006200415845,0.6713902879853686
fn0mhxef,LR,0.5,48,0.17385879693013043,-15,-0.05469207999436427,0.22788832535407758,-17,-0.014709152226920458,0.5465101502925959,0.6070515681774279
fn0mhxef,TB,0.5,48,0.1327235480646892,4828,-0.03713451905754291,0.16572357890510445,4829,-0.0407717590197238,0.2688938602342959,0.6174525568701981
fn0mhxef,LR,0.5,96,0.08611733379759597,17,0.0068411506175170235,0.0935248910456591,18,0.0014064466055907245,0.14933334007345098,0.0414940849134757
fn0mhxef,TB,0.5,96,0.1641130993681821,4220,0.013150597715841462,0.1911556105766992,4220,0.02616378452827985,-0.186488784644784,0.4723508663273856
fn0mhxef,LR,0.75,0,0.7704521859639359,1,0.7620603272678834,0.8554018428724589,1,0.8487775795532052,0.9886578473610013,0.9895983782384947
fn0mhxef,TB,0.75,0,0.7074295441586552,0,0.7074295441586552,0.8062880276846004,0,0.8062880276846004,0.9565342099080306,0.9565342099080306
fn0mhxef,LR,0.75,6,0.5398793326615499,2,0.528545278441806,0.6520482460014365,1,0.6455100742959645,0.9657819784947644,0.9673229320623206
fn0mhxef,TB,0.75,6,0.32878891686157347,2,0.3195200555841376,0.43625084483559556,2,0.4303568452059208,0.8576122933369991,0.8574354073260461
fn0mhxef,LR,0.75,12,0.3020662033348829,6,0.2599430929218003,0.41084732015896425,1,0.41010182674779666,0.9235681448395393,0.9309842904997591
fn0mhxef,TB,0.75,12,0.19175884056668077,2,0.1865309242261102,0.2458714698374739,3,0.23869689731569046,0.6513720512303549,0.6525658732632467
fn0mhxef,LR,0.75,24,0.16421690298977057,7,0.11920332039928162,0.2107190767665843,7,0.1786218020532088,0.8387999098471396,0.8490924882914136
fn0mhxef,TB,0.75,24,0.1426181611571674,2484,0.03597876004435783,0.1712304603911685,-708,0.0497772607871878,0.04996143583437595,0.4515002642160157
fn0mhxef,LR,0.75,48,0.13497627764913225,38,-0.0026680381144245486,0.16224407707611263,37,-0.008663844102865068,0.5933004891250406,0.7293388470027097
fn0mhxef,TB,0.75,48,0.21084007076303302,-4880,0.030031129601800804,0.2334398006730917,-4879,0.025512271297134414,0.02939509838181689,0.21437867899642524
fn0mhxef,LR,0.75,96,0.09848853612552892,-31,-0.04373266538297462,0.0871363531049693,-33,-0.06923374955182567,0.5841548882402651,0.5975662486263832
fn0mhxef,TB,0.75,96,0.1982417131237062,-4811,0.030182730679770422,0.23139294094493493,-4811,0.028859848945273645,-0.14630627241078256,-0.011569024217901272
xrv9xvzb,LR,0.25,0,0.6909735834381427,1,0.6820951462889967,0.8104355363245395,1,0.7996515739963175,0.977312701798061,0.9769066206708974
xrv9xvzb,TB,0.25,0,0.7108085206554055,0,0.7108085206554055,0.8011984406205254,0,0.8011984406205254,0.9480731176994625,0.9480731176994625
xrv9xvzb,LR,0.25,6,0.3616293245057646,5,0.30464514139776105,0.47807774209132575,6,0.3917031065006589,0.9214964813347408,0.9186697647261887
xrv9xvzb,TB,0.25,6,0.3087154998302502,1,0.30748061693128115,0.4033138570574746,0,0.4033138570574746,0.8696125696179516,0.8685093734513308
xrv9xvzb,LR,0.25,12,0.25234096852201726,9,0.14163708314105766,0.35473728569818624,10,0.18428155829209647,0.8599107650317211,0.8528131926048711
xrv9xvzb,TB,0.25,12,0.1555277755807324,-4198,0.08339893091461491,0.1947776304482588,-4199,0.11962834429073606,0.4789851122271904,0.780204646993893
xrv9xvzb,LR,0.25,24,0.11623846647700047,15,0.06112108575600336,0.13926118043748192,13,0.09590541682402247,0.6743897737905824,0.6724693646675641
xrv9xvzb,TB,0.25,24,0.16505292275190983,-4857,-0.05969410498422321,0.21697212423292198,-4856,-0.06368943602159417,0.15776808231504927,0.4671881551485768
xrv9xvzb,LR,0.25,48,0.10608907977312165,26,0.01135532260222503,0.1123287984287857,-61,0.003914940110214289,0.5259256015467043,0.5190444948221787
xrv9xvzb,TB,0.25,48,0.1447168506875934,-4803,-0.021794366367745965,0.16602413517177084,4652,-0.031337331470542816,-0.037586624808762355,0.1276230274778314
xrv9xvzb,LR,0.25,96,0.06508015144061768,-4,0.02311870065204809,0.06683388724958901,36,0.023105691681782392,0.34086364584789103,0.3487541651954635
xrv9xvzb,TB,0.25,96,0.14335489406332066,3411,-0.037372967354514224,0.19112665201908005,3413,-0.048890995932037024,0.18262048069889622,0.2140985495636473
xrv9xvzb,LR,0.5,0,0.7491789509859427,0,0.7491789509859427,0.8257229120059039,-1,0.8248913184007227,0.9432661316470128,0.9432661316470128
xrv9xvzb,TB,0.5,0,0.6374656261920332,0,0.6374656261920332,0.7262397886114017,0,0.7262397886114017,0.928865248131039,0.928865248131039
xrv9xvzb,LR,0.5,6,0.4535181484565354,-1,0.45017073081008635,0.5947421407402846,-2,0.5849469658295486,0.8184301913587239,0.8163279875373664
xrv9xvzb,TB,0.5,6,0.2933602975030937,-3,0.28384784541492925,0.40120485596022265,0,0.40120485596022265,0.7388463218436777,0.7383071059231857
xrv9xvzb,LR,0.5,12,0.3392160268200266,-2,0.33590343389381516,0.4567190959970988,-2,0.45011240128239804,0.719115573121235,0.7140309301065294
xrv9xvzb,TB,0.5,12,0.1703120727365137,11,0.16424940342469665,0.24321880037232416,3,0.24133853653975226,0.5933339711421908,0.6101223404599536
xrv9xvzb,LR,0.5,24,0.21322647118031832,-8,0.14411851915177923,0.29288520594558215,-11,0.23294263805256046,0.7405415148137008,0.7234206465789166
xrv9xvzb,TB,0.5,24,0.13181497623320004,-2939,0.05643680675585153,0.16002997344088044,-2256,0.08085085756388777,0.11434734147571413,0.5044478328597913
xrv9xvzb,LR,0.5,48,0.126548664130138,-18,0.049775543872768446,0.1548497149223583,-16,0.07959498424762901,0.49144369435233964,0.41642423492134256
xrv9xvzb,TB,0.5,48,0.14787421602678252,-3819,-0.010371349612933596,0.17243827017696178,-3247,0.013330893908233693,-0.17313736010372457,0.2369559325034409
xrv9xvzb,LR,0.5,96,0.2123540973460354,26,-0.05048619492237869,0.27699441704701766,26,-0.09155810929525665,0.2171884360550189,0.1927337912220163
xrv9xvzb,TB,0.5,96,0.13160939656686352,3279,-0.060735510963580354,0.16725440918122933,3279,-0.09772383512447468,0.03127934146499165,0.05097454881170852
xrv9xvzb,LR,0.75,0,0.7254726726036141,-1,0.7044966415857744,0.8333626695991501,-2,0.811264532346808,0.9611254626256022,0.960686214339126
xrv9xvzb,TB,0.75,0,0.6425981317217707,0,0.6425981317217707,0.7409473102218795,0,0.7409473102218795,0.9548613232159032,0.9548613232159032
xrv9xvzb,LR,0.75,6,0.3970499843080473,-9,0.20598863502606624,0.4733139167150471,-7,0.33897207945278235,0.8507841766752984,0.8517083868252541
xrv9xvzb,TB,0.75,6,0.2305973577818853,6,0.1960448102753759,0.3296505917251174,1,0.3280936475712182,0.8052750858652679,0.8066934534389901
xrv9xvzb,LR,0.75,12,0.3362027334104878,-14,0.06797474725204909,0.3738971658067726,-14,0.08629959649428587,0.7657150676627937,0.7628499750398609
xrv9xvzb,TB,0.75,12,0.14430937048881085,8,0.10866343580792148,0.19600316294597697,6,0.18044353160284568,0.7126966001390804,0.7132447994722803
xrv9xvzb,LR,0.75,24,0.1653772280426703,-30,0.09668281194407818,0.17847040796059987,-28,0.1169182179048378,0.6803497237950068,0.6847252402170453
xrv9xvzb,TB,0.75,24,0.13215384507589953,2755,0.05849412707632775,0.17058658951997896,2757,0.06734616854449929,-0.03245301277600491,0.5082434572773323
xrv9xvzb,LR,0.75,48,0.10637995124326242,-48,0.013875393522983554,0.13490036979398706,-49,0.0338821446151792,0.47709884180655915,0.34121049094070893
xrv9xvzb,TB,0.75,48,0.17003339043440435,-4900,-0.0025503183439334436,0.22092387596562815,-4897,-7.757802727748295e-06,-0.03518355964895902,0.2171000759620393
xrv9xvzb,LR,0.75,96,0.10987107024540586,-38,-0.06720657312059586,0.12406504801547968,-38,-0.09935144942743589,0.30274185687035887,0.40981264291844627
xrv9xvzb,TB,0.75,96,0.12612128636628647,3903,-0.028103826664449372,0.16563147005248918,-4870,-0.034468159300443425,0.002046916298535241,0.04529394298259254
0eryguqq,LR,0.25,0,0.7082779700265203,-1,0.6897321519194307,0.8111006793320744,-2,0.7823177784526893,0.9596242169930437,0.9592464118371966
0eryguqq,TB,0.25,0,0.6809109747435956,0,0.6809109747435956,0.7779776743795668,0,0.7779776743795668,0.9702125204313612,0.9702125204313612
0eryguqq,LR,0.25,6,0.3043655931069684,-7,0.18549372356194846,0.4073238773892669,-9,0.29206154683834035,0.7822111419332946,0.7843062827200934
0eryguqq,TB,0.25,6,0.31590254244668986,-1,0.31234763584601927,0.4188209273876396,-1,0.4155453531190891,0.8547600614461982,0.8553423323050174
0eryguqq,LR,0.25,12,0.20838885148184635,-12,0.14492105701919517,0.268388835166411,-11,0.2204578534275572,0.5820897554889544,0.5850883148557838
0eryguqq,TB,0.25,12,0.1692230838323705,-1,0.16868380316378784,0.23906073302435893,-2,0.23568324528059512,0.6994311265894506,0.6989837657470631
0eryguqq,LR,0.25,24,0.18433731114830643,-5,0.15236260046548752,0.24437136723205935,-5,0.22595004228126722,0.48975717170311167,0.4942098578297907
0eryguqq,TB,0.25,24,0.13862079370309424,4407,0.10280736843939642,0.15711664570091366,4407,0.13146693790409966,-0.1686345980555397,0.6013652303348163
0eryguqq,LR,0.25,48,0.13232964512913095,18,0.02157976730628482,0.18211804837254708,16,0.02264648759676741,0.4591080765631863,0.4413874587865869
0eryguqq,TB,0.25,48,0.13802900965097722,4949,-0.020913418086642266,0.1668186805896095,-4323,-0.030236733200636735,-0.04178729374829918,0.4807701632593207
0eryguqq,LR,0.25,96,0.18631833197768335,-29,-0.094110094237984,0.2391070600856621,-30,-0.15225450655146971,0.37808317711334777,0.4004779435563477
0eryguqq,TB,0.25,96,0.15177416592728057,4520,0.04765992694723805,0.19414196901260605,4520,0.049176719356157354,0.10824509981739754,0.01800214755024759
0eryguqq,LR,0.5,0,0.8523064178481775,0,0.8523064178481775,0.9027383038333299,0,0.9027383038333299,0.9764642815930408,0.9764642815930408
0eryguqq,TB,0.5,0,0.675059464587814,-1,0.671241557358159,0.7736405946725392,-1,0.7690613951035329,0.9665402738482053,0.9674077215869742
0eryguqq,LR,0.5,6,0.7216784992761337,-2,0.6750813147819846,0.8319603461099755,-2,0.8193034080186238,0.942590353695036,0.9430780430886485
0eryguqq,TB,0.5,6,0.28782927385649976,-2,0.2775283407029235,0.36357973424930723,-3,0.3449595808965065,0.7743879789516989,0.7763827879224068
0eryguqq,LR,0.5,12,0.6531859629478768,-2,0.6092396025178751,0.7962323694451428,-2,0.7812226237389276,0.9677290187900245,0.9676420675935987
0eryguqq,TB,0.5,12,0.1981668164521612,-2,0.18383416715210835,0.25518305173767836,-5,0.23223766232429896,0.6530352783008629,0.6546065889128728
0eryguqq,LR,0.5,24,0.4562897710124721,-7,0.3442407945845852,0.6065456861406311,-4,0.5776986043854323,0.9545714693120061,0.9604436187213122
0eryguqq,TB,0.5,24,0.14627881220450648,4945,0.07761266624229333,0.14945757071092733,-5000,0.07440767962285143,0.14288507207703402,0.3189541129160173
0eryguqq,LR,0.5,48,0.25337383975315736,-1,0.25279906464815033,0.3600934725793887,1,0.35997545233322,0.9132681385736161,0.9122006831709116
0eryguqq,TB,0.5,48,0.16262365227597833,4926,0.024144335226952574,0.1772882423779094,4272,0.014539745447323846,0.22887080057100337,0.07414830798479988
0eryguqq,LR,0.5,96,0.09948613979782704,-16,0.04071617418721033,0.12534785448590624,-16,0.051561191242909636,0.6226238717508621,0.5138106007954728
0eryguqq,TB,0.5,96,0.15241333102984814,-4442,-0.04123636303437319,0.17910034172980882,-4440,-0.04525996095891905,0.0405829757885355,0.09983094722969539
0eryguqq,LR,0.75,0,0.6475271798233214,0,0.6475271798233214,0.7627113293101582,1,0.7600533790602974,0.9415911221406067,0.9415911221406067
0eryguqq,TB,0.75,0,0.5992079767883569,1,0.596169363036884,0.6809564519764334,1,0.6788113054762875,0.9682989086348286,0.9685370382722693
0eryguqq,LR,0.75,6,0.3680634616249802,-1,0.3446671862406913,0.44323562400035904,-1,0.4376260400892129,0.8044407135637685,0.804292956807655
0eryguqq,TB,0.75,6,0.1462460108373852,4959,0.11397578412837757,0.17601218406822058,4960,0.16413489889947314,-0.18632098412628392,0.8351841831263124
0eryguqq,LR,0.75,12,0.23821888677534017,-2,0.21491996507544553,0.29616300733825635,-3,0.28007468667318375,0.6628167975558167,0.6589469505255706
0eryguqq,TB,0.75,12,0.16473279224639037,-4202,-0.002234920874372696,0.22972850268017245,-4202,-0.0034683508486995037,0.18041308780225476,0.7447996144430317
0eryguqq,LR,0.75,24,0.13649996612491075,-10,0.0764409957989544,0.1804737199710843,-8,0.11585467574515147,0.5373718058727736,0.4869518431735494
0eryguqq,TB,0.75,24,0.1473587993527988,-4206,-0.022669667687218658,0.17972313902201195,-4207,-0.03341220524602565,0.16175950157423838,0.48612712155930843
0eryguqq,LR,0.75,48,0.13720825067368336,-12,-0.08365149171059538,0.1339495097906733,-12,-0.06796352362937291,0.12690797991966898,0.036254448812062766
0eryguqq,TB,0.75,48,0.15156638460705993,-4466,-0.0009489047610214858,0.18335956423883673,-4878,-0.002046421463470226,0.2567699729939161,0.2477169847946096
0eryguqq,LR,0.75,96,0.12859766098016015,3,0.1057197134161758,0.10830397668784153,2,0.09516039498237845,-0.22256659441019697,-0.224380318201529
0eryguqq,TB,0.75,96,0.1684916370628917,4876,-0.05971625312646258,0.19014769639785056,4878,-0.06569163392368359,0.029309396547245747,0.1451588872274576
4hq27w4c,LR,0.25,0,0.7186446260238896,-1,0.7156798878146914,0.8389451505202911,-1,0.82679133226454,0.9825867682622316,0.9815919757158458
4hq27w4c,TB,0.25,0,0.6255574004184944,0,0.6255574004184944,0.728704080852916,0,0.728704080852916,0.9611619526542051,0.9611619526542051
4hq27w4c,LR,0.25,6,0.4493282419432492,-2,0.42268734475262876,0.5617782694445128,-3,0.5101674275322565,0.9084880493372403,0.9054141491282041
4hq27w4c,TB,0.25,6,0.2592170848854978,2,0.246904715460911,0.34366622594612134,2,0.3335652845508715,0.8174164419690567,0.8199062228029937
4hq27w4c,LR,0.25,12,0.31401121519987085,-4,0.2614702849908901,0.39022377684420784,-5,0.3238614998521951,0.862765760690305,0.8578761102647015
4hq27w4c,TB,0.25,12,0.20950643014650638,3,0.19532582787886524,0.27827890814604883,3,0.2654649100758149,0.6804399962283215,0.6846352891272648
4hq27w4c,LR,0.25,24,0.11919892457445623,-7,0.03741102486289582,0.11058489484443296,-6,0.058684983211897974,0.7190225591988585,0.7064525164876466
4hq27w4c,TB,0.25,24,0.15273797485912044,4447,0.12201167896835374,0.20495280643173688,-3258,0.12410904700096863,0.2843686022092751,0.38383392874480243
4hq27w4c,LR,0.25,48,0.1764755809562497,-9,0.07573348198941192,0.21645733088355848,-8,0.10071865934625579,0.3578016820492184,0.33663115158038576
4hq27w4c,TB,0.25,48,0.1721579951586979,4334,0.10443511266223086,0.2201760525356474,4335,0.14014057693469958,0.09834198856334875,0.23479641214588012
4hq27w4c,LR,0.25,96,0.09922348262642315,-57,0.005233208523624601,0.11929965084781417,-56,-0.019814270760524336,0.02792354311121956,0.002886143890912111
4hq27w4c,TB,0.25,96,0.15090884140345162,4220,-0.009248617646281135,0.18001508821146048,-4310,-0.015580089490121888,-0.08291129079850128,0.20512586214225514
4hq27w4c,LR,0.5,0,0.7194286168292287,1,0.7083151024564311,0.8277879089650187,1,0.8154640696137213,0.9897588982093782,0.9893691416152327
4hq27w4c,TB,0.5,0,0.6585190797506942,1,0.6577074020025147,0.7557020287051351,1,0.7518501632809813,0.9693375644040311,0.9687696257833348
4hq27w4c,LR,0.5,6,0.40464619552392067,1,0.402917772184102,0.5844312366823373,2,0.571323032733246,0.9423391381942818,0.9415577136792264
4hq27w4c,TB,0.5,6,0.2598178415387998,4,0.23312147103308214,0.33400607539907523,2,0.3236212973475537,0.8714122109076273,0.8693609138961218
4hq27w4c,LR,0.5,12,0.32115362886669024,4,0.2688047375731492,0.4568527146378875,4,0.43430765406619537,0.9049717145982892,0.9027288513891971
4hq27w4c,TB,0.5,12,0.17118018298114737,4,0.13639657647584677,0.2163680402429495,2,0.2088850740581862,0.7761272608541115,0.7731726475576522
4hq27w4c,LR,0.5,24,0.24404794512709818,16,0.10866451264784631,0.3267288172342076,15,0.15101250574341157,0.8383068188992745,0.8549531536628777
4hq27w4c,TB,0.5,24,0.13936709122657606,4182,0.06279573401019754,0.16982459770602085,4932,0.09641619130455864,-0.11853572916272777,0.6998800344180093
4hq27w4c,LR,0.5,48,0.15515504527818638,35,0.10055604697042476,0.15509876936151037,36,0.11486568794068669,0.7345256406264721,0.7255556597997356
4hq27w4c,TB,0.5,48,0.14633840388739025,2980,0.04619967387286871,0.17491006417653035,2982,0.07417956492763585,-0.06357994556722696,0.4813004604045647
4hq27w4c,LR,0.5,96,0.12729004161503968,2,0.11424447205916476,0.17021916877890364,0,0.17021916877890364,0.5899920834740904,0.583619827077227
4hq27w4c,TB,0.5,96,0.1603532831259732,3508,0.010845875836230187,0.21295508416096812,-3233,0.019358946786051344,0.23850025133896327,0.2462358922351615
4hq27w4c,LR,0.75,0,0.8019958948391742,0,0.8019958948391742,0.8649124378399066,0,0.8649124378399066,0.9722906914237446,0.9722906914237446
4hq27w4c,TB,0.75,0,0.688931762928095,0,0.688931762928095,0.7970227548201696,0,0.7970227548201696,0.9777008720201473,0.9777008720201473
4hq27w4c,LR,0.75,6,0.48640465802301147,-1,0.4771313802347829,0.5517220578775588,-1,0.5483492128919757,0.8403739378745428,0.8417151133606803
4hq27w4c,TB,0.75,6,0.3004651925141848,-3,0.29411333597024264,0.4129938256347064,-2,0.4013036948389967,0.9407483037446777,0.9438442797989417
4hq27w4c,LR,0.75,12,0.32684007908341767,-5,0.2550131934068574,0.37622136070936324,-4,0.3257908876395992,0.7613144388693197,0.7672705572325755
4hq27w4c,TB,0.75,12,0.1787459559057479,-4,0.1641342972250638,0.25636202563284244,-5,0.23096114427016598,0.8724065899252483,0.8773716584939409
4hq27w4c,LR,0.75,24,0.28374030046448645,-3,0.25965273044794,0.34420717761446723,-3,0.3263616633254602,0.6513218309365277,0.6530123202801262
4hq27w4c,TB,0.75,24,0.17719038612055318,4381,0.0691376946209923,0.24586428705858876,4380,0.10501354554504276,0.36507935300325944,0.8087052843442651
4hq27w4c,LR,0.75,48,0.1465378921183467,-4,0.11432226774277131,0.19437583749355203,-5,0.16887306427510648,0.6335623329996216,0.6281256690557174
4hq27w4c,TB,0.75,48,0.13835537387422675,4164,0.03673589291441861,0.187029779633842,4164,0.0614754749776677,0.3283205399305027,0.6854373760684664
4hq27w4c,LR,0.75,96,0.1263995508742768,-9,0.025637876381074176,0.12185962110581684,-8,0.07510770308207673,0.5548010363731505,0.5059084338766893
4hq27w4c,TB,0.75,96,0.1435179955659565,-4138,-0.01779950654791014,0.20057467535683438,-4141,-0.01650240784884506,0.09408026351985892,0.4559587213662921
fhwrjtet,LR,0.25,0,0.7823015749173571,0,0.7823015749173571,0.8801352664587444,0,0.8801352664587444,0.901381159448702,0.901381159448702
fhwrjtet,TB,0.25,0,0.5973658127315274,1,0.5969815957309025,0.7017279620843994,0,0.7017279620843994,0.9560246783316725,0.9561654717975893
fhwrjtet,LR,0.25,6,0.43724932599224453,-3,0.3873866099331287,0.5717970480778128,-1,0.5678261445571638,0.7370614055086745,0.7310814131052853
fhwrjtet,TB,0.25,6,0.2935147754616725,5,0.2460977272548113,0.36734771576071656,4,0.34491898125110415,0.8580521226355157,0.8609444401295588
fhwrjtet,LR,0.25,12,0.33195955961337614,-5,0.26008564810725876,0.43661990148153024,-3,0.4001745358792676,0.7395928648661593,0.7285054729401587
fhwrjtet,TB,0.25,12,0.13685092859433734,6,0.1010224180141513,0.1775182534058722,4,0.17165675152678092,0.7158358829296981,0.7193360910810781
fhwrjtet,LR,0.25,24,0.13948817073541372,1,0.13443385451517745,0.21467367784617872,-3,0.20717910020982022,0.5779595113500031,0.5833399245768572
fhwrjtet,TB,0.25,24,0.14464957144331891,-4660,0.0388355180105455,0.17813380360414943,-4658,0.0515993532657672,0.008290346553420572,0.6513529351179539
fhwrjtet,LR,0.25,48,0.11123446493048617,-10,-0.023803696721226963,0.11821512635160297,-11,0.012014500571636555,0.41560779324847585,0.38405112315561535
fhwrjtet,TB,0.25,48,0.18871531126116606,4909,-0.003645681536911669,0.24547006212701153,4910,0.005289240208203876,-0.09756352033334674,0.38237012104739415
fhwrjtet,LR,0.25,96,0.10395673497289591,21,-0.034046511716635204,0.13188156276531535,23,-0.06704605968110215,0.3516008123470793,0.5077416307141702
fhwrjtet,TB,0.25,96,0.2023741263849859,4827,0.04350030834775928,0.2419856457378778,4826,0.039040828716266095,0.3430379071229686,0.024608261191547715
fhwrjtet,LR,0.5,0,0.7316593190514729,0,0.7316593190514729,0.8226721877614395,0,0.8226721877614395,0.9291749672883882,0.9291749672883882
fhwrjtet,TB,0.5,0,0.6190871038125884,0,0.6190871038125884,0.7261866015698901,0,0.7261866015698901,0.9586638292579325,0.9586638292579325
fhwrjtet,LR,0.5,6,0.39666963284509943,-1,0.3939846626705854,0.5305837169316434,-1,0.5253774538480147,0.8960929546359596,0.8961012604617583
fhwrjtet,TB,0.5,6,0.24818261597068614,-3,0.23559428017329878,0.3166539463893936,-2,0.31022128726871806,0.7693707626986296,0.7689531474695986
fhwrjtet,LR,0.5,12,0.32797874909071795,2,0.3014966657666018,0.4151963826633196,4,0.36814545218956013,0.8758218008120751,0.8745491861523874
fhwrjtet,TB,0.5,12,0.2200403896574938,4592,0.10494314818273952,0.26132200343477147,4592,0.15978199451416178,0.4996473498770399,0.557032011411512
fhwrjtet,LR,0.5,24,0.20700669949824516,5,0.17263651034809593,0.29824213143201933,6,0.2522023662134792,0.8506436453308529,0.8453891390742401
fhwrjtet,TB,0.5,24,0.15850871460436225,4919,0.03204571105298667,0.2061995999429299,4918,0.0504086452057587,0.22376822332783072,0.3450721201924625
fhwrjtet,LR,0.5,48,0.2399009459930502,3,0.22049225346923174,0.32897838888710934,2,0.3248030670798951,0.7654413548400023,0.7703383857438543
fhwrjtet,TB,0.5,48,0.1507124724058237,4944,0.03818341537797252,0.17494445841631165,4519,0.0610062154474223,-0.0739442344758299,0.354831206881768
fhwrjtet,LR,0.5,96,0.18251321319542413,-48,-0.034142275645208116,0.2083563239878097,-49,-0.031787930552929076,0.3570100673923811,0.3971503930067155
fhwrjtet,TB,0.5,96,0.16207547047036383,-4588,0.036374505259233504,0.2019637850213175,-4590,0.05372580160388183,0.2788239647506596,0.14464006297563234
fhwrjtet,LR,0.75,0,0.7772336325077508,-1,0.7698637903182863,0.8801435860347099,-1,0.8692447452807183,0.9824355652393751,0.9810858074917279
fhwrjtet,TB,0.75,0,0.6410265367068142,-1,0.6409932288898726,0.7434754940709336,-1,0.7426043686542413,0.9611345548771127,0.9610025096561651
fhwrjtet,LR,0.75,6,0.521563491772587,0,0.521563491772587,0.6678795873232617,-1,0.6636328541744523,0.9289670602587409,0.9289670602587409
fhwrjtet,TB,0.75,6,0.24107623759597097,-2,0.2355871076855284,0.322359452657267,-2,0.31484470887225446,0.8041875641910963,0.8043503545029055
fhwrjtet,LR,0.75,12,0.3276658527161074,3,0.3122431053206657,0.43563712604130506,0,0.43563712604130506,0.8320603802869005,0.8396639520766147
fhwrjtet,TB,0.75,12,0.13856649055888806,4730,0.08768164508514009,0.17387457157631092,4730,0.12817990535601528,-0.15364874452329838,0.534055041464251
fhwrjtet,LR,0.75,24,0.25203838825047703,2,0.24574834316022573,0.3407522229698808,1,0.33876286031080394,0.7697596640417865,0.7670052197748481
fhwrjtet,TB,0.75,24,0.14296993873011213,-4946,0.08000349921988145,0.15190539753732,-4947,0.12078895493850465,-0.025161039936063546,0.3455459060726293
fhwrjtet,LR,0.75,48,0.3042690801697842,6,0.20063797389725876,0.3724996665461057,6,0.3035309503826413,0.5895458466768858,0.5720925965937246
fhwrjtet,TB,0.75,48,0.13573793833986486,4644,0.008833237442155766,0.16952188629384027,-3634,0.012278339911790148,-0.22624217109647768,0.12265676618005383
fhwrjtet,LR,0.75,96,0.0704768998160586,-38,0.014452062269458188,0.056821067761914625,-36,0.015421183768288174,0.01510295302874357,0.002951074746417309
fhwrjtet,TB,0.75,96,0.11756589393876149,-3460,-0.011898585994805233,0.15893726809270306,-3461,-0.013758364783211458,-0.0705410275161394,0.1376785932734624
fspqbkxl,LR,0.25,0,0.7889232836753292,0,0.7889232836753292,0.8694795484793126,0,0.8694795484793126,0.9763427035702593,0.9763427035702593
fspqbkxl,TB,0.25,0,0.5875138130067927,-1,0.5798278260768656,0.7056430398923816,0,0.7056430398923816,0.9053982898985969,0.9053643295226799
fspqbkxl,LR,0.25,6,0.6209132616056855,0,0.6209132616056855,0.7433921705663734,-1,0.7420369221780113,0.9625239522798856,0.9625239522798856
fspqbkxl,TB,0.25,6,0.1951614201261177,-7,0.11805609816337033,0.25419569195916075,-5,0.23863325620180773,0.73982856727266,0.7487537708250457
fspqbkxl,LR,0.25,12,0.44803955577823285,1,0.4448077877526844,0.5839037563500332,0,0.5839037563500332,0.9310596460986087,0.9291570032178624
fspqbkxl,TB,0.25,12,0.18190954188126973,-4886,0.07667491265382113,0.22744377941563135,-4885,0.15293397638994488,-0.3868399042670672,0.568608150626045
fspqbkxl,LR,0.25,24,0.28119907512231995,2,0.2738632975924617,0.39529203873438273,-2,0.39146817899028163,0.9098188946584388,0.906187037500385
fspqbkxl,TB,0.25,24,0.11471517771906992,3574,0.03121291439449796,0.15188017263022127,4774,0.04459729923617132,-0.07782433733660757,0.42937498795189977
fspqbkxl,LR,0.25,48,0.21171769851309805,-9,0.14862360883110567,0.26661582981166,-8,0.23203688654426202,0.6340007743934106,0.6923055588522328
fspqbkxl,TB,0.25,48,0.11354257293011912,1584,-0.043698659300940114,0.16109882625140834,1585,-0.06441154179177982,0.06056778454403335,0.31954928926659537
fspqbkxl,LR,0.25,96,0.14504706237760093,-21,-0.003205801282586901,0.18216422346335884,-21,0.010120424766364537,0.6412664995972357,0.6964403874976828
fspqbkxl,TB,0.25,96,0.16758183297408544,-4456,-0.03336701149360045,0.21616975532497099,-4455,-0.042730750137194594,-0.09042387834844016,0.22968209725966082
fspqbkxl,LR,0.5,0,0.8234879327110276,0,0.8234879327110276,0.8967010339033341,0,0.8967010339033341,0.9850220772028321,0.9850220772028321
fspqbkxl,TB,0.5,0,0.597744916087903,0,0.597744916087903,0.6740991777444387,0,0.6740991777444387,0.9737132061607362,0.9737132061607362
fspqbkxl,LR,0.5,6,0.519727971792884,1,0.5117943328686284,0.6257601915112422,1,0.6197043254265342,0.9204247434248963,0.9172463787346968
fspqbkxl,TB,0.5,6,0.18707901641562083,2,0.17696234100495092,0.25111378613006363,1,0.25019631497468203,0.8874298814166011,0.8848061145251855
fspqbkxl,LR,0.5,12,0.41354527588165446,4,0.35541754264529146,0.5204521211701708,4,0.4656273933089354,0.8702593558224857,0.8549326783246435
fspqbkxl,TB,0.5,12,0.1557481659586785,-2,0.14493157292464529,0.21935568754723156,-4,0.2053082945384843,0.7759020651634091,0.7792149524572065
fspqbkxl,LR,0.5,24,0.2383689163625129,4,0.1788407847348564,0.3036380018516783,4,0.26738453138240564,0.8654773173652099,0.8448160520561804
fspqbkxl,TB,0.5,24,0.163525606138981,-4070,0.03626410003743416,0.22593978305940676,-4069,0.0599579619363852,0.12386400028304735,0.5255818424038075
fspqbkxl,LR,0.5,48,0.14322799516025753,13,-0.08401167941935471,0.14066991766923928,-43,-0.056341494436558816,0.7365181363925969,0.6936673549212623
fspqbkxl,TB,0.5,48,0.16211663610576013,2649,0.07166618300890085,0.20483849240078844,-4045,0.09180560300202012,-0.16077274237330916,0.23702970246953345
fspqbkxl,LR,0.5,96,0.1521308257601449,50,-0.07513670720289105,0.16363515510033896,49,-0.08485658372139138,0.6839620474235263,0.6059489766523759
fspqbkxl,TB,0.5,96,0.1742539220239997,-4627,-0.02099695343086325,0.21985096801187345,-4625,-0.01815795863316789,0.060437566974217476,-0.16222314587076495
fspqbkxl,LR,0.75,0,0.733924424657404,0,0.733924424657404,0.8317971928587099,0,0.8317971928587099,0.9670951465964559,0.9670951465964559
fspqbkxl,TB,0.75,0,0.6562905557300751,0,0.6562905557300751,0.7409585558265873,0,0.7409585558265873,0.9542427222168558,0.9542427222168558
fspqbkxl,LR,0.75,6,0.3990941867564642,0,0.3990941867564642,0.5301947457829511,-1,0.527592115802532,0.9152645717644169,0.9152645717644169
fspqbkxl,TB,0.75,6,0.29105706440601953,-2,0.2785819447181542,0.39292787049753447,-1,0.3909285108557415,0.8637020367683075,0.8645791306612584
fspqbkxl,LR,0.75,12,0.1981581103891014,-2,0.1966804303234292,0.2880788667817704,-2,0.28327467021666913,0.8758849025143706,0.8752591554093209
fspqbkxl,TB,0.75,12,0.14605877127570865,4919,0.06766987539036795,0.16997903485906155,4920,0.12799529251527633,-0.014826550640700159,0.750915406862194
fspqbkxl,LR,0.75,24,0.19001134832719466,-21,0.003098022789783684,0.21127251730375485,-21,0.045645647632778,0.7172402920670118,0.7469835699605767
fspqbkxl,TB,0.75,24,0.14325210100892685,-4882,0.012072178873226107,0.1818067909457718,4902,0.018555352117539954,0.17552621230961718,0.511487410273589
fspqbkxl,LR,0.75,48,0.10301252399209004,1,0.10137394505537307,0.11317361423946193,-1,0.11184299857531475,0.5841324781477626,0.5866800529060493
fspqbkxl,TB,0.75,48,0.12258305996315803,-4475,-0.05568181418474605,0.15984137944368113,-4477,-0.07358253772575866,-0.09836305053523832,0.37540642164421595
fspqbkxl,LR,0.75,96,0.10448870466397157,4,0.06420149101582905,0.10330479676319589,2,0.10024617693006092,0.10497138430004498,0.11004003476864958
fspqbkxl,TB,0.75,96,0.1735909883301792,3317,-0.01493964442629483,0.20889373667070518,3314,-0.00889537263237831,0.10927316221003779,0.16908716938886212
soo2ax3r,LR,0.25,0,0.8279715801159212,0,0.8279715801159212,0.9076695996161052,0,0.9076695996161052,0.9859697422382306,0.9859697422382306
soo2ax3r,TB,0.25,0,0.6588972320661471,0,0.6588972320661471,0.758558909061554,0,0.758558909061554,0.9408424991834577,0.9408424991834577
soo2ax3r,LR,0.25,6,0.603253201669273,0,0.603253201669273,0.754026864673779,1,0.746545563222047,0.9350703166457716,0.9350703166457716
soo2ax3r,TB,0.25,6,0.27863575415959557,3,0.2767585848319129,0.39840695661868825,0,0.39840695661868825,0.8529583404931071,0.8477228293675351
soo2ax3r,LR,0.25,12,0.46883285324682816,2,0.4400190574434923,0.5967365766812895,2,0.582118806217704,0.8722425487836234,0.8628275960162854
soo2ax3r,TB,0.25,12,0.1667125257364522,4682,0.06232472347657153,0.23118767658805017,4682,0.1197988393006632,0.049224344602637776,0.7022465060890822
soo2ax3r,LR,0.25,24,0.2520018337373899,2,0.2235803674821578,0.30455936692078184,2,0.2990748234611946,0.7183825389982158,0.7126999136861486
soo2ax3r,TB,0.25,24,0.17007434729170723,4919,0.038474214896585784,0.2165718405004863,4921,0.054174596103788185,0.03125871531985345,0.4570512871533378
soo2ax3r,LR,0.25,48,0.1109317093400749,7,0.05336260330394435,0.12873021057128808,-14,0.10558566916378913,0.6606871567677669,0.6420190513046394
soo2ax3r,TB,0.25,48,0.19769400925957936,4330,-0.005589486063843655,0.25329799045500306,4330,0.0008817550013111436,-0.03923523321041661,0.11971971915104064
soo2ax3r,LR,0.25,96,0.28120010673556267,2,0.27971320244786274,0.39840165283026185,2,0.39411159402930873,0.5277113804738542,0.5295177660821851
soo2ax3r,TB,0.25,96,0.1544933199218989,4650,-0.011227377935583356,0.19842094696968507,4646,-0.024581897850410473,0.009405137844901245,-0.10662563309609178
soo2ax3r,LR,0.5,0,0.7567537318239097,0,0.7567537318239097,0.8256493456769797,0,0.8256493456769797,0.9153235577898041,0.9153235577898041
soo2ax3r,TB,0.5,0,0.6455602296936348,0,0.6455602296936348,0.7664026431791932,0,0.7664026431791932,0.9644743292548151,0.9644743292548151
soo2ax3r,LR,0.5,6,0.37507058784648506,0,0.37507058784648506,0.4432798197458769,-1,0.43581782844588574,0.6640806713019048,0.6640806713019048
soo2ax3r,TB,0.5,6,0.29597888102683606,-1,0.29587433146269465,0.44593701000607866,1,0.4431135343305312,0.8866446313918906,0.8867480009878093
soo2ax3r,LR,0.5,12,0.23662422616909526,-3,0.22563349173676217,0.3275460845392277,-4,0.30034360618690165,0.5695688225142308,0.5629683689635355
soo2ax3r,TB,0.5,12,0.16998070355475461,11,0.12945204483344405,0.24974715232574585,8,0.20331901447838807,0.819219001264917,0.8280702072661508
soo2ax3r,LR,0.5,24,0.15536750751981496,-6,0.08706795253475397,0.18505416250611828,-4,0.17184381779147948,0.5147020502610528,0.5154697959000223
soo2ax3r,TB,0.5,24,0.1540102783888428,-4816,0.015633596716693798,0.2076799277257025,-4816,0.03352294184632088,-0.0023769941731002775,0.6652607284531293
soo2ax3r,LR,0.5,48,0.10010506762405047,-62,-0.02119371623741595,0.12774686311265396,-60,-0.03780871022024751,0.3674312836531955,0.3477262414729732
soo2ax3r,TB,0.5,48,0.1554967981623331,-3839,0.03934671384738711,0.1987547714926896,-3839,0.05055757394294726,0.38447281255402227,0.23025651984722204
soo2ax3r,LR,0.5,96,0.10759927501898853,64,-0.07036125936540283,0.16235214898112113,60,-0.10777193991269812,-0.0509021347004921,0.19278147613303484
soo2ax3r,TB,0.5,96,0.14313485101372778,4383,0.05545959508264966,0.17997662949780616,4589,0.07586812380919383,-0.1388501537652658,0.10560896225082057
soo2ax3r,LR,0.75,0,0.630356472297048,0,0.630356472297048,0.7334376494429756,1,0.7269698732429378,0.9068075842004918,0.9068075842004918
soo2ax3r,TB,0.75,0,0.7122360384884973,1,0.7122097173462643,0.8095708722324545,0,0.8095708722324545,0.9499214754102158,0.9492680328698566
soo2ax3r,LR,0.75,6,0.17702309824588158,10,0.16611867029778923,0.24597112995216755,6,0.2295975173638711,0.7030211451523042,0.712856525479585
soo2ax3r,TB,0.75,6,0.2898545992674674,2,0.28319119618983707,0.405387260582464,2,0.4016912789108383,0.8269931613120477,0.8240073809165946
soo2ax3r,LR,0.75,12,0.20661595449269576,7,0.1299921692141793,0.2780773978625807,8,0.20824516941530638,0.5121192105535434,0.5106422738466233
soo2ax3r,TB,0.75,12,0.17233129659686455,-4174,0.1093729745201679,0.2251700612436898,-4174,0.1830247310977076,0.22528005494089073,0.7024249427474732
soo2ax3r,LR,0.75,24,0.09324258256781583,-3,0.08214194508018519,0.11917607913469887,-6,0.10458379920688789,0.4444883625079927,0.4452032128954689
soo2ax3r,TB,0.75,24,0.1457014735085247,-2914,0.01944911609073392,0.20221444684038192,-2913,0.01706180423573692,-0.054168537446662744,0.4949056279827284
soo2ax3r,LR,0.75,48,0.18210179888801728,40,-0.026082194738538195,0.2368654339515109,42,-0.025577797442171247,0.37416220237252623,0.3426333048231256
soo2ax3r,TB,0.75,48,0.1334364913685913,-4430,-0.029850393695027094,0.1656478735971,-4428,-0.04725635820921251,0.084502076351543,0.34821080937816457
soo2ax3r,LR,0.75,96,0.07552812260665033,40,0.03762277543242771,0.09479780429421712,40,0.0439156659206095,0.355092987471767,0.3645882151103293
soo2ax3r,TB,0.75,96,0.14545663599352762,4334,-0.03913390243305161,0.17359780301471608,4335,-0.050439631011773255,-0.12071775161075611,0.157914254656491
y59rxmxl,LR,0.25,0,0.801579913943664,0,0.801579913943664,0.8703191014570985,0,0.8703191014570985,0.9749972487302546,0.9749972487302546
y59rxmxl,TB,0.25,0,0.6432542242886433,-1,0.6429406306957629,0.7296787588004067,-1,0.7243267422563204,0.9286665092899266,0.9296603917322233
y59rxmxl,LR,0.25,6,0.5387406774857371,0,0.5387406774857371,0.6530409097624327,0,0.6530409097624327,0.9561727515840298,0.9561727515840298
y59rxmxl,TB,0.25,6,0.2986271192929012,-3,0.27949748972027905,0.40078886081348913,-3,0.3757192624176186,0.8153811971388768,0.8177497016767159
y59rxmxl,LR,0.25,12,0.2855287555951894,2,0.26929619055916704,0.35878132079509895,2,0.35409561477043994,0.8831796347162474,0.8704193395117307
y59rxmxl,TB,0.25,12,0.13805597247389903,-4793,0.11695712450517222,0.18499984088695617,-10,0.1556002188392617,0.0716244369506077,0.7315172242750333
y59rxmxl,LR,0.25,24,0.1843972645780874,21,-0.02508929761562466,0.24636777676214408,21,-0.030677458370316407,0.8840827036162068,0.8328896797664553
y59rxmxl,TB,0.25,24,0.15788918514184147,-4767,0.08818612947972453,0.19232821217697907,-4771,0.13070094563312723,0.03058244454828402,0.5978635311933306
y59rxmxl,LR,0.25,48,0.12849567279731858,29,0.0780760457544495,0.1792002411615704,29,0.05329099491220704,0.7380283659101364,0.6887424582561085
y59rxmxl,TB,0.25,48,0.13235467793673633,-4628,0.08053617721819986,0.1829210559406845,-4088,0.09904481242215586,0.10121891649982344,0.4149860778823391
y59rxmxl,LR,0.25,96,0.16762267045504994,32,-0.001550296746536249,0.22794115137500695,35,-0.027887525372011435,0.6542687416102031,0.639683207963164
y59rxmxl,TB,0.25,96,0.12153556260821062,-3297,0.024437284413775667,0.19163518296076873,-3300,0.03755546818385406,-0.004441282068554928,0.379868197431815
y59rxmxl,LR,0.5,0,0.7877150900848,0,0.7877150900848,0.8911705283096474,0,0.8911705283096474,0.9847782713612431,0.9847782713612431
y59rxmxl,TB,0.5,0,0.6352490073983107,0,0.6352490073983107,0.7538091213798968,0,0.7538091213798968,0.9773900611005235,0.9773900611005235
y59rxmxl,LR,0.5,6,0.48541587140915987,-3,0.4586811120775159,0.6259597659933993,-1,0.623448668989819,0.9409905386960583,0.9424472784276287
y59rxmxl,TB,0.5,6,0.3079156927433,1,0.30715360569691835,0.42655616171521066,1,0.4239791619241588,0.9044474470640799,0.9046912589793866
y59rxmxl,LR,0.5,12,0.32149225064789494,-3,0.30368141945602933,0.4301606529530438,-2,0.41848529576730015,0.9101358467938336,0.9117152542976462
y59rxmxl,TB,0.5,12,0.19193747914379267,6,0.17331668071397902,0.2752183400328428,4,0.2617428555578305,0.8540546573754622,0.8560330912151004
y59rxmxl,LR,0.5,24,0.15404422935675766,-8,0.07934728439306887,0.19406727977036842,-9,0.13702617984577475,0.8323900444598614,0.8297390832744486
y59rxmxl,TB,0.5,24,0.17173825408475848,-4761,0.021774520878702863,0.23056510376497177,4507,0.03701355858521777,0.5625440831116991,0.6448870373334983
y59rxmxl,LR,0.5,48,0.1373229964639016,0,0.1373229964639016,0.14815563467073029,-2,0.14181950633193008,0.6920537829445298,0.6920537829445298
y59rxmxl,TB,0.5,48,0.16053765824026447,3633,0.05505959657325332,0.20928766924017075,4394,0.051872652165031626,0.35786157853026085,0.3103299064403421
y59rxmxl,LR,0.5,96,0.08452128998614968,18,-0.00840431998180458,0.09671480388999802,15,0.018332038848079494,0.6019371924889682,0.500784939381757
y59rxmxl,TB,0.5,96,0.17517295229982244,-4949,0.029221799024882655,0.20960803962770783,-4949,0.037517473139940416,0.24773305355094574,-0.11384342773950218
y59rxmxl,LR,0.75,0,0.7658467394909324,1,0.7525264786936443,0.8547153215026118,1,0.8461123942877026,0.9910246437776697,0.9910116079104739
y59rxmxl,TB,0.75,0,0.6896628492063899,0,0.6896628492063899,0.7719465409587286,0,0.7719465409587286,0.9507603141223947,0.9507603141223947
y59rxmxl,LR,0.75,6,0.4599895093271509,6,0.35623653222520435,0.5952601114169411,5,0.4810115253321234,0.9548750562746697,0.9587827584026568
y59rxmxl,TB,0.75,6,0.3038761335571201,-2,0.29731683928401703,0.37469274973581235,-2,0.3688577747223894,0.7462735051515286,0.7481432092309227
y59rxmxl,LR,0.75,12,0.2897241450474554,9,0.13663131029419992,0.38969432582675445,10,0.21384907005135032,0.9068354504223964,0.9158025337270708
y59rxmxl,TB,0.75,12,0.17976975502374734,-3,0.16686741424882842,0.21387436552184347,-2,0.21017505509539616,0.5696006313880413,0.5701553644089071
y59rxmxl,LR,0.75,24,0.14144861695097177,9,-0.0012210602828149387,0.21424951156410507,16,0.01444370726350253,0.8306739749063959,0.8252566076931512
y59rxmxl,TB,0.75,24,0.18710210234572774,4115,0.034732145177671626,0.24129754813798363,4113,0.038860687047856,0.255501082131187,0.30028413856277025
y59rxmxl,LR,0.75,48,0.1422676925367873,9,0.012066338198680665,0.15113617384156072,8,0.04735211371298117,0.546255974479124,0.5573858606334837
y59rxmxl,TB,0.75,48,0.18376965046934313,-4741,0.04888912411368981,0.2286419967732141,-4743,0.052648332355740124,-0.2892432265759434,0.4028244302396562
y59rxmxl,LR,0.75,96,0.086664879745969,16,-0.04830410239356391,0.11467906123855857,19,-0.03652606716804297,0.3619533907653118,0.3761563749398431
y59rxmxl,TB,0.75,96,0.3600865029285989,4894,0.03577692936271868,0.45296842292737977,4894,0.04155858210348108,0.39650637372381886,0.06916625240984571
