group_id,y,x,K02_si_density_per_1000um2,K03_ecd_d50_um,K03_ecd_d90_um,K03_ecd_max_um,K04_n_clusters_per_1000um2
Batch_1/4ih2ggld,0,0,164.79492187499997,0.4950743503369154,1.7236495302174453,2.7233472690941056,265.4440154440154
Batch_1/4ih2ggld,0,128,134.27734374999997,0.34290052767726564,1.4848532314976377,3.8456049344802588,322.7758725035303
Batch_1/4ih2ggld,0,256,91.55273437499999,0.9114761669619749,3.401343722883678,4.058637284854508,250.18479558764994
Batch_1/4ih2ggld,0,384,97.65624999999999,0.5992752457292114,2.2693474805863607,4.058637284854508,309.11901081916534
Batch_1/4ih2ggld,0,512,103.75976562499999,0.4720348719413148,1.3950587785699466,3.435076051681116,237.93787177792458
Batch_1/4ih2ggld,0,640,122.07031249999997,0.38262938484888825,1.095146317967684,5.104279007278429,251.21324578932342
Batch_1/4ih2ggld,0,768,85.44921874999999,0.38427429633757126,1.759760817304851,3.7754359620195057,239.53888764129047
Batch_1/4ih2ggld,0,896,91.55273437499999,0.4029119531035698,1.6678406415719906,4.389452973971227,173.67572261506015
Batch_1/4ih2ggld,0,1024,146.48437499999997,0.43516006845226674,0.8973613690580258,4.505399143465574,171.5756362596511
Batch_1/4ih2ggld,0,1152,122.07031249999997,0.521503930019406,1.887180614792777,3.5449787455690136,192.03072491598653
Batch_1/4ih2ggld,0,1280,97.65624999999999,0.4237445228590997,2.5866828733422365,3.5449787455690136,273.1825770223099
Batch_1/4ih2ggld,0,1408,103.75976562499999,0.4107362166615078,1.0427699239368806,4.697026528709257,259.9723779348444
Batch_1/4ih2ggld,0,1536,109.86328124999997,0.4126285440535111,1.1150040735254998,4.112009381565534,280.8425275827482
Batch_1/4ih2ggld,0,1664,103.75976562499999,0.3289762321239771,0.8687768598520437,1.5399378727952764,1216.4216928535222
Batch_1/4ih2ggld,0,1792,128.17382812499997,0.4222008245644753,1.4916387312029336,6.337283198643475,250.11724245740186
Batch_1/4ih2ggld,0,1920,152.58789062499997,0.3989422804014327,1.8382640682674949,8.573268677622272,119.95441732141785
Batch_1/4ih2ggld,0,2048,146.48437499999997,0.42761956528549006,1.652236887394096,5.774060744302076,178.9054240871757
Batch_1/4ih2ggld,0,2176,115.96679687499997,0.3826519928662906,0.9335400947373443,1.615593100600236,363.2785892681449
Batch_1/4ih2ggld,0,2304,103.75976562499999,0.46524264916812785,0.9911618810395113,1.615593100600236,515.6451423883744
Batch_1/4ih2ggld,0,2432,134.27734374999997,0.4008878014981257,1.251673904325023,2.1140176919837783,399.8000999500249
Batch_1/4ih2ggld,0,2560,140.38085937499997,0.3867888913947525,1.3532058454704283,2.2834000822655875,367.309458218549
Batch_1/4ih2ggld,0,2688,91.55273437499999,0.3867888913947525,0.9737157339087159,3.145325303143097,391.64490861618793
Batch_1/4ih2ggld,0,2816,54.931640624999986,,,,607.2874493927123
Batch_1/4ih2ggld,0,2944,79.34570312499999,0.3289762321239771,1.0522623028861755,4.36071468920172,272.2676001555814
Batch_1/4ih2ggld,0,3072,109.86328124999997,0.486968371449216,1.5222957878095544,4.933998388258382,195.06248095092954
Batch_1/4ih2ggld,0,3200,134.27734374999997,0.6305356207964758,2.302913976129545,4.855965029579107,178.89815003049398
Batch_1/4ih2ggld,128,0,140.38085937499997,0.35682482323055426,1.2961218686692244,1.3750493532712624,576.9032656845574
Batch_1/4ih2ggld,128,128,158.69140624999997,0.34290052767726564,0.9017691125191802,1.385427231466257,954.0214654829732
Batch_1/4ih2ggld,128,256,183.10546874999997,0.5077319216876847,1.173708841120891,2.784605686167638,795.0028392958544
Batch_1/4ih2ggld,128,384,177.00195312499997,0.4184141935942003,1.2536653750742965,3.0272333281779478,494.4681377093763
Batch_1/4ih2ggld,128,512,146.48437499999997,0.4581390971351813,1.575202406168125,6.904122352335787,175.05470459518597
Batch_1/4ih2ggld,128,640,158.69140624999997,0.32162803252128747,0.5906050909201739,9.544813907282988,87.52017066433278
Batch_1/4ih2ggld,128,768,158.69140624999997,0.3191538243211462,1.3647470859320088,6.590642386644878,138.03217875167147
Batch_1/4ih2ggld,128,896,115.96679687499997,0.4918490759365935,1.797910836893195,5.056662254604703,137.1674913045608
Batch_1/4ih2ggld,128,1024,140.38085937499997,0.49827874851668796,0.9790300415163296,5.72200619475938,187.3438800999167
Batch_1/4ih2ggld,128,1152,109.86328124999997,0.463976367107922,2.5921091702329497,2.903247455203703,320.6841261357562
Batch_1/4ih2ggld,128,1280,61.035156249999986,0.40453459940015846,3.0900216507951614,4.7709894111182924,140.23606404113588
Batch_1/4ih2ggld,128,1408,79.34570312499999,0.40684289451282196,1.239255472552127,9.36418749523474,47.24502450835645
Batch_1/4ih2ggld,128,1536,67.13867187499999,0.40684289451282196,1.5777145844408118,10.108444814305447,32.62465336305801
Batch_1/4ih2ggld,128,1664,128.17382812499997,0.36996385101659596,1.052482020710849,6.40895527470401,216.65271554483232
Batch_1/4ih2ggld,128,1792,189.20898437499997,0.4222008245644753,1.1941642642883694,5.548597317493516,238.71826653812602
Batch_1/4ih2ggld,128,1920,140.38085937499997,0.45135166683820505,1.2709327133612083,7.702169401413674,81.92734068972578
Batch_1/4ih2ggld,128,2048,103.75976562499999,0.41459297936560263,2.76827114033125,8.37303722862737,55.13819008891032
Batch_1/4ih2ggld,128,2176,79.34570312499999,0.3523362819972964,1.381072451532119,6.399262993309829,134.0201867906353
Batch_1/4ih2ggld,128,2304,134.27734374999997,0.3383830245195397,0.9520587272938769,1.5594510349620345,624.9302533199419
Batch_1/4ih2ggld,128,2432,140.38085937499997,0.5262410103554245,1.251093719406259,1.8255696394123913,474.02725656725255
Batch_1/4ih2ggld,128,2560,103.75976562499999,0.5781222885281108,1.6226549377876924,2.628178938007886,246.62432949010415
Batch_1/4ih2ggld,128,2688,73.24218749999999,0.7137022347225312,1.1444637244376998,3.6832549937729206,175.66974088713215
Batch_1/4ih2ggld,128,2816,67.13867187499999,0.3867888913947525,0.8444016491289505,2.5805121233904136,431.4329738058551
Batch_1/4ih2ggld,128,2944,54.931640624999986,,,,637.9585326953747
Batch_1/4ih2ggld,128,3072,67.13867187499999,0.390882009522336,1.0092530088080642,1.302532799341193,579.6051439956528
Batch_1/4ih2ggld,128,3200,103.75976562499999,0.4787307364817192,1.1314819784843002,5.875432508048417,216.6729862954336
Batch_1/4ih2ggld,256,0,91.55273437499999,0.35682482323055426,2.2829417823465517,2.980074801834303,318.92274982282066
Batch_1/4ih2ggld,256,128,109.86328124999997,0.483550768325663,1.785290679084025,2.980074801834303,449.2699363534256
Batch_1/4ih2ggld,256,256,140.38085937499997,0.5140011726956918,1.0706352008294542,1.3796713809378915,1053.8641686182668
Batch_1/4ih2ggld,256,384,201.41601562499997,0.4184141935942003,0.7662071461942319,2.4462677409178384,763.8190954773868
Batch_1/4ih2ggld,256,512,152.58789062499997,0.517088294582641,1.4761012592647482,5.99104521482556,201.7858043686626
Batch_1/4ih2ggld,256,640,79.34570312499999,0.3191538243211462,1.1606679816692769,8.066924639006748,67.11690926632826
Batch_1/4ih2ggld,256,768,146.48437499999997,0.3191538243211462,1.1039869065033376,5.402096848940228,258.43132187621137
Batch_1/4ih2ggld,256,896,177.00195312499997,0.35682482323055426,1.4586308346730064,2.50667851015403,485.4368932038834
Batch_1/4ih2ggld,256,1024,164.79492187499997,0.4478115991081385,1.27963559494181,3.709948716436268,355.31260676460533
Batch_1/4ih2ggld,256,1152,128.17382812499997,0.4720348719413148,2.47794223187009,4.36436290760038,291.3491707754369
Batch_1/4ih2ggld,256,1280,97.65624999999999,0.5350305395091748,2.4729931466322803,4.198192277397081,216.05696047139696
Batch_1/4ih2ggld,256,1408,67.13867187499999,0.5108953969950292,1.6017420774398585,8.231949445281307,111.36244997389939
Batch_1/4ih2ggld,256,1536,42.72460937499999,,,,65.37443205962147
Batch_1/4ih2ggld,256,1664,115.96679687499997,0.36996385101659596,1.0581519675388995,6.3257201797237546,194.62826002335535
Batch_1/4ih2ggld,256,1792,177.00195312499997,0.39493270848342943,1.0581519675388995,2.0466944330257717,478.11145973405047
Batch_1/4ih2ggld,256,1920,103.75976562499999,0.5232078956954491,1.5230792571548653,5.37107298263922,182.55578093306286
Batch_1/4ih2ggld,256,2048,97.65624999999999,0.3288337872249,0.8893705932881186,8.25685239197385,103.07380820909256
Batch_1/4ih2ggld,256,2176,85.44921874999999,0.3288337872249,1.141751552587692,6.271139165893812,210.59559065482065
Batch_1/4ih2ggld,256,2304,115.96679687499997,0.3289762321239771,0.9790267042240451,1.099807968464679,1009.3167701863352
Batch_1/4ih2ggld,256,2432,177.00195312499997,0.3289762321239771,0.9601153502209953,1.8255696394123913,1011.9840213049267
Batch_1/4ih2ggld,256,2560,146.48437499999997,0.4104432515362105,1.2113183892692092,1.7921346912535476,609.5921111609143
Batch_1/4ih2ggld,256,2688,134.27734374999997,0.4173002452514455,1.1444637244377,1.9165844845873465,431.2004312004311
Batch_1/4ih2ggld,256,2816,122.07031249999997,0.40654141704340563,0.8867473243255944,1.4070847494245606,783.2504895315558
Batch_1/4ih2ggld,256,2944,97.65624999999999,0.3805609355846573,0.4922953973895893,0.5917270272703198,1507.1590052750562
Batch_1/4ih2ggld,256,3072,103.75976562499999,0.41459297936560263,0.8447655276827554,3.916548661155236,345.5350394125904
Batch_1/4ih2ggld,256,3200,134.27734374999997,0.47198669282492356,1.4959516667615051,3.9132963885070304,232.3030263922049
Batch_1/4ih2ggld,384,0,54.931640624999986,,,,132.2532650024797
Batch_1/4ih2ggld,384,128,67.13867187499999,0.3523362819972964,2.980074801834303,3.4600050316975506,243.80952380952377
Batch_1/4ih2ggld,384,256,91.55273437499999,0.6432750982580687,1.4843651599922103,1.9405169294686002,622.374358176443
Batch_1/4ih2ggld,384,384,170.89843749999997,0.539236245197794,0.923471817643161,4.1943995290599245,307.9291762894534
Batch_1/4ih2ggld,384,512,201.41601562499997,0.4787307364817192,1.103569686871749,3.922639404549498,455.7291666666666
Batch_1/4ih2ggld,384,640,128.17382812499997,0.40684289451282196,1.1726460285670077,1.5987583888930308,710.0914925576948
Batch_1/4ih2ggld,384,768,158.69140624999997,0.46478877666227997,1.1972655783896964,1.324344167077685,440.8523144746509
Batch_1/4ih2ggld,384,896,140.38085937499997,0.4853342309955121,1.2691991820792814,1.4194722891072566,493.8271604938271
Batch_1/4ih2ggld,384,1024,164.79492187499997,0.3090193616185517,0.5916905101356499,3.806084985943471,910.9311740890686
Batch_1/4ih2ggld,384,1152,189.30719672681747,0.303825388987325,1.3669231989760258,4.457097710027275,370.46063855715323
Batch_1/4ih2ggld,384,1280,152.07679878338558,0.4374734125224423,2.185227902053021,5.128852600165896,205.37124802527643
Batch_1/4ih2ggld,384,1408,126.77685688477567,0.45218731189162364,1.617736010694521,3.9108554091312486,356.03026257231863
Batch_1/4ih2ggld,384,1536,85.52360298721727,0.40314139538847504,1.7605952018613613,2.5035018791602375,387.5968992248061
Batch_1/4ih2ggld,384,1664,73.24218749999999,0.40314139538847504,1.5676160279795877,3.3205804398337513,336.8893879842784
Batch_1/4ih2ggld,384,1792,109.86328124999997,0.5216824952407295,1.535615335269801,2.181451993156776,518.3025591188856
Batch_1/4ih2ggld,384,1920,97.65624999999999,0.6125141320585163,1.2210498021246043,1.5594510349620345,733.9449541284403
Batch_1/4ih2ggld,384,2048,103.75976562499999,0.3826519928662906,1.0232715586116699,1.5696236870863476,934.1429238673516
Batch_1/4ih2ggld,384,2176,122.07031249999997,0.3542388005726249,1.265972643815723,1.5696236870863476,442.845280929975
Batch_1/4ih2ggld,384,2304,109.86328124999997,0.45294440018675264,1.0570906229789077,1.1753573524837677,323.3392122281011
Batch_1/4ih2ggld,384,2432,152.58789062499997,0.39493270848342943,0.7575137553419565,0.9338999347593866,422.69893268519485
Batch_1/4ih2ggld,384,2560,128.17382812499997,0.3191538243211462,0.6817128675830716,0.9338999347593866,621.9630709426626
Batch_1/4ih2ggld,384,2688,103.75976562499999,0.35682482323055426,0.6838129506533395,1.267858401095384,1063.5940615998225
Batch_1/4ih2ggld,384,2816,122.07031249999997,0.34290052767726564,0.8266993453634768,1.499088988838742,564.2279480910287
Batch_1/4ih2ggld,384,2944,140.38085937499997,0.3191538243211462,1.3556239948799285,3.9067837209797993,317.75129850290244
Batch_1/4ih2ggld,384,3072,134.27734374999997,0.32646644161368676,1.7087072375570433,5.269059524521452,126.3823064770932
Batch_1/4ih2ggld,384,3200,115.96679687499997,0.5499039842323395,1.7040692669314847,3.907598398023579,239.712345185777
Batch_1/4ih2ggld,512,0,140.38085937499997,0.47539459314393917,0.7874433336203113,2.0981481658648002,499.903864641415
Batch_1/4ih2ggld,512,128,177.00195312499997,0.45135166683820505,0.9096545921112549,2.0951117704013966,439.0495867768595
Batch_1/4ih2ggld,512,256,152.58789062499997,0.45135166683820505,1.0063276328633972,1.9405169294686002,588.0191106210951
Batch_1/4ih2ggld,512,384,140.38085937499997,0.46524264916812785,1.162264192596972,3.706944535133247,293.22825987354526
Batch_1/4ih2ggld,512,512,207.51953124999997,0.45113101070247974,1.340939037284662,3.5247176990155324,270.51952044266824
Batch_1/4ih2ggld,512,640,207.51953124999997,0.43322207344676156,1.1661885248483106,4.4320314841392685,283.3324252165858
Batch_1/4ih2ggld,512,768,183.10546874999997,0.46148702940538355,1.3446582844292387,3.158957887003535,377.93444291009513
Batch_1/4ih2ggld,512,896,140.38085937499997,0.4406461512053774,1.2991065158308213,1.6793527299493651,726.3123142951467
Batch_1/4ih2ggld,512,1024,219.72656249999994,0.38883545045854423,0.6047453887628271,1.198155910843366,1604.7297297297296
Batch_1/4ih2ggld,512,1152,219.84061555372352,0.3477898169151024,0.7603962718810534,3.3181830816121827,528.9256198347107
Batch_1/4ih2ggld,512,1280,171.24979417092047,0.38256152068664573,1.178109559033964,5.128852600165896,218.90220543971975
Batch_1/4ih2ggld,512,1408,166.00205698201037,0.4478115991081385,1.2272104118995995,3.9108554091312486,357.78175313059023
Batch_1/4ih2ggld,512,1536,146.63245242776682,0.3963276127225779,1.1819117596659545,3.664193089785566,277.264325323475
Batch_1/4ih2ggld,512,1664,116.28440717903206,0.37846987830302403,1.5095956629823553,3.920610208094558,222.20987722904277
Batch_1/4ih2ggld,512,1792,170.89843749999997,0.3907971366338616,0.8774402696683888,2.7570346537664197,556.6895527927259
Batch_1/4ih2ggld,512,1920,146.48437499999997,0.4651293886453311,0.8464684603278417,1.5254000354017008,989.7221164826796
Batch_1/4ih2ggld,512,2048,61.035156249999986,0.622449685830535,1.3270404222867291,1.5696236870863476,1085.8500169664062
Batch_1/4ih2ggld,512,2176,85.44921874999999,0.38051496162285403,1.2383489155438667,1.5696236870863476,447.14148834238256
Batch_1/4ih2ggld,512,2304,122.07031249999997,0.47528844008182,0.9370836419746045,1.1753573524837677,297.8184796366614
Batch_1/4ih2ggld,512,2432,122.07031249999997,0.5484069680711212,0.9370836419746045,1.5222667215103918,236.19722468260994
Batch_1/4ih2ggld,512,2560,85.44921874999999,0.5099411872311601,1.8423947530977798,5.09116627423875,142.21590151548816
Batch_1/4ih2ggld,512,2688,97.65624999999999,0.4059160601844925,1.3241243744088003,5.834113139941043,87.48428016840721
Batch_1/4ih2ggld,512,2816,134.27734374999997,0.4059160601844925,1.473429957077187,3.8290146718999916,182.50025347257423
Batch_1/4ih2ggld,512,2944,128.17382812499997,0.6333012368467128,2.261689605355588,4.626010554261225,68.83023023712013
Batch_1/4ih2ggld,512,3072,103.75976562499999,0.3431831258788849,2.03619955982109,8.26378865786574,35.132919545614236
Batch_1/4ih2ggld,512,3200,103.75976562499999,0.3385137501286538,1.0594355183676893,6.49700500283265,203.41741253051256
Batch_1/4ih2ggld,640,0,158.69140624999997,0.5152670685629643,1.8870306390866798,2.910365281429579,372.80974276127745
Batch_1/4ih2ggld,640,128,231.93359374999994,0.49344063020980394,0.9257601525619643,1.6146076823319175,538.7568186409858
Batch_1/4ih2ggld,640,256,195.31249999999997,0.38840337276470893,0.8544667321203355,2.1858251054507307,463.07015512850194
Batch_1/4ih2ggld,640,384,97.65624999999999,0.4251469736198189,1.7738624682604467,3.8530472475187736,191.69329073482425
Batch_1/4ih2ggld,640,512,164.79492187499997,0.3477898169151024,1.3359862243468297,5.949726249374787,183.53675323483523
Batch_1/4ih2ggld,640,640,189.20898437499997,0.4029119531035698,1.5274853405932203,4.557380834809874,126.0901544604392
Batch_1/4ih2ggld,640,768,152.58789062499997,0.4787307364817192,1.3860921936523036,4.211062070226343,319.1750552418364
Batch_1/4ih2ggld,640,896,140.38085937499997,0.4222008245644753,0.9570754363281014,1.5212208493694,1142.2452257719078
Batch_1/4ih2ggld,640,1024,158.69140624999997,0.41459297936560263,0.7963432565994935,0.9706684619910242,1152.0263320304462
Batch_1/4ih2ggld,640,1152,115.96679687499997,0.3385137501286538,0.8096952965558913,1.1041407809169619,830.4498269896192
Batch_1/4ih2ggld,640,1280,101.36205258156477,0.4674833700973989,1.2446248653813177,1.8290535541070523,701.7543859649121
Batch_1/4ih2ggld,640,1408,159.02098385591316,0.4478115991081385,1.2645623886859318,5.708639605676338,233.80625963122372
Batch_1/4ih2ggld,640,1536,153.1521033443758,0.4720348719413148,1.432908096068038,6.3126234365237375,163.3708859467002
Batch_1/4ih2ggld,640,1664,160.12317167051577,0.42404408964667817,1.6406381979904943,3.2223079442094376,245.04343951882373
Batch_1/4ih2ggld,640,1792,194.025357107015,0.3826519928662906,0.7559609630502712,2.3028336248678394,557.324840764331
Batch_1/4ih2ggld,640,1920,135.24094241583026,0.40684289451282196,0.6025305205186088,2.3028336248678394,741.1982705373686
Batch_1/4ih2ggld,640,2048,77.9993175059718,0.4165035864799015,0.5667310187718336,0.8117274569709014,1348.0392156862742
Batch_1/4ih2ggld,640,2176,91.55273437499999,0.4184141935942003,0.782145919744497,1.71684290081006,646.9351447517386
Batch_1/4ih2ggld,640,2304,115.96679687499997,0.5997417539138689,1.2864328603204016,2.516816786152189,345.79641236222164
Batch_1/4ih2ggld,640,2432,109.86328124999997,0.5916719985349091,1.5410147755149513,4.692958664324296,163.43207354443305
Batch_1/4ih2ggld,640,2560,115.96679687499997,0.4296739856991561,2.6823527148296735,5.109576975131553,146.43298402965266
Batch_1/4ih2ggld,640,2688,134.27734374999997,0.36986373899760117,1.1767109378454488,6.328990130926751,163.19037176806566
Batch_1/4ih2ggld,640,2816,115.96679687499997,0.390882009522336,1.7409484456489452,5.73589660262078,155.27196855742633
Batch_1/4ih2ggld,640,2944,97.65624999999999,0.38256152068664573,1.8570048449930958,7.545811582630226,75.99939200486395
Batch_1/4ih2ggld,640,3072,103.75976562499999,0.4107362166615078,1.0395207495760133,8.268794564643521,67.1997849606881
Batch_1/4ih2ggld,640,3200,177.00195312499997,0.39493270848342943,0.7680841585558736,6.175750202407947,261.2183972385483
Batch_1/4ih2ggld,768,0,140.38085937499997,0.4259537945889915,1.7308204402388458,4.030699268218938,369.4296929115677
Batch_1/4ih2ggld,768,128,213.62304687499997,0.45834978442375407,1.1196846765823012,2.3452920571340155,687.7022653721682
Batch_1/4ih2ggld,768,256,189.20898437499997,0.45834978442375407,1.1901592303208293,2.3452920571340155,429.26131282418163
Batch_1/4ih2ggld,768,384,128.17382812499997,0.3826519928662906,1.4505269206998044,5.337483940345795,311.8300526213213
Batch_1/4ih2ggld,768,512,164.79492187499997,0.3523362819972964,0.9312961561251395,7.557192585814902,260.12312494580766
Batch_1/4ih2ggld,768,640,146.48437499999997,0.5155447336391664,1.0460656411224005,5.349992987438998,190.87612139721318
Batch_1/4ih2ggld,768,768,158.69140624999997,0.45481033813177874,0.9841981101654373,4.211062070226343,418.6795491143316
Batch_1/4ih2ggld,768,896,122.07031249999997,0.4240773095767334,0.96455508524571,2.2025082668269307,728.9515247236056
Batch_1/4ih2ggld,768,1024,97.65624999999999,0.42961009840065345,0.8929496722375999,1.3398760233979037,933.1259720062206
Batch_1/4ih2ggld,768,1152,79.34570312499999,0.43336224206596097,0.6211075626237391,0.9706684619910242,962.8242845680661
Batch_1/4ih2ggld,768,1280,91.55273437499999,0.4406461512053774,1.2411254744393243,2.062959810145918,479.83205877942714
Batch_1/4ih2ggld,768,1408,109.86328124999997,0.36834550600489857,1.3342452293495102,6.257928195272918,138.2852627419992
Batch_1/4ih2ggld,768,1536,97.65624999999999,0.44899433326515314,1.5606489158381114,7.061616441690433,76.50231419500437
Batch_1/4ih2ggld,768,1664,128.97480385081914,0.4720348719413148,1.437299955239964,3.8389774328992234,202.8838489964495
Batch_1/4ih2ggld,768,1792,147.19165021911482,0.43519080715139635,1.1663503628915075,2.0996647169597105,483.0917874396134
Batch_1/4ih2ggld,768,1920,135.90357998640962,0.3989422804014327,1.4829958176070324,2.0996647169597105,683.5659356308743
Batch_1/4ih2ggld,768,2048,91.40618624010445,0.3788880526222438,1.1930452419043307,4.2550518593941975,325.52083333333326
Batch_1/4ih2ggld,768,2176,109.86328124999997,0.4087524662345862,1.0314943999764419,3.846432569254606,314.19370041630657
Batch_1/4ih2ggld,768,2304,85.44921874999999,0.5763640789494573,2.212770660805708,3.2326635400879336,309.68740927126674
Batch_1/4ih2ggld,768,2432,115.96679687499997,0.4259537945889915,1.9088030405076846,4.757292602696151,237.24792408066423
Batch_1/4ih2ggld,768,2560,189.20898437499997,0.4370193722368317,1.0896310731002212,4.336926466358427,331.82170113925446
Batch_1/4ih2ggld,768,2688,128.17382812499997,0.5322553886092406,2.1079862454783043,2.4286379291663964,330.9763803219497
Batch_1/4ih2ggld,768,2816,97.65624999999999,0.42020510118033194,3.226456999833805,4.379652239782884,106.97475395806589
Batch_1/4ih2ggld,768,2944,109.86328124999997,0.40676762988351767,2.5764572933321706,5.604535624707587,45.156920298035665
Batch_1/4ih2ggld,768,3072,134.27734374999997,0.4836218345402663,1.6142989252346658,4.55528500538894,177.2558577521741
Batch_1/4ih2ggld,768,3200,164.79492187499997,0.3989422804014327,1.1678764260096155,2.7373371587669713,454.73923546966023
Batch_1/4ih2ggld,896,0,109.86328124999997,0.4240773095767334,2.944595463770853,5.056976987885722,220.99447513812152
Batch_1/4ih2ggld,896,128,128.17382812499997,0.4720348719413148,1.4592782937361743,6.960599670720533,159.38371629698497
Batch_1/4ih2ggld,896,256,170.89843749999997,0.46179621679594096,0.9494441440950142,4.732134876884817,399.0688393747921
Batch_1/4ih2ggld,896,384,164.79492187499997,0.3826519928662906,0.9177343991874969,3.743685922813545,705.4673721340387
Batch_1/4ih2ggld,896,512,170.89843749999997,0.4008878014981257,0.9955094400999616,4.824398291783005,394.8910964398099
Batch_1/4ih2ggld,896,640,164.79492187499997,0.39493270848342943,1.3836552439357197,4.661653776265178,325.90983161325363
Batch_1/4ih2ggld,896,768,158.69140624999997,0.30642237530293837,0.7032172639749326,7.5035093568402305,217.85579622103978
Batch_1/4ih2ggld,896,896,115.96679687499997,0.4686510657907603,1.2890305507075261,7.116173114320595,133.4556676953874
Batch_1/4ih2ggld,896,1024,134.27734374999997,0.4564471940599041,1.3121898836986843,3.8965858865122964,296.75791972698266
Batch_1/4ih2ggld,896,1152,128.17382812499997,0.40684289451282196,0.6231677632421504,0.9607802401865856,688.9622506100185
Batch_1/4ih2ggld,896,1280,164.79492187499997,0.37846987830302403,0.9027877590688532,2.090548908134762,566.1404463799672
Batch_1/4ih2ggld,896,1408,140.38085937499997,0.35682482323055426,1.0570243894768458,5.388822776502046,294.5508100147275
Batch_1/4ih2ggld,896,1536,79.34570312499999,0.4370193722368317,2.863096431161867,5.119534747257149,208.41474534323302
Batch_1/4ih2ggld,896,1664,109.86328124999997,0.532045195284177,1.501602062665001,2.0867389014906146,782.7788649706455
Batch_1/4ih2ggld,896,1792,146.48437499999997,0.3605828714974722,0.9505211099120496,1.437299955239964,927.1523178807945
Batch_1/4ih2ggld,896,1920,128.71196101866323,0.3826519928662906,1.1941642642883694,4.862188318737782,251.04602510460245
Batch_1/4ih2ggld,896,2048,128.71196101866323,0.39493270848342943,1.3481652161769508,6.641640160935379,148.00805821650286
Batch_1/4ih2ggld,896,2176,158.69140624999997,0.3523362819972964,1.56077613962796,4.1639331767490075,181.7046164329112
Batch_1/4ih2ggld,896,2304,109.86328124999997,0.36123073140106343,2.049066657120782,3.1015036289635636,387.37793559841816
Batch_1/4ih2ggld,896,2432,201.41601562499997,0.41459297936560263,1.5325826473379798,3.0413952871175685,298.13094828574697
Batch_1/4ih2ggld,896,2560,225.83007812499994,0.4720348719413148,1.2693388208031073,2.880683726619676,240.4930106718773
Batch_1/4ih2ggld,896,2688,134.27734374999997,0.6484551384070911,2.0489462356838426,2.6044545829360475,168.83743367100817
Batch_1/4ih2ggld,896,2816,122.07031249999997,0.39460304748226593,2.070373185730973,4.379652239782884,129.68766886415216
Batch_1/4ih2ggld,896,2944,152.58789062499997,0.39493270848342943,1.1624170583089426,4.7773233969847375,93.63661191525885
Batch_1/4ih2ggld,896,3072,195.31249999999997,0.4068240848825388,1.323748189603165,4.462450725740055,138.55898653998415
Batch_1/4ih2ggld,896,3200,183.10546874999997,0.4068240848825388,1.113695994942873,1.95603804460168,350.13494784448164
Batch_1/5n1q8atc,0,0,195.31249999999997,0.5108573994933365,1.1809282538855406,2.8226399790232337,463.4546683402529
Batch_1/5n1q8atc,0,128,140.38085937499997,0.36996385101659596,1.123314211021009,1.512827842704336,635.4708261120738
Batch_1/5n1q8atc,0,256,109.86328124999997,0.37421686465980997,0.8394458040360234,1.512827842704336,918.4845005740526
Batch_1/5n1q8atc,0,384,97.65624999999999,0.4421517895063728,0.5849499731489178,1.034176589165282,1667.2982190223565
Batch_1/5n1q8atc,0,512,134.27734374999997,0.47854586255236065,0.9186324605573897,2.1528102431092235,580.7814149947201
Batch_1/5n1q8atc,0,640,97.65624999999999,0.42020510118033194,0.8439537764608638,5.039637468965864,233.59369297028974
Batch_1/5n1q8atc,0,768,79.34570312499999,0.39493270848342943,3.6645893300418995,4.556682332110575,224.99999999999994
Batch_1/5n1q8atc,0,896,79.34570312499999,0.31412746571571093,2.471000295076494,4.229917103489249,275.58753731914567
Batch_1/5n1q8atc,0,1024,122.07031249999997,0.38042293026946594,2.6269897778991953,3.91857996084118,330.38348082595866
Batch_1/5n1q8atc,0,1152,97.65624999999999,0.4817606988424079,3.727927643936347,5.458370209760677,148.16644030127173
Batch_1/5n1q8atc,0,1280,103.75976562499999,0.48204379149011684,3.222953314301564,4.1050365862644735,156.52951699463324
Batch_1/5n1q8atc,0,1408,103.75976562499999,0.36996385101659596,1.3421198765857145,2.2792141940852035,514.2589995324918
Batch_1/5n1q8atc,0,1536,67.13867187499999,0.3337790589062273,2.348004946481854,2.818690255978371,333.0557868442964
Batch_1/5n1q8atc,0,1664,85.44921874999999,0.36728935415492747,1.9520695133871837,5.892203262453363,181.5808886114736
Batch_1/5n1q8atc,0,1792,54.931640624999986,,,,71.05552989661419
Batch_1/5n1q8atc,0,1920,24.414062499999996,,,,37.47072599531615
Batch_1/5n1q8atc,0,2048,73.24218749999999,0.4029119531035698,1.7682539301322158,6.476395116300279,166.0353862917034
Batch_1/5n1q8atc,0,2176,140.38085937499997,0.4029119531035698,2.048317779283774,3.125528820372728,393.9393939393939
Batch_1/5n1q8atc,0,2304,103.75976562499999,0.45135166683820505,2.5365096971671774,8.068897329873058,87.10259441299071
Batch_1/5n1q8atc,0,2432,122.07031249999997,0.38599690817684307,1.4521254254443867,10.17842417352698,47.924853829195804
Batch_1/5n1q8atc,0,2560,183.10546874999997,0.3384810923925561,1.807863364461622,4.926250675985968,117.99907286442748
Batch_1/5n1q8atc,0,2688,146.48437499999997,0.3968158929537872,1.0330676993360743,3.583381197787101,573.7508964857757
Batch_1/5n1q8atc,0,2816,91.55273437499999,0.40684289451282196,0.9078615827826735,1.2437789380968078,1733.333333333333
Batch_1/5n1q8atc,0,2944,42.72460937499999,,,,550.6607929515417
Batch_1/5n1q8atc,0,3072,67.13867187499999,0.5585191925620058,2.195995167500245,2.6684437700523875,309.11901081916534
Batch_1/5n1q8atc,0,3200,91.55273437499999,0.4107362166615078,1.0849448406248172,3.1549247441051804,488.48569434752255
Batch_1/5n1q8atc,128,0,183.10546874999997,0.37844651235862303,0.8684512449283688,2.0389034095710143,649.7022198159176
Batch_1/5n1q8atc,128,128,195.31249999999997,0.3805609355846573,0.8290628559313945,1.4172280627406866,544.7307772889167
Batch_1/5n1q8atc,128,256,164.79492187499997,0.37846987830302403,0.9749207740344372,1.7769732893161914,667.951188182402
Batch_1/5n1q8atc,128,384,97.65624999999999,0.47509943018017375,1.3407189985129315,4.223138989291946,414.98080713766984
Batch_1/5n1q8atc,128,512,109.86328124999997,0.44768457833029285,1.0008518653958223,3.896994312265371,583.3029529711993
Batch_1/5n1q8atc,128,640,91.55273437499999,0.3989422804014327,1.2510983094514363,2.4279825147895533,584.0481839751777
Batch_1/5n1q8atc,128,768,115.96679687499997,0.37424103185095553,1.3215114879597682,4.046462720116693,316.40007031112674
Batch_1/5n1q8atc,128,896,115.96679687499997,0.541151637980601,2.5075466860572138,4.222762108385453,211.50343693085009
Batch_1/5n1q8atc,128,1024,103.75976562499999,0.6050259243299905,2.5211456629530526,3.771640069459652,271.28676243911457
Batch_1/5n1q8atc,128,1152,61.035156249999986,0.49180648975610003,4.54440429051864,4.556682332110575,128.36970474967904
Batch_1/5n1q8atc,128,1280,103.75976562499999,0.7091753098990329,1.8043068568583274,4.412597391317553,203.3036848792884
Batch_1/5n1q8atc,128,1408,115.96679687499997,0.48204379149011684,1.029262326206371,1.302532799341193,604.4403115192374
Batch_1/5n1q8atc,128,1536,128.17382812499997,0.3431831258788849,0.7632215220473916,2.354097516769387,671.1409395973153
Batch_1/5n1q8atc,128,1664,158.69140624999997,0.3477898169151024,1.1428678218816013,2.172679362470592,707.0260715863895
Batch_1/5n1q8atc,128,1792,97.65624999999999,0.3477898169151024,1.4092390396360983,1.8098090310392436,459.77011494252866
Batch_1/5n1q8atc,128,1920,85.44921874999999,0.46624761357098543,1.8670619108333577,4.897087586013425,203.86061030770207
Batch_1/5n1q8atc,128,2048,103.75976562499999,0.43336224206596097,1.8212941635867508,5.02033632220318,242.71844660194174
Batch_1/5n1q8atc,128,2176,170.89843749999997,0.42588821783008063,1.7673848493818323,3.2272433245625645,422.03632526942494
Batch_1/5n1q8atc,128,2304,122.07031249999997,0.39460304748226593,2.3954523651894464,8.068897329873058,98.10834840727226
Batch_1/5n1q8atc,128,2432,134.27734374999997,0.34881185131208514,2.03136455347685,9.657205266172447,81.66598611678235
Batch_1/5n1q8atc,128,2560,195.31249999999997,0.32162803252128747,1.1665138853426353,6.328990130926751,127.49816721384627
Batch_1/5n1q8atc,128,2688,183.10546874999997,0.32162803252128747,0.8344888346136453,8.170626195667406,158.55398763278893
Batch_1/5n1q8atc,128,2816,140.38085937499997,0.4107362166615078,1.1878262107271589,5.167496139520397,369.97509782995365
Batch_1/5n1q8atc,128,2944,115.96679687499997,0.4787307364817192,1.4620772616233744,2.590361442106933,486.5588127964967
Batch_1/5n1q8atc,128,3072,79.34570312499999,0.5585191925620058,1.4770229122290106,2.229084413684007,588.8538380651944
Batch_1/5n1q8atc,128,3200,30.517578124999993,,,,785.8546168958741
Batch_1/5n1q8atc,256,0,146.48437499999997,0.37606980460725714,0.7760746802144781,2.0389034095710143,366.6666666666666
Batch_1/5n1q8atc,256,128,158.69140624999997,0.4478115991081385,0.9335497486302449,1.4172280627406866,337.5242595561556
Batch_1/5n1q8atc,256,256,128.17382812499997,0.5781222885281108,1.0186708148166206,5.448739586763361,155.46055188495916
Batch_1/5n1q8atc,256,384,73.24218749999999,0.5030246868548343,2.64549659116403,7.865944042287946,43.53504571179799
Batch_1/5n1q8atc,256,512,73.24218749999999,0.4388327617211045,4.880631474735724,7.618230867326782,64.57236948309816
Batch_1/5n1q8atc,256,640,85.44921874999999,0.38883545045854423,0.4720304309518323,7.273889556590044,178.7398838190755
Batch_1/5n1q8atc,256,768,225.83007812499994,0.3867888913947525,0.7809390667664635,3.5909237654544217,479.0828984515355
Batch_1/5n1q8atc,256,896,207.51953124999997,0.4221839940915959,1.246352905773478,3.5909237654544217,202.2116903633491
Batch_1/5n1q8atc,256,1024,128.17382812499997,0.41459297936560263,1.2791062563308353,2.4939477091613753,274.7881841080833
Batch_1/5n1q8atc,256,1152,122.07031249999997,0.4121855769693056,1.6151164070061503,1.827312427054543,298.2039986445272
Batch_1/5n1q8atc,256,1280,134.27734374999997,0.6341445348696472,1.5629440716222742,1.6641201909113954,309.05930075333197
Batch_1/5n1q8atc,256,1408,109.86328124999997,0.6851970102612019,1.0504888155260923,1.2615662610100802,546.3858850313032
Batch_1/5n1q8atc,256,1536,128.17382812499997,0.4370193722368317,0.982078894558317,4.865133414062422,396.7538322813345
Batch_1/5n1q8atc,256,1664,152.58789062499997,0.3477898169151024,0.8364432430728923,6.126849506692199,238.60653781913618
Batch_1/5n1q8atc,256,1792,85.44921874999999,0.3086318739315903,1.5167711029327533,3.7240786432388564,251.04602510460245
Batch_1/5n1q8atc,256,1920,73.24218749999999,0.4245666634549935,2.4482851700277974,3.64197377218433,254.63805020007268
Batch_1/5n1q8atc,256,2048,85.44921874999999,0.444113213106342,2.556262193663953,3.64197377218433,227.25428130833532
Batch_1/5n1q8atc,256,2176,189.20898437499997,0.4184141935942003,1.2951807210534665,4.124762225452955,393.8115330520393
Batch_1/5n1q8atc,256,2304,225.83007812499994,0.3337790589062273,1.8601372364005688,4.5332202959955,242.3948612289419
Batch_1/5n1q8atc,256,2432,183.10546874999997,0.46160309612603884,2.198610414498962,5.108953969950291,273.2240437158469
Batch_1/5n1q8atc,256,2560,152.58789062499997,0.4886025119029199,2.649512732292593,6.158717889111378,231.22278315156646
Batch_1/5n1q8atc,256,2688,140.38085937499997,0.37846987830302403,1.3131345283228655,8.159320602558758,138.0262249827467
Batch_1/5n1q8atc,256,2816,164.79492187499997,0.4107362166615078,1.1473387579287013,5.352074986178662,306.98388334612423
Batch_1/5n1q8atc,256,2944,158.69140624999997,0.5215753928021349,1.2022654000910424,3.533736950452044,298.5884907709011
Batch_1/5n1q8atc,256,3072,134.27734374999997,0.4331383013331376,1.3962021325099894,3.278130832893156,408.0497078735045
Batch_1/5n1q8atc,256,3200,61.035156249999986,0.31852740810037306,0.6212794543459974,1.4766254502611575,742.2527370569678
Batch_1/5n1q8atc,384,0,103.75976562499999,0.3431831258788849,0.5552690277305908,0.819532708223289,765.257317773101
Batch_1/5n1q8atc,384,128,79.34570312499999,0.46524264916812785,0.8473632630886275,1.0108287365572708,984.736582964057
Batch_1/5n1q8atc,384,256,109.86328124999997,0.48650663718055426,0.8995839333917695,5.704456123467769,230.91725465041688
Batch_1/5n1q8atc,384,384,79.34570312499999,0.461809077155419,2.631489277753596,7.2282352423124285,78.21360134527393
Batch_1/5n1q8atc,384,512,54.931640624999986,,,,48.97909205008111
Batch_1/5n1q8atc,384,640,79.34570312499999,0.4029119531035698,3.58431036782596,7.224270824013613,118.52729831839393
Batch_1/5n1q8atc,384,768,152.58789062499997,0.3867888913947525,1.2293038406721226,6.626526148673522,190.88937093275482
Batch_1/5n1q8atc,384,896,134.27734374999997,0.42965801832747624,0.7050135906903752,8.761484586078033,38.509675555983435
Batch_1/5n1q8atc,384,1024,122.07031249999997,0.4650412016599621,0.9557621277297138,6.377838219602832,125.22361359570658
Batch_1/5n1q8atc,384,1152,134.27734374999997,0.4053430332105252,1.8109932034402287,2.6172559581888772,280.41552482314694
Batch_1/5n1q8atc,384,1280,140.38085937499997,0.48204379149011684,1.3276552395962118,1.6641201909113954,394.5097394591928
Batch_1/5n1q8atc,384,1408,122.07031249999997,0.5201480951390451,0.8786514064341017,1.2615662610100802,889.943636902996
Batch_1/5n1q8atc,384,1536,134.27734374999997,0.44424332232904784,0.8698389931160363,6.754035074605333,249.94319472847076
Batch_1/5n1q8atc,384,1664,115.96679687499997,0.4107362166615078,1.084973414171567,7.842844025361956,67.48776784207861
Batch_1/5n1q8atc,384,1792,79.34570312499999,0.41459297936560263,1.2990313162214664,3.9866292299581447,229.40164404511563
Batch_1/5n1q8atc,384,1920,79.34570312499999,0.36563663957157266,1.9392012241755214,3.7227963205690218,221.93452931385238
Batch_1/5n1q8atc,384,2048,85.44921874999999,0.3473064358477749,1.7592661515700518,3.7227963205690218,281.973816717019
Batch_1/5n1q8atc,384,2176,128.17382812499997,0.4222008245644753,1.2463355264843008,3.5265233946765053,311.5568104371531
Batch_1/5n1q8atc,384,2304,213.62304687499997,0.3385137501286538,1.437261587903665,3.7206581340043936,325.4325541031621
Batch_1/5n1q8atc,384,2432,164.79492187499997,0.40684289451282196,1.696693557616757,4.839549713083162,308.4405955276113
Batch_1/5n1q8atc,384,2560,152.58789062499997,0.4478115991081385,0.8935344473705742,5.4978820278369716,347.99900571712647
Batch_1/5n1q8atc,384,2688,164.79492187499997,0.3867888913947525,1.074095529425216,4.637693285399406,512.4509568420209
Batch_1/5n1q8atc,384,2816,201.41601562499997,0.32410224072142874,0.6926672271559917,1.4472315126092794,1123.595505617977
Batch_1/5n1q8atc,384,2944,201.41601562499997,0.3289762321239771,0.8979765098010414,2.4036065473025743,544.2670537010158
Batch_1/5n1q8atc,384,3072,170.89843749999997,0.3385137501286538,1.0156256243608215,2.4036065473025743,482.60607279308255
Batch_1/5n1q8atc,384,3200,91.55273437499999,0.3431831258788849,0.6784763947915577,0.8812923024107548,933.5879482283045
Batch_1/5n1q8atc,512,0,97.65624999999999,0.3477898169151024,1.478154896697541,2.4792264725532838,762.921991226397
Batch_1/5n1q8atc,512,128,97.65624999999999,0.6742595712523833,1.8149366833967522,2.4792264725532838,405.8029826519224
Batch_1/5n1q8atc,512,256,128.17382812499997,0.5322553886092406,1.373891416768399,2.451467040600377,341.9069080736653
Batch_1/5n1q8atc,512,384,128.17382812499997,0.40684289451282196,1.4538148590038453,3.37147534999489,348.1563538534578
Batch_1/5n1q8atc,512,512,79.34570312499999,0.4950743503369154,2.175351515653843,7.433612596948141,121.201627564713
Batch_1/5n1q8atc,512,640,97.65624999999999,0.7347964329133116,1.210591480534198,7.504781892990623,132.3298321065255
Batch_1/5n1q8atc,512,768,128.17382812499997,0.5917270272703198,2.8090749506725827,5.503379477229213,170.32148179689162
Batch_1/5n1q8atc,512,896,109.86328124999997,0.5525203916835661,2.2652736362957433,7.739891509561966,50.573695356702586
Batch_1/5n1q8atc,512,1024,79.34570312499999,0.5698035485213009,1.9356619380803708,6.086975501165849,178.6811100563962
Batch_1/5n1q8atc,512,1152,109.86328124999997,0.4068240848825388,1.2458817079047102,2.5413593981704192,626.6318537859007
Batch_1/5n1q8atc,512,1280,109.86328124999997,0.4068240848825388,1.1060268455065436,4.0801479197955866,315.9245730081942
Batch_1/5n1q8atc,512,1408,97.65624999999999,0.45100665392836065,0.8345037346159211,4.658580045465662,409.72157556569505
Batch_1/5n1q8atc,512,1536,140.38085937499997,0.5232078956954491,1.9500575115531653,4.746574948748698,319.34968790825945
Batch_1/5n1q8atc,512,1664,122.07031249999997,0.6292344116060452,2.1095220043629905,4.910718580542362,87.92174964281787
Batch_1/5n1q8atc,512,1792,134.27734374999997,0.42593740513181566,1.2340618411477666,3.3813741454801716,445.23597506678533
Batch_1/5n1q8atc,512,1920,146.48437499999997,0.3805609355846573,1.055223770972916,2.0744998580874503,904.2954031650337
Batch_1/5n1q8atc,512,2048,158.69140624999997,0.37421686465980997,1.0836921942031903,1.9140916357310147,916.9805141640737
Batch_1/5n1q8atc,512,2176,85.44921874999999,0.404762843924516,1.269411873732921,1.5756957549709802,667.1608598962193
Batch_1/5n1q8atc,512,2304,115.96679687499997,0.36563663957157266,1.0581577689286095,4.656871540605524,520.0594353640415
Batch_1/5n1q8atc,512,2432,115.96679687499997,0.3826519928662906,1.1838092196112022,5.998478935048094,325.40166768354686
Batch_1/5n1q8atc,512,2560,97.65624999999999,0.43677624570134016,2.2963761897178268,3.7809121900031,291.46552509336
Batch_1/5n1q8atc,512,2688,115.96679687499997,0.36563663957157266,1.9326456022593979,2.9141907561763243,477.7415852334418
Batch_1/5n1q8atc,512,2816,189.20898437499997,0.3477898169151024,1.0233472165128858,2.780029502818709,737.6871338685179
Batch_1/5n1q8atc,512,2944,201.41601562499997,0.39493270848342943,1.0121544969142566,3.4085643379153576,711.8927973199328
Batch_1/5n1q8atc,512,3072,134.27734374999997,0.404762843924516,0.9356188370745785,4.053143622664442,470.9408113025794
Batch_1/5n1q8atc,512,3200,91.55273437499999,0.45135166683820505,0.8651393176764134,2.193094247914822,701.1393514460997
Batch_1/5n1q8atc,640,0,79.34570312499999,0.36125759969217835,1.8960510100140537,4.873631470170315,253.5858625881607
Batch_1/5n1q8atc,640,128,109.86328124999997,0.496251652409403,1.702866648594895,5.097102403358304,163.82891580363932
Batch_1/5n1q8atc,640,256,128.17382812499997,0.541151637980601,1.373891416768399,2.1140176919837783,347.1619510501648
Batch_1/5n1q8atc,640,384,146.48437499999997,0.33614640451744054,1.4298378263332114,2.9677659191225794,443.4589800443458
Batch_1/5n1q8atc,640,512,97.65624999999999,0.3667232293060416,0.5764478500363973,8.738202074670035,103.05104707224613
Batch_1/5n1q8atc,640,640,103.75976562499999,0.4029119531035698,1.3213879606351076,7.957873576293178,110.7956512706876
Batch_1/5n1q8atc,640,768,146.48437499999997,0.6162616070974534,1.3892416693616347,3.171026537975668,355.4923569143263
Batch_1/5n1q8atc,640,896,103.75976562499999,0.5917270272703198,1.377377163529399,3.7559944296638146,250.45002739297166
Batch_1/5n1q8atc,640,1024,67.13867187499999,0.3989422804014327,1.6263932962808536,2.01297909853025,647.2491909385112
Batch_1/5n1q8atc,640,1152,91.55273437499999,0.32410224072142874,0.6145099478214292,0.9673836185197393,2208.588957055214
Batch_1/5n1q8atc,640,1280,97.65624999999999,0.3864379020600829,0.9323910437268427,3.9392393874274507,473.65304914150374
Batch_1/5n1q8atc,640,1408,128.17382812499997,0.40684289451282196,1.0509687459947388,4.452453223957157,425.3230819564861
Batch_1/5n1q8atc,640,1536,152.58789062499997,0.3191538243211462,1.8854594007914613,4.324799291546319,343.71643394199776
Batch_1/5n1q8atc,640,1664,79.34570312499999,0.6050259243299905,3.7461669316610733,4.717313233516385,112.68875366238447
Batch_1/5n1q8atc,640,1792,115.96679687499997,0.3826519928662906,1.0551323932334988,4.717313233516385,407.2904999490886
Batch_1/5n1q8atc,640,1920,158.69140624999997,0.3826519928662906,0.9707235944190173,1.0969099187147178,1943.5165502581228
Batch_1/5n1q8atc,640,2048,189.20898437499997,0.41459297936560263,0.9027033336764101,1.6669868944849247,996.5742759265025
Batch_1/5n1q8atc,640,2176,177.00195312499997,0.39493270848342943,0.8184706046762097,2.279912375812128,537.8012203950769
Batch_1/5n1q8atc,640,2304,115.96679687499997,0.4029119531035698,1.8044033645106115,5.0085928293428434,254.47990669070086
Batch_1/5n1q8atc,640,2432,134.27734374999997,0.3373280005950622,1.004039137868522,4.730116478466323,304.56300647196383
Batch_1/5n1q8atc,640,2560,134.27734374999997,0.36993883571126407,1.395806364324856,2.1335021379010164,831.9999999999999
Batch_1/5n1q8atc,640,2688,122.07031249999997,0.3741443162189316,0.7439552037523225,2.7737249231065113,677.3920406435224
Batch_1/5n1q8atc,640,2816,189.20898437499997,0.39493270848342943,1.2309163489997377,2.787461985704259,484.4870958725425
Batch_1/5n1q8atc,640,2944,128.17382812499997,0.4478115991081385,1.2309163489997377,7.627626170485367,147.17906786590348
Batch_1/5n1q8atc,640,3072,79.34570312499999,0.3431831258788849,2.8889414455779425,9.061699693701646,86.0188627077509
Batch_1/5n1q8atc,640,3200,109.86328124999997,0.35000397455471954,2.0988669282186563,5.663294459224132,164.8989993628902
Batch_1/5n1q8atc,768,0,54.931640624999986,,,,132.58935970388373
Batch_1/5n1q8atc,768,128,67.13867187499999,0.31412746571571093,0.8387281135541944,7.199775341288805,80.96510404015868
Batch_1/5n1q8atc,768,256,91.55273437499999,0.40684289451282196,1.7433702205296595,4.407544934971933,224.16139620526775
Batch_1/5n1q8atc,768,384,97.65624999999999,0.4370193722368317,1.9832706132127846,3.332541361926729,328.31737346101227
Batch_1/5n1q8atc,768,512,67.13867187499999,0.4029119531035698,2.423389650900354,5.801833370921288,130.40643338404692
Batch_1/5n1q8atc,768,640,67.13867187499999,0.4029119531035698,2.902699207166485,5.000642424588925,123.01383905689386
Batch_1/5n1q8atc,768,768,54.931640624999986,,,,260.41666666666663
Batch_1/5n1q8atc,768,896,61.035156249999986,0.45113101070247974,0.7841313768032577,1.124139781410501,740.9367557554908
Batch_1/5n1q8atc,768,1024,67.13867187499999,0.3523362819972964,1.3267455184007078,2.3028336248678394,556.1072492552133
Batch_1/5n1q8atc,768,1152,91.55273437499999,0.32410224072142874,0.8881603019692794,2.3028336248678394,1090.9992561368706
Batch_1/5n1q8atc,768,1280,61.035156249999986,0.34065625706063674,0.6366255470705795,0.897398468933946,2020.2020202020199
Batch_1/5n1q8atc,768,1408,67.13867187499999,0.4029119531035698,0.8920620580763856,1.600748132524138,947.867298578199
Batch_1/5n1q8atc,768,1536,61.035156249999986,0.3115734136671313,1.931842396819053,4.9116907754733,225.92487997740747
Batch_1/5n1q8atc,768,1664,73.24218749999999,0.3542388005726249,2.9293450439135946,4.830003266915046,234.14063071632395
Batch_1/5n1q8atc,768,1792,115.96679687499997,0.3385137501286538,1.1382651972687503,3.1493707392885515,596.8529571351056
Batch_1/5n1q8atc,768,1920,109.86328124999997,0.36774931577156694,1.1731883415981765,4.723045291309417,364.66774716369525
Batch_1/5n1q8atc,768,2048,109.86328124999997,0.4703186211560335,0.9983440985987604,8.170041807282317,81.89337482597655
Batch_1/5n1q8atc,768,2176,115.96679687499997,0.37424103185095553,1.8522711466775774,7.917371147431066,83.98950131233595
Batch_1/5n1q8atc,768,2304,103.75976562499999,0.43336224206596097,2.4596629366476583,5.0085928293428434,198.98022634000742
Batch_1/5n1q8atc,768,2432,177.00195312499997,0.37424103185095553,0.721043987515779,4.730116478466323,387.46438746438736
Batch_1/5n1q8atc,768,2560,201.41601562499997,0.35682482323055426,0.6336361329893179,1.6057117045374942,886.153846153846
Batch_1/5n1q8atc,768,2688,158.69140624999997,0.3407844379106648,0.5211817395945748,1.6057117045374942,1064.3015521064299
Batch_1/5n1q8atc,768,2816,183.10546874999997,0.3805609355846573,0.6692539903353508,3.3558611075523546,561.2520237452778
Batch_1/5n1q8atc,768,2944,103.75976562499999,0.39493270848342943,1.7480753500411288,9.156225085868455,86.97002640161514
Batch_1/5n1q8atc,768,3072,48.82812499999999,,,,20.67878098586088
Batch_1/5n1q8atc,768,3200,91.55273437499999,0.4406461512053774,3.9297692961815693,6.726881403732914,64.61409233353793
Batch_1/5n1q8atc,896,0,42.72460937499999,,,,224.2990654205607
Batch_1/5n1q8atc,896,128,42.72460937499999,,,,114.23349326022388
Batch_1/5n1q8atc,896,256,91.55273437499999,0.4406461512053774,1.5212561585689,3.9638082675669253,253.27905924920847
Batch_1/5n1q8atc,896,384,109.86328124999997,0.45122761418039825,0.9903841379286056,3.1091914131171987,410.67761806981514
Batch_1/5n1q8atc,896,512,73.24218749999999,0.5927375458125135,1.3051205390839378,2.400293511203705,320.38446135362426
Batch_1/5n1q8atc,896,640,67.13867187499999,0.3523362819972964,2.104964041421698,2.8884082323794114,260.2260713995283
Batch_1/5n1q8atc,896,768,67.13867187499999,0.35682482323055426,2.9256371681194735,3.681958453400533,185.01387604070302
Batch_1/5n1q8atc,896,896,79.34570312499999,0.4222008245644753,0.7356132180109628,5.440554780188386,330.09352649917474
Batch_1/5n1q8atc,896,1024,122.07031249999997,0.44372173686630156,2.3404066573874593,4.005348706874727,278.0867630700778
Batch_1/5n1q8atc,896,1152,109.86328124999997,0.4087894655827121,1.9754442303529656,2.676780816203884,345.42314335060445
Batch_1/5n1q8atc,896,1280,36.62109374999999,,,,893.2559178204555
Batch_1/5n1q8atc,896,1408,18.310546874999996,,,,271.43180275955666
Batch_1/5n1q8atc,896,1536,24.414062499999996,,,,108.68826846002307
Batch_1/5n1q8atc,896,1664,73.24218749999999,0.5756876025824094,3.6972215888842586,4.273340399542736,207.66275568476792
Batch_1/5n1q8atc,896,1792,97.65624999999999,0.42965801832747624,1.4412385730028412,3.9339835620215684,370.5887307335972
Batch_1/5n1q8atc,896,1920,122.07031249999997,0.4736909011362398,1.774470948339033,6.4761493654467435,106.69511869831953
Batch_1/5n1q8atc,896,2048,91.55273437499999,0.46524264916812785,0.8971812975899207,12.106304307858142,15.92959120686565
Batch_1/5n1q8atc,896,2176,67.13867187499999,0.4107362166615078,0.9440697438826297,11.620798992043241,52.99183042614263
Batch_1/5n1q8atc,896,2304,134.27734374999997,0.4068240848825388,0.9416793059021714,4.650715726228445,375.3005336304462
Batch_1/5n1q8atc,896,2432,177.00195312499997,0.31412746571571093,0.6008658707984252,1.0249012754438886,1338.2899628252785
Batch_1/5n1q8atc,896,2560,164.79492187499997,0.3523362819972964,0.6169037189868061,0.6793742230659745,997.0400373890012
Batch_1/5n1q8atc,896,2688,164.79492187499997,0.3289762321239771,0.6041070607721184,0.8018640596081466,1074.4985673352435
Batch_1/5n1q8atc,896,2816,219.72656249999994,0.37402324554346544,0.8785227341872386,2.516184340662583,707.4776456716123
Batch_1/5n1q8atc,896,2944,152.58789062499997,0.4107362166615078,2.3640633570231984,6.313379756353508,122.76214833759589
Batch_1/5n1q8atc,896,3072,85.44921874999999,0.4347285817561628,4.872930820760365,6.230911395441035,87.1428052721397
Batch_1/5n1q8atc,896,3200,140.38085937499997,0.47539459314393917,2.3681903227190353,3.6301555459799424,229.10965442627122
Batch_1/f1vzngrs,0,0,6.103515624999999,,,,928.074245939675
Batch_1/f1vzngrs,0,128,6.103515624999999,,,,67.83110055960655
Batch_1/f1vzngrs,0,256,12.207031249999998,,,,134.61214874642434
Batch_1/f1vzngrs,0,384,6.103515624999999,,,,589.101620029455
Batch_1/f1vzngrs,0,512,6.103515624999999,,,,146.35931211123304
Batch_1/f1vzngrs,0,640,6.103515624999999,,,,96.15384615384613
Batch_1/f1vzngrs,0,768,6.103515624999999,,,,149.30944382232173
Batch_1/f1vzngrs,0,896,12.207031249999998,,,,217.45039412883932
Batch_1/f1vzngrs,0,1024,18.310546874999996,,,,228.26707247479547
Batch_1/f1vzngrs,0,1152,18.310546874999996,,,,190.35532994923855
Batch_1/f1vzngrs,0,1280,6.103515624999999,,,,101.31712259371831
Batch_1/f1vzngrs,0,1408,0.0,,,,
Batch_1/f1vzngrs,0,1536,0.0,,,,
Batch_1/f1vzngrs,0,1664,6.103515624999999,,,,225.6063169768753
Batch_1/f1vzngrs,0,1792,6.103515624999999,,,,279.7202797202797
Batch_1/f1vzngrs,0,1920,24.414062499999996,,,,595.0167348456674
Batch_1/f1vzngrs,0,2048,36.62109374999999,,,,193.7233630375823
Batch_1/f1vzngrs,0,2176,73.24218749999999,0.9338744328209182,3.835849606539744,4.20955001916495,100.31096398836391
Batch_1/f1vzngrs,0,2304,85.44921874999999,0.8592201968013069,2.016180779398937,4.030304391973247,276.11596870685685
Batch_1/f1vzngrs,0,2432,42.72460937499999,,,,1030.9278350515463
Batch_1/f1vzngrs,0,2560,30.517578124999993,,,,406.586704614759
Batch_1/f1vzngrs,0,2688,36.62109374999999,,,,521.172638436482
Batch_1/f1vzngrs,0,2816,18.310546874999996,,,,1255.2301255230122
Batch_1/f1vzngrs,0,2944,24.414062499999996,,,,252.57840454641124
Batch_1/f1vzngrs,0,3072,48.82812499999999,,,,236.42658110276108
Batch_1/f1vzngrs,0,3200,61.035156249999986,0.9614510438781467,1.7116360499480572,2.745465007031079,318.9429319968105
Batch_1/f1vzngrs,128,0,12.207031249999998,,,,627.4509803921568
Batch_1/f1vzngrs,128,128,18.310546874999996,,,,44.93372275893057
Batch_1/f1vzngrs,128,256,18.310546874999996,,,,36.94126339120797
Batch_1/f1vzngrs,128,384,6.103515624999999,,,,139.71358714634997
Batch_1/f1vzngrs,128,512,0.0,,,,
Batch_1/f1vzngrs,128,640,6.103515624999999,,,,88.77052818464267
Batch_1/f1vzngrs,128,768,12.207031249999998,,,,28.13928948294055
Batch_1/f1vzngrs,128,896,12.207031249999998,,,,26.950545748551406
Batch_1/f1vzngrs,128,1024,30.517578124999993,,,,221.26953395104405
Batch_1/f1vzngrs,128,1152,30.517578124999993,,,,341.15138592750526
Batch_1/f1vzngrs,128,1280,18.310546874999996,,,,353.04501323918794
Batch_1/f1vzngrs,128,1408,6.103515624999999,,,,50.20710430525918
Batch_1/f1vzngrs,128,1536,6.103515624999999,,,,60.50521857510209
Batch_1/f1vzngrs,128,1664,0.0,,,,
Batch_1/f1vzngrs,128,1792,6.103515624999999,,,,483.67593712212806
Batch_1/f1vzngrs,128,1920,18.310546874999996,,,,487.8048780487804
Batch_1/f1vzngrs,128,2048,30.517578124999993,,,,253.06845501708207
Batch_1/f1vzngrs,128,2176,67.13867187499999,1.0233472165128858,2.7081100010292305,5.680691530202349,142.55893284455985
Batch_1/f1vzngrs,128,2304,91.55273437499999,0.8444016491289505,2.4048126544248487,5.555190677692217,214.99596882558447
Batch_1/f1vzngrs,128,2432,67.13867187499999,0.8740387444736634,2.9548672014189368,3.6620206860315663,310.10756856284513
Batch_1/f1vzngrs,128,2560,42.72460937499999,,,,287.39073164890425
Batch_1/f1vzngrs,128,2688,67.13867187499999,1.0704744696916628,1.4406180819073164,1.8446497454272242,650.6180871828235
Batch_1/f1vzngrs,128,2816,48.82812499999999,,,,888.6420438767008
Batch_1/f1vzngrs,128,2944,30.517578124999993,,,,404.040404040404
Batch_1/f1vzngrs,128,3072,18.310546874999996,,,,115.60693641618494
Batch_1/f1vzngrs,128,3200,18.310546874999996,,,,186.78496381041325
Batch_1/f1vzngrs,256,0,12.207031249999998,,,,139.68919154880388
Batch_1/f1vzngrs,256,128,18.310546874999996,,,,111.63829193413339
Batch_1/f1vzngrs,256,256,18.310546874999996,,,,74.3909243072345
Batch_1/f1vzngrs,256,384,6.103515624999999,,,,123.00123001230011
Batch_1/f1vzngrs,256,512,12.207031249999998,,,,283.4868887313961
Batch_1/f1vzngrs,256,640,18.310546874999996,,,,194.7103683271134
Batch_1/f1vzngrs,256,768,12.207031249999998,,,,27.412280701754383
Batch_1/f1vzngrs,256,896,24.414062499999996,,,,74.00555041628121
Batch_1/f1vzngrs,256,1024,48.82812499999999,,,,319.48881789137374
Batch_1/f1vzngrs,256,1152,36.62109374999999,,,,578.3689994216309
Batch_1/f1vzngrs,256,1280,24.414062499999996,,,,577.408877661494
Batch_1/f1vzngrs,256,1408,12.207031249999998,,,,76.37231503579952
Batch_1/f1vzngrs,256,1536,12.207031249999998,,,,87.1174997277578
Batch_1/f1vzngrs,256,1664,6.103515624999999,,,,168.84761502743768
Batch_1/f1vzngrs,256,1792,12.207031249999998,,,,374.7072599531615
Batch_1/f1vzngrs,256,1920,30.517578124999993,,,,554.0166204986149
Batch_1/f1vzngrs,256,2048,36.62109374999999,,,,258.49812588858725
Batch_1/f1vzngrs,256,2176,24.414062499999996,,,,74.94379215588306
Batch_1/f1vzngrs,256,2304,24.414062499999996,,,,81.45533532446373
Batch_1/f1vzngrs,256,2432,42.72460937499999,,,,239.21060500348844
Batch_1/f1vzngrs,256,2560,24.414062499999996,,,,167.80283167278444
Batch_1/f1vzngrs,256,2688,30.517578124999993,,,,149.5438911320472
Batch_1/f1vzngrs,256,2816,42.72460937499999,,,,197.4751392905
Batch_1/f1vzngrs,256,2944,42.72460937499999,,,,551.5067953515854
Batch_1/f1vzngrs,256,3072,18.310546874999996,,,,2051.282051282051
Batch_1/f1vzngrs,256,3200,6.103515624999999,,,,283.28611898016993
Batch_1/f1vzngrs,384,0,24.414062499999996,,,,120.30979772915254
Batch_1/f1vzngrs,384,128,36.62109374999999,,,,206.44095788604454
Batch_1/f1vzngrs,384,256,48.82812499999999,,,,565.6108597285066
Batch_1/f1vzngrs,384,384,48.82812499999999,,,,171.04981825956804
Batch_1/f1vzngrs,384,512,42.72460937499999,,,,220.38567493112942
Batch_1/f1vzngrs,384,640,30.517578124999993,,,,448.2294935006722
Batch_1/f1vzngrs,384,768,0.0,,,,
Batch_1/f1vzngrs,384,896,18.310546874999996,,,,356.93039857227836
Batch_1/f1vzngrs,384,1024,30.517578124999993,,,,342.95513003715337
Batch_1/f1vzngrs,384,1152,48.82812499999999,,,,1470.5882352941173
Batch_1/f1vzngrs,384,1280,48.82812499999999,,,,1614.530776992936
Batch_1/f1vzngrs,384,1408,30.517578124999993,,,,478.58339315625744
Batch_1/f1vzngrs,384,1536,18.310546874999996,,,,248.29298572315327
Batch_1/f1vzngrs,384,1664,12.207031249999998,,,,146.84287812041114
Batch_1/f1vzngrs,384,1792,30.517578124999993,,,,350.56967572304984
Batch_1/f1vzngrs,384,1920,36.62109374999999,,,,357.14285714285705
Batch_1/f1vzngrs,384,2048,30.517578124999993,,,,276.81660899653974
Batch_1/f1vzngrs,384,2176,30.517578124999993,,,,367.759730309531
Batch_1/f1vzngrs,384,2304,12.207031249999998,,,,248.75621890547262
Batch_1/f1vzngrs,384,2432,12.207031249999998,,,,344.3822643133878
Batch_1/f1vzngrs,384,2560,18.310546874999996,,,,136.45667500568567
Batch_1/f1vzngrs,384,2688,18.310546874999996,,,,82.6389367123476
Batch_1/f1vzngrs,384,2816,18.310546874999996,,,,102.24948875255622
Batch_1/f1vzngrs,384,2944,30.517578124999993,,,,390.0916715428125
Batch_1/f1vzngrs,384,3072,24.414062499999996,,,,301.3750235449237
Batch_1/f1vzngrs,384,3200,12.207031249999998,,,,80.4586141003721
Batch_1/f1vzngrs,512,0,42.72460937499999,,,,258.04073357294254
Batch_1/f1vzngrs,512,128,67.13867187499999,0.5527906391541368,1.3808244704671577,4.792955714993012,308.3247687564234
Batch_1/f1vzngrs,512,256,61.035156249999986,0.5126492886881393,1.2163890659211924,1.4284139352575984,598.6530306809676
Batch_1/f1vzngrs,512,384,54.931640624999986,,,,222.71714922048997
Batch_1/f1vzngrs,512,512,36.62109374999999,,,,116.65208515602212
Batch_1/f1vzngrs,512,640,30.517578124999993,,,,163.3319722335647
Batch_1/f1vzngrs,512,768,24.414062499999996,,,,370.6277507528375
Batch_1/f1vzngrs,512,896,18.310546874999996,,,,305.6546102903718
Batch_1/f1vzngrs,512,1024,24.414062499999996,,,,333.33333333333326
Batch_1/f1vzngrs,512,1152,54.931640624999986,,,,734.7152978220938
Batch_1/f1vzngrs,512,1280,42.72460937499999,,,,496.07275733774276
Batch_1/f1vzngrs,512,1408,24.414062499999996,,,,447.4272930648769
Batch_1/f1vzngrs,512,1536,24.414062499999996,,,,452.105114439107
Batch_1/f1vzngrs,512,1664,36.62109374999999,,,,401.8754186202276
Batch_1/f1vzngrs,512,1792,48.82812499999999,,,,242.25644575186013
Batch_1/f1vzngrs,512,1920,24.414062499999996,,,,79.54922108054357
Batch_1/f1vzngrs,512,2048,6.103515624999999,,,,42.45833775607684
Batch_1/f1vzngrs,512,2176,12.207031249999998,,,,66.21420294653203
Batch_1/f1vzngrs,512,2304,12.207031249999998,,,,79.80845969672784
Batch_1/f1vzngrs,512,2432,6.103515624999999,,,,166.66666666666663
Batch_1/f1vzngrs,512,2560,6.103515624999999,,,,60.984906235706646
Batch_1/f1vzngrs,512,2688,6.103515624999999,,,,61.79514908079714
Batch_1/f1vzngrs,512,2816,18.310546874999996,,,,248.2929857231533
Batch_1/f1vzngrs,512,2944,18.310546874999996,,,,149.95313964386128
Batch_1/f1vzngrs,512,3072,18.310546874999996,,,,102.17113665389525
Batch_1/f1vzngrs,512,3200,18.310546874999996,,,,92.10223347916185
Batch_1/f1vzngrs,640,0,36.62109374999999,,,,874.6355685131194
Batch_1/f1vzngrs,640,128,61.035156249999986,0.4446826376490266,1.0380898589477179,3.7022187535414526,452.4886877828053
Batch_1/f1vzngrs,640,256,54.931640624999986,,,,377.53657385559217
Batch_1/f1vzngrs,640,384,42.72460937499999,,,,1025.6410256410254
Batch_1/f1vzngrs,640,512,48.82812499999999,,,,176.8607221812822
Batch_1/f1vzngrs,640,640,85.44921874999999,0.4239048151414585,2.4866311637145118,4.154366621867301,210.41557075223562
Batch_1/f1vzngrs,640,768,67.13867187499999,0.28209479177387814,1.2914889870235298,3.6424107478619696,318.24611032531817
Batch_1/f1vzngrs,640,896,30.517578124999993,,,,314.0703517587939
Batch_1/f1vzngrs,640,1024,42.72460937499999,,,,472.7334121222352
Batch_1/f1vzngrs,640,1152,115.96679687499997,0.39493270848342943,1.5293587792801697,5.040269042058007,360.6853020739405
Batch_1/f1vzngrs,640,1280,103.75976562499999,0.4370193722368317,2.281964812020627,4.067255190539636,242.0941140868512
Batch_1/f1vzngrs,640,1408,42.72460937499999,,,,325.86558044806515
Batch_1/f1vzngrs,640,1536,18.310546874999996,,,,146.16321559074296
Batch_1/f1vzngrs,640,1664,30.517578124999993,,,,266.31158455392807
Batch_1/f1vzngrs,640,1792,36.62109374999999,,,,268.02465826856064
Batch_1/f1vzngrs,640,1920,24.414062499999996,,,,102.92477914057808
Batch_1/f1vzngrs,640,2048,6.103515624999999,,,,46.27487274409995
Batch_1/f1vzngrs,640,2176,30.517578124999993,,,,178.86421225219848
Batch_1/f1vzngrs,640,2304,48.82812499999999,,,,367.64705882352933
Batch_1/f1vzngrs,640,2432,36.62109374999999,,,,565.6375206222012
Batch_1/f1vzngrs,640,2560,18.310546874999996,,,,555.041628122109
Batch_1/f1vzngrs,640,2688,0.0,,,,
Batch_1/f1vzngrs,640,2816,24.414062499999996,,,,301.81086519114683
Batch_1/f1vzngrs,640,2944,30.517578124999993,,,,275.52953332185285
Batch_1/f1vzngrs,640,3072,30.517578124999993,,,,345.72169403630073
Batch_1/f1vzngrs,640,3200,12.207031249999998,,,,92.78589654372533
Batch_1/f1vzngrs,768,0,54.931640624999986,,,,125.23481527864743
Batch_1/f1vzngrs,768,128,67.13867187499999,0.9997464891746821,4.756623456817225,5.832748977568258,100.78105316200553
Batch_1/f1vzngrs,768,256,48.82812499999999,,,,118.0753714454393
Batch_1/f1vzngrs,768,384,73.24218749999999,0.5324259321157899,2.6442260218364466,3.8941344324247193,352.3608174770965
Batch_1/f1vzngrs,768,512,85.44921874999999,0.5689638706253725,1.891571151765088,2.8690579737455337,432.3049715071723
Batch_1/f1vzngrs,768,640,85.44921874999999,0.41615226123369686,1.881613421772367,2.840065583027487,412.9904261310305
Batch_1/f1vzngrs,768,768,54.931640624999986,,,,365.1717448362432
Batch_1/f1vzngrs,768,896,48.82812499999999,,,,520.9181181832979
Batch_1/f1vzngrs,768,1024,73.24218749999999,0.5780173661380058,1.5066871323360482,3.7039379172066833,399.78193712520437
Batch_1/f1vzngrs,768,1152,109.86328124999997,0.46179621679594096,2.102919615743669,5.516089377476452,199.00497512437806
Batch_1/f1vzngrs,768,1280,67.13867187499999,0.5262410103554245,4.087552559391399,4.154366621867301,142.26437462951984
Batch_1/f1vzngrs,768,1408,24.414062499999996,,,,130.3674733154078
Batch_1/f1vzngrs,768,1536,24.414062499999996,,,,76.84180194025548
Batch_1/f1vzngrs,768,1664,42.72460937499999,,,,157.23270440251568
Batch_1/f1vzngrs,768,1792,48.82812499999999,,,,705.4673721340388
Batch_1/f1vzngrs,768,1920,30.517578124999993,,,,1592.356687898089
Batch_1/f1vzngrs,768,2048,18.310546874999996,,,,458.36516424751704
Batch_1/f1vzngrs,768,2176,30.517578124999993,,,,330.51022516009084
Batch_1/f1vzngrs,768,2304,42.72460937499999,,,,217.98365122615797
Batch_1/f1vzngrs,768,2432,36.62109374999999,,,,195.1790768029667
Batch_1/f1vzngrs,768,2560,30.517578124999993,,,,333.61134278565464
Batch_1/f1vzngrs,768,2688,6.103515624999999,,,,80.9388911371914
Batch_1/f1vzngrs,768,2816,24.414062499999996,,,,138.68423333622258
Batch_1/f1vzngrs,768,2944,36.62109374999999,,,,271.0333145115754
Batch_1/f1vzngrs,768,3072,30.517578124999993,,,,1138.3039271485484
Batch_1/f1vzngrs,768,3200,6.103515624999999,,,,80.43434546551376
Batch_1/ffwubibz,0,0,0.0,,,,
Batch_1/ffwubibz,0,128,6.103515624999999,,,,74.82229704451926
Batch_1/ffwubibz,0,256,18.310546874999996,,,,164.11378555798683
Batch_1/ffwubibz,0,384,42.72460937499999,,,,361.6169443368202
Batch_1/ffwubibz,0,512,30.517578124999993,,,,148.4009794464643
Batch_1/ffwubibz,0,640,36.62109374999999,,,,222.30455724342343
Batch_1/ffwubibz,0,768,24.414062499999996,,,,442.7227448810182
Batch_1/ffwubibz,0,896,48.82812499999999,,,,857.4490889603428
Batch_1/ffwubibz,0,1024,48.82812499999999,,,,655.3079947575359
Batch_1/ffwubibz,0,1152,48.82812499999999,,,,230.01725129384698
Batch_1/ffwubibz,0,1280,36.62109374999999,,,,64.35006435006434
Batch_1/ffwubibz,0,1408,42.72460937499999,,,,77.07426105052217
Batch_1/ffwubibz,0,1536,30.517578124999993,,,,105.035121118624
Batch_1/ffwubibz,0,1664,18.310546874999996,,,,438.83708173340636
Batch_1/ffwubibz,0,1792,18.310546874999996,,,,456.62100456621
Batch_1/ffwubibz,0,1920,36.62109374999999,,,,219.41854086670318
Batch_1/ffwubibz,0,2048,42.72460937499999,,,,143.91595308339927
Batch_1/ffwubibz,0,2176,30.517578124999993,,,,197.09288001970924
Batch_1/ffwubibz,0,2304,30.517578124999993,,,,430.3388918773534
Batch_1/ffwubibz,0,2432,30.517578124999993,,,,296.1865975564605
Batch_1/ffwubibz,0,2560,24.414062499999996,,,,115.75190508343782
Batch_1/ffwubibz,0,2688,24.414062499999996,,,,132.5820351342393
Batch_1/ffwubibz,0,2816,48.82812499999999,,,,279.32960893854744
Batch_1/ffwubibz,0,2944,36.62109374999999,,,,284.9002849002849
Batch_1/ffwubibz,0,3072,61.035156249999986,0.5051187163593104,0.7702733955713355,0.8902761462589228,862.301266504985
Batch_1/ffwubibz,0,3200,36.62109374999999,,,,429.76094547408
Batch_1/ffwubibz,128,0,0.0,,,,
Batch_1/ffwubibz,128,128,6.103515624999999,,,,74.3909243072345
Batch_1/ffwubibz,128,256,12.207031249999998,,,,87.00380641653071
Batch_1/ffwubibz,128,384,24.414062499999996,,,,123.12427856868024
Batch_1/ffwubibz,128,512,18.310546874999996,,,,73.60157016683021
Batch_1/ffwubibz,128,640,18.310546874999996,,,,126.51555086979438
Batch_1/ffwubibz,128,768,0.0,,,,
Batch_1/ffwubibz,128,896,12.207031249999998,,,,157.51132112620593
Batch_1/ffwubibz,128,1024,12.207031249999998,,,,175.78554163920012
Batch_1/ffwubibz,128,1152,6.103515624999999,,,,106.89470871191874
Batch_1/ffwubibz,128,1280,12.207031249999998,,,,69.52894142186685
Batch_1/ffwubibz,128,1408,36.62109374999999,,,,205.10191001153694
Batch_1/ffwubibz,128,1536,18.310546874999996,,,,202.12228398180895
Batch_1/ffwubibz,128,1664,12.207031249999998,,,,262.20911176663384
Batch_1/ffwubibz,128,1792,6.103515624999999,,,,195.2171791117618
Batch_1/ffwubibz,128,1920,12.207031249999998,,,,212.03286509408954
Batch_1/ffwubibz,128,2048,24.414062499999996,,,,88.98776418242491
Batch_1/ffwubibz,128,2176,30.517578124999993,,,,110.45147038519947
Batch_1/ffwubibz,128,2304,36.62109374999999,,,,167.45159602302456
Batch_1/ffwubibz,128,2432,36.62109374999999,,,,194.36345966958208
Batch_1/ffwubibz,128,2560,30.517578124999993,,,,128.76918124262258
Batch_1/ffwubibz,128,2688,18.310546874999996,,,,77.48184019370458
Batch_1/ffwubibz,128,2816,24.414062499999996,,,,306.27871362940266
Batch_1/ffwubibz,128,2944,30.517578124999993,,,,403.1445273130417
Batch_1/ffwubibz,128,3072,48.82812499999999,,,,366.2045513994245
Batch_1/ffwubibz,128,3200,79.34570312499999,0.4787307364817192,2.3596580501236737,3.4618444816051053,248.40863219996893
Batch_1/ffwubibz,256,0,12.207031249999998,,,,127.5103602167676
Batch_1/ffwubibz,256,128,0.0,,,,
Batch_1/ffwubibz,256,256,6.103515624999999,,,,95.64801530368243
Batch_1/ffwubibz,256,384,12.207031249999998,,,,119.94002998500747
Batch_1/ffwubibz,256,512,6.103515624999999,,,,75.60007560007558
Batch_1/ffwubibz,256,640,12.207031249999998,,,,177.58046614872362
Batch_1/ffwubibz,256,768,6.103515624999999,,,,130.12361743656473
Batch_1/ffwubibz,256,896,24.414062499999996,,,,268.8172043010752
Batch_1/ffwubibz,256,1024,24.414062499999996,,,,222.5932109070673
Batch_1/ffwubibz,256,1152,0.0,,,,
Batch_1/ffwubibz,256,1280,0.0,,,,
Batch_1/ffwubibz,256,1408,12.207031249999998,,,,225.03516174402247
Batch_1/ffwubibz,256,1536,12.207031249999998,,,,279.8181182231549
Batch_1/ffwubibz,256,1664,6.103515624999999,,,,100.40160642570278
Batch_1/ffwubibz,256,1792,0.0,,,,
Batch_1/ffwubibz,256,1920,12.207031249999998,,,,54.04675043912984
Batch_1/ffwubibz,256,2048,24.414062499999996,,,,58.90582431337897
Batch_1/ffwubibz,256,2176,36.62109374999999,,,,194.68509685583567
Batch_1/ffwubibz,256,2304,30.517578124999993,,,,233.40627279358128
Batch_1/ffwubibz,256,2432,24.414062499999996,,,,298.87920298879203
Batch_1/ffwubibz,256,2560,24.414062499999996,,,,330.5785123966941
Batch_1/ffwubibz,256,2688,30.517578124999993,,,,424.0282685512367
Batch_1/ffwubibz,256,2816,12.207031249999998,,,,217.09633649932152
Batch_1/ffwubibz,256,2944,12.207031249999998,,,,145.29604068289137
Batch_1/ffwubibz,256,3072,18.310546874999996,,,,153.25670498084287
Batch_1/ffwubibz,256,3200,54.931640624999986,,,,140.9443269908386
Batch_1/ffwubibz,384,0,18.310546874999996,,,,188.02883108743336
Batch_1/ffwubibz,384,128,6.103515624999999,,,,228.96393817973666
Batch_1/ffwubibz,384,256,6.103515624999999,,,,259.06735751295327
Batch_1/ffwubibz,384,384,6.103515624999999,,,,171.15960633290538
Batch_1/ffwubibz,384,512,12.207031249999998,,,,82.64462809917353
Batch_1/ffwubibz,384,640,18.310546874999996,,,,118.39573775344087
Batch_1/ffwubibz,384,768,6.103515624999999,,,,98.91196834817012
Batch_1/ffwubibz,384,896,18.310546874999996,,,,281.78936245156746
Batch_1/ffwubibz,384,1024,30.517578124999993,,,,277.5850104094378
Batch_1/ffwubibz,384,1152,24.414062499999996,,,,143.28358208955223
Batch_1/ffwubibz,384,1280,12.207031249999998,,,,107.84578053383659
Batch_1/ffwubibz,384,1408,18.310546874999996,,,,255.91810620601402
Batch_1/ffwubibz,384,1536,18.310546874999996,,,,357.03659625111567
Batch_1/ffwubibz,384,1664,6.103515624999999,,,,91.93288899103653
Batch_1/ffwubibz,384,1792,12.207031249999998,,,,161.0954490535642
Batch_1/ffwubibz,384,1920,24.414062499999996,,,,172.09235623117735
Batch_1/ffwubibz,384,2048,54.931640624999986,,,,146.64906877841324
Batch_1/ffwubibz,384,2176,61.035156249999986,0.6156094743341538,1.965946684358253,3.9842331789173238,341.6300634455831
Batch_1/ffwubibz,384,2304,42.72460937499999,,,,765.3061224489794
Batch_1/ffwubibz,384,2432,24.414062499999996,,,,289.8025719978264
Batch_1/ffwubibz,384,2560,24.414062499999996,,,,282.6855123674911
Batch_1/ffwubibz,384,2688,36.62109374999999,,,,723.0657989877077
Batch_1/ffwubibz,384,2816,30.517578124999993,,,,530.7855626326963
Batch_1/ffwubibz,384,2944,12.207031249999998,,,,259.23525599481525
Batch_1/ffwubibz,384,3072,12.207031249999998,,,,319.106501794974
Batch_1/ffwubibz,384,3200,18.310546874999996,,,,321.9747786423396
Batch_1/ffwubibz,512,0,24.414062499999996,,,,333.541796956431
Batch_1/ffwubibz,512,128,24.414062499999996,,,,521.5123859191655
Batch_1/ffwubibz,512,256,12.207031249999998,,,,252.20680958385873
Batch_1/ffwubibz,512,384,6.103515624999999,,,,71.25044531528322
Batch_1/ffwubibz,512,512,12.207031249999998,,,,37.33781387099785
Batch_1/ffwubibz,512,640,12.207031249999998,,,,48.47309743092583
Batch_1/ffwubibz,512,768,0.0,,,,
Batch_1/ffwubibz,512,896,0.0,,,,
Batch_1/ffwubibz,512,1024,12.207031249999998,,,,118.9414213499851
Batch_1/ffwubibz,512,1152,30.517578124999993,,,,287.2015796086878
Batch_1/ffwubibz,512,1280,18.310546874999996,,,,178.17371937639194
Batch_1/ffwubibz,512,1408,18.310546874999996,,,,190.2949571836346
Batch_1/ffwubibz,512,1536,12.207031249999998,,,,304.41400304414
Batch_1/ffwubibz,512,1664,6.103515624999999,,,,173.0852444829078
Batch_1/ffwubibz,512,1792,12.207031249999998,,,,296.515937731653
Batch_1/ffwubibz,512,1920,18.310546874999996,,,,532.1507760532149
Batch_1/ffwubibz,512,2048,48.82812499999999,,,,377.0028275212063
Batch_1/ffwubibz,512,2176,61.035156249999986,0.6844864939880799,1.7783974784382746,2.1087411197175334,480.33623536475517
Batch_1/ffwubibz,512,2304,36.62109374999999,,,,346.14053305642085
Batch_1/ffwubibz,512,2432,6.103515624999999,,,,59.59475566150177
Batch_1/ffwubibz,512,2560,12.207031249999998,,,,173.9508588823657
Batch_1/ffwubibz,512,2688,18.310546874999996,,,,308.72137895549264
Batch_1/ffwubibz,512,2816,24.414062499999996,,,,288.91296496930295
Batch_1/ffwubibz,512,2944,18.310546874999996,,,,292.82576866764265
Batch_1/ffwubibz,512,3072,18.310546874999996,,,,476.00158667195547
Batch_1/ffwubibz,512,3200,18.310546874999996,,,,421.2004212004211
Batch_1/ffwubibz,640,0,18.310546874999996,,,,128.9629231595916
Batch_1/ffwubibz,640,128,30.517578124999993,,,,198.03940984255863
Batch_1/ffwubibz,640,256,18.310546874999996,,,,91.2200684150513
Batch_1/ffwubibz,640,384,12.207031249999998,,,,53.54035604336768
Batch_1/ffwubibz,640,512,6.103515624999999,,,,53.411670449993316
Batch_1/ffwubibz,640,640,12.207031249999998,,,,153.6098310291858
Batch_1/ffwubibz,640,768,12.207031249999998,,,,666.1115736885928
Batch_1/ffwubibz,640,896,6.103515624999999,,,,256.08194622279126
Batch_1/ffwubibz,640,1024,6.103515624999999,,,,335.57046979865765
Batch_1/ffwubibz,640,1152,6.103515624999999,,,,161.0954490535642
Batch_1/ffwubibz,640,1280,6.103515624999999,,,,55.19525320822408
Batch_1/ffwubibz,640,1408,12.207031249999998,,,,84.17508417508415
Batch_1/ffwubibz,640,1536,6.103515624999999,,,,93.19664492078283
Batch_1/ffwubibz,640,1664,12.207031249999998,,,,778.2101167315174
Batch_1/ffwubibz,640,1792,12.207031249999998,,,,568.1818181818181
Batch_1/ffwubibz,640,1920,0.0,,,,
Batch_1/ffwubibz,640,2048,6.103515624999999,,,,116.51616661811825
Batch_1/ffwubibz,640,2176,18.310546874999996,,,,256.3007261853908
Batch_1/ffwubibz,640,2304,42.72460937499999,,,,493.6240230357876
Batch_1/ffwubibz,640,2432,36.62109374999999,,,,183.33906267904203
Batch_1/ffwubibz,640,2560,36.62109374999999,,,,179.29179740026893
Batch_1/ffwubibz,640,2688,6.103515624999999,,,,166.5278934221482
Batch_1/ffwubibz,640,2816,6.103515624999999,,,,85.16074089844581
Batch_1/ffwubibz,640,2944,12.207031249999998,,,,252.68477574226145
Batch_1/ffwubibz,640,3072,6.103515624999999,,,,372.4394785847299
Batch_1/ffwubibz,640,3200,6.103515624999999,,,,148.75418371141686
Batch_1/ffwubibz,768,0,12.207031249999998,,,,47.317679067841716
Batch_1/ffwubibz,768,128,24.414062499999996,,,,144.69162597214682
Batch_1/ffwubibz,768,256,18.310546874999996,,,,81.98401311744209
Batch_1/ffwubibz,768,384,18.310546874999996,,,,163.59918200408993
Batch_1/ffwubibz,768,512,12.207031249999998,,,,398.20806371329013
Batch_1/ffwubibz,768,640,18.310546874999996,,,,405.2684903748733
Batch_1/ffwubibz,768,768,18.310546874999996,,,,515.0214592274676
Batch_1/ffwubibz,768,896,6.103515624999999,,,,354.9245785270629
Batch_1/ffwubibz,768,1024,18.310546874999996,,,,668.8963210702339
Batch_1/ffwubibz,768,1152,12.207031249999998,,,,419.2872117400418
Batch_1/ffwubibz,768,1280,12.207031249999998,,,,245.77572964669736
Batch_1/ffwubibz,768,1408,18.310546874999996,,,,179.3453893289493
Batch_1/ffwubibz,768,1536,24.414062499999996,,,,316.64357807243215
Batch_1/ffwubibz,768,1664,42.72460937499999,,,,275.57698932139164
Batch_1/ffwubibz,768,1792,36.62109374999999,,,,205.05809979494185
Batch_1/ffwubibz,768,1920,6.103515624999999,,,,184.4167819271553
Batch_1/ffwubibz,768,2048,12.207031249999998,,,,126.3823064770932
Batch_1/ffwubibz,768,2176,12.207031249999998,,,,145.77259475218656
Batch_1/ffwubibz,768,2304,30.517578124999993,,,,798.0049875311719
Batch_1/ffwubibz,768,2432,54.931640624999986,,,,159.80823012385133
Batch_1/ffwubibz,768,2560,48.82812499999999,,,,82.13552361396302
Batch_1/ffwubibz,768,2688,12.207031249999998,,,,98.11135638950206
Batch_1/ffwubibz,768,2816,12.207031249999998,,,,200.50125313283203
Batch_1/ffwubibz,768,2944,18.310546874999996,,,,252.1538138264341
Batch_1/ffwubibz,768,3072,6.103515624999999,,,,79.08264136022142
Batch_1/ffwubibz,768,3200,12.207031249999998,,,,233.37222870478408
Batch_1/fzrt2k6r,0,0,24.414062499999996,,,,171.74753112923997
Batch_1/fzrt2k6r,0,128,18.310546874999996,,,,180.42399639152003
Batch_1/fzrt2k6r,0,256,12.207031249999998,,,,99.23096005953855
Batch_1/fzrt2k6r,0,384,18.310546874999996,,,,217.94406102433706
Batch_1/fzrt2k6r,0,512,24.414062499999996,,,,94.57941715434175
Batch_1/fzrt2k6r,0,640,24.414062499999996,,,,113.25028312570778
Batch_1/fzrt2k6r,0,768,12.207031249999998,,,,211.80831347630388
Batch_1/fzrt2k6r,0,896,0.0,,,,
Batch_1/fzrt2k6r,0,1024,6.103515624999999,,,,309.5975232198142
Batch_1/fzrt2k6r,0,1152,12.207031249999998,,,,477.8972520908004
Batch_1/fzrt2k6r,0,1280,18.310546874999996,,,,343.05317324185245
Batch_1/fzrt2k6r,0,1408,36.62109374999999,,,,506.842372022301
Batch_1/fzrt2k6r,0,1536,24.414062499999996,,,,740.7407407407405
Batch_1/fzrt2k6r,0,1664,6.103515624999999,,,,433.83947939262464
Batch_1/fzrt2k6r,0,1792,24.414062499999996,,,,540.5405405405404
Batch_1/fzrt2k6r,0,1920,24.414062499999996,,,,187.13450292397658
Batch_1/fzrt2k6r,0,2048,12.207031249999998,,,,106.35469290082423
Batch_1/fzrt2k6r,0,2176,12.207031249999998,,,,231.615518239722
Batch_1/fzrt2k6r,0,2304,18.310546874999996,,,,211.00756110427284
Batch_1/fzrt2k6r,0,2432,18.310546874999996,,,,137.50429700928152
Batch_1/fzrt2k6r,0,2560,30.517578124999993,,,,316.2680371614943
Batch_1/fzrt2k6r,0,2688,24.414062499999996,,,,191.41045579614783
Batch_1/fzrt2k6r,0,2816,24.414062499999996,,,,137.6107336372237
Batch_1/fzrt2k6r,0,2944,42.72460937499999,,,,197.6284584980237
Batch_1/fzrt2k6r,0,3072,42.72460937499999,,,,282.2865208186309
Batch_1/fzrt2k6r,0,3200,24.414062499999996,,,,270.865075334349
Batch_1/fzrt2k6r,128,0,36.62109374999999,,,,560.878709978967
Batch_1/fzrt2k6r,128,128,30.517578124999993,,,,496.1240310077518
Batch_1/fzrt2k6r,128,256,24.414062499999996,,,,376.76609105180523
Batch_1/fzrt2k6r,128,384,12.207031249999998,,,,257.64895330112716
Batch_1/fzrt2k6r,128,512,18.310546874999996,,,,168.89514426460235
Batch_1/fzrt2k6r,128,640,18.310546874999996,,,,181.05009052504522
Batch_1/fzrt2k6r,128,768,6.103515624999999,,,,128.5760205721633
Batch_1/fzrt2k6r,128,896,0.0,,,,
Batch_1/fzrt2k6r,128,1024,6.103515624999999,,,,120.04801920768304
Batch_1/fzrt2k6r,128,1152,6.103515624999999,,,,66.54466810846779
Batch_1/fzrt2k6r,128,1280,24.414062499999996,,,,399.00249376558594
Batch_1/fzrt2k6r,128,1408,54.931640624999986,,,,1716.7381974248926
Batch_1/fzrt2k6r,128,1536,42.72460937499999,,,,953.7434430138292
Batch_1/fzrt2k6r,128,1664,6.103515624999999,,,,74.9063670411985
Batch_1/fzrt2k6r,128,1792,18.310546874999996,,,,151.99493350221658
Batch_1/fzrt2k6r,128,1920,18.310546874999996,,,,121.98841110094538
Batch_1/fzrt2k6r,128,2048,12.207031249999998,,,,95.43122986997493
Batch_1/fzrt2k6r,128,2176,24.414062499999996,,,,113.53154048108988
Batch_1/fzrt2k6r,128,2304,24.414062499999996,,,,123.07692307692305
Batch_1/fzrt2k6r,128,2432,36.62109374999999,,,,333.402792248385
Batch_1/fzrt2k6r,128,2560,42.72460937499999,,,,276.5104382690446
Batch_1/fzrt2k6r,128,2688,18.310546874999996,,,,67.52194463200539
Batch_1/fzrt2k6r,128,2816,24.414062499999996,,,,61.09668550481135
Batch_1/fzrt2k6r,128,2944,30.517578124999993,,,,65.19258977562883
Batch_1/fzrt2k6r,128,3072,30.517578124999993,,,,148.9942885522721
Batch_1/fzrt2k6r,128,3200,18.310546874999996,,,,320.855614973262
Batch_1/fzrt2k6r,256,0,30.517578124999993,,,,348.507950337617
Batch_1/fzrt2k6r,256,128,18.310546874999996,,,,161.12789526686805
Batch_1/fzrt2k6r,256,256,18.310546874999996,,,,178.93088794453138
Batch_1/fzrt2k6r,256,384,12.207031249999998,,,,562.1925509486998
Batch_1/fzrt2k6r,256,512,36.62109374999999,,,,834.2022940563085
Batch_1/fzrt2k6r,256,640,36.62109374999999,,,,439.882697947214
Batch_1/fzrt2k6r,256,768,12.207031249999998,,,,198.80715705765402
Batch_1/fzrt2k6r,256,896,12.207031249999998,,,,953.5160905840283
Batch_1/fzrt2k6r,256,1024,30.517578124999993,,,,329.9241174529858
Batch_1/fzrt2k6r,256,1152,18.310546874999996,,,,136.7833124358828
Batch_1/fzrt2k6r,256,1280,18.310546874999996,,,,176.78255745433114
Batch_1/fzrt2k6r,256,1408,36.62109374999999,,,,328.3533081595796
Batch_1/fzrt2k6r,256,1536,30.517578124999993,,,,257.9812963560141
Batch_1/fzrt2k6r,256,1664,12.207031249999998,,,,95.40846750149073
Batch_1/fzrt2k6r,256,1792,18.310546874999996,,,,169.65926763749465
Batch_1/fzrt2k6r,256,1920,36.62109374999999,,,,395.4913980620921
Batch_1/fzrt2k6r,256,2048,36.62109374999999,,,,338.409475465313
Batch_1/fzrt2k6r,256,2176,30.517578124999993,,,,131.40604467805517
Batch_1/fzrt2k6r,256,2304,18.310546874999996,,,,74.88299531981278
Batch_1/fzrt2k6r,256,2432,36.62109374999999,,,,148.05218839640972
Batch_1/fzrt2k6r,256,2560,36.62109374999999,,,,118.3869774324824
Batch_1/fzrt2k6r,256,2688,18.310546874999996,,,,68.10829218457347
Batch_1/fzrt2k6r,256,2816,12.207031249999998,,,,45.90577838985481
Batch_1/fzrt2k6r,256,2944,18.310546874999996,,,,77.65482430595999
Batch_1/fzrt2k6r,256,3072,12.207031249999998,,,,109.34937124111535
Batch_1/fzrt2k6r,256,3200,0.0,,,,
Batch_1/fzrt2k6r,384,0,24.414062499999996,,,,208.33333333333331
Batch_1/fzrt2k6r,384,128,12.207031249999998,,,,146.68133480014663
Batch_1/fzrt2k6r,384,256,6.103515624999999,,,,51.394063985609655
Batch_1/fzrt2k6r,384,384,6.103515624999999,,,,87.81558726673983
Batch_1/fzrt2k6r,384,512,30.517578124999993,,,,326.6906239790917
Batch_1/fzrt2k6r,384,640,36.62109374999999,,,,159.62753574991683
Batch_1/fzrt2k6r,384,768,24.414062499999996,,,,102.70235573528466
Batch_1/fzrt2k6r,384,896,24.414062499999996,,,,245.5117385299984
Batch_1/fzrt2k6r,384,1024,42.72460937499999,,,,235.98820058997046
Batch_1/fzrt2k6r,384,1152,24.414062499999996,,,,91.13693324219638
Batch_1/fzrt2k6r,384,1280,12.207031249999998,,,,142.90818149339046
Batch_1/fzrt2k6r,384,1408,24.414062499999996,,,,230.94688221709
Batch_1/fzrt2k6r,384,1536,24.414062499999996,,,,236.54642223536365
Batch_1/fzrt2k6r,384,1664,18.310546874999996,,,,118.16838995568682
Batch_1/fzrt2k6r,384,1792,30.517578124999993,,,,239.48510701990713
Batch_1/fzrt2k6r,384,1920,54.931640624999986,,,,228.5061411025421
Batch_1/fzrt2k6r,384,2048,61.035156249999986,1.0643839510935864,2.2293512207855297,3.018282449105797,311.90820986966685
Batch_1/fzrt2k6r,384,2176,42.72460937499999,,,,391.61934599569213
Batch_1/fzrt2k6r,384,2304,30.517578124999993,,,,186.91588785046721
Batch_1/fzrt2k6r,384,2432,30.517578124999993,,,,204.897039237783
Batch_1/fzrt2k6r,384,2560,36.62109374999999,,,,237.8356951739173
Batch_1/fzrt2k6r,384,2688,12.207031249999998,,,,103.66722819748604
Batch_1/fzrt2k6r,384,2816,0.0,,,,
Batch_1/fzrt2k6r,384,2944,6.103515624999999,,,,239.23444976076553
Batch_1/fzrt2k6r,384,3072,6.103515624999999,,,,114.02508551881411
Batch_1/fzrt2k6r,384,3200,0.0,,,,
Batch_1/fzrt2k6r,512,0,12.207031249999998,,,,158.35312747426758
Batch_1/fzrt2k6r,512,128,18.310546874999996,,,,226.37238256932648
Batch_1/fzrt2k6r,512,256,12.207031249999998,,,,101.93679918450559
Batch_1/fzrt2k6r,512,384,0.0,,,,
Batch_1/fzrt2k6r,512,512,18.310546874999996,,,,245.5996725337699
Batch_1/fzrt2k6r,512,640,36.62109374999999,,,,166.07847207805688
Batch_1/fzrt2k6r,512,768,36.62109374999999,,,,112.22294959319179
Batch_1/fzrt2k6r,512,896,36.62109374999999,,,,134.93000505987516
Batch_1/fzrt2k6r,512,1024,42.72460937499999,,,,151.9987840097279
Batch_1/fzrt2k6r,512,1152,30.517578124999993,,,,122.42399510304017
Batch_1/fzrt2k6r,512,1280,12.207031249999998,,,,157.63546798029554
Batch_1/fzrt2k6r,512,1408,18.310546874999996,,,,428.2655246252676
Batch_1/fzrt2k6r,512,1536,18.310546874999996,,,,447.7611940298506
Batch_1/fzrt2k6r,512,1664,24.414062499999996,,,,91.44947416552353
Batch_1/fzrt2k6r,512,1792,36.62109374999999,,,,143.0956355831147
Batch_1/fzrt2k6r,512,1920,48.82812499999999,,,,187.9846479204198
Batch_1/fzrt2k6r,512,2048,61.035156249999986,0.4008878014981257,2.9688690098624817,3.9622018609082197,270.2702702702702
Batch_1/fzrt2k6r,512,2176,36.62109374999999,,,,163.09887869520892
Batch_1/fzrt2k6r,512,2304,24.414062499999996,,,,145.8789204959883
Batch_1/fzrt2k6r,512,2432,42.72460937499999,,,,403.8772213247172
Batch_1/fzrt2k6r,512,2560,54.931640624999986,,,,252.44556642473958
Batch_1/fzrt2k6r,512,2688,30.517578124999993,,,,118.94142134998512
Batch_1/fzrt2k6r,512,2816,12.207031249999998,,,,101.20177103099303
Batch_1/fzrt2k6r,512,2944,18.310546874999996,,,,87.34578010699856
Batch_1/fzrt2k6r,512,3072,18.310546874999996,,,,111.59157483609985
Batch_1/fzrt2k6r,512,3200,0.0,,,,
Batch_1/fzrt2k6r,640,0,0.0,,,,
Batch_1/fzrt2k6r,640,128,12.207031249999998,,,,173.42293518317794
Batch_1/fzrt2k6r,640,256,30.517578124999993,,,,183.31805682859758
Batch_1/fzrt2k6r,640,384,54.931640624999986,,,,408.7889626980071
Batch_1/fzrt2k6r,640,512,54.931640624999986,,,,143.0615164520744
Batch_1/fzrt2k6r,640,640,36.62109374999999,,,,78.5623097319061
Batch_1/fzrt2k6r,640,768,24.414062499999996,,,,169.330087839983
Batch_1/fzrt2k6r,640,896,30.517578124999993,,,,160.92693916961696
Batch_1/fzrt2k6r,640,1024,48.82812499999999,,,,224.88755622188899
Batch_1/fzrt2k6r,640,1152,42.72460937499999,,,,203.21072952651897
Batch_1/fzrt2k6r,640,1280,12.207031249999998,,,,120.04801920768304
Batch_1/fzrt2k6r,640,1408,6.103515624999999,,,,237.67082590612
Batch_1/fzrt2k6r,640,1536,42.72460937499999,,,,3030.30303030303
Batch_1/fzrt2k6r,640,1664,61.035156249999986,0.2672040219879471,1.3053042967437942,1.5522905135351746,606.6120715802243
Batch_1/fzrt2k6r,640,1792,42.72460937499999,,,,313.23414252153475
Batch_1/fzrt2k6r,640,1920,30.517578124999993,,,,258.16445075513093
Batch_1/fzrt2k6r,640,2048,36.62109374999999,,,,269.088462832156
Batch_1/fzrt2k6r,640,2176,30.517578124999993,,,,367.19706242350054
Batch_1/fzrt2k6r,640,2304,30.517578124999993,,,,305.76364470264485
Batch_1/fzrt2k6r,640,2432,54.931640624999986,,,,343.2494279176201
Batch_1/fzrt2k6r,640,2560,61.035156249999986,0.48163612499413644,2.448622227075857,3.1840492890270613,216.56740660530585
Batch_1/fzrt2k6r,640,2688,42.72460937499999,,,,196.6568338249754
Batch_1/fzrt2k6r,640,2816,18.310546874999996,,,,159.701889805696
Batch_1/fzrt2k6r,640,2944,18.310546874999996,,,,74.01924500370095
Batch_1/fzrt2k6r,640,3072,12.207031249999998,,,,77.20517274657401
Batch_1/fzrt2k6r,640,3200,18.310546874999996,,,,69.74108621741783
Batch_1/fzrt2k6r,768,0,54.931640624999986,,,,418.7855219862398
Batch_1/fzrt2k6r,768,128,30.517578124999993,,,,425.1700680272108
Batch_1/fzrt2k6r,768,256,54.931640624999986,,,,407.8303425774877
Batch_1/fzrt2k6r,768,384,97.65624999999999,0.44526942138730113,1.4836038582834765,2.26661014799775,516.378893012748
Batch_1/fzrt2k6r,768,512,91.55273437499999,0.7442171739215616,3.0784279408986546,5.777367451117533,110.44130504808797
Batch_1/fzrt2k6r,768,640,54.931640624999986,,,,43.22688712379098
Batch_1/fzrt2k6r,768,768,12.207031249999998,,,,550.5849965588436
Batch_1/fzrt2k6r,768,896,0.0,,,,
Batch_1/fzrt2k6r,768,1024,48.82812499999999,,,,444.5267642155954
Batch_1/fzrt2k6r,768,1152,54.931640624999986,,,,317.53232025402576
Batch_1/fzrt2k6r,768,1280,12.207031249999998,,,,134.70281192119882
Batch_1/fzrt2k6r,768,1408,12.207031249999998,,,,388.16108685104314
Batch_1/fzrt2k6r,768,1536,48.82812499999999,,,,1040.9889394925178
Batch_1/fzrt2k6r,768,1664,42.72460937499999,,,,279.13468248429865
Batch_1/fzrt2k6r,768,1792,24.414062499999996,,,,286.3790943261141
Batch_1/fzrt2k6r,768,1920,12.207031249999998,,,,216.56740660530588
Batch_1/fzrt2k6r,768,2048,24.414062499999996,,,,414.0786749482401
Batch_1/fzrt2k6r,768,2176,36.62109374999999,,,,291.7046490428441
Batch_1/fzrt2k6r,768,2304,54.931640624999986,,,,397.76258545680537
Batch_1/fzrt2k6r,768,2432,42.72460937499999,,,,359.3890386343216
Batch_1/fzrt2k6r,768,2560,18.310546874999996,,,,110.32453801599704
Batch_1/fzrt2k6r,768,2688,30.517578124999993,,,,179.6945193171608
Batch_1/fzrt2k6r,768,2816,42.72460937499999,,,,406.50406504065035
Batch_1/fzrt2k6r,768,2944,42.72460937499999,,,,443.36067390822427
Batch_1/fzrt2k6r,768,3072,30.517578124999993,,,,683.4686031610422
Batch_1/fzrt2k6r,768,3200,24.414062499999996,,,,100.9251471825063
Batch_1/iv6g2oq0,0,0,18.310546874999996,,,,212.72823967381666
Batch_1/iv6g2oq0,0,128,12.207031249999998,,,,145.42810398109432
Batch_1/iv6g2oq0,0,256,12.207031249999998,,,,117.90714812085481
Batch_1/iv6g2oq0,0,384,6.103515624999999,,,,62.30529595015575
Batch_1/iv6g2oq0,0,512,0.0,,,,
Batch_1/iv6g2oq0,0,640,12.207031249999998,,,,197.19004190288385
Batch_1/iv6g2oq0,0,768,24.414062499999996,,,,273.9256976545111
Batch_1/iv6g2oq0,0,896,24.414062499999996,,,,270.31593174522715
Batch_1/iv6g2oq0,0,1024,42.72460937499999,,,,367.309458218549
Batch_1/iv6g2oq0,0,1152,42.72460937499999,,,,179.03767251025732
Batch_1/iv6g2oq0,0,1280,24.414062499999996,,,,142.4121050289274
Batch_1/iv6g2oq0,0,1408,6.103515624999999,,,,119.36735302894657
Batch_1/iv6g2oq0,0,1536,18.310546874999996,,,,282.0874471086036
Batch_1/iv6g2oq0,0,1664,24.414062499999996,,,,257.44167337087686
Batch_1/iv6g2oq0,0,1792,36.62109374999999,,,,170.38677798602825
Batch_1/iv6g2oq0,0,1920,30.517578124999993,,,,115.24886551898001
Batch_1/iv6g2oq0,0,2048,18.310546874999996,,,,135.99274705349043
Batch_1/iv6g2oq0,0,2176,12.207031249999998,,,,169.6352841391009
Batch_1/iv6g2oq0,0,2304,12.207031249999998,,,,141.8188264492111
Batch_1/iv6g2oq0,0,2432,18.310546874999996,,,,140.44943820224717
Batch_1/iv6g2oq0,0,2560,42.72460937499999,,,,379.1469194312795
Batch_1/iv6g2oq0,0,2688,30.517578124999993,,,,239.72192256981896
Batch_1/iv6g2oq0,0,2816,24.414062499999996,,,,188.30175356008
Batch_1/iv6g2oq0,0,2944,30.517578124999993,,,,201.57226365652085
Batch_1/iv6g2oq0,0,3072,30.517578124999993,,,,162.04829039053632
Batch_1/iv6g2oq0,0,3200,42.72460937499999,,,,238.61602704314973
Batch_1/iv6g2oq0,128,0,18.310546874999996,,,,127.70032989251887
Batch_1/iv6g2oq0,128,128,6.103515624999999,,,,97.29992702505471
Batch_1/iv6g2oq0,128,256,6.103515624999999,,,,105.23546435148644
Batch_1/iv6g2oq0,128,384,12.207031249999998,,,,213.4471718249733
Batch_1/iv6g2oq0,128,512,12.207031249999998,,,,234.81068388611675
Batch_1/iv6g2oq0,128,640,18.310546874999996,,,,201.64678205343637
Batch_1/iv6g2oq0,128,768,18.310546874999996,,,,186.45121193287753
Batch_1/iv6g2oq0,128,896,18.310546874999996,,,,185.41409147095175
Batch_1/iv6g2oq0,128,1024,24.414062499999996,,,,236.16236162361616
Batch_1/iv6g2oq0,128,1152,24.414062499999996,,,,107.5485648988371
Batch_1/iv6g2oq0,128,1280,18.310546874999996,,,,82.41758241758241
Batch_1/iv6g2oq0,128,1408,12.207031249999998,,,,173.53579175704985
Batch_1/iv6g2oq0,128,1536,12.207031249999998,,,,78.03355442840419
Batch_1/iv6g2oq0,128,1664,12.207031249999998,,,,66.88403979600366
Batch_1/iv6g2oq0,128,1792,24.414062499999996,,,,107.21704751055417
Batch_1/iv6g2oq0,128,1920,24.414062499999996,,,,95.22109147176099
Batch_1/iv6g2oq0,128,2048,24.414062499999996,,,,231.01357204735774
Batch_1/iv6g2oq0,128,2176,12.207031249999998,,,,361.99095022624425
Batch_1/iv6g2oq0,128,2304,12.207031249999998,,,,67.72200118513501
Batch_1/iv6g2oq0,128,2432,6.103515624999999,,,,26.74690738883316
Batch_1/iv6g2oq0,128,2560,18.310546874999996,,,,92.17297795529608
Batch_1/iv6g2oq0,128,2688,12.207031249999998,,,,64.15911460421844
Batch_1/iv6g2oq0,128,2816,30.517578124999993,,,,111.8130485827696
Batch_1/iv6g2oq0,128,2944,36.62109374999999,,,,127.79552715654948
Batch_1/iv6g2oq0,128,3072,24.414062499999996,,,,226.46850672328372
Batch_1/iv6g2oq0,128,3200,54.931640624999986,,,,718.501411342058
Batch_1/iv6g2oq0,256,0,18.310546874999996,,,,132.65531726730043
Batch_1/iv6g2oq0,256,128,6.103515624999999,,,,75.98784194528874
Batch_1/iv6g2oq0,256,256,6.103515624999999,,,,42.09197095654003
Batch_1/iv6g2oq0,256,384,12.207031249999998,,,,81.8749360352062
Batch_1/iv6g2oq0,256,512,30.517578124999993,,,,447.527411053927
Batch_1/iv6g2oq0,256,640,54.931640624999986,,,,487.4333587204874
Batch_1/iv6g2oq0,256,768,48.82812499999999,,,,334.84812245874184
Batch_1/iv6g2oq0,256,896,24.414062499999996,,,,232.35550392099907
Batch_1/iv6g2oq0,256,1024,24.414062499999996,,,,276.1000862812769
Batch_1/iv6g2oq0,256,1152,42.72460937499999,,,,220.31284423881908
Batch_1/iv6g2oq0,256,1280,24.414062499999996,,,,86.77730773402754
Batch_1/iv6g2oq0,256,1408,6.103515624999999,,,,80.62890546260834
Batch_1/iv6g2oq0,256,1536,12.207031249999998,,,,45.53215708594194
Batch_1/iv6g2oq0,256,1664,12.207031249999998,,,,41.042478965729515
Batch_1/iv6g2oq0,256,1792,12.207031249999998,,,,94.92168960607498
Batch_1/iv6g2oq0,256,1920,12.207031249999998,,,,107.18113612004285
Batch_1/iv6g2oq0,256,2048,24.414062499999996,,,,124.96094970321772
Batch_1/iv6g2oq0,256,2176,18.310546874999996,,,,82.30452674897118
Batch_1/iv6g2oq0,256,2304,18.310546874999996,,,,69.54707467617142
Batch_1/iv6g2oq0,256,2432,18.310546874999996,,,,54.97903924128925
Batch_1/iv6g2oq0,256,2560,18.310546874999996,,,,102.48526774276196
Batch_1/iv6g2oq0,256,2688,24.414062499999996,,,,165.83747927031507
Batch_1/iv6g2oq0,256,2816,36.62109374999999,,,,108.73997553350549
Batch_1/iv6g2oq0,256,2944,24.414062499999996,,,,68.61357691153135
Batch_1/iv6g2oq0,256,3072,18.310546874999996,,,,263.388937664618
Batch_1/iv6g2oq0,256,3200,24.414062499999996,,,,562.0608899297422
Batch_1/iv6g2oq0,384,0,12.207031249999998,,,,126.58227848101264
Batch_1/iv6g2oq0,384,128,0.0,,,,
Batch_1/iv6g2oq0,384,256,6.103515624999999,,,,54.119875524286286
Batch_1/iv6g2oq0,384,384,6.103515624999999,,,,48.76859302609119
Batch_1/iv6g2oq0,384,512,18.310546874999996,,,,280.0466744457409
Batch_1/iv6g2oq0,384,640,36.62109374999999,,,,241.1091018685955
Batch_1/iv6g2oq0,384,768,48.82812499999999,,,,250.15634771732326
Batch_1/iv6g2oq0,384,896,54.931640624999986,,,,489.89589712186154
Batch_1/iv6g2oq0,384,1024,30.517578124999993,,,,308.5824493731918
Batch_1/iv6g2oq0,384,1152,18.310546874999996,,,,211.00756110427284
Batch_1/iv6g2oq0,384,1280,12.207031249999998,,,,168.2793437105595
Batch_1/iv6g2oq0,384,1408,6.103515624999999,,,,85.80008580008577
Batch_1/iv6g2oq0,384,1536,24.414062499999996,,,,346.2454014282622
Batch_1/iv6g2oq0,384,1664,48.82812499999999,,,,625.6109481915933
Batch_1/iv6g2oq0,384,1792,36.62109374999999,,,,379.62670041126216
Batch_1/iv6g2oq0,384,1920,18.310546874999996,,,,290.5569007263922
Batch_1/iv6g2oq0,384,2048,30.517578124999993,,,,146.53803883258027
Batch_1/iv6g2oq0,384,2176,24.414062499999996,,,,93.67681498829037
Batch_1/iv6g2oq0,384,2304,18.310546874999996,,,,212.65284423179156
Batch_1/iv6g2oq0,384,2432,24.414062499999996,,,,156.73981191222566
Batch_1/iv6g2oq0,384,2560,12.207031249999998,,,,45.992871104978725
Batch_1/iv6g2oq0,384,2688,18.310546874999996,,,,80.76457127473414
Batch_1/iv6g2oq0,384,2816,30.517578124999993,,,,122.22137346268426
Batch_1/iv6g2oq0,384,2944,30.517578124999993,,,,123.20961034960726
Batch_1/iv6g2oq0,384,3072,18.310546874999996,,,,444.60911448684686
Batch_1/iv6g2oq0,384,3200,24.414062499999996,,,,1190.4761904761901
Batch_1/iv6g2oq0,512,0,18.310546874999996,,,,115.82452584334732
Batch_1/iv6g2oq0,512,128,18.310546874999996,,,,127.36825346282437
Batch_1/iv6g2oq0,512,256,6.103515624999999,,,,431.4994606256742
Batch_1/iv6g2oq0,512,384,6.103515624999999,,,,3738.317757009345
Batch_1/iv6g2oq0,512,512,0.0,,,,
Batch_1/iv6g2oq0,512,640,6.103515624999999,,,,102.06685378923193
Batch_1/iv6g2oq0,512,768,18.310546874999996,,,,185.55744549250034
Batch_1/iv6g2oq0,512,896,54.931640624999986,,,,436.68122270742344
Batch_1/iv6g2oq0,512,1024,73.24218749999999,0.42580617580121716,1.5205139983872689,1.9248706645328988,490.7975460122699
Batch_1/iv6g2oq0,512,1152,54.931640624999986,,,,363.3885986827163
Batch_1/iv6g2oq0,512,1280,30.517578124999993,,,,223.46368715083798
Batch_1/iv6g2oq0,512,1408,12.207031249999998,,,,235.91860808021232
Batch_1/iv6g2oq0,512,1536,24.414062499999996,,,,460.69680391592277
Batch_1/iv6g2oq0,512,1664,54.931640624999986,,,,687.6790830945557
Batch_1/iv6g2oq0,512,1792,48.82812499999999,,,,389.0577507598784
Batch_1/iv6g2oq0,512,1920,30.517578124999993,,,,297.04440813901675
Batch_1/iv6g2oq0,512,2048,18.310546874999996,,,,174.16545718432505
Batch_1/iv6g2oq0,512,2176,12.207031249999998,,,,104.73946059177794
Batch_1/iv6g2oq0,512,2304,18.310546874999996,,,,138.16925734024176
Batch_1/iv6g2oq0,512,2432,30.517578124999993,,,,146.32361907084498
Batch_1/iv6g2oq0,512,2560,12.207031249999998,,,,52.756528620416766
Batch_1/iv6g2oq0,512,2688,18.310546874999996,,,,86.98173383589445
Batch_1/iv6g2oq0,512,2816,12.207031249999998,,,,78.91102781613729
Batch_1/iv6g2oq0,512,2944,30.517578124999993,,,,174.09470752089132
Batch_1/iv6g2oq0,512,3072,18.310546874999996,,,,180.88634308109732
Batch_1/iv6g2oq0,512,3200,6.103515624999999,,,,124.64942349641632
Batch_1/uhdslk0o,0,0,42.72460937499999,,,,1009.0090090090087
Batch_1/uhdslk0o,0,128,54.931640624999986,,,,950.3695881731782
Batch_1/uhdslk0o,0,256,54.931640624999986,,,,1033.2950631458093
Batch_1/uhdslk0o,0,384,48.82812499999999,,,,455.8775643112992
Batch_1/uhdslk0o,0,512,42.72460937499999,,,,217.33224667209993
Batch_1/uhdslk0o,0,640,24.414062499999996,,,,206.29190304280553
Batch_1/uhdslk0o,0,768,6.103515624999999,,,,188.3239171374764
Batch_1/uhdslk0o,0,896,0.0,,,,
Batch_1/uhdslk0o,0,1024,30.517578124999993,,,,602.4096385542167
Batch_1/uhdslk0o,0,1152,36.62109374999999,,,,468.2744088035588
Batch_1/uhdslk0o,0,1280,42.72460937499999,,,,586.6331447726794
Batch_1/uhdslk0o,0,1408,36.62109374999999,,,,594.9429846306394
Batch_1/uhdslk0o,0,1536,12.207031249999998,,,,395.8436417615041
Batch_1/uhdslk0o,0,1664,18.310546874999996,,,,797.8723404255318
Batch_1/uhdslk0o,0,1792,36.62109374999999,,,,904.5680687471731
Batch_1/uhdslk0o,0,1920,18.310546874999996,,,,617.9196704428423
Batch_1/uhdslk0o,0,2048,6.103515624999999,,,,70.95973035302465
Batch_1/uhdslk0o,0,2176,30.517578124999993,,,,86.20689655172413
Batch_1/uhdslk0o,0,2304,42.72460937499999,,,,169.33367200067727
Batch_1/uhdslk0o,0,2432,24.414062499999996,,,,119.15400655347034
Batch_1/uhdslk0o,0,2560,18.310546874999996,,,,103.53753235547885
Batch_1/uhdslk0o,0,2688,0.0,,,,
Batch_1/uhdslk0o,0,2816,18.310546874999996,,,,265.3693056169836
Batch_1/uhdslk0o,0,2944,30.517578124999993,,,,260.03575491630096
Batch_1/uhdslk0o,0,3072,42.72460937499999,,,,188.00526414739608
Batch_1/uhdslk0o,0,3200,42.72460937499999,,,,256.9593147751605
Batch_1/uhdslk0o,128,0,42.72460937499999,,,,245.7649433862898
Batch_1/uhdslk0o,128,128,54.931640624999986,,,,300.02500208350693
Batch_1/uhdslk0o,128,256,42.72460937499999,,,,354.4303797468354
Batch_1/uhdslk0o,128,384,54.931640624999986,,,,438.7769093651445
Batch_1/uhdslk0o,128,512,61.035156249999986,0.585976818471823,1.2501669489368437,1.766192765414112,554.7850208044381
Batch_1/uhdslk0o,128,640,18.310546874999996,,,,503.56693243810315
Batch_1/uhdslk0o,128,768,12.207031249999998,,,,204.81310803891444
Batch_1/uhdslk0o,128,896,12.207031249999998,,,,354.2958370239149
Batch_1/uhdslk0o,128,1024,24.414062499999996,,,,366.8602873738917
Batch_1/uhdslk0o,128,1152,30.517578124999993,,,,282.43601059135034
Batch_1/uhdslk0o,128,1280,30.517578124999993,,,,286.43036161833146
Batch_1/uhdslk0o,128,1408,18.310546874999996,,,,60.38647342995168
Batch_1/uhdslk0o,128,1536,24.414062499999996,,,,102.89830217801405
Batch_1/uhdslk0o,128,1664,36.62109374999999,,,,689.4570525711001
Batch_1/uhdslk0o,128,1792,24.414062499999996,,,,214.19009370816593
Batch_1/uhdslk0o,128,1920,6.103515624999999,,,,64.59948320413436
Batch_1/uhdslk0o,128,2048,6.103515624999999,,,,75.1597143930853
Batch_1/uhdslk0o,128,2176,12.207031249999998,,,,30.733768728390313
Batch_1/uhdslk0o,128,2304,24.414062499999996,,,,121.87690432663008
Batch_1/uhdslk0o,128,2432,30.517578124999993,,,,134.68013468013464
Batch_1/uhdslk0o,128,2560,18.310546874999996,,,,73.59705611775527
Batch_1/uhdslk0o,128,2688,6.103515624999999,,,,55.149593271749616
Batch_1/uhdslk0o,128,2816,6.103515624999999,,,,54.156512320606545
Batch_1/uhdslk0o,128,2944,12.207031249999998,,,,27.506532801540363
Batch_1/uhdslk0o,128,3072,24.414062499999996,,,,70.10164738871362
Batch_1/uhdslk0o,128,3200,24.414062499999996,,,,206.07934054611022
Batch_1/uhdslk0o,256,0,36.62109374999999,,,,122.85766939001165
Batch_1/uhdslk0o,256,128,36.62109374999999,,,,165.63146997929604
Batch_1/uhdslk0o,256,256,48.82812499999999,,,,273.99941285840094
Batch_1/uhdslk0o,256,384,61.035156249999986,0.5635759677332401,1.2042227435623345,1.7983404693292409,668.7565308254963
Batch_1/uhdslk0o,256,512,61.035156249999986,0.3545805526139253,1.2267040759504653,1.591774699517169,862.6887131560027
Batch_1/uhdslk0o,256,640,79.34570312499999,0.3431831258788849,0.5313318899467225,1.591774699517169,961.5384615384614
Batch_1/uhdslk0o,256,768,61.035156249999986,0.3544098827252288,0.5963333053443436,1.0403141895720198,831.8478906714199
Batch_1/uhdslk0o,256,896,12.207031249999998,,,,356.82426404995533
Batch_1/uhdslk0o,256,1024,12.207031249999998,,,,248.2929857231533
Batch_1/uhdslk0o,256,1152,12.207031249999998,,,,78.52375343541419
Batch_1/uhdslk0o,256,1280,18.310546874999996,,,,68.10829218457346
Batch_1/uhdslk0o,256,1408,12.207031249999998,,,,21.385799828913594
Batch_1/uhdslk0o,256,1536,24.414062499999996,,,,74.44630560208448
Batch_1/uhdslk0o,256,1664,42.72460937499999,,,,648.8991888760138
Batch_1/uhdslk0o,256,1792,30.517578124999993,,,,260.17952387147125
Batch_1/uhdslk0o,256,1920,18.310546874999996,,,,193.54838709677415
Batch_1/uhdslk0o,256,2048,30.517578124999993,,,,865.8008658008656
Batch_1/uhdslk0o,256,2176,24.414062499999996,,,,503.93700787401565
Batch_1/uhdslk0o,256,2304,12.207031249999998,,,,257.8150177247824
Batch_1/uhdslk0o,256,2432,24.414062499999996,,,,70.9754691034911
Batch_1/uhdslk0o,256,2560,30.517578124999993,,,,58.886312612712075
Batch_1/uhdslk0o,256,2688,24.414062499999996,,,,108.80406201831534
Batch_1/uhdslk0o,256,2816,12.207031249999998,,,,112.77135607555678
Batch_1/uhdslk0o,256,2944,6.103515624999999,,,,38.095238095238095
Batch_1/uhdslk0o,256,3072,18.310546874999996,,,,88.88230501444336
Batch_1/uhdslk0o,256,3200,48.82812499999999,,,,123.06430109732334
Batch_1/uhdslk0o,384,0,36.62109374999999,,,,219.32229411119638
Batch_1/uhdslk0o,384,128,24.414062499999996,,,,236.40661938534276
Batch_1/uhdslk0o,384,256,30.517578124999993,,,,364.83035388544323
Batch_1/uhdslk0o,384,384,48.82812499999999,,,,498.442367601246
Batch_1/uhdslk0o,384,512,61.035156249999986,0.6379872940673543,1.2035185336535847,1.3599192765483634,621.1180124223602
Batch_1/uhdslk0o,384,640,85.44921874999999,0.3384810923925561,0.5398638358986338,1.0539931227391521,1543.077582511787
Batch_1/uhdslk0o,384,768,67.13867187499999,0.3431831258788849,0.547002095985713,0.9201653640780463,1370.4496788008562
Batch_1/uhdslk0o,384,896,24.414062499999996,,,,1121.4953271028035
Batch_1/uhdslk0o,384,1024,24.414062499999996,,,,203.08004738534436
Batch_1/uhdslk0o,384,1152,12.207031249999998,,,,50.978143121136796
Batch_1/uhdslk0o,384,1280,18.310546874999996,,,,87.32988865439195
Batch_1/uhdslk0o,384,1408,18.310546874999996,,,,101.25300594861407
Batch_1/uhdslk0o,384,1536,24.414062499999996,,,,235.3864260494311
Batch_1/uhdslk0o,384,1664,18.310546874999996,,,,245.24831391784178
Batch_1/uhdslk0o,384,1792,6.103515624999999,,,,50.68423720223009
Batch_1/uhdslk0o,384,1920,12.207031249999998,,,,161.35538523598223
Batch_1/uhdslk0o,384,2048,30.517578124999993,,,,342.5244048638464
Batch_1/uhdslk0o,384,2176,24.414062499999996,,,,256.3691716071142
Batch_1/uhdslk0o,384,2304,18.310546874999996,,,,175.9530791788856
Batch_1/uhdslk0o,384,2432,24.414062499999996,,,,75.26932304652584
Batch_1/uhdslk0o,384,2560,30.517578124999993,,,,70.45044251684205
Batch_1/uhdslk0o,384,2688,24.414062499999996,,,,118.75309252845123
Batch_1/uhdslk0o,384,2816,18.310546874999996,,,,311.8503118503118
Batch_1/uhdslk0o,384,2944,12.207031249999998,,,,652.5285481239803
Batch_1/uhdslk0o,384,3072,6.103515624999999,,,,89.90784445942907
Batch_1/uhdslk0o,384,3200,36.62109374999999,,,,58.858151854031775
Batch_1/uhdslk0o,512,0,12.207031249999998,,,,92.57116408238832
Batch_1/uhdslk0o,512,128,12.207031249999998,,,,207.8461938165757
Batch_1/uhdslk0o,512,256,18.310546874999996,,,,265.42800265427996
Batch_1/uhdslk0o,512,384,24.414062499999996,,,,135.24174461850555
Batch_1/uhdslk0o,512,512,30.517578124999993,,,,127.72751463544435
Batch_1/uhdslk0o,512,640,42.72460937499999,,,,560.0672080649676
Batch_1/uhdslk0o,512,768,36.62109374999999,,,,1004.5203415369159
Batch_1/uhdslk0o,512,896,48.82812499999999,,,,507.0779632368475
Batch_1/uhdslk0o,512,1024,48.82812499999999,,,,226.39373643995845
Batch_1/uhdslk0o,512,1152,24.414062499999996,,,,123.34258402713535
Batch_1/uhdslk0o,512,1280,30.517578124999993,,,,204.4728434504792
Batch_1/uhdslk0o,512,1408,24.414062499999996,,,,324.32432432432427
Batch_1/uhdslk0o,512,1536,24.414062499999996,,,,681.4310051107324
Batch_1/uhdslk0o,512,1664,18.310546874999996,,,,287.63183125599227
Batch_1/uhdslk0o,512,1792,0.0,,,,
Batch_1/uhdslk0o,512,1920,0.0,,,,
Batch_1/uhdslk0o,512,2048,6.103515624999999,,,,81.38351983723294
Batch_1/uhdslk0o,512,2176,6.103515624999999,,,,105.42962572482867
Batch_1/uhdslk0o,512,2304,12.207031249999998,,,,80.59641345960102
Batch_1/uhdslk0o,512,2432,18.310546874999996,,,,72.76255154014065
Batch_1/uhdslk0o,512,2560,12.207031249999998,,,,75.03986492824312
Batch_1/uhdslk0o,512,2688,6.103515624999999,,,,109.79961570134503
Batch_1/uhdslk0o,512,2816,12.207031249999998,,,,1360.5442176870745
Batch_1/uhdslk0o,512,2944,12.207031249999998,,,,520.1560468140442
Batch_1/uhdslk0o,512,3072,0.0,,,,
Batch_1/uhdslk0o,512,3200,6.103515624999999,,,,213.21961620469077
Batch_1/uhdslk0o,640,0,67.13867187499999,0.3989422804014327,1.523311875578942,4.283012811184652,234.54907939486336
Batch_1/uhdslk0o,640,128,48.82812499999999,,,,459.506031016657
Batch_1/uhdslk0o,640,256,6.103515624999999,,,,112.73957158962794
Batch_1/uhdslk0o,640,384,12.207031249999998,,,,113.55571327182396
Batch_1/uhdslk0o,640,512,24.414062499999996,,,,97.9192166462668
Batch_1/uhdslk0o,640,640,61.035156249999986,0.43886723810478834,0.8942479554894771,2.2637997189590404,430.90181594336707
Batch_1/uhdslk0o,640,768,61.035156249999986,0.4949072083415488,1.811652316610734,3.0450561545780768,366.18858712236795
Batch_1/uhdslk0o,640,896,48.82812499999999,,,,113.57720884009274
Batch_1/uhdslk0o,640,1024,42.72460937499999,,,,70.59404892167589
Batch_1/uhdslk0o,640,1152,18.310546874999996,,,,66.68148477439429
Batch_1/uhdslk0o,640,1280,30.517578124999993,,,,359.1470258136924
Batch_1/uhdslk0o,640,1408,36.62109374999999,,,,353.9196602371261
Batch_1/uhdslk0o,640,1536,30.517578124999993,,,,202.59319286871957
Batch_1/uhdslk0o,640,1664,24.414062499999996,,,,255.59105431309897
Batch_1/uhdslk0o,640,1792,6.103515624999999,,,,155.8239189715621
Batch_1/uhdslk0o,640,1920,12.207031249999998,,,,292.3976608187134
Batch_1/uhdslk0o,640,2048,6.103515624999999,,,,130.12361743656473
Batch_1/uhdslk0o,640,2176,0.0,,,,
Batch_1/uhdslk0o,640,2304,12.207031249999998,,,,145.93214155417726
Batch_1/uhdslk0o,640,2432,18.310546874999996,,,,180.55973517905505
Batch_1/uhdslk0o,640,2560,24.414062499999996,,,,145.3488372093023
Batch_1/uhdslk0o,640,2688,18.310546874999996,,,,83.16008316008315
Batch_1/uhdslk0o,640,2816,12.207031249999998,,,,186.08978832286573
Batch_1/uhdslk0o,640,2944,30.517578124999993,,,,695.0477845351867
Batch_1/uhdslk0o,640,3072,24.414062499999996,,,,321.1131924003211
Batch_1/uhdslk0o,640,3200,18.310546874999996,,,,178.75763444063756
Batch_2/3806gxp0,0,0,36.62109374999999,,,,303.1221582297665
Batch_2/3806gxp0,0,128,18.310546874999996,,,,271.5546503733876
Batch_2/3806gxp0,0,256,6.103515624999999,,,,118.27321111768183
Batch_2/3806gxp0,0,384,24.414062499999996,,,,46.931831514724855
Batch_2/3806gxp0,0,512,61.035156249999986,0.616705298189693,4.418752927481424,4.895137202562944,87.1776244097348
Batch_2/3806gxp0,0,640,54.931640624999986,,,,184.39552840843606
Batch_2/3806gxp0,0,768,48.82812499999999,,,,343.4318655709554
Batch_2/3806gxp0,0,896,30.517578124999993,,,,135.44400237027003
Batch_2/3806gxp0,0,1024,24.414062499999996,,,,88.3489784649365
Batch_2/3806gxp0,0,1152,30.517578124999993,,,,109.37927262783701
Batch_2/3806gxp0,0,1280,36.62109374999999,,,,135.54727211114871
Batch_2/3806gxp0,0,1408,48.82812499999999,,,,149.54668660622485
Batch_2/3806gxp0,0,1536,36.62109374999999,,,,135.86956521739128
Batch_2/3806gxp0,0,1664,30.517578124999993,,,,124.63647694225175
Batch_2/3806gxp0,0,1792,30.517578124999993,,,,97.17386023159769
Batch_2/3806gxp0,0,1920,18.310546874999996,,,,72.3370908433299
Batch_2/3806gxp0,0,2048,54.931640624999986,,,,100.45203415369159
Batch_2/3806gxp0,0,2176,54.931640624999986,,,,145.93214155417726
Batch_2/3806gxp0,0,2304,12.207031249999998,,,,143.96256973186968
Batch_2/3806gxp0,0,2432,18.310546874999996,,,,273.3485193621867
Batch_2/3806gxp0,0,2560,42.72460937499999,,,,573.7508964857757
Batch_2/3806gxp0,0,2688,54.931640624999986,,,,949.7427779976254
Batch_2/3806gxp0,0,2816,30.517578124999993,,,,650.759219088937
Batch_2/3806gxp0,0,2944,24.414062499999996,,,,648.2982171799026
Batch_2/3806gxp0,0,3072,30.517578124999993,,,,565.4509471303364
Batch_2/3806gxp0,0,3200,42.72460937499999,,,,178.51829812555783
Batch_2/3806gxp0,128,0,18.310546874999996,,,,416.2330905306971
Batch_2/3806gxp0,128,128,24.414062499999996,,,,387.8787878787878
Batch_2/3806gxp0,128,256,12.207031249999998,,,,278.6485545106234
Batch_2/3806gxp0,128,384,30.517578124999993,,,,171.9505642127888
Batch_2/3806gxp0,128,512,48.82812499999999,,,,129.1989664082687
Batch_2/3806gxp0,128,640,30.517578124999993,,,,98.53430225397216
Batch_2/3806gxp0,128,768,42.72460937499999,,,,238.8915432393693
Batch_2/3806gxp0,128,896,30.517578124999993,,,,161.03059581320449
Batch_2/3806gxp0,128,1024,24.414062499999996,,,,126.84319010623113
Batch_2/3806gxp0,128,1152,18.310546874999996,,,,202.29265003371538
Batch_2/3806gxp0,128,1280,6.103515624999999,,,,93.13154831199067
Batch_2/3806gxp0,128,1408,0.0,,,,
Batch_2/3806gxp0,128,1536,0.0,,,,
Batch_2/3806gxp0,128,1664,12.207031249999998,,,,39.43995267205678
Batch_2/3806gxp0,128,1792,18.310546874999996,,,,59.03623348830344
Batch_2/3806gxp0,128,1920,18.310546874999996,,,,76.86395080707146
Batch_2/3806gxp0,128,2048,12.207031249999998,,,,67.83685237005002
Batch_2/3806gxp0,128,2176,12.207031249999998,,,,80.41817450743866
Batch_2/3806gxp0,128,2304,6.103515624999999,,,,44.29188351234636
Batch_2/3806gxp0,128,2432,18.310546874999996,,,,168.32655351381675
Batch_2/3806gxp0,128,2560,18.310546874999996,,,,262.00873362445407
Batch_2/3806gxp0,128,2688,12.207031249999998,,,,100.22550739163115
Batch_2/3806gxp0,128,2816,12.207031249999998,,,,125.03907471084713
Batch_2/3806gxp0,128,2944,6.103515624999999,,,,83.24661810613942
Batch_2/3806gxp0,128,3072,6.103515624999999,,,,57.28197049978518
Batch_2/3806gxp0,128,3200,6.103515624999999,,,,41.52392816360427
Batch_2/3806gxp0,256,0,18.310546874999996,,,,273.8475581926061
Batch_2/3806gxp0,256,128,24.414062499999996,,,,458.4527220630372
Batch_2/3806gxp0,256,256,18.310546874999996,,,,490.99836333878875
Batch_2/3806gxp0,256,384,36.62109374999999,,,,1185.185185185185
Batch_2/3806gxp0,256,512,36.62109374999999,,,,485.4368932038834
Batch_2/3806gxp0,256,640,24.414062499999996,,,,217.82537665638043
Batch_2/3806gxp0,256,768,24.414062499999996,,,,369.45812807881765
Batch_2/3806gxp0,256,896,12.207031249999998,,,,188.90200708382523
Batch_2/3806gxp0,256,1024,6.103515624999999,,,,59.092923622396206
Batch_2/3806gxp0,256,1152,6.103515624999999,,,,91.09542245502162
Batch_2/3806gxp0,256,1280,6.103515624999999,,,,206.9322296947749
Batch_2/3806gxp0,256,1408,6.103515624999999,,,,42.021220716461805
Batch_2/3806gxp0,256,1536,6.103515624999999,,,,30.14999623125047
Batch_2/3806gxp0,256,1664,0.0,,,,
Batch_2/3806gxp0,256,1792,0.0,,,,
Batch_2/3806gxp0,256,1920,6.103515624999999,,,,79.08264136022142
Batch_2/3806gxp0,256,2048,12.207031249999998,,,,94.18412997409935
Batch_2/3806gxp0,256,2176,18.310546874999996,,,,138.9854065323141
Batch_2/3806gxp0,256,2304,6.103515624999999,,,,56.88282138794084
Batch_2/3806gxp0,256,2432,6.103515624999999,,,,60.09615384615383
Batch_2/3806gxp0,256,2560,6.103515624999999,,,,84.56659619450316
Batch_2/3806gxp0,256,2688,0.0,,,,
Batch_2/3806gxp0,256,2816,0.0,,,,
Batch_2/3806gxp0,256,2944,0.0,,,,
Batch_2/3806gxp0,256,3072,0.0,,,,
Batch_2/3806gxp0,256,3200,0.0,,,,
Batch_2/3806gxp0,384,0,6.103515624999999,,,,85.39709649871904
Batch_2/3806gxp0,384,128,18.310546874999996,,,,357.03659625111567
Batch_2/3806gxp0,384,256,18.310546874999996,,,,414.651002073255
Batch_2/3806gxp0,384,384,18.310546874999996,,,,365.1856360316493
Batch_2/3806gxp0,384,512,18.310546874999996,,,,212.4269782262347
Batch_2/3806gxp0,384,640,6.103515624999999,,,,74.69654528478057
Batch_2/3806gxp0,384,768,6.103515624999999,,,,142.50089063056643
Batch_2/3806gxp0,384,896,6.103515624999999,,,,180.83182640144662
Batch_2/3806gxp0,384,1024,18.310546874999996,,,,175.36168347216133
Batch_2/3806gxp0,384,1152,24.414062499999996,,,,210.49861860281536
Batch_2/3806gxp0,384,1280,18.310546874999996,,,,421.2004212004211
Batch_2/3806gxp0,384,1408,12.207031249999998,,,,89.36550491510275
Batch_2/3806gxp0,384,1536,6.103515624999999,,,,41.365046535677344
Batch_2/3806gxp0,384,1664,0.0,,,,
Batch_2/3806gxp0,384,1792,0.0,,,,
Batch_2/3806gxp0,384,1920,6.103515624999999,,,,174.8251748251748
Batch_2/3806gxp0,384,2048,12.207031249999998,,,,83.59456635318703
Batch_2/3806gxp0,384,2176,24.414062499999996,,,,121.93882735494357
Batch_2/3806gxp0,384,2304,12.207031249999998,,,,79.02015013828525
Batch_2/3806gxp0,384,2432,30.517578124999993,,,,231.4145212612091
Batch_2/3806gxp0,384,2560,30.517578124999993,,,,356.74470457079144
Batch_2/3806gxp0,384,2688,18.310546874999996,,,,494.4375772558714
Batch_2/3806gxp0,384,2816,12.207031249999998,,,,240.96385542168667
Batch_2/3806gxp0,384,2944,6.103515624999999,,,,34.47681434235476
Batch_2/3806gxp0,384,3072,6.103515624999999,,,,37.7251721210978
Batch_2/3806gxp0,384,3200,0.0,,,,
Batch_2/3806gxp0,512,0,24.414062499999996,,,,352.26772346983705
Batch_2/3806gxp0,512,128,30.517578124999993,,,,168.6198465559396
Batch_2/3806gxp0,512,256,18.310546874999996,,,,118.31985801617036
Batch_2/3806gxp0,512,384,0.0,,,,
Batch_2/3806gxp0,512,512,0.0,,,,
Batch_2/3806gxp0,512,640,0.0,,,,
Batch_2/3806gxp0,512,768,6.103515624999999,,,,103.81520892810795
Batch_2/3806gxp0,512,896,18.310546874999996,,,,276.3067004374856
Batch_2/3806gxp0,512,1024,36.62109374999999,,,,203.71785077667428
Batch_2/3806gxp0,512,1152,30.517578124999993,,,,175.42320849048326
Batch_2/3806gxp0,512,1280,12.207031249999998,,,,280.11204481792714
Batch_2/3806gxp0,512,1408,18.310546874999996,,,,683.7606837606836
Batch_2/3806gxp0,512,1536,12.207031249999998,,,,330.30553261767125
Batch_2/3806gxp0,512,1664,0.0,,,,
Batch_2/3806gxp0,512,1792,18.310546874999996,,,,257.8981302385557
Batch_2/3806gxp0,512,1920,18.310546874999996,,,,218.75854525567402
Batch_2/3806gxp0,512,2048,6.103515624999999,,,,87.0511425462459
Batch_2/3806gxp0,512,2176,18.310546874999996,,,,119.74852809100886
Batch_2/3806gxp0,512,2304,30.517578124999993,,,,130.07072595723923
Batch_2/3806gxp0,512,2432,48.82812499999999,,,,289.05214982536427
Batch_2/3806gxp0,512,2560,30.517578124999993,,,,384.9855630413859
Batch_2/3806gxp0,512,2688,24.414062499999996,,,,421.60737812911714
Batch_2/3806gxp0,512,2816,18.310546874999996,,,,293.61389772449223
Batch_2/3806gxp0,512,2944,12.207031249999998,,,,64.91398896462186
Batch_2/3806gxp0,512,3072,12.207031249999998,,,,61.27920337035618
Batch_2/3806gxp0,512,3200,12.207031249999998,,,,172.8235039965435
Batch_2/3806gxp0,640,0,30.517578124999993,,,,110.05135730007335
Batch_2/3806gxp0,640,128,42.72460937499999,,,,71.34257814241761
Batch_2/3806gxp0,640,256,24.414062499999996,,,,73.23771742447359
Batch_2/3806gxp0,640,384,6.103515624999999,,,,129.0738948047757
Batch_2/3806gxp0,640,512,0.0,,,,
Batch_2/3806gxp0,640,640,6.103515624999999,,,,131.01867016049783
Batch_2/3806gxp0,640,768,24.414062499999996,,,,544.7735784814436
Batch_2/3806gxp0,640,896,36.62109374999999,,,,302.84675953967286
Batch_2/3806gxp0,640,1024,18.310546874999996,,,,79.42286054669401
Batch_2/3806gxp0,640,1152,12.207031249999998,,,,62.705753252860944
Batch_2/3806gxp0,640,1280,12.207031249999998,,,,113.07420494699643
Batch_2/3806gxp0,640,1408,24.414062499999996,,,,275.81451473883806
Batch_2/3806gxp0,640,1536,18.310546874999996,,,,648.2982171799025
Batch_2/3806gxp0,640,1664,0.0,,,,
Batch_2/3806gxp0,640,1792,18.310546874999996,,,,131.16904410559104
Batch_2/3806gxp0,640,1920,18.310546874999996,,,,99.97500624843788
Batch_2/3806gxp0,640,2048,36.62109374999999,,,,278.164116828929
Batch_2/3806gxp0,640,2176,48.82812499999999,,,,367.55053819900223
Batch_2/3806gxp0,640,2304,36.62109374999999,,,,313.92246115209537
Batch_2/3806gxp0,640,2432,54.931640624999986,,,,620.9974771977488
Batch_2/3806gxp0,640,2560,24.414062499999996,,,,391.0068426197458
Batch_2/3806gxp0,640,2688,12.207031249999998,,,,69.96676578625153
Batch_2/3806gxp0,640,2816,18.310546874999996,,,,100.95061832253721
Batch_2/3806gxp0,640,2944,12.207031249999998,,,,141.34275618374556
Batch_2/3806gxp0,640,3072,12.207031249999998,,,,135.5013550135501
Batch_2/3806gxp0,640,3200,18.310546874999996,,,,224.21524663677124
Batch_2/3806gxp0,768,0,36.62109374999999,,,,169.5454063791459
Batch_2/3806gxp0,768,128,48.82812499999999,,,,147.5905837207586
Batch_2/3806gxp0,768,256,24.414062499999996,,,,125.81253931641851
Batch_2/3806gxp0,768,384,24.414062499999996,,,,172.26528854435827
Batch_2/3806gxp0,768,512,18.310546874999996,,,,120.24048096192382
Batch_2/3806gxp0,768,640,30.517578124999993,,,,464.30644225188615
Batch_2/3806gxp0,768,768,48.82812499999999,,,,904.1007426541813
Batch_2/3806gxp0,768,896,48.82812499999999,,,,441.8494555783493
Batch_2/3806gxp0,768,1024,30.517578124999993,,,,262.63952724885087
Batch_2/3806gxp0,768,1152,36.62109374999999,,,,430.9570838570658
Batch_2/3806gxp0,768,1280,36.62109374999999,,,,370.19898195279956
Batch_2/3806gxp0,768,1408,36.62109374999999,,,,282.2865208186309
Batch_2/3806gxp0,768,1536,30.517578124999993,,,,254.9394518801784
Batch_2/3806gxp0,768,1664,24.414062499999996,,,,312.8258602711157
Batch_2/3806gxp0,768,1792,18.310546874999996,,,,220.9537838335481
Batch_2/3806gxp0,768,1920,12.207031249999998,,,,112.43851018973996
Batch_2/3806gxp0,768,2048,48.82812499999999,,,,317.5443238952103
Batch_2/3806gxp0,768,2176,48.82812499999999,,,,209.79020979020976
Batch_2/3806gxp0,768,2304,18.310546874999996,,,,99.36242444315639
Batch_2/3806gxp0,768,2432,24.414062499999996,,,,231.85045645558608
Batch_2/3806gxp0,768,2560,24.414062499999996,,,,276.75276752767525
Batch_2/3806gxp0,768,2688,30.517578124999993,,,,106.05859737504969
Batch_2/3806gxp0,768,2816,24.414062499999996,,,,113.55571327182396
Batch_2/3806gxp0,768,2944,18.310546874999996,,,,507.3995771670189
Batch_2/3806gxp0,768,3072,18.310546874999996,,,,373.1343283582089
Batch_2/3806gxp0,768,3200,36.62109374999999,,,,317.7124702144559
Batch_2/avn74qx1,0,0,6.103515624999999,,,,300.07501875468864
Batch_2/avn74qx1,0,128,18.310546874999996,,,,615.0691952844694
Batch_2/avn74qx1,0,256,18.310546874999996,,,,385.2327447833065
Batch_2/avn74qx1,0,384,36.62109374999999,,,,490.0959771288543
Batch_2/avn74qx1,0,512,61.035156249999986,0.8281687186552741,1.59755169852239,2.483716085675226,530.1133853629804
Batch_2/avn74qx1,0,640,36.62109374999999,,,,407.3319755600814
Batch_2/avn74qx1,0,768,18.310546874999996,,,,190.2949571836346
Batch_2/avn74qx1,0,896,12.207031249999998,,,,87.66162612316457
Batch_2/avn74qx1,0,1024,18.310546874999996,,,,198.87305270135894
Batch_2/avn74qx1,0,1152,12.207031249999998,,,,219.8406155537235
Batch_2/avn74qx1,0,1280,0.0,,,,
Batch_2/avn74qx1,0,1408,6.103515624999999,,,,80.3051596065047
Batch_2/avn74qx1,0,1536,12.207031249999998,,,,95.51098376313273
Batch_2/avn74qx1,0,1664,12.207031249999998,,,,155.2192471866511
Batch_2/avn74qx1,0,1792,12.207031249999998,,,,351.95776506819175
Batch_2/avn74qx1,0,1920,18.310546874999996,,,,111.37407768341917
Batch_2/avn74qx1,0,2048,12.207031249999998,,,,46.242774566473976
Batch_2/avn74qx1,0,2176,30.517578124999993,,,,403.71417036737984
Batch_2/avn74qx1,0,2304,30.517578124999993,,,,195.91037100526506
Batch_2/avn74qx1,0,2432,18.310546874999996,,,,105.22162304353543
Batch_2/avn74qx1,0,2560,6.103515624999999,,,,119.04761904761901
Batch_2/avn74qx1,0,2688,18.310546874999996,,,,401.47206423553024
Batch_2/avn74qx1,0,2816,42.72460937499999,,,,425.66129522651255
Batch_2/avn74qx1,0,2944,54.931640624999986,,,,303.6341208843343
Batch_2/avn74qx1,0,3072,54.931640624999986,,,,302.57186081694397
Batch_2/avn74qx1,0,3200,48.82812499999999,,,,102.85949393128985
Batch_2/avn74qx1,128,0,12.207031249999998,,,,1204.8192771084334
Batch_2/avn74qx1,128,128,18.310546874999996,,,,424.0282685512367
Batch_2/avn74qx1,128,256,12.207031249999998,,,,204.39448134900354
Batch_2/avn74qx1,128,384,24.414062499999996,,,,496.89440993788816
Batch_2/avn74qx1,128,512,18.310546874999996,,,,492.81314168377816
Batch_2/avn74qx1,128,640,6.103515624999999,,,,128.41091492776886
Batch_2/avn74qx1,128,768,6.103515624999999,,,,47.89845527481738
Batch_2/avn74qx1,128,896,6.103515624999999,,,,54.333061668024975
Batch_2/avn74qx1,128,1024,6.103515624999999,,,,141.79369018078694
Batch_2/avn74qx1,128,1152,24.414062499999996,,,,264.9006622516556
Batch_2/avn74qx1,128,1280,18.310546874999996,,,,119.33174224343675
Batch_2/avn74qx1,128,1408,18.310546874999996,,,,273.78507871321005
Batch_2/avn74qx1,128,1536,6.103515624999999,,,,77.27975270479133
Batch_2/avn74qx1,128,1664,6.103515624999999,,,,81.74943797261393
Batch_2/avn74qx1,128,1792,6.103515624999999,,,,216.33315305570576
Batch_2/avn74qx1,128,1920,6.103515624999999,,,,124.45550715619163
Batch_2/avn74qx1,128,2048,0.0,,,,
Batch_2/avn74qx1,128,2176,6.103515624999999,,,,99.82530571499873
Batch_2/avn74qx1,128,2304,12.207031249999998,,,,252.7646129541864
Batch_2/avn74qx1,128,2432,6.103515624999999,,,,144.77017734346722
Batch_2/avn74qx1,128,2560,12.207031249999998,,,,184.88560203374158
Batch_2/avn74qx1,128,2688,18.310546874999996,,,,90.76469253460402
Batch_2/avn74qx1,128,2816,42.72460937499999,,,,144.79113878230652
Batch_2/avn74qx1,128,2944,24.414062499999996,,,,62.54560617116646
Batch_2/avn74qx1,128,3072,30.517578124999993,,,,74.30800668772058
Batch_2/avn74qx1,128,3200,61.035156249999986,1.2433316668773233,3.1381705285596646,3.7513304397487284,133.55592654424038
Batch_2/avn74qx1,256,0,12.207031249999998,,,,3137.254901960783
Batch_2/avn74qx1,256,128,12.207031249999998,,,,483.67593712212806
Batch_2/avn74qx1,256,256,6.103515624999999,,,,72.80669821623587
Batch_2/avn74qx1,256,384,18.310546874999996,,,,132.87565053703906
Batch_2/avn74qx1,256,512,12.207031249999998,,,,108.99182561307899
Batch_2/avn74qx1,256,640,12.207031249999998,,,,131.6439032417311
Batch_2/avn74qx1,256,768,6.103515624999999,,,,46.6146136813891
Batch_2/avn74qx1,256,896,6.103515624999999,,,,55.6328233657858
Batch_2/avn74qx1,256,1024,18.310546874999996,,,,57.11022272986863
Batch_2/avn74qx1,256,1152,36.62109374999999,,,,105.30472554955902
Batch_2/avn74qx1,256,1280,24.414062499999996,,,,161.9105444242056
Batch_2/avn74qx1,256,1408,24.414062499999996,,,,316.12223393045304
Batch_2/avn74qx1,256,1536,18.310546874999996,,,,179.10447761194027
Batch_2/avn74qx1,256,1664,12.207031249999998,,,,156.70910871694412
Batch_2/avn74qx1,256,1792,0.0,,,,
Batch_2/avn74qx1,256,1920,0.0,,,,
Batch_2/avn74qx1,256,2048,0.0,,,,
Batch_2/avn74qx1,256,2176,0.0,,,,
Batch_2/avn74qx1,256,2304,0.0,,,,
Batch_2/avn74qx1,256,2432,6.103515624999999,,,,85.63476771569256
Batch_2/avn74qx1,256,2560,18.310546874999996,,,,208.95002611875321
Batch_2/avn74qx1,256,2688,12.207031249999998,,,,40.73319755600814
Batch_2/avn74qx1,256,2816,30.517578124999993,,,,106.06328442637438
Batch_2/avn74qx1,256,2944,24.414062499999996,,,,70.65889418830594
Batch_2/avn74qx1,256,3072,30.517578124999993,,,,112.66018870581605
Batch_2/avn74qx1,256,3200,36.62109374999999,,,,220.4099625303063
Batch_2/avn74qx1,384,0,12.207031249999998,,,,113.0582249858677
Batch_2/avn74qx1,384,128,12.207031249999998,,,,131.99142055766373
Batch_2/avn74qx1,384,256,6.103515624999999,,,,67.21559401781212
Batch_2/avn74qx1,384,384,6.103515624999999,,,,48.23926676314519
Batch_2/avn74qx1,384,512,6.103515624999999,,,,41.69272461955388
Batch_2/avn74qx1,384,640,6.103515624999999,,,,52.246603970741894
Batch_2/avn74qx1,384,768,6.103515624999999,,,,52.610811521767715
Batch_2/avn74qx1,384,896,12.207031249999998,,,,61.03143118706133
Batch_2/avn74qx1,384,1024,30.517578124999993,,,,84.47729672650472
Batch_2/avn74qx1,384,1152,18.310546874999996,,,,44.043162299053066
Batch_2/avn74qx1,384,1280,6.103515624999999,,,,87.97009016934241
Batch_2/avn74qx1,384,1408,12.207031249999998,,,,217.62785636561478
Batch_2/avn74qx1,384,1536,18.310546874999996,,,,170.84282460136671
Batch_2/avn74qx1,384,1664,18.310546874999996,,,,265.0176678445229
Batch_2/avn74qx1,384,1792,6.103515624999999,,,,143.62657091561937
Batch_2/avn74qx1,384,1920,0.0,,,,
Batch_2/avn74qx1,384,2048,0.0,,,,
Batch_2/avn74qx1,384,2176,6.103515624999999,,,,135.45546901456143
Batch_2/avn74qx1,384,2304,6.103515624999999,,,,129.0322580645161
Batch_2/avn74qx1,384,2432,6.103515624999999,,,,92.378752886836
Batch_2/avn74qx1,384,2560,18.310546874999996,,,,255.97269624573372
Batch_2/avn74qx1,384,2688,12.207031249999998,,,,217.98365122615797
Batch_2/avn74qx1,384,2816,30.517578124999993,,,,705.4673721340387
Batch_2/avn74qx1,384,2944,30.517578124999993,,,,307.8817733990147
Batch_2/avn74qx1,384,3072,24.414062499999996,,,,220.4160352665656
Batch_2/avn74qx1,384,3200,24.414062499999996,,,,455.0625711035267
Batch_2/avn74qx1,512,0,18.310546874999996,,,,161.33369185264854
Batch_2/avn74qx1,512,128,24.414062499999996,,,,168.2616468608686
Batch_2/avn74qx1,512,256,24.414062499999996,,,,189.55100106622436
Batch_2/avn74qx1,512,384,18.310546874999996,,,,149.22589069203505
Batch_2/avn74qx1,512,512,18.310546874999996,,,,87.1174997277578
Batch_2/avn74qx1,512,640,6.103515624999999,,,,43.66812227074235
Batch_2/avn74qx1,512,768,18.310546874999996,,,,163.44320348678832
Batch_2/avn74qx1,512,896,30.517578124999993,,,,159.51507417450946
Batch_2/avn74qx1,512,1024,18.310546874999996,,,,118.63568956994561
Batch_2/avn74qx1,512,1152,6.103515624999999,,,,122.02562538133004
Batch_2/avn74qx1,512,1280,0.0,,,,
Batch_2/avn74qx1,512,1408,6.103515624999999,,,,79.60199004975122
Batch_2/avn74qx1,512,1536,18.310546874999996,,,,192.8330387273019
Batch_2/avn74qx1,512,1664,30.517578124999993,,,,340.65746891500595
Batch_2/avn74qx1,512,1792,24.414062499999996,,,,329.21810699588474
Batch_2/avn74qx1,512,1920,0.0,,,,
Batch_2/avn74qx1,512,2048,0.0,,,,
Batch_2/avn74qx1,512,2176,6.103515624999999,,,,64.38113632705617
Batch_2/avn74qx1,512,2304,6.103515624999999,,,,153.9645881447267
Batch_2/avn74qx1,512,2432,12.207031249999998,,,,148.61601337544116
Batch_2/avn74qx1,512,2560,18.310546874999996,,,,76.63814024779664
Batch_2/avn74qx1,512,2688,30.517578124999993,,,,86.94707097054666
Batch_2/avn74qx1,512,2816,42.72460937499999,,,,179.7618155943375
Batch_2/avn74qx1,512,2944,30.517578124999993,,,,293.9015429831006
Batch_2/avn74qx1,512,3072,18.310546874999996,,,,489.59608323133403
Batch_2/avn74qx1,512,3200,12.207031249999998,,,,370.37037037037027
Batch_2/avn74qx1,640,0,24.414062499999996,,,,369.3444136657432
Batch_2/avn74qx1,640,128,30.517578124999993,,,,311.1629716063788
Batch_2/avn74qx1,640,256,24.414062499999996,,,,175.68903041616335
Batch_2/avn74qx1,640,384,24.414062499999996,,,,135.5166572557877
Batch_2/avn74qx1,640,512,30.517578124999993,,,,115.13000095941665
Batch_2/avn74qx1,640,640,18.310546874999996,,,,85.0882790895554
Batch_2/avn74qx1,640,768,18.310546874999996,,,,359.7122302158273
Batch_2/avn74qx1,640,896,36.62109374999999,,,,969.6969696969696
Batch_2/avn74qx1,640,1024,18.310546874999996,,,,438.1161007667031
Batch_2/avn74qx1,640,1152,12.207031249999998,,,,412.58380608561106
Batch_2/avn74qx1,640,1280,0.0,,,,
Batch_2/avn74qx1,640,1408,6.103515624999999,,,,92.82896263634252
Batch_2/avn74qx1,640,1536,18.310546874999996,,,,357.6751117734724
Batch_2/avn74qx1,640,1664,30.517578124999993,,,,307.6923076923077
Batch_2/avn74qx1,640,1792,30.517578124999993,,,,287.40793964433266
Batch_2/avn74qx1,640,1920,6.103515624999999,,,,103.41261633919336
Batch_2/avn74qx1,640,2048,0.0,,,,
Batch_2/avn74qx1,640,2176,6.103515624999999,,,,37.442665917813336
Batch_2/avn74qx1,640,2304,6.103515624999999,,,,23.555738766857072
Batch_2/avn74qx1,640,2432,24.414062499999996,,,,114.32654519471238
Batch_2/avn74qx1,640,2560,24.414062499999996,,,,102.2233580373115
Batch_2/avn74qx1,640,2688,48.82812499999999,,,,99.05894006934123
Batch_2/avn74qx1,640,2816,54.931640624999986,,,,162.35962657285884
Batch_2/avn74qx1,640,2944,24.414062499999996,,,,219.7198571820928
Batch_2/avn74qx1,640,3072,6.103515624999999,,,,183.31805682859758
Batch_2/avn74qx1,640,3200,6.103515624999999,,,,343.9380911435941
Batch_2/avn74qx1,768,0,42.72460937499999,,,,457.57864632983785
Batch_2/avn74qx1,768,128,30.517578124999993,,,,946.7455621301774
Batch_2/avn74qx1,768,256,6.103515624999999,,,,101.72939979654117
Batch_2/avn74qx1,768,384,6.103515624999999,,,,59.99700014999249
Batch_2/avn74qx1,768,512,18.310546874999996,,,,44.14767396942772
Batch_2/avn74qx1,768,640,36.62109374999999,,,,115.53347582462015
Batch_2/avn74qx1,768,768,24.414062499999996,,,,530.85600530856
Batch_2/avn74qx1,768,896,24.414062499999996,,,,529.5675198587819
Batch_2/avn74qx1,768,1024,42.72460937499999,,,,228.57142857142853
Batch_2/avn74qx1,768,1152,30.517578124999993,,,,98.71668311944715
Batch_2/avn74qx1,768,1280,18.310546874999996,,,,120.48192771084334
Batch_2/avn74qx1,768,1408,0.0,,,,
Batch_2/avn74qx1,768,1536,6.103515624999999,,,,337.2681281618886
Batch_2/avn74qx1,768,1664,18.310546874999996,,,,425.07970244420824
Batch_2/avn74qx1,768,1792,36.62109374999999,,,,310.61929722383996
Batch_2/avn74qx1,768,1920,18.310546874999996,,,,132.3188885213364
Batch_2/avn74qx1,768,2048,0.0,,,,
Batch_2/avn74qx1,768,2176,6.103515624999999,,,,28.522532800912714
Batch_2/avn74qx1,768,2304,12.207031249999998,,,,18.249840313897252
Batch_2/avn74qx1,768,2432,30.517578124999993,,,,132.92348591841818
Batch_2/avn74qx1,768,2560,30.517578124999993,,,,1272.2646310432567
Batch_2/avn74qx1,768,2688,36.62109374999999,,,,436.7765887748416
Batch_2/avn74qx1,768,2816,18.310546874999996,,,,162.40357287860328
Batch_2/avn74qx1,768,2944,18.310546874999996,,,,276.6889554991929
Batch_2/avn74qx1,768,3072,12.207031249999998,,,,189.21475875118256
Batch_2/avn74qx1,768,3200,24.414062499999996,,,,269.4812485964518
Batch_2/b3esycq1,0,0,24.414062499999996,,,,134.96794511303565
Batch_2/b3esycq1,0,128,24.414062499999996,,,,174.00761283306142
Batch_2/b3esycq1,0,256,12.207031249999998,,,,193.2367149758454
Batch_2/b3esycq1,0,384,0.0,,,,
Batch_2/b3esycq1,0,512,6.103515624999999,,,,132.36267372600923
Batch_2/b3esycq1,0,640,6.103515624999999,,,,92.93680297397768
Batch_2/b3esycq1,0,768,6.103515624999999,,,,137.7410468319559
Batch_2/b3esycq1,0,896,18.310546874999996,,,,113.62560363601929
Batch_2/b3esycq1,0,1024,42.72460937499999,,,,130.33561420658194
Batch_2/b3esycq1,0,1152,36.62109374999999,,,,122.53024965538366
Batch_2/b3esycq1,0,1280,30.517578124999993,,,,172.93558149589276
Batch_2/b3esycq1,0,1408,48.82812499999999,,,,99.07856930545921
Batch_2/b3esycq1,0,1536,48.82812499999999,,,,110.75423634954035
Batch_2/b3esycq1,0,1664,6.103515624999999,,,,141.84397163120562
Batch_2/b3esycq1,0,1792,18.310546874999996,,,,232.69342641070386
Batch_2/b3esycq1,0,1920,36.62109374999999,,,,88.84940026654819
Batch_2/b3esycq1,0,2048,61.035156249999986,0.7324120585555491,1.9027205088553327,4.63837958851606,227.35884804850318
Batch_2/b3esycq1,0,2176,48.82812499999999,,,,1255.0425818018823
Batch_2/b3esycq1,0,2304,42.72460937499999,,,,674.3467266085978
Batch_2/b3esycq1,0,2432,24.414062499999996,,,,387.5968992248062
Batch_2/b3esycq1,0,2560,12.207031249999998,,,,319.48881789137374
Batch_2/b3esycq1,0,2688,42.72460937499999,,,,396.93790757017285
Batch_2/b3esycq1,0,2816,42.72460937499999,,,,259.23525599481525
Batch_2/b3esycq1,0,2944,24.414062499999996,,,,109.09586799399972
Batch_2/b3esycq1,0,3072,18.310546874999996,,,,117.61246692149366
Batch_2/b3esycq1,0,3200,18.310546874999996,,,,223.1727729217035
Batch_2/b3esycq1,128,0,30.517578124999993,,,,69.1413508491422
Batch_2/b3esycq1,128,128,48.82812499999999,,,,383.69304556354905
Batch_2/b3esycq1,128,256,24.414062499999996,,,,677.1053745239101
Batch_2/b3esycq1,128,384,6.103515624999999,,,,172.56255392579808
Batch_2/b3esycq1,128,512,6.103515624999999,,,,136.75213675213672
Batch_2/b3esycq1,128,640,12.207031249999998,,,,338.1234150464919
Batch_2/b3esycq1,128,768,18.310546874999996,,,,704.6388725778037
Batch_2/b3esycq1,128,896,30.517578124999993,,,,184.77884282249678
Batch_2/b3esycq1,128,1024,61.035156249999986,1.337865997314916,3.3886765151163365,4.810522708143221,109.92534237163925
Batch_2/b3esycq1,128,1152,48.82812499999999,,,,109.70927043335159
Batch_2/b3esycq1,128,1280,18.310546874999996,,,,162.9549158066268
Batch_2/b3esycq1,128,1408,54.931640624999986,,,,156.15850087839152
Batch_2/b3esycq1,128,1536,48.82812499999999,,,,131.0358383017755
Batch_2/b3esycq1,128,1664,6.103515624999999,,,,77.91195948578105
Batch_2/b3esycq1,128,1792,12.207031249999998,,,,89.03728436282691
Batch_2/b3esycq1,128,1920,30.517578124999993,,,,74.76635514018692
Batch_2/b3esycq1,128,2048,67.13867187499999,0.6530966601401967,1.9207320429643833,2.196719798824208,378.7366427701879
Batch_2/b3esycq1,128,2176,67.13867187499999,0.541151637980601,1.9215604803731712,2.417471718621419,436.34776917203004
Batch_2/b3esycq1,128,2304,54.931640624999986,,,,396.7761934283942
Batch_2/b3esycq1,128,2432,24.414062499999996,,,,428.57142857142844
Batch_2/b3esycq1,128,2560,30.517578124999993,,,,123.59029816159428
Batch_2/b3esycq1,128,2688,61.035156249999986,1.0787736851183503,2.915098712353292,3.2148906675636244,208.2093991671624
Batch_2/b3esycq1,128,2816,48.82812499999999,,,,272.0163209792587
Batch_2/b3esycq1,128,2944,30.517578124999993,,,,162.0351616300737
Batch_2/b3esycq1,128,3072,18.310546874999996,,,,84.34370057986291
Batch_2/b3esycq1,128,3200,6.103515624999999,,,,30.385900941962923
Batch_2/b3esycq1,256,0,24.414062499999996,,,,86.5332612222823
Batch_2/b3esycq1,256,128,36.62109374999999,,,,296.33288060254347
Batch_2/b3esycq1,256,256,18.310546874999996,,,,193.7984496124031
Batch_2/b3esycq1,256,384,6.103515624999999,,,,124.92192379762646
Batch_2/b3esycq1,256,512,6.103515624999999,,,,118.48341232227487
Batch_2/b3esycq1,256,640,18.310546874999996,,,,123.89015073301671
Batch_2/b3esycq1,256,768,18.310546874999996,,,,151.4768997727846
Batch_2/b3esycq1,256,896,24.414062499999996,,,,286.39618138424817
Batch_2/b3esycq1,256,1024,48.82812499999999,,,,62.3441396508728
Batch_2/b3esycq1,256,1152,48.82812499999999,,,,80.51124641473353
Batch_2/b3esycq1,256,1280,12.207031249999998,,,,160.51364365971105
Batch_2/b3esycq1,256,1408,24.414062499999996,,,,160.4707140946777
Batch_2/b3esycq1,256,1536,24.414062499999996,,,,102.96010296010294
Batch_2/b3esycq1,256,1664,12.207031249999998,,,,114.74469305794605
Batch_2/b3esycq1,256,1792,30.517578124999993,,,,287.1500358937544
Batch_2/b3esycq1,256,1920,30.517578124999993,,,,316.3555836760518
Batch_2/b3esycq1,256,2048,36.62109374999999,,,,375.5280863714598
Batch_2/b3esycq1,256,2176,30.517578124999993,,,,180.21265092809514
Batch_2/b3esycq1,256,2304,42.72460937499999,,,,299.92501874531365
Batch_2/b3esycq1,256,2432,30.517578124999993,,,,560.0280014000699
Batch_2/b3esycq1,256,2560,36.62109374999999,,,,203.63142711691833
Batch_2/b3esycq1,256,2688,54.931640624999986,,,,217.07670043415337
Batch_2/b3esycq1,256,2816,24.414062499999996,,,,162.89961311341884
Batch_2/b3esycq1,256,2944,18.310546874999996,,,,290.9796314258001
Batch_2/b3esycq1,256,3072,12.207031249999998,,,,248.2929857231533
Batch_2/b3esycq1,256,3200,6.103515624999999,,,,42.98302170642596
Batch_2/b3esycq1,384,0,24.414062499999996,,,,289.9601304820587
Batch_2/b3esycq1,384,128,12.207031249999998,,,,105.82010582010581
Batch_2/b3esycq1,384,256,24.414062499999996,,,,189.9936668777707
Batch_2/b3esycq1,384,384,18.310546874999996,,,,163.66612111292957
Batch_2/b3esycq1,384,512,18.310546874999996,,,,165.25511258004542
Batch_2/b3esycq1,384,640,24.414062499999996,,,,152.42450223873482
Batch_2/b3esycq1,384,768,30.517578124999993,,,,208.61583394179615
Batch_2/b3esycq1,384,896,24.414062499999996,,,,256.78061306371364
Batch_2/b3esycq1,384,1024,36.62109374999999,,,,147.99467219180107
Batch_2/b3esycq1,384,1152,30.517578124999993,,,,118.21204285186552
Batch_2/b3esycq1,384,1280,12.207031249999998,,,,136.5886972852996
Batch_2/b3esycq1,384,1408,12.207031249999998,,,,140.15416958654518
Batch_2/b3esycq1,384,1536,12.207031249999998,,,,95.4767872061105
Batch_2/b3esycq1,384,1664,12.207031249999998,,,,139.59169429418947
Batch_2/b3esycq1,384,1792,24.414062499999996,,,,374.7072599531615
Batch_2/b3esycq1,384,1920,18.310546874999996,,,,420.60988433228175
Batch_2/b3esycq1,384,2048,24.414062499999996,,,,438.71675349602407
Batch_2/b3esycq1,384,2176,24.414062499999996,,,,241.4001207000603
Batch_2/b3esycq1,384,2304,42.72460937499999,,,,553.5566011624687
Batch_2/b3esycq1,384,2432,30.517578124999993,,,,617.5221922037822
Batch_2/b3esycq1,384,2560,36.62109374999999,,,,785.0834151128556
Batch_2/b3esycq1,384,2688,48.82812499999999,,,,525.6241787122207
Batch_2/b3esycq1,384,2816,24.414062499999996,,,,196.6568338249754
Batch_2/b3esycq1,384,2944,12.207031249999998,,,,133.15579227696404
Batch_2/b3esycq1,384,3072,6.103515624999999,,,,193.61084220716356
Batch_2/b3esycq1,384,3200,6.103515624999999,,,,491.40049140049126
Batch_2/b3esycq1,512,0,18.310546874999996,,,,503.1446540880502
Batch_2/b3esycq1,512,128,30.517578124999993,,,,735.0238882763689
Batch_2/b3esycq1,512,256,48.82812499999999,,,,672.7534839019701
Batch_2/b3esycq1,512,384,24.414062499999996,,,,169.63528413910092
Batch_2/b3esycq1,512,512,42.72460937499999,,,,402.8197381671701
Batch_2/b3esycq1,512,640,42.72460937499999,,,,788.1773399014777
Batch_2/b3esycq1,512,768,42.72460937499999,,,,268.61089792785873
Batch_2/b3esycq1,512,896,36.62109374999999,,,,197.70986077930633
Batch_2/b3esycq1,512,1024,36.62109374999999,,,,508.58232676414485
Batch_2/b3esycq1,512,1152,6.103515624999999,,,,122.36157846436217
Batch_2/b3esycq1,512,1280,6.103515624999999,,,,147.71048744460853
Batch_2/b3esycq1,512,1408,0.0,,,,
Batch_2/b3esycq1,512,1536,6.103515624999999,,,,140.54813773717495
Batch_2/b3esycq1,512,1664,30.517578124999993,,,,264.4191042802842
Batch_2/b3esycq1,512,1792,48.82812499999999,,,,295.2340784479122
Batch_2/b3esycq1,512,1920,24.414062499999996,,,,178.75763444063756
Batch_2/b3esycq1,512,2048,24.414062499999996,,,,490.59689288634496
Batch_2/b3esycq1,512,2176,18.310546874999996,,,,324.5436105476673
Batch_2/b3esycq1,512,2304,42.72460937499999,,,,617.1252249935715
Batch_2/b3esycq1,512,2432,42.72460937499999,,,,934.2676009342674
Batch_2/b3esycq1,512,2560,48.82812499999999,,,,840.3361344537813
Batch_2/b3esycq1,512,2688,48.82812499999999,,,,383.5704011507111
Batch_2/b3esycq1,512,2816,24.414062499999996,,,,227.82286772034738
Batch_2/b3esycq1,512,2944,6.103515624999999,,,,81.64931618697692
Batch_2/b3esycq1,512,3072,6.103515624999999,,,,152.6717557251908
Batch_2/b3esycq1,512,3200,6.103515624999999,,,,454.54545454545445
Batch_2/b3esycq1,640,0,42.72460937499999,,,,196.59239842726075
Batch_2/b3esycq1,640,128,54.931640624999986,,,,196.04239416773873
Batch_2/b3esycq1,640,256,79.34570312499999,0.5140011726956918,1.311788585864164,2.5419855801186113,513.2392394727632
Batch_2/b3esycq1,640,384,36.62109374999999,,,,456.01368041041223
Batch_2/b3esycq1,640,512,30.517578124999993,,,,628.9308176100627
Batch_2/b3esycq1,640,640,42.72460937499999,,,,982.3986901350796
Batch_2/b3esycq1,640,768,36.62109374999999,,,,222.88261515601778
Batch_2/b3esycq1,640,896,67.13867187499999,0.5499039842323395,3.1549247441051804,4.814821804674133,127.3074474856779
Batch_2/b3esycq1,640,1024,79.34570312499999,0.4370193722368317,2.063305547622134,3.1549247441051804,394.0332113706726
Batch_2/b3esycq1,640,1152,24.414062499999996,,,,686.1063464837048
Batch_2/b3esycq1,640,1280,18.310546874999996,,,,546.6970387243734
Batch_2/b3esycq1,640,1408,24.414062499999996,,,,512.3278898495035
Batch_2/b3esycq1,640,1536,24.414062499999996,,,,266.04589291652803
Batch_2/b3esycq1,640,1664,42.72460937499999,,,,180.18018018018014
Batch_2/b3esycq1,640,1792,67.13867187499999,0.6978639737521917,4.085994803024084,4.37274225893321,160.19223067681216
Batch_2/b3esycq1,640,1920,42.72460937499999,,,,120.18508503094765
Batch_2/b3esycq1,640,2048,48.82812499999999,,,,285.45213579365884
Batch_2/b3esycq1,640,2176,36.62109374999999,,,,324.2366927857335
Batch_2/b3esycq1,640,2304,54.931640624999986,,,,663.7627048330221
Batch_2/b3esycq1,640,2432,42.72460937499999,,,,568.2971382179825
Batch_2/b3esycq1,640,2560,103.75976562499999,0.36996385101659596,1.509553231914195,2.685684646589152,433.6043360433604
Batch_2/b3esycq1,640,2688,97.65624999999999,0.4141474752746952,1.9794999768436055,3.3344511279069318,288.39221341023784
Batch_2/b3esycq1,640,2816,30.517578124999993,,,,269.8145025295109
Batch_2/b3esycq1,640,2944,12.207031249999998,,,,416.01664066562654
Batch_2/b3esycq1,640,3072,24.414062499999996,,,,825.5933952528378
Batch_2/b3esycq1,640,3200,24.414062499999996,,,,462.42774566473975
Batch_2/b3esycq1,768,0,73.24218749999999,0.4926974801548244,2.0720504788523337,5.363066409766649,266.7960223138491
Batch_2/b3esycq1,768,128,97.65624999999999,0.8140538880739208,2.1266857966789403,6.039200837771396,245.37561343903354
Batch_2/b3esycq1,768,256,109.86328124999997,0.7463526651802308,1.4654352749648076,2.7765924157807915,670.535138620245
Batch_2/b3esycq1,768,384,48.82812499999999,,,,1617.5621028307335
Batch_2/b3esycq1,768,512,18.310546874999996,,,,628.6013619696174
Batch_2/b3esycq1,768,640,24.414062499999996,,,,690.5481225722916
Batch_2/b3esycq1,768,768,30.517578124999993,,,,647.039792947266
Batch_2/b3esycq1,768,896,67.13867187499999,0.5499039842323395,1.7462556255144077,3.1549247441051804,260.9943886206446
Batch_2/b3esycq1,768,1024,109.86328124999997,0.41255638883402257,1.342227512744767,3.1549247441051804,462.2496147919876
Batch_2/b3esycq1,768,1152,67.13867187499999,0.4370193722368317,1.872905482330962,3.4678159553274472,322.9061553985872
Batch_2/b3esycq1,768,1280,42.72460937499999,,,,134.16065738722116
Batch_2/b3esycq1,768,1408,61.035156249999986,0.3265392364227029,2.9852962710855677,6.204803037480681,219.51219512195118
Batch_2/b3esycq1,768,1536,67.13867187499999,0.4686510657907603,2.6275732970416676,2.868503191187172,425.98509052183164
Batch_2/b3esycq1,768,1664,36.62109374999999,,,,192.515942726507
Batch_2/b3esycq1,768,1792,54.931640624999986,,,,112.94649159960467
Batch_2/b3esycq1,768,1920,36.62109374999999,,,,95.0705899130104
Batch_2/b3esycq1,768,2048,61.035156249999986,0.6412869114361156,1.536779801107177,2.4920324796129276,330.8823529411764
Batch_2/b3esycq1,768,2176,48.82812499999999,,,,316.39311844967364
Batch_2/b3esycq1,768,2304,54.931640624999986,,,,546.8749999999999
Batch_2/b3esycq1,768,2432,67.13867187499999,0.36996385101659596,2.0357786515515275,2.805106127486678,334.12223305025753
Batch_2/b3esycq1,768,2560,140.38085937499997,0.43336224206596097,2.480423378573465,3.971029055741722,162.11560869344947
Batch_2/b3esycq1,768,2688,158.69140624999997,0.4581390971351813,1.8850196968779065,3.3320637494037566,172.65565986835003
Batch_2/b3esycq1,768,2816,48.82812499999999,,,,404.694455685957
Batch_2/b3esycq1,768,2944,12.207031249999998,,,,2962.962962962962
Batch_2/b3esycq1,768,3072,36.62109374999999,,,,1025.202904741563
Batch_2/b3esycq1,768,3200,36.62109374999999,,,,347.52389226759334
Batch_2/epqdaau9,0,0,36.62109374999999,,,,106.10079575596815
Batch_2/epqdaau9,0,128,36.62109374999999,,,,300.6388575723412
Batch_2/epqdaau9,0,256,18.310546874999996,,,,694.0427993059571
Batch_2/epqdaau9,0,384,30.517578124999993,,,,398.90301670406376
Batch_2/epqdaau9,0,512,54.931640624999986,,,,263.9915522703273
Batch_2/epqdaau9,0,640,36.62109374999999,,,,222.96544035674466
Batch_2/epqdaau9,0,768,12.207031249999998,,,,821.3552361396303
Batch_2/epqdaau9,0,896,18.310546874999996,,,,235.15579071134624
Batch_2/epqdaau9,0,1024,24.414062499999996,,,,137.68178297908958
Batch_2/epqdaau9,0,1152,24.414062499999996,,,,198.98022634000745
Batch_2/epqdaau9,0,1280,30.517578124999993,,,,197.92182088075205
Batch_2/epqdaau9,0,1408,18.310546874999996,,,,83.18602474784235
Batch_2/epqdaau9,0,1536,18.310546874999996,,,,320.7698476343223
Batch_2/epqdaau9,0,1664,12.207031249999998,,,,279.13468248429865
Batch_2/epqdaau9,0,1792,24.414062499999996,,,,192.8330387273019
Batch_2/epqdaau9,0,1920,24.414062499999996,,,,135.07429085997296
Batch_2/epqdaau9,0,2048,36.62109374999999,,,,88.1348463148617
Batch_2/epqdaau9,0,2176,54.931640624999986,,,,315.40766440624503
Batch_2/epqdaau9,0,2304,24.414062499999996,,,,896.3585434173666
Batch_2/epqdaau9,0,2432,6.103515624999999,,,,306.98388334612423
Batch_2/epqdaau9,0,2560,12.207031249999998,,,,490.1960784313724
Batch_2/epqdaau9,0,2688,36.62109374999999,,,,176.52250661959397
Batch_2/epqdaau9,0,2816,30.517578124999993,,,,127.91813239526701
Batch_2/epqdaau9,0,2944,30.517578124999993,,,,4514.672686230248
Batch_2/epqdaau9,0,3072,48.82812499999999,,,,417.1011470281543
Batch_2/epqdaau9,0,3200,24.414062499999996,,,,124.3781094527363
Batch_2/epqdaau9,128,0,24.414062499999996,,,,349.2687186203885
Batch_2/epqdaau9,128,128,24.414062499999996,,,,342.4657534246575
Batch_2/epqdaau9,128,256,6.103515624999999,,,,160.51364365971105
Batch_2/epqdaau9,128,384,12.207031249999998,,,,123.9925604463732
Batch_2/epqdaau9,128,512,30.517578124999993,,,,59.621404084066164
Batch_2/epqdaau9,128,640,54.931640624999986,,,,161.38328530259363
Batch_2/epqdaau9,128,768,36.62109374999999,,,,711.9549095223967
Batch_2/epqdaau9,128,896,18.310546874999996,,,,219.37842778793416
Batch_2/epqdaau9,128,1024,18.310546874999996,,,,254.9394518801784
Batch_2/epqdaau9,128,1152,6.103515624999999,,,,389.1050583657587
Batch_2/epqdaau9,128,1280,18.310546874999996,,,,78.53917141174159
Batch_2/epqdaau9,128,1408,24.414062499999996,,,,83.89261744966441
Batch_2/epqdaau9,128,1536,24.414062499999996,,,,226.0844990815317
Batch_2/epqdaau9,128,1664,12.207031249999998,,,,276.529554096094
Batch_2/epqdaau9,128,1792,36.62109374999999,,,,847.4576271186439
Batch_2/epqdaau9,128,1920,36.62109374999999,,,,688.4681583476763
Batch_2/epqdaau9,128,2048,48.82812499999999,,,,254.45292620865135
Batch_2/epqdaau9,128,2176,61.035156249999986,0.5517051548143396,2.3826831335211307,2.75587987480319,287.32192026816705
Batch_2/epqdaau9,128,2304,30.517578124999993,,,,508.9058524173028
Batch_2/epqdaau9,128,2432,0.0,,,,
Batch_2/epqdaau9,128,2560,12.207031249999998,,,,1108.0332409972298
Batch_2/epqdaau9,128,2688,18.310546874999996,,,,539.3258426966291
Batch_2/epqdaau9,128,2816,18.310546874999996,,,,698.48661233993
Batch_2/epqdaau9,128,2944,36.62109374999999,,,,909.7801364670203
Batch_2/epqdaau9,128,3072,42.72460937499999,,,,340.3289846851956
Batch_2/epqdaau9,128,3200,42.72460937499999,,,,128.82447665056358
Batch_2/epqdaau9,256,0,18.310546874999996,,,,908.4027252081754
Batch_2/epqdaau9,256,128,24.414062499999996,,,,673.117374842238
Batch_2/epqdaau9,256,256,18.310546874999996,,,,196.88269073010662
Batch_2/epqdaau9,256,384,24.414062499999996,,,,155.02373800988272
Batch_2/epqdaau9,256,512,18.310546874999996,,,,67.40437004999156
Batch_2/epqdaau9,256,640,42.72460937499999,,,,154.61071231363886
Batch_2/epqdaau9,256,768,42.72460937499999,,,,280.75804672616056
Batch_2/epqdaau9,256,896,12.207031249999998,,,,147.19411223551054
Batch_2/epqdaau9,256,1024,12.207031249999998,,,,422.6096143687268
Batch_2/epqdaau9,256,1152,0.0,,,,
Batch_2/epqdaau9,256,1280,12.207031249999998,,,,185.70102135561746
Batch_2/epqdaau9,256,1408,18.310546874999996,,,,153.86588024105652
Batch_2/epqdaau9,256,1536,12.207031249999998,,,,110.86474501108646
Batch_2/epqdaau9,256,1664,6.103515624999999,,,,126.22278321236982
Batch_2/epqdaau9,256,1792,24.414062499999996,,,,901.4084507042252
Batch_2/epqdaau9,256,1920,24.414062499999996,,,,413.2231404958677
Batch_2/epqdaau9,256,2048,12.207031249999998,,,,253.16455696202527
Batch_2/epqdaau9,256,2176,12.207031249999998,,,,179.77528089887636
Batch_2/epqdaau9,256,2304,18.310546874999996,,,,266.72593909757717
Batch_2/epqdaau9,256,2432,6.103515624999999,,,,142.85714285714283
Batch_2/epqdaau9,256,2560,12.207031249999998,,,,231.8168646769052
Batch_2/epqdaau9,256,2688,18.310546874999996,,,,190.9915645392328
Batch_2/epqdaau9,256,2816,18.310546874999996,,,,207.46887966804974
Batch_2/epqdaau9,256,2944,18.310546874999996,,,,354.08675125405716
Batch_2/epqdaau9,256,3072,18.310546874999996,,,,196.59239842726075
Batch_2/epqdaau9,256,3200,24.414062499999996,,,,50.73352217477697
Batch_2/epqdaau9,384,0,24.414062499999996,,,,159.10898965791566
Batch_2/epqdaau9,384,128,18.310546874999996,,,,132.9124439275627
Batch_2/epqdaau9,384,256,18.310546874999996,,,,110.33468186833392
Batch_2/epqdaau9,384,384,18.310546874999996,,,,94.20631182289212
Batch_2/epqdaau9,384,512,12.207031249999998,,,,148.23049842505094
Batch_2/epqdaau9,384,640,12.207031249999998,,,,165.016501650165
Batch_2/epqdaau9,384,768,18.310546874999996,,,,147.78325123152706
Batch_2/epqdaau9,384,896,6.103515624999999,,,,47.0532878484884
Batch_2/epqdaau9,384,1024,6.103515624999999,,,,84.28150021070374
Batch_2/epqdaau9,384,1152,12.207031249999998,,,,413.2231404958677
Batch_2/epqdaau9,384,1280,12.207031249999998,,,,494.43757725587136
Batch_2/epqdaau9,384,1408,0.0,,,,
Batch_2/epqdaau9,384,1536,12.207031249999998,,,,100.69225928256763
Batch_2/epqdaau9,384,1664,12.207031249999998,,,,104.65724751439036
Batch_2/epqdaau9,384,1792,12.207031249999998,,,,202.17336365933787
Batch_2/epqdaau9,384,1920,12.207031249999998,,,,131.6222441592629
Batch_2/epqdaau9,384,2048,0.0,,,,
Batch_2/epqdaau9,384,2176,6.103515624999999,,,,134.81631277384562
Batch_2/epqdaau9,384,2304,12.207031249999998,,,,360.84799278304007
Batch_2/epqdaau9,384,2432,6.103515624999999,,,,98.98539965355107
Batch_2/epqdaau9,384,2560,6.103515624999999,,,,91.26169290440336
Batch_2/epqdaau9,384,2688,12.207031249999998,,,,129.5756397797214
Batch_2/epqdaau9,384,2816,12.207031249999998,,,,101.53572788424925
Batch_2/epqdaau9,384,2944,6.103515624999999,,,,77.10100231303005
Batch_2/epqdaau9,384,3072,12.207031249999998,,,,88.3489784649365
Batch_2/epqdaau9,384,3200,18.310546874999996,,,,58.728527382175876
Batch_2/epqdaau9,512,0,36.62109374999999,,,,45.869806200068794
Batch_2/epqdaau9,512,128,24.414062499999996,,,,82.3271130625686
Batch_2/epqdaau9,512,256,24.414062499999996,,,,195.43178209356293
Batch_2/epqdaau9,512,384,24.414062499999996,,,,173.7053522961676
Batch_2/epqdaau9,512,512,30.517578124999993,,,,161.472630389149
Batch_2/epqdaau9,512,640,12.207031249999998,,,,75.1244248286224
Batch_2/epqdaau9,512,768,12.207031249999998,,,,157.07834282348318
Batch_2/epqdaau9,512,896,6.103515624999999,,,,54.296185692955056
Batch_2/epqdaau9,512,1024,36.62109374999999,,,,286.02073650339645
Batch_2/epqdaau9,512,1152,54.931640624999986,,,,657.1227411405772
Batch_2/epqdaau9,512,1280,42.72460937499999,,,,405.9147579008407
Batch_2/epqdaau9,512,1408,12.207031249999998,,,,115.22396658504967
Batch_2/epqdaau9,512,1536,6.103515624999999,,,,54.57770500750442
Batch_2/epqdaau9,512,1664,6.103515624999999,,,,69.19218128351496
Batch_2/epqdaau9,512,1792,0.0,,,,
Batch_2/epqdaau9,512,1920,48.82812499999999,,,,117.43981209630061
Batch_2/epqdaau9,512,2048,48.82812499999999,,,,80.8080808080808
Batch_2/epqdaau9,512,2176,24.414062499999996,,,,309.8373353989155
Batch_2/epqdaau9,512,2304,6.103515624999999,,,,383.87715930902107
Batch_2/epqdaau9,512,2432,0.0,,,,
Batch_2/epqdaau9,512,2560,6.103515624999999,,,,183.48623853211004
Batch_2/epqdaau9,512,2688,12.207031249999998,,,,313.8485680659081
Batch_2/epqdaau9,512,2816,12.207031249999998,,,,192.26147560682526
Batch_2/epqdaau9,512,2944,6.103515624999999,,,,64.04098623118794
Batch_2/epqdaau9,512,3072,12.207031249999998,,,,98.52216748768471
Batch_2/epqdaau9,512,3200,24.414062499999996,,,,183.71799288092774
Batch_2/epqdaau9,640,0,42.72460937499999,,,,37.962670041126216
Batch_2/epqdaau9,640,128,36.62109374999999,,,,53.44259374721652
Batch_2/epqdaau9,640,256,42.72460937499999,,,,333.2407664537628
Batch_2/epqdaau9,640,384,24.414062499999996,,,,593.4718100890208
Batch_2/epqdaau9,640,512,24.414062499999996,,,,123.4186979327368
Batch_2/epqdaau9,640,640,24.414062499999996,,,,100.55304172951229
Batch_2/epqdaau9,640,768,18.310546874999996,,,,178.99761336515513
Batch_2/epqdaau9,640,896,18.310546874999996,,,,89.06702293475838
Batch_2/epqdaau9,640,1024,48.82812499999999,,,,509.22978994271153
Batch_2/epqdaau9,640,1152,42.72460937499999,,,,684.4626967830252
Batch_2/epqdaau9,640,1280,36.62109374999999,,,,199.8401278976818
Batch_2/epqdaau9,640,1408,18.310546874999996,,,,53.46164127238705
Batch_2/epqdaau9,640,1536,6.103515624999999,,,,49.34007647711853
Batch_2/epqdaau9,640,1664,0.0,,,,
Batch_2/epqdaau9,640,1792,0.0,,,,
Batch_2/epqdaau9,640,1920,30.517578124999993,,,,127.4697259400892
Batch_2/epqdaau9,640,2048,24.414062499999996,,,,74.96251874062966
Batch_2/epqdaau9,640,2176,30.517578124999993,,,,294.98525073746305
Batch_2/epqdaau9,640,2304,24.414062499999996,,,,986.4364981504315
Batch_2/epqdaau9,640,2432,36.62109374999999,,,,330.63316250619937
Batch_2/epqdaau9,640,2560,24.414062499999996,,,,143.5921981572334
Batch_2/epqdaau9,640,2688,12.207031249999998,,,,137.05670721260918
Batch_2/epqdaau9,640,2816,6.103515624999999,,,,74.44630560208448
Batch_2/epqdaau9,640,2944,6.103515624999999,,,,54.45140212360468
Batch_2/epqdaau9,640,3072,6.103515624999999,,,,76.21951219512194
Batch_2/epqdaau9,640,3200,12.207031249999998,,,,200.95453403667415
Batch_2/epqdaau9,768,0,42.72460937499999,,,,70.91255595443867
Batch_2/epqdaau9,768,128,42.72460937499999,,,,87.66162612316458
Batch_2/epqdaau9,768,256,42.72460937499999,,,,315.4574132492113
Batch_2/epqdaau9,768,384,30.517578124999993,,,,172.78617710583148
Batch_2/epqdaau9,768,512,30.517578124999993,,,,133.84641124309852
Batch_2/epqdaau9,768,640,18.310546874999996,,,,140.15416958654518
Batch_2/epqdaau9,768,768,24.414062499999996,,,,297.89610873207965
Batch_2/epqdaau9,768,896,24.414062499999996,,,,398.4063745019919
Batch_2/epqdaau9,768,1024,18.310546874999996,,,,205.02306509482312
Batch_2/epqdaau9,768,1152,0.0,,,,
Batch_2/epqdaau9,768,1280,48.82812499999999,,,,262.5964221237485
Batch_2/epqdaau9,768,1408,61.035156249999986,0.7598916189927141,2.559669496671961,4.336926466358427,189.9485555995251
Batch_2/epqdaau9,768,1536,30.517578124999993,,,,267.20106880427517
Batch_2/epqdaau9,768,1664,0.0,,,,
Batch_2/epqdaau9,768,1792,6.103515624999999,,,,911.1617312072891
Batch_2/epqdaau9,768,1920,18.310546874999996,,,,196.88269073010662
Batch_2/epqdaau9,768,2048,18.310546874999996,,,,120.36108324974923
Batch_2/epqdaau9,768,2176,54.931640624999986,,,,467.83625730994146
Batch_2/epqdaau9,768,2304,54.931640624999986,,,,1169.1022964509393
Batch_2/epqdaau9,768,2432,42.72460937499999,,,,323.93035497368055
Batch_2/epqdaau9,768,2560,30.517578124999993,,,,164.43987667009247
Batch_2/epqdaau9,768,2688,6.103515624999999,,,,91.324200913242
Batch_2/epqdaau9,768,2816,0.0,,,,
Batch_2/epqdaau9,768,2944,0.0,,,,
Batch_2/epqdaau9,768,3072,6.103515624999999,,,,83.68200836820083
Batch_2/epqdaau9,768,3200,12.207031249999998,,,,329.3536434746809
Batch_2/i9jiqjwl,0,0,24.414062499999996,,,,351.88036067736965
Batch_2/i9jiqjwl,0,128,42.72460937499999,,,,550.3577325261418
Batch_2/i9jiqjwl,0,256,36.62109374999999,,,,262.9848783694937
Batch_2/i9jiqjwl,0,384,67.13867187499999,0.4406461512053774,1.5481839176803072,1.755346033766304,251.60397534281037
Batch_2/i9jiqjwl,0,512,79.34570312499999,0.5352372348458314,3.0928216157275665,3.778806887657115,153.70821058024845
Batch_2/i9jiqjwl,0,640,73.24218749999999,0.5990049640538652,4.489873964216202,4.791627290434516,105.68829502132635
Batch_2/i9jiqjwl,0,768,67.13867187499999,0.7091753098990329,3.348739656983646,5.916463317188019,109.87501716797142
Batch_2/i9jiqjwl,0,896,48.82812499999999,,,,296.20853080568713
Batch_2/i9jiqjwl,0,1024,18.310546874999996,,,,714.924039320822
Batch_2/i9jiqjwl,0,1152,36.62109374999999,,,,378.60861334595353
Batch_2/i9jiqjwl,0,1280,54.931640624999986,,,,502.0920502092049
Batch_2/i9jiqjwl,0,1408,42.72460937499999,,,,277.68136063866706
Batch_2/i9jiqjwl,0,1536,54.931640624999986,,,,114.77761836441891
Batch_2/i9jiqjwl,0,1664,103.75976562499999,0.6506551687525749,1.9033359937769438,2.2147585299739148,335.35165346995797
Batch_2/i9jiqjwl,0,1792,103.75976562499999,0.6023896332520352,2.2410729929759796,4.973195970045876,232.81531924800646
Batch_2/i9jiqjwl,0,1920,48.82812499999999,,,,155.43034777540313
Batch_2/i9jiqjwl,0,2048,18.310546874999996,,,,92.40009240009239
Batch_2/i9jiqjwl,0,2176,42.72460937499999,,,,127.49681257968548
Batch_2/i9jiqjwl,0,2304,42.72460937499999,,,,110.63986723215929
Batch_2/i9jiqjwl,0,2432,30.517578124999993,,,,47.93002216763525
Batch_2/i9jiqjwl,0,2560,54.931640624999986,,,,175.5797790621113
Batch_2/i9jiqjwl,0,2688,48.82812499999999,,,,289.9251026818072
Batch_2/i9jiqjwl,0,2816,54.931640624999986,,,,344.3187407771765
Batch_2/i9jiqjwl,0,2944,61.035156249999986,0.7585675205712481,2.6547351586277594,5.305782348918438,122.15978499877839
Batch_2/i9jiqjwl,0,3072,61.035156249999986,0.49304947791833353,2.60807100535241,5.567782306757277,130.16596160104132
Batch_2/i9jiqjwl,0,3200,48.82812499999999,,,,231.97370964624002
Batch_2/i9jiqjwl,128,0,24.414062499999996,,,,505.20997789706337
Batch_2/i9jiqjwl,128,128,42.72460937499999,,,,454.1326067211625
Batch_2/i9jiqjwl,128,256,24.414062499999996,,,,147.57424829367275
Batch_2/i9jiqjwl,128,384,24.414062499999996,,,,393.7007874015747
Batch_2/i9jiqjwl,128,512,30.517578124999993,,,,331.0710147326601
Batch_2/i9jiqjwl,128,640,54.931640624999986,,,,105.94623228711427
Batch_2/i9jiqjwl,128,768,61.035156249999986,0.6931014050781703,3.4338216135986355,7.05056415652837,76.34170547370026
Batch_2/i9jiqjwl,128,896,36.62109374999999,,,,139.48622573520865
Batch_2/i9jiqjwl,128,1024,36.62109374999999,,,,668.4491978609625
Batch_2/i9jiqjwl,128,1152,30.517578124999993,,,,242.7773731488225
Batch_2/i9jiqjwl,128,1280,12.207031249999998,,,,122.13740458015263
Batch_2/i9jiqjwl,128,1408,0.0,,,,
Batch_2/i9jiqjwl,128,1536,12.207031249999998,,,,102.69576379974323
Batch_2/i9jiqjwl,128,1664,30.517578124999993,,,,106.99955416852427
Batch_2/i9jiqjwl,128,1792,48.82812499999999,,,,86.58008658008656
Batch_2/i9jiqjwl,128,1920,36.62109374999999,,,,124.96094970321771
Batch_2/i9jiqjwl,128,2048,42.72460937499999,,,,925.5688391824141
Batch_2/i9jiqjwl,128,2176,12.207031249999998,,,,244.5735249159278
Batch_2/i9jiqjwl,128,2304,12.207031249999998,,,,220.68965517241375
Batch_2/i9jiqjwl,128,2432,18.310546874999996,,,,164.04647983595348
Batch_2/i9jiqjwl,128,2560,36.62109374999999,,,,140.46176806250546
Batch_2/i9jiqjwl,128,2688,48.82812499999999,,,,263.57406431207164
Batch_2/i9jiqjwl,128,2816,61.035156249999986,1.0422405896314606,2.364339223553925,2.5174490727558467,347.45680918830226
Batch_2/i9jiqjwl,128,2944,36.62109374999999,,,,81.54943934760446
Batch_2/i9jiqjwl,128,3072,36.62109374999999,,,,81.8721430033431
Batch_2/i9jiqjwl,128,3200,24.414062499999996,,,,145.81244873781097
Batch_2/i9jiqjwl,256,0,0.0,,,,
Batch_2/i9jiqjwl,256,128,12.207031249999998,,,,143.8331535418914
Batch_2/i9jiqjwl,256,256,12.207031249999998,,,,386.10038610038606
Batch_2/i9jiqjwl,256,384,24.414062499999996,,,,1550.3875968992247
Batch_2/i9jiqjwl,256,512,30.517578124999993,,,,419.397116644823
Batch_2/i9jiqjwl,256,640,48.82812499999999,,,,163.54567012838334
Batch_2/i9jiqjwl,256,768,36.62109374999999,,,,97.31570837726055
Batch_2/i9jiqjwl,256,896,6.103515624999999,,,,118.51851851851849
Batch_2/i9jiqjwl,256,1024,18.310546874999996,,,,283.7550248285646
Batch_2/i9jiqjwl,256,1152,18.310546874999996,,,,115.75190508343782
Batch_2/i9jiqjwl,256,1280,6.103515624999999,,,,52.110474205315256
Batch_2/i9jiqjwl,256,1408,12.207031249999998,,,,102.74852298998199
Batch_2/i9jiqjwl,256,1536,12.207031249999998,,,,68.82312456985545
Batch_2/i9jiqjwl,256,1664,18.310546874999996,,,,64.59426725878077
Batch_2/i9jiqjwl,256,1792,36.62109374999999,,,,121.48823082763856
Batch_2/i9jiqjwl,256,1920,36.62109374999999,,,,276.31942525559543
Batch_2/i9jiqjwl,256,2048,42.72460937499999,,,,1297.9989183342345
Batch_2/i9jiqjwl,256,2176,24.414062499999996,,,,395.1267698386565
Batch_2/i9jiqjwl,256,2304,24.414062499999996,,,,238.7109608116172
Batch_2/i9jiqjwl,256,2432,30.517578124999993,,,,266.38252530633986
Batch_2/i9jiqjwl,256,2560,42.72460937499999,,,,97.8054893330888
Batch_2/i9jiqjwl,256,2688,61.035156249999986,0.7170832683868691,2.238647964711017,4.958773911734415,168.8001125334083
Batch_2/i9jiqjwl,256,2816,48.82812499999999,,,,313.0240357741755
Batch_2/i9jiqjwl,256,2944,24.414062499999996,,,,94.13979759943514
Batch_2/i9jiqjwl,256,3072,18.310546874999996,,,,73.76898014384949
Batch_2/i9jiqjwl,256,3200,12.207031249999998,,,,91.01251422070533
Batch_2/i9jiqjwl,384,0,6.103515624999999,,,,131.2335958005249
Batch_2/i9jiqjwl,384,128,12.207031249999998,,,,89.58566629339305
Batch_2/i9jiqjwl,384,256,24.414062499999996,,,,100.7556675062972
Batch_2/i9jiqjwl,384,384,30.517578124999993,,,,247.9338842975206
Batch_2/i9jiqjwl,384,512,30.517578124999993,,,,362.40090600226495
Batch_2/i9jiqjwl,384,640,12.207031249999998,,,,114.48196908986833
Batch_2/i9jiqjwl,384,768,12.207031249999998,,,,158.63573269879038
Batch_2/i9jiqjwl,384,896,6.103515624999999,,,,223.2142857142857
Batch_2/i9jiqjwl,384,1024,0.0,,,,
Batch_2/i9jiqjwl,384,1152,0.0,,,,
Batch_2/i9jiqjwl,384,1280,6.103515624999999,,,,134.81631277384562
Batch_2/i9jiqjwl,384,1408,24.414062499999996,,,,209.50635066125437
Batch_2/i9jiqjwl,384,1536,24.414062499999996,,,,132.76906480789975
Batch_2/i9jiqjwl,384,1664,12.207031249999998,,,,129.19896640826872
Batch_2/i9jiqjwl,384,1792,6.103515624999999,,,,178.3325902808738
Batch_2/i9jiqjwl,384,1920,12.207031249999998,,,,104.03120936280881
Batch_2/i9jiqjwl,384,2048,24.414062499999996,,,,161.27406511440375
Batch_2/i9jiqjwl,384,2176,42.72460937499999,,,,355.1872132603226
Batch_2/i9jiqjwl,384,2304,30.517578124999993,,,,241.2181516659128
Batch_2/i9jiqjwl,384,2432,24.414062499999996,,,,172.56255392579808
Batch_2/i9jiqjwl,384,2560,24.414062499999996,,,,73.73724960058988
Batch_2/i9jiqjwl,384,2688,30.517578124999993,,,,129.54416646425386
Batch_2/i9jiqjwl,384,2816,12.207031249999998,,,,298.8419872992155
Batch_2/i9jiqjwl,384,2944,6.103515624999999,,,,266.31158455392807
Batch_2/i9jiqjwl,384,3072,0.0,,,,
Batch_2/i9jiqjwl,384,3200,0.0,,,,
Batch_2/i9jiqjwl,512,0,12.207031249999998,,,,518.8067444876783
Batch_2/i9jiqjwl,512,128,12.207031249999998,,,,84.63817181548876
Batch_2/i9jiqjwl,512,256,24.414062499999996,,,,93.78663540445484
Batch_2/i9jiqjwl,512,384,30.517578124999993,,,,131.91161921512585
Batch_2/i9jiqjwl,512,512,18.310546874999996,,,,83.78718056137409
Batch_2/i9jiqjwl,512,640,18.310546874999996,,,,230.1937464032227
Batch_2/i9jiqjwl,512,768,18.310546874999996,,,,615.3846153846154
Batch_2/i9jiqjwl,512,896,6.103515624999999,,,,213.10602024507187
Batch_2/i9jiqjwl,512,1024,0.0,,,,
Batch_2/i9jiqjwl,512,1152,0.0,,,,
Batch_2/i9jiqjwl,512,1280,12.207031249999998,,,,278.2608695652173
Batch_2/i9jiqjwl,512,1408,24.414062499999996,,,,339.3425238600212
Batch_2/i9jiqjwl,512,1536,18.310546874999996,,,,392.15686274509795
Batch_2/i9jiqjwl,512,1664,12.207031249999998,,,,375.58685446009383
Batch_2/i9jiqjwl,512,1792,12.207031249999998,,,,165.05054672993603
Batch_2/i9jiqjwl,512,1920,6.103515624999999,,,,33.889689062102846
Batch_2/i9jiqjwl,512,2048,30.517578124999993,,,,146.3914507392768
Batch_2/i9jiqjwl,512,2176,36.62109374999999,,,,322.4506247480853
Batch_2/i9jiqjwl,512,2304,12.207031249999998,,,,207.20020720020716
Batch_2/i9jiqjwl,512,2432,6.103515624999999,,,,122.85012285012282
Batch_2/i9jiqjwl,512,2560,12.207031249999998,,,,260.0780234070221
Batch_2/i9jiqjwl,512,2688,18.310546874999996,,,,231.39220979560352
Batch_2/i9jiqjwl,512,2816,24.414062499999996,,,,44.17936823503423
Batch_2/i9jiqjwl,512,2944,36.62109374999999,,,,111.73184357541899
Batch_2/i9jiqjwl,512,3072,12.207031249999998,,,,115.57353366079167
Batch_2/i9jiqjwl,512,3200,6.103515624999999,,,,71.39032661074424
Batch_2/i9jiqjwl,640,0,6.103515624999999,,,,206.61157024793386
Batch_2/i9jiqjwl,640,128,12.207031249999998,,,,287.9769618430525
Batch_2/i9jiqjwl,640,256,12.207031249999998,,,,285.20499108734396
Batch_2/i9jiqjwl,640,384,18.310546874999996,,,,122.36157846436217
Batch_2/i9jiqjwl,640,512,36.62109374999999,,,,120.01200120011998
Batch_2/i9jiqjwl,640,640,36.62109374999999,,,,327.3992224268467
Batch_2/i9jiqjwl,640,768,18.310546874999996,,,,144.1181769050621
Batch_2/i9jiqjwl,640,896,18.310546874999996,,,,112.69192844062542
Batch_2/i9jiqjwl,640,1024,12.207031249999998,,,,235.3633421594586
Batch_2/i9jiqjwl,640,1152,6.103515624999999,,,,255.42784163473814
Batch_2/i9jiqjwl,640,1280,12.207031249999998,,,,178.93088794453138
Batch_2/i9jiqjwl,640,1408,30.517578124999993,,,,143.20236283898683
Batch_2/i9jiqjwl,640,1536,36.62109374999999,,,,242.1893921046258
Batch_2/i9jiqjwl,640,1664,24.414062499999996,,,,523.0467473030401
Batch_2/i9jiqjwl,640,1792,24.414062499999996,,,,283.5873803615739
Batch_2/i9jiqjwl,640,1920,24.414062499999996,,,,191.5479468454447
Batch_2/i9jiqjwl,640,2048,36.62109374999999,,,,332.59423503325934
Batch_2/i9jiqjwl,640,2176,24.414062499999996,,,,326.797385620915
Batch_2/i9jiqjwl,640,2304,18.310546874999996,,,,411.66380789022287
Batch_2/i9jiqjwl,640,2432,12.207031249999998,,,,155.2192471866511
Batch_2/i9jiqjwl,640,2560,6.103515624999999,,,,74.75238273219956
Batch_2/i9jiqjwl,640,2688,18.310546874999996,,,,243.70430544272944
Batch_2/i9jiqjwl,640,2816,24.414062499999996,,,,33.09340613882683
Batch_2/i9jiqjwl,640,2944,36.62109374999999,,,,80.09611533840607
Batch_2/i9jiqjwl,640,3072,18.310546874999996,,,,59.73715651135005
Batch_2/i9jiqjwl,640,3200,24.414062499999996,,,,137.7410468319559
Batch_2/i9jiqjwl,768,0,42.72460937499999,,,,749.5315427857588
Batch_2/i9jiqjwl,768,128,30.517578124999993,,,,396.13765783609796
Batch_2/i9jiqjwl,768,256,18.310546874999996,,,,260.52974381241853
Batch_2/i9jiqjwl,768,384,30.517578124999993,,,,419.9916001679965
Batch_2/i9jiqjwl,768,512,67.13867187499999,0.390882009522336,1.8480976918853813,1.8754530765473412,527.3069679849341
Batch_2/i9jiqjwl,768,640,79.34570312499999,0.3431831258788849,1.155900404582253,1.8480976918853813,910.0101112234579
Batch_2/i9jiqjwl,768,768,48.82812499999999,,,,315.10240828269184
Batch_2/i9jiqjwl,768,896,42.72460937499999,,,,135.2447930754666
Batch_2/i9jiqjwl,768,1024,30.517578124999993,,,,196.77776411265523
Batch_2/i9jiqjwl,768,1152,36.62109374999999,,,,623.5385814497271
Batch_2/i9jiqjwl,768,1280,36.62109374999999,,,,348.35619420857824
Batch_2/i9jiqjwl,768,1408,36.62109374999999,,,,204.72924557273004
Batch_2/i9jiqjwl,768,1536,54.931640624999986,,,,356.59704533876715
Batch_2/i9jiqjwl,768,1664,36.62109374999999,,,,877.5778850372969
Batch_2/i9jiqjwl,768,1792,24.414062499999996,,,,384.6153846153845
Batch_2/i9jiqjwl,768,1920,30.517578124999993,,,,249.45431867789205
Batch_2/i9jiqjwl,768,2048,24.414062499999996,,,,240.77046548956656
Batch_2/i9jiqjwl,768,2176,12.207031249999998,,,,167.3290106672244
Batch_2/i9jiqjwl,768,2304,18.310546874999996,,,,369.57191253464725
Batch_2/i9jiqjwl,768,2432,12.207031249999998,,,,164.13623307345094
Batch_2/i9jiqjwl,768,2560,6.103515624999999,,,,70.1754385964912
Batch_2/i9jiqjwl,768,2688,12.207031249999998,,,,297.3977695167286
Batch_2/i9jiqjwl,768,2816,6.103515624999999,,,,84.35259384226065
Batch_2/i9jiqjwl,768,2944,36.62109374999999,,,,196.97964543663818
Batch_2/i9jiqjwl,768,3072,36.62109374999999,,,,118.90606420927465
Batch_2/i9jiqjwl,768,3200,18.310546874999996,,,,137.7410468319559
Batch_2/r17byphk,0,0,134.27734374999997,0.40464810155826814,1.2285506166346278,2.012188299403865,522.7049983665468
Batch_2/r17byphk,0,128,97.65624999999999,0.40464810155826814,1.1934508552609497,1.9140916357310147,583.6794253002581
Batch_2/r17byphk,0,256,79.34570312499999,0.3431831258788849,1.054823241138457,1.0881694613449235,414.2692750287686
Batch_2/r17byphk,0,384,91.55273437499999,0.46524264916812785,1.0694918611950006,1.9923163104065253,265.98271112377694
Batch_2/r17byphk,0,512,128.17382812499997,0.46524264916812785,1.1340070282773886,1.9923163104065253,348.06822137138874
Batch_2/r17byphk,0,640,128.17382812499997,0.5201570947860099,1.1340070282773886,1.9568515351939713,478.7552363853979
Batch_2/r17byphk,0,768,97.65624999999999,0.5479366405011059,1.224045950616653,3.6910246719124276,223.48449576310642
Batch_2/r17byphk,0,896,91.55273437499999,0.7715176518808164,3.0249392282959366,3.8802136044930955,134.2217535113369
Batch_2/r17byphk,0,1024,79.34570312499999,0.7653039857325812,3.677760543856555,4.487347033603107,94.01146939926669
Batch_2/r17byphk,0,1152,54.931640624999986,,,,288.4615384615384
Batch_2/r17byphk,0,1280,30.517578124999993,,,,1262.8255722178371
Batch_2/r17byphk,0,1408,30.517578124999993,,,,685.2248394004281
Batch_2/r17byphk,0,1536,61.035156249999986,0.5046166479363291,1.0916969042703846,1.6371222439596615,835.7273439540348
Batch_2/r17byphk,0,1664,36.62109374999999,,,,741.0151908114115
Batch_2/r17byphk,0,1792,12.207031249999998,,,,395.45229856648535
Batch_2/r17byphk,0,1920,42.72460937499999,,,,583.657587548638
Batch_2/r17byphk,0,2048,42.72460937499999,,,,194.0267479731134
Batch_2/r17byphk,0,2176,85.44921874999999,0.3944170056082791,1.0676486729111077,6.0880212834089695,317.376355461518
Batch_2/r17byphk,0,2304,91.55273437499999,0.44424332232904784,2.2587296097338054,2.973659132816959,518.6515060841809
Batch_2/r17byphk,0,2432,30.517578124999993,,,,119.81787682722259
Batch_2/r17byphk,0,2560,24.414062499999996,,,,109.08099263703296
Batch_2/r17byphk,0,2688,36.62109374999999,,,,310.11758625145364
Batch_2/r17byphk,0,2816,36.62109374999999,,,,464.79200557750397
Batch_2/r17byphk,0,2944,18.310546874999996,,,,458.9787722317842
Batch_2/r17byphk,0,3072,12.207031249999998,,,,118.76484560570069
Batch_2/r17byphk,0,3200,24.414062499999996,,,,166.40665626625062
Batch_2/r17byphk,128,0,97.65624999999999,0.34084843800376935,0.8143358740385457,2.012188299403865,839.6011894350182
Batch_2/r17byphk,128,128,61.035156249999986,0.3550179169217411,0.9566089461993466,1.4895032415879534,477.7545535980888
Batch_2/r17byphk,128,256,30.517578124999993,,,,177.14791851195747
Batch_2/r17byphk,128,384,48.82812499999999,,,,281.29395218002804
Batch_2/r17byphk,128,512,79.34570312499999,0.32410224072142874,0.5999044924385539,0.8884866446580957,680.0408024481467
Batch_2/r17byphk,128,640,79.34570312499999,0.4406461512053774,1.6618177826000953,1.9487013476088693,406.46651270207843
Batch_2/r17byphk,128,768,42.72460937499999,,,,132.73161667109102
Batch_2/r17byphk,128,896,73.24218749999999,0.6980435581188107,2.9489540473677023,3.8802136044930955,139.640425903299
Batch_2/r17byphk,128,1024,97.65624999999999,0.34305767045176183,3.4237646430328663,3.8802136044930955,191.45880976439926
Batch_2/r17byphk,128,1152,79.34570312499999,0.29854106607209235,2.5873062340618236,3.522459277755268,376.8844221105527
Batch_2/r17byphk,128,1280,24.414062499999996,,,,2124.8339973439574
Batch_2/r17byphk,128,1408,36.62109374999999,,,,1193.3174224343675
Batch_2/r17byphk,128,1536,36.62109374999999,,,,787.4015748031494
Batch_2/r17byphk,128,1664,24.414062499999996,,,,785.8546168958741
Batch_2/r17byphk,128,1792,30.517578124999993,,,,191.50209455415916
Batch_2/r17byphk,128,1920,48.82812499999999,,,,231.93784065870344
Batch_2/r17byphk,128,2048,42.72460937499999,,,,802.8904054596546
Batch_2/r17byphk,128,2176,73.24218749999999,0.6609911948930226,1.0121173216374124,1.1340070282773886,887.7928483353882
Batch_2/r17byphk,128,2304,67.13867187499999,0.6886811529393324,1.026452981518563,1.5492115871712882,454.86851457000705
Batch_2/r17byphk,128,2432,12.207031249999998,,,,74.30110522894027
Batch_2/r17byphk,128,2560,18.310546874999996,,,,104.65724751439035
Batch_2/r17byphk,128,2688,24.414062499999996,,,,259.61382443615116
Batch_2/r17byphk,128,2816,24.414062499999996,,,,541.0279531109106
Batch_2/r17byphk,128,2944,24.414062499999996,,,,281.0304449648711
Batch_2/r17byphk,128,3072,12.207031249999998,,,,61.269816956421835
Batch_2/r17byphk,128,3200,18.310546874999996,,,,111.69024571854055
Batch_2/r17byphk,256,0,24.414062499999996,,,,548.5087418580733
Batch_2/r17byphk,256,128,12.207031249999998,,,,229.42357327215367
Batch_2/r17byphk,256,256,18.310546874999996,,,,128.7001287001287
Batch_2/r17byphk,256,384,36.62109374999999,,,,263.157894736842
Batch_2/r17byphk,256,512,54.931640624999986,,,,723.1638418079095
Batch_2/r17byphk,256,640,48.82812499999999,,,,321.5434083601286
Batch_2/r17byphk,256,768,24.414062499999996,,,,224.68754388428587
Batch_2/r17byphk,256,896,36.62109374999999,,,,443.36067390822427
Batch_2/r17byphk,256,1024,91.55273437499999,0.4222008245644753,1.6086655304242088,3.528779214899948,393.27499754203114
Batch_2/r17byphk,256,1152,109.86328124999997,0.3454250160629751,1.2410967631206367,3.528779214899948,666.8376506796612
Batch_2/r17byphk,256,1280,42.72460937499999,,,,1040.3120936280884
Batch_2/r17byphk,256,1408,24.414062499999996,,,,500.3126954346465
Batch_2/r17byphk,256,1536,18.310546874999996,,,,289.4356005788711
Batch_2/r17byphk,256,1664,18.310546874999996,,,,248.65312888520506
Batch_2/r17byphk,256,1792,30.517578124999993,,,,122.2867624579639
Batch_2/r17byphk,256,1920,61.035156249999986,0.7136496464611085,1.8306265253109009,2.3943184938871584,111.20378092855155
Batch_2/r17byphk,256,2048,54.931640624999986,,,,157.66653527788725
Batch_2/r17byphk,256,2176,36.62109374999999,,,,217.88865889530445
Batch_2/r17byphk,256,2304,24.414062499999996,,,,155.8441558441558
Batch_2/r17byphk,256,2432,6.103515624999999,,,,63.969294738525484
Batch_2/r17byphk,256,2560,0.0,,,,
Batch_2/r17byphk,256,2688,6.103515624999999,,,,117.61246692149366
Batch_2/r17byphk,256,2816,12.207031249999998,,,,218.45985800109227
Batch_2/r17byphk,256,2944,24.414062499999996,,,,341.3697461062513
Batch_2/r17byphk,256,3072,18.310546874999996,,,,72.72286528089205
Batch_2/r17byphk,256,3200,6.103515624999999,,,,31.012560086835165
Batch_2/r17byphk,384,0,12.207031249999998,,,,316.8316831683168
Batch_2/r17byphk,384,128,12.207031249999998,,,,181.69429934135815
Batch_2/r17byphk,384,256,0.0,,,,
Batch_2/r17byphk,384,384,6.103515624999999,,,,92.44280101687079
Batch_2/r17byphk,384,512,6.103515624999999,,,,96.45526886906195
Batch_2/r17byphk,384,640,12.207031249999998,,,,186.13308515588642
Batch_2/r17byphk,384,768,18.310546874999996,,,,191.63206643244965
Batch_2/r17byphk,384,896,36.62109374999999,,,,263.5046113306982
Batch_2/r17byphk,384,1024,54.931640624999986,,,,451.0854243022271
Batch_2/r17byphk,384,1152,61.035156249999986,0.45100665392836065,1.7234150929296903,2.543863201140436,436.41653533761666
Batch_2/r17byphk,384,1280,24.414062499999996,,,,171.0376282782212
Batch_2/r17byphk,384,1408,24.414062499999996,,,,263.721773528927
Batch_2/r17byphk,384,1536,24.414062499999996,,,,246.34334103156266
Batch_2/r17byphk,384,1664,30.517578124999993,,,,328.2051282051282
Batch_2/r17byphk,384,1792,24.414062499999996,,,,155.76323987538936
Batch_2/r17byphk,384,1920,42.72460937499999,,,,132.00448815259716
Batch_2/r17byphk,384,2048,48.82812499999999,,,,174.06440382941685
Batch_2/r17byphk,384,2176,24.414062499999996,,,,210.97046413502105
Batch_2/r17byphk,384,2304,12.207031249999998,,,,167.08437761069337
Batch_2/r17byphk,384,2432,6.103515624999999,,,,144.61315979754156
Batch_2/r17byphk,384,2560,0.0,,,,
Batch_2/r17byphk,384,2688,30.517578124999993,,,,293.4702861335289
Batch_2/r17byphk,384,2816,42.72460937499999,,,,440.73665984574205
Batch_2/r17byphk,384,2944,36.62109374999999,,,,1203.0075187969924
Batch_2/r17byphk,384,3072,12.207031249999998,,,,128.16404998397948
Batch_2/r17byphk,384,3200,6.103515624999999,,,,36.42323802586049
Batch_2/r17byphk,512,0,18.310546874999996,,,,232.24308109154242
Batch_2/r17byphk,512,128,18.310546874999996,,,,159.06680805938493
Batch_2/r17byphk,512,256,0.0,,,,
Batch_2/r17byphk,512,384,6.103515624999999,,,,277.5850104094378
Batch_2/r17byphk,512,512,12.207031249999998,,,,243.16109422492397
Batch_2/r17byphk,512,640,24.414062499999996,,,,319.74420463629093
Batch_2/r17byphk,512,768,36.62109374999999,,,,250.72082236429733
Batch_2/r17byphk,512,896,42.72460937499999,,,,382.8361780188227
Batch_2/r17byphk,512,1024,24.414062499999996,,,,569.3950177935942
Batch_2/r17byphk,512,1152,18.310546874999996,,,,142.60249554367198
Batch_2/r17byphk,512,1280,24.414062499999996,,,,187.85222291797115
Batch_2/r17byphk,512,1408,36.62109374999999,,,,328.8391976323577
Batch_2/r17byphk,512,1536,36.62109374999999,,,,207.3255010366275
Batch_2/r17byphk,512,1664,36.62109374999999,,,,240.57738572574172
Batch_2/r17byphk,512,1792,30.517578124999993,,,,418.3006535947711
Batch_2/r17byphk,512,1920,24.414062499999996,,,,386.4734299516908
Batch_2/r17byphk,512,2048,24.414062499999996,,,,421.3853041875164
Batch_2/r17byphk,512,2176,12.207031249999998,,,,342.31921266581077
Batch_2/r17byphk,512,2304,6.103515624999999,,,,151.7450682852807
Batch_2/r17byphk,512,2432,0.0,,,,
Batch_2/r17byphk,512,2560,0.0,,,,
Batch_2/r17byphk,512,2688,48.82812499999999,,,,601.3745704467352
Batch_2/r17byphk,512,2816,42.72460937499999,,,,207.8384798099762
Batch_2/r17byphk,512,2944,30.517578124999993,,,,169.11889058007776
Batch_2/r17byphk,512,3072,6.103515624999999,,,,81.41664970486464
Batch_2/r17byphk,512,3200,6.103515624999999,,,,42.9046444277593
Batch_2/r17byphk,640,0,18.310546874999996,,,,222.8412256267409
Batch_2/r17byphk,640,128,18.310546874999996,,,,172.3395088323998
Batch_2/r17byphk,640,256,6.103515624999999,,,,87.18395815170007
Batch_2/r17byphk,640,384,36.62109374999999,,,,447.7277815088425
Batch_2/r17byphk,640,512,42.72460937499999,,,,160.57808109193093
Batch_2/r17byphk,640,640,30.517578124999993,,,,149.19806042521444
Batch_2/r17byphk,640,768,42.72460937499999,,,,227.8985851296173
Batch_2/r17byphk,640,896,48.82812499999999,,,,194.89106981276535
Batch_2/r17byphk,640,1024,30.517578124999993,,,,322.47662044501766
Batch_2/r17byphk,640,1152,12.207031249999998,,,,107.87486515641855
Batch_2/r17byphk,640,1280,24.414062499999996,,,,228.310502283105
Batch_2/r17byphk,640,1408,30.517578124999993,,,,247.3716759431045
Batch_2/r17byphk,640,1536,36.62109374999999,,,,158.85623510722792
Batch_2/r17byphk,640,1664,24.414062499999996,,,,64.13339746673078
Batch_2/r17byphk,640,1792,12.207031249999998,,,,72.26738934056007
Batch_2/r17byphk,640,1920,6.103515624999999,,,,114.41647597254003
Batch_2/r17byphk,640,2048,6.103515624999999,,,,105.7641459545214
Batch_2/r17byphk,640,2176,12.207031249999998,,,,77.80587434351293
Batch_2/r17byphk,640,2304,12.207031249999998,,,,79.7766254487435
Batch_2/r17byphk,640,2432,0.0,,,,
Batch_2/r17byphk,640,2560,0.0,,,,
Batch_2/r17byphk,640,2688,24.414062499999996,,,,731.7073170731707
Batch_2/r17byphk,640,2816,18.310546874999996,,,,103.86013501817551
Batch_2/r17byphk,640,2944,24.414062499999996,,,,107.563025210084
Batch_2/r17byphk,640,3072,12.207031249999998,,,,121.71002586338047
Batch_2/r17byphk,640,3200,12.207031249999998,,,,165.18686764402227
Batch_2/r17byphk,768,0,30.517578124999993,,,,404.1424602172264
Batch_2/r17byphk,768,128,30.517578124999993,,,,167.55681223164726
Batch_2/r17byphk,768,256,30.517578124999993,,,,208.33333333333331
Batch_2/r17byphk,768,384,30.517578124999993,,,,376.8252472915685
Batch_2/r17byphk,768,512,42.72460937499999,,,,144.2351032182457
Batch_2/r17byphk,768,640,30.517578124999993,,,,141.54281670205233
Batch_2/r17byphk,768,768,30.517578124999993,,,,231.42791020597082
Batch_2/r17byphk,768,896,30.517578124999993,,,,133.5202616997129
Batch_2/r17byphk,768,1024,24.414062499999996,,,,166.78828312311055
Batch_2/r17byphk,768,1152,12.207031249999998,,,,66.9120107059217
Batch_2/r17byphk,768,1280,18.310546874999996,,,,160.09605763458072
Batch_2/r17byphk,768,1408,12.207031249999998,,,,159.9040575654607
Batch_2/r17byphk,768,1536,12.207031249999998,,,,115.50678602367887
Batch_2/r17byphk,768,1664,12.207031249999998,,,,57.56223917110375
Batch_2/r17byphk,768,1792,12.207031249999998,,,,65.1518853326818
Batch_2/r17byphk,768,1920,6.103515624999999,,,,123.80068090374493
Batch_2/r17byphk,768,2048,6.103515624999999,,,,119.11852293031565
Batch_2/r17byphk,768,2176,12.207031249999998,,,,80.56394763343403
Batch_2/r17byphk,768,2304,24.414062499999996,,,,175.97888253409587
Batch_2/r17byphk,768,2432,18.310546874999996,,,,199.0379830817714
Batch_2/r17byphk,768,2560,6.103515624999999,,,,77.60962359332555
Batch_2/r17byphk,768,2688,6.103515624999999,,,,108.19583446037326
Batch_2/r17byphk,768,2816,24.414062499999996,,,,471.00382690609354
Batch_2/r17byphk,768,2944,24.414062499999996,,,,311.2234973740517
Batch_2/r17byphk,768,3072,30.517578124999993,,,,241.65533907264762
Batch_2/r17byphk,768,3200,48.82812499999999,,,,254.29116338207243
Batch_2/rxax5ozo,0,0,12.207031249999998,,,,197.09288001970924
Batch_2/rxax5ozo,0,128,6.103515624999999,,,,58.41974587410544
Batch_2/rxax5ozo,0,256,18.310546874999996,,,,150.62131291577754
Batch_2/rxax5ozo,0,384,24.414062499999996,,,,588.235294117647
Batch_2/rxax5ozo,0,512,24.414062499999996,,,,490.1960784313724
Batch_2/rxax5ozo,0,640,36.62109374999999,,,,288.9755815633578
Batch_2/rxax5ozo,0,768,36.62109374999999,,,,97.72782799902271
Batch_2/rxax5ozo,0,896,24.414062499999996,,,,57.25464001145092
Batch_2/rxax5ozo,0,1024,18.310546874999996,,,,131.76677281212253
Batch_2/rxax5ozo,0,1152,18.310546874999996,,,,243.75380865326017
Batch_2/rxax5ozo,0,1280,12.207031249999998,,,,386.8471953578336
Batch_2/rxax5ozo,0,1408,18.310546874999996,,,,290.7681124303367
Batch_2/rxax5ozo,0,1536,12.207031249999998,,,,250.15634771732326
Batch_2/rxax5ozo,0,1664,6.103515624999999,,,,155.88464536243177
Batch_2/rxax5ozo,0,1792,30.517578124999993,,,,465.2244708071643
Batch_2/rxax5ozo,0,1920,48.82812499999999,,,,297.08222811671084
Batch_2/rxax5ozo,0,2048,42.72460937499999,,,,199.50124688279297
Batch_2/rxax5ozo,0,2176,30.517578124999993,,,,129.88067213247825
Batch_2/rxax5ozo,0,2304,18.310546874999996,,,,72.20216606498194
Batch_2/rxax5ozo,0,2432,18.310546874999996,,,,299.99999999999994
Batch_2/rxax5ozo,0,2560,24.414062499999996,,,,887.902330743618
Batch_2/rxax5ozo,0,2688,18.310546874999996,,,,505.26315789473676
Batch_2/rxax5ozo,0,2816,12.207031249999998,,,,207.6843198338525
Batch_2/rxax5ozo,0,2944,6.103515624999999,,,,62.76478895339713
Batch_2/rxax5ozo,0,3072,18.310546874999996,,,,262.2377622377622
Batch_2/rxax5ozo,0,3200,42.72460937499999,,,,586.5102639296186
Batch_2/rxax5ozo,128,0,12.207031249999998,,,,204.446716074623
Batch_2/rxax5ozo,128,128,6.103515624999999,,,,187.79342723004692
Batch_2/rxax5ozo,128,256,12.207031249999998,,,,210.6926520937582
Batch_2/rxax5ozo,128,384,18.310546874999996,,,,179.80221756068323
Batch_2/rxax5ozo,128,512,24.414062499999996,,,,82.5678604603158
Batch_2/rxax5ozo,128,640,30.517578124999993,,,,65.89243060703402
Batch_2/rxax5ozo,128,768,30.517578124999993,,,,62.0588007136762
Batch_2/rxax5ozo,128,896,18.310546874999996,,,,44.9387709246152
Batch_2/rxax5ozo,128,1024,12.207031249999998,,,,215.2273338714016
Batch_2/rxax5ozo,128,1152,12.207031249999998,,,,253.2446976891421
Batch_2/rxax5ozo,128,1280,18.310546874999996,,,,588.2352941176468
Batch_2/rxax5ozo,128,1408,36.62109374999999,,,,1055.4089709762532
Batch_2/rxax5ozo,128,1536,30.517578124999993,,,,835.0730688935281
Batch_2/rxax5ozo,128,1664,42.72460937499999,,,,266.60742057320584
Batch_2/rxax5ozo,128,1792,42.72460937499999,,,,321.2206384260188
Batch_2/rxax5ozo,128,1920,30.517578124999993,,,,200.95453403667415
Batch_2/rxax5ozo,128,2048,24.414062499999996,,,,65.47002018658954
Batch_2/rxax5ozo,128,2176,18.310546874999996,,,,92.13051823416504
Batch_2/rxax5ozo,128,2304,6.103515624999999,,,,125.47051442910914
Batch_2/rxax5ozo,128,2432,6.103515624999999,,,,87.66162612316457
Batch_2/rxax5ozo,128,2560,30.517578124999993,,,,284.9814762040467
Batch_2/rxax5ozo,128,2688,24.414062499999996,,,,300.9215723152153
Batch_2/rxax5ozo,128,2816,6.103515624999999,,,,205.97322348094744
Batch_2/rxax5ozo,128,2944,0.0,,,,
Batch_2/rxax5ozo,128,3072,0.0,,,,
Batch_2/rxax5ozo,128,3200,18.310546874999996,,,,209.6985583224115
Batch_2/rxax5ozo,256,0,18.310546874999996,,,,179.3990133054268
Batch_2/rxax5ozo,256,128,18.310546874999996,,,,147.61963341124365
Batch_2/rxax5ozo,256,256,18.310546874999996,,,,229.973169796857
Batch_2/rxax5ozo,256,384,12.207031249999998,,,,139.54299668585378
Batch_2/rxax5ozo,256,512,12.207031249999998,,,,41.39715394566623
Batch_2/rxax5ozo,256,640,18.310546874999996,,,,54.404497438454904
Batch_2/rxax5ozo,256,768,18.310546874999996,,,,74.33102081268582
Batch_2/rxax5ozo,256,896,54.931640624999986,,,,340.38932028507594
Batch_2/rxax5ozo,256,1024,48.82812499999999,,,,778.8595271210012
Batch_2/rxax5ozo,256,1152,24.414062499999996,,,,277.07226968367576
Batch_2/rxax5ozo,256,1280,30.517578124999993,,,,487.06240487062394
Batch_2/rxax5ozo,256,1408,36.62109374999999,,,,732.6007326007324
Batch_2/rxax5ozo,256,1536,24.414062499999996,,,,348.83720930232556
Batch_2/rxax5ozo,256,1664,42.72460937499999,,,,324.14910858995125
Batch_2/rxax5ozo,256,1792,30.517578124999993,,,,306.044376434583
Batch_2/rxax5ozo,256,1920,18.310546874999996,,,,132.29700678022158
Batch_2/rxax5ozo,256,2048,30.517578124999993,,,,108.91763104152483
Batch_2/rxax5ozo,256,2176,24.414062499999996,,,,163.80016380016377
Batch_2/rxax5ozo,256,2304,6.103515624999999,,,,278.164116828929
Batch_2/rxax5ozo,256,2432,0.0,,,,
Batch_2/rxax5ozo,256,2560,24.414062499999996,,,,241.47298520977958
Batch_2/rxax5ozo,256,2688,36.62109374999999,,,,194.83682415976617
Batch_2/rxax5ozo,256,2816,30.517578124999993,,,,261.2671456564337
Batch_2/rxax5ozo,256,2944,12.207031249999998,,,,208.82276168102317
Batch_2/rxax5ozo,256,3072,0.0,,,,
Batch_2/rxax5ozo,256,3200,18.310546874999996,,,,149.44890715486642
Batch_2/rxax5ozo,384,0,24.414062499999996,,,,230.1164964763411
Batch_2/rxax5ozo,384,128,12.207031249999998,,,,111.00319134175106
Batch_2/rxax5ozo,384,256,18.310546874999996,,,,154.2416452442159
Batch_2/rxax5ozo,384,384,18.310546874999996,,,,158.29046299960422
Batch_2/rxax5ozo,384,512,36.62109374999999,,,,247.60136180748987
Batch_2/rxax5ozo,384,640,30.517578124999993,,,,162.1566838958143
Batch_2/rxax5ozo,384,768,18.310546874999996,,,,96.45526886906195
Batch_2/rxax5ozo,384,896,54.931640624999986,,,,496.7572788740168
Batch_2/rxax5ozo,384,1024,48.82812499999999,,,,958.3707696915243
Batch_2/rxax5ozo,384,1152,24.414062499999996,,,,335.0083752093802
Batch_2/rxax5ozo,384,1280,36.62109374999999,,,,592.9439667951378
Batch_2/rxax5ozo,384,1408,36.62109374999999,,,,574.8502994011975
Batch_2/rxax5ozo,384,1536,6.103515624999999,,,,112.39112110143297
Batch_2/rxax5ozo,384,1664,18.310546874999996,,,,302.00075500188746
Batch_2/rxax5ozo,384,1792,18.310546874999996,,,,107.70059235325792
Batch_2/rxax5ozo,384,1920,24.414062499999996,,,,327.7792952745151
Batch_2/rxax5ozo,384,2048,24.414062499999996,,,,448.9337822671155
Batch_2/rxax5ozo,384,2176,18.310546874999996,,,,300.37546933667073
Batch_2/rxax5ozo,384,2304,6.103515624999999,,,,241.5458937198067
Batch_2/rxax5ozo,384,2432,0.0,,,,
Batch_2/rxax5ozo,384,2560,18.310546874999996,,,,312.9074315514993
Batch_2/rxax5ozo,384,2688,30.517578124999993,,,,143.83315354189136
Batch_2/rxax5ozo,384,2816,36.62109374999999,,,,235.3633421594586
Batch_2/rxax5ozo,384,2944,30.517578124999993,,,,390.47247169074575
Batch_2/rxax5ozo,384,3072,12.207031249999998,,,,109.75442447523663
Batch_2/rxax5ozo,384,3200,12.207031249999998,,,,118.01150612184686
Batch_2/rxax5ozo,512,0,18.310546874999996,,,,325.2914068853347
Batch_2/rxax5ozo,512,128,0.0,,,,
Batch_2/rxax5ozo,512,256,18.310546874999996,,,,134.74818932120596
Batch_2/rxax5ozo,512,384,18.310546874999996,,,,96.74688595960816
Batch_2/rxax5ozo,512,512,30.517578124999993,,,,180.1531301606365
Batch_2/rxax5ozo,512,640,12.207031249999998,,,,53.04336294921097
Batch_2/rxax5ozo,512,768,12.207031249999998,,,,175.40013155009865
Batch_2/rxax5ozo,512,896,24.414062499999996,,,,2507.8369905956106
Batch_2/rxax5ozo,512,1024,30.517578124999993,,,,391.0833007430582
Batch_2/rxax5ozo,512,1152,18.310546874999996,,,,179.93702204228518
Batch_2/rxax5ozo,512,1280,36.62109374999999,,,,569.3950177935942
Batch_2/rxax5ozo,512,1408,24.414062499999996,,,,399.9000249937515
Batch_2/rxax5ozo,512,1536,0.0,,,,
Batch_2/rxax5ozo,512,1664,18.310546874999996,,,,349.95625546806644
Batch_2/rxax5ozo,512,1792,54.931640624999986,,,,93.83063570255688
Batch_2/rxax5ozo,512,1920,67.13867187499999,0.8136857890256439,1.9754693631168452,2.390326851499402,210.58173203474593
Batch_2/rxax5ozo,512,2048,18.310546874999996,,,,432.12099387828584
Batch_2/rxax5ozo,512,2176,6.103515624999999,,,,119.51000896325064
Batch_2/rxax5ozo,512,2304,0.0,,,,
Batch_2/rxax5ozo,512,2432,0.0,,,,
Batch_2/rxax5ozo,512,2560,0.0,,,,
Batch_2/rxax5ozo,512,2688,6.103515624999999,,,,57.836899942163086
Batch_2/rxax5ozo,512,2816,12.207031249999998,,,,182.7735892163582
Batch_2/rxax5ozo,512,2944,18.310546874999996,,,,212.23912274495927
Batch_2/rxax5ozo,512,3072,12.207031249999998,,,,118.85306789481501
Batch_2/rxax5ozo,512,3200,12.207031249999998,,,,168.45651716150763
Batch_2/rxax5ozo,640,0,6.103515624999999,,,,251.73064820641912
Batch_2/rxax5ozo,640,128,18.310546874999996,,,,356.4003564003563
Batch_2/rxax5ozo,640,256,73.24218749999999,0.31073021424690345,0.7633568540244579,1.1198843474056308,509.7164702134437
Batch_2/rxax5ozo,640,384,79.34570312499999,0.29316150714175193,0.7082977200184974,1.3888692920047487,700.7299270072991
Batch_2/rxax5ozo,640,512,24.414062499999996,,,,330.51022516009084
Batch_2/rxax5ozo,640,640,18.310546874999996,,,,172.389024565436
Batch_2/rxax5ozo,640,768,12.207031249999998,,,,130.84723585214257
Batch_2/rxax5ozo,640,896,6.103515624999999,,,,202.020202020202
Batch_2/rxax5ozo,640,1024,12.207031249999998,,,,85.82770089046238
Batch_2/rxax5ozo,640,1152,36.62109374999999,,,,146.33254069873786
Batch_2/rxax5ozo,640,1280,61.035156249999986,1.2501205690308699,3.1836691745449315,3.2252700786889585,215.41775657793505
Batch_2/rxax5ozo,640,1408,54.931640624999986,,,,229.6430963544158
Batch_2/rxax5ozo,640,1536,12.207031249999998,,,,107.75862068965516
Batch_2/rxax5ozo,640,1664,24.414062499999996,,,,348.88791975577846
Batch_2/rxax5ozo,640,1792,54.931640624999986,,,,233.61074609432032
Batch_2/rxax5ozo,640,1920,85.44921874999999,0.6937461360898152,1.5904265811395386,2.390326851499402,357.03659625111567
Batch_2/rxax5ozo,640,2048,48.82812499999999,,,,710.732054015636
Batch_2/rxax5ozo,640,2176,24.414062499999996,,,,955.4140127388533
Batch_2/rxax5ozo,640,2304,0.0,,,,
Batch_2/rxax5ozo,640,2432,12.207031249999998,,,,155.67230978789644
Batch_2/rxax5ozo,640,2560,18.310546874999996,,,,245.85125998770738
Batch_2/rxax5ozo,640,2688,18.310546874999996,,,,374.8828491096532
Batch_2/rxax5ozo,640,2816,6.103515624999999,,,,144.8225923244026
Batch_2/rxax5ozo,640,2944,6.103515624999999,,,,133.77926421404678
Batch_2/rxax5ozo,640,3072,6.103515624999999,,,,191.75455417066152
Batch_2/rxax5ozo,640,3200,24.414062499999996,,,,349.44670937681997
Batch_2/rxax5ozo,768,0,30.517578124999993,,,,684.2285323297981
Batch_2/rxax5ozo,768,128,36.62109374999999,,,,945.626477541371
Batch_2/rxax5ozo,768,256,85.44921874999999,0.3867888913947525,0.7853107757019033,1.1227230955528664,536.6726296958855
Batch_2/rxax5ozo,768,384,109.86328124999997,0.38262938484888825,0.7750781582536664,1.0852403323135504,984.0098400984009
Batch_2/rxax5ozo,768,512,85.44921874999999,0.3191148532185698,0.7001296541444005,2.1057199990834974,803.7508372404553
Batch_2/rxax5ozo,768,640,67.13867187499999,0.32410224072142874,2.0951117704013966,3.725787720264684,264.20079260237776
Batch_2/rxax5ozo,768,768,18.310546874999996,,,,118.76484560570069
Batch_2/rxax5ozo,768,896,24.414062499999996,,,,213.903743315508
Batch_2/rxax5ozo,768,1024,36.62109374999999,,,,272.06257439211015
Batch_2/rxax5ozo,768,1152,42.72460937499999,,,,190.51507110294614
Batch_2/rxax5ozo,768,1280,48.82812499999999,,,,139.40196556771448
Batch_2/rxax5ozo,768,1408,42.72460937499999,,,,146.2924019383743
Batch_2/rxax5ozo,768,1536,24.414062499999996,,,,100.1335113484646
Batch_2/rxax5ozo,768,1664,42.72460937499999,,,,216.5205153188264
Batch_2/rxax5ozo,768,1792,30.517578124999993,,,,241.1091018685955
Batch_2/rxax5ozo,768,1920,48.82812499999999,,,,499.6876951905058
Batch_2/rxax5ozo,768,2048,48.82812499999999,,,,345.60221185415577
Batch_2/rxax5ozo,768,2176,36.62109374999999,,,,354.1076487252124
Batch_2/rxax5ozo,768,2304,18.310546874999996,,,,130.09540329575017
Batch_2/rxax5ozo,768,2432,36.62109374999999,,,,111.68816663874462
Batch_2/rxax5ozo,768,2560,61.035156249999986,0.9118253068533448,3.2449809781469363,4.0781970959117535,188.47603661820136
Batch_2/rxax5ozo,768,2688,48.82812499999999,,,,480.68669527896986
Batch_2/rxax5ozo,768,2816,12.207031249999998,,,,273.22404371584696
Batch_2/rxax5ozo,768,2944,24.414062499999996,,,,330.8519437551695
Batch_2/rxax5ozo,768,3072,24.414062499999996,,,,391.9007184846505
Batch_2/rxax5ozo,768,3200,30.517578124999993,,,,513.2591958939263
Batch_3/0grcilhi,0,0,48.82812499999999,,,,622.8589224540641
Batch_3/0grcilhi,0,128,61.035156249999986,0.37621276548316257,1.0634669054989483,2.0775663783985823,521.3990875515967
Batch_3/0grcilhi,0,256,67.13867187499999,0.454864184146723,0.9640875829802337,2.0775663783985823,432.9004329004328
Batch_3/0grcilhi,0,384,67.13867187499999,0.3989422804014327,1.2890219570974684,1.3327299669871433,759.8784194528874
Batch_3/0grcilhi,0,512,48.82812499999999,,,,1303.4623217922606
Batch_3/0grcilhi,0,640,18.310546874999996,,,,300.6765221748934
Batch_3/0grcilhi,0,768,54.931640624999986,,,,441.8494555783493
Batch_3/0grcilhi,0,896,48.82812499999999,,,,192.5236643670784
Batch_3/0grcilhi,0,1024,18.310546874999996,,,,51.80899749589845
Batch_3/0grcilhi,0,1152,24.414062499999996,,,,87.7096809560355
Batch_3/0grcilhi,0,1280,24.414062499999996,,,,187.61726078799245
Batch_3/0grcilhi,0,1408,54.931640624999986,,,,216.6009128181325
Batch_3/0grcilhi,0,1536,91.55273437499999,0.7203090409536582,1.9432299555452452,3.517938085701024,261.4037380734544
Batch_3/0grcilhi,0,1664,54.931640624999986,,,,189.21475875118256
Batch_3/0grcilhi,0,1792,42.72460937499999,,,,213.6752136752136
Batch_3/0grcilhi,0,1920,54.931640624999986,,,,331.080148986067
Batch_3/0grcilhi,0,2048,24.414062499999996,,,,267.91694574681844
Batch_3/0grcilhi,0,2176,18.310546874999996,,,,438.43624406284243
Batch_3/0grcilhi,0,2304,24.414062499999996,,,,598.1308411214953
Batch_3/0grcilhi,0,2432,12.207031249999998,,,,827.3009307135469
Batch_3/0grcilhi,0,2560,18.310546874999996,,,,568.181818181818
Batch_3/0grcilhi,0,2688,12.207031249999998,,,,441.2575841147269
Batch_3/0grcilhi,0,2816,12.207031249999998,,,,136.8457064659596
Batch_3/0grcilhi,0,2944,30.517578124999993,,,,193.54058304100639
Batch_3/0grcilhi,0,3072,36.62109374999999,,,,317.6283748014822
Batch_3/0grcilhi,0,3200,36.62109374999999,,,,103.44604642141331
Batch_3/0grcilhi,128,0,18.310546874999996,,,,896.1911874533233
Batch_3/0grcilhi,128,128,6.103515624999999,,,,551.7241379310344
Batch_3/0grcilhi,128,256,18.310546874999996,,,,147.983721790603
Batch_3/0grcilhi,128,384,30.517578124999993,,,,85.24694975757897
Batch_3/0grcilhi,128,512,42.72460937499999,,,,188.1172597585828
Batch_3/0grcilhi,128,640,42.72460937499999,,,,941.1764705882351
Batch_3/0grcilhi,128,768,42.72460937499999,,,,546.2615227039944
Batch_3/0grcilhi,128,896,24.414062499999996,,,,156.45371577574966
Batch_3/0grcilhi,128,1024,30.517578124999993,,,,141.86409419775853
Batch_3/0grcilhi,128,1152,24.414062499999996,,,,125.50003921876224
Batch_3/0grcilhi,128,1280,24.414062499999996,,,,222.93437369374385
Batch_3/0grcilhi,128,1408,36.62109374999999,,,,160.64257028112448
Batch_3/0grcilhi,128,1536,30.517578124999993,,,,77.00081813369265
Batch_3/0grcilhi,128,1664,12.207031249999998,,,,44.24778761061946
Batch_3/0grcilhi,128,1792,18.310546874999996,,,,132.81682346430546
Batch_3/0grcilhi,128,1920,36.62109374999999,,,,180.1152737752161
Batch_3/0grcilhi,128,2048,36.62109374999999,,,,161.19932296284352
Batch_3/0grcilhi,128,2176,24.414062499999996,,,,258.23111684958036
Batch_3/0grcilhi,128,2304,12.207031249999998,,,,247.14241581711457
Batch_3/0grcilhi,128,2432,6.103515624999999,,,,112.89867344058706
Batch_3/0grcilhi,128,2560,24.414062499999996,,,,309.4378545642083
Batch_3/0grcilhi,128,2688,18.310546874999996,,,,141.79369018078694
Batch_3/0grcilhi,128,2816,0.0,,,,
Batch_3/0grcilhi,128,2944,6.103515624999999,,,,64.89292667099285
Batch_3/0grcilhi,128,3072,18.310546874999996,,,,673.0229949523274
Batch_3/0grcilhi,128,3200,24.414062499999996,,,,107.51724755846249
Batch_3/0grcilhi,256,0,12.207031249999998,,,,351.6483516483516
Batch_3/0grcilhi,256,128,6.103515624999999,,,,680.2721088435372
Batch_3/0grcilhi,256,256,18.310546874999996,,,,116.48223645893998
Batch_3/0grcilhi,256,384,30.517578124999993,,,,79.96001999000498
Batch_3/0grcilhi,256,512,24.414062499999996,,,,61.5510874025441
Batch_3/0grcilhi,256,640,36.62109374999999,,,,139.25637097897226
Batch_3/0grcilhi,256,768,36.62109374999999,,,,233.61074609432032
Batch_3/0grcilhi,256,896,18.310546874999996,,,,151.60128861095316
Batch_3/0grcilhi,256,1024,18.310546874999996,,,,250.10421008753642
Batch_3/0grcilhi,256,1152,12.207031249999998,,,,266.9336002669335
Batch_3/0grcilhi,256,1280,18.310546874999996,,,,377.5959723096287
Batch_3/0grcilhi,256,1408,36.62109374999999,,,,391.453270265862
Batch_3/0grcilhi,256,1536,24.414062499999996,,,,106.10783208435572
Batch_3/0grcilhi,256,1664,12.207031249999998,,,,52.83666864804174
Batch_3/0grcilhi,256,1792,6.103515624999999,,,,79.7607178464606
Batch_3/0grcilhi,256,1920,18.310546874999996,,,,210.3786816269284
Batch_3/0grcilhi,256,2048,36.62109374999999,,,,253.19126490136085
Batch_3/0grcilhi,256,2176,30.517578124999993,,,,377.7148253068932
Batch_3/0grcilhi,256,2304,6.103515624999999,,,,159.48963317384366
Batch_3/0grcilhi,256,2432,6.103515624999999,,,,77.24990343762069
Batch_3/0grcilhi,256,2560,12.207031249999998,,,,146.1187214611872
Batch_3/0grcilhi,256,2688,6.103515624999999,,,,63.381397559816186
Batch_3/0grcilhi,256,2816,18.310546874999996,,,,130.99006658661716
Batch_3/0grcilhi,256,2944,18.310546874999996,,,,152.30359182637386
Batch_3/0grcilhi,256,3072,12.207031249999998,,,,192.0768307322929
Batch_3/0grcilhi,256,3200,12.207031249999998,,,,133.8688085676037
Batch_3/0grcilhi,384,0,24.414062499999996,,,,683.1767719897523
Batch_3/0grcilhi,384,128,12.207031249999998,,,,170.68487305312564
Batch_3/0grcilhi,384,256,18.310546874999996,,,,87.08904855214456
Batch_3/0grcilhi,384,384,30.517578124999993,,,,167.11229946524062
Batch_3/0grcilhi,384,512,24.414062499999996,,,,153.52139704471307
Batch_3/0grcilhi,384,640,30.517578124999993,,,,105.5966209081309
Batch_3/0grcilhi,384,768,24.414062499999996,,,,88.58703676362023
Batch_3/0grcilhi,384,896,6.103515624999999,,,,47.744091668656
Batch_3/0grcilhi,384,1024,18.310546874999996,,,,352.73368606701933
Batch_3/0grcilhi,384,1152,18.310546874999996,,,,649.8781478472785
Batch_3/0grcilhi,384,1280,24.414062499999996,,,,396.039603960396
Batch_3/0grcilhi,384,1408,30.517578124999993,,,,506.45733096986567
Batch_3/0grcilhi,384,1536,12.207031249999998,,,,210.08403361344534
Batch_3/0grcilhi,384,1664,6.103515624999999,,,,103.01313417460725
Batch_3/0grcilhi,384,1792,0.0,,,,
Batch_3/0grcilhi,384,1920,12.207031249999998,,,,201.816347124117
Batch_3/0grcilhi,384,2048,24.414062499999996,,,,307.9884504331087
Batch_3/0grcilhi,384,2176,30.517578124999993,,,,380.30043734550287
Batch_3/0grcilhi,384,2304,18.310546874999996,,,,159.42606616181743
Batch_3/0grcilhi,384,2432,18.310546874999996,,,,111.34307585247042
Batch_3/0grcilhi,384,2560,24.414062499999996,,,,211.5282919090428
Batch_3/0grcilhi,384,2688,24.414062499999996,,,,257.8150177247824
Batch_3/0grcilhi,384,2816,42.72460937499999,,,,372.8362183754993
Batch_3/0grcilhi,384,2944,30.517578124999993,,,,318.97926634768737
Batch_3/0grcilhi,384,3072,18.310546874999996,,,,241.1091018685955
Batch_3/0grcilhi,384,3200,24.414062499999996,,,,454.2013626040877
Batch_3/0grcilhi,512,0,42.72460937499999,,,,604.9911772119989
Batch_3/0grcilhi,512,128,48.82812499999999,,,,201.83671409829446
Batch_3/0grcilhi,512,256,61.035156249999986,2.3584772746582345,3.071997863209769,3.0989367960907117,135.55492798644448
Batch_3/0grcilhi,512,384,67.13867187499999,1.3303394180365686,3.06900464844522,3.211918960873181,293.82957884427026
Batch_3/0grcilhi,512,512,36.62109374999999,,,,608.2725060827248
Batch_3/0grcilhi,512,640,24.414062499999996,,,,264.94452723960916
Batch_3/0grcilhi,512,768,12.254526515731746,,,,72.39819004524885
Batch_3/0grcilhi,512,896,6.587940774412438,,,,63.71455877668046
Batch_3/0grcilhi,512,1024,26.342218344062296,,,,422.68404367735116
Batch_3/0grcilhi,512,1152,24.500796275878965,,,,393.44262295081955
Batch_3/0grcilhi,512,1280,48.82812499999999,,,,603.7084950409658
Batch_3/0grcilhi,512,1408,42.72460937499999,,,,757.780784844384
Batch_3/0grcilhi,512,1536,12.207031249999998,,,,1263.823064770932
Batch_3/0grcilhi,512,1664,0.0,,,,
Batch_3/0grcilhi,512,1792,12.207031249999998,,,,236.1275088547815
Batch_3/0grcilhi,512,1920,18.310546874999996,,,,129.26855542389313
Batch_3/0grcilhi,512,2048,6.103515624999999,,,,46.17338104582707
Batch_3/0grcilhi,512,2176,36.62109374999999,,,,293.29096908224363
Batch_3/0grcilhi,512,2304,36.62109374999999,,,,268.33631484794273
Batch_3/0grcilhi,512,2432,18.310546874999996,,,,132.3407775020678
Batch_3/0grcilhi,512,2560,24.414062499999996,,,,303.33670374115263
Batch_3/0grcilhi,512,2688,24.414062499999996,,,,248.75621890547262
Batch_3/0grcilhi,512,2816,36.62109374999999,,,,265.86905948820197
Batch_3/0grcilhi,512,2944,24.414062499999996,,,,367.2251549231122
Batch_3/0grcilhi,512,3072,30.517578124999993,,,,424.92917847025484
Batch_3/0grcilhi,512,3200,42.72460937499999,,,,496.89440993788816
Batch_3/0grcilhi,640,0,36.62109374999999,,,,538.6479935362239
Batch_3/0grcilhi,640,128,48.82812499999999,,,,278.00945232137883
Batch_3/0grcilhi,640,256,54.931640624999986,,,,198.019801980198
Batch_3/0grcilhi,640,384,48.82812499999999,,,,375.1172241325413
Batch_3/0grcilhi,640,512,42.72460937499999,,,,453.10376076121423
Batch_3/0grcilhi,640,640,30.517578124999993,,,,120.69095572150559
Batch_3/0grcilhi,640,768,12.965544066642895,,,,59.2197794063217
Batch_3/0grcilhi,640,896,28.548487822285654,,,,613.261786124952
Batch_3/0grcilhi,640,1024,34.58831260916936,,,,508.13008130081295
Batch_3/0grcilhi,640,1152,14.350805438955257,,,,199.50124688279297
Batch_3/0grcilhi,640,1280,46.57119571544998,,,,1284.5215157353882
Batch_3/0grcilhi,640,1408,42.36166269526078,,,,1927.7108433734936
Batch_3/0grcilhi,640,1536,25.427903946092837,,,,802.0050125313281
Batch_3/0grcilhi,640,1664,12.207031249999998,,,,200.80321285140556
Batch_3/0grcilhi,640,1792,18.310546874999996,,,,174.14018284719197
Batch_3/0grcilhi,640,1920,18.310546874999996,,,,157.19151165837042
Batch_3/0grcilhi,640,2048,6.103515624999999,,,,52.103686335808256
Batch_3/0grcilhi,640,2176,30.517578124999993,,,,287.7697841726618
Batch_3/0grcilhi,640,2304,42.72460937499999,,,,854.7008547008545
Batch_3/0grcilhi,640,2432,42.72460937499999,,,,479.18538484576214
Batch_3/0grcilhi,640,2560,48.82812499999999,,,,546.19936276741
Batch_3/0grcilhi,640,2688,36.62109374999999,,,,662.6905235255134
Batch_3/0grcilhi,640,2816,12.207031249999998,,,,194.45794846864362
Batch_3/0grcilhi,640,2944,12.207031249999998,,,,210.9148431320854
Batch_3/0grcilhi,640,3072,24.414062499999996,,,,329.489291598023
Batch_3/0grcilhi,640,3200,30.517578124999993,,,,459.3741027849554
Batch_3/71vgq3fw,0,0,97.65624999999999,0.5655965488432253,1.8843353702921852,3.558422019995829,398.56516540454356
Batch_3/71vgq3fw,0,128,36.62109374999999,,,,340.20837763129913
Batch_3/71vgq3fw,0,256,18.310546874999996,,,,625.3256904637831
Batch_3/71vgq3fw,0,384,24.414062499999996,,,,341.7343015805211
Batch_3/71vgq3fw,0,512,18.310546874999996,,,,127.97952327627577
Batch_3/71vgq3fw,0,640,36.62109374999999,,,,311.46583609110365
Batch_3/71vgq3fw,0,768,42.72460937499999,,,,289.4774931249095
Batch_3/71vgq3fw,0,896,48.82812499999999,,,,117.74229155934945
Batch_3/71vgq3fw,0,1024,61.035156249999986,0.5744592159195074,2.625146846762322,3.955769710788932,233.0549621285686
Batch_3/71vgq3fw,0,1152,48.82812499999999,,,,880.3301237964235
Batch_3/71vgq3fw,0,1280,73.24218749999999,0.5468782137039185,1.2346857685334753,1.819456736586892,684.7183317771552
Batch_3/71vgq3fw,0,1408,73.24218749999999,0.3717846057447899,0.9878250666511366,1.2666024736934256,686.5774116031581
Batch_3/71vgq3fw,0,1536,48.82812499999999,,,,710.059171597633
Batch_3/71vgq3fw,0,1664,61.035156249999986,0.4231379518961352,1.1320395151534934,2.823767456591275,793.3010136624061
Batch_3/71vgq3fw,0,1792,73.24218749999999,0.5368854093802183,2.8519610032688725,3.8637719474652985,321.68706996693766
Batch_3/71vgq3fw,0,1920,61.035156249999986,0.586834045128464,3.0009275707335212,3.3912440472222514,260.6287669001465
Batch_3/71vgq3fw,0,2048,42.72460937499999,,,,370.30179596371033
Batch_3/71vgq3fw,0,2176,30.517578124999993,,,,253.9145154464663
Batch_3/71vgq3fw,0,2304,30.517578124999993,,,,186.89405443289334
Batch_3/71vgq3fw,0,2432,24.414062499999996,,,,161.01439066116532
Batch_3/71vgq3fw,0,2560,36.62109374999999,,,,219.82853374367988
Batch_3/71vgq3fw,0,2688,42.72460937499999,,,,244.15055951169882
Batch_3/71vgq3fw,0,2816,54.931640624999986,,,,423.1125214861827
Batch_3/71vgq3fw,0,2944,48.82812499999999,,,,732.2175732217572
Batch_3/71vgq3fw,0,3072,24.414062499999996,,,,435.49265106151324
Batch_3/71vgq3fw,0,3200,30.517578124999993,,,,420.2563563773901
Batch_3/71vgq3fw,128,0,103.75976562499999,0.4222008245644753,2.687145923480741,3.5695860745942434,264.244426094137
Batch_3/71vgq3fw,128,128,73.24218749999999,0.4203075090793378,0.9959134844953135,3.169520469717846,314.66331025802384
Batch_3/71vgq3fw,128,256,12.207031249999998,,,,310.4384943733022
Batch_3/71vgq3fw,128,384,30.517578124999993,,,,242.6889940541196
Batch_3/71vgq3fw,128,512,36.62109374999999,,,,95.33456473812785
Batch_3/71vgq3fw,128,640,24.414062499999996,,,,79.02795613948432
Batch_3/71vgq3fw,128,768,42.72460937499999,,,,835.509138381201
Batch_3/71vgq3fw,128,896,48.82812499999999,,,,146.65444546287807
Batch_3/71vgq3fw,128,1024,73.24218749999999,0.46349999464941594,2.2860611556464097,3.83399928846726,323.68279086495227
Batch_3/71vgq3fw,128,1152,48.82812499999999,,,,1037.9500486539084
Batch_3/71vgq3fw,128,1280,42.72460937499999,,,,313.9306736429038
Batch_3/71vgq3fw,128,1408,42.72460937499999,,,,286.9097429766885
Batch_3/71vgq3fw,128,1536,24.414062499999996,,,,610.9201985490645
Batch_3/71vgq3fw,128,1664,36.62109374999999,,,,512.5576627370579
Batch_3/71vgq3fw,128,1792,42.72460937499999,,,,201.63322915616487
Batch_3/71vgq3fw,128,1920,30.517578124999993,,,,187.61726078799245
Batch_3/71vgq3fw,128,2048,24.414062499999996,,,,424.7787610619468
Batch_3/71vgq3fw,128,2176,36.62109374999999,,,,263.7652489284537
Batch_3/71vgq3fw,128,2304,36.62109374999999,,,,142.54151521630672
Batch_3/71vgq3fw,128,2432,24.414062499999996,,,,119.82326069048152
Batch_3/71vgq3fw,128,2560,48.82812499999999,,,,244.32809773123904
Batch_3/71vgq3fw,128,2688,48.82812499999999,,,,235.0965575146935
Batch_3/71vgq3fw,128,2816,61.035156249999986,0.38879235067486,2.5004095261101176,2.7604960922341384,319.0428713858424
Batch_3/71vgq3fw,128,2944,54.931640624999986,,,,307.45580322828584
Batch_3/71vgq3fw,128,3072,42.72460937499999,,,,488.0032533550223
Batch_3/71vgq3fw,128,3200,36.62109374999999,,,,482.1600771456122
Batch_3/71vgq3fw,256,0,91.55273437499999,0.29316150714175193,1.1095496943355756,2.319361350998603,868.4324793747285
Batch_3/71vgq3fw,256,128,67.13867187499999,0.29316150714175193,1.0092530088080642,1.2951807210534665,506.5428450823131
Batch_3/71vgq3fw,256,256,12.207031249999998,,,,336.13445378151255
Batch_3/71vgq3fw,256,384,42.72460937499999,,,,302.0767778477029
Batch_3/71vgq3fw,256,512,54.931640624999986,,,,88.95807850550426
Batch_3/71vgq3fw,256,640,54.931640624999986,,,,108.90280424720935
Batch_3/71vgq3fw,256,768,48.82812499999999,,,,664.2679213949625
Batch_3/71vgq3fw,256,896,36.62109374999999,,,,399.1219317501496
Batch_3/71vgq3fw,256,1024,54.931640624999986,,,,566.3716814159291
Batch_3/71vgq3fw,256,1152,48.82812499999999,,,,824.105073396858
Batch_3/71vgq3fw,256,1280,42.72460937499999,,,,297.5557917109457
Batch_3/71vgq3fw,256,1408,18.310546874999996,,,,71.02272727272725
Batch_3/71vgq3fw,256,1536,30.517578124999993,,,,76.67731629392969
Batch_3/71vgq3fw,256,1664,42.72460937499999,,,,214.38525029477967
Batch_3/71vgq3fw,256,1792,24.414062499999996,,,,295.25742756966224
Batch_3/71vgq3fw,256,1920,30.517578124999993,,,,393.41037619867217
Batch_3/71vgq3fw,256,2048,24.414062499999996,,,,188.97637795275588
Batch_3/71vgq3fw,256,2176,18.310546874999996,,,,152.32292460015228
Batch_3/71vgq3fw,256,2304,12.207031249999998,,,,107.25298297358893
Batch_3/71vgq3fw,256,2432,6.103515624999999,,,,97.110949259529
Batch_3/71vgq3fw,256,2560,30.517578124999993,,,,131.58976889546835
Batch_3/71vgq3fw,256,2688,24.414062499999996,,,,66.48199445983379
Batch_3/71vgq3fw,256,2816,54.931640624999986,,,,268.5464921114467
Batch_3/71vgq3fw,256,2944,61.035156249999986,0.6412869114361156,1.7218941232209288,1.8677998695187732,440.8320705331312
Batch_3/71vgq3fw,256,3072,48.82812499999999,,,,1078.1671159029647
Batch_3/71vgq3fw,256,3200,24.414062499999996,,,,963.0818619582662
Batch_3/71vgq3fw,384,0,42.72460937499999,,,,642.6440211154463
Batch_3/71vgq3fw,384,128,18.310546874999996,,,,316.70625494853516
Batch_3/71vgq3fw,384,256,18.310546874999996,,,,321.15616218386185
Batch_3/71vgq3fw,384,384,48.82812499999999,,,,380.95238095238085
Batch_3/71vgq3fw,384,512,48.82812499999999,,,,118.11023622047242
Batch_3/71vgq3fw,384,640,61.035156249999986,0.5423801014587151,2.614957981680487,5.680691530202349,151.1960689022085
Batch_3/71vgq3fw,384,768,36.62109374999999,,,,370.57624606262726
Batch_3/71vgq3fw,384,896,30.517578124999993,,,,353.60678925035353
Batch_3/71vgq3fw,384,1024,30.517578124999993,,,,386.9220352099051
Batch_3/71vgq3fw,384,1152,36.62109374999999,,,,810.2633355840647
Batch_3/71vgq3fw,384,1280,48.82812499999999,,,,386.9541182974018
Batch_3/71vgq3fw,384,1408,18.310546874999996,,,,28.119507908611595
Batch_3/71vgq3fw,384,1536,48.82812499999999,,,,37.16666150463034
Batch_3/71vgq3fw,384,1664,54.931640624999986,,,,105.86491636671605
Batch_3/71vgq3fw,384,1792,24.414062499999996,,,,143.35633007794996
Batch_3/71vgq3fw,384,1920,24.414062499999996,,,,303.18342597271345
Batch_3/71vgq3fw,384,2048,18.310546874999996,,,,125.50988390335738
Batch_3/71vgq3fw,384,2176,6.103515624999999,,,,59.18035212309512
Batch_3/71vgq3fw,384,2304,6.103515624999999,,,,150.60240963855418
Batch_3/71vgq3fw,384,2432,6.103515624999999,,,,390.62499999999994
Batch_3/71vgq3fw,384,2560,18.310546874999996,,,,75.99506032107911
Batch_3/71vgq3fw,384,2688,12.207031249999998,,,,30.10914565299209
Batch_3/71vgq3fw,384,2816,36.62109374999999,,,,210.15761821366021
Batch_3/71vgq3fw,384,2944,42.72460937499999,,,,311.4918233396373
Batch_3/71vgq3fw,384,3072,36.62109374999999,,,,1571.091908876669
Batch_3/71vgq3fw,384,3200,12.207031249999998,,,,1403.5087719298242
Batch_3/71vgq3fw,512,0,24.414062499999996,,,,367.2251549231122
Batch_3/71vgq3fw,512,128,18.310546874999996,,,,189.03591682419656
Batch_3/71vgq3fw,512,256,18.310546874999996,,,,144.53477868112014
Batch_3/71vgq3fw,512,384,24.414062499999996,,,,206.75396278428664
Batch_3/71vgq3fw,512,512,36.62109374999999,,,,240.64492840813375
Batch_3/71vgq3fw,512,640,61.035156249999986,0.7188958378926917,2.3811919860475697,3.3430315738731653,339.4505144796859
Batch_3/71vgq3fw,512,768,30.517578124999993,,,,146.7216872994039
Batch_3/71vgq3fw,512,896,12.207031249999998,,,,97.4065505905272
Batch_3/71vgq3fw,512,1024,6.103515624999999,,,,107.03773080010701
Batch_3/71vgq3fw,512,1152,12.207031249999998,,,,484.55481526347666
Batch_3/71vgq3fw,512,1280,48.82812499999999,,,,499.8958550302019
Batch_3/71vgq3fw,512,1408,48.82812499999999,,,,117.6585939798019
Batch_3/71vgq3fw,512,1536,54.931640624999986,,,,110.71132023249376
Batch_3/71vgq3fw,512,1664,36.62109374999999,,,,119.94902166579202
Batch_3/71vgq3fw,512,1792,12.207031249999998,,,,95.1022349025202
Batch_3/71vgq3fw,512,1920,0.0,,,,
Batch_3/71vgq3fw,512,2048,30.517578124999993,,,,1028.2776349614396
Batch_3/71vgq3fw,512,2176,42.72460937499999,,,,335.35946342485846
Batch_3/71vgq3fw,512,2304,24.414062499999996,,,,187.50732450486342
Batch_3/71vgq3fw,512,2432,30.517578124999993,,,,242.95432458697758
Batch_3/71vgq3fw,512,2560,12.207031249999998,,,,164.27104722792603
Batch_3/71vgq3fw,512,2688,18.310546874999996,,,,462.42774566473975
Batch_3/71vgq3fw,512,2816,24.414062499999996,,,,203.76974019358124
Batch_3/71vgq3fw,512,2944,30.517578124999993,,,,180.48505358150024
Batch_3/71vgq3fw,512,3072,48.82812499999999,,,,838.8675288360711
Batch_3/71vgq3fw,512,3200,36.62109374999999,,,,466.96240952603307
Batch_3/71vgq3fw,640,0,0.0,,,,
Batch_3/71vgq3fw,640,128,12.207031249999998,,,,136.21658436914691
Batch_3/71vgq3fw,640,256,18.310546874999996,,,,214.20921099607278
Batch_3/71vgq3fw,640,384,42.72460937499999,,,,742.1150278293134
Batch_3/71vgq3fw,640,512,48.82812499999999,,,,1311.4754098360652
Batch_3/71vgq3fw,640,640,48.82812499999999,,,,335.99328013439725
Batch_3/71vgq3fw,640,768,42.72460937499999,,,,121.69891687963975
Batch_3/71vgq3fw,640,896,30.517578124999993,,,,171.6296232729769
Batch_3/71vgq3fw,640,1024,30.517578124999993,,,,225.6063169768753
Batch_3/71vgq3fw,640,1152,36.62109374999999,,,,184.44512757454655
Batch_3/71vgq3fw,640,1280,48.82812499999999,,,,526.315789473684
Batch_3/71vgq3fw,640,1408,85.44921874999999,0.44422887515675796,1.6737456736701972,2.113264702577172,708.6962941089619
Batch_3/71vgq3fw,640,1536,73.24218749999999,0.6172517533686042,1.9671318116611076,2.113264702577172,568.8429217840983
Batch_3/71vgq3fw,640,1664,24.414062499999996,,,,356.0302625723186
Batch_3/71vgq3fw,640,1792,18.310546874999996,,,,135.470760894107
Batch_3/71vgq3fw,640,1920,6.103515624999999,,,,54.244643341470024
Batch_3/71vgq3fw,640,2048,36.62109374999999,,,,743.4944237918214
Batch_3/71vgq3fw,640,2176,48.82812499999999,,,,229.09507445589915
Batch_3/71vgq3fw,640,2304,30.517578124999993,,,,174.85574401119072
Batch_3/71vgq3fw,640,2432,30.517578124999993,,,,257.73195876288656
Batch_3/71vgq3fw,640,2560,18.310546874999996,,,,298.73039581777437
Batch_3/71vgq3fw,640,2688,18.310546874999996,,,,1077.1992818671451
Batch_3/71vgq3fw,640,2816,12.207031249999998,,,,277.5850104094378
Batch_3/71vgq3fw,640,2944,24.414062499999996,,,,211.71489061397313
Batch_3/71vgq3fw,640,3072,54.931640624999986,,,,505.23276795380724
Batch_3/71vgq3fw,640,3200,61.035156249999986,0.3716091457598162,0.7149903241749865,2.0721969898200645,534.9381477766632
Batch_3/71vgq3fw,768,0,48.82812499999999,,,,394.8667324777886
Batch_3/71vgq3fw,768,128,42.72460937499999,,,,413.052457662123
Batch_3/71vgq3fw,768,256,36.62109374999999,,,,595.0609937518595
Batch_3/71vgq3fw,768,384,67.13867187499999,0.41459297936560263,1.2192240025845549,3.162985887220577,381.61869931626643
Batch_3/71vgq3fw,768,512,61.035156249999986,0.40676762988351767,1.0353835611449724,2.8911619828688853,461.44972120745996
Batch_3/71vgq3fw,768,640,42.72460937499999,,,,848.0565371024734
Batch_3/71vgq3fw,768,768,67.13867187499999,0.3337790589062273,1.5807379942744328,4.165843851459182,368.4089339166474
Batch_3/71vgq3fw,768,896,61.035156249999986,0.31073021424690345,1.7844940667307143,3.618298718837254,368.0276020701552
Batch_3/71vgq3fw,768,1024,42.72460937499999,,,,284.81913984619763
Batch_3/71vgq3fw,768,1152,42.72460937499999,,,,212.76595744680844
Batch_3/71vgq3fw,768,1280,67.13867187499999,0.44424332232904784,1.764389607449974,2.149851052372848,466.74445740956816
Batch_3/71vgq3fw,768,1408,85.44921874999999,0.44244473676721263,1.9138362810111187,4.031488904678315,237.3283607391083
Batch_3/71vgq3fw,768,1536,36.62109374999999,,,,72.67882018048572
Batch_3/71vgq3fw,768,1664,18.310546874999996,,,,158.77216194760516
Batch_3/71vgq3fw,768,1792,36.62109374999999,,,,139.178844815588
Batch_3/71vgq3fw,768,1920,24.414062499999996,,,,64.8350757759948
Batch_3/71vgq3fw,768,2048,42.72460937499999,,,,565.7708628005656
Batch_3/71vgq3fw,768,2176,42.72460937499999,,,,367.8160919540229
Batch_3/71vgq3fw,768,2304,18.310546874999996,,,,255.86353944562896
Batch_3/71vgq3fw,768,2432,18.310546874999996,,,,646.2035541195476
Batch_3/71vgq3fw,768,2560,30.517578124999993,,,,543.4782608695651
Batch_3/71vgq3fw,768,2688,24.414062499999996,,,,342.7592116538131
Batch_3/71vgq3fw,768,2816,48.82812499999999,,,,456.62100456621
Batch_3/71vgq3fw,768,2944,61.035156249999986,0.4401116353748097,0.8886711083069543,2.017717384643024,582.665695557174
Batch_3/71vgq3fw,768,3072,54.931640624999986,,,,884.7382649299581
Batch_3/71vgq3fw,768,3200,54.931640624999986,,,,1052.9779532741031
Batch_3/9luzk4jm,0,0,36.62109374999999,,,,139.54786491766674
Batch_3/9luzk4jm,0,128,24.414062499999996,,,,124.36521919369879
Batch_3/9luzk4jm,0,256,24.414062499999996,,,,417.97283176593515
Batch_3/9luzk4jm,0,384,18.310546874999996,,,,168.49199663016003
Batch_3/9luzk4jm,0,512,18.310546874999996,,,,45.26935264825712
Batch_3/9luzk4jm,0,640,12.207031249999998,,,,32.242463324197956
Batch_3/9luzk4jm,0,768,18.310546874999996,,,,141.1266611784076
Batch_3/9luzk4jm,0,896,12.207031249999998,,,,163.06563391765184
Batch_3/9luzk4jm,0,1024,12.207031249999998,,,,614.4393241167433
Batch_3/9luzk4jm,0,1152,30.517578124999993,,,,466.472303206997
Batch_3/9luzk4jm,0,1280,48.82812499999999,,,,279.0697674418604
Batch_3/9luzk4jm,0,1408,36.62109374999999,,,,263.1925253322805
Batch_3/9luzk4jm,0,1536,12.207031249999998,,,,137.81223083548664
Batch_3/9luzk4jm,0,1664,18.310546874999996,,,,207.39716557207046
Batch_3/9luzk4jm,0,1792,12.207031249999998,,,,248.37007140639548
Batch_3/9luzk4jm,0,1920,12.207031249999998,,,,204.02958428972195
Batch_3/9luzk4jm,0,2048,24.414062499999996,,,,359.3890386343216
Batch_3/9luzk4jm,0,2176,36.62109374999999,,,,351.4938488576449
Batch_3/9luzk4jm,0,2304,30.517578124999993,,,,326.6372693124285
Batch_3/9luzk4jm,0,2432,12.207031249999998,,,,351.0311540149188
Batch_3/9luzk4jm,0,2560,6.103515624999999,,,,273.78507871321005
Batch_3/9luzk4jm,0,2688,18.310546874999996,,,,342.6613363792118
Batch_3/9luzk4jm,0,2816,30.517578124999993,,,,364.7638154295093
Batch_3/9luzk4jm,0,2944,24.414062499999996,,,,182.00432260266177
Batch_3/9luzk4jm,0,3072,18.310546874999996,,,,138.92104653855057
Batch_3/9luzk4jm,0,3200,12.207031249999998,,,,273.5978112175102
Batch_3/9luzk4jm,128,0,30.517578124999993,,,,130.64210595074792
Batch_3/9luzk4jm,128,128,24.414062499999996,,,,188.124632569077
Batch_3/9luzk4jm,128,256,36.62109374999999,,,,787.6599934361666
Batch_3/9luzk4jm,128,384,24.414062499999996,,,,224.058255146338
Batch_3/9luzk4jm,128,512,24.414062499999996,,,,53.39265850945494
Batch_3/9luzk4jm,128,640,24.414062499999996,,,,66.79283090281642
Batch_3/9luzk4jm,128,768,30.517578124999993,,,,154.4550632300415
Batch_3/9luzk4jm,128,896,36.62109374999999,,,,151.88912094171252
Batch_3/9luzk4jm,128,1024,18.310546874999996,,,,314.71282454760023
Batch_3/9luzk4jm,128,1152,18.310546874999996,,,,488.20179007323014
Batch_3/9luzk4jm,128,1280,30.517578124999993,,,,148.2442323728342
Batch_3/9luzk4jm,128,1408,30.517578124999993,,,,139.75019652371384
Batch_3/9luzk4jm,128,1536,18.310546874999996,,,,198.74130506790326
Batch_3/9luzk4jm,128,1664,12.207031249999998,,,,134.38602385351922
Batch_3/9luzk4jm,128,1792,18.310546874999996,,,,162.62366174278353
Batch_3/9luzk4jm,128,1920,24.414062499999996,,,,73.30034817665381
Batch_3/9luzk4jm,128,2048,24.414062499999996,,,,81.20178643930164
Batch_3/9luzk4jm,128,2176,24.414062499999996,,,,188.05829807240244
Batch_3/9luzk4jm,128,2304,24.414062499999996,,,,282.985496993279
Batch_3/9luzk4jm,128,2432,6.103515624999999,,,,159.99999999999997
Batch_3/9luzk4jm,128,2560,12.207031249999998,,,,78.2319577547428
Batch_3/9luzk4jm,128,2688,12.207031249999998,,,,79.99999999999999
Batch_3/9luzk4jm,128,2816,18.310546874999996,,,,303.18342597271345
Batch_3/9luzk4jm,128,2944,18.310546874999996,,,,174.4439598778892
Batch_3/9luzk4jm,128,3072,24.414062499999996,,,,105.22162304353543
Batch_3/9luzk4jm,128,3200,18.310546874999996,,,,95.99999999999997
Batch_3/9luzk4jm,256,0,6.103515624999999,,,,79.66540529774944
Batch_3/9luzk4jm,256,128,12.207031249999998,,,,200.65211938801102
Batch_3/9luzk4jm,256,256,18.310546874999996,,,,287.0126763932073
Batch_3/9luzk4jm,256,384,24.414062499999996,,,,311.9313750974785
Batch_3/9luzk4jm,256,512,12.207031249999998,,,,64.50572488308336
Batch_3/9luzk4jm,256,640,18.310546874999996,,,,189.693329117926
Batch_3/9luzk4jm,256,768,30.517578124999993,,,,166.09571265441707
Batch_3/9luzk4jm,256,896,30.517578124999993,,,,135.56258472661546
Batch_3/9luzk4jm,256,1024,12.207031249999998,,,,145.0852375770765
Batch_3/9luzk4jm,256,1152,12.207031249999998,,,,81.96721311475407
Batch_3/9luzk4jm,256,1280,18.310546874999996,,,,49.00159255175792
Batch_3/9luzk4jm,256,1408,42.72460937499999,,,,106.12894667020427
Batch_3/9luzk4jm,256,1536,36.62109374999999,,,,555.8128763316349
Batch_3/9luzk4jm,256,1664,18.310546874999996,,,,248.44720496894405
Batch_3/9luzk4jm,256,1792,18.310546874999996,,,,146.73514306676446
Batch_3/9luzk4jm,256,1920,18.310546874999996,,,,51.83025591188856
Batch_3/9luzk4jm,256,2048,18.310546874999996,,,,53.64806866952789
Batch_3/9luzk4jm,256,2176,24.414062499999996,,,,163.1986944104447
Batch_3/9luzk4jm,256,2304,30.517578124999993,,,,234.00023400023395
Batch_3/9luzk4jm,256,2432,18.310546874999996,,,,279.65509205313435
Batch_3/9luzk4jm,256,2560,18.310546874999996,,,,76.88857563913628
Batch_3/9luzk4jm,256,2688,12.207031249999998,,,,51.85377236193932
Batch_3/9luzk4jm,256,2816,12.207031249999998,,,,167.75005242189133
Batch_3/9luzk4jm,256,2944,12.207031249999998,,,,63.643595863166254
Batch_3/9luzk4jm,256,3072,24.414062499999996,,,,75.4361150400754
Batch_3/9luzk4jm,256,3200,18.310546874999996,,,,85.43965824136703
Batch_3/9luzk4jm,384,0,36.62109374999999,,,,180.70928393946235
Batch_3/9luzk4jm,384,128,6.103515624999999,,,,147.8743068391867
Batch_3/9luzk4jm,384,256,6.103515624999999,,,,132.89036544850495
Batch_3/9luzk4jm,384,384,6.103515624999999,,,,254.77707006369423
Batch_3/9luzk4jm,384,512,6.103515624999999,,,,375.2345215759849
Batch_3/9luzk4jm,384,640,12.207031249999998,,,,179.1312136139722
Batch_3/9luzk4jm,384,768,24.414062499999996,,,,200.82841722103672
Batch_3/9luzk4jm,384,896,30.517578124999993,,,,326.26427406199014
Batch_3/9luzk4jm,384,1024,12.207031249999998,,,,254.21035907213212
Batch_3/9luzk4jm,384,1152,12.207031249999998,,,,83.12551953449707
Batch_3/9luzk4jm,384,1280,12.207031249999998,,,,39.05105925998242
Batch_3/9luzk4jm,384,1408,36.62109374999999,,,,87.56567425569176
Batch_3/9luzk4jm,384,1536,61.035156249999986,1.021714798986673,2.819368182563543,3.5838253176621144,170.7577374599786
Batch_3/9luzk4jm,384,1664,61.035156249999986,1.0705982452175855,2.3310106249678677,2.734428500885924,178.03097739006586
Batch_3/9luzk4jm,384,1792,12.207031249999998,,,,82.54230293025174
Batch_3/9luzk4jm,384,1920,12.207031249999998,,,,100.60362173038229
Batch_3/9luzk4jm,384,2048,12.207031249999998,,,,65.14657980456025
Batch_3/9luzk4jm,384,2176,12.207031249999998,,,,107.75862068965516
Batch_3/9luzk4jm,384,2304,18.310546874999996,,,,161.3770844540075
Batch_3/9luzk4jm,384,2432,18.310546874999996,,,,289.57528957528956
Batch_3/9luzk4jm,384,2560,18.310546874999996,,,,111.96118678857994
Batch_3/9luzk4jm,384,2688,18.310546874999996,,,,115.55127587867113
Batch_3/9luzk4jm,384,2816,18.310546874999996,,,,187.32438339057128
Batch_3/9luzk4jm,384,2944,24.414062499999996,,,,124.6591351772497
Batch_3/9luzk4jm,384,3072,30.517578124999993,,,,103.0715316429602
Batch_3/9luzk4jm,384,3200,24.414062499999996,,,,101.56150818839659
Batch_3/9luzk4jm,512,0,48.82812499999999,,,,250.62656641604002
Batch_3/9luzk4jm,512,128,18.310546874999996,,,,631.5789473684209
Batch_3/9luzk4jm,512,256,6.103515624999999,,,,163.66612111292957
Batch_3/9luzk4jm,512,384,0.0,,,,
Batch_3/9luzk4jm,512,512,6.103515624999999,,,,137.26835964310226
Batch_3/9luzk4jm,512,640,12.207031249999998,,,,222.1605109691752
Batch_3/9luzk4jm,512,768,24.414062499999996,,,,240.5653285220267
Batch_3/9luzk4jm,512,896,30.517578124999993,,,,243.6053593179049
Batch_3/9luzk4jm,512,1024,12.207031249999998,,,,134.27324605572335
Batch_3/9luzk4jm,512,1152,6.103515624999999,,,,131.1905542800918
Batch_3/9luzk4jm,512,1280,6.103515624999999,,,,249.53212726138483
Batch_3/9luzk4jm,512,1408,12.207031249999998,,,,146.60069635330765
Batch_3/9luzk4jm,512,1536,42.72460937499999,,,,92.49267766301831
Batch_3/9luzk4jm,512,1664,48.82812499999999,,,,117.73940345368915
Batch_3/9luzk4jm,512,1792,12.207031249999998,,,,116.72016340822876
Batch_3/9luzk4jm,512,1920,6.103515624999999,,,,105.54089709762532
Batch_3/9luzk4jm,512,2048,6.103515624999999,,,,75.85814526834818
Batch_3/9luzk4jm,512,2176,6.103515624999999,,,,58.19874872690236
Batch_3/9luzk4jm,512,2304,12.207031249999998,,,,138.84068031933353
Batch_3/9luzk4jm,512,2432,12.207031249999998,,,,288.28828828828824
Batch_3/9luzk4jm,512,2560,12.207031249999998,,,,125.25442304681381
Batch_3/9luzk4jm,512,2688,12.207031249999998,,,,114.48196908986833
Batch_3/9luzk4jm,512,2816,12.207031249999998,,,,117.95930404010616
Batch_3/9luzk4jm,512,2944,18.310546874999996,,,,204.01224073444402
Batch_3/9luzk4jm,512,3072,18.310546874999996,,,,83.38544923910776
Batch_3/9luzk4jm,512,3200,24.414062499999996,,,,32.60780957039211
Batch_3/9luzk4jm,640,0,24.414062499999996,,,,559.2450192240475
Batch_3/9luzk4jm,640,128,18.310546874999996,,,,1033.5917312661495
Batch_3/9luzk4jm,640,256,6.103515624999999,,,,148.86490509862296
Batch_3/9luzk4jm,640,384,0.0,,,,
Batch_3/9luzk4jm,640,512,6.103515624999999,,,,97.94319294809007
Batch_3/9luzk4jm,640,640,6.103515624999999,,,,90.15100292990758
Batch_3/9luzk4jm,640,768,18.310546874999996,,,,259.4033722438391
Batch_3/9luzk4jm,640,896,18.310546874999996,,,,181.7906377821542
Batch_3/9luzk4jm,640,1024,6.103515624999999,,,,59.3031875463306
Batch_3/9luzk4jm,640,1152,0.0,,,,
Batch_3/9luzk4jm,640,1280,6.103515624999999,,,,99.15716410510657
Batch_3/9luzk4jm,640,1408,6.103515624999999,,,,93.34889148191364
Batch_3/9luzk4jm,640,1536,6.103515624999999,,,,226.24434389140265
Batch_3/9luzk4jm,640,1664,6.103515624999999,,,,190.38553069966676
Batch_3/9luzk4jm,640,1792,6.103515624999999,,,,65.88700378850271
Batch_3/9luzk4jm,640,1920,18.310546874999996,,,,85.60727661851256
Batch_3/9luzk4jm,640,2048,18.310546874999996,,,,172.93558149589273
Batch_3/9luzk4jm,640,2176,6.103515624999999,,,,122.21203788573173
Batch_3/9luzk4jm,640,2304,18.310546874999996,,,,283.6208934058142
Batch_3/9luzk4jm,640,2432,12.207031249999998,,,,386.10038610038606
Batch_3/9luzk4jm,640,2560,12.207031249999998,,,,114.40011440011439
Batch_3/9luzk4jm,640,2688,12.34777508527682,,,,102.18418699706218
Batch_3/9luzk4jm,640,2816,12.419853135236673,,,,234.81068388611675
Batch_3/9luzk4jm,640,2944,12.277470841006751,,,,213.73230029388188
Batch_3/9luzk4jm,640,3072,12.207031249999998,,,,109.17030567685588
Batch_3/9luzk4jm,640,3200,18.310546874999996,,,,24.78621886231255
Batch_3/9luzk4jm,768,0,12.207031249999998,,,,1462.522851919561
Batch_3/9luzk4jm,768,128,24.414062499999996,,,,179.4795094226742
Batch_3/9luzk4jm,768,256,30.517578124999993,,,,175.72762218561226
Batch_3/9luzk4jm,768,384,18.310546874999996,,,,300.15007503751866
Batch_3/9luzk4jm,768,512,42.72460937499999,,,,284.04047576779686
Batch_3/9luzk4jm,768,640,73.24218749999999,0.34766928667960406,0.8424355928194829,0.9166995688475081,281.21484814398195
Batch_3/9luzk4jm,768,768,61.035156249999986,0.3987354872179658,0.7197475332617232,0.9166995688475081,438.5964912280701
Batch_3/9luzk4jm,768,896,30.517578124999993,,,,225.98870056497174
Batch_3/9luzk4jm,768,1024,18.310546874999996,,,,223.1727729217035
Batch_3/9luzk4jm,768,1152,12.207031249999998,,,,239.88005997001494
Batch_3/9luzk4jm,768,1280,36.62109374999999,,,,336.8421052631578
Batch_3/9luzk4jm,768,1408,24.414062499999996,,,,261.56612718652934
Batch_3/9luzk4jm,768,1536,12.207031249999998,,,,429.1845493562231
Batch_3/9luzk4jm,768,1664,12.207031249999998,,,,284.2928216062544
Batch_3/9luzk4jm,768,1792,12.207031249999998,,,,134.90725126475544
Batch_3/9luzk4jm,768,1920,24.414062499999996,,,,151.19062618117673
Batch_3/9luzk4jm,768,2048,24.414062499999996,,,,316.12223393045304
Batch_3/9luzk4jm,768,2176,12.207031249999998,,,,986.4364981504315
Batch_3/9luzk4jm,768,2304,24.419651714717414,,,,1344.5378151260502
Batch_3/9luzk4jm,768,2432,37.7637562349535,,,,1844.734819369715
Batch_3/9luzk4jm,768,2560,33.855268726195504,,,,297.574765659872
Batch_3/9luzk4jm,768,2688,29.643902619779887,,,,250.27373689973405
Batch_3/9luzk4jm,768,2816,27.662039038052587,,,,652.5285481239803
Batch_3/9luzk4jm,768,2944,30.81189339084886,,,,157.0064110951197
Batch_3/9luzk4jm,768,3072,24.414062499999996,,,,97.57287474082204
Batch_3/9luzk4jm,768,3200,6.103515624999999,,,,63.20113762047716
Batch_3/cfe5vt7s,0,0,67.13867187499999,1.0202319970580198,1.910762778193065,2.109495723828184,205.02306509482312
Batch_3/cfe5vt7s,0,128,97.65624999999999,0.9169588930418319,2.198097409768125,3.295079698236311,252.20680958385873
Batch_3/cfe5vt7s,0,256,67.13867187499999,0.35682482323055426,2.2694170966249754,2.7063463342833685,492.18653869816654
Batch_3/cfe5vt7s,0,384,24.414062499999996,,,,408.02448146888804
Batch_3/cfe5vt7s,0,512,24.414062499999996,,,,1237.1134020618556
Batch_3/cfe5vt7s,0,640,18.310546874999996,,,,310.47865459249675
Batch_3/cfe5vt7s,0,768,36.62109374999999,,,,63.51726875744342
Batch_3/cfe5vt7s,0,896,61.035156249999986,0.6365891764342471,3.093886173170926,4.094166411668976,188.96149909455946
Batch_3/cfe5vt7s,0,1024,73.24218749999999,0.5973752189356423,2.6500784843483736,3.288310635214284,403.2258064516128
Batch_3/cfe5vt7s,0,1152,42.72460937499999,,,,142.68388385531853
Batch_3/cfe5vt7s,0,1280,30.517578124999993,,,,118.98859692612788
Batch_3/cfe5vt7s,0,1408,48.82812499999999,,,,492.71196879490856
Batch_3/cfe5vt7s,0,1536,61.035156249999986,0.7525464834642226,1.2720737745461332,1.6774562271083888,889.767671774592
Batch_3/cfe5vt7s,0,1664,54.931640624999986,,,,381.00421826098784
Batch_3/cfe5vt7s,0,1792,61.035156249999986,0.5321092134941496,2.8530403842931173,3.0455787764225803,281.6051493513024
Batch_3/cfe5vt7s,0,1920,79.34570312499999,0.37424103185095553,0.7326469894888032,2.7737249231065113,592.4828735419366
Batch_3/cfe5vt7s,0,2048,36.62109374999999,,,,482.04386599180515
Batch_3/cfe5vt7s,0,2176,24.414062499999996,,,,408.3716181725369
Batch_3/cfe5vt7s,0,2304,24.414062499999996,,,,346.62045060658573
Batch_3/cfe5vt7s,0,2432,42.72460937499999,,,,443.75416019525176
Batch_3/cfe5vt7s,0,2560,61.035156249999986,0.308976427351518,1.7784650058684504,2.15059123178964,832.1775312066572
Batch_3/cfe5vt7s,0,2688,54.931640624999986,,,,345.6790123456789
Batch_3/cfe5vt7s,0,2816,54.931640624999986,,,,100.03334444814936
Batch_3/cfe5vt7s,0,2944,73.24218749999999,0.7215447885124997,2.207802535560272,4.180717145461045,262.86143447239954
Batch_3/cfe5vt7s,0,3072,97.65624999999999,0.49146513446817197,1.7721824392682644,2.294525118075611,657.4032571343193
Batch_3/cfe5vt7s,0,3200,91.55273437499999,0.41459297936560263,1.3084540397908115,2.543863201140436,806.1265618702134
Batch_3/cfe5vt7s,128,0,54.931640624999986,,,,127.06480304955525
Batch_3/cfe5vt7s,128,128,91.55273437499999,0.45834978442375407,3.174582409101718,5.401212925699599,130.58483350433724
Batch_3/cfe5vt7s,128,256,61.035156249999986,0.35000397455471954,3.6480316893605873,5.166880118043627,160.11894550237315
Batch_3/cfe5vt7s,128,384,24.414062499999996,,,,181.62554866051155
Batch_3/cfe5vt7s,128,512,30.517578124999993,,,,3312.6293995859205
Batch_3/cfe5vt7s,128,640,24.414062499999996,,,,362.8117913832199
Batch_3/cfe5vt7s,128,768,30.517578124999993,,,,71.13218731475992
Batch_3/cfe5vt7s,128,896,42.72460937499999,,,,119.39585696376334
Batch_3/cfe5vt7s,128,1024,54.931640624999986,,,,207.74595637334912
Batch_3/cfe5vt7s,128,1152,48.82812499999999,,,,143.348623853211
Batch_3/cfe5vt7s,128,1280,48.82812499999999,,,,239.88005997001494
Batch_3/cfe5vt7s,128,1408,30.517578124999993,,,,141.76856282119437
Batch_3/cfe5vt7s,128,1536,36.62109374999999,,,,265.6748140276301
Batch_3/cfe5vt7s,128,1664,73.24218749999999,0.5247244530254368,1.4493567847909044,1.564545628849907,1000.2500625156288
Batch_3/cfe5vt7s,128,1792,61.035156249999986,0.5654293368350496,1.7068232368559415,2.733264171047791,501.88205771643646
Batch_3/cfe5vt7s,128,1920,30.517578124999993,,,,303.08770600492505
Batch_3/cfe5vt7s,128,2048,30.517578124999993,,,,681.1989100817437
Batch_3/cfe5vt7s,128,2176,42.72460937499999,,,,682.59385665529
Batch_3/cfe5vt7s,128,2304,24.414062499999996,,,,380.95238095238085
Batch_3/cfe5vt7s,128,2432,30.517578124999993,,,,291.0360884749709
Batch_3/cfe5vt7s,128,2560,42.72460937499999,,,,322.2094361334867
Batch_3/cfe5vt7s,128,2688,48.82812499999999,,,,296.4531498147167
Batch_3/cfe5vt7s,128,2816,42.72460937499999,,,,209.24879681941826
Batch_3/cfe5vt7s,128,2944,30.517578124999993,,,,171.4163274051853
Batch_3/cfe5vt7s,128,3072,24.414062499999996,,,,194.90802777439393
Batch_3/cfe5vt7s,128,3200,24.414062499999996,,,,178.67778439547345
Batch_3/cfe5vt7s,256,0,12.207031249999998,,,,112.37533361427165
Batch_3/cfe5vt7s,256,128,18.310546874999996,,,,27.457440966501917
Batch_3/cfe5vt7s,256,256,18.310546874999996,,,,24.964114086001373
Batch_3/cfe5vt7s,256,384,30.517578124999993,,,,186.67600046668994
Batch_3/cfe5vt7s,256,512,24.414062499999996,,,,419.43376441803554
Batch_3/cfe5vt7s,256,640,12.207031249999998,,,,421.4963119072707
Batch_3/cfe5vt7s,256,768,24.414062499999996,,,,303.83592859855673
Batch_3/cfe5vt7s,256,896,54.931640624999986,,,,459.01639344262287
Batch_3/cfe5vt7s,256,1024,61.035156249999986,0.436882696848565,1.045690315793753,1.5022706457370045,448.28690361831565
Batch_3/cfe5vt7s,256,1152,42.72460937499999,,,,357.5898444484176
Batch_3/cfe5vt7s,256,1280,48.82812499999999,,,,334.0491529467907
Batch_3/cfe5vt7s,256,1408,24.414062499999996,,,,133.5224901944421
Batch_3/cfe5vt7s,256,1536,24.414062499999996,,,,202.60858553881218
Batch_3/cfe5vt7s,256,1664,42.72460937499999,,,,624.1640659830583
Batch_3/cfe5vt7s,256,1792,48.82812499999999,,,,539.6030063596068
Batch_3/cfe5vt7s,256,1920,30.517578124999993,,,,241.49728315556442
Batch_3/cfe5vt7s,256,2048,42.72460937499999,,,,417.2461752433935
Batch_3/cfe5vt7s,256,2176,54.931640624999986,,,,302.2162525184687
Batch_3/cfe5vt7s,256,2304,30.517578124999993,,,,154.2138946719099
Batch_3/cfe5vt7s,256,2432,42.72460937499999,,,,201.32876988121598
Batch_3/cfe5vt7s,256,2560,42.72460937499999,,,,246.60912453760784
Batch_3/cfe5vt7s,256,2688,36.62109374999999,,,,239.09145248057376
Batch_3/cfe5vt7s,256,2816,36.62109374999999,,,,126.98412698412695
Batch_3/cfe5vt7s,256,2944,18.310546874999996,,,,77.04160246533127
Batch_3/cfe5vt7s,256,3072,18.310546874999996,,,,138.2408847416623
Batch_3/cfe5vt7s,256,3200,18.310546874999996,,,,187.04699555763384
Batch_3/cfe5vt7s,384,0,0.0,,,,
Batch_3/cfe5vt7s,384,128,6.103515624999999,,,,117.85503830288744
Batch_3/cfe5vt7s,384,256,6.103515624999999,,,,91.95402298850573
Batch_3/cfe5vt7s,384,384,6.103515624999999,,,,64.90345610903779
Batch_3/cfe5vt7s,384,512,6.103515624999999,,,,72.661217075386
Batch_3/cfe5vt7s,384,640,6.103515624999999,,,,173.6864958749457
Batch_3/cfe5vt7s,384,768,6.103515624999999,,,,206.39834881320945
Batch_3/cfe5vt7s,384,896,24.414062499999996,,,,380.7710613993335
Batch_3/cfe5vt7s,384,1024,24.414062499999996,,,,418.8481675392669
Batch_3/cfe5vt7s,384,1152,0.0,,,,
Batch_3/cfe5vt7s,384,1280,12.207031249999998,,,,204.7606859482979
Batch_3/cfe5vt7s,384,1408,12.207031249999998,,,,176.32797002424505
Batch_3/cfe5vt7s,384,1536,24.414062499999996,,,,449.6908375491849
Batch_3/cfe5vt7s,384,1664,24.414062499999996,,,,307.27866333781446
Batch_3/cfe5vt7s,384,1792,30.517578124999993,,,,163.69961121342334
Batch_3/cfe5vt7s,384,1920,30.517578124999993,,,,132.36267372600923
Batch_3/cfe5vt7s,384,2048,54.931640624999986,,,,152.23596574690768
Batch_3/cfe5vt7s,384,2176,61.035156249999986,0.4981865685479503,4.704111136010884,4.935933416133907,130.39631164718483
Batch_3/cfe5vt7s,384,2304,12.207031249999998,,,,37.903913579077035
Batch_3/cfe5vt7s,384,2432,30.517578124999993,,,,99.46949602122014
Batch_3/cfe5vt7s,384,2560,30.517578124999993,,,,405.6795131845841
Batch_3/cfe5vt7s,384,2688,12.207031249999998,,,,353.8257408226448
Batch_3/cfe5vt7s,384,2816,18.310546874999996,,,,233.50846468184469
Batch_3/cfe5vt7s,384,2944,12.207031249999998,,,,134.56686291000838
Batch_3/cfe5vt7s,384,3072,18.310546874999996,,,,126.52222046496914
Batch_3/cfe5vt7s,384,3200,18.310546874999996,,,,194.26906265177269
Batch_3/cfe5vt7s,512,0,12.207031249999998,,,,72.07207207207206
Batch_3/cfe5vt7s,512,128,18.310546874999996,,,,136.42564802182807
Batch_3/cfe5vt7s,512,256,18.310546874999996,,,,141.97823000473258
Batch_3/cfe5vt7s,512,384,6.103515624999999,,,,94.38414346389804
Batch_3/cfe5vt7s,512,512,6.103515624999999,,,,113.66865586814434
Batch_3/cfe5vt7s,512,640,18.310546874999996,,,,530.5039787798407
Batch_3/cfe5vt7s,512,768,12.207031249999998,,,,297.3977695167286
Batch_3/cfe5vt7s,512,896,6.103515624999999,,,,66.80026720106879
Batch_3/cfe5vt7s,512,1024,24.414062499999996,,,,120.2766362634058
Batch_3/cfe5vt7s,512,1152,30.517578124999993,,,,184.0773124712379
Batch_3/cfe5vt7s,512,1280,18.310546874999996,,,,64.43298969072164
Batch_3/cfe5vt7s,512,1408,24.414062499999996,,,,155.6420233463035
Batch_3/cfe5vt7s,512,1536,12.207031249999998,,,,57.36411874372579
Batch_3/cfe5vt7s,512,1664,18.310546874999996,,,,120.40939193257071
Batch_3/cfe5vt7s,512,1792,12.207031249999998,,,,48.28585224529212
Batch_3/cfe5vt7s,512,1920,30.517578124999993,,,,127.32770969282187
Batch_3/cfe5vt7s,512,2048,48.82812499999999,,,,77.85130400934214
Batch_3/cfe5vt7s,512,2176,48.82812499999999,,,,84.49067962190419
Batch_3/cfe5vt7s,512,2304,6.103515624999999,,,,35.08464169809665
Batch_3/cfe5vt7s,512,2432,24.414062499999996,,,,137.12718546451833
Batch_3/cfe5vt7s,512,2560,18.310546874999996,,,,106.59086871558
Batch_3/cfe5vt7s,512,2688,24.414062499999996,,,,182.0664542558033
Batch_3/cfe5vt7s,512,2816,24.414062499999996,,,,404.34672731867573
Batch_3/cfe5vt7s,512,2944,12.207031249999998,,,,242.7184466019417
Batch_3/cfe5vt7s,512,3072,6.103515624999999,,,,78.15552950371237
Batch_3/cfe5vt7s,512,3200,6.103515624999999,,,,67.52194463200539
Batch_3/cfe5vt7s,640,0,18.310546874999996,,,,103.97712503249284
Batch_3/cfe5vt7s,640,128,18.310546874999996,,,,207.2180970471421
Batch_3/cfe5vt7s,640,256,42.72460937499999,,,,256.6570420275906
Batch_3/cfe5vt7s,640,384,42.72460937499999,,,,506.32911392405055
Batch_3/cfe5vt7s,640,512,12.207031249999998,,,,122.06286237412266
Batch_3/cfe5vt7s,640,640,30.517578124999993,,,,206.35575732562936
Batch_3/cfe5vt7s,640,768,24.414062499999996,,,,231.28071697022258
Batch_3/cfe5vt7s,640,896,24.414062499999996,,,,185.87360594795535
Batch_3/cfe5vt7s,640,1024,36.62109374999999,,,,154.22578655151136
Batch_3/cfe5vt7s,640,1152,36.62109374999999,,,,159.93602558976406
Batch_3/cfe5vt7s,640,1280,18.310546874999996,,,,49.52947003467062
Batch_3/cfe5vt7s,640,1408,30.517578124999993,,,,162.44754298091237
Batch_3/cfe5vt7s,640,1536,18.310546874999996,,,,84.14852214157987
Batch_3/cfe5vt7s,640,1664,18.310546874999996,,,,84.1308234304343
Batch_3/cfe5vt7s,640,1792,12.207031249999998,,,,60.18657839301835
Batch_3/cfe5vt7s,640,1920,30.517578124999993,,,,194.2926533090467
Batch_3/cfe5vt7s,640,2048,30.517578124999993,,,,107.4546675621222
Batch_3/cfe5vt7s,640,2176,24.414062499999996,,,,135.7466063348416
Batch_3/cfe5vt7s,640,2304,6.103515624999999,,,,153.37423312883433
Batch_3/cfe5vt7s,640,2432,12.207031249999998,,,,120.77294685990336
Batch_3/cfe5vt7s,640,2560,18.310546874999996,,,,85.38494378824532
Batch_3/cfe5vt7s,640,2688,24.414062499999996,,,,134.26197868591086
Batch_3/cfe5vt7s,640,2816,24.414062499999996,,,,469.3458492226459
Batch_3/cfe5vt7s,640,2944,12.207031249999998,,,,580.5515239477502
Batch_3/cfe5vt7s,640,3072,6.103515624999999,,,,785.8546168958741
Batch_3/cfe5vt7s,640,3200,6.103515624999999,,,,77.91195948578105
Batch_3/cfe5vt7s,768,0,12.207031249999998,,,,324.28050263477905
Batch_3/cfe5vt7s,768,128,18.310546874999996,,,,689.2590465249855
Batch_3/cfe5vt7s,768,256,42.72460937499999,,,,516.3511187607572
Batch_3/cfe5vt7s,768,384,42.72460937499999,,,,395.90894094358293
Batch_3/cfe5vt7s,768,512,12.207031249999998,,,,123.00123001230011
Batch_3/cfe5vt7s,768,640,30.517578124999993,,,,156.56802880851728
Batch_3/cfe5vt7s,768,768,24.414062499999996,,,,89.37049656482152
Batch_3/cfe5vt7s,768,896,24.414062499999996,,,,83.61640972040762
Batch_3/cfe5vt7s,768,1024,18.310546874999996,,,,102.59040779687096
Batch_3/cfe5vt7s,768,1152,24.414062499999996,,,,193.54058304100639
Batch_3/cfe5vt7s,768,1280,12.207031249999998,,,,47.602046888016176
Batch_3/cfe5vt7s,768,1408,24.414062499999996,,,,99.96875976257418
Batch_3/cfe5vt7s,768,1536,18.310546874999996,,,,193.01914106482224
Batch_3/cfe5vt7s,768,1664,0.0,,,,
Batch_3/cfe5vt7s,768,1792,6.103515624999999,,,,83.68200836820083
Batch_3/cfe5vt7s,768,1920,18.310546874999996,,,,250.5742326164126
Batch_3/cfe5vt7s,768,2048,12.207031249999998,,,,115.69052783803323
Batch_3/cfe5vt7s,768,2176,12.207031249999998,,,,225.98870056497174
Batch_3/cfe5vt7s,768,2304,6.103515624999999,,,,170.86715079026055
Batch_3/cfe5vt7s,768,2432,6.103515624999999,,,,197.04433497536942
Batch_3/cfe5vt7s,768,2560,18.310546874999996,,,,235.94180102241444
Batch_3/cfe5vt7s,768,2688,30.517578124999993,,,,348.3713638738895
Batch_3/cfe5vt7s,768,2816,18.310546874999996,,,,361.44578313253
Batch_3/cfe5vt7s,768,2944,18.310546874999996,,,,294.22581831555715
Batch_3/cfe5vt7s,768,3072,24.414062499999996,,,,177.9887273805992
Batch_3/cfe5vt7s,768,3200,18.310546874999996,,,,125.73344509639561
Batch_3/hawkfj64,0,0,6.103515624999999,,,,186.21973929236495
Batch_3/hawkfj64,0,128,0.0,,,,
Batch_3/hawkfj64,0,256,24.414062499999996,,,,147.3567876220298
Batch_3/hawkfj64,0,384,48.82812499999999,,,,385.26366482061155
Batch_3/hawkfj64,0,512,30.517578124999993,,,,194.01778496362164
Batch_3/hawkfj64,0,640,18.310546874999996,,,,201.17351215423298
Batch_3/hawkfj64,0,768,12.207031249999998,,,,239.59269242288107
Batch_3/hawkfj64,0,896,24.414062499999996,,,,584.5816587504567
Batch_3/hawkfj64,0,1024,30.517578124999993,,,,450.3236701379115
Batch_3/hawkfj64,0,1152,30.517578124999993,,,,308.10706720585404
Batch_3/hawkfj64,0,1280,24.414062499999996,,,,322.1908981071284
Batch_3/hawkfj64,0,1408,36.62109374999999,,,,348.02784222737813
Batch_3/hawkfj64,0,1536,42.72460937499999,,,,367.02057936820023
Batch_3/hawkfj64,0,1664,48.82812499999999,,,,402.76903713027053
Batch_3/hawkfj64,0,1792,36.62109374999999,,,,471.60542346236974
Batch_3/hawkfj64,0,1920,6.103515624999999,,,,127.87723785166239
Batch_3/hawkfj64,0,2048,67.13867187499999,0.40684289451282196,1.591774699517169,2.26661014799775,544.0062172139109
Batch_3/hawkfj64,0,2176,103.75976562499999,0.40684289451282196,0.9950183757635724,2.8911619828688853,421.49631190727075
Batch_3/hawkfj64,0,2304,67.13867187499999,0.48204379149011684,1.2153015559493,1.794796937867892,465.8901830282861
Batch_3/hawkfj64,0,2432,48.82812499999999,,,,1340.0335008375207
Batch_3/hawkfj64,0,2560,79.34570312499999,0.5753627391751592,1.823083506156677,2.6462837142006137,673.0607437321216
Batch_3/hawkfj64,0,2688,91.55273437499999,0.5292567428401228,2.383520718228506,3.3992129778040687,435.08355581924246
Batch_3/hawkfj64,0,2816,85.44921874999999,0.3440471078125907,1.859218697306079,2.4952237121658944,494.68216670789013
Batch_3/hawkfj64,0,2944,36.62109374999999,,,,349.8338289312576
Batch_3/hawkfj64,0,3072,36.62109374999999,,,,465.332712889716
Batch_3/hawkfj64,0,3200,36.62109374999999,,,,818.2748039549947
Batch_3/hawkfj64,128,0,6.103515624999999,,,,118.65915158706612
Batch_3/hawkfj64,128,128,12.207031249999998,,,,117.04462326261886
Batch_3/hawkfj64,128,256,18.310546874999996,,,,173.33525928065862
Batch_3/hawkfj64,128,384,12.207031249999998,,,,261.2671456564337
Batch_3/hawkfj64,128,512,24.414062499999996,,,,429.03110475509465
Batch_3/hawkfj64,128,640,30.517578124999993,,,,646.2035541195476
Batch_3/hawkfj64,128,768,12.207031249999998,,,,311.284046692607
Batch_3/hawkfj64,128,896,12.207031249999998,,,,79.25500297206258
Batch_3/hawkfj64,128,1024,18.310546874999996,,,,132.53810470510268
Batch_3/hawkfj64,128,1152,12.207031249999998,,,,351.4938488576449
Batch_3/hawkfj64,128,1280,18.310546874999996,,,,170.47876118766865
Batch_3/hawkfj64,128,1408,42.72460937499999,,,,303.3257501895785
Batch_3/hawkfj64,128,1536,42.72460937499999,,,,389.7007654836465
Batch_3/hawkfj64,128,1664,30.517578124999993,,,,275.6719503790489
Batch_3/hawkfj64,128,1792,18.310546874999996,,,,171.45306472353192
Batch_3/hawkfj64,128,1920,12.207031249999998,,,,156.37216575449565
Batch_3/hawkfj64,128,2048,61.035156249999986,0.37210244143377574,0.5775341108351246,0.6723094811029983,770.2182284980743
Batch_3/hawkfj64,128,2176,79.34570312499999,0.36996385101659596,0.6512482877101375,1.2334995970645954,646.6512702078521
Batch_3/hawkfj64,128,2304,36.62109374999999,,,,439.80208905992293
Batch_3/hawkfj64,128,2432,6.103515624999999,,,,144.8750452734516
Batch_3/hawkfj64,128,2560,48.82812499999999,,,,319.379491274096
Batch_3/hawkfj64,128,2688,61.035156249999986,0.8527893404255229,3.549812263655304,4.905205836316427,172.61574502188517
Batch_3/hawkfj64,128,2816,42.72460937499999,,,,172.65193370165744
Batch_3/hawkfj64,128,2944,18.310546874999996,,,,260.4166666666666
Batch_3/hawkfj64,128,3072,30.517578124999993,,,,350.56967572304984
Batch_3/hawkfj64,128,3200,30.517578124999993,,,,287.3150409423933
Batch_3/hawkfj64,256,0,24.414062499999996,,,,276.0524499654934
Batch_3/hawkfj64,256,128,36.62109374999999,,,,249.96094360256203
Batch_3/hawkfj64,256,256,24.414062499999996,,,,398.4063745019919
Batch_3/hawkfj64,256,384,12.207031249999998,,,,269.5417789757412
Batch_3/hawkfj64,256,512,36.62109374999999,,,,486.854917234664
Batch_3/hawkfj64,256,640,42.72460937499999,,,,877.1929824561402
Batch_3/hawkfj64,256,768,18.310546874999996,,,,626.9592476489026
Batch_3/hawkfj64,256,896,12.207031249999998,,,,47.935766073461544
Batch_3/hawkfj64,256,1024,24.414062499999996,,,,96.53092006033181
Batch_3/hawkfj64,256,1152,30.517578124999993,,,,186.5889212827988
Batch_3/hawkfj64,256,1280,30.517578124999993,,,,134.70281192119882
Batch_3/hawkfj64,256,1408,24.414062499999996,,,,183.31805682859758
Batch_3/hawkfj64,256,1536,18.310546874999996,,,,190.56693663649352
Batch_3/hawkfj64,256,1664,18.310546874999996,,,,256.8493150684931
Batch_3/hawkfj64,256,1792,30.517578124999993,,,,207.94343938448736
Batch_3/hawkfj64,256,1920,42.72460937499999,,,,347.9557599105256
Batch_3/hawkfj64,256,2048,24.414062499999996,,,,950.1187648456055
Batch_3/hawkfj64,256,2176,24.414062499999996,,,,298.13664596273287
Batch_3/hawkfj64,256,2304,30.517578124999993,,,,329.96494122499473
Batch_3/hawkfj64,256,2432,6.103515624999999,,,,109.4391244870041
Batch_3/hawkfj64,256,2560,30.517578124999993,,,,256.7394094993581
Batch_3/hawkfj64,256,2688,42.72460937499999,,,,115.38184178264945
Batch_3/hawkfj64,256,2816,30.517578124999993,,,,110.37527593818982
Batch_3/hawkfj64,256,2944,12.207031249999998,,,,275.67195037904884
Batch_3/hawkfj64,256,3072,12.207031249999998,,,,170.0680272108843
Batch_3/hawkfj64,256,3200,18.310546874999996,,,,170.2852277564921
Batch_3/hawkfj64,384,0,42.72460937499999,,,,375.58685446009383
Batch_3/hawkfj64,384,128,36.62109374999999,,,,413.4794293983873
Batch_3/hawkfj64,384,256,30.517578124999993,,,,727.5372862859219
Batch_3/hawkfj64,384,384,18.310546874999996,,,,272.5414490120372
Batch_3/hawkfj64,384,512,24.414062499999996,,,,312.86664059444655
Batch_3/hawkfj64,384,640,36.62109374999999,,,,532.9780146568953
Batch_3/hawkfj64,384,768,36.62109374999999,,,,781.5552950371238
Batch_3/hawkfj64,384,896,30.517578124999993,,,,164.59212015224767
Batch_3/hawkfj64,384,1024,30.517578124999993,,,,199.99999999999997
Batch_3/hawkfj64,384,1152,30.517578124999993,,,,164.7446457990115
Batch_3/hawkfj64,384,1280,24.414062499999996,,,,98.54644000985463
Batch_3/hawkfj64,384,1408,18.310546874999996,,,,138.7764542615936
Batch_3/hawkfj64,384,1536,24.414062499999996,,,,138.1533502187428
Batch_3/hawkfj64,384,1664,24.414062499999996,,,,159.44724953494548
Batch_3/hawkfj64,384,1792,36.62109374999999,,,,133.89569525339755
Batch_3/hawkfj64,384,1920,36.62109374999999,,,,166.87526074259486
Batch_3/hawkfj64,384,2048,12.207031249999998,,,,496.89440993788816
Batch_3/hawkfj64,384,2176,6.103515624999999,,,,82.5082508250825
Batch_3/hawkfj64,384,2304,24.414062499999996,,,,250.1954652071931
Batch_3/hawkfj64,384,2432,18.310546874999996,,,,386.5979381443298
Batch_3/hawkfj64,384,2560,12.207031249999998,,,,113.68480886741506
Batch_3/hawkfj64,384,2688,18.310546874999996,,,,85.87376556461999
Batch_3/hawkfj64,384,2816,30.517578124999993,,,,246.25487379437712
Batch_3/hawkfj64,384,2944,12.207031249999998,,,,81.71603677221653
Batch_3/hawkfj64,384,3072,0.0,,,,
Batch_3/hawkfj64,384,3200,0.0,,,,
Batch_3/hawkfj64,512,0,30.517578124999993,,,,353.04501323918794
Batch_3/hawkfj64,512,128,18.310546874999996,,,,446.0966542750928
Batch_3/hawkfj64,512,256,12.207031249999998,,,,247.9851208927464
Batch_3/hawkfj64,512,384,18.310546874999996,,,,277.9708130646282
Batch_3/hawkfj64,512,512,12.207031249999998,,,,256.41025641025635
Batch_3/hawkfj64,512,640,24.414062499999996,,,,493.9796233405371
Batch_3/hawkfj64,512,768,30.517578124999993,,,,447.1771939631078
Batch_3/hawkfj64,512,896,18.310546874999996,,,,205.49704597996399
Batch_3/hawkfj64,512,1024,18.310546874999996,,,,151.89873417721518
Batch_3/hawkfj64,512,1152,18.310546874999996,,,,112.6126126126126
Batch_3/hawkfj64,512,1280,18.310546874999996,,,,168.2793437105595
Batch_3/hawkfj64,512,1408,30.517578124999993,,,,348.6598387448245
Batch_3/hawkfj64,512,1536,42.72460937499999,,,,389.78756577665166
Batch_3/hawkfj64,512,1664,36.62109374999999,,,,209.48989211270552
Batch_3/hawkfj64,512,1792,48.82812499999999,,,,139.30810308799627
Batch_3/hawkfj64,512,1920,42.72460937499999,,,,172.14666896195556
Batch_3/hawkfj64,512,2048,6.103515624999999,,,,350.87719298245605
Batch_3/hawkfj64,512,2176,6.103515624999999,,,,125.70710245128846
Batch_3/hawkfj64,512,2304,42.72460937499999,,,,462.3386630706992
Batch_3/hawkfj64,512,2432,42.72460937499999,,,,406.8486184098999
Batch_3/hawkfj64,512,2560,12.207031249999998,,,,73.08605883427735
Batch_3/hawkfj64,512,2688,6.103515624999999,,,,47.42145820983993
Batch_3/hawkfj64,512,2816,24.414062499999996,,,,258.1755593803786
Batch_3/hawkfj64,512,2944,18.310546874999996,,,,146.84287812041114
Batch_3/hawkfj64,512,3072,0.0,,,,
Batch_3/hawkfj64,512,3200,0.0,,,,
Batch_3/hawkfj64,640,0,30.517578124999993,,,,333.22225924691764
Batch_3/hawkfj64,640,128,12.207031249999998,,,,54.04675043912984
Batch_3/hawkfj64,640,256,30.517578124999993,,,,131.99142055766373
Batch_3/hawkfj64,640,384,12.207031249999998,,,,240.16811768237758
Batch_3/hawkfj64,640,512,6.103515624999999,,,,155.5814858031894
Batch_3/hawkfj64,640,640,6.103515624999999,,,,223.08979364194084
Batch_3/hawkfj64,640,768,6.103515624999999,,,,103.01313417460725
Batch_3/hawkfj64,640,896,6.103515624999999,,,,73.34066740007331
Batch_3/hawkfj64,640,1024,12.207031249999998,,,,71.9295090811005
Batch_3/hawkfj64,640,1152,12.207031249999998,,,,49.5632240877269
Batch_3/hawkfj64,640,1280,12.207031249999998,,,,115.5234657039711
Batch_3/hawkfj64,640,1408,12.207031249999998,,,,386.8471953578336
Batch_3/hawkfj64,640,1536,30.517578124999993,,,,315.955766192733
Batch_3/hawkfj64,640,1664,18.310546874999996,,,,67.78512116590407
Batch_3/hawkfj64,640,1792,30.517578124999993,,,,117.19036109280009
Batch_3/hawkfj64,640,1920,24.414062499999996,,,,221.5657311669128
Batch_3/hawkfj64,640,2048,0.0,,,,
Batch_3/hawkfj64,640,2176,6.103515624999999,,,,149.58863126402392
Batch_3/hawkfj64,640,2304,36.62109374999999,,,,549.7526113249036
Batch_3/hawkfj64,640,2432,48.82812499999999,,,,258.3311805734952
Batch_3/hawkfj64,640,2560,24.414062499999996,,,,91.78522257916474
Batch_3/hawkfj64,640,2688,12.207031249999998,,,,152.9929240772614
Batch_3/hawkfj64,640,2816,36.62109374999999,,,,413.1520055086934
Batch_3/hawkfj64,640,2944,24.414062499999996,,,,453.5147392290248
Batch_3/hawkfj64,640,3072,6.103515624999999,,,,175.74692442882244
Batch_3/hawkfj64,640,3200,12.207031249999998,,,,132.97872340425528
Batch_3/hzumfsms,0,0,12.207031249999998,,,,260.84121291163996
Batch_3/hzumfsms,0,128,12.207031249999998,,,,110.95700416088765
Batch_3/hzumfsms,0,256,18.310546874999996,,,,82.05969843060825
Batch_3/hzumfsms,0,384,24.414062499999996,,,,131.39165662980398
Batch_3/hzumfsms,0,512,18.310546874999996,,,,181.9284414796846
Batch_3/hzumfsms,0,640,24.414062499999996,,,,209.0956612650287
Batch_3/hzumfsms,0,768,24.414062499999996,,,,221.52482924127742
Batch_3/hzumfsms,0,896,24.414062499999996,,,,209.60698689956328
Batch_3/hzumfsms,0,1024,24.414062499999996,,,,237.9535990481856
Batch_3/hzumfsms,0,1152,12.207031249999998,,,,336.417157275021
Batch_3/hzumfsms,0,1280,12.207031249999998,,,,124.86343062275634
Batch_3/hzumfsms,0,1408,42.72460937499999,,,,180.92998009770216
Batch_3/hzumfsms,0,1536,36.62109374999999,,,,149.1007361848849
Batch_3/hzumfsms,0,1664,6.103515624999999,,,,63.26111023248457
Batch_3/hzumfsms,0,1792,24.414062499999996,,,,483.82219534321126
Batch_3/hzumfsms,0,1920,48.82812499999999,,,,492.35097590997003
Batch_3/hzumfsms,0,2048,54.931640624999986,,,,405.936826081441
Batch_3/hzumfsms,0,2176,30.517578124999993,,,,318.5220576524924
Batch_3/hzumfsms,0,2304,42.72460937499999,,,,497.71878888428034
Batch_3/hzumfsms,0,2432,54.931640624999986,,,,307.65849906603665
Batch_3/hzumfsms,0,2560,36.62109374999999,,,,194.53360568038124
Batch_3/hzumfsms,0,2688,24.414062499999996,,,,221.9755826859045
Batch_3/hzumfsms,0,2816,18.310546874999996,,,,291.332847778587
Batch_3/hzumfsms,0,2944,30.517578124999993,,,,450.3236701379115
Batch_3/hzumfsms,0,3072,30.517578124999993,,,,308.10706720585404
Batch_3/hzumfsms,0,3200,24.414062499999996,,,,136.5653806759986
Batch_3/hzumfsms,128,0,6.103515624999999,,,,134.22818791946307
Batch_3/hzumfsms,128,128,18.310546874999996,,,,174.49469245310453
Batch_3/hzumfsms,128,256,30.517578124999993,,,,105.96728260149676
Batch_3/hzumfsms,128,384,18.310546874999996,,,,73.84160974709248
Batch_3/hzumfsms,128,512,6.103515624999999,,,,119.97600479904018
Batch_3/hzumfsms,128,640,6.103515624999999,,,,115.473441108545
Batch_3/hzumfsms,128,768,0.0,,,,
Batch_3/hzumfsms,128,896,0.0,,,,
Batch_3/hzumfsms,128,1024,0.0,,,,
Batch_3/hzumfsms,128,1152,0.0,,,,
Batch_3/hzumfsms,128,1280,6.103515624999999,,,,61.614294516327774
Batch_3/hzumfsms,128,1408,12.207031249999998,,,,80.71025020177561
Batch_3/hzumfsms,128,1536,6.103515624999999,,,,42.867859822098374
Batch_3/hzumfsms,128,1664,6.103515624999999,,,,57.479522919959756
Batch_3/hzumfsms,128,1792,6.103515624999999,,,,102.90712631849755
Batch_3/hzumfsms,128,1920,0.0,,,,
Batch_3/hzumfsms,128,2048,0.0,,,,
Batch_3/hzumfsms,128,2176,0.0,,,,
Batch_3/hzumfsms,128,2304,18.310546874999996,,,,173.42293518317794
Batch_3/hzumfsms,128,2432,24.414062499999996,,,,77.84120394395431
Batch_3/hzumfsms,128,2560,18.310546874999996,,,,74.43245254931148
Batch_3/hzumfsms,128,2688,18.310546874999996,,,,159.44724953494548
Batch_3/hzumfsms,128,2816,12.207031249999998,,,,180.46469659372883
Batch_3/hzumfsms,128,2944,18.310546874999996,,,,442.9678848283499
Batch_3/hzumfsms,128,3072,24.414062499999996,,,,454.3733434305187
Batch_3/hzumfsms,128,3200,30.517578124999993,,,,156.8627450980392
Batch_3/hzumfsms,256,0,24.414062499999996,,,,575.3326141675656
Batch_3/hzumfsms,256,128,24.414062499999996,,,,512.9849310676499
Batch_3/hzumfsms,256,256,30.517578124999993,,,,143.14342971657598
Batch_3/hzumfsms,256,384,24.414062499999996,,,,101.74233753020475
Batch_3/hzumfsms,256,512,18.310546874999996,,,,148.11157738829917
Batch_3/hzumfsms,256,640,24.414062499999996,,,,249.45431867789205
Batch_3/hzumfsms,256,768,18.310546874999996,,,,336.3228699551569
Batch_3/hzumfsms,256,896,6.103515624999999,,,,124.84394506866414
Batch_3/hzumfsms,256,1024,0.0,,,,
Batch_3/hzumfsms,256,1152,0.0,,,,
Batch_3/hzumfsms,256,1280,12.207031249999998,,,,290.2757619738751
Batch_3/hzumfsms,256,1408,18.310546874999996,,,,240.04800960192034
Batch_3/hzumfsms,256,1536,6.103515624999999,,,,153.13935681470133
Batch_3/hzumfsms,256,1664,0.0,,,,
Batch_3/hzumfsms,256,1792,0.0,,,,
Batch_3/hzumfsms,256,1920,12.207031249999998,,,,233.37222870478408
Batch_3/hzumfsms,256,2048,18.310546874999996,,,,320.9414281893554
Batch_3/hzumfsms,256,2176,12.207031249999998,,,,324.5436105476673
Batch_3/hzumfsms,256,2304,18.310546874999996,,,,243.9024390243902
Batch_3/hzumfsms,256,2432,18.310546874999996,,,,77.87151200519142
Batch_3/hzumfsms,256,2560,6.103515624999999,,,,25.8481421647819
Batch_3/hzumfsms,256,2688,6.103515624999999,,,,52.61773217574322
Batch_3/hzumfsms,256,2816,6.103515624999999,,,,84.01596303297626
Batch_3/hzumfsms,256,2944,6.103515624999999,,,,185.0994909763998
Batch_3/hzumfsms,256,3072,12.207031249999998,,,,328.67707477403445
Batch_3/hzumfsms,256,3200,12.207031249999998,,,,199.10403185664507
Batch_3/hzumfsms,384,0,30.517578124999993,,,,682.3609689525758
Batch_3/hzumfsms,384,128,18.310546874999996,,,,636.9426751592355
Batch_3/hzumfsms,384,256,18.310546874999996,,,,178.20017820017816
Batch_3/hzumfsms,384,384,24.414062499999996,,,,102.30833173476563
Batch_3/hzumfsms,384,512,18.310546874999996,,,,53.15143730345041
Batch_3/hzumfsms,384,640,24.414062499999996,,,,108.56289862939339
Batch_3/hzumfsms,384,768,24.414062499999996,,,,349.4975972040192
Batch_3/hzumfsms,384,896,6.103515624999999,,,,83.52474420547087
Batch_3/hzumfsms,384,1024,0.0,,,,
Batch_3/hzumfsms,384,1152,0.0,,,,
Batch_3/hzumfsms,384,1280,12.207031249999998,,,,288.0806625855239
Batch_3/hzumfsms,384,1408,18.310546874999996,,,,211.3048071843634
Batch_3/hzumfsms,384,1536,6.103515624999999,,,,103.89610389610388
Batch_3/hzumfsms,384,1664,0.0,,,,
Batch_3/hzumfsms,384,1792,6.103515624999999,,,,100.40160642570278
Batch_3/hzumfsms,384,1920,36.62109374999999,,,,380.2883853588971
Batch_3/hzumfsms,384,2048,42.72460937499999,,,,247.9338842975206
Batch_3/hzumfsms,384,2176,18.310546874999996,,,,115.00862564692349
Batch_3/hzumfsms,384,2304,18.310546874999996,,,,192.27687870533566
Batch_3/hzumfsms,384,2432,18.310546874999996,,,,171.30620985010702
Batch_3/hzumfsms,384,2560,12.207031249999998,,,,153.9645881447267
Batch_3/hzumfsms,384,2688,12.207031249999998,,,,130.8900523560209
Batch_3/hzumfsms,384,2816,18.310546874999996,,,,308.95983522142114
Batch_3/hzumfsms,384,2944,6.103515624999999,,,,86.26266982963121
Batch_3/hzumfsms,384,3072,12.207031249999998,,,,149.14243102162564
Batch_3/hzumfsms,384,3200,12.207031249999998,,,,284.7988608045567
Batch_3/hzumfsms,512,0,12.207031249999998,,,,226.1164499717354
Batch_3/hzumfsms,512,128,12.207031249999998,,,,151.40045420136258
Batch_3/hzumfsms,512,256,12.207031249999998,,,,68.2244584683609
Batch_3/hzumfsms,512,384,24.414062499999996,,,,126.10340479192936
Batch_3/hzumfsms,512,512,18.310546874999996,,,,71.85628742514969
Batch_3/hzumfsms,512,640,12.207031249999998,,,,75.7862826828344
Batch_3/hzumfsms,512,768,12.207031249999998,,,,325.60032560032556
Batch_3/hzumfsms,512,896,6.103515624999999,,,,147.9289940828402
Batch_3/hzumfsms,512,1024,0.0,,,,
Batch_3/hzumfsms,512,1152,0.0,,,,
Batch_3/hzumfsms,512,1280,0.0,,,,
Batch_3/hzumfsms,512,1408,12.207031249999998,,,,93.38158048324966
Batch_3/hzumfsms,512,1536,12.207031249999998,,,,62.36357966947301
Batch_3/hzumfsms,512,1664,6.103515624999999,,,,49.776007964161266
Batch_3/hzumfsms,512,1792,6.103515624999999,,,,78.86435331230282
Batch_3/hzumfsms,512,1920,24.414062499999996,,,,223.9955200895982
Batch_3/hzumfsms,512,2048,30.517578124999993,,,,182.48175182481745
Batch_3/hzumfsms,512,2176,18.310546874999996,,,,139.51866062085801
Batch_3/hzumfsms,512,2304,12.207031249999998,,,,106.43959552953697
Batch_3/hzumfsms,512,2432,24.414062499999996,,,,126.76949080921187
Batch_3/hzumfsms,512,2560,24.414062499999996,,,,253.69978858350945
Batch_3/hzumfsms,512,2688,12.207031249999998,,,,149.42099364960774
Batch_3/hzumfsms,512,2816,30.517578124999993,,,,330.03300330033
Batch_3/hzumfsms,512,2944,24.414062499999996,,,,151.24779430299972
Batch_3/hzumfsms,512,3072,18.310546874999996,,,,134.58950201884252
Batch_3/hzumfsms,512,3200,18.310546874999996,,,,259.29127052722555
Batch_3/hzumfsms,640,0,0.0,,,,
Batch_3/hzumfsms,640,128,6.103515624999999,,,,53.915622051489414
Batch_3/hzumfsms,640,256,18.310546874999996,,,,79.86423080762701
Batch_3/hzumfsms,640,384,24.414062499999996,,,,184.21860607921394
Batch_3/hzumfsms,640,512,12.207031249999998,,,,225.41561003099457
Batch_3/hzumfsms,640,640,24.414062499999996,,,,480.19207683073216
Batch_3/hzumfsms,640,768,30.517578124999993,,,,246.4571780653111
Batch_3/hzumfsms,640,896,30.517578124999993,,,,187.41946819725894
Batch_3/hzumfsms,640,1024,18.310546874999996,,,,65.37015852263441
Batch_3/hzumfsms,640,1152,6.103515624999999,,,,27.21088435374149
Batch_3/hzumfsms,640,1280,6.103515624999999,,,,55.355660116246874
Batch_3/hzumfsms,640,1408,18.310546874999996,,,,163.2430961773908
Batch_3/hzumfsms,640,1536,42.72460937499999,,,,121.07270415884737
Batch_3/hzumfsms,640,1664,36.62109374999999,,,,139.4214011850819
Batch_3/hzumfsms,640,1792,0.0,,,,
Batch_3/hzumfsms,640,1920,6.103515624999999,,,,205.44427324088338
Batch_3/hzumfsms,640,2048,6.103515624999999,,,,466.74445740956816
Batch_3/hzumfsms,640,2176,6.103515624999999,,,,674.5362563237773
Batch_3/hzumfsms,640,2304,24.414062499999996,,,,307.9884504331087
Batch_3/hzumfsms,640,2432,42.72460937499999,,,,222.66755733689598
Batch_3/hzumfsms,640,2560,30.517578124999993,,,,287.0813397129186
Batch_3/hzumfsms,640,2688,12.207031249999998,,,,186.8285847734703
Batch_3/hzumfsms,640,2816,18.310546874999996,,,,77.24244472337548
Batch_3/hzumfsms,640,2944,30.517578124999993,,,,172.87952458130738
Batch_3/hzumfsms,640,3072,12.207031249999998,,,,160.2243140396555
Batch_3/hzumfsms,640,3200,6.103515624999999,,,,79.41234862021042
Batch_3/hzumfsms,768,0,13.037597170841412,,,,259.82461838259167
Batch_3/hzumfsms,768,128,32.179691396759495,,,,444.5432318292953
Batch_3/hzumfsms,768,256,39.321056425715966,,,,438.0361379813834
Batch_3/hzumfsms,768,384,38.90861339429015,,,,363.1411711302768
Batch_3/hzumfsms,768,512,28.667156397255113,,,,334.9382457609378
Batch_3/hzumfsms,768,640,44.35819240365955,,,,730.9941520467834
Batch_3/hzumfsms,768,768,82.0358565056143,0.49997931640670995,2.5467707228558942,3.136711427903589,488.9975550122248
Batch_3/hzumfsms,768,896,73.31133993135391,0.6128667601500942,2.6275732970416676,3.1132838024016425,315.955766192733
Batch_3/hzumfsms,768,1024,44.13758315205397,,,,187.20748829953197
Batch_3/hzumfsms,768,1152,42.72460937499999,,,,213.8656211014079
Batch_3/hzumfsms,768,1280,30.517578124999993,,,,391.0068426197457
Batch_3/hzumfsms,768,1408,24.414062499999996,,,,533.51117039013
Batch_3/hzumfsms,768,1536,48.82812499999999,,,,383.93856982882727
Batch_3/hzumfsms,768,1664,42.72460937499999,,,,275.9096395930332
Batch_3/hzumfsms,768,1792,6.103515624999999,,,,845.6659619450315
Batch_3/hzumfsms,768,1920,0.0,,,,
Batch_3/hzumfsms,768,2048,0.0,,,,
Batch_3/hzumfsms,768,2176,6.103515624999999,,,,353.6693191865605
Batch_3/hzumfsms,768,2304,30.517578124999993,,,,255.6890820761953
Batch_3/hzumfsms,768,2432,48.82812499999999,,,,242.06795193222095
Batch_3/hzumfsms,768,2560,30.517578124999993,,,,217.45039412883932
Batch_3/hzumfsms,768,2688,18.310546874999996,,,,165.83747927031507
Batch_3/hzumfsms,768,2816,12.207031249999998,,,,77.33204446592555
Batch_3/hzumfsms,768,2944,36.62109374999999,,,,213.6980446628913
Batch_3/hzumfsms,768,3072,24.414062499999996,,,,112.40164855751216
Batch_3/hzumfsms,768,3200,18.310546874999996,,,,122.31169095912749
Batch_3/kbdh4tri,0,0,67.13867187499999,0.48204379149011684,1.1084566571000565,1.8255696394123913,856.5310492505351
Batch_3/kbdh4tri,0,128,48.82812499999999,,,,527.9366476022876
Batch_3/kbdh4tri,0,256,54.931640624999986,,,,622.2775357809581
Batch_3/kbdh4tri,0,384,109.86328124999997,0.3968158929537872,1.1400612367575726,1.5337242447383472,992.802184164805
Batch_3/kbdh4tri,0,512,103.75976562499999,0.4184141935942003,1.3559083122335385,1.542003518087075,654.7984448536934
Batch_3/kbdh4tri,0,640,61.035156249999986,0.5349799198081397,1.6203560627613525,2.3255289648298523,514.3277002204261
Batch_3/kbdh4tri,0,768,30.517578124999993,,,,432.7131112072695
Batch_3/kbdh4tri,0,896,48.82812499999999,,,,426.43923240938153
Batch_3/kbdh4tri,0,1024,97.65624999999999,0.37630792194144325,1.8147471339653816,3.8156905265032415,341.1910669975185
Batch_3/kbdh4tri,0,1152,85.44921874999999,0.4144328738462807,2.464225969202233,4.578633977952863,210.84337349397583
Batch_3/kbdh4tri,0,1280,54.931640624999986,,,,185.13375914097932
Batch_3/kbdh4tri,0,1408,42.72460937499999,,,,45.169668567556876
Batch_3/kbdh4tri,0,1536,54.931640624999986,,,,53.14908317831516
Batch_3/kbdh4tri,0,1664,30.517578124999993,,,,121.67917258162642
Batch_3/kbdh4tri,0,1792,24.414062499999996,,,,1058.201058201058
Batch_3/kbdh4tri,0,1920,48.82812499999999,,,,180.77053440289228
Batch_3/kbdh4tri,0,2048,54.931640624999986,,,,214.56925222615595
Batch_3/kbdh4tri,0,2176,36.62109374999999,,,,681.2375816065852
Batch_3/kbdh4tri,0,2304,61.035156249999986,0.40550145012886984,1.214293449514381,1.63809411833672,631.6897701351113
Batch_3/kbdh4tri,0,2432,67.13867187499999,0.46524264916812785,1.3303394180365686,1.63809411833672,644.0071556350625
Batch_3/kbdh4tri,0,2560,30.517578124999993,,,,450.3236701379115
Batch_3/kbdh4tri,0,2688,12.207031249999998,,,,146.84287812041114
Batch_3/kbdh4tri,0,2816,42.72460937499999,,,,225.58087074216104
Batch_3/kbdh4tri,0,2944,73.24218749999999,0.5051187163593104,1.2784004051658606,3.6323470074207016,336.7408298256163
Batch_3/kbdh4tri,0,3072,73.24218749999999,0.43348379021237216,1.7449946174918003,2.59956128677165,483.675937122128
Batch_3/kbdh4tri,0,3200,73.24218749999999,0.4238402155308447,1.4427166093979136,1.7876888032555496,781.2499999999999
Batch_3/kbdh4tri,128,0,36.62109374999999,,,,534.3307507347047
Batch_3/kbdh4tri,128,128,42.72460937499999,,,,350.10940919037193
Batch_3/kbdh4tri,128,256,79.34570312499999,0.5077706251929807,1.51636981963954,2.7765924157807915,399.3344425956738
Batch_3/kbdh4tri,128,384,128.17382812499997,0.47539459314393917,1.8889822191117347,2.0859760650909727,342.8693881924354
Batch_3/kbdh4tri,128,512,109.86328124999997,0.45674427196555784,1.5547254070817311,2.010605768054529,361.75710594315234
Batch_3/kbdh4tri,128,640,54.931640624999986,,,,808.6253369272235
Batch_3/kbdh4tri,128,768,30.517578124999993,,,,657.6783952647154
Batch_3/kbdh4tri,128,896,73.24218749999999,0.5725291558541372,1.3228163060667086,2.459892464388202,600.2400960384152
Batch_3/kbdh4tri,128,1024,85.44921874999999,0.4955177667377947,1.0075358129224368,2.4888371552065367,690.8462867012089
Batch_3/kbdh4tri,128,1152,30.517578124999993,,,,618.4291898577612
Batch_3/kbdh4tri,128,1280,30.517578124999993,,,,711.9971520113918
Batch_3/kbdh4tri,128,1408,36.62109374999999,,,,946.3722397476339
Batch_3/kbdh4tri,128,1536,36.62109374999999,,,,869.1873098652758
Batch_3/kbdh4tri,128,1664,24.414062499999996,,,,743.9553626782391
Batch_3/kbdh4tri,128,1792,18.310546874999996,,,,466.2004662004661
Batch_3/kbdh4tri,128,1920,24.414062499999996,,,,282.0874471086036
Batch_3/kbdh4tri,128,2048,12.207031249999998,,,,268.45637583892614
Batch_3/kbdh4tri,128,2176,12.207031249999998,,,,100.15022533800699
Batch_3/kbdh4tri,128,2304,30.517578124999993,,,,205.02306509482312
Batch_3/kbdh4tri,128,2432,36.62109374999999,,,,632.2444678609061
Batch_3/kbdh4tri,128,2560,54.931640624999986,,,,518.7106335679881
Batch_3/kbdh4tri,128,2688,67.13867187499999,0.37846987830302403,1.639065416446578,2.07603368443976,829.684259045863
Batch_3/kbdh4tri,128,2816,36.62109374999999,,,,431.732325957906
Batch_3/kbdh4tri,128,2944,42.72460937499999,,,,309.08488795672804
Batch_3/kbdh4tri,128,3072,42.72460937499999,,,,448.34672146459917
Batch_3/kbdh4tri,128,3200,36.62109374999999,,,,815.9934720522234
Batch_3/kbdh4tri,256,0,36.62109374999999,,,,485.790624240952
Batch_3/kbdh4tri,256,128,42.72460937499999,,,,206.39834881320945
Batch_3/kbdh4tri,256,256,97.65624999999999,0.7173449013108755,2.306117978011203,2.6038434238092627,351.2880562060889
Batch_3/kbdh4tri,256,384,103.75976562499999,0.5077706251929807,2.061248859274187,2.4338748903508467,350.5014117417972
Batch_3/kbdh4tri,256,512,97.65624999999999,0.5869886835309372,1.66288420797309,2.010605768054529,420.49934296977654
Batch_3/kbdh4tri,256,640,67.13867187499999,0.5140011726956918,0.8500373177909337,0.863044108762739,888.0431335236282
Batch_3/kbdh4tri,256,768,24.414062499999996,,,,915.8557527189466
Batch_3/kbdh4tri,256,896,42.72460937499999,,,,874.3169398907102
Batch_3/kbdh4tri,256,1024,42.72460937499999,,,,592.4463095531967
Batch_3/kbdh4tri,256,1152,12.207031249999998,,,,214.07546160021403
Batch_3/kbdh4tri,256,1280,24.414062499999996,,,,473.79330766952916
Batch_3/kbdh4tri,256,1408,36.62109374999999,,,,429.87641053197194
Batch_3/kbdh4tri,256,1536,30.517578124999993,,,,211.9766825649178
Batch_3/kbdh4tri,256,1664,18.310546874999996,,,,201.54517971111855
Batch_3/kbdh4tri,256,1792,30.517578124999993,,,,308.10706720585404
Batch_3/kbdh4tri,256,1920,24.414062499999996,,,,189.96359031185685
Batch_3/kbdh4tri,256,2048,24.414062499999996,,,,952.9481834425252
Batch_3/kbdh4tri,256,2176,30.517578124999993,,,,308.40400925212026
Batch_3/kbdh4tri,256,2304,24.414062499999996,,,,201.2831802742483
Batch_3/kbdh4tri,256,2432,30.517578124999993,,,,467.61748889408454
Batch_3/kbdh4tri,256,2560,67.13867187499999,0.36563663957157266,2.3809869955405705,2.9763340088933057,521.5879455230368
Batch_3/kbdh4tri,256,2688,73.24218749999999,0.3654030801501602,2.366153448162982,3.7274960136695605,393.89463318562275
Batch_3/kbdh4tri,256,2816,54.931640624999986,,,,384.061449831973
Batch_3/kbdh4tri,256,2944,67.13867187499999,1.0249012754438886,1.847236308621676,1.9388759000592506,541.6384563303994
Batch_3/kbdh4tri,256,3072,61.035156249999986,0.9109629775512693,1.5812608722238124,1.9811009304541098,432.79634527530646
Batch_3/kbdh4tri,256,3200,30.517578124999993,,,,241.25452352231602
Batch_3/kbdh4tri,384,0,24.414062499999996,,,,292.7186242224661
Batch_3/kbdh4tri,384,128,30.517578124999993,,,,143.55784184711086
Batch_3/kbdh4tri,384,256,54.931640624999986,,,,190.87004930809604
Batch_3/kbdh4tri,384,384,36.62109374999999,,,,86.22547962923042
Batch_3/kbdh4tri,384,512,61.035156249999986,0.7042782551764697,1.5213854127768307,1.731611713939158,368.86757654002207
Batch_3/kbdh4tri,384,640,42.72460937499999,,,,829.5313148071339
Batch_3/kbdh4tri,384,768,18.310546874999996,,,,307.1410289224468
Batch_3/kbdh4tri,384,896,30.517578124999993,,,,250.27373689973405
Batch_3/kbdh4tri,384,1024,24.414062499999996,,,,261.9515389652914
Batch_3/kbdh4tri,384,1152,12.207031249999998,,,,266.31158455392807
Batch_3/kbdh4tri,384,1280,18.310546874999996,,,,443.951165371809
Batch_3/kbdh4tri,384,1408,36.62109374999999,,,,390.2439024390243
Batch_3/kbdh4tri,384,1536,42.72460937499999,,,,271.7655051926623
Batch_3/kbdh4tri,384,1664,18.310546874999996,,,,191.93857965451053
Batch_3/kbdh4tri,384,1792,30.517578124999993,,,,402.5764895330112
Batch_3/kbdh4tri,384,1920,30.517578124999993,,,,164.60905349794234
Batch_3/kbdh4tri,384,2048,67.13867187499999,0.390882009522336,1.7823390990813817,2.2204999745523346,619.5546950629234
Batch_3/kbdh4tri,384,2176,54.931640624999986,,,,1041.6666666666665
Batch_3/kbdh4tri,384,2304,42.72460937499999,,,,564.9717514124293
Batch_3/kbdh4tri,384,2432,48.82812499999999,,,,457.8405188859213
Batch_3/kbdh4tri,384,2560,54.931640624999986,,,,631.911532385466
Batch_3/kbdh4tri,384,2688,61.035156249999986,0.639498803214186,1.7371322003398553,3.7274960136695605,370.5174010850866
Batch_3/kbdh4tri,384,2816,61.035156249999986,0.46964455957355816,1.3172575616397588,3.7274960136695605,423.0565838180856
Batch_3/kbdh4tri,384,2944,85.44921874999999,0.40273749444396933,1.372715711512329,1.9388759000592506,585.9947260474654
Batch_3/kbdh4tri,384,3072,73.24218749999999,0.5696820366121236,1.518025589765991,1.9811009304541098,429.59939856084196
Batch_3/kbdh4tri,384,3200,24.414062499999996,,,,243.30900243308994
Batch_3/kbdh4tri,512,0,36.62109374999999,,,,291.587694999271
Batch_3/kbdh4tri,512,128,54.931640624999986,,,,398.40637450199193
Batch_3/kbdh4tri,512,256,67.13867187499999,0.8611980229936855,2.01297909853025,2.9419119302482986,321.38194235211404
Batch_3/kbdh4tri,512,384,48.82812499999999,,,,273.97260273972597
Batch_3/kbdh4tri,512,512,42.72460937499999,,,,280.78056998455696
Batch_3/kbdh4tri,512,640,24.414062499999996,,,,137.06844855649788
Batch_3/kbdh4tri,512,768,42.72460937499999,,,,199.18665449414885
Batch_3/kbdh4tri,512,896,36.62109374999999,,,,168.43878302979257
Batch_3/kbdh4tri,512,1024,18.310546874999996,,,,156.06710885680837
Batch_3/kbdh4tri,512,1152,24.414062499999996,,,,335.0785340314136
Batch_3/kbdh4tri,512,1280,30.517578124999993,,,,399.5205753096284
Batch_3/kbdh4tri,512,1408,30.517578124999993,,,,418.51948731362796
Batch_3/kbdh4tri,512,1536,24.414062499999996,,,,281.2280290602296
Batch_3/kbdh4tri,512,1664,18.310546874999996,,,,330.1237964236588
Batch_3/kbdh4tri,512,1792,24.414062499999996,,,,401.9090680733483
Batch_3/kbdh4tri,512,1920,30.517578124999993,,,,138.40830449826987
Batch_3/kbdh4tri,512,2048,73.24218749999999,0.921324225630264,1.8745222247729771,2.2204999745523346,305.4600992745322
Batch_3/kbdh4tri,512,2176,61.035156249999986,0.9108916518323809,1.433362372541425,1.7823390990813817,495.57522123893796
Batch_3/kbdh4tri,512,2304,61.035156249999986,0.7988262229562069,1.0694496592411347,1.7398640802108218,738.0073800738006
Batch_3/kbdh4tri,512,2432,73.24218749999999,0.531256697483556,0.9575011390394036,1.7398640802108218,800.5336891260839
Batch_3/kbdh4tri,512,2560,42.72460937499999,,,,481.5409309791331
Batch_3/kbdh4tri,512,2688,48.82812499999999,,,,154.5117428924598
Batch_3/kbdh4tri,512,2816,85.44921874999999,0.5334961394074903,0.8228589627927271,5.189624212793305,344.33285509325674
Batch_3/kbdh4tri,512,2944,79.34570312499999,0.3989422804014327,0.8443256880496129,1.1227230955528664,962.1166566446179
Batch_3/kbdh4tri,512,3072,54.931640624999986,,,,243.3301468671243
Batch_3/kbdh4tri,512,3200,12.207031249999998,,,,87.03220191470842
Batch_3/kbdh4tri,640,0,42.72460937499999,,,,186.28912071535018
Batch_3/kbdh4tri,640,128,73.24218749999999,0.5957463712333595,1.8452200452044392,1.9355896673580422,636.8300017689721
Batch_3/kbdh4tri,640,256,67.13867187499999,0.5970821321441847,1.7084793403214922,4.2677501903739055,330.51781123760554
Batch_3/kbdh4tri,640,384,61.035156249999986,0.6112318368162046,2.401259092323774,3.803575203286151,310.2378490175801
Batch_3/kbdh4tri,640,512,42.72460937499999,,,,270.63599458728004
Batch_3/kbdh4tri,640,640,18.310546874999996,,,,107.52688172043008
Batch_3/kbdh4tri,640,768,30.517578124999993,,,,178.21341055914456
Batch_3/kbdh4tri,640,896,24.414062499999996,,,,276.81660899653974
Batch_3/kbdh4tri,640,1024,30.517578124999993,,,,512.1638924455826
Batch_3/kbdh4tri,640,1152,48.82812499999999,,,,442.294402211472
Batch_3/kbdh4tri,640,1280,54.931640624999986,,,,591.618734593262
Batch_3/kbdh4tri,640,1408,54.931640624999986,,,,620.7565470417069
Batch_3/kbdh4tri,640,1536,61.035156249999986,0.4800439128360535,2.3171087113243303,2.6833131806550923,353.7866224433388
Batch_3/kbdh4tri,640,1664,48.82812499999999,,,,234.64998044583493
Batch_3/kbdh4tri,640,1792,48.82812499999999,,,,165.89479505080527
Batch_3/kbdh4tri,640,1920,36.62109374999999,,,,125.42133730500899
Batch_3/kbdh4tri,640,2048,42.72460937499999,,,,131.24436059388069
Batch_3/kbdh4tri,640,2176,54.931640624999986,,,,150.61186068402884
Batch_3/kbdh4tri,640,2304,79.34570312499999,0.4406461512053774,0.9663939612690813,3.242495264553305,369.4960484450374
Batch_3/kbdh4tri,640,2432,103.75976562499999,0.4406461512053774,0.9080887416377246,1.8106882193500473,832.8601173575619
Batch_3/kbdh4tri,640,2560,67.13867187499999,0.5322553886092406,1.8106882193500473,2.1491106180294217,500.55617352614
Batch_3/kbdh4tri,640,2688,48.82812499999999,,,,173.36030049118747
Batch_3/kbdh4tri,640,2816,73.24218749999999,0.42864603241259336,0.8619304568042634,5.189624212793305,258.6844050258684
Batch_3/kbdh4tri,640,2944,48.82812499999999,,,,1334.4453711426186
Batch_3/kbdh4tri,640,3072,48.82812499999999,,,,252.65817454468888
Batch_3/kbdh4tri,640,3200,48.82812499999999,,,,230.85802231627545
Batch_3/kbdh4tri,768,0,30.517578124999993,,,,178.6312381377693
Batch_3/kbdh4tri,768,128,85.44921874999999,0.40774462526992783,2.034437021175545,3.0497565270510307,397.1800218449011
Batch_3/kbdh4tri,768,256,109.86328124999997,0.3359460288182656,2.431694805346173,3.7712180677722373,355.1427400628329
Batch_3/kbdh4tri,768,384,109.86328124999997,0.48176342790782234,3.260355066638988,3.3368367983329663,216.71994365281458
Batch_3/kbdh4tri,768,512,61.035156249999986,0.6822590480625191,3.322248856250278,3.3804326518950334,138.31258644536652
Batch_3/kbdh4tri,768,640,42.72460937499999,,,,2103.6814425244174
Batch_3/kbdh4tri,768,768,42.72460937499999,,,,778.4264664998609
Batch_3/kbdh4tri,768,896,24.414062499999996,,,,340.9333049222246
Batch_3/kbdh4tri,768,1024,67.13867187499999,0.37424103185095553,0.9723067221642862,3.8608874588605815,460.1403428045553
Batch_3/kbdh4tri,768,1152,67.13867187499999,0.36996385101659596,0.8272643200907132,4.262526047236635,330.5238803503552
Batch_3/kbdh4tri,768,1280,61.035156249999986,0.36728935415492747,1.9107843376877014,2.8512513907289927,367.309458218549
Batch_3/kbdh4tri,768,1408,42.72460937499999,,,,249.31438544003984
Batch_3/kbdh4tri,768,1536,48.82812499999999,,,,343.47399411187433
Batch_3/kbdh4tri,768,1664,54.931640624999986,,,,203.71785077667428
Batch_3/kbdh4tri,768,1792,67.13867187499999,1.2360774464742068,2.896661630188228,3.912889664358086,149.52472498130936
Batch_3/kbdh4tri,768,1920,48.82812499999999,,,,177.76461002888672
Batch_3/kbdh4tri,768,2048,30.517578124999993,,,,148.98966384207094
Batch_3/kbdh4tri,768,2176,61.035156249999986,0.5090166441611323,2.564681865021647,5.578634023861865,185.56103218324145
Batch_3/kbdh4tri,768,2304,103.75976562499999,0.46524264916812785,1.8601944927509457,3.517938085701024,361.2825530633749
Batch_3/kbdh4tri,768,2432,140.38085937499997,0.5322553886092406,1.9334471824614965,2.3384960647043056,539.2773683264425
Batch_3/kbdh4tri,768,2560,109.86328124999997,0.513664869473078,2.0369590064117267,2.3384960647043056,569.8585529663171
Batch_3/kbdh4tri,768,2688,85.44921874999999,0.3818338588716881,1.265836120947804,1.8368682025524263,1049.8687664041993
Batch_3/kbdh4tri,768,2816,54.931640624999986,,,,872.6003490401393
Batch_3/kbdh4tri,768,2944,36.62109374999999,,,,2216.0664819944595
Batch_3/kbdh4tri,768,3072,67.13867187499999,0.44424332232904784,0.6651697090182843,0.9027033336764101,1453.22434150772
Batch_3/kbdh4tri,768,3200,54.931640624999986,,,,814.1112618724558
Batch_3/mgxahqnk,0,0,24.414062499999996,,,,239.32987634623052
Batch_3/mgxahqnk,0,128,12.207031249999998,,,,95.39709038874312
Batch_3/mgxahqnk,0,256,18.310546874999996,,,,178.20017820017816
Batch_3/mgxahqnk,0,384,24.414062499999996,,,,75.18325919428605
Batch_3/mgxahqnk,0,512,18.310546874999996,,,,61.491160645657175
Batch_3/mgxahqnk,0,640,6.103515624999999,,,,121.54360376785169
Batch_3/mgxahqnk,0,768,18.310546874999996,,,,158.10276679841894
Batch_3/mgxahqnk,0,896,24.414062499999996,,,,133.27410039982226
Batch_3/mgxahqnk,0,1024,30.517578124999993,,,,192.28458118014657
Batch_3/mgxahqnk,0,1152,48.82812499999999,,,,326.18825722273994
Batch_3/mgxahqnk,0,1280,42.72460937499999,,,,354.69977197871793
Batch_3/mgxahqnk,0,1408,24.414062499999996,,,,197.06860450794431
Batch_3/mgxahqnk,0,1536,42.72460937499999,,,,232.1262766945218
Batch_3/mgxahqnk,0,1664,67.13867187499999,0.36563663957157266,1.0734438914006277,2.155026969534606,332.08800332088003
Batch_3/mgxahqnk,0,1792,61.035156249999986,0.5245236528144056,1.2096177393518348,2.4351823709127043,282.75212064090476
Batch_3/mgxahqnk,0,1920,42.72460937499999,,,,80.31322156409998
Batch_3/mgxahqnk,0,2048,48.82812499999999,,,,148.00197335964478
Batch_3/mgxahqnk,0,2176,30.517578124999993,,,,1295.3367875647666
Batch_3/mgxahqnk,0,2304,12.207031249999998,,,,269.63262554769125
Batch_3/mgxahqnk,0,2432,24.414062499999996,,,,247.7547228244038
Batch_3/mgxahqnk,0,2560,48.82812499999999,,,,181.7851299763679
Batch_3/mgxahqnk,0,2688,48.82812499999999,,,,269.9419624780672
Batch_3/mgxahqnk,0,2816,18.310546874999996,,,,480.5766920304364
Batch_3/mgxahqnk,0,2944,18.310546874999996,,,,258.45358604350633
Batch_3/mgxahqnk,0,3072,24.414062499999996,,,,154.55950540958267
Batch_3/mgxahqnk,0,3200,18.310546874999996,,,,90.64128710627689
Batch_3/mgxahqnk,128,0,18.310546874999996,,,,52.73218640827894
Batch_3/mgxahqnk,128,128,18.310546874999996,,,,245.90163934426224
Batch_3/mgxahqnk,128,256,42.72460937499999,,,,309.23850019327404
Batch_3/mgxahqnk,128,384,36.62109374999999,,,,103.33247222939806
Batch_3/mgxahqnk,128,512,12.207031249999998,,,,36.28447024673439
Batch_3/mgxahqnk,128,640,0.0,,,,
Batch_3/mgxahqnk,128,768,12.207031249999998,,,,120.57272042200451
Batch_3/mgxahqnk,128,896,36.62109374999999,,,,139.0337156760514
Batch_3/mgxahqnk,128,1024,36.62109374999999,,,,186.9814187215145
Batch_3/mgxahqnk,128,1152,18.310546874999996,,,,266.72593909757717
Batch_3/mgxahqnk,128,1280,18.310546874999996,,,,156.7193417787645
Batch_3/mgxahqnk,128,1408,24.414062499999996,,,,121.59902720778233
Batch_3/mgxahqnk,128,1536,30.517578124999993,,,,121.82741116751266
Batch_3/mgxahqnk,128,1664,24.414062499999996,,,,136.49547858727178
Batch_3/mgxahqnk,128,1792,6.103515624999999,,,,52.966101694915245
Batch_3/mgxahqnk,128,1920,48.82812499999999,,,,133.67196898810315
Batch_3/mgxahqnk,128,2048,67.13867187499999,1.1283791670955126,2.636039608084854,2.863505311343852,217.46517159361193
Batch_3/mgxahqnk,128,2176,42.72460937499999,,,,379.2496275226872
Batch_3/mgxahqnk,128,2304,6.103515624999999,,,,30.07518796992481
Batch_3/mgxahqnk,128,2432,12.207031249999998,,,,70.90312860054948
Batch_3/mgxahqnk,128,2560,12.207031249999998,,,,108.81392818280739
Batch_3/mgxahqnk,128,2688,24.414062499999996,,,,351.4938488576449
Batch_3/mgxahqnk,128,2816,36.62109374999999,,,,292.2196517715816
Batch_3/mgxahqnk,128,2944,30.517578124999993,,,,185.1680399962966
Batch_3/mgxahqnk,128,3072,12.207031249999998,,,,121.59902720778233
Batch_3/mgxahqnk,128,3200,6.103515624999999,,,,85.50662676357416
Batch_3/mgxahqnk,256,0,24.414062499999996,,,,85.11845651865511
Batch_3/mgxahqnk,256,128,24.414062499999996,,,,312.37797735259653
Batch_3/mgxahqnk,256,256,48.82812499999999,,,,497.42405400604
Batch_3/mgxahqnk,256,384,30.517578124999993,,,,230.1164964763411
Batch_3/mgxahqnk,256,512,0.0,,,,
Batch_3/mgxahqnk,256,640,0.0,,,,
Batch_3/mgxahqnk,256,768,18.310546874999996,,,,266.48900732844766
Batch_3/mgxahqnk,256,896,48.82812499999999,,,,370.0848111025443
Batch_3/mgxahqnk,256,1024,36.62109374999999,,,,422.3864836325236
Batch_3/mgxahqnk,256,1152,0.0,,,,
Batch_3/mgxahqnk,256,1280,12.207031249999998,,,,306.16150019135085
Batch_3/mgxahqnk,256,1408,24.414062499999996,,,,290.80334423845864
Batch_3/mgxahqnk,256,1536,18.310546874999996,,,,265.8396101019052
Batch_3/mgxahqnk,256,1664,6.103515624999999,,,,87.87346221441122
Batch_3/mgxahqnk,256,1792,12.207031249999998,,,,240.6738868832731
Batch_3/mgxahqnk,256,1920,42.72460937499999,,,,177.5725827932167
Batch_3/mgxahqnk,256,2048,42.72460937499999,,,,107.69479295676051
Batch_3/mgxahqnk,256,2176,42.72460937499999,,,,228.53411687887686
Batch_3/mgxahqnk,256,2304,18.310546874999996,,,,47.317679067841716
Batch_3/mgxahqnk,256,2432,36.62109374999999,,,,91.13001215066826
Batch_3/mgxahqnk,256,2560,24.414062499999996,,,,198.51116625310166
Batch_3/mgxahqnk,256,2688,30.517578124999993,,,,256.2788313685289
Batch_3/mgxahqnk,256,2816,48.82812499999999,,,,249.27942665731862
Batch_3/mgxahqnk,256,2944,42.72460937499999,,,,226.61055357720937
Batch_3/mgxahqnk,256,3072,18.310546874999996,,,,144.36958614051971
Batch_3/mgxahqnk,256,3200,18.310546874999996,,,,253.53898161842375
Batch_3/mgxahqnk,384,0,18.310546874999996,,,,321.5434083601286
Batch_3/mgxahqnk,384,128,12.207031249999998,,,,1273.885350318471
Batch_3/mgxahqnk,384,256,30.517578124999993,,,,334.58803847762437
Batch_3/mgxahqnk,384,384,18.310546874999996,,,,111.60714285714285
Batch_3/mgxahqnk,384,512,0.0,,,,
Batch_3/mgxahqnk,384,640,0.0,,,,
Batch_3/mgxahqnk,384,768,12.207031249999998,,,,402.6170105686964
Batch_3/mgxahqnk,384,896,30.517578124999993,,,,796.4954201513339
Batch_3/mgxahqnk,384,1024,18.310546874999996,,,,578.0346820809247
Batch_3/mgxahqnk,384,1152,12.207031249999998,,,,322.32070910556
Batch_3/mgxahqnk,384,1280,18.310546874999996,,,,619.8347107438016
Batch_3/mgxahqnk,384,1408,12.207031249999998,,,,1151.0791366906471
Batch_3/mgxahqnk,384,1536,6.103515624999999,,,,454.0295119182746
Batch_3/mgxahqnk,384,1664,6.103515624999999,,,,113.96011396011393
Batch_3/mgxahqnk,384,1792,36.62109374999999,,,,373.2039559619331
Batch_3/mgxahqnk,384,1920,48.82812499999999,,,,244.39918533604884
Batch_3/mgxahqnk,384,2048,24.414062499999996,,,,97.44214372716198
Batch_3/mgxahqnk,384,2176,24.414062499999996,,,,124.59118517364895
Batch_3/mgxahqnk,384,2304,12.207031249999998,,,,14.201015372599137
Batch_3/mgxahqnk,384,2432,18.310546874999996,,,,35.92276605298608
Batch_3/mgxahqnk,384,2560,24.414062499999996,,,,120.61816811157178
Batch_3/mgxahqnk,384,2688,36.62109374999999,,,,101.66045408336156
Batch_3/mgxahqnk,384,2816,42.72460937499999,,,,125.74662055957245
Batch_3/mgxahqnk,384,2944,36.62109374999999,,,,195.04583577140625
Batch_3/mgxahqnk,384,3072,12.207031249999998,,,,108.90280424720936
Batch_3/mgxahqnk,384,3200,18.310546874999996,,,,246.1538461538461
Batch_3/mgxahqnk,512,0,24.414062499999996,,,,261.7801047120418
Batch_3/mgxahqnk,512,128,12.207031249999998,,,,435.72984749455327
Batch_3/mgxahqnk,512,256,30.517578124999993,,,,662.251655629139
Batch_3/mgxahqnk,512,384,30.517578124999993,,,,423.72881355932196
Batch_3/mgxahqnk,512,512,18.310546874999996,,,,208.659363588941
Batch_3/mgxahqnk,512,640,6.103515624999999,,,,145.0852375770765
Batch_3/mgxahqnk,512,768,6.103515624999999,,,,290.9090909090908
Batch_3/mgxahqnk,512,896,12.207031249999998,,,,631.911532385466
Batch_3/mgxahqnk,512,1024,6.103515624999999,,,,406.09137055837556
Batch_3/mgxahqnk,512,1152,12.207031249999998,,,,274.914089347079
Batch_3/mgxahqnk,512,1280,12.207031249999998,,,,261.7801047120418
Batch_3/mgxahqnk,512,1408,0.0,,,,
Batch_3/mgxahqnk,512,1536,6.103515624999999,,,,54.95260337958509
Batch_3/mgxahqnk,512,1664,36.62109374999999,,,,207.17337822089857
Batch_3/mgxahqnk,512,1792,36.62109374999999,,,,294.767870302137
Batch_3/mgxahqnk,512,1920,48.82812499999999,,,,451.1617414843221
Batch_3/mgxahqnk,512,2048,0.0,,,,
Batch_3/mgxahqnk,512,2176,12.207031249999998,,,,57.240984544934165
Batch_3/mgxahqnk,512,2304,12.207031249999998,,,,23.04147465437788
Batch_3/mgxahqnk,512,2432,30.517578124999993,,,,79.22988551281543
Batch_3/mgxahqnk,512,2560,42.72460937499999,,,,171.46356399265153
Batch_3/mgxahqnk,512,2688,30.517578124999993,,,,91.89065012634963
Batch_3/mgxahqnk,512,2816,12.207031249999998,,,,26.95417789757412
Batch_3/mgxahqnk,512,2944,18.310546874999996,,,,117.45705476435175
Batch_3/mgxahqnk,512,3072,24.414062499999996,,,,653.3278889342588
Batch_3/mgxahqnk,512,3200,42.72460937499999,,,,1200.6861063464835
Batch_3/mgxahqnk,640,0,30.517578124999993,,,,731.2614259597805
Batch_3/mgxahqnk,640,128,18.310546874999996,,,,487.6066639577406
Batch_3/mgxahqnk,640,256,12.207031249999998,,,,441.74489232468244
Batch_3/mgxahqnk,640,384,12.207031249999998,,,,251.73064820641912
Batch_3/mgxahqnk,640,512,30.517578124999993,,,,138.73233330443074
Batch_3/mgxahqnk,640,640,18.310546874999996,,,,100.10845082172352
Batch_3/mgxahqnk,640,768,24.414062499999996,,,,372.0930232558139
Batch_3/mgxahqnk,640,896,18.310546874999996,,,,358.74439461883395
Batch_3/mgxahqnk,640,1024,6.103515624999999,,,,331.1258278145695
Batch_3/mgxahqnk,640,1152,0.0,,,,
Batch_3/mgxahqnk,640,1280,18.310546874999996,,,,79.66540529774944
Batch_3/mgxahqnk,640,1408,30.517578124999993,,,,114.10640422193694
Batch_3/mgxahqnk,640,1536,18.310546874999996,,,,86.19760801637753
Batch_3/mgxahqnk,640,1664,42.72460937499999,,,,195.82245430809394
Batch_3/mgxahqnk,640,1792,18.310546874999996,,,,102.35414534288638
Batch_3/mgxahqnk,640,1920,30.517578124999993,,,,259.01143967191877
Batch_3/mgxahqnk,640,2048,18.310546874999996,,,,280.7674309780065
Batch_3/mgxahqnk,640,2176,24.414062499999996,,,,125.56898446083814
Batch_3/mgxahqnk,640,2304,30.517578124999993,,,,113.2631102050062
Batch_3/mgxahqnk,640,2432,36.62109374999999,,,,131.29102844638945
Batch_3/mgxahqnk,640,2560,24.414062499999996,,,,98.97315353210439
Batch_3/mgxahqnk,640,2688,18.310546874999996,,,,213.8275124732715
Batch_3/mgxahqnk,640,2816,0.0,,,,
Batch_3/mgxahqnk,640,2944,12.207031249999998,,,,116.993272886809
Batch_3/mgxahqnk,640,3072,48.82812499999999,,,,793.2011331444759
Batch_3/mgxahqnk,640,3200,61.035156249999986,0.31375864909803475,1.899244302261567,4.505399143465574,375.50850109523304
Batch_3/pl8uabbv,0,0,79.34570312499999,0.5585191925620058,2.0066846657885797,2.581128806903433,189.071658158442
Batch_3/pl8uabbv,0,128,109.86328124999997,0.47974534427537757,2.7183709142041277,3.654624854109086,114.10314924691919
Batch_3/pl8uabbv,0,256,170.89843749999997,0.4314865834129116,1.5057563103152112,3.264020816504005,325.61051972448337
Batch_3/pl8uabbv,0,384,164.79492187499997,0.4184141935942003,1.133347999589258,5.342252745353656,305.6857550438149
Batch_3/pl8uabbv,0,512,103.75976562499999,0.4029119531035698,2.280428854654466,5.0827187963408385,255.338904363974
Batch_3/pl8uabbv,0,640,103.75976562499999,0.49827874851668796,1.5532849058593547,2.915282826949593,846.1429981666901
Batch_3/pl8uabbv,0,768,61.035156249999986,0.7206771082574217,1.6958804803250884,3.4956997197407738,309.8773402194964
Batch_3/pl8uabbv,0,896,48.82812499999999,,,,292.96874999999994
Batch_3/pl8uabbv,0,1024,30.517578124999993,,,,346.5603881476347
Batch_3/pl8uabbv,0,1152,30.517578124999993,,,,429.2766688130499
Batch_3/pl8uabbv,0,1280,30.517578124999993,,,,230.5475504322766
Batch_3/pl8uabbv,0,1408,48.82812499999999,,,,240.36397974075024
Batch_3/pl8uabbv,0,1536,36.62109374999999,,,,398.40637450199193
Batch_3/pl8uabbv,0,1664,42.72460937499999,,,,1483.312731767614
Batch_3/pl8uabbv,0,1792,67.13867187499999,0.7632215220473916,1.7444318593504988,2.0342144725641096,704.9148227922458
Batch_3/pl8uabbv,0,1920,54.931640624999986,,,,301.85831525327796
Batch_3/pl8uabbv,0,2048,36.62109374999999,,,,202.757502027575
Batch_3/pl8uabbv,0,2176,30.517578124999993,,,,445.1864218141346
Batch_3/pl8uabbv,0,2304,12.207031249999998,,,,545.3306066802998
Batch_3/pl8uabbv,0,2432,24.414062499999996,,,,181.07741059302847
Batch_3/pl8uabbv,0,2560,54.931640624999986,,,,225.95678576472244
Batch_3/pl8uabbv,0,2688,61.035156249999986,0.5432308216762705,1.044365946099928,1.0808317548511017,382.6530612244897
Batch_3/pl8uabbv,0,2816,42.72460937499999,,,,185.44274455261933
Batch_3/pl8uabbv,0,2944,30.517578124999993,,,,166.69444907484578
Batch_3/pl8uabbv,0,3072,30.517578124999993,,,,336.7003367003366
Batch_3/pl8uabbv,0,3200,12.207031249999998,,,,224.08963585434165
Batch_3/pl8uabbv,128,0,97.65624999999999,0.33614640451744054,0.8973912299483897,1.234789194486394,368.7253833905974
Batch_3/pl8uabbv,128,128,91.55273437499999,0.3431831258788849,1.162788270244166,3.644158126589425,238.48561633626466
Batch_3/pl8uabbv,128,256,97.65624999999999,0.4203075090793378,1.5455062675451179,3.260117651201682,173.78351539225417
Batch_3/pl8uabbv,128,384,91.55273437499999,0.4184141935942003,0.8598292022130064,5.285646479887896,139.8601398601398
Batch_3/pl8uabbv,128,512,61.035156249999986,0.4424778722968433,1.192961587998016,5.023188696215691,177.45104252487482
Batch_3/pl8uabbv,128,640,54.931640624999986,,,,569.9020480854851
Batch_3/pl8uabbv,128,768,24.414062499999996,,,,287.42514970059875
Batch_3/pl8uabbv,128,896,30.517578124999993,,,,208.00832033281327
Batch_3/pl8uabbv,128,1024,36.62109374999999,,,,203.06630114732454
Batch_3/pl8uabbv,128,1152,30.517578124999993,,,,423.9084357778719
Batch_3/pl8uabbv,128,1280,12.207031249999998,,,,918.4845005740527
Batch_3/pl8uabbv,128,1408,6.103515624999999,,,,324.9390739236392
Batch_3/pl8uabbv,128,1536,0.0,,,,
Batch_3/pl8uabbv,128,1664,54.931640624999986,,,,706.4641469445424
Batch_3/pl8uabbv,128,1792,73.24218749999999,0.7416208657723989,2.0063276286843292,2.7622251848510584,413.2841328413283
Batch_3/pl8uabbv,128,1920,36.62109374999999,,,,422.11903756859425
Batch_3/pl8uabbv,128,2048,6.103515624999999,,,,550.9641873278237
Batch_3/pl8uabbv,128,2176,0.0,,,,
Batch_3/pl8uabbv,128,2304,0.0,,,,
Batch_3/pl8uabbv,128,2432,6.103515624999999,,,,85.87376556461999
Batch_3/pl8uabbv,128,2560,18.310546874999996,,,,139.71358714634997
Batch_3/pl8uabbv,128,2688,12.207031249999998,,,,125.82573136206351
Batch_3/pl8uabbv,128,2816,18.310546874999996,,,,56.50116533653505
Batch_3/pl8uabbv,128,2944,36.62109374999999,,,,109.6551346016777
Batch_3/pl8uabbv,128,3072,36.62109374999999,,,,316.2055335968378
Batch_3/pl8uabbv,128,3200,18.310546874999996,,,,204.39448134900354
Batch_3/pl8uabbv,256,0,42.72460937499999,,,,254.34506146672314
Batch_3/pl8uabbv,256,128,36.62109374999999,,,,261.65167620605064
Batch_3/pl8uabbv,256,256,24.414062499999996,,,,326.797385620915
Batch_3/pl8uabbv,256,384,18.310546874999996,,,,95.44261512765448
Batch_3/pl8uabbv,256,512,30.517578124999993,,,,112.9066403217839
Batch_3/pl8uabbv,256,640,30.517578124999993,,,,146.33254069873786
Batch_3/pl8uabbv,256,768,24.414062499999996,,,,123.27922745017463
Batch_3/pl8uabbv,256,896,18.310546874999996,,,,74.81529972879453
Batch_3/pl8uabbv,256,1024,30.517578124999993,,,,218.28103683492492
Batch_3/pl8uabbv,256,1152,30.517578124999993,,,,610.1281269066502
Batch_3/pl8uabbv,256,1280,6.103515624999999,,,,273.4107997265892
Batch_3/pl8uabbv,256,1408,0.0,,,,
Batch_3/pl8uabbv,256,1536,18.310546874999996,,,,387.847446670976
Batch_3/pl8uabbv,256,1664,67.13867187499999,0.5232078956954491,1.828183197857863,1.9994929783493642,390.37085230969416
Batch_3/pl8uabbv,256,1792,67.13867187499999,0.4259537945889915,1.828183197857863,2.7622251848510584,256.01638504864303
Batch_3/pl8uabbv,256,1920,42.72460937499999,,,,366.18858712236795
Batch_3/pl8uabbv,256,2048,0.0,,,,
Batch_3/pl8uabbv,256,2176,6.103515624999999,,,,66.99045386032489
Batch_3/pl8uabbv,256,2304,18.310546874999996,,,,53.26941004128378
Batch_3/pl8uabbv,256,2432,18.310546874999996,,,,77.46683451147474
Batch_3/pl8uabbv,256,2560,12.207031249999998,,,,136.518771331058
Batch_3/pl8uabbv,256,2688,12.207031249999998,,,,107.64262648008611
Batch_3/pl8uabbv,256,2816,30.517578124999993,,,,143.8848920863309
Batch_3/pl8uabbv,256,2944,42.72460937499999,,,,165.02784844942582
Batch_3/pl8uabbv,256,3072,18.310546874999996,,,,190.44596095857796
Batch_3/pl8uabbv,256,3200,6.103515624999999,,,,97.68009768009765
Batch_3/pl8uabbv,384,0,12.207031249999998,,,,115.50678602367887
Batch_3/pl8uabbv,384,128,12.207031249999998,,,,127.28719172633251
Batch_3/pl8uabbv,384,256,30.517578124999993,,,,288.5482416591523
Batch_3/pl8uabbv,384,384,24.414062499999996,,,,79.02795613948432
Batch_3/pl8uabbv,384,512,36.62109374999999,,,,155.9454191033138
Batch_3/pl8uabbv,384,640,42.72460937499999,,,,246.22960911049552
Batch_3/pl8uabbv,384,768,30.517578124999993,,,,227.11142654364792
Batch_3/pl8uabbv,384,896,24.414062499999996,,,,251.2562814070351
Batch_3/pl8uabbv,384,1024,42.72460937499999,,,,658.7615283267456
Batch_3/pl8uabbv,384,1152,30.517578124999993,,,,481.92771084337335
Batch_3/pl8uabbv,384,1280,12.207031249999998,,,,276.529554096094
Batch_3/pl8uabbv,384,1408,36.62109374999999,,,,395.5696202531645
Batch_3/pl8uabbv,384,1536,48.82812499999999,,,,274.1603838245373
Batch_3/pl8uabbv,384,1664,48.82812499999999,,,,208.98641588296758
Batch_3/pl8uabbv,384,1792,48.82812499999999,,,,269.04967810127795
Batch_3/pl8uabbv,384,1920,54.931640624999986,,,,354.64922974620407
Batch_3/pl8uabbv,384,2048,6.103515624999999,,,,76.67241709794901
Batch_3/pl8uabbv,384,2176,36.62109374999999,,,,165.08460586050347
Batch_3/pl8uabbv,384,2304,54.931640624999986,,,,93.870271285084
Batch_3/pl8uabbv,384,2432,36.62109374999999,,,,121.92334069953516
Batch_3/pl8uabbv,384,2560,12.207031249999998,,,,289.85507246376807
Batch_3/pl8uabbv,384,2688,6.103515624999999,,,,99.009900990099
Batch_3/pl8uabbv,384,2816,24.414062499999996,,,,347.0715835140997
Batch_3/pl8uabbv,384,2944,30.517578124999993,,,,366.1662394727205
Batch_3/pl8uabbv,384,3072,18.310546874999996,,,,211.11893033075296
Batch_3/pl8uabbv,384,3200,6.103515624999999,,,,70.67137809187278
Batch_3/pl8uabbv,512,0,12.207031249999998,,,,127.69353551476453
Batch_3/pl8uabbv,512,128,18.310546874999996,,,,268.21636119803304
Batch_3/pl8uabbv,512,256,36.62109374999999,,,,273.2707087959009
Batch_3/pl8uabbv,512,384,24.414062499999996,,,,127.02445220704983
Batch_3/pl8uabbv,512,512,36.62109374999999,,,,352.31943628890184
Batch_3/pl8uabbv,512,640,36.62109374999999,,,,372.4972838739717
Batch_3/pl8uabbv,512,768,6.103515624999999,,,,210.85925144965734
Batch_3/pl8uabbv,512,896,0.0,,,,
Batch_3/pl8uabbv,512,1024,18.310546874999996,,,,368.8335638543106
Batch_3/pl8uabbv,512,1152,18.310546874999996,,,,333.4722801167152
Batch_3/pl8uabbv,512,1280,18.310546874999996,,,,657.8947368421052
Batch_3/pl8uabbv,512,1408,42.72460937499999,,,,535.8338914936369
Batch_3/pl8uabbv,512,1536,36.62109374999999,,,,228.85913720105273
Batch_3/pl8uabbv,512,1664,18.310546874999996,,,,115.5624036979969
Batch_3/pl8uabbv,512,1792,18.310546874999996,,,,144.71780028943556
Batch_3/pl8uabbv,512,1920,36.62109374999999,,,,292.0560747663551
Batch_3/pl8uabbv,512,2048,24.414062499999996,,,,348.96401308615043
Batch_3/pl8uabbv,512,2176,54.931640624999986,,,,283.68794326241124
Batch_3/pl8uabbv,512,2304,54.931640624999986,,,,190.24065442785118
Batch_3/pl8uabbv,512,2432,24.414062499999996,,,,318.04929764113433
Batch_3/pl8uabbv,512,2560,12.207031249999998,,,,361.33694670280033
Batch_3/pl8uabbv,512,2688,6.103515624999999,,,,140.54813773717495
Batch_3/pl8uabbv,512,2816,6.103515624999999,,,,186.39328984156566
Batch_3/pl8uabbv,512,2944,12.207031249999998,,,,213.67521367521363
Batch_3/pl8uabbv,512,3072,12.207031249999998,,,,144.9012859989132
Batch_3/pl8uabbv,512,3200,12.207031249999998,,,,104.479561185843
Batch_3/pl8uabbv,640,0,6.103515624999999,,,,35.423308537017355
Batch_3/pl8uabbv,640,128,18.310546874999996,,,,457.14285714285705
Batch_3/pl8uabbv,640,256,24.414062499999996,,,,1298.7012987012984
Batch_3/pl8uabbv,640,384,12.207031249999998,,,,477.8972520908004
Batch_3/pl8uabbv,640,512,18.310546874999996,,,,238.14248858900572
Batch_3/pl8uabbv,640,640,18.310546874999996,,,,204.35967302452312
Batch_3/pl8uabbv,640,768,0.0,,,,
Batch_3/pl8uabbv,640,896,6.103515624999999,,,,61.75698625907055
Batch_3/pl8uabbv,640,1024,18.310546874999996,,,,157.563025210084
Batch_3/pl8uabbv,640,1152,30.517578124999993,,,,150.46078615760766
Batch_3/pl8uabbv,640,1280,30.517578124999993,,,,157.80648979189266
Batch_3/pl8uabbv,640,1408,30.517578124999993,,,,445.0378282153982
Batch_3/pl8uabbv,640,1536,12.207031249999998,,,,207.41508944775728
Batch_3/pl8uabbv,640,1664,6.103515624999999,,,,99.67605282830797
Batch_3/pl8uabbv,640,1792,6.103515624999999,,,,170.57569296375263
Batch_3/pl8uabbv,640,1920,6.103515624999999,,,,223.46368715083798
Batch_3/pl8uabbv,640,2048,24.414062499999996,,,,640.7689227072485
Batch_3/pl8uabbv,640,2176,42.72460937499999,,,,320.10243277848906
Batch_3/pl8uabbv,640,2304,30.517578124999993,,,,180.80458038270297
Batch_3/pl8uabbv,640,2432,6.103515624999999,,,,151.7450682852807
Batch_3/pl8uabbv,640,2560,0.0,,,,
Batch_3/pl8uabbv,640,2688,6.103515624999999,,,,52.966101694915245
Batch_3/pl8uabbv,640,2816,12.207031249999998,,,,39.39722249581404
Batch_3/pl8uabbv,640,2944,18.310546874999996,,,,122.1747098350641
Batch_3/pl8uabbv,640,3072,6.103515624999999,,,,53.995680345572346
Batch_3/pl8uabbv,640,3200,12.207031249999998,,,,118.85306789481501
Batch_3/pl8uabbv,768,0,12.207031249999998,,,,86.44910309055541
Batch_3/pl8uabbv,768,128,18.310546874999996,,,,474.49584816132847
Batch_3/pl8uabbv,768,256,12.207031249999998,,,,528.7508261731658
Batch_3/pl8uabbv,768,384,12.207031249999998,,,,273.1307613519972
Batch_3/pl8uabbv,768,512,24.414062499999996,,,,174.3869209809264
Batch_3/pl8uabbv,768,640,24.414062499999996,,,,206.3717270733909
Batch_3/pl8uabbv,768,768,12.207031249999998,,,,71.96833393306943
Batch_3/pl8uabbv,768,896,18.310546874999996,,,,88.95807850550426
Batch_3/pl8uabbv,768,1024,18.310546874999996,,,,142.77215942891132
Batch_3/pl8uabbv,768,1152,24.414062499999996,,,,89.17954815695599
Batch_3/pl8uabbv,768,1280,36.62109374999999,,,,149.22032380810262
Batch_3/pl8uabbv,768,1408,36.62109374999999,,,,375.29319781078965
Batch_3/pl8uabbv,768,1536,18.310546874999996,,,,248.44720496894405
Batch_3/pl8uabbv,768,1664,12.207031249999998,,,,250.07814942169426
Batch_3/pl8uabbv,768,1792,12.207031249999998,,,,335.71128829206873
Batch_3/pl8uabbv,768,1920,18.310546874999996,,,,205.7084083311905
Batch_3/pl8uabbv,768,2048,18.310546874999996,,,,47.69285799451531
Batch_3/pl8uabbv,768,2176,24.414062499999996,,,,105.97430123195124
Batch_3/pl8uabbv,768,2304,6.103515624999999,,,,70.80899274207823
Batch_3/pl8uabbv,768,2432,6.103515624999999,,,,63.47191367819739
Batch_3/pl8uabbv,768,2560,0.0,,,,
Batch_3/pl8uabbv,768,2688,18.310546874999996,,,,102.62550243735566
Batch_3/pl8uabbv,768,2816,24.414062499999996,,,,91.22700319294509
Batch_3/pl8uabbv,768,2944,36.62109374999999,,,,288.5170225043277
Batch_3/pl8uabbv,768,3072,12.207031249999998,,,,109.98075336816056
Batch_3/pl8uabbv,768,3200,12.207031249999998,,,,148.45054741139356
Batch_3/ptg8lmto,0,0,42.72460937499999,,,,307.02315466291407
Batch_3/ptg8lmto,0,128,48.82812499999999,,,,148.9599404160238
Batch_3/ptg8lmto,0,256,30.517578124999993,,,,103.34315093267192
Batch_3/ptg8lmto,0,384,12.207031249999998,,,,93.81963175794533
Batch_3/ptg8lmto,0,512,18.310546874999996,,,,221.6885276186957
Batch_3/ptg8lmto,0,640,12.207031249999998,,,,151.20015120015117
Batch_3/ptg8lmto,0,768,42.72460937499999,,,,338.81077418261896
Batch_3/ptg8lmto,0,896,103.75976562499999,0.4686510657907603,1.6130203579244262,5.5488841482371996,134.46884805020167
Batch_3/ptg8lmto,0,1024,109.86328124999997,0.4413655427294647,1.9790551204879974,5.723118668026381,133.08933621693558
Batch_3/ptg8lmto,0,1152,61.035156249999986,0.6327134293630492,1.4594664807722895,1.9819041337834626,494.2630185348631
Batch_3/ptg8lmto,0,1280,30.517578124999993,,,,666.0006660006659
Batch_3/ptg8lmto,0,1408,30.517578124999993,,,,964.3201542912244
Batch_3/ptg8lmto,0,1536,36.62109374999999,,,,989.2827699917558
Batch_3/ptg8lmto,0,1664,12.207031249999998,,,,264.72534745201847
Batch_3/ptg8lmto,0,1792,6.103515624999999,,,,154.14258188824658
Batch_3/ptg8lmto,0,1920,6.103515624999999,,,,157.4803149606299
Batch_3/ptg8lmto,0,2048,6.103515624999999,,,,134.27324605572335
Batch_3/ptg8lmto,0,2176,48.82812499999999,,,,461.4370468029004
Batch_3/ptg8lmto,0,2304,67.13867187499999,0.6457444935117649,2.5594564770010084,3.1209425687160595,410.3499373076484
Batch_3/ptg8lmto,0,2432,30.517578124999993,,,,291.8642831083545
Batch_3/ptg8lmto,0,2560,6.103515624999999,,,,82.78145695364238
Batch_3/ptg8lmto,0,2688,6.103515624999999,,,,41.7144644905621
Batch_3/ptg8lmto,0,2816,12.207031249999998,,,,102.6035654739002
Batch_3/ptg8lmto,0,2944,6.103515624999999,,,,85.0882790895554
Batch_3/ptg8lmto,0,3072,24.414062499999996,,,,323.2323232323232
Batch_3/ptg8lmto,0,3200,30.517578124999993,,,,620.7324643078832
Batch_3/ptg8lmto,128,0,12.207031249999998,,,,157.94669299111547
Batch_3/ptg8lmto,128,128,18.310546874999996,,,,98.96091044037604
Batch_3/ptg8lmto,128,256,24.414062499999996,,,,99.92505620784411
Batch_3/ptg8lmto,128,384,12.207031249999998,,,,82.77289187790997
Batch_3/ptg8lmto,128,512,18.310546874999996,,,,141.45938936696922
Batch_3/ptg8lmto,128,640,12.207031249999998,,,,96.5600482800241
Batch_3/ptg8lmto,128,768,18.310546874999996,,,,292.1129503407984
Batch_3/ptg8lmto,128,896,36.62109374999999,,,,135.60471226375114
Batch_3/ptg8lmto,128,1024,42.72460937499999,,,,80.14425966740131
Batch_3/ptg8lmto,128,1152,42.72460937499999,,,,375.79857196542645
Batch_3/ptg8lmto,128,1280,12.207031249999998,,,,693.2409012131714
Batch_3/ptg8lmto,128,1408,0.0,,,,
Batch_3/ptg8lmto,128,1536,12.207031249999998,,,,248.44720496894408
Batch_3/ptg8lmto,128,1664,18.310546874999996,,,,238.9486260454002
Batch_3/ptg8lmto,128,1792,18.310546874999996,,,,237.60023760023753
Batch_3/ptg8lmto,128,1920,42.72460937499999,,,,354.35861091424516
Batch_3/ptg8lmto,128,2048,54.931640624999986,,,,298.8260405549626
Batch_3/ptg8lmto,128,2176,67.13867187499999,0.5232078956954491,1.7607777518557306,2.0334319318648073,435.88812204867406
Batch_3/ptg8lmto,128,2304,67.13867187499999,0.3867888913947525,1.203457511562518,1.7000746355818674,861.8367896579583
Batch_3/ptg8lmto,128,2432,36.62109374999999,,,,381.04310550130975
Batch_3/ptg8lmto,128,2560,12.207031249999998,,,,113.45908381789815
Batch_3/ptg8lmto,128,2688,12.207031249999998,,,,86.35578583765111
Batch_3/ptg8lmto,128,2816,30.517578124999993,,,,183.12922055625498
Batch_3/ptg8lmto,128,2944,36.62109374999999,,,,332.84793010193465
Batch_3/ptg8lmto,128,3072,30.517578124999993,,,,476.94753577106513
Batch_3/ptg8lmto,128,3200,30.517578124999993,,,,627.205017640141
Batch_3/ptg8lmto,256,0,6.103515624999999,,,,653.59477124183
Batch_3/ptg8lmto,256,128,12.207031249999998,,,,997.5062344139649
Batch_3/ptg8lmto,256,256,18.310546874999996,,,,618.8757091284166
Batch_3/ptg8lmto,256,384,18.310546874999996,,,,331.9502074688796
Batch_3/ptg8lmto,256,512,24.414062499999996,,,,274.9613335624677
Batch_3/ptg8lmto,256,640,12.207031249999998,,,,173.38534893801472
Batch_3/ptg8lmto,256,768,6.103515624999999,,,,284.6975088967971
Batch_3/ptg8lmto,256,896,6.103515624999999,,,,302.3431594860166
Batch_3/ptg8lmto,256,1024,12.207031249999998,,,,347.2222222222222
Batch_3/ptg8lmto,256,1152,18.310546874999996,,,,400.13337779259746
Batch_3/ptg8lmto,256,1280,6.103515624999999,,,,206.71834625322992
Batch_3/ptg8lmto,256,1408,6.103515624999999,,,,125.9049417689644
Batch_3/ptg8lmto,256,1536,18.310546874999996,,,,105.93220338983049
Batch_3/ptg8lmto,256,1664,24.414062499999996,,,,174.16545718432505
Batch_3/ptg8lmto,256,1792,18.310546874999996,,,,322.32070910556
Batch_3/ptg8lmto,256,1920,42.72460937499999,,,,403.7956793862305
Batch_3/ptg8lmto,256,2048,54.931640624999986,,,,324.2241778601204
Batch_3/ptg8lmto,256,2176,36.62109374999999,,,,318.97926634768737
Batch_3/ptg8lmto,256,2304,24.414062499999996,,,,679.4055201698512
Batch_3/ptg8lmto,256,2432,24.414062499999996,,,,408.684546615581
Batch_3/ptg8lmto,256,2560,12.207031249999998,,,,130.80444735120992
Batch_3/ptg8lmto,256,2688,24.414062499999996,,,,284.54561621910005
Batch_3/ptg8lmto,256,2816,48.82812499999999,,,,249.78144123891587
Batch_3/ptg8lmto,256,2944,48.82812499999999,,,,225.098480585256
Batch_3/ptg8lmto,256,3072,24.414062499999996,,,,209.15032679738556
Batch_3/ptg8lmto,256,3200,30.517578124999993,,,,280.60329708874076
Batch_3/ptg8lmto,384,0,12.207031249999998,,,,213.96095212623692
Batch_3/ptg8lmto,384,128,18.310546874999996,,,,364.4093531733981
Batch_3/ptg8lmto,384,256,24.414062499999996,,,,530.85600530856
Batch_3/ptg8lmto,384,384,24.414062499999996,,,,165.83747927031507
Batch_3/ptg8lmto,384,512,18.310546874999996,,,,80.26487408447878
Batch_3/ptg8lmto,384,640,18.310546874999996,,,,274.914089347079
Batch_3/ptg8lmto,384,768,18.310546874999996,,,,266.72593909757717
Batch_3/ptg8lmto,384,896,18.310546874999996,,,,233.14552166310466
Batch_3/ptg8lmto,384,1024,18.310546874999996,,,,717.7033492822965
Batch_3/ptg8lmto,384,1152,18.310546874999996,,,,461.53846153846143
Batch_3/ptg8lmto,384,1280,18.310546874999996,,,,144.84881405033494
Batch_3/ptg8lmto,384,1408,30.517578124999993,,,,115.81614187477376
Batch_3/ptg8lmto,384,1536,12.207031249999998,,,,35.075412136092595
Batch_3/ptg8lmto,384,1664,18.310546874999996,,,,84.82363752032232
Batch_3/ptg8lmto,384,1792,18.310546874999996,,,,390.49788480312384
Batch_3/ptg8lmto,384,1920,24.414062499999996,,,,397.21946375372386
Batch_3/ptg8lmto,384,2048,18.310546874999996,,,,343.54423131978234
Batch_3/ptg8lmto,384,2176,24.414062499999996,,,,841.6622830089424
Batch_3/ptg8lmto,384,2304,42.72460937499999,,,,1408.4507042253517
Batch_3/ptg8lmto,384,2432,48.82812499999999,,,,1064.2341315089316
Batch_3/ptg8lmto,384,2560,24.414062499999996,,,,351.8029903254177
Batch_3/ptg8lmto,384,2688,36.62109374999999,,,,254.37201907790137
Batch_3/ptg8lmto,384,2816,48.82812499999999,,,,252.2863450015767
Batch_3/ptg8lmto,384,2944,24.414062499999996,,,,235.98820058997046
Batch_3/ptg8lmto,384,3072,0.0,,,,
Batch_3/ptg8lmto,384,3200,6.103515624999999,,,,100.7556675062972
Batch_3/ptg8lmto,512,0,24.414062499999996,,,,362.07286716451677
Batch_3/ptg8lmto,512,128,18.310546874999996,,,,365.8536585365853
Batch_3/ptg8lmto,512,256,24.414062499999996,,,,713.6485280999107
Batch_3/ptg8lmto,512,384,18.310546874999996,,,,130.7901907356948
Batch_3/ptg8lmto,512,512,12.207031249999998,,,,41.12687641373637
Batch_3/ptg8lmto,512,640,30.517578124999993,,,,221.8934911242603
Batch_3/ptg8lmto,512,768,61.035156249999986,0.6765222058397673,2.181659542394314,2.8107741593877096,435.72984749455327
Batch_3/ptg8lmto,512,896,48.82812499999999,,,,555.4453481452092
Batch_3/ptg8lmto,512,1024,12.207031249999998,,,,627.9434850863421
Batch_3/ptg8lmto,512,1152,18.310546874999996,,,,453.0011325028311
Batch_3/ptg8lmto,512,1280,36.62109374999999,,,,145.56040756914118
Batch_3/ptg8lmto,512,1408,61.035156249999986,1.4116100687425759,3.647401124613993,4.922695565965053,136.03128719605508
Batch_3/ptg8lmto,512,1536,48.82812499999999,,,,103.73443983402487
Batch_3/ptg8lmto,512,1664,48.82812499999999,,,,149.39707608579658
Batch_3/ptg8lmto,512,1792,42.72460937499999,,,,538.116591928251
Batch_3/ptg8lmto,512,1920,24.414062499999996,,,,406.40081280162553
Batch_3/ptg8lmto,512,2048,24.414062499999996,,,,487.21071863580994
Batch_3/ptg8lmto,512,2176,18.310546874999996,,,,705.8823529411764
Batch_3/ptg8lmto,512,2304,30.517578124999993,,,,393.7007874015747
Batch_3/ptg8lmto,512,2432,36.62109374999999,,,,410.1722723543887
Batch_3/ptg8lmto,512,2560,18.310546874999996,,,,580.5515239477502
Batch_3/ptg8lmto,512,2688,36.62109374999999,,,,276.4722145424384
Batch_3/ptg8lmto,512,2816,54.931640624999986,,,,343.3108035618495
Batch_3/ptg8lmto,512,2944,30.517578124999993,,,,459.66444495518266
Batch_3/ptg8lmto,512,3072,24.414062499999996,,,,404.040404040404
Batch_3/ptg8lmto,512,3200,18.310546874999996,,,,160.14947284131853
Batch_3/tuy3zymq,0,0,48.82812499999999,,,,781.9044959508516
Batch_3/tuy3zymq,0,128,85.44921874999999,0.47785129612885335,1.3183808597006375,2.1974441911930565,813.4590497319281
Batch_3/tuy3zymq,0,256,109.86328124999997,0.5434006888036176,1.4066544756412878,1.8982275710779544,672.0951273103268
Batch_3/tuy3zymq,0,384,73.24218749999999,0.5616646408841686,1.844864069214176,2.7925959628100294,461.5976407231696
Batch_3/tuy3zymq,0,512,61.035156249999986,0.6497462495421245,2.1767234691173534,3.0071886981833207,466.2004662004661
Batch_3/tuy3zymq,0,640,42.72460937499999,,,,480.9619238476953
Batch_3/tuy3zymq,0,768,30.517578124999993,,,,778.8161993769469
Batch_3/tuy3zymq,0,896,61.035156249999986,0.3540100453785914,0.6292602031525089,0.6383076486422924,2387.267904509283
Batch_3/tuy3zymq,0,1024,91.55273437499999,0.3385137501286538,0.6342865617579442,1.164474179680661,2161.100196463654
Batch_3/tuy3zymq,0,1152,67.13867187499999,0.4787307364817192,1.164474179680661,1.267858401095384,951.7335146159074
Batch_3/tuy3zymq,0,1280,54.931640624999986,,,,790.2907140841094
Batch_3/tuy3zymq,0,1408,42.72460937499999,,,,222.13994816734538
Batch_3/tuy3zymq,0,1536,61.035156249999986,0.6007831119715605,4.2231047796797565,5.692726017680083,169.81532583315644
Batch_3/tuy3zymq,0,1664,85.44921874999999,0.6007831119715605,2.6361973507796757,3.6585421569292325,407.12468193384217
Batch_3/tuy3zymq,0,1792,73.24218749999999,0.48236812850236516,1.4696886776153157,1.6487469266111074,524.4182235332677
Batch_3/tuy3zymq,0,1920,79.34570312499999,0.36125759969217835,0.6496345810383561,1.6487469266111074,424.00954021465475
Batch_3/tuy3zymq,0,2048,54.931640624999986,,,,469.3261816962788
Batch_3/tuy3zymq,0,2176,48.82812499999999,,,,226.83452421458543
Batch_3/tuy3zymq,0,2304,97.65624999999999,0.6233252985521562,2.3429796913839285,3.082974732534795,151.98723307242187
Batch_3/tuy3zymq,0,2432,97.65624999999999,0.730164447573938,2.648460326769751,4.588703408486732,157.6842935180492
Batch_3/tuy3zymq,0,2560,91.55273437499999,0.43336224206596097,2.623983887970447,3.6072854263550265,364.38168982008654
Batch_3/tuy3zymq,0,2688,79.34570312499999,0.4029119531035698,0.5601686129726974,0.9772050238058398,1215.4360376785169
Batch_3/tuy3zymq,0,2816,61.035156249999986,0.4167940502327846,1.1635046233954516,1.3911592676604096,850.8052263749619
Batch_3/tuy3zymq,0,2944,54.931640624999986,,,,491.47596375364753
Batch_3/tuy3zymq,0,3072,42.72460937499999,,,,518.8067444876782
Batch_3/tuy3zymq,0,3200,42.72460937499999,,,,223.89253158483922
Batch_3/tuy3zymq,128,0,54.931640624999986,,,,580.3108808290154
Batch_3/tuy3zymq,128,128,61.035156249999986,0.4770626648128292,0.8065798307867864,1.1780624362746346,649.6142915144131
Batch_3/tuy3zymq,128,256,54.931640624999986,,,,546.075085324232
Batch_3/tuy3zymq,128,384,36.62109374999999,,,,691.1447084233259
Batch_3/tuy3zymq,128,512,54.931640624999986,,,,814.9405772495753
Batch_3/tuy3zymq,128,640,61.035156249999986,0.6010540282370875,1.2053622259860923,1.2463355264843008,628.4367635506677
Batch_3/tuy3zymq,128,768,85.44921874999999,0.37424103185095553,1.2147357144395918,1.6126350393444793,559.3288054334797
Batch_3/tuy3zymq,128,896,103.75976562499999,0.3477898169151024,0.8977690586740193,1.5368341990871128,986.1048857014789
Batch_3/tuy3zymq,128,1024,91.55273437499999,0.29316150714175193,0.5992178781235097,1.2244343853084387,1291.0798122065726
Batch_3/tuy3zymq,128,1152,79.34570312499999,0.5556622981616415,1.145768139098499,3.002951727148938,563.9981200062666
Batch_3/tuy3zymq,128,1280,61.035156249999986,0.6000546175285272,1.0966966910086156,3.4870385217575106,446.92737430167597
Batch_3/tuy3zymq,128,1408,48.82812499999999,,,,509.183487906892
Batch_3/tuy3zymq,128,1536,36.62109374999999,,,,217.54894851341547
Batch_3/tuy3zymq,128,1664,67.13867187499999,0.5352372348458314,1.8931902488734416,4.736505122791864,255.8453556961125
Batch_3/tuy3zymq,128,1792,73.24218749999999,0.5952060452119164,1.619072707434302,1.8931902488734416,241.21295658166775
Batch_3/tuy3zymq,128,1920,67.13867187499999,0.5698035485213009,1.6458484533589535,2.4971364941349243,296.8932244724843
Batch_3/tuy3zymq,128,2048,30.517578124999993,,,,270.544470747379
Batch_3/tuy3zymq,128,2176,18.310546874999996,,,,45.0399729760162
Batch_3/tuy3zymq,128,2304,42.72460937499999,,,,129.8174442190669
Batch_3/tuy3zymq,128,2432,73.24218749999999,0.7276710392978707,1.7634850679607144,4.815152345422449,374.79503396579986
Batch_3/tuy3zymq,128,2560,122.07031249999997,0.4388027821975044,1.034097174375792,3.7842782375783024,710.2569458951324
Batch_3/tuy3zymq,128,2688,67.13867187499999,0.43336224206596097,0.5641895835477563,0.9772050238058398,1041.0641989589355
Batch_3/tuy3zymq,128,2816,24.414062499999996,,,,865.3326122228231
Batch_3/tuy3zymq,128,2944,30.517578124999993,,,,298.32935560859187
Batch_3/tuy3zymq,128,3072,42.72460937499999,,,,413.10120979640004
Batch_3/tuy3zymq,128,3200,61.035156249999986,0.5312574810606865,0.7426056836739034,1.165840132267193,1086.9565217391303
Batch_3/tuy3zymq,256,0,61.035156249999986,0.4650412016599621,0.8726589652555515,1.764389607449974,761.7233991906688
Batch_3/tuy3zymq,256,128,67.13867187499999,0.5527906391541368,0.7590394548326597,0.952461639974967,489.4463138574487
Batch_3/tuy3zymq,256,256,67.13867187499999,0.3477898169151024,0.7590394548326597,0.952461639974967,485.26863084922
Batch_3/tuy3zymq,256,384,48.82812499999999,,,,481.3477737665462
Batch_3/tuy3zymq,256,512,54.931640624999986,,,,447.0106165021418
Batch_3/tuy3zymq,256,640,48.82812499999999,,,,406.83482506102513
Batch_3/tuy3zymq,256,768,97.65624999999999,0.5349394668683889,1.1936691730764522,1.6126350393444793,581.0786272017432
Batch_3/tuy3zymq,256,896,109.86328124999997,0.42329591534384525,1.0542759112980196,1.5368341990871128,1093.3940774487469
Batch_3/tuy3zymq,256,1024,54.931640624999986,,,,519.3119117169749
Batch_3/tuy3zymq,256,1152,54.931640624999986,,,,268.88496764977725
Batch_3/tuy3zymq,256,1280,54.931640624999986,,,,228.34774098841947
Batch_3/tuy3zymq,256,1408,61.035156249999986,0.5695538852527593,1.8506128744663874,1.9899183360445616,336.1344537815126
Batch_3/tuy3zymq,256,1536,61.035156249999986,0.4047994470352607,1.9524457417128613,3.008247008509303,295.29635098080564
Batch_3/tuy3zymq,256,1664,54.931640624999986,,,,171.60017160017156
Batch_3/tuy3zymq,256,1792,30.517578124999993,,,,115.79658400077194
Batch_3/tuy3zymq,256,1920,36.62109374999999,,,,216.21621621621617
Batch_3/tuy3zymq,256,2048,30.517578124999993,,,,206.71834625322992
Batch_3/tuy3zymq,256,2176,18.310546874999996,,,,151.65876777251182
Batch_3/tuy3zymq,256,2304,48.82812499999999,,,,392.15686274509795
Batch_3/tuy3zymq,256,2432,73.24218749999999,0.41135660031603594,1.4099241650537135,1.5857642008987172,678.59346082665
Batch_3/tuy3zymq,256,2560,85.44921874999999,0.31616006248915984,1.0903735109161183,2.2924432862983513,1046.2074978204007
Batch_3/tuy3zymq,256,2688,48.82812499999999,,,,811.8295158016814
Batch_3/tuy3zymq,256,2816,42.72460937499999,,,,1022.644265887509
Batch_3/tuy3zymq,256,2944,48.82812499999999,,,,469.56230085527415
Batch_3/tuy3zymq,256,3072,54.931640624999986,,,,636.6892160764025
Batch_3/tuy3zymq,256,3200,30.517578124999993,,,,661.594442606682
Batch_3/tuy3zymq,384,0,54.931640624999986,,,,570.2879954376959
Batch_3/tuy3zymq,384,128,61.035156249999986,0.6106986933930898,0.9667612778556295,1.095458018781592,374.8828491096532
Batch_3/tuy3zymq,384,256,61.035156249999986,0.34315178352187814,0.7783816733468903,0.952461639974967,327.9136494056565
Batch_3/tuy3zymq,384,384,42.72460937499999,,,,312.9278310189712
Batch_3/tuy3zymq,384,512,42.72460937499999,,,,358.6800573888091
Batch_3/tuy3zymq,384,640,30.517578124999993,,,,316.4556962025316
Batch_3/tuy3zymq,384,768,48.82812499999999,,,,302.41935483870964
Batch_3/tuy3zymq,384,896,73.24218749999999,0.657809040874916,1.2716131531252826,3.3430315738731653,613.668061366806
Batch_3/tuy3zymq,384,1024,48.82812499999999,,,,233.45735755453416
Batch_3/tuy3zymq,384,1152,36.62109374999999,,,,150.17833677492018
Batch_3/tuy3zymq,384,1280,42.72460937499999,,,,256.7064561673726
Batch_3/tuy3zymq,384,1408,54.931640624999986,,,,172.3395088323998
Batch_3/tuy3zymq,384,1536,91.55273437499999,0.41459297936560263,1.8076748963896079,5.072374996018709,204.87867341058964
Batch_3/tuy3zymq,384,1664,85.44921874999999,0.42397761071578177,1.1949688611391054,1.4538148590038453,392.98245614035085
Batch_3/tuy3zymq,384,1792,18.310546874999996,,,,458.36516424751704
Batch_3/tuy3zymq,384,1920,48.82812499999999,,,,514.3591941705957
Batch_3/tuy3zymq,384,2048,73.24218749999999,0.48421998071042305,1.9693193505710538,2.2111625566165474,249.221183800623
Batch_3/tuy3zymq,384,2176,54.931640624999986,,,,224.7506672285433
Batch_3/tuy3zymq,384,2304,30.517578124999993,,,,311.0419906687402
Batch_3/tuy3zymq,384,2432,30.517578124999993,,,,406.09137055837556
Batch_3/tuy3zymq,384,2560,36.62109374999999,,,,614.4393241167433
Batch_3/tuy3zymq,384,2688,36.62109374999999,,,,552.9953917050691
Batch_3/tuy3zymq,384,2816,30.517578124999993,,,,584.2827928717498
Batch_3/tuy3zymq,384,2944,42.72460937499999,,,,907.7155824508319
Batch_3/tuy3zymq,384,3072,48.82812499999999,,,,1161.6650532429812
Batch_3/tuy3zymq,384,3200,30.517578124999993,,,,290.9619930896526
Batch_3/tuy3zymq,512,0,54.931640624999986,,,,371.67812674224115
Batch_3/tuy3zymq,512,128,36.62109374999999,,,,346.92107545533383
Batch_3/tuy3zymq,512,256,24.414062499999996,,,,221.88323394813474
Batch_3/tuy3zymq,512,384,12.207031249999998,,,,150.8011310084825
Batch_3/tuy3zymq,512,512,12.207031249999998,,,,412.3711340206185
Batch_3/tuy3zymq,512,640,24.414062499999996,,,,232.78370514064008
Batch_3/tuy3zymq,512,768,67.13867187499999,0.49827874851668796,1.5065024024177418,3.9242620062340126,275.7669769045156
Batch_3/tuy3zymq,512,896,103.75976562499999,0.49827874851668796,1.4247632911296486,3.9242620062340126,469.6804495512873
Batch_3/tuy3zymq,512,1024,61.035156249999986,0.328940649813828,1.6873637265961416,4.571328475177196,281.3818977645771
Batch_3/tuy3zymq,512,1152,36.62109374999999,,,,199.14368216668322
Batch_3/tuy3zymq,512,1280,36.62109374999999,,,,405.2684903748733
Batch_3/tuy3zymq,512,1408,54.931640624999986,,,,238.13067420747132
Batch_3/tuy3zymq,512,1536,85.44921874999999,0.42397761071578177,1.8666515692872359,4.72877040089824,242.19590958019373
Batch_3/tuy3zymq,512,1664,79.34570312499999,0.43336224206596097,1.226321609955192,1.4538148590038453,372.73695420660266
Batch_3/tuy3zymq,512,1792,18.310546874999996,,,,401.0695187165775
Batch_3/tuy3zymq,512,1920,48.82812499999999,,,,331.89512114171913
Batch_3/tuy3zymq,512,2048,103.75976562499999,0.39493270848342943,2.49529159122771,3.1690182879085125,218.92103205629397
Batch_3/tuy3zymq,512,2176,91.55273437499999,0.36125759969217835,1.8698948851809103,2.5952720843196793,407.7991589142347
Batch_3/tuy3zymq,512,2304,18.310546874999996,,,,938.2329945269739
Batch_3/tuy3zymq,512,2432,18.310546874999996,,,,408.02448146888804
Batch_3/tuy3zymq,512,2560,36.62109374999999,,,,479.2332268370606
Batch_3/tuy3zymq,512,2688,48.82812499999999,,,,579.6051439956528
Batch_3/tuy3zymq,512,2816,42.72460937499999,,,,315.3579312519709
Batch_3/tuy3zymq,512,2944,30.517578124999993,,,,272.7272727272727
Batch_3/tuy3zymq,512,3072,36.62109374999999,,,,195.74259848299482
Batch_3/tuy3zymq,512,3200,54.931640624999986,,,,221.70491076377334
Batch_3/tuy3zymq,640,0,85.44921874999999,0.32646644161368676,1.4213051427820285,2.1609271228609748,546.6970387243734
Batch_3/tuy3zymq,640,128,73.24218749999999,0.34881185131208514,1.2393943714566888,2.1609271228609748,499.7322862752097
Batch_3/tuy3zymq,640,256,24.414062499999996,,,,177.36392861101868
Batch_3/tuy3zymq,640,384,18.310546874999996,,,,106.39241067470519
Batch_3/tuy3zymq,640,512,24.414062499999996,,,,180.0787844682048
Batch_3/tuy3zymq,640,640,36.62109374999999,,,,264.1135688345988
Batch_3/tuy3zymq,640,768,103.75976562499999,0.517088294582641,1.057837177280596,2.055230446849915,495.4397027361783
Batch_3/tuy3zymq,640,896,140.38085937499997,0.4406461512053774,1.063403253053171,2.055230446849915,566.0788155889396
Batch_3/tuy3zymq,640,1024,73.24218749999999,0.3779899417353513,1.0406329407240429,1.3669231989760258,606.3230835859679
Batch_3/tuy3zymq,640,1152,42.72460937499999,,,,337.0786516853932
Batch_3/tuy3zymq,640,1280,79.34570312499999,0.6978639737521917,1.4680678504756812,1.5170301503624795,411.89931350114404
Batch_3/tuy3zymq,640,1408,79.34570312499999,0.5292567428401228,1.3280008419153069,1.5170301503624795,594.5142548304282
Batch_3/tuy3zymq,640,1536,30.517578124999993,,,,434.02777777777766
Batch_3/tuy3zymq,640,1664,0.0,,,,
Batch_3/tuy3zymq,640,1792,12.207031249999998,,,,140.54813773717495
Batch_3/tuy3zymq,640,1920,36.62109374999999,,,,311.9516474946383
Batch_3/tuy3zymq,640,2048,79.34570312499999,0.45135166683820505,1.4799089101270408,3.0251296216499526,408.9979550102249
Batch_3/tuy3zymq,640,2176,103.75976562499999,0.3826519928662906,1.0169923566655465,1.5987583888930308,634.8366618172199
Batch_3/tuy3zymq,640,2304,61.035156249999986,0.36291755937258774,0.7942141582833733,1.0357143990692486,809.5117632178091
Batch_3/tuy3zymq,640,2432,54.931640624999986,,,,283.31956085468056
Batch_3/tuy3zymq,640,2560,48.82812499999999,,,,170.18379850238256
Batch_3/tuy3zymq,640,2688,48.82812499999999,,,,438.2532477696039
Batch_3/tuy3zymq,640,2816,42.72460937499999,,,,336.30401883302494
Batch_3/tuy3zymq,640,2944,36.62109374999999,,,,309.11901081916534
Batch_3/tuy3zymq,640,3072,30.517578124999993,,,,169.56337431114875
Batch_3/tuy3zymq,640,3200,30.517578124999993,,,,95.91176117971465
Batch_3/tuy3zymq,768,0,67.13867187499999,0.45135166683820505,1.860115174610918,2.1609271228609748,443.4589800443458
Batch_3/tuy3zymq,768,128,42.72460937499999,,,,261.0966057441253
Batch_3/tuy3zymq,768,256,12.207031249999998,,,,137.15069432539
Batch_3/tuy3zymq,768,384,18.310546874999996,,,,131.17621337997375
Batch_3/tuy3zymq,768,512,30.517578124999993,,,,184.04343425048307
Batch_3/tuy3zymq,768,640,67.13867187499999,0.5670035141386943,1.8575465448360349,2.864616704869628,503.2021957913998
Batch_3/tuy3zymq,768,768,97.65624999999999,0.5420459043606677,0.803326093082557,1.2514330345744635,948.2758620689655
Batch_3/tuy3zymq,768,896,115.96679687499997,0.4478115991081385,0.7360452971897483,0.7399277020331919,841.0428931875524
Batch_3/tuy3zymq,768,1024,79.34570312499999,0.4222008245644753,0.6323591676571849,0.7377736139048903,839.5802098950522
Batch_3/tuy3zymq,768,1152,54.931640624999986,,,,442.72274488101823
Batch_3/tuy3zymq,768,1280,128.17382812499997,0.36996385101659596,1.4295277084757527,2.0090219901261572,423.8104411481409
Batch_3/tuy3zymq,768,1408,115.96679687499997,0.3337790589062273,1.1657519164668937,2.312489154112443,482.62548262548256
Batch_3/tuy3zymq,768,1536,36.62109374999999,,,,542.5935973955507
Batch_3/tuy3zymq,768,1664,24.414062499999996,,,,410.1512432709561
Batch_3/tuy3zymq,768,1792,36.62109374999999,,,,168.77637130801688
Batch_3/tuy3zymq,768,1920,48.82812499999999,,,,317.0409511228533
Batch_3/tuy3zymq,768,2048,48.82812499999999,,,,1146.542457900394
Batch_3/tuy3zymq,768,2176,54.931640624999986,,,,787.4015748031494
Batch_3/tuy3zymq,768,2304,48.82812499999999,,,,842.1052631578946
Batch_3/tuy3zymq,768,2432,42.72460937499999,,,,276.4817694833246
Batch_3/tuy3zymq,768,2560,42.72460937499999,,,,203.76974019358124
Batch_3/tuy3zymq,768,2688,48.82812499999999,,,,823.2872684504556
Batch_3/tuy3zymq,768,2816,30.517578124999993,,,,1248.4394506866415
Batch_3/tuy3zymq,768,2944,30.517578124999993,,,,229.41041523285153
Batch_3/tuy3zymq,768,3072,18.310546874999996,,,,89.17292115627554
Batch_3/tuy3zymq,768,3200,24.414062499999996,,,,150.2065339842283
Batch_3/ufdvpb81,0,0,18.310546874999996,,,,181.51565572530626
Batch_3/ufdvpb81,0,128,24.414062499999996,,,,509.55414012738845
Batch_3/ufdvpb81,0,256,24.414062499999996,,,,1108.8011088011085
Batch_3/ufdvpb81,0,384,30.517578124999993,,,,467.83625730994146
Batch_3/ufdvpb81,0,512,42.72460937499999,,,,410.13622381719637
Batch_3/ufdvpb81,0,640,24.414062499999996,,,,321.0272873194221
Batch_3/ufdvpb81,0,768,12.207031249999998,,,,300.07501875468864
Batch_3/ufdvpb81,0,896,24.414062499999996,,,,152.8175740210124
Batch_3/ufdvpb81,0,1024,30.517578124999993,,,,196.30938358853547
Batch_3/ufdvpb81,0,1152,18.310546874999996,,,,222.0577350111028
Batch_3/ufdvpb81,0,1280,30.517578124999993,,,,154.66707911221093
Batch_3/ufdvpb81,0,1408,18.310546874999996,,,,115.98685482312001
Batch_3/ufdvpb81,0,1536,36.62109374999999,,,,448.3299708585518
Batch_3/ufdvpb81,0,1664,54.931640624999986,,,,541.7956656346748
Batch_3/ufdvpb81,0,1792,48.82812499999999,,,,347.0213996529786
Batch_3/ufdvpb81,0,1920,36.62109374999999,,,,257.26781579624384
Batch_3/ufdvpb81,0,2048,18.310546874999996,,,,196.81810726586843
Batch_3/ufdvpb81,0,2176,12.207031249999998,,,,237.24792408066426
Batch_3/ufdvpb81,0,2304,12.207031249999998,,,,122.24938875305621
Batch_3/ufdvpb81,0,2432,12.207031249999998,,,,60.363691239719294
Batch_3/ufdvpb81,0,2560,18.310546874999996,,,,157.3357807788121
Batch_3/ufdvpb81,0,2688,18.310546874999996,,,,853.4850640113797
Batch_3/ufdvpb81,0,2816,6.103515624999999,,,,215.28525296017222
Batch_3/ufdvpb81,0,2944,24.414062499999996,,,,440.8523144746509
Batch_3/ufdvpb81,0,3072,24.414062499999996,,,,165.81456404587533
Batch_3/ufdvpb81,0,3200,30.517578124999993,,,,328.6230693394676
Batch_3/ufdvpb81,128,0,12.207031249999998,,,,133.84641124309852
Batch_3/ufdvpb81,128,128,30.517578124999993,,,,248.1081751643716
Batch_3/ufdvpb81,128,256,48.82812499999999,,,,111.50343802267234
Batch_3/ufdvpb81,128,384,42.72460937499999,,,,89.47545017335867
Batch_3/ufdvpb81,128,512,18.310546874999996,,,,213.67521367521363
Batch_3/ufdvpb81,128,640,12.207031249999998,,,,214.59227467811155
Batch_3/ufdvpb81,128,768,12.207031249999998,,,,293.79360998898267
Batch_3/ufdvpb81,128,896,18.310546874999996,,,,189.60341286143145
Batch_3/ufdvpb81,128,1024,12.207031249999998,,,,152.35193296514944
Batch_3/ufdvpb81,128,1152,6.103515624999999,,,,82.20304151253595
Batch_3/ufdvpb81,128,1280,18.310546874999996,,,,115.61807495905191
Batch_3/ufdvpb81,128,1408,12.207031249999998,,,,107.44023636852
Batch_3/ufdvpb81,128,1536,36.62109374999999,,,,442.8697962798936
Batch_3/ufdvpb81,128,1664,54.931640624999986,,,,162.9438522642406
Batch_3/ufdvpb81,128,1792,54.931640624999986,,,,199.25989183034437
Batch_3/ufdvpb81,128,1920,30.517578124999993,,,,340.42553191489355
Batch_3/ufdvpb81,128,2048,6.103515624999999,,,,95.57945041816008
Batch_3/ufdvpb81,128,2176,0.0,,,,
Batch_3/ufdvpb81,128,2304,6.103515624999999,,,,52.63157894736841
Batch_3/ufdvpb81,128,2432,12.207031249999998,,,,59.53266855186783
Batch_3/ufdvpb81,128,2560,30.517578124999993,,,,199.88007195682587
Batch_3/ufdvpb81,128,2688,24.414062499999996,,,,444.56793553764925
Batch_3/ufdvpb81,128,2816,12.207031249999998,,,,206.66494445879613
Batch_3/ufdvpb81,128,2944,42.72460937499999,,,,444.9388209121245
Batch_3/ufdvpb81,128,3072,42.72460937499999,,,,364.96350364963496
Batch_3/ufdvpb81,128,3200,30.517578124999993,,,,528.2271376691976
Batch_3/ufdvpb81,256,0,18.310546874999996,,,,330.76074972436595
Batch_3/ufdvpb81,256,128,18.310546874999996,,,,225.05626406601647
Batch_3/ufdvpb81,256,256,54.931640624999986,,,,141.4802369793969
Batch_3/ufdvpb81,256,384,54.931640624999986,,,,181.7768688934333
Batch_3/ufdvpb81,256,512,18.310546874999996,,,,284.6975088967971
Batch_3/ufdvpb81,256,640,24.414062499999996,,,,342.7592116538131
Batch_3/ufdvpb81,256,768,12.207031249999998,,,,96.688421561518
Batch_3/ufdvpb81,256,896,6.103515624999999,,,,67.40815638692281
Batch_3/ufdvpb81,256,1024,0.0,,,,
Batch_3/ufdvpb81,256,1152,6.103515624999999,,,,282.6855123674911
Batch_3/ufdvpb81,256,1280,6.103515624999999,,,,223.46368715083798
Batch_3/ufdvpb81,256,1408,0.0,,,,
Batch_3/ufdvpb81,256,1536,18.310546874999996,,,,229.53328232593722
Batch_3/ufdvpb81,256,1664,30.517578124999993,,,,59.04059040590404
Batch_3/ufdvpb81,256,1792,36.62109374999999,,,,73.92348918868969
Batch_3/ufdvpb81,256,1920,24.414062499999996,,,,213.96095212623692
Batch_3/ufdvpb81,256,2048,6.103515624999999,,,,87.87346221441122
Batch_3/ufdvpb81,256,2176,0.0,,,,
Batch_3/ufdvpb81,256,2304,0.0,,,,
Batch_3/ufdvpb81,256,2432,12.207031249999998,,,,116.49919906800638
Batch_3/ufdvpb81,256,2560,18.310546874999996,,,,142.48397055331273
Batch_3/ufdvpb81,256,2688,6.103515624999999,,,,125.94458438287151
Batch_3/ufdvpb81,256,2816,6.103515624999999,,,,140.15416958654518
Batch_3/ufdvpb81,256,2944,30.517578124999993,,,,356.31569570639584
Batch_3/ufdvpb81,256,3072,36.62109374999999,,,,471.9207173194902
Batch_3/ufdvpb81,256,3200,30.517578124999993,,,,1050.5581089954037
Batch_3/ufdvpb81,384,0,18.310546874999996,,,,945.626477541371
Batch_3/ufdvpb81,384,128,12.207031249999998,,,,480.19207683073216
Batch_3/ufdvpb81,384,256,18.310546874999996,,,,522.875816993464
Batch_3/ufdvpb81,384,384,18.310546874999996,,,,329.39884710403504
Batch_3/ufdvpb81,384,512,18.310546874999996,,,,279.65509205313435
Batch_3/ufdvpb81,384,640,24.414062499999996,,,,335.8522250209907
Batch_3/ufdvpb81,384,768,12.207031249999998,,,,108.71042261176787
Batch_3/ufdvpb81,384,896,12.207031249999998,,,,104.22094841063051
Batch_3/ufdvpb81,384,1024,6.103515624999999,,,,93.7207122774133
Batch_3/ufdvpb81,384,1152,6.103515624999999,,,,230.2820955670696
Batch_3/ufdvpb81,384,1280,6.103515624999999,,,,360.6853020739405
Batch_3/ufdvpb81,384,1408,0.0,,,,
Batch_3/ufdvpb81,384,1536,18.310546874999996,,,,131.29102844638945
Batch_3/ufdvpb81,384,1664,48.82812499999999,,,,94.60737937559128
Batch_3/ufdvpb81,384,1792,48.82812499999999,,,,84.52192287374535
Batch_3/ufdvpb81,384,1920,24.414062499999996,,,,171.18402282453636
Batch_3/ufdvpb81,384,2048,24.414062499999996,,,,506.0088551549652
Batch_3/ufdvpb81,384,2176,18.310546874999996,,,,349.3449781659388
Batch_3/ufdvpb81,384,2304,6.103515624999999,,,,153.72790161414292
Batch_3/ufdvpb81,384,2432,18.310546874999996,,,,199.0379830817714
Batch_3/ufdvpb81,384,2560,18.310546874999996,,,,215.28525296017222
Batch_3/ufdvpb81,384,2688,6.103515624999999,,,,305.5767761650114
Batch_3/ufdvpb81,384,2816,6.103515624999999,,,,210.74815595363535
Batch_3/ufdvpb81,384,2944,24.414062499999996,,,,320.51282051282044
Batch_3/ufdvpb81,384,3072,24.414062499999996,,,,172.1911321566939
Batch_3/ufdvpb81,384,3200,30.517578124999993,,,,141.34275618374556
Batch_3/ufdvpb81,512,0,18.310546874999996,,,,516.5733964700817
Batch_3/ufdvpb81,512,128,6.103515624999999,,,,132.10039630118888
Batch_3/ufdvpb81,512,256,0.0,,,,
Batch_3/ufdvpb81,512,384,0.0,,,,
Batch_3/ufdvpb81,512,512,0.0,,,,
Batch_3/ufdvpb81,512,640,0.0,,,,
Batch_3/ufdvpb81,512,768,0.0,,,,
Batch_3/ufdvpb81,512,896,12.207031249999998,,,,178.41213202497767
Batch_3/ufdvpb81,512,1024,12.207031249999998,,,,143.42058085335245
Batch_3/ufdvpb81,512,1152,6.103515624999999,,,,102.48526774276195
Batch_3/ufdvpb81,512,1280,0.0,,,,
Batch_3/ufdvpb81,512,1408,0.0,,,,
Batch_3/ufdvpb81,512,1536,18.310546874999996,,,,159.13008884763292
Batch_3/ufdvpb81,512,1664,42.72460937499999,,,,299.625468164794
Batch_3/ufdvpb81,512,1792,42.72460937499999,,,,394.55513908068644
Batch_3/ufdvpb81,512,1920,18.310546874999996,,,,140.89468122578373
Batch_3/ufdvpb81,512,2048,36.62109374999999,,,,730.3712720632986
Batch_3/ufdvpb81,512,2176,30.517578124999993,,,,760.7455306200073
Batch_3/ufdvpb81,512,2304,6.103515624999999,,,,180.18018018018014
Batch_3/ufdvpb81,512,2432,12.207031249999998,,,,432.66630611141153
Batch_3/ufdvpb81,512,2560,18.310546874999996,,,,157.45965096444033
Batch_3/ufdvpb81,512,2688,18.310546874999996,,,,98.72480460715754
Batch_3/ufdvpb81,512,2816,18.310546874999996,,,,112.32799775344002
Batch_3/ufdvpb81,512,2944,18.310546874999996,,,,150.2629601803155
Batch_3/ufdvpb81,512,3072,12.207031249999998,,,,77.51937984496122
Batch_3/ufdvpb81,512,3200,24.414062499999996,,,,93.10986964618247
Batch_3/ufdvpb81,640,0,12.207031249999998,,,,430.57050592034443
Batch_3/ufdvpb81,640,128,0.0,,,,
Batch_3/ufdvpb81,640,256,6.103515624999999,,,,101.6518424396442
Batch_3/ufdvpb81,640,384,6.103515624999999,,,,61.29328838492183
Batch_3/ufdvpb81,640,512,0.0,,,,
Batch_3/ufdvpb81,640,640,0.0,,,,
Batch_3/ufdvpb81,640,768,0.0,,,,
Batch_3/ufdvpb81,640,896,6.103515624999999,,,,106.24169986719787
Batch_3/ufdvpb81,640,1024,6.103515624999999,,,,83.82229673093042
Batch_3/ufdvpb81,640,1152,6.103515624999999,,,,110.25358324145532
Batch_3/ufdvpb81,640,1280,0.0,,,,
Batch_3/ufdvpb81,640,1408,0.0,,,,
Batch_3/ufdvpb81,640,1536,6.103515624999999,,,,161.0954490535642
Batch_3/ufdvpb81,640,1664,18.310546874999996,,,,318.30238726790446
Batch_3/ufdvpb81,640,1792,18.310546874999996,,,,478.850758180367
Batch_3/ufdvpb81,640,1920,12.207031249999998,,,,470.5882352941175
Batch_3/ufdvpb81,640,2048,36.62109374999999,,,,278.66796711717984
Batch_3/ufdvpb81,640,2176,30.517578124999993,,,,162.78359955234507
Batch_3/ufdvpb81,640,2304,6.103515624999999,,,,75.60007560007558
Batch_3/ufdvpb81,640,2432,0.0,,,,
Batch_3/ufdvpb81,640,2560,24.414062499999996,,,,174.1591379122673
Batch_3/ufdvpb81,640,2688,30.517578124999993,,,,141.46272457207525
Batch_3/ufdvpb81,640,2816,24.414062499999996,,,,153.5066679458889
Batch_3/ufdvpb81,640,2944,48.82812499999999,,,,209.78104103841613
Batch_3/ufdvpb81,640,3072,54.931640624999986,,,,189.0805956038761
Batch_3/ufdvpb81,640,3200,30.517578124999993,,,,239.98800059996995
Batch_3/ufdvpb81,768,0,24.414062499999996,,,,194.7419668938656
Batch_3/ufdvpb81,768,128,24.414062499999996,,,,276.1795166858457
Batch_3/ufdvpb81,768,256,12.207031249999998,,,,152.9929240772614
Batch_3/ufdvpb81,768,384,30.517578124999993,,,,238.66348448687347
Batch_3/ufdvpb81,768,512,18.310546874999996,,,,291.0149145143688
Batch_3/ufdvpb81,768,640,12.207031249999998,,,,258.6485612673779
Batch_3/ufdvpb81,768,768,6.103515624999999,,,,84.0689365279529
Batch_3/ufdvpb81,768,896,12.207031249999998,,,,123.13375404032628
Batch_3/ufdvpb81,768,1024,24.414062499999996,,,,219.61932650073203
Batch_3/ufdvpb81,768,1152,48.82812499999999,,,,752.8230865746548
Batch_3/ufdvpb81,768,1280,42.72460937499999,,,,448.681996634885
Batch_3/ufdvpb81,768,1408,30.517578124999993,,,,229.35779816513755
Batch_3/ufdvpb81,768,1536,36.62109374999999,,,,438.9574759945129
Batch_3/ufdvpb81,768,1664,42.72460937499999,,,,425.0797024442082
Batch_3/ufdvpb81,768,1792,30.517578124999993,,,,380.95238095238085
Batch_3/ufdvpb81,768,1920,24.414062499999996,,,,487.8048780487804
Batch_3/ufdvpb81,768,2048,30.517578124999993,,,,138.64818024263428
Batch_3/ufdvpb81,768,2176,24.414062499999996,,,,68.19344206398817
Batch_3/ufdvpb81,768,2304,30.517578124999993,,,,209.53378732320581
Batch_3/ufdvpb81,768,2432,24.414062499999996,,,,251.0985561833019
Batch_3/ufdvpb81,768,2560,30.517578124999993,,,,124.85368708544671
Batch_3/ufdvpb81,768,2688,30.517578124999993,,,,105.04201680672267
Batch_3/ufdvpb81,768,2816,36.62109374999999,,,,275.04011001604397
Batch_3/ufdvpb81,768,2944,48.82812499999999,,,,520.6977349648528
Batch_3/ufdvpb81,768,3072,85.44921874999999,0.7476993283043578,1.951384233855581,2.2468633235857762,208.44189682126103
Batch_3/ufdvpb81,768,3200,73.24218749999999,0.9457842374646399,1.9615699158126714,5.235727972130338,132.92716698975352
Batch_3/utfgcjfa,0,0,67.13867187499999,0.715876327835963,5.056347501733051,5.208298042603039,83.25701440346347
Batch_3/utfgcjfa,0,128,54.931640624999986,,,,82.27067050596459
Batch_3/utfgcjfa,0,256,18.310546874999996,,,,342.95513003715337
Batch_3/utfgcjfa,0,384,18.310546874999996,,,,407.3319755600814
Batch_3/utfgcjfa,0,512,12.207031249999998,,,,417.53653444676405
Batch_3/utfgcjfa,0,640,36.62109374999999,,,,406.40081280162553
Batch_3/utfgcjfa,0,768,42.72460937499999,,,,137.6462491397109
Batch_3/utfgcjfa,0,896,48.82812499999999,,,,172.68671751331124
Batch_3/utfgcjfa,0,1024,36.62109374999999,,,,213.77037498886608
Batch_3/utfgcjfa,0,1152,18.310546874999996,,,,161.59439806086718
Batch_3/utfgcjfa,0,1280,18.310546874999996,,,,82.00082000820007
Batch_3/utfgcjfa,0,1408,30.517578124999993,,,,107.22423267658489
Batch_3/utfgcjfa,0,1536,18.310546874999996,,,,164.15868673050613
Batch_3/utfgcjfa,0,1664,0.0,,,,
Batch_3/utfgcjfa,0,1792,6.103515624999999,,,,155.15903801396428
Batch_3/utfgcjfa,0,1920,6.103515624999999,,,,108.5776330076004
Batch_3/utfgcjfa,0,2048,0.0,,,,
Batch_3/utfgcjfa,0,2176,6.103515624999999,,,,61.585835257890665
Batch_3/utfgcjfa,0,2304,6.103515624999999,,,,50.78720162519044
Batch_3/utfgcjfa,0,2432,18.310546874999996,,,,195.95035924232525
Batch_3/utfgcjfa,0,2560,30.517578124999993,,,,284.5759817871371
Batch_3/utfgcjfa,0,2688,18.310546874999996,,,,192.55455712451857
Batch_3/utfgcjfa,0,2816,18.310546874999996,,,,143.13830738951512
Batch_3/utfgcjfa,0,2944,18.310546874999996,,,,205.60267283474678
Batch_3/utfgcjfa,0,3072,6.103515624999999,,,,103.14595152140276
Batch_3/utfgcjfa,0,3200,24.414062499999996,,,,43.27599264308124
Batch_3/utfgcjfa,128,0,24.414062499999996,,,,66.76681689200466
Batch_3/utfgcjfa,128,128,30.517578124999993,,,,132.69932544509564
Batch_3/utfgcjfa,128,256,24.414062499999996,,,,783.1620166421927
Batch_3/utfgcjfa,128,384,18.310546874999996,,,,420.9049456331111
Batch_3/utfgcjfa,128,512,6.103515624999999,,,,174.7487986020096
Batch_3/utfgcjfa,128,640,24.414062499999996,,,,584.1548010222708
Batch_3/utfgcjfa,128,768,30.517578124999993,,,,125.50003921876224
Batch_3/utfgcjfa,128,896,42.72460937499999,,,,95.21995810321842
Batch_3/utfgcjfa,128,1024,24.414062499999996,,,,61.92589534523685
Batch_3/utfgcjfa,128,1152,12.207031249999998,,,,81.45809998981773
Batch_3/utfgcjfa,128,1280,12.207031249999998,,,,80.02400720216065
Batch_3/utfgcjfa,128,1408,24.414062499999996,,,,94.95924665664319
Batch_3/utfgcjfa,128,1536,18.310546874999996,,,,203.09723280020305
Batch_3/utfgcjfa,128,1664,0.0,,,,
Batch_3/utfgcjfa,128,1792,12.207031249999998,,,,1478.7430683918665
Batch_3/utfgcjfa,128,1920,18.310546874999996,,,,1230.7692307692307
Batch_3/utfgcjfa,128,2048,12.207031249999998,,,,362.15482118605695
Batch_3/utfgcjfa,128,2176,6.103515624999999,,,,180.5869074492099
Batch_3/utfgcjfa,128,2304,24.414062499999996,,,,139.37282229965155
Batch_3/utfgcjfa,128,2432,30.517578124999993,,,,60.532687651331706
Batch_3/utfgcjfa,128,2560,24.414062499999996,,,,94.45100354191261
Batch_3/utfgcjfa,128,2688,24.414062499999996,,,,452.61669024045256
Batch_3/utfgcjfa,128,2816,18.310546874999996,,,,215.2273338714016
Batch_3/utfgcjfa,128,2944,18.310546874999996,,,,245.70024570024563
Batch_3/utfgcjfa,128,3072,18.310546874999996,,,,318.640467339352
Batch_3/utfgcjfa,128,3200,18.310546874999996,,,,210.74815595363535
Batch_3/utfgcjfa,256,0,30.517578124999993,,,,659.8482349059716
Batch_3/utfgcjfa,256,128,30.517578124999993,,,,356.6333808844507
Batch_3/utfgcjfa,256,256,24.414062499999996,,,,472.1156683387429
Batch_3/utfgcjfa,256,384,6.103515624999999,,,,185.44274455261936
Batch_3/utfgcjfa,256,512,6.103515624999999,,,,121.06537530266341
Batch_3/utfgcjfa,256,640,18.310546874999996,,,,306.9053708439897
Batch_3/utfgcjfa,256,768,30.517578124999993,,,,265.00596263415923
Batch_3/utfgcjfa,256,896,36.62109374999999,,,,151.40045420136258
Batch_3/utfgcjfa,256,1024,24.414062499999996,,,,85.75103615835357
Batch_3/utfgcjfa,256,1152,6.103515624999999,,,,49.27929037821854
Batch_3/utfgcjfa,256,1280,6.103515624999999,,,,67.03536115300821
Batch_3/utfgcjfa,256,1408,18.310546874999996,,,,172.71157167530222
Batch_3/utfgcjfa,256,1536,18.310546874999996,,,,152.55530129672002
Batch_3/utfgcjfa,256,1664,18.310546874999996,,,,117.52607609813425
Batch_3/utfgcjfa,256,1792,18.310546874999996,,,,149.11463187325253
Batch_3/utfgcjfa,256,1920,24.414062499999996,,,,202.45476401366565
Batch_3/utfgcjfa,256,2048,30.517578124999993,,,,268.5284640171858
Batch_3/utfgcjfa,256,2176,18.310546874999996,,,,210.48938782669703
Batch_3/utfgcjfa,256,2304,36.62109374999999,,,,170.521155280827
Batch_3/utfgcjfa,256,2432,30.517578124999993,,,,64.51266060964463
Batch_3/utfgcjfa,256,2560,18.310546874999996,,,,79.29690081279321
Batch_3/utfgcjfa,256,2688,12.207031249999998,,,,271.73913043478257
Batch_3/utfgcjfa,256,2816,6.103515624999999,,,,304.18250950570336
Batch_3/utfgcjfa,256,2944,6.1048197551967265,,,,337.2681281618886
Batch_3/utfgcjfa,256,3072,12.356739056562972,,,,606.060606060606
Batch_3/utfgcjfa,256,3200,18.531101365124464,,,,379.9873337555414
Batch_3/utfgcjfa,384,0,42.72460937499999,,,,675.0241080038571
Batch_3/utfgcjfa,384,128,30.517578124999993,,,,486.854917234664
Batch_3/utfgcjfa,384,256,24.414062499999996,,,,444.1976679622431
Batch_3/utfgcjfa,384,384,12.207031249999998,,,,383.69304556354905
Batch_3/utfgcjfa,384,512,30.517578124999993,,,,318.59816806053357
Batch_3/utfgcjfa,384,640,30.517578124999993,,,,309.17874396135267
Batch_3/utfgcjfa,384,768,24.414062499999996,,,,288.7565421404078
Batch_3/utfgcjfa,384,896,18.310546874999996,,,,186.68326073428744
Batch_3/utfgcjfa,384,1024,6.103515624999999,,,,99.99999999999997
Batch_3/utfgcjfa,384,1152,0.0,,,,
Batch_3/utfgcjfa,384,1280,0.0,,,,
Batch_3/utfgcjfa,384,1408,0.0,,,,
Batch_3/utfgcjfa,384,1536,6.103515624999999,,,,76.58433850277616
Batch_3/utfgcjfa,384,1664,18.310546874999996,,,,99.90009990009989
Batch_3/utfgcjfa,384,1792,18.310546874999996,,,,110.08669327095085
Batch_3/utfgcjfa,384,1920,18.310546874999996,,,,81.11396512099499
Batch_3/utfgcjfa,384,2048,42.72460937499999,,,,201.3085052843482
Batch_3/utfgcjfa,384,2176,48.82812499999999,,,,310.69684864624935
Batch_3/utfgcjfa,384,2304,30.517578124999993,,,,224.24667133847228
Batch_3/utfgcjfa,384,2432,6.103515624999999,,,,263.157894736842
Batch_3/utfgcjfa,384,2560,6.103515624999999,,,,141.2928293889085
Batch_3/utfgcjfa,384,2688,36.62109374999999,,,,141.54281670205233
Batch_3/utfgcjfa,384,2816,58.30242764830679,,,,279.68116347363997
Batch_3/utfgcjfa,384,2944,41.700693274025674,,,,1306.1224489795918
Batch_3/utfgcjfa,384,3072,7.028888732691359,,,,701.7543859649121
Batch_3/utfgcjfa,384,3200,26.332247128139294,,,,363.6363636363635
Batch_3/utfgcjfa,512,0,61.035156249999986,0.7122541716480664,1.8423843143828398,1.8686517737224837,343.2167032128897
Batch_3/utfgcjfa,512,128,48.82812499999999,,,,637.9585326953747
Batch_3/utfgcjfa,512,256,30.517578124999993,,,,399.99999999999994
Batch_3/utfgcjfa,512,384,24.414062499999996,,,,196.77776411265523
Batch_3/utfgcjfa,512,512,36.62109374999999,,,,201.97939810139363
Batch_3/utfgcjfa,512,640,36.62109374999999,,,,243.427458617332
Batch_3/utfgcjfa,512,768,24.414062499999996,,,,363.5537377868666
Batch_3/utfgcjfa,512,896,18.310546874999996,,,,531.4437555358724
Batch_3/utfgcjfa,512,1024,18.310546874999996,,,,1071.428571428571
Batch_3/utfgcjfa,512,1152,12.207031249999998,,,,560.2240896358543
Batch_3/utfgcjfa,512,1280,6.103515624999999,,,,234.46658851113713
Batch_3/utfgcjfa,512,1408,0.0,,,,
Batch_3/utfgcjfa,512,1536,0.0,,,,
Batch_3/utfgcjfa,512,1664,6.103515624999999,,,,183.82352941176467
Batch_3/utfgcjfa,512,1792,12.207031249999998,,,,319.61646024770266
Batch_3/utfgcjfa,512,1920,24.414062499999996,,,,66.66296316871282
Batch_3/utfgcjfa,512,2048,54.931640624999986,,,,148.05218839640972
Batch_3/utfgcjfa,512,2176,54.931640624999986,,,,379.59667852906284
Batch_3/utfgcjfa,512,2304,18.310546874999996,,,,208.2790939859411
Batch_3/utfgcjfa,512,2432,0.0,,,,
Batch_3/utfgcjfa,512,2560,0.0,,,,
Batch_3/utfgcjfa,512,2688,54.931640624999986,,,,113.90332455328537
Batch_3/utfgcjfa,512,2816,78.2179347206153,0.4665729150518253,2.966488352150547,3.5713690847327015,167.29401923881218
Batch_3/utfgcjfa,512,2944,41.967580044415676,,,,849.256900212314
Batch_3/utfgcjfa,512,3072,6.932168728986862,,,,1108.0332409972298
Batch_3/utfgcjfa,512,3200,32.50341285835012,,,,174.36791630340014
Batch_3/utfgcjfa,640,0,30.517578124999993,,,,161.0046691354049
Batch_3/utfgcjfa,640,128,30.517578124999993,,,,151.27448755767335
Batch_3/utfgcjfa,640,256,24.414062499999996,,,,144.02736519938784
Batch_3/utfgcjfa,640,384,24.414062499999996,,,,183.27605956471933
Batch_3/utfgcjfa,640,512,30.517578124999993,,,,213.74372127818742
Batch_3/utfgcjfa,640,640,30.517578124999993,,,,199.20318725099597
Batch_3/utfgcjfa,640,768,24.414062499999996,,,,322.32070910556
Batch_3/utfgcjfa,640,896,24.414062499999996,,,,1336.675020885547
Batch_3/utfgcjfa,640,1024,36.62109374999999,,,,1562.4999999999998
Batch_3/utfgcjfa,640,1152,30.517578124999993,,,,596.8367651447328
Batch_3/utfgcjfa,640,1280,12.207031249999998,,,,228.96393817973666
Batch_3/utfgcjfa,640,1408,24.414062499999996,,,,164.67682173734045
Batch_3/utfgcjfa,640,1536,24.414062499999996,,,,106.53882008256755
Batch_3/utfgcjfa,640,1664,18.310546874999996,,,,177.42293191394984
Batch_3/utfgcjfa,640,1792,6.103515624999999,,,,229.7530155083285
Batch_3/utfgcjfa,640,1920,18.310546874999996,,,,51.964923676518346
Batch_3/utfgcjfa,640,2048,36.62109374999999,,,,89.58566629339305
Batch_3/utfgcjfa,640,2176,30.517578124999993,,,,210.77036568658446
Batch_3/utfgcjfa,640,2304,6.103515624999999,,,,138.3604289173296
Batch_3/utfgcjfa,640,2432,12.207031249999998,,,,307.33768728390316
Batch_3/utfgcjfa,640,2560,12.207031249999998,,,,327.19836400817985
Batch_3/utfgcjfa,640,2688,24.414062499999996,,,,100.70493454179254
Batch_3/utfgcjfa,640,2816,36.83467370618207,,,,155.68745742921084
Batch_3/utfgcjfa,640,2944,12.27822456872736,,,,224.02688322598706
Batch_3/utfgcjfa,640,3072,6.103515624999999,,,,125.54927809165095
Batch_3/utfgcjfa,640,3200,24.417788358819397,,,,81.89169822909203
Batch_3/utfgcjfa,768,0,42.72460937499999,,,,361.850607392091
Batch_3/utfgcjfa,768,128,54.931640624999986,,,,224.2938249106329
Batch_3/utfgcjfa,768,256,30.517578124999993,,,,145.1905626134301
Batch_3/utfgcjfa,768,384,6.103515624999999,,,,108.16657652785288
Batch_3/utfgcjfa,768,512,12.207031249999998,,,,230.88023088023084
Batch_3/utfgcjfa,768,640,24.414062499999996,,,,229.6870513924777
Batch_3/utfgcjfa,768,768,24.414062499999996,,,,307.5148952527387
Batch_3/utfgcjfa,768,896,30.517578124999993,,,,1286.1736334405143
Batch_3/utfgcjfa,768,1024,30.517578124999993,,,,1956.9471624266139
Batch_3/utfgcjfa,768,1152,24.414062499999996,,,,458.05897509304316
Batch_3/utfgcjfa,768,1280,24.414062499999996,,,,163.03240269003464
Batch_3/utfgcjfa,768,1408,42.72460937499999,,,,231.21387283236987
Batch_3/utfgcjfa,768,1536,36.62109374999999,,,,203.43293070565792
Batch_3/utfgcjfa,768,1664,24.414062499999996,,,,221.81146025878002
Batch_3/utfgcjfa,768,1792,24.414062499999996,,,,411.3110539845758
Batch_3/utfgcjfa,768,1920,48.82812499999999,,,,159.40488841657807
Batch_3/utfgcjfa,768,2048,48.82812499999999,,,,131.40604467805517
Batch_3/utfgcjfa,768,2176,36.62109374999999,,,,210.23125437981776
Batch_3/utfgcjfa,768,2304,30.517578124999993,,,,283.4868887313961
Batch_3/utfgcjfa,768,2432,18.310546874999996,,,,370.5991352686843
Batch_3/utfgcjfa,768,2560,12.207031249999998,,,,250.7051081165778
Batch_3/utfgcjfa,768,2688,6.103515624999999,,,,123.95413696932134
Batch_3/utfgcjfa,768,2816,18.310546874999996,,,,223.00687604534468
Batch_3/utfgcjfa,768,2944,12.207031249999998,,,,205.7084083311905
Batch_3/utfgcjfa,768,3072,6.103515624999999,,,,125.1956181533646
Batch_3/utfgcjfa,768,3200,48.82812499999999,,,,110.45909561615463
Batch_3/vc2whyaq,0,0,36.62109374999999,,,,119.39407506902468
Batch_3/vc2whyaq,0,128,30.517578124999993,,,,157.4679159121329
Batch_3/vc2whyaq,0,256,24.414062499999996,,,,176.77604684565236
Batch_3/vc2whyaq,0,384,6.103515624999999,,,,106.41127959563711
Batch_3/vc2whyaq,0,512,12.207031249999998,,,,134.70281192119882
Batch_3/vc2whyaq,0,640,12.207031249999998,,,,83.72579801151228
Batch_3/vc2whyaq,0,768,12.207031249999998,,,,112.75546159267087
Batch_3/vc2whyaq,0,896,12.207031249999998,,,,81.51620134501732
Batch_3/vc2whyaq,0,1024,24.414062499999996,,,,524.4755244755244
Batch_3/vc2whyaq,0,1152,12.207031249999998,,,,2312.1387283236986
Batch_3/vc2whyaq,0,1280,6.103515624999999,,,,1724.1379310344826
Batch_3/vc2whyaq,0,1408,12.207031249999998,,,,316.2055335968379
Batch_3/vc2whyaq,0,1536,6.103515624999999,,,,107.3249262141132
Batch_3/vc2whyaq,0,1664,6.103515624999999,,,,157.1709233791748
Batch_3/vc2whyaq,0,1792,36.62109374999999,,,,499.6876951905058
Batch_3/vc2whyaq,0,1920,36.62109374999999,,,,603.6217303822937
Batch_3/vc2whyaq,0,2048,12.207031249999998,,,,2693.602693602693
Batch_3/vc2whyaq,0,2176,6.103515624999999,,,,7407.407407407406
Batch_3/vc2whyaq,0,2304,24.414062499999996,,,,368.5786685095599
Batch_3/vc2whyaq,0,2432,30.517578124999993,,,,239.49227637408688
Batch_3/vc2whyaq,0,2560,48.82812499999999,,,,212.84143313231638
Batch_3/vc2whyaq,0,2688,54.931640624999986,,,,266.8954341816795
Batch_3/vc2whyaq,0,2816,42.72460937499999,,,,354.34067324727914
Batch_3/vc2whyaq,0,2944,54.931640624999986,,,,229.40164404511563
Batch_3/vc2whyaq,0,3072,54.931640624999986,,,,208.4853539038882
Batch_3/vc2whyaq,0,3200,48.82812499999999,,,,234.21946363742825
Batch_3/vc2whyaq,128,0,18.310546874999996,,,,287.83881026625085
Batch_3/vc2whyaq,128,128,6.103515624999999,,,,124.64942349641632
Batch_3/vc2whyaq,128,256,0.0,,,,
Batch_3/vc2whyaq,128,384,6.103515624999999,,,,187.8816345702207
Batch_3/vc2whyaq,128,512,12.207031249999998,,,,113.18619128466325
Batch_3/vc2whyaq,128,640,6.103515624999999,,,,47.38213693437574
Batch_3/vc2whyaq,128,768,6.103515624999999,,,,65.00893872907524
Batch_3/vc2whyaq,128,896,0.0,,,,
Batch_3/vc2whyaq,128,1024,0.0,,,,
Batch_3/vc2whyaq,128,1152,0.0,,,,
Batch_3/vc2whyaq,128,1280,18.310546874999996,,,,87.69045270196206
Batch_3/vc2whyaq,128,1408,24.414062499999996,,,,79.41760423560555
Batch_3/vc2whyaq,128,1536,12.207031249999998,,,,78.21666014861164
Batch_3/vc2whyaq,128,1664,0.0,,,,
Batch_3/vc2whyaq,128,1792,24.414062499999996,,,,334.518084883964
Batch_3/vc2whyaq,128,1920,36.62109374999999,,,,328.67707477403445
Batch_3/vc2whyaq,128,2048,12.207031249999998,,,,410.04613018964625
Batch_3/vc2whyaq,128,2176,0.0,,,,
Batch_3/vc2whyaq,128,2304,12.207031249999998,,,,100.25062656641602
Batch_3/vc2whyaq,128,2432,24.414062499999996,,,,126.19291742250965
Batch_3/vc2whyaq,128,2560,36.62109374999999,,,,119.80352222355336
Batch_3/vc2whyaq,128,2688,36.62109374999999,,,,111.09876680368845
Batch_3/vc2whyaq,128,2816,42.72460937499999,,,,150.06163245618734
Batch_3/vc2whyaq,128,2944,48.82812499999999,,,,168.14965319134026
Batch_3/vc2whyaq,128,3072,36.62109374999999,,,,235.4326074161271
Batch_3/vc2whyaq,128,3200,6.103515624999999,,,,106.7520683213237
Batch_3/vc2whyaq,256,0,12.207031249999998,,,,284.09090909090907
Batch_3/vc2whyaq,256,128,12.207031249999998,,,,70.70885628424958
Batch_3/vc2whyaq,256,256,12.207031249999998,,,,65.94131223211342
Batch_3/vc2whyaq,256,384,24.414062499999996,,,,153.41344924571717
Batch_3/vc2whyaq,256,512,12.207031249999998,,,,40.539170973953574
Batch_3/vc2whyaq,256,640,18.310546874999996,,,,115.65707676738468
Batch_3/vc2whyaq,256,768,12.207031249999998,,,,155.9454191033138
Batch_3/vc2whyaq,256,896,6.103515624999999,,,,241.25452352231602
Batch_3/vc2whyaq,256,1024,0.0,,,,
Batch_3/vc2whyaq,256,1152,6.103515624999999,,,,74.78033277248082
Batch_3/vc2whyaq,256,1280,24.414062499999996,,,,107.19071013845465
Batch_3/vc2whyaq,256,1408,24.414062499999996,,,,76.48671043406206
Batch_3/vc2whyaq,256,1536,12.207031249999998,,,,81.82469060038865
Batch_3/vc2whyaq,256,1664,0.0,,,,
Batch_3/vc2whyaq,256,1792,18.310546874999996,,,,96.79761232556261
Batch_3/vc2whyaq,256,1920,24.414062499999996,,,,79.93605115907273
Batch_3/vc2whyaq,256,2048,18.310546874999996,,,,111.58638646085176
Batch_3/vc2whyaq,256,2176,6.103515624999999,,,,45.141631869992096
Batch_3/vc2whyaq,256,2304,6.103515624999999,,,,38.887808671981325
Batch_3/vc2whyaq,256,2432,24.414062499999996,,,,118.82364590553519
Batch_3/vc2whyaq,256,2560,42.72460937499999,,,,274.88260222196766
Batch_3/vc2whyaq,256,2688,24.414062499999996,,,,189.03591682419656
Batch_3/vc2whyaq,256,2816,18.310546874999996,,,,76.9773558278273
Batch_3/vc2whyaq,256,2944,18.310546874999996,,,,81.03727714748781
Batch_3/vc2whyaq,256,3072,18.310546874999996,,,,197.95447047179147
Batch_3/vc2whyaq,256,3200,12.207031249999998,,,,378.25059101654836
Batch_3/vc2whyaq,384,0,24.414062499999996,,,,388.06694154741683
Batch_3/vc2whyaq,384,128,24.414062499999996,,,,85.52490912978402
Batch_3/vc2whyaq,384,256,24.414062499999996,,,,84.96176720475785
Batch_3/vc2whyaq,384,384,30.517578124999993,,,,161.99250784651207
Batch_3/vc2whyaq,384,512,18.310546874999996,,,,71.16804554754913
Batch_3/vc2whyaq,384,640,18.310546874999996,,,,79.17133997492905
Batch_3/vc2whyaq,384,768,36.62109374999999,,,,174.6216530849825
Batch_3/vc2whyaq,384,896,30.517578124999993,,,,589.9705014749261
Batch_3/vc2whyaq,384,1024,6.103515624999999,,,,43.57298474945533
Batch_3/vc2whyaq,384,1152,18.310546874999996,,,,93.69144284821985
Batch_3/vc2whyaq,384,1280,24.414062499999996,,,,268.5014264138278
Batch_3/vc2whyaq,384,1408,36.62109374999999,,,,547.0459518599561
Batch_3/vc2whyaq,384,1536,24.414062499999996,,,,565.2378709373527
Batch_3/vc2whyaq,384,1664,6.103515624999999,,,,208.55057351407714
Batch_3/vc2whyaq,384,1792,12.207031249999998,,,,58.663929016645874
Batch_3/vc2whyaq,384,1920,6.103515624999999,,,,21.436227224008572
Batch_3/vc2whyaq,384,2048,12.207031249999998,,,,86.50519031141866
Batch_3/vc2whyaq,384,2176,6.103515624999999,,,,65.39153179663234
Batch_3/vc2whyaq,384,2304,6.103515624999999,,,,66.21420294653203
Batch_3/vc2whyaq,384,2432,18.310546874999996,,,,136.8457064659596
Batch_3/vc2whyaq,384,2560,24.414062499999996,,,,228.6585365853658
Batch_3/vc2whyaq,384,2688,6.103515624999999,,,,102.77492291880779
Batch_3/vc2whyaq,384,2816,18.310546874999996,,,,179.96400719856027
Batch_3/vc2whyaq,384,2944,24.414062499999996,,,,125.99748005039896
Batch_3/vc2whyaq,384,3072,30.517578124999993,,,,255.59105431309897
Batch_3/vc2whyaq,384,3200,12.207031249999998,,,,427.807486631016
Batch_3/vc2whyaq,512,0,24.414062499999996,,,,72.20651062037426
Batch_3/vc2whyaq,512,128,36.62109374999999,,,,168.68740115972582
Batch_3/vc2whyaq,512,256,30.517578124999993,,,,404.9607694254618
Batch_3/vc2whyaq,512,384,12.207031249999998,,,,151.08593012275728
Batch_3/vc2whyaq,512,512,12.207031249999998,,,,98.4130889408291
Batch_3/vc2whyaq,512,640,18.310546874999996,,,,86.07086501219337
Batch_3/vc2whyaq,512,768,36.62109374999999,,,,173.09772809231873
Batch_3/vc2whyaq,512,896,30.517578124999993,,,,557.258289217052
Batch_3/vc2whyaq,512,1024,24.414062499999996,,,,100.15858442534011
Batch_3/vc2whyaq,512,1152,42.72460937499999,,,,107.4864298382329
Batch_3/vc2whyaq,512,1280,36.62109374999999,,,,184.8642403235124
Batch_3/vc2whyaq,512,1408,30.517578124999993,,,,673.4006734006732
Batch_3/vc2whyaq,512,1536,30.517578124999993,,,,1013.2995566814437
Batch_3/vc2whyaq,512,1664,12.207031249999998,,,,226.8216614686702
Batch_3/vc2whyaq,512,1792,12.207031249999998,,,,171.5265866209262
Batch_3/vc2whyaq,512,1920,6.103515624999999,,,,195.12195121951217
Batch_3/vc2whyaq,512,2048,6.103515624999999,,,,157.4803149606299
Batch_3/vc2whyaq,512,2176,0.0,,,,
Batch_3/vc2whyaq,512,2304,18.310546874999996,,,,395.38714991762765
Batch_3/vc2whyaq,512,2432,24.414062499999996,,,,366.80421824850976
Batch_3/vc2whyaq,512,2560,18.310546874999996,,,,126.12991381122553
Batch_3/vc2whyaq,512,2688,12.207031249999998,,,,81.0865599026961
Batch_3/vc2whyaq,512,2816,12.207031249999998,,,,208.06241872561762
Batch_3/vc2whyaq,512,2944,12.207031249999998,,,,229.8190175237
Batch_3/vc2whyaq,512,3072,18.310546874999996,,,,230.1054650047938
Batch_3/vc2whyaq,512,3200,12.207031249999998,,,,140.15416958654518
Batch_3/vc2whyaq,640,0,30.517578124999993,,,,88.84446665556109
Batch_3/vc2whyaq,640,128,24.414062499999996,,,,135.44018058690742
Batch_3/vc2whyaq,640,256,12.207031249999998,,,,303.030303030303
Batch_3/vc2whyaq,640,384,30.517578124999993,,,,705.9654076950228
Batch_3/vc2whyaq,640,512,36.62109374999999,,,,244.0512507626601
Batch_3/vc2whyaq,640,640,30.517578124999993,,,,227.46659084446966
Batch_3/vc2whyaq,640,768,12.207031249999998,,,,537.9959650302621
Batch_3/vc2whyaq,640,896,6.103515624999999,,,,419.72717733473235
Batch_3/vc2whyaq,640,1024,24.414062499999996,,,,200.3673401235598
Batch_3/vc2whyaq,640,1152,42.72460937499999,,,,180.32639076728876
Batch_3/vc2whyaq,640,1280,42.72460937499999,,,,276.85492801771863
Batch_3/vc2whyaq,640,1408,36.62109374999999,,,,1077.6829815895824
Batch_3/vc2whyaq,640,1536,30.517578124999993,,,,775.1937984496122
Batch_3/vc2whyaq,640,1664,24.414062499999996,,,,330.66960595205285
Batch_3/vc2whyaq,640,1792,6.103515624999999,,,,172.1911321566939
Batch_3/vc2whyaq,640,1920,6.103515624999999,,,,162.00891049007694
Batch_3/vc2whyaq,640,2048,6.103515624999999,,,,73.08605883427735
Batch_3/vc2whyaq,640,2176,6.103515624999999,,,,90.33423667570008
Batch_3/vc2whyaq,640,2304,18.310546874999996,,,,292.75433032446927
Batch_3/vc2whyaq,640,2432,42.72460937499999,,,,488.74149066154644
Batch_3/vc2whyaq,640,2560,36.62109374999999,,,,268.5164466323562
Batch_3/vc2whyaq,640,2688,12.207031249999998,,,,93.14239143089998
Batch_3/vc2whyaq,640,2816,6.103515624999999,,,,112.83497884344143
Batch_3/vc2whyaq,640,2944,0.0,,,,
Batch_3/vc2whyaq,640,3072,6.103515624999999,,,,55.119195259749205
Batch_3/vc2whyaq,640,3200,18.310546874999996,,,,142.84013807880012
Batch_3/vc2whyaq,768,0,12.207031249999998,,,,196.2708537782139
Batch_3/vc2whyaq,768,128,6.103515624999999,,,,113.83039271485484
Batch_3/vc2whyaq,768,256,0.0,,,,
Batch_3/vc2whyaq,768,384,24.414062499999996,,,,740.7407407407405
Batch_3/vc2whyaq,768,512,36.62109374999999,,,,195.8624066593218
Batch_3/vc2whyaq,768,640,36.62109374999999,,,,184.0138010350776
Batch_3/vc2whyaq,768,768,18.310546874999996,,,,169.49152542372877
Batch_3/vc2whyaq,768,896,18.310546874999996,,,,186.39328984156566
Batch_3/vc2whyaq,768,1024,6.103515624999999,,,,107.15242432360031
Batch_3/vc2whyaq,768,1152,24.414062499999996,,,,239.99999999999997
Batch_3/vc2whyaq,768,1280,67.13867187499999,0.6555290583552474,2.3869953838853255,2.6684437700523875,322.1584616933454
Batch_3/vc2whyaq,768,1408,73.24218749999999,0.6764395474757512,2.8604540226021684,3.4604649858413836,271.9854941069809
Batch_3/vc2whyaq,768,1536,48.82812499999999,,,,318.1095205635083
Batch_3/vc2whyaq,768,1664,48.82812499999999,,,,156.72752919050228
Batch_3/vc2whyaq,768,1792,24.414062499999996,,,,48.78643737041102
Batch_3/vc2whyaq,768,1920,18.310546874999996,,,,108.00108001080008
Batch_3/vc2whyaq,768,2048,6.103515624999999,,,,64.68305304010347
Batch_3/vc2whyaq,768,2176,18.310546874999996,,,,298.3961208504289
Batch_3/vc2whyaq,768,2304,36.62109374999999,,,,409.13740197749735
Batch_3/vc2whyaq,768,2432,48.82812499999999,,,,460.4758250191864
Batch_3/vc2whyaq,768,2560,30.517578124999993,,,,424.7186239116584
Batch_3/vc2whyaq,768,2688,0.0,,,,
Batch_3/vc2whyaq,768,2816,0.0,,,,
Batch_3/vc2whyaq,768,2944,0.0,,,,
Batch_3/vc2whyaq,768,3072,0.0,,,,
Batch_3/vc2whyaq,768,3200,12.207031249999998,,,,181.03643358225838
Batch_3/x77cy643,0,0,24.414062499999996,,,,1047.8061558611655
Batch_3/x77cy643,0,128,12.207031249999998,,,,245.474071801166
Batch_3/x77cy643,0,256,12.207031249999998,,,,159.9680063987202
Batch_3/x77cy643,0,384,30.517578124999993,,,,258.1061461526052
Batch_3/x77cy643,0,512,24.414062499999996,,,,268.5765443151298
Batch_3/x77cy643,0,640,42.72460937499999,,,,1183.4319526627216
Batch_3/x77cy643,0,768,30.517578124999993,,,,226.9718176659731
Batch_3/x77cy643,0,896,24.414062499999996,,,,126.07359546135055
Batch_3/x77cy643,0,1024,48.82812499999999,,,,179.6810661076589
Batch_3/x77cy643,0,1152,36.62109374999999,,,,206.7717756526234
Batch_3/x77cy643,0,1280,18.310546874999996,,,,460.4758250191864
Batch_3/x77cy643,0,1408,18.310546874999996,,,,259.6840510711967
Batch_3/x77cy643,0,1536,18.310546874999996,,,,257.12449110777794
Batch_3/x77cy643,0,1664,0.0,,,,
Batch_3/x77cy643,0,1792,0.0,,,,
Batch_3/x77cy643,0,1920,6.103515624999999,,,,123.1906375115491
Batch_3/x77cy643,0,2048,6.103515624999999,,,,103.57327809425166
Batch_3/x77cy643,0,2176,6.103515624999999,,,,90.43635541487676
Batch_3/x77cy643,0,2304,24.414062499999996,,,,290.9090909090908
Batch_3/x77cy643,0,2432,24.414062499999996,,,,409.6262160778289
Batch_3/x77cy643,0,2560,18.310546874999996,,,,161.65970631820014
Batch_3/x77cy643,0,2688,6.103515624999999,,,,60.069079441357545
Batch_3/x77cy643,0,2816,18.310546874999996,,,,611.9326874043854
Batch_3/x77cy643,0,2944,42.72460937499999,,,,412.97935103244833
Batch_3/x77cy643,0,3072,42.72460937499999,,,,305.6434887021067
Batch_3/x77cy643,0,3200,24.414062499999996,,,,406.1944656004061
Batch_3/x77cy643,128,0,18.310546874999996,,,,203.90824129141882
Batch_3/x77cy643,128,128,18.310546874999996,,,,144.63058936965166
Batch_3/x77cy643,128,256,36.62109374999999,,,,228.26707247479547
Batch_3/x77cy643,128,384,42.72460937499999,,,,453.60045360045353
Batch_3/x77cy643,128,512,30.517578124999993,,,,300.22516887665745
Batch_3/x77cy643,128,640,30.517578124999993,,,,257.0281124497991
Batch_3/x77cy643,128,768,36.62109374999999,,,,180.73377914332184
Batch_3/x77cy643,128,896,18.310546874999996,,,,57.08984514379504
Batch_3/x77cy643,128,1024,42.72460937499999,,,,158.2779360557138
Batch_3/x77cy643,128,1152,61.035156249999986,1.79982811289798,2.697687821630677,3.3287185429317625,177.54105636928534
Batch_3/x77cy643,128,1280,61.035156249999986,1.1654298575709023,2.886661664417382,3.130108352235922,256.6982191561046
Batch_3/x77cy643,128,1408,48.82812499999999,,,,261.3159122725151
Batch_3/x77cy643,128,1536,42.72460937499999,,,,322.40730789897896
Batch_3/x77cy643,128,1664,24.414062499999996,,,,375.3225428102275
Batch_3/x77cy643,128,1792,6.103515624999999,,,,90.21199819576002
Batch_3/x77cy643,128,1920,12.207031249999998,,,,108.93246187363832
Batch_3/x77cy643,128,2048,18.310546874999996,,,,198.87305270135894
Batch_3/x77cy643,128,2176,30.517578124999993,,,,428.1738385784628
Batch_3/x77cy643,128,2304,18.310546874999996,,,,241.15755627009642
Batch_3/x77cy643,128,2432,12.207031249999998,,,,248.5243864554209
Batch_3/x77cy643,128,2560,30.517578124999993,,,,172.06151199053656
Batch_3/x77cy643,128,2688,30.517578124999993,,,,167.62702985856467
Batch_3/x77cy643,128,2816,12.207031249999998,,,,380.22813688212926
Batch_3/x77cy643,128,2944,24.414062499999996,,,,324.3462396107844
Batch_3/x77cy643,128,3072,30.517578124999993,,,,215.2852529601722
Batch_3/x77cy643,128,3200,18.310546874999996,,,,144.9975833736104
Batch_3/x77cy643,256,0,12.207031249999998,,,,123.47584503781447
Batch_3/x77cy643,256,128,18.310546874999996,,,,128.06830309498395
Batch_3/x77cy643,256,256,36.62109374999999,,,,266.66666666666663
Batch_3/x77cy643,256,384,24.414062499999996,,,,244.98545398866935
Batch_3/x77cy643,256,512,12.207031249999998,,,,61.115355233002276
Batch_3/x77cy643,256,640,18.310546874999996,,,,136.9394043135912
Batch_3/x77cy643,256,768,24.414062499999996,,,,163.4654679199019
Batch_3/x77cy643,256,896,12.207031249999998,,,,50.35880649628603
Batch_3/x77cy643,256,1024,18.310546874999996,,,,127.99999999999997
Batch_3/x77cy643,256,1152,61.035156249999986,1.316117830857135,3.3365087864994982,4.085605271129112,158.9930440543226
Batch_3/x77cy643,256,1280,73.24218749999999,1.0325401368076488,3.093089465742327,3.7648823662584996,190.35155552911777
Batch_3/x77cy643,256,1408,48.82812499999999,,,,246.37043554773422
Batch_3/x77cy643,256,1536,48.82812499999999,,,,406.85847137460036
Batch_3/x77cy643,256,1664,42.72460937499999,,,,662.5650733554188
Batch_3/x77cy643,256,1792,24.414062499999996,,,,210.05645267165545
Batch_3/x77cy643,256,1920,30.517578124999993,,,,192.515942726507
Batch_3/x77cy643,256,2048,36.62109374999999,,,,414.2502071251035
Batch_3/x77cy643,256,2176,30.517578124999993,,,,366.770584999083
Batch_3/x77cy643,256,2304,24.414062499999996,,,,261.60889470241983
Batch_3/x77cy643,256,2432,30.517578124999993,,,,181.09790605546118
Batch_3/x77cy643,256,2560,24.414062499999996,,,,62.48698187877524
Batch_3/x77cy643,256,2688,30.517578124999993,,,,103.95685790396983
Batch_3/x77cy643,256,2816,18.310546874999996,,,,321.4572729708009
Batch_3/x77cy643,256,2944,18.310546874999996,,,,645.8557588805166
Batch_3/x77cy643,256,3072,24.414062499999996,,,,496.5859714463066
Batch_3/x77cy643,256,3200,18.310546874999996,,,,243.9024390243902
Batch_3/x77cy643,384,0,6.103515624999999,,,,137.31548232063162
Batch_3/x77cy643,384,128,6.103515624999999,,,,78.74015748031495
Batch_3/x77cy643,384,256,18.310546874999996,,,,294.9127549766527
Batch_3/x77cy643,384,384,18.310546874999996,,,,163.64380199099958
Batch_3/x77cy643,384,512,6.103515624999999,,,,44.85310607759586
Batch_3/x77cy643,384,640,12.207031249999998,,,,214.4197266148485
Batch_3/x77cy643,384,768,30.517578124999993,,,,360.11703803736214
Batch_3/x77cy643,384,896,24.414062499999996,,,,190.62748212867353
Batch_3/x77cy643,384,1024,12.207031249999998,,,,188.14675446848537
Batch_3/x77cy643,384,1152,36.62109374999999,,,,212.62458471760792
Batch_3/x77cy643,384,1280,42.72460937499999,,,,255.59105431309897
Batch_3/x77cy643,384,1408,18.310546874999996,,,,417.8272980501392
Batch_3/x77cy643,384,1536,18.310546874999996,,,,636.9426751592355
Batch_3/x77cy643,384,1664,18.310546874999996,,,,571.7008099094805
Batch_3/x77cy643,384,1792,18.310546874999996,,,,225.098480585256
Batch_3/x77cy643,384,1920,18.310546874999996,,,,162.3376623376623
Batch_3/x77cy643,384,2048,18.310546874999996,,,,231.615518239722
Batch_3/x77cy643,384,2176,12.207031249999998,,,,101.24019235636545
Batch_3/x77cy643,384,2304,18.310546874999996,,,,94.75304986379247
Batch_3/x77cy643,384,2432,30.517578124999993,,,,172.41379310344826
Batch_3/x77cy643,384,2560,18.310546874999996,,,,46.84937924572498
Batch_3/x77cy643,384,2688,18.310546874999996,,,,52.032520325203244
Batch_3/x77cy643,384,2816,12.207031249999998,,,,151.1715797430083
Batch_3/x77cy643,384,2944,12.207031249999998,,,,288.0806625855239
Batch_3/x77cy643,384,3072,12.207031249999998,,,,262.2950819672131
Batch_3/x77cy643,384,3200,12.207031249999998,,,,154.70895378070003
Batch_3/x77cy643,512,0,6.103515624999999,,,,139.13043478260866
Batch_3/x77cy643,512,128,6.103515624999999,,,,145.93214155417726
Batch_3/x77cy643,512,256,12.207031249999998,,,,46.080294913887435
Batch_3/x77cy643,512,384,18.310546874999996,,,,58.147986625963064
Batch_3/x77cy643,512,512,18.310546874999996,,,,129.12945227590654
Batch_3/x77cy643,512,640,30.517578124999993,,,,360.2954422626553
Batch_3/x77cy643,512,768,42.72460937499999,,,,166.1359545895057
Batch_3/x77cy643,512,896,54.931640624999986,,,,167.24155952754256
Batch_3/x77cy643,512,1024,24.414062499999996,,,,130.53410203415638
Batch_3/x77cy643,512,1152,24.414062499999996,,,,138.39234229039323
Batch_3/x77cy643,512,1280,18.310546874999996,,,,86.90928843020097
Batch_3/x77cy643,512,1408,6.103515624999999,,,,36.06853020739404
Batch_3/x77cy643,512,1536,18.310546874999996,,,,94.77550053311218
Batch_3/x77cy643,512,1664,18.310546874999996,,,,230.21582733812946
Batch_3/x77cy643,512,1792,6.103515624999999,,,,239.5209580838323
Batch_3/x77cy643,512,1920,6.103515624999999,,,,113.28235627301045
Batch_3/x77cy643,512,2048,0.0,,,,
Batch_3/x77cy643,512,2176,6.103515624999999,,,,51.361068310220844
Batch_3/x77cy643,512,2304,18.310546874999996,,,,108.10810810810808
Batch_3/x77cy643,512,2432,18.310546874999996,,,,258.78800948889364
Batch_3/x77cy643,512,2560,12.207031249999998,,,,268.7269062814914
Batch_3/x77cy643,512,2688,12.207031249999998,,,,140.64697609001402
Batch_3/x77cy643,512,2816,36.62109374999999,,,,532.6231691078561
Batch_3/x77cy643,512,2944,36.62109374999999,,,,354.4214070529859
Batch_3/x77cy643,512,3072,30.517578124999993,,,,232.82887077997665
Batch_3/x77cy643,512,3200,42.72460937499999,,,,185.18518518518513
Batch_3/x77cy643,640,0,24.414062499999996,,,,110.58888581697536
Batch_3/x77cy643,640,128,30.517578124999993,,,,179.54933117874134
Batch_3/x77cy643,640,256,24.414062499999996,,,,64.11283859592882
Batch_3/x77cy643,640,384,12.207031249999998,,,,39.72786413070467
Batch_3/x77cy643,640,512,18.310546874999996,,,,188.70891649630443
Batch_3/x77cy643,640,640,36.62109374999999,,,,517.4644243208278
Batch_3/x77cy643,640,768,36.62109374999999,,,,258.009030316061
Batch_3/x77cy643,640,896,42.72460937499999,,,,139.13043478260866
Batch_3/x77cy643,640,1024,30.517578124999993,,,,133.77926421404678
Batch_3/x77cy643,640,1152,24.414062499999996,,,,83.9146168773273
Batch_3/x77cy643,640,1280,18.310546874999996,,,,62.79763462242921
Batch_3/x77cy643,640,1408,12.207031249999998,,,,70.4225352112676
Batch_3/x77cy643,640,1536,18.310546874999996,,,,102.51153254741156
Batch_3/x77cy643,640,1664,18.310546874999996,,,,247.21878862793568
Batch_3/x77cy643,640,1792,0.0,,,,
Batch_3/x77cy643,640,1920,0.0,,,,
Batch_3/x77cy643,640,2048,0.0,,,,
Batch_3/x77cy643,640,2176,6.103515624999999,,,,98.69232667160125
Batch_3/x77cy643,640,2304,12.207031249999998,,,,145.1905626134301
Batch_3/x77cy643,640,2432,12.207031249999998,,,,201.816347124117
Batch_3/x77cy643,640,2560,12.207031249999998,,,,56.17188597107147
Batch_3/x77cy643,640,2688,18.310546874999996,,,,74.11524921252547
Batch_3/x77cy643,640,2816,42.72460937499999,,,,180.77734257306415
Batch_3/x77cy643,640,2944,54.931640624999986,,,,422.05222896333413
Batch_3/x77cy643,640,3072,48.82812499999999,,,,236.80899874195217
Batch_3/x77cy643,640,3200,61.035156249999986,2.00935869071026,2.959307441414806,3.335882734897215,156.71349415122847
Batch_3/x77cy643,768,0,30.517578124999993,,,,136.59336156262805
Batch_3/x77cy643,768,128,36.62109374999999,,,,248.44720496894405
Batch_3/x77cy643,768,256,30.517578124999993,,,,157.71315919172002
Batch_3/x77cy643,768,384,18.310546874999996,,,,144.09221902017288
Batch_3/x77cy643,768,512,6.103515624999999,,,,104.16666666666666
Batch_3/x77cy643,768,640,12.207031249999998,,,,195.3601953601953
Batch_3/x77cy643,768,768,6.103515624999999,,,,99.95002498750623
Batch_3/x77cy643,768,896,12.207031249999998,,,,155.49076773566566
Batch_3/x77cy643,768,1024,30.517578124999993,,,,279.9160251924422
Batch_3/x77cy643,768,1152,36.62109374999999,,,,130.39226339237203
Batch_3/x77cy643,768,1280,48.82812499999999,,,,108.76954452753228
Batch_3/x77cy643,768,1408,36.62109374999999,,,,184.39552840843606
Batch_3/x77cy643,768,1536,12.207031249999998,,,,372.26617031177284
Batch_3/x77cy643,768,1664,12.207031249999998,,,,597.4607916355487
Batch_3/x77cy643,768,1792,6.103515624999999,,,,197.53086419753083
Batch_3/x77cy643,768,1920,12.207031249999998,,,,189.52854773750295
Batch_3/x77cy643,768,2048,12.207031249999998,,,,135.8926448105996
Batch_3/x77cy643,768,2176,6.103515624999999,,,,95.99232061435083
Batch_3/x77cy643,768,2304,0.0,,,,
Batch_3/x77cy643,768,2432,0.0,,,,
Batch_3/x77cy643,768,2560,12.207031249999998,,,,51.78663904712583
Batch_3/x77cy643,768,2688,18.310546874999996,,,,72.7669637984355
Batch_3/x77cy643,768,2816,30.517578124999993,,,,146.5201465201465
Batch_3/x77cy643,768,2944,36.62109374999999,,,,425.90949423247554
Batch_3/x77cy643,768,3072,36.62109374999999,,,,228.5278994477242
Batch_3/x77cy643,768,3200,54.931640624999986,,,,209.4652091379197
Batch_3/x7u69zsw,0,0,48.82812499999999,,,,480.1920768307322
Batch_3/x7u69zsw,0,128,67.13867187499999,0.9853147481188748,2.15059123178964,2.7783114908082074,293.1016434627865
Batch_3/x7u69zsw,0,256,48.82812499999999,,,,123.28556017876403
Batch_3/x7u69zsw,0,384,61.035156249999986,0.597414854823298,1.8112611145218862,4.384010826603566,220.48690858980243
Batch_3/x7u69zsw,0,512,61.035156249999986,0.7261771436824807,2.069420042004296,2.7777385840094975,265.7807308970099
Batch_3/x7u69zsw,0,640,79.34570312499999,0.7776816725043753,2.242022278134311,3.6432845419846185,168.24395373291267
Batch_3/x7u69zsw,0,768,73.24218749999999,0.7835259317705702,2.644861363035713,3.8629480276462576,171.73524150268332
Batch_3/x7u69zsw,0,896,30.517578124999993,,,,106.82334089998663
Batch_3/x7u69zsw,0,1024,36.62109374999999,,,,163.93442622950815
Batch_3/x7u69zsw,0,1152,61.035156249999986,0.592990294478674,1.2200576668842544,4.12399044843704,218.10250817884403
Batch_3/x7u69zsw,0,1280,61.035156249999986,0.6663553524804253,1.051633925537378,2.43975303496827,385.2080123266563
Batch_3/x7u69zsw,0,1408,67.13867187499999,0.49827874851668796,2.5501119533728014,2.655889131314183,262.1231979030144
Batch_3/x7u69zsw,0,1536,97.65624999999999,0.39493270848342943,2.7529886229594007,3.657672007753664,151.61360190599953
Batch_3/x7u69zsw,0,1664,177.00195312499997,0.4918490759365935,1.4137604069847327,3.657672007753664,308.42230130486354
Batch_3/x7u69zsw,0,1792,122.07031249999997,0.5340411485189944,1.802752398872629,3.298459020476375,225.21113543947448
Batch_3/x7u69zsw,0,1920,85.44921874999999,0.4386527307135983,2.047949925697763,3.2503392319018047,335.1359585650087
Batch_3/x7u69zsw,0,2048,67.13867187499999,0.3191538243211462,5.0209703231304035,5.40032885777884,135.26651730988712
Batch_3/x7u69zsw,0,2176,54.931640624999986,,,,128.3932501834189
Batch_3/x7u69zsw,0,2304,42.72460937499999,,,,1030.5483989694515
Batch_3/x7u69zsw,0,2432,12.207031249999998,,,,247.90827393864268
Batch_3/x7u69zsw,0,2560,6.103515624999999,,,,95.07962918944614
Batch_3/x7u69zsw,0,2688,6.103515624999999,,,,169.9235344095157
Batch_3/x7u69zsw,0,2816,24.414062499999996,,,,244.49877750611242
Batch_3/x7u69zsw,0,2944,61.035156249999986,0.5783508041301179,1.204912163396262,3.690162182200474,448.3048472961613
Batch_3/x7u69zsw,0,3072,85.44921874999999,0.34766928667960406,0.9269224922099876,1.095458018781592,1452.9604068289136
Batch_3/x7u69zsw,0,3200,85.44921874999999,0.3634471196318755,0.9761798052727724,2.2757200724628404,933.0534173081406
Batch_3/x7u69zsw,128,0,61.035156249999986,0.4259537945889915,1.657351599873231,2.3378153788902334,510.7469674398807
Batch_3/x7u69zsw,128,128,85.44921874999999,0.46601682375146847,2.146135533660259,3.522459277755268,294.90369551193436
Batch_3/x7u69zsw,128,256,54.931640624999986,,,,206.96791997240425
Batch_3/x7u69zsw,128,384,79.34570312499999,0.5201570947860099,1.5210115310302952,1.5254000354017008,793.4758651091028
Batch_3/x7u69zsw,128,512,42.72460937499999,,,,495.6629491945476
Batch_3/x7u69zsw,128,640,30.517578124999993,,,,210.4155707522356
Batch_3/x7u69zsw,128,768,42.72460937499999,,,,320.6841261357562
Batch_3/x7u69zsw,128,896,12.207031249999998,,,,108.81392818280739
Batch_3/x7u69zsw,128,1024,12.207031249999998,,,,191.2502988285919
Batch_3/x7u69zsw,128,1152,18.310546874999996,,,,448.7658937920717
Batch_3/x7u69zsw,128,1280,24.414062499999996,,,,501.56739811912223
Batch_3/x7u69zsw,128,1408,54.931640624999986,,,,341.46341463414626
Batch_3/x7u69zsw,128,1536,61.035156249999986,1.0812010215973467,2.6815356146833604,2.756457324757103,208.34883547883024
Batch_3/x7u69zsw,128,1664,85.44921874999999,0.4695087195779456,2.487816820216481,2.8113403340655014,279.37838309760775
Batch_3/x7u69zsw,128,1792,54.931640624999986,,,,346.6633651108084
Batch_3/x7u69zsw,128,1920,67.13867187499999,0.48204379149011684,2.0775663783985823,2.201062576965338,298.22926374650507
Batch_3/x7u69zsw,128,2048,61.035156249999986,0.859717772790088,3.1029958046501496,6.04578565866213,87.97782958694407
Batch_3/x7u69zsw,128,2176,42.72460937499999,,,,121.61751292186071
Batch_3/x7u69zsw,128,2304,42.72460937499999,,,,1325.1301467108376
Batch_3/x7u69zsw,128,2432,30.517578124999993,,,,157.08862416546665
Batch_3/x7u69zsw,128,2560,24.414062499999996,,,,86.46779074794637
Batch_3/x7u69zsw,128,2688,18.310546874999996,,,,135.15796587261357
Batch_3/x7u69zsw,128,2816,36.62109374999999,,,,201.816347124117
Batch_3/x7u69zsw,128,2944,67.13867187499999,0.9027033336764101,2.8277100878514445,3.690162182200474,311.8665211289567
Batch_3/x7u69zsw,128,3072,36.62109374999999,,,,465.4410053525715
Batch_3/x7u69zsw,128,3200,18.310546874999996,,,,1030.9278350515463
Batch_3/x7u69zsw,256,0,67.13867187499999,0.3431831258788849,1.118462271470208,5.821550788405801,238.85350318471333
Batch_3/x7u69zsw,256,128,61.035156249999986,0.6583920399272813,2.6951548368564695,3.522459277755268,302.6699816236082
Batch_3/x7u69zsw,256,256,48.82812499999999,,,,317.50231512104773
Batch_3/x7u69zsw,256,384,54.931640624999986,,,,909.3492469451547
Batch_3/x7u69zsw,256,512,30.517578124999993,,,,315.85596967782686
Batch_3/x7u69zsw,256,640,24.414062499999996,,,,93.84164222873899
Batch_3/x7u69zsw,256,768,30.517578124999993,,,,85.88482844505516
Batch_3/x7u69zsw,256,896,24.414062499999996,,,,107.13090056913289
Batch_3/x7u69zsw,256,1024,36.62109374999999,,,,343.8789546079779
Batch_3/x7u69zsw,256,1152,30.517578124999993,,,,511.67252958106803
Batch_3/x7u69zsw,256,1280,18.310546874999996,,,,215.43985637342905
Batch_3/x7u69zsw,256,1408,42.72460937499999,,,,393.8669292446194
Batch_3/x7u69zsw,256,1536,48.82812499999999,,,,405.97361171523846
Batch_3/x7u69zsw,256,1664,61.035156249999986,0.27348556928368445,1.82970822409106,2.360848598931786,315.41595479037977
Batch_3/x7u69zsw,256,1792,36.62109374999999,,,,504.032258064516
Batch_3/x7u69zsw,256,1920,36.62109374999999,,,,289.2263195950831
Batch_3/x7u69zsw,256,2048,42.72460937499999,,,,181.3853304613989
Batch_3/x7u69zsw,256,2176,30.517578124999993,,,,195.9823615874571
Batch_3/x7u69zsw,256,2304,24.414062499999996,,,,264.76915439351313
Batch_3/x7u69zsw,256,2432,42.72460937499999,,,,225.22522522522516
Batch_3/x7u69zsw,256,2560,30.517578124999993,,,,181.95602729340405
Batch_3/x7u69zsw,256,2688,36.62109374999999,,,,396.43211100099103
Batch_3/x7u69zsw,256,2816,48.82812499999999,,,,387.2752420470262
Batch_3/x7u69zsw,256,2944,54.931640624999986,,,,404.7046920450233
Batch_3/x7u69zsw,256,3072,36.62109374999999,,,,216.74342996477915
Batch_3/x7u69zsw,256,3200,18.310546874999996,,,,101.72939979654117
Batch_3/x7u69zsw,384,0,42.72460937499999,,,,190.55396760582548
Batch_3/x7u69zsw,384,128,67.13867187499999,0.4222008245644753,1.9633473257897354,2.614213697532393,642.8284451586982
Batch_3/x7u69zsw,384,256,54.931640624999986,,,,871.4596949891065
Batch_3/x7u69zsw,384,384,30.517578124999993,,,,871.4596949891067
Batch_3/x7u69zsw,384,512,18.310546874999996,,,,226.7573696145124
Batch_3/x7u69zsw,384,640,12.207031249999998,,,,53.4580688272636
Batch_3/x7u69zsw,384,768,18.310546874999996,,,,60.87044739778836
Batch_3/x7u69zsw,384,896,24.414062499999996,,,,138.06195530244196
Batch_3/x7u69zsw,384,1024,30.517578124999993,,,,288.02880288028797
Batch_3/x7u69zsw,384,1152,48.82812499999999,,,,592.3418658768775
Batch_3/x7u69zsw,384,1280,42.72460937499999,,,,338.5049365303243
Batch_3/x7u69zsw,384,1408,18.310546874999996,,,,133.7345369441658
Batch_3/x7u69zsw,384,1536,36.62109374999999,,,,507.35667174023325
Batch_3/x7u69zsw,384,1664,42.72460937499999,,,,456.4473183720045
Batch_3/x7u69zsw,384,1792,12.207031249999998,,,,273.1307613519972
Batch_3/x7u69zsw,384,1920,12.207031249999998,,,,309.11901081916534
Batch_3/x7u69zsw,384,2048,18.310546874999996,,,,187.96992481203003
Batch_3/x7u69zsw,384,2176,18.310546874999996,,,,139.22728854855552
Batch_3/x7u69zsw,384,2304,12.207031249999998,,,,107.9330814894765
Batch_3/x7u69zsw,384,2432,24.414062499999996,,,,289.0173410404623
Batch_3/x7u69zsw,384,2560,18.310546874999996,,,,429.33810375670834
Batch_3/x7u69zsw,384,2688,42.72460937499999,,,,963.1922944616441
Batch_3/x7u69zsw,384,2816,54.931640624999986,,,,1493.930905695611
Batch_3/x7u69zsw,384,2944,42.72460937499999,,,,770.9604882749758
Batch_3/x7u69zsw,384,3072,42.72460937499999,,,,282.5257804774685
Batch_3/x7u69zsw,384,3200,36.62109374999999,,,,210.44324608707086
Batch_3/x7u69zsw,512,0,24.414062499999996,,,,1139.6011396011395
Batch_3/x7u69zsw,512,128,73.24218749999999,0.3765533647471282,0.819662519371389,1.8429233531487537,885.8267716535432
Batch_3/x7u69zsw,512,256,54.931640624999986,,,,597.6095617529878
Batch_3/x7u69zsw,512,384,18.310546874999996,,,,1311.4754098360652
Batch_3/x7u69zsw,512,512,30.517578124999993,,,,508.74403815580274
Batch_3/x7u69zsw,512,640,36.62109374999999,,,,558.8153115395361
Batch_3/x7u69zsw,512,768,30.517578124999993,,,,625.978090766823
Batch_3/x7u69zsw,512,896,24.414062499999996,,,,363.30608537693
Batch_3/x7u69zsw,512,1024,18.310546874999996,,,,351.3909224011713
Batch_3/x7u69zsw,512,1152,67.13867187499999,1.0969099187147178,2.2757200724628404,3.207456238432586,338.9471454295095
Batch_3/x7u69zsw,512,1280,54.931640624999986,,,,119.39110536265046
Batch_3/x7u69zsw,512,1408,24.414062499999996,,,,88.35223089383005
Batch_3/x7u69zsw,512,1536,36.62109374999999,,,,303.33670374115263
Batch_3/x7u69zsw,512,1664,54.931640624999986,,,,487.93711032800206
Batch_3/x7u69zsw,512,1792,30.517578124999993,,,,915.7509157509156
Batch_3/x7u69zsw,512,1920,12.207031249999998,,,,161.74686615446822
Batch_3/x7u69zsw,512,2048,12.207031249999998,,,,83.90141583639222
Batch_3/x7u69zsw,512,2176,18.310546874999996,,,,179.37219730941698
Batch_3/x7u69zsw,512,2304,12.207031249999998,,,,98.99764880584084
Batch_3/x7u69zsw,512,2432,18.310546874999996,,,,114.59129106187926
Batch_3/x7u69zsw,512,2560,42.72460937499999,,,,327.60032760032755
Batch_3/x7u69zsw,512,2688,73.24218749999999,0.4127963493445803,1.4315269096431038,1.5337242447383472,684.9315068493149
Batch_3/x7u69zsw,512,2816,54.931640624999986,,,,353.2182103610674
Batch_3/x7u69zsw,512,2944,36.62109374999999,,,,268.39633191679707
Batch_3/x7u69zsw,512,3072,18.310546874999996,,,,364.6308113035551
Batch_3/x7u69zsw,512,3200,18.310546874999996,,,,115.66265060240963
Batch_3/x7u69zsw,640,0,30.517578124999993,,,,494.28483163422914
Batch_3/x7u69zsw,640,128,48.82812499999999,,,,298.91642794868596
Batch_3/x7u69zsw,640,256,48.82812499999999,,,,360.2676273803396
Batch_3/x7u69zsw,640,384,24.414062499999996,,,,673.9679865206401
Batch_3/x7u69zsw,640,512,67.13867187499999,0.9853147481188748,2.062188177498708,2.4721548929484136,378.4295175023651
Batch_3/x7u69zsw,640,640,73.24218749999999,1.0638557925957508,1.9972422512168175,2.6921954068018383,377.4920372773387
Batch_3/x7u69zsw,640,768,42.72460937499999,,,,688.1297616121897
Batch_3/x7u69zsw,640,896,24.414062499999996,,,,446.4285714285714
Batch_3/x7u69zsw,640,1024,48.82812499999999,,,,522.875816993464
Batch_3/x7u69zsw,640,1152,91.55273437499999,0.45834978442375407,2.224846653690481,3.207456238432586,307.33768728390316
Batch_3/x7u69zsw,640,1280,42.72460937499999,,,,68.24482832160373
Batch_3/x7u69zsw,640,1408,24.414062499999996,,,,78.40574975498201
Batch_3/x7u69zsw,640,1536,30.517578124999993,,,,361.4022406938922
Batch_3/x7u69zsw,640,1664,67.13867187499999,0.4259537945889915,2.6154310264447163,3.4530983676178124,393.0560104814935
Batch_3/x7u69zsw,640,1792,67.13867187499999,0.36125759969217835,0.983698151873187,2.6154310264447163,626.086956521739
Batch_3/x7u69zsw,640,1920,24.414062499999996,,,,277.9708130646282
Batch_3/x7u69zsw,640,2048,30.517578124999993,,,,303.95136778115494
Batch_3/x7u69zsw,640,2176,18.310546874999996,,,,268.0366316729952
Batch_3/x7u69zsw,640,2304,6.103515624999999,,,,48.62039625622948
Batch_3/x7u69zsw,640,2432,24.414062499999996,,,,148.07959278111983
Batch_3/x7u69zsw,640,2560,48.82812499999999,,,,180.62185524448455
Batch_3/x7u69zsw,640,2688,67.13867187499999,0.863044108762739,3.1910395263956643,3.885542163160399,300.21014710297203
Batch_3/x7u69zsw,640,2816,42.72460937499999,,,,194.77989871445263
Batch_3/x7u69zsw,640,2944,30.517578124999993,,,,137.46885471260416
Batch_3/x7u69zsw,640,3072,18.310546874999996,,,,129.01838511987955
Batch_3/x7u69zsw,640,3200,18.310546874999996,,,,88.64593336780672
Batch_3/x7u69zsw,768,0,30.517578124999993,,,,120.21036814425243
Batch_3/x7u69zsw,768,128,24.414062499999996,,,,46.92632566870013
Batch_3/x7u69zsw,768,256,61.035156249999986,0.4421517895063728,2.761567506117957,7.090181966988299,159.54529590666596
Batch_3/x7u69zsw,768,384,73.24218749999999,0.4383819890089772,2.2443145507770534,2.8411861455421983,451.1278195488721
Batch_3/x7u69zsw,768,512,67.13867187499999,1.1423968370726267,1.6944483389521772,2.422075804422162,453.2577903682719
Batch_3/x7u69zsw,768,640,54.931640624999986,,,,385.17091959557047
Batch_3/x7u69zsw,768,768,24.414062499999996,,,,620.6361520558571
Batch_3/x7u69zsw,768,896,6.103515624999999,,,,227.14366837024414
Batch_3/x7u69zsw,768,1024,36.62109374999999,,,,366.46816307833245
Batch_3/x7u69zsw,768,1152,48.82812499999999,,,,438.2360996987126
Batch_3/x7u69zsw,768,1280,42.72460937499999,,,,236.7984844896992
Batch_3/x7u69zsw,768,1408,42.72460937499999,,,,239.80815347721818
Batch_3/x7u69zsw,768,1536,42.72460937499999,,,,982.8009828009826
Batch_3/x7u69zsw,768,1664,48.82812499999999,,,,562.9838142153411
Batch_3/x7u69zsw,768,1792,73.24218749999999,0.3936056971405849,0.9237745865841624,2.6251493359195908,740.3294466037386
Batch_3/x7u69zsw,768,1920,36.62109374999999,,,,579.0108564535583
Batch_3/x7u69zsw,768,2048,36.62109374999999,,,,538.5996409335726
Batch_3/x7u69zsw,768,2176,61.035156249999986,0.6997205046987441,1.0886499404170276,2.135738904691704,475.705062861026
Batch_3/x7u69zsw,768,2304,61.035156249999986,0.6997205046987441,1.3873665817076442,1.4048207338801282,549.3427506376298
Batch_3/x7u69zsw,768,2432,36.62109374999999,,,,117.30205278592372
Batch_3/x7u69zsw,768,2560,54.931640624999986,,,,56.18372076690778
Batch_3/x7u69zsw,768,2688,54.931640624999986,,,,99.27200529450693
Batch_3/x7u69zsw,768,2816,54.931640624999986,,,,336.417157275021
Batch_3/x7u69zsw,768,2944,48.82812499999999,,,,158.15485996705104
Batch_3/x7u69zsw,768,3072,42.72460937499999,,,,71.3623064297438
Batch_3/x7u69zsw,768,3200,36.62109374999999,,,,127.57814161173717
Batch_3/xgj4xftb,0,0,18.310546874999996,,,,176.21145374449338
Batch_3/xgj4xftb,0,128,18.310546874999996,,,,127.59170653907495
Batch_3/xgj4xftb,0,256,48.82812499999999,,,,400.22870211549457
Batch_3/xgj4xftb,0,384,48.82812499999999,,,,646.7259498787388
Batch_3/xgj4xftb,0,512,48.82812499999999,,,,204.0667589825814
Batch_3/xgj4xftb,0,640,48.82812499999999,,,,87.68084173608065
Batch_3/xgj4xftb,0,768,73.24218749999999,0.5197151932486445,3.129155052986248,4.308576628335473,240.96385542168667
Batch_3/xgj4xftb,0,896,48.82812499999999,,,,341.5883859948761
Batch_3/xgj4xftb,0,1024,6.103515624999999,,,,23.137436372049976
Batch_3/xgj4xftb,0,1152,12.207031249999998,,,,64.3241939374447
Batch_3/xgj4xftb,0,1280,6.103515624999999,,,,370.37037037037027
Batch_3/xgj4xftb,0,1408,0.0,,,,
Batch_3/xgj4xftb,0,1536,36.62109374999999,,,,456.3605248146034
Batch_3/xgj4xftb,0,1664,48.82812499999999,,,,490.49662783568357
Batch_3/xgj4xftb,0,1792,54.931640624999986,,,,324.80714575720657
Batch_3/xgj4xftb,0,1920,48.82812499999999,,,,138.91300573016147
Batch_3/xgj4xftb,0,2048,30.517578124999993,,,,143.97811532647034
Batch_3/xgj4xftb,0,2176,42.72460937499999,,,,494.23393739703454
Batch_3/xgj4xftb,0,2304,18.310546874999996,,,,198.4619201190771
Batch_3/xgj4xftb,0,2432,61.035156249999986,0.31616006248915984,1.038524320808412,4.708195033538774,165.9751037344398
Batch_3/xgj4xftb,0,2560,67.13867187499999,0.41459297936560263,3.4285833950434093,4.708195033538774,104.06368697642957
Batch_3/xgj4xftb,0,2688,18.310546874999996,,,,82.19459570533236
Batch_3/xgj4xftb,0,2816,42.72460937499999,,,,280.2101576182136
Batch_3/xgj4xftb,0,2944,73.24218749999999,0.4145218595386486,1.4312286771541316,2.935954992478095,164.1193968612165
Batch_3/xgj4xftb,0,3072,54.931640624999986,,,,140.67995310668226
Batch_3/xgj4xftb,0,3200,42.72460937499999,,,,269.5417789757412
Batch_3/xgj4xftb,128,0,24.414062499999996,,,,658.4362139917695
Batch_3/xgj4xftb,128,128,18.310546874999996,,,,235.52502453385668
Batch_3/xgj4xftb,128,256,42.72460937499999,,,,686.6110838646395
Batch_3/xgj4xftb,128,384,36.62109374999999,,,,937.8663540445485
Batch_3/xgj4xftb,128,512,24.414062499999996,,,,235.3287248124724
Batch_3/xgj4xftb,128,640,24.414062499999996,,,,138.21700069108496
Batch_3/xgj4xftb,128,768,73.24218749999999,0.35000220082728695,0.847840448247749,4.119356749840669,551.5719801434087
Batch_3/xgj4xftb,128,896,61.035156249999986,0.35000220082728695,1.1430353090072145,3.729630280099041,571.7348579596211
Batch_3/xgj4xftb,128,1024,18.310546874999996,,,,72.71845836868258
Batch_3/xgj4xftb,128,1152,24.414062499999996,,,,82.29606007612384
Batch_3/xgj4xftb,128,1280,36.62109374999999,,,,133.57822674903989
Batch_3/xgj4xftb,128,1408,30.517578124999993,,,,221.32054592401323
Batch_3/xgj4xftb,128,1536,12.207031249999998,,,,434.0748779164405
Batch_3/xgj4xftb,128,1664,18.310546874999996,,,,565.7708628005656
Batch_3/xgj4xftb,128,1792,36.62109374999999,,,,218.02325581395343
Batch_3/xgj4xftb,128,1920,36.62109374999999,,,,128.6483878748894
Batch_3/xgj4xftb,128,2048,61.035156249999986,0.4225693379092533,2.1088128154355656,4.72877040089824,242.13075060532682
Batch_3/xgj4xftb,128,2176,67.13867187499999,0.45834978442375407,1.8695032897264507,4.244190907480567,161.20094705556392
Batch_3/xgj4xftb,128,2304,36.62109374999999,,,,97.35320961362943
Batch_3/xgj4xftb,128,2432,42.72460937499999,,,,110.76241462063871
Batch_3/xgj4xftb,128,2560,42.72460937499999,,,,78.60399308284859
Batch_3/xgj4xftb,128,2688,36.62109374999999,,,,201.89274447949524
Batch_3/xgj4xftb,128,2816,30.517578124999993,,,,522.6480836236933
Batch_3/xgj4xftb,128,2944,12.207031249999998,,,,304.41400304414
Batch_3/xgj4xftb,128,3072,24.414062499999996,,,,403.8364462392731
Batch_3/xgj4xftb,128,3200,30.517578124999993,,,,348.3309143686501
Batch_3/xgj4xftb,256,0,24.414062499999996,,,,640.6833956219966
Batch_3/xgj4xftb,256,128,24.414062499999996,,,,453.3434076312806
Batch_3/xgj4xftb,256,256,18.310546874999996,,,,694.4444444444443
Batch_3/xgj4xftb,256,384,0.0,,,,
Batch_3/xgj4xftb,256,512,12.207031249999998,,,,235.22493384298733
Batch_3/xgj4xftb,256,640,24.414062499999996,,,,139.13043478260866
Batch_3/xgj4xftb,256,768,36.62109374999999,,,,143.70913271538404
Batch_3/xgj4xftb,256,896,36.62109374999999,,,,517.5983436853002
Batch_3/xgj4xftb,256,1024,36.62109374999999,,,,499.37578027465656
Batch_3/xgj4xftb,256,1152,42.72460937499999,,,,215.866162978953
Batch_3/xgj4xftb,256,1280,42.72460937499999,,,,173.67141368530736
Batch_3/xgj4xftb,256,1408,30.517578124999993,,,,235.52502453385668
Batch_3/xgj4xftb,256,1536,12.207031249999998,,,,370.02775208140605
Batch_3/xgj4xftb,256,1664,36.62109374999999,,,,760.4562737642584
Batch_3/xgj4xftb,256,1792,42.72460937499999,,,,795.2286282306161
Batch_3/xgj4xftb,256,1920,30.517578124999993,,,,616.8080185042404
Batch_3/xgj4xftb,256,2048,54.931640624999986,,,,350.33939128530756
Batch_3/xgj4xftb,256,2176,48.82812499999999,,,,74.73841554559041
Batch_3/xgj4xftb,256,2304,36.62109374999999,,,,69.25807289412171
Batch_3/xgj4xftb,256,2432,36.62109374999999,,,,144.55044810638913
Batch_3/xgj4xftb,256,2560,30.517578124999993,,,,155.7632398753894
Batch_3/xgj4xftb,256,2688,48.82812499999999,,,,624.2197253433208
Batch_3/xgj4xftb,256,2816,48.82812499999999,,,,485.554746297645
Batch_3/xgj4xftb,256,2944,6.103515624999999,,,,271.73913043478257
Batch_3/xgj4xftb,256,3072,30.517578124999993,,,,374.64876678114257
Batch_3/xgj4xftb,256,3200,36.62109374999999,,,,450.07032348804495
Batch_3/xgj4xftb,384,0,48.82812499999999,,,,300.525920360631
Batch_3/xgj4xftb,384,128,36.62109374999999,,,,412.3711340206185
Batch_3/xgj4xftb,384,256,12.207031249999998,,,,365.9652333028362
Batch_3/xgj4xftb,384,384,0.0,,,,
Batch_3/xgj4xftb,384,512,12.207031249999998,,,,229.9511353837309
Batch_3/xgj4xftb,384,640,18.310546874999996,,,,58.23546539842763
Batch_3/xgj4xftb,384,768,6.103515624999999,,,,16.83572540931857
Batch_3/xgj4xftb,384,896,18.310546874999996,,,,174.14018284719194
Batch_3/xgj4xftb,384,1024,24.414062499999996,,,,245.77572964669736
Batch_3/xgj4xftb,384,1152,30.517578124999993,,,,332.4099722991689
Batch_3/xgj4xftb,384,1280,18.310546874999996,,,,903.6144578313251
Batch_3/xgj4xftb,384,1408,12.207031249999998,,,,385.9141341051615
Batch_3/xgj4xftb,384,1536,18.310546874999996,,,,297.4714923153197
Batch_3/xgj4xftb,384,1664,36.62109374999999,,,,431.8721658389116
Batch_3/xgj4xftb,384,1792,42.72460937499999,,,,495.5094456488076
Batch_3/xgj4xftb,384,1920,30.517578124999993,,,,591.2786400591277
Batch_3/xgj4xftb,384,2048,30.517578124999993,,,,502.3863350916854
Batch_3/xgj4xftb,384,2176,24.414062499999996,,,,124.05665253799232
Batch_3/xgj4xftb,384,2304,24.414062499999996,,,,141.14326040931545
Batch_3/xgj4xftb,384,2432,18.310546874999996,,,,283.1524303916941
Batch_3/xgj4xftb,384,2560,24.414062499999996,,,,425.07970244420824
Batch_3/xgj4xftb,384,2688,61.035156249999986,0.34703304586901235,0.9895798769954723,1.5987583888930308,588.8538380651944
Batch_3/xgj4xftb,384,2816,73.24218749999999,0.3905419631818887,0.9072672822935658,1.5987583888930308,638.4676775738227
Batch_3/xgj4xftb,384,2944,36.62109374999999,,,,1281.2299807815502
Batch_3/xgj4xftb,384,3072,42.72460937499999,,,,219.5871761089152
Batch_3/xgj4xftb,384,3200,42.72460937499999,,,,176.67844522968196
Batch_3/xgj4xftb,512,0,36.62109374999999,,,,242.7184466019417
Batch_3/xgj4xftb,512,128,24.414062499999996,,,,413.65046535677345
Batch_3/xgj4xftb,512,256,6.103515624999999,,,,301.20481927710836
Batch_3/xgj4xftb,512,384,0.0,,,,
Batch_3/xgj4xftb,512,512,24.414062499999996,,,,704.2253521126759
Batch_3/xgj4xftb,512,640,30.517578124999993,,,,118.71197507048521
Batch_3/xgj4xftb,512,768,36.62109374999999,,,,154.2020046260601
Batch_3/xgj4xftb,512,896,48.82812499999999,,,,811.1239860950171
Batch_3/xgj4xftb,512,1024,12.207031249999998,,,,396.43211100099103
Batch_3/xgj4xftb,512,1152,6.103515624999999,,,,178.97091722595073
Batch_3/xgj4xftb,512,1280,6.103515624999999,,,,479.61630695443637
Batch_3/xgj4xftb,512,1408,6.103515624999999,,,,138.40830449826987
Batch_3/xgj4xftb,512,1536,6.103515624999999,,,,95.39709038874312
Batch_3/xgj4xftb,512,1664,6.103515624999999,,,,119.54572624028688
Batch_3/xgj4xftb,512,1792,12.207031249999998,,,,260.41666666666663
Batch_3/xgj4xftb,512,1920,12.207031249999998,,,,253.32488917036093
Batch_3/xgj4xftb,512,2048,30.517578124999993,,,,614.6753745678063
Batch_3/xgj4xftb,512,2176,36.62109374999999,,,,2421.3075060532683
Batch_3/xgj4xftb,512,2304,18.310546874999996,,,,3582.089552238805
Batch_3/xgj4xftb,512,2432,12.207031249999998,,,,485.4368932038834
Batch_3/xgj4xftb,512,2560,12.207031249999998,,,,375.41060534960104
Batch_3/xgj4xftb,512,2688,24.414062499999996,,,,430.72505384063163
Batch_3/xgj4xftb,512,2816,30.517578124999993,,,,447.9283314669652
Batch_3/xgj4xftb,512,2944,48.82812499999999,,,,1296.8967114404816
Batch_3/xgj4xftb,512,3072,61.035156249999986,0.4944292525948093,1.8653615778156767,2.8718302789374617,325.66659881945856
Batch_3/xgj4xftb,512,3200,42.72460937499999,,,,171.23287671232873
