site,detector,injection,stat,route,delta_raw,delta_route,delta_raw_sd,delta_route_sd,residual
0grcilhi,BSE,session_strong,p1,raw,21.0,21.0,2.551834738297222,2.551834738297222,1.0
0grcilhi,BSE,session_strong,p1,affine2,21.0,-1.0,2.551834738297222,-0.817963781717405,0.047619047619047616
0grcilhi,BSE,session_strong,p1,hybrid,21.0,-1.0,2.551834738297222,-0.817963781717405,0.047619047619047616
0grcilhi,BSE,session_strong,p1,clean_norm,21.0,0.0,2.551834738297222,0.0,0.0
0grcilhi,BSE,session_strong,p1,clean_harm,21.0,0.0,2.551834738297222,0.0,0.0
0grcilhi,BSE,session_strong,noise_sigma,raw,-1.547449202539624,-1.547449202539624,-2.108827446446909,-2.108827446446909,1.0
0grcilhi,BSE,session_strong,noise_sigma,affine2,-1.547449202539624,0.15958406029496786,-2.108827446446909,0.2512239250311466,0.1031271721443674
0grcilhi,BSE,session_strong,noise_sigma,hybrid,-1.547449202539624,0.15958406029496786,-2.108827446446909,0.2512239250311466,0.1031271721443674
0grcilhi,BSE,session_strong,noise_sigma,clean_norm,-1.547449202539624,-0.6987305293493229,-2.108827446446909,-0.6277967869685649,0.4515369733640295
0grcilhi,BSE,session_strong,noise_sigma,clean_harm,-1.547449202539624,-0.28033638858241794,-2.108827446446909,-0.924476934150306,0.1811603173288912
0grcilhi,BSE,session_strong,sharpness,raw,-0.0009032173694392895,-0.0009032173694392895,-0.0787939786643491,-0.0787939786643491,1.0
0grcilhi,BSE,session_strong,sharpness,affine2,-0.0009032173694392895,-0.00017949997887371782,-0.0787939786643491,-0.015868449908162538,0.19873397583701258
0grcilhi,BSE,session_strong,sharpness,hybrid,-0.0009032173694392895,-0.00017949997887371782,-0.0787939786643491,-0.015868449908162538,0.19873397583701258
0grcilhi,BSE,session_strong,sharpness,clean_norm,-0.0009032173694392895,0.00012420551038475752,-0.0787939786643491,0.011417689288962689,0.1375145281604398
0grcilhi,BSE,session_strong,sharpness,clean_harm,-0.0009032173694392895,0.003631536128197374,-0.0787939786643491,0.2764457972158645,4.02066684175018
0grcilhi,BSE,session_strong,sharp_robust,raw,-6.01054192249175e-06,-6.01054192249175e-06,-0.1050748343704521,-0.1050748343704521,1.0
0grcilhi,BSE,session_strong,sharp_robust,affine2,-6.01054192249175e-06,-5.24439364434949e-06,-0.1050748343704521,-0.0921608480990475,0.8725325789218283
0grcilhi,BSE,session_strong,sharp_robust,hybrid,-6.01054192249175e-06,-5.24439364434949e-06,-0.1050748343704521,-0.0921608480990475,0.8725325789218283
0grcilhi,BSE,session_strong,sharp_robust,clean_norm,-6.01054192249175e-06,-5.7389065620804284e-06,-0.1050748343704521,-0.09164722655248743,0.9548068437232177
0grcilhi,BSE,session_strong,sharp_robust,clean_harm,-6.01054192249175e-06,-7.695337638595197e-06,-0.1050748343704521,-0.12305435420259611,1.2803067906071592
0grcilhi,BSE,session_strong,frac_pore,raw,-0.06594301049939427,-0.06594301049939427,-2.6759530515586905,-2.6759530515586905,1.0
0grcilhi,BSE,session_strong,frac_pore,affine2,-0.06594301049939427,0.0021071500682652983,-2.6759530515586905,0.14749380509329282,0.03195410783201434
0grcilhi,BSE,session_strong,frac_pore,hybrid,-0.06594301049939427,0.0021071500682652983,-2.6759530515586905,0.14749380509329282,0.03195410783201434
0grcilhi,BSE,session_strong,frac_pore,clean_norm,-0.06594301049939427,0.010386330984138076,-2.6759530515586905,0.5199239715888525,0.15750465296444846
0grcilhi,BSE,session_strong,frac_pore,clean_harm,-0.06594301049939427,0.010989100995981105,-2.6759530515586905,0.5437408265558036,0.16664542478056937
0grcilhi,BSE,session_strong,frac_graphite,raw,0.08072160500355752,0.08072160500355752,3.423806548520591,3.423806548520591,1.0
0grcilhi,BSE,session_strong,frac_graphite,affine2,0.08072160500355752,-0.0071188801607600105,3.423806548520591,-0.383636125126564,0.0881905180211205
0grcilhi,BSE,session_strong,frac_graphite,hybrid,0.08072160500355752,-0.0071188801607600105,3.423806548520591,-0.383636125126564,0.0881905180211205
0grcilhi,BSE,session_strong,frac_graphite,clean_norm,0.08072160500355752,0.03148085454404259,3.423806548520591,0.9529180581567022,0.38999292125887713
0grcilhi,BSE,session_strong,frac_graphite,clean_harm,0.08072160500355752,0.030704261071310635,3.423806548520591,0.9738571793436255,0.38037228162097936
0grcilhi,BSE,session_strong,frac_si,raw,-0.014778594504163224,-0.014778594504163224,-0.7653814792875917,-0.7653814792875917,1.0
0grcilhi,BSE,session_strong,frac_si,affine2,-0.014778594504163224,0.005011730092494657,-0.7653814792875917,0.22631612514823554,0.33912088805757684
0grcilhi,BSE,session_strong,frac_si,hybrid,-0.014778594504163224,0.005011730092494657,-0.7653814792875917,0.22631612514823554,0.33912088805757684
0grcilhi,BSE,session_strong,frac_si,clean_norm,-0.014778594504163224,-0.041867185528180625,-0.7653814792875917,-1.1185798388552606,2.8329612478633455
0grcilhi,BSE,session_strong,frac_si,clean_harm,-0.014778594504163224,-0.04169336206729182,-0.7653814792875917,-1.152615383733169,2.8211994080727054
0grcilhi,BSE,offset6,p1,raw,6.0,6.0,0.729095639513492,0.729095639513492,1.0
0grcilhi,BSE,offset6,p1,affine2,6.0,0.0,0.729095639513492,0.0,0.0
0grcilhi,BSE,offset6,p1,hybrid,6.0,0.0,0.729095639513492,0.0,0.0
0grcilhi,BSE,offset6,p1,clean_norm,6.0,0.0,0.729095639513492,0.0,0.0
0grcilhi,BSE,offset6,p1,clean_harm,6.0,0.0,0.729095639513492,0.0,0.0
0grcilhi,BSE,offset6,noise_sigma,raw,0.0,0.0,0.0,0.0,
0grcilhi,BSE,offset6,noise_sigma,affine2,0.0,0.0,0.0,0.0,
0grcilhi,BSE,offset6,noise_sigma,hybrid,0.0,0.0,0.0,0.0,
0grcilhi,BSE,offset6,noise_sigma,clean_norm,0.0,0.17253871112753494,0.0,0.15502292217635558,
0grcilhi,BSE,offset6,noise_sigma,clean_harm,0.0,-0.02457517199366066,0.0,-0.08104256381342555,
0grcilhi,BSE,offset6,sharpness,raw,0.0,0.0,0.0,0.0,
0grcilhi,BSE,offset6,sharpness,affine2,0.0,0.0,0.0,0.0,
0grcilhi,BSE,offset6,sharpness,hybrid,0.0,0.0,0.0,0.0,
0grcilhi,BSE,offset6,sharpness,clean_norm,0.0,0.0016825747609092653,0.0,0.1546720090437329,
0grcilhi,BSE,offset6,sharpness,clean_harm,0.0,0.00027929086769511863,0.0,0.021260641185858884,
0grcilhi,BSE,offset6,sharp_robust,raw,0.0,0.0,0.0,0.0,
0grcilhi,BSE,offset6,sharp_robust,affine2,0.0,0.0,0.0,0.0,
0grcilhi,BSE,offset6,sharp_robust,hybrid,0.0,0.0,0.0,0.0,
0grcilhi,BSE,offset6,sharp_robust,clean_norm,0.0,9.24646831484586e-06,0.0,0.1476610861832671,
0grcilhi,BSE,offset6,sharp_robust,clean_harm,0.0,8.449385781234974e-06,0.0,0.1351121626559681,
0grcilhi,BSE,offset6,frac_pore,raw,-0.022814489067938384,-0.022814489067938384,-0.9258070139467304,-0.9258070139467304,1.0
0grcilhi,BSE,offset6,frac_pore,affine2,-0.022814489067938384,0.0,-0.9258070139467304,0.0,0.0
0grcilhi,BSE,offset6,frac_pore,hybrid,-0.022814489067938384,0.0,-0.9258070139467304,0.0,0.0
0grcilhi,BSE,offset6,frac_pore,clean_norm,-0.022814489067938384,0.0015959602578290433,-0.9258070139467304,0.07989134921809017,0.06995380229977954
0grcilhi,BSE,offset6,frac_pore,clean_harm,-0.022814489067938384,0.001563501077523427,-0.9258070139467304,0.07736204886317703,0.06853105817393226
0grcilhi,BSE,offset6,frac_graphite,raw,-0.0031915226044652023,-0.0031915226044652023,-0.1353684183117751,-0.1353684183117751,1.0
0grcilhi,BSE,offset6,frac_graphite,affine2,-0.0031915226044652023,0.0,-0.1353684183117751,0.0,0.0
0grcilhi,BSE,offset6,frac_graphite,hybrid,-0.0031915226044652023,0.0,-0.1353684183117751,0.0,0.0
0grcilhi,BSE,offset6,frac_graphite,clean_norm,-0.0031915226044652023,-0.004873427398217722,-0.1353684183117751,-0.14751750040267325,1.5269913461992708
0grcilhi,BSE,offset6,frac_graphite,clean_harm,-0.0031915226044652023,-0.004498175005339111,-0.1353684183117751,-0.1426701008280137,1.4094134877960114
0grcilhi,BSE,offset6,frac_si,raw,0.026006011672403503,0.026006011672403503,1.3468479481311528,1.3468479481311528,1.0
0grcilhi,BSE,offset6,frac_si,affine2,0.026006011672403503,0.0,1.3468479481311528,0.0,0.0
0grcilhi,BSE,offset6,frac_si,hybrid,0.026006011672403503,0.0,1.3468479481311528,0.0,0.0
0grcilhi,BSE,offset6,frac_si,clean_norm,0.026006011672403503,0.003277467140388679,1.3468479481311528,0.08756520457487495,0.12602728867750954
0grcilhi,BSE,offset6,frac_si,clean_harm,0.026006011672403503,0.0029346739278156286,1.3468479481311528,0.08112922891614266,0.1128459821053523
0grcilhi,BSE,noise6,p1,raw,1.0,1.0,0.12151593991891534,0.12151593991891534,1.0
0grcilhi,BSE,noise6,p1,affine2,1.0,0.0,0.12151593991891534,0.0,0.0
0grcilhi,BSE,noise6,p1,hybrid,1.0,0.0,0.12151593991891534,0.0,0.0
0grcilhi,BSE,noise6,p1,clean_norm,1.0,0.0,0.12151593991891534,0.0,0.0
0grcilhi,BSE,noise6,p1,clean_harm,1.0,0.0,0.12151593991891534,0.0,0.0
0grcilhi,BSE,noise6,noise_sigma,raw,0.8386948283511195,0.8386948283511195,1.142953623496815,1.142953623496815,1.0
0grcilhi,BSE,noise6,noise_sigma,affine2,0.8386948283511195,0.9595840937218281,1.142953623496815,1.5106175515065206,1.1441397529639925
0grcilhi,BSE,noise6,noise_sigma,hybrid,0.8386948283511195,0.9595840937218281,1.142953623496815,1.5106175515065206,1.1441397529639925
0grcilhi,BSE,noise6,noise_sigma,clean_norm,0.8386948283511195,1.7929393827161082,1.142953623496815,1.6109237201167754,2.1377732663989844
0grcilhi,BSE,noise6,noise_sigma,clean_harm,0.8386948283511195,0.3054895156186621,1.142953623496815,1.0074254442753972,0.3642439482061155
0grcilhi,BSE,noise6,sharpness,raw,0.01248200724544403,0.01248200724544403,1.0888929352591188,1.0888929352591188,1.0
0grcilhi,BSE,noise6,sharpness,affine2,0.01248200724544403,0.0127656016655939,1.0888929352591188,1.1285255399419616,1.0227202576134848
0grcilhi,BSE,noise6,sharpness,hybrid,0.01248200724544403,0.0127656016655939,1.0888929352591188,1.1285255399419616,1.0227202576134848
0grcilhi,BSE,noise6,sharpness,clean_norm,0.01248200724544403,0.013594838824010004,1.0888929352591188,1.2497162577186425,1.0891548576029038
0grcilhi,BSE,noise6,sharpness,clean_harm,0.01248200724544403,0.002238731046953102,1.0888929352591188,0.17042038607889642,0.17935665337562157
0grcilhi,BSE,noise6,sharp_robust,raw,9.353158942505048e-06,9.353158942505048e-06,0.16350965343850488,0.16350965343850488,1.0
0grcilhi,BSE,noise6,sharp_robust,affine2,9.353158942505048e-06,1.1295893538655968e-05,0.16350965343850488,0.1985051464778469,1.2077089257322724
0grcilhi,BSE,noise6,sharp_robust,hybrid,9.353158942505048e-06,1.1295893538655968e-05,0.16350965343850488,0.1985051464778469,1.2077089257322724
0grcilhi,BSE,noise6,sharp_robust,clean_norm,9.353158942505048e-06,5.9700232201106746e-06,0.16350965343850488,0.09533803428553289,0.6382895080484677
0grcilhi,BSE,noise6,sharp_robust,clean_harm,9.353158942505048e-06,-3.112476177281518e-07,0.16350965343850488,-0.004977088257251056,0.033277272378393966
0grcilhi,BSE,noise6,frac_pore,raw,0.00017486971905467108,0.00017486971905467108,0.00709617523958595,0.00709617523958595,1.0
0grcilhi,BSE,noise6,frac_pore,affine2,0.00017486971905467108,0.005204026690767846,0.00709617523958595,0.3642653221468455,29.759450171821143
0grcilhi,BSE,noise6,frac_pore,hybrid,0.00017486971905467108,0.005204026690767846,0.00709617523958595,0.3642653221468455,29.759450171821143
0grcilhi,BSE,noise6,frac_pore,clean_norm,0.00017486971905467108,0.002638901023161916,0.00709617523958595,0.13209938164762705,15.090668855806262
0grcilhi,BSE,noise6,frac_pore,clean_harm,0.00017486971905467108,0.002325533422641579,0.00709617523958595,0.11506741687720615,13.298662771423146
0grcilhi,BSE,noise6,frac_graphite,raw,-0.0016197983770167568,-0.0016197983770167568,-0.06870374158527426,-0.06870374158527426,1.0
0grcilhi,BSE,noise6,frac_graphite,affine2,-0.0016197983770167568,-0.009685138357402479,-0.06870374158527426,-0.5219316615595153,5.979224633648516
0grcilhi,BSE,noise6,frac_graphite,hybrid,-0.0016197983770167568,-0.009685138357402479,-0.06870374158527426,-0.5219316615595153,5.979224633648516
0grcilhi,BSE,noise6,frac_graphite,clean_norm,-0.0016197983770167568,-0.0006246117032635556,-0.06870374158527426,-0.018906849257956167,0.3856107723813913
0grcilhi,BSE,noise6,frac_graphite,clean_harm,-0.0016197983770167568,0.0023883282854757493,-0.06870374158527426,0.07575139626510242,1.4744602287319382
0grcilhi,BSE,noise6,frac_si,raw,0.0014449286579620302,0.0014449286579620302,0.0748326664883097,0.0748326664883097,1.0
0grcilhi,BSE,noise6,frac_si,affine2,0.0014449286579620302,0.0044811116666346185,0.0748326664883097,0.20235483755760134,3.1012684549802687
0grcilhi,BSE,noise6,frac_si,hybrid,0.0014449286579620302,0.0044811116666346185,0.0748326664883097,0.20235483755760134,3.1012684549802687
0grcilhi,BSE,noise6,frac_si,clean_norm,0.0014449286579620302,-0.0020142893198982492,0.0748326664883097,-0.053816453015287466,1.3940406737722693
0grcilhi,BSE,noise6,frac_si,clean_harm,0.0014449286579620302,-0.004713861708117328,0.0748326664883097,-0.13031497706511683,3.262349100865573
0grcilhi,BSE,blur1.0,p1,raw,0.0,0.0,0.0,0.0,
0grcilhi,BSE,blur1.0,p1,affine2,0.0,0.0,0.0,0.0,
0grcilhi,BSE,blur1.0,p1,hybrid,0.0,0.0,0.0,0.0,
0grcilhi,BSE,blur1.0,p1,clean_norm,0.0,0.0,0.0,0.0,
0grcilhi,BSE,blur1.0,p1,clean_harm,0.0,0.0,0.0,0.0,
0grcilhi,BSE,blur1.0,noise_sigma,raw,-3.8253714034289876,-3.8253714034289876,-5.21312634700047,-5.21312634700047,1.0
0grcilhi,BSE,blur1.0,noise_sigma,affine2,-3.8253714034289876,-3.8514720142545578,-5.21312634700047,-6.063148880785538,1.0068230265961036
0grcilhi,BSE,blur1.0,noise_sigma,hybrid,-3.8253714034289876,-3.8514720142545578,-5.21312634700047,-6.063148880785538,1.0068230265961036
0grcilhi,BSE,blur1.0,noise_sigma,clean_norm,-3.8253714034289876,-8.521569519040032,-5.21312634700047,-7.656476623347896,2.2276450102077576
0grcilhi,BSE,blur1.0,noise_sigma,clean_harm,-3.8253714034289876,-0.6806930961910318,-5.21312634700047,-2.244749851583954,0.1779417014465241
0grcilhi,BSE,blur1.0,sharpness,raw,-0.035164962363675216,-0.035164962363675216,-3.0676860166408755,-3.0676860166408755,1.0
0grcilhi,BSE,blur1.0,sharpness,affine2,-0.035164962363675216,-0.034590254496841485,-3.0676860166408755,-3.0579040969129134,0.9836568041538019
0grcilhi,BSE,blur1.0,sharpness,hybrid,-0.035164962363675216,-0.034590254496841485,-3.0676860166408755,-3.0579040969129134,0.9836568041538019
0grcilhi,BSE,blur1.0,sharpness,clean_norm,-0.035164962363675216,-0.04180103834387615,-3.0676860166408755,-3.842593346204421,1.1887127280720733
0grcilhi,BSE,blur1.0,sharpness,clean_harm,-0.035164962363675216,-0.007971438268935024,-3.0676860166408755,-0.6068150031889271,0.2266869557969264
0grcilhi,BSE,blur1.0,sharp_robust,raw,-2.9926402261121004e-05,-2.9926402261121004e-05,-0.5231660974069395,-0.5231660974069395,1.0
0grcilhi,BSE,blur1.0,sharp_robust,affine2,-2.9926402261121004e-05,-3.013443943850462e-05,-0.5231660974069395,-0.5295589316858867,1.006951626713041
0grcilhi,BSE,blur1.0,sharp_robust,hybrid,-2.9926402261121004e-05,-3.013443943850462e-05,-0.5231660974069395,-0.5295589316858867,1.006951626713041
0grcilhi,BSE,blur1.0,sharp_robust,clean_norm,-2.9926402261121004e-05,-3.518511908918743e-05,-0.5231660974069395,-0.5618872768811981,1.1757216514762385
0grcilhi,BSE,blur1.0,sharp_robust,clean_harm,-2.9926402261121004e-05,-1.6596059714863278e-05,-0.5231660974069395,-0.26538373056923253,0.5545624753037591
0grcilhi,BSE,blur1.0,frac_pore,raw,-0.003065928888717956,-0.003065928888717956,-0.12441472877102146,-0.12441472877102146,1.0
0grcilhi,BSE,blur1.0,frac_pore,affine2,-0.003065928888717956,-0.00280061967578793,-0.12441472877102146,-0.1960344727327215,0.9134653077224608
0grcilhi,BSE,blur1.0,frac_pore,hybrid,-0.003065928888717956,-0.00280061967578793,-0.12441472877102146,-0.1960344727327215,0.9134653077224608
0grcilhi,BSE,blur1.0,frac_pore,clean_norm,-0.003065928888717956,0.0006576775972197968,-0.12441472877102146,0.03292234273043504,0.21451169322286867
0grcilhi,BSE,blur1.0,frac_pore,clean_harm,-0.003065928888717956,0.001957561593569801,-0.12441472877102146,0.0968601671156549,0.6384889097634524
0grcilhi,BSE,blur1.0,frac_graphite,raw,0.009715785627752216,0.009715785627752216,0.4120950079579593,0.4120950079579593,1.0
0grcilhi,BSE,blur1.0,frac_graphite,affine2,0.009715785627752216,0.010080548237601628,0.4120950079579593,0.5432402818552341,1.0375432953983157
0grcilhi,BSE,blur1.0,frac_graphite,hybrid,0.009715785627752216,0.010080548237601628,0.4120950079579593,0.5432402818552341,1.0375432953983157
0grcilhi,BSE,blur1.0,frac_graphite,clean_norm,0.009715785627752216,0.01385127264255348,0.4120950079579593,0.41927476304924216,1.4256461775966567
0grcilhi,BSE,blur1.0,frac_graphite,clean_harm,0.009715785627752216,0.0063064850408681705,0.4120950079579593,0.2000248668811389,0.6490967671059247
0grcilhi,BSE,blur1.0,frac_si,raw,-0.006649856739034288,-0.006649856739034288,-0.34439521204393486,-0.34439521204393486,1.0
0grcilhi,BSE,blur1.0,frac_si,affine2,-0.006649856739034288,-0.007279928561813739,-0.34439521204393486,-0.3287418103247365,1.0947496837158859
0grcilhi,BSE,blur1.0,frac_si,hybrid,-0.006649856739034288,-0.007279928561813739,-0.34439521204393486,-0.3287418103247365,1.0947496837158859
0grcilhi,BSE,blur1.0,frac_si,clean_norm,-0.006649856739034288,-0.014508950239773222,-0.34439521204393486,-0.38764055946011877,2.1818440320084633
0grcilhi,BSE,blur1.0,frac_si,clean_harm,-0.006649856739034288,-0.008264046634438027,-0.34439521204393486,-0.22846004280892718,1.2427405519773884
0grcilhi,BSE,requant3,p1,raw,0.0,0.0,0.0,0.0,
0grcilhi,BSE,requant3,p1,affine2,0.0,0.0,0.0,0.0,
0grcilhi,BSE,requant3,p1,hybrid,0.0,0.0,0.0,0.0,
0grcilhi,BSE,requant3,p1,clean_norm,0.0,0.0,0.0,0.0,
0grcilhi,BSE,requant3,p1,clean_harm,0.0,0.0,0.0,0.0,
0grcilhi,BSE,requant3,noise_sigma,raw,0.01816983923512172,0.01816983923512172,0.02476143036790343,0.02476143036790343,1.0
0grcilhi,BSE,requant3,noise_sigma,affine2,0.01816983923512172,0.01908862665037958,0.02476143036790343,0.03005011717146868,1.0505666232578368
0grcilhi,BSE,requant3,noise_sigma,hybrid,0.01816983923512172,0.01908862665037958,0.02476143036790343,0.03005011717146868,1.0505666232578368
0grcilhi,BSE,requant3,noise_sigma,clean_norm,0.01816983923512172,0.04233772409511438,0.02476143036790343,0.03803968202051505,2.3301099997228873
0grcilhi,BSE,requant3,noise_sigma,clean_harm,0.01816983923512172,0.08932526767917537,0.02476143036790343,0.2945716395355556,4.916128674738766
0grcilhi,BSE,requant3,sharpness,raw,0.0002579460519738577,0.0002579460519738577,0.022502441165849794,0.022502441165849794,1.0
0grcilhi,BSE,requant3,sharpness,affine2,0.0002579460519738577,0.0002692226562499983,0.022502441165849794,0.023800260376916862,1.0437169097563217
0grcilhi,BSE,requant3,sharpness,hybrid,0.0002579460519738577,0.0002692226562499983,0.022502441165849794,0.023800260376916862,1.0437169097563217
0grcilhi,BSE,requant3,sharpness,clean_norm,0.0002579460519738577,0.0002292237360630514,0.022502441165849794,0.021071572331337527,0.8886499107428972
0grcilhi,BSE,requant3,sharpness,clean_harm,0.0002579460519738577,0.0006119153390522908,0.022502441165849794,0.04658123112681108,2.37226092188574
0grcilhi,BSE,requant3,sharp_robust,raw,4.1291847508882675e-07,4.1291847508882675e-07,0.007218540513976039,0.007218540513976039,1.0
0grcilhi,BSE,requant3,sharp_robust,affine2,4.1291847508882675e-07,4.865722656250055e-07,0.007218540513976039,0.00855063820577065,1.178373686283556
0grcilhi,BSE,requant3,sharp_robust,hybrid,4.1291847508882675e-07,4.865722656250055e-07,0.007218540513976039,0.00855063820577065,1.178373686283556
0grcilhi,BSE,requant3,sharp_robust,clean_norm,4.1291847508882675e-07,3.360922819648708e-07,0.007218540513976039,0.005367211536653926,0.8139434349421416
0grcilhi,BSE,requant3,sharp_robust,clean_harm,4.1291847508882675e-07,5.478439125726833e-07,0.007218540513976039,0.008760444574562133,1.3267604760354488
0grcilhi,BSE,requant3,frac_pore,raw,-0.0010672461204161293,-0.0010672461204161293,-0.04330861589520466,-0.04330861589520466,1.0
0grcilhi,BSE,requant3,frac_pore,affine2,-0.0010672461204161293,0.0005492471588177672,-0.04330861589520466,0.0384455547854758,0.5146396396396462
0grcilhi,BSE,requant3,frac_pore,hybrid,-0.0010672461204161293,0.0005492471588177672,-0.04330861589520466,0.0384455547854758,0.5146396396396462
0grcilhi,BSE,requant3,frac_pore,clean_norm,-0.0010672461204161293,-0.0032462213873842294,-0.04330861589520466,-0.16250091769298133,3.0416801947413004
0grcilhi,BSE,requant3,frac_pore,clean_harm,-0.0010672461204161293,-0.003174629176616789,-0.04330861589520466,-0.1570806832272334,2.9745989382270803
0grcilhi,BSE,requant3,frac_graphite,raw,0.000250586504624728,0.000250586504624728,0.010628625576352422,0.010628625576352422,1.0
0grcilhi,BSE,requant3,frac_graphite,affine2,0.000250586504624728,-0.00011597888583358973,0.010628625576352422,-0.006250096834463971,0.46282973621136053
0grcilhi,BSE,requant3,frac_graphite,hybrid,0.000250586504624728,-0.00011597888583358973,0.010628625576352422,-0.006250096834463971,0.46282973621136053
0grcilhi,BSE,requant3,frac_graphite,clean_norm,0.000250586504624728,-0.0030699710718931073,0.010628625576352422,-0.09292730184096083,12.251142879743737
0grcilhi,BSE,requant3,frac_graphite,clean_harm,0.000250586504624728,-0.0034167079231949282,0.010628625576352422,-0.10836885255097908,13.634844096300013
0grcilhi,BSE,requant3,frac_si,raw,0.0008166596157913875,0.0008166596157913875,0.042294694846168636,0.042294694846168636,1.0
0grcilhi,BSE,requant3,frac_si,affine2,0.0008166596157913875,-0.00043326827298424686,0.042294694846168636,-0.019565218972647066,0.5305371596762335
0grcilhi,BSE,requant3,frac_si,hybrid,0.0008166596157913875,-0.00043326827298424686,0.042294694846168636,-0.019565218972647066,0.5305371596762335
0grcilhi,BSE,requant3,frac_si,clean_norm,0.0008166596157913875,0.006316192459277392,0.042294694846168636,0.16875186268543857,7.734179990223539
0grcilhi,BSE,requant3,frac_si,clean_harm,0.0008166596157913875,0.006591337099811689,0.042294694846168636,0.182217891863754,8.071094703788342
0grcilhi,BSE,all_strong,p1,raw,21.0,21.0,2.551834738297222,2.551834738297222,1.0
0grcilhi,BSE,all_strong,p1,affine2,21.0,2.0,2.551834738297222,1.63592756343481,0.09523809523809523
0grcilhi,BSE,all_strong,p1,hybrid,21.0,2.0,2.551834738297222,1.63592756343481,0.09523809523809523
0grcilhi,BSE,all_strong,p1,clean_norm,21.0,0.0,2.551834738297222,0.0,0.0
0grcilhi,BSE,all_strong,p1,clean_harm,21.0,0.0,2.551834738297222,0.0,0.0
0grcilhi,BSE,all_strong,noise_sigma,raw,-1.876048613016545,-1.876048613016545,-2.556635009087894,-2.556635009087894,1.0
0grcilhi,BSE,all_strong,noise_sigma,affine2,-1.876048613016545,-0.6811607967437849,-2.556635009087894,-1.0723119127249874,0.3630827005322264
0grcilhi,BSE,all_strong,noise_sigma,hybrid,-1.876048613016545,-0.6811607967437849,-2.556635009087894,-1.0723119127249874,0.3630827005322264
0grcilhi,BSE,all_strong,noise_sigma,clean_norm,-1.876048613016545,-1.3653211197451647,-2.556635009087894,-1.2267164180653936,0.7277642542267767
0grcilhi,BSE,all_strong,noise_sigma,clean_harm,-1.876048613016545,-0.5240048524508953,-2.556635009087894,-1.7280325323562704,0.27931304594945167
0grcilhi,BSE,all_strong,sharpness,raw,-0.009119282537505706,-0.009119282537505706,-0.7955389012729716,-0.7955389012729716,1.0
0grcilhi,BSE,all_strong,sharpness,affine2,-0.009119282537505706,-0.008506670681780307,-0.7955389012729716,-0.752020576526265,0.9328223625920291
0grcilhi,BSE,all_strong,sharpness,hybrid,-0.009119282537505706,-0.008506670681780307,-0.7955389012729716,-0.752020576526265,0.9328223625920291
0grcilhi,BSE,all_strong,sharpness,clean_norm,-0.009119282537505706,-0.01203673883836135,-0.7955389012729716,-1.1064866903494903,1.3199216921788262
0grcilhi,BSE,all_strong,sharpness,clean_harm,-0.009119282537505706,-0.007036807280837672,-0.7955389012729716,-0.5356674778755891,0.7716404499911864
0grcilhi,BSE,all_strong,sharp_robust,raw,-1.6556469754921982e-05,-1.6556469754921982e-05,-0.2894361839067956,-0.2894361839067956,1.0
0grcilhi,BSE,all_strong,sharp_robust,affine2,-1.6556469754921982e-05,-1.6199797492717316e-05,-0.2894361839067956,-0.2846824966257543,0.9784572274473771
0grcilhi,BSE,all_strong,sharp_robust,hybrid,-1.6556469754921982e-05,-1.6199797492717316e-05,-0.2894361839067956,-0.2846824966257543,0.9784572274473771
0grcilhi,BSE,all_strong,sharp_robust,clean_norm,-1.6556469754921982e-05,-2.6150172777614493e-05,-0.2894361839067956,-0.41760408241738817,1.5794534200046149
0grcilhi,BSE,all_strong,sharp_robust,clean_harm,-1.6556469754921982e-05,-2.8761367443767827e-05,-0.2894361839067956,-0.4599163367473132,1.7371678787512972
0grcilhi,BSE,all_strong,frac_pore,raw,-0.0691841095706017,-0.0691841095706017,-2.8074761483102595,-2.8074761483102595,1.0
0grcilhi,BSE,all_strong,frac_pore,affine2,-0.0691841095706017,-0.006040216429821346,-2.8074761483102595,-0.42279594521466596,0.08730641280650386
0grcilhi,BSE,all_strong,frac_pore,hybrid,-0.0691841095706017,-0.006040216429821346,-2.8074761483102595,-0.42279594521466596,0.08730641280650386
0grcilhi,BSE,all_strong,frac_pore,clean_norm,-0.0691841095706017,0.0026762139126720597,-2.8074761483102595,0.13396720828777528,0.03868249413459618
0grcilhi,BSE,all_strong,frac_pore,clean_harm,-0.0691841095706017,0.0030165802706428047,-2.8074761483102595,0.14926042178801616,0.04360221283999347
0grcilhi,BSE,all_strong,frac_graphite,raw,0.08532320250754766,0.08532320250754766,3.618983287971239,3.618983287971239,1.0
0grcilhi,BSE,all_strong,frac_graphite,affine2,0.08532320250754766,0.014812847335730628,3.618983287971239,0.7982636630540436,0.1736086656430915
0grcilhi,BSE,all_strong,frac_graphite,hybrid,0.08532320250754766,0.014812847335730628,3.618983287971239,0.7982636630540436,0.1736086656430915
0grcilhi,BSE,all_strong,frac_graphite,clean_norm,0.08532320250754766,0.019344458034830314,3.618983287971239,0.5855521920745538,0.22671978390777245
0grcilhi,BSE,all_strong,frac_graphite,clean_harm,0.08532320250754766,0.01762290805133282,3.618983287971239,0.5589515893850646,0.2065429746354622
0grcilhi,BSE,all_strong,frac_si,raw,-0.016139092936945952,-0.016139092936945952,-0.8358415154404446,-0.8358415154404446,1.0
0grcilhi,BSE,all_strong,frac_si,affine2,-0.016139092936945952,-0.008772630905909282,-0.8358415154404446,-0.3961481958005424,0.5435640615109657
0grcilhi,BSE,all_strong,frac_si,hybrid,-0.016139092936945952,-0.008772630905909282,-0.8358415154404446,-0.3961481958005424,0.5435640615109657
0grcilhi,BSE,all_strong,frac_si,clean_norm,-0.016139092936945952,-0.022020671947502277,-0.8358415154404446,-0.588333783792131,1.3644305806735948
0grcilhi,BSE,all_strong,frac_si,clean_harm,-0.016139092936945952,-0.020639488321975652,-0.8358415154404446,-0.5705798374785624,1.2788505774526708
0grcilhi,Inlens,session_strong,p1,raw,21.0,21.0,2.433012232791268,2.433012232791268,1.0
0grcilhi,Inlens,session_strong,p1,affine2,21.0,-1.0,2.433012232791268,-0.1220031275181081,0.047619047619047616
0grcilhi,Inlens,session_strong,p1,hybrid,21.0,-9.0,2.433012232791268,-4.550432078995631,0.42857142857142855
0grcilhi,Inlens,session_strong,p1,clean_norm,21.0,0.0,2.433012232791268,0.0,0.0
0grcilhi,Inlens,session_strong,p1,clean_harm,21.0,0.0,2.433012232791268,0.0,0.0
0grcilhi,Inlens,session_strong,noise_sigma,raw,-1.393923349566033,-1.393923349566033,-1.4598578207610236,-1.4598578207610236,1.0
0grcilhi,Inlens,session_strong,noise_sigma,affine2,-1.393923349566033,0.05698244032659705,-1.4598578207610236,0.0530211808808336,0.040879177713995005
0grcilhi,Inlens,session_strong,noise_sigma,hybrid,-1.393923349566033,0.04582408182150566,-1.4598578207610236,0.022364287518759195,0.03287417621332763
0grcilhi,Inlens,session_strong,noise_sigma,clean_norm,-1.393923349566033,-0.02056321752122514,-1.4598578207610236,-0.025069216408624587,0.014752043236543128
0grcilhi,Inlens,session_strong,noise_sigma,clean_harm,-1.393923349566033,-0.011320467846303472,-1.4598578207610236,-0.018010705896548303,0.008121298670997833
0grcilhi,Inlens,session_strong,sharpness,raw,-8.604852687250572e-05,-8.604852687250572e-05,-0.01276395096695724,-0.01276395096695724,1.0
0grcilhi,Inlens,session_strong,sharpness,affine2,-8.604852687250572e-05,3.600228345963449e-05,-0.01276395096695724,0.0030660717555870526,0.4183951168969746
0grcilhi,Inlens,session_strong,sharpness,hybrid,-8.604852687250572e-05,-0.0020334032830551657,-0.01276395096695724,-0.11618588108777095,23.630890114690388
0grcilhi,Inlens,session_strong,sharpness,clean_norm,-8.604852687250572e-05,-0.0001951292259975458,-0.01276395096695724,-0.02145127035873226,2.267664922220692
0grcilhi,Inlens,session_strong,sharpness,clean_harm,-8.604852687250572e-05,0.00017056334929364467,-0.01276395096695724,0.017449311586787954,1.982176284625544
0grcilhi,Inlens,session_strong,sharp_robust,raw,-4.6938188570143716e-06,-4.6938188570143716e-06,-0.03538770675991817,-0.03538770675991817,1.0
0grcilhi,Inlens,session_strong,sharp_robust,affine2,-4.6938188570143716e-06,-4.008934117963e-06,-0.03538770675991817,-0.018118678771196956,0.8540879484456692
0grcilhi,Inlens,session_strong,sharp_robust,hybrid,-4.6938188570143716e-06,-3.221669913727634e-05,-0.03538770675991817,-0.38432571316829617,6.863643467862463
0grcilhi,Inlens,session_strong,sharp_robust,clean_norm,-4.6938188570143716e-06,-4.063630403129659e-06,-0.03538770675991817,-0.024628693959927582,0.865740780996913
0grcilhi,Inlens,session_strong,sharp_robust,clean_harm,-4.6938188570143716e-06,3.4959918124609964e-06,-0.03538770675991817,0.02149782663393769,0.7448075690515068
0grcilhi,Inlens,offset6,p1,raw,6.0,6.0,0.6951463522260767,0.6951463522260767,1.0
0grcilhi,Inlens,offset6,p1,affine2,6.0,0.0,0.6951463522260767,0.0,0.0
0grcilhi,Inlens,offset6,p1,hybrid,6.0,0.0,0.6951463522260767,0.0,0.0
0grcilhi,Inlens,offset6,p1,clean_norm,6.0,0.0,0.6951463522260767,0.0,0.0
0grcilhi,Inlens,offset6,p1,clean_harm,6.0,0.0,0.6951463522260767,0.0,0.0
0grcilhi,Inlens,offset6,noise_sigma,raw,-0.037084273860471306,-0.037084273860471306,-0.038838410475947056,-0.038838410475947056,1.0
0grcilhi,Inlens,offset6,noise_sigma,affine2,-0.037084273860471306,-0.0014046119937374257,-0.038838410475947056,-0.0013069673071298578,0.03787621672254511
0grcilhi,Inlens,offset6,noise_sigma,hybrid,-0.037084273860471306,0.04475325396821539,-0.038838410475947056,0.021841673621390497,1.2067987130231654
0grcilhi,Inlens,offset6,noise_sigma,clean_norm,-0.037084273860471306,-0.0526669084232565,-0.038838410475947056,-0.06420775948476991,1.4201952186367321
0grcilhi,Inlens,offset6,noise_sigma,clean_harm,-0.037084273860471306,-0.02240859575170706,-0.038838410475947056,-0.035651762199070715,0.604261413773905
0grcilhi,Inlens,offset6,sharpness,raw,0.00047397195932106714,0.00047397195932106714,0.0703063151499433,0.0703063151499433,1.0
0grcilhi,Inlens,offset6,sharpness,affine2,0.00047397195932106714,-1.6247407983099177e-05,0.0703063151499433,-0.0013836821982231495,0.03427925990890367
0grcilhi,Inlens,offset6,sharpness,hybrid,0.00047397195932106714,0.0003630892726988813,0.0703063151499433,0.020746424191198164,0.7660564418599408
0grcilhi,Inlens,offset6,sharpness,clean_norm,0.00047397195932106714,0.000279734836295651,0.0703063151499433,0.030752274916568324,0.5901927968404551
0grcilhi,Inlens,offset6,sharpness,clean_harm,0.00047397195932106714,0.0005808774498445857,0.0703063151499433,0.05942608220378468,1.2255523526679795
0grcilhi,Inlens,offset6,sharp_robust,raw,1.3631358556530772e-05,1.3631358556530772e-05,0.10276973484329231,0.10276973484329231,1.0
0grcilhi,Inlens,offset6,sharp_robust,affine2,1.3631358556530772e-05,-3.9674838260756774e-08,0.10276973484329231,-0.0001793134106456975,0.002910556427389154
0grcilhi,Inlens,offset6,sharp_robust,hybrid,1.3631358556530772e-05,3.039269882259318e-06,0.10276973484329231,0.03625664938648915,0.22296162702016276
0grcilhi,Inlens,offset6,sharp_robust,clean_norm,1.3631358556530772e-05,9.480107678252244e-06,0.10276973484329231,0.05745666991146988,0.6954631586380166
0grcilhi,Inlens,offset6,sharp_robust,clean_harm,1.3631358556530772e-05,9.302079845629877e-06,0.10276973484329231,0.05720107785825314,0.6824029906522604
0grcilhi,Inlens,noise6,p1,raw,3.0,3.0,0.34757317611303834,0.34757317611303834,1.0
0grcilhi,Inlens,noise6,p1,affine2,3.0,2.0,0.34757317611303834,0.2440062550362162,0.6666666666666666
0grcilhi,Inlens,noise6,p1,hybrid,3.0,1.0,0.34757317611303834,0.5056035643328478,0.3333333333333333
0grcilhi,Inlens,noise6,p1,clean_norm,3.0,1.0,0.34757317611303834,0.16453292505000588,0.3333333333333333
0grcilhi,Inlens,noise6,p1,clean_harm,3.0,1.0,0.34757317611303834,0.16414159984895177,0.3333333333333333
0grcilhi,Inlens,noise6,noise_sigma,raw,0.9615032266681114,0.9615032266681114,1.0069836376407635,1.0069836376407635,1.0
0grcilhi,Inlens,noise6,noise_sigma,affine2,0.9615032266681114,1.2543386482141585,1.0069836376407635,1.1671405431497588,1.304559998785243
0grcilhi,Inlens,noise6,noise_sigma,hybrid,0.9615032266681114,1.5214107671911963,1.0069836376407635,0.7425193583612963,1.5823251810223535
0grcilhi,Inlens,noise6,noise_sigma,clean_norm,0.9615032266681114,0.5650386535840801,1.0069836376407635,0.6888550525381604,0.5876617341598567
0grcilhi,Inlens,noise6,noise_sigma,clean_harm,0.9615032266681114,-0.070556328704789,1.0069836376407635,-0.11225413142771251,0.07338127085572789
0grcilhi,Inlens,noise6,sharpness,raw,0.003170648986297972,0.003170648986297972,0.4703161072647136,0.4703161072647136,1.0
0grcilhi,Inlens,noise6,sharpness,affine2,0.003170648986297972,0.005140645791125671,0.4703161072647136,0.43779414389977966,1.6213228942532216
0grcilhi,Inlens,noise6,sharpness,hybrid,0.003170648986297972,0.009658313722634773,0.4703161072647136,0.5518628296893461,3.0461630298318685
0grcilhi,Inlens,noise6,sharpness,clean_norm,0.003170648986297972,0.002841740491943752,0.4703161072647136,0.31240293846504025,0.8962646146654502
0grcilhi,Inlens,noise6,sharpness,clean_harm,0.003170648986297972,-0.00024092458160971872,0.4703161072647136,-0.024647546561640768,0.07598588889873319
0grcilhi,Inlens,noise6,sharp_robust,raw,1.4067382244871917e-05,1.4067382244871917e-05,0.10605701091708801,0.10605701091708801,1.0
0grcilhi,Inlens,noise6,sharp_robust,affine2,1.4067382244871917e-05,2.8256858869579455e-05,0.10605701091708801,0.12770899542771755,2.0086792537311005
0grcilhi,Inlens,noise6,sharp_robust,hybrid,1.4067382244871917e-05,3.4971760899000777e-06,0.10605701091708801,0.04171919317677154,0.24860176748057927
0grcilhi,Inlens,noise6,sharp_robust,clean_norm,1.4067382244871917e-05,9.562888466644074e-06,0.10605701091708801,0.05795838451166918,0.6797916129797427
0grcilhi,Inlens,noise6,sharp_robust,clean_harm,1.4067382244871917e-05,1.5067904697985265e-05,0.10605701091708801,0.09265673957798962,1.0711235705191757
0grcilhi,Inlens,blur1.0,p1,raw,1.0,1.0,0.11585772537101278,0.11585772537101278,1.0
0grcilhi,Inlens,blur1.0,p1,affine2,1.0,2.0,0.11585772537101278,0.2440062550362162,2.0
0grcilhi,Inlens,blur1.0,p1,hybrid,1.0,1.0,0.11585772537101278,0.5056035643328478,1.0
0grcilhi,Inlens,blur1.0,p1,clean_norm,1.0,0.0,0.11585772537101278,0.0,0.0
0grcilhi,Inlens,blur1.0,p1,clean_harm,1.0,0.0,0.11585772537101278,0.0,0.0
0grcilhi,Inlens,blur1.0,noise_sigma,raw,-3.1235984291222607,-3.1235984291222607,-3.2713488852099633,-3.2713488852099633,1.0
0grcilhi,Inlens,blur1.0,noise_sigma,affine2,-3.1235984291222607,-3.418044497593385,-3.2713488852099633,-3.180431629935771,1.0942650200249537
0grcilhi,Inlens,blur1.0,noise_sigma,hybrid,-3.1235984291222607,-4.633485965929348,-3.2713488852099633,-2.2613570907938554,1.4833808093671534
0grcilhi,Inlens,blur1.0,noise_sigma,clean_norm,-3.1235984291222607,-1.8275045428620045,-3.2713488852099633,-2.2279639276034158,0.5850638564239315
0grcilhi,Inlens,blur1.0,noise_sigma,clean_harm,-3.1235984291222607,-0.362158309611174,-3.2713488852099633,-0.5761888016428434,0.11594265966926531
0grcilhi,Inlens,blur1.0,sharpness,raw,-0.012024612217259333,-0.012024612217259333,-1.7836628506747119,-1.7836628506747119,1.0
0grcilhi,Inlens,blur1.0,sharpness,affine2,-0.012024612217259333,-0.014299952046768892,-1.7836628506747119,-1.217830505834601,1.189223551529062
0grcilhi,Inlens,blur1.0,sharpness,hybrid,-0.012024612217259333,-0.02270090202990098,-1.7836628506747119,-1.297098478108269,1.8878697807250373
0grcilhi,Inlens,blur1.0,sharpness,clean_norm,-0.012024612217259333,-0.011729963701547868,-1.7836628506747119,-1.2895178637319242,0.9754962147312705
0grcilhi,Inlens,blur1.0,sharpness,clean_harm,-0.012024612217259333,-0.007649189073109927,-1.7836628506747119,-0.7825425806640288,0.636127713302121
0grcilhi,Inlens,blur1.0,sharp_robust,raw,-7.95906397430393e-05,-7.95906397430393e-05,-0.6000508979702068,-0.6000508979702068,1.0
0grcilhi,Inlens,blur1.0,sharp_robust,affine2,-7.95906397430393e-05,-6.577695451087076e-05,-0.6000508979702068,-0.2972838850082348,0.8264408317766208
0grcilhi,Inlens,blur1.0,sharp_robust,hybrid,-7.95906397430393e-05,-4.790679222699799e-05,-0.6000508979702068,-0.5714990232175274,0.6019149033311765
0grcilhi,Inlens,blur1.0,sharp_robust,clean_norm,-7.95906397430393e-05,-7.345729514289729e-05,-0.6000508979702068,-0.4452071329629647,0.9229388704508007
0grcilhi,Inlens,blur1.0,sharp_robust,clean_harm,-7.95906397430393e-05,-7.03363807322084e-05,-0.6000508979702068,-0.4325179806342928,0.8837267919857342
0grcilhi,Inlens,requant3,p1,raw,1.0,1.0,0.11585772537101278,0.11585772537101278,1.0
0grcilhi,Inlens,requant3,p1,affine2,1.0,2.0,0.11585772537101278,0.2440062550362162,2.0
0grcilhi,Inlens,requant3,p1,hybrid,1.0,1.0,0.11585772537101278,0.5056035643328478,1.0
0grcilhi,Inlens,requant3,p1,clean_norm,1.0,0.0,0.11585772537101278,0.0,0.0
0grcilhi,Inlens,requant3,p1,clean_harm,1.0,0.0,0.11585772537101278,0.0,0.0
0grcilhi,Inlens,requant3,noise_sigma,raw,0.020859746719903427,0.020859746719903427,0.021846441124345726,0.021846441124345726,1.0
0grcilhi,Inlens,requant3,noise_sigma,affine2,0.020859746719903427,0.059087344536568054,0.021846441124345726,0.054979758053275415,2.832601245354028
0grcilhi,Inlens,requant3,noise_sigma,hybrid,0.020859746719903427,0.038013130178910615,0.021846441124345726,0.018552179094840093,1.8223198339527396
0grcilhi,Inlens,requant3,noise_sigma,clean_norm,0.020859746719903427,0.03081814368840785,0.021846441124345726,0.03757129508742143,1.4773977892551577
0grcilhi,Inlens,requant3,noise_sigma,clean_harm,0.020859746719903427,0.00917528802360934,0.021846441124345726,0.01459775482364987,0.4398561567794443
0grcilhi,Inlens,requant3,sharpness,raw,0.0001914200088543698,0.0001914200088543698,0.028394159620324353,0.028394159620324353,1.0
0grcilhi,Inlens,requant3,sharpness,affine2,0.0001914200088543698,0.0006302511610875999,0.028394159620324353,0.05367424224919577,3.292504084915637
0grcilhi,Inlens,requant3,sharpness,hybrid,0.0001914200088543698,0.0005221045448368863,0.028394159620324353,0.029832339244903996,2.7275338036061716
0grcilhi,Inlens,requant3,sharpness,clean_norm,0.0001914200088543698,-2.8362249650838722e-05,0.028394159620324353,-0.003117965963999945,0.14816763315697265
0grcilhi,Inlens,requant3,sharpness,clean_harm,0.0001914200088543698,0.00013563869659403635,0.028394159620324353,0.013876380183062713,0.7085920505689076
0grcilhi,Inlens,requant3,sharp_robust,raw,4.508738721979277e-06,4.508738721979277e-06,0.033992347939046666,0.033992347939046666,1.0
0grcilhi,Inlens,requant3,sharp_robust,affine2,4.508738721979277e-06,1.281611720539168e-05,0.033992347939046666,0.05792340405346752,2.8425060744627877
0grcilhi,Inlens,requant3,sharp_robust,hybrid,4.508738721979277e-06,3.980708959341048e-06,0.033992347939046666,0.04748744752512575,0.882887478029237
0grcilhi,Inlens,requant3,sharp_robust,clean_norm,4.508738721979277e-06,-2.977677404582984e-06,0.033992347939046666,-0.01804699203263782,0.6604235881017791
0grcilhi,Inlens,requant3,sharp_robust,clean_harm,4.508738721979277e-06,4.444406034129753e-06,0.033992347939046666,0.0273298896387544,0.9857315555820715
0grcilhi,Inlens,all_strong,p1,raw,23.0,23.0,2.664727683533294,2.664727683533294,1.0
0grcilhi,Inlens,all_strong,p1,affine2,23.0,3.0,2.664727683533294,0.3660093825543243,0.13043478260869565
0grcilhi,Inlens,all_strong,p1,hybrid,23.0,-1.0,2.664727683533294,-0.5056035643328478,0.043478260869565216
0grcilhi,Inlens,all_strong,p1,clean_norm,23.0,7.0,2.664727683533294,1.1517304753500412,0.30434782608695654
0grcilhi,Inlens,all_strong,p1,clean_harm,23.0,7.0,2.664727683533294,1.1489911989426624,0.30434782608695654
0grcilhi,Inlens,all_strong,noise_sigma,raw,-1.3119086090413616,-1.3119086090413616,-1.3739636714091938,-1.3739636714091938,1.0
0grcilhi,Inlens,all_strong,noise_sigma,affine2,-1.3119086090413616,0.1546417391686159,-1.3739636714091938,0.143891479150267,0.11787539017799095
0grcilhi,Inlens,all_strong,noise_sigma,hybrid,-1.3119086090413616,0.6486815357531048,-1.3739636714091938,0.31658682066345956,0.4944563449637774
0grcilhi,Inlens,all_strong,noise_sigma,clean_norm,-1.3119086090413616,-0.3931748106922468,-1.3739636714091938,-0.47933084428495076,0.2996967989862858
0grcilhi,Inlens,all_strong,noise_sigma,clean_harm,-1.3119086090413616,-0.4288084073269274,-1.3739636714091938,-0.6822281742405596,0.3268584445377384
0grcilhi,Inlens,all_strong,sharpness,raw,-0.005948511774416991,-0.005948511774416991,-0.8823685352280721,-0.8823685352280721,1.0
0grcilhi,Inlens,all_strong,sharpness,affine2,-0.005948511774416991,-0.0062045060907366285,-0.8823685352280721,-0.5283959530929305,1.0430350188463278
0grcilhi,Inlens,all_strong,sharpness,hybrid,-0.005948511774416991,0.0008814285190510973,-0.8823685352280721,0.050363619433116895,0.14817630904622114
0grcilhi,Inlens,all_strong,sharpness,clean_norm,-0.005948511774416991,-0.005539059380284209,-0.8823685352280721,-0.608929081187679,0.9311672549941432
0grcilhi,Inlens,all_strong,sharpness,clean_harm,-0.005948511774416991,-0.004267062639350602,-0.8823685352280721,-0.436537543749704,0.7173328054425535
0grcilhi,Inlens,all_strong,sharp_robust,raw,-7.676518048836635e-05,-7.676518048836635e-05,-0.5787491548454067,-0.5787491548454067,1.0
0grcilhi,Inlens,all_strong,sharp_robust,affine2,-7.676518048836635e-05,-6.236447856476407e-05,-0.5787491548454067,-0.2818609437319237,0.8124058090922527
0grcilhi,Inlens,all_strong,sharp_robust,hybrid,-7.676518048836635e-05,-5.103715200893255e-05,-0.5787491548454067,-0.6088423199512804,0.6648476781301538
0grcilhi,Inlens,all_strong,sharp_robust,clean_norm,-7.676518048836635e-05,-6.473283889564096e-05,-0.5787491548454067,-0.39233028601473635,0.8432578218903704
0grcilhi,Inlens,all_strong,sharp_robust,clean_harm,-7.676518048836635e-05,-6.471746610626681e-05,-0.5787491548454067,-0.3979657107837647,0.8430575645695857
0grcilhi,SE_type,session_strong,p1,raw,22.0,22.0,3.2404675387707407,3.2404675387707407,1.0
0grcilhi,SE_type,session_strong,p1,affine2,22.0,0.0,3.2404675387707407,0.0,0.0
0grcilhi,SE_type,session_strong,p1,hybrid,22.0,0.0,3.2404675387707407,0.0,0.0
0grcilhi,SE_type,session_strong,p1,clean_norm,22.0,0.0,3.2404675387707407,0.0,0.0
0grcilhi,SE_type,session_strong,p1,clean_harm,22.0,0.0,3.2404675387707407,0.0,0.0
0grcilhi,SE_type,session_strong,noise_sigma,raw,-1.049891582906302,-1.049891582906302,-1.9149799527594242,-1.9149799527594242,1.0
0grcilhi,SE_type,session_strong,noise_sigma,affine2,-1.049891582906302,-0.004704946733862236,-1.9149799527594242,-0.00905219914220979,0.004481364371774501
0grcilhi,SE_type,session_strong,noise_sigma,hybrid,-1.049891582906302,-0.004704946733862236,-1.9149799527594242,-0.00905219914220979,0.004481364371774501
0grcilhi,SE_type,session_strong,noise_sigma,clean_norm,-1.049891582906302,-0.028948096645132537,-1.9149799527594242,-0.04163288900564923,0.027572462829922526
0grcilhi,SE_type,session_strong,noise_sigma,clean_harm,-1.049891582906302,-0.0005558034555868119,-1.9149799527594242,-0.0014772957381252365,0.000529391286334767
0grcilhi,SE_type,session_strong,sharpness,raw,3.514522196072789e-05,3.514522196072789e-05,0.005747974365968861,0.005747974365968861,1.0
0grcilhi,SE_type,session_strong,sharpness,affine2,3.514522196072789e-05,1.7628465138985056e-05,0.005747974365968861,0.0028813936447300626,0.501589239034641
0grcilhi,SE_type,session_strong,sharpness,hybrid,3.514522196072789e-05,1.7628465138985056e-05,0.005747974365968861,0.0028813936447300626,0.501589239034641
0grcilhi,SE_type,session_strong,sharpness,clean_norm,3.514522196072789e-05,0.0004384080224791899,0.005747974365968861,0.07418599371453069,12.474185622417679
0grcilhi,SE_type,session_strong,sharpness,clean_harm,3.514522196072789e-05,0.0006038412398240295,0.005747974365968861,0.10611147745280171,17.18131814614163
0grcilhi,SE_type,session_strong,sharp_robust,raw,-3.3816389282383336e-06,-3.3816389282383336e-06,-0.07045000688016867,-0.07045000688016867,1.0
0grcilhi,SE_type,session_strong,sharp_robust,affine2,-3.3816389282383336e-06,-2.5847820451543576e-06,-0.07045000688016867,-0.05443263807595173,0.7643577862704878
0grcilhi,SE_type,session_strong,sharp_robust,hybrid,-3.3816389282383336e-06,-2.5847820451543576e-06,-0.07045000688016867,-0.05443263807595173,0.7643577862704878
0grcilhi,SE_type,session_strong,sharp_robust,clean_norm,-3.3816389282383336e-06,8.706872944753735e-06,-0.07045000688016867,0.17346012415099757,2.5747494423627257
0grcilhi,SE_type,session_strong,sharp_robust,clean_harm,-3.3816389282383336e-06,8.783534104007495e-06,-0.07045000688016867,0.1767766461573945,2.5974192663387874
0grcilhi,SE_type,offset6,p1,raw,6.0,6.0,0.883763874210202,0.883763874210202,1.0
0grcilhi,SE_type,offset6,p1,affine2,6.0,0.0,0.883763874210202,0.0,0.0
0grcilhi,SE_type,offset6,p1,hybrid,6.0,0.0,0.883763874210202,0.0,0.0
0grcilhi,SE_type,offset6,p1,clean_norm,6.0,0.0,0.883763874210202,0.0,0.0
0grcilhi,SE_type,offset6,p1,clean_harm,6.0,0.0,0.883763874210202,0.0,0.0
0grcilhi,SE_type,offset6,noise_sigma,raw,-0.00011075793499015774,-0.00011075793499015774,-0.00020202012147583102,-0.00020202012147583102,1.0
0grcilhi,SE_type,offset6,noise_sigma,affine2,-0.00011075793499015774,-6.192375456270938e-05,-0.00020202012147583102,-0.0001191397458127696,0.5590909090911824
0grcilhi,SE_type,offset6,noise_sigma,hybrid,-0.00011075793499015774,-6.192375456270938e-05,-0.00020202012147583102,-0.0001191397458127696,0.5590909090911824
0grcilhi,SE_type,offset6,noise_sigma,clean_norm,-0.00011075793499015774,0.08752394090010895,-0.00020202012147583102,0.1258761348457753,790.2272727266591
0grcilhi,SE_type,offset6,noise_sigma,clean_harm,-0.00011075793499015774,-0.18036476612490127,-0.00020202012147583102,-0.47939986271397705,1628.4590909078343
0grcilhi,SE_type,offset6,sharpness,raw,-3.6165637455828903e-06,-3.6165637455828903e-06,-0.0005914862545392855,-0.0005914862545392855,1.0
0grcilhi,SE_type,offset6,sharpness,affine2,-3.6165637455828903e-06,-1.4379902618377738e-06,-0.0005914862545392855,-0.0002350412227596596,0.3976123090859579
0grcilhi,SE_type,offset6,sharpness,hybrid,-3.6165637455828903e-06,-1.4379902618377738e-06,-0.0005914862545392855,-0.0002350412227596596,0.3976123090859579
0grcilhi,SE_type,offset6,sharpness,clean_norm,-3.6165637455828903e-06,0.00034791687152569556,-0.0005914862545392855,0.05887337256792465,96.20095095810926
0grcilhi,SE_type,offset6,sharpness,clean_harm,-3.6165637455828903e-06,-0.000786038414378562,-0.0005914862545392855,-0.13812852117996005,217.3439954815104
0grcilhi,SE_type,offset6,sharp_robust,raw,-6.940159493569378e-08,-6.940159493569378e-08,-0.0014458500580549595,-0.0014458500580549595,1.0
0grcilhi,SE_type,offset6,sharp_robust,affine2,-6.940159493569378e-08,-1.724634124107647e-08,-0.0014458500580549595,-0.000363188785170401,0.24850064695280574
0grcilhi,SE_type,offset6,sharp_robust,hybrid,-6.940159493569378e-08,-1.724634124107647e-08,-0.0014458500580549595,-0.000363188785170401,0.24850064695280574
0grcilhi,SE_type,offset6,sharp_robust,clean_norm,-6.940159493569378e-08,7.38892688737316e-06,-0.0014458500580549595,0.14720373012892787,106.46624035398037
0grcilhi,SE_type,offset6,sharp_robust,clean_harm,-6.940159493569378e-08,6.737406296891029e-06,-0.0014458500580549595,0.13559645523784153,97.07855133781555
0grcilhi,SE_type,noise6,p1,raw,1.0,1.0,0.14729397903503366,0.14729397903503366,1.0
0grcilhi,SE_type,noise6,p1,affine2,1.0,1.0,0.14729397903503366,2.0108401877995092,1.0
0grcilhi,SE_type,noise6,p1,hybrid,1.0,1.0,0.14729397903503366,2.0108401877995092,1.0
0grcilhi,SE_type,noise6,p1,clean_norm,1.0,0.0,0.14729397903503366,0.0,0.0
0grcilhi,SE_type,noise6,p1,clean_harm,1.0,0.0,0.14729397903503366,0.0,0.0
0grcilhi,SE_type,noise6,noise_sigma,raw,1.1579545759600025,1.1579545759600025,2.112084557370285,2.112084557370285,1.0
0grcilhi,SE_type,noise6,noise_sigma,affine2,1.1579545759600025,1.2788564274596879,2.112084557370285,2.460487591143689,1.1044098395651243
0grcilhi,SE_type,noise6,noise_sigma,hybrid,1.1579545759600025,1.2788564274596879,2.112084557370285,2.460487591143689,1.1044098395651243
0grcilhi,SE_type,noise6,noise_sigma,clean_norm,1.1579545759600025,1.7168280401264076,2.112084557370285,2.46912645458462,1.48263850393533
0grcilhi,SE_type,noise6,noise_sigma,clean_harm,1.1579545759600025,1.4489393331013973,2.112084557370285,3.8512029388748314,1.2512920309504834
0grcilhi,SE_type,noise6,sharpness,raw,0.007450557395775447,0.007450557395775447,1.2185330048833196,1.2185330048833196,1.0
0grcilhi,SE_type,noise6,sharpness,affine2,0.007450557395775447,0.007443321997844563,1.2185330048833196,1.2166198549435143,0.9990288783044626
0grcilhi,SE_type,noise6,sharpness,hybrid,0.007450557395775447,0.007443321997844563,1.2185330048833196,1.2166198549435143,0.9990288783044626
0grcilhi,SE_type,noise6,sharpness,clean_norm,0.007450557395775447,0.007410761020258037,1.2185330048833196,1.2540251142298569,0.994658604262283
0grcilhi,SE_type,noise6,sharpness,clean_harm,0.007450557395775447,0.006276805734353779,1.2185330048833196,1.103007026069624,0.8424612281911688
0grcilhi,SE_type,noise6,sharp_robust,raw,8.905419005092474e-06,8.905419005092474e-06,0.18552744497366758,0.18552744497366758,1.0
0grcilhi,SE_type,noise6,sharp_robust,affine2,8.905419005092474e-06,8.285200487615461e-06,0.18552744497366758,0.17447711708402064,0.9303549314049854
0grcilhi,SE_type,noise6,sharp_robust,hybrid,8.905419005092474e-06,8.285200487615461e-06,0.18552744497366758,0.17447711708402064,0.9303549314049854
0grcilhi,SE_type,noise6,sharp_robust,clean_norm,8.905419005092474e-06,7.07903508419044e-06,0.18552744497366758,0.14103000151309456,0.7949131961272531
0grcilhi,SE_type,noise6,sharp_robust,clean_harm,8.905419005092474e-06,6.427514493708309e-06,0.18552744497366758,0.12935959966357852,0.7217531808478411
0grcilhi,SE_type,blur1.0,p1,raw,0.0,0.0,0.0,0.0,
0grcilhi,SE_type,blur1.0,p1,affine2,0.0,0.0,0.0,0.0,
0grcilhi,SE_type,blur1.0,p1,hybrid,0.0,0.0,0.0,0.0,
0grcilhi,SE_type,blur1.0,p1,clean_norm,0.0,0.0,0.0,0.0,
0grcilhi,SE_type,blur1.0,p1,clean_harm,0.0,0.0,0.0,0.0,
0grcilhi,SE_type,blur1.0,noise_sigma,raw,-2.450630635966142,-2.450630635966142,-4.4698982408282255,-4.4698982408282255,1.0
0grcilhi,SE_type,blur1.0,noise_sigma,affine2,-2.450630635966142,-2.689102224249724,-4.4698982408282255,-5.173765023198357,1.097310294249858
0grcilhi,SE_type,blur1.0,noise_sigma,hybrid,-2.450630635966142,-2.689102224249724,-4.4698982408282255,-5.173765023198357,1.097310294249858
0grcilhi,SE_type,blur1.0,noise_sigma,clean_norm,-2.450630635966142,-3.7183893071317593,-4.4698982408282255,-5.347753643403684,1.517319359580198
0grcilhi,SE_type,blur1.0,noise_sigma,clean_harm,-2.450630635966142,-0.437735496887127,-4.4698982408282255,-1.163477444188869,0.1786215721222114
0grcilhi,SE_type,blur1.0,sharpness,raw,-0.01432272675146573,-0.01432272675146573,-2.3424710849797807,-2.3424710849797807,1.0
0grcilhi,SE_type,blur1.0,sharpness,affine2,-0.01432272675146573,-0.01436248743312404,-2.3424710849797807,-2.347565694803402,1.0027760553104346
0grcilhi,SE_type,blur1.0,sharpness,hybrid,-0.01432272675146573,-0.01436248743312404,-2.3424710849797807,-2.347565694803402,1.0027760553104346
0grcilhi,SE_type,blur1.0,sharpness,clean_norm,-0.01432272675146573,-0.014471289245642917,-2.3424710849797807,-2.4487849628011324,1.0103725007643523
0grcilhi,SE_type,blur1.0,sharpness,clean_harm,-0.01432272675146573,-0.00582708480225258,-2.3424710849797807,-1.0239787163095686,0.4068418607271314
0grcilhi,SE_type,blur1.0,sharp_robust,raw,-5.6484014926068936e-05,-5.6484014926068936e-05,-1.176736879544418,-1.176736879544418,1.0
0grcilhi,SE_type,blur1.0,sharp_robust,affine2,-5.6484014926068936e-05,-5.777631531088135e-05,-1.176736879544418,-1.2167050086776139,1.0228790461602966
0grcilhi,SE_type,blur1.0,sharp_robust,hybrid,-5.6484014926068936e-05,-5.777631531088135e-05,-1.176736879544418,-1.2167050086776139,1.0228790461602966
0grcilhi,SE_type,blur1.0,sharp_robust,clean_norm,-5.6484014926068936e-05,-4.318687678254822e-05,-1.176736879544418,-0.8603778940989851,0.7645858184669567
0grcilhi,SE_type,blur1.0,sharp_robust,clean_harm,-5.6484014926068936e-05,-4.238420897570541e-05,-1.176736879544418,-0.8530209166422957,0.7503752881444681
0grcilhi,SE_type,requant3,p1,raw,0.0,0.0,0.0,0.0,
0grcilhi,SE_type,requant3,p1,affine2,0.0,0.0,0.0,0.0,
0grcilhi,SE_type,requant3,p1,hybrid,0.0,0.0,0.0,0.0,
0grcilhi,SE_type,requant3,p1,clean_norm,0.0,0.0,0.0,0.0,
0grcilhi,SE_type,requant3,p1,clean_harm,0.0,0.0,0.0,0.0,
0grcilhi,SE_type,requant3,noise_sigma,raw,0.030376118838765898,0.030376118838765898,0.05540539572462307,0.05540539572462307,1.0
0grcilhi,SE_type,requant3,noise_sigma,affine2,0.030376118838765898,0.036039876878030785,0.05540539572462307,0.06933981637085398,1.1864543021222587
0grcilhi,SE_type,requant3,noise_sigma,hybrid,0.030376118838765898,0.036039876878030785,0.05540539572462307,0.06933981637085398,1.1864543021222587
0grcilhi,SE_type,requant3,noise_sigma,clean_norm,0.030376118838765898,-0.15744492181418313,0.05540539572462307,-0.22643585292489948,5.183180993262789
0grcilhi,SE_type,requant3,noise_sigma,clean_harm,0.030376118838765898,-0.07855959639814003,0.05540539572462307,-0.20880718855063685,2.586228899588138
0grcilhi,SE_type,requant3,sharpness,raw,0.00018465417063134176,0.00018465417063134176,0.030200049399153384,0.030200049399153384,1.0
0grcilhi,SE_type,requant3,sharpness,affine2,0.00018465417063134176,0.00020210055675681793,0.030200049399153384,0.0330335769588747,1.0944814084936512
0grcilhi,SE_type,requant3,sharpness,hybrid,0.00018465417063134176,0.00020210055675681793,0.030200049399153384,0.0330335769588747,1.0944814084936512
0grcilhi,SE_type,requant3,sharpness,clean_norm,0.00018465417063134176,-5.669293713195245e-05,0.030200049399153384,-0.009593396247508101,0.30702224021324015
0grcilhi,SE_type,requant3,sharpness,clean_harm,0.00018465417063134176,0.00035391788999265816,0.030200049399153384,0.06219308607514659,1.9166525661597318
0grcilhi,SE_type,requant3,sharp_robust,raw,8.252558937047513e-07,8.252558937047513e-07,0.017192634880060113,0.017192634880060113,1.0
0grcilhi,SE_type,requant3,sharp_robust,affine2,8.252558937047513e-07,8.629617850932107e-07,0.017192634880060113,0.018173016409416768,1.045689938934201
0grcilhi,SE_type,requant3,sharp_robust,hybrid,8.252558937047513e-07,8.629617850932107e-07,0.017192634880060113,0.018173016409416768,1.045689938934201
0grcilhi,SE_type,requant3,sharp_robust,clean_norm,8.252558937047513e-07,-4.321341015384931e-06,0.017192634880060113,-0.08609064974114758,5.236364924321233
0grcilhi,SE_type,requant3,sharp_robust,clean_harm,8.252558937047513e-07,-4.1007451525289186e-06,0.017192634880060113,-0.08253124155111002,4.969058911072772
0grcilhi,SE_type,all_strong,p1,raw,20.0,20.0,2.9458795807006735,2.9458795807006735,1.0
0grcilhi,SE_type,all_strong,p1,affine2,20.0,1.0,2.9458795807006735,2.0108401877995092,0.05
0grcilhi,SE_type,all_strong,p1,hybrid,20.0,1.0,2.9458795807006735,2.0108401877995092,0.05
0grcilhi,SE_type,all_strong,p1,clean_norm,20.0,0.0,2.9458795807006735,0.0,0.0
0grcilhi,SE_type,all_strong,p1,clean_harm,20.0,0.0,2.9458795807006735,0.0,0.0
0grcilhi,SE_type,all_strong,noise_sigma,raw,-0.3232613814555587,-0.3232613814555587,-0.5896218953152217,-0.5896218953152217,1.0
0grcilhi,SE_type,all_strong,noise_sigma,affine2,-0.3232613814555587,0.8077253993924178,-0.5896218953152217,1.5540433465266932,2.4986758262166933
0grcilhi,SE_type,all_strong,noise_sigma,hybrid,-0.3232613814555587,0.8077253993924178,-0.5896218953152217,1.5540433465266932,2.4986758262166933
0grcilhi,SE_type,all_strong,noise_sigma,clean_norm,-0.3232613814555587,1.4259686408296144,-0.5896218953152217,2.0508151149612144,4.41119392118187
0grcilhi,SE_type,all_strong,noise_sigma,clean_harm,-0.3232613814555587,1.1580799338046042,-0.5896218953152217,3.0781142747873416,3.5824877335798138
0grcilhi,SE_type,all_strong,sharpness,raw,0.0012168209589204712,0.0012168209589204712,0.1990101439013265,0.1990101439013265,1.0
0grcilhi,SE_type,all_strong,sharpness,affine2,0.0012168209589204712,0.0009047652595166704,0.1990101439013265,0.14788496038594856,0.7435483855565344
0grcilhi,SE_type,all_strong,sharpness,hybrid,0.0012168209589204712,0.0009047652595166704,0.1990101439013265,0.14788496038594856,0.7435483855565344
0grcilhi,SE_type,all_strong,sharpness,clean_norm,0.0012168209589204712,0.002260918479827602,0.1990101439013265,0.3825853440935114,1.8580535314196298
0grcilhi,SE_type,all_strong,sharpness,clean_harm,0.0012168209589204712,0.0011269631939233443,0.1990101439013265,0.19803836117086546,0.9261536676054247
0grcilhi,SE_type,all_strong,sharp_robust,raw,-6.627823433499956e-05,-6.627823433499956e-05,-1.3807807882489174,-1.3807807882489174,1.0
0grcilhi,SE_type,all_strong,sharp_robust,affine2,-6.627823433499956e-05,-6.503493120872542e-05,-1.3807807882489174,-1.3695633948770973,0.9812411549772142
0grcilhi,SE_type,all_strong,sharp_robust,hybrid,-6.627823433499956e-05,-6.503493120872542e-05,-1.3807807882489174,-1.3695633948770973,0.9812411549772142
0grcilhi,SE_type,all_strong,sharp_robust,clean_norm,-6.627823433499956e-05,-3.297151019371493e-05,-1.3807807882489174,-0.6568652474817337,0.49747116115167334
0grcilhi,SE_type,all_strong,sharp_robust,clean_harm,-6.627823433499956e-05,-3.3623030784197064e-05,-1.3807807882489174,-0.6766942036423969,0.5073012448438408
3806gxp0,BSE,session_strong,p1,raw,22.0,22.0,2.6733506782161376,2.6733506782161376,1.0
3806gxp0,BSE,session_strong,p1,affine2,22.0,0.0,2.6733506782161376,0.0,0.0
3806gxp0,BSE,session_strong,p1,hybrid,22.0,0.0,2.6733506782161376,0.0,0.0
3806gxp0,BSE,session_strong,p1,clean_norm,22.0,0.0,2.6733506782161376,0.0,0.0
3806gxp0,BSE,session_strong,p1,clean_harm,22.0,0.0,2.6733506782161376,0.0,0.0
3806gxp0,BSE,session_strong,noise_sigma,raw,-1.6603477750159792,-1.6603477750159792,-2.2626829706942173,-2.2626829706942173,1.0
3806gxp0,BSE,session_strong,noise_sigma,affine2,-1.6603477750159792,-0.06505868589326713,-2.2626829706942173,-0.10241811367165997,0.039183770335489504
3806gxp0,BSE,session_strong,noise_sigma,hybrid,-1.6603477750159792,-0.06505868589326713,-2.2626829706942173,-0.10241811367165997,0.039183770335489504
3806gxp0,BSE,session_strong,noise_sigma,clean_norm,-1.6603477750159792,0.6306500858090018,-2.2626829706942173,0.5666277355034606,0.3798301146896363
3806gxp0,BSE,session_strong,noise_sigma,clean_harm,-1.6603477750159792,-0.3843498372486156,-2.2626829706942173,-1.267486397244165,0.23148754919427444
3806gxp0,BSE,session_strong,sharpness,raw,-0.0002948666448414003,-0.0002948666448414003,-0.025723283130488085,-0.025723283130488085,1.0
3806gxp0,BSE,session_strong,sharpness,affine2,-0.0002948666448414003,-0.00036726220753279665,-0.025723283130488085,-0.03246731269810021,1.2455196745984467
3806gxp0,BSE,session_strong,sharpness,hybrid,-0.0002948666448414003,-0.00036726220753279665,-0.025723283130488085,-0.03246731269810021,1.2455196745984467
3806gxp0,BSE,session_strong,sharpness,clean_norm,-0.0002948666448414003,0.005906708807910395,-0.025723283130488085,0.5429788556094242,20.031797123365486
3806gxp0,BSE,session_strong,sharpness,clean_harm,-0.0002948666448414003,-0.001996065966214905,-0.025723283130488085,-0.1519478336016553,6.7693854192580085
3806gxp0,BSE,session_strong,sharp_robust,raw,-2.5528118170999926e-06,-2.5528118170999926e-06,-0.044627636296314804,-0.044627636296314804,1.0
3806gxp0,BSE,session_strong,sharp_robust,affine2,-2.5528118170999926e-06,-3.2983809470000136e-06,-0.044627636296314804,-0.057963151899701894,1.292058006354339
3806gxp0,BSE,session_strong,sharp_robust,hybrid,-2.5528118170999926e-06,-3.2983809470000136e-06,-0.044627636296314804,-0.057963151899701894,1.292058006354339
3806gxp0,BSE,session_strong,sharp_robust,clean_norm,-2.5528118170999926e-06,2.5148520053500003e-05,-0.044627636296314804,0.40160823144110763,9.851301958508188
3806gxp0,BSE,session_strong,sharp_robust,clean_harm,-2.5528118170999926e-06,2.10446919078e-05,-0.044627636296314804,0.336520773191139,8.243730214202346
3806gxp0,BSE,session_strong,frac_pore,raw,-0.056269106657608696,-0.056269106657608696,-2.2833881336111053,-2.2833881336111053,1.0
3806gxp0,BSE,session_strong,frac_pore,affine2,-0.056269106657608696,0.0014860733695652995,-2.2833881336111053,0.10402041089813863,0.02641011129975622
3806gxp0,BSE,session_strong,frac_pore,hybrid,-0.056269106657608696,0.0014860733695652995,-2.2833881336111053,0.10402041089813863,0.02641011129975622
3806gxp0,BSE,session_strong,frac_pore,clean_norm,-0.056269106657608696,0.007314243580377203,-2.2833881336111053,0.3661399369311133,0.12998684384459075
3806gxp0,BSE,session_strong,frac_pore,clean_harm,-0.056269106657608696,0.007047604874133001,-2.2833881336111053,0.3487155592528669,0.12524820976840628
3806gxp0,BSE,session_strong,frac_graphite,raw,0.06114605307851828,0.06114605307851828,2.593509593090872,2.593509593090872,1.0
3806gxp0,BSE,session_strong,frac_graphite,affine2,0.06114605307851828,-0.002027708005577833,2.593509593090872,-0.10927309135443353,0.033161715327300556
3806gxp0,BSE,session_strong,frac_graphite,hybrid,0.06114605307851828,-0.002027708005577833,2.593509593090872,-0.10927309135443353,0.033161715327300556
3806gxp0,BSE,session_strong,frac_graphite,clean_norm,0.06114605307851828,-0.008102039757916901,2.593509593090872,-0.24524683668994007,0.13250307010843346
3806gxp0,BSE,session_strong,frac_graphite,clean_harm,0.06114605307851828,-0.005366033498390044,2.593509593090872,-0.17019625500410943,0.08775764302398169
3806gxp0,BSE,session_strong,frac_si,raw,-0.004876946420909599,-0.004876946420909599,-0.25257641821017435,-0.25257641821017435,1.0
3806gxp0,BSE,session_strong,frac_si,affine2,-0.004876946420909599,0.000541634636012589,-0.25257641821017435,0.024458749734351297,0.11106019817859077
3806gxp0,BSE,session_strong,frac_si,hybrid,-0.004876946420909599,0.000541634636012589,-0.25257641821017435,0.024458749734351297,0.11106019817859077
3806gxp0,BSE,session_strong,frac_si,clean_norm,-0.004876946420909599,0.0007877961775397124,-0.25257641821017435,0.02104781848137418,0.16153472061166926
3806gxp0,BSE,session_strong,frac_si,clean_harm,-0.004876946420909599,-0.001681571375742999,-0.25257641821017435,-0.04648713705070187,0.34480005122331636
3806gxp0,BSE,offset6,p1,raw,6.0,6.0,0.729095639513492,0.729095639513492,1.0
3806gxp0,BSE,offset6,p1,affine2,6.0,0.0,0.729095639513492,0.0,0.0
3806gxp0,BSE,offset6,p1,hybrid,6.0,0.0,0.729095639513492,0.0,0.0
3806gxp0,BSE,offset6,p1,clean_norm,6.0,0.0,0.729095639513492,0.0,0.0
3806gxp0,BSE,offset6,p1,clean_harm,6.0,0.0,0.729095639513492,0.0,0.0
3806gxp0,BSE,offset6,noise_sigma,raw,0.0,0.0,0.0,0.0,
3806gxp0,BSE,offset6,noise_sigma,affine2,0.0,0.000836743588215505,0.0,0.0013172368724520612,
3806gxp0,BSE,offset6,noise_sigma,hybrid,0.0,0.000836743588215505,0.0,0.0013172368724520612,
3806gxp0,BSE,offset6,noise_sigma,clean_norm,0.0,0.7873588693234534,0.0,0.7074277530320212,
3806gxp0,BSE,offset6,noise_sigma,clean_harm,0.0,-0.227641053734164,0.0,-0.75070134315094,
3806gxp0,BSE,offset6,sharpness,raw,0.0,0.0,0.0,0.0,
3806gxp0,BSE,offset6,sharpness,affine2,0.0,1.3688361286699757e-05,0.0,0.001210100841046007,
3806gxp0,BSE,offset6,sharpness,hybrid,0.0,1.3688361286699757e-05,0.0,0.001210100841046007,
3806gxp0,BSE,offset6,sharpness,clean_norm,0.0,0.007778404790224895,0.0,0.7150359817648297,
3806gxp0,BSE,offset6,sharpness,clean_harm,0.0,-0.00012436998390040477,0.0,-0.009467497536954968,
3806gxp0,BSE,offset6,sharp_robust,raw,4.885290002393239e-11,4.885290002393239e-11,8.540345354421737e-07,8.540345354421737e-07,
3806gxp0,BSE,offset6,sharp_robust,affine2,4.885290002393239e-11,3.693209450002406e-08,8.540345354421737e-07,0.0006490155739670027,
3806gxp0,BSE,offset6,sharp_robust,hybrid,4.885290002393239e-11,3.693209450002406e-08,8.540345354421737e-07,0.0006490155739670027,
3806gxp0,BSE,offset6,sharp_robust,clean_norm,4.885290002393239e-11,3.559389741359997e-05,8.540345354421737e-07,0.5684152451103239,
3806gxp0,BSE,offset6,sharp_robust,clean_harm,4.885290002393239e-11,3.149006926789997e-05,8.540345354421737e-07,0.5035503729065536,
3806gxp0,BSE,offset6,frac_pore,raw,-0.021057827248998795,-0.021057827248998795,-0.8545220586596008,-0.8545220586596008,1.0
3806gxp0,BSE,offset6,frac_pore,affine2,-0.021057827248998795,0.0,-0.8545220586596008,0.0,0.0
3806gxp0,BSE,offset6,frac_pore,hybrid,-0.021057827248998795,0.0,-0.8545220586596008,0.0,0.0
3806gxp0,BSE,offset6,frac_pore,clean_norm,-0.021057827248998795,0.0054858236148317,-0.8545220586596008,0.27461200741773856,0.26051232873954394
3806gxp0,BSE,offset6,frac_pore,clean_harm,-0.021057827248998795,0.005219184908587499,-0.8545220586596008,0.25824532117602733,0.2478501151554298
3806gxp0,BSE,offset6,frac_graphite,raw,0.013121580913901587,0.013121580913901587,0.5565518011934861,0.5565518011934861,1.0
3806gxp0,BSE,offset6,frac_graphite,affine2,0.013121580913901587,0.0,0.5565518011934861,0.0,0.0
3806gxp0,BSE,offset6,frac_graphite,hybrid,0.013121580913901587,0.0,0.5565518011934861,0.0,0.0
3806gxp0,BSE,offset6,frac_graphite,clean_norm,0.013121580913901587,-0.017064595340530953,0.5565518011934861,-0.5165412848745528,1.3004984271713753
3806gxp0,BSE,offset6,frac_graphite,clean_harm,0.013121580913901587,-0.014328589081004095,0.5565518011934861,-0.4544645876346726,1.0919864896632805
3806gxp0,BSE,offset6,frac_si,raw,0.007936246335097298,0.007936246335097298,0.4110171612216806,0.4110171612216806,1.0
3806gxp0,BSE,offset6,frac_si,affine2,0.007936246335097298,0.0,0.4110171612216806,0.0,0.0
3806gxp0,BSE,offset6,frac_si,hybrid,0.007936246335097298,0.0,0.4110171612216806,0.0,0.0
3806gxp0,BSE,offset6,frac_si,clean_norm,0.007936246335097298,0.011578771725699308,0.4110171612216806,0.3093539832611101,1.4589733277926726
3806gxp0,BSE,offset6,frac_si,clean_harm,0.007936246335097298,0.009109404172416596,0.4110171612216806,0.2518300003924938,1.1478227600031918
3806gxp0,BSE,noise6,p1,raw,2.0,2.0,0.24303187983783067,0.24303187983783067,1.0
3806gxp0,BSE,noise6,p1,affine2,2.0,1.0,0.24303187983783067,0.817963781717405,0.5
3806gxp0,BSE,noise6,p1,hybrid,2.0,1.0,0.24303187983783067,0.817963781717405,0.5
3806gxp0,BSE,noise6,p1,clean_norm,2.0,0.0,0.24303187983783067,0.0,0.0
3806gxp0,BSE,noise6,p1,clean_harm,2.0,0.0,0.24303187983783067,0.0,0.0
3806gxp0,BSE,noise6,noise_sigma,raw,0.7727776295462832,0.7727776295462832,1.0531232123890377,1.0531232123890377,1.0
3806gxp0,BSE,noise6,noise_sigma,affine2,0.7727776295462832,1.0002357041176992,1.0531232123890377,1.5746130226307111,1.2943383269323703
3806gxp0,BSE,noise6,noise_sigma,hybrid,0.7727776295462832,1.0002357041176992,1.0531232123890377,1.5746130226307111,1.2943383269323703
3806gxp0,BSE,noise6,noise_sigma,clean_norm,0.7727776295462832,2.2335643986601106,1.0531232123890377,2.00681735528571,2.890306749655126
3806gxp0,BSE,noise6,noise_sigma,clean_harm,0.7727776295462832,1.2185644756024931,1.0531232123890377,4.018510604941572,1.5768630315009797
3806gxp0,BSE,noise6,sharpness,raw,0.012881515510804104,0.012881515510804104,1.1237448400188275,1.1237448400188275,1.0
3806gxp0,BSE,noise6,sharpness,affine2,0.012881515510804104,0.012295035534465003,1.1237448400188275,1.0869257852949146,0.9544711974420088
3806gxp0,BSE,noise6,sharpness,hybrid,0.012881515510804104,0.012295035534465003,1.1237448400188275,1.0869257852949146,0.9544711974420088
3806gxp0,BSE,noise6,sharpness,clean_norm,0.012881515510804104,0.018969548220636193,1.1237448400188275,1.7437906487746198,1.4726177369988709
3806gxp0,BSE,noise6,sharpness,clean_harm,0.012881515510804104,0.011066773446510893,1.1237448400188275,0.8424432251336774,0.8591204534302557
3806gxp0,BSE,noise6,sharp_robust,raw,6.4832236098e-06,6.4832236098e-06,0.11333814084835953,0.11333814084835953,1.0
3806gxp0,BSE,noise6,sharp_robust,affine2,6.4832236098e-06,4.958944639e-06,0.11333814084835953,0.08714459184406882,0.7648887247239305
3806gxp0,BSE,noise6,sharp_robust,hybrid,6.4832236098e-06,4.958944639e-06,0.11333814084835953,0.08714459184406882,0.7648887247239305
3806gxp0,BSE,noise6,sharp_robust,clean_norm,6.4832236098e-06,2.5280399168499986e-05,0.11333814084835953,0.40371426941179095,3.899356352646281
3806gxp0,BSE,noise6,sharp_robust,clean_harm,6.4832236098e-06,2.1176571022799983e-05,0.11333814084835953,0.338629621443325,3.266364434937831
3806gxp0,BSE,noise6,frac_pore,raw,0.0018237919229119048,0.0018237919229119048,0.07400908033413235,0.07400908033413235,1.0
3806gxp0,BSE,noise6,frac_pore,affine2,0.0018237919229119048,0.00311069794050349,0.07400908033413235,0.2177389653687273,1.7056210752029672
3806gxp0,BSE,noise6,frac_pore,hybrid,0.0018237919229119048,0.00311069794050349,0.07400908033413235,0.2177389653687273,1.7056210752029672
3806gxp0,BSE,noise6,frac_pore,clean_norm,0.0018237919229119048,0.006525038107350001,0.07400908033413235,0.32663350828344073,3.577731661916775
3806gxp0,BSE,noise6,frac_pore,clean_harm,0.0018237919229119048,0.006258399401105799,0.07400908033413235,0.3096656645996908,3.431531482557235
3806gxp0,BSE,noise6,frac_graphite,raw,-0.0022352554705377115,-0.0022352554705377115,-0.09480835170839591,-0.09480835170839591,1.0
3806gxp0,BSE,noise6,frac_graphite,affine2,-0.0022352554705377115,-0.008809454108266612,-0.09480835170839591,-0.4747410775650541,3.941139715071323
3806gxp0,BSE,noise6,frac_graphite,hybrid,-0.0022352554705377115,-0.008809454108266612,-0.09480835170839591,-0.4747410775650541,3.941139715071323
3806gxp0,BSE,noise6,frac_graphite,clean_norm,-0.0022352554705377115,-0.009905092404686622,-0.09480835170839591,-0.29982481596653016,4.431302164447386
3806gxp0,BSE,noise6,frac_graphite,clean_harm,-0.0022352554705377115,-0.007169086145159764,-0.09480835170839591,-0.22738427072326658,3.207278201374975
3806gxp0,BSE,noise6,frac_si,raw,0.0004114635476258968,0.0004114635476258968,0.021309643394445427,0.021309643394445427,1.0
3806gxp0,BSE,noise6,frac_si,affine2,0.0004114635476258968,0.005698756167763094,0.021309643394445427,0.25734035757116674,13.849966055667247
3806gxp0,BSE,noise6,frac_si,hybrid,0.0004114635476258968,0.005698756167763094,0.021309643394445427,0.25734035757116674,13.849966055667247
3806gxp0,BSE,noise6,frac_si,clean_norm,0.0004114635476258968,0.003380054297336607,0.021309643394445427,0.09030606054691524,8.214711404787082
3806gxp0,BSE,noise6,frac_si,clean_harm,0.0004114635476258968,0.0009106867440538957,0.021309643394445427,0.025175987229436026,2.213286570118948
3806gxp0,BSE,blur1.0,p1,raw,0.0,0.0,0.0,0.0,
3806gxp0,BSE,blur1.0,p1,affine2,0.0,0.0,0.0,0.0,
3806gxp0,BSE,blur1.0,p1,hybrid,0.0,0.0,0.0,0.0,
3806gxp0,BSE,blur1.0,p1,clean_norm,0.0,0.0,0.0,0.0,
3806gxp0,BSE,blur1.0,p1,clean_harm,0.0,0.0,0.0,0.0,
3806gxp0,BSE,blur1.0,noise_sigma,raw,-4.170772516290934,-4.170772516290934,-5.683830875227416,-5.683830875227416,1.0
3806gxp0,BSE,blur1.0,noise_sigma,affine2,-4.170772516290934,-4.772948517298534,-5.683830875227416,-7.513775863773655,1.1443799676571944
3806gxp0,BSE,blur1.0,noise_sigma,hybrid,-4.170772516290934,-4.772948517298534,-5.683830875227416,-7.513775863773655,1.1443799676571944
3806gxp0,BSE,blur1.0,noise_sigma,clean_norm,-4.170772516290934,-9.067801496937541,-5.683830875227416,-8.147256210412568,2.1741299630989066
3806gxp0,BSE,blur1.0,noise_sigma,clean_harm,-4.170772516290934,-0.7966313734939696,-5.683830875227416,-2.627084316594645,0.19100331422592512
3806gxp0,BSE,blur1.0,sharpness,raw,-0.0393457135390212,-0.0393457135390212,-3.4324022300986217,-3.4324022300986217,1.0
3806gxp0,BSE,blur1.0,sharpness,affine2,-0.0393457135390212,-0.0394366580248159,-3.4324022300986217,-3.4863437663822254,1.002311420422062
3806gxp0,BSE,blur1.0,sharpness,hybrid,-0.0393457135390212,-0.0394366580248159,-3.4324022300986217,-3.4863437663822254,1.002311420422062
3806gxp0,BSE,blur1.0,sharpness,clean_norm,-0.0393457135390212,-0.0434055580335689,-3.4324022300986217,-3.9900900813990527,1.1031839082171262
3806gxp0,BSE,blur1.0,sharpness,clean_harm,-0.0393457135390212,-0.006210197850586303,-3.4324022300986217,-0.47274294818202933,0.15783670677181455
3806gxp0,BSE,blur1.0,sharp_robust,raw,-2.8722309554400004e-05,-2.8722309554400004e-05,-0.5021164410935988,-0.5021164410935988,1.0
3806gxp0,BSE,blur1.0,sharp_robust,affine2,-2.8722309554400004e-05,-2.8936069453400004e-05,-0.5021164410935988,-0.5084997203349846,1.0074422949378474
3806gxp0,BSE,blur1.0,sharp_robust,hybrid,-2.8722309554400004e-05,-2.8936069453400004e-05,-0.5021164410935988,-0.5084997203349846,1.0074422949378474
3806gxp0,BSE,blur1.0,sharp_robust,clean_norm,-2.8722309554400004e-05,-1.905178024599999e-05,-0.5021164410935988,-0.3042466019520629,0.6633094810818033
3806gxp0,BSE,blur1.0,sharp_robust,clean_harm,-2.8722309554400004e-05,1.3256256325999715e-06,-0.5021164410935988,0.021197771143382362,0.04615316989357137
3806gxp0,BSE,blur1.0,frac_pore,raw,-0.0038783162900456886,-0.0038783162900456886,-0.1573812331687961,-0.1573812331687961,1.0
3806gxp0,BSE,blur1.0,frac_pore,affine2,-0.0038783162900456886,-0.0008449947261155027,-0.1573812331687961,-0.05914694416669745,0.21787669259578318
3806gxp0,BSE,blur1.0,frac_pore,hybrid,-0.0038783162900456886,-0.0008449947261155027,-0.1573812331687961,-0.05914694416669745,0.21787669259578318
3806gxp0,BSE,blur1.0,frac_pore,clean_norm,-0.0038783162900456886,0.003339466587295198,-0.1573812331687961,0.16716863093487072,0.8610609185915203
3806gxp0,BSE,blur1.0,frac_pore,clean_harm,-0.0038783162900456886,0.005075436768857494,-0.1573812331687961,0.25113266179276783,1.308670152015297
3806gxp0,BSE,blur1.0,frac_graphite,raw,0.005590373373140722,0.005590373373140722,0.23711566392653874,0.23711566392653874,1.0
3806gxp0,BSE,blur1.0,frac_graphite,affine2,0.005590373373140722,0.008603023991704761,0.23711566392653874,0.46361656805810403,1.5388997151851245
3806gxp0,BSE,blur1.0,frac_graphite,hybrid,0.005590373373140722,0.008603023991704761,0.23711566392653874,0.46361656805810403,1.5388997151851245
3806gxp0,BSE,blur1.0,frac_graphite,clean_norm,0.005590373373140722,0.010680486781935672,0.23711566392653874,0.32329582127993634,1.910514033508155
3806gxp0,BSE,blur1.0,frac_graphite,clean_harm,0.005590373373140722,-0.0008173913827782542,0.23711566392653874,-0.02592547218783264,0.14621409487700038
3806gxp0,BSE,blur1.0,frac_si,raw,-0.001712057083094902,-0.001712057083094902,-0.08866721273899449,-0.08866721273899449,1.0
3806gxp0,BSE,blur1.0,frac_si,affine2,-0.001712057083094902,-0.0077580292655893,-0.08866721273899449,-0.3503315401609796,4.531408060042622
3806gxp0,BSE,blur1.0,frac_si,hybrid,-0.001712057083094902,-0.0077580292655893,-0.08866721273899449,-0.3503315401609796,4.531408060042622
3806gxp0,BSE,blur1.0,frac_si,clean_norm,-0.001712057083094902,-0.014019953369230898,-0.08866721273899449,-0.3745758637144783,8.18895205520069
3806gxp0,BSE,blur1.0,frac_si,clean_harm,-0.001712057083094902,-0.004258045386079309,-0.08866721273899449,-0.11771390872023872,2.487093116300772
3806gxp0,BSE,requant3,p1,raw,0.0,0.0,0.0,0.0,
3806gxp0,BSE,requant3,p1,affine2,0.0,0.0,0.0,0.0,
3806gxp0,BSE,requant3,p1,hybrid,0.0,0.0,0.0,0.0,
3806gxp0,BSE,requant3,p1,clean_norm,0.0,0.0,0.0,0.0,
3806gxp0,BSE,requant3,p1,clean_harm,0.0,0.0,0.0,0.0,
3806gxp0,BSE,requant3,noise_sigma,raw,0.03585362039567208,0.03585362039567208,0.04886047220212123,0.04886047220212123,1.0
3806gxp0,BSE,requant3,noise_sigma,affine2,0.03585362039567208,0.047534336257994525,0.04886047220212123,0.07483054702588168,1.3257890202834979
3806gxp0,BSE,requant3,noise_sigma,hybrid,0.03585362039567208,0.047534336257994525,0.04886047220212123,0.07483054702588168,1.3257890202834979
3806gxp0,BSE,requant3,noise_sigma,clean_norm,0.03585362039567208,0.17515270873744448,0.04886047220212123,0.15737155191516622,4.88521680110685
3806gxp0,BSE,requant3,noise_sigma,clean_harm,0.03585362039567208,-0.10637500645964693,0.04886047220212123,-0.35079727016288287,2.9669251050721654
3806gxp0,BSE,requant3,sharpness,raw,0.0005427547413407036,0.0005427547413407036,0.04734829837885248,0.04734829837885248,1.0
3806gxp0,BSE,requant3,sharpness,affine2,0.0005427547413407036,0.0006379173773973998,0.04734829837885248,0.056394212480095275,1.1753326665035244
3806gxp0,BSE,requant3,sharpness,hybrid,0.0005427547413407036,0.0006379173773973998,0.04734829837885248,0.056394212480095275,1.1753326665035244
3806gxp0,BSE,requant3,sharpness,clean_norm,0.0005427547413407036,0.0012464669538157988,0.04734829837885248,0.11458245566997902,2.2965565454790817
3806gxp0,BSE,requant3,sharpness,clean_harm,0.0005427547413407036,-0.0008861713343426003,0.04734829837885248,-0.06745859943125201,1.632728867837423
3806gxp0,BSE,requant3,sharp_robust,raw,2.4877540009997845e-07,2.4877540009997845e-07,0.0043490311353009395,0.0043490311353009395,1.0
3806gxp0,BSE,requant3,sharp_robust,affine2,2.4877540009997845e-07,4.814442805000144e-07,0.0043490311353009395,0.008460523029411287,1.935256783052225
3806gxp0,BSE,requant3,sharp_robust,hybrid,2.4877540009997845e-07,4.814442805000144e-07,0.0043490311353009395,0.008460523029411287,1.935256783052225
3806gxp0,BSE,requant3,sharp_robust,clean_norm,2.4877540009997845e-07,2.672517359199973e-06,0.0043490311353009395,0.04267865336968746,10.742691432215304
3806gxp0,BSE,requant3,sharp_robust,clean_harm,2.4877540009997845e-07,1.6536807976999589e-06,0.0043490311353009395,0.026443624981132147,6.647284245288617
3806gxp0,BSE,requant3,frac_pore,raw,-0.0007916413401028999,-0.0007916413401028999,-0.03212463373669943,-0.03212463373669943,1.0
3806gxp0,BSE,requant3,frac_pore,affine2,-0.0007916413401028999,-7.123096038330612e-05,-0.03212463373669943,-0.0049859407479375855,0.08997882851096092
3806gxp0,BSE,requant3,frac_pore,hybrid,-0.0007916413401028999,-7.123096038330612e-05,-0.03212463373669943,-0.0049859407479375855,0.08997882851096092
3806gxp0,BSE,requant3,frac_pore,clean_norm,-0.0007916413401028999,-0.00010005997961590185,-0.03212463373669943,-0.0050088507749704225,0.12639559677731807
3806gxp0,BSE,requant3,frac_pore,clean_harm,-0.0007916413401028999,-0.0002085757321571985,-0.03212463373669943,-0.010320329301197006,0.2634725115922915
3806gxp0,BSE,requant3,frac_graphite,raw,0.0005528081199942525,0.0005528081199942525,0.023447354165322457,0.023447354165322457,1.0
3806gxp0,BSE,requant3,frac_graphite,affine2,0.0005528081199942525,-4.469393592665405e-06,0.023447354165322457,-0.00024085541557600769,0.00808489135925115
3806gxp0,BSE,requant3,frac_graphite,hybrid,0.0005528081199942525,-4.469393592665405e-06,0.023447354165322457,-0.00024085541557600769,0.00808489135925115
3806gxp0,BSE,requant3,frac_graphite,clean_norm,0.0005528081199942525,-0.0003864288226859136,0.023447354165322457,-0.011697109518246094,0.6990288469169579
3806gxp0,BSE,requant3,frac_graphite,clean_harm,0.0005528081199942525,0.00026128338339148627,0.023447354165322457,0.008287211282109203,0.4726475135607683
3806gxp0,BSE,requant3,frac_si,raw,0.00023883322010869595,0.00023883322010869595,0.012369141277833775,0.012369141277833775,1.0
3806gxp0,BSE,requant3,frac_si,affine2,0.00023883322010869595,7.570035397588826e-05,0.012369141277833775,0.0034184224744722965,0.3169590643271321
3806gxp0,BSE,requant3,frac_si,hybrid,0.00023883322010869595,7.570035397588826e-05,0.012369141277833775,0.0034184224744722965,0.3169590643271321
3806gxp0,BSE,requant3,frac_si,clean_norm,0.00023883322010869595,0.0004864888023018016,0.012369141277833775,0.012997686833220614,2.036939426099914
3806gxp0,BSE,requant3,frac_si,clean_harm,0.00023883322010869595,-5.270765123441268e-05,0.012369141277833775,-0.001457106038970311,0.22068810699962416
3806gxp0,BSE,all_strong,p1,raw,22.0,22.0,2.6733506782161376,2.6733506782161376,1.0
3806gxp0,BSE,all_strong,p1,affine2,22.0,3.0,2.6733506782161376,2.4538913451522153,0.13636363636363635
3806gxp0,BSE,all_strong,p1,hybrid,22.0,3.0,2.6733506782161376,2.4538913451522153,0.13636363636363635
3806gxp0,BSE,all_strong,p1,clean_norm,22.0,0.0,2.6733506782161376,0.0,0.0
3806gxp0,BSE,all_strong,p1,clean_harm,22.0,0.0,2.6733506782161376,0.0,0.0
3806gxp0,BSE,all_strong,noise_sigma,raw,-2.2431319625802706,-2.2431319625802706,-3.0568875804958573,-3.0568875804958573,1.0
3806gxp0,BSE,all_strong,noise_sigma,affine2,-2.2431319625802706,-1.300574706795472,-3.0568875804958573,-2.0474192850681217,0.579803029198257
3806gxp0,BSE,all_strong,noise_sigma,hybrid,-2.2431319625802706,-1.300574706795472,-3.0568875804958573,-2.0474192850681217,0.579803029198257
3806gxp0,BSE,all_strong,noise_sigma,clean_norm,-2.2431319625802706,-1.5177939038688226,-3.0568875804958573,-1.363710466489359,0.6766404871351871
3806gxp0,BSE,all_strong,noise_sigma,clean_harm,-2.2431319625802706,-0.556079759294672,-3.0568875804958573,-1.8338072827981797,0.24790327478326976
3806gxp0,BSE,all_strong,sharpness,raw,-0.012032017084906296,-0.012032017084906296,-1.0496371411299732,-1.0496371411299732,1.0
3806gxp0,BSE,all_strong,sharpness,affine2,-0.012032017084906296,-0.0118806782985219,-1.0496371411299732,-1.0502951010803296,0.9874219937258696
3806gxp0,BSE,all_strong,sharpness,hybrid,-0.012032017084906296,-0.0118806782985219,-1.0496371411299732,-1.0502951010803296,0.9874219937258696
3806gxp0,BSE,all_strong,sharpness,clean_norm,-0.012032017084906296,-0.011502798653162304,-1.0496371411299732,-1.057403818626578,0.9560158177960139
3806gxp0,BSE,all_strong,sharpness,clean_harm,-0.012032017084906296,-0.0047936453227124046,-1.0496371411299732,-0.36490979465076295,0.39840745644600595
3806gxp0,BSE,all_strong,sharp_robust,raw,-1.5513427469199996e-05,-1.5513427469199996e-05,-0.2712019719460578,-0.2712019719460578,1.0
3806gxp0,BSE,all_strong,sharp_robust,affine2,-1.5513427469199996e-05,-1.4503623810400003e-05,-0.2712019719460578,-0.25487527472621707,0.9349077654950955
3806gxp0,BSE,all_strong,sharp_robust,hybrid,-1.5513427469199996e-05,-1.4503623810400003e-05,-0.2712019719460578,-0.25487527472621707,0.9349077654950955
3806gxp0,BSE,all_strong,sharp_robust,clean_norm,-1.5513427469199996e-05,-1.0120490109700021e-05,-0.2712019719460578,-0.16161874041204985,0.6523697055207827
3806gxp0,BSE,all_strong,sharp_robust,clean_harm,-1.5513427469199996e-05,-6.307083476099994e-06,-0.2712019719460578,-0.10085510480538594,0.4065564162801504
3806gxp0,BSE,all_strong,frac_pore,raw,-0.06028457746352969,-0.06028457746352969,-2.4463350672614554,-2.4463350672614554,1.0
3806gxp0,BSE,all_strong,frac_pore,affine2,-0.06028457746352969,-0.007395729047482813,-2.4463350672614554,-0.5176775185975483,0.12268028339349314
3806gxp0,BSE,all_strong,frac_pore,hybrid,-0.06028457746352969,-0.007395729047482813,-2.4463350672614554,-0.5176775185975483,0.12268028339349314
3806gxp0,BSE,all_strong,frac_pore,clean_norm,-0.06028457746352969,0.006844948183023503,-2.4463350672614554,0.3426477213245496,0.11354393563037718
3806gxp0,BSE,all_strong,frac_pore,clean_harm,-0.06028457746352969,0.0070538057742781934,-2.4463350672614554,0.34902237985371226,0.1170084633759858
3806gxp0,BSE,all_strong,frac_graphite,raw,0.06522884412542906,0.06522884412542906,2.766681158770696,2.766681158770696,1.0
3806gxp0,BSE,all_strong,frac_graphite,affine2,0.06522884412542906,0.014662404354977121,2.766681158770696,0.7901562977261515,0.22478405913161156
3806gxp0,BSE,all_strong,frac_graphite,hybrid,0.06522884412542906,0.014662404354977121,2.766681158770696,0.7901562977261515,0.22478405913161156
3806gxp0,BSE,all_strong,frac_graphite,clean_norm,0.06522884412542906,0.007149919726529008,2.766681158770696,0.21642638741741724,0.10961285336867799
3806gxp0,BSE,all_strong,frac_graphite,clean_harm,0.06522884412542906,0.004284258282147735,2.766681158770696,0.13588523353621496,0.065680426191663
3806gxp0,BSE,all_strong,frac_si,raw,-0.004944266661899302,-0.004944266661899302,-0.25606292469901404,-0.25606292469901404,1.0
3806gxp0,BSE,all_strong,frac_si,affine2,-0.004944266661899302,-0.007266675307494308,-0.25606292469901404,-0.3281433293395634,1.469717514124303
3806gxp0,BSE,all_strong,frac_si,hybrid,-0.004944266661899302,-0.007266675307494308,-0.25606292469901404,-0.3281433293395634,1.469717514124303
3806gxp0,BSE,all_strong,frac_si,clean_norm,-0.004944266661899302,-0.013994867909552497,-0.25606292469901404,-0.3739056469542476,2.8305244976767647
3806gxp0,BSE,all_strong,frac_si,clean_harm,-0.004944266661899302,-0.011338064056426012,-0.25606292469901404,-0.3134414306070274,2.293174060330836
3806gxp0,Inlens,session_strong,p1,raw,20.0,20.0,2.3171545074202555,2.3171545074202555,1.0
3806gxp0,Inlens,session_strong,p1,affine2,20.0,1.0,2.3171545074202555,0.1220031275181081,0.05
3806gxp0,Inlens,session_strong,p1,hybrid,20.0,0.0,2.3171545074202555,0.0,0.0
3806gxp0,Inlens,session_strong,p1,clean_norm,20.0,0.0,2.3171545074202555,0.0,0.0
3806gxp0,Inlens,session_strong,p1,clean_harm,20.0,0.0,2.3171545074202555,0.0,0.0
3806gxp0,Inlens,session_strong,noise_sigma,raw,-1.4742869811008554,-1.4742869811008554,-1.5440227614210622,-1.5440227614210622,1.0
3806gxp0,Inlens,session_strong,noise_sigma,affine2,-1.4742869811008554,0.007606972609857543,-1.5440227614210622,0.007078157207573041,0.005159763809470385
3806gxp0,Inlens,session_strong,noise_sigma,hybrid,-1.4742869811008554,0.034308827003783016,-1.5440227614210622,0.016744306509680586,0.023271471188170224
3806gxp0,Inlens,session_strong,noise_sigma,clean_norm,-1.4742869811008554,-0.01965856056035742,-1.5440227614210622,-0.023966322802400148,0.013334283495929878
3806gxp0,Inlens,session_strong,noise_sigma,clean_harm,-1.4742869811008554,-0.01965856056035742,-1.5440227614210622,-0.03127649470049912,0.013334283495929878
3806gxp0,Inlens,session_strong,sharpness,raw,0.00012405256848050175,0.00012405256848050175,0.018401255186579594,0.018401255186579594,1.0
3806gxp0,Inlens,session_strong,sharpness,affine2,0.00012405256848050175,8.54488286760012e-05,0.018401255186579594,0.007277100644052985,0.6888114427830797
3806gxp0,Inlens,session_strong,sharpness,hybrid,0.00012405256848050175,0.00016276787341210075,0.018401255186579594,0.009300333555453708,1.3120878947192791
3806gxp0,Inlens,session_strong,sharpness,clean_norm,0.00012405256848050175,2.3071877710801117e-05,0.018401255186579594,0.0025363760037885263,0.18598468369824597
3806gxp0,Inlens,session_strong,sharpness,clean_harm,0.00012405256848050175,2.3071877710801117e-05,0.018401255186579594,0.0023603452015645747,0.18598468369824597
3806gxp0,Inlens,session_strong,sharp_robust,raw,2.4414659355999433e-06,2.4414659355999433e-06,0.018406735160695086,0.018406735160695086,1.0
3806gxp0,Inlens,session_strong,sharp_robust,affine2,2.4414659355999433e-06,6.270766412000113e-07,0.018406735160695086,0.0028341199661812443,0.2568443131056503
3806gxp0,Inlens,session_strong,sharp_robust,hybrid,2.4414659355999433e-06,3.427348996000142e-07,0.018406735160695086,0.004088619822756176,0.14038078295603731
3806gxp0,Inlens,session_strong,sharp_robust,clean_norm,2.4414659355999433e-06,1.4916663392000205e-06,0.018406735160695086,0.009040633648716854,0.6109715959782467
3806gxp0,Inlens,session_strong,sharp_robust,clean_harm,2.4414659355999433e-06,1.4916663392000205e-06,0.018406735160695086,0.009172671469510285,0.6109715959782467
3806gxp0,Inlens,offset6,p1,raw,6.0,6.0,0.6951463522260767,0.6951463522260767,1.0
3806gxp0,Inlens,offset6,p1,affine2,6.0,0.0,0.6951463522260767,0.0,0.0
3806gxp0,Inlens,offset6,p1,hybrid,6.0,0.0,0.6951463522260767,0.0,0.0
3806gxp0,Inlens,offset6,p1,clean_norm,6.0,0.0,0.6951463522260767,0.0,0.0
3806gxp0,Inlens,offset6,p1,clean_harm,6.0,0.0,0.6951463522260767,0.0,0.0
3806gxp0,Inlens,offset6,noise_sigma,raw,-0.020723443130257202,-0.020723443130257202,-0.021703690189436145,-0.021703690189436145,1.0
3806gxp0,Inlens,offset6,noise_sigma,affine2,-0.020723443130257202,-0.02027324887306392,-0.021703690189436145,-0.01886390946719693,0.9782760878892767
3806gxp0,Inlens,offset6,noise_sigma,hybrid,-0.020723443130257202,-0.0009312750226779798,-0.021703690189436145,-0.00045450561229652155,0.044938238150120643
3806gxp0,Inlens,offset6,noise_sigma,clean_norm,-0.020723443130257202,-0.03264165752223258,-0.021703690189436145,-0.03979439382559736,1.5751078291895533
3806gxp0,Inlens,offset6,noise_sigma,clean_harm,-0.020723443130257202,0.1340605493448641,-0.021703690189436145,0.21328845762929094,6.469028746923304
3806gxp0,Inlens,offset6,sharpness,raw,0.0003384770045351017,0.0003384770045351017,0.05020776120583451,0.05020776120583451,1.0
3806gxp0,Inlens,offset6,sharpness,affine2,0.0003384770045351017,-0.00020418950418690102,0.05020776120583451,-0.017389443430073405,0.6032596053825146
3806gxp0,Inlens,offset6,sharpness,hybrid,0.0003384770045351017,-2.5563079186011195e-06,0.05020776120583451,-0.00014606393642094812,0.007552382833546431
3806gxp0,Inlens,offset6,sharpness,clean_norm,0.0003384770045351017,-8.789003270669865e-05,0.05020776120583451,-0.009662073140457833,0.2596632312656384
3806gxp0,Inlens,offset6,sharpness,clean_harm,0.0003384770045351017,0.0004069332368627013,0.05020776120583451,0.04163089476399042,1.2022478083012589
3806gxp0,Inlens,offset6,sharp_robust,raw,1.0158599585199978e-05,1.0158599585199978e-05,0.07658786036774032,0.07658786036774032,1.0
3806gxp0,Inlens,offset6,sharp_robust,affine2,1.0158599585199978e-05,-2.998034789899952e-06,0.07658786036774032,-0.013549843351047936,0.2951228429426214
3806gxp0,Inlens,offset6,sharp_robust,hybrid,1.0158599585199978e-05,4.660254069000728e-07,0.07658786036774032,0.0055594009211881595,0.04587496563788411
3806gxp0,Inlens,offset6,sharp_robust,clean_norm,1.0158599585199978e-05,-3.4418447620999763e-06,0.07658786036774032,-0.020860199598382458,0.33881094861878264
3806gxp0,Inlens,offset6,sharp_robust,clean_harm,1.0158599585199978e-05,-3.1388753975000088e-06,0.07658786036774032,-0.019301818408289043,0.30898701845410104
3806gxp0,Inlens,noise6,p1,raw,1.0,1.0,0.11585772537101278,0.11585772537101278,1.0
3806gxp0,Inlens,noise6,p1,affine2,1.0,-2.0,0.11585772537101278,-0.2440062550362162,2.0
3806gxp0,Inlens,noise6,p1,hybrid,1.0,0.0,0.11585772537101278,0.0,0.0
3806gxp0,Inlens,noise6,p1,clean_norm,1.0,0.0,0.11585772537101278,0.0,0.0
3806gxp0,Inlens,noise6,p1,clean_harm,1.0,0.0,0.11585772537101278,0.0,0.0
3806gxp0,Inlens,noise6,noise_sigma,raw,0.9236830253440438,0.9236830253440438,0.9673744893307896,0.9673744893307896,1.0
3806gxp0,Inlens,noise6,noise_sigma,affine2,0.9236830253440438,1.1239104310614199,0.9673744893307896,1.0457793298710052,1.2167706888873457
3806gxp0,Inlens,noise6,noise_sigma,hybrid,0.9236830253440438,1.042505762621876,0.9673744893307896,0.508791397197119,1.12864016553035
3806gxp0,Inlens,noise6,noise_sigma,clean_norm,0.9236830253440438,0.4365704991734902,0.9673744893307896,0.5322357899538196,0.47264103290290627
3806gxp0,Inlens,noise6,noise_sigma,clean_harm,0.9236830253440438,0.4365704991734902,0.9673744893307896,0.6945775537263278,0.47264103290290627
3806gxp0,Inlens,noise6,sharpness,raw,0.0033991331628991997,0.0033991331628991997,0.5042081555409695,0.5042081555409695,1.0
3806gxp0,Inlens,noise6,sharpness,affine2,0.0033991331628991997,0.0038918216281333996,0.5042081555409695,0.3314402094850841,1.1449453262413452
3806gxp0,Inlens,noise6,sharpness,hybrid,0.0033991331628991997,0.0044283530137182,0.5042081555409695,0.2530300314522391,1.302788917495999
3806gxp0,Inlens,noise6,sharpness,clean_norm,0.0033991331628991997,0.0017500069459834011,0.5042081555409695,0.1923846719323401,0.5148391846145797
3806gxp0,Inlens,noise6,sharpness,clean_harm,0.0033991331628991997,0.0017500069459834011,0.5042081555409695,0.17903269727035886,0.5148391846145797
3806gxp0,Inlens,noise6,sharp_robust,raw,1.1400935965099972e-05,1.1400935965099972e-05,0.08595410070387537,0.08595410070387537,1.0
3806gxp0,Inlens,noise6,sharp_robust,affine2,1.1400935965099972e-05,1.9497952225799994e-05,0.08595410070387537,0.08812245915752794,1.7102062747730749
3806gxp0,Inlens,noise6,sharp_robust,hybrid,1.1400935965099972e-05,7.225840551000574e-07,0.08595410070387537,0.008619990245339791,0.0633793626516278
3806gxp0,Inlens,noise6,sharp_robust,clean_norm,1.1400935965099972e-05,7.272377560600034e-06,0.08595410070387537,0.04407614461273831,0.637875485211206
3806gxp0,Inlens,noise6,sharp_robust,clean_harm,1.1400935965099972e-05,7.272377560600034e-06,0.08595410070387537,0.044719873615568555,0.637875485211206
3806gxp0,Inlens,blur1.0,p1,raw,2.0,2.0,0.23171545074202557,0.23171545074202557,1.0
3806gxp0,Inlens,blur1.0,p1,affine2,2.0,0.0,0.23171545074202557,0.0,0.0
3806gxp0,Inlens,blur1.0,p1,hybrid,2.0,0.0,0.23171545074202557,0.0,0.0
3806gxp0,Inlens,blur1.0,p1,clean_norm,2.0,1.0,0.23171545074202557,0.16453292505000588,0.5
3806gxp0,Inlens,blur1.0,p1,clean_harm,2.0,1.0,0.23171545074202557,0.16414159984895177,0.5
3806gxp0,Inlens,blur1.0,noise_sigma,raw,-3.3638891619317417,-3.3638891619317417,-3.523005696653382,-3.523005696653382,1.0
3806gxp0,Inlens,blur1.0,noise_sigma,affine2,-3.3638891619317417,-3.412993562361135,-3.523005696653382,-3.1757318215556536,1.0145975084390697
3806gxp0,Inlens,blur1.0,noise_sigma,hybrid,-3.3638891619317417,-3.7712829082402375,-3.523005696653382,-1.8405618164483228,1.121107957693394
3806gxp0,Inlens,blur1.0,noise_sigma,clean_norm,-3.3638891619317417,-1.6468379694922834,-3.523005696653382,-2.0077080546625576,0.4895636836460369
3806gxp0,Inlens,blur1.0,noise_sigma,clean_harm,-3.3638891619317417,0.2559043147176183,-3.523005696653382,0.4071401829511636,0.07607394369993543
3806gxp0,Inlens,blur1.0,sharpness,raw,-0.0118511988791112,-0.0118511988791112,-1.757939698569869,-1.757939698569869,1.0
3806gxp0,Inlens,blur1.0,sharpness,affine2,-0.0118511988791112,-0.0123849048381209,-1.757939698569869,-1.0547388462837641,1.045033921416204
3806gxp0,Inlens,blur1.0,sharpness,hybrid,-0.0118511988791112,-0.0156891690229982,-1.757939698569869,-0.8964576489387691,1.3238465730797722
3806gxp0,Inlens,blur1.0,sharpness,clean_norm,-0.0118511988791112,-0.005766279559448099,-1.757939698569869,-0.6339082275420312,0.4865566444599696
3806gxp0,Inlens,blur1.0,sharpness,clean_harm,-0.0118511988791112,-0.0014469488262982,-1.757939698569869,-0.14802864170277633,0.12209303388272193
3806gxp0,Inlens,blur1.0,sharp_robust,raw,-4.1437632303499995e-05,-4.1437632303499995e-05,-0.3124071945363273,-0.3124071945363273,1.0
3806gxp0,Inlens,blur1.0,sharp_robust,affine2,-4.1437632303499995e-05,-5.965626580279996e-05,-0.3124071945363273,-0.2696209727984486,1.4396639597036327
3806gxp0,Inlens,blur1.0,sharp_robust,hybrid,-4.1437632303499995e-05,-5.504711425989995e-05,-0.3124071945363273,-0.6566787415323425,1.328432905063701
3806gxp0,Inlens,blur1.0,sharp_robust,clean_norm,-4.1437632303499995e-05,-2.42511989782e-05,-0.3124071945363273,-0.1469807286940753,0.5852457688841368
3806gxp0,Inlens,blur1.0,sharp_robust,clean_harm,-4.1437632303499995e-05,-2.500826854909998e-05,-0.3124071945363273,-0.15378280342854947,0.6035158661077187
3806gxp0,Inlens,requant3,p1,raw,0.0,0.0,0.0,0.0,
3806gxp0,Inlens,requant3,p1,affine2,0.0,-1.0,0.0,-0.1220031275181081,
3806gxp0,Inlens,requant3,p1,hybrid,0.0,-1.0,0.0,-0.5056035643328478,
3806gxp0,Inlens,requant3,p1,clean_norm,0.0,0.0,0.0,0.0,
3806gxp0,Inlens,requant3,p1,clean_harm,0.0,0.0,0.0,0.0,
3806gxp0,Inlens,requant3,noise_sigma,raw,0.016141476423206846,0.016141476423206846,0.01690499022229909,0.01690499022229909,1.0
3806gxp0,Inlens,requant3,noise_sigma,affine2,0.016141476423206846,0.08390319976922811,0.01690499022229909,0.07807048462556833,5.1979879392320765
3806gxp0,Inlens,requant3,noise_sigma,hybrid,0.016141476423206846,0.030456905038128035,0.01690499022229909,0.014864389075103573,1.886872318218653
3806gxp0,Inlens,requant3,noise_sigma,clean_norm,0.016141476423206846,0.01452063670408954,0.01690499022229909,0.017702530430857878,0.8995854111097916
3806gxp0,Inlens,requant3,noise_sigma,clean_harm,0.016141476423206846,0.01452063670408954,0.01690499022229909,0.02310212975812469,0.8995854111097916
3806gxp0,Inlens,requant3,sharpness,raw,2.9283260600698746e-05,2.9283260600698746e-05,0.00434371297272466,0.00434371297272466,1.0
3806gxp0,Inlens,requant3,sharpness,affine2,2.9283260600698746e-05,0.00027419287581760196,0.00434371297272466,0.023351158630538504,9.363468076743452
3806gxp0,Inlens,requant3,sharpness,hybrid,2.9283260600698746e-05,-5.065047082570065e-05,0.00434371297272466,-0.0028940985929522627,1.7296731916695112
3806gxp0,Inlens,requant3,sharpness,clean_norm,2.9283260600698746e-05,2.8694994350399877e-05,0.00434371297272466,0.0031545458073024097,0.9799111766165537
3806gxp0,Inlens,requant3,sharpness,clean_harm,2.9283260600698746e-05,2.8694994350399877e-05,0.00434371297272466,0.002935612483425267,0.9799111766165537
3806gxp0,Inlens,requant3,sharp_robust,raw,-6.54770077899991e-07,-6.54770077899991e-07,-0.004936452005868857,-0.004936452005868857,1.0
3806gxp0,Inlens,requant3,sharp_robust,affine2,-6.54770077899991e-07,4.164841781699978e-06,-0.004936452005868857,0.018823315164337145,6.360769867581078
3806gxp0,Inlens,requant3,sharp_robust,hybrid,-6.54770077899991e-07,-4.722282863999991e-06,-0.004936452005868857,-0.05633397517715575,7.2121238025193755
3806gxp0,Inlens,requant3,sharp_robust,clean_norm,-6.54770077899991e-07,-4.5402978270000756e-07,-0.004936452005868857,-0.002751766144430561,0.6934186488121036
3806gxp0,Inlens,requant3,sharp_robust,clean_harm,-6.54770077899991e-07,-4.5402978270000756e-07,-0.004936452005868857,-0.0027919554961023125,0.6934186488121036
3806gxp0,Inlens,all_strong,p1,raw,21.0,21.0,2.433012232791268,2.433012232791268,1.0
3806gxp0,Inlens,all_strong,p1,affine2,21.0,0.0,2.433012232791268,0.0,0.0
3806gxp0,Inlens,all_strong,p1,hybrid,21.0,0.0,2.433012232791268,0.0,0.0
3806gxp0,Inlens,all_strong,p1,clean_norm,21.0,5.0,2.433012232791268,0.8226646252500294,0.23809523809523808
3806gxp0,Inlens,all_strong,p1,clean_harm,21.0,5.0,2.433012232791268,0.8207079992447588,0.23809523809523808
3806gxp0,Inlens,all_strong,noise_sigma,raw,-1.5486895377178826,-1.5486895377178826,-1.62194466020825,-1.62194466020825,1.0
3806gxp0,Inlens,all_strong,noise_sigma,affine2,-1.5486895377178826,-0.004537040876812171,-1.62194466020825,-0.004221638519066914,0.0029296000045934715
3806gxp0,Inlens,all_strong,noise_sigma,hybrid,-1.5486895377178826,-0.06689830504610317,-1.62194466020825,-0.032649490597464886,0.04319671788103066
3806gxp0,Inlens,all_strong,noise_sigma,clean_norm,-1.5486895377178826,-0.3825523360616301,-1.62194466020825,-0.4663806765869635,0.24701680145999527
3806gxp0,Inlens,all_strong,noise_sigma,clean_harm,-1.5486895377178826,0.38138215857710556,-1.62194466020825,0.6067736762810515,0.24626120942167823
3806gxp0,Inlens,all_strong,sharpness,raw,-0.004693562246402,-0.004693562246402,-0.696216432179024,-0.696216432179024,1.0
3806gxp0,Inlens,all_strong,sharpness,affine2,-0.004693562246402,-0.005302555762503899,-0.696216432179024,-0.4515829245682971,1.129750812736902
3806gxp0,Inlens,all_strong,sharpness,hybrid,-0.004693562246402,-0.005433411127525,-0.696216432179024,-0.3104576767551449,1.157630567633391
3806gxp0,Inlens,all_strong,sharpness,clean_norm,-0.004693562246402,-0.0011057456744075992,-0.696216432179024,-0.12155867112399898,0.23558772982189466
3806gxp0,Inlens,all_strong,sharpness,clean_harm,-0.004693562246402,0.002780969331217001,-0.696216432179024,0.2845042652754409,0.5925071800952129
3806gxp0,Inlens,all_strong,sharp_robust,raw,-3.436641406060002e-05,-3.436641406060002e-05,-0.25909576407045365,-0.25909576407045365,1.0
3806gxp0,Inlens,all_strong,sharp_robust,affine2,-3.436641406060002e-05,-5.199571272749995e-05,-0.25909576407045365,-0.23499852795478232,1.5129804534105102
3806gxp0,Inlens,all_strong,sharp_robust,hybrid,-3.436641406060002e-05,-5.336546987260002e-05,-0.25909576407045365,-0.6366177422446561,1.5528378892979062
3806gxp0,Inlens,all_strong,sharp_robust,clean_norm,-3.436641406060002e-05,1.934677367899999e-05,-0.25909576407045365,0.11725617755126083,0.5629558453461235
3806gxp0,Inlens,all_strong,sharp_robust,clean_harm,-3.436641406060002e-05,1.6959994465300023e-05,-0.25909576407045365,0.10429172614992513,0.4935049212697495
3806gxp0,SE_type,session_strong,p1,raw,22.0,22.0,3.2404675387707407,3.2404675387707407,1.0
3806gxp0,SE_type,session_strong,p1,affine2,22.0,0.0,3.2404675387707407,0.0,0.0
3806gxp0,SE_type,session_strong,p1,hybrid,22.0,0.0,3.2404675387707407,0.0,0.0
3806gxp0,SE_type,session_strong,p1,clean_norm,22.0,-1.0,3.2404675387707407,-0.2556639803457239,0.045454545454545456
3806gxp0,SE_type,session_strong,p1,clean_harm,22.0,-1.0,3.2404675387707407,-0.2556639803457239,0.045454545454545456
3806gxp0,SE_type,session_strong,noise_sigma,raw,-1.207466157612389,-1.207466157612389,-2.202392630925146,-2.202392630925146,1.0
3806gxp0,SE_type,session_strong,noise_sigma,affine2,-1.207466157612389,-0.007644878779122788,-2.202392630925146,-0.014708554430299621,0.0063313399973375355
3806gxp0,SE_type,session_strong,noise_sigma,hybrid,-1.207466157612389,-0.007644878779122788,-2.202392630925146,-0.014708554430299621,0.0063313399973375355
3806gxp0,SE_type,session_strong,noise_sigma,clean_norm,-1.207466157612389,0.4049511382779105,-2.202392630925146,0.5823970397539197,0.33537266094368223
3806gxp0,SE_type,session_strong,noise_sigma,clean_harm,-1.207466157612389,0.17551492324375229,-2.202392630925146,0.46650924077400724,0.14535804762496263
3806gxp0,SE_type,session_strong,sharpness,raw,0.00023034225277580173,0.00023034225277580173,0.03767230054299554,0.03767230054299554,1.0
3806gxp0,SE_type,session_strong,sharpness,affine2,0.00023034225277580173,4.63073603665029e-05,0.03767230054299554,0.0075689932624473715,0.20103719490655106
3806gxp0,SE_type,session_strong,sharpness,hybrid,0.00023034225277580173,4.63073603665029e-05,0.03767230054299554,0.0075689932624473715,0.20103719490655106
3806gxp0,SE_type,session_strong,sharpness,clean_norm,0.00023034225277580173,0.0017281493949432986,0.03767230054299554,0.29243187527919634,7.5025288418332545
3806gxp0,SE_type,session_strong,sharpness,clean_harm,0.00023034225277580173,0.0003414886088550992,0.03767230054299554,0.0600089202742699,1.4825269994536312
3806gxp0,SE_type,session_strong,sharp_robust,raw,3.86526280579994e-06,3.86526280579994e-06,0.08052538932774965,0.08052538932774965,1.0
3806gxp0,SE_type,session_strong,sharp_robust,affine2,3.86526280579994e-06,4.022694360499989e-06,0.08052538932774965,0.08471347385972414,1.0407298449315834
3806gxp0,SE_type,session_strong,sharp_robust,hybrid,3.86526280579994e-06,4.022694360499989e-06,0.08052538932774965,0.08471347385972414,1.0407298449315834
3806gxp0,SE_type,session_strong,sharp_robust,clean_norm,3.86526280579994e-06,3.068260645780008e-05,0.08052538932774965,0.6112652337086256,7.938038886194214
3806gxp0,SE_type,session_strong,sharp_robust,clean_harm,3.86526280579994e-06,2.9755256823900053e-05,0.08052538932774965,0.5988517201158338,7.698119977573431
3806gxp0,SE_type,offset6,p1,raw,6.0,6.0,0.883763874210202,0.883763874210202,1.0
3806gxp0,SE_type,offset6,p1,affine2,6.0,0.0,0.883763874210202,0.0,0.0
3806gxp0,SE_type,offset6,p1,hybrid,6.0,0.0,0.883763874210202,0.0,0.0
3806gxp0,SE_type,offset6,p1,clean_norm,6.0,-1.0,0.883763874210202,-0.2556639803457239,0.16666666666666666
3806gxp0,SE_type,offset6,p1,clean_harm,6.0,-1.0,0.883763874210202,-0.2556639803457239,0.16666666666666666
3806gxp0,SE_type,offset6,noise_sigma,raw,-0.00027283082322693275,-0.00027283082322693275,-0.00049763762799978,-0.00049763762799978,1.0
3806gxp0,SE_type,offset6,noise_sigma,affine2,-0.00027283082322693275,-0.000276574642412708,-0.00049763762799978,-0.000532122653543861,1.0137221269264773
3806gxp0,SE_type,offset6,noise_sigma,hybrid,-0.00027283082322693275,-0.000276574642412708,-0.00049763762799978,-0.000532122653543861,1.0137221269264773
3806gxp0,SE_type,offset6,noise_sigma,clean_norm,-0.00027283082322693275,0.3985744782482623,-0.00049763762799978,0.5732261853625052,1460.8850771847713
3806gxp0,SE_type,offset6,noise_sigma,clean_harm,-0.00027283082322693275,0.19207336752887105,-0.00049763762799978,0.5105206964900637,704.0017152648109
3806gxp0,SE_type,offset6,sharpness,raw,-1.3812433951498199e-05,-1.3812433951498199e-05,-0.0022590130850095595,-0.0022590130850095595,1.0
3806gxp0,SE_type,offset6,sharpness,affine2,-1.3812433951498199e-05,-1.4059431334898648e-05,-0.0022590130850095595,-0.0022980308142259535,1.0178822490133
3806gxp0,SE_type,offset6,sharpness,hybrid,-1.3812433951498199e-05,-1.4059431334898648e-05,-0.0022590130850095595,-0.0022980308142259535,1.0178822490133
3806gxp0,SE_type,offset6,sharpness,clean_norm,-1.3812433951498199e-05,0.0018906554222195976,-0.0022590130850095595,0.31993062188040644,136.88068510289767
3806gxp0,SE_type,offset6,sharpness,clean_harm,-1.3812433951498199e-05,0.0006852845830456998,-0.0022590130850095595,0.12042330796054497,49.61360072034001
3806gxp0,SE_type,offset6,sharp_robust,raw,-3.9371838550007494e-07,-3.9371838550007494e-07,-0.008202372741722318,-0.008202372741722318,1.0
3806gxp0,SE_type,offset6,sharp_robust,affine2,-3.9371838550007494e-07,-3.991529882000104e-07,-0.008202372741722318,-0.008405718456748375,1.0138032738629483
3806gxp0,SE_type,offset6,sharp_robust,hybrid,-3.9371838550007494e-07,-3.991529882000104e-07,-0.008202372741722318,-0.008405718456748375,1.0138032738629483
3806gxp0,SE_type,offset6,sharp_robust,clean_norm,-3.9371838550007494e-07,3.230433582750007e-05,-0.008202372741722318,0.6435736617277777,82.04934546419327
3806gxp0,SE_type,offset6,sharp_robust,clean_harm,-3.9371838550007494e-07,3.1491964459700065e-05,-0.008202372741722318,0.6338045474831905,79.98601441916679
3806gxp0,SE_type,noise6,p1,raw,1.0,1.0,0.14729397903503366,0.14729397903503366,1.0
3806gxp0,SE_type,noise6,p1,affine2,1.0,1.0,0.14729397903503366,2.0108401877995092,1.0
3806gxp0,SE_type,noise6,p1,hybrid,1.0,1.0,0.14729397903503366,2.0108401877995092,1.0
3806gxp0,SE_type,noise6,p1,clean_norm,1.0,-1.0,0.14729397903503366,-0.2556639803457239,1.0
3806gxp0,SE_type,noise6,p1,clean_harm,1.0,-1.0,0.14729397903503366,-0.2556639803457239,1.0
3806gxp0,SE_type,noise6,noise_sigma,raw,1.0485052328684699,1.0485052328684699,1.9124512797295798,1.9124512797295798,1.0
3806gxp0,SE_type,noise6,noise_sigma,affine2,1.0485052328684699,1.0440313689404332,1.9124512797295798,2.0086900866154265,0.9957331029089886
3806gxp0,SE_type,noise6,noise_sigma,hybrid,1.0485052328684699,1.0440313689404332,1.9124512797295798,2.0086900866154265,0.9957331029089886
3806gxp0,SE_type,noise6,noise_sigma,clean_norm,1.0485052328684699,1.6582919503051148,1.9124512797295798,2.38494038320903,1.5815771808485957
3806gxp0,SE_type,noise6,noise_sigma,clean_harm,1.0485052328684699,0.8956193567209763,1.9124512797295798,2.380508155116549,0.8541868258213334
3806gxp0,SE_type,noise6,sharpness,raw,0.007769146208124904,0.007769146208124904,1.2706379632391214,1.2706379632391214,1.0
3806gxp0,SE_type,noise6,sharpness,affine2,0.007769146208124904,0.007901434288591302,1.2706379632391214,1.291498855056305,1.017027364001472
3806gxp0,SE_type,noise6,sharpness,hybrid,0.007769146208124904,0.007901434288591302,1.2706379632391214,1.291498855056305,1.017027364001472
3806gxp0,SE_type,noise6,sharpness,clean_norm,0.007769146208124904,0.008812081096752699,1.2706379632391214,1.4911519847624628,1.1342406051693432
3806gxp0,SE_type,noise6,sharpness,clean_harm,0.007769146208124904,0.004591441107030501,1.2706379632391214,0.806842208469422,0.5909840005622256
3806gxp0,SE_type,noise6,sharp_robust,raw,7.298886325799955e-06,7.298886325799955e-06,0.15205839617479563,0.15205839617479563,1.0
3806gxp0,SE_type,noise6,sharp_robust,affine2,7.298886325799955e-06,7.422960657300004e-06,0.15205839617479563,0.15631930424010307,1.0169990771141995
3806gxp0,SE_type,noise6,sharp_robust,hybrid,7.298886325799955e-06,7.422960657300004e-06,0.15205839617479563,0.15631930424010307,1.0169990771141995
3806gxp0,SE_type,noise6,sharp_robust,clean_norm,7.298886325799955e-06,2.7736946899300065e-05,0.15205839617479563,0.5525811945632219,3.8001615124839074
3806gxp0,SE_type,noise6,sharp_robust,clean_harm,7.298886325799955e-06,2.517368423810007e-05,0.15205839617479563,0.5066433873133394,3.4489760648986465
3806gxp0,SE_type,blur1.0,p1,raw,0.0,0.0,0.0,0.0,
3806gxp0,SE_type,blur1.0,p1,affine2,0.0,0.0,0.0,0.0,
3806gxp0,SE_type,blur1.0,p1,hybrid,0.0,0.0,0.0,0.0,
3806gxp0,SE_type,blur1.0,p1,clean_norm,0.0,-1.0,0.0,-0.2556639803457239,
3806gxp0,SE_type,blur1.0,p1,clean_harm,0.0,-1.0,0.0,-0.2556639803457239,
3806gxp0,SE_type,blur1.0,noise_sigma,raw,-2.809777481585746,-2.809777481585746,-5.124974460750359,-5.124974460750359,1.0
3806gxp0,SE_type,blur1.0,noise_sigma,affine2,-2.809777481585746,-2.7924866526722405,-5.124974460750359,-5.372674062390799,0.9938461927939763
3806gxp0,SE_type,blur1.0,noise_sigma,hybrid,-2.809777481585746,-2.7924866526722405,-5.124974460750359,-5.372674062390799,0.9938461927939763
3806gxp0,SE_type,blur1.0,noise_sigma,clean_norm,-2.809777481585746,-3.579948126040281,-5.124974460750359,-5.1486487973459845,1.2741037856207302
3806gxp0,SE_type,blur1.0,noise_sigma,clean_harm,-2.809777481585746,-0.393481948199633,-5.124974460750359,-1.0458538882073223,0.14004025257457922
3806gxp0,SE_type,blur1.0,sharpness,raw,-0.0181153084569771,-0.0181153084569771,-2.9627449432152266,-2.9627449432152266,1.0
3806gxp0,SE_type,blur1.0,sharpness,affine2,-0.0181153084569771,-0.0182663150692867,-2.9627449432152266,-2.9856509763226016,1.008335856530858
3806gxp0,SE_type,blur1.0,sharpness,hybrid,-0.0181153084569771,-0.0182663150692867,-2.9627449432152266,-2.9856509763226016,1.008335856530858
3806gxp0,SE_type,blur1.0,sharpness,clean_norm,-0.0181153084569771,-0.0171821989880837,-2.9627449432152266,-2.9075163792019767,0.9484905558682877
3806gxp0,SE_type,blur1.0,sharpness,clean_harm,-0.0181153084569771,-0.0075529456660565,-2.9627449432152266,-1.3272598340245017,0.4169371823833057
3806gxp0,SE_type,blur1.0,sharp_robust,raw,-6.434749933470008e-05,-6.434749933470008e-05,-1.3405576015216045,-1.3405576015216045,1.0
3806gxp0,SE_type,blur1.0,sharp_robust,affine2,-6.434749933470008e-05,-6.385801739320002e-05,-1.3405576015216045,-1.3447788975198915,0.9923931474173683
3806gxp0,SE_type,blur1.0,sharp_robust,hybrid,-6.434749933470008e-05,-6.385801739320002e-05,-1.3405576015216045,-1.3447788975198915,0.9923931474173683
3806gxp0,SE_type,blur1.0,sharp_robust,clean_norm,-6.434749933470008e-05,-3.809312338599999e-05,-1.3405576015216045,-0.7588990850976196,0.591990734369655
3806gxp0,SE_type,blur1.0,sharp_robust,clean_harm,-6.434749933470008e-05,-4.327660337859998e-05,-1.3405576015216045,-0.8709811690561113,0.6725452243839196
3806gxp0,SE_type,requant3,p1,raw,0.0,0.0,0.0,0.0,
3806gxp0,SE_type,requant3,p1,affine2,0.0,0.0,0.0,0.0,
3806gxp0,SE_type,requant3,p1,hybrid,0.0,0.0,0.0,0.0,
3806gxp0,SE_type,requant3,p1,clean_norm,0.0,0.0,0.0,0.0,
3806gxp0,SE_type,requant3,p1,clean_harm,0.0,0.0,0.0,0.0,
3806gxp0,SE_type,requant3,noise_sigma,raw,0.043150323990436945,0.043150323990436945,0.07870527466085545,0.07870527466085545,1.0
3806gxp0,SE_type,requant3,noise_sigma,affine2,0.043150323990436945,0.04306515210394135,0.07870527466085545,0.08285626915364067,0.9980261588183099
3806gxp0,SE_type,requant3,noise_sigma,hybrid,0.043150323990436945,0.04306515210394135,0.07870527466085545,0.08285626915364067,0.9980261588183099
3806gxp0,SE_type,requant3,noise_sigma,clean_norm,0.043150323990436945,0.055528794153669736,0.07870527466085545,0.07986100612960323,1.2868685335010726
3806gxp0,SE_type,requant3,noise_sigma,clean_harm,0.043150323990436945,0.12385911003866301,0.07870527466085545,0.32921086320868,2.870409734724423
3806gxp0,SE_type,requant3,sharpness,raw,0.00027768216621299954,0.00027768216621299954,0.04541470744053224,0.04541470744053224,1.0
3806gxp0,SE_type,requant3,sharpness,affine2,0.00027768216621299954,0.00028130750576879984,0.04541470744053224,0.04598004721038082,1.0130557161997196
3806gxp0,SE_type,requant3,sharpness,hybrid,0.00027768216621299954,0.00028130750576879984,0.04541470744053224,0.04598004721038082,1.0130557161997196
3806gxp0,SE_type,requant3,sharpness,clean_norm,0.00027768216621299954,0.0004368847534796001,0.04541470744053224,0.0739282310399563,1.5733266541304718
3806gxp0,SE_type,requant3,sharpness,clean_harm,0.00027768216621299954,0.001009706423895699,0.04541470744053224,0.17743312872168268,3.6361947101824
3806gxp0,SE_type,requant3,sharp_robust,raw,4.252448092999716e-07,4.252448092999716e-07,0.008859165740839727,0.008859165740839727,1.0
3806gxp0,SE_type,requant3,sharp_robust,affine2,4.252448092999716e-07,3.663374115999785e-07,0.008859165740839727,0.007714658872954131,0.8614741522725106
3806gxp0,SE_type,requant3,sharp_robust,hybrid,4.252448092999716e-07,3.663374115999785e-07,0.008859165740839727,0.007714658872954131,0.8614741522725106
3806gxp0,SE_type,requant3,sharp_robust,clean_norm,4.252448092999716e-07,2.5219544433000137e-06,0.008859165740839727,0.050242898180978726,5.930594302730228
3806gxp0,SE_type,requant3,sharp_robust,clean_harm,4.252448092999716e-07,2.81567823940006e-06,0.008859165740839727,0.056668096227053155,6.621311249007755
3806gxp0,SE_type,all_strong,p1,raw,20.0,20.0,2.9458795807006735,2.9458795807006735,1.0
3806gxp0,SE_type,all_strong,p1,affine2,20.0,1.0,2.9458795807006735,2.0108401877995092,0.05
3806gxp0,SE_type,all_strong,p1,hybrid,20.0,1.0,2.9458795807006735,2.0108401877995092,0.05
3806gxp0,SE_type,all_strong,p1,clean_norm,20.0,-1.0,2.9458795807006735,-0.2556639803457239,0.05
3806gxp0,SE_type,all_strong,p1,clean_harm,20.0,-1.0,2.9458795807006735,-0.2556639803457239,0.05
3806gxp0,SE_type,all_strong,noise_sigma,raw,-0.7621220181750035,-0.7621220181750035,-1.3900943774800547,-1.3900943774800547,1.0
3806gxp0,SE_type,all_strong,noise_sigma,affine2,-0.7621220181750035,0.38477288881670724,-1.3900943774800547,0.7402933574197964,0.5048704533403904
3806gxp0,SE_type,all_strong,noise_sigma,hybrid,-0.7621220181750035,0.38477288881670724,-1.3900943774800547,0.7402933574197964,0.5048704533403904
3806gxp0,SE_type,all_strong,noise_sigma,clean_norm,-0.7621220181750035,1.0857552978207599,-1.3900943774800547,1.561523382887696,1.424647591760617
3806gxp0,SE_type,all_strong,noise_sigma,clean_harm,-0.7621220181750035,0.32308270423662133,-1.3900943774800547,0.8587364782157034,0.4239251675345679
3806gxp0,SE_type,all_strong,sharpness,raw,-0.0016182960794348979,-0.0016182960794348979,-0.2646710950220742,-0.2646710950220742,1.0
3806gxp0,SE_type,all_strong,sharpness,affine2,-0.0016182960794348979,-0.0020056377219870997,-0.2646710950220742,-0.3278238769060091,1.2393515299669142
3806gxp0,SE_type,all_strong,sharpness,hybrid,-0.0016182960794348979,-0.0020056377219870997,-0.2646710950220742,-0.3278238769060091,1.2393515299669142
3806gxp0,SE_type,all_strong,sharpness,clean_norm,-0.0016182960794348979,0.0006653487651606983,-0.2646710950220742,0.11258817535102313,0.4111415541419561
3806gxp0,SE_type,all_strong,sharpness,clean_harm,-0.0016182960794348979,-0.0035552912245615,-0.2646710950220742,-0.6247622383710346,2.1969349550689095
3806gxp0,SE_type,all_strong,sharp_robust,raw,-6.949319637700006e-05,-6.949319637700006e-05,-1.4477583996334684,-1.4477583996334684,1.0
3806gxp0,SE_type,all_strong,sharp_robust,affine2,-6.949319637700006e-05,-7.342811317139993e-05,-1.4477583996334684,-1.5463144818541756,1.0566230508818875
3806gxp0,SE_type,all_strong,sharp_robust,hybrid,-6.949319637700006e-05,-7.342811317139993e-05,-1.4477583996334684,-1.5463144818541756,1.0566230508818875
3806gxp0,SE_type,all_strong,sharp_robust,clean_norm,-6.949319637700006e-05,-1.7422469253699927e-05,-1.4477583996334684,-0.3470940369681947,0.25070755357377955
3806gxp0,SE_type,all_strong,sharp_robust,clean_harm,-6.949319637700006e-05,-1.9985731914899923e-05,-1.4477583996334684,-0.40223110846747556,0.28759264153684166
4ih2ggld,BSE,session_strong,p1,raw,22.0,22.0,2.6733506782161376,2.6733506782161376,1.0
4ih2ggld,BSE,session_strong,p1,affine2,22.0,0.0,2.6733506782161376,0.0,0.0
4ih2ggld,BSE,session_strong,p1,hybrid,22.0,0.0,2.6733506782161376,0.0,0.0
4ih2ggld,BSE,session_strong,p1,clean_norm,22.0,0.0,2.6733506782161376,0.0,0.0
4ih2ggld,BSE,session_strong,p1,clean_harm,22.0,0.0,2.6733506782161376,0.0,0.0
4ih2ggld,BSE,session_strong,noise_sigma,raw,-1.8955376387573217,-1.8955376387573217,-2.5831941958574562,-2.5831941958574562,1.0
4ih2ggld,BSE,session_strong,noise_sigma,affine2,-1.8955376387573217,0.1485747145689018,-2.5831941958574562,0.23389255095647402,0.07838130540436251
4ih2ggld,BSE,session_strong,noise_sigma,hybrid,-1.8955376387573217,0.1485747145689018,-2.5831941958574562,0.23389255095647402,0.07838130540436251
4ih2ggld,BSE,session_strong,noise_sigma,clean_norm,-1.8955376387573217,1.3218001492542069,-2.5831941958574562,1.1876136104845936,0.6973220273910012
4ih2ggld,BSE,session_strong,noise_sigma,clean_harm,-1.8955376387573217,-0.10418163106763068,-2.5831941958574562,-0.3435640851735722,0.05496152064589451
4ih2ggld,BSE,session_strong,sharpness,raw,-0.0004608478051860987,-0.0004608478051860987,-0.040202982535519446,-0.040202982535519446,1.0
4ih2ggld,BSE,session_strong,sharpness,affine2,-0.0004608478051860987,0.000568524357308503,-0.040202982535519446,0.050259617533811383,1.2336488335426108
4ih2ggld,BSE,session_strong,sharpness,hybrid,-0.0004608478051860987,0.000568524357308503,-0.040202982535519446,0.050259617533811383,1.2336488335426108
4ih2ggld,BSE,session_strong,sharpness,clean_norm,-0.0004608478051860987,0.011492245065863799,-0.040202982535519446,1.0564336718087355,24.937180857838786
4ih2ggld,BSE,session_strong,sharpness,clean_harm,-0.0004608478051860987,-0.00557099420526011,-0.040202982535519446,-0.4240844314889297,12.08857705855937
4ih2ggld,BSE,session_strong,sharp_robust,raw,-2.2809372838000644e-06,-2.2809372838000644e-06,-0.03987479172349282,-0.03987479172349282,1.0
4ih2ggld,BSE,session_strong,sharp_robust,affine2,-2.2809372838000644e-06,-5.858645106000381e-07,-0.03987479172349282,-0.010295522004952444,0.25685252933565184
4ih2ggld,BSE,session_strong,sharp_robust,hybrid,-2.2809372838000644e-06,-5.858645106000381e-07,-0.03987479172349282,-0.010295522004952444,0.25685252933565184
4ih2ggld,BSE,session_strong,sharp_robust,clean_norm,-2.2809372838000644e-06,5.1097784040399935e-05,-0.03987479172349282,0.8160039093898354,22.40209952431069
4ih2ggld,BSE,session_strong,sharp_robust,clean_harm,-2.2809372838000644e-06,5.022149966970007e-05,-0.03987479172349282,0.8030803194320927,22.017922205221947
4ih2ggld,BSE,session_strong,frac_pore,raw,-0.04194681630389329,-0.04194681630389329,-1.7021927000528152,-1.7021927000528152,1.0
4ih2ggld,BSE,session_strong,frac_pore,affine2,-0.04194681630389329,0.0014819384427090104,-1.7021927000528152,0.10373097916520155,0.035328984969270824
4ih2ggld,BSE,session_strong,frac_pore,hybrid,-0.04194681630389329,0.0014819384427090104,-1.7021927000528152,0.10373097916520155,0.035328984969270824
4ih2ggld,BSE,session_strong,frac_pore,clean_norm,-0.04194681630389329,0.009481250778622191,-1.7021927000528152,0.47461702963052965,0.22603028344113424
4ih2ggld,BSE,session_strong,frac_pore,clean_harm,-0.04194681630389329,0.0087444873551763,-1.7021927000528152,0.43267732128854025,0.2084660559653649
4ih2ggld,BSE,session_strong,frac_graphite,raw,0.08279404219224074,0.08279404219224074,3.511708963465122,3.511708963465122,1.0
4ih2ggld,BSE,session_strong,frac_graphite,affine2,0.08279404219224074,-0.00989656089442248,3.511708963465122,-0.5333252123758169,0.11953228314959553
4ih2ggld,BSE,session_strong,frac_graphite,hybrid,0.08279404219224074,-0.00989656089442248,3.511708963465122,-0.5333252123758169,0.11953228314959553
4ih2ggld,BSE,session_strong,frac_graphite,clean_norm,0.08279404219224074,-0.023330758689423137,3.511708963465122,-0.7062165747293834,0.2817927241099196
4ih2ggld,BSE,session_strong,frac_graphite,clean_harm,0.08279404219224074,-0.022347576927868484,3.511708963465122,-0.7088054710580175,0.26991769378742625
4ih2ggld,BSE,session_strong,frac_si,raw,-0.04084722588834751,-0.04084722588834751,-2.115472494113743,-2.115472494113743,1.0
4ih2ggld,BSE,session_strong,frac_si,affine2,-0.04084722588834751,0.0084146224517134,-2.115472494113743,0.3799815059292626,0.20600229926786387
4ih2ggld,BSE,session_strong,frac_si,hybrid,-0.04084722588834751,0.0084146224517134,-2.115472494113743,0.3799815059292626,0.20600229926786387
4ih2ggld,BSE,session_strong,frac_si,clean_norm,-0.04084722588834751,0.013849507910801001,-2.115472494113743,0.3700220144165408,0.3390562666032077
4ih2ggld,BSE,session_strong,frac_si,clean_harm,-0.04084722588834751,0.013603089572692184,-2.115472494113743,0.3760581908093579,0.3330235842667773
4ih2ggld,BSE,offset6,p1,raw,6.0,6.0,0.729095639513492,0.729095639513492,1.0
4ih2ggld,BSE,offset6,p1,affine2,6.0,0.0,0.729095639513492,0.0,0.0
4ih2ggld,BSE,offset6,p1,hybrid,6.0,0.0,0.729095639513492,0.0,0.0
4ih2ggld,BSE,offset6,p1,clean_norm,6.0,0.0,0.729095639513492,0.0,0.0
4ih2ggld,BSE,offset6,p1,clean_harm,6.0,0.0,0.729095639513492,0.0,0.0
4ih2ggld,BSE,offset6,noise_sigma,raw,0.0,0.0,0.0,0.0,
4ih2ggld,BSE,offset6,noise_sigma,affine2,0.0,0.0,0.0,0.0,
4ih2ggld,BSE,offset6,noise_sigma,hybrid,0.0,0.0,0.0,0.0,
4ih2ggld,BSE,offset6,noise_sigma,clean_norm,0.0,1.4259395556018966,0.0,1.2811809901191653,
4ih2ggld,BSE,offset6,noise_sigma,clean_harm,0.0,-0.1840840481686694,0.0,-0.6070615995929333,
4ih2ggld,BSE,offset6,sharpness,raw,0.0,0.0,0.0,0.0,
4ih2ggld,BSE,offset6,sharpness,affine2,0.0,0.0,0.0,0.0,
4ih2ggld,BSE,offset6,sharpness,hybrid,0.0,0.0,0.0,0.0,
4ih2ggld,BSE,offset6,sharpness,clean_norm,0.0,0.012035062185537793,0.0,1.106332562719198,
4ih2ggld,BSE,offset6,sharpness,clean_harm,0.0,-0.008157691777517809,0.0,-0.6209933007045786,
4ih2ggld,BSE,offset6,sharp_robust,raw,4.164879996871457e-11,4.164879996871457e-11,7.280942076228869e-07,7.280942076228869e-07,
4ih2ggld,BSE,offset6,sharp_robust,affine2,4.164879996871457e-11,0.0,7.280942076228869e-07,0.0,
4ih2ggld,BSE,offset6,sharp_robust,hybrid,4.164879996871457e-11,0.0,7.280942076228869e-07,0.0,
4ih2ggld,BSE,offset6,sharp_robust,clean_norm,4.164879996871457e-11,5.244589272130002e-05,7.280942076228869e-07,0.8375324741711787,
4ih2ggld,BSE,offset6,sharp_robust,clean_harm,4.164879996871457e-11,4.716403189850005e-05,7.280942076228869e-07,0.7541890634859855,
4ih2ggld,BSE,offset6,frac_pore,raw,-0.0154113194788401,-0.0154113194788401,-0.6253879990560465,-0.6253879990560465,1.0
4ih2ggld,BSE,offset6,frac_pore,affine2,-0.0154113194788401,0.0,-0.6253879990560465,0.0,0.0
4ih2ggld,BSE,offset6,frac_pore,hybrid,-0.0154113194788401,0.0,-0.6253879990560465,0.0,0.0
4ih2ggld,BSE,offset6,frac_pore,clean_norm,-0.0154113194788401,0.0089829326024667,-0.6253879990560465,0.44967197774865214,0.5828788777495891
4ih2ggld,BSE,offset6,frac_pore,clean_harm,-0.0154113194788401,0.007996013454590806,-0.6253879990560465,0.395642825244811,0.518840289150414
4ih2ggld,BSE,offset6,frac_graphite,raw,-0.023383782511939954,-0.023383782511939954,-0.991823040312849,-0.991823040312849,1.0
4ih2ggld,BSE,offset6,frac_graphite,affine2,-0.023383782511939954,0.0,-0.991823040312849,0.0,0.0
4ih2ggld,BSE,offset6,frac_graphite,hybrid,-0.023383782511939954,0.0,-0.991823040312849,0.0,0.0
4ih2ggld,BSE,offset6,frac_graphite,clean_norm,-0.023383782511939954,-0.0257812383206677,-0.991823040312849,-0.7803920164567113,1.1025264329029567
4ih2ggld,BSE,offset6,frac_graphite,clean_harm,-0.023383782511939954,-0.024240438519995022,-0.991823040312849,-0.7688419867297347,1.0366346209223274
4ih2ggld,BSE,offset6,frac_si,raw,0.038795101990780095,0.038795101990780095,2.0091932654659104,2.0091932654659104,1.0
4ih2ggld,BSE,offset6,frac_si,affine2,0.038795101990780095,0.0,2.0091932654659104,0.0,0.0
4ih2ggld,BSE,offset6,frac_si,hybrid,0.038795101990780095,0.0,2.0091932654659104,0.0,0.0
4ih2ggld,BSE,offset6,frac_si,clean_norm,0.038795101990780095,0.016798305718201123,2.0091932654659104,0.44880604860957707,0.4330006845243853
4ih2ggld,BSE,offset6,frac_si,clean_harm,0.038795101990780095,0.0162444250654043,2.0091932654659104,0.44907806187628635,0.41872360766740324
4ih2ggld,BSE,noise6,p1,raw,1.0,1.0,0.12151593991891534,0.12151593991891534,1.0
4ih2ggld,BSE,noise6,p1,affine2,1.0,1.0,0.12151593991891534,0.817963781717405,1.0
4ih2ggld,BSE,noise6,p1,hybrid,1.0,1.0,0.12151593991891534,0.817963781717405,1.0
4ih2ggld,BSE,noise6,p1,clean_norm,1.0,0.0,0.12151593991891534,0.0,0.0
4ih2ggld,BSE,noise6,p1,clean_harm,1.0,0.0,0.12151593991891534,0.0,0.0
4ih2ggld,BSE,noise6,noise_sigma,raw,0.6989673155260983,0.6989673155260983,0.9525362491587244,0.9525362491587244,1.0
4ih2ggld,BSE,noise6,noise_sigma,affine2,0.6989673155260983,0.7045024795490704,0.9525362491587244,1.1090573693848638,1.0079190598759342
4ih2ggld,BSE,noise6,noise_sigma,hybrid,0.6989673155260983,0.7045024795490704,0.9525362491587244,1.1090573693848638,1.0079190598759342
4ih2ggld,BSE,noise6,noise_sigma,clean_norm,0.6989673155260983,2.695883609089025,0.9525362491587244,2.4222028331914744,3.856952319808958
4ih2ggld,BSE,noise6,noise_sigma,clean_harm,0.6989673155260983,-0.06758935759170548,0.9525362491587244,-0.22289222745408332,0.09669888146462523
4ih2ggld,BSE,noise6,sharpness,raw,0.015022932884422205,0.015022932884422205,1.310555679311121,1.310555679311121,1.0
4ih2ggld,BSE,noise6,sharpness,affine2,0.015022932884422205,0.014752681704244208,1.310555679311121,1.3041906305713897,0.982010757669148
4ih2ggld,BSE,noise6,sharpness,hybrid,0.015022932884422205,0.014752681704244208,1.310555679311121,1.3041906305713897,0.982010757669148
4ih2ggld,BSE,noise6,sharpness,clean_norm,0.015022932884422205,0.025080188896407993,1.310555679311121,2.305516101826834,1.669460223869768
4ih2ggld,BSE,noise6,sharpness,clean_harm,0.015022932884422205,-0.007954399142441199,1.310555679311121,-0.6055179226309578,0.5294837701557855
4ih2ggld,BSE,noise6,sharp_robust,raw,1.8487487653999837e-06,1.8487487653999837e-06,0.032319376991625626,0.032319376991625626,1.0
4ih2ggld,BSE,noise6,sharp_robust,affine2,1.8487487653999837e-06,1.8344645086000241e-06,0.032319376991625626,0.03223743608612191,0.9922735543805115
4ih2ggld,BSE,noise6,sharp_robust,hybrid,1.8487487653999837e-06,1.8344645086000241e-06,0.032319376991625626,0.03223743608612191,0.9922735543805115
4ih2ggld,BSE,noise6,sharp_robust,clean_norm,1.8487487653999837e-06,4.474014363319999e-05,0.032319376991625626,0.7144758387661031,24.200229079541963
4ih2ggld,BSE,noise6,sharp_robust,clean_harm,1.8487487653999837e-06,3.897225558260008e-05,0.032319376991625626,0.6231962738688671,21.080341640779018
4ih2ggld,BSE,noise6,frac_pore,raw,0.00032525533532440365,0.00032525533532440365,0.013198790903018872,0.013198790903018872,1.0
4ih2ggld,BSE,noise6,frac_pore,affine2,0.00032525533532440365,0.0002753301242791051,0.013198790903018872,0.019272233287193442,0.846504559270322
4ih2ggld,BSE,noise6,frac_pore,hybrid,0.00032525533532440365,0.0002753301242791051,0.013198790903018872,0.019272233287193442,0.846504559270322
4ih2ggld,BSE,noise6,frac_pore,clean_norm,0.00032525533532440365,0.0064863585399277945,0.013198790903018872,0.324697267820451,19.942358619447152
4ih2ggld,BSE,noise6,frac_pore,clean_harm,0.00032525533532440365,0.004990158216021001,0.013198790903018872,0.24691307815041566,15.34227935429225
4ih2ggld,BSE,noise6,frac_graphite,raw,-0.000132474817426953,-0.000132474817426953,-0.005618918843356521,-0.005618918843356521,1.0
4ih2ggld,BSE,noise6,frac_graphite,affine2,-0.000132474817426953,4.522927535288712e-05,-0.005618918843356521,0.002437403572869187,0.3414179104479738
4ih2ggld,BSE,noise6,frac_graphite,hybrid,-0.000132474817426953,4.522927535288712e-05,-0.005618918843356521,0.002437403572869187,0.3414179104479738
4ih2ggld,BSE,noise6,frac_graphite,clean_norm,-0.000132474817426953,-0.030837672854117315,-0.005618918843356521,-0.9334490997728668,232.78139538574038
4ih2ggld,BSE,noise6,frac_graphite,clean_harm,-0.000132474817426953,-0.02803014824965744,-0.005618918843356521,-0.8890414606492871,211.5885025855072
4ih2ggld,BSE,noise6,frac_si,raw,-0.00019278051789750617,-0.00019278051789750617,-0.009984077844794737,-0.009984077844794737,1.0
4ih2ggld,BSE,noise6,frac_si,affine2,-0.00019278051789750617,-0.0003205593996321032,-0.009984077844794737,-0.014475592233753092,1.6628205128203466
4ih2ggld,BSE,noise6,frac_si,hybrid,-0.00019278051789750617,-0.0003205593996321032,-0.009984077844794737,-0.014475592233753092,1.6628205128203466
4ih2ggld,BSE,noise6,frac_si,clean_norm,-0.00019278051789750617,0.024351314314189604,-0.009984077844794737,0.6506023487808997,126.31626151733985
4ih2ggld,BSE,noise6,frac_si,clean_harm,-0.00019278051789750617,0.023039990033636493,-0.009984077844794737,0.6369418448665123,119.51409968659775
4ih2ggld,BSE,blur1.0,p1,raw,0.0,0.0,0.0,0.0,
4ih2ggld,BSE,blur1.0,p1,affine2,0.0,0.0,0.0,0.0,
4ih2ggld,BSE,blur1.0,p1,hybrid,0.0,0.0,0.0,0.0,
4ih2ggld,BSE,blur1.0,p1,clean_norm,0.0,0.0,0.0,0.0,
4ih2ggld,BSE,blur1.0,p1,clean_harm,0.0,0.0,0.0,0.0,
4ih2ggld,BSE,blur1.0,noise_sigma,raw,-4.6396274926374685,-4.6396274926374685,-6.32277543049948,-6.32277543049948,1.0
4ih2ggld,BSE,blur1.0,noise_sigma,affine2,-4.6396274926374685,-4.687742664503226,-6.32277543049948,-7.379641234442267,1.0103704816695112
4ih2ggld,BSE,blur1.0,noise_sigma,hybrid,-4.6396274926374685,-4.687742664503226,-6.32277543049948,-7.379641234442267,1.0103704816695112
4ih2ggld,BSE,blur1.0,noise_sigma,clean_norm,-4.6396274926374685,-8.230602616630382,-6.32277543049948,-7.395048105808981,1.77397918899553
4ih2ggld,BSE,blur1.0,noise_sigma,clean_harm,-4.6396274926374685,-0.7449301650863838,-6.32277543049948,-2.4565870975849946,0.1605581840931192
4ih2ggld,BSE,blur1.0,sharpness,raw,-0.0707883815033373,-0.0707883815033373,-6.175366429589764,-6.175366429589764,1.0
4ih2ggld,BSE,blur1.0,sharpness,affine2,-0.0707883815033373,-0.070023113901886,-6.175366429589764,-6.190297527262452,0.9891893615138633
4ih2ggld,BSE,blur1.0,sharpness,hybrid,-0.0707883815033373,-0.070023113901886,-6.175366429589764,-6.190297527262452,0.9891893615138633
4ih2ggld,BSE,blur1.0,sharpness,clean_norm,-0.0707883815033373,-0.0696666966686576,-6.175366429589764,-6.40416591733405,0.9841543935479466
4ih2ggld,BSE,blur1.0,sharpness,clean_harm,-0.0707883815033373,-0.01966858267547701,-6.175366429589764,-1.4972443687424788,0.27785043615596355
4ih2ggld,BSE,blur1.0,sharp_robust,raw,-3.966371055520002e-05,-3.966371055520002e-05,-0.6933913565280378,-0.6933913565280378,1.0
4ih2ggld,BSE,blur1.0,sharp_robust,affine2,-3.966371055520002e-05,-4.111985328350001e-05,-0.6933913565280378,-0.7226079522842201,1.036712216479935
4ih2ggld,BSE,blur1.0,sharp_robust,hybrid,-3.966371055520002e-05,-4.111985328350001e-05,-0.6933913565280378,-0.7226079522842201,1.036712216479935
4ih2ggld,BSE,blur1.0,sharp_robust,clean_norm,-3.966371055520002e-05,4.1714747559993496e-07,-0.6933913565280378,0.006661619036405158,0.01051710668923399
4ih2ggld,BSE,blur1.0,sharp_robust,clean_harm,-3.966371055520002e-05,-1.223897075999271e-07,-0.6933913565280378,-0.001957105345738013,0.003085684770455281
4ih2ggld,BSE,blur1.0,frac_pore,raw,-0.005543428507592096,-0.005543428507592096,-0.2249511255044197,-0.2249511255044197,1.0
4ih2ggld,BSE,blur1.0,frac_pore,affine2,-0.005543428507592096,-0.005330628474374599,-0.2249511255044197,-0.3731270444688489,0.9616121984930349
4ih2ggld,BSE,blur1.0,frac_pore,hybrid,-0.005543428507592096,-0.005330628474374599,-0.2249511255044197,-0.3731270444688489,0.9616121984930349
4ih2ggld,BSE,blur1.0,frac_pore,clean_norm,-0.005543428507592096,0.001135168805282194,-0.2249511255044197,0.05682482818691626,0.204777387085899
4ih2ggld,BSE,blur1.0,frac_pore,clean_harm,-0.005543428507592096,0.0031780241684316035,-0.2249511255044197,0.15724866745598992,0.5732957796928537
4ih2ggld,BSE,blur1.0,frac_graphite,raw,0.006951220597263719,0.006951220597263719,0.2948359934130875,0.2948359934130875,1.0
4ih2ggld,BSE,blur1.0,frac_graphite,affine2,0.006951220597263719,0.007620020701661789,0.2948359934130875,0.4106425658748043,1.096213333333334
4ih2ggld,BSE,blur1.0,frac_graphite,hybrid,0.006951220597263719,0.007620020701661789,0.2948359934130875,0.4106425658748043,1.096213333333334
4ih2ggld,BSE,blur1.0,frac_graphite,clean_norm,0.006951220597263719,-0.004368506291266949,0.2948359934130875,-0.13223365732640852,0.6284516841526465
4ih2ggld,BSE,blur1.0,frac_graphite,clean_harm,0.006951220597263719,-0.012057555749345972,0.2948359934130875,-0.38243347412155626,1.7345954686134277
4ih2ggld,BSE,blur1.0,frac_si,raw,-0.0014077920896716084,-0.0014077920896716084,-0.07290936846658101,-0.07290936846658101,1.0
4ih2ggld,BSE,blur1.0,frac_si,affine2,-0.0014077920896716084,-0.0022893922272873013,-0.07290936846658101,-0.10338273774959938,1.6262289325843144
4ih2ggld,BSE,blur1.0,frac_si,hybrid,-0.0014077920896716084,-0.0022893922272873013,-0.07290936846658101,-0.10338273774959938,1.6262289325843144
4ih2ggld,BSE,blur1.0,frac_si,clean_norm,-0.0014077920896716084,0.0032333374859848107,-0.07290936846658101,0.08638617758538239,2.296743609874269
4ih2ggld,BSE,blur1.0,frac_si,clean_harm,-0.0014077920896716084,0.008879531580914396,-0.07290936846658101,0.24547515942676842,6.307416873599353
4ih2ggld,BSE,requant3,p1,raw,0.0,0.0,0.0,0.0,
4ih2ggld,BSE,requant3,p1,affine2,0.0,0.0,0.0,0.0,
4ih2ggld,BSE,requant3,p1,hybrid,0.0,0.0,0.0,0.0,
4ih2ggld,BSE,requant3,p1,clean_norm,0.0,0.0,0.0,0.0,
4ih2ggld,BSE,requant3,p1,clean_harm,0.0,0.0,0.0,0.0,
4ih2ggld,BSE,requant3,noise_sigma,raw,0.06206164498990052,0.06206164498990052,0.08457615287891511,0.08457615287891511,1.0
4ih2ggld,BSE,requant3,noise_sigma,affine2,0.06206164498990052,0.06217465821092105,0.08457615287891511,0.09787795625920748,1.0018209833309917
4ih2ggld,BSE,requant3,noise_sigma,hybrid,0.06206164498990052,0.06217465821092105,0.08457615287891511,0.09787795625920748,1.0018209833309917
4ih2ggld,BSE,requant3,noise_sigma,clean_norm,0.06206164498990052,0.029626022621195958,0.08457615287891511,0.02661844735704458,0.4773644434661229
4ih2ggld,BSE,requant3,noise_sigma,clean_harm,0.06206164498990052,-0.11027192596748492,0.08457615287891511,-0.3636483032287434,1.7768128122519118
4ih2ggld,BSE,requant3,sharpness,raw,0.0029102364991849955,0.0029102364991849955,0.253880317610971,0.253880317610971,1.0
4ih2ggld,BSE,requant3,sharpness,affine2,0.0029102364991849955,0.002817281050771697,0.253880317610971,0.24905787461310938,0.968059142808727
4ih2ggld,BSE,requant3,sharpness,hybrid,0.0029102364991849955,0.002817281050771697,0.253880317610971,0.24905787461310938,0.968059142808727
4ih2ggld,BSE,requant3,sharpness,clean_norm,0.0029102364991849955,0.0027145067192393957,0.253880317610971,0.24953316641964704,0.9327443731805255
4ih2ggld,BSE,requant3,sharpness,clean_harm,0.0029102364991849955,0.0018967307853616916,0.253880317610971,0.14438607673261938,0.6517445526825282
4ih2ggld,BSE,requant3,sharp_robust,raw,9.263908535299967e-06,9.263908535299967e-06,0.16194939949210507,0.16194939949210507,1.0
4ih2ggld,BSE,requant3,sharp_robust,affine2,9.263908535299967e-06,9.137025922699958e-06,0.16194939949210507,0.16056690539359017,0.9863035551229241
4ih2ggld,BSE,requant3,sharp_robust,hybrid,9.263908535299967e-06,9.137025922699958e-06,0.16194939949210507,0.16056690539359017,0.9863035551229241
4ih2ggld,BSE,requant3,sharp_robust,clean_norm,9.263908535299967e-06,6.584055675299999e-06,0.16194939949210507,0.10514379970836561,0.7107211443432938
4ih2ggld,BSE,requant3,sharp_robust,clean_harm,9.263908535299967e-06,6.499140966900025e-06,0.16194939949210507,0.10392625146718248,0.7015549583780062
4ih2ggld,BSE,requant3,frac_pore,raw,-0.0003922342075682872,-0.0003922342075682872,-0.015916778999310384,-0.015916778999310384,1.0
4ih2ggld,BSE,requant3,frac_pore,affine2,-0.0003922342075682872,0.0008892619274295105,-0.015916778999310384,0.06224550751107704,2.2671707624447612
4ih2ggld,BSE,requant3,frac_pore,hybrid,-0.0003922342075682872,0.0008892619274295105,-0.015916778999310384,0.06224550751107704,2.2671707624447612
4ih2ggld,BSE,requant3,frac_pore,clean_norm,-0.0003922342075682872,0.0021649433163074966,-0.015916778999310384,0.10837377790081518,5.5195168461450015
4ih2ggld,BSE,requant3,frac_pore,clean_harm,-0.0003922342075682872,0.002196337361405301,-0.015916778999310384,0.10867479448252078,5.599555875102819
4ih2ggld,BSE,requant3,frac_graphite,raw,-0.00043425047428946595,-0.00043425047428946595,-0.018418732104062117,-0.018418732104062117,1.0
4ih2ggld,BSE,requant3,frac_graphite,affine2,-0.00043425047428946595,0.0014935547046850406,-0.018418732104062117,0.08048759448547131,3.4393853158798295
4ih2ggld,BSE,requant3,frac_graphite,hybrid,-0.00043425047428946595,0.0014935547046850406,-0.018418732104062117,0.08048759448547131,3.4393853158798295
4ih2ggld,BSE,requant3,frac_graphite,clean_norm,-0.00043425047428946595,0.0055241061417715676,-0.018418732104062117,0.16721339283544426,12.721013490682493
4ih2ggld,BSE,requant3,frac_graphite,clean_harm,-0.00043425047428946595,0.00655736888002989,-0.018418732104062117,0.20798223238755795,15.100429978249903
4ih2ggld,BSE,requant3,frac_si,raw,0.0008264846818577948,0.0008264846818577948,0.04280353373459519,0.04280353373459519,1.0
4ih2ggld,BSE,requant3,frac_si,affine2,0.0008264846818577948,-0.0023828166321144956,0.04280353373459519,-0.1076015302433201,2.8830741626793803
4ih2ggld,BSE,requant3,frac_si,hybrid,0.0008264846818577948,-0.0023828166321144956,0.04280353373459519,-0.1076015302433201,2.8830741626793803
4ih2ggld,BSE,requant3,frac_si,clean_norm,0.0008264846818577948,-0.007689049458078995,0.04280353373459519,-0.20543095016451388,9.303317565178993
4ih2ggld,BSE,requant3,frac_si,clean_harm,0.0008264846818577948,-0.008753706241435122,0.04280353373459519,-0.24199671070600592,10.59149241793363
4ih2ggld,BSE,all_strong,p1,raw,21.0,21.0,2.551834738297222,2.551834738297222,1.0
4ih2ggld,BSE,all_strong,p1,affine2,21.0,1.0,2.551834738297222,0.817963781717405,0.047619047619047616
4ih2ggld,BSE,all_strong,p1,hybrid,21.0,1.0,2.551834738297222,0.817963781717405,0.047619047619047616
4ih2ggld,BSE,all_strong,p1,clean_norm,21.0,0.0,2.551834738297222,0.0,0.0
4ih2ggld,BSE,all_strong,p1,clean_harm,21.0,0.0,2.551834738297222,0.0,0.0
4ih2ggld,BSE,all_strong,noise_sigma,raw,-2.8906026981171795,-2.8906026981171795,-3.9392454993409762,-3.9392454993409762,1.0
4ih2ggld,BSE,all_strong,noise_sigma,affine2,-2.8906026981171795,-1.7043565258956717,-3.9392454993409762,-2.68306957033516,0.5896197796417404
4ih2ggld,BSE,all_strong,noise_sigma,hybrid,-2.8906026981171795,-1.7043565258956717,-3.9392454993409762,-2.68306957033516,0.5896197796417404
4ih2ggld,BSE,all_strong,noise_sigma,clean_norm,-2.8906026981171795,-1.774493855558383,-3.9392454993409762,-1.5943507464206854,0.613883691700079
4ih2ggld,BSE,all_strong,noise_sigma,clean_harm,-2.8906026981171795,-0.6668160890652377,-3.9392454993409762,-2.198987069707122,0.23068410248823695
4ih2ggld,BSE,all_strong,sharpness,raw,-0.0362329982000326,-0.0362329982000326,-3.1608582648173544,-3.1608582648173544,1.0
4ih2ggld,BSE,all_strong,sharpness,affine2,-0.0362329982000326,-0.03515328583773129,-3.1608582648173544,-3.1076781118498236,0.9702008551337512
4ih2ggld,BSE,all_strong,sharpness,hybrid,-0.0362329982000326,-0.03515328583773129,-3.1608582648173544,-3.1076781118498236,0.9702008551337512
4ih2ggld,BSE,all_strong,sharpness,clean_norm,-0.0362329982000326,-0.028873106858966005,-3.1608582648173544,-2.6541830704730764,0.7968732451994555
4ih2ggld,BSE,all_strong,sharpness,clean_harm,-0.0362329982000326,-0.01969614776357391,-3.1608582648173544,-1.4993427239523043,0.5435969624936031
4ih2ggld,BSE,all_strong,sharp_robust,raw,-4.737519326560003e-05,-4.737519326560003e-05,-0.8282016247192915,-0.8282016247192915,1.0
4ih2ggld,BSE,all_strong,sharp_robust,affine2,-4.737519326560003e-05,-4.443799238320001e-05,-0.8282016247192915,-0.7809183184155737,0.9380012897059193
4ih2ggld,BSE,all_strong,sharp_robust,hybrid,-4.737519326560003e-05,-4.443799238320001e-05,-0.8282016247192915,-0.7809183184155737,0.9380012897059193
4ih2ggld,BSE,all_strong,sharp_robust,clean_norm,-4.737519326560003e-05,1.6960145604399957e-05,-0.8282016247192915,0.2708443306674337,0.357996335958275
4ih2ggld,BSE,all_strong,sharp_robust,clean_harm,-4.737519326560003e-05,1.335469551600008e-05,-0.8282016247192915,0.21355182962364394,0.281892159070033
4ih2ggld,BSE,all_strong,frac_pore,raw,-0.04663311297037209,-0.04663311297037209,-1.8923616015058125,-1.8923616015058125,1.0
4ih2ggld,BSE,all_strong,frac_pore,affine2,-0.04663311297037209,-0.006954433605895399,-1.8923616015058125,-0.48678824078562855,0.14913080347678767
4ih2ggld,BSE,all_strong,frac_pore,hybrid,-0.04663311297037209,-0.006954433605895399,-1.8923616015058125,-0.48678824078562855,0.14913080347678767
4ih2ggld,BSE,all_strong,frac_pore,clean_norm,-0.04663311297037209,0.004239441883642697,-1.8923616015058125,0.21222002888506586,0.09091054861244598
4ih2ggld,BSE,all_strong,frac_pore,clean_harm,-0.04663311297037209,0.005344711598355603,-1.8923616015058125,0.26445638303397956,0.11461194112756991
4ih2ggld,BSE,all_strong,frac_graphite,raw,0.09180183546825404,0.09180183546825404,3.8937744786983104,3.8937744786983104,1.0
4ih2ggld,BSE,all_strong,frac_graphite,affine2,0.09180183546825404,0.0220577985651198,3.8937744786983104,1.188693752282722,0.24027622598839649
4ih2ggld,BSE,all_strong,frac_graphite,hybrid,0.09180183546825404,0.0220577985651198,3.8937744786983104,1.188693752282722,0.24027622598839649
4ih2ggld,BSE,all_strong,frac_graphite,clean_norm,0.09180183546825404,-0.013525351937211938,3.8937744786983104,-0.4094092200026701,0.14733204263534724
4ih2ggld,BSE,all_strong,frac_graphite,clean_harm,0.09180183546825404,-0.017606079481749082,3.8937744786983104,-0.5584178320909502,0.1917835236294097
4ih2ggld,BSE,all_strong,frac_si,raw,-0.0451687224978819,-0.0451687224978819,-2.3392822391344867,-2.3392822391344867,1.0
4ih2ggld,BSE,all_strong,frac_si,affine2,-0.0451687224978819,-0.0151033649592245,-2.3392822391344867,-0.682026958991701,0.3343766244425608
4ih2ggld,BSE,all_strong,frac_si,hybrid,-0.0451687224978819,-0.0151033649592245,-2.3392822391344867,-0.682026958991701,0.3343766244425608
4ih2ggld,BSE,all_strong,frac_si,clean_norm,-0.0451687224978819,0.009285910053569213,-2.3392822391344867,0.248094817941713,0.20558274708798016
4ih2ggld,BSE,all_strong,frac_si,clean_harm,-0.0451687224978819,0.012261367883393492,-2.3392822391344867,0.33896621781667524,0.2714570438419742
4ih2ggld,Inlens,session_strong,p1,raw,22.0,22.0,2.5488699581622813,2.5488699581622813,1.0
4ih2ggld,Inlens,session_strong,p1,affine2,22.0,0.0,2.5488699581622813,0.0,0.0
4ih2ggld,Inlens,session_strong,p1,hybrid,22.0,1.0,2.5488699581622813,0.5056035643328478,0.045454545454545456
4ih2ggld,Inlens,session_strong,p1,clean_norm,22.0,0.0,2.5488699581622813,0.0,0.0
4ih2ggld,Inlens,session_strong,p1,clean_harm,22.0,0.0,2.5488699581622813,0.0,0.0
4ih2ggld,Inlens,session_strong,noise_sigma,raw,-1.8815057847656487,-1.8815057847656487,-1.9705035686161456,-1.9705035686161456,1.0
4ih2ggld,Inlens,session_strong,noise_sigma,affine2,-1.8815057847656487,-0.0039898220666669815,-1.9705035686161456,-0.0037124608259423886,0.0021205473291510154
4ih2ggld,Inlens,session_strong,noise_sigma,hybrid,-1.8815057847656487,0.006921542327732233,-1.9705035686161456,0.003378035228149811,0.0036787249785651586
4ih2ggld,Inlens,session_strong,noise_sigma,clean_norm,-1.8815057847656487,-0.023805427770774656,-1.9705035686161456,-0.029021889199461987,0.012652327706629798
4ih2ggld,Inlens,session_strong,noise_sigma,clean_harm,-1.8815057847656487,-0.09544732355729568,-1.9705035686161456,-0.1518553558512581,0.05072922141941973
4ih2ggld,Inlens,session_strong,sharpness,raw,-4.735425875999899e-06,-4.735425875999899e-06,-0.0007024262458145108,-0.0007024262458145108,1.0
4ih2ggld,Inlens,session_strong,sharpness,affine2,-4.735425875999899e-06,-0.00014329299428109815,-0.0007024262458145108,-0.012203298244439536,30.25979036169401
4ih2ggld,Inlens,session_strong,sharpness,hybrid,-4.735425875999899e-06,0.00048503140204890494,-0.0007024262458145108,0.0277140305968317,102.42614175572733
4ih2ggld,Inlens,session_strong,sharpness,clean_norm,-4.735425875999899e-06,1.9183504816701336e-05,-0.0007024262458145108,0.00210891293268533,4.051062210460782
4ih2ggld,Inlens,session_strong,sharpness,clean_harm,-4.735425875999899e-06,-0.006776604889857006,-0.0007024262458145108,-0.6932737350278555,1431.044444007078
4ih2ggld,Inlens,session_strong,sharp_robust,raw,-8.446200651999851e-07,-8.446200651999851e-07,-0.006367771765664566,-0.006367771765664566,1.0
4ih2ggld,Inlens,session_strong,sharp_robust,affine2,-8.446200651999851e-07,-2.880631754499977e-06,-0.006367771765664566,-0.01301923151693367,3.4105651442437788
4ih2ggld,Inlens,session_strong,sharp_robust,hybrid,-8.446200651999851e-07,6.3979739268001014e-06,-0.006367771765664566,0.07632395490835792,7.5749726893893055
4ih2ggld,Inlens,session_strong,sharp_robust,clean_norm,-8.446200651999851e-07,4.2904211419996386e-07,-0.006367771765664566,0.0026003218497462482,0.5079705442450948
4ih2ggld,Inlens,session_strong,sharp_robust,clean_harm,-8.446200651999851e-07,-2.6190591339499982e-05,-0.006367771765664566,-0.16105323532223295,31.00872500974589
4ih2ggld,Inlens,offset6,p1,raw,6.0,6.0,0.6951463522260767,0.6951463522260767,1.0
4ih2ggld,Inlens,offset6,p1,affine2,6.0,0.0,0.6951463522260767,0.0,0.0
4ih2ggld,Inlens,offset6,p1,hybrid,6.0,0.0,0.6951463522260767,0.0,0.0
4ih2ggld,Inlens,offset6,p1,clean_norm,6.0,0.0,0.6951463522260767,0.0,0.0
4ih2ggld,Inlens,offset6,p1,clean_harm,6.0,0.0,0.6951463522260767,0.0,0.0
4ih2ggld,Inlens,offset6,noise_sigma,raw,-0.03096934827032971,-0.03096934827032971,-0.03243424058459749,-0.03243424058459749,1.0
4ih2ggld,Inlens,offset6,noise_sigma,affine2,-0.03096934827032971,-0.009390446540805009,-0.03243424058459749,-0.008737649032546344,0.30321744128537437
4ih2ggld,Inlens,offset6,noise_sigma,hybrid,-0.03096934827032971,-0.00268582336257861,-0.03243424058459749,-0.001310806971305618,0.08672521420645368
4ih2ggld,Inlens,offset6,noise_sigma,clean_norm,-0.03096934827032971,-0.04769965164377954,-0.03243424058459749,-0.05815203230912817,1.5402213578216741
4ih2ggld,Inlens,offset6,noise_sigma,clean_harm,-0.03096934827032971,-0.04745127093823909,-0.03243424058459749,-0.07549430791105693,1.5322011468901313
4ih2ggld,Inlens,offset6,sharpness,raw,0.0005212629569614977,0.0005212629569614977,0.07732119381201852,0.07732119381201852,1.0
4ih2ggld,Inlens,offset6,sharpness,affine2,0.0005212629569614977,-0.00013201803392930145,0.07732119381201852,-0.01124308588683263,0.25326571199083453
4ih2ggld,Inlens,offset6,sharpness,hybrid,0.0005212629569614977,-3.202203493069683e-05,0.07732119381201852,-0.0018296952570354696,0.061431633502900325
4ih2ggld,Inlens,offset6,sharpness,clean_norm,0.0005212629569614977,-0.00031089280627349947,0.07732119381201852,-0.03417758465378061,0.5964222128611052
4ih2ggld,Inlens,offset6,sharpness,clean_harm,0.0005212629569614977,-0.005909903178038002,0.07732119381201852,-0.6046066897044449,11.337661921130008
4ih2ggld,Inlens,offset6,sharp_robust,raw,8.803865657900007e-06,8.803865657900007e-06,0.066374230822714,0.066374230822714,1.0
4ih2ggld,Inlens,offset6,sharp_robust,affine2,8.803865657900007e-06,-7.762564277999677e-07,0.066374230822714,-0.003508349213414104,0.08817222547045643
4ih2ggld,Inlens,offset6,sharp_robust,hybrid,8.803865657900007e-06,9.490068060005134e-08,0.066374230822714,0.0011321076562300755,0.010779433068119768
4ih2ggld,Inlens,offset6,sharp_robust,clean_norm,8.803865657900007e-06,-4.071103718200067e-06,0.066374230822714,-0.02467398793882719,0.4624222899797349
4ih2ggld,Inlens,offset6,sharp_robust,clean_harm,8.803865657900007e-06,-1.8127360309899915e-05,0.066374230822714,-0.11147018362117492,2.0590228218252764
4ih2ggld,Inlens,noise6,p1,raw,2.0,2.0,0.23171545074202557,0.23171545074202557,1.0
4ih2ggld,Inlens,noise6,p1,affine2,2.0,1.0,0.23171545074202557,0.1220031275181081,0.5
4ih2ggld,Inlens,noise6,p1,hybrid,2.0,1.0,0.23171545074202557,0.5056035643328478,0.5
4ih2ggld,Inlens,noise6,p1,clean_norm,2.0,1.0,0.23171545074202557,0.16453292505000588,0.5
4ih2ggld,Inlens,noise6,p1,clean_harm,2.0,1.0,0.23171545074202557,0.16414159984895177,0.5
4ih2ggld,Inlens,noise6,noise_sigma,raw,0.8094218013121566,0.8094218013121566,0.8477085539229288,0.8477085539229288,1.0
4ih2ggld,Inlens,noise6,noise_sigma,affine2,0.8094218013121566,0.958756974807855,0.8477085539229288,0.8921068787277033,1.1844961097583617
4ih2ggld,Inlens,noise6,noise_sigma,hybrid,0.8094218013121566,1.2829534069076587,0.8477085539229288,0.6261410534534478,1.5850245259367346
4ih2ggld,Inlens,noise6,noise_sigma,clean_norm,0.8094218013121566,0.3880621489476135,0.8477085539229288,0.47309784968826313,0.4794313030839107
4ih2ggld,Inlens,noise6,noise_sigma,clean_harm,0.8094218013121566,0.19821628936216618,0.8477085539229288,0.31535934204104693,0.2448862744255678
4ih2ggld,Inlens,noise6,sharpness,raw,0.0038116684846062968,0.0038116684846062968,0.5654013079375131,0.5654013079375131,1.0
4ih2ggld,Inlens,noise6,sharpness,affine2,0.0038116684846062968,0.004095677003754898,0.5654013079375131,0.34880119743793025,1.0745102886821325
4ih2ggld,Inlens,noise6,sharpness,hybrid,0.0038116684846062968,0.007010723880309905,0.5654013079375131,0.40058316905687036,1.8392795461156257
4ih2ggld,Inlens,noise6,sharpness,clean_norm,0.0038116684846062968,0.004667595859439301,0.5654013079375131,0.5131259051239767,1.2245545168184824
4ih2ggld,Inlens,noise6,sharpness,clean_harm,0.0038116684846062968,0.0002632598051385965,0.5654013079375131,0.026932529099389677,0.06906681580567423
4ih2ggld,Inlens,noise6,sharp_robust,raw,1.4608370026999973e-05,1.4608370026999973e-05,0.11013563379918692,0.11013563379918692,1.0
4ih2ggld,Inlens,noise6,sharp_robust,affine2,1.4608370026999973e-05,7.305531030099978e-06,0.11013563379918692,0.03301789605229296,0.5000921400948568
4ih2ggld,Inlens,noise6,sharp_robust,hybrid,1.4608370026999973e-05,7.0819800737000754e-06,0.11013563379918692,0.084483734068187,0.484789203765429
4ih2ggld,Inlens,noise6,sharp_robust,clean_norm,1.4608370026999973e-05,1.260462429349997e-05,0.11013563379918692,0.07639361935214214,0.8628357763531063
4ih2ggld,Inlens,noise6,sharp_robust,clean_harm,1.4608370026999973e-05,2.202843494100064e-06,0.11013563379918692,0.013545897724664382,0.15079324319062637
4ih2ggld,Inlens,blur1.0,p1,raw,0.0,0.0,0.0,0.0,
4ih2ggld,Inlens,blur1.0,p1,affine2,0.0,0.0,0.0,0.0,
4ih2ggld,Inlens,blur1.0,p1,hybrid,0.0,-5.0,0.0,-2.5280178216642395,
4ih2ggld,Inlens,blur1.0,p1,clean_norm,0.0,0.0,0.0,0.0,
4ih2ggld,Inlens,blur1.0,p1,clean_harm,0.0,0.0,0.0,0.0,
4ih2ggld,Inlens,blur1.0,noise_sigma,raw,-4.155786535382623,-4.155786535382623,-4.352360893431092,-4.352360893431092,1.0
4ih2ggld,Inlens,blur1.0,noise_sigma,affine2,-4.155786535382623,-4.722935105719508,-4.352360893431092,-4.394609902516045,1.136472016911395
4ih2ggld,Inlens,blur1.0,noise_sigma,hybrid,-4.155786535382623,-5.05623075798287,-4.352360893431092,-2.467676250954441,1.2166723952093808
4ih2ggld,Inlens,blur1.0,noise_sigma,clean_norm,-4.155786535382623,-2.0000808707354363,-4.352360893431092,-2.4383567470150274,0.4812761323774993
4ih2ggld,Inlens,blur1.0,noise_sigma,clean_harm,-4.155786535382623,-0.30802974594400867,-4.352360893431092,-0.4900710144587879,0.07412068529541266
4ih2ggld,Inlens,blur1.0,sharpness,raw,-0.0248772030999584,-0.0248772030999584,-3.690143365654334,-3.690143365654334,1.0
4ih2ggld,Inlens,blur1.0,sharpness,affine2,-0.0248772030999584,-0.0309538051395497,-3.690143365654334,-2.636126893804591,1.2442638754515558
4ih2ggld,Inlens,blur1.0,sharpness,hybrid,-0.0248772030999584,-0.0359733782457393,-3.690143365654334,-2.055469607044733,1.4460378886322416
4ih2ggld,Inlens,blur1.0,sharpness,clean_norm,-0.0248772030999584,-0.0305675346815024,-3.690143365654334,-3.3604010229665944,1.2287367900113142
4ih2ggld,Inlens,blur1.0,sharpness,clean_harm,-0.0248772030999584,-0.018868531641375703,-3.690143365654334,-1.9303261172991053,0.7584667603331685
4ih2ggld,Inlens,blur1.0,sharp_robust,raw,-4.226925652909999e-05,-4.226925652909999e-05,-0.31867698788082294,-0.31867698788082294,1.0
4ih2ggld,Inlens,blur1.0,sharp_robust,affine2,-4.226925652909999e-05,-0.00010169041335510002,-0.31867698788082294,-0.45959745894439746,2.4057771937647385
4ih2ggld,Inlens,blur1.0,sharp_robust,hybrid,-4.226925652909999e-05,-8.368931515549997e-05,-0.31867698788082294,-0.9983628550725268,1.9799097979848455
4ih2ggld,Inlens,blur1.0,sharp_robust,clean_norm,-4.226925652909999e-05,-6.117636656880008e-05,-0.31867698788082294,-0.37077535610593954,1.4473016937660972
4ih2ggld,Inlens,blur1.0,sharp_robust,clean_harm,-4.226925652909999e-05,-7.356409353809993e-05,-0.31867698788082294,-0.45236608499136527,1.740368759205765
4ih2ggld,Inlens,requant3,p1,raw,0.0,0.0,0.0,0.0,
4ih2ggld,Inlens,requant3,p1,affine2,0.0,0.0,0.0,0.0,
4ih2ggld,Inlens,requant3,p1,hybrid,0.0,-1.0,0.0,-0.5056035643328478,
4ih2ggld,Inlens,requant3,p1,clean_norm,0.0,0.0,0.0,0.0,
4ih2ggld,Inlens,requant3,p1,clean_harm,0.0,0.0,0.0,0.0,
4ih2ggld,Inlens,requant3,noise_sigma,raw,0.019042106790268853,0.019042106790268853,0.019942824352712867,0.019942824352712867,1.0
4ih2ggld,Inlens,requant3,noise_sigma,affine2,0.019042106790268853,0.021927048685123296,0.019942824352712867,0.020402741754359615,1.1515032935498892
4ih2ggld,Inlens,requant3,noise_sigma,hybrid,0.019042106790268853,0.016908102561833616,0.019942824352712867,0.008251942036993582,0.8879323463554052
4ih2ggld,Inlens,requant3,noise_sigma,clean_norm,0.019042106790268853,0.0074493513270046385,0.019942824352712867,0.009081720811823015,0.3912041566120984
4ih2ggld,Inlens,requant3,noise_sigma,clean_harm,0.019042106790268853,0.10245828293902237,0.019942824352712867,0.16300969409869703,5.380616969934333
4ih2ggld,Inlens,requant3,sharpness,raw,6.246355275520143e-05,6.246355275520143e-05,0.009265489527445773,0.009265489527445773,1.0
4ih2ggld,Inlens,requant3,sharpness,affine2,6.246355275520143e-05,7.973946318719921e-05,0.009265489527445773,0.006790872477798861,1.2765758537575207
4ih2ggld,Inlens,requant3,sharpness,hybrid,6.246355275520143e-05,-0.0004136611066377985,0.009265489527445773,-0.02363602958004622,6.622439621053291
4ih2ggld,Inlens,requant3,sharpness,clean_norm,6.246355275520143e-05,0.0007650134900610006,0.009265489527445773,0.08410073436965439,12.247357960235407
4ih2ggld,Inlens,requant3,sharpness,clean_harm,6.246355275520143e-05,0.0015478815637887944,0.009265489527445773,0.15835446371011,24.78055594844307
4ih2ggld,Inlens,requant3,sharp_robust,raw,2.0740543669995302e-07,2.0740543669995302e-07,0.0015636740568678992,0.0015636740568678992,1.0
4ih2ggld,Inlens,requant3,sharp_robust,affine2,2.0740543669995302e-07,1.9858131860000117e-07,0.0015636740568678992,0.0008975031805966305,0.9574547406261225
4ih2ggld,Inlens,requant3,sharp_robust,hybrid,2.0740543669995302e-07,-6.945563457299978e-06,0.0015636740568678992,-0.08285636643618428,33.4878562867564
4ih2ggld,Inlens,requant3,sharp_robust,clean_norm,2.0740543669995302e-07,9.941544082699974e-06,0.0015636740568678992,0.06025332582248972,47.932900124899305
4ih2ggld,Inlens,requant3,sharp_robust,clean_harm,2.0740543669995302e-07,3.616112108000089e-07,0.0015636740568678992,0.002223647976221803,1.743499189575925
4ih2ggld,Inlens,all_strong,p1,raw,22.0,22.0,2.5488699581622813,2.5488699581622813,1.0
4ih2ggld,Inlens,all_strong,p1,affine2,22.0,3.0,2.5488699581622813,0.3660093825543243,0.13636363636363635
4ih2ggld,Inlens,all_strong,p1,hybrid,22.0,1.0,2.5488699581622813,0.5056035643328478,0.045454545454545456
4ih2ggld,Inlens,all_strong,p1,clean_norm,22.0,6.0,2.5488699581622813,0.9871975503000353,0.2727272727272727
4ih2ggld,Inlens,all_strong,p1,clean_harm,22.0,6.0,2.5488699581622813,0.9848495990937106,0.2727272727272727
4ih2ggld,Inlens,all_strong,noise_sigma,raw,-2.6710906610298064,-2.6710906610298064,-2.797436883943504,-2.797436883943504,1.0
4ih2ggld,Inlens,all_strong,noise_sigma,affine2,-2.6710906610298064,-1.4296023430729363,-2.797436883943504,-1.3302203974643352,0.5352129614806
4ih2ggld,Inlens,all_strong,noise_sigma,hybrid,-2.6710906610298064,-0.8349954927224585,-2.797436883943504,-0.4075167146578625,0.31260469923568085
4ih2ggld,Inlens,all_strong,noise_sigma,clean_norm,-2.6710906610298064,-0.9551904348602136,-2.797436883943504,-1.164500433759563,0.3576031502023041
4ih2ggld,Inlens,all_strong,noise_sigma,clean_harm,-2.6710906610298064,-0.0899208528590183,-2.797436883943504,-0.14306281832154213,0.03366447053667224
4ih2ggld,Inlens,all_strong,sharpness,raw,-0.0178169162258773,-0.0178169162258773,-2.6428604109217617,-2.6428604109217617,1.0
4ih2ggld,Inlens,all_strong,sharpness,affine2,-0.0178169162258773,-0.0236139536992885,-2.6428604109217617,-2.011041231768134,1.3253670500505343
4ih2ggld,Inlens,all_strong,sharpness,hybrid,-0.0178169162258773,-0.020791210838678097,-2.6428604109217617,-1.187981336660354,1.1669365548500996
4ih2ggld,Inlens,all_strong,sharpness,clean_norm,-0.0178169162258773,-0.0222514460948704,-2.6428604109217617,-2.446182951906064,1.2488943548240063
4ih2ggld,Inlens,all_strong,sharpness,clean_harm,-0.0178169162258773,-0.011009723195378802,-2.6428604109217617,-1.1263386379081248,0.6179365191933873
4ih2ggld,Inlens,all_strong,sharp_robust,raw,-3.716349349150005e-05,-3.716349349150005e-05,-0.2801835456189409,-0.2801835456189409,1.0
4ih2ggld,Inlens,all_strong,sharp_robust,affine2,-3.716349349150005e-05,-0.00010909655513840003,-0.2801835456189409,-0.4930700728504938,2.935583953197305
4ih2ggld,Inlens,all_strong,sharp_robust,hybrid,-3.716349349150005e-05,-4.6952356001499934e-05,-0.2801835456189409,-0.5601131769681899,1.263399954911095
4ih2ggld,Inlens,all_strong,sharp_robust,clean_norm,-3.716349349150005e-05,-8.002089073120004e-05,-0.2801835456189409,-0.4849875192147607,2.153212284778939
4ih2ggld,Inlens,all_strong,sharp_robust,clean_harm,-3.716349349150005e-05,-8.065659249459995e-05,-0.2801835456189409,-0.49597983500781284,2.1703178285175895
4ih2ggld,SE_type,session_strong,p1,raw,22.0,22.0,3.2404675387707407,3.2404675387707407,1.0
4ih2ggld,SE_type,session_strong,p1,affine2,22.0,0.0,3.2404675387707407,0.0,0.0
4ih2ggld,SE_type,session_strong,p1,hybrid,22.0,0.0,3.2404675387707407,0.0,0.0
4ih2ggld,SE_type,session_strong,p1,clean_norm,22.0,-11.0,3.2404675387707407,-2.8123037838029634,0.5
4ih2ggld,SE_type,session_strong,p1,clean_harm,22.0,-11.0,3.2404675387707407,-2.8123037838029634,0.5
4ih2ggld,SE_type,session_strong,noise_sigma,raw,-1.5519877960496373,-1.5519877960496373,-2.8307927835131306,-2.8307927835131306,1.0
4ih2ggld,SE_type,session_strong,noise_sigma,affine2,-1.5519877960496373,-0.03467353252562422,-2.8307927835131306,-0.06671100421325814,0.022341369316099476
4ih2ggld,SE_type,session_strong,noise_sigma,hybrid,-1.5519877960496373,-0.03467353252562422,-2.8307927835131306,-0.06671100421325814,0.022341369316099476
4ih2ggld,SE_type,session_strong,noise_sigma,clean_norm,-1.5519877960496373,0.923600341809955,-2.8307927835131306,1.328313601668836,0.5951079925762608
4ih2ggld,SE_type,session_strong,noise_sigma,clean_harm,-1.5519877960496373,0.39986106039647673,-2.8307927835131306,1.0628092258661541,0.2576444617762239
4ih2ggld,SE_type,session_strong,sharpness,raw,0.0004074071064468013,0.0004074071064468013,0.06663112291584061,0.06663112291584061,1.0
4ih2ggld,SE_type,session_strong,sharpness,affine2,0.0004074071064468013,9.923466919980334e-05,0.06663112291584061,0.016220024994511,0.24357618615266172
4ih2ggld,SE_type,session_strong,sharpness,hybrid,0.0004074071064468013,9.923466919980334e-05,0.06663112291584061,0.016220024994511,0.24357618615266172
4ih2ggld,SE_type,session_strong,sharpness,clean_norm,0.0004074071064468013,6.0768869359295596e-05,0.06663112291584061,0.010283112372885084,0.14916006225146866
4ih2ggld,SE_type,session_strong,sharpness,clean_harm,0.0004074071064468013,-0.004094570960576804,0.06663112291584061,-0.7195284878004655,10.05031796398345
4ih2ggld,SE_type,session_strong,sharp_robust,raw,5.369907616200047e-06,5.369907616200047e-06,0.11187179841942625,0.11187179841942625,1.0
4ih2ggld,SE_type,session_strong,sharp_robust,affine2,5.369907616200047e-06,2.9399870020999303e-06,0.11187179841942625,0.06191285982248113,0.547493031952825
4ih2ggld,SE_type,session_strong,sharp_robust,hybrid,5.369907616200047e-06,2.9399870020999303e-06,0.11187179841942625,0.06191285982248113,0.547493031952825
4ih2ggld,SE_type,session_strong,sharp_robust,clean_norm,5.369907616200047e-06,-8.662034734400028e-06,0.11187179841942625,-0.1725668480478532,1.6130696007261325
4ih2ggld,SE_type,session_strong,sharp_robust,clean_harm,5.369907616200047e-06,-8.61859079250005e-06,0.11187179841942625,-0.17345701136471153,1.604979342009406
4ih2ggld,SE_type,offset6,p1,raw,6.0,6.0,0.883763874210202,0.883763874210202,1.0
4ih2ggld,SE_type,offset6,p1,affine2,6.0,0.0,0.883763874210202,0.0,0.0
4ih2ggld,SE_type,offset6,p1,hybrid,6.0,0.0,0.883763874210202,0.0,0.0
4ih2ggld,SE_type,offset6,p1,clean_norm,6.0,-11.0,0.883763874210202,-2.8123037838029634,1.8333333333333333
4ih2ggld,SE_type,offset6,p1,clean_harm,6.0,-11.0,0.883763874210202,-2.8123037838029634,1.8333333333333333
4ih2ggld,SE_type,offset6,noise_sigma,raw,-0.0038548685499897317,-0.0038548685499897317,-0.0070311983769965475,-0.0070311983769965475,1.0
4ih2ggld,SE_type,offset6,noise_sigma,affine2,-0.0038548685499897317,-0.0038072622480953555,-0.0070311983769965475,-0.007325076776817261,0.9876503436428453
4ih2ggld,SE_type,offset6,noise_sigma,hybrid,-0.0038548685499897317,-0.0038072622480953555,-0.0070311983769965475,-0.007325076776817261,0.9876503436428453
4ih2ggld,SE_type,offset6,noise_sigma,clean_norm,-0.0038548685499897317,0.9231420794082323,-0.0070311983769965475,1.3276545328554261,239.47433419245678
4ih2ggld,SE_type,offset6,noise_sigma,clean_harm,-0.0038548685499897317,0.38474378272159093,-0.0070311983769965475,1.0226283136089858,99.80723797251551
4ih2ggld,SE_type,offset6,sharpness,raw,-0.00014645523495139534,-0.00014645523495139534,-0.023952642473086046,-0.023952642473086046,1.0
4ih2ggld,SE_type,offset6,sharpness,affine2,-0.00014645523495139534,-0.0001459893774216972,-0.023952642473086046,-0.023862137797278228,0.9968191131586881
4ih2ggld,SE_type,offset6,sharpness,hybrid,-0.00014645523495139534,-0.0001459893774216972,-0.023952642473086046,-0.023862137797278228,0.9968191131586881
4ih2ggld,SE_type,offset6,sharpness,clean_norm,-0.00014645523495139534,9.452381968169665e-05,-0.023952642473086046,0.0159950163619842,0.6454110002490975
4ih2ggld,SE_type,offset6,sharpness,clean_harm,-0.00014645523495139534,-0.004394556677519902,-0.023952642473086046,-0.7722442109744019,30.006142689118217
4ih2ggld,SE_type,offset6,sharp_robust,raw,-2.235795060800028e-06,-2.235795060800028e-06,-0.046578532113736026,-0.046578532113736026,1.0
4ih2ggld,SE_type,offset6,sharp_robust,affine2,-2.235795060800028e-06,-2.1823048643000243e-06,-0.046578532113736026,-0.04595691581521272,0.9760755368692587
4ih2ggld,SE_type,offset6,sharp_robust,hybrid,-2.235795060800028e-06,-2.1823048643000243e-06,-0.046578532113736026,-0.04595691581521272,0.9760755368692587
4ih2ggld,SE_type,offset6,sharp_robust,clean_norm,-2.235795060800028e-06,-7.751937699300004e-06,-0.046578532113736026,-0.15443570662663542,3.4671951088961395
4ih2ggld,SE_type,offset6,sharp_robust,clean_harm,-2.235795060800028e-06,-8.669950803900017e-06,-0.046578532113736026,-0.17449067850306182,3.8777931644583177
4ih2ggld,SE_type,noise6,p1,raw,1.0,1.0,0.14729397903503366,0.14729397903503366,1.0
4ih2ggld,SE_type,noise6,p1,affine2,1.0,1.0,0.14729397903503366,2.0108401877995092,1.0
4ih2ggld,SE_type,noise6,p1,hybrid,1.0,1.0,0.14729397903503366,2.0108401877995092,1.0
4ih2ggld,SE_type,noise6,p1,clean_norm,1.0,-11.0,0.14729397903503366,-2.8123037838029634,11.0
4ih2ggld,SE_type,noise6,p1,clean_harm,1.0,-11.0,0.14729397903503366,-2.8123037838029634,11.0
4ih2ggld,SE_type,noise6,noise_sigma,raw,0.9158115368520443,0.9158115368520443,1.6704207959480122,1.6704207959480122,1.0
4ih2ggld,SE_type,noise6,noise_sigma,affine2,0.9158115368520443,0.9001532032069228,1.6704207959480122,1.7318721156356647,0.9829022315017515
4ih2ggld,SE_type,noise6,noise_sigma,hybrid,0.9158115368520443,0.9001532032069228,1.6704207959480122,1.7318721156356647,0.9829022315017515
4ih2ggld,SE_type,noise6,noise_sigma,clean_norm,0.9158115368520443,1.9764261272593568,1.6704207959480122,2.842478059706548,2.1581144675824957
4ih2ggld,SE_type,noise6,noise_sigma,clean_harm,0.9158115368520443,0.29687621036170864,1.6704207959480122,0.789081024793344,0.32416736240534066
4ih2ggld,SE_type,noise6,sharpness,raw,0.005031213031851202,0.005031213031851202,0.8228510711676336,0.8228510711676336,1.0
4ih2ggld,SE_type,noise6,sharpness,affine2,0.005031213031851202,0.005126791311857198,0.8228510711676336,0.8379801524055506,1.0189970648034414
4ih2ggld,SE_type,noise6,sharpness,hybrid,0.005031213031851202,0.005126791311857198,0.8228510711676336,0.8379801524055506,1.0189970648034414
4ih2ggld,SE_type,noise6,sharpness,clean_norm,0.005031213031851202,0.004110851043217699,0.8228510711676336,0.6956249749467032,0.8170695649723141
4ih2ggld,SE_type,noise6,sharpness,clean_harm,0.005031213031851202,-0.0078385039911643,0.8228510711676336,-1.3774402685124911,1.5579749737371336
4ih2ggld,SE_type,noise6,sharp_robust,raw,4.490523859699983e-06,4.490523859699983e-06,0.09355151260227298,0.09355151260227298,1.0
4ih2ggld,SE_type,noise6,sharp_robust,affine2,4.490523859699983e-06,4.647647325600008e-06,0.09355151260227298,0.09787428895728909,1.0349900080278214
4ih2ggld,SE_type,noise6,sharp_robust,hybrid,4.490523859699983e-06,4.647647325600008e-06,0.09355151260227298,0.09787428895728909,1.0349900080278214
4ih2ggld,SE_type,noise6,sharp_robust,clean_norm,4.490523859699983e-06,-1.3427540137600003e-05,0.09355151260227298,-0.2675062326152362,2.990194586895506
4ih2ggld,SE_type,noise6,sharp_robust,clean_harm,4.490523859699983e-06,-1.4962400069199974e-05,0.09355151260227298,-0.3011319670850431,3.3319943366695814
4ih2ggld,SE_type,blur1.0,p1,raw,0.0,0.0,0.0,0.0,
4ih2ggld,SE_type,blur1.0,p1,affine2,0.0,0.0,0.0,0.0,
4ih2ggld,SE_type,blur1.0,p1,hybrid,0.0,0.0,0.0,0.0,
4ih2ggld,SE_type,blur1.0,p1,clean_norm,0.0,-5.0,0.0,-1.2783199017286198,
4ih2ggld,SE_type,blur1.0,p1,clean_harm,0.0,-6.0,0.0,-1.5339838820743437,
4ih2ggld,SE_type,blur1.0,noise_sigma,raw,-3.4977277290429813,-3.4977277290429813,-6.379781103479738,-6.379781103479738,1.0
4ih2ggld,SE_type,blur1.0,noise_sigma,affine2,-3.4977277290429813,-3.4289310342384267,-6.379781103479738,-6.5971770399512595,0.9803310319916244
4ih2ggld,SE_type,blur1.0,noise_sigma,hybrid,-3.4977277290429813,-3.4289310342384267,-6.379781103479738,-6.5971770399512595,0.9803310319916244
4ih2ggld,SE_type,blur1.0,noise_sigma,clean_norm,-3.4977277290429813,-3.861015765468213,-6.379781103479738,-5.552877717085705,1.1038640124583485
4ih2ggld,SE_type,blur1.0,noise_sigma,clean_harm,-3.4977277290429813,-0.5885277325823717,-6.379781103479738,-1.564275109075224,0.1682600185530735
4ih2ggld,SE_type,blur1.0,sharpness,raw,-0.027239124575218997,-0.027239124575218997,-4.454938141655388,-4.454938141655388,1.0
4ih2ggld,SE_type,blur1.0,sharpness,affine2,-0.027239124575218997,-0.027356930838725,-4.454938141655388,-4.471522962240173,1.0043248916895509
4ih2ggld,SE_type,blur1.0,sharpness,hybrid,-0.027239124575218997,-0.027356930838725,-4.454938141655388,-4.471522962240173,1.0043248916895509
4ih2ggld,SE_type,blur1.0,sharpness,clean_norm,-0.027239124575218997,-0.0260853360083232,-4.454938141655388,-4.414076554100338,0.957642230251942
4ih2ggld,SE_type,blur1.0,sharpness,clean_harm,-0.027239124575218997,-0.016820839127035702,-4.454938141655388,-2.9558830600669173,0.617524953145469
4ih2ggld,SE_type,blur1.0,sharp_robust,raw,-5.0718073771999954e-05,-5.0718073771999954e-05,-1.056614476592775,-1.056614476592775,1.0
4ih2ggld,SE_type,blur1.0,sharp_robust,affine2,-5.0718073771999954e-05,-4.894911985490005e-05,-1.056614476592775,-1.0308140797376373,0.965121823729897
4ih2ggld,SE_type,blur1.0,sharp_robust,hybrid,-5.0718073771999954e-05,-4.894911985490005e-05,-1.056614476592775,-1.0308140797376373,0.965121823729897
4ih2ggld,SE_type,blur1.0,sharp_robust,clean_norm,-5.0718073771999954e-05,-4.298710522100007e-05,-1.056614476592775,-0.8563980037195281,0.8475697522395274
4ih2ggld,SE_type,blur1.0,sharp_robust,clean_harm,-5.0718073771999954e-05,-4.3111309434200025e-05,-1.056614476592775,-0.867654477456221,0.8500186664817816
4ih2ggld,SE_type,requant3,p1,raw,0.0,0.0,0.0,0.0,
4ih2ggld,SE_type,requant3,p1,affine2,0.0,0.0,0.0,0.0,
4ih2ggld,SE_type,requant3,p1,hybrid,0.0,0.0,0.0,0.0,
4ih2ggld,SE_type,requant3,p1,clean_norm,0.0,3.0,0.0,0.7669919410371718,
4ih2ggld,SE_type,requant3,p1,clean_harm,0.0,2.0,0.0,0.5113279606914478,
4ih2ggld,SE_type,requant3,noise_sigma,raw,0.03722150459662821,0.03722150459662821,0.06789123398510669,0.06789123398510669,1.0
4ih2ggld,SE_type,requant3,noise_sigma,affine2,0.03722150459662821,0.036079781286827206,0.06789123398510669,0.06941659144940644,0.9693262450786466
4ih2ggld,SE_type,requant3,noise_sigma,hybrid,0.03722150459662821,0.036079781286827206,0.06789123398510669,0.06941659144940644,0.9693262450786466
4ih2ggld,SE_type,requant3,noise_sigma,clean_norm,0.03722150459662821,-0.11101210046999821,0.06789123398510669,-0.15965659206573565,2.9824721400449374
4ih2ggld,SE_type,requant3,noise_sigma,clean_harm,0.03722150459662821,0.21419275729430076,0.06789123398510669,0.569312846668224,5.7545432301977355
4ih2ggld,SE_type,requant3,sharpness,raw,0.00023144152429370457,0.00023144152429370457,0.03785208556507353,0.03785208556507353,1.0
4ih2ggld,SE_type,requant3,sharpness,affine2,0.00023144152429370457,0.00023416387550410228,0.03785208556507353,0.038274364636020054,1.0117625876285838
4ih2ggld,SE_type,requant3,sharpness,hybrid,0.00023144152429370457,0.00023416387550410228,0.03785208556507353,0.038274364636020054,1.0117625876285838
4ih2ggld,SE_type,requant3,sharpness,clean_norm,0.00023144152429370457,0.0005729587844972989,0.03785208556507353,0.09695424035589902,2.4756092764503275
4ih2ggld,SE_type,requant3,sharpness,clean_harm,0.00023144152429370457,0.001911632240594499,0.03785208556507353,0.33592624686416767,8.259677023940588
4ih2ggld,SE_type,requant3,sharp_robust,raw,2.504222922900044e-06,2.504222922900044e-06,0.05217071541097133,0.05217071541097133,1.0
4ih2ggld,SE_type,requant3,sharp_robust,affine2,2.504222922900044e-06,2.5146959125999088e-06,0.05217071541097133,0.05295670199281801,1.0041821315523045
4ih2ggld,SE_type,requant3,sharp_robust,hybrid,2.504222922900044e-06,2.5146959125999088e-06,0.05217071541097133,0.05295670199281801,1.0041821315523045
4ih2ggld,SE_type,requant3,sharp_robust,clean_norm,2.504222922900044e-06,7.497836270499978e-06,0.05217071541097133,0.14937344539160083,2.994077005659314
4ih2ggld,SE_type,requant3,sharp_robust,clean_harm,2.504222922900044e-06,2.509361414999964e-06,0.05217071541097133,0.05050319036594576,1.0020519307817728
4ih2ggld,SE_type,all_strong,p1,raw,20.0,20.0,2.9458795807006735,2.9458795807006735,1.0
4ih2ggld,SE_type,all_strong,p1,affine2,20.0,3.0,2.9458795807006735,6.032520563398528,0.15
4ih2ggld,SE_type,all_strong,p1,hybrid,20.0,3.0,2.9458795807006735,6.032520563398528,0.15
4ih2ggld,SE_type,all_strong,p1,clean_norm,20.0,-11.0,2.9458795807006735,-2.8123037838029634,0.55
4ih2ggld,SE_type,all_strong,p1,clean_harm,20.0,-11.0,2.9458795807006735,-2.8123037838029634,0.55
4ih2ggld,SE_type,all_strong,noise_sigma,raw,-1.7469759641754607,-1.7469759641754607,-3.1864470615982996,-3.1864470615982996,1.0
4ih2ggld,SE_type,all_strong,noise_sigma,affine2,-1.7469759641754607,-0.6438495671274271,-3.1864470615982996,-1.238750368270098,0.3685509018616131
4ih2ggld,SE_type,all_strong,noise_sigma,hybrid,-1.7469759641754607,-0.6438495671274271,-3.1864470615982996,-1.238750368270098,0.3685509018616131
4ih2ggld,SE_type,all_strong,noise_sigma,clean_norm,-1.7469759641754607,0.40687367564957366,-3.1864470615982996,0.5851620154960164,0.23290170213739045
4ih2ggld,SE_type,all_strong,noise_sigma,clean_harm,-1.7469759641754607,-0.059471862166796896,-3.1864470615982996,-0.15807301598120044,0.03404274780326842
4ih2ggld,SE_type,all_strong,sharpness,raw,-0.016507002835472396,-0.016507002835472396,-2.699707780001898,-2.699707780001898,1.0
4ih2ggld,SE_type,all_strong,sharpness,affine2,-0.016507002835472396,-0.0165804854865119,-2.699707780001898,-2.7101001210661857,1.0044516046778398
4ih2ggld,SE_type,all_strong,sharpness,hybrid,-0.016507002835472396,-0.0165804854865119,-2.699707780001898,-2.7101001210661857,1.0044516046778398
4ih2ggld,SE_type,all_strong,sharpness,clean_norm,-0.016507002835472396,-0.0143423747991362,-2.699707780001898,-2.4269704753194086,0.868866077148508
4ih2ggld,SE_type,all_strong,sharpness,clean_harm,-0.016507002835472396,-0.0163916469470562,-2.699707780001898,-2.880462215438807,0.9930116999696453
4ih2ggld,SE_type,all_strong,sharp_robust,raw,-6.658878151529998e-05,-6.658878151529998e-05,-1.3872504473263811,-1.3872504473263811,1.0
4ih2ggld,SE_type,all_strong,sharp_robust,affine2,-6.658878151529998e-05,-6.246610496300005e-05,-1.3872504473263811,-1.3154667682095964,0.9380875207732602
4ih2ggld,SE_type,all_strong,sharp_robust,hybrid,-6.658878151529998e-05,-6.246610496300005e-05,-1.3872504473263811,-1.3154667682095964,0.9380875207732602
4ih2ggld,SE_type,all_strong,sharp_robust,clean_norm,-6.658878151529998e-05,-3.193913436450003e-05,-1.3872504473263811,-0.6362980426261711,0.479647376595432
4ih2ggld,SE_type,all_strong,sharp_robust,clean_harm,-6.658878151529998e-05,-3.281027185049999e-05,-1.3872504473263811,-0.6603366877800886,0.492729722693022
71vgq3fw,BSE,session_strong,p1,raw,14.0,14.0,1.7012231588648148,1.7012231588648148,1.0
71vgq3fw,BSE,session_strong,p1,affine2,14.0,-3.0,1.7012231588648148,-2.4538913451522153,0.21428571428571427
71vgq3fw,BSE,session_strong,p1,hybrid,14.0,-3.0,1.7012231588648148,-2.4538913451522153,0.21428571428571427
71vgq3fw,BSE,session_strong,p1,clean_norm,14.0,0.0,1.7012231588648148,0.0,0.0
71vgq3fw,BSE,session_strong,p1,clean_harm,14.0,0.0,1.7012231588648148,0.0,0.0
71vgq3fw,BSE,session_strong,noise_sigma,raw,-1.1573490053832995,-1.1573490053832995,-1.5772080554662589,-1.5772080554662589,1.0
71vgq3fw,BSE,session_strong,noise_sigma,affine2,-1.1573490053832995,0.08486692092136927,-1.5772080554662589,0.13360106855137224,0.0733287197955144
71vgq3fw,BSE,session_strong,noise_sigma,hybrid,-1.1573490053832995,0.08486692092136927,-1.5772080554662589,0.13360106855137224,0.0733287197955144
71vgq3fw,BSE,session_strong,noise_sigma,clean_norm,-1.1573490053832995,0.1027728442135718,-1.5772080554662589,0.09233954818746001,0.08880021820171238
71vgq3fw,BSE,session_strong,noise_sigma,clean_harm,-1.1573490053832995,0.006354330041959955,-1.5772080554662589,0.02095493769280423,0.005490418199180532
71vgq3fw,BSE,session_strong,sharpness,raw,0.0006544944545693807,0.0006544944545693807,0.05709613636116075,0.05709613636116075,1.0
71vgq3fw,BSE,session_strong,sharpness,affine2,0.0006544944545693807,-0.0003990810977732573,0.05709613636116075,-0.03528021813175094,0.6097547427438931
71vgq3fw,BSE,session_strong,sharpness,hybrid,0.0006544944545693807,-0.0003990810977732573,0.05709613636116075,-0.03528021813175094,0.6097547427438931
71vgq3fw,BSE,session_strong,sharpness,clean_norm,0.0006544944545693807,0.001044216016676279,0.05709613636116075,0.09599037910665167,1.595454337903157
71vgq3fw,BSE,session_strong,sharpness,clean_harm,0.0006544944545693807,0.00030014747933487795,0.05709613636116075,0.022848322659603973,0.4585943811126063
71vgq3fw,BSE,session_strong,sharp_robust,raw,1.6056497087734442e-06,1.6056497087734442e-06,0.028069578314561017,0.028069578314561017,1.0
71vgq3fw,BSE,session_strong,sharp_robust,affine2,1.6056497087734442e-06,-1.0886661022304484e-06,0.028069578314561017,-0.019131361618200497,0.6780221715121665
71vgq3fw,BSE,session_strong,sharp_robust,hybrid,1.6056497087734442e-06,-1.0886661022304484e-06,0.028069578314561017,-0.019131361618200497,0.6780221715121665
71vgq3fw,BSE,session_strong,sharp_robust,clean_norm,1.6056497087734442e-06,5.697699887438135e-06,0.028069578314561017,0.09098917829790008,3.5485323207828485
71vgq3fw,BSE,session_strong,sharp_robust,clean_harm,1.6056497087734442e-06,5.316552818852708e-06,0.028069578314561017,0.08501575946800721,3.3111536033061797
71vgq3fw,BSE,session_strong,frac_pore,raw,-0.02988213992135256,-0.02988213992135256,-1.212610751375715,-1.212610751375715,1.0
71vgq3fw,BSE,session_strong,frac_pore,affine2,-0.02988213992135256,0.0039051565172957825,-1.212610751375715,0.27334853976252604,0.13068530324715188
71vgq3fw,BSE,session_strong,frac_pore,hybrid,-0.02988213992135256,0.0039051565172957825,-1.212610751375715,0.27334853976252604,0.13068530324715188
71vgq3fw,BSE,session_strong,frac_pore,clean_norm,-0.02988213992135256,-0.0007702817510754217,-1.212610751375715,-0.038559135836627116,0.02577732896983759
71vgq3fw,BSE,session_strong,frac_pore,clean_harm,-0.02988213992135256,-0.0007551507163143928,-1.212610751375715,-0.037364864952388784,0.025270971834744433
71vgq3fw,BSE,session_strong,frac_graphite,raw,0.044969285285819005,0.044969285285819005,1.9073720528363165,1.9073720528363165,1.0
71vgq3fw,BSE,session_strong,frac_graphite,affine2,0.044969285285819005,-0.00041351003088141436,1.9073720528363165,-0.022284036585239485,0.00919538810219459
71vgq3fw,BSE,session_strong,frac_graphite,hybrid,0.044969285285819005,-0.00041351003088141436,1.9073720528363165,-0.022284036585239485,0.00919538810219459
71vgq3fw,BSE,session_strong,frac_graphite,clean_norm,0.044969285285819005,-0.004583302510855036,1.9073720528363165,-0.1387354883419206,0.10192073282295135
71vgq3fw,BSE,session_strong,frac_graphite,clean_harm,0.044969285285819005,-0.0045914284369305,1.9073720528363165,-0.14562785068699208,0.10210143229424196
71vgq3fw,BSE,session_strong,frac_si,raw,-0.015087145364466453,-0.015087145364466453,-0.7813612880459833,-0.7813612880459833,1.0
71vgq3fw,BSE,session_strong,frac_si,affine2,-0.015087145364466453,-0.0034916464864144237,-0.7813612880459833,-0.15767327621576344,0.23143188469821596
71vgq3fw,BSE,session_strong,frac_si,hybrid,-0.015087145364466453,-0.0034916464864144237,-0.7813612880459833,-0.15767327621576344,0.23143188469821596
71vgq3fw,BSE,session_strong,frac_si,clean_norm,-0.015087145364466453,0.005353584261930527,-0.7813612880459833,0.14303353200031882,0.35484408299925285
71vgq3fw,BSE,session_strong,frac_si,clean_harm,-0.015087145364466453,0.005346579153244879,-0.7813612880459833,0.14780648709573818,0.35437977324969966
71vgq3fw,BSE,offset6,p1,raw,6.0,6.0,0.729095639513492,0.729095639513492,1.0
71vgq3fw,BSE,offset6,p1,affine2,6.0,0.0,0.729095639513492,0.0,0.0
71vgq3fw,BSE,offset6,p1,hybrid,6.0,0.0,0.729095639513492,0.0,0.0
71vgq3fw,BSE,offset6,p1,clean_norm,6.0,0.0,0.729095639513492,0.0,0.0
71vgq3fw,BSE,offset6,p1,clean_harm,6.0,0.0,0.729095639513492,0.0,0.0
71vgq3fw,BSE,offset6,noise_sigma,raw,0.0,0.0,0.0,0.0,
71vgq3fw,BSE,offset6,noise_sigma,affine2,0.0,-0.003132501403757537,0.0,-0.004931315172473777,
71vgq3fw,BSE,offset6,noise_sigma,hybrid,0.0,-0.003132501403757537,0.0,-0.004931315172473777,
71vgq3fw,BSE,offset6,noise_sigma,clean_norm,0.0,-1.2096396330818493e-05,0.0,-1.0868394082419732e-05,
71vgq3fw,BSE,offset6,noise_sigma,clean_harm,0.0,0.0008802454560985495,0.0,0.002902821944267432,
71vgq3fw,BSE,offset6,sharpness,raw,0.0,0.0,0.0,0.0,
71vgq3fw,BSE,offset6,sharpness,affine2,0.0,-5.543604493141174e-05,0.0,-0.004900747663706591,
71vgq3fw,BSE,offset6,sharpness,hybrid,0.0,-5.543604493141174e-05,0.0,-0.004900747663706591,
71vgq3fw,BSE,offset6,sharpness,clean_norm,0.0,0.0,0.0,0.0,
71vgq3fw,BSE,offset6,sharpness,clean_harm,0.0,6.938437139558662e-06,0.0,0.0005281791833445331,
71vgq3fw,BSE,offset6,sharp_robust,raw,8.830317743289615e-11,8.830317743289615e-11,1.5436947055349222e-06,1.5436947055349222e-06,
71vgq3fw,BSE,offset6,sharp_robust,affine2,8.830317743289615e-11,-1.5582190826535225e-07,1.5436947055349222e-06,-0.002738291629504125,
71vgq3fw,BSE,offset6,sharp_robust,hybrid,8.830317743289615e-11,-1.5582190826535225e-07,1.5436947055349222e-06,-0.002738291629504125,
71vgq3fw,BSE,offset6,sharp_robust,clean_norm,8.830317743289615e-11,1.1733017351743188e-10,1.5436947055349222e-06,1.8736992626512887e-06,
71vgq3fw,BSE,offset6,sharp_robust,clean_harm,8.830317743289615e-11,3.783898095083369e-09,1.5436947055349222e-06,6.0507434283795586e-05,
71vgq3fw,BSE,offset6,frac_pore,raw,-0.018016707027171137,-0.018016707027171137,-0.7311140602056735,-0.7311140602056735,1.0
71vgq3fw,BSE,offset6,frac_pore,affine2,-0.018016707027171137,0.0,-0.7311140602056735,0.0,0.0
71vgq3fw,BSE,offset6,frac_pore,hybrid,-0.018016707027171137,0.0,-0.7311140602056735,0.0,0.0
71vgq3fw,BSE,offset6,frac_pore,clean_norm,-0.018016707027171137,0.0,-0.7311140602056735,0.0,0.0
71vgq3fw,BSE,offset6,frac_pore,clean_harm,-0.018016707027171137,2.8020434743314393e-07,-0.7311140602056735,1.3864513897319467e-05,1.555247288034187e-05
71vgq3fw,BSE,offset6,frac_graphite,raw,-0.013308968918708808,-0.013308968918708808,-0.5644998626566458,-0.5644998626566458,1.0
71vgq3fw,BSE,offset6,frac_graphite,affine2,-0.013308968918708808,0.0,-0.5644998626566458,0.0,0.0
71vgq3fw,BSE,offset6,frac_graphite,hybrid,-0.013308968918708808,0.0,-0.5644998626566458,0.0,0.0
71vgq3fw,BSE,offset6,frac_graphite,clean_norm,-0.013308968918708808,2.8020434750253287e-07,-0.5644998626566458,8.48171965394467e-06,2.10537983230723e-05
71vgq3fw,BSE,offset6,frac_graphite,clean_harm,-0.013308968918708808,-1.4010217371795974e-06,-0.5644998626566458,-4.443666870862066e-05,0.00010526899159033576
71vgq3fw,BSE,offset6,frac_si,raw,0.0313256759458799,0.0313256759458799,1.6223526661068526,1.6223526661068526,1.0
71vgq3fw,BSE,offset6,frac_si,affine2,0.0313256759458799,0.0,1.6223526661068526,0.0,0.0
71vgq3fw,BSE,offset6,frac_si,hybrid,0.0313256759458799,0.0,1.6223526661068526,0.0,0.0
71vgq3fw,BSE,offset6,frac_si,clean_norm,0.0313256759458799,-2.8020434741926614e-07,1.6223526661068526,-7.486314874732077e-06,8.944877930275593e-06
71vgq3fw,BSE,offset6,frac_si,clean_harm,0.0313256759458799,1.1208173897048201e-06,1.6223526661068526,3.0985060970722126e-05,3.577951172198841e-05
71vgq3fw,BSE,noise6,p1,raw,0.0,0.0,0.0,0.0,
71vgq3fw,BSE,noise6,p1,affine2,0.0,0.0,0.0,0.0,
71vgq3fw,BSE,noise6,p1,hybrid,0.0,0.0,0.0,0.0,
71vgq3fw,BSE,noise6,p1,clean_norm,0.0,0.0,0.0,0.0,
71vgq3fw,BSE,noise6,p1,clean_harm,0.0,0.0,0.0,0.0,
71vgq3fw,BSE,noise6,noise_sigma,raw,1.0674960429434295,1.0674960429434295,1.4547585475749591,1.4547585475749591,1.0
71vgq3fw,BSE,noise6,noise_sigma,affine2,1.0674960429434295,1.498693724107163,1.4547585475749591,2.359306556643741,1.4039337513371788
71vgq3fw,BSE,noise6,noise_sigma,hybrid,1.0674960429434295,1.498693724107163,1.4547585475749591,2.359306556643741,1.4039337513371788
71vgq3fw,BSE,noise6,noise_sigma,clean_norm,1.0674960429434295,3.0056502174005324,1.4547585475749591,2.700522547644499,2.815607830370021
71vgq3fw,BSE,noise6,noise_sigma,clean_harm,1.0674960429434295,1.9061408289436859,1.4547585475749591,6.2859596590776,1.785618636756576
71vgq3fw,BSE,noise6,sharpness,raw,0.02219760094159915,0.02219760094159915,1.9364522363845684,1.9364522363845684,1.0
71vgq3fw,BSE,noise6,sharpness,affine2,0.02219760094159915,0.022103041410446167,1.9364522363845684,1.953989118218567,0.9957401013108684
71vgq3fw,BSE,noise6,sharpness,hybrid,0.02219760094159915,0.022103041410446167,1.9364522363845684,1.953989118218567,0.9957401013108684
71vgq3fw,BSE,noise6,sharpness,clean_norm,0.02219760094159915,0.024497672920271052,1.9364522363845684,2.2519678622939394,1.1036180434418694
71vgq3fw,BSE,noise6,sharpness,clean_harm,0.02219760094159915,0.01579575013216071,1.9364522363845684,1.2024302068764756,0.7115971754658799
71vgq3fw,BSE,noise6,sharp_robust,raw,1.3185018374596092e-05,1.3185018374596092e-05,0.2304972895535034,0.2304972895535034,1.0
71vgq3fw,BSE,noise6,sharp_robust,affine2,1.3185018374596092e-05,1.2385542504489422e-05,0.2304972895535034,0.2176537801677799,0.9393648270034238
71vgq3fw,BSE,noise6,sharp_robust,hybrid,1.3185018374596092e-05,1.2385542504489422e-05,0.2304972895535034,0.2176537801677799,0.9393648270034238
71vgq3fw,BSE,noise6,sharp_robust,clean_norm,1.3185018374596092e-05,-3.3915753274732117e-06,0.2304972895535034,-0.05416161929879632,0.25722947296060245
71vgq3fw,BSE,noise6,sharp_robust,clean_harm,1.3185018374596092e-05,-7.937327571577084e-06,0.2304972895535034,-0.12692395893277292,0.6019959431281593
71vgq3fw,BSE,noise6,frac_pore,raw,-3.443602674901847e-05,-3.443602674901847e-05,-0.0013974064903124056,-0.0013974064903124056,1.0
71vgq3fw,BSE,noise6,frac_pore,affine2,-3.443602674901847e-05,0.0003929594987891888,-0.0013974064903124056,0.027505915500211718,11.411290322580243
71vgq3fw,BSE,noise6,frac_pore,hybrid,-3.443602674901847e-05,0.0003929594987891888,-0.0013974064903124056,0.027505915500211718,11.411290322580243
71vgq3fw,BSE,noise6,frac_pore,clean_norm,-3.443602674901847e-05,0.00090225799871331,-0.0013974064903124056,0.04516566656745758,26.200990180698682
71vgq3fw,BSE,noise6,frac_pore,clean_harm,-3.443602674901847e-05,0.0006240150817188039,-0.0013974064903124056,0.030876272448597773,18.12099538273794
71vgq3fw,BSE,noise6,frac_graphite,raw,-0.0020478327519939388,-0.0020478327519939388,-0.08685881786224134,-0.08685881786224134,1.0
71vgq3fw,BSE,noise6,frac_graphite,affine2,-0.0020478327519939388,-0.0031300682055498408,-0.08685881786224134,-0.16867923193565887,1.5284784377543275
71vgq3fw,BSE,noise6,frac_graphite,hybrid,-0.0020478327519939388,-0.0031300682055498408,-0.08685881786224134,-0.16867923193565887,1.5284784377543275
71vgq3fw,BSE,noise6,frac_graphite,clean_norm,-0.0020478327519939388,0.002236871305505761,-0.08685881786224134,0.0677095679790678,1.0923115197409352
71vgq3fw,BSE,noise6,frac_graphite,clean_harm,-0.0020478327519939388,0.004168880281011367,-0.08685881786224134,0.1322257514049235,2.0357523225235075
71vgq3fw,BSE,noise6,frac_si,raw,0.002082268778742971,0.002082268778742971,0.10784042810699612,0.10784042810699612,1.0
71vgq3fw,BSE,noise6,frac_si,affine2,0.002082268778742971,0.0027371087067605826,0.10784042810699612,0.12360039850334649,1.3144838623633048
71vgq3fw,BSE,noise6,frac_si,hybrid,0.002082268778742971,0.0027371087067605826,0.10784042810699612,0.12360039850334649,1.3144838623633048
71vgq3fw,BSE,noise6,frac_si,clean_norm,0.002082268778742971,-0.003139129304218974,0.10784042810699612,-0.08386918554378583,1.5075524045046724
71vgq3fw,BSE,noise6,frac_si,clean_harm,0.002082268778742971,-0.004792895362730115,0.10784042810699612,-0.13249986697618535,2.301765944751619
71vgq3fw,BSE,blur1.0,p1,raw,0.0,0.0,0.0,0.0,
71vgq3fw,BSE,blur1.0,p1,affine2,0.0,-2.0,0.0,-1.63592756343481,
71vgq3fw,BSE,blur1.0,p1,hybrid,0.0,-2.0,0.0,-1.63592756343481,
71vgq3fw,BSE,blur1.0,p1,clean_norm,0.0,0.0,0.0,0.0,
71vgq3fw,BSE,blur1.0,p1,clean_harm,0.0,0.0,0.0,0.0,
71vgq3fw,BSE,blur1.0,noise_sigma,raw,-2.865437688959738,-2.865437688959738,-3.904951215616376,-3.904951215616376,1.0
71vgq3fw,BSE,blur1.0,noise_sigma,affine2,-2.865437688959738,-4.0624630487764914,-3.904951215616376,-6.395299822057545,1.417746079221607
71vgq3fw,BSE,blur1.0,noise_sigma,hybrid,-2.865437688959738,-4.0624630487764914,-3.904951215616376,-6.395299822057545,1.417746079221607
71vgq3fw,BSE,blur1.0,noise_sigma,clean_norm,-2.865437688959738,-9.101823621321133,-3.904951215616376,-8.177824475969468,3.176416523168381
71vgq3fw,BSE,blur1.0,noise_sigma,clean_harm,-2.865437688959738,-0.6781798078462682,-3.904951215616376,-2.2364616763836103,0.23667581761042342
71vgq3fw,BSE,blur1.0,sharpness,raw,-0.0367658696302576,-0.0367658696302576,-3.207344372729623,-3.207344372729623,1.0
71vgq3fw,BSE,blur1.0,sharpness,affine2,-0.0367658696302576,-0.03736113463904263,-3.207344372729623,-3.302859962723765,1.0161906957395925
71vgq3fw,BSE,blur1.0,sharpness,hybrid,-0.0367658696302576,-0.03736113463904263,-3.207344372729623,-3.302859962723765,1.0161906957395925
71vgq3fw,BSE,blur1.0,sharpness,clean_norm,-0.0367658696302576,-0.04731620932303681,-3.207344372729623,-4.349579778774874,1.286960156223164
71vgq3fw,BSE,blur1.0,sharpness,clean_harm,-0.0367658696302576,-0.009165769325499805,-3.207344372729623,-0.6977318464795941,0.24930103429286365
71vgq3fw,BSE,blur1.0,sharp_robust,raw,-3.552194587820199e-05,-3.552194587820199e-05,-0.6209860321747653,-0.6209860321747653,1.0
71vgq3fw,BSE,blur1.0,sharp_robust,affine2,-3.552194587820199e-05,-3.8747275767879886e-05,-0.6209860321747653,-0.680914141550567,1.0907982321896705
71vgq3fw,BSE,blur1.0,sharp_robust,hybrid,-3.552194587820199e-05,-3.8747275767879886e-05,-0.6209860321747653,-0.680914141550567,1.0907982321896705
71vgq3fw,BSE,blur1.0,sharp_robust,clean_norm,-3.552194587820199e-05,-5.311407890745142e-05,-0.6209860321747653,-0.8482030453190144,1.4952468845476403
71vgq3fw,BSE,blur1.0,sharp_robust,clean_harm,-3.552194587820199e-05,-3.2701473976730745e-05,-0.6209860321747653,-0.522921663826333,0.920599172378053
71vgq3fw,BSE,blur1.0,frac_pore,raw,-0.002413576681255695,-0.002413576681255695,-0.09794241780084335,-0.09794241780084335,1.0
71vgq3fw,BSE,blur1.0,frac_pore,affine2,-0.002413576681255695,-0.0037715780586967534,-0.09794241780084335,-0.26399847237340685,1.5626510182947826
71vgq3fw,BSE,blur1.0,frac_pore,hybrid,-0.002413576681255695,-0.0037715780586967534,-0.09794241780084335,-0.26399847237340685,1.5626510182947826
71vgq3fw,BSE,blur1.0,frac_pore,clean_norm,-0.002413576681255695,-0.0026350416831987244,-0.09794241780084335,-0.13190618894421346,1.0917580135998868
71vgq3fw,BSE,blur1.0,frac_pore,clean_harm,-0.002413576681255695,-0.00155513412821702,-0.09794241780084335,-0.07694805212829581,0.6443276239344263
71vgq3fw,BSE,blur1.0,frac_graphite,raw,0.008704261180600303,0.008704261180600303,0.3691912026384942,0.3691912026384942,1.0
71vgq3fw,BSE,blur1.0,frac_graphite,affine2,0.008704261180600303,0.008515696163160058,0.3691912026384942,0.4589104753859343,0.9783364706632987
71vgq3fw,BSE,blur1.0,frac_graphite,hybrid,0.008704261180600303,0.008515696163160058,0.3691912026384942,0.4589104753859343,0.9783364706632987
71vgq3fw,BSE,blur1.0,frac_graphite,clean_norm,0.008704261180600303,0.014872686352703335,0.3691912026384942,0.4501927156699032,1.7086672888275642
71vgq3fw,BSE,blur1.0,frac_graphite,clean_harm,0.008704261180600303,0.008484587640074093,0.3691912026384942,0.2691084656903499,0.9747625288386554
71vgq3fw,BSE,blur1.0,frac_si,raw,-0.006290684499344598,-0.006290684499344598,-0.3257937286582658,-0.3257937286582658,1.0
71vgq3fw,BSE,blur1.0,frac_si,affine2,-0.006290684499344598,-0.004744118104463346,-0.3257937286582658,-0.2142314942809106,0.7541497439519685
71vgq3fw,BSE,blur1.0,frac_si,hybrid,-0.006290684499344598,-0.004744118104463346,-0.3257937286582658,-0.2142314942809106,0.7541497439519685
71vgq3fw,BSE,blur1.0,frac_si,clean_norm,-0.006290684499344598,-0.012237644669504583,-0.3257937286582658,-0.3269573158474795,1.9453597888718748
71vgq3fw,BSE,blur1.0,frac_si,clean_harm,-0.006290684499344598,-0.006929453511857114,-0.3257937286582658,-0.19156513945168482,1.1015420519943524
71vgq3fw,BSE,requant3,p1,raw,0.0,0.0,0.0,0.0,
71vgq3fw,BSE,requant3,p1,affine2,0.0,0.0,0.0,0.0,
71vgq3fw,BSE,requant3,p1,hybrid,0.0,0.0,0.0,0.0,
71vgq3fw,BSE,requant3,p1,clean_norm,0.0,0.0,0.0,0.0,
71vgq3fw,BSE,requant3,p1,clean_harm,0.0,0.0,0.0,0.0,
71vgq3fw,BSE,requant3,noise_sigma,raw,0.02397296392129844,0.02397296392129844,0.032669792460357776,0.032669792460357776,1.0
71vgq3fw,BSE,requant3,noise_sigma,affine2,0.02397296392129844,0.04120590885607811,0.032669792460357776,0.06486807102266749,1.71884915821649
71vgq3fw,BSE,requant3,noise_sigma,hybrid,0.02397296392129844,0.04120590885607811,0.032669792460357776,0.06486807102266749,1.71884915821649
71vgq3fw,BSE,requant3,noise_sigma,clean_norm,0.02397296392129844,0.08306781459011603,0.032669792460357776,0.07463493422670191,3.465062345349613
71vgq3fw,BSE,requant3,noise_sigma,clean_harm,0.02397296392129844,0.012049871729884032,0.032669792460357776,0.039737361710617036,0.5026442191062781
71vgq3fw,BSE,requant3,sharpness,raw,0.0004253999686535531,0.0004253999686535531,0.03711061942344084,0.03711061942344084,1.0
71vgq3fw,BSE,requant3,sharpness,affine2,0.0004253999686535531,0.0005268491804599762,0.03711061942344084,0.04657538057521031,1.2384795939866267
71vgq3fw,BSE,requant3,sharpness,hybrid,0.0004253999686535531,0.0005268491804599762,0.03711061942344084,0.04657538057521031,1.2384795939866267
71vgq3fw,BSE,requant3,sharpness,clean_norm,0.0004253999686535531,0.0003840545102845039,0.03711061942344084,0.03530451309985776,0.9028080361643819
71vgq3fw,BSE,requant3,sharpness,clean_harm,0.0004253999686535531,-0.0001570009131103417,0.03711061942344084,-0.011951483079407263,0.3690665836372068
71vgq3fw,BSE,requant3,sharp_robust,raw,2.6941299438473744e-07,2.6941299438473744e-07,0.0047098125472333704,0.0047098125472333704,1.0
71vgq3fw,BSE,requant3,sharp_robust,affine2,2.6941299438473744e-07,4.454923328012228e-07,0.0047098125472333704,0.007828731784239753,1.6535666136616773
71vgq3fw,BSE,requant3,sharp_robust,hybrid,2.6941299438473744e-07,4.454923328012228e-07,0.0047098125472333704,0.007828731784239753,1.6535666136616773
71vgq3fw,BSE,requant3,sharp_robust,clean_norm,2.6941299438473744e-07,-3.9312941255316425e-06,0.0047098125472333704,-0.06278063590504787,14.592073164509376
71vgq3fw,BSE,requant3,sharp_robust,clean_harm,2.6941299438473744e-07,-4.217403753589363e-06,0.0047098125472333704,-0.0674395224332591,15.654047286103301
71vgq3fw,BSE,requant3,frac_pore,raw,-0.0007437070938215093,-0.0007437070938215093,-0.030179472427874575,-0.030179472427874575,1.0
71vgq3fw,BSE,requant3,frac_pore,affine2,-0.0007437070938215093,-0.0009256070738263983,-0.030179472427874575,-0.06478955219943801,1.2445855115758049
71vgq3fw,BSE,requant3,frac_pore,hybrid,-0.0007437070938215093,-0.0009256070738263983,-0.030179472427874575,-0.06478955219943801,1.2445855115758049
71vgq3fw,BSE,requant3,frac_pore,clean_norm,-0.0007437070938215093,-0.00011012030853860266,-0.030179472427874575,-0.005512455577953203,0.14806946101959825
71vgq3fw,BSE,requant3,frac_pore,clean_harm,-0.0007437070938215093,-7.64957868474303e-05,-0.030179472427874575,-0.0037850122938782606,0.10285741185331411
71vgq3fw,BSE,requant3,frac_graphite,raw,-0.00018134456021867695,-0.00018134456021867695,-0.007691728785471119,-0.007691728785471119,1.0
71vgq3fw,BSE,requant3,frac_graphite,affine2,-0.00018134456021867695,0.0009294950123303058,-0.007691728785471119,0.05009044355324519,5.12557427258618
71vgq3fw,BSE,requant3,frac_graphite,hybrid,-0.00018134456021867695,0.0009294950123303058,-0.007691728785471119,0.05009044355324519,5.12557427258618
71vgq3fw,BSE,requant3,frac_graphite,clean_norm,-0.00018134456021867695,0.001896423023382554,-0.007691728785471119,0.05740427860232106,10.457567743392605
71vgq3fw,BSE,requant3,frac_graphite,clean_harm,-0.00018134456021867695,0.002015509871038712,-0.007691728785471119,0.06392659160206945,11.114256025150578
71vgq3fw,BSE,requant3,frac_si,raw,0.0009250516540401238,0.0009250516540401238,0.04790830435108091,0.04790830435108091,1.0
71vgq3fw,BSE,requant3,frac_si,affine2,0.0009250516540401238,-3.88793850392144e-06,0.04790830435108091,-0.00017556874787407882,0.004202942059441798
71vgq3fw,BSE,requant3,frac_si,hybrid,0.0009250516540401238,-3.88793850392144e-06,0.04790830435108091,-0.00017556874787407882,0.004202942059441798
71vgq3fw,BSE,requant3,frac_si,clean_norm,0.0009250516540401238,-0.001786302714843896,0.04790830435108091,-0.04772525732764797,1.9310302371141057
71vgq3fw,BSE,requant3,frac_si,clean_harm,0.0009250516540401238,-0.0019390140841913095,0.04790830435108091,-0.05360415547940375,2.096114390718343
71vgq3fw,BSE,all_strong,p1,raw,14.0,14.0,1.7012231588648148,1.7012231588648148,1.0
71vgq3fw,BSE,all_strong,p1,affine2,14.0,-1.0,1.7012231588648148,-0.817963781717405,0.07142857142857142
71vgq3fw,BSE,all_strong,p1,hybrid,14.0,-1.0,1.7012231588648148,-0.817963781717405,0.07142857142857142
71vgq3fw,BSE,all_strong,p1,clean_norm,14.0,0.0,1.7012231588648148,0.0,0.0
71vgq3fw,BSE,all_strong,p1,clean_harm,14.0,0.0,1.7012231588648148,0.0,0.0
71vgq3fw,BSE,all_strong,noise_sigma,raw,-0.6926882721304608,-0.6926882721304608,-0.9439793162213329,-0.9439793162213329,1.0
71vgq3fw,BSE,all_strong,noise_sigma,affine2,-0.6926882721304608,0.775752132129468,-0.9439793162213329,1.2212215626336647,1.1199152105513965
71vgq3fw,BSE,all_strong,noise_sigma,hybrid,-0.6926882721304608,0.775752132129468,-0.9439793162213329,1.2212215626336647,1.1199152105513965
71vgq3fw,BSE,all_strong,noise_sigma,clean_norm,-0.6926882721304608,1.7088141765775493,-0.9439793162213329,1.5353387386418182,2.4669310068176116
71vgq3fw,BSE,all_strong,noise_sigma,clean_harm,-0.6926882721304608,0.6093047881207028,-0.9439793162213329,2.009329667594417,0.8796233639797303
71vgq3fw,BSE,all_strong,sharpness,raw,0.010796928978645051,0.010796928978645051,0.941891753157913,0.941891753157913,1.0
71vgq3fw,BSE,all_strong,sharpness,affine2,0.010796928978645051,0.00883317471459099,0.941891753157913,0.7808847185834316,0.8181191829697021
71vgq3fw,BSE,all_strong,sharpness,hybrid,0.010796928978645051,0.00883317471459099,0.941891753157913,0.7808847185834316,0.8181191829697021
71vgq3fw,BSE,all_strong,sharpness,clean_norm,0.010796928978645051,0.008604687049452137,0.941891753157913,0.7909926287091874,0.7969569001029005
71vgq3fw,BSE,all_strong,sharpness,clean_harm,0.010796928978645051,-9.723573865820512e-05,0.941891753157913,-0.007401939659232825,0.009005869988635196
71vgq3fw,BSE,all_strong,sharp_robust,raw,-1.7166991323323388e-05,-1.7166991323323388e-05,-0.3001091737148048,-0.3001091737148048,1.0
71vgq3fw,BSE,all_strong,sharp_robust,affine2,-1.7166991323323388e-05,-2.0833790332370344e-05,-0.3001091737148048,-0.36611664119029913,1.2135959027406962
71vgq3fw,BSE,all_strong,sharp_robust,hybrid,-1.7166991323323388e-05,-2.0833790332370344e-05,-0.3001091737148048,-0.36611664119029913,1.2135959027406962
71vgq3fw,BSE,all_strong,sharp_robust,clean_norm,-1.7166991323323388e-05,-5.375646160731446e-05,-0.3001091737148048,-0.8584615487797161,3.1313851445989807
71vgq3fw,BSE,all_strong,sharp_robust,clean_harm,-1.7166991323323388e-05,-5.830221385141833e-05,-0.3001091737148048,-0.9322971402951502,3.3961812383634093
71vgq3fw,BSE,all_strong,frac_pore,raw,-0.0297735553531359,-0.0297735553531359,-1.208204413168359,-1.208204413168359,1.0
71vgq3fw,BSE,all_strong,frac_pore,affine2,-0.0297735553531359,-0.005876896758570116,-1.208204413168359,-0.4113640875021014,0.19738646221003403
71vgq3fw,BSE,all_strong,frac_pore,hybrid,-0.0297735553531359,-0.005876896758570116,-1.208204413168359,-0.4113640875021014,0.19738646221003403
71vgq3fw,BSE,all_strong,frac_pore,clean_norm,-0.0297735553531359,-0.0006273775338879045,-1.208204413168359,-0.031405567529358726,0.021071636438670265
71vgq3fw,BSE,all_strong,frac_pore,clean_harm,-0.0297735553531359,-0.0009056204508824106,-1.208204413168359,-0.04481010891507217,0.030416940138357582
71vgq3fw,BSE,all_strong,frac_graphite,raw,0.04539918020039546,0.04539918020039546,1.9256060438928335,1.9256060438928335,1.0
71vgq3fw,BSE,all_strong,frac_graphite,affine2,0.04539918020039546,0.009765390682277664,1.9256060438928335,0.5262564556636806,0.21510059519076072
71vgq3fw,BSE,all_strong,frac_graphite,hybrid,0.04539918020039546,0.009765390682277664,1.9256060438928335,0.5262564556636806,0.21510059519076072
71vgq3fw,BSE,all_strong,frac_graphite,clean_norm,0.04539918020039546,0.02093266577449604,1.9256060438928335,0.6336268665759838,0.4610802592050704
71vgq3fw,BSE,all_strong,frac_graphite,clean_harm,0.04539918020039546,0.022864674750001646,1.9256060438928335,0.7252064333002864,0.5036362914280659
71vgq3fw,BSE,all_strong,frac_si,raw,-0.01562562484725956,-0.01562562484725956,-0.8092490701344695,-0.8092490701344695,1.0
71vgq3fw,BSE,all_strong,frac_si,affine2,-0.01562562484725956,-0.003888493923707534,-0.8092490701344695,-0.17559382912376698,0.24885365940354717
71vgq3fw,BSE,all_strong,frac_si,hybrid,-0.01562562484725956,-0.003888493923707534,-0.8092490701344695,-0.17559382912376698,0.24885365940354717
71vgq3fw,BSE,all_strong,frac_si,clean_norm,-0.01562562484725956,-0.02030528824060812,-0.8092490701344695,-0.5425032937263234,1.299486480642679
71vgq3fw,BSE,all_strong,frac_si,clean_harm,-0.01562562484725956,-0.021959054299119263,-0.8092490701344695,-0.6070593145390079,1.4053232759501755
71vgq3fw,Inlens,session_strong,p1,raw,16.0,16.0,1.8537236059362046,1.8537236059362046,1.0
71vgq3fw,Inlens,session_strong,p1,affine2,16.0,1.0,1.8537236059362046,0.1220031275181081,0.0625
71vgq3fw,Inlens,session_strong,p1,hybrid,16.0,-1.0,1.8537236059362046,-0.5056035643328478,0.0625
71vgq3fw,Inlens,session_strong,p1,clean_norm,16.0,0.0,1.8537236059362046,0.0,0.0
71vgq3fw,Inlens,session_strong,p1,clean_harm,16.0,0.0,1.8537236059362046,0.0,0.0
71vgq3fw,Inlens,session_strong,noise_sigma,raw,-0.9576898421323072,-0.9576898421323072,-1.0029898748274093,-1.0029898748274093,1.0
71vgq3fw,Inlens,session_strong,noise_sigma,affine2,-0.9576898421323072,0.06588534884771757,-1.0029898748274093,0.06130518416953649,0.06879612370224487
71vgq3fw,Inlens,session_strong,noise_sigma,hybrid,-0.9576898421323072,-0.020006509039710352,-1.0029898748274093,-0.009764108796627403,0.020890384506079374
71vgq3fw,Inlens,session_strong,noise_sigma,clean_norm,-0.9576898421323072,0.037903127411659465,-1.0029898748274093,0.046208804758582814,0.03957766465108132
71vgq3fw,Inlens,session_strong,noise_sigma,clean_harm,-0.9576898421323072,0.037903127411659465,-1.0029898748274093,0.060303345200853134,0.03957766465108132
71vgq3fw,Inlens,session_strong,sharpness,raw,-5.017149362009435e-05,-5.017149362009435e-05,-0.007442155116202331,-0.007442155116202331,1.0
71vgq3fw,Inlens,session_strong,sharpness,affine2,-5.017149362009435e-05,0.0001381704771288364,-0.007442155116202331,0.011767047994488878,2.7539637981496585
71vgq3fw,Inlens,session_strong,sharpness,hybrid,-5.017149362009435e-05,-0.0011475065648835908,-0.007442155116202331,-0.06556695487118692,22.871684338773587
71vgq3fw,Inlens,session_strong,sharpness,clean_norm,-5.017149362009435e-05,0.00011471332839108409,-0.007442155116202331,0.012610856259421288,2.286424423791519
71vgq3fw,Inlens,session_strong,sharpness,clean_harm,-5.017149362009435e-05,0.00011471332839108409,-0.007442155116202331,0.011735631473837028,2.286424423791519
71vgq3fw,Inlens,session_strong,sharp_robust,raw,-3.5020167545209016e-06,-3.5020167545209016e-06,-0.0264024551761535,-0.0264024551761535,1.0
71vgq3fw,Inlens,session_strong,sharp_robust,affine2,-3.5020167545209016e-06,-2.679824989101887e-06,-0.0264024551761535,-0.012111670262427496,0.7652233489866626
71vgq3fw,Inlens,session_strong,sharp_robust,hybrid,-3.5020167545209016e-06,-3.536195573585377e-06,-0.0264024551761535,-0.04218467199044243,1.0097597531537656
71vgq3fw,Inlens,session_strong,sharp_robust,clean_norm,-3.5020167545209016e-06,1.3406797057163638e-06,-0.0264024551761535,0.008125539700890102,0.38283075144789747
71vgq3fw,Inlens,session_strong,sharp_robust,clean_harm,-3.5020167545209016e-06,1.3406797057163638e-06,-0.0264024551761535,0.00824421263871325,0.38283075144789747
71vgq3fw,Inlens,offset6,p1,raw,6.0,6.0,0.6951463522260767,0.6951463522260767,1.0
71vgq3fw,Inlens,offset6,p1,affine2,6.0,0.0,0.6951463522260767,0.0,0.0
71vgq3fw,Inlens,offset6,p1,hybrid,6.0,0.0,0.6951463522260767,0.0,0.0
71vgq3fw,Inlens,offset6,p1,clean_norm,6.0,0.0,0.6951463522260767,0.0,0.0
71vgq3fw,Inlens,offset6,p1,clean_harm,6.0,0.0,0.6951463522260767,0.0,0.0
71vgq3fw,Inlens,offset6,noise_sigma,raw,-0.0005266584864180857,-0.0005266584864180857,-0.0005515701494683828,-0.0005515701494683828,1.0
71vgq3fw,Inlens,offset6,noise_sigma,affine2,-0.0005266584864180857,0.0,-0.0005515701494683828,0.0,0.0
71vgq3fw,Inlens,offset6,noise_sigma,hybrid,-0.0005266584864180857,-5.582952152138887e-06,-0.0005515701494683828,-2.724740838676492e-06,0.010600706712446069
71vgq3fw,Inlens,offset6,noise_sigma,clean_norm,-0.0005266584864180857,-9.491018659835149e-05,-0.0005515701494683828,-0.00011570776824011616,0.18021201413435012
71vgq3fw,Inlens,offset6,noise_sigma,clean_harm,-0.0005266584864180857,-9.491018659835149e-05,-0.0005515701494683828,-0.00015100077846761495,0.18021201413435012
71vgq3fw,Inlens,offset6,sharpness,raw,-2.7849972086897018e-05,-2.7849972086897018e-05,-0.004131107074906394,-0.004131107074906394,1.0
71vgq3fw,Inlens,offset6,sharpness,affine2,-2.7849972086897018e-05,0.0,-0.004131107074906394,0.0,0.0
71vgq3fw,Inlens,offset6,sharpness,hybrid,-2.7849972086897018e-05,-4.0673157022941275e-08,-0.004131107074906394,-2.324008535203828e-06,0.0014604379816264652
71vgq3fw,Inlens,offset6,sharpness,clean_norm,-2.7849972086897018e-05,-1.8432683207107725e-06,-0.004131107074906394,-0.00020263723637047837,0.066185643380878
71vgq3fw,Inlens,offset6,sharpness,clean_harm,-2.7849972086897018e-05,-1.8432683207107725e-06,-0.004131107074906394,-0.0001885737082400041,0.066185643380878
71vgq3fw,Inlens,offset6,sharp_robust,raw,-6.910141511115271e-07,-6.910141511115271e-07,-0.00520970384486519,-0.00520970384486519,1.0
71vgq3fw,Inlens,offset6,sharp_robust,affine2,-6.910141511115271e-07,0.0,-0.00520970384486519,0.0,0.0
71vgq3fw,Inlens,offset6,sharp_robust,hybrid,-6.910141511115271e-07,0.0,-0.00520970384486519,0.0,0.0
71vgq3fw,Inlens,offset6,sharp_robust,clean_norm,-6.910141511115271e-07,-8.788864441018791e-09,-0.00520970384486519,-5.3267209637577666e-05,0.012718790819090333
71vgq3fw,Inlens,offset6,sharp_robust,clean_harm,-6.910141511115271e-07,-8.788864441018791e-09,-0.00520970384486519,-5.404517350090608e-05,0.012718790819090333
71vgq3fw,Inlens,noise6,p1,raw,0.0,0.0,0.0,0.0,
71vgq3fw,Inlens,noise6,p1,affine2,0.0,2.0,0.0,0.2440062550362162,
71vgq3fw,Inlens,noise6,p1,hybrid,0.0,0.0,0.0,0.0,
71vgq3fw,Inlens,noise6,p1,clean_norm,0.0,4.0,0.0,0.6581317002000235,
71vgq3fw,Inlens,noise6,p1,clean_harm,0.0,4.0,0.0,0.6565663993958071,
71vgq3fw,Inlens,noise6,noise_sigma,raw,1.4506668434583494,1.4506668434583494,1.5192853591273139,1.5192853591273139,1.0
71vgq3fw,Inlens,noise6,noise_sigma,affine2,1.4506668434583494,4.14257003774155,1.5192853591273139,3.8545901864454843,2.8556315713853215
71vgq3fw,Inlens,noise6,noise_sigma,hybrid,1.4506668434583494,3.5931228711275462,1.5192853591273139,1.7536114153500273,2.476876677322852
71vgq3fw,Inlens,noise6,noise_sigma,clean_norm,1.4506668434583494,0.8125158720559349,1.5192853591273139,0.9905617256145711,0.5600981891327437
71vgq3fw,Inlens,noise6,noise_sigma,clean_harm,1.4506668434583494,0.8125158720559349,1.5192853591273139,1.292701380063141,0.5600981891327437
71vgq3fw,Inlens,noise6,sharpness,raw,0.006085884255161152,0.006085884255161152,0.9027455907356663,0.9027455907356663,1.0
71vgq3fw,Inlens,noise6,sharpness,affine2,0.006085884255161152,0.02711103592922836,0.9027455907356663,2.308864148034147,4.454740641220175
71vgq3fw,Inlens,noise6,sharpness,hybrid,0.006085884255161152,0.03592960940753853,0.9027455907356663,2.052968715523154,5.90376154082594
71vgq3fw,Inlens,noise6,sharpness,clean_norm,0.006085884255161152,0.006710690734575427,0.9027455907356663,0.7377308063684299,1.102664864006312
71vgq3fw,Inlens,noise6,sharpness,clean_harm,0.006085884255161152,0.006710690734575427,0.9027455907356663,0.6865304537880618,1.102664864006312
71vgq3fw,Inlens,noise6,sharp_robust,raw,3.454554977128121e-06,3.454554977128121e-06,0.026044630660158316,0.026044630660158316,1.0
71vgq3fw,Inlens,noise6,sharp_robust,affine2,3.454554977128121e-06,5.8617687179322734e-05,0.026044630660158316,0.2649270387242769,16.968231094140364
71vgq3fw,Inlens,noise6,sharp_robust,hybrid,3.454554977128121e-06,1.9768171139629355e-05,0.026044630660158316,0.23582231186684138,5.722349556023929
71vgq3fw,Inlens,noise6,sharp_robust,clean_norm,3.454554977128121e-06,1.929343101147085e-05,0.026044630660158316,0.11693288037527516,5.5849251608987505
71vgq3fw,Inlens,noise6,sharp_robust,clean_harm,3.454554977128121e-06,1.929343101147085e-05,0.026044630660158316,0.11864067689748482,5.5849251608987505
71vgq3fw,Inlens,blur1.0,p1,raw,1.0,1.0,0.11585772537101278,0.11585772537101278,1.0
71vgq3fw,Inlens,blur1.0,p1,affine2,1.0,4.0,0.11585772537101278,0.4880125100724324,4.0
71vgq3fw,Inlens,blur1.0,p1,hybrid,1.0,0.0,0.11585772537101278,0.0,0.0
71vgq3fw,Inlens,blur1.0,p1,clean_norm,1.0,1.0,0.11585772537101278,0.16453292505000588,1.0
71vgq3fw,Inlens,blur1.0,p1,clean_harm,1.0,1.0,0.11585772537101278,0.16414159984895177,1.0
71vgq3fw,Inlens,blur1.0,noise_sigma,raw,-2.0402183326817744,-2.0402183326817744,-2.136723436014449,-2.136723436014449,1.0
71vgq3fw,Inlens,blur1.0,noise_sigma,affine2,-2.0402183326817744,-3.7229227867130286,-2.136723436014449,-3.4641156354188873,1.8247668531727266
71vgq3fw,Inlens,blur1.0,noise_sigma,hybrid,-2.0402183326817744,-6.437422049342833,-2.136723436014449,-3.1417619703083175,3.155261349348397
71vgq3fw,Inlens,blur1.0,noise_sigma,clean_norm,-2.0402183326817744,-2.5087011782407496,-2.136723436014449,-3.0584305533398757,1.229623878020533
71vgq3fw,Inlens,blur1.0,noise_sigma,clean_harm,-2.0402183326817744,-0.6529062486963637,-2.136723436014449,-1.0387647032740481,0.3200178325219478
71vgq3fw,Inlens,blur1.0,sharpness,raw,-0.01750755214389519,-0.01750755214389519,-2.596971095707708,-2.596971095707708,1.0
71vgq3fw,Inlens,blur1.0,sharpness,affine2,-0.01750755214389519,-0.023464007273060968,-2.596971095707708,-1.998271305582121,1.3402220413344745
71vgq3fw,Inlens,blur1.0,sharpness,hybrid,-0.01750755214389519,-0.045568212138171596,-2.596971095707708,-2.6037052861020142,2.602774606275329
71vgq3fw,Inlens,blur1.0,sharpness,clean_norm,-0.01750755214389519,-0.017005471653245098,-2.596971095707708,-1.8694737712745617,0.9713220622435692
71vgq3fw,Inlens,blur1.0,sharpness,clean_harm,-0.01750755214389519,-0.012976853717332601,-2.596971095707708,-1.327583943840515,0.7412146261610636
71vgq3fw,Inlens,blur1.0,sharp_robust,raw,-4.8387479839312594e-05,-4.8387479839312594e-05,-0.3648035852185004,-0.3648035852185004,1.0
71vgq3fw,Inlens,blur1.0,sharp_robust,affine2,-4.8387479839312594e-05,-4.6106514820682255e-05,-0.3648035852185004,-0.20838185580356886,0.9528604294704938
71vgq3fw,Inlens,blur1.0,sharp_robust,hybrid,-4.8387479839312594e-05,-3.962045309693549e-05,-0.3648035852185004,-0.4726480148586101,0.8188162150314284
71vgq3fw,Inlens,blur1.0,sharp_robust,clean_norm,-4.8387479839312594e-05,-4.3311580593242624e-05,-0.3648035852185004,-0.26250115230218085,0.8950989127161354
71vgq3fw,Inlens,blur1.0,sharp_robust,clean_harm,-4.8387479839312594e-05,-4.120372041257461e-05,-0.3648035852185004,-0.25337314433789193,0.8515368138494886
71vgq3fw,Inlens,requant3,p1,raw,0.0,0.0,0.0,0.0,
71vgq3fw,Inlens,requant3,p1,affine2,0.0,0.0,0.0,0.0,
71vgq3fw,Inlens,requant3,p1,hybrid,0.0,0.0,0.0,0.0,
71vgq3fw,Inlens,requant3,p1,clean_norm,0.0,0.0,0.0,0.0,
71vgq3fw,Inlens,requant3,p1,clean_harm,0.0,0.0,0.0,0.0,
71vgq3fw,Inlens,requant3,noise_sigma,raw,0.006099375226980008,0.006099375226980008,0.00638788397485051,0.00638788397485051,1.0
71vgq3fw,Inlens,requant3,noise_sigma,affine2,0.006099375226980008,0.008067365860856768,0.00638788397485051,0.007506545210923453,1.322654462242549
71vgq3fw,Inlens,requant3,noise_sigma,hybrid,0.006099375226980008,0.006998230523588944,0.00638788397485051,0.003415462641711854,1.1473684210528539
71vgq3fw,Inlens,requant3,noise_sigma,clean_norm,0.006099375226980008,0.08839674242000362,0.00638788397485051,0.10776703904713089,14.492753623188978
71vgq3fw,Inlens,requant3,noise_sigma,clean_harm,0.006099375226980008,0.08839674242000362,0.00638788397485051,0.14063797994528052,14.492753623188978
71vgq3fw,Inlens,requant3,sharpness,raw,5.214519923670696e-05,5.214519923670696e-05,0.007734923425309794,0.007734923425309794,1.0
71vgq3fw,Inlens,requant3,sharpness,affine2,5.214519923670696e-05,0.00015541076660156167,0.007734923425309794,0.013235287215196474,2.9803465875370976
71vgq3fw,Inlens,requant3,sharpness,hybrid,5.214519923670696e-05,-0.000262488286130777,0.007734923425309794,-0.014998221480935745,5.033795823451407
71vgq3fw,Inlens,requant3,sharpness,clean_norm,5.214519923670696e-05,0.0003690699671829549,0.007734923425309794,0.040573212991833335,7.077736255404941
71vgq3fw,Inlens,requant3,sharpness,clean_harm,5.214519923670696e-05,0.0003690699671829549,0.007734923425309794,0.037757331111115476,7.077736255404941
71vgq3fw,Inlens,requant3,sharp_robust,raw,8.716655460936588e-08,8.716655460936588e-08,0.000657167344491579,0.000657167344491579,1.0
71vgq3fw,Inlens,requant3,sharp_robust,affine2,8.716655460936588e-08,3.1424893273245685e-07,0.000657167344491579,0.0014202716479820724,3.605154914528323
71vgq3fw,Inlens,requant3,sharp_robust,hybrid,8.716655460936588e-08,-1.4921964480946268e-07,0.000657167344491579,-0.0017801000085623598,1.7118910513118908
71vgq3fw,Inlens,requant3,sharp_robust,clean_norm,8.716655460936588e-08,4.256007975005213e-06,0.000657167344491579,0.025794648506095936,48.8261580841227
71vgq3fw,Inlens,requant3,sharp_robust,clean_harm,8.716655460936588e-08,4.256007975005213e-06,0.000657167344491579,0.026171377539614606,48.8261580841227
71vgq3fw,Inlens,all_strong,p1,raw,17.0,17.0,1.9695813313072172,1.9695813313072172,1.0
71vgq3fw,Inlens,all_strong,p1,affine2,17.0,0.0,1.9695813313072172,0.0,0.0
71vgq3fw,Inlens,all_strong,p1,hybrid,17.0,1.0,1.9695813313072172,0.5056035643328478,0.058823529411764705
71vgq3fw,Inlens,all_strong,p1,clean_norm,17.0,7.0,1.9695813313072172,1.1517304753500412,0.4117647058823529
71vgq3fw,Inlens,all_strong,p1,clean_harm,17.0,7.0,1.9695813313072172,1.1489911989426624,0.4117647058823529
71vgq3fw,Inlens,all_strong,noise_sigma,raw,0.04428071975425629,0.04428071975425629,0.04637525805296505,0.04637525805296505,1.0
71vgq3fw,Inlens,all_strong,noise_sigma,affine2,0.04428071975425629,5.93764175557254,0.04637525805296505,5.524873552683855,134.09090431511808
71vgq3fw,Inlens,all_strong,noise_sigma,hybrid,0.04428071975425629,3.6080861133891897,0.04637525805296505,1.7609141749220738,81.48210176828434
71vgq3fw,Inlens,all_strong,noise_sigma,clean_norm,0.04428071975425629,0.3245616666833997,0.04637525805296505,0.3956825653199267,7.329638463074048
71vgq3fw,Inlens,all_strong,noise_sigma,clean_harm,0.04428071975425629,0.3245616666833997,0.04637525805296505,0.5163730689661417,7.329638463074048
71vgq3fw,Inlens,all_strong,sharpness,raw,-0.002997055759544974,-0.002997055759544974,-0.4445662715033866,-0.4445662715033866,1.0
71vgq3fw,Inlens,all_strong,sharpness,affine2,-0.002997055759544974,0.03494200388590495,-0.4445662715033866,2.9757748926760406,11.658776709316212
71vgq3fw,Inlens,all_strong,sharpness,hybrid,-0.002997055759544974,0.03480614307065824,-0.4445662715033866,1.9887753863834639,11.613445282026605
71vgq3fw,Inlens,all_strong,sharpness,clean_norm,-0.002997055759544974,-0.002108266225603301,-0.4445662715033866,-0.23176942645264853,0.7034457797086121
71vgq3fw,Inlens,all_strong,sharpness,clean_harm,-0.002997055759544974,-0.002108266225603301,-0.4445662715033866,-0.21568405188337922,0.7034457797086121
71vgq3fw,Inlens,all_strong,sharp_robust,raw,-3.786362157210505e-05,-3.786362157210505e-05,-0.2854619613323657,-0.2854619613323657,1.0
71vgq3fw,Inlens,all_strong,sharp_robust,affine2,-3.786362157210505e-05,1.2522538503011117e-05,-0.2854619613323657,0.056596553063658524,0.3307274366020165
71vgq3fw,Inlens,all_strong,sharp_robust,hybrid,-3.786362157210505e-05,-2.1091690842178377e-05,-0.2854619613323657,-0.2516111005135931,0.5570436732263636
71vgq3fw,Inlens,all_strong,sharp_robust,clean_norm,-3.786362157210505e-05,-1.9165286271307464e-05,-0.2854619613323657,-0.11615622569092497,0.5061662217073009
71vgq3fw,Inlens,all_strong,sharp_robust,clean_harm,-3.786362157210505e-05,-1.9165286271307464e-05,-0.2854619613323657,-0.11785267922590441,0.5061662217073009
71vgq3fw,SE_type,session_strong,p1,raw,15.0,15.0,2.209409685525505,2.209409685525505,1.0
71vgq3fw,SE_type,session_strong,p1,affine2,15.0,-1.0,2.209409685525505,-2.0108401877995092,0.06666666666666667
71vgq3fw,SE_type,session_strong,p1,hybrid,15.0,-1.0,2.209409685525505,-2.0108401877995092,0.06666666666666667
71vgq3fw,SE_type,session_strong,p1,clean_norm,15.0,0.0,2.209409685525505,0.0,0.0
71vgq3fw,SE_type,session_strong,p1,clean_harm,15.0,0.0,2.209409685525505,0.0,0.0
71vgq3fw,SE_type,session_strong,noise_sigma,raw,-0.9411422045742888,-0.9411422045742888,-1.7166233959763215,-1.7166233959763215,1.0
71vgq3fw,SE_type,session_strong,noise_sigma,affine2,-0.9411422045742888,0.10984737508325004,-1.7166233959763215,0.21134358596368938,0.11671708541955976
71vgq3fw,SE_type,session_strong,noise_sigma,hybrid,-0.9411422045742888,0.10984737508325004,-1.7166233959763215,0.21134358596368938,0.11671708541955976
71vgq3fw,SE_type,session_strong,noise_sigma,clean_norm,-0.9411422045742888,-0.011043079358321606,-1.7166233959763215,-0.015882056179430535,0.011733699014504162
71vgq3fw,SE_type,session_strong,noise_sigma,clean_harm,-0.9411422045742888,0.24213077388472115,-1.7166233959763215,0.6435705944850757,0.257273313966666
71vgq3fw,SE_type,session_strong,sharpness,raw,-0.00043887740028029226,-0.00043887740028029226,-0.07177806557696666,-0.07177806557696666,1.0
71vgq3fw,SE_type,session_strong,sharpness,affine2,-0.00043887740028029226,-0.00036975658836527203,-0.07177806557696666,-0.060437155215323814,0.8425054198031712
71vgq3fw,SE_type,session_strong,sharpness,hybrid,-0.00043887740028029226,-0.00036975658836527203,-0.07177806557696666,-0.060437155215323814,0.8425054198031712
71vgq3fw,SE_type,session_strong,sharpness,clean_norm,-0.00043887740028029226,0.00025852381715128075,-0.07177806557696666,0.04374656778811972,0.5890570281955112
71vgq3fw,SE_type,session_strong,sharpness,clean_harm,-0.00043887740028029226,0.0010224520760405281,-0.07177806557696666,0.17967288959091618,2.3296986251457277
71vgq3fw,SE_type,session_strong,sharp_robust,raw,-1.201804894903377e-05,-1.201804894903377e-05,-0.2503731619823489,-0.2503731619823489,1.0
71vgq3fw,SE_type,session_strong,sharp_robust,affine2,-1.201804894903377e-05,-1.520914083221218e-05,-0.2503731619823489,-0.32028760796988054,1.2655249530694388
71vgq3fw,SE_type,session_strong,sharp_robust,hybrid,-1.201804894903377e-05,-1.520914083221218e-05,-0.2503731619823489,-0.32028760796988054,1.2655249530694388
71vgq3fw,SE_type,session_strong,sharp_robust,clean_norm,-1.201804894903377e-05,3.567235280116463e-06,-0.2503731619823489,0.07106719926786777,0.2968231611673759
71vgq3fw,SE_type,session_strong,sharp_robust,clean_harm,-1.201804894903377e-05,-8.937798301812986e-07,-0.2503731619823489,-0.017988135403321108,0.0743697944626159
71vgq3fw,SE_type,offset6,p1,raw,6.0,6.0,0.883763874210202,0.883763874210202,1.0
71vgq3fw,SE_type,offset6,p1,affine2,6.0,0.0,0.883763874210202,0.0,0.0
71vgq3fw,SE_type,offset6,p1,hybrid,6.0,0.0,0.883763874210202,0.0,0.0
71vgq3fw,SE_type,offset6,p1,clean_norm,6.0,0.0,0.883763874210202,0.0,0.0
71vgq3fw,SE_type,offset6,p1,clean_harm,6.0,0.0,0.883763874210202,0.0,0.0
71vgq3fw,SE_type,offset6,noise_sigma,raw,-4.4663617222440166e-05,-4.4663617222440166e-05,-8.14654893812275e-05,-8.14654893812275e-05,1.0
71vgq3fw,SE_type,offset6,noise_sigma,affine2,-4.4663617222440166e-05,-3.721968101721984e-06,-8.14654893812275e-05,-7.160972985146332e-06,0.08333333333001901
71vgq3fw,SE_type,offset6,noise_sigma,hybrid,-4.4663617222440166e-05,-3.721968101721984e-06,-8.14654893812275e-05,-7.160972985146332e-06,0.08333333333001901
71vgq3fw,SE_type,offset6,noise_sigma,clean_norm,-4.4663617222440166e-05,1.8609840513050813e-06,-8.14654893812275e-05,2.676450317236847e-06,0.04166666667495248
71vgq3fw,SE_type,offset6,noise_sigma,clean_harm,-4.4663617222440166e-05,1.8609840513050813e-06,-8.14654893812275e-05,4.946395672926195e-06,0.04166666667495248
71vgq3fw,SE_type,offset6,sharpness,raw,-5.162809844048988e-06,-5.162809844048988e-06,-0.0008443736298813423,-0.0008443736298813423,1.0
71vgq3fw,SE_type,offset6,sharpness,affine2,-5.162809844048988e-06,-9.213131905994043e-08,-0.0008443736298813423,-1.5058973945090383e-05,0.01784518931413625
71vgq3fw,SE_type,offset6,sharpness,hybrid,-5.162809844048988e-06,-9.213131905994043e-08,-0.0008443736298813423,-1.5058973945090383e-05,0.01784518931413625
71vgq3fw,SE_type,offset6,sharpness,clean_norm,-5.162809844048988e-06,1.537796831541094e-08,-0.0008443736298813423,2.6022102751175825e-06,0.0029786044382666254
71vgq3fw,SE_type,offset6,sharpness,clean_harm,-5.162809844048988e-06,1.537796831541094e-08,-0.0008443736298813423,2.7023310608035937e-06,0.0029786044382666254
71vgq3fw,SE_type,offset6,sharp_robust,raw,-7.977187072873409e-08,-7.977187072873409e-08,-0.0016618950044471328,-0.0016618950044471328,1.0
71vgq3fw,SE_type,offset6,sharp_robust,affine2,-7.977187072873409e-08,-2.303282976671983e-10,-0.0016618950044471328,-4.850458045030245e-06,0.002887337297760441
71vgq3fw,SE_type,offset6,sharp_robust,hybrid,-7.977187072873409e-08,-2.303282976671983e-10,-0.0016618950044471328,-4.850458045030245e-06,0.002887337297760441
71vgq3fw,SE_type,offset6,sharp_robust,clean_norm,-7.977187072873409e-08,0.0,-0.0016618950044471328,0.0,0.0
71vgq3fw,SE_type,offset6,sharp_robust,clean_harm,-7.977187072873409e-08,0.0,-0.0016618950044471328,0.0,0.0
71vgq3fw,SE_type,noise6,p1,raw,-2.0,-2.0,-0.2945879580700673,-0.2945879580700673,1.0
71vgq3fw,SE_type,noise6,p1,affine2,-2.0,0.0,-0.2945879580700673,0.0,0.0
71vgq3fw,SE_type,noise6,p1,hybrid,-2.0,0.0,-0.2945879580700673,0.0,0.0
71vgq3fw,SE_type,noise6,p1,clean_norm,-2.0,0.0,-0.2945879580700673,0.0,0.0
71vgq3fw,SE_type,noise6,p1,clean_harm,-2.0,0.0,-0.2945879580700673,0.0,0.0
71vgq3fw,SE_type,noise6,noise_sigma,raw,1.331017432755754,1.331017432755754,2.427747533173679,2.427747533173679,1.0
71vgq3fw,SE_type,noise6,noise_sigma,affine2,1.331017432755754,1.74822516631649,2.427747533173679,3.3635412356579235,1.31345023986421
71vgq3fw,SE_type,noise6,noise_sigma,hybrid,1.331017432755754,1.74822516631649,2.427747533173679,3.3635412356579235,1.31345023986421
71vgq3fw,SE_type,noise6,noise_sigma,clean_norm,1.331017432755754,2.530363265216784,2.427747533173679,3.639145407594732,1.9010744735160159
71vgq3fw,SE_type,noise6,noise_sigma,clean_harm,1.331017432755754,2.530363265216784,2.427747533173679,6.725569677624203,1.9010744735160159
71vgq3fw,SE_type,noise6,sharpness,raw,0.010658730333595295,0.010658730333595295,1.743227252903416,1.743227252903416,1.0
71vgq3fw,SE_type,noise6,sharpness,affine2,0.010658730333595295,0.01070923899032207,1.743227252903416,1.7504378811952546,1.0047387123180682
71vgq3fw,SE_type,noise6,sharpness,hybrid,0.010658730333595295,0.01070923899032207,1.743227252903416,1.7504378811952546,1.0047387123180682
71vgq3fw,SE_type,noise6,sharpness,clean_norm,0.010658730333595295,0.011983782376804052,1.743227252903416,2.0278570612244873,1.1243161241289987
71vgq3fw,SE_type,noise6,sharpness,clean_harm,0.010658730333595295,0.011983782376804052,1.743227252903416,2.105879442494021,1.1243161241289987
71vgq3fw,SE_type,noise6,sharp_robust,raw,-1.3684413373349033e-05,-1.3684413373349033e-05,-0.28508869124171776,-0.28508869124171776,1.0
71vgq3fw,SE_type,noise6,sharp_robust,affine2,-1.3684413373349033e-05,-1.4276470691839804e-05,-0.28508869124171776,-0.300646611047022,1.043265085783204
71vgq3fw,SE_type,noise6,sharp_robust,hybrid,-1.3684413373349033e-05,-1.4276470691839804e-05,-0.28508869124171776,-0.300646611047022,1.043265085783204
71vgq3fw,SE_type,noise6,sharp_robust,clean_norm,-1.3684413373349033e-05,5.8446351323334115e-06,-0.28508869124171776,0.11643803028993324,0.42710162086422226
71vgq3fw,SE_type,noise6,sharp_robust,clean_harm,-1.3684413373349033e-05,5.8446351323334115e-06,-0.28508869124171776,0.11762862015144722,0.42710162086422226
71vgq3fw,SE_type,blur1.0,p1,raw,0.0,0.0,0.0,0.0,
71vgq3fw,SE_type,blur1.0,p1,affine2,0.0,0.0,0.0,0.0,
71vgq3fw,SE_type,blur1.0,p1,hybrid,0.0,0.0,0.0,0.0,
71vgq3fw,SE_type,blur1.0,p1,clean_norm,0.0,0.0,0.0,0.0,
71vgq3fw,SE_type,blur1.0,p1,clean_harm,0.0,0.0,0.0,0.0,
71vgq3fw,SE_type,blur1.0,noise_sigma,raw,-2.1374333480271925,-2.1374333480271925,-3.89863303837614,-3.89863303837614,1.0
71vgq3fw,SE_type,blur1.0,noise_sigma,affine2,-2.1374333480271925,-3.1379003511120933,-3.89863303837614,-6.0372413277800145,1.4680693337213586
71vgq3fw,SE_type,blur1.0,noise_sigma,hybrid,-2.1374333480271925,-3.1379003511120933,-3.89863303837614,-6.0372413277800145,1.4680693337213586
71vgq3fw,SE_type,blur1.0,noise_sigma,clean_norm,-2.1374333480271925,-4.459225778930513,-3.89863303837614,-6.4132179113945265,2.086252552879035
71vgq3fw,SE_type,blur1.0,noise_sigma,clean_harm,-2.1374333480271925,-0.7761885328894156,-3.89863303837614,-2.063067438845952,0.363140461715834
71vgq3fw,SE_type,blur1.0,sharpness,raw,-0.02231728854897675,-0.02231728854897675,-3.649975596705322,-3.649975596705322,1.0
71vgq3fw,SE_type,blur1.0,sharpness,affine2,-0.02231728854897675,-0.022067153625156613,-3.649975596705322,-3.606902569877904,0.9887918766085225
71vgq3fw,SE_type,blur1.0,sharpness,hybrid,-0.02231728854897675,-0.022067153625156613,-3.649975596705322,-3.606902569877904,0.9887918766085225
71vgq3fw,SE_type,blur1.0,sharpness,clean_norm,-0.02231728854897675,-0.02159242525478059,-3.649975596705322,-3.653800665357721,0.9675201002753807
71vgq3fw,SE_type,blur1.0,sharpness,clean_harm,-0.02231728854897675,-0.011769405840333477,-3.649975596705322,-2.0682076017586377,0.527367194025598
71vgq3fw,SE_type,blur1.0,sharp_robust,raw,-5.626961868702334e-05,-5.626961868702334e-05,-1.1722703422125589,-1.1722703422125589,1.0
71vgq3fw,SE_type,blur1.0,sharp_robust,affine2,-5.626961868702334e-05,-5.744903374662604e-05,-1.1722703422125589,-1.2098128225571487,1.0209600684547502
71vgq3fw,SE_type,blur1.0,sharp_robust,hybrid,-5.626961868702334e-05,-5.744903374662604e-05,-1.1722703422125589,-1.2098128225571487,1.0209600684547502
71vgq3fw,SE_type,blur1.0,sharp_robust,clean_norm,-5.626961868702334e-05,-3.68545272838802e-05,-1.1722703422125589,-0.7342235173007913,0.654963160295583
71vgq3fw,SE_type,blur1.0,sharp_robust,clean_harm,-5.626961868702334e-05,-3.6475093119756486e-05,-1.1722703422125589,-0.7340945630355469,0.6482200158958642
71vgq3fw,SE_type,requant3,p1,raw,0.0,0.0,0.0,0.0,
71vgq3fw,SE_type,requant3,p1,affine2,0.0,2.0,0.0,4.0216803755990185,
71vgq3fw,SE_type,requant3,p1,hybrid,0.0,2.0,0.0,4.0216803755990185,
71vgq3fw,SE_type,requant3,p1,clean_norm,0.0,0.0,0.0,0.0,
71vgq3fw,SE_type,requant3,p1,clean_harm,0.0,0.0,0.0,0.0,
71vgq3fw,SE_type,requant3,noise_sigma,raw,0.03254884367407751,0.03254884367407751,0.059368399686390794,0.059368399686390794,1.0
71vgq3fw,SE_type,requant3,noise_sigma,affine2,0.03254884367407751,-0.00537963964527588,0.059368399686390794,-0.010350291328885848,0.165278978852337
71vgq3fw,SE_type,requant3,noise_sigma,hybrid,0.03254884367407751,-0.00537963964527588,0.059368399686390794,-0.010350291328885848,0.165278978852337
71vgq3fw,SE_type,requant3,noise_sigma,clean_norm,0.03254884367407751,0.1093365349612645,0.059368399686390794,0.1572468090080805,3.3591526647179206
71vgq3fw,SE_type,requant3,noise_sigma,clean_harm,0.03254884367407751,0.1093365349612645,0.059368399686390794,0.29061063851991203,3.3591526647179206
71vgq3fw,SE_type,requant3,sharpness,raw,0.00022561355996791876,0.00022561355996791876,0.03689892642475481,0.03689892642475481,1.0
71vgq3fw,SE_type,requant3,sharpness,affine2,0.00022561355996791876,0.0005727104117216747,0.03689892642475481,0.09361019961721864,2.5384574039038768
71vgq3fw,SE_type,requant3,sharpness,hybrid,0.00022561355996791876,0.0005727104117216747,0.03689892642475481,0.09361019961721864,2.5384574039038768
71vgq3fw,SE_type,requant3,sharpness,clean_norm,0.00022561355996791876,0.0002811553947389134,0.03689892642475481,0.04757621046475601,1.24618127908133
71vgq3fw,SE_type,requant3,sharpness,clean_harm,0.00022561355996791876,0.0002811553947389134,0.03689892642475481,0.049406718789637316,1.24618127908133
71vgq3fw,SE_type,requant3,sharp_robust,raw,1.0815656047386078e-07,1.0815656047386078e-07,0.002253235957834304,0.002253235957834304,1.0
71vgq3fw,SE_type,requant3,sharp_robust,affine2,1.0815656047386078e-07,3.0520842049411127e-06,0.002253235957834304,0.06427350236989415,28.21913152164948
71vgq3fw,SE_type,requant3,sharp_robust,hybrid,1.0815656047386078e-07,3.0520842049411127e-06,0.002253235957834304,0.06427350236989415,28.21913152164948
71vgq3fw,SE_type,requant3,sharp_robust,clean_norm,1.0815656047386078e-07,-2.513697117934987e-06,0.002253235957834304,-0.05007839403671695,23.241281961277753
71vgq3fw,SE_type,requant3,sharp_robust,clean_harm,1.0815656047386078e-07,-2.513697117934987e-06,0.002253235957834304,-0.050590450347464865,23.241281961277753
71vgq3fw,SE_type,all_strong,p1,raw,14.0,14.0,2.0621157064904714,2.0621157064904714,1.0
71vgq3fw,SE_type,all_strong,p1,affine2,14.0,1.0,2.0621157064904714,2.0108401877995092,0.07142857142857142
71vgq3fw,SE_type,all_strong,p1,hybrid,14.0,1.0,2.0621157064904714,2.0108401877995092,0.07142857142857142
71vgq3fw,SE_type,all_strong,p1,clean_norm,14.0,0.0,2.0621157064904714,0.0,0.0
71vgq3fw,SE_type,all_strong,p1,clean_harm,14.0,0.0,2.0621157064904714,0.0,0.0
71vgq3fw,SE_type,all_strong,noise_sigma,raw,0.03498045195964661,0.03498045195964661,0.06380360156403467,0.06380360156403467,1.0
71vgq3fw,SE_type,all_strong,noise_sigma,affine2,0.03498045195964661,1.765714229181281,0.06380360156403467,3.3971897525950654,50.47717025549601
71vgq3fw,SE_type,all_strong,noise_sigma,hybrid,0.03498045195964661,1.765714229181281,0.06380360156403467,3.3971897525950654,50.47717025549601
71vgq3fw,SE_type,all_strong,noise_sigma,clean_norm,0.03498045195964661,2.746038289833236,0.06380360156403467,3.9493272641506523,78.50208147685059
71vgq3fw,SE_type,all_strong,noise_sigma,clean_harm,0.03498045195964661,2.746038289833236,0.06380360156403467,7.2988223112364725,78.50208147685059
71vgq3fw,SE_type,all_strong,sharpness,raw,0.0038693334131982213,0.0038693334131982213,0.6328265417501876,0.6328265417501876,1.0
71vgq3fw,SE_type,all_strong,sharpness,affine2,0.0038693334131982213,0.003267389979126567,0.6328265417501876,0.5340587876757161,0.8444322652531216
71vgq3fw,SE_type,all_strong,sharpness,hybrid,0.0038693334131982213,0.003267389979126567,0.6328265417501876,0.5340587876757161,0.8444322652531216
71vgq3fw,SE_type,all_strong,sharpness,clean_norm,0.0038693334131982213,0.0066256027443103785,0.6328265417501876,1.1211631592980682,1.7123369936823165
71vgq3fw,SE_type,all_strong,sharpness,clean_harm,0.0038693334131982213,0.0066256027443103785,0.6328265417501876,1.1643002329867274,1.7123369936823165
71vgq3fw,SE_type,all_strong,sharp_robust,raw,-7.2136072213085e-05,-7.2136072213085e-05,-1.5028176844319823,-1.5028176844319823,1.0
71vgq3fw,SE_type,all_strong,sharp_robust,affine2,-7.2136072213085e-05,-7.358341131783938e-05,-1.5028176844319823,-1.5495848882758125,1.0200640131954932
71vgq3fw,SE_type,all_strong,sharp_robust,hybrid,-7.2136072213085e-05,-7.358341131783938e-05,-1.5028176844319823,-1.5495848882758125,1.0200640131954932
71vgq3fw,SE_type,all_strong,sharp_robust,clean_norm,-7.2136072213085e-05,-2.989650620797697e-05,-1.5028176844319823,-0.5956043818971142,0.4144459947814284
71vgq3fw,SE_type,all_strong,sharp_robust,clean_harm,-7.2136072213085e-05,-2.989650620797697e-05,-1.5028176844319823,-0.6016944929784703,0.4144459947814284
b3esycq1,BSE,session_strong,p1,raw,21.0,21.0,2.551834738297222,2.551834738297222,1.0
b3esycq1,BSE,session_strong,p1,affine2,21.0,-1.0,2.551834738297222,-0.817963781717405,0.047619047619047616
b3esycq1,BSE,session_strong,p1,hybrid,21.0,-1.0,2.551834738297222,-0.817963781717405,0.047619047619047616
b3esycq1,BSE,session_strong,p1,clean_norm,21.0,0.0,2.551834738297222,0.0,0.0
b3esycq1,BSE,session_strong,p1,clean_harm,21.0,0.0,2.551834738297222,0.0,0.0
b3esycq1,BSE,session_strong,noise_sigma,raw,-1.7237866563074236,-1.7237866563074236,-2.3491359888738947,-2.3491359888738947,1.0
b3esycq1,BSE,session_strong,noise_sigma,affine2,-1.7237866563074236,0.09598439294417371,-2.3491359888738947,0.15110265958014094,0.05568229258125529
b3esycq1,BSE,session_strong,noise_sigma,hybrid,-1.7237866563074236,0.09598439294417371,-2.3491359888738947,0.15110265958014094,0.05568229258125529
b3esycq1,BSE,session_strong,noise_sigma,clean_norm,-1.7237866563074236,0.829989280862506,-2.3491359888738947,0.7457304094456282,0.4814918817392702
b3esycq1,BSE,session_strong,noise_sigma,clean_harm,-1.7237866563074236,0.07362646829268549,-2.3491359888738947,0.24280105777108357,0.04271205373546806
b3esycq1,BSE,session_strong,sharpness,raw,-0.0005367748112540746,-0.0005367748112540746,-0.04682662718473821,-0.04682662718473821,1.0
b3esycq1,BSE,session_strong,sharpness,affine2,-0.0005367748112540746,-0.0006318774908252792,-0.04682662718473821,-0.05586026457591135,1.1771742592559715
b3esycq1,BSE,session_strong,sharpness,hybrid,-0.0005367748112540746,-0.0006318774908252792,-0.04682662718473821,-0.05586026457591135,1.1771742592559715
b3esycq1,BSE,session_strong,sharpness,clean_norm,-0.0005367748112540746,0.002367858323406455,-0.04682662718473821,0.21766723982849007,4.411269444395861
b3esycq1,BSE,session_strong,sharpness,clean_harm,-0.0005367748112540746,-0.004590982622240614,-0.04682662718473821,-0.3494823695006092,8.552902494650663
b3esycq1,BSE,session_strong,sharp_robust,raw,-5.6493696346306154e-06,-5.6493696346306154e-06,-0.09876090813624772,-0.09876090813624772,1.0
b3esycq1,BSE,session_strong,sharp_robust,affine2,-5.6493696346306154e-06,-3.2220751943628795e-06,-0.09876090813624772,-0.05662221463320753,0.5703424280492412
b3esycq1,BSE,session_strong,sharp_robust,hybrid,-5.6493696346306154e-06,-3.2220751943628795e-06,-0.09876090813624772,-0.05662221463320753,0.5703424280492412
b3esycq1,BSE,session_strong,sharp_robust,clean_norm,-5.6493696346306154e-06,7.629259753492686e-06,-0.09876090813624772,0.1218351421986995,1.350462130628761
b3esycq1,BSE,session_strong,sharp_robust,clean_harm,-5.6493696346306154e-06,6.2232653177491325e-06,-0.09876090813624772,0.09951478813174366,1.1015857910235751
b3esycq1,BSE,session_strong,frac_pore,raw,-0.03858929155186101,-0.03858929155186101,-1.565945074446351,-1.565945074446351,1.0
b3esycq1,BSE,session_strong,frac_pore,affine2,-0.03858929155186101,-0.0016928968383692067,-1.565945074446351,-0.1184973961190325,0.04386960139172508
b3esycq1,BSE,session_strong,frac_pore,hybrid,-0.03858929155186101,-0.0016928968383692067,-1.565945074446351,-0.1184973961190325,0.04386960139172508
b3esycq1,BSE,session_strong,frac_pore,clean_norm,-0.03858929155186101,0.002031612979199446,-1.565945074446351,0.10169946350544631,0.05264706599936191
b3esycq1,BSE,session_strong,frac_pore,clean_harm,-0.03858929155186101,0.0016959994004988599,-1.565945074446351,0.08391806720155318,0.04395000095349168
b3esycq1,BSE,session_strong,frac_graphite,raw,0.05517278161524641,0.05517278161524641,2.340153308225871,2.340153308225871,1.0
b3esycq1,BSE,session_strong,frac_graphite,affine2,0.05517278161524641,0.00038554531444368045,2.340153308225871,0.020777019299912686,0.006987962237110392
b3esycq1,BSE,session_strong,frac_graphite,hybrid,0.05517278161524641,0.00038554531444368045,2.340153308225871,0.020777019299912686,0.006987962237110392
b3esycq1,BSE,session_strong,frac_graphite,clean_norm,0.05517278161524641,-0.016698515164166983,2.340153308225871,-0.5054601240915005,0.3026585695935353
b3esycq1,BSE,session_strong,frac_graphite,clean_harm,0.05517278161524641,-0.015391388594490962,2.340153308225871,-0.4881737504771939,0.2789670584641633
b3esycq1,BSE,session_strong,frac_si,raw,-0.016583490063385456,-0.016583490063385456,-0.8588567845805245,-0.8588567845805245,1.0
b3esycq1,BSE,session_strong,frac_si,affine2,-0.016583490063385456,0.0013073515239255679,-0.8588567845805245,0.05903644562674355,0.07883452270472655
b3esycq1,BSE,session_strong,frac_si,hybrid,-0.016583490063385456,0.0013073515239255679,-0.8588567845805245,0.05903644562674355,0.07883452270472655
b3esycq1,BSE,session_strong,frac_si,clean_norm,-0.016583490063385456,0.014666902184967495,-0.8588567845805245,0.391860615314682,0.8844279538810965
b3esycq1,BSE,session_strong,frac_si,clean_harm,-0.016583490063385456,0.013695389193992158,-0.8588567845805245,0.37860981912974595,0.825844809605554
b3esycq1,BSE,offset6,p1,raw,6.0,6.0,0.729095639513492,0.729095639513492,1.0
b3esycq1,BSE,offset6,p1,affine2,6.0,0.0,0.729095639513492,0.0,0.0
b3esycq1,BSE,offset6,p1,hybrid,6.0,0.0,0.729095639513492,0.0,0.0
b3esycq1,BSE,offset6,p1,clean_norm,6.0,0.0,0.729095639513492,0.0,0.0
b3esycq1,BSE,offset6,p1,clean_harm,6.0,0.0,0.729095639513492,0.0,0.0
b3esycq1,BSE,offset6,noise_sigma,raw,0.0,0.0,0.0,0.0,
b3esycq1,BSE,offset6,noise_sigma,affine2,0.0,-0.00024224789135285363,0.0,-0.00038135679706165297,
b3esycq1,BSE,offset6,noise_sigma,hybrid,0.0,-0.00024224789135285363,0.0,-0.00038135679706165297,
b3esycq1,BSE,offset6,noise_sigma,clean_norm,0.0,0.49697354932286686,0.0,0.44652177680543165,
b3esycq1,BSE,offset6,noise_sigma,clean_harm,0.0,0.016014141338844823,0.0,0.05281049799795222,
b3esycq1,BSE,offset6,sharpness,raw,0.0,0.0,0.0,0.0,
b3esycq1,BSE,offset6,sharpness,affine2,0.0,-7.892477101298367e-06,0.0,-0.0006977236338360968,
b3esycq1,BSE,offset6,sharpness,hybrid,0.0,-7.892477101298367e-06,0.0,-0.0006977236338360968,
b3esycq1,BSE,offset6,sharpness,clean_norm,0.0,0.0016165063866316332,0.0,0.14859862174398977,
b3esycq1,BSE,offset6,sharpness,clean_harm,0.0,-0.0020669738417496974,0.0,-0.1573456001360142,
b3esycq1,BSE,offset6,sharp_robust,raw,0.0,0.0,0.0,0.0,
b3esycq1,BSE,offset6,sharp_robust,affine2,0.0,-9.743339524965642e-08,0.0,-0.0017122178364800944,
b3esycq1,BSE,offset6,sharp_robust,hybrid,0.0,-9.743339524965642e-08,0.0,-0.0017122178364800944,
b3esycq1,BSE,offset6,sharp_robust,clean_norm,0.0,4.7397832363034204e-06,0.0,0.07569176869638915,
b3esycq1,BSE,offset6,sharp_robust,clean_harm,0.0,7.48438558292072e-06,0.0,0.1196810689488679,
b3esycq1,BSE,offset6,frac_pore,raw,-0.014141260831355626,-0.014141260831355626,-0.5738492948377155,-0.5738492948377155,1.0
b3esycq1,BSE,offset6,frac_pore,affine2,-0.014141260831355626,0.0,-0.5738492948377155,0.0,0.0
b3esycq1,BSE,offset6,frac_pore,hybrid,-0.014141260831355626,0.0,-0.5738492948377155,0.0,0.0
b3esycq1,BSE,offset6,frac_pore,clean_norm,-0.014141260831355626,0.00335345944267805,-0.5738492948377155,0.16786909204627104,0.23714006004629906
b3esycq1,BSE,offset6,frac_pore,clean_harm,-0.014141260831355626,0.0031709327595251108,-0.5738492948377155,0.1568977844727803,0.22423267609166467
b3esycq1,BSE,offset6,frac_graphite,raw,-0.01537856145162464,-0.01537856145162464,-0.6522816215383511,-0.6522816215383511,1.0
b3esycq1,BSE,offset6,frac_graphite,affine2,-0.01537856145162464,0.0,-0.6522816215383511,0.0,0.0
b3esycq1,BSE,offset6,frac_graphite,hybrid,-0.01537856145162464,0.0,-0.6522816215383511,0.0,0.0
b3esycq1,BSE,offset6,frac_graphite,clean_norm,-0.01537856145162464,-0.008194431062722773,-0.6522816215383511,-0.24804349974249487,0.5328476976536117
b3esycq1,BSE,offset6,frac_graphite,clean_harm,-0.01537856145162464,-0.007103285480296706,-0.6522816215383511,-0.22529724932471717,0.46189531463271505
b3esycq1,BSE,offset6,frac_si,raw,0.029519822282980182,0.029519822282980182,1.528827740749591,1.528827740749591,1.0
b3esycq1,BSE,offset6,frac_si,affine2,0.029519822282980182,0.0,1.528827740749591,0.0,0.0
b3esycq1,BSE,offset6,frac_si,hybrid,0.029519822282980182,0.0,1.528827740749591,0.0,0.0
b3esycq1,BSE,offset6,frac_si,clean_norm,0.029519822282980182,0.004840971620044737,1.528827740749591,0.12933788565767598,0.16399054078438088
b3esycq1,BSE,offset6,frac_si,clean_harm,0.029519822282980182,0.003932352720771637,1.528827740749591,0.10871011632285901,0.1332105824715231
b3esycq1,BSE,noise6,p1,raw,2.0,2.0,0.24303187983783067,0.24303187983783067,1.0
b3esycq1,BSE,noise6,p1,affine2,2.0,0.0,0.24303187983783067,0.0,0.0
b3esycq1,BSE,noise6,p1,hybrid,2.0,0.0,0.24303187983783067,0.0,0.0
b3esycq1,BSE,noise6,p1,clean_norm,2.0,0.0,0.24303187983783067,0.0,0.0
b3esycq1,BSE,noise6,p1,clean_harm,2.0,0.0,0.24303187983783067,0.0,0.0
b3esycq1,BSE,noise6,noise_sigma,raw,0.7531229137073021,0.7531229137073021,1.0263382270432608,1.0263382270432608,1.0
b3esycq1,BSE,noise6,noise_sigma,affine2,0.7531229137073021,0.8932817652541472,1.0263382270432608,1.4062416435018765,1.186103554938865
b3esycq1,BSE,noise6,noise_sigma,hybrid,0.7531229137073021,0.8932817652541472,1.0263382270432608,1.4062416435018765,1.186103554938865
b3esycq1,BSE,noise6,noise_sigma,clean_norm,0.7531229137073021,1.742005031211809,1.0263382270432608,1.5651601233114318,2.3130421336361455
b3esycq1,BSE,noise6,noise_sigma,clean_harm,0.7531229137073021,-0.17402110633411638,1.0263382270432608,-0.5738766189959338,0.23106600950100545
b3esycq1,BSE,noise6,sharpness,raw,0.013056072777837886,0.013056072777837886,1.1389726932906323,1.1389726932906323,1.0
b3esycq1,BSE,noise6,sharpness,affine2,0.013056072777837886,0.013134847682817058,1.1389726932906323,1.1611682286200276,1.0060335834764103
b3esycq1,BSE,noise6,sharpness,hybrid,0.013056072777837886,0.013134847682817058,1.1389726932906323,1.1611682286200276,1.0060335834764103
b3esycq1,BSE,noise6,sharpness,clean_norm,0.013056072777837886,0.013349908134281704,1.1389726932906323,1.22720081131062,1.0225056463336042
b3esycq1,BSE,noise6,sharpness,clean_harm,0.013056072777837886,-0.002797278706139772,1.1389726932906323,-0.2129390744455076,0.21425115758300844
b3esycq1,BSE,noise6,sharp_robust,raw,1.2641041681244966e-05,1.2641041681244966e-05,0.22098762109226755,0.22098762109226755,1.0
b3esycq1,BSE,noise6,sharp_robust,affine2,1.2641041681244966e-05,1.2133001859368237e-05,0.22098762109226755,0.2132158295461812,0.9598102882114147
b3esycq1,BSE,noise6,sharp_robust,hybrid,1.2641041681244966e-05,1.2133001859368237e-05,0.22098762109226755,0.2132158295461812,0.9598102882114147
b3esycq1,BSE,noise6,sharp_robust,clean_norm,1.2641041681244966e-05,5.6911626215062645e-06,0.22098762109226755,0.09088478170502808,0.45021310466446973
b3esycq1,BSE,noise6,sharp_robust,clean_harm,1.2641041681244966e-05,3.958931337544607e-06,0.22098762109226755,0.06330635015033656,0.31318078346488826
b3esycq1,BSE,noise6,frac_pore,raw,0.0002382792101654485,0.0002382792101654485,0.009669318624315514,0.009669318624315514,1.0
b3esycq1,BSE,noise6,frac_pore,affine2,0.0002382792101654485,0.0037442738693147376,0.009669318624315514,0.2620872659303571,15.713808463251626
b3esycq1,BSE,noise6,frac_pore,hybrid,0.0002382792101654485,0.0037442738693147376,0.009669318624315514,0.2620872659303571,15.713808463251626
b3esycq1,BSE,noise6,frac_pore,clean_norm,0.0002382792101654485,0.0033135819121944965,0.009669318624315514,0.1658728833699032,13.906298874726502
b3esycq1,BSE,noise6,frac_pore,clean_harm,0.0002382792101654485,0.0025604586183640005,0.009669318624315514,0.12669151789762714,10.745623240005509
b3esycq1,BSE,noise6,frac_graphite,raw,-0.001971773731335724,-0.001971773731335724,-0.08363277480979979,-0.08363277480979979,1.0
b3esycq1,BSE,noise6,frac_graphite,affine2,-0.001971773731335724,-0.006032868733097607,-0.08363277480979979,-0.32511101913474005,3.0596151258242017
b3esycq1,BSE,noise6,frac_graphite,hybrid,-0.001971773731335724,-0.006032868733097607,-0.08363277480979979,-0.32511101913474005,3.0596151258242017
b3esycq1,BSE,noise6,frac_graphite,clean_norm,-0.001971773731335724,-0.007195619359604333,-0.08363277480979979,-0.21780970455538395,3.649312923308831
b3esycq1,BSE,noise6,frac_graphite,clean_harm,-0.001971773731335724,-0.002426909036408964,-0.08363277480979979,-0.07697507467226286,1.2308253213034341
b3esycq1,BSE,noise6,frac_si,raw,0.001733494521170234,0.001733494521170234,0.08977745485718859,0.08977745485718859,1.0
b3esycq1,BSE,noise6,frac_si,affine2,0.001733494521170234,0.002288594863782828,0.08977745485718859,0.10334673097841726,1.3202204194091487
b3esycq1,BSE,noise6,frac_si,hybrid,0.001733494521170234,0.002288594863782828,0.08977745485718859,0.10334673097841726,1.3202204194091487
b3esycq1,BSE,noise6,frac_si,clean_norm,0.001733494521170234,0.0038820374474098363,0.08977745485718859,0.10371771514067865,2.239428737732139
b3esycq1,BSE,noise6,frac_si,clean_harm,0.001733494521170234,-0.00013354958195502253,0.08977745485718859,-0.0036919858466691207,0.0770406715014403
b3esycq1,BSE,blur1.0,p1,raw,1.0,1.0,0.12151593991891534,0.12151593991891534,1.0
b3esycq1,BSE,blur1.0,p1,affine2,1.0,1.0,0.12151593991891534,0.817963781717405,1.0
b3esycq1,BSE,blur1.0,p1,hybrid,1.0,1.0,0.12151593991891534,0.817963781717405,1.0
b3esycq1,BSE,blur1.0,p1,clean_norm,1.0,0.0,0.12151593991891534,0.0,0.0
b3esycq1,BSE,blur1.0,p1,clean_harm,1.0,0.0,0.12151593991891534,0.0,0.0
b3esycq1,BSE,blur1.0,noise_sigma,raw,-4.360323029625795,-4.360323029625795,-5.942145865052371,-5.942145865052371,1.0
b3esycq1,BSE,blur1.0,noise_sigma,affine2,-4.360323029625795,-3.996411246493328,-5.942145865052371,-6.291318302886481,0.9165401781794826
b3esycq1,BSE,blur1.0,noise_sigma,hybrid,-4.360323029625795,-3.996411246493328,-5.942145865052371,-6.291318302886481,0.9165401781794826
b3esycq1,BSE,blur1.0,noise_sigma,clean_norm,-4.360323029625795,-8.60700846240093,-5.942145865052371,-7.733241974038827,1.9739382618951484
b3esycq1,BSE,blur1.0,noise_sigma,clean_harm,-4.360323029625795,-0.5972792890555443,-5.942145865052371,-1.969672680630997,0.1369805138283076
b3esycq1,BSE,blur1.0,sharpness,raw,-0.0406283656743633,-0.0406283656743633,-3.544296961539258,-3.544296961539258,1.0
b3esycq1,BSE,blur1.0,sharpness,affine2,-0.0406283656743633,-0.0406333216367239,-3.544296961539258,-3.5921331748358183,1.0001219828136905
b3esycq1,BSE,blur1.0,sharpness,hybrid,-0.0406283656743633,-0.0406333216367239,-3.544296961539258,-3.5921331748358183,1.0001219828136905
b3esycq1,BSE,blur1.0,sharpness,clean_norm,-0.0406283656743633,-0.04830557267667719,-3.544296961539258,-4.440527783664182,1.1889617481502153
b3esycq1,BSE,blur1.0,sharpness,clean_harm,-0.0406283656743633,-0.008882498533255928,-3.544296961539258,-0.6761682388971744,0.21862800498669402
b3esycq1,BSE,blur1.0,sharp_robust,raw,-2.6024398502982708e-05,-2.6024398502982708e-05,-0.45495221521688056,-0.45495221521688056,1.0
b3esycq1,BSE,blur1.0,sharp_robust,affine2,-2.6024398502982708e-05,-2.340788001791496e-05,-0.45495221521688056,-0.4113516682669571,0.8994590217035039
b3esycq1,BSE,blur1.0,sharp_robust,hybrid,-2.6024398502982708e-05,-2.340788001791496e-05,-0.45495221521688056,-0.4113516682669571,0.8994590217035039
b3esycq1,BSE,blur1.0,sharp_robust,clean_norm,-2.6024398502982708e-05,-2.6239865819833368e-05,-0.45495221521688056,-0.41903643167617016,1.0082794350396211
b3esycq1,BSE,blur1.0,sharp_robust,clean_harm,-2.6024398502982708e-05,-1.770933930913388e-05,-0.45495221521688056,-0.2831859256065,0.6804898605861794
b3esycq1,BSE,blur1.0,frac_pore,raw,-0.003063400313318587,-0.003063400313318587,-0.12431211973020281,-0.12431211973020281,1.0
b3esycq1,BSE,blur1.0,frac_pore,affine2,-0.003063400313318587,-0.0032926578161949216,-0.12431211973020281,-0.23047557812556146,1.074837592031183
b3esycq1,BSE,blur1.0,frac_pore,hybrid,-0.003063400313318587,-0.0032926578161949216,-0.12431211973020281,-0.23047557812556146,1.074837592031183
b3esycq1,BSE,blur1.0,frac_pore,clean_norm,-0.003063400313318587,0.0005925426341651385,-0.12431211973020281,0.02966178529851901,0.1934264456359071
b3esycq1,BSE,blur1.0,frac_pore,clean_harm,-0.003063400313318587,0.0025112138827332875,-0.12431211973020281,0.12425488788893412,0.8197472174352834
b3esycq1,BSE,blur1.0,frac_graphite,raw,0.01135488000067919,0.01135488000067919,0.48161718913142954,0.48161718913142954,1.0
b3esycq1,BSE,blur1.0,frac_graphite,affine2,0.01135488000067919,0.007180217624807361,0.48161718913142954,0.38694159824885677,0.632346411796327
b3esycq1,BSE,blur1.0,frac_graphite,hybrid,0.01135488000067919,0.007180217624807361,0.48161718913142954,0.38694159824885677,0.632346411796327
b3esycq1,BSE,blur1.0,frac_graphite,clean_norm,0.01135488000067919,0.010875325175835893,0.48161718913142954,0.32919353360887005,0.9577666320723237
b3esycq1,BSE,blur1.0,frac_graphite,clean_harm,0.01135488000067919,0.0017107192943015548,0.48161718913142954,0.054259448313312406,0.15065938998908207
b3esycq1,BSE,blur1.0,frac_si,raw,-0.0082914796873607,-0.0082914796873607,-0.4294146501419605,-0.4294146501419605,1.0
b3esycq1,BSE,blur1.0,frac_si,affine2,-0.0082914796873607,-0.0038875598086124397,-0.4294146501419605,-0.1755516470220052,0.4688620071684584
b3esycq1,BSE,blur1.0,frac_si,hybrid,-0.0082914796873607,-0.0038875598086124397,-0.4294146501419605,-0.1755516470220052,0.4688620071684584
b3esycq1,BSE,blur1.0,frac_si,clean_norm,-0.0082914796873607,-0.011467867810000962,-0.4294146501419605,-0.3063909256161969,1.3830906234362799
b3esycq1,BSE,blur1.0,frac_si,clean_harm,-0.0082914796873607,-0.0042219331770348145,-0.4294146501419605,-0.11671558463166813,0.509189352953564
b3esycq1,BSE,requant3,p1,raw,0.0,0.0,0.0,0.0,
b3esycq1,BSE,requant3,p1,affine2,0.0,0.0,0.0,0.0,
b3esycq1,BSE,requant3,p1,hybrid,0.0,0.0,0.0,0.0,
b3esycq1,BSE,requant3,p1,clean_norm,0.0,0.0,0.0,0.0,
b3esycq1,BSE,requant3,p1,clean_harm,0.0,0.0,0.0,0.0,
b3esycq1,BSE,requant3,noise_sigma,raw,-0.007521685903628672,-0.007521685903628672,-0.010250376975924546,-0.010250376975924546,1.0
b3esycq1,BSE,requant3,noise_sigma,affine2,-0.007521685903628672,0.00033692459017586884,-0.010250376975924546,0.0005304008296758528,0.04479375960292718
b3esycq1,BSE,requant3,noise_sigma,hybrid,-0.007521685903628672,0.00033692459017586884,-0.010250376975924546,0.0005304008296758528,0.04479375960292718
b3esycq1,BSE,requant3,noise_sigma,clean_norm,-0.007521685903628672,-0.005122320550373871,-0.010250376975924546,-0.0046023126917645735,0.6810069731710972
b3esycq1,BSE,requant3,noise_sigma,clean_harm,-0.007521685903628672,-8.356441022705496e-05,-0.010250376975924546,-0.0002755738210135143,0.011109797896072894
b3esycq1,BSE,requant3,sharpness,raw,-0.0002153799797552161,-0.0002153799797552161,-0.018789104487766536,-0.018789104487766536,1.0
b3esycq1,BSE,requant3,sharpness,affine2,-0.0002153799797552161,-9.543547023632692e-05,-0.018789104487766536,-0.008436842101093023,0.44310279137732
b3esycq1,BSE,requant3,sharpness,hybrid,-0.0002153799797552161,-9.543547023632692e-05,-0.018789104487766536,-0.008436842101093023,0.44310279137732
b3esycq1,BSE,requant3,sharpness,clean_norm,-0.0002153799797552161,-0.00017576331496785974,-0.018789104487766536,-0.016157181050055754,0.8160615260880721
b3esycq1,BSE,requant3,sharpness,clean_harm,-0.0002153799797552161,0.0004962108415930144,-0.018789104487766536,0.037773382075487485,2.303885635781787
b3esycq1,BSE,requant3,sharp_robust,raw,-1.664244578989402e-06,-1.664244578989402e-06,-0.029093919607292157,-0.029093919607292157,1.0
b3esycq1,BSE,requant3,sharp_robust,affine2,-1.664244578989402e-06,-1.4070523338000356e-06,-0.029093919607292157,-0.024726430774789816,0.8454600673264357
b3esycq1,BSE,requant3,sharp_robust,hybrid,-1.664244578989402e-06,-1.4070523338000356e-06,-0.029093919607292157,-0.024726430774789816,0.8454600673264357
b3esycq1,BSE,requant3,sharp_robust,clean_norm,-1.664244578989402e-06,-2.489765353320863e-06,-0.029093919607292157,-0.03976020291147811,1.4960333263231966
b3esycq1,BSE,requant3,sharp_robust,clean_harm,-1.664244578989402e-06,3.324980730574304e-07,-0.029093919607292157,0.005316899345453401,0.19978918799263085
b3esycq1,BSE,requant3,frac_pore,raw,-0.001869616163503049,-0.001869616163503049,-0.07586861807007418,-0.07586861807007418,1.0
b3esycq1,BSE,requant3,frac_pore,affine2,-0.001869616163503049,-0.0013705034749493666,-0.07586861807007418,-0.09593088572959299,0.7330400227079186
b3esycq1,BSE,requant3,frac_pore,hybrid,-0.001869616163503049,-0.0013705034749493666,-0.07586861807007418,-0.09593088572959299,0.7330400227079186
b3esycq1,BSE,requant3,frac_pore,clean_norm,-0.001869616163503049,-0.00019028808170344635,-0.07586861807007418,-0.009525532677167053,0.10177922368135113
b3esycq1,BSE,requant3,frac_pore,clean_harm,-0.001869616163503049,-0.00018573829634625783,-0.07586861807007418,-0.0091903327501782,0.09934568387462217
b3esycq1,BSE,requant3,frac_graphite,raw,-0.00017008571683307938,-0.00017008571683307938,-0.0072141849889784965,-0.0072141849889784965,1.0
b3esycq1,BSE,requant3,frac_graphite,affine2,-0.00017008571683307938,0.0005301579754015684,-0.0072141849889784965,0.028570188961614475,3.1170046801864073
b3esycq1,BSE,requant3,frac_graphite,hybrid,-0.00017008571683307938,0.0005301579754015684,-0.0072141849889784965,0.028570188961614475,3.1170046801864073
b3esycq1,BSE,requant3,frac_graphite,clean_norm,-0.00017008571683307938,0.0007884510389568611,-0.0072141849889784965,0.02386622739046921,4.635609936198464
b3esycq1,BSE,requant3,frac_graphite,clean_harm,-0.00017008571683307938,0.000747235336309493,-0.0072141849889784965,0.023700309713826497,4.393286809866717
b3esycq1,BSE,requant3,frac_si,raw,0.002039701880336073,0.002039701880336073,0.1056358939977357,0.1056358939977357,1.0
b3esycq1,BSE,requant3,frac_si,affine2,0.002039701880336073,0.0008403454995478538,0.1056358939977357,0.03794772139230707,0.4119942760504754
b3esycq1,BSE,requant3,frac_si,hybrid,0.002039701880336073,0.0008403454995478538,0.1056358939977357,0.03794772139230707,0.4119942760504754
b3esycq1,BSE,requant3,frac_si,clean_norm,0.002039701880336073,-0.0005981629572534286,0.1056358939977357,-0.015981323222296912,0.29325999207044506
b3esycq1,BSE,requant3,frac_si,clean_harm,0.002039701880336073,-0.0005614970399631658,0.1056358939977357,-0.0155226178483193,0.2752838762254072
b3esycq1,BSE,all_strong,p1,raw,22.0,22.0,2.6733506782161376,2.6733506782161376,1.0
b3esycq1,BSE,all_strong,p1,affine2,22.0,2.0,2.6733506782161376,1.63592756343481,0.09090909090909091
b3esycq1,BSE,all_strong,p1,hybrid,22.0,2.0,2.6733506782161376,1.63592756343481,0.09090909090909091
b3esycq1,BSE,all_strong,p1,clean_norm,22.0,0.0,2.6733506782161376,0.0,0.0
b3esycq1,BSE,all_strong,p1,clean_harm,22.0,0.0,2.6733506782161376,0.0,0.0
b3esycq1,BSE,all_strong,noise_sigma,raw,-2.4896031372758576,-2.4896031372758576,-3.3927727113958204,-3.3927727113958204,1.0
b3esycq1,BSE,all_strong,noise_sigma,affine2,-2.4896031372758576,-1.0204139031278068,-3.3927727113958204,-1.606378390337292,0.4098701065441102
b3esycq1,BSE,all_strong,noise_sigma,hybrid,-2.4896031372758576,-1.0204139031278068,-3.3927727113958204,-1.606378390337292,0.4098701065441102
b3esycq1,BSE,all_strong,noise_sigma,clean_norm,-2.4896031372758576,-2.0751692229270677,-3.3927727113958204,-1.8645021447436334,0.8335341452042567
b3esycq1,BSE,all_strong,noise_sigma,clean_harm,-2.4896031372758576,-0.5480589624480299,-3.3927727113958204,-1.8073567684153629,0.2201390873276775
b3esycq1,BSE,all_strong,sharpness,raw,-0.015385533853809093,-0.015385533853809093,-1.342187902087438,-1.342187902087438,1.0
b3esycq1,BSE,all_strong,sharpness,affine2,-0.015385533853809093,-0.015088549839729695,-1.342187902087438,-1.3338825933066554,0.9806971914721132
b3esycq1,BSE,all_strong,sharpness,hybrid,-0.015385533853809093,-0.015088549839729695,-1.342187902087438,-1.3338825933066554,0.9806971914721132
b3esycq1,BSE,all_strong,sharpness,clean_norm,-0.015385533853809093,-0.017965394999185674,-1.342187902087438,-1.651483073647583,1.1676809638125016
b3esycq1,BSE,all_strong,sharpness,clean_harm,-0.015385533853809093,-0.007015895125933688,-1.342187902087438,-0.5340755682456544,0.4560059594030089
b3esycq1,BSE,all_strong,sharp_robust,raw,-1.9604697665957175e-05,-1.9604697665957175e-05,-0.34272456405715496,-0.34272456405715496,1.0
b3esycq1,BSE,all_strong,sharp_robust,affine2,-1.9604697665957175e-05,-1.5780032604947945e-05,-0.34272456405715496,-0.27730587872051593,0.8049107858648278
b3esycq1,BSE,all_strong,sharp_robust,hybrid,-1.9604697665957175e-05,-1.5780032604947945e-05,-0.34272456405715496,-0.27730587872051593,0.8049107858648278
b3esycq1,BSE,all_strong,sharp_robust,clean_norm,-1.9604697665957175e-05,-1.8328463717180667e-05,-0.34272456405715496,-0.2926956291197343,0.9349016255939187
b3esycq1,BSE,all_strong,sharp_robust,clean_harm,-1.9604697665957175e-05,-1.8237863084050567e-05,-0.34272456405715496,-0.2916374263537712,0.9302802519479775
b3esycq1,BSE,all_strong,frac_pore,raw,-0.04189176710834115,-0.04189176710834115,-1.6999588156470533,-1.6999588156470533,1.0
b3esycq1,BSE,all_strong,frac_pore,affine2,-0.04189176710834115,-0.004222955044301882,-1.6999588156470533,-0.2955934262122897,0.10080632391038576
b3esycq1,BSE,all_strong,frac_pore,hybrid,-0.04189176710834115,-0.004222955044301882,-1.6999588156470533,-0.2955934262122897,0.10080632391038576
b3esycq1,BSE,all_strong,frac_pore,clean_norm,-0.04189176710834115,0.0028738585391442084,-1.6999588156470533,0.14386099843518435,0.06860198882782362
b3esycq1,BSE,all_strong,frac_pore,clean_harm,-0.04189176710834115,0.003391731166564965,-1.6999588156470533,0.16782289184871232,0.0809641464346256
b3esycq1,BSE,all_strong,frac_graphite,raw,0.06086096806103336,0.06086096806103336,2.581417713231608,2.581417713231608,1.0
b3esycq1,BSE,all_strong,frac_graphite,affine2,0.06086096806103336,0.005301314409683178,2.581417713231608,0.28568759022224455,0.08710532511357438
b3esycq1,BSE,all_strong,frac_graphite,hybrid,0.06086096806103336,0.005301314409683178,2.581417713231608,0.28568759022224455,0.08710532511357438
b3esycq1,BSE,all_strong,frac_graphite,clean_norm,0.06086096806103336,0.007896553939043649,2.581417713231608,0.23902682931290098,0.1297474258234724
b3esycq1,BSE,all_strong,frac_graphite,clean_harm,0.06086096806103336,0.005209504233976703,2.581417713231608,0.16523156467750383,0.08559680202182197
b3esycq1,BSE,all_strong,frac_si,raw,-0.01896920095269229,-0.01896920095269229,-0.9824124399641128,-0.9824124399641128,1.0
b3esycq1,BSE,all_strong,frac_si,affine2,-0.01896920095269229,-0.0010783593653812679,-0.9824124399641128,-0.048695781414062465,0.05684790667095636
b3esycq1,BSE,all_strong,frac_si,hybrid,-0.01896920095269229,-0.0010783593653812679,-0.9824124399641128,-0.048695781414062465,0.05684790667095636
b3esycq1,BSE,all_strong,frac_si,clean_norm,-0.01896920095269229,-0.010770412478187802,-0.9824124399641128,-0.28775677424380086,0.5677841942340308
b3esycq1,BSE,all_strong,frac_si,clean_harm,-0.01896920095269229,-0.008601235400541682,-0.9824124399641128,-0.2377816455716358,0.453431613803475
b3esycq1,Inlens,session_strong,p1,raw,21.0,21.0,2.433012232791268,2.433012232791268,1.0
b3esycq1,Inlens,session_strong,p1,affine2,21.0,0.0,2.433012232791268,0.0,0.0
b3esycq1,Inlens,session_strong,p1,hybrid,21.0,1.0,2.433012232791268,0.5056035643328478,0.047619047619047616
b3esycq1,Inlens,session_strong,p1,clean_norm,21.0,0.0,2.433012232791268,0.0,0.0
b3esycq1,Inlens,session_strong,p1,clean_harm,21.0,0.0,2.433012232791268,0.0,0.0
b3esycq1,Inlens,session_strong,noise_sigma,raw,-1.8050290427110145,-1.8050290427110145,-1.8904093725977351,-1.8904093725977351,1.0
b3esycq1,Inlens,session_strong,noise_sigma,affine2,-1.8050290427110145,-0.022343256430545466,-1.8904093725977351,-0.020790015904563613,0.012378336249364507
b3esycq1,Inlens,session_strong,noise_sigma,hybrid,-1.8050290427110145,-0.011140736052981381,-1.8904093725977351,-0.005437198397776769,0.0061720536287044195
b3esycq1,Inlens,session_strong,noise_sigma,clean_norm,-1.8050290427110145,-0.006938512998205804,-1.8904093725977351,-0.008458942951244554,0.0038439896722020006
b3esycq1,Inlens,session_strong,noise_sigma,clean_harm,-1.8050290427110145,0.3509109610917065,-1.8904093725977351,0.5582944275718764,0.19440737671714428
b3esycq1,Inlens,session_strong,sharpness,raw,9.542721934484646e-05,9.542721934484646e-05,0.014155133073171516,0.014155133073171516,1.0
b3esycq1,Inlens,session_strong,sharpness,affine2,9.542721934484646e-05,2.7507604867669372e-05,0.014155133073171516,0.002342637250861372,0.2882574286091772
b3esycq1,Inlens,session_strong,sharpness,hybrid,9.542721934484646e-05,0.00023105423479908432,0.014155133073171516,0.013202122802151496,2.4212613171103827
b3esycq1,Inlens,session_strong,sharpness,clean_norm,9.542721934484646e-05,0.0005513520533264975,0.014155133073171516,0.06061215022140055,5.777723139286602
b3esycq1,Inlens,session_strong,sharpness,clean_harm,9.542721934484646e-05,0.007501651035647899,0.014155133073171516,0.7674488504034562,78.61122944952524
b3esycq1,Inlens,session_strong,sharp_robust,raw,1.0261512658897337e-06,1.0261512658897337e-06,0.007736374409583129,0.007736374409583129,1.0
b3esycq1,Inlens,session_strong,sharp_robust,affine2,1.0261512658897337e-06,4.65890364245063e-07,0.007736374409583129,0.0021056264842390076,0.4540172387168558
b3esycq1,Inlens,session_strong,sharp_robust,hybrid,1.0261512658897337e-06,4.450425175473089e-06,0.007736374409583129,0.05309087756562871,4.33700695346734
b3esycq1,Inlens,session_strong,sharp_robust,clean_norm,1.0261512658897337e-06,1.029093893562406e-05,0.007736374409583129,0.06237092463197147,10.028676353774419
b3esycq1,Inlens,session_strong,sharp_robust,clean_harm,1.0261512658897337e-06,2.6359354156400925e-07,0.007736374409583129,0.0016209100485220147,0.2568759113067586
b3esycq1,Inlens,offset6,p1,raw,6.0,6.0,0.6951463522260767,0.6951463522260767,1.0
b3esycq1,Inlens,offset6,p1,affine2,6.0,0.0,0.6951463522260767,0.0,0.0
b3esycq1,Inlens,offset6,p1,hybrid,6.0,0.0,0.6951463522260767,0.0,0.0
b3esycq1,Inlens,offset6,p1,clean_norm,6.0,0.0,0.6951463522260767,0.0,0.0
b3esycq1,Inlens,offset6,p1,clean_harm,6.0,0.0,0.6951463522260767,0.0,0.0
b3esycq1,Inlens,offset6,noise_sigma,raw,-0.05014531351009488,-0.05014531351009488,-0.05251725507361375,-0.05251725507361375,1.0
b3esycq1,Inlens,offset6,noise_sigma,affine2,-0.05014531351009488,-0.0340040475897343,-0.05251725507361375,-0.03164018156474496,0.6781101803838331
b3esycq1,Inlens,offset6,noise_sigma,hybrid,-0.05014531351009488,0.022870867892997637,-0.05251725507361375,0.011162049407883833,0.4560918317599798
b3esycq1,Inlens,offset6,noise_sigma,clean_norm,-0.05014531351009488,-0.023813189965783188,-0.05251725507361375,-0.029031352317102698,0.47488365908788854
b3esycq1,Inlens,offset6,noise_sigma,clean_harm,-0.05014531351009488,-0.03274346957160956,-0.05251725507361375,-0.052094401794481195,0.6529716792979645
b3esycq1,Inlens,offset6,sharpness,raw,0.000511423095032694,0.000511423095032694,0.07586160444139547,0.07586160444139547,1.0
b3esycq1,Inlens,offset6,sharpness,affine2,0.000511423095032694,0.00048221977317625467,0.07586160444139547,0.04106740696542252,0.9428979212317887
b3esycq1,Inlens,offset6,sharpness,hybrid,0.000511423095032694,0.00010827698847205858,0.07586160444139547,0.006186798955224881,0.21171704900252247
b3esycq1,Inlens,offset6,sharpness,clean_norm,0.000511423095032694,-0.00020467961007599247,0.07586160444139547,-0.022501179053081653,0.4002158136071423
b3esycq1,Inlens,offset6,sharpness,clean_harm,0.000511423095032694,-0.00022051811787322795,0.07586160444139547,-0.022559883850998955,0.4311852945536822
b3esycq1,Inlens,offset6,sharp_robust,raw,8.112389492425244e-06,8.112389492425244e-06,0.06116104375250435,0.06116104375250435,1.0
b3esycq1,Inlens,offset6,sharp_robust,affine2,8.112389492425244e-06,7.690228730803425e-06,0.06116104375250435,0.03475656619701599,0.9479609846129797
b3esycq1,Inlens,offset6,sharp_robust,hybrid,8.112389492425244e-06,4.754188442287208e-07,0.06116104375250435,0.005671458940696968,0.05860404566036088
b3esycq1,Inlens,offset6,sharp_robust,clean_norm,8.112389492425244e-06,-5.088756151034679e-06,0.06116104375250435,-0.03084173643941831,0.6272820302558436
b3esycq1,Inlens,offset6,sharp_robust,clean_harm,8.112389492425244e-06,-5.219930761001901e-06,0.06116104375250435,-0.03209880702271503,0.6434516939646315
b3esycq1,Inlens,noise6,p1,raw,2.0,2.0,0.23171545074202557,0.23171545074202557,1.0
b3esycq1,Inlens,noise6,p1,affine2,2.0,0.0,0.23171545074202557,0.0,0.0
b3esycq1,Inlens,noise6,p1,hybrid,2.0,1.0,0.23171545074202557,0.5056035643328478,0.5
b3esycq1,Inlens,noise6,p1,clean_norm,2.0,0.0,0.23171545074202557,0.0,0.0
b3esycq1,Inlens,noise6,p1,clean_harm,2.0,0.0,0.23171545074202557,0.0,0.0
b3esycq1,Inlens,noise6,noise_sigma,raw,0.7373390189881297,0.7373390189881297,0.7722161579093989,0.7722161579093989,1.0
b3esycq1,Inlens,noise6,noise_sigma,affine2,0.7373390189881297,0.5697065896125793,0.7722161579093989,0.5301021852297233,0.7726521653423456
b3esycq1,Inlens,noise6,noise_sigma,hybrid,0.7373390189881297,0.9398853701435055,0.7722161579093989,0.45870786313714973,1.2746990813443395
b3esycq1,Inlens,noise6,noise_sigma,clean_norm,0.7373390189881297,0.20070026665122476,0.7722161579093989,0.24467953095155737,0.27219536940639755
b3esycq1,Inlens,noise6,noise_sigma,clean_harm,0.7373390189881297,-0.03225897378890341,0.7722161579093989,-0.0513235757854406,0.0437505312456857
b3esycq1,Inlens,noise6,sharpness,raw,0.00332511611641563,0.00332511611641563,0.4932288862103618,0.4932288862103618,1.0
b3esycq1,Inlens,noise6,sharpness,affine2,0.00332511611641563,0.00349145716505073,0.4932288862103618,0.29734386741348007,1.0500256360413693
b3esycq1,Inlens,noise6,sharpness,hybrid,0.00332511611641563,0.005615342356935692,0.4932288862103618,0.3208529782492505,1.6887657935353106
b3esycq1,Inlens,noise6,sharpness,clean_norm,0.00332511611641563,0.003581645625702422,0.4932288862103618,0.3937434192819467,1.077149037899862
b3esycq1,Inlens,noise6,sharpness,clean_harm,0.00332511611641563,6.309008664173721e-05,0.4932288862103618,0.0064543677431769374,0.01897379954049434
b3esycq1,Inlens,noise6,sharp_robust,raw,9.876038060513425e-06,9.876038060513425e-06,0.07445756844940171,0.07445756844940171,1.0
b3esycq1,Inlens,noise6,sharp_robust,affine2,9.876038060513425e-06,1.2234522670746112e-05,0.07445756844940171,0.05529484388304466,1.2388087809890513
b3esycq1,Inlens,noise6,sharp_robust,hybrid,9.876038060513425e-06,4.431677392160104e-06,0.07445756844940171,0.05286722786267852,0.4487302868828469
b3esycq1,Inlens,noise6,sharp_robust,clean_norm,9.876038060513425e-06,7.378192947550565e-06,0.07445756844940171,0.04471746641686913,0.747080246384449
b3esycq1,Inlens,noise6,sharp_robust,clean_harm,9.876038060513425e-06,5.015264994409369e-06,0.07445756844940171,0.030840260262844074,0.5078215539145705
b3esycq1,Inlens,blur1.0,p1,raw,3.0,3.0,0.34757317611303834,0.34757317611303834,1.0
b3esycq1,Inlens,blur1.0,p1,affine2,3.0,2.0,0.34757317611303834,0.2440062550362162,0.6666666666666666
b3esycq1,Inlens,blur1.0,p1,hybrid,3.0,1.0,0.34757317611303834,0.5056035643328478,0.3333333333333333
b3esycq1,Inlens,blur1.0,p1,clean_norm,3.0,0.0,0.34757317611303834,0.0,0.0
b3esycq1,Inlens,blur1.0,p1,clean_harm,3.0,0.0,0.34757317611303834,0.0,0.0
b3esycq1,Inlens,blur1.0,noise_sigma,raw,-4.186788085917674,-4.186788085917674,-4.384828859491351,-4.384828859491351,1.0
b3esycq1,Inlens,blur1.0,noise_sigma,affine2,-4.186788085917674,-2.8810510604218162,-4.384828859491351,-2.680768470532527,0.6881291819168674
b3esycq1,Inlens,blur1.0,noise_sigma,hybrid,-4.186788085917674,-5.5453956025784645,-4.384828859491351,-2.7064114922020006,1.324498753884986
b3esycq1,Inlens,blur1.0,noise_sigma,clean_norm,-4.186788085917674,-1.1114906649372474,-4.384828859491351,-1.3550505890781321,0.26547573990567214
b3esycq1,Inlens,blur1.0,noise_sigma,clean_harm,-4.186788085917674,0.13832821312383947,-4.384828859491351,0.22007825096928757,0.033039220109827995
b3esycq1,Inlens,blur1.0,sharpness,raw,-0.016595296456228502,-0.016595296456228502,-2.4616522553984734,-2.4616522553984734,1.0
b3esycq1,Inlens,blur1.0,sharpness,affine2,-0.016595296456228502,-0.016629713282271304,-2.4616522553984734,-1.416240563059012,1.0020738904022342
b3esycq1,Inlens,blur1.0,sharpness,hybrid,-0.016595296456228502,-0.03135017066986304,-2.4616522553984734,-1.791305852549473,1.8890997670666363
b3esycq1,Inlens,blur1.0,sharpness,clean_norm,-0.016595296456228502,-0.01853689967014851,-2.4616522553984734,-2.0378292611177153,1.1169971997210866
b3esycq1,Inlens,blur1.0,sharpness,clean_harm,-0.016595296456228502,-0.003424667656584203,-2.4616522553984734,-0.3503571738501228,0.2063637528631714
b3esycq1,Inlens,blur1.0,sharp_robust,raw,-5.257771221690486e-05,-5.257771221690486e-05,-0.39639464553659476,-0.39639464553659476,1.0
b3esycq1,Inlens,blur1.0,sharp_robust,affine2,-5.257771221690486e-05,-5.418881179696699e-05,-0.39639464553659476,-0.24491040387587495,1.0306422533832524
b3esycq1,Inlens,blur1.0,sharp_robust,hybrid,-5.257771221690486e-05,-5.250031993642688e-05,-0.39639464553659476,-0.6262970273632072,0.9985280401673108
b3esycq1,Inlens,blur1.0,sharp_robust,clean_norm,-5.257771221690486e-05,-4.997299827568614e-05,-0.39639464553659476,-0.30287441491823885,0.9504597322440886
b3esycq1,Inlens,blur1.0,sharp_robust,clean_harm,-5.257771221690486e-05,-5.408156353283979e-05,-0.39639464553659476,-0.33256258575240805,1.0286024486902534
b3esycq1,Inlens,requant3,p1,raw,0.0,0.0,0.0,0.0,
b3esycq1,Inlens,requant3,p1,affine2,0.0,0.0,0.0,0.0,
b3esycq1,Inlens,requant3,p1,hybrid,0.0,1.0,0.0,0.5056035643328478,
b3esycq1,Inlens,requant3,p1,clean_norm,0.0,0.0,0.0,0.0,
b3esycq1,Inlens,requant3,p1,clean_harm,0.0,0.0,0.0,0.0,
b3esycq1,Inlens,requant3,noise_sigma,raw,0.013176951814978466,0.013176951814978466,0.013800239566168632,0.013800239566168632,1.0
b3esycq1,Inlens,requant3,noise_sigma,affine2,0.013176951814978466,0.011224300463208436,0.013800239566168632,0.010444018573258941,0.8518131219429355
b3esycq1,Inlens,requant3,noise_sigma,hybrid,0.013176951814978466,-0.0014712670098688818,0.013800239566168632,-0.0007180468678835749,0.11165457918700647
b3esycq1,Inlens,requant3,noise_sigma,clean_norm,0.013176951814978466,0.006758827291637903,0.013800239566168632,0.008239882881543023,0.5129279811097912
b3esycq1,Inlens,requant3,noise_sigma,clean_harm,0.013176951814978466,-0.0025769397249901793,0.013800239566168632,-0.004099875034324265,0.1955641760836469
b3esycq1,Inlens,requant3,sharpness,raw,5.05285568383855e-05,5.05285568383855e-05,0.007495119851056246,0.007495119851056246,1.0
b3esycq1,Inlens,requant3,sharpness,affine2,5.05285568383855e-05,5.68580904635671e-05,0.007495119851056246,0.0048422202286811985,1.125266463584671
b3esycq1,Inlens,requant3,sharpness,hybrid,5.05285568383855e-05,0.0003315820096845487,0.007495119851056246,0.01894614229705063,6.56226954482604
b3esycq1,Inlens,requant3,sharpness,clean_norm,5.05285568383855e-05,0.00010157683082082439,0.007495119851056246,0.011166712976907502,2.010285612267053
b3esycq1,Inlens,requant3,sharpness,clean_harm,5.05285568383855e-05,-4.54160571762216e-05,0.007495119851056246,-0.004646243967377324,0.8988195986179435
b3esycq1,Inlens,requant3,sharp_robust,raw,1.4734791187279725e-07,1.4734791187279725e-07,0.0011108875003236728,0.0011108875003236728,1.0
b3esycq1,Inlens,requant3,sharp_robust,affine2,1.4734791187279725e-07,6.706211585507348e-08,0.0011108875003236728,0.0003030922682042651,0.4551276974523193
b3esycq1,Inlens,requant3,sharp_robust,hybrid,1.4734791187279725e-07,5.216669322605856e-06,0.0011108875003236728,0.06223170627228839,35.40375466677337
b3esycq1,Inlens,requant3,sharp_robust,clean_norm,1.4734791187279725e-07,3.4596984278627806e-07,0.0011108875003236728,0.0020968406405230907,2.347979271568826
b3esycq1,Inlens,requant3,sharp_robust,clean_harm,1.4734791187279725e-07,2.0155903490541062e-07,0.0011108875003236728,0.0012394426020837987,1.3679123941668943
b3esycq1,Inlens,all_strong,p1,raw,23.0,23.0,2.664727683533294,2.664727683533294,1.0
b3esycq1,Inlens,all_strong,p1,affine2,23.0,1.0,2.664727683533294,0.1220031275181081,0.043478260869565216
b3esycq1,Inlens,all_strong,p1,hybrid,23.0,1.0,2.664727683533294,0.5056035643328478,0.043478260869565216
b3esycq1,Inlens,all_strong,p1,clean_norm,23.0,4.0,2.664727683533294,0.6581317002000235,0.17391304347826086
b3esycq1,Inlens,all_strong,p1,clean_harm,23.0,4.0,2.664727683533294,0.6565663993958071,0.17391304347826086
b3esycq1,Inlens,all_strong,noise_sigma,raw,-2.5512432243535437,-2.5512432243535437,-2.6719205004318325,-2.6719205004318325,1.0
b3esycq1,Inlens,all_strong,noise_sigma,affine2,-2.5512432243535437,-0.7624256772268065,-2.6719205004318325,-0.7094239823485758,0.2988447631918735
b3esycq1,Inlens,all_strong,noise_sigma,hybrid,-2.5512432243535437,-1.4628198925716385,-2.6719205004318325,-0.7139242809722628,0.5733753170250165
b3esycq1,Inlens,all_strong,noise_sigma,clean_norm,-2.5512432243535437,-0.39851989473018,-2.6719205004318325,-0.485847191657677,0.15620615507216504
b3esycq1,Inlens,all_strong,noise_sigma,clean_harm,-2.5512432243535437,0.20163047632944364,-2.6719205004318325,0.3207912657193198,0.07903224373306647
b3esycq1,Inlens,all_strong,sharpness,raw,-0.010133536327864076,-0.010133536327864076,-1.5031513671626267,-1.5031513671626267,1.0
b3esycq1,Inlens,all_strong,sharpness,affine2,-0.010133536327864076,-0.010352872097719271,-1.5031513671626267,-0.8816843177075692,1.0216445436971582
b3esycq1,Inlens,all_strong,sharpness,hybrid,-0.010133536327864076,-0.018049327393298585,-1.5031513671626267,-1.0313138685805607,1.781147943750746
b3esycq1,Inlens,all_strong,sharpness,clean_norm,-0.010133536327864076,-0.010213591763055075,-1.5031513671626267,-1.1228175437223888,1.007900049163575
b3esycq1,Inlens,all_strong,sharpness,clean_harm,-0.010133536327864076,0.003577679443623756,-1.5031513671626267,0.36601089054577574,0.35305339891921533
b3esycq1,Inlens,all_strong,sharp_robust,raw,-4.8419788200967234e-05,-4.8419788200967234e-05,-0.3650471648842174,-0.3650471648842174,1.0
b3esycq1,Inlens,all_strong,sharp_robust,affine2,-4.8419788200967234e-05,-5.101679096416794e-05,-0.3650471648842174,-0.23057421753958432,1.0536351533059543
b3esycq1,Inlens,all_strong,sharp_robust,hybrid,-4.8419788200967234e-05,-5.13009066670535e-05,-0.3650471648842174,-0.6119887533165318,1.0595029134396072
b3esycq1,Inlens,all_strong,sharp_robust,clean_norm,-4.8419788200967234e-05,-2.7354094769567027e-05,-0.3650471648842174,-0.16578663948169753,0.5649362747320031
b3esycq1,Inlens,all_strong,sharp_robust,clean_harm,-4.8419788200967234e-05,-4.868307835612985e-05,-0.3650471648842174,-0.2993657979335328,1.0054376560688334
b3esycq1,SE_type,session_strong,p1,raw,22.0,22.0,3.2404675387707407,3.2404675387707407,1.0
b3esycq1,SE_type,session_strong,p1,affine2,22.0,0.0,3.2404675387707407,0.0,0.0
b3esycq1,SE_type,session_strong,p1,hybrid,22.0,0.0,3.2404675387707407,0.0,0.0
b3esycq1,SE_type,session_strong,p1,clean_norm,22.0,0.0,3.2404675387707407,0.0,0.0
b3esycq1,SE_type,session_strong,p1,clean_harm,22.0,0.0,3.2404675387707407,0.0,0.0
b3esycq1,SE_type,session_strong,noise_sigma,raw,-1.2732191353827105,-1.2732191353827105,-2.3223246661128583,-2.3223246661128583,1.0
b3esycq1,SE_type,session_strong,noise_sigma,affine2,-1.2732191353827105,-0.08262075468081331,-2.3223246661128583,-0.158960253315438,0.06489122915669875
b3esycq1,SE_type,session_strong,noise_sigma,hybrid,-1.2732191353827105,-0.08262075468081331,-2.3223246661128583,-0.158960253315438,0.06489122915669875
b3esycq1,SE_type,session_strong,noise_sigma,clean_norm,-1.2732191353827105,0.1962207919960246,-2.3223246661128583,0.2822029563434075,0.15411392001820928
b3esycq1,SE_type,session_strong,noise_sigma,clean_harm,-1.2732191353827105,0.027107316796642245,-2.3223246661128583,0.07204979237383573,0.021290378100148638
b3esycq1,SE_type,session_strong,sharpness,raw,1.2862781638874055e-05,1.2862781638874055e-05,0.0021036981703492917,0.0021036981703492917,1.0
b3esycq1,SE_type,session_strong,sharpness,affine2,1.2862781638874055e-05,-0.00022416164203300018,0.0021036981703492917,-0.03663948764987767,17.42715132126135
b3esycq1,SE_type,session_strong,sharpness,hybrid,1.2862781638874055e-05,-0.00022416164203300018,0.0021036981703492917,-0.03663948764987767,17.42715132126135
b3esycq1,SE_type,session_strong,sharpness,clean_norm,1.2862781638874055e-05,0.0007454645351219168,0.0021036981703492917,0.12614510793899797,57.955157449689175
b3esycq1,SE_type,session_strong,sharpness,clean_harm,1.2862781638874055e-05,-0.0001674289311615132,0.0021036981703492917,-0.02942185806830447,13.016541511946953
b3esycq1,SE_type,session_strong,sharp_robust,raw,-1.5551568040701432e-06,-1.5551568040701432e-06,-0.032398730281815884,-0.032398730281815884,1.0
b3esycq1,SE_type,session_strong,sharp_robust,affine2,-1.5551568040701432e-06,-1.7701577359649197e-06,-0.032398730281815884,-0.03727755520422246,1.1382503239107966
b3esycq1,SE_type,session_strong,sharp_robust,hybrid,-1.5551568040701432e-06,-1.7701577359649197e-06,-0.032398730281815884,-0.03727755520422246,1.1382503239107966
b3esycq1,SE_type,session_strong,sharp_robust,clean_norm,-1.5551568040701432e-06,8.93234523202484e-06,-0.032398730281815884,0.17795202970547347,5.743694274845587
b3esycq1,SE_type,session_strong,sharp_robust,clean_harm,-1.5551568040701432e-06,8.37920294383674e-06,-0.032398730281815884,0.16863911226892203,5.388011628092268
b3esycq1,SE_type,offset6,p1,raw,6.0,6.0,0.883763874210202,0.883763874210202,1.0
b3esycq1,SE_type,offset6,p1,affine2,6.0,0.0,0.883763874210202,0.0,0.0
b3esycq1,SE_type,offset6,p1,hybrid,6.0,0.0,0.883763874210202,0.0,0.0
b3esycq1,SE_type,offset6,p1,clean_norm,6.0,0.0,0.883763874210202,0.0,0.0
b3esycq1,SE_type,offset6,p1,clean_harm,6.0,0.0,0.883763874210202,0.0,0.0
b3esycq1,SE_type,offset6,noise_sigma,raw,-0.0007125199446589292,-0.0007125199446589292,-0.0012996212486874235,-0.0012996212486874235,1.0
b3esycq1,SE_type,offset6,noise_sigma,affine2,-0.0007125199446589292,-0.0002258017042335858,-0.0012996212486874235,-0.00043443679790501616,0.31690580162169796
b3esycq1,SE_type,offset6,noise_sigma,hybrid,-0.0007125199446589292,-0.0002258017042335858,-0.0012996212486874235,-0.00043443679790501616,0.31690580162169796
b3esycq1,SE_type,offset6,noise_sigma,clean_norm,-0.0007125199446589292,0.176372911092189,-0.0012996212486874235,0.25365791475409544,247.53399875229545
b3esycq1,SE_type,offset6,noise_sigma,clean_harm,-0.0007125199446589292,0.08889253036336875,-0.0012996212486874235,0.2362715721483341,124.75795383653443
b3esycq1,SE_type,offset6,sharpness,raw,-3.238618428604359e-05,-3.238618428604359e-05,-0.005296735849206931,-0.005296735849206931,1.0
b3esycq1,SE_type,offset6,sharpness,affine2,-3.238618428604359e-05,-2.865921126363885e-05,-0.005296735849206931,-0.00468438225035283,0.8849208974577832
b3esycq1,SE_type,offset6,sharpness,hybrid,-3.238618428604359e-05,-2.865921126363885e-05,-0.005296735849206931,-0.00468438225035283,0.8849208974577832
b3esycq1,SE_type,offset6,sharpness,clean_norm,-3.238618428604359e-05,0.0008954023329903436,-0.005296735849206931,0.15151709923453974,27.647663740868843
b3esycq1,SE_type,offset6,sharpness,clean_harm,-3.238618428604359e-05,0.00010622020680728372,-0.005296735849206931,0.018665805407639353,3.279799987214238
b3esycq1,SE_type,offset6,sharp_robust,raw,-7.037748646802422e-07,-7.037748646802422e-07,-0.014661808995865227,-0.014661808995865227,1.0
b3esycq1,SE_type,offset6,sharp_robust,affine2,-7.037748646802422e-07,-5.906443309772105e-07,-0.014661808995865227,-0.01243831338118692,0.8392518127875563
b3esycq1,SE_type,offset6,sharp_robust,hybrid,-7.037748646802422e-07,-5.906443309772105e-07,-0.014661808995865227,-0.01243831338118692,0.8392518127875563
b3esycq1,SE_type,offset6,sharp_robust,clean_norm,-7.037748646802422e-07,1.1272747926795905e-05,-0.014661808995865227,0.22457801639142028,16.01754835606077
b3esycq1,SE_type,offset6,sharp_robust,clean_harm,-7.037748646802422e-07,5.703268435180249e-06,-0.014661808995865227,0.11478348625600503,8.103825131310295
b3esycq1,SE_type,noise6,p1,raw,2.0,2.0,0.2945879580700673,0.2945879580700673,1.0
b3esycq1,SE_type,noise6,p1,affine2,2.0,1.0,0.2945879580700673,2.0108401877995092,0.5
b3esycq1,SE_type,noise6,p1,hybrid,2.0,1.0,0.2945879580700673,2.0108401877995092,0.5
b3esycq1,SE_type,noise6,p1,clean_norm,2.0,0.0,0.2945879580700673,0.0,0.0
b3esycq1,SE_type,noise6,p1,clean_harm,2.0,0.0,0.2945879580700673,0.0,0.0
b3esycq1,SE_type,noise6,noise_sigma,raw,1.0349265520318056,1.0349265520318056,1.8876840542269717,1.8876840542269717,1.0
b3esycq1,SE_type,noise6,noise_sigma,affine2,1.0349265520318056,1.0587170729288564,1.8876840542269717,2.036945011605326,1.0229876418286346
b3esycq1,SE_type,noise6,noise_sigma,hybrid,1.0349265520318056,1.0587170729288564,1.8876840542269717,2.036945011605326,1.0229876418286346
b3esycq1,SE_type,noise6,noise_sigma,clean_norm,1.0349265520318056,1.4156975660507038,1.8876840542269717,2.036043348738339,1.3679208087485577
b3esycq1,SE_type,noise6,noise_sigma,clean_harm,1.0349265520318056,0.8383621680724485,1.8876840542269717,2.2283216224182265,0.8100692425240663
b3esycq1,SE_type,noise6,sharpness,raw,0.006864010649139253,0.006864010649139253,1.1226037298349325,1.1226037298349325,1.0
b3esycq1,SE_type,noise6,sharpness,affine2,0.006864010649139253,0.00702518271970199,1.1226037298349325,1.1482744913992102,1.0234807430817359
b3esycq1,SE_type,noise6,sharpness,hybrid,0.006864010649139253,0.00702518271970199,1.1226037298349325,1.1482744913992102,1.0234807430817359
b3esycq1,SE_type,noise6,sharpness,clean_norm,0.006864010649139253,0.007148026195125782,1.1226037298349325,1.2095659732323287,1.0413774920384402
b3esycq1,SE_type,noise6,sharpness,clean_harm,0.006864010649139253,0.004205108798094194,1.1226037298349325,0.7389530194154743,0.6126314501888942
b3esycq1,SE_type,noise6,sharp_robust,raw,7.220443232728462e-06,7.220443232728462e-06,0.15042418372223576,0.15042418372223576,1.0
b3esycq1,SE_type,noise6,sharp_robust,affine2,7.220443232728462e-06,7.2150162522314175e-06,0.15042418372223576,0.15194022610381033,0.9992483867925939
b3esycq1,SE_type,noise6,sharp_robust,hybrid,7.220443232728462e-06,7.2150162522314175e-06,0.15042418372223576,0.15194022610381033,0.9992483867925939
b3esycq1,SE_type,noise6,sharp_robust,clean_norm,7.220443232728462e-06,8.573747277426571e-06,0.15042418372223576,0.17080796706443202,1.187426727290635
b3esycq1,SE_type,noise6,sharp_robust,clean_harm,7.220443232728462e-06,6.896626624611625e-06,0.15042418372223576,0.1388009097548094,0.9551528074275194
b3esycq1,SE_type,blur1.0,p1,raw,0.0,0.0,0.0,0.0,
b3esycq1,SE_type,blur1.0,p1,affine2,0.0,0.0,0.0,0.0,
b3esycq1,SE_type,blur1.0,p1,hybrid,0.0,0.0,0.0,0.0,
b3esycq1,SE_type,blur1.0,p1,clean_norm,0.0,0.0,0.0,0.0,
b3esycq1,SE_type,blur1.0,p1,clean_harm,0.0,0.0,0.0,0.0,
b3esycq1,SE_type,blur1.0,noise_sigma,raw,-2.951989577226454,-2.951989577226454,-5.384366303323276,-5.384366303323276,1.0
b3esycq1,SE_type,blur1.0,noise_sigma,affine2,-2.951989577226454,-2.818396865887024,-5.384366303323276,-5.42252466073005,0.9547448566993427
b3esycq1,SE_type,blur1.0,noise_sigma,hybrid,-2.951989577226454,-2.818396865887024,-5.384366303323276,-5.42252466073005,0.9547448566993427
b3esycq1,SE_type,blur1.0,noise_sigma,clean_norm,-2.951989577226454,-3.831597337996805,-5.384366303323276,-5.510568402568344,1.297971160723673
b3esycq1,SE_type,blur1.0,noise_sigma,clean_harm,-2.951989577226454,-0.4898843536913242,-5.384366303323276,-1.3020863051640252,0.16595057024272958
b3esycq1,SE_type,blur1.0,sharpness,raw,-0.020262301738268748,-0.020262301738268748,-3.3138840641620724,-3.3138840641620724,1.0
b3esycq1,SE_type,blur1.0,sharpness,affine2,-0.020262301738268748,-0.020325811156602522,-3.3138840641620724,-3.322278067254915,1.0031343634673955
b3esycq1,SE_type,blur1.0,sharpness,hybrid,-0.020262301738268748,-0.020325811156602522,-3.3138840641620724,-3.322278067254915,1.0031343634673955
b3esycq1,SE_type,blur1.0,sharpness,clean_norm,-0.020262301738268748,-0.020605877121147427,-3.3138840641620724,-3.4868601672643815,1.0169563846850518
b3esycq1,SE_type,blur1.0,sharpness,clean_harm,-0.020262301738268748,-0.010247435811305126,-3.3138840641620724,-1.8007556992252078,0.5057389798885054
b3esycq1,SE_type,blur1.0,sharp_robust,raw,-5.813613020848313e-05,-5.813613020848313e-05,-1.211155555069172,-1.211155555069172,1.0
b3esycq1,SE_type,blur1.0,sharp_robust,affine2,-5.813613020848313e-05,-5.633227493288497e-05,-1.211155555069172,-1.1862951227029366,0.9689718722397016
b3esycq1,SE_type,blur1.0,sharp_robust,hybrid,-5.813613020848313e-05,-5.633227493288497e-05,-1.211155555069172,-1.1862951227029366,0.9689718722397016
b3esycq1,SE_type,blur1.0,sharp_robust,clean_norm,-5.813613020848313e-05,-4.3528894646618866e-05,-1.211155555069172,-0.8671916447463172,0.7487408344951587
b3esycq1,SE_type,blur1.0,sharp_robust,clean_harm,-5.813613020848313e-05,-4.248281805612332e-05,-1.211155555069172,-0.8550055144488881,0.7307472634276627
b3esycq1,SE_type,requant3,p1,raw,0.0,0.0,0.0,0.0,
b3esycq1,SE_type,requant3,p1,affine2,0.0,0.0,0.0,0.0,
b3esycq1,SE_type,requant3,p1,hybrid,0.0,0.0,0.0,0.0,
b3esycq1,SE_type,requant3,p1,clean_norm,0.0,0.0,0.0,0.0,
b3esycq1,SE_type,requant3,p1,clean_harm,0.0,0.0,0.0,0.0,
b3esycq1,SE_type,requant3,noise_sigma,raw,0.028423456257736568,0.028423456257736568,0.05184378064164135,0.05184378064164135,1.0
b3esycq1,SE_type,requant3,noise_sigma,affine2,0.028423456257736568,0.029688479191298356,0.05184378064164135,0.057119887019076554,1.044506302192488
b3esycq1,SE_type,requant3,noise_sigma,hybrid,0.028423456257736568,0.029688479191298356,0.05184378064164135,0.057119887019076554,1.044506302192488
b3esycq1,SE_type,requant3,noise_sigma,clean_norm,0.028423456257736568,0.0011983492019966846,0.05184378064164135,0.0017234549106400457,0.04216057298346701
b3esycq1,SE_type,requant3,noise_sigma,clean_harm,0.028423456257736568,0.0027914068948584614,0.05184378064164135,0.007419409627084825,0.09820786288432708
b3esycq1,SE_type,requant3,sharpness,raw,0.00017812849733126607,0.00017812849733126607,0.029132780485858812,0.029132780485858812,1.0
b3esycq1,SE_type,requant3,sharpness,affine2,0.00017812849733126607,0.00019389167267815088,0.029132780485858812,0.03169182506906957,1.0884932820017563
b3esycq1,SE_type,requant3,sharpness,hybrid,0.00017812849733126607,0.00019389167267815088,0.029132780485858812,0.03169182506906957,1.0884932820017563
b3esycq1,SE_type,requant3,sharpness,clean_norm,0.00017812849733126607,-0.000159379901450641,0.029132780485858812,-0.026969753656369316,0.8947467914369801
b3esycq1,SE_type,requant3,sharpness,clean_harm,0.00017812849733126607,-0.0001229766636273305,0.029132780485858812,-0.021610374729481956,0.690381749522259
b3esycq1,SE_type,requant3,sharp_robust,raw,6.836329828828177e-07,6.836329828828177e-07,0.014242191247985996,0.014242191247985996,1.0
b3esycq1,SE_type,requant3,sharp_robust,affine2,6.836329828828177e-07,6.873310978521268e-07,0.014242191247985996,0.014474429268753738,1.005409503435183
b3esycq1,SE_type,requant3,sharp_robust,hybrid,6.836329828828177e-07,6.873310978521268e-07,0.014242191247985996,0.014474429268753738,1.005409503435183
b3esycq1,SE_type,requant3,sharp_robust,clean_norm,6.836329828828177e-07,-6.252599311811977e-06,0.014242191247985996,-0.1245655770763086,9.146134648807227
b3esycq1,SE_type,requant3,sharp_robust,clean_harm,6.836329828828177e-07,-6.266182590980527e-06,0.014242191247985996,-0.1261126477710144,9.166003905423944
b3esycq1,SE_type,all_strong,p1,raw,21.0,21.0,3.093173559735707,3.093173559735707,1.0
b3esycq1,SE_type,all_strong,p1,affine2,21.0,1.0,3.093173559735707,2.0108401877995092,0.047619047619047616
b3esycq1,SE_type,all_strong,p1,hybrid,21.0,1.0,3.093173559735707,2.0108401877995092,0.047619047619047616
b3esycq1,SE_type,all_strong,p1,clean_norm,21.0,0.0,3.093173559735707,0.0,0.0
b3esycq1,SE_type,all_strong,p1,clean_harm,21.0,0.0,3.093173559735707,0.0,0.0
b3esycq1,SE_type,all_strong,noise_sigma,raw,-0.9543237889596949,-0.9543237889596949,-1.7406663259841835,-1.7406663259841835,1.0
b3esycq1,SE_type,all_strong,noise_sigma,affine2,-0.9543237889596949,0.18488759110459263,-1.7406663259841835,0.3557190736202781,0.19373675186923503
b3esycq1,SE_type,all_strong,noise_sigma,hybrid,-0.9543237889596949,0.18488759110459263,-1.7406663259841835,0.3557190736202781,0.19373675186923503
b3esycq1,SE_type,all_strong,noise_sigma,clean_norm,-0.9543237889596949,0.631193104861894,-1.7406663259841835,0.9077761760293458,0.6614035112233295
b3esycq1,SE_type,all_strong,noise_sigma,clean_harm,-0.9543237889596949,0.053857706883638556,-1.7406663259841835,0.1431508927205118,0.056435465097594034
b3esycq1,SE_type,all_strong,sharpness,raw,-0.005820066397391292,-0.005820066397391292,-0.9518674401266759,-0.9518674401266759,1.0
b3esycq1,SE_type,all_strong,sharpness,affine2,-0.005820066397391292,-0.006148233686927705,-0.9518674401266759,-1.0049361264385566,1.0563854889496633
b3esycq1,SE_type,all_strong,sharpness,hybrid,-0.005820066397391292,-0.006148233686927705,-0.9518674401266759,-1.0049361264385566,1.0563854889496633
b3esycq1,SE_type,all_strong,sharpness,clean_norm,-0.005820066397391292,-0.00469204375973584,-0.9518674401266759,-0.7939725347626106,0.806183888527275
b3esycq1,SE_type,all_strong,sharpness,clean_harm,-0.005820066397391292,-0.007634961156767428,-0.9518674401266759,-1.3416722065479305,1.311834029967359
b3esycq1,SE_type,all_strong,sharp_robust,raw,-6.333316106173513e-05,-6.333316106173513e-05,-1.3194257953691284,-1.3194257953691284,1.0
b3esycq1,SE_type,all_strong,sharp_robust,affine2,-6.333316106173513e-05,-6.357738078367916e-05,-1.3194257953691284,-1.3388690023217455,1.0038561113617237
b3esycq1,SE_type,all_strong,sharp_robust,hybrid,-6.333316106173513e-05,-6.357738078367916e-05,-1.3194257953691284,-1.3388690023217455,1.0038561113617237
b3esycq1,SE_type,all_strong,sharp_robust,clean_norm,-6.333316106173513e-05,-3.5213951414256924e-05,-1.3194257953691284,-0.701539625411057,0.556011271566431
b3esycq1,SE_type,all_strong,sharp_robust,clean_harm,-6.333316106173513e-05,-3.689107206707187e-05,-1.3194257953691284,-0.7424665192786435,0.582492196009475
iv6g2oq0,BSE,session_strong,p1,raw,22.0,22.0,2.6733506782161376,2.6733506782161376,1.0
iv6g2oq0,BSE,session_strong,p1,affine2,22.0,0.0,2.6733506782161376,0.0,0.0
iv6g2oq0,BSE,session_strong,p1,hybrid,22.0,0.0,2.6733506782161376,0.0,0.0
iv6g2oq0,BSE,session_strong,p1,clean_norm,22.0,0.0,2.6733506782161376,0.0,0.0
iv6g2oq0,BSE,session_strong,p1,clean_harm,22.0,0.0,2.6733506782161376,0.0,0.0
iv6g2oq0,BSE,session_strong,noise_sigma,raw,-1.7030523712410877,-1.7030523712410877,-2.320879791928248,-2.320879791928248,1.0
iv6g2oq0,BSE,session_strong,noise_sigma,affine2,-1.7030523712410877,-0.028244046775458997,-2.320879791928248,-0.04446296376078515,0.016584367722571176
iv6g2oq0,BSE,session_strong,noise_sigma,hybrid,-1.7030523712410877,-0.028244046775458997,-2.320879791928248,-0.04446296376078515,0.016584367722571176
iv6g2oq0,BSE,session_strong,noise_sigma,clean_norm,-1.7030523712410877,1.181939145155395,-2.320879791928248,1.0619510191030532,0.6940122130795456
iv6g2oq0,BSE,session_strong,noise_sigma,clean_harm,-1.7030523712410877,0.01493131770845224,-2.320879791928248,0.04923962560741867,0.008767386112484107
iv6g2oq0,BSE,session_strong,sharpness,raw,-0.0005167231834713043,-0.0005167231834713043,-0.04507738322070562,-0.04507738322070562,1.0
iv6g2oq0,BSE,session_strong,sharpness,affine2,-0.0005167231834713043,-0.0011890858247790986,-0.04507738322070562,-0.10511950455597538,2.301204712339239
iv6g2oq0,BSE,session_strong,sharpness,hybrid,-0.0005167231834713043,-0.0011890858247790986,-0.04507738322070562,-0.10511950455597538,2.301204712339239
iv6g2oq0,BSE,session_strong,sharpness,clean_norm,-0.0005167231834713043,0.0035340278661471006,-0.04507738322070562,0.3248682927931933,6.839305800846382
iv6g2oq0,BSE,session_strong,sharpness,clean_harm,-0.0005167231834713043,-0.0074391232704944105,-0.04507738322070562,-0.5662932407944213,14.396728284028182
iv6g2oq0,BSE,session_strong,sharp_robust,raw,-4.092478439299979e-06,-4.092478439299979e-06,-0.0715437143138372,-0.0715437143138372,1.0
iv6g2oq0,BSE,session_strong,sharp_robust,affine2,-4.092478439299979e-06,-5.124679908300031e-06,-0.0715437143138372,-0.09005709308147536,1.2522191587102438
iv6g2oq0,BSE,session_strong,sharp_robust,hybrid,-4.092478439299979e-06,-5.124679908300031e-06,-0.0715437143138372,-0.09005709308147536,1.2522191587102438
iv6g2oq0,BSE,session_strong,sharp_robust,clean_norm,-4.092478439299979e-06,1.203366684010001e-05,-0.0715437143138372,0.19217113560252894,2.9404350001067754
iv6g2oq0,BSE,session_strong,sharp_robust,clean_harm,-4.092478439299979e-06,9.3420540137e-06,-0.0715437143138372,0.1493866127219706,2.282737503022243
iv6g2oq0,BSE,session_strong,frac_pore,raw,-0.0368850286394021,-0.0368850286394021,-1.4967864554097723,-1.4967864554097723,1.0
iv6g2oq0,BSE,session_strong,frac_pore,affine2,-0.0368850286394021,-0.001022096947285403,-1.4967864554097723,-0.07154353655194075,0.027710347124241003
iv6g2oq0,BSE,session_strong,frac_pore,hybrid,-0.0368850286394021,-0.001022096947285403,-1.4967864554097723,-0.07154353655194075,0.027710347124241003
iv6g2oq0,BSE,session_strong,frac_pore,clean_norm,-0.0368850286394021,0.006858561396908894,-1.4967864554097723,0.34332917815855485,0.18594431534702124
iv6g2oq0,BSE,session_strong,frac_pore,clean_harm,-0.0368850286394021,0.006609076042091197,-1.4967864554097723,0.32701714828274614,0.17918045033130625
iv6g2oq0,BSE,session_strong,frac_graphite,raw,0.04648278403434147,0.04648278403434147,1.9715670961105498,1.9715670961105498,1.0
iv6g2oq0,BSE,session_strong,frac_graphite,affine2,0.04648278403434147,0.002320567357546377,1.9715670961105498,0.12505526839058892,0.04992315769709366
iv6g2oq0,BSE,session_strong,frac_graphite,hybrid,0.04648278403434147,0.002320567357546377,1.9715670961105498,0.12505526839058892,0.04992315769709366
iv6g2oq0,BSE,session_strong,frac_graphite,clean_norm,0.04648278403434147,-0.019814166065811878,1.9715670961105498,-0.5997701436284852,0.42626891821223906
iv6g2oq0,BSE,session_strong,frac_graphite,clean_harm,0.04648278403434147,-0.01832966289434368,1.9715670961105498,-0.5813679659363021,0.39433229474382875
iv6g2oq0,BSE,session_strong,frac_si,raw,-0.009597755394939303,-0.009597755394939303,-0.49706649843797446,-0.49706649843797446,1.0
iv6g2oq0,BSE,session_strong,frac_si,affine2,-0.009597755394939303,-0.0012984704102610017,-0.49706649843797446,-0.05863539864407072,0.13528896672503846
iv6g2oq0,BSE,session_strong,frac_si,hybrid,-0.009597755394939303,-0.0012984704102610017,-0.49706649843797446,-0.05863539864407072,0.13528896672503846
iv6g2oq0,BSE,session_strong,frac_si,clean_norm,-0.009597755394939303,0.0129556046689029,-0.49706649843797446,0.3461392973993785,1.3498577673415308
iv6g2oq0,BSE,session_strong,frac_si,clean_harm,-0.009597755394939303,0.011720586852252399,-0.49706649843797446,0.32401629521944497,1.221179991566822
iv6g2oq0,BSE,offset6,p1,raw,6.0,6.0,0.729095639513492,0.729095639513492,1.0
iv6g2oq0,BSE,offset6,p1,affine2,6.0,0.0,0.729095639513492,0.0,0.0
iv6g2oq0,BSE,offset6,p1,hybrid,6.0,0.0,0.729095639513492,0.0,0.0
iv6g2oq0,BSE,offset6,p1,clean_norm,6.0,0.0,0.729095639513492,0.0,0.0
iv6g2oq0,BSE,offset6,p1,clean_harm,6.0,0.0,0.729095639513492,0.0,0.0
iv6g2oq0,BSE,offset6,noise_sigma,raw,0.0,0.0,0.0,0.0,
iv6g2oq0,BSE,offset6,noise_sigma,affine2,0.0,0.000450149652289511,0.0,0.000708644474207195,
iv6g2oq0,BSE,offset6,noise_sigma,hybrid,0.0,0.000450149652289511,0.0,0.000708644474207195,
iv6g2oq0,BSE,offset6,noise_sigma,clean_norm,0.0,1.1269103815241763,0.0,1.0125086667977907,
iv6g2oq0,BSE,offset6,noise_sigma,clean_harm,0.0,-0.0815090471481259,0.0,-0.26879576495242813,
iv6g2oq0,BSE,offset6,sharpness,raw,0.0,0.0,0.0,0.0,
iv6g2oq0,BSE,offset6,sharpness,affine2,0.0,6.10505342180101e-06,0.0,0.0005397088903206013,
iv6g2oq0,BSE,offset6,sharpness,hybrid,0.0,6.10505342180101e-06,0.0,0.0005397088903206013,
iv6g2oq0,BSE,offset6,sharpness,clean_norm,0.0,0.004167757344438104,0.0,0.3831243738154333,
iv6g2oq0,BSE,offset6,sharpness,clean_harm,0.0,-0.006899454164772001,0.0,-0.525211656886771,
iv6g2oq0,BSE,offset6,sharp_robust,raw,0.0,0.0,0.0,0.0,
iv6g2oq0,BSE,offset6,sharp_robust,affine2,0.0,8.98049319999518e-09,0.0,0.00015781612247033102,
iv6g2oq0,BSE,offset6,sharp_robust,hybrid,0.0,8.98049319999518e-09,0.0,0.00015781612247033102,
iv6g2oq0,BSE,offset6,sharp_robust,clean_norm,0.0,1.5472507073799986e-05,0.0,0.2470875498299564,
iv6g2oq0,BSE,offset6,sharp_robust,clean_harm,0.0,1.2440845056099976e-05,0.0,0.19893865948582506,
iv6g2oq0,BSE,offset6,frac_pore,raw,-0.013429164350085898,-0.013429164350085898,-0.5449525742053531,-0.5449525742053531,1.0
iv6g2oq0,BSE,offset6,frac_pore,affine2,-0.013429164350085898,0.0,-0.5449525742053531,0.0,0.0
iv6g2oq0,BSE,offset6,frac_pore,hybrid,-0.013429164350085898,0.0,-0.5449525742053531,0.0,0.0
iv6g2oq0,BSE,offset6,frac_pore,clean_norm,-0.013429164350085898,0.007331081434109696,-0.5449525742053531,0.36698281434364716,0.5459074923051934
iv6g2oq0,BSE,offset6,frac_pore,clean_harm,-0.013429164350085898,0.007143314314973295,-0.5449525742053531,0.353451263337371,0.5319254518563997
iv6g2oq0,BSE,offset6,frac_graphite,raw,-0.004092589958754056,-0.004092589958754056,-0.17358718648587593,-0.17358718648587593,1.0
iv6g2oq0,BSE,offset6,frac_graphite,affine2,-0.004092589958754056,0.0,-0.17358718648587593,0.0,0.0
iv6g2oq0,BSE,offset6,frac_graphite,hybrid,-0.004092589958754056,0.0,-0.17358718648587593,0.0,0.0
iv6g2oq0,BSE,offset6,frac_graphite,clean_norm,-0.004092589958754056,-0.017983191740597926,-0.17358718648587593,-0.5443469817166421,4.394085877607125
iv6g2oq0,BSE,offset6,frac_graphite,clean_harm,-0.004092589958754056,-0.016128379155041506,-0.17358718648587593,-0.5115491232579854,3.9408734609590876
iv6g2oq0,BSE,offset6,frac_si,raw,0.017521754308840093,0.017521754308840093,0.9074493673153999,0.9074493673153999,1.0
iv6g2oq0,BSE,offset6,frac_si,affine2,0.017521754308840093,0.0,0.9074493673153999,0.0,0.0
iv6g2oq0,BSE,offset6,frac_si,hybrid,0.017521754308840093,0.0,0.9074493673153999,0.0,0.0
iv6g2oq0,BSE,offset6,frac_si,clean_norm,0.017521754308840093,0.010652110306488202,0.9074493673153999,0.2845960548764363,0.6079362898676184
iv6g2oq0,BSE,offset6,frac_si,clean_harm,0.017521754308840093,0.0089850648400681,0.9074493673153999,0.24839263242402243,0.5127948196108962
iv6g2oq0,BSE,noise6,p1,raw,2.0,2.0,0.24303187983783067,0.24303187983783067,1.0
iv6g2oq0,BSE,noise6,p1,affine2,2.0,1.0,0.24303187983783067,0.817963781717405,0.5
iv6g2oq0,BSE,noise6,p1,hybrid,2.0,1.0,0.24303187983783067,0.817963781717405,0.5
iv6g2oq0,BSE,noise6,p1,clean_norm,2.0,0.0,0.24303187983783067,0.0,0.0
iv6g2oq0,BSE,noise6,p1,clean_harm,2.0,0.0,0.24303187983783067,0.0,0.0
iv6g2oq0,BSE,noise6,noise_sigma,raw,0.7548462555609268,0.7548462555609268,1.0286867568654805,1.0286867568654805,1.0
iv6g2oq0,BSE,noise6,noise_sigma,affine2,0.7548462555609268,0.7729584141336971,1.0286867568654805,1.216823574519874,1.0239945001241495
iv6g2oq0,BSE,noise6,noise_sigma,hybrid,0.7548462555609268,0.7729584141336971,1.0286867568654805,1.216823574519874,1.0239945001241495
iv6g2oq0,BSE,noise6,noise_sigma,clean_norm,0.7548462555609268,2.1758078240300467,1.0286867568654805,1.9549241139630071,2.882451635682027
iv6g2oq0,BSE,noise6,noise_sigma,clean_harm,0.7548462555609268,0.07307483525142722,1.0286867568654805,0.24098191461475899,0.09680757467244142
iv6g2oq0,BSE,noise6,sharpness,raw,0.011415118703921097,0.011415118703921097,0.9958207736484723,0.9958207736484723,1.0
iv6g2oq0,BSE,noise6,sharpness,affine2,0.011415118703921097,0.010470017815693802,0.9958207736484723,0.9255875922012875,0.9172062146053153
iv6g2oq0,BSE,noise6,sharpness,hybrid,0.011415118703921097,0.010470017815693802,0.9958207736484723,0.9255875922012875,0.9172062146053153
iv6g2oq0,BSE,noise6,sharpness,clean_norm,0.011415118703921097,0.0147650709420755,0.9958207736484723,1.3572907661172344,1.2934662639122354
iv6g2oq0,BSE,noise6,sharpness,clean_harm,0.011415118703921097,-0.0018399600072312033,0.9958207736484723,-0.14006447769991529,0.16118623511108793
iv6g2oq0,BSE,noise6,sharp_robust,raw,5.135099974300022e-06,5.135099974300022e-06,0.08977057081262348,0.08977057081262348,1.0
iv6g2oq0,BSE,noise6,sharp_robust,affine2,5.135099974300022e-06,4.1713830335000164e-06,0.08977057081262348,0.073304603770075,0.8123275212511569
iv6g2oq0,BSE,noise6,sharp_robust,hybrid,5.135099974300022e-06,4.1713830335000164e-06,0.08977057081262348,0.073304603770075,0.8123275212511569
iv6g2oq0,BSE,noise6,sharp_robust,clean_norm,5.135099974300022e-06,1.705367568800002e-05,0.08977057081262348,0.272337955396891,3.3210016890322853
iv6g2oq0,BSE,noise6,sharp_robust,clean_harm,5.135099974300022e-06,1.2850489324199989e-05,0.08977057081262348,0.20548918569159197,2.5024808452637126
iv6g2oq0,BSE,noise6,frac_pore,raw,0.0008262111945799011,0.0008262111945799011,0.03352747092716287,0.03352747092716287,1.0
iv6g2oq0,BSE,noise6,frac_pore,affine2,0.0008262111945799011,0.0009687617175884039,0.03352747092716287,0.06781024005255505,1.1725352112676042
iv6g2oq0,BSE,noise6,frac_pore,hybrid,0.0008262111945799011,0.0009687617175884039,0.03352747092716287,0.06781024005255505,1.1725352112676042
iv6g2oq0,BSE,noise6,frac_pore,clean_norm,0.0008262111945799011,0.006935301002121197,0.03352747092716287,0.3471706463710617,8.394101953130216
iv6g2oq0,BSE,noise6,frac_pore,clean_harm,0.0008262111945799011,0.006551602976059903,0.03352747092716287,0.32417338040401056,7.929695238989299
iv6g2oq0,BSE,noise6,frac_graphite,raw,-0.0018079026648220031,-0.0018079026648220031,-0.07668218418888727,-0.07668218418888727,1.0
iv6g2oq0,BSE,noise6,frac_graphite,affine2,-0.0018079026648220031,-0.0018812790111325528,-0.07668218418888727,-0.10138203956446082,1.040586447344926
iv6g2oq0,BSE,noise6,frac_graphite,hybrid,-0.0018079026648220031,-0.0018812790111325528,-0.07668218418888727,-0.10138203956446082,1.040586447344926
iv6g2oq0,BSE,noise6,frac_graphite,clean_norm,-0.0018079026648220031,-0.013971506421308955,-0.07668218418888727,-0.42291421123563805,7.728019153445143
iv6g2oq0,BSE,noise6,frac_graphite,clean_harm,-0.0018079026648220031,-0.010999234563257021,-0.07668218418888727,-0.3488663518667496,6.083974971263151
iv6g2oq0,BSE,noise6,frac_si,raw,0.0009816914702421992,0.0009816914702421992,0.05084167303503184,0.05084167303503184,1.0
iv6g2oq0,BSE,noise6,frac_si,affine2,0.0009816914702421992,0.0009125172935442044,0.05084167303503184,0.041206803677426795,0.9295357260454464
iv6g2oq0,BSE,noise6,frac_si,hybrid,0.0009816914702421992,0.0009125172935442044,0.05084167303503184,0.041206803677426795,0.9295357260454464
iv6g2oq0,BSE,noise6,frac_si,clean_norm,0.0009816914702421992,0.007036205419187702,0.05084167303503184,0.18798869388174785,7.167430534413991
iv6g2oq0,BSE,noise6,frac_si,clean_harm,0.0009816914702421992,0.004447631587197104,0.05084167303503184,0.12295503011503571,4.530579843074119
iv6g2oq0,BSE,blur1.0,p1,raw,0.0,0.0,0.0,0.0,
iv6g2oq0,BSE,blur1.0,p1,affine2,0.0,0.0,0.0,0.0,
iv6g2oq0,BSE,blur1.0,p1,hybrid,0.0,0.0,0.0,0.0,
iv6g2oq0,BSE,blur1.0,p1,clean_norm,0.0,0.0,0.0,0.0,
iv6g2oq0,BSE,blur1.0,p1,clean_harm,0.0,0.0,0.0,0.0,
iv6g2oq0,BSE,blur1.0,noise_sigma,raw,-4.254501683814071,-4.254501683814071,-5.7979350191638765,-5.7979350191638765,1.0
iv6g2oq0,BSE,blur1.0,noise_sigma,affine2,-4.254501683814071,-4.235055056326239,-5.7979350191638765,-6.667001403565808,0.9954291644631814
iv6g2oq0,BSE,blur1.0,noise_sigma,hybrid,-4.254501683814071,-4.235055056326239,-5.7979350191638765,-6.667001403565808,0.9954291644631814
iv6g2oq0,BSE,blur1.0,noise_sigma,clean_norm,-4.254501683814071,-7.439486795922788,-5.7979350191638765,-6.684244799672165,1.748615313569096
iv6g2oq0,BSE,blur1.0,noise_sigma,clean_harm,-4.254501683814071,-0.5517534665878756,-5.7979350191638765,-1.8195402879280502,0.12968697807477192
iv6g2oq0,BSE,blur1.0,sharpness,raw,-0.0379750741034198,-0.0379750741034198,-3.3128317500575473,-3.3128317500575473,1.0
iv6g2oq0,BSE,blur1.0,sharpness,affine2,-0.0379750741034198,-0.0387787681199815,-3.3128317500575473,-3.428183909955195,1.0211637247730698
iv6g2oq0,BSE,blur1.0,sharpness,hybrid,-0.0379750741034198,-0.0387787681199815,-3.3128317500575473,-3.428183909955195,1.0211637247730698
iv6g2oq0,BSE,blur1.0,sharpness,clean_norm,-0.0379750741034198,-0.0379417699334504,-3.3128317500575473,-3.48782706042168,0.9991229992105164
iv6g2oq0,BSE,blur1.0,sharpness,clean_harm,-0.0379750741034198,-0.0094283648581064,-3.3128317500575473,-0.7177215777652329,0.24827772112911664
iv6g2oq0,BSE,blur1.0,sharp_robust,raw,-3.620661115039998e-05,-3.620661115039998e-05,-0.6329551842084942,-0.6329551842084942,1.0
iv6g2oq0,BSE,blur1.0,sharp_robust,affine2,-3.620661115039998e-05,-3.60914272658e-05,-0.6329551842084942,-0.6342423493524381,0.9968187057296937
iv6g2oq0,BSE,blur1.0,sharp_robust,hybrid,-3.620661115039998e-05,-3.60914272658e-05,-0.6329551842084942,-0.6342423493524381,0.9968187057296937
iv6g2oq0,BSE,blur1.0,sharp_robust,clean_norm,-3.620661115039998e-05,-1.9803324517700025e-05,-0.6329551842084942,-0.31624835653503847,0.5469532742359748
iv6g2oq0,BSE,blur1.0,sharp_robust,clean_harm,-3.620661115039998e-05,-1.306142932550004e-05,-0.6329551842084942,-0.20886227818662265,0.36074708210728934
iv6g2oq0,BSE,blur1.0,frac_pore,raw,-0.0032793085168280056,-0.0032793085168280056,-0.13307362776057838,-0.13307362776057838,1.0
iv6g2oq0,BSE,blur1.0,frac_pore,affine2,-0.0032793085168280056,-0.003521094891454704,-0.13307362776057838,-0.24646544707788812,1.0737309019221444
iv6g2oq0,BSE,blur1.0,frac_pore,hybrid,-0.0032793085168280056,-0.003521094891454704,-0.13307362776057838,-0.24646544707788812,1.0737309019221444
iv6g2oq0,BSE,blur1.0,frac_pore,clean_norm,-0.0032793085168280056,0.003041827330010294,-0.13307362776057838,0.15226926127443371,0.92758193210579
iv6g2oq0,BSE,blur1.0,frac_pore,clean_harm,-0.0032793085168280056,0.004258558262014503,-0.13307362776057838,0.21071350515120824,1.2986147049481338
iv6g2oq0,BSE,blur1.0,frac_graphite,raw,0.008365873210845476,0.008365873210845476,0.354838478275096,0.354838478275096,1.0
iv6g2oq0,BSE,blur1.0,frac_graphite,affine2,0.008365873210845476,0.008221383224938927,0.354838478275096,0.4430499646533426,0.9827286426335947
iv6g2oq0,BSE,blur1.0,frac_graphite,hybrid,0.008365873210845476,0.008221383224938927,0.354838478275096,0.4430499646533426,0.9827286426335947
iv6g2oq0,BSE,blur1.0,frac_graphite,clean_norm,0.008365873210845476,0.003747178594940337,0.354838478275096,0.1134262141855559,0.4479124295217041
iv6g2oq0,BSE,blur1.0,frac_graphite,clean_harm,0.008365873210845476,-0.002883776398424187,0.354838478275096,-0.09146568753778576,0.34470716035783017
iv6g2oq0,BSE,blur1.0,frac_si,raw,-0.005086564694017401,-0.005086564694017401,-0.2634325211983011,-0.2634325211983011,1.0
iv6g2oq0,BSE,blur1.0,frac_si,affine2,-0.005086564694017401,-0.004700288333484098,-0.2634325211983011,-0.2122522608124098,0.9240594814438075
iv6g2oq0,BSE,blur1.0,frac_si,hybrid,-0.005086564694017401,-0.004700288333484098,-0.2634325211983011,-0.2122522608124098,0.9240594814438075
iv6g2oq0,BSE,blur1.0,frac_si,clean_norm,-0.005086564694017401,-0.006789005924950603,-0.2634325211983011,-0.18138418089764202,1.3346937143914714
iv6g2oq0,BSE,blur1.0,frac_si,clean_harm,-0.005086564694017401,-0.001374781863590302,-0.2634325211983011,-0.0380059234056023,0.2702770821350727
iv6g2oq0,BSE,requant3,p1,raw,0.0,0.0,0.0,0.0,
iv6g2oq0,BSE,requant3,p1,affine2,0.0,0.0,0.0,0.0,
iv6g2oq0,BSE,requant3,p1,hybrid,0.0,0.0,0.0,0.0,
iv6g2oq0,BSE,requant3,p1,clean_norm,0.0,0.0,0.0,0.0,
iv6g2oq0,BSE,requant3,p1,clean_harm,0.0,0.0,0.0,0.0,
iv6g2oq0,BSE,requant3,noise_sigma,raw,0.01435116093636779,0.01435116093636779,0.01955742522683175,0.01955742522683175,1.0
iv6g2oq0,BSE,requant3,noise_sigma,affine2,0.01435116093636779,0.014190277125621265,0.01955742522683175,0.022338929779008032,0.9887894915637923
iv6g2oq0,BSE,requant3,noise_sigma,hybrid,0.01435116093636779,0.014190277125621265,0.01955742522683175,0.022338929779008032,0.9887894915637923
iv6g2oq0,BSE,requant3,noise_sigma,clean_norm,0.01435116093636779,-0.02479777470822242,0.01955742522683175,-0.02228035362973147,1.727928131959101
iv6g2oq0,BSE,requant3,noise_sigma,clean_harm,0.01435116093636779,0.08128695165180844,0.01955742522683175,0.26806335142394394,5.664137696750112
iv6g2oq0,BSE,requant3,sharpness,raw,0.00020642206072810088,0.00020642206072810088,0.018007642455943943,0.018007642455943943,1.0
iv6g2oq0,BSE,requant3,sharpness,affine2,0.00020642206072810088,0.00020787553121650454,0.018007642455943943,0.018376951768682166,1.007041255587106
iv6g2oq0,BSE,requant3,sharpness,hybrid,0.00020642206072810088,0.00020787553121650454,0.018007642455943943,0.018376951768682166,1.007041255587106
iv6g2oq0,BSE,requant3,sharpness,clean_norm,0.00020642206072810088,-0.0003836014974578014,0.018007642455943943,-0.03526286953925259,1.8583357617143512
iv6g2oq0,BSE,requant3,sharpness,clean_harm,0.00020642206072810088,0.0005009082585065994,0.018007642455943943,0.038130966612082984,2.426621731901009
iv6g2oq0,BSE,requant3,sharp_robust,raw,2.2191670720001421e-07,2.2191670720001421e-07,0.003879493988024774,0.003879493988024774,1.0
iv6g2oq0,BSE,requant3,sharp_robust,affine2,2.2191670720001421e-07,1.98081447400013e-07,0.003879493988024774,0.003480927524336599,0.8925936667827429
iv6g2oq0,BSE,requant3,sharp_robust,hybrid,2.2191670720001421e-07,1.98081447400013e-07,0.003879493988024774,0.003480927524336599,0.8925936667827429
iv6g2oq0,BSE,requant3,sharp_robust,clean_norm,2.2191670720001421e-07,-3.877789422299994e-06,0.003879493988024774,-0.061926194801041314,17.474076067670428
iv6g2oq0,BSE,requant3,sharp_robust,clean_harm,2.2191670720001421e-07,-3.572925502700003e-06,0.003879493988024774,-0.05713382063233247,16.100299737593502
iv6g2oq0,BSE,requant3,frac_pore,raw,-0.000547898268706104,-0.000547898268706104,-0.02223359280967753,-0.02223359280967753,1.0
iv6g2oq0,BSE,requant3,frac_pore,affine2,-0.000547898268706104,-0.0005821621132387073,-0.02223359280967753,-0.040749496941818474,1.0625368731562512
iv6g2oq0,BSE,requant3,frac_pore,hybrid,-0.000547898268706104,-0.0005821621132387073,-0.02223359280967753,-0.040749496941818474,1.0625368731562512
iv6g2oq0,BSE,requant3,frac_pore,clean_norm,-0.000547898268706104,-0.0018270557070755034,-0.02223359280967753,-0.09145963680413233,3.334662311290396
iv6g2oq0,BSE,requant3,frac_pore,clean_harm,-0.000547898268706104,-0.0019015094517069037,-0.02223359280967753,-0.09408670657890116,3.4705520355036654
iv6g2oq0,BSE,requant3,frac_graphite,raw,4.816332863555317e-05,4.816332863555317e-05,0.0020428473885484412,0.0020428473885484412,1.0
iv6g2oq0,BSE,requant3,frac_graphite,affine2,4.816332863555317e-05,0.0001286510389055806,0.0020428473885484412,0.006932998581896991,2.6711409395947165
iv6g2oq0,BSE,requant3,frac_graphite,hybrid,4.816332863555317e-05,0.0001286510389055806,0.0020428473885484412,0.006932998581896991,2.6711409395947165
iv6g2oq0,BSE,requant3,frac_graphite,clean_norm,4.816332863555317e-05,0.0011599109689959253,0.0020428473885484412,0.03511023205116336,24.08286557129075
iv6g2oq0,BSE,requant3,frac_graphite,clean_harm,4.816332863555317e-05,0.00021585054912898194,0.0020428473885484412,0.006846203087132301,4.481636864476297
iv6g2oq0,BSE,requant3,frac_si,raw,0.0004997349400705925,0.0004997349400705925,0.02588120728092085,0.02588120728092085,1.0
iv6g2oq0,BSE,requant3,frac_si,affine2,0.0004997349400705925,0.00045351107433319604,0.02588120728092085,0.02047932892647326,0.9075032341527554
iv6g2oq0,BSE,requant3,frac_si,hybrid,0.0004997349400705925,0.00045351107433319604,0.02588120728092085,0.02047932892647326,0.9075032341527554
iv6g2oq0,BSE,requant3,frac_si,clean_norm,0.0004997349400705925,0.0006671447380796058,0.02588120728092085,0.01782433292803787,1.3349971846782718
iv6g2oq0,BSE,requant3,frac_si,clean_harm,0.0004997349400705925,0.0016856589025779078,0.02588120728092085,0.046600136964302846,3.373105955608771
iv6g2oq0,BSE,all_strong,p1,raw,21.0,21.0,2.551834738297222,2.551834738297222,1.0
iv6g2oq0,BSE,all_strong,p1,affine2,21.0,1.0,2.551834738297222,0.817963781717405,0.047619047619047616
iv6g2oq0,BSE,all_strong,p1,hybrid,21.0,1.0,2.551834738297222,0.817963781717405,0.047619047619047616
iv6g2oq0,BSE,all_strong,p1,clean_norm,21.0,0.0,2.551834738297222,0.0,0.0
iv6g2oq0,BSE,all_strong,p1,clean_harm,21.0,0.0,2.551834738297222,0.0,0.0
iv6g2oq0,BSE,all_strong,noise_sigma,raw,-2.3557967227265313,-2.3557967227265313,-3.2104244707885186,-3.2104244707885186,1.0
iv6g2oq0,BSE,all_strong,noise_sigma,affine2,-2.3557967227265313,-1.226069791121632,-3.2104244707885186,-1.9301305200429666,0.520448041757446
iv6g2oq0,BSE,all_strong,noise_sigma,hybrid,-2.3557967227265313,-1.226069791121632,-3.2104244707885186,-1.9301305200429666,0.520448041757446
iv6g2oq0,BSE,all_strong,noise_sigma,clean_norm,-2.3557967227265313,-1.1258925341154438,-3.2104244707885186,-1.011594149246337,0.47792431462947627
iv6g2oq0,BSE,all_strong,noise_sigma,clean_harm,-2.3557967227265313,-0.46823364265358514,-3.2104244707885186,-1.5441135009811744,0.198758083894295
iv6g2oq0,BSE,all_strong,sharpness,raw,-0.014990190281784901,-0.014990190281784901,-1.307699312703357,-1.307699312703357,1.0
iv6g2oq0,BSE,all_strong,sharpness,affine2,-0.014990190281784901,-0.0162844357754693,-1.307699312703357,-1.4396032523631705,1.0863394973215972
iv6g2oq0,BSE,all_strong,sharpness,hybrid,-0.014990190281784901,-0.0162844357754693,-1.307699312703357,-1.4396032523631705,1.0863394973215972
iv6g2oq0,BSE,all_strong,sharpness,clean_norm,-0.014990190281784901,-0.011290811135974702,-1.307699312703357,-1.037916699279869,0.753213329766371
iv6g2oq0,BSE,all_strong,sharpness,clean_harm,-0.014990190281784901,-0.008863404832167507,-1.307699312703357,-0.6747147566150609,0.591280341713723
iv6g2oq0,BSE,all_strong,sharp_robust,raw,-3.298547820559998e-05,-3.298547820559998e-05,-0.5766441202437738,-0.5766441202437738,1.0
iv6g2oq0,BSE,all_strong,sharp_robust,affine2,-3.298547820559998e-05,-3.5366018382100014e-05,-0.5766441202437738,-0.6214945843153101,1.0721693395397216
iv6g2oq0,BSE,all_strong,sharp_robust,hybrid,-3.298547820559998e-05,-3.5366018382100014e-05,-0.5766441202437738,-0.6214945843153101,1.0721693395397216
iv6g2oq0,BSE,all_strong,sharp_robust,clean_norm,-3.298547820559998e-05,-7.158423591100023e-06,-0.5766441202437738,-0.11431614394056068,0.21701742647116543
iv6g2oq0,BSE,all_strong,sharp_robust,clean_harm,-3.298547820559998e-05,-7.990660488600048e-06,-0.5766441202437738,-0.12777679320336893,0.24224782914450713
iv6g2oq0,BSE,all_strong,frac_pore,raw,-0.0411731811070454,-0.0411731811070454,-1.6707987517007403,-1.6707987517007403,1.0
iv6g2oq0,BSE,all_strong,frac_pore,affine2,-0.0411731811070454,-0.007029260030255599,-1.6707987517007403,-0.4920258525801682,0.17072423945044116
iv6g2oq0,BSE,all_strong,frac_pore,hybrid,-0.0411731811070454,-0.007029260030255599,-1.6707987517007403,-0.4920258525801682,0.17072423945044116
iv6g2oq0,BSE,all_strong,frac_pore,clean_norm,-0.0411731811070454,0.006734471822523097,-1.6707987517007403,0.33711744232556784,0.1635645252917006
iv6g2oq0,BSE,all_strong,frac_pore,clean_harm,-0.0411731811070454,0.007367328651890895,-1.6707987517007403,0.36453549495563276,0.1789351333514093
iv6g2oq0,BSE,all_strong,frac_graphite,raw,0.05228145485576863,0.05228145485576863,2.217517695460533,2.217517695460533,1.0
iv6g2oq0,BSE,all_strong,frac_graphite,affine2,0.05228145485576863,0.014222081431582212,2.217517695460533,0.7664273155939969,0.2720291826388029
iv6g2oq0,BSE,all_strong,frac_graphite,hybrid,0.05228145485576863,0.014222081431582212,2.217517695460533,0.7664273155939969,0.2720291826388029
iv6g2oq0,BSE,all_strong,frac_graphite,clean_norm,0.05228145485576863,-0.003240370649027602,2.217517695460533,-0.09808525693797245,0.06197935114787775
iv6g2oq0,BSE,all_strong,frac_graphite,clean_harm,0.05228145485576863,-0.005020729489952691,2.217517695460533,-0.15924413383461294,0.09603270421229898
iv6g2oq0,BSE,all_strong,frac_si,raw,-0.011108273748723203,-0.011108273748723203,-0.5752960467068908,-0.5752960467068908,1.0
iv6g2oq0,BSE,all_strong,frac_si,affine2,-0.011108273748723203,-0.007192821401326599,-0.5752960467068908,-0.3248082874353779,0.6475192783355154
iv6g2oq0,BSE,all_strong,frac_si,hybrid,-0.011108273748723203,-0.007192821401326599,-0.5752960467068908,-0.3248082874353779,0.6475192783355154
iv6g2oq0,BSE,all_strong,frac_si,clean_norm,-0.011108273748723203,-0.003494101173495495,-0.5752960467068908,-0.09335308973567902,0.31454942977950207
iv6g2oq0,BSE,all_strong,frac_si,clean_harm,-0.011108273748723203,-0.00234659916193819,-0.5752960467068908,-0.06487186831179441,0.2112478693827572
iv6g2oq0,Inlens,session_strong,p1,raw,22.0,22.0,2.5488699581622813,2.5488699581622813,1.0
iv6g2oq0,Inlens,session_strong,p1,affine2,22.0,1.0,2.5488699581622813,0.1220031275181081,0.045454545454545456
iv6g2oq0,Inlens,session_strong,p1,hybrid,22.0,1.0,2.5488699581622813,0.5056035643328478,0.045454545454545456
iv6g2oq0,Inlens,session_strong,p1,clean_norm,22.0,0.0,2.5488699581622813,0.0,0.0
iv6g2oq0,Inlens,session_strong,p1,clean_harm,22.0,0.0,2.5488699581622813,0.0,0.0
iv6g2oq0,Inlens,session_strong,noise_sigma,raw,-1.4721223494382678,-1.4721223494382678,-1.5417557397353439,-1.5417557397353439,1.0
iv6g2oq0,Inlens,session_strong,noise_sigma,affine2,-1.4721223494382678,0.006860584050848217,-1.5417557397353439,0.0063836554879591395,0.004660335503680165
iv6g2oq0,Inlens,session_strong,noise_sigma,hybrid,-1.4721223494382678,0.029270561325506428,-1.5417557397353439,0.014285398054869091,0.019883239553203907
iv6g2oq0,Inlens,session_strong,noise_sigma,clean_norm,-1.4721223494382678,-0.0049678970651654275,-1.5417557397353439,-0.006056507766542509,0.0033746495779111547
iv6g2oq0,Inlens,session_strong,noise_sigma,clean_harm,-1.4721223494382678,-0.024273141810221333,-1.5417557397353439,-0.03861822888104928,0.016488535629856766
iv6g2oq0,Inlens,session_strong,sharpness,raw,0.0002503522263706988,0.0002503522263706988,0.03713583088527227,0.03713583088527227,1.0
iv6g2oq0,Inlens,session_strong,sharpness,affine2,0.0002503522263706988,0.0002743067137827987,0.03713583088527227,0.02336085344254104,1.0956831411462276
iv6g2oq0,Inlens,session_strong,sharpness,hybrid,0.0002503522263706988,0.0004274596397798036,0.03713583088527227,0.024424458881888347,1.7074329474780077
iv6g2oq0,Inlens,session_strong,sharpness,clean_norm,0.0002503522263706988,-0.0005052335762684018,0.03713583088527227,-0.055542177156890755,2.0180910055910504
iv6g2oq0,Inlens,session_strong,sharpness,clean_harm,0.0002503522263706988,-0.0008259921603732991,0.03713583088527227,-0.08450229568243393,3.2993202111581987
iv6g2oq0,Inlens,session_strong,sharp_robust,raw,4.361365382800006e-06,4.361365382800006e-06,0.03288126873680765,0.03288126873680765,1.0
iv6g2oq0,Inlens,session_strong,sharp_robust,affine2,4.361365382800006e-06,4.2771149443000226e-06,0.03288126873680765,0.0193307421531374,0.980682554405498
iv6g2oq0,Inlens,session_strong,sharp_robust,hybrid,4.361365382800006e-06,5.397037120700044e-06,0.03288126873680765,0.0643833848890135,1.2374650245962961
iv6g2oq0,Inlens,session_strong,sharp_robust,clean_norm,4.361365382800006e-06,-9.142057395300008e-06,0.03288126873680765,-0.055407827832848415,2.0961457233905927
iv6g2oq0,Inlens,session_strong,sharp_robust,clean_harm,4.361365382800006e-06,-9.39831321629999e-06,0.03288126873680765,-0.05779284363747824,2.1549015942035687
iv6g2oq0,Inlens,offset6,p1,raw,6.0,6.0,0.6951463522260767,0.6951463522260767,1.0
iv6g2oq0,Inlens,offset6,p1,affine2,6.0,0.0,0.6951463522260767,0.0,0.0
iv6g2oq0,Inlens,offset6,p1,hybrid,6.0,0.0,0.6951463522260767,0.0,0.0
iv6g2oq0,Inlens,offset6,p1,clean_norm,6.0,1.0,0.6951463522260767,0.16453292505000588,0.16666666666666666
iv6g2oq0,Inlens,offset6,p1,clean_harm,6.0,0.0,0.6951463522260767,0.0,0.0
iv6g2oq0,Inlens,offset6,noise_sigma,raw,-0.011841481827992162,-0.011841481827992162,-0.012401600031576903,-0.012401600031576903,1.0
iv6g2oq0,Inlens,offset6,noise_sigma,affine2,-0.011841481827992162,-0.011841481827992162,-0.012401600031576903,-0.01101829522043166,1.0
iv6g2oq0,Inlens,offset6,noise_sigma,hybrid,-0.011841481827992162,-0.0025140126790352824,-0.012401600031576903,-0.0012269553506550491,0.2123055809698065
iv6g2oq0,Inlens,offset6,noise_sigma,clean_norm,-0.011841481827992162,-0.03164766025650745,-0.012401600031576903,-0.038582582855921845,2.6726097895700285
iv6g2oq0,Inlens,offset6,noise_sigma,clean_harm,-0.011841481827992162,-0.0636363183543116,-0.012401600031576903,-0.10124449181602314,5.374016468435671
iv6g2oq0,Inlens,offset6,sharpness,raw,8.231951289389833e-05,8.231951289389833e-05,0.012210810160159173,0.012210810160159173,1.0
iv6g2oq0,Inlens,offset6,sharpness,affine2,8.231951289389833e-05,8.231951289389833e-05,0.012210810160159173,0.007010597916675264,1.0
iv6g2oq0,Inlens,offset6,sharpness,hybrid,8.231951289389833e-05,-2.923179794869779e-05,0.012210810160159173,-0.0016702649340401437,0.35510168757162924
iv6g2oq0,Inlens,offset6,sharpness,clean_norm,8.231951289389833e-05,0.0006342443675986,0.012210810160159173,0.06972480587316968,7.704666187907088
iv6g2oq0,Inlens,offset6,sharpness,clean_harm,8.231951289389833e-05,-5.9164509628801404e-05,0.012210810160159173,-0.00605276554235054,0.718717926636162
iv6g2oq0,Inlens,offset6,sharp_robust,raw,1.6275667840999898e-06,1.6275667840999898e-06,0.012270574950254656,0.012270574950254656,1.0
iv6g2oq0,Inlens,offset6,sharp_robust,affine2,1.6275667840999898e-06,1.6275667840999898e-06,0.012270574950254656,0.007355910292375114,1.0
iv6g2oq0,Inlens,offset6,sharp_robust,hybrid,1.6275667840999898e-06,-1.0212775519995339e-07,0.012270574950254656,-0.001218322280139639,0.06274873399829665
iv6g2oq0,Inlens,offset6,sharp_robust,clean_norm,1.6275667840999898e-06,1.2437086051700016e-05,0.012270574950254656,0.07537821005687319,7.641521179468812
iv6g2oq0,Inlens,offset6,sharp_robust,clean_harm,1.6275667840999898e-06,1.667812839099966e-06,0.012270574950254656,0.010255845321212834,1.024727744135078
iv6g2oq0,Inlens,noise6,p1,raw,2.0,2.0,0.23171545074202557,0.23171545074202557,1.0
iv6g2oq0,Inlens,noise6,p1,affine2,2.0,0.0,0.23171545074202557,0.0,0.0
iv6g2oq0,Inlens,noise6,p1,hybrid,2.0,-2.0,0.23171545074202557,-1.0112071286656956,1.0
iv6g2oq0,Inlens,noise6,p1,clean_norm,2.0,1.0,0.23171545074202557,0.16453292505000588,0.5
iv6g2oq0,Inlens,noise6,p1,clean_harm,2.0,1.0,0.23171545074202557,0.16414159984895177,0.5
iv6g2oq0,Inlens,noise6,noise_sigma,raw,0.9224763524319046,0.9224763524319046,0.9661107391479441,0.9661107391479441,1.0
iv6g2oq0,Inlens,noise6,noise_sigma,affine2,0.9224763524319046,1.0237432316108714,0.9661107391479441,0.9525754732100065,1.1097772088270872
iv6g2oq0,Inlens,noise6,noise_sigma,hybrid,0.9224763524319046,1.182010107374948,0.9661107391479441,0.5768760189103597,1.2813446157821176
iv6g2oq0,Inlens,noise6,noise_sigma,clean_norm,0.9224763524319046,0.3467094874252328,0.9661107391479441,0.42268361759121337,0.37584647726872344
iv6g2oq0,Inlens,noise6,noise_sigma,clean_harm,0.9224763524319046,0.08847336604664191,0.9661107391479441,0.1407598870627995,0.0959085463962317
iv6g2oq0,Inlens,noise6,sharpness,raw,0.003653905947766399,0.003653905947766399,0.5419997070288676,0.5419997070288676,1.0
iv6g2oq0,Inlens,noise6,sharpness,affine2,0.003653905947766399,0.003546811737427099,0.5419997070288676,0.3020580431433633,0.9706904852313547
iv6g2oq0,Inlens,noise6,sharpness,hybrid,0.003653905947766399,0.004984791977620404,0.5419997070288676,0.2848241924193678,1.36423653177706
iv6g2oq0,Inlens,noise6,sharpness,clean_norm,0.003653905947766399,0.0048770356939693005,0.5419997070288676,0.5361503930827803,1.3347458209619736
iv6g2oq0,Inlens,noise6,sharpness,clean_harm,0.003653905947766399,0.002924706510795197,0.5419997070288676,0.29920915260002096,0.8004328936225205
iv6g2oq0,Inlens,noise6,sharp_robust,raw,9.354002641599984e-06,9.354002641599984e-06,0.07052183149713455,0.07052183149713455,1.0
iv6g2oq0,Inlens,noise6,sharp_robust,affine2,9.354002641599984e-06,7.334360539300029e-06,0.07052183149713455,0.03314819318388872,0.7840879268819086
iv6g2oq0,Inlens,noise6,sharp_robust,hybrid,9.354002641599984e-06,-8.416410987199916e-06,0.07052183149713455,-0.10040268685473261,0.8997657270022221
iv6g2oq0,Inlens,noise6,sharp_robust,clean_norm,9.354002641599984e-06,1.64793074783e-05,0.07052183149713455,0.09987714931998125,1.7617385957335208
iv6g2oq0,Inlens,noise6,sharp_robust,clean_harm,9.354002641599984e-06,1.5297763413800003e-05,0.07052183149713455,0.09407020479414704,1.635424320468585
iv6g2oq0,Inlens,blur1.0,p1,raw,2.0,2.0,0.23171545074202557,0.23171545074202557,1.0
iv6g2oq0,Inlens,blur1.0,p1,affine2,2.0,2.0,0.23171545074202557,0.2440062550362162,1.0
iv6g2oq0,Inlens,blur1.0,p1,hybrid,2.0,0.0,0.23171545074202557,0.0,0.0
iv6g2oq0,Inlens,blur1.0,p1,clean_norm,2.0,1.0,0.23171545074202557,0.16453292505000588,0.5
iv6g2oq0,Inlens,blur1.0,p1,clean_harm,2.0,1.0,0.23171545074202557,0.16414159984895177,0.5
iv6g2oq0,Inlens,blur1.0,noise_sigma,raw,-3.40581195561447,-3.40581195561447,-3.566911495523123,-3.566911495523123,1.0
iv6g2oq0,Inlens,blur1.0,noise_sigma,affine2,-3.40581195561447,-3.4121923258665747,-3.566911495523123,-3.1749862847751484,1.0018733771374508
iv6g2oq0,Inlens,blur1.0,noise_sigma,hybrid,-3.40581195561447,-4.437396783334308,-3.566911495523123,-2.1656564311285735,1.3028895432759504
iv6g2oq0,Inlens,blur1.0,noise_sigma,clean_norm,-3.40581195561447,-1.3301092075543095,-3.566911495523123,-1.6215748112796544,0.3905410001751943
iv6g2oq0,Inlens,blur1.0,noise_sigma,clean_harm,-3.40581195561447,-0.16981448733170001,-3.566911495523123,-0.2701724725363781,0.04986020647785952
iv6g2oq0,Inlens,blur1.0,sharpness,raw,-0.012585410846720203,-0.012585410846720203,-1.8668485421553,-1.8668485421553,1.0
iv6g2oq0,Inlens,blur1.0,sharpness,affine2,-0.012585410846720203,-0.0125836425321518,-1.8668485421553,-1.0716639957988454,0.9998594948873789
iv6g2oq0,Inlens,blur1.0,sharpness,hybrid,-0.012585410846720203,-0.020531185329680297,-1.8668485421553,-1.173123834894736,1.6313480409764127
iv6g2oq0,Inlens,blur1.0,sharpness,clean_norm,-0.012585410846720203,-0.014412578301085,-1.8668485421553,-1.5844275101406946,1.1451813911057946
iv6g2oq0,Inlens,blur1.0,sharpness,clean_harm,-0.012585410846720203,-0.006796530976700601,-1.8668485421553,-0.695312253264506,0.5400325074387061
iv6g2oq0,Inlens,blur1.0,sharp_robust,raw,-2.5904292235200002e-05,-2.5904292235200002e-05,-0.1952980132739017,-0.1952980132739017,1.0
iv6g2oq0,Inlens,blur1.0,sharp_robust,affine2,-2.5904292235200002e-05,-2.636473206350001e-05,-0.1952980132739017,-0.11915738625057697,1.0177746538727794
iv6g2oq0,Inlens,blur1.0,sharp_robust,hybrid,-2.5904292235200002e-05,-5.152882262599999e-05,-0.1952980132739017,-0.6147076527013293,1.9892001741695973
iv6g2oq0,Inlens,blur1.0,sharp_robust,clean_norm,-2.5904292235200002e-05,-3.7097305845299974e-05,-0.1952980132739017,-0.22483791628738173,1.4320910800600977
iv6g2oq0,Inlens,blur1.0,sharp_robust,clean_harm,-2.5904292235200002e-05,-4.206626606810001e-05,-0.1952980132739017,-0.25867717763117587,1.6239110370650596
iv6g2oq0,Inlens,requant3,p1,raw,0.0,0.0,0.0,0.0,
iv6g2oq0,Inlens,requant3,p1,affine2,0.0,0.0,0.0,0.0,
iv6g2oq0,Inlens,requant3,p1,hybrid,0.0,-1.0,0.0,-0.5056035643328478,
iv6g2oq0,Inlens,requant3,p1,clean_norm,0.0,0.0,0.0,0.0,
iv6g2oq0,Inlens,requant3,p1,clean_harm,0.0,0.0,0.0,0.0,
iv6g2oq0,Inlens,requant3,noise_sigma,raw,0.01929684845190227,0.01929684845190227,0.020209615641577482,0.020209615641577482,1.0
iv6g2oq0,Inlens,requant3,noise_sigma,affine2,0.01929684845190227,-0.008248410054658706,0.020209615641577482,-0.007675003720105917,0.42744855851555297
iv6g2oq0,Inlens,requant3,noise_sigma,hybrid,0.01929684845190227,0.023730091236910944,0.020209615641577482,0.011581390443039909,1.2297392134295198
iv6g2oq0,Inlens,requant3,noise_sigma,clean_norm,0.01929684845190227,0.014703805248811985,0.020209615641577482,0.0179258365298261,0.7619796199084775
iv6g2oq0,Inlens,requant3,noise_sigma,clean_harm,0.01929684845190227,0.009448267431099389,0.020209615641577482,0.015032061240210445,0.48962748785892984
iv6g2oq0,Inlens,requant3,sharpness,raw,5.936944529229965e-05,5.936944529229965e-05,0.00880652715611442,0.00880652715611442,1.0
iv6g2oq0,Inlens,requant3,sharpness,affine2,5.936944529229965e-05,8.462466124519938e-05,0.00880652715611442,0.007206911860491814,1.4253908020962323
iv6g2oq0,Inlens,requant3,sharpness,hybrid,5.936944529229965e-05,-0.00013100717010639668,0.00880652715611442,-0.00748557042986452,2.206642987169506
iv6g2oq0,Inlens,requant3,sharpness,clean_norm,5.936944529229965e-05,-0.0002546917950666007,0.00880652715611442,-0.02799920168900377,4.289947359498655
iv6g2oq0,Inlens,requant3,sharpness,clean_harm,5.936944529229965e-05,-0.00028620025258009954,0.00880652715611442,-0.029279428459685217,4.820665767905033
iv6g2oq0,Inlens,requant3,sharp_robust,raw,-5.547803769997235e-08,-5.547803769997235e-08,-0.0004182608212092526,-0.0004182608212092526,1.0
iv6g2oq0,Inlens,requant3,sharp_robust,affine2,-5.547803769997235e-08,-7.612518758000038e-07,-0.0004182608212092526,-0.003440535013980165,13.72167991804049
iv6g2oq0,Inlens,requant3,sharp_robust,hybrid,-5.547803769997235e-08,-4.762245585199915e-06,-0.0004182608212092526,-0.05681070624323619,85.84019519497691
iv6g2oq0,Inlens,requant3,sharp_robust,clean_norm,-5.547803769997235e-08,-7.360599659199992e-06,-0.0004182608212092526,-0.04461083769536893,132.67591941529074
iv6g2oq0,Inlens,requant3,sharp_robust,clean_harm,-5.547803769997235e-08,-7.414199687900025e-06,-0.0004182608212092526,-0.04559197734724327,133.64206801971514
iv6g2oq0,Inlens,all_strong,p1,raw,24.0,24.0,2.7805854089043067,2.7805854089043067,1.0
iv6g2oq0,Inlens,all_strong,p1,affine2,24.0,4.0,2.7805854089043067,0.4880125100724324,0.16666666666666666
iv6g2oq0,Inlens,all_strong,p1,hybrid,24.0,1.0,2.7805854089043067,0.5056035643328478,0.041666666666666664
iv6g2oq0,Inlens,all_strong,p1,clean_norm,24.0,6.0,2.7805854089043067,0.9871975503000353,0.25
iv6g2oq0,Inlens,all_strong,p1,clean_harm,24.0,6.0,2.7805854089043067,0.9848495990937106,0.25
iv6g2oq0,Inlens,all_strong,noise_sigma,raw,-1.5555733779383312,-1.5555733779383312,-1.6291541154382092,-1.6291541154382092,1.0
iv6g2oq0,Inlens,all_strong,noise_sigma,affine2,-1.5555733779383312,-0.13162733352542055,-1.6291541154382092,-0.12247697044409679,0.08461660207882445
iv6g2oq0,Inlens,all_strong,noise_sigma,hybrid,-1.5555733779383312,-0.14647848017666742,-1.6291541154382092,-0.07148832482322551,0.0941636584002239
iv6g2oq0,Inlens,all_strong,noise_sigma,clean_norm,-1.5555733779383312,-0.26640666258545487,-1.6291541154382092,-0.3247841088176308,0.171259463785974
iv6g2oq0,Inlens,all_strong,noise_sigma,clean_harm,-1.5555733779383312,-0.10822361432882976,-1.6291541154382092,-0.17218225564542372,0.06957152639900743
iv6g2oq0,Inlens,all_strong,sharpness,raw,-0.004568166939739502,-0.004568166939739502,-0.6776160028178317,-0.6776160028178317,1.0
iv6g2oq0,Inlens,all_strong,sharpness,affine2,-0.004568166939739502,-0.004591873682572701,-0.6776160028178317,-0.3910589232248271,1.0051895526468109
iv6g2oq0,Inlens,all_strong,sharpness,hybrid,-0.004568166939739502,-0.007635840558839497,-0.6776160028178317,-0.4363014806593264,1.6715327306481773
iv6g2oq0,Inlens,all_strong,sharpness,clean_norm,-0.004568166939739502,-0.0050065174000783995,-0.6776160028178317,-0.5503847911851494,1.0959576272324003
iv6g2oq0,Inlens,all_strong,sharpness,clean_harm,-0.004568166939739502,0.0004928831105571983,-0.6776160028178317,0.05042390998766738,0.1078951616827963
iv6g2oq0,Inlens,all_strong,sharp_robust,raw,-1.3409689377600015e-05,-1.3409689377600015e-05,-0.10109852337547205,-0.10109852337547205,1.0
iv6g2oq0,Inlens,all_strong,sharp_robust,affine2,-1.3409689377600015e-05,-1.3917751544000002e-05,-0.10109852337547205,-0.06290232316693657,1.0378876909146508
iv6g2oq0,Inlens,all_strong,sharp_robust,hybrid,-1.3409689377600015e-05,-4.4548355400799984e-05,-0.10109852337547205,-0.5314349054486845,3.322101962720704
iv6g2oq0,Inlens,all_strong,sharp_robust,clean_norm,-1.3409689377600015e-05,-2.8667426064000014e-05,-0.10109852337547205,-0.1737464269893592,2.137814326399463
iv6g2oq0,Inlens,all_strong,sharp_robust,clean_harm,-1.3409689377600015e-05,-2.541349820200001e-05,-0.10109852337547205,-0.15627467334481313,1.8951593498095154
iv6g2oq0,SE_type,session_strong,p1,raw,22.0,22.0,3.2404675387707407,3.2404675387707407,1.0
iv6g2oq0,SE_type,session_strong,p1,affine2,22.0,0.0,3.2404675387707407,0.0,0.0
iv6g2oq0,SE_type,session_strong,p1,hybrid,22.0,0.0,3.2404675387707407,0.0,0.0
iv6g2oq0,SE_type,session_strong,p1,clean_norm,22.0,-11.0,3.2404675387707407,-2.8123037838029634,0.5
iv6g2oq0,SE_type,session_strong,p1,clean_harm,22.0,-11.0,3.2404675387707407,-2.8123037838029634,0.5
iv6g2oq0,SE_type,session_strong,noise_sigma,raw,-1.2176358500730986,-1.2176358500730986,-2.2209419340199257,-2.2209419340199257,1.0
iv6g2oq0,SE_type,session_strong,noise_sigma,affine2,-1.2176358500730986,-0.013111218031323535,-2.2209419340199257,-0.0252256536215969,0.010767766102268117
iv6g2oq0,SE_type,session_strong,noise_sigma,hybrid,-1.2176358500730986,-0.013111218031323535,-2.2209419340199257,-0.0252256536215969,0.010767766102268117
iv6g2oq0,SE_type,session_strong,noise_sigma,clean_norm,-1.2176358500730986,0.8484714245776113,-2.2209419340199257,1.220263876998088,0.6968186954471444
iv6g2oq0,SE_type,session_strong,noise_sigma,clean_harm,-1.2176358500730986,0.3988878449549462,-2.2209419340199257,1.0602224714845485,0.32759206698045207
iv6g2oq0,SE_type,session_strong,sharpness,raw,0.00038239946414980047,0.00038239946414980047,0.06254114200642706,0.06254114200642706,1.0
iv6g2oq0,SE_type,session_strong,sharpness,affine2,0.00038239946414980047,9.746736912980003e-07,0.06254114200642706,0.00015931157690982856,0.0025488364463716493
iv6g2oq0,SE_type,session_strong,sharpness,hybrid,0.00038239946414980047,9.746736912980003e-07,0.06254114200642706,0.00015931157690982856,0.0025488364463716493
iv6g2oq0,SE_type,session_strong,sharpness,clean_norm,0.00038239946414980047,0.0016626355335735005,0.06254114200642706,0.2813458306390685,4.347902362442073
iv6g2oq0,SE_type,session_strong,sharpness,clean_harm,0.00038239946414980047,-0.002000199489608598,0.06254114200642706,-0.3514899431257131,5.230654530480836
iv6g2oq0,SE_type,session_strong,sharp_robust,raw,4.473280774699995e-06,4.473280774699995e-06,0.09319228576503127,0.09319228576503127,1.0
iv6g2oq0,SE_type,session_strong,sharp_robust,affine2,4.473280774699995e-06,2.6551439421000547e-06,0.09319228576503127,0.05591438145078,0.5935562902997352
iv6g2oq0,SE_type,session_strong,sharp_robust,hybrid,4.473280774699995e-06,2.6551439421000547e-06,0.09319228576503127,0.05591438145078,0.5935562902997352
iv6g2oq0,SE_type,session_strong,sharp_robust,clean_norm,4.473280774699995e-06,2.1293167352899904e-05,0.09319228576503127,0.42420688530059314,4.760078435793683
iv6g2oq0,SE_type,session_strong,sharp_robust,clean_harm,4.473280774699995e-06,1.974524000770007e-05,0.09319228576503127,0.3973909891852622,4.4140399411937885
iv6g2oq0,SE_type,offset6,p1,raw,6.0,6.0,0.883763874210202,0.883763874210202,1.0
iv6g2oq0,SE_type,offset6,p1,affine2,6.0,0.0,0.883763874210202,0.0,0.0
iv6g2oq0,SE_type,offset6,p1,hybrid,6.0,0.0,0.883763874210202,0.0,0.0
iv6g2oq0,SE_type,offset6,p1,clean_norm,6.0,-11.0,0.883763874210202,-2.8123037838029634,1.8333333333333333
iv6g2oq0,SE_type,offset6,p1,clean_harm,6.0,-11.0,0.883763874210202,-2.8123037838029634,1.8333333333333333
iv6g2oq0,SE_type,offset6,noise_sigma,raw,-0.00011131859632396157,-0.00011131859632396157,-0.00020304275584303837,-0.00020304275584303837,1.0
iv6g2oq0,SE_type,offset6,noise_sigma,affine2,-0.00011131859632396157,-0.00011213114082320175,-0.00020304275584303837,-0.00021573749378913005,1.0072992700777101
iv6g2oq0,SE_type,offset6,noise_sigma,hybrid,-0.00011131859632396157,-0.00011213114082320175,-0.00020304275584303837,-0.00021573749378913005,1.0072992700777101
iv6g2oq0,SE_type,offset6,noise_sigma,clean_norm,-0.00011131859632396157,0.8002084481390561,-0.00020304275584303837,1.1508525037468353,7188.452554775967
iv6g2oq0,SE_type,offset6,noise_sigma,clean_harm,-0.00011131859632396157,0.3496368144059492,-0.00020304275584303837,0.9293158770815115,3140.8661800623972
iv6g2oq0,SE_type,offset6,sharpness,raw,-9.086396959102905e-06,-9.086396959102905e-06,-0.0014860733233752839,-0.0014860733233752839,1.0
iv6g2oq0,SE_type,offset6,sharpness,affine2,-9.086396959102905e-06,-9.244265383297201e-06,-0.0014860733233752839,-0.0015109861984935258,1.0173741500514284
iv6g2oq0,SE_type,offset6,sharpness,hybrid,-9.086396959102905e-06,-9.244265383297201e-06,-0.0014860733233752839,-0.0015109861984935258,1.0173741500514284
iv6g2oq0,SE_type,offset6,sharpness,clean_norm,-9.086396959102905e-06,0.001218055615961701,-0.0014860733233752839,0.20611544870617152,134.05265271196768
iv6g2oq0,SE_type,offset6,sharpness,clean_harm,-9.086396959102905e-06,-0.0021031066694999975,-0.0014860733233752839,-0.3695735587826362,231.45661354725098
iv6g2oq0,SE_type,offset6,sharp_robust,raw,-1.9155350729996995e-07,-1.9155350729996995e-07,-0.003990652518964679,-0.003990652518964679,1.0
iv6g2oq0,SE_type,offset6,sharp_robust,affine2,-1.9155350729996995e-07,-1.9410233059995868e-07,-0.003990652518964679,-0.004087579427075188,1.0133060643781233
iv6g2oq0,SE_type,offset6,sharp_robust,hybrid,-1.9155350729996995e-07,-1.9410233059995868e-07,-0.003990652518964679,-0.004087579427075188,1.0133060643781233
iv6g2oq0,SE_type,offset6,sharp_robust,clean_norm,-1.9155350729996995e-07,1.5207859947499974e-05,-0.003990652518964679,0.30297413219447644,79.3922291575935
iv6g2oq0,SE_type,offset6,sharp_robust,clean_harm,-1.9155350729996995e-07,2.0161588913700018e-05,-0.003990652518964679,0.40577039118478203,105.25303972705271
iv6g2oq0,SE_type,noise6,p1,raw,1.0,1.0,0.14729397903503366,0.14729397903503366,1.0
iv6g2oq0,SE_type,noise6,p1,affine2,1.0,1.0,0.14729397903503366,2.0108401877995092,1.0
iv6g2oq0,SE_type,noise6,p1,hybrid,1.0,1.0,0.14729397903503366,2.0108401877995092,1.0
iv6g2oq0,SE_type,noise6,p1,clean_norm,1.0,-11.0,0.14729397903503366,-2.8123037838029634,11.0
iv6g2oq0,SE_type,noise6,p1,clean_harm,1.0,-11.0,0.14729397903503366,-2.8123037838029634,11.0
iv6g2oq0,SE_type,noise6,noise_sigma,raw,1.0386637153926745,1.0386637153926745,1.894500560838483,1.894500560838483,1.0
iv6g2oq0,SE_type,noise6,noise_sigma,affine2,1.0386637153926745,1.0353114276391278,1.894500560838483,1.991913138940399,0.9967724994106688
iv6g2oq0,SE_type,noise6,noise_sigma,hybrid,1.0386637153926745,1.0353114276391278,1.894500560838483,1.991913138940399,0.9967724994106688
iv6g2oq0,SE_type,noise6,noise_sigma,clean_norm,1.0386637153926745,2.012988532287813,1.894500560838483,2.895061777696354,1.9380560834618041
iv6g2oq0,SE_type,noise6,noise_sigma,clean_harm,1.0386637153926745,0.9086912641629761,1.894500560838483,2.4152525831317457,0.8748657055180161
iv6g2oq0,SE_type,noise6,sharpness,raw,0.0088658176692449,0.0088658176692449,1.4499977480044928,1.4499977480044928,1.0
iv6g2oq0,SE_type,noise6,sharpness,affine2,0.0088658176692449,0.0090466294234062,1.4499977480044928,1.4786823652153416,1.0203942558833041
iv6g2oq0,SE_type,noise6,sharpness,hybrid,0.0088658176692449,0.0090466294234062,1.4499977480044928,1.4786823652153416,1.0203942558833041
iv6g2oq0,SE_type,noise6,sharpness,clean_norm,0.0088658176692449,0.008903520627409699,1.4499977480044928,1.5066250876683336,1.004252620522029
iv6g2oq0,SE_type,noise6,sharpness,clean_harm,0.0088658176692449,0.0015411726756694027,1.4499977480044928,0.2708263345392331,0.17383311197743861
iv6g2oq0,SE_type,noise6,sharp_robust,raw,5.634404440199993e-06,5.634404440199993e-06,0.11738208602434397,0.11738208602434397,1.0
iv6g2oq0,SE_type,noise6,sharp_robust,affine2,5.634404440199993e-06,5.729613026599968e-06,0.11738208602434397,0.12065928451369669,1.0168977196100242
iv6g2oq0,SE_type,noise6,sharp_robust,hybrid,5.634404440199993e-06,5.729613026599968e-06,0.11738208602434397,0.12065928451369669,1.0168977196100242
iv6g2oq0,SE_type,noise6,sharp_robust,clean_norm,5.634404440199993e-06,8.435392857799998e-06,0.11738208602434397,0.16805164169279274,1.4971223573543444
iv6g2oq0,SE_type,noise6,sharp_robust,clean_harm,5.634404440199993e-06,1.1155462948300027e-05,0.11738208602434397,0.22451388051579604,1.9798832452829858
iv6g2oq0,SE_type,blur1.0,p1,raw,0.0,0.0,0.0,0.0,
iv6g2oq0,SE_type,blur1.0,p1,affine2,0.0,0.0,0.0,0.0,
iv6g2oq0,SE_type,blur1.0,p1,hybrid,0.0,0.0,0.0,0.0,
iv6g2oq0,SE_type,blur1.0,p1,clean_norm,0.0,-6.0,0.0,-1.5339838820743437,
iv6g2oq0,SE_type,blur1.0,p1,clean_harm,0.0,-6.0,0.0,-1.5339838820743437,
iv6g2oq0,SE_type,blur1.0,noise_sigma,raw,-2.8516937136871583,-2.8516937136871583,-5.201428778011591,-5.201428778011591,1.0
iv6g2oq0,SE_type,blur1.0,noise_sigma,affine2,-2.8516937136871583,-2.8367030125182575,-5.201428778011591,-5.457745226276471,0.9947432288758956
iv6g2oq0,SE_type,blur1.0,noise_sigma,hybrid,-2.8516937136871583,-2.8367030125182575,-5.201428778011591,-5.457745226276471,0.9947432288758956
iv6g2oq0,SE_type,blur1.0,noise_sigma,clean_norm,-2.8516937136871583,-3.214029244367249,-5.201428778011591,-4.622387593629637,1.127059764146831
iv6g2oq0,SE_type,blur1.0,noise_sigma,clean_harm,-2.8516937136871583,-0.2214682119634075,-5.201428778011591,-0.5886506144844516,0.07766199115298937
iv6g2oq0,SE_type,blur1.0,sharpness,raw,-0.0226385090242378,-0.0226385090242378,-3.7025109615320977,-3.7025109615320977,1.0
iv6g2oq0,SE_type,blur1.0,sharpness,affine2,-0.0226385090242378,-0.0228729083208829,-3.7025109615320977,-3.7386041355657036,1.0103540076952127
iv6g2oq0,SE_type,blur1.0,sharpness,hybrid,-0.0226385090242378,-0.0228729083208829,-3.7025109615320977,-3.7386041355657036,1.0103540076952127
iv6g2oq0,SE_type,blur1.0,sharpness,clean_norm,-0.0226385090242378,-0.022005422151239202,-3.7025109615320977,-3.723686670161051,0.9720349572350022
iv6g2oq0,SE_type,blur1.0,sharpness,clean_harm,-0.0226385090242378,-0.011398544561518498,-3.7025109615320977,-2.00303709727875,0.5035024413186711
iv6g2oq0,SE_type,blur1.0,sharp_robust,raw,-7.026411046700003e-05,-7.026411046700003e-05,-1.463818926525028,-1.463818926525028,1.0
iv6g2oq0,SE_type,blur1.0,sharp_robust,affine2,-7.026411046700003e-05,-6.98036201964e-05,-1.463818926525028,-1.4699866867556068,0.9934462947365383
iv6g2oq0,SE_type,blur1.0,sharp_robust,hybrid,-7.026411046700003e-05,-6.98036201964e-05,-1.463818926525028,-1.4699866867556068,0.9934462947365383
iv6g2oq0,SE_type,blur1.0,sharp_robust,clean_norm,-7.026411046700003e-05,-6.569508866220003e-05,-1.463818926525028,-1.3087911478393945,0.9349736049537571
iv6g2oq0,SE_type,blur1.0,sharp_robust,clean_harm,-7.026411046700003e-05,-7.069342388849997e-05,-1.463818926525028,-1.422769722575599,1.006109995823566
iv6g2oq0,SE_type,requant3,p1,raw,0.0,0.0,0.0,0.0,
iv6g2oq0,SE_type,requant3,p1,affine2,0.0,0.0,0.0,0.0,
iv6g2oq0,SE_type,requant3,p1,hybrid,0.0,0.0,0.0,0.0,
iv6g2oq0,SE_type,requant3,p1,clean_norm,0.0,4.0,0.0,1.0226559213828956,
iv6g2oq0,SE_type,requant3,p1,clean_harm,0.0,3.0,0.0,0.7669919410371718,
iv6g2oq0,SE_type,requant3,noise_sigma,raw,0.020869392905089157,0.020869392905089157,0.038065329497047835,0.038065329497047835,1.0
iv6g2oq0,SE_type,requant3,noise_sigma,affine2,0.020869392905089157,0.040474737418337625,0.038065329497047835,0.07787237647187577,1.9394305144577328
iv6g2oq0,SE_type,requant3,noise_sigma,hybrid,0.020869392905089157,0.040474737418337625,0.038065329497047835,0.07787237647187577,1.9394305144577328
iv6g2oq0,SE_type,requant3,noise_sigma,clean_norm,0.020869392905089157,-0.08209570427620072,0.038065329497047835,-0.11806929436054531,3.933784976379503
iv6g2oq0,SE_type,requant3,noise_sigma,clean_harm,0.020869392905089157,-0.01962457473305168,0.038065329497047835,-0.05216106579446995,0.9403519700980896
iv6g2oq0,SE_type,requant3,sharpness,raw,0.00015803325323409528,0.00015803325323409528,0.025846218572051726,0.025846218572051726,1.0
iv6g2oq0,SE_type,requant3,sharpness,affine2,0.00015803325323409528,-0.0001535219540804017,0.025846218572051726,-0.025093346432954307,0.9714534817111499
iv6g2oq0,SE_type,requant3,sharpness,hybrid,0.00015803325323409528,-0.0001535219540804017,0.025846218572051726,-0.025093346432954307,0.9714534817111499
iv6g2oq0,SE_type,requant3,sharpness,clean_norm,0.00015803325323409528,0.00041224271772299925,0.025846218572051726,0.06975838510644762,2.608582113489384
iv6g2oq0,SE_type,requant3,sharpness,clean_harm,0.00015803325323409528,0.0007240485419892015,0.025846218572051726,0.12723519937195868,4.581621444675732
iv6g2oq0,SE_type,requant3,sharp_robust,raw,2.3607302590002675e-07,2.3607302590002675e-07,0.004918131903438677,0.004918131903438677,1.0
iv6g2oq0,SE_type,requant3,sharp_robust,affine2,2.3607302590002675e-07,-1.4188795870999794e-06,0.004918131903438677,-0.029880027673032213,6.010341849478613
iv6g2oq0,SE_type,requant3,sharp_robust,hybrid,2.3607302590002675e-07,-1.4188795870999794e-06,0.004918131903438677,-0.029880027673032213,6.010341849478613
iv6g2oq0,SE_type,requant3,sharp_robust,clean_norm,2.3607302590002675e-07,2.4843571142999085e-06,0.004918131903438677,0.0494938764142107,10.523680563792981
iv6g2oq0,SE_type,requant3,sharp_robust,clean_harm,2.3607302590002675e-07,-4.646425414000003e-06,0.004918131903438677,-0.09351355520241546,19.682152996029675
iv6g2oq0,SE_type,all_strong,p1,raw,20.0,20.0,2.9458795807006735,2.9458795807006735,1.0
iv6g2oq0,SE_type,all_strong,p1,affine2,20.0,3.0,2.9458795807006735,6.032520563398528,0.15
iv6g2oq0,SE_type,all_strong,p1,hybrid,20.0,3.0,2.9458795807006735,6.032520563398528,0.15
iv6g2oq0,SE_type,all_strong,p1,clean_norm,20.0,-11.0,2.9458795807006735,-2.8123037838029634,0.55
iv6g2oq0,SE_type,all_strong,p1,clean_harm,20.0,-11.0,2.9458795807006735,-2.8123037838029634,0.55
iv6g2oq0,SE_type,all_strong,noise_sigma,raw,-0.804474848453661,-0.804474848453661,-1.467345040545414,-1.467345040545414,1.0
iv6g2oq0,SE_type,all_strong,noise_sigma,affine2,-0.804474848453661,0.26722692625691113,-1.467345040545414,0.5141378828432448,0.332175613408632
iv6g2oq0,SE_type,all_strong,noise_sigma,hybrid,-0.804474848453661,0.26722692625691113,-1.467345040545414,0.5141378828432448,0.332175613408632
iv6g2oq0,SE_type,all_strong,noise_sigma,clean_norm,-0.804474848453661,1.4327385884335442,-1.467345040545414,2.060551591960847,1.780961320527937
iv6g2oq0,SE_type,all_strong,noise_sigma,clean_harm,-0.804474848453661,0.3292565732890891,-1.467345040545414,0.8751462906184069,0.4092813764432497
iv6g2oq0,SE_type,all_strong,sharpness,raw,-0.004283950275553103,-0.004283950275553103,-0.7006368147704392,-0.7006368147704392,1.0
iv6g2oq0,SE_type,all_strong,sharpness,affine2,-0.004283950275553103,-0.004632052976040798,-0.7006368147704392,-0.7571145815582535,1.0812574091894078
iv6g2oq0,SE_type,all_strong,sharpness,hybrid,-0.004283950275553103,-0.004632052976040798,-0.7006368147704392,-0.7571145815582535,1.0812574091894078
iv6g2oq0,SE_type,all_strong,sharpness,clean_norm,-0.004283950275553103,-0.0026279457187617025,-0.7006368147704392,-0.44469251149125033,0.6134398276652283
iv6g2oq0,SE_type,all_strong,sharpness,clean_harm,-0.004283950275553103,-0.0099840029386827,-0.7006368147704392,-1.7544633139423684,2.330559949693548
iv6g2oq0,SE_type,all_strong,sharp_robust,raw,-8.582496465789997e-05,-8.582496465789997e-05,-1.787999688597489,-1.787999688597489,1.0
iv6g2oq0,SE_type,all_strong,sharp_robust,affine2,-8.582496465789997e-05,-8.776985211829999e-05,-1.787999688597489,-1.8483355698371557,1.0226610924706159
iv6g2oq0,SE_type,all_strong,sharp_robust,hybrid,-8.582496465789997e-05,-8.776985211829999e-05,-1.787999688597489,-1.8483355698371557,1.0226610924706159
iv6g2oq0,SE_type,all_strong,sharp_robust,clean_norm,-8.582496465789997e-05,-5.097278984060008e-05,-1.787999688597489,-1.0154904648517615,0.59391565197584
iv6g2oq0,SE_type,all_strong,sharp_robust,clean_harm,-8.582496465789997e-05,-4.824241993160001e-05,-1.787999688597489,-0.9709227626421945,0.5621024153507695
