feature,freq,mass,auc_Batch_1,auc_Batch_2,auc_Batch_3,batch_selectivity,d_frac_si,rho_frac_si,d_frac_graphite,rho_frac_graphite,d_frac_pore,rho_frac_pore,d_K01_si_frac_adm,rho_K01_si_frac_adm,d_K04_agglom_frac,rho_K04_agglom_frac,d_p1_c0,rho_p1_c0,d_p1_c1,rho_p1_c1,d_p1_c2,rho_p1_c2,d_noise_sigma_c0,rho_noise_sigma_c0,d_noise_sigma_c1,rho_noise_sigma_c1,d_noise_sigma_c2,rho_noise_sigma_c2,d_sharpness_c0,rho_sharpness_c0,d_sharpness_c1,rho_sharpness_c1,d_sharpness_c2,rho_sharpness_c2,best_kpi,best_kpi_d,best_img,best_img_d,kind
0,0.0145791915175613,73.35557556152344,0.49253154386833686,0.5031525911939386,0.5029083524633586,0.014936912263326274,-0.2503302127141153,-0.024023693777838258,0.46530687790900754,0.07055507453867897,-0.6648984526324719,-0.10572592538599754,-0.2509553875028053,-0.024074159012500786,-0.33683288008220813,-0.04032698302125703,0.1160986301853312,0.07994952860298296,1.1181122079130634,0.12110541326969615,-0.06848159630469024,0.04817165387379205,-0.1496772258581575,-0.01410835281543409,0.060332391619376514,-0.002477257590399342,-0.2552312224108349,-0.031138819576696473,0.062007741169915954,0.00433328735911837,0.2557048099735249,0.010435873809514495,-0.2516971775479258,-0.06918594956010396,frac_pore,-0.6648984526324719,p1_c1,1.1181122079130634,imaging
1,0.008614976805831677,59.316184997558594,0.49635293760958865,0.5034259442119003,0.5000370828182941,0.007294124780822697,1.547492806541512,0.0802721691382161,-1.4253919265287094,-0.07736605367027423,-0.01335234289719383,0.010140743768864537,1.546081006772342,0.08015695998927368,0.22007550063692818,0.022016912542535676,0.1295531049354505,0.006649417747787848,-0.21121855061594633,-0.013422751336910527,0.1972612821796774,0.020534680176738325,0.1300675935058415,0.01805537345119113,-0.14384522381997894,-0.013814640741031975,0.2284839678856933,0.022611670373730713,-0.4720360668823323,-0.042633560587980616,-0.3031743605442595,-0.022801589258079367,0.05748266544974641,-0.008657988501170423,frac_si,1.547492806541512,sharpness_c0,-0.4720360668823323,material
2,0.00728959575878065,41.17619705200195,0.49913086978711363,0.5006562880827717,0.5001262581670494,0.0017382604257727419,-0.3914217579878068,-0.02813017386989187,0.38730722409359647,0.036988576486832486,0.04879004879919469,0.009268676199970686,-0.39198519917734703,-0.028148010081118103,-0.3368328980779511,-0.029814417850313527,-0.3605941790811434,0.0016853343830290348,-0.2435061421848809,-0.010325829148042831,-0.40079687383860507,-0.0028425933802801425,-0.06009243518869048,-0.00554387691896653,0.06285935996271703,0.0038623222243307277,-0.07012586055292268,-0.007684919791564143,-0.02552048546472401,-0.00013834894002208277,-0.3255794004333757,-0.023348973079077233,-0.20765760104589517,-0.01805200055217213,K01_si_frac_adm,-0.39198519917734703,p1_c2,-0.40079687383860507,mixed
3,0.00927766732935719,53.88932800292969,0.4959120561498542,0.4993473245121792,0.503335687797987,0.00817588770029165,-0.09567495779680192,0.007055489731964609,-0.0096929595722086,-0.014214615782606648,0.33418187560273444,0.051357870042416244,-0.0963678009464096,0.006991912532852202,-0.3368328980779511,-0.03367006446576788,0.5010435084964078,0.024949048074378078,-0.03823662786570088,-0.016949697507103987,0.454076091679009,0.006951230722651395,-0.7235533824327488,-0.058667110643716984,-0.6261040551780196,-0.041132460348825686,-0.609079850517462,-0.05222973249258278,-0.6624219237862822,-0.05607040110876999,-0.3693649174507812,-0.03202131669990614,-0.5202885155741103,-0.049642823261700914,K04_agglom_frac,-0.3368328980779511,noise_sigma_c0,-0.7235533824327488,imaging
4,0.0013253810470510272,15.572990417480469,,,,,,,,,,,,,,,,,,,,,,,,,,,,,,,,,,,,,rare
5,0.0066269052352551355,41.70826721191406,0.49764779003431037,0.5010861868819453,0.5008476072752959,0.004704419931379267,-0.30273006387311396,-0.012781348090399453,0.17327151669765783,-0.0032814329146114694,0.36210829565093516,0.04315245616829216,-0.30333231142129596,-0.012856573096523247,-0.3368328629435454,-0.028417121248368652,0.020691573420109688,-0.015043606929625029,-0.5084833585158108,-0.0522078338386523,0.13897347615329772,-0.01018856385071312,-0.3341637493391429,-0.019563472980702788,-0.347635191267066,-0.016178760855651213,-0.2951226284891902,-0.021828711708207566,-0.19311633991278476,-0.022379079684120076,-0.2834287167905602,-0.014871565467158409,-0.26705027634996004,-0.026042864911226857,frac_pore,0.36210829565093516,p1_c1,-0.5084833585158108,imaging
6,0.012591119946984758,78.03001403808594,0.49380365742120974,0.49897161463727135,0.5050847607275296,0.012392685157580519,0.801945942003094,0.09197004268298763,-0.9634635577071253,-0.09418329684207538,0.5594820694033487,0.043389916567683186,0.8008603510893587,0.09190182401319247,0.4303929387199654,0.03665254746374943,-0.06987149899634122,0.017431763292531578,0.15283329941011484,0.030598497958606363,-0.12136368231840271,-0.006527353277470474,0.029838053509150957,-0.007818714372149444,0.03398413354445107,-0.006290346469218755,0.03608323922697675,-0.0008327214967020284,-0.6457032192930683,-0.08000996849603115,0.1326841422112241,0.012847121865766075,-0.512974664583368,-0.04993451135513898,frac_graphite,-0.9634635577071253,sharpness_c0,-0.6457032192930683,material
7,0.01126573889993373,70.10723876953125,0.49654369147898675,0.5053189439662439,0.49851580434398723,0.010637887932487766,0.12341230539125071,0.036295518089263866,-0.4033049463359379,-0.06503528620889205,0.9023854164972992,0.09036148934310591,0.12262360214027047,0.036194693953324295,0.023116014993239425,0.004128081197422066,-0.4452602235428944,-0.06816483910377114,-0.5641457810185929,-0.06157506695791083,-0.30366686012986455,-0.04789240209752059,0.28078375154662294,0.01400624379792921,0.3817553598509844,0.02942748197195244,0.2655359560501599,0.01489703422699917,-0.22211544846460302,-0.020621048406816847,0.1941889323546325,0.01908488694376239,0.08865971385122431,0.0021898140648805883,frac_pore,0.9023854164972992,p1_c1,-0.5641457810185929,material
8,0.0019880715705765406,21.791017532348633,,,,,,,,,,,,,,,,,,,,,,,,,,,,,,,,,,,,,rare
9,0.0,0.0,,,,,,,,,,,,,,,,,,,,,,,,,,,,,,,,,,,,,rare
10,0.0,0.0,,,,,,,,,,,,,,,,,,,,,,,,,,,,,,,,,,,,,rare
11,0.0066269052352551355,51.53327178955078,0.5014729735875371,0.49926303062998845,0.49951085996821476,0.002945947175074126,0.6049311968022206,0.04844932432037287,-0.7878965414451484,-0.05074257900210717,0.4555063229367761,0.04244484534462722,0.6039318083107335,0.04835548549193251,0.049427025932856306,-0.0037930568388783938,-0.0815387449269249,-0.02519188341631842,-0.6759352227131558,-0.04690767971455317,0.04206392793247497,-0.02047496408902889,0.0933620827484629,0.0019888246497814835,0.11528926299518824,0.006622581556906375,0.0859396912553485,-0.0002483825312342792,-0.4585300852263637,-0.04211486725220248,-0.20233312289570632,-0.01950445260227351,-0.21376725227270044,-0.023558915345491753,frac_graphite,-0.7878965414451484,p1_c1,-0.6759352227131558,material
12,0.015241882041086813,89.47749328613281,0.49399188474929134,0.4954228421970357,0.5075551827653187,0.015110365530637493,0.4517499109391668,0.07111467382528197,-0.511069052121039,-0.06562281891550338,0.08931444172224381,0.005505208133347197,0.4510636151703781,0.07097780491617056,-0.336832891996732,-0.04232457615854792,0.8656942806373469,0.051173408172740104,-0.029022837390691114,-0.0028429772522684214,0.9301210534427395,0.058685035608792825,-0.582085403809944,-0.04537346500671289,-0.6271450071585446,-0.05365131769333425,-0.4179777623339086,-0.026684671338169243,-0.5022415879908342,-0.057183987072831795,-0.4958120661133891,-0.04118151811775368,-0.6292671794720103,-0.06427165804252279,frac_graphite,-0.511069052121039,p1_c2,0.9301210534427395,imaging
13,0.010603048376408217,52.642478942871094,0.49506313826750004,0.49846825974076026,0.5045735475896168,0.009873723464999928,-0.5737895270276052,-0.0578249737132051,0.5633124946355996,0.04991567050049195,0.012759968213632959,0.015673850609569863,-0.5742731744612507,-0.05789930762730319,-0.3368328961957501,-0.036019696756253675,0.42569996216166994,0.039274966775640796,-0.08179118544014377,0.015856555425224735,0.4903600441649675,0.031144389731166237,-0.3623082843430697,-0.05457165687228437,-0.44049971498182733,-0.04952666395521975,-0.22096797639986118,-0.03253375802496527,0.3200036403990554,0.04261435383010318,-0.43407795550429057,-0.04109725944750153,-0.017763295519602193,-0.006895912190582891,K01_si_frac_adm,-0.5742731744612507,p1_c2,0.4903600441649675,material
14,0.009940357852882704,61.63184356689453,0.5012076867493014,0.49709306526273206,0.5012873035493555,0.005813869474535882,-0.3781814753936372,-0.029730901287249544,0.08714334213749098,-0.00027547464099126256,0.5312453897911936,0.03307374069420927,-0.37586574863281547,-0.02915183296353475,-0.3368329122947031,-0.03367006446576788,-0.5040318103315747,-0.04863495760513758,-0.5761424568785685,-0.060867122869309905,-0.4508677087407907,-0.03761043713039961,-0.10585925617918825,-0.008427554022330424,0.1622345128603346,0.013833108339336164,-0.18472483886719152,-0.01689968922983706,-0.2824443307934853,-0.01478179261467769,-0.1434090447323453,0.0006467779914132814,-0.24811757212255267,0.00484456491044953,frac_pore,0.5312453897911936,p1_c1,-0.5761424568785685,imaging
15,0.005301524188204109,45.610111236572266,,,,,,,,,,,,,,,,,,,,,,,,,,,,,,,,,,,,,rare
16,0.01126573889993373,74.17605590820312,0.5003663484908969,0.49984345421878834,0.499858732120784,0.0007326969817937901,0.05093903078558003,0.04485986844208404,-0.1623381241665451,-0.04618860562817716,0.38276661562398273,0.03303063678213887,0.050182037672599475,0.044773114753838925,-0.33683291188075654,-0.03714108944052332,0.02505815548636589,-0.006311181941491627,-0.13601805336939465,-0.004519000370465934,0.14720668843088305,0.018401160780386693,-0.023480049370122106,-0.0106694261144161,-0.05952079031190104,-0.01424256015356285,0.013131036568412916,-0.003206146382606473,-0.5755706922839896,-0.05988545231891337,0.07174453786003689,0.007261541578223971,0.3711526929464736,0.04806284245702594,frac_pore,0.38276661562398273,sharpness_c0,-0.5755706922839896,imaging
17,0.0066269052352551355,46.98596954345703,0.49763515732772773,0.5047300909892248,0.49818470775207485,0.009460181978449667,-0.4716929942592903,-0.044836248511344594,0.2893589839451826,0.018462738285232778,0.6621426052126576,0.04993229454103752,-0.4722213133209739,-0.04489251185265967,-0.33683289556834906,-0.028417121248368652,0.024188507527546345,0.0021187971327576494,-0.5289611286036854,-0.03941947071677479,0.08415266789129841,-0.004177995946642868,-0.14941770356139808,-0.034444034406456596,-0.3774158136079826,-0.038128296562544226,-0.15220744711098422,-0.032524095809037624,-0.015108501361830173,0.014275347989482289,-0.5595472599206237,-0.04356070457583846,-0.5922729609769869,-0.053040766246452174,frac_pore,0.6621426052126576,sharpness_c2,-0.5922729609769869,material
18,0.004638833664678595,32.487640380859375,,,,,,,,,,,,,,,,,,,,,,,,,,,,,,,,,,,,,rare
19,0.0019880715705765406,21.052316665649414,,,,,,,,,,,,,,,,,,,,,,,,,,,,,,,,,,,,,rare
20,0.0019880715705765406,13.251811981201172,,,,,,,,,,,,,,,,,,,,,,,,,,,,,,,,,,,,,rare
21,0.005301524188204109,38.32007598876953,,,,,,,,,,,,,,,,,,,,,,,,,,,,,,,,,,,,,rare
22,0.003976143141153081,35.36166763305664,,,,,,,,,,,,,,,,,,,,,,,,,,,,,,,,,,,,,rare
23,0.0,0.0,,,,,,,,,,,,,,,,,,,,,,,,,,,,,,,,,,,,,rare
24,0.007952286282306162,52.11041259765625,0.49487617421007685,0.4984104582215437,0.5047466007416563,0.010247651579846306,0.3197191526512429,0.05457522505865389,-0.33896535745632805,-0.049343070873843195,0.09815817386740877,0.018856319283458316,0.31884455668442335,0.05448968697759212,-0.33683290121495124,-0.03115089719541056,0.36105516596594994,0.030106342476906214,-0.20488251625233608,-0.003550550551438088,0.4313273233243533,0.024041711403223077,-0.4726800571619263,-0.04593026879050439,-0.4804535521181707,-0.03803191203714872,-0.4401363356455499,-0.04978491072104063,-0.7453925057009174,-0.08724708468264905,-0.4530608256534078,-0.048470209125498466,-0.14606411776937286,-0.02576066009544402,frac_graphite,-0.33896535745632805,sharpness_c0,-0.7453925057009174,imaging
25,0.007952286282306162,51.6651725769043,0.496778659821424,0.5020350951557511,0.5007593148507857,0.006442680357152009,-0.044615979497067436,0.01658801506471377,-0.032497548154996704,-0.00990023829492879,0.21846528611279437,0.014375130005128025,-0.04533116318114664,0.01651954834893456,-0.33683291313555547,-0.03115089719541056,0.36019030642214145,0.012006072090370497,0.00018127829533171532,0.010760937045487305,0.3448397795060667,0.0073411192872294365,-0.37228865054908816,-0.016038542260288422,-0.44424399724705665,-0.009075084445416156,-0.3387881126404559,-0.013571220888787813,-0.5145475122588722,-0.031925013595764704,-0.4146286189803446,-0.008536990918337995,-0.15383822161140784,0.010005624854713659,K04_agglom_frac,-0.33683291313555547,sharpness_c0,-0.5145475122588722,imaging
26,0.012591119946984758,66.22789764404297,0.4994921651953775,0.49899088181034357,0.5010948260639237,0.0021896521278474967,-0.5678277802268175,-0.07858147299828873,0.6240270064227372,0.07972489739341376,-0.2948537887343894,-0.010093163577428892,-0.5683140361554021,-0.07867717750680893,-0.3368328938274303,-0.0382310813155339,0.806090720114989,0.03857641870914417,0.3433150406674685,0.026389643300699407,0.8685371429876785,0.04943198357245037,-0.5580283538690002,-0.045939533134067186,-0.6928972264248007,-0.05576354374946005,-0.4375342417719316,-0.0417459537123182,0.22955052193958714,0.06329647177149791,-0.3439177106066994,-0.048054473187642915,-0.0585734780475739,-0.01936090589712243,frac_graphite,0.6240270064227372,p1_c2,0.8685371429876785,imaging
27,0.008614976805831677,48.76023864746094,0.49444918872758326,0.49796490484424905,0.505371711107187,0.01110162254483349,-0.5755179575953034,-0.056427764157954106,0.7412394510802011,0.08367014475554921,-0.5562683420109441,-0.055082042937620555,-0.576000848800361,-0.056477279526923725,-0.3368329118807537,-0.03243408064992298,0.8379255799686134,0.07682510121583162,0.8098909025126032,0.06981398798178987,0.568446927507388,0.0703456354774659,-0.5964099447119583,-0.06538731565226555,-0.6772169675821046,-0.0641536828098113,-0.6256561837189272,-0.06794287544792615,0.3235522432558656,0.017644107963926573,-0.627020027494494,-0.06636604691181396,-0.010851952849823196,-0.0327301361864032,frac_graphite,0.7412394510802011,p1_c0,0.8379255799686134,imaging
28,0.005964214711729622,40.99702835083008,,,,,,,,,,,,,,,,,,,,,,,,,,,,,,,,,,,,,rare
29,0.00927766732935719,63.4962158203125,0.5016574111036438,0.501168072367502,0.49798516687268235,0.0040296662546353,1.7460822326410363,0.11461459867187512,-1.8492080624731992,-0.1256185770597982,0.7044502794563918,0.05671667489574907,1.7445835414726036,0.11453528988731558,1.0216040112895852,0.10230863261307391,-0.5085809619840643,-0.048337485759483476,-0.5725217325827201,-0.035722337948921525,-0.36726496410876097,-0.039531083215022994,0.4780800212545616,0.041438097884109404,0.4850830922614261,0.05279036584090319,0.41029016506634874,0.03133487838911095,-0.6068333225034828,-0.06723480288145045,0.22158807505705333,0.04210891043369764,0.29001328034737206,0.03631670863582416,frac_graphite,-1.8492080624731992,sharpness_c0,-0.6068333225034828,material
30,0.0,0.0,,,,,,,,,,,,,,,,,,,,,,,,,,,,,,,,,,,,,rare
31,0.008614976805831677,47.88240432739258,0.4982819519047595,0.4997844485012548,0.5013588204132086,0.0034360961904810194,-0.18506457454309622,-0.05274030357835492,0.1057904995363636,0.05035437213766402,0.07074154138751558,0.009887047636984793,-0.18571830583148236,-0.05278977532136606,0.3614885983097902,-0.00868531655775073,-0.3761519591557725,-0.007345957292521396,-0.10762325002831011,-0.00774234152008511,-0.4305895509528945,-0.02057554261934201,0.29585077907134544,-0.007900298337528734,0.0460528161562087,-0.009126524170421375,0.15514777019365156,-0.02234130049730444,0.31893750700190976,0.040909389468818586,-0.1493505513541549,-0.02385894982907481,-0.5439322495675172,-0.05546141945886354,K04_agglom_frac,0.3614885983097902,sharpness_c2,-0.5439322495675172,imaging
32,0.003976143141153081,36.334590911865234,,,,,,,,,,,,,,,,,,,,,,,,,,,,,,,,,,,,,rare
33,0.005964214711729622,40.177406311035156,,,,,,,,,,,,,,,,,,,,,,,,,,,,,,,,,,,,,rare
34,0.015241882041086813,84.6238784790039,0.4978271744677841,0.5045470528450389,0.49818470775207496,0.009094105690077736,-0.5371663377181694,-0.07427704242016642,0.27682837486462775,0.025533786653081897,0.7939818880589519,0.08021363893525651,-0.537666009349515,-0.07435167694671009,-0.33683286810727486,-0.04232457615854792,-0.27394719419374103,-0.07249941668198004,-0.5566691595484531,-0.06291922819471363,-0.11264355285736682,-0.05553268210082609,0.10746608928195116,0.005727241082811812,0.16724113641934946,0.02868839068022661,0.09755995913488044,0.0019089185316567537,0.37086063541273157,0.053738548262821005,-0.23494254774697282,-0.009903784132600891,0.10266731051708282,0.01329563880257794,frac_pore,0.7939818880589519,p1_c1,-0.5566691595484531,material
35,0.005301524188204109,37.02363586425781,,,,,,,,,,,,,,,,,,,,,,,,,,,,,,,,,,,,,rare
36,0.008614976805831677,57.15637969970703,0.5001553822909666,0.4961405443939751,0.5027211725233975,0.007718911212049817,-0.7085605230794139,-0.08011978265316502,0.8315759002556053,0.10119070302131301,-0.48560522753818647,-0.05491391941152976,-0.7089852023921474,-0.08016927614226757,-0.3368328930587494,-0.03243408064992298,1.652673342239492,0.07862173219583404,0.16994827350902555,0.028501054608819906,1.7709553191593486,0.09425091428681416,-1.140793049962063,-0.0754631506293907,-1.1957474002058661,-0.07641163230712093,-0.9059665496886465,-0.05376546891143098,0.49650792907839214,0.07718522722972113,-0.8473458765814863,-0.0684013097451549,-0.13056690282276184,-0.010288618297340507,frac_graphite,0.8315759002556053,p1_c2,1.7709553191593486,imaging
37,0.012591119946984758,68.42931365966797,0.49763642059838603,0.5061799457629077,0.49712078403672966,0.012359891525815403,-0.6578846856925711,-0.09578568612866506,0.5870202183470101,0.06968074403559613,0.21297314040975457,0.029010517312376187,-0.6583315379087079,-0.0958266350181829,-0.3368329125081568,-0.03929228768412859,0.09608227356248106,-0.008849080803968014,-0.1424109951761887,-0.02618954164150898,0.26524888602361285,0.010032765208775074,0.06910096263256178,0.0011598898554013954,0.11710674214828715,0.01584197902424877,0.12782193363614425,0.012522385616856747,0.8948118279578309,0.08810856523797915,0.07413409535947252,0.00817208440047001,0.5039647193498044,0.05053532359481721,K01_si_frac_adm,-0.6583315379087079,sharpness_c0,0.8948118279578309,imaging
38,0.015241882041086813,83.14102172851562,0.49774127206302204,0.5045157436887966,0.4982677026311143,0.009031487377593184,0.36559619889505063,0.07657923145177574,-0.3578457576237769,-0.05402140334352075,0.06287256111172665,0.0001580658475882709,0.3651071103676216,0.07645532280241212,-0.33683288427514735,-0.04329079070060326,-0.07101749134564231,-0.011348496719866593,-0.20255062877228272,-0.026074736558541044,-0.026017837912957184,-0.010786520367474118,0.018399754279245673,0.021386523053959227,-0.07356322026124246,-0.002310338784636835,0.05441351563931902,0.02367785393241196,-0.6262351295458557,-0.07254177595739027,-0.11869367451435625,-0.0028310232461011176,0.12438462321854199,0.03027974583406973,frac_si,0.36559619889505063,sharpness_c0,-0.6262351295458557,imaging
39,0.004638833664678595,31.815927505493164,,,,,,,,,,,,,,,,,,,,,,,,,,,,,,,,,,,,,rare
40,0.00927766732935719,61.64935302734375,0.49974229278571386,0.5029912286194589,0.4979869327211725,0.005982457238917771,-0.3853651505302909,-0.02178627835742075,-0.017733179062979658,-0.031011671974795294,1.3606303277646636,0.1081137669900921,-0.3854149750098061,-0.021817867094700343,-0.33683290435195196,-0.03367006446576788,-0.6248170355995171,-0.08132013560107289,-0.792020774035868,-0.09504779902012181,-0.49993178739094757,-0.07027202110966056,0.07899738826766299,-0.0009015601706853912,0.2961391584577667,0.033292699715862406,-0.01704535394666184,-0.009976804609365366,-0.07167051967261429,-0.009450913788294761,-0.019121711484674894,0.0010164923196683473,0.07734408819203244,0.005951529513638934,frac_pore,1.3606303277646636,p1_c1,-0.792020774035868,material
41,0.003976143141153081,30.756912231445312,,,,,,,,,,,,,,,,,,,,,,,,,,,,,,,,,,,,,rare
42,0.0066269052352551355,37.79874038696289,0.4976376838690442,0.4992822978030606,0.5021772911884159,0.004724632261911554,-0.2915893413639178,-0.006481431179441469,-0.1622062687317917,-0.035811582107565604,0.8230305800201896,0.0766681274138652,-0.2728104990208963,-0.005596946727541663,-0.3368328830203468,-0.028417121248368652,-0.4142527688914322,-0.027033940132360077,-0.4361368509233211,-0.025907525999376853,-0.46474967866402256,-0.044346333285119104,-0.5700750099054778,-0.04518725607270696,-0.2200823652280397,-0.01389510775832514,-0.8653729215856057,-0.06781720331645552,-0.5070367427124802,-0.06361125083732891,-0.513879343276597,-0.037945942283985234,-1.1191129570525575,-0.08729683009094484,frac_pore,0.8230305800201896,sharpness_c2,-1.1191129570525575,imaging
43,0.009940357852882704,56.6386604309082,0.5107516965724941,0.4971002904526341,0.4946115133321561,0.02150339314498817,0.04867314340831891,0.03688045795265776,0.012585953899590314,-0.020627764277493476,-0.41602457584543345,-0.06049718124323023,0.04791714177474424,0.03677270603115236,-0.015013083960572543,-0.010220386915491472,-0.4251505119428353,-0.013424735678639247,-0.2680941892804204,-0.006282301457604893,-0.37379455007620227,-3.04825280420807e-05,0.4660091952846493,0.062239247193821984,0.49365532656136335,0.05106826750106315,0.5235504494871975,0.054183799301042064,0.01816406040845264,0.009313162040546531,0.39463243023991873,0.035913139093899815,-0.21961787252731071,-0.016205189944899022,frac_pore,-0.41602457584543345,noise_sigma_c2,0.5235504494871975,imaging
44,0.008614976805831677,54.86719512939453,0.503960353513661,0.5016064005548946,0.4960542115486491,0.00792070702732195,0.04740495732351498,0.014902959700040129,0.20097728758574113,0.014178754727673566,-0.7007603110971102,-0.08142625332699685,0.04664951052258978,0.014837026243204477,0.02821909738178626,0.020248421921005504,0.07281217163423342,0.0289524294440257,0.7892907629412127,0.04260043767594791,-0.1893032422173562,0.009511314995555836,0.19462744260936113,0.04211889244763891,0.14984226683138968,0.0042825126672302654,0.09946639624387661,0.032110679910319184,0.02688041025434418,0.025808689167108833,0.2037218450858747,0.004425044553669066,-0.16730800478106883,0.004773934598363092,frac_pore,-0.7007603110971102,p1_c1,0.7892907629412127,imaging
45,0.004638833664678595,33.63179016113281,,,,,,,,,,,,,,,,,,,,,,,,,,,,,,,,,,,,,rare
46,0.003976143141153081,29.846643447875977,,,,,,,,,,,,,,,,,,,,,,,,,,,,,,,,,,,,,rare
47,0.003976143141153081,35.09109115600586,,,,,,,,,,,,,,,,,,,,,,,,,,,,,,,,,,,,,rare
48,0.01126573889993373,55.440853118896484,0.49846007306757484,0.5034921751193361,0.49851580434398723,0.006984350238672166,-0.5710803290494375,-0.0712667116818409,0.6425911013920163,0.08551949891750459,-0.2329954306558253,-0.021176234867534095,-0.5715651618389611,-0.07132440710926784,-0.3368328768429226,-0.034863871151342034,-0.09568525546587603,-0.020639108152517283,-0.1112013214153782,-0.015884448782701385,0.01726471402872965,-0.011658782497194315,0.07260238133947895,0.00128707407837613,0.2699424808154236,0.02830470221673842,0.10283575476490477,0.00711805150231346,0.27087600812562485,0.0521135380708735,0.2500603737048626,0.009469475778506119,0.2258611863095,0.03429426187054839,frac_graphite,0.6425911013920163,sharpness_c0,0.27087600812562485,material
49,0.013253810470510271,71.38893127441406,0.49717532680811927,0.5039858964293111,0.4990517393607629,0.007971792858622262,-0.17044873209488948,-0.048693952176181735,-0.18313485418906186,-0.018722082804237407,0.9760704048366037,0.06317169923017475,-0.16607021553797166,-0.04831580957128932,0.0617607301309104,0.004316975737221997,-0.3434429421291492,-0.060251063436923984,-0.6033467769772896,-0.06812553007213132,-0.2514316165157877,-0.038127485158999545,0.007909978702150369,-0.010092582746234983,0.06232547364955057,0.004538538971465428,-0.06811481018597874,-0.020454754943632362,0.1347277079865803,0.04280157273610849,-0.07718918480322984,-0.002071947836746446,-0.02840017933557813,0.004273674502852071,frac_pore,0.9760704048366037,p1_c1,-0.6033467769772896,material
50,0.011928429423459244,66.20722961425781,0.4942344327156782,0.4976132789356814,0.5057796221084231,0.011559244216846176,-0.6514216126033731,-0.08190040297439294,0.8451165375842866,0.1097125482291472,-0.581268742143468,-0.06499228744680355,-0.651871292647129,-0.08194259930071052,-0.3368329067184635,-0.03714108944052332,0.22174773717400897,0.0412422677630142,0.7048259858792566,0.06846442773181377,-0.09980267682034383,0.03097728311191119,-0.15509326881869254,-0.035917180389127355,-0.22283860308596765,-0.034957922195251186,-0.18969690658372138,-0.041385106031042805,0.534386602152175,0.03800122819240734,0.03170713795447818,0.0011356913882812542,-0.11136489724050758,-0.014530557604011769,frac_graphite,0.8451165375842866,p1_c1,0.7048259858792566,material
51,0.01126573889993373,63.51121139526367,0.49657906305741817,0.4980239105617826,0.503839837541939,0.0076796750838779015,-0.05320318413255815,-0.016646627102248148,-0.12182401057492481,-0.011142274529242404,0.25781810079544626,0.029693173493908643,-0.05292922757224201,-0.016459469746211975,-0.08772786311326727,-0.016892885616020332,-0.311742562188286,-0.011346008788702962,-0.7724028216428035,-0.05306620286059478,-0.2600958906331296,-0.0261106813000752,-0.23327018788129822,-0.04063006229153208,-0.2083868222122772,-0.04008004880505341,-0.313413238866676,-0.04842830180360669,-0.32932675422248325,-0.024586587981072997,-0.3366662778786714,-0.04246714023232115,-0.40789795523802364,-0.05224776271118067,frac_pore,0.25781810079544626,p1_c1,-0.7724028216428035,imaging
52,0.005301524188204109,37.53429412841797,,,,,,,,,,,,,,,,,,,,,,,,,,,,,,,,,,,,,rare
53,0.009940357852882704,60.307735443115234,0.501210213290618,0.49890779212646974,0.4999549708634999,0.0024204265812359793,-0.22116930088716966,-0.0073796433459688525,0.33596065217235704,0.03566717263381108,-0.3241361466643255,-0.03284112981552347,-0.22180723482225428,-0.007502892796826921,-0.14191511523398773,-0.013870798642550664,0.7424985763957836,0.037382863161005336,0.06880666786094315,0.014128888914889559,0.841224107010916,0.06883027056963409,-0.5138922153950161,-0.03339629818481566,-0.4246407037354766,-0.026390617153609446,-0.40759578295333865,-0.02607882313147856,-0.37159825428081666,-0.02575999692554888,-0.20491678987500525,-0.0034604949665017963,0.004166209276884344,0.005294990509723677,frac_graphite,0.33596065217235704,p1_c2,0.841224107010916,imaging
54,0.00927766732935719,62.02911376953125,0.4997246069964981,0.4993810420650556,0.500646300547413,0.0012926010948259847,0.608951977711442,0.07112404242938927,-0.6788438689525046,-0.07001527193518521,0.36734953748563226,0.04064836762852155,0.6079508300372805,0.07101293465285496,1.0500441318245175,0.08312163132270058,-0.2400467908787225,-0.030694231477127267,-0.18263186440860069,-0.011680553054930258,-0.15678725955676617,-0.0278340573648613,-0.02512527256081757,-0.00724188212404102,-0.08159591383757131,-0.006676222459462818,-0.02535517251883328,-0.0032341675608862732,-0.7473200080172191,-0.07664636844427039,-0.09239816205192797,-0.0027220517733196753,-0.06149794948768373,-0.0020469699786957265,K04_agglom_frac,1.0500441318245175,sharpness_c0,-0.7473200080172191,material
55,0.00728959575878065,42.900054931640625,0.50101945942122,0.498834336029132,0.500142150803461,0.002331327941735961,-0.5210331132604287,-0.03786780771962245,0.5324954544493228,0.04090188211795995,-0.04484951870181539,0.01183307412198033,-0.5215398438571248,-0.037921269069753405,-0.33683289716151105,-0.028417121248368652,-0.2343543559952276,-0.028322545033370807,-0.017591785029577277,0.002161501933687036,-0.07825990501781664,0.0007341978530512844,0.10147377885353885,0.01129934807742089,0.15183639493898246,0.024228236648295872,0.15686347558386188,0.02054983057954187,-0.24098780292404362,0.0030464853749166275,0.17658736554412585,0.03929028124510811,0.42727680436218124,0.056401938012465076,frac_graphite,0.5324954544493228,sharpness_c2,0.42727680436218124,material
56,0.012591119946984758,78.67781066894531,0.503355246868352,0.5007646659313029,0.4970942963093766,0.00671049373670396,-0.35617407951135144,-0.04325500027985528,0.14111656858467672,0.011590820944858636,0.7283279746312883,0.056835584723777234,-0.35675294304379285,-0.04332347175860028,-0.3368329033932438,-0.0382310813155339,-0.4833402552787954,-0.052907916209094574,-0.3349317283724107,-0.021000555925159817,-0.43889402995230214,-0.04536801800566222,-0.09805775383267078,-0.018193493699871728,0.19987199703160663,0.018364437478238793,-0.18978323798414043,-0.02226016942696915,-0.33574183105942645,-0.011060896191481663,-0.1908092275014167,-0.0019563195866582495,-0.2856000694153248,-0.012444874581361032,frac_pore,0.7283279746312883,p1_c0,-0.4833402552787954,material
57,0.003976143141153081,29.172576904296875,,,,,,,,,,,,,,,,,,,,,,,,,,,,,,,,,,,,,rare
58,0.005964214711729622,44.57633590698242,,,,,,,,,,,,,,,,,,,,,,,,,,,,,,,,,,,,,rare
59,0.010603048376408217,56.12095642089844,0.49507071789144963,0.49850438569027056,0.5045417623167933,0.00985856421710074,-0.712336033921894,-0.10491188373065988,0.6091613827124109,0.07599812263615985,-0.055600173498138374,0.00981974712292525,-0.7126938014857327,-0.10484443946522523,-0.33683286557893033,-0.03367006446576788,0.13798477862898595,0.014534410360083603,-0.02851760032085547,-0.0037144381704225897,0.22295479737571908,0.029706817154942573,-0.5366561747429176,-0.07378775265664589,-0.4866305765152361,-0.05958483809477079,-0.37933192934446663,-0.053735145624069676,0.6647298196157178,0.05743135424325579,-0.5407221090521293,-0.06802991217738553,0.2462203561816682,0.011771768141018468,K01_si_frac_adm,-0.7126938014857327,sharpness_c0,0.6647298196157178,material
60,0.003976143141153081,33.22303771972656,,,,,,,,,,,,,,,,,,,,,,,,,,,,,,,,,,,,,rare
61,0.003976143141153081,28.164432525634766,,,,,,,,,,,,,,,,,,,,,,,,,,,,,,,,,,,,,rare
62,0.004638833664678595,32.306983947753906,,,,,,,,,,,,,,,,,,,,,,,,,,,,,,,,,,,,,rare
63,0.012591119946984758,74.20286560058594,0.5052691019156236,0.49537347006603827,0.49970951792336216,0.01053820383124715,0.41285028175151345,0.04625931457975457,-0.23775813269485765,-0.019379184214784698,-0.5570752547714646,-0.07333020941101792,0.41193493699439826,0.046163519328816224,0.0025089763966638524,-0.019580965533910963,-0.2862976938007403,0.011725672812537745,-0.003324127780505806,0.02723519656699205,-0.38681651291362285,-0.028277530338678473,0.36375479077816536,0.025097418725553395,0.20392965334038113,0.006909304591113222,0.3230499428007305,0.01502797301144691,0.04777457293524311,-0.004320772341788696,0.1824423074870577,0.0034042380258815707,-0.027157546233731848,-0.0026280969631154102,frac_pore,-0.5570752547714646,p1_c2,-0.38681651291362285,material
64,0.0026507620941020544,24.684101104736328,,,,,,,,,,,,,,,,,,,,,,,,,,,,,,,,,,,,,rare
65,0.012591119946984758,63.91619873046875,0.5033224018312371,0.5007526239481328,0.49712608158220023,0.006644803662474219,0.3726137725224768,0.08110910819958417,-0.22902634079030143,-0.0544373294374397,-0.27665069017068217,-0.02256401697225735,0.371716032916011,0.08102737245403759,-0.2162606225650067,-0.021208493000326335,-0.21984638571857623,-0.019929743538499207,0.2539134082597274,0.02046232642885619,-0.234936072931644,0.001738740149588509,0.35308239130320007,0.049724436872745414,0.32928573291906515,0.04139580237875024,0.30852019749142817,0.047458398587367445,-0.5709010616739786,-0.06561543776358406,0.3909168639226407,0.05035607084901782,0.24046410160565287,0.04016510108962427,frac_si,0.3726137725224768,sharpness_c0,-0.5709010616739786,imaging
66,0.005301524188204109,31.457632064819336,,,,,,,,,,,,,,,,,,,,,,,,,,,,,,,,,,,,,rare
67,0.0033134526176275677,23.751541137695312,,,,,,,,,,,,,,,,,,,,,,,,,,,,,,,,,,,,,rare
68,0.012591119946984758,56.12824249267578,0.5052109914653434,0.5062642396450986,0.4917649655659544,0.016470068868091214,-0.47151315205789945,-0.0712498589516092,0.7268127265769051,0.10969650374849292,-0.8222315013584902,-0.12025278295794499,-0.4720415497432868,-0.07131147234797086,-0.12639350292921264,-0.016989715109742818,0.03694858261603051,0.05518643719262208,0.5711565185369132,0.06689846167030891,0.1314444908773085,0.03982762628951518,0.6060223315524195,0.07553560267405768,0.4988066602970648,0.05697447172298714,0.5875346989885221,0.07018682580500014,1.5504104455469707,0.0916705015586369,0.8111621082272817,0.08726116971694378,1.6649041135704374,0.06923097993160611,frac_pore,-0.8222315013584902,sharpness_c2,1.6649041135704374,imaging
69,0.0066269052352551355,42.38893127441406,0.49573014517506403,0.4974591415511037,0.5048472541055977,0.00969450821119544,0.49712161369010066,0.06742597755924656,-0.19856107559739605,-0.03425022629740413,-0.7351454090586889,-0.07633361234609039,0.496169396472654,0.06733203927569499,0.3442216148183686,0.02815270646569299,0.22339487055605306,0.07384517342187433,1.2574698922831116,0.10142972753443873,-0.22058892932479893,0.05509002236261881,-0.5727267616267641,-0.04617976732069365,-0.41056002245920736,-0.04617715795913647,-0.7175914558636195,-0.06575392603573631,-0.9914334910214232,-0.10246041588071796,-0.24125917191931232,-0.03398230877054801,-0.999933268692432,-0.08614746136136839,frac_pore,-0.7351454090586889,p1_c1,1.2574698922831116,imaging
70,0.005301524188204109,36.78118133544922,,,,,,,,,,,,,,,,,,,,,,,,,,,,,,,,,,,,,rare
71,0.004638833664678595,35.32837677001953,,,,,,,,,,,,,,,,,,,,,,,,,,,,,,,,,,,,,rare
72,0.0033134526176275677,29.00062370300293,,,,,,,,,,,,,,,,,,,,,,,,,,,,,,,,,,,,,rare
73,0.0145791915175613,83.2012939453125,0.49821626183052975,0.5012884921992034,0.500301960091824,0.0035674763389405006,1.1588819563116388,0.1352150028959197,-1.0182598292379765,-0.12214280800808716,-0.18835564932515014,-0.0020782818630109704,1.1576401905505642,0.13508818324889732,1.4628181322036746,0.18541641126647887,0.6549783334614017,0.01866876029442428,0.020958189628387382,-0.009818835814455827,0.7762955289603349,0.026589799408039818,-0.14102069688318386,0.021371559239474827,-0.4186183909686856,-0.025480416653940827,-0.07694810649045115,0.019350276896785815,-0.5561429299603495,-0.07772067884587665,-0.08644099682545699,0.0021740030029456393,0.08909035083433815,0.02710210874472456,K04_agglom_frac,1.4628181322036746,p1_c2,0.7762955289603349,material
74,0.013916500994035786,71.73100280761719,0.49291936796042424,0.4981407177985328,0.5063120254282184,0.014161264079151525,-0.5647007623384775,-0.0696777707719925,0.5952176462802069,0.07637573585913048,-0.17550263593185086,-0.011847830319944866,-0.5651875396915003,-0.0697168674093383,-0.33683289458941634,-0.04032698302125703,0.3742174661615222,0.0575621255149885,0.2653980375718887,0.0447286282261321,0.25195732480411187,0.036086649153809,-0.6878216810219699,-0.08080371939016612,-0.6733356367883664,-0.08071613035572238,-0.7693853969648605,-0.08508187825275472,0.04465708489168523,0.0036245204812076523,-0.6754376684197224,-0.08214275991631738,-0.4754791590159817,-0.05431090623272686,frac_graphite,0.5952176462802069,noise_sigma_c2,-0.7693853969648605,imaging
75,0.01656726308813784,82.8049087524414,0.50074280314706,0.49453896063234865,0.5034849019954087,0.01092207873530271,-0.688775502310787,-0.12904072081545445,0.7708214434518589,0.12432945599575677,-0.25811956446652917,-0.0180670722672146,-0.6892088384066627,-0.12909439920231583,-0.3368328597432953,-0.03929228768412859,-0.022619055047174402,0.021432846005786422,0.7072818177883522,0.0804155377769412,-0.17759860096210622,0.0057464923419941055,-0.03475482384032037,-0.024547173742471496,0.04229089425172405,0.013997775237559795,0.006659251881356402,-0.01742872158782424,0.5413344236834411,0.0811873617433059,0.28438526091311017,0.03451494008445791,0.1746470779819895,0.0372124668516218,frac_graphite,0.7708214434518589,p1_c1,0.7072818177883522,material
76,0.009940357852882704,69.3573226928711,0.5050404499264777,0.49529278877879834,0.4999284831361469,0.01008089985295535,0.42179744363474475,0.03029735292694965,-0.9780377639069799,-0.07323453393636767,1.5354380344524907,0.10378928715803015,0.4208781840324013,0.030205281591000926,0.13928039481889168,-0.009421878834881069,-0.5417008380749574,-0.04278496999159545,-0.5479180696168793,-0.05637020541919651,-0.4886167747378211,-0.06304543978231554,0.04619512908372386,-0.010426218540230106,-0.0015049910718496345,-0.018159090343085965,-0.07071024575774643,-0.018486066565499212,-0.11971001407347781,-0.006785833799298463,-0.21031086521131298,-0.028324376239239724,-0.749116731651064,-0.09097152052539785,frac_pore,1.5354380344524907,sharpness_c2,-0.749116731651064,material
77,0.013253810470510271,71.2947998046875,0.5048383266211552,0.49669567981811785,0.4990411442698217,0.009676653242310485,0.32619583172753885,0.044632651710300994,-0.8148847965734823,-0.10067430739658478,1.2269973929059173,0.11628886881345513,0.32929843445835205,0.04523277811834044,0.21757149195051273,0.018090818991995057,-0.4440738751895411,-0.06295899543976359,-0.6735147417046405,-0.09351505873437745,-0.3724605905306955,-0.05313046020710721,0.14034984067327885,0.0018442663002036113,0.0955321050825815,0.0037054579709383433,0.09652160603507565,-0.0010131070332110366,-0.36193628674132294,-0.028126145335305615,-0.2554585525856884,-0.024821483740922384,-0.27009311078670095,-0.05282144688879101,frac_pore,1.2269973929059173,p1_c1,-0.6735147417046405,material
78,0.010603048376408217,62.95820999145508,0.5046362033158329,0.5020808546917974,0.49523397492495147,0.00953205015009706,0.6499898874263765,0.06256815052437735,-0.5810206185208886,-0.059457782809877124,-0.07656298370174636,0.009854777293293038,0.6489707837654921,0.06250895477384832,0.08371017174580389,0.004818220342226186,-0.5479758167928982,-0.05792326790077692,-0.20643723801940123,-0.03186907159258548,-0.4622764098505542,-0.04455262817482342,0.7509717472355626,0.07829557045490465,0.6551474380831255,0.06351624782056964,0.7718842371745724,0.07920460258450115,-0.18498310466607495,-0.007254186390478435,0.7398334825942159,0.06574711496218295,0.26393969915692617,0.04138441031309913,frac_si,0.6499898874263765,noise_sigma_c2,0.7718842371745724,imaging
79,0.013916500994035786,73.23246002197266,0.4967445515136509,0.5017316371798639,0.5010056507151686,0.0065108969726982435,0.1472216775010151,-0.0019145479513599732,-0.1053697225545955,0.00983961562487808,0.0019511358599748924,-0.00534103059452771,0.1466651393872725,-0.0016528539893425399,0.3749170133944753,0.014045050520212599,0.039815541435686184,-0.02245440688321604,-0.010915671491572082,-0.00047115016282015616,0.13667370850971736,-0.012028891406908574,0.057343694526524866,0.0041086435691842895,0.023353706752699162,0.01467291562403525,0.12291586808612702,0.012659255843045215,-0.36157334547174247,-0.02545351813780939,0.10189829200848262,0.01160195773887695,0.15263770787398487,0.026168300192457868,K04_agglom_frac,0.3749170133944753,sharpness_c0,-0.36157334547174247,mixed
80,0.013916500994035786,74.94950103759766,0.5005520492776618,0.5053490489241692,0.49569221260815816,0.010698097848338417,-0.09459973294466316,0.01706016374395202,0.3314922834971801,0.03492442795075579,-0.7755336026269194,-0.10896102578670282,-0.09529304647822885,0.01694354450360123,-0.13853835470846104,-0.022468877164621773,0.36956332694329247,0.045058626189626104,0.6774968888506663,0.07485031873486338,0.20598643016091753,0.03837780544911844,-0.051996206186907534,0.013019103813274011,-0.1569574992104986,0.004159124687842365,-0.002442447635170982,0.02274247705723053,-0.12124506540752673,0.0022176582472061258,0.2054417413800403,0.04302947694239175,0.0286526463814126,0.020760580969081812,frac_pore,-0.7755336026269194,p1_c1,0.6774968888506663,material
81,0.010603048376408217,61.4253044128418,0.4969807831267465,0.5021097554514057,0.5005633056683736,0.006038433746507033,1.0321301533733394,0.09364196530646837,-1.1979391102427717,-0.1104748906408748,0.8479971226450385,0.09838964995261049,1.0309438469816423,0.09355282717747894,0.14478944412188502,0.044243997521875494,-0.154240738183141,-0.01719260020626408,-0.6212480655818946,-0.06758809244065593,-0.018065901413314545,0.005066097273343638,0.009286365479349468,-0.010965474032266834,0.03532086024098441,-0.011272428396262954,-0.020919865547832026,-0.009252883976401206,-0.6745577088980876,-0.07751270188898345,-0.1727175528742426,-0.023392273702256862,0.013138926384860292,0.005934162503214938,frac_graphite,-1.1979391102427717,sharpness_c0,-0.6745577088980876,material
82,0.0066269052352551355,41.8001708984375,0.5014552877983214,0.4974591415511037,0.5008458414268057,0.005081716897792576,0.2158964347291467,0.03692530548786681,-0.2886057483245026,-0.02742019080560158,0.21873587825908936,0.016155082263535507,0.21506726566248927,0.036793966000890424,-0.3368329056067523,-0.028417121248368652,0.23857045679482858,0.014120634647982756,-0.1568649681280627,0.0038204035716467547,0.3388580670692613,0.024862168919549517,-0.09733040575927218,-0.0028625745052914364,-0.2077438405402644,-0.005894009365738131,-0.04196246749697056,0.009277677745213814,-0.2643693834633372,-0.02463810575908966,-0.281067376062837,-0.009514952023175283,-0.07349969251894775,0.003130067205764245,K04_agglom_frac,-0.3368329056067523,p1_c2,0.3388580670692613,mixed
83,0.005301524188204109,39.2041015625,,,,,,,,,,,,,,,,,,,,,,,,,,,,,,,,,,,,,rare
84,0.005301524188204109,43.734825134277344,,,,,,,,,,,,,,,,,,,,,,,,,,,,,,,,,,,,,rare
85,0.007952286282306162,52.58340072631836,0.5006013168333341,0.4984056414282756,0.5007487197598446,0.003188717143448816,0.7472836536098911,0.08143107303964844,-0.659580515085463,-0.07500344176706812,-0.10930252480313686,-0.004527793492461235,0.7462219797928984,0.08136285586668497,0.7286123680724762,0.0667106179746458,-0.043981910970723515,-0.001598690856369131,-0.32936381449585783,-0.015035712645153528,-0.010045490516213618,-0.017375122267213793,-0.007214604597984314,0.01693248940485637,-0.13833794675494526,-0.014327852484764952,-0.05317935246039135,0.005552188121282688,-0.7242310983929596,-0.0753149787624828,-0.2873593142464798,-0.01974465460387526,-0.038682914321245494,-0.002905078511403161,frac_si,0.7472836536098911,sharpness_c0,-0.7242310983929596,material
86,0.01126573889993373,74.4052505493164,0.5041788993375409,0.49622604247448315,0.4998463711813526,0.008357798675081796,0.7982268729655447,0.06446134681629462,-0.9300811354601737,-0.08197250843598917,0.2718648451762913,0.023430396522586605,0.798050107534201,0.06460585314581142,0.793617228614088,0.08716894240261973,-0.22283343870340583,-0.03924118417648356,-0.5042682477951795,-0.04686751014689679,-0.18260551806984904,-0.05156634174411277,0.20135804068084182,0.03453367311509265,0.2742863147657881,0.03355339955010537,0.12504457911931502,0.02298234944632275,-0.3473967067971236,-0.0287989033582281,0.0399403016029679,0.011382453910752013,-0.11320998772354994,-0.016400040713786465,frac_graphite,-0.9300811354601737,p1_c1,-0.5042682477951795,material
87,0.0,0.0,,,,,,,,,,,,,,,,,,,,,,,,,,,,,,,,,,,,,rare
88,0.007952286282306162,48.69282150268555,0.502473483948883,0.5020423203456531,0.49677379480840544,0.006452410383189111,-0.45567018970484274,-0.05271592130806417,0.4999614768551578,0.05876954893063953,-0.1645378181708147,-0.018910278473418987,-0.4562055194389417,-0.05275019990844821,-0.33683289074451317,-0.029814417850313527,-0.5100080600593666,-0.03954155666665169,-0.24051404246224095,-0.013370411988812045,-0.48006136056785265,-0.04345245844236598,0.2651860561507413,0.02993136166770747,0.5695134001669381,0.06552269355371415,0.31708491008127687,0.03838306664271622,0.32218055941665535,0.03958283541984814,0.2911268688528324,0.040181584781568254,0.26780158263275594,0.051440143070873204,frac_graphite,0.4999614768551578,noise_sigma_c1,0.5695134001669381,imaging
89,0.019218025182239893,88.42947387695312,0.5010699902475506,0.5036619670820349,0.49656719053505205,0.007323934164069845,-0.4588233091235342,-0.08265787519610104,0.512392880186885,0.11149718632179793,-0.3914314809495123,-0.049286321065183374,-0.4593572592499032,-0.0827078029476039,-0.3368329062341524,-0.04871169672373329,-0.1462687581497915,-0.011364144066452699,-0.17844071048357166,-0.011970498636860142,-0.13825837945861866,-0.0025525789655407834,0.11644411704131277,0.009465534375842044,0.101589526308962,0.017381496929184073,0.1796076842096766,0.017921529708490917,0.34416276116065414,0.059734202972526296,-0.07851816981770805,-0.0015554092440663637,0.15787866130653033,0.04195835956496168,frac_graphite,0.512392880186885,sharpness_c0,0.34416276116065414,material
90,0.004638833664678595,34.84792709350586,,,,,,,,,,,,,,,,,,,,,,,,,,,,,,,,,,,,,rare
91,0.015241882041086813,85.80181121826172,0.5035510538203831,0.502717875601497,0.49552533992583436,0.008949320148331275,-0.0820380146531747,0.012561690122997843,0.289298429868677,0.030109421604514623,-0.5738504443758564,-0.07434768815940464,-0.08273682458341144,0.012437633523902617,0.05439273062560754,0.012828445500464528,0.18000135016916038,0.008507129374975725,0.19177797688057355,0.03247068587890145,0.15355868726705227,0.014314849019312913,0.16129460335212384,0.021871750811393004,0.1460576404701168,0.012071621360557071,0.15896271310651539,0.023138696437413318,-0.08174482346342908,-0.005027915387825597,0.16230542659253272,0.010440933868052817,0.23268241202201612,0.03594672943991144,frac_pore,-0.5738504443758564,sharpness_c2,0.23268241202201612,material
92,0.02584493041749503,123.574951171875,0.506076331866255,0.4956323727041959,0.498955500618047,0.012152663732510005,0.7352868198116409,0.12983205065585654,-1.0963627797240363,-0.17148736484984423,0.8447979310161511,0.1154519296194334,0.7471236418880214,0.13037370644690963,0.33312866432487753,0.037735706602018866,-0.11976473434262186,-0.07052130781430074,-0.5069991850471471,-0.09795464285658627,-0.06012743663385493,-0.06340227642449996,-0.0959527118985759,0.01819845845854837,-0.14201956314991135,-0.006397314405254342,-0.1348408135553606,0.015177428183216672,-0.5409562479431509,-0.08029129805543639,-0.24005020299068477,-0.014817701858793914,-0.3531417153053034,-0.05347630017433891,frac_graphite,-1.0963627797240363,sharpness_c0,-0.5409562479431509,material
93,0.004638833664678595,44.41468811035156,,,,,,,,,,,,,,,,,,,,,,,,,,,,,,,,,,,,,rare
94,0.005964214711729622,43.682464599609375,,,,,,,,,,,,,,,,,,,,,,,,,,,,,,,,,,,,,rare
95,0.012591119946984758,58.274742126464844,0.49569477359663267,0.5044543295746289,0.49974306904467597,0.008908659149257758,-0.5331683849800994,-0.07354191679446825,0.7081888900941149,0.1054894525447892,-0.5481682727049381,-0.06344748206472352,-0.533669805938556,-0.07361009886455964,-0.33683290811635513,-0.03929228768412859,0.08326381504780907,0.04425671998612088,0.6059653941060732,0.0784508307889236,-0.011624307141176177,0.008582801160077898,-0.05551038451654833,-0.007181284880805676,-0.0803680283532621,-0.010549601829144292,-0.1529236463956361,-0.017485822360146785,0.4401218677356801,0.0445370742938896,0.04055014280616718,-0.001609748606532062,-0.18449182423422242,-0.008681941196652727,frac_graphite,0.7081888900941149,p1_c1,0.6059653941060732,material
96,0.005964214711729622,38.07640075683594,,,,,,,,,,,,,,,,,,,,,,,,,,,,,,,,,,,,,rare
97,0.00728959575878065,46.06532287597656,0.4972144881985255,0.49701238397549213,0.5041373830125375,0.008274766025075042,0.13150470681619855,-0.005435527843884551,-0.12962920271012845,0.004786175629135533,0.10125994919899062,0.01454928379419998,0.13071246284108273,-0.005471390021100111,0.7642726085507417,0.052424677001430456,0.09242379057426647,0.025809224182161965,0.13626732202463132,0.0171774921937749,0.043355024239399326,-0.0011653519936050789,-0.3777067931144678,-0.022537722598474204,-0.4327194229605615,-0.025367891078416104,-0.395579882283161,-0.025854909211892846,-0.1684017105428117,-0.0024367142586791575,-0.3086022228628277,-0.01632225956889278,0.017506073891978207,0.014727821810577633,K04_agglom_frac,0.7642726085507417,noise_sigma_c1,-0.4327194229605615,material
98,0.005301524188204109,37.61909484863281,,,,,,,,,,,,,,,,,,,,,,,,,,,,,,,,,,,,,rare
99,0.02054340622929092,109.14347839355469,0.49437339248808737,0.5064075392448231,0.49923450467949854,0.012815078489646137,-0.07053188296328064,0.017776511964925405,0.05517790271143045,-0.004120773202502199,-0.01789858509485432,0.0063754524022223025,-0.07123572729935268,0.01767955369382134,-0.33683290199920296,-0.050398343901328996,-0.0394940930125638,-0.01147037142338346,0.2114258314179956,0.01756813320901688,-0.0002896672797518955,-0.021886010491976735,-0.00781235860324831,-0.0034878005969552713,0.006658513595227605,-0.0037312307147047094,-0.016163830293967715,-0.00498119968435247,-0.2852440198500456,-0.03151923311634638,0.04671989388003878,-0.024641482962951863,-0.3468936203282209,-0.0447946742157496,K04_agglom_frac,-0.33683290199920296,sharpness_c2,-0.3468936203282209,mixed
100,0.008614976805831677,47.01056671142578,0.509717077903375,0.5015991753649925,0.4920360233092001,0.019434155806749898,0.41243158123083756,0.028072319954280466,-0.13487820947343954,0.00483063788162521,-0.9491037555470556,-0.11121820140284577,0.41151641958290897,0.027973572478710372,0.41065050787593455,0.014891055228293669,-0.29571156938280113,0.0001171985564923714,0.13316247798139771,0.023263232607826152,-0.40339369734435687,-0.028921083266756735,1.104036141293093,0.12597818133280766,0.8008745612094174,0.07723775218251484,1.2480673868407097,0.13181380710998808,0.8167400605317893,0.08674499771897025,1.0265588547826603,0.09147139259889615,0.4690500959420693,0.043048742250146606,frac_pore,-0.9491037555470556,noise_sigma_c2,1.2480673868407097,imaging
101,0.003976143141153081,32.73033142089844,,,,,,,,,,,,,,,,,,,,,,,,,,,,,,,,,,,,,rare
102,0.003976143141153081,29.315574645996094,,,,,,,,,,,,,,,,,,,,,,,,,,,,,,,,,,,,,rare
103,0.011928429423459244,67.9900894165039,0.5037519138550474,0.4975916033659752,0.4991435634822532,0.007503827710094724,-0.3295494357119802,-0.016496758116555606,0.3928532513431325,0.036503377625146265,-0.1344968079653694,-0.014563071447331717,-0.33013994869444835,-0.01656673895622599,-0.3368328924313495,-0.0382310813155339,-0.03656532540549508,-0.011847724576864246,-0.06785800603910518,-0.002082380427397699,0.00524726697977173,-0.006498365664651974,0.017161821069833896,0.016892367066506146,0.1261656316129135,0.03243916146424956,0.03065132362388172,0.02176792281251,-0.07618508967402507,-0.003841285619407314,-0.0031281003115494342,0.015628603713490615,0.15231087632929868,0.03739992518708638,frac_graphite,0.3928532513431325,sharpness_c2,0.15231087632929868,mixed
104,0.004638833664678595,44.087162017822266,,,,,,,,,,,,,,,,,,,,,,,,,,,,,,,,,,,,,rare
105,0.003976143141153081,30.472503662109375,,,,,,,,,,,,,,,,,,,,,,,,,,,,,,,,,,,,,rare
106,0.00927766732935719,50.66605758666992,0.49402220324508966,0.4993545497020813,0.5046512449231856,0.011955593509820672,-0.5626878441903502,-0.07035141038189868,0.690701002988563,0.08391724701215075,-0.39719597950798835,-0.03481315680076644,-0.5631734741135362,-0.07043088693119953,-0.336832891490249,-0.03367006446576788,0.35446751102835494,0.03356176997021285,0.5396891668873971,0.04591237185528525,0.26541181684274306,0.023894998034792565,-0.5618528659226218,-0.047252507985349766,-0.5960553895718493,-0.05170516659839882,-0.6081938361773525,-0.057035999411522764,0.20982462060814067,0.04469033068176341,-0.4898453591552827,-0.04590007305161243,-0.3632495445556774,-0.03581628585379685,frac_graphite,0.690701002988563,noise_sigma_c2,-0.6081938361773525,material
107,0.0066269052352551355,41.11639404296875,0.5014451816330553,0.5010934120718473,0.49818823944905527,0.0036235211018894598,-0.6294744068373737,-0.07797386017163177,0.4181122330345317,0.034909415439771066,0.23156475720953748,0.027664627216344738,-0.6298660705001173,-0.07790845121144706,-0.33683289870535066,-0.028417121248368652,-0.48400811661407356,-0.0376066819618962,-0.29337431449178486,-0.017662823792314188,-0.3955661159723356,-0.017498974592500417,0.1387016395702539,-0.001738901376264317,0.2571863394913129,0.01718551154153046,0.007452732407192006,-0.014552756113160953,0.41057683781598053,0.04915672945613085,-0.13429567808963555,-0.009905579837929824,0.012809175725639659,-0.005797116570412222,K01_si_frac_adm,-0.6298660705001173,p1_c0,-0.48400811661407356,material
108,0.0033134526176275677,24.059602737426758,,,,,,,,,,,,,,,,,,,,,,,,,,,,,,,,,,,,,rare
109,0.005301524188204109,42.4537353515625,,,,,,,,,,,,,,,,,,,,,,,,,,,,,,,,,,,,,rare
110,0.00927766732935719,53.79978942871094,0.49592721539775336,0.5011367632112598,0.5020130672788276,0.008145569204493275,-0.10595029390613077,-0.004294730048423529,-0.02663964204410074,0.0031439045047557683,0.45303402711106855,0.020571114496672798,-0.1066386410935165,-0.0043423866337041865,-0.11431847967879738,-0.0073698897833073965,-0.3222021277990176,0.005498564379542254,-0.09982665908618406,0.014238570817645452,-0.38553591960309025,-0.019561753433612245,-0.4524906330782295,-0.03217797355940673,-0.043456287549649045,-0.0073400739214285375,-0.6231331472426133,-0.04898443975196579,-0.4107023676945223,-0.036259421320915884,-0.4024616910440438,-0.03323011269340755,-0.6388905843169864,-0.042355409926370144,frac_pore,0.45303402711106855,sharpness_c2,-0.6388905843169864,imaging
111,0.0,0.0,,,,,,,,,,,,,,,,,,,,,,,,,,,,,,,,,,,,,rare
112,0.005964214711729622,45.48247528076172,,,,,,,,,,,,,,,,,,,,,,,,,,,,,,,,,,,,,rare
113,0.011928429423459244,80.93013000488281,0.5037165422766159,0.506688117452687,0.4924986756136323,0.015002648772735383,-0.1410137546442364,0.0023758119779709957,0.15963719197892412,0.006362535426333021,-0.17210856493687116,-0.02178972249490187,-0.1416867601001249,0.0023057939440238907,-0.3368328667828067,-0.036019696756253675,-0.4007978959590884,-0.03828005895572709,-0.016311628429849567,-0.003874611654458292,-0.3676803794655599,-0.03481242513149886,0.42234020580856224,0.06591068021978365,0.4327277243307858,0.05987480664927201,0.3713101508873228,0.05404366996586543,-0.04700540554542738,0.01868732440300296,0.3761144022761648,0.050233696601051536,-0.07254433314868665,0.006476659426679449,K04_agglom_frac,-0.3368328667828067,noise_sigma_c1,0.4327277243307858,mixed
114,0.0066269052352551355,49.983551025390625,0.49573014517506403,0.5047132322127866,0.49952851845311674,0.009426464425573267,1.2559717175912595,0.09863275106962155,-1.1324399681040538,-0.09206425272389034,-0.16778483795571422,0.001867951422585894,1.2546874708323696,0.0985766116092619,1.02771841580256,0.08020258132626995,0.43961722657267444,0.003655146979758267,0.001735596907768762,0.007059435146768581,0.5646119741872799,0.022749681816472935,-0.20353523981978425,-0.003226338736945437,-0.2175599825749819,0.01112045495593385,-0.1711641219751793,0.00304815936955132,-0.7854184834104805,-0.08218062211040947,0.035840060871670354,0.02396708773924093,0.3066929356706569,0.04357581378834375,frac_si,1.2559717175912595,sharpness_c0,-0.7854184834104805,material
115,0.005964214711729622,37.652099609375,,,,,,,,,,,,,,,,,,,,,,,,,,,,,,,,,,,,,rare
116,0.012591119946984758,70.44336700439453,0.49757831014810583,0.504461554764531,0.49842133144976164,0.008923109529062057,-0.7329675288284383,-0.10555149104735814,0.9153468833016533,0.14304549571158967,-0.6244344927300378,-0.09413854176274476,-0.7333806902261152,-0.10559281965602903,-0.3368328955623321,-0.0382310813155339,0.2758118413824435,0.04756449182761346,0.7460468172636723,0.0936128793879497,0.372961395954347,0.06264477800343832,-0.0558590606434813,-0.0056415972800512755,0.000982681439236787,0.0012869471950887432,0.04630200872283236,0.007415978850903256,1.1440093704408125,0.10628546814276033,0.1288303288551485,0.0071731205837330175,0.5332233350462395,0.05882916713619714,frac_graphite,0.9153468833016533,sharpness_c0,1.1440093704408125,imaging
117,0.010603048376408217,64.90525817871094,0.49887821565546053,0.500298641182619,0.5005650715168638,0.002243568689078934,-0.7226116509566325,-0.10454659164267993,0.8548969252992709,0.1199459386672473,-0.49182166854964354,-0.062011433194430726,-0.7230301822999776,-0.10457627774883003,-0.3368329018121671,-0.03367006446576788,0.5049871233334592,0.06347347714748923,1.0492127885109928,0.10812906339419943,0.4262851421815856,0.04613795461066231,-0.2644910756703462,-0.023734228729922986,-0.2900042246351678,-0.01961657545564339,-0.24719200455087081,-0.0170335956429569,0.8490146352855282,0.10302751400087422,0.2607093159257602,0.013777276873818373,-0.06553287812628851,-0.010521922689064182,frac_graphite,0.8548969252992709,p1_c1,1.0492127885109928,imaging
118,0.0033134526176275677,23.51006507873535,,,,,,,,,,,,,,,,,,,,,,,,,,,,,,,,,,,,,rare
119,0.005301524188204109,39.860172271728516,,,,,,,,,,,,,,,,,,,,,,,,,,,,,,,,,,,,,rare
120,0.00927766732935719,56.9019889831543,0.5092951455035144,0.4993497329088133,0.49398022249690976,0.018590291007028803,2.2043376779791934,0.13423957886506468,-1.8586289443780784,-0.12536507436466854,-0.7168494950590485,-0.061020343460478646,2.20263848031117,0.1341918798546007,1.5635488823146062,0.14750198007034768,-0.2702878027085142,-0.02105342874021862,-0.16891701810012327,-0.022879763391036267,-0.39579284812665566,-0.03244026920170913,1.3779095901569118,0.13928870146060737,0.7620257585502095,0.07714041895889052,1.385708951597893,0.13821523716320322,0.16468168255078466,0.0243964045284344,0.7974568733649248,0.08732092581943118,0.558334084142266,0.06984211178026956,frac_si,2.2043376779791934,noise_sigma_c2,1.385708951597893,material
121,0.00927766732935719,42.55228805541992,0.5016473049383776,0.5029912286194589,0.4966554829595621,0.006689034080875844,-0.0359439597264552,0.0273943619574385,0.11831730092431433,-0.007740738655029754,-0.14312602256762433,0.003870217572109142,-0.03666293770998206,0.027315200619424704,-0.3368328752562702,-0.03367006446576788,0.02304420870533151,-0.019981923995914568,0.09889476659259769,-0.0041472497941541535,0.030757872078641734,0.01823405207086305,-0.022734015009377568,0.005469150978747598,-0.03620567048443639,0.002600389836188849,-0.15155430741188072,0.0034509928974150246,-0.64291720146735,-0.050680998115022136,-0.14142075606443316,-0.01464588901907382,-0.3076000762205632,0.014626372635727684,K04_agglom_frac,-0.3368328752562702,sharpness_c0,-0.64291720146735,imaging
122,0.010603048376408217,67.68975830078125,0.4988933749033597,0.5021121638480397,0.4992247925128024,0.0042243276960793885,-0.22000239532731192,-0.007038290306283059,-0.017743209747054775,-0.012956150703537537,0.635376865394088,0.06731349899204814,-0.22064083986119631,-0.007142251675622977,-0.1489135126959541,-0.012714083977162047,-0.17751711780358564,-0.019860271049388954,-0.283944716115753,-0.021757407703967967,-0.12703734858250337,-0.03164267482898379,-0.10259857691304479,-0.015047693577311089,-0.035117946710782055,-0.0048668203538557945,-0.1439768478654148,-0.020977879617477265,0.12482012380403944,-0.01644626217987539,-0.19545487166659536,-0.009220816466970993,-0.11306514584088295,0.002709300996243065,frac_pore,0.635376865394088,p1_c1,-0.283944716115753,material
123,0.0,0.0,,,,,,,,,,,,,,,,,,,,,,,,,,,,,,,,,,,,,rare
124,0.011928429423459244,63.61750793457031,0.4923142613151153,0.5012379158698888,0.5044640649832244,0.015371477369769404,-0.42050634460694214,-0.03933427083623223,0.4508226138300176,0.043143043238472276,-0.2224169903619052,-0.007571838098497416,-0.42105706003744175,-0.03940456734724198,-0.33683289780474956,-0.036019696756253675,0.8366052720079055,0.05214514457526643,0.2635389809230428,0.04336592074549822,0.8667902118534011,0.06560449197400206,-0.7424744662893774,-0.07684521296966478,-0.8405007026217384,-0.06900084310977367,-0.5866622840321765,-0.05878300070440964,-0.014157949861563577,0.0013889752128038255,-0.549215551669203,-0.038272452490202294,-0.12162564132155877,-0.015982435904779956,frac_graphite,0.4508226138300176,p1_c2,0.8667902118534011,imaging
125,0.008614976805831677,54.29816818237305,0.5001680149975493,0.5034090854354621,0.4973830125375243,0.006818170870924289,-0.6394273375190287,-0.06887128409702505,0.3077802267930734,0.04306721349583155,0.9313832477256274,0.04509245980339397,-0.639882265586929,-0.0688876145464141,-0.3368328974505515,-0.03243408064992298,-0.5669374331262477,-0.056272781181716594,-0.4598556217284494,-0.032817848770176135,-0.4450424080088785,-0.0337865673171127,0.1517384015870022,0.011239619939470147,0.3596648037338843,0.039998793324590914,0.11973333278249575,0.007961506536264708,0.4194842025530301,0.05868437892467022,0.11222112378513728,0.02408419078967395,-0.22909737191533977,-0.006730459091254372,frac_pore,0.9313832477256274,p1_c0,-0.5669374331262477,material
126,0.009940357852882704,61.895877838134766,0.49737745011344175,0.4971099240391702,0.5039519689210666,0.00790393784213328,-0.29043723240767105,-0.031290055868687446,0.42387415604531425,0.05378298885833024,-0.36895506488251106,-0.025360784668669326,-0.2910448585647413,-0.031336182876534294,-0.047071731838174556,-0.011294931288346645,0.7980938652210344,0.07499918951126334,0.1856935229122583,0.017586925198943976,0.7180880958239744,0.06631600369412434,-0.5619883509258139,-0.04906386143259146,-0.7398078163318562,-0.0579500926416382,-0.5026577845308616,-0.038223231796034006,-0.04749054043772348,0.012475104221174416,-0.5912518180446985,-0.05804328940120283,-0.15195699609710467,0.0029500722384009524,frac_graphite,0.42387415604531425,p1_c0,0.7980938652210344,imaging
127,0.01126573889993373,72.92700958251953,0.5060674889716471,0.5034969919126041,0.49319530284301605,0.013609394313967904,-0.579237141317982,-0.0848696228930219,0.3623947456313032,0.03480745000381316,0.6502515758538783,0.07646828989396993,-0.5797184051611658,-0.08492720365776976,-0.3368328696203577,-0.034863871151342034,-0.5601019832237912,-0.07120445644689939,-0.7319353772817558,-0.08675232255033546,-0.4864161570221801,-0.06721458527127201,0.2962805062924916,0.02881475969586147,0.44373258520061015,0.0488814198125913,0.2386647989399195,0.020547927881514296,0.5535389469255847,0.07450820099606763,0.01681670076771208,0.010634618633617827,0.16446498959081574,0.040371470634766746,frac_pore,0.6502515758538783,p1_c1,-0.7319353772817558,imaging
128,0.010603048376408217,52.58683395385742,0.4950681913501331,0.5057825603182937,0.4992071340279004,0.011565120636587434,-0.6056791591460104,-0.06314655263059547,0.8310931162224859,0.10723950706680048,-0.6862421299266966,-0.07919825448061892,-0.6061488535238984,-0.06318385729947115,-0.33683291062595344,-0.036019696756253675,0.4901815111118067,0.057528545197614266,0.4145815034508778,0.0561338147140708,0.3498633842552242,0.055872014203588206,-0.027964187085856893,-0.018586005641489593,-0.1835112900205265,-0.035590860590645396,0.07576905937171977,-0.006225211077141072,0.6983223767134368,0.0486367069056001,-0.11683179307161756,-0.01466745046278961,0.8429747150466934,0.07625667522281118,frac_graphite,0.8310931162224859,sharpness_c2,0.8429747150466934,imaging
129,0.009940357852882704,60.10614776611328,0.5050379233851611,0.5007369693700117,0.49593854847254104,0.010075846770322139,0.6125330752985517,0.0556701283439457,-0.7114942936831344,-0.04536073888664263,-0.11489556138973714,-0.03618938506903637,0.6115303606589085,0.05557809759109744,0.1744737405317553,0.00579857653995851,-0.2731499588651521,-0.016044736790920746,-0.3193514024481811,-0.0015425097277473984,-0.24578519287535522,-0.02046771812115732,0.5770264323800216,0.05664577502814807,0.22647349343043147,0.02552702026981025,0.5933770005525433,0.05397777257512193,0.12806814641113587,0.010253421922290949,0.15176766483639673,0.032671464956501216,-0.2692653761210229,-0.01607634448480524,frac_graphite,-0.7114942936831344,noise_sigma_c2,0.5933770005525433,material
130,0.0066269052352551355,43.45823669433594,0.4995477491043411,0.5047300909892248,0.4968479604449938,0.009460181978449667,-0.537306729534995,-0.03981057220270813,0.2929067441951019,0.006006546077447423,0.7334958598484574,0.06665742666265832,-0.5378063397429809,-0.039829285165763464,-0.3368328867847479,-0.028417121248368652,-0.619038589789673,-0.05877009217941605,-0.46950999884872274,-0.04001030838773957,-0.4160473384170254,-0.03041499919366702,0.5234601888469417,0.032561868868729964,0.6970251370947481,0.05384187756805292,0.29992700898414426,0.006800065102486688,0.4340381059621866,0.03845436231465278,0.3997255237968927,0.03368770397737319,-0.23912242019852734,-0.013598216702731751,frac_pore,0.7334958598484574,noise_sigma_c1,0.6970251370947481,material
131,0.0,0.0,,,,,,,,,,,,,,,,,,,,,,,,,,,,,,,,,,,,,rare
132,0.003976143141153081,32.52764892578125,,,,,,,,,,,,,,,,,,,,,,,,,,,,,,,,,,,,,rare
133,0.005964214711729622,38.301177978515625,,,,,,,,,,,,,,,,,,,,,,,,,,,,,,,,,,,,,rare
134,0.007952286282306162,47.59812927246094,0.5063466717871238,0.5038293506480995,0.4927564894932015,0.014487021013597001,-0.3395933132585379,-0.036846749551808514,-0.161721192794114,-0.008994134951125419,1.3659438286228074,0.07523908728273632,-0.34017943159053193,-0.036863956927980314,-0.3368328874890355,-0.029814417850313527,-0.46183247853735354,-0.06530286214435022,-0.9266053873392353,-0.09233801011698374,-0.31743195668797797,-0.048060068294289646,0.497386873532352,0.03710747810467964,0.4383976609728321,0.043753786671885224,0.4915149410395069,0.040891339768812,0.8085105506941936,0.08552629318220047,0.05807721332013038,0.01543745472926295,0.07815939441209009,0.008352390152129779,frac_pore,1.3659438286228074,p1_c1,-0.9266053873392353,material
135,0.0013253810470510272,18.168352127075195,,,,,,,,,,,,,,,,,,,,,,,,,,,,,,,,,,,,,rare
136,0.0033134526176275677,27.79232406616211,,,,,,,,,,,,,,,,,,,,,,,,,,,,,,,,,,,,,rare
137,0.0066269052352551355,43.074684143066406,0.5014527612570049,0.4992606222333544,0.49952675260462653,0.002905522514009773,-0.45236929704811774,-0.031380981481633104,-0.18701977336700237,-0.03561179506428508,1.6493645264761925,0.0864075953660803,-0.44286775773219533,-0.030182823211664524,-0.33683290466876975,-0.026949546314957697,-0.616472764363214,-0.05957248812011575,-0.8226964588113065,-0.07105762078048826,-0.49384956695271925,-0.047563641921178304,0.0735720282769567,-0.006555658685530044,0.23889302142788746,0.021393402373577165,-0.012095411618586174,-0.005134473229205415,-0.0685398140890238,0.0007966381994774673,-0.09727764769007628,0.0014565976674103089,-0.27551623053192087,-0.016823114097509504,frac_pore,1.6493645264761925,p1_c1,-0.8226964588113065,material
138,0.01126573889993373,57.29285430908203,0.5022776769968519,0.5035114422924082,0.49583348048737425,0.00833303902525151,-0.1602082348329691,-0.01544823952249956,0.025876330987026522,-0.014296405738082182,0.5643156189351392,0.0579167912157923,-0.16087284191146478,-0.015592363890240697,-0.2240222275662076,-0.016702066988568867,-0.4668396275362962,-0.04691347323064372,-0.2917709946305763,-0.04151283407381771,-0.3878109625520764,-0.04019665409372858,0.34839896499212597,0.01863465365367845,0.3815590473708704,0.027327265624555577,0.34756663394772414,0.019245245843668237,0.00976292926407475,0.012341522015651142,0.19214590629839134,0.017522151829317767,0.2980572968173704,0.039547706545662614,frac_pore,0.5643156189351392,p1_c0,-0.4668396275362962,material
139,0.01126573889993373,67.2157974243164,0.49846007306757484,0.4998843969615668,0.5011610453823062,0.0030798538648503238,0.22682634886533326,0.06657235674466887,0.04050517605930476,-0.026887264359850244,-0.8764922919537489,-0.10008113435233447,0.2259923975343863,0.0664715707384387,-0.3368328855299476,-0.03714108944052332,0.3581390166414984,0.044673081140777456,0.6588048016493613,0.07147138377513473,0.37831041318296477,0.05432231955642832,0.23813865959518696,0.02734106828187682,0.14806447647608867,0.014927400020589869,0.44613365254753995,0.04341662768576653,-0.2455171383862494,-0.02889001029099567,0.4614914576813552,0.035186819431008376,-0.291966373371067,-0.03696400639569044,frac_pore,-0.8764922919537489,p1_c1,0.6588048016493613,material
140,0.007952286282306162,53.88119888305664,0.5043961818907624,0.5002095305071602,0.49677379480840544,0.008792363781524815,0.5775466287785034,0.048273771360094676,-1.0119924615469789,-0.07905740608171914,1.0090015024198635,0.09295840448476422,0.5929566677248513,0.04868836235988828,0.39167211557330045,0.04560405637769425,-0.3740263972361186,-0.056619066838396966,-0.6777356159483621,-0.06832081094399511,-0.24778772597001117,-0.047969877029902686,0.20605896091759193,0.03354172316373388,0.11852772780088845,0.02840976735257223,0.07480285210059219,0.02250681053484963,-0.19270937685143355,-0.006502705003067059,0.180559352526937,0.031856980086624756,0.016343885802730905,0.006315425573502648,frac_graphite,-1.0119924615469789,p1_c1,-0.6777356159483621,material
141,0.007952286282306162,47.544464111328125,0.5043835491841798,0.49476896251089797,0.5007716757902172,0.010462074978204061,-0.38998708409233157,-0.026743261620813988,0.5998970866152211,0.05469625510747053,-0.6686210755325677,-0.06739174803245906,-0.390551152958739,-0.026743261550763228,-0.3368328719738431,-0.029814417850313527,0.5548705175567337,0.04885897870707881,0.8836870788628222,0.08074694611600834,0.2271463814621052,0.03343476130240935,-0.2666937009194633,-0.01860388453843303,-0.2138777170502267,-0.0017160470882329373,-0.08335497473828483,-0.012398919761325343,0.04159650532725198,0.014504893972179845,0.2785359528955337,0.039488923298622934,-0.34641686062207866,-0.045582791631816645,frac_pore,-0.6686210755325677,p1_c1,0.8836870788628222,imaging
142,0.007952286282306162,50.022056579589844,0.5101314306792859,0.4983935994451055,0.49409676849726303,0.020262861358571804,-0.18282068192489462,0.010788903794071863,-0.2165421111558235,-0.04575125547189077,0.9883311312044281,0.07719951749922704,-0.1834753950450838,0.010695034505175024,-0.22662402252287836,-0.004721736160303535,-0.4659607246384024,-0.06527878978290277,-0.46415086155211144,-0.05176073057007247,-0.32153433697615724,-0.048037520478192895,0.3832281629229997,0.03576049634446562,0.4075882018555729,0.028051484778412822,0.32108102769533414,0.028172138132126136,0.298482760792679,0.027469828920991136,0.26734474447370277,0.03378686623261488,0.14981610656682706,0.019782836906969484,frac_pore,0.9883311312044281,p1_c0,-0.4659607246384024,material
143,0.019218025182239893,82.15090942382812,0.5028600447703122,0.5019748852399004,0.4965530637471305,0.006893872505739029,-0.5693460533770501,-0.10682574700460831,0.8285121885897738,0.1570256527388149,-0.8946234566394187,-0.14781774499797803,-0.5698316450285982,-0.10691425789862086,-0.3368328792068585,-0.04607543549339335,0.2491565057252368,0.05670598632303859,0.9855445041282486,0.1329034659902605,0.18527958644710896,0.06802023032591403,0.34513254577189173,0.047091178537930475,0.3842603094195001,0.05011370114458604,0.41137179081862907,0.05985059194263782,0.9025274607495378,0.12875080629562513,0.8129793711653629,0.08682927766083058,0.5347762030046634,0.08922543952969732,frac_pore,-0.8946234566394187,p1_c1,0.9855445041282486,imaging
144,0.011928429423459244,65.35896301269531,0.4942344327156782,0.49574917994094614,0.5071463888398375,0.014292777679675073,-0.5261671032851817,-0.0646205480043361,0.7309198214394989,0.09081417124081101,-0.6758301371852808,-0.06631041112541498,-0.5266687026663539,-0.06463453286819398,-0.3368329027547159,-0.03714108944052332,0.4142037268539849,0.06384442849104253,0.9600379288660386,0.08901136418448036,0.060936238666908615,0.049902406492415244,-0.9360719963526737,-0.08000691495002799,-0.6918817581521691,-0.06153574903661084,-1.12466508056876,-0.10563783388482109,0.05904123248799701,-0.0009501393505334168,-0.6942431078264105,-0.0719905876939717,-1.0139085656978073,-0.1045159785758234,frac_graphite,0.7309198214394989,noise_sigma_c2,-1.12466508056876,imaging
145,0.005301524188204109,30.85257911682129,,,,,,,,,,,,,,,,,,,,,,,,,,,,,,,,,,,,,rare
146,0.008614976805831677,51.18738555908203,0.5001680149975493,0.4961405443939751,0.5027123432809465,0.007718911212049817,0.09218258741818572,0.01036331732938789,-0.069749100565353,-0.0247882068588837,0.10018414829827507,0.008716100876286936,0.09140754850058308,0.010281140525888867,0.043975525664157925,-0.007554967188046621,0.46926363769478646,0.04816695250684217,0.08681991027795817,0.004485380013328328,0.5344510705657333,0.04877950590582348,-0.449896392995073,-0.03730207610271684,-0.559914993528708,-0.04654334789964369,-0.3982810188626859,-0.03561430697953806,-0.36931656653914224,-0.02947314186021928,-0.2549022811162445,-0.02083230169254662,0.20154053491458102,0.01874699016067658,frac_pore,0.10018414829827507,noise_sigma_c1,-0.559914993528708,imaging
147,0.004638833664678595,34.675315856933594,,,,,,,,,,,,,,,,,,,,,,,,,,,,,,,,,,,,,rare
148,0.005964214711729622,44.51696014404297,,,,,,,,,,,,,,,,,,,,,,,,,,,,,,,,,,,,,rare
149,0.007952286282306162,47.94106674194336,0.500586157585435,0.5002312060768664,0.4994208016952146,0.0011723151708700197,-0.32394107903343994,-0.027442990559825166,0.37704950512300134,0.0479125850910911,-0.18372183136762646,-0.020225320911122655,-0.3245340458874517,-0.027528778138714398,-0.3368328805107465,-0.03115089719541056,0.09606394596855158,0.03187695799328065,0.11558794850086782,0.03607010303200163,0.07006372320754076,0.03791304851878461,-0.11244290805502272,-0.027916325805982776,-0.16781607243651753,-0.027032934387488505,-0.1314041779320836,-0.025046728209407558,-0.23906203766557868,0.006751162379622513,-0.16672958578050068,-0.019280020014260178,-0.5268701275640563,-0.04534915770586793,frac_graphite,0.37704950512300134,sharpness_c2,-0.5268701275640563,imaging
150,0.003976143141153081,28.51664924621582,,,,,,,,,,,,,,,,,,,,,,,,,,,,,,,,,,,,,rare
151,0.003976143141153081,27.332334518432617,,,,,,,,,,,,,,,,,,,,,,,,,,,,,,,,,,,,,rare
152,0.0145791915175613,81.59591674804688,0.4982339476197455,0.4976638552649959,0.502947201130143,0.005894402260286036,-0.6090140601533994,-0.08043435027876314,0.783928983178161,0.11352599013226801,-0.5858583103612499,-0.07685541015509215,-0.6094822954109176,-0.08047233361539421,-0.33683293007535786,-0.04232457615854792,0.13103950792921215,0.05764958116636374,0.7945928825502601,0.09462926642468728,-0.12739118479195682,0.01654769586796416,-0.2235699693595523,-0.030318679783670047,-0.12477710073235054,-0.023425373959541477,-0.2428055441727868,-0.03126990805018364,0.27041216356630216,0.039824183698870745,0.09353604917537527,0.006618311012008232,-0.2937572081462604,-0.029317845419262866,frac_graphite,0.783928983178161,p1_c1,0.7945928825502601,imaging
153,0.013916500994035786,69.00631713867188,0.5100884794769048,0.5035680396133078,0.49033286244040264,0.020176958953809665,-0.5364210430158086,-0.07795287132541093,0.7422707797150853,0.12016291457536736,-0.6790822792000417,-0.10114694452243436,-0.5369210406827286,-0.07804389622878201,-0.3368328579431759,-0.03929228768412859,-0.32636160381082996,-0.012164513278560897,0.08821106758075338,0.03538204532402071,-0.3648632025206868,-0.030230265400426736,0.7662014483758666,0.10145696990393471,0.7326811300649123,0.08807013521994901,0.8331495525805566,0.10771375466506608,0.941540936602892,0.11470947781050027,0.8194404217371702,0.10340178387899701,1.0049655443420955,0.13217841594746552,frac_graphite,0.7422707797150853,sharpness_c2,1.0049655443420955,imaging
154,0.0019880715705765406,20.82316780090332,,,,,,,,,,,,,,,,,,,,,,,,,,,,,,,,,,,,,rare
155,0.01126573889993373,59.25864791870117,0.4927412467976089,0.49986753818512863,0.5051704043793043,0.014517506404782221,0.022118741992341776,0.024249399804614047,0.2889089893948483,0.022889505629144227,-0.846682472696899,-0.11110943172906043,0.021374359039145557,0.024148938685879463,-0.20058484154400957,-0.016343149248068897,0.6810691573011439,0.0938128491766497,0.463713725485782,0.055375185420864885,0.3477850139950371,0.08597550642548688,-0.18228277147589908,-0.02592633178396812,-0.3085753289833131,-0.033667469479976446,-0.15167058319300128,-0.021942614739701858,-0.21578302777315517,-0.01195217312840655,-0.06568334233728385,-0.010921102081674544,0.17769956881333165,0.026805163104305776,frac_pore,-0.846682472696899,p1_c0,0.6810691573011439,material
156,0.009940357852882704,68.60282897949219,0.4993165705738785,0.49528315519226224,0.5039360762846548,0.009433689615475527,-0.49927746823781005,-0.05379412059289514,0.2230101441304016,0.006631131294153497,0.8898609652030315,0.08686048424783448,-0.49979371789611776,-0.053893727121022306,-0.33683288656338684,-0.03243408064992298,-0.47410202643734517,-0.05196009069273076,-0.3328169716851963,-0.0432573861330466,-0.46481217392041535,-0.05082677682844571,-0.08800617229633362,-0.031574474797802454,0.010093996981816166,-0.005133758388117242,-0.09189042888478877,-0.03299661199815756,0.09412903299590877,0.0024205040850444346,-0.4009522959656219,-0.03956416356046458,-0.10692099282642403,-0.019318608024892176,frac_pore,0.8898609652030315,p1_c0,-0.47410202643734517,material
157,0.0,0.0,,,,,,,,,,,,,,,,,,,,,,,,,,,,,,,,,,,,,rare
158,0.0019880715705765406,21.82187271118164,,,,,,,,,,,,,,,,,,,,,,,,,,,,,,,,,,,,,rare
159,0.0145791915175613,81.39545440673828,0.5020136534292746,0.4976373629020216,0.5003249161221967,0.004725274195956808,1.4810089303299807,0.13676828270538482,-1.4665473292857594,-0.1272861091124731,0.01640689522862219,0.004417260463897903,1.4796262200613164,0.13669182742128835,0.7949904821103851,0.08228614416468356,0.40858498712722907,0.014503856912952633,-0.19330263307332532,-0.025339468136921416,0.4963864466349948,0.03195286833600285,-0.05249103705667953,0.011150375808193716,-0.23774293051521977,-0.008171944080114036,0.020650927392358374,0.021825162682390892,-0.5864429005247612,-0.08076212319371981,-0.09087956570756438,0.008292536055788297,-0.03205480607803779,0.010262294705457763,frac_si,1.4810089303299807,sharpness_c0,-0.5864429005247612,material
160,0.005301524188204109,36.550331115722656,,,,,,,,,,,,,,,,,,,,,,,,,,,,,,,,,,,,,rare
161,0.003976143141153081,36.28009033203125,,,,,,,,,,,,,,,,,,,,,,,,,,,,,,,,,,,,,rare
162,0.007952286282306162,52.5208625793457,0.5006063699159672,0.49840082463500757,0.5007487197598446,0.003198350729984867,0.008798658806342563,0.004876786191949184,-0.3402650121454322,-0.03670080048478995,1.0328148749623862,0.08938802908055762,0.008060103969951202,0.004790930424948272,-0.33683288929434846,-0.03115089719541056,0.09282533242685291,-0.015049359175172533,-0.5072823462949317,-0.043778716076406494,0.20892691140383207,-0.011076770045699378,-0.4304215016333984,-0.04737275170961119,-0.34804223044146554,-0.03500745140209959,-0.4746764588174046,-0.05143621587798658,-0.11213593914775846,-0.007698705491070769,-0.3750248353143719,-0.041969706074512336,-0.5846185487024989,-0.05665121022390566,frac_pore,1.0328148749623862,sharpness_c2,-0.5846185487024989,material
163,0.007952286282306162,52.501705169677734,0.502478537031516,0.4965752599864166,0.5007787391841779,0.006849480027166788,0.6979741631998829,0.05413016898619897,-0.48364160274271634,-0.02500943295223553,-0.5277292517628909,-0.05771728750260484,0.6969340643644405,0.05401039757013853,0.0640992798737177,0.019507231254748892,1.1107557608721086,0.07778462397540797,0.37490602787762495,0.03031350957701894,0.9607292321904577,0.0502710502752761,-0.35075252888056735,0.008476879903983039,-0.6542251880664377,-0.018727148437649117,-0.2192583934581782,0.015520606795989546,-0.20190016497420313,0.006835880783396377,-0.1299655006799391,0.01082695298090396,-0.1370957691360078,0.006568990570864403,frac_si,0.6979741631998829,p1_c0,1.1107557608721086,imaging
164,0.007952286282306162,44.97591018676758,0.49679129252800663,0.5020375035523851,0.5007487197598446,0.006417414943986732,-0.7793739420357645,-0.10183439115976871,0.9837019859872655,0.1180892567616748,-0.6685864358774799,-0.05946802145604899,-0.7797676374387121,-0.10183439089302576,-0.336832882109967,-0.029814417850313527,-0.11525456503701748,0.01696434825509203,0.6603489473580142,0.07092691379560846,-0.2901403215748261,0.025808005487394866,0.02043087939177263,-0.012185148815817512,-0.06283410771713277,-0.006804395138692639,-0.018351616083232554,-0.018218588309099844,0.8933090905070562,0.09188973039128236,-0.09729618609113722,0.00552633220973434,0.22204395240577884,0.014106522249825193,frac_graphite,0.9837019859872655,sharpness_c0,0.8933090905070562,material
165,0.0033134526176275677,26.389080047607422,,,,,,,,,,,,,,,,,,,,,,,,,,,,,,,,,,,,,rare
166,0.0,0.0,,,,,,,,,,,,,,,,,,,,,,,,,,,,,,,,,,,,,rare
167,0.010603048376408217,57.97515106201172,0.49890348106862586,0.5020736295018953,0.4992459826946848,0.004147259003790538,-0.6991931137928639,-0.10290512971521769,0.514542249947406,0.06911267275842564,0.20657554083538454,0.02694002191238497,-0.6982298651301326,-0.10269675389376556,-0.3368328644678466,-0.03367006446576788,-0.2529166210800935,-0.00020241192700458496,0.11334838282714757,0.026974668450891123,-0.4070630594592479,-0.01964313250870091,-0.550725766744314,-0.04180599278173991,-0.2281877236016598,-0.017099935426124372,-0.7732606573844119,-0.0660144229490171,0.0816025744791165,0.039201536165955335,-0.42284804046972624,-0.03506132344904154,-0.8931421544416966,-0.06718340079585211,frac_si,-0.6991931137928639,sharpness_c2,-0.8931421544416966,imaging
168,0.005964214711729622,44.1084098815918,,,,,,,,,,,,,,,,,,,,,,,,,,,,,,,,,,,,,rare
169,0.00927766732935719,61.120338439941406,0.4959221623151203,0.5011319464179917,0.5020201306727884,0.008155675369759363,-0.22462659674551677,-0.005009494873629799,0.18989408918184403,0.0008480163576998557,-0.2896747079239817,-0.010324789815558615,-0.2237427654308511,-0.004699264297658613,-0.3368329156451579,-0.03367006446576788,0.46374368577396435,0.027818787520407326,0.21269263208900532,0.002676044724028407,0.469635654891007,0.02138302562473222,-0.4156677930972949,-0.034779414927141955,-0.4715914972297723,-0.04330864224484756,-0.31537995137274694,-0.030547787696101728,-0.21218886041117196,-0.007130756503924109,-0.17925177279396579,-0.021274855752912963,-0.33331280161212745,-0.033532153962391634,K04_agglom_frac,-0.3368329156451579,noise_sigma_c1,-0.4715914972297723,mixed
170,0.010603048376408217,61.11903762817383,0.49701110162254486,0.49664028669553534,0.5045523574077344,0.009104714815468817,-0.314188279476141,-0.009076778038357278,0.451165414434175,0.03758561384715343,-0.39794723685102706,-0.02565514597251942,-0.31478551363549967,-0.009225387087923934,-0.3368328968231502,-0.036019696756253675,-0.05300048235985236,0.03665261972278667,0.4545792946974696,0.051536672529548334,-0.25981093945279626,0.018867917870213673,-0.5381439282917057,-0.050934602863696804,-0.2476247984461129,-0.031366236897404566,-0.6602289726529984,-0.0693211560162838,-0.5993993014394106,-0.06492479693184029,-0.38672386197174446,-0.04694707003057623,-0.7961096111513055,-0.08635433826593313,frac_graphite,0.451165414434175,sharpness_c2,-0.7961096111513055,imaging
171,0.0066269052352551355,36.90550994873047,0.49954269602170803,0.495640802092415,0.5035158043439872,0.008718395815169977,-0.69059386242124,-0.0698675482514285,0.8585242106962683,0.08275623165826894,-0.5806657916616799,-0.040065578657424994,-0.6910264029120842,-0.06996121281049475,-0.3368328887648831,-0.026949546314957697,0.3394194764462327,0.053073825397138695,1.0551826959019848,0.05923146404297449,0.01822789599008193,0.03692452109281354,-0.4700199611123076,-0.03811862968190284,-0.3536166681297894,-0.026276013976563525,-0.5529489885019339,-0.03856912274779333,0.2548615755963228,0.029589106429205255,-0.10704247947024605,-0.015218803997317147,-0.47161397294926677,-0.041057147824796324,frac_graphite,0.8585242106962683,p1_c1,1.0551826959019848,imaging
172,0.015241882041086813,81.81880187988281,0.49967533944082587,0.49911491423699583,0.500875860851139,0.001770171526008335,-0.3379839562416456,-0.033746854508654514,-0.23873093737160095,-0.05833810723801064,1.7443458246728436,0.14509713704172744,-0.3358067115685995,-0.033154137886511954,-0.3368328647609199,-0.04133716002918112,-0.5619413890538991,-0.07842305505573277,-0.8630174724252764,-0.1159973634969721,-0.466459489138006,-0.07055857244371283,-0.29036471869212593,-0.054973007748185164,-0.016229102854247092,-0.02761898718034857,-0.4283018822411089,-0.07275019620968061,-0.20281999906155357,-0.02580789755545797,-0.45069056072902935,-0.06517418710138664,-0.5052581376486436,-0.0705714479605812,frac_pore,1.7443458246728436,p1_c1,-0.8630174724252764,material
173,0.008614976805831677,62.868778228759766,0.49635041106827216,0.4979697216375171,0.5040393784213315,0.008078756842663015,0.1563137561269813,0.021701176175619914,0.07415971338065665,0.0076281999658051915,-0.6976838805660946,-0.07359144829481512,0.1555106570889228,0.021651856962278948,-0.020699146040367794,-0.007398173425925881,1.1886256661854426,0.08788073269190817,0.684991090368522,0.07441885893166619,1.0843087639375917,0.08342387312419398,-0.78093016402276,-0.050052909295910566,-0.8467118895711642,-0.0605795643086188,-0.7364255474383707,-0.04839534610018409,-0.46141171615628984,-0.033571157221821246,-0.3043728521221245,-0.0370074999901405,-0.21445498566815563,-0.027901767628654706,frac_pore,-0.6976838805660946,p1_c0,1.1886256661854426,imaging
174,0.004638833664678595,33.55979919433594,,,,,,,,,,,,,,,,,,,,,,,,,,,,,,,,,,,,,rare
175,0.005964214711729622,40.201602935791016,,,,,,,,,,,,,,,,,,,,,,,,,,,,,,,,,,,,,rare
176,0.015904572564612324,91.92833709716797,0.49163714824228516,0.5022638928359834,0.504185060921773,0.01672570351542968,-0.2455259926449301,-0.03234863201869778,0.43591552852617227,0.05581901088974433,-0.5373255612484733,-0.05572779709368743,-0.24615326953398514,-0.03241518438259237,0.12046415142597378,0.009549550534154872,0.7264636257779467,0.05070698927561939,0.2738225183710887,0.04516438535202973,0.7077555763989648,0.055142667767417074,-0.4072540046898538,-0.04729332845428364,-0.7145569592588041,-0.08307032473691436,-0.31934241272446495,-0.034821919191179565,0.42482734189408944,0.04074076085141871,-0.6427811748250069,-0.07327670277227918,-0.4162907166981938,-0.07093124168074026,frac_pore,-0.5373255612484733,p1_c0,0.7264636257779467,imaging
177,0.0145791915175613,81.26056671142578,0.5115361876512767,0.4994773779304166,0.4923203249161222,0.02307237530255346,1.2362481548913167,0.13940540571402307,-1.1532105926154705,-0.12311130344320009,-0.1504427955836168,-0.053345620885930714,1.234972538054098,0.13936718629682607,1.2212646129478708,0.15962189150606593,-0.31438166633696996,-0.02719825033008811,-0.35467241872842903,-0.04452237542358739,-0.3525438023756669,-0.0436125553101543,0.8106113043474712,0.13990780264909447,0.4827989863068508,0.07562423890609658,0.7437549776881119,0.1233252367906463,-0.08380013168049083,0.004332917290285223,0.4357912555070562,0.07591026847149833,0.05402233475914449,0.018800993820531478,frac_si,1.2362481548913167,noise_sigma_c0,0.8106113043474712,material
178,0.0,0.0,,,,,,,,,,,,,,,,,,,,,,,,,,,,,,,,,,,,,rare
179,0.0026507620941020544,24.870189666748047,,,,,,,,,,,,,,,,,,,,,,,,,,,,,,,,,,,,,rare
180,0.009940357852882704,61.37648391723633,0.5069366191845335,0.49890297533320166,0.4959562069574431,0.013873238369066954,0.3101847933888515,0.009490173660980289,-0.3624404748284362,-0.023556831625563254,0.13401084332337995,0.023107197836190644,0.30931436909012994,0.009428853772738397,0.2835982991457441,0.03301955901556293,0.42459816294435915,-0.0007884388210467442,-0.18604185654179883,-0.03430493124932083,0.5835646618553495,0.013555235079240294,-0.07513312569695384,0.025121409621013426,-0.12863612774659958,0.022900611404229478,0.05227238560467253,0.03507499830896764,0.05148582866217938,0.022660988725074067,0.03766668386945427,0.00310765616060888,0.06881504087142243,0.015785037287151762,frac_graphite,-0.3624404748284362,p1_c2,0.5835646618553495,imaging
181,0.0,0.0,,,,,,,,,,,,,,,,,,,,,,,,,,,,,,,,,,,,,rare
182,0.007952286282306162,50.84331130981445,0.49487617421007685,0.5002167556970623,0.5034222143740067,0.010247651579846306,-0.34407997659535783,-0.01600524245752038,0.25465271538872053,0.013496219245692788,0.25954663978855136,0.013434850826600083,-0.34425315760718894,-0.016039362246004506,-0.33683286921754607,-0.03115089719541056,-0.14336339658414818,0.01623363208698573,-0.08446950621573467,0.017730697454645773,-0.16749853062349881,0.017234400090624106,-0.3084481278259316,-0.03351852321498455,-0.09278665421691136,-0.015467487539604004,-0.3146808474574094,-0.025907873077350103,-0.025445976597151653,-0.029778337322218202,-0.22521904610509544,-0.013861992066156365,-0.454040601126516,-0.03426314619766833,K01_si_frac_adm,-0.34425315760718894,sharpness_c2,-0.454040601126516,mixed
183,0.00927766732935719,62.812191009521484,0.5016599376449603,0.49751453467368634,0.5006621931838249,0.004970930652627326,1.7186120428622378,0.11191442974515801,-1.9393688627260648,-0.1136797652137075,0.9812865358266357,0.064020651672856,1.7171253710012335,0.11181949481973569,0.14867464937410027,0.009283193112809935,-0.25793903925158135,-0.012619028950226943,-0.46359000516006355,-0.02843967443394405,-0.2747688850188371,-0.02059084481274724,0.06043347846863809,0.024353775552884007,0.01062179252022338,0.012097465759661166,-0.0597821298658175,0.01953594179065498,-0.5710389420370456,-0.05757307850408059,-0.1974240966522025,0.009095959566186878,-0.5488420547679244,-0.045180595690993114,frac_graphite,-1.9393688627260648,sharpness_c0,-0.5710389420370456,material
184,0.01126573889993373,60.812408447265625,0.49846259960889133,0.4998265954423502,0.5012016598975808,0.003074800782217335,-0.5459982325459766,-0.0647070451179502,0.8229436488099707,0.11185471998923639,-0.8571385203308364,-0.0939404271381012,-0.5464940398526095,-0.06479360747411816,-0.33683288929434846,-0.03714108944052332,0.12997727682875107,0.047946186035798054,0.9671035226345509,0.08597441503387611,0.16270366473502873,0.03583983693874406,-0.2506929276038638,-0.03165475899069309,-0.0852655535539844,-0.020200263902489215,-0.32464475791774916,-0.037761703089164184,0.693999626086852,0.03681699163345248,0.05424064325878088,0.0005407862233839378,0.8520520410276933,-0.0025770328571359633,frac_pore,-0.8571385203308364,p1_c1,0.9671035226345509,imaging
185,0.01126573889993373,64.30337524414062,0.5003309769124655,0.4980552197180249,0.50119459650362,0.0038895605639501785,-0.1930772456994233,-0.0031919238882421653,0.3072501924756734,0.02623603791995561,-0.36579935682169196,-0.04276177762083308,-0.19372747110667626,-0.003278218942429853,-0.33683289298992747,-0.036019696756253675,-0.07196341973358832,0.008831199078486424,0.6731305466540326,0.04889878740799988,-0.2160991281953573,-0.010656404878614687,-0.053461531527761605,0.009608237625049048,0.19800881357261677,0.023083954022108936,-0.0947196393407358,0.005428981695817685,-0.2968421789027318,-0.006998718422939875,0.3230629388030611,0.014281283943187482,-0.2303976877658334,0.006270808608350579,frac_pore,-0.36579935682169196,p1_c1,0.6731305466540326,imaging
186,0.013253810470510271,83.8038330078125,0.4971424817710044,0.500392568651346,0.5017093413385131,0.005715036457991207,1.8420278161685693,0.14667009971060216,-1.7226910662567927,-0.13863987152085558,-0.3457683888072853,-0.03350680950154313,1.840487144616355,0.14660364780539586,1.5183766948434354,0.13138149512912203,0.24691115382583587,0.041876472224380734,0.01818704062584041,0.003866650474316316,0.21163550698801925,0.056424973094900056,0.3189879904641429,0.03667654446642609,0.05374069548253627,0.007100247180548325,0.3783551751770596,0.051279986104970574,-0.5554199504375291,-0.06961876960950492,0.26320908508119223,0.02412913017089998,0.12779944747983574,0.01121191412152273,frac_si,1.8420278161685693,sharpness_c0,-0.5554199504375291,material
187,0.017229953611663355,86.20780944824219,0.49267808326469564,0.5014233624107087,0.5040738124668902,0.014643833470608714,-0.49491603152200614,-0.06622703879862954,0.5595480794965242,0.08417603396193532,-0.2493518620645823,-0.02192692383314942,-0.4954341894508377,-0.06630909699475675,-0.33683291030229995,-0.045165035222829594,0.3927564584632875,0.027507033569507983,0.13860123784001482,0.021446270763647572,0.42531368450858675,0.026886711119667176,-0.2090459684509314,-0.032921450610644665,-0.271310920973156,-0.03428786518910164,-0.12829809418566174,-0.023989895988815475,0.22434802442023444,0.05024473380901445,-0.14989847105475665,-0.022900513847617685,0.08950263150126987,0.020916106123025913,frac_graphite,0.5595480794965242,p1_c2,0.42531368450858675,material
188,0.005301524188204109,40.17081069946289,,,,,,,,,,,,,,,,,,,,,,,,,,,,,,,,,,,,,rare
189,0.0019880715705765406,25.54474449157715,,,,,,,,,,,,,,,,,,,,,,,,,,,,,,,,,,,,,rare
190,0.015241882041086813,91.90179443359375,0.5092698800903491,0.49905711271777925,0.49421243157337097,0.01853976018069825,0.9810230399360712,0.10542269174477921,-0.9871293795936297,-0.10485481344787471,0.23263858899580533,0.02018456316240303,0.9798590950972759,0.10533550791074395,0.29720095707133903,0.025632722076498006,-0.33983962862447026,-0.04153552092955088,-0.505050831456232,-0.061635580990009674,-0.2944816683398219,-0.027737730181810936,0.5933266773791603,0.07362365396201001,0.5660538024060066,0.061615128849486105,0.622292133309533,0.0767894381341563,-0.18492975233177153,-0.01556892454935053,0.3710288098321227,0.05409886704475247,0.15945771639997175,0.016909836385308654,frac_graphite,-0.9871293795936297,noise_sigma_c2,0.622292133309533,material
191,0.009940357852882704,65.926513671875,0.4993165705738785,0.4970978820560001,0.5026055094472894,0.005804235887999831,0.14581026267368502,0.024672312335374067,-0.20494372404607936,-0.02260797960987358,0.10170690737387748,0.012847233985984438,0.1450117593471384,0.02456466206974996,-0.3368328955683504,-0.034863871151342034,-0.06751168251807377,-0.001549703755332523,-0.08219213348166506,0.0030140706275970978,-0.1440115645355012,-0.02341389678504658,-0.3022165471550524,0.0005097113804737299,-0.12349939951020367,0.014588001075598234,-0.3951135924300882,-0.014988073393480732,-0.6099690999112565,-0.04013688005545357,-0.23508113701910105,0.006727940228342213,-0.4584851896385534,-0.0214932092435158,K04_agglom_frac,-0.3368328955683504,sharpness_c0,-0.6099690999112565,imaging
192,0.013253810470510271,84.66195678710938,0.5010308288571442,0.4948990159291354,0.5030196009182413,0.010201968141729245,1.4435836804066622,0.12247211942849286,-1.1731739251291122,-0.10358817817956292,-0.6223445358651452,-0.06964603539288368,1.4422173453182825,0.12240554416914644,0.32833304435922717,0.049215614390864394,0.04828647479240603,0.039859634683573245,0.3315940220847006,0.016475886901797687,-0.11851092607117586,0.02078920210709634,0.21140225945041316,0.02451797302364923,0.02451362790731609,-0.006019791264284433,0.29855474987481473,0.042755010327694194,-0.4942792767473489,-0.05813807702668879,0.1876254727450561,0.022096692503504697,-0.18616999729071695,-0.015931836681691763,frac_si,1.4435836804066622,sharpness_c0,-0.4942792767473489,material
193,0.004638833664678595,36.254878997802734,,,,,,,,,,,,,,,,,,,,,,,,,,,,,,,,,,,,,rare
194,0.0033134526176275677,27.102949142456055,,,,,,,,,,,,,,,,,,,,,,,,,,,,,,,,,,,,,rare
195,0.004638833664678595,36.818965911865234,,,,,,,,,,,,,,,,,,,,,,,,,,,,,,,,,,,,,rare
196,0.008614976805831677,52.91041564941406,0.4982642661155438,0.4979697216375171,0.5027017481900053,0.005403496380010697,-0.33262540007655633,-0.007546234593319777,0.3712817916876383,0.01979282169703401,-0.22230213159481513,-0.009977540026725656,-0.3332145671593187,-0.007628738617036927,-0.11165040582598344,-0.007437196261385115,-0.3743071085000268,-0.010931431644055942,-0.2931752745566461,-0.024897050955153974,-0.37711234003807187,-0.02162796340780631,-0.057846240245126364,-0.009828864066992628,-0.05614573440617175,-0.02305124368583372,0.07801676912027466,-0.003611022325761814,-0.13625252174077856,-0.02429539237036748,-0.010482522876148063,0.004233271205774216,-0.04718739613678434,-0.007123343556429624,frac_graphite,0.3712817916876383,p1_c2,-0.37711234003807187,mixed
197,0.00927766732935719,47.89075469970703,0.499709447748599,0.5011969731271104,0.4993254458767437,0.0023939462542208467,-0.49140904890611997,-0.05604187578601006,0.7784688924408752,0.0998748252649424,-0.9329968257511928,-0.10521313326302684,-0.4919287413107014,-0.056121184123555504,-0.3368328798833458,-0.03367006446576788,0.47002367456870436,0.06202697512430141,0.9402961166546928,0.08290467906360562,0.44303850806472267,0.08755761004994911,0.06625243976339915,0.007199884044756251,0.026101267091577757,0.008149814555023737,0.23979880302093448,0.02670524735780481,0.5146759015507483,0.058854430017564956,0.48855059108342946,0.039340822708713426,0.6186739361736863,0.06538924282011027,frac_pore,-0.9329968257511928,p1_c1,0.9402961166546928,imaging
198,0.013253810470510271,68.97417449951172,0.5009752449481806,0.5039738544461411,0.4964047324739537,0.007947708892282135,-0.31766242221382535,-0.030285188221789636,-0.22891704357265538,-0.04435584520849513,1.518076276354,0.1197556622646944,-0.31367652288809783,-0.029907336577851412,-0.3368328952912609,-0.03929228768412859,-0.4279989375705419,-0.056432995292375436,-0.7555497893871513,-0.09543916007048078,-0.3495943569688874,-0.050019756405983315,-0.15095539712575443,-0.016417418616717017,0.06998358492483732,0.015333877331529302,-0.2950930725950986,-0.036733614679022905,-0.34936981541981565,-0.030601234418095664,-0.13149156790137745,-0.011450738197395496,-0.21698704548202596,-0.010016118835381413,frac_pore,1.518076276354,p1_c1,-0.7555497893871513,material
199,0.005964214711729622,39.4769401550293,,,,,,,,,,,,,,,,,,,,,,,,,,,,,,,,,,,,,rare
200,0.003976143141153081,26.339298248291016,,,,,,,,,,,,,,,,,,,,,,,,,,,,,,,,,,,,,rare
201,0.005301524188204109,46.24571228027344,,,,,,,,,,,,,,,,,,,,,,,,,,,,,,,,,,,,,rare
202,0.0013253810470510272,15.556844711303711,,,,,,,,,,,,,,,,,,,,,,,,,,,,,,,,,,,,,rare
203,0.013916500994035786,76.27373504638672,0.4948761742100769,0.49264114408473697,0.5089766907999292,0.017953381599858487,0.535395201481813,0.061275827156852404,-0.3457391209328751,-0.03916599137481928,-0.49865970898798956,-0.057381061153575726,0.5344262380122932,0.06118518055048204,0.004679267207391896,-0.005773737010503766,0.8302671230459568,0.08152676458754489,0.36868025307754965,0.04931593976063412,0.7629929544553653,0.06908951106546013,-0.43089571472134025,-0.02751722877933598,-0.546274468921185,-0.03741837886425574,-0.32262087001469186,-0.01160860995631568,-0.4398439403223232,-0.06336262066960531,-0.2619839986072439,-0.004800276247787408,-0.20771842382247185,-0.010545752560471584,frac_si,0.535395201481813,p1_c0,0.8302671230459568,imaging
204,0.00728959575878065,45.088417053222656,0.5010396717517521,0.49882951923586394,0.5001315557125199,0.002340961528272123,-0.320569056371254,-0.013269277527889964,0.5102037599642459,0.042363706936255005,-0.5733793571463991,-0.055173977789020986,-0.32116349860574833,-0.013322786347862204,-0.33683286921754607,-0.029814417850313527,0.03844444616182617,0.013296862667680336,0.8870876006224488,0.06116853137358801,0.07948152885210276,0.033044599178596146,0.03583498139881335,0.007365724119516781,0.033922124747249524,0.003717218196437085,-0.0004337367683600814,0.006143219122772576,0.21768011178902663,-0.010736524812025531,0.772538695994441,0.017593946339323617,0.5748279107441671,0.028820499446789705,frac_pore,-0.5733793571463991,p1_c1,0.8870876006224488,imaging
205,0.003976143141153081,24.776302337646484,,,,,,,,,,,,,,,,,,,,,,,,,,,,,,,,,,,,,rare
206,0.0033134526176275677,28.31038475036621,,,,,,,,,,,,,,,,,,,,,,,,,,,,,,,,,,,,,rare
207,0.00927766732935719,66.47179412841797,0.4978195948438345,0.4975097178804183,0.5033498145859086,0.006699629171817101,2.0764048506791384,0.1054219755724828,-1.6480594658309242,-0.08847830813401793,-0.6264569302077643,-0.05592170804649508,2.0747616290696342,0.10531086770610917,0.7835492414779132,0.03945931888049059,0.2159122706810711,0.05709744691550809,0.6999611428977768,0.05428546813329217,0.010137868184449512,0.06692787843262338,0.036525241928898264,0.005509634855874879,-0.14549110963211045,-0.018417850712425004,0.001027355460923595,0.006013128098575183,-0.686634795530862,-0.08139932282896205,0.13698893509046012,0.01318659772165447,0.12747319912273278,0.00761059034274467,frac_si,2.0764048506791384,p1_c1,0.6999611428977768,material
208,0.01126573889993373,71.08584594726562,0.49653358531372066,0.49621159209467897,0.5052004238036377,0.010400847607275443,0.022644201004762898,0.03271485089548639,-0.02148554573945698,-0.02401716175582246,-0.05942938517276388,0.0051981256140327245,0.021899588122147602,0.032657460867819926,-0.3368329009012519,-0.03714108944052332,0.6076166808783946,0.03585468896595431,0.046490935601642774,0.012847733762354952,0.5405246599533899,0.04099497589092448,-0.5849468561290405,-0.05249317262455851,-0.5271446888270129,-0.04704930887397198,-0.5842903700670729,-0.050675227249386556,-0.6610164893729438,-0.06840228848546988,-0.510554542670848,-0.049908412157258754,-0.4722189686379364,-0.03206205604978371,K04_agglom_frac,-0.3368329009012519,sharpness_c0,-0.6610164893729438,imaging
209,0.003976143141153081,37.642066955566406,,,,,,,,,,,,,,,,,,,,,,,,,,,,,,,,,,,,,rare
210,0.009940357852882704,66.12184143066406,0.4974052420679236,0.4988861165567635,0.5026302313261523,0.0052604626523045095,1.16312295307851,0.11712519741087818,-1.3329179213145268,-0.12630361890132333,0.7058400460374825,0.06598472998922272,1.165469243589233,0.11738262061408744,0.2357841072834514,0.009613281536965942,0.19289771641686157,-0.013589786654576759,-0.22258696076011003,-0.027770846109848677,0.2999485222684961,-0.0009394586084672338,-0.27611662902800044,-0.0051720085946829,-0.32543751473695204,-0.011838691587383635,-0.22247933660778432,-0.0032202828846580487,-0.7199487208088589,-0.08473827207064705,-0.2697044502352799,-0.00419095797754378,-0.45080400567627077,-0.04559784839463634,frac_graphite,-1.3329179213145268,sharpness_c0,-0.7199487208088589,material
211,0.005301524188204109,30.376516342163086,,,,,,,,,,,,,,,,,,,,,,,,,,,,,,,,,,,,,rare
212,0.005301524188204109,34.460968017578125,,,,,,,,,,,,,,,,,,,,,,,,,,,,,,,,,,,,,rare
213,0.004638833664678595,34.08295440673828,,,,,,,,,,,,,,,,,,,,,,,,,,,,,,,,,,,,,rare
214,0.005301524188204109,35.73874282836914,,,,,,,,,,,,,,,,,,,,,,,,,,,,,,,,,,,,,rare
215,0.01656726308813784,90.93661499023438,0.4969251992177829,0.5055116156969659,0.49810789334275113,0.011023231393931798,-0.09528940242613057,0.002273516925031907,-0.10081990939183508,-0.04043961373900756,0.672060686123412,0.08426965034729474,-0.09598241423860275,0.002189979823081864,-0.18817499640585153,-0.01003979167634368,-0.5555271761903083,-0.07631240299175357,-0.4151332608230005,-0.0553022002715707,-0.48251235585521596,-0.07169287452225516,0.2985201722981693,0.030324629965274554,0.5433190922156185,0.07135709575615617,0.1918254502340705,0.017309891567069902,-0.06695551383242408,-0.015953597648808354,0.2254825314432917,0.044981585613168326,-0.04918278966176682,0.0034567957891803638,frac_pore,0.672060686123412,p1_c0,-0.5555271761903083,material
216,0.008614976805831677,54.56075668334961,0.5001503292083336,0.5052743886285145,0.49602772382129606,0.010548777257028963,-0.28618623947235555,-0.0059531527446237825,0.4567850669705211,0.03703178510818997,-0.4944883633784839,-0.056345958342953036,-0.28679572566704503,-0.0060189116043600005,-0.33683288250024934,-0.03115089719541056,-0.1227339222382374,-0.012192109740151533,0.21886338041814357,0.04051377785795017,-0.12937844717101743,-0.016131837778256095,0.5152535731624688,0.04775679979987883,0.6278372560521447,0.04975918404371115,0.45782384121332975,0.03920524655595549,-0.00815227104266554,0.002864808011990761,0.5326569154489064,0.0418051389960676,0.1568980675048196,0.016393621377508466,frac_pore,-0.4944883633784839,noise_sigma_c1,0.6278372560521447,imaging
217,0.005964214711729622,42.503509521484375,,,,,,,,,,,,,,,,,,,,,,,,,,,,,,,,,,,,,rare
218,0.0026507620941020544,23.828414916992188,,,,,,,,,,,,,,,,,,,,,,,,,,,,,,,,,,,,,rare
219,0.0026507620941020544,23.521142959594727,,,,,,,,,,,,,,,,,,,,,,,,,,,,,,,,,,,,,rare
220,0.0026507620941020544,20.888704299926758,,,,,,,,,,,,,,,,,,,,,,,,,,,,,,,,,,,,,rare
221,0.033797216699801194,165.91720581054688,0.49747598522478637,0.4941319416011985,0.5060665724880805,0.012133144976161025,2.0653868640534347,0.207690536465781,-1.7264422461974789,-0.18871950466812976,-0.6220303152978117,-0.10362099219758997,2.0637484633184813,0.2075899654822234,1.6553159512725901,0.25490773424331753,0.3423749717736331,0.09667612044221816,0.37254343247734517,0.05955242656191111,0.20905831849388826,0.09297016683806135,0.2455842585964103,0.02785282905217543,-0.048206208376494676,-0.03541751267247965,0.2387348723597912,0.02162933833133214,-0.4047564905046428,-0.0953631737551863,0.24526097728462837,-0.0012349024085337031,0.01162478373216292,-0.021329760319715233,frac_si,2.0653868640534347,sharpness_c0,-0.4047564905046428,material
222,0.009940357852882704,58.38200378417969,0.49931909711519507,0.5043616063042191,0.4972779445523574,0.008723212608438224,0.3831786872063604,0.05040916555007187,-0.2350115412589398,-0.03428751803380893,-0.25470622198030296,-0.02045998136693196,0.38227632495510405,0.0503784749991683,-0.13518331692751254,-0.011179931568367954,-0.284038777325243,-0.040832248411725405,-0.1589483805116742,-0.015348100051798349,-0.2504905290165124,-0.03334390145947495,0.5120291494754305,0.0625585510194503,0.5965569642543688,0.06297498428837327,0.4887637140523393,0.05646310079376825,-0.3191728494188982,-0.025556764781340693,0.41957589525345046,0.056766815934222774,0.38293153008984143,0.05730018471870754,frac_si,0.3831786872063604,noise_sigma_c1,0.5965569642543688,imaging
223,0.011928429423459244,75.76727294921875,0.49419906113724676,0.5048986787536065,0.5004626523044323,0.011601877725506471,1.2599651895919324,0.1159701910157883,-1.1436527013178641,-0.10550764272737419,-0.1814878080216891,-0.008663096449015771,1.2586791955054493,0.11592836561959541,1.4157965437209123,0.167346880278961,-0.14757153280459218,0.0002892753373372931,-0.02234471976448998,0.006930204935603066,-0.18130262786130896,0.0010824532578848712,0.5734255127138159,0.06350522676145913,0.19182133497667492,0.021133153210049452,0.5654664935480476,0.0616477748490115,-0.47673299056371543,-0.05211220901363469,0.028521902465079515,0.016964054657173305,0.011808511759274698,0.00876180399485152,K04_agglom_frac,1.4157965437209123,noise_sigma_c0,0.5734255127138159,material
224,0.00927766732935719,51.83255386352539,0.4978271744677841,0.4975097178804183,0.5033445170404379,0.006689034080875844,0.05790284828301671,0.016490223484795834,0.04374706755443455,-0.0033397833916346325,-0.28355081466457566,-0.026507219584009034,0.05714280821695114,0.016362963924565415,-0.3368329041166769,-0.03367006446576788,0.25782513195462164,0.020263724578164728,0.08616574167593935,0.019620824001321792,0.3585294782392543,0.04959514506132726,-0.2695677110727086,-0.012556563452139333,-0.17359636043478355,0.0007500978931106663,-0.1026816719148271,0.005205175064747679,-0.37472777280585,-0.01607144725734748,-0.03895196614837241,0.01082345392051711,-0.002926341668368951,0.018915644671264532,K04_agglom_frac,-0.3368329041166769,sharpness_c0,-0.37472777280585,mixed
225,0.011928429423459244,70.40709686279297,0.4923142613151153,0.497577152986171,0.5071481546883277,0.015371477369769404,-0.16213164589340695,-0.014535185420930937,0.1280082063888821,0.006544382378882401,-0.00010682385911348069,-0.0022649203243635483,-0.16178857815872894,-0.014365229156942145,0.07288862806729635,0.005004151146709031,0.20893627416944058,0.034314752638138095,0.007284446673464652,0.017419903332757114,0.24246985590836323,0.027073178623650888,-0.5359134939560807,-0.055657086862352156,-0.37008726471352194,-0.04136807558177699,-0.5199023195224823,-0.05143955269743121,-0.1834728898381109,-0.012454439978573349,-0.2085431360288043,-0.02845351632233059,-0.28118174234376836,-0.028636895445613764,frac_si,-0.16213164589340695,noise_sigma_c0,-0.5359134939560807,imaging
226,0.0033134526176275677,26.123714447021484,,,,,,,,,,,,,,,,,,,,,,,,,,,,,,,,,,,,,rare
227,0.0066269052352551355,45.94729232788086,0.5071753773389457,0.5010910036752133,0.49418506092177295,0.014350754677891375,1.3171078303743995,0.07409487490576158,-1.1843007791507962,-0.060116379818156276,-0.5727740289224728,-0.056753521729277945,1.3157968339035127,0.07405732432025505,0.7339504262642715,0.05281158668996485,-0.2334212832905025,-0.004598500603943491,-0.1220714565316342,-0.00876030086103718,-0.2837404748154644,-0.0298037172122917,1.1048236886267646,0.10200115058110466,0.6513152200873811,0.05024024388778125,1.1595802699781221,0.10335382262212901,0.8161581120066301,0.07066697971983944,0.6555302257412285,0.054171993980750885,-0.07164844634353724,-0.0023197859838107776,frac_si,1.3171078303743995,noise_sigma_c2,1.1595802699781221,material
228,0.00927766732935719,53.181854248046875,0.5016675172689099,0.502991228619459,0.49664135617164046,0.006717287656719084,-0.6623762984351138,-0.08566769583991321,0.6960201700995514,0.09224393988086087,-0.04736069081467377,-0.027726552210638224,-0.6628211853457895,-0.08569951575256474,-0.3368328932270677,-0.03115089719541056,-0.42985395527311615,-0.02415794024335502,-0.2336134246504867,-0.0009165005156502315,-0.40450650877197575,-0.010986343155396662,0.2625014806625578,0.010575987030145178,0.26516681199567366,0.017318014182411027,0.16858535948865871,0.010326858705051211,0.619453451893944,0.06967962947667877,-0.0871732455333038,0.004239450578481892,0.40769673909322474,0.0549193340724724,frac_graphite,0.6960201700995514,sharpness_c0,0.619453451893944,material
229,0.015241882041086813,85.02587890625,0.4977665374761874,0.5027419595678373,0.4995505915592442,0.0054839191356745864,-0.6168459037923677,-0.0817878462939341,0.6277576562918517,0.09586631607866827,-0.09982633037214685,-0.027988796445734355,-0.6173107121845723,-0.081850112996414,-0.33683290427392926,-0.04133716002918112,-0.2003756364658722,-0.025924136202528602,-0.06583962496656197,0.0026317387839687348,-0.10315188302982244,-0.004946552414974599,0.04561449247913237,-0.004466203515916644,0.09433237657623796,0.000780730465378056,0.0887313931496084,-0.001525247202210578,0.4355616534639118,0.05962260852686761,0.07619491457847108,0.005822157087530344,0.48561068154327486,0.07057092956364906,frac_graphite,0.6277576562918517,sharpness_c2,0.48561068154327486,material
230,0.00927766732935719,50.42169189453125,0.5016068802773133,0.49752175986358843,0.5006939784566484,0.004956480272823138,0.9559260372061718,0.07496475190915063,-0.8578939580968439,-0.07933020260010333,-0.011213319228209607,0.004283594865767593,0.9547730734024957,0.07486952264434786,1.0442152043747166,0.09975579972947174,-0.18641872046866736,-0.008087783389421219,0.5067136060401327,0.020694454571521883,-0.3740143802952682,-0.024044762464271903,0.1805346195757016,0.01883661174739273,0.058377988498335504,0.0011218345224493866,0.1533643696826923,0.009896194375135038,-0.6247544213576096,-0.05057935729528949,0.2511817805672529,0.024798235925626917,-0.007379722885062605,-0.007337844679365294,K04_agglom_frac,1.0442152043747166,sharpness_c0,-0.6247544213576096,material
231,0.004638833664678595,29.379409790039062,,,,,,,,,,,,,,,,,,,,,,,,,,,,,,,,,,,,,rare
232,0.005964214711729622,35.41525650024414,,,,,,,,,,,,,,,,,,,,,,,,,,,,,,,,,,,,,rare
233,0.004638833664678595,35.61113357543945,,,,,,,,,,,,,,,,,,,,,,,,,,,,,,,,,,,,,rare
234,0.009940357852882704,58.14527130126953,0.4993039378672959,0.4989174257130058,0.5012802401553946,0.0025604803107892593,-0.6809423655974884,-0.09266488778238613,0.8022004325127681,0.10727238910386874,-0.47674809421156444,-0.040784837052173874,-0.6813791289557863,-0.09272612610392231,-0.3368328999951973,-0.03367006446576788,0.722731617229138,0.049418578053292195,0.4984463849613208,0.04200795850639559,0.756987903448699,0.04733711049619847,-0.3210026317209114,-0.02043033329620372,-0.39833811063318825,-0.018605115746428202,-0.21664395978775414,-0.005939614132689929,0.892278169766735,0.08517423697982629,-0.20570858079276783,-0.01014991061568039,0.2322700156007881,0.02389599059944883,frac_graphite,0.8022004325127681,sharpness_c0,0.892278169766735,imaging
235,0.012591119946984758,64.32644653320312,0.4995502756456577,0.4971761549466059,0.5023847783860145,0.005647690106788228,0.9803473673377852,0.09461590959902469,-0.7929618829735424,-0.07625961681472722,-0.30667300091756694,-0.037758457675897916,0.9791837180445252,0.09452078329547613,0.623957381691896,0.04024934812041117,0.35033432086262595,0.04296255289536579,0.25781756639158937,0.04318571403571491,0.23910091124539765,0.031189799340103547,-0.03870128192077837,0.01036674161506442,-0.12171159784937738,-0.007258886322997262,-0.025439410234528163,0.001774155543363289,-0.512642192939684,-0.07278444455737765,-0.05150259284530777,0.003565561880582384,0.06595335836063211,0.009458145548494879,frac_si,0.9803473673377852,sharpness_c0,-0.512642192939684,material
236,0.024519549370444003,130.46900939941406,0.49761115518522075,0.5056043389673758,0.49756048031078937,0.011208677934751554,-0.3092109928936672,-0.052895889845147724,-0.3108898840849082,-0.05693731294040485,1.7541101935970544,0.17513811330469728,-0.30224495966393594,-0.052683782440123283,-0.2308460198719505,-0.02395331801633837,-0.2726171290191386,-0.08790935078311658,-0.8075424808622675,-0.12836718169012465,-0.10373436094219352,-0.06345884028293015,-0.13882716104300818,-0.029509409429608762,0.11221335440511804,0.020380003350972467,-0.1603574755081574,-0.033750775089714066,-0.022650230203724774,0.025639431593237977,-0.22463522191094934,-0.029650758277340997,-0.10561579722023315,7.532175514724705e-05,frac_pore,1.7541101935970544,p1_c1,-0.8075424808622675,material
237,0.012591119946984758,70.50296020507812,0.5013757017468506,0.49897883982717345,0.49978721525693093,0.0027514034937012877,-0.6668744052533799,-0.08749155480344616,0.5898469994815145,0.06678920609422975,0.24272309572797152,0.034385528803091724,-0.6673173239870501,-0.08754625589896288,-0.33683286984494615,-0.03929228768412859,-0.25356121089763906,-0.022332682219547702,-0.1861552115239895,-0.011388539032938901,-0.2720948224487434,-0.034621955917904394,-0.6112733511130838,-0.043638071090131465,-0.35840797303339317,-0.02679976826964468,-0.8160197284440333,-0.06352991804893865,0.029259360634105815,0.02154154005168558,-0.6024975104253747,-0.04725730206905464,-0.5957972822822489,-0.05392746436588794,K01_si_frac_adm,-0.6673173239870501,noise_sigma_c2,-0.8160197284440333,imaging
238,0.008614976805831677,51.7612419128418,0.49444918872758326,0.5034090854354621,0.5013800105950909,0.01110162254483349,-0.4138722418522354,-0.031795670829234936,0.21203875405241623,0.014100343640088496,0.4903526556025612,0.05356234240123585,-0.41442586002120135,-0.031911054227098494,-0.3368328880395482,-0.03115089719541056,0.5647115749403124,0.012645561736718857,-0.31355015041972445,-0.03879426238684344,0.6163492320805865,0.0035363870311550336,-0.5410383751003459,-0.048836141219143606,-0.7226554880803466,-0.05109532502874532,-0.5526199320761239,-0.04054601279124605,-0.03747315933735941,0.004331186881013362,-0.7869355655084379,-0.07023635596716124,-0.2623495914281309,-0.007591595601844097,frac_pore,0.4903526556025612,sharpness_c1,-0.7869355655084379,imaging
239,0.005301524188204109,36.69536590576172,,,,,,,,,,,,,,,,,,,,,,,,,,,,,,,,,,,,,rare
240,0.013916500994035786,79.24989318847656,0.5043822859135215,0.4999626698521726,0.496964506445347,0.008764571827043044,1.5015039402059545,0.14461219203510234,-1.3985825316088853,-0.1344108766889448,0.1725385329053607,0.008102975179087146,1.5001122625036838,0.14454724256991786,1.7313359291829278,0.20299489309718963,-0.1997443402425165,-0.017669751078158918,0.006380899551070715,-0.012999881800144388,-0.1940634367485843,-0.03595635132069647,0.36281427243258507,0.04430151348336109,0.3039282201797566,0.016191299314425485,0.2603595414312978,0.03367685508641556,-0.6105640801808317,-0.07839571126966005,0.2824770201823984,0.0141772436705607,0.3176271131758054,0.024511261227329238,K04_agglom_frac,1.7313359291829278,sharpness_c0,-0.6105640801808317,material
241,0.0066269052352551355,45.34298324584961,0.5071703242563126,0.4992702558198905,0.49552357407734415,0.014340648512625176,0.7132685936890665,0.06451730087166273,-0.6280169894257808,-0.047651477446968994,-0.4410300427853071,-0.04702731161739105,0.7122218029514936,0.06438601101511451,0.03300923371310132,0.0004474939507154617,-0.36237665010184866,-0.012614551625422549,-0.22577557027591277,-0.005923666455185646,-0.35201952564255934,-0.0004033905155608655,0.8502928530067445,0.0888538742782777,0.4361839430533316,0.03765036831435037,0.9705935744335694,0.09208548127866388,-0.13788875617970964,0.007125360483562897,0.4394624083812373,0.04937454565285605,0.4652181140913143,0.03916203508523393,frac_si,0.7132685936890665,noise_sigma_c2,0.9705935744335694,imaging
242,0.0006626905235255136,12.941804885864258,,,,,,,,,,,,,,,,,,,,,,,,,,,,,,,,,,,,,rare
243,0.005301524188204109,39.093849182128906,,,,,,,,,,,,,,,,,,,,,,,,,,,,,,,,,,,,,rare
244,0.0033134526176275677,27.156848907470703,,,,,,,,,,,,,,,,,,,,,,,,,,,,,,,,,,,,,rare
245,0.0,0.0,,,,,,,,,,,,,,,,,,,,,,,,,,,,,,,,,,,,,rare
246,0.008614976805831677,50.696083068847656,0.49444918872758326,0.4997699981214507,0.5040482076637824,0.01110162254483349,-0.690287865803307,-0.07063971022000473,0.522946003020167,0.04784664090852686,0.40461890600280137,0.03664283449778872,-0.6907205401534778,-0.07067263310825472,-0.3368328685896007,-0.03115089719541056,0.1198168334901544,0.061570061575218736,-0.054983714337013614,0.017505107423096987,0.04455594893630505,0.039251820513355185,-0.9940905817571958,-0.08894284253992127,-0.8387216755294411,-0.08516511477231137,-1.1882485686441882,-0.08845692937872737,-0.01712107924752403,0.013025861034571179,-0.9243169634521256,-0.08592320856138716,-0.8478011250402478,-0.049184518516572316,K01_si_frac_adm,-0.6907205401534778,noise_sigma_c2,-1.1882485686441882,imaging
247,0.005964214711729622,40.163509368896484,,,,,,,,,,,,,,,,,,,,,,,,,,,,,,,,,,,,,rare
248,0.005964214711729622,39.388916015625,,,,,,,,,,,,,,,,,,,,,,,,,,,,,,,,,,,,,rare
249,0.013916500994035786,66.6859359741211,0.4987064108459366,0.5017171868000598,0.49964506445346996,0.0034343736001196667,-0.7438412898054686,-0.12163611057795212,0.78763137254796,0.11917120485714339,-0.21090977591837118,-0.007274950314743198,-0.7442505322604756,-0.12170081837919894,-0.336832891647099,-0.04133716002918112,0.14423158370289377,0.021344114082200022,0.13368362840222534,0.019909214679008948,0.19980296744203102,0.019212543333718204,-0.2999174944420728,-0.041086728286141884,-0.1812563974243926,-0.01798246694837689,-0.2945475331772048,-0.041379425817573916,0.717903410642615,0.09964051859170735,0.012718184666948018,-0.009186841368602776,0.10340371306384821,0.017092868405953105,frac_graphite,0.78763137254796,sharpness_c0,0.717903410642615,material
250,0.0033134526176275677,29.49692153930664,,,,,,,,,,,,,,,,,,,,,,,,,,,,,,,,,,,,,rare
251,0.008614976805831677,53.84302520751953,0.49825163340896117,0.4997868568978889,0.5013782447466008,0.0034967331820776604,-0.22746215960834149,-0.012782459597639,0.2480821228888828,0.013518352941800385,-0.035017543876349165,0.004926187307083117,-0.22809734011939248,-0.01288120696619491,-0.3368328812434923,-0.03115089719541056,-0.03924093268993345,-0.003675751197967391,-0.3261041189575827,-0.02879877738763629,0.05295456520576594,0.02037286998800194,0.10306446144819031,-0.01314247407727404,0.042083217560232505,-0.007328327229938846,0.14060942819433064,-0.003924590294205356,-0.17509218253520983,-0.013539100183894546,-0.08000568102069554,-0.01337771822093912,0.2797501191630976,0.03574673749395464,K04_agglom_frac,-0.3368328812434923,p1_c1,-0.3261041189575827,mixed
252,0.005301524188204109,39.191932678222656,,,,,,,,,,,,,,,,,,,,,,,,,,,,,,,,,,,,,rare
253,0.011928429423459244,68.3254165649414,0.501844375161067,0.5030803392949178,0.4964524103831891,0.007095179233621796,0.5724396515734762,0.05536117455517134,-0.4992609837150344,-0.052247007601765205,-0.10659237832820831,0.010976071624710891,0.5714544795526539,0.05522045117512905,0.30000127595177095,0.021063850788976823,-0.22699011399860014,-0.02832232740423444,-0.5446535909717068,-0.06295587092749527,-0.17328785936041127,-0.01865762603575008,0.3269359548559537,0.0456356610583098,0.22183732129170186,0.027491249509015738,0.25012958658218654,0.040645423660967656,-0.22382318970483592,-0.0017159338380215894,0.08632068078172575,0.019538624003271738,-0.014215674300765514,0.02672950369976088,frac_si,0.5724396515734762,p1_c1,-0.5446535909717068,material
254,0.007952286282306162,58.03826904296875,0.4986811454327713,0.5002191640936963,0.5007610806992759,0.0026377091344573778,-0.29806452543914885,-0.0027328554055808577,0.4957514017632928,0.03984841174971429,-0.5912386877399658,-0.0586694958163134,-0.29866881443793153,-0.0028181663250179635,-0.3368328980779506,-0.03115089719541056,0.6163402841145551,0.055757625384182566,0.5536406818501235,0.0536450463046274,0.4644541640883161,0.05576740114360174,-0.2697549187216378,-0.02390175854926117,-0.36341677518980076,-0.026376934271663977,-0.0922567524063359,-0.001447522437042946,-0.12308290016494647,0.0017315061538733453,-0.018792314229216164,0.008991455667414302,-0.0033922486857989875,0.007030832994438702,frac_pore,-0.5912386877399658,p1_c0,0.6163402841145551,imaging
255,0.005301524188204109,40.60443878173828,,,,,,,,,,,,,,,,,,,,,,,,,,,,,,,,,,,,,rare
256,0.0033134526176275677,25.749164581298828,,,,,,,,,,,,,,,,,,,,,,,,,,,,,,,,,,,,,rare
257,0.00927766732935719,55.87010192871094,0.49784233371568326,0.5048143848714157,0.4979781034787215,0.009628769742831444,-0.07588415454169357,0.028215702159321423,0.18842849784177618,-0.0033282586299844693,-0.33494267492248114,-0.03421744428447781,-0.07658565700213542,0.028167982395419525,-0.33683288992174865,-0.03367006446576788,-0.311755432719863,-0.012487084067125155,-0.026791049256669364,0.005875965356015663,-0.3877691806382511,-0.017022337279930026,0.07086094935125152,0.016178661196363478,0.15188180050962483,0.016481480582885896,0.027351116718651057,0.011422909729674774,-0.4526146886424671,-0.037345461786840346,-0.13206631891707238,-0.001623350894922823,0.04664084872730187,0.008450699141805195,K04_agglom_frac,-0.33683288992174865,sharpness_c0,-0.4526146886424671,mixed
258,0.0026507620941020544,25.442028045654297,,,,,,,,,,,,,,,,,,,,,,,,,,,,,,,,,,,,,rare
259,0.0,0.0,,,,,,,,,,,,,,,,,,,,,,,,,,,,,,,,,,,,,rare
260,0.013916500994035786,71.02066040039062,0.4986483003956564,0.5035728564065759,0.4983250927070458,0.007145712813151794,-0.6278087308555798,-0.09441161702706993,0.6365505848644185,0.08905551290336836,-0.09247175464454774,-0.005404144921941484,-0.6282477473162768,-0.09445043820930582,-0.3368328940669181,-0.03714108944052332,-0.24612878441298353,-0.027821292314935374,-0.14092482437529866,-0.007912419668853905,-0.1572551052887643,-0.03959069829493406,0.18423881879004544,0.018098807620781636,0.3106846496838244,0.04426870846036614,0.22237311910438992,0.026483966412212026,0.6815686907227974,0.08147534371520417,0.2863361307701217,0.037991923929765276,0.4885781906512171,0.06607456535022437,frac_graphite,0.6365505848644185,sharpness_c0,0.6815686907227974,imaging
261,0.010603048376408217,58.187461853027344,0.495058085184867,0.4966547370753395,0.5059067631997175,0.011813526399435004,1.1293581555122973,0.06537908455922167,-1.0827071947839202,-0.058525600522402695,0.09331681457229093,-0.015437232094357262,1.1281293076533916,0.06529039928061618,0.28574103273019075,0.02657243346531797,0.8770569550946539,0.04049518790011685,0.12589254643610673,0.028850228013569672,0.9897864027445675,0.05469228839696937,-0.654334388872537,-0.028060842461537935,-0.6861562134771912,-0.03869528684734469,-0.6064719996930936,-0.02819279364373638,-0.6289893555773789,-0.05892805455601721,-0.16219043021708768,-0.01550384355098532,-0.4002699937711992,-0.04877755591110848,frac_si,1.1293581555122973,p1_c2,0.9897864027445675,material
262,0.019880715705765408,96.92523193359375,0.4967180228298273,0.4996026145553859,0.5025852021896522,0.0065639543403454015,-0.07141394033072379,-0.02756561801942381,0.30004153079760615,0.07469544520452474,-0.7693252408252153,-0.12998256290567264,-0.07211739870168804,-0.02764241539368181,-0.06481490865585489,-0.01921204226010201,0.3173780415733318,0.06178689436232683,0.4732720371482058,0.08259656173942997,0.2303385592240217,0.060656636709087046,0.08258994571986376,-0.0033075737588627316,-0.14545140927641403,-0.02328497086811666,0.24900467911926422,0.025669989172463718,0.27246887993571556,0.04265056151165601,0.1483470545988818,0.014357570721189093,0.18372683045184426,0.0287081941841474,frac_pore,-0.7693252408252153,p1_c1,0.4732720371482058,material
263,0.015241882041086813,72.67410278320312,0.49970060485399115,0.4954276589903038,0.5035617164047325,0.009144682019392447,0.6131977572860334,0.09333968420253148,-0.49939939356114876,-0.07300986873727829,-0.18588249403304322,-0.021495790935742384,0.6121947517875821,0.09320281523520431,1.4496422602527943,0.16027534395971527,-0.20174525750769867,0.0010580254300508896,0.1375732498916759,0.010721167834834993,-0.3265223687718631,-0.007640839612978794,0.01070124335608444,0.009364700702482966,0.20446730335408492,0.004984493473366432,-0.10482409969821493,-0.010410027536669716,-0.6999678161640337,-0.09513830326048485,0.006712026290675249,-0.012317357963439106,-0.3034348479217078,-0.058340719884469386,K04_agglom_frac,1.4496422602527943,sharpness_c0,-0.6999678161640337,material
264,0.0,0.0,,,,,,,,,,,,,,,,,,,,,,,,,,,,,,,,,,,,,rare
265,0.0145791915175613,78.29492950439453,0.49060631938514093,0.49585033259957517,0.5096079816351757,0.019215963270351466,0.12040957392808146,0.043723218055078325,0.0857476235559585,-0.007191918199436848,-0.6073475397844912,-0.07211613926061226,0.11962218450688929,0.04363439901679273,0.35590491090948023,0.016253993656976693,0.6924140304417776,0.0944208893806035,0.47282882831588396,0.06654297810128426,0.6120765880684997,0.08104549857287745,-0.4216977834777914,-0.061162806846936375,-0.6319286850907381,-0.08558502844040279,-0.3390012576671563,-0.05243855180126045,-0.4564158132772932,-0.06974737762260977,-0.3243297695323334,-0.05137615146653663,-0.27819454767700863,-0.0390779567181396,frac_pore,-0.6073475397844912,p1_c0,0.6924140304417776,imaging
266,0.005301524188204109,36.584232330322266,,,,,,,,,,,,,,,,,,,,,,,,,,,,,,,,,,,,,rare
267,0.009940357852882704,56.759552001953125,0.5011950540427188,0.5007586449397179,0.4986085113897227,0.00278297722055465,-0.5940462199940783,-0.07481907480348153,0.6501478836623182,0.07283465975215321,-0.27932067980384323,-0.010374231784910547,-0.594521004271448,-0.0748805773939118,-0.3368328701635784,-0.03367006446576788,-0.2235377549601809,-0.00639477303780084,0.23182830756517447,0.01700865043297589,-0.28959986990927905,-0.043968634265242654,0.12585467581481838,0.020185060480718373,0.3199500415644733,0.034925371323052276,0.08505844110764449,0.01176444717288366,0.5508470042913479,0.06315521956562095,0.38873196673263255,0.021978744951207333,-0.06275091208212494,-0.009197456195556562,frac_graphite,0.6501478836623182,sharpness_c0,0.5508470042913479,material
268,0.0033134526176275677,32.05564880371094,,,,,,,,,,,,,,,,,,,,,,,,,,,,,,,,,,,,,rare
269,0.00728959575878065,40.71240234375,0.5029131021379594,0.49883192763249795,0.4988204132085467,0.005826204275918734,0.6452733771872226,0.06022538351400719,-0.5535430114859251,-0.050954466827381084,-0.0991385248903601,-0.004516026261165352,0.6442563372574025,0.06013579898573346,0.30199476978878964,0.02391024589434966,0.31402762764657544,-0.013012024995496967,-0.13168501442015934,-0.02043904443112078,0.36358136581353534,0.0021556464309590447,-0.15030848579883163,0.009871802466896644,-0.28556649956481683,-0.004557053384342252,-0.09833462192930421,0.011275142336015906,-0.539728803438713,-0.03817942482117716,-0.1461011282773639,-0.006519441964124386,0.25719541603862833,0.029770241099468284,frac_si,0.6452733771872226,sharpness_c0,-0.539728803438713,material
270,0.005964214711729622,41.199554443359375,,,,,,,,,,,,,,,,,,,,,,,,,,,,,,,,,,,,,rare
271,0.013916500994035786,83.74128723144531,0.5005368900297626,0.49999157061178084,0.4996309376655484,0.0010737800595252978,-0.04941396032026299,-0.008155710242321023,0.08404391844643136,0.023278193006630622,-0.3291878588348996,-0.03550020850691293,-0.05012704463460012,-0.008194807040816463,-0.14340147687976218,-0.019972978747619625,-0.19820272336799485,-0.02222683701974691,0.1951771400370797,0.029501202146925323,-0.2316928752116122,-0.00561618754398424,0.18208736572227044,0.015862578239368548,0.1836028115349232,0.01592555484546312,0.11901211462139036,0.005980851214581508,0.19451438177946528,0.02503029769612869,0.20389938283040165,0.029395890690296994,-0.015518024731288379,0.0010832959681817114,frac_pore,-0.3291878588348996,p1_c2,-0.2316928752116122,mixed
272,0.009940357852882704,54.13609313964844,0.4935952177625961,0.4952807467956282,0.5079366060392018,0.01587321207840353,-0.6276121605034795,-0.08400050996356642,0.7746893103233408,0.10875972148518798,-0.5868018789447246,-0.07935592277402934,-0.6280722582748304,-0.08404665715812527,-0.33683290326728776,-0.03243408064992298,0.6988243601024315,0.10437158370445743,1.057256911440775,0.11221377184603507,0.4321755838286993,0.09709130371946258,-0.8327193395868173,-0.08580419674530516,-0.8711043057939406,-0.09202369578311931,-0.7259204472812919,-0.08095591242573603,0.35529481214742437,0.04761969269582722,-0.7404990856562771,-0.07894013490738891,-0.5404431228906306,-0.049956359329513214,frac_graphite,0.7746893103233408,p1_c1,1.057256911440775,imaging
273,0.0033134526176275677,25.35993194580078,,,,,,,,,,,,,,,,,,,,,,,,,,,,,,,,,,,,,rare
274,0.00728959575878065,50.256385803222656,0.49912581670448053,0.5024493393768033,0.4988151156630761,0.0048986787536065,-0.02606224080088419,0.025215150117411753,0.18920525959782358,0.001996531538819209,-0.4995548600512896,-0.03902009356944552,-0.02678554250625703,0.02512554197813892,-0.33683289556834994,-0.029814417850313527,0.10182230253042297,0.012946214856410324,0.5865686410928004,0.04453021328695237,0.0117731076976255,0.025271052268163077,0.10574222992384567,0.021087061551274554,0.22945074697042728,0.027505710475325778,0.061312375284465814,0.014019307901101855,-0.35212970873739957,-0.039559927761496874,0.27674521890203785,0.02534004115473511,0.021426086767818105,0.016497844449427916,frac_pore,-0.4995548600512896,p1_c1,0.5865686410928004,imaging
275,0.0066269052352551355,42.57039260864258,0.49573014517506403,0.49927266421652455,0.5035175701924774,0.00853970964987194,-0.6665936858150678,-0.06577479166333833,0.5935281739851432,0.046439894960294464,0.1547444747089585,0.03190420374056413,-0.6670367273646323,-0.06581229217977097,-0.33683286251244526,-0.026949546314957697,-0.22885477179625313,-0.02388410714135222,0.09030329623165631,-0.004662449516974995,-0.20050980840928115,-0.025585199802360903,-0.1328646721115609,-0.024902616402388163,-0.26883687417029223,-0.02854716718262288,-0.1693221201927715,-0.024791061685027323,0.40714631684284136,0.047601598848616096,-0.4018600501670938,-0.03540250019401052,-0.21711526783459323,-0.023616146457991254,K01_si_frac_adm,-0.6670367273646323,sharpness_c0,0.40714631684284136,material
276,0.0033134526176275677,25.31989860534668,,,,,,,,,,,,,,,,,,,,,,,,,,,,,,,,,,,,,rare
277,0.013916500994035786,70.07313537597656,0.5063087736673757,0.5035752648032099,0.4929692742362705,0.014061451527458968,-0.18881535153561954,-0.02131030133017841,0.33795882613914,0.033423061957568334,-0.35261360271870107,-0.028363414370558157,-0.18946744179746153,-0.021374802851474698,0.030850479287321514,0.0016050378239912957,-0.16623085365308854,-0.027713919775820117,0.4129664121546402,0.016446057568961378,-0.140960183598299,-0.015804400215965315,0.6659033901166309,0.0700852070983669,0.732896215504368,0.07653895087850557,0.6046631297681917,0.06502030506333407,0.681108692200345,0.04279786273780454,1.0474978012871694,0.07673864648738742,1.050019446798799,0.0988844377123649,frac_pore,-0.35261360271870107,sharpness_c2,1.050019446798799,imaging
278,0.00728959575878065,41.167076110839844,0.49720438203325934,0.5006683300659419,0.5014638883983754,0.00559123593348132,0.37665843343319827,0.011846753805977482,-0.5182584455034649,-0.02645135566780974,0.5394174500685209,0.042238621184241404,0.37575892410794515,0.0118287515711071,0.2083831628793578,0.02547819780637162,-0.11193596644011125,-0.012269370231700178,-0.5603426893699649,-0.022387236653184258,0.026677035939042193,0.006775299077243742,-0.2805160946460294,-0.04168138092049836,-0.296836906160351,-0.033328003669042504,-0.40010653391866735,-0.03782084816551087,-0.3356408447899455,-0.02348444221848039,-0.6576336552317334,-0.05930267940379497,-0.44888261680079755,-0.020963715998535467,frac_pore,0.5394174500685209,sharpness_c1,-0.6576336552317334,imaging
279,0.012591119946984758,68.15715026855469,0.49568214089004997,0.5044350624015567,0.4997660250750486,0.008870124803113333,-0.7475784925853997,-0.1002785500588653,0.7550893514408044,0.09487784929249825,-0.07528224255748028,-0.007139818781803065,-0.7479860998395796,-0.10033276287765937,-0.3368328942532318,-0.036019696756253675,-0.29263220882921587,0.0034199756334288996,0.09000487752811018,0.017580487751428748,-0.39575021501680446,-0.00886531990117901,-0.2673231395596459,-0.02780865041299826,-0.26360718303245245,-0.034783423008296635,-0.3995513319563809,-0.04171223871740819,0.529619548171494,0.07275980702422405,-0.5303317424307116,-0.043797541440935894,-0.6923125768367265,-0.03924408229061836,frac_graphite,0.7550893514408044,sharpness_c2,-0.6923125768367265,material
280,0.005964214711729622,45.68141174316406,,,,,,,,,,,,,,,,,,,,,,,,,,,,,,,,,,,,,rare
281,0.0,0.0,,,,,,,,,,,,,,,,,,,,,,,,,,,,,,,,,,,,,rare
282,0.01126573889993373,58.50376892089844,0.5060523297237479,0.4980768952877311,0.4971799399611513,0.012104659447495836,-0.6459559222429773,-0.08156483434746148,0.7716240224828357,0.09324819569512595,-0.38555964115371827,-0.018352769361989058,-0.6464079937731674,-0.08163703962172503,-0.33683288119074783,-0.03367006446576788,-0.270104578246242,-0.025287708163087383,0.34371625161478236,0.01726902531709001,-0.38231341388653933,-0.0313569080553707,-0.0700756134384847,0.0021327791018071357,0.18256436059346628,0.016430922315132403,-0.1455692761953876,-0.004707758278055534,0.2982325467392235,0.03805095661590643,0.06572913762988145,0.015450171180522387,-0.09939442000314642,0.012260358710165082,frac_graphite,0.7716240224828357,p1_c2,-0.38231341388653933,material
283,0.005301524188204109,37.314170837402344,,,,,,,,,,,,,,,,,,,,,,,,,,,,,,,,,,,,,rare
284,0.00927766732935719,48.08501052856445,0.4959145826911707,0.5011608471776,0.5020042380363765,0.008170834617658551,-0.702832054465249,-0.0989451370322067,0.7453821122595583,0.08846322920317275,-0.19568868589661106,-0.0066793261678149505,-0.7032592402105127,-0.09899279336956197,-0.3368328867389415,-0.03115089719541056,-0.19955167617377384,-0.0024065623742590783,0.46442731042234225,0.03313354431039578,-0.2774469862333354,0.008635014658894323,0.029892280759566445,-0.011438850923472545,0.11999020542004482,0.008272254623818148,-0.056030398539656606,-0.02109746276420103,0.6347896996797775,0.0764647062467015,0.33409157973323206,0.038211795726022256,-0.09651361558408768,-0.017992507120640912,frac_graphite,0.7453821122595583,sharpness_c0,0.6347896996797775,material
285,0.009940357852882704,52.00267028808594,0.5069441988084831,0.49710269884926817,0.4972708811583966,0.013888397616966142,-0.40385459145663033,-0.022736824113437883,0.46923880116999256,0.044227104034356216,-0.17669445758888877,-0.010789969109177702,-0.4044125927557442,-0.02279838781463347,-0.33683290246975156,-0.034863871151342034,0.13907543921224746,-0.007328794003775042,0.30773847719066066,0.02077627186636396,0.2105589581359271,0.016678519066281015,-0.12261540033096695,-0.00044557827065735555,0.05564959614120323,0.024762321092268075,-0.1129768591036393,0.003738062984247803,-0.19809595106651545,-0.0047466427672628675,0.08975811846880091,0.006175365045909875,0.03836994737932502,0.008589314566575378,frac_graphite,0.46923880116999256,p1_c1,0.30773847719066066,mixed
286,0.005301524188204109,46.6558723449707,,,,,,,,,,,,,,,,,,,,,,,,,,,,,,,,,,,,,rare
287,0.0019880715705765406,19.074628829956055,,,,,,,,,,,,,,,,,,,,,,,,,,,,,,,,,,,,,rare
288,0.017229953611663355,86.86322021484375,0.4984562832556001,0.5031814919535469,0.4987462475719583,0.006362983907093778,-0.34382158744794294,-0.05520913771591952,-0.07256725660300395,-0.023765660918602757,1.1254893016633996,0.12534265836468403,-0.3444058557128544,-0.05529114945769139,-0.3368329086397914,-0.04329079070060326,0.11051005518666386,-0.0016818398086489619,-0.6088777727199413,-0.07657151703023708,0.22601473317454884,0.011556400958104977,-0.3942834177933437,-0.07971946985064475,-0.4037517403006847,-0.06190166500933358,-0.4922749180473755,-0.08361873272799623,-0.09319623943824142,0.01053036349321499,-0.6117589666748418,-0.09504051170591514,-0.5743450620746611,-0.08188590085074662,frac_pore,1.1254893016633996,sharpness_c1,-0.6117589666748418,material
289,0.0,0.0,,,,,,,,,,,,,,,,,,,,,,,,,,,,,,,,,,,,,rare
290,0.0033134526176275677,27.466148376464844,,,,,,,,,,,,,,,,,,,,,,,,,,,,,,,,,,,,,rare
291,0.0006626905235255136,8.36457633972168,,,,,,,,,,,,,,,,,,,,,,,,,,,,,,,,,,,,,rare
292,0.0066269052352551355,42.42671585083008,0.49573014517506403,0.4992774810097926,0.503514038495497,0.00853970964987194,-0.603533156960173,-0.05291030337781133,0.6023404073445437,0.039562866832277784,-0.011177757676613137,0.014414751532618696,-0.6040037902749495,-0.05294767967118576,-0.058322213457651845,0.00316729782279244,0.1893237356124131,0.024757346824133178,0.19608108464500174,0.030393382696762578,0.15461867205692334,0.00593618445341881,-0.573467778864562,-0.051798754232791344,-0.48081277731265776,-0.03679714512001342,-0.5968570177404303,-0.05242817217166917,0.4209698525071635,0.028234222588742613,-0.4753453174213165,-0.04228606357613175,-0.36785788361173055,-0.04820758264292804,K01_si_frac_adm,-0.6040037902749495,noise_sigma_c2,-0.5968570177404303,material
293,0.00728959575878065,47.99534606933594,0.49530315969257044,0.5042905586035152,0.5001368532579905,0.009393680614859123,-0.5414417820712637,-0.06594606081583015,0.6565768063209801,0.0709016975404802,-0.3752854911812098,-0.019505119717185694,-0.541939583012971,-0.0659638258198896,-0.33683288247604054,-0.028417121248368652,0.07145591155392206,0.018335337539337634,0.36496842126345724,0.026745591909781843,-0.11874101005225698,-0.0074038451798883855,-0.3443463860961835,-0.029598578936153107,-0.16531279457357664,-0.013317975716626369,-0.3906928288059679,-0.03691188591172008,0.31634332385682595,0.03995294351427676,-0.2513096210709678,-0.022658010547036155,-0.2553371161282398,-0.013547245769193375,frac_graphite,0.6565768063209801,noise_sigma_c2,-0.3906928288059679,material
294,0.00728959575878065,39.67744064331055,0.49530315969257044,0.5006562880827717,0.5028015186297016,0.009393680614859123,-0.5356811536879524,-0.04877380119347258,0.4621849464011097,0.036721483849278175,0.25118645409685386,0.033185207172468575,-0.5361814751279995,-0.04882757065019118,-0.336832874236745,-0.029814417850313527,0.3701122965339126,-0.013830329779753446,-0.05177791736404913,-0.00043908518902983326,0.4660432746988078,0.0002346389851218776,-0.5630325081828494,-0.03487718236906875,-0.44450619572775696,-0.008050784831512895,-0.447350184050911,-0.029859704535156715,-0.13455311969517764,0.014168678300282801,-0.3368106981691619,-0.0035318680660665716,0.018947346909113386,0.01001333932573398,K01_si_frac_adm,-0.5361814751279995,noise_sigma_c0,-0.5630325081828494,imaging
295,0.0,0.0,,,,,,,,,,,,,,,,,,,,,,,,,,,,,,,,,,,,,rare
296,0.01656726308813784,101.5946273803711,0.5198737739958261,0.49092636568131126,0.4927626699629172,0.039747547991652254,2.843236592083901,0.14393180253968413,-2.823030636009534,-0.158958414791605,-0.006791612024566199,0.014854704102151863,2.849523665692593,0.14492935055754133,1.6743659314713732,0.18351183449738964,-0.13195904741343792,-0.026693135568184704,-0.5750792244745672,-0.09792643345363157,-0.19107851030118644,-0.058946269051677304,0.8329836731232242,0.09073603240956933,0.2617519678474319,0.019925147144136894,0.7962104467333758,0.0765835711439333,0.15628997049242482,0.012154401439597179,0.4399075417101885,0.041776113027526755,0.1530216073995725,0.0037503405327266376,K01_si_frac_adm,2.849523665692593,noise_sigma_c0,0.8329836731232242,material
297,0.00927766732935719,57.392417907714844,0.49402220324508966,0.4957058288015337,0.5073265053858379,0.0146530107716758,-0.6449449740269194,-0.083051083691003,0.666152460442808,0.0871658943552252,-0.05234423228251189,-0.007418414737192532,-0.6453974878994666,-0.08306708818218064,-0.33683289652999465,-0.03243408064992298,0.7866132455601138,0.061889426794674705,0.1438222024581965,0.024724215665565274,0.821823579906155,0.05839069336873826,-1.1834668667428465,-0.10168906398455872,-1.1176848244943465,-0.09332869111870329,-0.9887223942394835,-0.08575950999881264,-0.007012379424781001,0.030777778179154922,-0.9785474625466015,-0.09148832561198221,-0.4807220453487651,-0.04012818679933417,frac_graphite,0.666152460442808,noise_sigma_c0,-1.1834668667428465,imaging
298,0.010603048376408217,61.28529357910156,0.4950732444327662,0.4984899353104664,0.5045505915592442,0.00985351113446764,-0.0010678429385028165,-0.0013998466848548846,0.19910032413967932,0.028162086369033737,-0.5563469226799164,-0.05272708959702563,-0.001802080762367514,-0.0014590619537558176,-0.12081022537945671,-0.014544168024466356,0.4147891182554113,0.05212046681640312,0.5652956298451376,0.04248969484486331,0.26712133349640205,0.05950449536466094,-0.36805005830674664,-0.04461226403915205,-0.26492808121846156,-0.03225249309265167,-0.26775777601050177,-0.03185541897803117,-0.16772221704387746,-0.01044650793852573,0.030711024028951373,-0.031963039035769025,-0.05156886558269535,-0.008955516390487904,frac_pore,-0.5563469226799164,p1_c1,0.5652956298451376,imaging
299,0.019218025182239893,92.3899917602539,0.5105483099965133,0.49830448876964656,0.4938707398905175,0.0210966199930267,0.0972317768118134,0.03163310718629161,-0.028077429703270443,-0.013629618537994192,-0.19225366369467362,-0.033798301551694505,0.09645452873956682,0.03152205326296449,-0.33683286121819517,-0.04871169672373329,-0.37356849218025584,-0.03104146184108096,0.1575451096092657,0.010444110084888575,-0.38757534785500153,-0.03192290801931662,0.38057874685968957,0.06430543104505922,0.5023528025905417,0.06331717107621082,0.3795211137574556,0.06322643012026873,-0.13320529439055537,-0.01120107446867384,0.4712326460324513,0.046809197194741,-0.009537972155059084,0.013886222565329325,K04_agglom_frac,-0.33683286121819517,noise_sigma_c1,0.5023528025905417,imaging
300,0.005301524188204109,40.31191635131836,,,,,,,,,,,,,,,,,,,,,,,,,,,,,,,,,,,,,rare
301,0.0026507620941020544,22.517900466918945,,,,,,,,,,,,,,,,,,,,,,,,,,,,,,,,,,,,,rare
302,0.0066269052352551355,47.05451202392578,0.49573014517506403,0.502899709547366,0.500858202366237,0.00853970964987194,-0.5781839948785329,-0.05584016584221365,0.34165334590627705,0.02592002979537521,0.6796117963835553,0.060581670316339646,-0.5786657195336865,-0.055896255195248004,-0.33683288024441516,-0.025399510963926338,0.17352750348364254,-0.007215167758546214,-0.2876103419893025,-0.029626974848242876,0.26248047180382966,0.009623130913365259,-0.4705388938575922,-0.043825513443799716,-0.49579018655077367,-0.03381170886290185,-0.5326489668767006,-0.04549540444619187,0.426572430207663,0.03692452969781301,-0.7671381488823688,-0.05971158297025457,-0.6162677863843791,-0.04489135900480001,frac_pore,0.6796117963835553,sharpness_c1,-0.7671381488823688,imaging
303,0.008614976805831677,45.379730224609375,0.5001755946214989,0.4961405443939751,0.5027070457354759,0.007718911212049817,-0.6815052360187261,-0.07405662451694162,0.8980219088645363,0.10246518863564615,-0.7468205534141659,-0.07778676951543592,-0.681941753154454,-0.07407310767740898,-0.3368328792559462,-0.03243408064992298,-0.19314723403537123,0.018902523625486625,1.2786868244979048,0.08551885361544338,-0.34774089606991304,0.004599077447496092,0.07042985698451414,-0.0033501647593915775,0.4322850440052487,0.019251426062460063,0.10913815404842274,0.0004891420318319153,0.5345115371680648,0.05937030135597172,1.065353506009493,0.05845812346342522,-0.2417235181761518,-0.024978314934167772,frac_graphite,0.8980219088645363,p1_c1,1.2786868244979048,imaging
304,0.005301524188204109,37.358890533447266,,,,,,,,,,,,,,,,,,,,,,,,,,,,,,,,,,,,,rare
305,0.005964214711729622,44.978065490722656,,,,,,,,,,,,,,,,,,,,,,,,,,,,,,,,,,,,,rare
306,0.005301524188204109,39.738094329833984,,,,,,,,,,,,,,,,,,,,,,,,,,,,,,,,,,,,,rare
307,0.008614976805831677,57.837890625,0.49634535798563906,0.49797694682741916,0.5040376125728412,0.008075225145682374,1.11883221631613,0.10001527334295239,-1.0183032743843474,-0.09621601694664927,-0.05650712758959587,-0.01459575540358587,1.1176079740572842,0.09991685294606642,1.11807592905012,0.06613262777815654,0.5576001414163253,0.047895615219647664,0.28222347278106147,0.014611666173800933,0.5288900032316435,0.02652194948850092,-0.47541662010685726,-0.016361233731389264,-0.5185577443217789,-0.03230518041048785,-0.4728320700770298,-0.019131333184930235,-0.7983548315296367,-0.08134702522870313,-0.1100893367397624,-0.012134725848969461,-0.30495356530539713,-0.017492598292202368,frac_si,1.11883221631613,sharpness_c0,-0.7983548315296367,material
308,0.0066269052352551355,38.03600311279297,0.4976376838690442,0.4992606222333544,0.5021931838248278,0.004724632261911554,-0.4904642381040717,-0.05997574130826072,0.6961046320396032,0.07882133768307127,-0.6304804617620494,-0.05649303685145197,-0.4909843439567501,-0.06003197975856867,-0.3368329040382529,-0.028417121248368652,0.8917439468669757,0.05488757911601621,0.7357140113419329,0.05482793002935351,0.7449620403949089,0.0550373545943296,-0.7802506436582383,-0.03885781311342001,-0.933789150609404,-0.052866016275502754,-0.6345752119225706,-0.025377214637926065,0.32384247895629126,0.03939011461216421,-0.6446193567870462,-0.03868356012211389,-0.29449717685707977,0.005175327744598026,frac_graphite,0.6961046320396032,noise_sigma_c1,-0.933789150609404,imaging
309,0.008614976805831677,50.885860443115234,0.5039502473483949,0.4961574031704133,0.5000565071516863,0.007900494696789773,-0.04464505968919709,0.02333563549856594,-0.489780270638251,-0.07560484770175763,1.4815391546013656,0.11552164878429007,-0.03974384362197671,0.02415864681607084,-0.2030687775516577,-0.0066234593588076094,-0.2665450799616984,-0.0370354136907622,-0.411664444346771,-0.04331433949807076,-0.1670490052814446,-0.05123461423998182,-0.33438387686911264,-0.027267181135561966,-0.1111531688204995,-0.0014397945886574263,-0.45872229438602397,-0.038638817028683575,-0.3875239651846264,-0.05070526589332574,-0.07850614610327628,-0.0013716157818119878,-0.5081939571306282,-0.04247889832822787,frac_pore,1.4815391546013656,sharpness_c2,-0.5081939571306282,material
310,0.0,0.0,,,,,,,,,,,,,,,,,,,,,,,,,,,,,,,,,,,,,rare
311,0.009940357852882704,59.33895492553711,0.5031164887139399,0.5007658701296199,0.4972602860674554,0.00623297742787976,-0.0320364029727867,0.016210902858389845,-0.2342715559998442,-0.042755050394468676,0.7940130689912085,0.0601235455734146,-0.03275709073864432,0.01616487735002346,-0.33683290032998014,-0.03367006446576788,-0.3010607304617799,-0.037932694854171355,-0.682484680926709,-0.06255735425813298,-0.1813422765332759,-0.029569952548750212,0.14291653461958703,-0.0011814475276900164,0.039117472014244495,-0.0043893834412074145,-0.012188486139032229,-0.013321771020856863,-0.28026863957357856,-0.02548921720083408,-0.31345618790687924,-0.02946655735231654,0.10597754260534385,0.005073791745636493,frac_pore,0.7940130689912085,p1_c1,-0.682484680926709,material
312,0.0013253810470510272,14.729726791381836,,,,,,,,,,,,,,,,,,,,,,,,,,,,,,,,,,,,,rare
313,0.013253810470510271,74.83000946044922,0.506710493736704,0.4985429200364149,0.49637824474660075,0.01342098747340792,0.5671978225127873,0.08320098061610662,-0.4445516046232494,-0.05895276456472506,-0.4590019911555411,-0.08649918968289672,0.5662149439686286,0.08310748280836595,0.2782301499299644,0.05350697079236705,0.22960908151621076,0.05314938344779078,0.39995444425396154,0.041939489904217454,0.11231666309025187,0.035522461765400276,0.3656274832606444,0.05997259365713828,0.11258444635696511,0.02231042823891039,0.4015981256820523,0.05888679561742324,0.154111638068769,0.02308398834174469,0.3857302277997504,0.04882079982126787,0.07852101736690695,-0.010794932856317743,frac_si,0.5671978225127873,noise_sigma_c2,0.4015981256820523,material
314,0.01855533465871438,103.30673217773438,0.495687193972683,0.4950411113305428,0.5066501854140916,0.013300370828183139,2.1851207305761697,0.18567279474597925,-2.1451845223280857,-0.18357450648353432,0.42666088180367967,0.04479317459242193,2.1834299411155706,0.18562785251612002,2.005328241303896,0.2907573282967527,0.42268426098801637,0.04584692534905826,0.0436331319734338,0.017168061630191366,0.42124913785322693,0.026808020568103257,-0.039776148404421494,-0.012957916763454917,-0.20908519978070111,-0.03553119396323087,-0.0013707251395483518,-0.013220717242012242,-0.6913501955411785,-0.1122086826350321,-0.004298916438870052,-0.00917666740698225,0.20451744524186488,0.012756834785503277,frac_si,2.1851207305761697,sharpness_c0,-0.6913501955411785,material
315,0.005964214711729622,44.184410095214844,,,,,,,,,,,,,,,,,,,,,,,,,,,,,,,,,,,,,rare
316,0.02253147779986746,128.13372802734375,0.5141309455833531,0.4942318900615104,0.49435281652834184,0.0282618911667063,3.084443171899077,0.2240057681325422,-2.801832323533365,-0.2154144289167147,-0.2779390109783835,-0.05367734449859245,3.082358890127056,0.2239955375386066,2.465120714113105,0.3545596191724003,0.22799778941218057,0.0018084012939645296,-0.13454547463839822,-0.01854246617951421,0.1899334578367403,-0.0024977648538081305,0.603586120849245,0.11239611201997125,0.06561883660338641,0.032628682599064894,0.6490912241903175,0.11348679408452732,-0.1528304489050179,-0.027751125449025398,0.30007407777591805,0.06685293142107884,0.3621300759347683,0.08372512586253755,frac_si,3.084443171899077,noise_sigma_c2,0.6490912241903175,material
317,0.019218025182239893,104.74906921386719,0.5010573575409679,0.5091543156059285,0.49254900229560306,0.018308631211856996,0.41848967715254376,0.07078047454326802,-0.7405065397295845,-0.09138992749387273,0.924608951712839,0.09685051301397501,0.41757186485073394,0.07065866318625087,0.02100238518636681,0.013319697804067806,-0.37161748600113875,-0.06472080220699308,-0.6419095236568065,-0.0765510756802608,-0.2693082507411244,-0.053693170641507935,0.471144699174178,0.05919320835258485,0.5179892284488534,0.059853573074545294,0.46270748155912733,0.062137384452485483,-0.2817064733346585,-0.03202406056165796,0.21503287462598478,0.03536356711200277,0.2813181023594417,0.043831112503384895,frac_pore,0.924608951712839,p1_c1,-0.6419095236568065,material
318,0.0,0.0,,,,,,,,,,,,,,,,,,,,,,,,,,,,,,,,,,,,,rare
319,0.011928429423459244,71.21775817871094,0.5055988155574308,0.49944606877417425,0.4964930248984637,0.011197631114861606,0.7115418635898129,0.10380312859045336,-0.8123533757252337,-0.1074602293715766,0.3772972154360099,0.017054402087669455,0.7189147334900592,0.1045754995967912,0.8732365913442216,0.10801309803145562,-0.21827069116510892,-0.013207381136540509,-0.14486409960025,0.003374886953212763,-0.20167825000643272,-0.024244235158589967,-0.08455390155696052,0.019248233502388537,-0.11789994700712601,0.010712951180693786,-0.16188619621121542,0.0061882932481076664,-0.7017322544789121,-0.08575780230373746,-0.16166770217489249,0.0005395513763036909,-0.1840220865774795,0.016596497818111407,K04_agglom_frac,0.8732365913442216,sharpness_c0,-0.7017322544789121,material
320,0.01126573889993373,78.41322326660156,0.5080167155973501,0.49806003651129294,0.4958193536994526,0.016033431194700132,2.0866646853297843,0.12708850802557958,-2.039509154614639,-0.13073571134003653,0.20741574613394753,0.016019942228278967,2.0850169746275133,0.12703109864620468,2.933930385476679,0.27408707399778776,-0.4444225937423514,-0.05068408884563063,-0.5734025354350452,-0.04504517338283837,-0.39279967039154373,-0.04031453570049686,0.8092980923730894,0.06512061453155855,0.2794942615862318,0.006742237792646099,0.7453044306828934,0.05586867584097036,-0.2435559341002094,-0.03802611187569586,0.2234468899573954,0.017067629676999454,0.2997108143070007,0.03429152999984473,K04_agglom_frac,2.933930385476679,noise_sigma_c0,0.8092980923730894,material
321,0.0,0.0,,,,,,,,,,,,,,,,,,,,,,,,,,,,,,,,,,,,,rare
322,0.015904572564612324,94.28288269042969,0.4992243518158252,0.5004335113941246,0.5002242627582553,0.0015512963683496084,1.131130267506759,0.13349348686940266,-0.9653348075255446,-0.1135250901350602,-0.2191281822100228,-0.02401656265850486,1.1299006442450066,0.13338423381377565,1.288184964544868,0.13763250695258403,0.20394927790743764,0.0008970604350845801,-0.11844034009743834,0.0012341948542470829,0.279099196877905,0.013984094065952976,0.09699092736016073,0.04173569266429383,-0.02915261487611942,0.02057199045103042,0.13694767312943287,0.03867088180887981,-0.7064158124117561,-0.09507013410493302,-0.08570546519621103,0.01098039752535806,-0.07843654109858997,0.007232352731683438,K04_agglom_frac,1.288184964544868,sharpness_c0,-0.7064158124117561,material
323,0.0066269052352551355,34.353416442871094,0.5052829978928646,0.4974495079645676,0.498177644358114,0.010565995785729143,-0.6546907814207149,-0.07090771397767583,0.8550390134655024,0.0987440534286847,-0.6878065229767809,-0.06812600273020307,-0.6551390310568674,-0.07094528903471653,-0.33683288929434846,-0.028417121248368652,-0.28982632900520766,0.020365167506127404,0.3798220702890849,0.0539922319473848,-0.36844805972322514,0.008937755023769993,0.7162255761016325,0.055704137759321815,0.778515527191377,0.07149873192798463,0.7956909089597818,0.06415339323867028,1.0698293346436465,0.08386609452646088,1.1882624057742392,0.10109959272810273,0.5923165715069904,0.06238966603613996,frac_graphite,0.8550390134655024,sharpness_c1,1.1882624057742392,imaging
324,0.005964214711729622,38.85314178466797,,,,,,,,,,,,,,,,,,,,,,,,,,,,,,,,,,,,,rare
325,0.008614976805831677,63.13360595703125,0.5097019186554758,0.4961646283603154,0.4960312555182765,0.01940383731095152,2.5237260112305426,0.0994312869656713,-2.244338131161995,-0.09727446299725417,-0.5715639020773712,-0.042551145948461676,2.524469465242217,0.09982296000645735,2.137767341888446,0.13742302987621496,-0.2189737254429266,-0.02402333343273315,-0.6327277295809757,-0.03393709568850194,-0.22568878294128103,-0.03459407400363247,1.1330490774913045,0.08530585772133732,0.5952916804276052,0.05245224691410598,1.1090737444315475,0.07853485125559705,0.2830724083291857,0.018588717151313303,0.6875491651101052,0.0667965442611497,0.43315172385690376,0.03954787505902882,K01_si_frac_adm,2.524469465242217,noise_sigma_c0,1.1330490774913045,material
326,0.0066269052352551355,45.417049407958984,0.49953258985644194,0.5010813700886771,0.4995338159985873,0.0021627401773542942,-0.13854429858127665,0.01965550517138042,0.23245727434408447,0.004758756149755454,-0.3627042405632661,-0.030380272772680007,-0.13921838452368607,0.01959899314762653,-0.336832886784748,-0.028417121248368652,0.59257012590498,0.024918632773748773,0.19082838947023728,0.01801983810349936,0.7335832569822742,0.0475186759815669,-0.2835827627914096,0.0017513267155064949,-0.2551363025972485,0.00897280962183391,-0.15537507032500478,0.011245901180813351,-0.4003433412508666,-0.015839076931745123,-0.027151475894362148,0.009201137655548823,0.4277508245176742,0.051686727329057255,frac_pore,-0.3627042405632661,p1_c2,0.7335832569822742,imaging
327,0.009940357852882704,59.198936462402344,0.5088151026533736,0.49892224250627387,0.4946291718170581,0.017630205306747193,-0.3782727633525206,-0.034846364056878555,0.5309511899769394,0.05527554964834026,-0.5136757470241307,-0.048329610026501504,-0.3788419577359382,-0.03487709503402691,-0.3368328802262041,-0.03367006446576788,-0.2753000193137123,-0.01837041562570857,0.5365412175544928,0.019532285757781293,-0.39183322141444077,-0.04907711879140458,0.2038460039062791,0.042854707347834226,0.3205297159917437,0.035671910800524446,0.2081676992394621,0.04253724282794135,0.289632529036178,0.04421815832238987,0.2752334099205054,0.02898501535594427,-0.2512212618650251,-0.01638062870371747,frac_graphite,0.5309511899769394,p1_c1,0.5365412175544928,imaging
328,0.005301524188204109,36.587921142578125,,,,,,,,,,,,,,,,,,,,,,,,,,,,,,,,,,,,,rare
329,0.005301524188204109,36.934932708740234,,,,,,,,,,,,,,,,,,,,,,,,,,,,,,,,,,,,,rare
330,0.007952286282306162,55.608760833740234,0.49868872505672085,0.49659693555612283,0.5034116192830654,0.006823238566130874,-0.09926067029382557,-0.03799532565555208,-0.24685920743210885,0.011330780829027096,0.7366622552748436,0.030826179237653344,-0.09895396651090098,-0.037602504833886226,-0.3368328924313492,-0.03115089719541056,-0.17292069568172957,-0.01667394054717698,-0.4536643185871086,-0.02129946413664632,-0.06594019900000499,-0.01869766739588638,-0.23772089390730444,-0.03643436178343208,-0.016246222017257207,-0.02528190577186663,-0.27833696229595634,-0.0374233560434805,-0.07610714453231229,0.0057937899356892385,-0.26015175562534565,-0.03620892271950027,-0.4554148085154221,-0.0702684224004871,frac_pore,0.7366622552748436,sharpness_c2,-0.4554148085154221,material
331,0.003976143141153081,32.933170318603516,,,,,,,,,,,,,,,,,,,,,,,,,,,,,,,,,,,,,rare
332,0.005301524188204109,36.70738220214844,,,,,,,,,,,,,,,,,,,,,,,,,,,,,,,,,,,,,rare
333,0.005964214711729622,38.40904235839844,,,,,,,,,,,,,,,,,,,,,,,,,,,,,,,,,,,,,rare
334,0.005301524188204109,39.57978439331055,,,,,,,,,,,,,,,,,,,,,,,,,,,,,,,,,,,,,rare
335,0.007952286282306162,51.64103317260742,0.49870135776330354,0.49838878265183745,0.502088998763906,0.004177997527812005,-0.6250263859360391,-0.06660324849867724,0.5882579007156667,0.05896014265173968,0.05498396001644428,0.01815975313118942,-0.6254876149924705,-0.0666375497638364,-0.33683287549154534,-0.03115089719541056,-0.15075124877306437,0.013030323191594998,-0.11004258059777564,-0.00278276172380354,-0.35907949996845084,-0.012886612492572965,-0.5466264634284392,-0.04094486767061017,-0.4047554314477741,-0.034479482314486366,-0.7523139890448929,-0.05761241905857789,-0.16936219762605212,0.017832247871311147,-0.5651952440945012,-0.047525707885997075,-0.7272797588705391,-0.053679006224839225,K01_si_frac_adm,-0.6254876149924705,noise_sigma_c2,-0.7523139890448929,imaging
336,0.013916500994035786,87.80653381347656,0.5005571023602949,0.49264114408473697,0.5050061804697158,0.014717711830526059,1.8642994590644364,0.13356805038686745,-1.750943712753991,-0.1276196850956254,-0.19767584105930952,-0.03160697789890159,1.8627490426784676,0.13351641435151881,1.4897954436684702,0.14420027696949822,0.6436303249929868,0.06098363668910299,0.2524463783630728,0.03401964682810517,0.586066348698841,0.041977103860397595,-0.15285356347964119,-0.004898458850716729,-0.42654023321588375,-0.03223434798225723,-0.04257238632546383,0.006771441009744539,-0.5663189779327373,-0.07421463340369841,-0.3170495427487096,-0.026336326771359747,-0.13671478641072662,-0.0008848998222147969,frac_si,1.8642994590644364,p1_c0,0.6436303249929868,material
337,0.02385685884691849,111.47238159179688,0.4960813344180618,0.5042604536455899,0.49961504502913656,0.008520907291179824,-0.06438053310349938,0.029889444334777412,0.1365941889889607,-0.0016807754372168773,-0.22987608993385059,-0.03685809815863168,-0.06508706891146175,0.02976008835450286,-0.3368328980779506,-0.054405169921129266,0.1047781530802642,0.0215481337916481,0.14520413013914482,0.04295801991716764,0.14496703598042607,0.03125325162721696,-0.07909886267088233,0.004658813471652841,0.01968819120079468,0.022517847240561613,0.06176099768083096,0.03008200996559041,-0.2974517316655169,-0.04063809597362745,0.12838556410106644,0.034742990095802416,-0.09376181642392623,0.0016500324924329252,K04_agglom_frac,-0.3368328980779506,sharpness_c0,-0.2974517316655169,mixed
338,0.007952286282306162,47.79109191894531,0.5044113411386616,0.49839119104847146,0.49809641532756493,0.00882268227732319,-0.2872381593416692,-0.01687440143972295,0.554502118238214,0.0544569006297097,-0.774534531510179,-0.07120773195823886,-0.2878471853554925,-0.01690858932938433,-0.33683290435195196,-0.03115089719541056,0.32752295537565873,0.006860138171404591,0.8197339988482616,0.05816430994557004,0.23750720677736442,0.01783665820960456,0.312383276416207,0.03939444369836928,0.3778175367727004,0.05130609640037892,0.43931975332408263,0.04997931811919695,0.2710048910734866,0.02797067086698866,0.8988600172681933,0.05528974552231467,0.41535237555429777,0.0477596369189257,frac_pore,-0.774534531510179,sharpness_c1,0.8988600172681933,imaging
339,0.00728959575878065,53.22539520263672,0.49720438203325934,0.4988271108392299,0.5028138795691329,0.005627759138265853,-0.027928919847000636,0.021963862025253942,0.1590212181187109,0.00037931598669776887,-0.35794184636655446,-0.03257607585716457,-0.02865140476159296,0.021856702042038014,-0.3368328780011458,-0.029814417850313527,-0.33546202692525373,0.007488871105262523,0.5050999482422678,0.039268738278507666,-0.41829351530813125,-0.012652699807814569,0.05777908428363296,0.013739256191180079,0.1357174588075086,0.014292983768150849,-0.06196236709036313,0.01105843437668373,-0.5590354033931584,-0.04136348881907788,0.18591431137012976,0.03433098015456151,-0.22369004086561686,0.011660419365321879,frac_pore,-0.35794184636655446,sharpness_c0,-0.5590354033931584,imaging
340,0.012591119946984758,69.0585708618164,0.5033704061162512,0.5043772608823401,0.4944349284831362,0.011130143033727613,-0.4091090128806791,-0.0361139909652117,0.10465923489660445,0.0061330192906163495,0.8149377064953818,0.05600803463846087,-0.4096647151687951,-0.03615465068171171,-0.33683291376295416,-0.03929228768412859,-0.4249397995459329,-0.04300567812010407,-0.4572164488705985,-0.04469931037327407,-0.3074559984362661,-0.029363993401514674,0.30983574538084563,0.02149853966396798,0.4342029337607931,0.04442100212852229,0.2511854906992368,0.013114789450724744,0.1095186758732351,0.02856857136543845,0.43196110028469215,0.04910970099293582,0.035326756154573855,0.011033012832859384,frac_pore,0.8149377064953818,p1_c1,-0.4572164488705985,material
341,0.007952286282306162,51.97428894042969,0.49487617421007685,0.49476896251089797,0.507416563658838,0.014833127317676054,-0.3725748515071647,-0.03615632808485582,0.34212442888490896,0.03206050396167109,0.06771861790947477,-0.0052270496590382225,-0.3731465389997391,-0.03620770069554664,-0.33683288427514735,-0.03115089719541056,1.2351756158283629,0.08051981877256091,0.3127631699975193,0.0384683095942877,1.206361228909787,0.09133084820437584,-1.245192681473706,-0.10294768412573417,-1.2581506280136323,-0.10162819262702105,-1.077360742370356,-0.08702518693428636,-0.24439303755144576,-0.0008492497865980875,-0.8737089787283084,-0.08268227911510376,-0.4378488400136841,-0.048965943450689685,K01_si_frac_adm,-0.3731465389997391,noise_sigma_c1,-1.2581506280136323,imaging
342,0.0026507620941020544,27.72551155090332,,,,,,,,,,,,,,,,,,,,,,,,,,,,,,,,,,,,,rare
343,0.011928429423459244,66.193115234375,0.49421422038514595,0.5012234654900846,0.5031467420095356,0.011571559229708095,0.3424259294416595,0.06949706220660778,-0.27316511513749236,-0.05573401554434949,-0.1734166484765518,-0.012739243585403156,0.3415413982863361,0.06939899964091277,-0.163269487637702,-0.017634587064677416,0.8231309067435786,0.048120438193550365,-0.007110292704798446,0.008182158984123255,0.9180465746101307,0.07020330623845765,-0.41479738966943513,-0.027857487766185837,-0.5582519465504826,-0.04546383362849097,-0.295888217053623,-0.017867429916920106,-0.539742993508165,-0.06552579572321465,-0.271085646052729,-0.030196156579157248,-0.12289538189305378,-0.017276211463345424,frac_si,0.3424259294416595,p1_c2,0.9180465746101307,imaging
344,0.0026507620941020544,21.737945556640625,,,,,,,,,,,,,,,,,,,,,,,,,,,,,,,,,,,,,rare
345,0.005301524188204109,36.72985076904297,,,,,,,,,,,,,,,,,,,,,,,,,,,,,,,,,,,,,rare
346,0.008614976805831677,48.661556243896484,0.49444918872758326,0.5052045451261278,0.5000635705456471,0.01110162254483349,-0.7915135362022658,-0.11079599262554143,0.8770235512836208,0.1049063555274928,-0.2675062217955339,-0.017200721008760824,-0.7919019200613479,-0.11079599233532465,-0.336832923698344,-0.03115089719541056,0.18303456710951144,0.015292474913341706,0.27768686446091023,0.01907098230529003,0.2378925810905772,0.027848345646410012,-0.41351424420695304,-0.035356678389404254,-0.41579331514474066,-0.030834405371999853,-0.31540526271195346,-0.02756598973209319,0.8918964524948001,0.10012038149756297,-0.3016299838785077,-0.017570093051215166,0.06093715000476904,0.01724933630937784,frac_graphite,0.8770235512836208,sharpness_c0,0.8918964524948001,imaging
347,0.011928429423459244,74.93052673339844,0.49610659983122707,0.5048216100613178,0.499185943846018,0.00964322012263552,0.5154676666784008,0.06572032321164324,-0.6786090997551646,-0.0762641492626471,0.5960325838381265,0.07073868192605226,0.5145074223470237,0.06559393771359184,-0.00029717172484053345,-0.014779507925476009,0.048415414188767214,-0.04064483599950858,-0.21647911106616136,-0.03285846724164531,0.15345724418998805,-0.02684931567427763,-0.35225727274920804,-0.011897876735310136,-0.23885238788683444,0.009214308789138986,-0.4126313489108173,-0.01765223709724398,-0.7974681368263026,-0.0746918175242499,-0.23251818379448996,-0.005416704322047046,-0.46598160132702654,-0.012115316746737145,frac_graphite,-0.6786090997551646,sharpness_c0,-0.7974681368263026,imaging
348,0.0066269052352551355,40.42387771606445,0.499537642939075,0.4974470995679336,0.5021949496733179,0.0051058008641328145,-0.3201624816828424,-0.018481589473476726,0.5256956031675042,0.04787811565018042,-0.615243259591722,-0.05847256784868379,-0.3207571018386401,-0.018519139816490324,-0.3368328817655467,-0.028417121248368652,0.17596494005997837,0.03139955470572328,0.8093753792876043,0.073429614036662,0.05290897919670717,0.02967466815057373,-0.30898467040852345,-0.01634160736588454,-0.15579111536206888,-0.0013394764198157959,-0.21643991316126215,-0.007959026193949727,0.02668376021021561,0.0002224881242761882,0.032952703553234944,0.018567035309305077,0.072567724624687,0.021852816866316346,frac_pore,-0.615243259591722,p1_c1,0.8093753792876043,imaging
349,0.00927766732935719,53.24530792236328,0.5035472640084082,0.4975482522265627,0.4993183824827829,0.007094528016816426,0.24232076029452668,0.0016969302674338179,-0.008894262577432317,0.022852887312316748,-0.6034614690402562,-0.05841468480061187,0.24148002949412048,0.0016335003004403507,-0.19167672616024095,-0.01298588504242987,0.08806988846359,7.33164375975807e-05,-0.009461014378490937,-0.0012327553574413732,0.0160958273874778,-0.004599277390914806,0.2600391248021934,0.022443041705403982,0.026958461078611884,0.0030569848780293645,0.38290871177376357,0.03594406769130884,0.14142822361376606,0.026709369352563263,0.18118709897925056,0.02465266221277997,0.272431139695743,0.030655211926847496,frac_pore,-0.6034614690402562,noise_sigma_c2,0.38290871177376357,material
350,0.00927766732935719,58.13035583496094,0.4978398071743667,0.4993328741323751,0.501998940490906,0.004320385651266578,-0.26825456613306714,-0.00661590705103573,0.40395449779283493,0.034613506995155946,-0.4169601644679579,-0.05118360005137531,-0.26887189823435803,-0.00669555201652161,-0.2379846618071535,-0.011893180597831371,0.36747734767083107,0.03708738216409964,0.28623143879658736,0.016882552060633934,0.2251425294452048,0.05092661993882447,-0.18819220217425991,-0.011739672418760139,-0.1848514555555088,-0.009585635719022517,-0.04121200825341284,-0.0010154407903932322,-0.2725264547266685,-0.01019400849643316,-0.103600648094738,-0.014622124457456219,-0.16003204834880766,-0.013891311611251166,frac_pore,-0.4169601644679579,p1_c0,0.36747734767083107,mixed
351,0.004638833664678595,40.177120208740234,,,,,,,,,,,,,,,,,,,,,,,,,,,,,,,,,,,,,rare
352,0.005964214711729622,33.82715606689453,,,,,,,,,,,,,,,,,,,,,,,,,,,,,,,,,,,,,rare
353,0.010603048376408217,73.86925506591797,0.4969908892920126,0.500303457975887,0.5018806286420625,0.006018221415974745,1.2691464917843673,0.0855302702235503,-1.384601797282404,-0.0915295169695366,0.48439901103682026,0.044038386850976836,1.2678564804766659,0.08548587823101667,1.6188351540088664,0.1369351799803754,0.05590893828889015,0.0022002534893331644,-0.03732127307511188,0.005853501937509438,0.10825213283528477,0.015838172455311134,0.024690230269947794,-0.008507968928980585,-0.0570542591190224,-0.007139538646511861,-0.04365466089091086,-0.01348520465932111,-0.6557148407916651,-0.06474778585461716,-0.2177962510216891,-0.00952603852572816,-0.00951912693826995,0.003980446046235098,K04_agglom_frac,1.6188351540088664,sharpness_c0,-0.6557148407916651,material
354,0.0033134526176275677,29.474760055541992,,,,,,,,,,,,,,,,,,,,,,,,,,,,,,,,,,,,,rare
355,0.007952286282306162,50.02122116088867,0.5044113411386616,0.5002191640936963,0.4967561363235034,0.00882268227732319,0.1291111161277972,0.018389544385086814,-0.11688274276923263,-0.02094188236530264,0.1394928658838732,0.020314238936817202,0.12831991942430676,0.018303847490749973,-0.3368328830203471,-0.03115089719541056,-0.5222405851762426,-0.04478501637625512,-0.25297101927025195,-0.018704218053279376,-0.46701743422921127,-0.05134538428352656,0.5421013446299102,0.04185561321251128,0.8133726256023175,0.07395857628062429,0.4716886101235386,0.03621952387024047,-0.3144081409738011,-0.024281765516381913,0.5851061042650147,0.055768318241596726,0.3244061322531512,0.02638433464669888,K04_agglom_frac,-0.3368328830203471,noise_sigma_c1,0.8133726256023175,imaging
356,0.005301524188204109,29.739566802978516,,,,,,,,,,,,,,,,,,,,,,,,,,,,,,,,,,,,,rare
357,0.01656726308813784,91.88398742675781,0.5065222664086225,0.5054706729541876,0.4914303372770616,0.01713932544587682,-0.387297449010693,-0.05769501752398751,-0.11707328718524572,-0.029583026345590558,1.5606614628638389,0.15269116204483713,-0.3871371618373106,-0.057600904861197934,-0.3368328998490949,-0.0442371946856946,-0.6210943647916425,-0.10760230530173924,-0.8142699295536269,-0.10944175336878133,-0.49522418366493365,-0.08676700320706143,0.21724773093949476,-0.005917847187230376,0.38713250217507084,0.03426091583963918,0.035972839363515814,-0.028706800985492678,0.26345767590117036,0.04633823493159829,0.014767853646552233,0.00031242044137977577,-0.2986980157413611,-0.04862570098444702,frac_pore,1.5606614628638389,p1_c1,-0.8142699295536269,material
358,0.0,0.0,,,,,,,,,,,,,,,,,,,,,,,,,,,,,,,,,,,,,rare
359,0.0,0.0,,,,,,,,,,,,,,,,,,,,,,,,,,,,,,,,,,,,,rare
360,0.009940357852882704,57.7234992980957,0.4954888604793353,0.5007201105935735,0.5026249337806816,0.00902227904132935,0.3893688344692842,-0.03094652134313592,-0.23825934716596572,0.03533653294602104,-0.27400352430482827,-0.020240586322572546,0.38846376372646935,-0.031038551869102263,0.25625990096990336,0.013934114015288128,0.5383090835317796,0.03487634883818183,0.27192384207919773,0.02537759302584492,0.48494094711143493,0.04178821293670299,-0.541639906453174,-0.04708465736553925,-0.5057003046939891,-0.03510696832375233,-0.46820258743631044,-0.03354588449311213,0.008347777073643918,0.015222889392091588,-0.132822663088159,-0.008887064545339307,-0.22458095563253896,-0.015481586361695459,frac_si,0.3893688344692842,noise_sigma_c0,-0.541639906453174,imaging
361,0.04108681245858184,195.81503295898438,0.5289996412311332,0.4965415424335403,0.48226734946141625,0.05799928246226638,1.8894749937145312,0.25564102518925946,-1.810865949471461,-0.24619947935838632,0.016721257618639962,0.003353402019751162,1.8915106357803073,0.2557281780597756,2.644918259078793,0.4644237077821367,-0.42720409407308974,-0.0996340491924795,-0.4337081472512356,-0.07718334653021985,-0.35886767497653066,-0.0865835905581283,0.8365174393217429,0.19463213795860837,0.5524322188201004,0.11699528193078386,0.7685075650489867,0.1772854780889,-0.2782034862968451,-0.04181221622838681,0.4796776217748287,0.12715584841774819,0.27850264874187053,0.07226177475602967,K04_agglom_frac,2.644918259078793,noise_sigma_c0,0.8365174393217429,material
362,0.012591119946984758,68.92191314697266,0.4918872758326217,0.49354910961576437,0.5103999646830302,0.020799929366060343,-0.6454589648157842,-0.09400310105468612,0.7333048070234771,0.10166294953996988,-0.30242948317073837,-0.03814901014241565,-0.645911253807203,-0.0940576574684863,-0.33683287117536626,-0.03714108944052332,0.7617558444156041,0.09146813338972405,0.26326451199184187,0.0384340017848087,0.6973782294708631,0.08037785649063041,-0.7051888195566273,-0.0933741079463865,-0.8658992948519803,-0.09597448421269486,-0.6154465223223553,-0.08553843202717483,0.5818126015145999,0.06251041240639432,-0.7793382959909074,-0.08820405037105628,-0.15388155897565325,-0.026320552427538127,frac_graphite,0.7333048070234771,noise_sigma_c1,-0.8658992948519803,imaging
363,0.0026507620941020544,18.29002571105957,,,,,,,,,,,,,,,,,,,,,,,,,,,,,,,,,,,,,rare
364,0.004638833664678595,34.79294204711914,,,,,,,,,,,,,,,,,,,,,,,,,,,,,,,,,,,,,rare
365,0.00728959575878065,51.4229850769043,0.4991030778326318,0.5024999157061177,0.4987939254811937,0.004999831412235478,1.197429451501891,0.0884217768139288,-1.142061948401725,-0.08571982523202713,0.07198102838235977,0.008125086936893759,1.196170819576432,0.08835045514538344,1.7337221911782712,0.1258109279563604,-0.23983804388494664,-0.027098666283298916,-0.5321491536706875,-0.03891617002403947,-0.19427385429912142,-0.04131141542257839,0.36042922229646757,0.039500471171682844,0.1682446037539076,0.011136959310432773,0.20634182795193495,0.022823924985986746,-0.6222005379263029,-0.06094048008583299,0.024694500991211225,0.005503536003398586,0.120529758651254,0.012921357250314989,K04_agglom_frac,1.7337221911782712,sharpness_c0,-0.6222005379263029,material
366,0.007952286282306162,51.991546630859375,0.49679129252800663,0.5020086027927767,0.500769909941727,0.006417414943986732,-0.3730112350727471,-0.02812164147979659,0.4141574184907861,0.03682406440875062,-0.10940842068228344,-0.011515508592368011,-0.3735827316424057,-0.028172900605776794,-0.3368328905491489,-0.03115089719541056,-0.1473154373136826,-0.008576221183170746,0.14175977582947288,0.021269548214909596,-0.2141554864265276,-0.022146650113576822,-0.45613518449262663,-0.021621058303766066,-0.2903655736443077,-0.023899465774164432,-0.5406637672770179,-0.023288685127878364,-0.31423312096469236,-0.008295956617354367,-0.5653686666887403,-0.04662615370959113,-0.7276171621542388,-0.03604375361289292,frac_graphite,0.4141574184907861,sharpness_c2,-0.7276171621542388,imaging
367,0.01126573889993373,62.15446090698242,0.4965563241855694,0.499901255738005,0.5024792512802402,0.006887351628861227,-0.38309864925091647,-0.028519691977029048,-0.01766205248587056,-0.02136792040622423,0.7573485907213972,0.08814295186419978,-0.3786208183332543,-0.027713667934494965,-0.33683287627579545,-0.03714108944052332,-0.2626646729445763,-0.023629058578929857,-0.4615312102630309,-0.04043550126387862,-0.24810977162395698,-0.030966408538992105,-0.36212357346995266,-0.05579076981464844,-0.24819321824136045,-0.04635397136392635,-0.4657348746860845,-0.0636336935482828,-0.3538534431230048,-0.04612753175937738,-0.4321003808402864,-0.04949752352023528,-0.4003595483939626,-0.045377681011199586,frac_pore,0.7573485907213972,noise_sigma_c2,-0.4657348746860845,material
368,0.00728959575878065,44.14789581298828,0.5010118797972704,0.5042857418102471,0.49615045029136495,0.008571483620494202,0.0337672605297473,0.02655390255678906,-0.044368315741568895,-0.021941166875872872,0.025335083946380038,0.010226488648348775,0.03301778089599811,0.026464507738347316,-0.18255583415900312,-0.004047869090183126,-0.3683280743676507,-0.04219445543081063,-0.38064111893426544,-0.040708641279743746,-0.2465315019336738,-0.031656144766224116,0.4367877238716107,0.0530674607709564,0.4092356227050192,0.04111160699868819,0.5023094662707906,0.061637723664491474,-0.1032814494429025,-0.0009681107512766782,0.3389171759923024,0.023902641412886696,0.24499379278406375,0.030504471746981406,K04_agglom_frac,-0.18255583415900312,noise_sigma_c2,0.5023094662707906,imaging
369,0.005964214711729622,40.46980285644531,,,,,,,,,,,,,,,,,,,,,,,,,,,,,,,,,,,,,rare
370,0.003976143141153081,34.71896743774414,,,,,,,,,,,,,,,,,,,,,,,,,,,,,,,,,,,,,rare
371,0.010603048376408217,72.57843780517578,0.49506313826750004,0.5002890075960829,0.503238566131026,0.009873723464999928,0.17941882613011295,0.03766019491529433,-0.21181097645329894,-0.016324646931831215,0.2255194249499853,-0.0015878736259015182,0.1786056176372249,0.03754144929665856,-0.3368328830203467,-0.036019696756253675,0.29212757188865707,0.03176282182642478,0.07501288027333523,0.015064975873369902,0.3170029462994933,0.04329221343959136,-0.3926531678910115,-0.023910038998168084,-0.20017512204705842,-0.0027279627512705913,-0.4087105969765273,-0.02659010716107178,-0.5107596811239072,-0.05890549509266115,-0.12827040962080472,-0.0008931657691022332,-0.28219680864428487,-0.018437499000866272,K04_agglom_frac,-0.3368328830203467,sharpness_c0,-0.5107596811239072,imaging
372,0.0145791915175613,67.95076751708984,0.496354200880247,0.5012836754059353,0.5016069221260816,0.007291598239505981,-0.7362738502632021,-0.12808277601241627,0.9032242195839639,0.15197912192049773,-0.5614141525679037,-0.0825504849818762,-0.7366864038450525,-0.12813340919216717,-0.336832887634289,-0.0382310813155339,0.08204464503790522,0.049511805186560315,0.64768140930219,0.07595114916184235,0.0301033783064146,0.04472364192247396,0.023387505922641286,-0.009227901860935658,0.044719752421082254,0.0049361126670048995,0.102113997548362,0.004575396482549763,0.9867834054973103,0.1195565230791155,0.36526727672348575,0.032895569970268414,0.5338652163936859,0.06918115548658364,frac_graphite,0.9032242195839639,sharpness_c0,0.9867834054973103,imaging
373,0.007952286282306162,59.708335876464844,0.49676855365615785,0.4984032330316416,0.5034292777679674,0.0068585555359348405,0.5789633270804052,0.04117800437537391,-0.5793519120636859,-0.02791980088947793,0.13902900465597012,-0.002075851125769237,0.5779753007048487,0.041143702827894715,-0.17353259668835314,-0.007000885527737866,0.1435840199582628,-0.00011958606145039083,-0.34242169093294195,-0.007194505764840916,0.25207069967509377,0.008324111497368347,-0.46325236060137837,-0.019575762626304727,-0.26091591889438187,0.0063339038105530016,-0.35177275513980427,-0.0005086963317707771,-0.6437057373270274,-0.047892503161500316,-0.2519578910269566,0.017129257644068637,-0.195598158070588,0.002315227760154472,frac_graphite,-0.5793519120636859,sharpness_c0,-0.6437057373270274,imaging
374,0.0033134526176275677,26.085060119628906,,,,,,,,,,,,,,,,,,,,,,,,,,,,,,,,,,,,,rare
375,0.005301524188204109,39.12397003173828,,,,,,,,,,,,,,,,,,,,,,,,,,,,,,,,,,,,,rare
376,0.00728959575878065,55.766204833984375,0.49911823708053094,0.49701479237212615,0.502805050326682,0.0059704152557477075,-0.6377099175129985,-0.07327400664225349,0.3236775628108955,0.00992971913338811,1.1398909897350604,0.09534244251390953,-0.6381655970438946,-0.07329186643793509,-0.33683290086388556,-0.026949546314957697,-0.4127141708660682,-0.02514252950582634,-0.5465331002890924,-0.05477207099077469,-0.4999317892533385,-0.06222743115172892,-0.7597549307482057,-0.060336113092570975,-0.5278971236546345,-0.05071371553645178,-0.9511329014828784,-0.08084834029694961,-0.1016809868822522,-0.0017886169070441015,-0.8581264601804652,-0.07111250472139186,-0.7686916140993905,-0.053569991858142915,frac_pore,1.1398909897350604,noise_sigma_c2,-0.9511329014828784,material
377,0.003976143141153081,40.595703125,,,,,,,,,,,,,,,,,,,,,,,,,,,,,,,,,,,,,rare
378,0.005301524188204109,38.422645568847656,,,,,,,,,,,,,,,,,,,,,,,,,,,,,,,,,,,,,rare
379,0.007952286282306162,51.77734375,0.49676855365615785,0.5020447287422871,0.5007593148507857,0.006462892687684296,-0.15856224502109037,0.0065106561589370815,0.34971259243740704,0.023484773985588247,-0.5890670994047378,-0.051701008076060255,-0.15922757227321543,0.006459033723820893,-0.33683289745055034,-0.03115089719541056,0.7058096454600747,0.027196059431461073,0.3952601720863804,0.030254919483533798,0.7407087386505532,0.018391427057263373,-0.35711515884024786,-0.0026994343498297985,-0.3826866679364254,-0.013464800771721392,-0.20043350565916412,0.008132921361217205,-0.23243949851219858,-0.00860166474801424,-0.21404027882838556,-0.007408479126588223,0.04601502125998776,-0.001975922834857591,frac_pore,-0.5890670994047378,p1_c2,0.7407087386505532,imaging
380,0.0013253810470510272,18.682497024536133,,,,,,,,,,,,,,,,,,,,,,,,,,,,,,,,,,,,,rare
381,0.008614976805831677,53.113189697265625,0.4963655703161713,0.4979504544644449,0.5040429101183118,0.008085820236623631,-0.44169266482349684,-0.046658425762244084,0.22682885902401645,0.013398107335449489,0.7061498509942671,0.05690013218870321,-0.44223411035329535,-0.0466912614420755,-0.17313127308440804,-0.009271540833893544,0.20475405782261039,0.02142978022708722,-0.3404173129017944,-0.0306068969183036,0.16345858420576964,0.00364835520786332,-0.7850446278215064,-0.06347222205504606,-0.7600056518928184,-0.05616147944755251,-0.7809891825244936,-0.05862738144214742,-0.09753042064112168,0.017871279748335578,-0.8678089314062569,-0.07243291349458486,-0.4426276955690667,-0.024154605861383918,frac_pore,0.7061498509942671,sharpness_c1,-0.8678089314062569,imaging
382,0.010603048376408217,57.73320388793945,0.5008009135973401,0.5021073470547717,0.4978951085996821,0.004214694109543338,-0.2891304289001071,-0.005756007986022717,0.4045308875248743,0.0349063033663041,-0.3334943599290236,-0.042360964337745693,-0.2897386269398837,-0.005830105805368647,-0.33683289305874936,-0.036019696756253675,-0.1077982754618527,0.008992820201502553,0.0020254586845000686,0.015368974350408566,-0.07648526787040605,0.017022382254409763,-0.04374991265198058,-0.0023258294920118746,-0.025695299849049724,-0.013663633085027332,-0.037339231007000734,0.006361709610222155,-0.25284925036945327,-0.01055402956928559,-0.10390708858886455,-0.0178071332630061,0.14133280306925936,0.03344204217788727,frac_graphite,0.4045308875248743,sharpness_c0,-0.25284925036945327,mixed
383,0.00728959575878065,39.36764144897461,0.4990980247499987,0.5024565645667054,0.49882924245099775,0.0049131291334107985,0.7123331137091302,0.04278134868459061,-0.43410946158416563,-0.021443186504046703,-0.5176587157252761,-0.03284684829032603,0.711286732235065,0.04269202493175561,0.891989082540549,0.04756473374083652,0.6907066076841175,0.01423732119471841,0.25397152582448723,-0.005573470050045668,0.6732388504681851,-0.005577953996571789,-0.20984137752976303,0.026147404539560142,-0.3924260668380286,0.01330424037128753,-0.07814266841906564,0.0321787854566199,-0.46610764325564863,-0.02377667680062914,-0.09501702022990988,0.02363555471927031,0.5518063173286585,0.06847711977310071,K04_agglom_frac,0.891989082540549,p1_c0,0.6907066076841175,material
384,0.007952286282306162,44.63846969604492,0.4986912515980374,0.49839600784173954,0.5020907646123962,0.004181529224792424,0.46237688513016256,0.076197186386197,-0.3679728409185212,-0.0647002802643419,-0.19195776814235116,-0.003991856380226712,0.4614398702542694,0.0760600712327394,-0.3368329049793521,-0.03115089719541056,-0.1815717374544656,0.0077503549458990675,0.3681669935513624,0.03455784521366897,-0.13889557255702123,-0.011276460381805412,0.18475105724779575,0.0019281155057940009,0.2258456065694873,0.0071637900391609746,0.10753876309383889,-0.005991534312772339,-0.6923586776392795,-0.07012820118395142,0.40388645509329435,0.018761812157521228,-0.14117267303272074,-0.025577716468430732,frac_si,0.46237688513016256,sharpness_c0,-0.6923586776392795,imaging
385,0.008614976805831677,45.569976806640625,0.5001351699604344,0.5016208509346988,0.49871711107187006,0.0032417018693975397,-0.44190931996276234,-0.029098564223354502,0.44925148635241063,0.04336084600140627,-0.03207144342120192,0.003742401110218063,-0.44245067070960886,-0.02918085001253122,-0.3368329162725581,-0.03243408064992298,-0.12516779361298527,-0.02634013239091729,-0.45275483706315456,-0.04240730984071908,-0.08219158850975077,0.001136497011737508,0.17773786860782567,0.020525857063762993,0.3527234156859355,0.036442477673441886,0.1851591153002299,0.026775497374004437,-0.04950390499638288,0.01476037351515552,0.0883074563993265,0.016297440171115472,0.4540379557602809,0.07133175485807192,frac_graphite,0.44925148635241063,sharpness_c2,0.4540379557602809,mixed
386,0.003976143141153081,32.186431884765625,,,,,,,,,,,,,,,,,,,,,,,,,,,,,,,,,,,,,rare
387,0.008614976805831677,52.73149108886719,0.49634535798563906,0.4961453611872432,0.505380540349638,0.010761080699275949,-0.2705987552296226,-0.008029711780249499,0.3976398163836701,0.03171167244839476,-0.3851429589985514,-0.049691219670989786,-0.27121506170198173,-0.008111932171187537,-0.33683289875485795,-0.03115089719541056,0.08597058998564261,0.040674580020515855,0.7227795455411681,0.07511425709476433,-0.0882516313573538,0.042032099837116206,-0.31338390962625823,-0.039473871089390336,-0.10422791872381235,-0.020512199467255014,-0.23898012606644986,-0.02884555867035929,-0.30512276242187925,-0.03374324053029913,0.2316902196574524,0.004649009207004058,-0.36970027033423003,-0.04128200573829483,frac_graphite,0.3976398163836701,p1_c1,0.7227795455411681,imaging
388,0.0145791915175613,76.50775909423828,0.494423923314418,0.4940777526769329,0.5082394490552711,0.01647889811054215,-0.3647860314075701,-0.03298660821238407,0.5022096853657203,0.08173808445102569,-0.5400723607690147,-0.09028342846269286,-0.3653611267745349,-0.033049908430922974,-0.3368328522777442,-0.04232457615854792,0.7741351846535,0.10192349974341439,0.4325849501242846,0.07532177611259273,0.6526156791169826,0.07647773725355282,-0.46319026212869435,-0.058487192359634,-0.5033184655270279,-0.06038522488985129,-0.37673968114588036,-0.05041915346401742,-0.014726863235027527,0.014308946931992871,-0.21593072691120296,-0.032585401824159095,-0.4097866862684903,-0.04902421264008948,frac_pore,-0.5400723607690147,p1_c0,0.7741351846535,imaging
389,0.012591119946984758,71.63990020751953,0.49758336323073893,0.49897643143053944,0.5024395196892106,0.004879039378421268,0.24784408258931764,0.05036154323908304,-0.10822274352424639,-0.02450451928861889,-0.26144140681975053,-0.0313484389767083,0.2470009351071503,0.05022497966780788,-0.23626176712542404,-0.021292392737417332,0.029116892819185888,0.007688658393180387,0.4648890861012757,0.05787326928969579,-0.09474935902527101,0.01137895610714647,-0.15245829358557955,0.00544654034767701,0.06582539190503879,0.027657416620990555,-0.191260331563658,0.011455015350270159,-0.5985636920913802,-0.04955693776907382,0.2920746283827028,0.04494960153249489,-0.24886282857112568,0.0005990853520333229,frac_pore,-0.26144140681975053,sharpness_c0,-0.5985636920913802,imaging
390,0.0019880715705765406,26.759456634521484,,,,,,,,,,,,,,,,,,,,,,,,,,,,,,,,,,,,,rare
391,0.0026507620941020544,18.53662109375,,,,,,,,,,,,,,,,,,,,,,,,,,,,,,,,,,,,,rare
392,0.005301524188204109,35.323909759521484,,,,,,,,,,,,,,,,,,,,,,,,,,,,,,,,,,,,,rare
393,0.0,0.0,,,,,,,,,,,,,,,,,,,,,,,,,,,,,,,,,,,,,rare
394,0.03180914512922465,143.36544799804688,0.5024659043249334,0.5009994846031203,0.49754370475013243,0.0049318086498668645,-0.3472389889908704,-0.03719526406037765,0.5999891008436735,0.1098644170967018,-0.8885043742758069,-0.19032448824708137,-0.3478217620060578,-0.037324959969925915,-0.2896332285064158,-0.04963027368677313,0.23841414764848393,0.07588179040112056,0.6028201798618799,0.1185987780772455,0.22358410706028536,0.06244753749075394,0.3034647995666071,0.043655689173076856,0.22230124613345537,0.033096112254659193,0.459921816476312,0.07635370630732223,0.8239084226265823,0.07774393175963737,0.3903884591233508,0.058463528122775665,0.6762058609203929,0.029746611109317842,frac_pore,-0.8885043742758069,sharpness_c0,0.8239084226265823,material
395,0.009940357852882704,66.85253143310547,0.5031114356313068,0.49891501731637183,0.4986208723291541,0.006222871262613561,0.9270304115105269,0.05841849092867614,-0.673153527638068,-0.030332671451800106,-0.6070087222577676,-0.05806294244087836,0.9258900907565595,0.05832635854472536,-0.11430908198835428,-0.010902605320573189,-0.142159173518913,0.016085513899348987,0.047654450200553075,0.008776663761124157,-0.23884810300483839,0.02059322396588292,0.21408819918894909,0.03442112719111605,0.22506057851066313,0.02495920191440365,0.15562487820756105,0.030133405521479265,-0.48425647490948737,-0.03421685848109323,0.029452055502987844,0.013861663883374616,-0.05190003162468675,-0.004402858406116664,frac_si,0.9270304115105269,sharpness_c0,-0.48425647490948737,material
396,0.013253810470510271,80.78624725341797,0.5124230036533788,0.4967510729407005,0.493699452586968,0.024846007306757567,-0.12470186694881727,0.017497475402977747,-0.26107922100568726,-0.060389164716175794,1.1492728804452632,0.09901153105132321,-0.12250730034067225,0.01806272761608742,-0.33683290497935214,-0.04032698302125703,-0.5138354101083159,-0.060765176262626834,-0.527920445447118,-0.04896021021088125,-0.48257974248952257,-0.06629907274673144,0.19111029895931092,0.009223852676485325,0.2935356564318862,0.0238176327714817,0.04602076761441192,-0.008192550858438266,-0.359696405578263,-0.04353280177396638,0.01933481484484752,0.010556214564030922,-0.13714267654530543,-0.01434421899320316,frac_pore,1.1492728804452632,p1_c1,-0.527920445447118,material
397,0.007952286282306162,48.48723602294922,0.4967710801974744,0.49839841623837355,0.5034310436164576,0.006862087232915259,-0.4190560795425918,-0.030493855044262677,0.4368683253006357,0.0399215188338976,-0.0617015919846867,0.0050886785011058444,-0.41960742951282104,-0.03056232163671659,-0.3368328918039493,-0.03115089719541056,-0.1249435454384947,0.009912552390229751,0.04497512467687014,0.010866975659167973,-0.15952336661746225,-0.01901123412167513,-0.2885286652570012,-0.038300811280637496,-0.3080769353696076,-0.03283859670398528,-0.24096160115938237,-0.03150927596266863,-0.3068273817147332,-0.015457453902286738,-0.1296955148107942,-0.010522561481385268,-0.1673268553245657,-0.010982428958247796,frac_graphite,0.4368683253006357,noise_sigma_c1,-0.3080769353696076,mixed
398,0.010603048376408217,62.37299728393555,0.4950934567632984,0.5020928966749675,0.5018947554299841,0.009813086473403176,-0.01764406796271189,0.002339574164473959,-0.44148464396299936,-0.0685536763837526,1.4332978530704188,0.12372134510787047,-0.011671283913059612,0.002797783827323429,0.12667575430128006,0.005842037593731227,-0.3350138277998426,-0.04157580081903258,-0.7988646502865593,-0.08174755354718052,-0.31216339058321657,-0.06039187862321154,-0.4506738326449492,-0.06384536800532564,-0.17777105121801542,-0.025826392553426312,-0.6118432699406737,-0.07288094484397122,-0.527314446197938,-0.06807985402601932,-0.5004634896719566,-0.06071653180234194,-0.7181153309354076,-0.08156521616850522,frac_pore,1.4332978530704188,p1_c1,-0.7988646502865593,material
399,0.0,0.0,,,,,,,,,,,,,,,,,,,,,,,,,,,,,,,,,,,,,rare
400,0.0,0.0,,,,,,,,,,,,,,,,,,,,,,,,,,,,,,,,,,,,,rare
401,0.013916500994035786,67.1281509399414,0.49861292881722497,0.49814553459180083,0.5023291541585732,0.004658308317146309,-0.5302720327386415,-0.06598574179674666,0.5879784413316144,0.07932386458216778,-0.13581658180629907,-0.009311136071203787,-0.530774720937604,-0.06603748058075908,-0.3368329222444373,-0.04032698302125703,-0.23405409107808497,-0.006213394778271775,-4.6636884110246024e-05,0.018583970424855028,-0.23005632081852168,0.00626555604839236,-0.013683964118356678,-0.023765610494914227,0.14894922306443237,0.010077334905352078,-0.03988829195736633,-0.03333655931128024,0.1341614754520993,0.012462219399995917,0.08629627609000531,0.016174380479387275,0.03138475768003717,-0.004574496717745421,frac_graphite,0.5879784413316144,p1_c0,-0.23405409107808497,material
402,0.0066269052352551355,44.82786178588867,0.5014502347156884,0.5047204574026887,0.49552533992583436,0.009440914805377343,0.14057919579508946,0.0360913438474275,0.026851086872627952,-0.014217049278405305,-0.36865677429627525,-0.023320503861271137,0.1397829813101871,0.03601629267274485,-0.33683288427514735,-0.028417121248368652,-0.4355293130406207,-0.03777352766576017,-0.05570447437028446,-0.011159743325962057,-0.4451904491884322,-0.032519827899430524,0.31253113485383993,0.04262204478615933,0.48881409807177995,0.051678178695666106,0.311315487224113,0.04313471424563156,-0.5937795442158889,-0.03301218798472272,0.24472374588071846,0.035271363163763066,0.0970416969890967,0.031103556476076637,frac_pore,-0.36865677429627525,sharpness_c0,-0.5937795442158889,imaging
403,0.008614976805831677,52.93482971191406,0.5020667107969217,0.49796731324088306,0.5000459120607451,0.004133421593843334,-0.12424978456058469,0.005682841003405321,0.02954081802819331,-0.02068569141306602,0.4016159431771912,0.05668631794180841,-0.12493012499988143,0.0056166893926339655,-0.33683290121495124,-0.03243408064992298,-0.18648510405743074,-0.03035064590871402,-0.16526670572021382,-0.03212004732118691,-0.1259909817300608,-0.021866439927424628,-0.06066911082623075,-0.00873522146119148,0.18477389550054601,0.016292225855967932,-0.11976017070301286,-0.014182249958933486,-0.4746693114504104,-0.03185515665087157,-0.015495585649461463,-0.001693616105086173,-0.14932457608187338,-0.01582708276414561,frac_pore,0.4016159431771912,sharpness_c0,-0.4746693114504104,mixed
404,0.0066269052352551355,49.81944274902344,0.4995452225630246,0.5029165683238042,0.4981794102066043,0.005833136647608317,0.5741974502447668,0.06088976157629034,-0.4938192257547966,-0.052624061274304794,-0.19479545445224136,-0.009083832335759955,0.5732115090908069,0.06083354766074077,0.1277195433828442,-0.0008962110901898924,-0.34430504566334574,-0.01694820092913343,0.04002610904999751,0.003465771268126947,-0.392375393553874,-0.028014880639141853,0.24828994584836653,0.028923704687941785,0.5375069457551147,0.04490594635305759,0.22021076824580904,0.028249779113460233,-0.6805942236401386,-0.05979108029065662,0.29112034858748825,0.02398987581139119,-0.3990431575254018,-0.03637649768567599,frac_si,0.5741974502447668,sharpness_c0,-0.6805942236401386,imaging
405,0.01656726308813784,91.38887786865234,0.49689235418066796,0.5054899401272597,0.4981467420095355,0.010979880254519347,-0.5987422238327362,-0.10121425501244068,0.47234614332729147,0.07031302178667409,0.3888939574399298,0.0392127953265988,-0.5992149533432638,-0.10128566842057399,-0.3368328900023595,-0.0442371946856946,-0.3088158784014486,-0.02508365320651628,-0.23845011007796676,-0.021107832895191896,-0.2874407319605464,-0.025929792067150594,0.013220756094454096,-0.012224723296927028,0.11586486039044668,0.012292320398286066,-0.007087917765501186,-0.011556128693871896,0.4401153014117943,0.07145922196899508,-0.12895494612851127,-0.015327745850014203,-0.1272919203955982,-0.014045390962345647,K01_si_frac_adm,-0.5992149533432638,sharpness_c0,0.4401153014117943,material
406,0.0026507620941020544,25.010515213012695,,,,,,,,,,,,,,,,,,,,,,,,,,,,,,,,,,,,,rare
407,0.0066269052352551355,47.676490783691406,0.49952753677380884,0.4992822978030606,0.5008564365177469,0.0017128730354938337,-0.5043952190449796,-0.029332149116666217,0.6456403244929169,0.05911626419444531,-0.4365268863472788,-0.038762632403914796,-0.5049092295011491,-0.029388487052645546,-0.33683290748895267,-0.028417121248368652,-0.052914615697200795,0.04145156384856959,0.6151801967335713,0.059890955913927894,-0.2611215574403112,0.017190713242807715,-0.5513301099924306,-0.03181552844180931,-0.4258686102582173,-0.03680231406113365,-0.6476406145603177,-0.038476355165092235,-0.42913352520986675,-0.02107966255798609,-0.4062804613470383,-0.027041688230676524,-0.21609692947061676,-0.013098544110883062,frac_graphite,0.6456403244929169,noise_sigma_c2,-0.6476406145603177,imaging
408,0.005301524188204109,40.370025634765625,,,,,,,,,,,,,,,,,,,,,,,,,,,,,,,,,,,,,rare
409,0.012591119946984758,68.80950164794922,0.4975808366894224,0.497185788533142,0.5037541938901642,0.007508387780328363,0.24287039713847794,0.04342471905150022,-0.1662310656626877,-0.028563383631317243,-0.2571813058950764,-0.012862875072412114,0.24202942587018075,0.04330217892890676,0.19440069119455586,-0.000749737945454418,0.01189042851549909,0.03575964587215532,0.2915977388948353,0.03018275875484722,-0.11235461151218307,0.0005617297196195076,-0.2887252086576578,-0.0271475236833235,-0.16602083944215726,-0.019427241890057467,-0.3589360103368891,-0.039662395959028526,-0.5495671657430564,-0.06715025210414288,0.04894693619494811,-0.020746764876688386,-0.5818435879749868,-0.05745384126713539,frac_pore,-0.2571813058950764,sharpness_c2,-0.5818435879749868,imaging
410,0.005301524188204109,39.75099182128906,,,,,,,,,,,,,,,,,,,,,,,,,,,,,,,,,,,,,rare
411,0.00728959575878065,47.43272399902344,0.49910813091526485,0.4952048823016565,0.5041391488610277,0.009590235396687019,0.4453323347297954,0.04717469232481409,-0.2548640462033333,-0.033703932559280995,-0.4165372799271144,-0.021691919982271726,0.44440277763201924,0.04708529745235867,-0.33683288051074645,-0.029814417850313527,0.4219881451665479,0.05745464336807917,0.9073481510806625,0.04866206153504097,0.018877014017122586,0.04652949896956866,-0.5278748793722025,-0.035102043838168534,-0.45410701695634514,-0.03093774545326951,-0.6179124118743852,-0.03241644603938527,-0.6146364340450723,-0.05930435039921582,-0.11855671986572652,0.0031657897075534538,-0.7504912742817417,-0.04523255428024881,frac_si,0.4453323347297954,p1_c1,0.9073481510806625,imaging
412,0.008614976805831677,59.5822868347168,0.4982566864915942,0.5052527130588083,0.4973671199011125,0.010505426117616512,0.4915556470991664,0.05322956793904939,-0.5485352789670301,-0.05616358868289441,0.4417991438133525,0.05262029104333862,0.490605865306359,0.05316372165305646,0.7292536381041511,0.04184190749317242,-0.5829369651320809,-0.06843878466819292,-0.4289662676793158,-0.050077837455749154,-0.48742134007390703,-0.05730356395217756,0.3129937210294427,0.032919913287575306,0.2914932088204908,0.03522008075544409,0.24467657365084508,0.02971166950669646,-0.5236848712436616,-0.050104430612967356,-0.05350951043111694,0.001104638482814345,-0.04065577027650387,0.011960962614690903,K04_agglom_frac,0.7292536381041511,p1_c0,-0.5829369651320809,material
413,0.00728959575878065,45.734466552734375,0.5010169328799033,0.5024686065498755,0.4974792512802401,0.00504149743951976,-0.7048936277666223,-0.09010642281658993,0.5576160750072385,0.05667958195887811,0.3824604115995365,0.03594513531045909,-0.7053199114984793,-0.09014233217742866,-0.33683288656971305,-0.026949546314957697,-0.16818691011665976,-0.006236478846851751,-0.0184531635284471,0.002616014697354451,-0.16931043516173122,0.009480565203564629,0.06410937229094765,-0.007515082667796774,0.08218221599750772,0.008791521695239146,0.08734249673649165,-0.00020387329237621122,0.5905276577565469,0.070680546479584,-0.03582356899088107,0.0049150730415349125,0.11631742138491287,0.01995550135715816,K01_si_frac_adm,-0.7053199114984793,sharpness_c0,0.5905276577565469,material
414,0.0066269052352551355,42.25465393066406,0.4995477491043411,0.5029189767204382,0.49817587850962386,0.005837953440876342,1.3915700110040683,0.10384780709936679,-1.3379777486330047,-0.09583284594734559,-0.09090296362557128,-0.01577368637893007,1.3902264341227824,0.10381040554403229,2.814164240291042,0.19830920715876094,-0.4434190287201859,-0.01770217791219041,0.11564556545194715,0.009551563899489184,-0.42704429584640125,-0.029341144223732955,0.6589773581827078,0.04745018370617089,0.6209033988638534,0.03299976264549139,0.45514142373390487,0.026080836747917804,-0.6591485952196688,-0.06873831856435246,0.4898124425054581,0.020556431522954804,0.23765998644110342,0.0040094830152008305,K04_agglom_frac,2.814164240291042,sharpness_c0,-0.6591485952196688,material
415,0.015904572564612324,83.50006103515625,0.5030672211582676,0.49677274851040665,0.5002224969097651,0.006454502979186705,-0.36989781203204647,-0.049087414971520436,0.6357948482884039,0.10135516038908936,-0.7847063365510003,-0.11601025751452171,-0.37047067088845753,-0.04920922218202163,-0.11934108445629,-0.024656828253489124,0.6090229952104742,0.05872641544145738,0.5387003420519665,0.0752625611114662,0.4824724613257858,0.07884721233550972,-0.0037678700592751425,0.006138243654784648,-0.11240750259137504,0.0053669362304113915,0.12043221617687652,0.01880218963962487,0.40025126230042507,0.058745116285324576,0.16824750928125268,0.033403751404752456,0.35586172868646926,0.06721839403297301,frac_pore,-0.7847063365510003,p1_c0,0.6090229952104742,material
416,0.008614976805831677,58.686279296875,0.5039679331376106,0.5034283526085344,0.49471304962034257,0.010573900759314858,0.8612161381927251,0.05947887561932832,-0.7030847803890491,-0.048780881527406166,-0.5124627315140412,-0.04502735720777304,0.8601046140036402,0.059396960500881016,0.648498718611699,0.03805144720575495,-0.14341202453509755,-0.007694628968391872,0.307707085120434,0.02265705164328586,-0.08472330554885264,-0.016893385338040277,0.67474715826859,0.06651005151854918,0.43565739220919575,0.03242795680585512,0.6876992550806041,0.06306445819164858,-0.14429753075523094,0.008369575785300575,0.7459829306280453,0.05108963073479759,-0.10727397094738267,-0.01885933792574877,frac_si,0.8612161381927251,sharpness_c1,0.7459829306280453,material
417,0.003976143141153081,24.26313591003418,,,,,,,,,,,,,,,,,,,,,,,,,,,,,,,,,,,,,rare
418,0.0026507620941020544,24.62737274169922,,,,,,,,,,,,,,,,,,,,,,,,,,,,,,,,,,,,,rare
419,0.003976143141153081,27.360233306884766,,,,,,,,,,,,,,,,,,,,,,,,,,,,,,,,,,,,,rare
420,0.003976143141153081,33.894805908203125,,,,,,,,,,,,,,,,,,,,,,,,,,,,,,,,,,,,,rare
421,0.005301524188204109,33.094486236572266,,,,,,,,,,,,,,,,,,,,,,,,,,,,,,,,,,,,,rare
422,0.0033134526176275677,29.626419067382812,,,,,,,,,,,,,,,,,,,,,,,,,,,,,,,,,,,,,rare
423,0.005301524188204109,36.9911003112793,,,,,,,,,,,,,,,,,,,,,,,,,,,,,,,,,,,,,rare
424,0.005301524188204109,33.770530700683594,,,,,,,,,,,,,,,,,,,,,,,,,,,,,,,,,,,,,rare
425,0.00728959575878065,50.1593132019043,0.504832010267864,0.49884156121903406,0.49747218788627934,0.009664020535727902,-0.05175850862983887,-0.0022840459136946206,-0.11146325722711299,-0.01522857633975796,0.203945867008687,0.026287531864712284,-0.04573250565471768,-0.0018748542737702955,-0.3368328855299476,-0.029814417850313527,-0.5048749674174053,-0.04268112140935636,-0.2979200734232113,-0.027116561442557155,-0.42184646137680354,-0.03482115445337155,0.5816283504156827,0.03541965147872267,0.40464098376678076,0.02081659729531171,0.5995873048685074,0.032372597223376896,-0.13436785966204928,0.013172089520663389,0.45454538483242946,0.039597590339138664,0.1160455486493194,0.004117581588656206,K04_agglom_frac,-0.3368328855299476,noise_sigma_c2,0.5995873048685074,imaging
426,0.01126573889993373,74.73561096191406,0.5061053870913951,0.49984345421878834,0.4958476072752958,0.012210774182790152,1.4663899236488869,0.08954642078731374,-1.4159602864335536,-0.08628000019308273,-0.09804604294742657,-0.012263208320480215,1.4650136098107769,0.08947459715500444,1.753137540734097,0.13497685931699402,0.12388088319195434,0.004344172107004059,-0.3127813286432339,-0.03330882646697023,0.14282508191431822,-0.005656180298168707,0.6421300378916421,0.06787904933702327,0.3026805210118631,0.03120637874382316,0.6266274054111732,0.05881923948085699,0.14004177159062173,0.014632052320739454,0.2848338433465283,0.024568506053653308,0.27338385300961404,0.022036873830973653,K04_agglom_frac,1.753137540734097,noise_sigma_c0,0.6421300378916421,material
427,0.015904572564612324,82.23332977294922,0.5145149798634657,0.5022687096292514,0.4881917711460356,0.029029959726931454,0.20541417305369802,0.06032130555425299,-0.11152073779579098,-0.04501401817593269,-0.3097362095288658,-0.016454887457100855,0.2045895904874238,0.06018757196151927,-0.33683288134599193,-0.04329079070060326,-0.5674253621317326,-0.0870981169703385,-0.10701990990612892,-0.03198194429874269,-0.44904910489076244,-0.05748804163660783,0.7497847154016013,0.10539915890029637,0.627796397911548,0.08627813201909316,0.7409709084649958,0.10673078416177006,-0.17610612560728084,-0.0031087266718131785,0.5166868400284406,0.07036339761661654,0.36245390355489915,0.05747722935310362,K04_agglom_frac,-0.33683288134599193,noise_sigma_c0,0.7497847154016013,imaging
428,0.01656726308813784,87.63690185546875,0.49498102567471286,0.4927603597181213,0.5088159985873212,0.017631997174642366,0.1505985711138265,0.02696075469195935,-0.059622245924691814,-0.020336516343969754,-0.16074725061559733,-0.003089735331349531,0.1497979727105199,0.026889167192191005,0.3921550350389279,0.039100023223447244,0.9622904179112354,0.07954124825612917,0.20526678813441238,0.02438628469167221,1.0013092577272031,0.08964878187074106,-0.726965843082072,-0.07563738934160424,-0.7637610270556281,-0.07592525946309074,-0.597130803374994,-0.06460979196770522,-0.41962650599953233,-0.05452381950827295,-0.38273860798070064,-0.051605154858540836,-0.29294859051919026,-0.03896214136962765,K04_agglom_frac,0.3921550350389279,p1_c2,1.0013092577272031,imaging
429,0.00728959575878065,48.97486877441406,0.5048193775612813,0.5024950989128497,0.4948022249690977,0.010395550061804593,-0.3571591450804683,-0.032914120299311865,0.23810341772235838,0.021310271252732653,0.2973792822067963,0.04045883876888899,-0.3577375775919894,-0.032949911296437956,-0.3368328629449444,-0.026949546314957697,-0.5970271167931449,-0.06813585674616893,-0.7391558293967677,-0.06836732674348034,-0.4999317464183467,-0.06222743115172892,0.6088011557694,0.04359414923367292,0.639904501067522,0.05208191710622644,0.5124374850180718,0.036206879907524976,0.5375309837517473,0.04612362147669565,0.43081009601135944,0.046530633297504155,0.22039903640085678,0.015978994445735365,K01_si_frac_adm,-0.3577375775919894,p1_c1,-0.7391558293967677,imaging
430,0.007952286282306162,52.68581771850586,0.49867103926750517,0.5020639959153592,0.499415504149744,0.004127991830718436,-0.48950273987020143,-0.03005724380011448,0.3941214634577571,0.018622681851224863,0.25441833294745725,0.023809146386869744,-0.49002326635475624,-0.030125733094863345,-0.3368328451026244,-0.029814417850313527,0.20238529940732514,-0.00930881611060452,-0.4948012448790383,-0.03340923786668361,0.3532542452370088,0.008398089493406568,-0.06799429454577169,-0.00406137576388512,-0.014248425996517234,0.00446814668135312,0.050333979616796136,0.01292473229793146,0.2733145937519953,0.0226184063743331,-0.16003976095673242,-0.004497294170754417,0.5097940745686524,0.06003054835257666,K01_si_frac_adm,-0.49002326635475624,sharpness_c2,0.5097940745686524,imaging
431,0.008614976805831677,56.71494674682617,0.49636051723353825,0.4961622199636813,0.5053575843192655,0.010715168638530947,-0.4798342325950281,-0.036543984177000756,0.5930576399419376,0.05283833350594311,-0.35650637958621917,-0.0347665641653146,-0.480358989426791,-0.03657679806551706,-0.3368328554147445,-0.03243408064992298,0.09326326354281059,0.02279520952043736,0.6524804837213938,0.06370060896715245,0.011760024839042349,-0.007355754421050251,-0.28576089670236704,-0.026316397674597203,-0.29698914487486494,-0.023729377370241188,-0.2921221106034622,-0.02744664954859094,0.16107772113029328,0.0013697940440930774,-0.08555388554432865,-0.015217378784592768,-0.41611951794261814,-0.04108545441961625,frac_graphite,0.5930576399419376,p1_c1,0.6524804837213938,imaging
432,0.008614976805831677,55.88829040527344,0.4982718457394934,0.49797213003415114,0.5026946847960445,0.005389369592089022,0.13918392539969093,0.025046882599325308,-0.011870832560440402,-0.0033702477382680264,-0.22966855464906655,-0.03849460408801005,0.13838832139608806,0.02498929988218711,0.06759827423327333,0.015035005630013802,0.005463691356347944,0.044065037977739925,0.4145935214643219,0.050004299097264296,-0.06846435074586744,0.06368576908945313,-0.19358231138351528,-0.013580574727531682,-0.08473434361909608,-0.009719047090649165,-0.29389169181088887,-0.00955177447878229,-0.5591605605312617,-0.06648366353507916,0.29303806509973485,0.020556357516872667,-0.14748897477461806,0.0006095403504164122,frac_pore,-0.22966855464906655,sharpness_c0,-0.5591605605312617,imaging
433,0.0033134526176275677,32.70311737060547,,,,,,,,,,,,,,,,,,,,,,,,,,,,,,,,,,,,,rare
434,0.005301524188204109,36.1662483215332,,,,,,,,,,,,,,,,,,,,,,,,,,,,,,,,,,,,,rare
435,0.0066269052352551355,45.60353088378906,0.5052728917275984,0.4992606222333544,0.4968567896874448,0.010545783455196744,-0.46116190083504904,-0.04743956422220461,0.1522469573931809,0.01642127975939771,0.9573414796814526,0.0692145497008051,-0.4616948276652614,-0.04751444121863079,-0.33683289978097253,-0.026949546314957697,-0.20006978762389802,-0.029504594075151193,-0.6811223526540473,-0.04982220951243539,-0.03205834710445492,-0.022138486697827066,0.05159554835754796,-0.0026259587701026417,0.1860348129150967,0.016602390371404162,-0.00308787191053074,-0.005864486759724492,0.11045664591779188,0.041966856611278885,-0.13992133375808052,-0.008984066979177495,0.16436264286269686,0.01932746607026245,frac_pore,0.9573414796814526,p1_c1,-0.6811223526540473,material
436,0.023194168323392977,114.12986755371094,0.5078550169530922,0.4957636303207503,0.4976161045382306,0.015710033906184417,-0.5956358285077848,-0.11129763739157662,0.19184240669343153,0.013850612569967254,1.2657495626563067,0.15204815194315172,-0.5961099172393741,-0.1113984452420982,-0.3368329033763837,-0.050398343901328996,-0.39788346097111094,-0.09034102744166168,-0.7181362634950426,-0.11343444404898798,-0.2980047317255194,-0.06750838394230309,0.14942585283726462,-0.015904043088342666,0.2332333447149598,0.014919636552730094,0.0797194056833011,-0.019226476196726457,0.37944229636946875,0.059682671651717874,-0.1449065794438819,-0.013869618109747952,0.12393597247399664,0.036620298987748746,frac_pore,1.2657495626563067,p1_c1,-0.7181362634950426,material
437,0.0013253810470510272,13.058221817016602,,,,,,,,,,,,,,,,,,,,,,,,,,,,,,,,,,,,,rare
438,0.0066269052352551355,41.68998336791992,0.5052577324796993,0.502902117944,0.4941974218612043,0.0116051562775914,-0.29287596285502476,-0.005964249711559516,0.21091487524715447,0.0060892118650551896,0.16747972197993766,0.025193326018073198,-0.2934825220295679,-0.006020463451993037,-0.3368328780011453,-0.028417121248368652,-0.11976550344036707,-0.05546177301957161,-0.7679163777426304,-0.06384162163251038,0.0015950042495597601,-0.04057705543477664,0.34089646115520045,0.05593072624574217,0.3793344839800974,0.053476622296008754,0.3920075154949146,0.0614382329605186,0.052512361257639605,0.029119403755582536,0.1291479035618139,0.04234344379270203,0.46306085532515423,0.05476577609193767,K04_agglom_frac,-0.3368328780011453,p1_c1,-0.7679163777426304,imaging
439,0.004638833664678595,32.36467742919922,,,,,,,,,,,,,,,,,,,,,,,,,,,,,,,,,,,,,rare
440,0.0033134526176275677,23.122665405273438,,,,,,,,,,,,,,,,,,,,,,,,,,,,,,,,,,,,,rare
441,0.01855533465871438,95.55897521972656,0.4994845855714279,0.4950266609507386,0.5040067102242628,0.009946678098522788,-0.5520320572598045,-0.07959412884149654,0.4426035633701488,0.061152908783563525,0.09967660995982339,0.013215820169876335,-0.5469910714416398,-0.07909210485517162,-0.33683289681864853,-0.04607543549339335,0.16215297331221765,0.036060614378112095,-0.06728457721485671,0.01169865894447523,0.15201729298675182,0.034241883507952556,-0.39097244136320697,-0.06568409154571521,-0.35820396582376784,-0.0554809184953969,-0.3638965812058164,-0.05854035544333519,0.08599840632408896,0.017720312826709363,-0.3446688362672039,-0.05382659015867813,-0.09696286257864024,-0.0103719688960157,frac_si,-0.5520320572598045,noise_sigma_c0,-0.39097244136320697,material
442,0.005964214711729622,38.9984245300293,,,,,,,,,,,,,,,,,,,,,,,,,,,,,,,,,,,,,rare
443,0.007952286282306162,45.939212799072266,0.5006013168333341,0.5038678849942438,0.49674377538407205,0.007735769988487684,-0.22252954136941952,0.001826670845506623,-0.08551348405428977,-0.037177080482693976,1.099054854886046,0.07781931041613752,-0.2231668801899864,0.0017410647991594518,-0.33683290435195296,-0.03115089719541056,-0.5922560851758017,-0.0585474981382788,-0.8889687409735495,-0.07709077846235352,-0.48001320287536614,-0.05139977675719571,0.49524822901322235,0.02494950183157538,0.5781820707685903,0.045647533563103644,0.46506201883384757,0.027498658602875595,-0.15354394231215684,-0.014981491744750127,0.022934139086765823,0.013115938920382497,0.31988163136871844,0.024183245186162577,frac_pore,1.099054854886046,p1_c1,-0.8889687409735495,material
444,0.011928429423459244,67.59812927246094,0.4942041142198798,0.506685709056053,0.49914886102772377,0.01337141811210607,-0.5578596689632219,-0.07573948512570877,0.41713187789755085,0.0411928430859619,0.4160167817348984,0.06942989992482046,-0.5583502863834007,-0.07582385943658884,-0.33683288944106016,-0.036019696756253675,0.5128887457999542,0.005662264009355033,-0.45839019887335913,-0.056381215498636596,0.6591725189229454,0.01673955192667898,-0.5917792454254915,-0.054341470726480365,-0.7249483240633583,-0.05494442658510353,-0.5208718896029845,-0.050927747767368664,0.3044971090717877,0.05578346871916136,-0.7663293555085744,-0.07456654993395771,-0.23411422326837192,-0.012029755918201034,K01_si_frac_adm,-0.5583502863834007,sharpness_c1,-0.7663293555085744,imaging
445,0.003976143141153081,29.44397735595703,,,,,,,,,,,,,,,,,,,,,,,,,,,,,,,,,,,,,rare
446,0.00728959575878065,43.362152099609375,0.5010421982930686,0.49883192763249795,0.5001280240155395,0.0023361447350040976,-0.3934824274509732,-0.02542520348257458,0.4295171044691698,0.03129150089745209,-0.2551367452958131,-0.010159713995221663,-0.39404496703352293,-0.02547885448693103,-0.33683290335233695,-0.028417121248368652,-0.0009230123342683638,-0.013603639162191919,-0.3609654197430964,-0.026642148653933165,0.1359452764125934,0.006316239011371798,0.10541782145909157,-0.003047160886364197,0.06636671997649331,0.0012491579598276198,0.1678814576163321,0.012599696557315215,0.5169148947532068,0.02427116108385866,0.08358549890816042,0.010994059574370904,0.1907884415533004,0.014375289180901694,frac_graphite,0.4295171044691698,sharpness_c0,0.5169148947532068,imaging
447,0.005964214711729622,49.56086730957031,,,,,,,,,,,,,,,,,,,,,,,,,,,,,,,,,,,,,rare
448,0.0006626905235255136,11.062549591064453,,,,,,,,,,,,,,,,,,,,,,,,,,,,,,,,,,,,,rare
449,0.004638833664678595,38.520381927490234,,,,,,,,,,,,,,,,,,,,,,,,,,,,,,,,,,,,,rare
450,0.010603048376408217,45.58045959472656,0.5026655010889394,0.4984658513441262,0.49926187533109656,0.005331002177878741,-0.5580208779057975,-0.06343952846048131,0.6236792681267607,0.0696408122733695,-0.20828701829960766,-0.02020048879215072,-0.5585114247914906,-0.06349894042616057,-0.3368329081167897,-0.03367006446576788,0.07995623488053011,-0.010779725348443066,0.07157852734109738,0.012217682195360732,0.09638796109458922,0.00882463481635446,0.17530751699487232,0.021400131371752455,0.14587321193719058,0.02242538612663766,0.14725797415475386,0.014582626093155,0.7769948665160228,0.06454337270672073,0.14784730627279796,0.019057372422872358,0.79096719301774,0.041204761392865795,frac_graphite,0.6236792681267607,sharpness_c2,0.79096719301774,imaging
451,0.012591119946984758,70.64187622070312,0.49566698164215084,0.5044350624015567,0.4997766201659897,0.008870124803113333,0.12669123793299014,0.015787087155533747,0.008755662248579904,0.013079122437865463,-0.3538407692632559,-0.04480459956013775,0.12590109997293408,0.015705206916430015,0.4453021351597253,0.02475244908187163,-0.46882125566388716,-0.04564218240039839,0.3131132566620929,0.026901724050672694,-0.41398885495340304,-0.031079105170615854,0.46536135046331917,0.04419431877950117,0.47279315797628774,0.04784178572712719,0.49385758410694186,0.05144665012389993,-0.16512115761023266,-0.020384046140887947,0.46027135009626485,0.05585705787988488,0.366214572223996,0.05351820103534447,K04_agglom_frac,0.4453021351597253,noise_sigma_c2,0.49385758410694186,mixed
452,0.0,0.0,,,,,,,,,,,,,,,,,,,,,,,,,,,,,,,,,,,,,rare
453,0.01656726308813784,83.20372009277344,0.5065753237762697,0.49813951360021574,0.49676849726293487,0.013150647552539363,-0.5564617740802691,-0.09278258033054078,0.6897425818024102,0.12175890563368613,-0.431562983033644,-0.06843274234571757,-0.5569530031143358,-0.09284180715405474,-0.3368328721070799,-0.0442371946856946,0.26573768120086844,0.05756522973307653,0.37043504421709483,0.06996287833039169,0.24820788144751477,0.0644631271473583,0.06592251235294212,0.002516943994899872,0.09044857062809268,0.010940915206785582,0.1794817955950897,0.021638720902813487,0.788570028275037,0.09472704985712563,0.18143719047781431,0.024656376346120962,0.38739874363278665,0.03576545901481815,frac_graphite,0.6897425818024102,sharpness_c0,0.788570028275037,imaging
454,0.00927766732935719,59.72574996948242,0.49971450083123203,0.49752175986358843,0.502016598975808,0.004956480272823138,-0.48822904069237344,-0.06327029418787576,0.76391320477493,0.09768263894215101,-0.8990809778367629,-0.10222797759135364,-0.4887501245025344,-0.06330226137727742,-0.21126683495866067,-0.0061850770884278716,1.2350577482225105,0.08808428161127223,0.8750732013760087,0.08411273773058174,1.2650749654003899,0.08203747254380804,-0.6553547258172328,-0.035128459555028434,-0.9385837446532198,-0.055714900091439055,-0.5224347274451184,-0.022346805726550883,0.7189009262368368,0.06812649970674813,-0.43882891589034,-0.02332967014000105,0.31688602837757446,0.015559920326174944,frac_pore,-0.8990809778367629,p1_c2,1.2650749654003899,imaging
455,0.008614976805831677,46.81342697143555,0.49635293760958865,0.5034476197816066,0.5000211901818823,0.007294124780822697,-0.1616732561860887,-0.02706075907047945,0.20975991730134458,0.02750212717705665,-0.16781677925053057,-0.03103092094014801,-0.16233722223276212,-0.027110252698563736,-0.2944358333025971,-0.010867904893050926,-0.05672557390129532,0.025267236426065556,-0.1577410962824465,0.007058094822499777,-0.034526425516174,0.01043191468807485,-0.043729373297469634,-0.01607502455430678,-0.2682749107475745,-0.04170645971819179,-0.1318349739765656,-0.021406869042203597,0.15342845633813798,0.028919355410888796,-0.30906487136040023,-0.03707844958369613,-0.1492742991513497,-0.01774864516488655,K04_agglom_frac,-0.2944358333025971,sharpness_c1,-0.30906487136040023,mixed
456,0.00927766732935719,58.147640228271484,0.5035371578431421,0.49754584382992867,0.4993272117252339,0.007074315686284249,2.405626508828113,0.07075249553406454,-2.125770144314445,-0.06783817505853248,-0.32886848111832534,-0.02796327254119477,2.403839238631746,0.0707207383051532,0.9727345739259132,0.06190209471859469,0.23957565828790936,0.044719197725576344,0.23076102136205345,0.010329971264858939,0.07939446389984131,0.04242367829611038,0.6098197092259863,0.048353101617402736,0.13647406243109778,0.004027672582473695,0.6823894588045283,0.05709164634076186,0.003580795129284744,0.025074746063811208,0.5465288963894425,0.03610728606539222,0.49653410665754627,0.0413078974930859,frac_si,2.405626508828113,noise_sigma_c2,0.6823894588045283,material
457,0.003976143141153081,28.44724464416504,,,,,,,,,,,,,,,,,,,,,,,,,,,,,,,,,,,,,rare
458,0.008614976805831677,50.40936279296875,0.49444918872758326,0.5034139022287302,0.5013764788981105,0.01110162254483349,-0.0230667147576493,0.00791083744940251,0.026605630894873493,-0.0038094283707353293,-0.07210476537893065,0.018923965333967764,-0.023791327148339668,0.007828486109858103,-0.33683290184235143,-0.03243408064992298,-0.022720398115723094,-0.015447679562031916,0.08113642126998563,0.0004673542517570345,-0.05239644379240549,-0.021867100844070165,-0.25144121158101984,-0.019683854252791236,-0.29445623724556563,-0.03704983630203924,-0.3244905676841214,-0.02951789988333717,-0.6226963501334403,-0.04504872664167344,-0.22238206300378963,-0.04837971406335057,-0.19703535792707935,-0.00042447579711515356,K04_agglom_frac,-0.33683290184235143,sharpness_c0,-0.6226963501334403,imaging
459,0.0,0.0,,,,,,,,,,,,,,,,,,,,,,,,,,,,,,,,,,,,,rare
460,0.013253810470510271,76.121826171875,0.4990677062542004,0.50039497704798,0.5003619989404909,0.0018645874915992344,-0.12037057168033444,-0.029716136464731716,-0.0702365522957635,0.0001917151321543029,0.5144293085719585,0.06505130653931782,-0.12105260946488698,-0.029755929722777602,0.0554086424105401,-0.0008324383117225797,0.0308015466354433,-0.007117514197234569,-0.3381200628698149,-0.027274487035983477,0.1135829878442417,-0.006806913905033401,-0.22866077363032283,-0.035407635090689955,-0.18547176332154436,-0.02270002918595279,-0.20565278190899805,-0.029660959383809058,-0.12192280689973552,0.0011762958451317744,-0.1932375127377885,-0.015216175461565729,-0.18735486729942485,-0.025336385345518877,frac_pore,0.5144293085719585,p1_c1,-0.3381200628698149,material
461,0.003976143141153081,24.53839874267578,,,,,,,,,,,,,,,,,,,,,,,,,,,,,,,,,,,,,rare
462,0.0,0.0,,,,,,,,,,,,,,,,,,,,,,,,,,,,,,,,,,,,,rare
463,0.019218025182239893,83.08381652832031,0.5065892197535106,0.49831171395954865,0.49663252692918947,0.013178439507021134,-0.5581644277907803,-0.08528618491802087,0.6658451684022295,0.10609292247444668,-0.3847037256220869,-0.04513831359947924,-0.5586549118480585,-0.08536389447997655,-0.33683289341461026,-0.04696941131118338,-0.21565857686870865,-0.03273216140587196,0.1675907468863306,0.029166868038813184,-0.21596967013513482,-0.02204042235816479,0.21243739779521462,0.02196362885854872,0.35701469428961846,0.05201588358223372,0.19531862553170015,0.02198181668108406,0.5555331357854585,0.057596239434679807,0.17230335039253591,0.03963636620199972,0.39707187152164236,0.059224546899380025,frac_graphite,0.6658451684022295,sharpness_c0,0.5555331357854585,material
464,0.021206096752816435,107.56324768066406,0.49972460699649823,0.4968714927724018,0.502486314674201,0.006257014455196441,-0.3310227779791103,-0.06885801290825969,-0.1971789880628094,-0.04221148001504477,1.5297679477934794,0.16737640655603692,-0.32617454603650914,-0.06861262021871628,-0.33683288104546116,-0.04784788494296183,-0.06132313476617107,-0.04949386390775929,-0.6728149882612324,-0.10099284336862659,0.11866521910659927,-0.02409634573126075,-0.4002594415925793,-0.06485736713209989,-0.3050726506672571,-0.03776262502203311,-0.3610511089445707,-0.06292678833742235,0.11674672326542315,0.032328758941819136,-0.46853188248440053,-0.06309240805490567,-0.2418264965293638,-0.02680818565674444,frac_pore,1.5297679477934794,p1_c1,-0.6728149882612324,material
465,0.007952286282306162,42.40087890625,0.5005861575854349,0.4983935994451055,0.5007681440932368,0.003212801109789054,-0.7519401397551151,-0.09962360548263885,1.0113578908455143,0.12200894739120109,-0.8416597543995142,-0.09689098974804214,-0.7523458386285561,-0.09964074459092033,-0.3368328980779505,-0.03115089719541056,0.4104395703751397,0.057248608786462075,1.2478188803576553,0.09726028428624259,0.16002578659154984,0.05690153645647946,0.05177941251043279,0.006046583120074966,-0.06918679847656745,0.004742596172678421,0.10617575510716498,0.0120944601601959,1.5519722404688665,0.11417546039709832,0.8052636152137974,0.03490059997483175,0.8856754878328711,0.0652985484521967,frac_graphite,1.0113578908455143,sharpness_c0,1.5519722404688665,imaging
466,0.005301524188204109,38.606239318847656,,,,,,,,,,,,,,,,,,,,,,,,,,,,,,,,,,,,,rare
467,0.0,0.0,,,,,,,,,,,,,,,,,,,,,,,,,,,,,,,,,,,,,rare
468,0.017229953611663355,83.09062194824219,0.5022764137261937,0.4959249928952299,0.5013967861557479,0.008150014209540202,1.802894569267711,0.13294171751698086,-1.8581955980916622,-0.13636564619047573,0.40538235112789384,0.04850678574639822,1.8062018575875955,0.13315771692355632,1.3431708915042544,0.13998870691893614,0.17486206264492893,0.025330803624920618,-0.11496271788014747,0.0005897569919675642,0.17188423874395922,0.01385078221355049,0.14415972994136497,0.012124152352531817,-0.16363554079786044,-0.03154838905479586,0.10692156358039653,0.002316164948419495,-0.3937983131174963,-0.06165811504663285,-0.13398974635449531,-0.014423738725566057,-0.2600322166667293,-0.05045264760438827,frac_graphite,-1.8581955980916622,sharpness_c0,-0.3937983131174963,material
469,0.0,0.0,,,,,,,,,,,,,,,,,,,,,,,,,,,,,,,,,,,,,rare
470,0.010603048376408217,72.03760528564453,0.4988554767836118,0.4966908630248499,0.5032262051915947,0.006618273950300235,1.832151862645471,0.1361527434584587,-1.6550838465252704,-0.13530873741839075,-0.17115492019772474,0.0039396785928891695,1.830615512251608,0.13607876338297015,2.3839707978499045,0.22766627648994073,-0.022043890739050852,0.015089059192413557,0.42317088737547787,0.022978113924404804,-0.11504485299550844,0.002046053796133937,0.3405551084418922,0.02843236493299574,0.2981073218784086,0.010242882206453231,0.30775515643948437,0.03129410960793109,-0.6495353364530515,-0.07581773027175234,0.5805230999729372,0.04461066948315851,0.09271305753024761,0.0033132883040010376,K04_agglom_frac,2.3839707978499045,sharpness_c0,-0.6495353364530515,material
471,0.004638833664678595,30.478824615478516,,,,,,,,,,,,,,,,,,,,,,,,,,,,,,,,,,,,,rare
472,0.0066269052352551355,44.657814025878906,0.4995477491043411,0.502902117944,0.4981882394490552,0.005804235887999942,-0.0677004590848298,0.009884500645942406,-0.06276633737875126,-0.019589070513561162,0.40185824032294265,0.04777749166407791,-0.06836891626882924,0.00982828686399499,-0.33683286231614223,-0.028417121248368652,0.06418501168889021,-0.016928774962022185,-0.7375240099507616,-0.06255738277728265,0.21352140254875646,-0.02031629483656883,-0.04816089266561923,-0.006047387758489515,-0.19103891415003288,-0.011656260434267244,-0.010820398675885008,-0.0018376828216351883,-0.4750135758771847,-0.03254387694909391,-0.5003046160382583,-0.0368557927211853,0.12901090569981444,0.01508734390824968,frac_pore,0.40185824032294265,p1_c1,-0.7375240099507616,imaging
473,0.005964214711729622,43.771629333496094,,,,,,,,,,,,,,,,,,,,,,,,,,,,,,,,,,,,,rare
474,0.019218025182239893,93.12298583984375,0.4970906876740155,0.5000710477007038,0.5019812820060039,0.005818624651969029,-0.3301772109664911,-0.055369474171194276,0.5526174032456701,0.12050146090329891,-0.8723000948581225,-0.15679232005982702,-0.33076744924151463,-0.05551378380708611,-0.33683287492350367,-0.04784788494296183,1.051916452424115,0.10681247745389776,0.8688517287701504,0.11632554581987141,0.9882771448652462,0.11782054191521422,-0.29279649098102645,-0.006523113124465179,-0.44427253224598773,-0.02845060858347116,-0.13855729565311678,0.017529547576105958,0.516086523706034,0.0804430910145002,0.27108171256506086,0.01657604795514998,0.47699498030386434,0.060436509188175634,frac_pore,-0.8723000948581225,p1_c0,1.051916452424115,imaging
475,0.0019880715705765406,22.11046028137207,,,,,,,,,,,,,,,,,,,,,,,,,,,,,,,,,,,,,rare
476,0.003976143141153081,34.985137939453125,,,,,,,,,,,,,,,,,,,,,,,,,,,,,,,,,,,,,rare
477,0.0026507620941020544,23.857898712158203,,,,,,,,,,,,,,,,,,,,,,,,,,,,,,,,,,,,,rare
478,0.0033134526176275677,27.650867462158203,,,,,,,,,,,,,,,,,,,,,,,,,,,,,,,,,,,,,rare
479,0.0033134526176275677,25.5828857421875,,,,,,,,,,,,,,,,,,,,,,,,,,,,,,,,,,,,,rare
480,0.0066269052352551355,43.2095832824707,0.49763515732772773,0.5010885952785792,0.5008546706692567,0.004729685344544543,-0.5812599625348894,-0.04985586109031102,0.5903687721384387,0.04015370417881872,0.01771985013010601,0.012004620294924205,-0.5817403412984765,-0.04987469828380913,-0.33683290872954164,-0.026949546314957697,-0.2996229500738569,-0.0020255418753410775,0.021080806026443223,0.016327365536658985,-0.44789486640116605,-0.032546972502383316,-0.47204145722165275,-0.026732272456477347,-0.11837025327947412,-0.006071343807247668,-0.6241274470513737,-0.04321090642579807,0.13479330486719204,0.011917316811517479,-0.43857800412924364,-0.02046249595836595,-0.6335798640458015,-0.033574757643760396,frac_graphite,0.5903687721384387,sharpness_c2,-0.6335798640458015,imaging
481,0.00927766732935719,54.233150482177734,0.4959322684803864,0.49752898505349047,0.504654776620166,0.009309553240332002,-0.5777809734645365,-0.07155937681705941,0.717243879633888,0.09043964170382789,-0.4642800558622091,-0.045634510412072726,-0.5782628744082787,-0.0716227855610121,-0.336832868590146,-0.03367006446576788,0.09145517980685262,0.03344159344774857,0.8510884602414217,0.08357952140763923,0.03192136349057668,0.01960865283119461,-0.04126131503470335,-0.012681274824276875,0.05990605103707121,0.0003117784300716524,-0.008414608195590692,-0.0033511396774500864,0.31182734121868283,0.057714740528024125,0.4334431989473071,0.03405385969694728,-0.08166500435978835,-0.0011427809856096813,frac_graphite,0.717243879633888,p1_c1,0.8510884602414217,imaging
482,0.0026507620941020544,30.328540802001953,,,,,,,,,,,,,,,,,,,,,,,,,,,,,,,,,,,,,rare
483,0.01656726308813784,79.51155090332031,0.49312528107772147,0.4981804563429941,0.5061389722761788,0.013749437844557066,0.28997068501676176,0.04496617786910724,-0.4598063028649636,-0.06684439093264274,0.7444904119828953,0.08166594461418773,0.28951728960740014,0.04487097531631175,0.4301372661002561,0.028415418377574525,-0.08709836350450938,0.0025915398247590197,-0.0702310777161562,0.0010425101371267153,-0.1096327877775082,-0.028276519716243998,-0.22489410724644296,-0.03719690825450267,-0.18819285560443652,-0.022873254723376667,-0.3263537397481974,-0.05146321592905812,-0.5625444244717173,-0.06654415610656315,-0.34454475804096274,-0.03259238312897283,-0.43536791869904923,-0.06567963335022572,frac_pore,0.7444904119828953,sharpness_c0,-0.5625444244717173,material
484,0.01126573889993373,66.54695129394531,0.5099280441033052,0.49800946018197845,0.4945205721349108,0.019856088206610334,0.4317912832842175,0.06487426687674275,-0.6281060483532437,-0.08036398094432867,0.45529515736877946,0.0489484203929395,0.43086765098500623,0.06475906652368917,-0.18253356870052442,-0.017232523581670454,-0.5759048404725385,-0.07207354588430308,-0.8215486951742861,-0.09908511843825454,-0.4999317482807368,-0.07751327200366821,0.7433251014501062,0.08048464583037042,0.4227996607567008,0.038688284857478855,0.8372611641119535,0.08471395413719243,0.11517967845652632,0.019860174655869735,0.16768352779308454,0.026916615787418795,0.17318977610747008,0.025492604303146472,frac_graphite,-0.6281060483532437,noise_sigma_c2,0.8372611641119535,imaging
485,0.0,0.0,,,,,,,,,,,,,,,,,,,,,,,,,,,,,,,,,,,,,rare
486,0.0,0.0,,,,,,,,,,,,,,,,,,,,,,,,,,,,,,,,,,,,,rare
487,0.0026507620941020544,26.526405334472656,,,,,,,,,,,,,,,,,,,,,,,,,,,,,,,,,,,,,rare
488,0.0066269052352551355,46.083221435546875,0.4976452634929938,0.4992871145963287,0.502168461945965,0.004709473014012366,0.061236146897124276,0.03538817486786285,-0.21799688915223986,-0.04354969872904474,0.5593891167482048,0.06332989512041674,0.06047464837981658,0.03529453488444294,-0.33683289933275146,-0.028417121248368652,-0.5955185431473866,-0.04920362606152522,-0.5387035424188715,-0.03296536482687231,-0.4859904948745803,-0.0474853206934585,0.28728130011148123,0.006842684022024355,0.43497196670457683,0.021892950712033538,0.22428959199506113,0.0005535240120772719,-0.7263113583295612,-0.0763961793860132,0.11148615564023165,0.020283869281576355,0.12528218213211073,0.008005745469459527,frac_pore,0.5593891167482048,sharpness_c0,-0.7263113583295612,imaging
489,0.012591119946984758,68.31277465820312,0.503312295665971,0.5007598491380348,0.49712784743069044,0.006624591331942042,-0.3824697898023412,-0.03724287712434627,0.6328331159137306,0.08486428264308703,-0.8633206327331502,-0.10847789710536886,-0.38303714788396553,-0.0373383104949098,-0.33683290333522675,-0.0382310813155339,0.42710683776522307,0.05080069887211507,0.5956387892418524,0.061849444117554817,0.5071097818916473,0.0535762677246267,0.08463456430566883,0.029726987514440265,0.04688195412784875,0.02115212236711355,0.2158404584111248,0.047324478902570695,0.8943836717186738,0.056009023992635625,0.09804823458672506,0.02476369540594132,1.2162678551159747,0.05971743835902604,frac_pore,-0.8633206327331502,sharpness_c2,1.2162678551159747,imaging
490,0.0033134526176275677,25.183101654052734,,,,,,,,,,,,,,,,,,,,,,,,,,,,,,,,,,,,,rare
491,0.017892644135188866,93.64920043945312,0.49421295711448765,0.4954168212054507,0.5074050856436518,0.014810171287303664,-0.6250151261989806,-0.10064979951088512,0.059632947780938104,-0.0029389204766387673,1.374168471944897,0.12474220672545534,-0.6213088453374591,-0.09962974800081584,-0.33683289099514696,-0.0442371946856946,-0.34868855739859306,-0.015309357708189489,-0.3607729870909421,-0.04073130541837915,-0.40631497371879777,-0.06816077139464947,-0.9546275883776388,-0.11468926479512766,-0.6917203683640556,-0.09181855374618254,-1.1643550952086226,-0.1266727068742073,-0.3110130935671902,-0.033603071762799544,-0.951147248187267,-0.12772979207116175,-0.9743557108292448,-0.11215504810922253,frac_pore,1.374168471944897,noise_sigma_c2,-1.1643550952086226,material
492,0.009940357852882704,56.684120178222656,0.49742292785713926,0.511622922155804,0.4932791806463005,0.02324584431160792,-0.7177747208669897,-0.08859014524903355,0.5438312840950554,0.05883962222102791,0.5114563170986198,0.04445447944632971,-0.7181953685864773,-0.08860550038880409,-0.336832887355314,-0.03367006446576788,-0.382275481984337,-0.06307883341141621,-0.5787593690911291,-0.0387910523603989,-0.2519696323691631,-0.04355099580665718,0.24330940803540052,0.018840287435524197,0.3241005771452052,0.03383173463484083,0.16586815863590032,0.01792720103368616,0.7625653644007891,0.09045604722598488,-0.05535481518959465,0.006360224085626417,0.0580936103737285,0.024710067495312304,K01_si_frac_adm,-0.7181953685864773,sharpness_c0,0.7625653644007891,imaging
493,0.0066269052352551355,40.99667739868164,0.5033653530336182,0.49925580544008635,0.49819353699452584,0.006730706067236358,-0.08322629617593266,-0.02068286002613223,-0.0485669495288744,0.010418796768159174,0.12939833957506794,0.008577673588234719,-0.08392458611546334,-0.020739322241522536,0.2542035797868018,0.0031774734223567734,-0.21375987777903319,-0.002817017344092311,-0.403756962902026,-0.030635698973924968,-0.16165785872519253,-0.015384504123768085,0.14260785042165916,0.01328236459106791,0.17518687351969994,0.014864234517011925,0.20470409035075152,0.017205143577515965,-0.063113580108403,0.004318476351205536,0.1771451163930196,0.006386375858118799,-0.33091232702185536,-0.023355537392953353,K04_agglom_frac,0.2542035797868018,p1_c1,-0.403756962902026,mixed
494,0.00927766732935719,61.33869171142578,0.4997448193270304,0.4993352825290091,0.5006657248808053,0.0013314497616105925,1.7541095102515263,0.13135777437038154,-1.5042611483433168,-0.11666465745051276,-0.3577222296501866,-0.05709864300197981,1.75260730676311,0.1313102646478583,1.5498478344120261,0.16502266047785547,0.33889509441731913,0.025729252204848646,0.3877290002959515,0.05314627523780569,0.36043143921227394,0.03274354707207329,0.2861665747196494,0.04109002066315689,0.3121612548003716,0.03682167402431997,0.33689865461182206,0.04586087204023613,-0.6640671782531393,-0.07545475443912437,0.7441288927626569,0.05130642669727514,0.3382435120402893,0.035509197244292204,frac_si,1.7541095102515263,sharpness_c1,0.7441288927626569,material
495,0.009940357852882704,53.370849609375,0.4974052420679236,0.5061691079780547,0.4972903054917888,0.0123382159561094,-0.3968085163463708,-0.053743659243470465,0.570579839668831,0.07975791631439197,-0.573181970122332,-0.06351037622646838,-0.3973696006177005,-0.05378956261991506,-0.07213153207341966,-0.009840954461455415,0.2984198535433173,0.014240815030668492,0.38195280725250924,0.0313781799022919,0.17846334407575024,0.0008605912092486284,0.04296698783680674,0.020924872638497155,-0.06967997300994581,0.0006954240374318118,0.1477605052809784,0.027640994308457578,0.6721428647751583,0.06834694265950166,0.02639201293881053,0.0169065588197908,0.2812857918292356,0.043212037771281325,frac_pore,-0.573181970122332,sharpness_c0,0.6721428647751583,imaging
496,0.0026507620941020544,30.54644012451172,,,,,,,,,,,,,,,,,,,,,,,,,,,,,,,,,,,,,rare
497,0.00927766732935719,56.578834533691406,0.49402220324508966,0.49931601535593695,0.5046794984990287,0.011955593509820672,-0.5257912700602794,-0.05133546088342856,0.6984011103048553,0.07221940363136582,-0.5505600795084655,-0.049261078073941755,-0.5262959188405969,-0.051398932773819433,-0.33683289351813595,-0.03243408064992298,0.36359664496458277,0.04610742633608345,0.8152405335028854,0.06395369474337705,0.12715748220854076,0.0458830601930169,-0.2144159341227897,-0.031159441272055395,-0.26475894267289357,-0.024074258019710113,-0.14360679125075265,-0.024497687828213495,0.39441702210054375,0.03551599012340945,-0.13904257680127488,-0.009387801001202347,-0.09684433094870008,-0.004869484858959907,frac_graphite,0.6984011103048553,p1_c1,0.8152405335028854,imaging
498,0.0033134526176275677,20.92333984375,,,,,,,,,,,,,,,,,,,,,,,,,,,,,,,,,,,,,rare
499,0.01126573889993373,68.32958984375,0.49846007306757484,0.4980528113213909,0.502503973159103,0.0050079463182060024,-0.5376494073571352,-0.06734470424307923,0.7222200681351862,0.09054147520883842,-0.5805190155090617,-0.060326908340463205,-0.5381488676602936,-0.06741683313655877,-0.3368328913340474,-0.036019696756253675,0.10293840924669627,0.04097546130644724,1.052226711437342,0.08702453433516073,0.10328380072448863,0.029574377231272778,-0.11081224115982173,-0.023206983743989922,-0.0119676956138624,-0.013490999598196399,-0.21957234277228035,-0.03985651300712652,0.6894706075187759,0.04071036588195281,0.16779405376995013,0.008590205043741219,0.5989927775088852,-0.03545645315906069,frac_graphite,0.7222200681351862,p1_c1,1.052226711437342,imaging
500,0.003976143141153081,33.33286666870117,,,,,,,,,,,,,,,,,,,,,,,,,,,,,,,,,,,,,rare
501,0.0,0.0,,,,,,,,,,,,,,,,,,,,,,,,,,,,,,,,,,,,,rare
502,0.01126573889993373,60.23114013671875,0.4984575465262583,0.4980239105617826,0.5025269291894755,0.005053858378951004,-0.1882308657264031,-0.0033199575249367847,0.19588620294497788,0.003042076742283549,0.028997350798872334,0.018032638928564305,-0.18888321169584796,-0.0033918382275177107,-0.33683290497935214,-0.03714108944052332,0.14446855828963712,0.006392210726238203,-0.004340531648732993,-0.0004187294688175327,0.1855026009528701,0.015171569796165203,-0.3804511895427427,-0.03044469309984195,-0.29348642023387395,-0.019308690197562366,-0.3812625780733167,-0.03297510264052115,-0.36830371074439117,-0.03438294259646726,-0.338079396403951,-0.03015805679327712,-0.506924083367441,-0.047595043031008005,K04_agglom_frac,-0.33683290497935214,sharpness_c2,-0.506924083367441,imaging
503,0.005964214711729622,44.8068733215332,,,,,,,,,,,,,,,,,,,,,,,,,,,,,,,,,,,,,rare
504,0.013916500994035786,85.55609130859375,0.508197363301482,0.49809736665912036,0.4956657248808052,0.016394726602964038,1.615216510777831,0.129406330306315,-1.6517919733511814,-0.13813669959735453,0.13980298368111688,0.03586529313590642,1.626687865935529,0.1296696375395245,1.9592481393465366,0.21210887797322528,-0.5609046349762974,-0.0705019662167298,-0.6875758546568528,-0.07674950813758778,-0.46127319738275796,-0.05051519148497615,0.7751716265100271,0.08998408066363872,0.5343837638450989,0.06019800679171004,0.7434971172597183,0.08456663690412407,-0.1744444331246376,-0.017746601520743456,0.3847988723107269,0.053615727996093154,0.34405637074029605,0.05291776150790686,K04_agglom_frac,1.9592481393465366,noise_sigma_c0,0.7751716265100271,material
505,0.00927766732935719,65.29086303710938,0.49974229278571386,0.5011704807641361,0.4993219141797633,0.002340961528272123,0.7991474688330691,0.08219564147169901,-0.6350642332621871,-0.06589964916027291,-0.24806375480058415,-0.015591417589215756,0.7980631023143723,0.08205288177835376,0.2695681175428798,0.0329862905697797,-0.09418351148498194,0.009731782944814235,-0.053211435402632914,0.009736659661784323,-0.010346839800390993,0.025132171798603376,0.21447087373678694,0.01677973636112961,0.32072998306747286,0.025670311214650948,0.21935788216586932,0.0169416297936763,-0.6491330365161891,-0.06933254069354874,0.22542036080449585,0.020630899224832425,0.16966742988524827,0.016246737187509182,frac_si,0.7991474688330691,sharpness_c0,-0.6491330365161891,material
506,0.021206096752816435,100.02776336669922,0.4920312886876639,0.4915128102616964,0.5117923362175525,0.02358467243510498,-0.558613643234068,-0.08032312601809079,0.6845946166796419,0.1096315422352992,-0.3827196882242647,-0.06325253717952825,-0.5590912147139155,-0.08036524907274255,-0.3368328911765489,-0.05122253167507665,0.5176640701390751,0.0761834607773634,0.401451020884946,0.071484937365499,0.42114681361221423,0.07090809494537036,-0.43249985074454944,-0.0854547784160499,-0.5618124252006687,-0.09314518683349984,-0.31793895482823686,-0.06664656381050685,0.2955950999946154,0.04056550958768149,-0.3467060562857629,-0.06606585224173585,-0.18210708455479666,-0.03971023453289255,frac_graphite,0.6845946166796419,noise_sigma_c1,-0.5618124252006687,material
507,0.008614976805831677,44.24323272705078,0.4982592130329107,0.5034283526085344,0.4987029842839485,0.006856705217068715,-0.33347337288305723,-0.021250834785693746,0.13359939663366147,0.007053938017594156,0.6708446955653184,0.03198950975363528,-0.334062168994574,-0.021349385771789738,-0.33683290184235226,-0.03243408064992298,-0.509520643609859,-0.04277989619011469,-0.7222097158226083,-0.056717870022308,-0.37698744609444934,-0.036925622699914694,0.34205824129964574,0.019168978811654053,0.4190708159308703,0.01942733829273039,0.3150268207083374,0.02057836018141783,0.09208730256274851,0.013193122737828956,0.09809902749402787,0.008956960750644493,0.49901888330287575,0.0488584492821056,frac_pore,0.6708446955653184,p1_c1,-0.7222097158226083,imaging
508,0.008614976805831677,47.346343994140625,0.49635041106827216,0.4997844485012548,0.5027088115839661,0.007299177863455686,-0.30216795544012237,-0.005412840165961214,0.3501097370758405,0.02291093328158785,-0.15901059432916695,-0.012078500492125752,-0.30277044901021577,-0.005511478464777609,-0.3368328974505504,-0.03243408064992298,0.5890019260313036,0.031045630261628897,0.3063977191855588,0.041088431434229154,0.4996381284626102,0.022402678460759207,-0.5218041923369017,-0.019968274417980537,-0.4603765500418588,-0.012022858062697466,-0.4820876291453434,-0.020535882057600843,-0.14772031954779888,-0.025400652643900255,-0.1604482377544572,0.009813264747405013,0.035083666671396584,0.012695668345866445,frac_graphite,0.3501097370758405,p1_c0,0.5890019260313036,imaging
509,0.005301524188204109,34.602577209472656,,,,,,,,,,,,,,,,,,,,,,,,,,,,,,,,,,,,,rare
510,0.009940357852882704,56.95182418823242,0.49932667673914466,0.5061666995814206,0.49594914356348224,0.012333399162841152,-0.72591053751199,-0.09516306755958237,0.8307259727893862,0.10394613037021301,-0.3089223936993381,-0.01725063718402612,-0.7263276254736801,-0.09519392032742259,-0.33683290370881397,-0.03367006446576788,-0.4180957824410469,-0.03857690805419045,0.2382717072535335,0.017055237375388586,-0.38146575743863276,-0.016427892182485818,0.47023556353769075,0.036097012439946244,0.5884223117083404,0.06494221738185502,0.5374531395928748,0.045845072336048245,0.7841990792314039,0.09335079690860458,0.5257097366494634,0.055591526649445853,0.6173482002049021,0.061186695883494034,frac_graphite,0.8307259727893862,sharpness_c0,0.7841990792314039,material
511,0.0,0.0,,,,,,,,,,,,,,,,,,,,,,,,,,,,,,,,,,,,,rare
512,0.01126573889993373,66.90434265136719,0.5003688750322135,0.5053044935864398,0.49585290482076644,0.010608987172879614,-0.26611449606441,-0.02591451051555218,0.3298539142271376,0.037148004270599666,-0.18627633859608048,-0.015461976599286834,-0.26673276458093154,-0.025957810815010356,-0.33683289996015103,-0.03714108944052332,0.2057076778540754,0.011843667417950933,-0.1960766983619616,-0.013400028493043132,0.18968511885232336,0.010447107154210959,0.0009706278946421572,0.01949739943703808,0.0052180217272712395,0.018636841044370935,-0.011003239223327552,0.01218010284424842,0.04003111944486037,0.022369674905051543,-0.005695813826265086,0.017436021486188683,0.08531919404009841,0.03518310370477157,K04_agglom_frac,-0.33683289996015103,p1_c0,0.2057076778540754,mixed
513,0.013253810470510271,73.34410095214844,0.49719553913865155,0.5021603317807204,0.5003761257284125,0.005608921722696891,-0.1385491433369466,-0.02419464800895836,-0.2506348179820965,-0.012827477192052052,1.1184844636246858,0.05539089137259736,-0.13919250862962435,-0.024188186156659425,0.00822893249509928,-0.0015516860020402881,-0.48712962565208434,-0.054406913285244794,-0.6468575921605356,-0.05341614630443354,-0.43813580899506055,-0.057617349295703314,-0.18350018777201,-0.02341817634079451,-0.011792292591058715,-0.004382367137412501,-0.25472637721343666,-0.03289904784143637,-0.2129832796939759,-0.018931612350778393,-0.399455745574172,-0.034332944348946494,-0.1165830996822145,-0.010111306432135956,frac_pore,1.1184844636246858,p1_c1,-0.6468575921605356,material
514,0.01126573889993373,62.59712219238281,0.5022776769968519,0.5053117187763418,0.49451350874095,0.010972982518099972,-0.685923810236212,-0.10336995085723306,0.5060892414661357,0.05708045069898142,0.6219047105281992,0.07608154860323006,-0.6863583940622966,-0.10338421210167545,-0.3368328670819114,-0.03115089719541056,-0.3794123335529046,-0.05419410870762191,-0.5733435882545446,-0.05657251748430891,-0.23949842716312134,-0.03657883953615948,0.0545335502550833,-0.01200980032754657,0.2277875098222592,0.016064698808914254,0.03803062831689474,-0.013092824667139975,0.7312759332781259,0.0814228714108903,-0.23837998892128207,-0.025277436053248982,0.18924077286146018,0.025603168650681032,K01_si_frac_adm,-0.6863583940622966,sharpness_c0,0.7312759332781259,imaging
515,0.013916500994035786,80.70770263671875,0.49292694758437383,0.49992654390266217,0.5049973512272647,0.014146104831252337,-0.6580074051604234,-0.1049525775249009,0.43408907204875136,0.05634865299276762,0.6008480162281593,0.07773937316283741,-0.6584542035843458,-0.10500500468265082,-0.3368328744833189,-0.03929228768412859,0.17358120783854136,0.0006353621926651126,-0.314305797317398,-0.027008641839563533,0.25391640737272636,-0.007515542917570803,-0.6657853015756543,-0.07638614787554338,-0.5761836196691236,-0.04735681753485871,-0.6416742996481224,-0.071453248892309,0.18284819157408397,0.05198518602642875,-0.6511373571618185,-0.06751739086582544,-0.5160099001279576,-0.063866881126319,K01_si_frac_adm,-0.6584542035843458,noise_sigma_c0,-0.6657853015756543,imaging
516,0.004638833664678595,35.55847930908203,,,,,,,,,,,,,,,,,,,,,,,,,,,,,,,,,,,,,rare
517,0.015241882041086813,79.89442443847656,0.5015740352401984,0.49727369501028384,0.5008988168815116,0.00545260997943231,-0.14205175763495148,-0.04797415791467426,0.14793402658180116,0.04258531114742013,-0.16732111853619125,-0.013483750372267483,-0.14272430896088953,-0.048061127399523576,0.44444942956136485,0.03737269677234041,0.284567785564727,0.01703856880071584,-0.17593963309924623,-0.01918900833973375,0.2730803082297265,0.005121199273612535,-0.2574708878001276,-0.015471539996319807,-0.2614279618119055,-0.018786630764217903,-0.2664066411717499,-0.014728273981434739,0.27805523593463194,0.047865036964917416,-0.362277288801749,-0.03136619883304942,-0.11881198494719543,-0.022015198629092115,K04_agglom_frac,0.44444942956136485,sharpness_c1,-0.362277288801749,mixed
518,0.008614976805831677,53.57020568847656,0.5020566046316556,0.4979504544644449,0.5000653363941372,0.004113209263311157,0.2902673020662164,0.03717254433751032,-0.2553629526770575,-0.03928757653859022,0.02916825569444031,0.027246936201493783,0.28940559256318504,0.03710647991549015,-0.3368328961957501,-0.03243408064992298,0.025042255465298036,0.003467722449638528,0.26382924287520504,0.015389454889657001,0.0650070868160952,-0.005013478539213595,-0.20273178800193775,-0.005340604119697864,0.011842516761022742,0.01055323933677357,-0.15699610353941607,-0.0019189661517762645,-0.5869340887676313,-0.046107167164969313,0.10244582474558561,-0.0034827152655832463,-0.0814054616169518,-0.00690840032281642,K04_agglom_frac,-0.3368328961957501,sharpness_c0,-0.5869340887676313,imaging
519,0.00728959575878065,42.30953598022461,0.50101945942122,0.49701238397549213,0.501478015186297,0.005975232049015733,-0.7183074377270537,-0.08560094760818274,0.5270418435676377,0.053753437680016,0.2782835686643883,0.03491080073318904,-0.7168222739311699,-0.08531367060906798,-0.33683290657179205,-0.025399510963926338,-0.5411587485782197,-0.0354135179130787,-0.49892097594479873,-0.025922173363685772,-0.46146754585292105,-0.03667976364264626,-0.30301463710534227,-0.021523416526095566,-0.08036212871106464,0.0023239753974122327,-0.4176700348312092,-0.027639781193029206,0.39874826941158736,0.04392540922400797,-0.3465389174025228,-0.012546829106446746,-0.37383944043749123,-0.002462241380214841,frac_si,-0.7183074377270537,p1_c0,-0.5411587485782197,material
520,0.005301524188204109,38.78486251831055,,,,,,,,,,,,,,,,,,,,,,,,,,,,,,,,,,,,,rare
521,0.008614976805831677,47.47429656982422,0.5020616577142886,0.4997916736911569,0.4987118135263995,0.0041233154285771345,0.3012056622466317,0.05934855239335202,-0.21557549223547565,-0.04759799550996393,-0.22736185965804734,-0.011631411034765815,0.3003391668015931,0.05924963029338825,-0.04291365321768807,0.01685069792021987,-0.36288218810137585,-0.0197688411894359,-0.27427817460031484,-0.025375217256193194,-0.34826341426278334,-0.027883558522687927,0.23182152705786485,0.04032474259956429,0.2680222672299731,0.032309478402471385,0.25374657557719926,0.04074614213370788,-0.3422990702781015,-0.02983742395234673,0.02876827219627999,0.01407278206666245,-0.12699765047777922,-0.002592310956790912,frac_si,0.3012056622466317,p1_c0,-0.36288218810137585,mixed
522,0.008614976805831677,46.30400848388672,0.49635041106827216,0.5016112173481626,0.5013694155041497,0.007299177863455686,-0.5373480986347693,-0.045937150823550744,0.6529772056354217,0.06071488979215026,-0.4481448173939672,-0.03937862708508195,-0.5378476907666258,-0.046003215027875057,-0.3368328980779505,-0.03243408064992298,0.09938125733600067,0.023016710773172907,0.22626687564150083,0.02361972913909496,0.08014294345656103,0.03854453166818224,-0.057055711900482614,-0.02271327317867455,-0.3440094693572413,-0.03245905725038573,-0.03861914249863282,-0.018324674268162294,0.5038462826706253,0.030755187052750002,-0.30732460987547494,-0.015226978360596605,0.10391715403159979,0.0014287768934712034,frac_graphite,0.6529772056354217,sharpness_c0,0.5038462826706253,material
523,0.0066269052352551355,40.13689422607422,0.5014502347156884,0.5029117515305361,0.49685149214197416,0.006297015716051679,1.173543251979411,0.0825620035926833,-0.9629939840430234,-0.0742103685283266,-0.18396981840553167,0.0045440968154691055,1.1722950712646856,0.08252460209310443,1.6419116654072936,0.08476763765578273,0.02793841173373343,0.006474194496642944,0.01665905914363263,0.004764576536721925,0.0567048577920779,0.02133809007731983,0.3673755948583315,0.02827666757224461,0.24133068988169376,0.01067659698791229,0.25074368816433745,0.018471310495866915,-0.5461838994118863,-0.05012945956319472,0.07967776704088689,-0.0067934299713371575,0.11147143963529432,0.00486698052623335,K04_agglom_frac,1.6419116654072936,sharpness_c0,-0.5461838994118863,material
524,0.005301524188204109,39.30282211303711,,,,,,,,,,,,,,,,,,,,,,,,,,,,,,,,,,,,,rare
525,0.013253810470510271,88.5820541381836,0.4972005922212846,0.5057825603182937,0.497716757902172,0.011565120636587434,1.3058955133837993,0.13934110872101638,-1.160441378787283,-0.12324033678149224,-0.10192739441150934,-0.02088884319571296,1.3045894228035617,0.13924817496061784,1.6587569228443613,0.15632414086196647,-0.22495842347370992,-0.015326835640117808,-0.02736373784078061,0.008871862133800125,-0.22972966151601432,-0.0007506941403413529,0.5476652122142842,0.07080636672955494,0.4356002741653988,0.05511679202845963,0.5163801092804656,0.06792582673060854,-0.5654046292316964,-0.07208680645323184,0.567418639232775,0.06482913566619689,0.27125823627475054,0.04482882700779237,K04_agglom_frac,1.6587569228443613,sharpness_c1,0.567418639232775,material
526,0.005964214711729622,46.20885467529297,,,,,,,,,,,,,,,,,,,,,,,,,,,,,,,,,,,,,rare
527,0.007952286282306162,51.19926071166992,0.5005886841267515,0.500192671730722,0.49944728942256755,0.0011773682535030083,-0.5448395223530655,-0.053688132166875215,0.4619595957841185,0.04254278406329449,0.2694737354014831,0.017609594128963162,-0.5453358366316174,-0.053722433465863965,-0.3368328830203477,-0.03115089719541056,-0.26691957674033223,0.00898593616889405,-0.005589954602266177,0.0015250170842675936,-0.40626938738782403,-0.016120683445226377,-0.6415773079336929,-0.037325040050681144,-0.21627409598422156,-0.007151213941709013,-0.8912008903977342,-0.0652531473783629,-0.3315145666187092,-0.006663379403364866,-0.4420298642197835,-0.02391476593604642,-1.0291823335339139,-0.0789300619670358,K01_si_frac_adm,-0.5453358366316174,sharpness_c2,-1.0291823335339139,imaging
528,0.008614976805831677,60.451927185058594,0.49444918872758326,0.49797935522405323,0.5053611160162458,0.01110162254483349,0.23920985892529525,0.04199441097294575,-0.31072481922885337,-0.04869980328471334,0.30687494607505744,0.03745337708532599,0.23837048928914273,0.04187913647084129,-0.33683287925594724,-0.03243408064992298,0.7522835810233894,0.044829196330799105,-0.25592372941712954,-0.005622687159796881,0.9285574850618177,0.07167522182918323,-0.5613974572637106,-0.05773108653484747,-0.5571294317548212,-0.0482786239828647,-0.4502751667767172,-0.04196325928490355,-0.42935415151774975,-0.05571428101769191,-0.2523619490717253,-0.0231806743327491,-0.16592798224193459,-0.03726393957275211,K04_agglom_frac,-0.33683287925594724,p1_c2,0.9285574850618177,imaging
529,0.008614976805831677,53.19068145751953,0.5058918943501484,0.49977722331135277,0.4960453823061981,0.011783788700296727,-0.20522561965781805,0.004259648976811339,0.31602690621994467,0.021218113388206308,-0.40428250239092867,-0.04342478394703641,-0.2058705296591412,0.004177363100256789,-0.07095859403384301,-0.008157762187758967,0.24637380344273335,0.008774829092571747,-0.14592323194709475,-0.004608686645243232,0.19222314347189184,0.011644474308758467,0.15236488608835505,0.03345919128727992,0.16145498555981405,0.019889710597842516,0.22187160407081585,0.04375794365325741,0.15518516913546093,0.04072033236458846,0.22518489439617195,0.028044288606484412,0.116427275195541,0.01661313531833259,frac_pore,-0.40428250239092867,p1_c0,0.24637380344273335,mixed
530,0.005964214711729622,36.57196807861328,,,,,,,,,,,,,,,,,,,,,,,,,,,,,,,,,,,,,rare
531,0.010603048376408217,64.17709350585938,0.4931682322801025,0.5020904882783335,0.5032420978280064,0.013663535439795038,0.018151681661665645,0.027238238015337195,0.13435666287832365,0.0017563015883565844,-0.39885961245266455,-0.04085949977777809,0.017409034506505317,0.027134571845139736,-0.20036652787190004,-0.014839281011360549,0.0007236717063491271,0.03477426815299006,0.40568325116224285,0.05429509417130897,-0.04890792927223109,0.027972727674480224,-0.2583536822842917,-0.03374389806345817,-0.06896926603929165,-0.008082370668709505,-0.22282753282889187,-0.02682318224495987,-0.4208669805231543,-0.06298157279071454,-0.02186078446206996,0.011243057786029758,-0.26709641882338214,-0.013163998059337835,frac_pore,-0.39885961245266455,sharpness_c0,-0.4208669805231543,mixed
532,0.004638833664678595,31.737194061279297,,,,,,,,,,,,,,,,,,,,,,,,,,,,,,,,,,,,,rare
533,0.010603048376408217,62.82648849487305,0.5027033992086872,0.5057392091788813,0.493902525163341,0.012194949673318023,-0.5452420840044608,-0.08276312753650246,0.5040668480209765,0.06536466176220909,0.11258181572295067,0.015579675653099225,-0.5457382221873791,-0.08285259986420244,-0.33683290034824453,-0.03243408064992298,-0.27223330389720446,-0.0337794992496451,-0.29517132717527483,-0.023295478771501746,-0.15335412348965413,-0.024623208228103707,0.15766386332292265,0.023071047437020844,0.09905673030644073,0.011993760347184516,0.1251903349907257,0.01861701012333042,0.41927751938746116,0.07077218621125635,-0.16795042003543156,-0.004729652517324357,0.28833781791847685,0.0452979063289032,K01_si_frac_adm,-0.5457382221873791,sharpness_c0,0.41927751938746116,material
534,0.013916500994035786,74.55680847167969,0.49865082693697294,0.5071445086148347,0.49570457354758957,0.014289017229669465,-0.39945562778095794,-0.03218935938851741,0.37855054806587435,0.0410333627409587,0.07210903140732002,0.014803059305065166,-0.4000155537846257,-0.032254222331115696,-0.33683288803954825,-0.04133716002918112,-0.49496811047213957,-0.06424164219028822,-0.35835156963071213,-0.039764911356865974,-0.4821070448369507,-0.06784738016798185,0.0753413948304091,0.0262706651913757,0.3003770905066032,0.05186091950661603,-0.08330756390332618,0.008367448246444375,-0.2677618381888339,-0.0011329251246747795,-0.07623844782257756,0.014158207829714041,-0.08168162710472947,0.005628920513214415,K01_si_frac_adm,-0.4000155537846257,p1_c0,-0.49496811047213957,mixed
535,0.012591119946984758,79.05738067626953,0.49377081238409487,0.5025890263815768,0.5024554123256224,0.01245837523181026,-0.12736077026632303,0.009078317764030007,0.12660869016184745,-0.008448992773278034,0.05211207854927041,0.03555732182212794,-0.1280397495167816,0.009010316308350275,-0.08950732477531893,-0.018316585064446517,-0.08288180935695305,-0.007651717363325093,-0.044157929770410255,-0.0058888219969748115,-0.12057566319371951,-0.013250438665348838,-0.24450698010709201,-0.03389169803976808,-0.2000968061504585,-0.02382104982553966,-0.22505597685070203,-0.028994850416126896,-0.39305711527818543,-0.047867987404587434,-0.4259326306318832,-0.04322451310561769,-0.17456975202803746,0.0036006963590539055,K01_si_frac_adm,-0.1280397495167816,sharpness_c1,-0.4259326306318832,mixed
536,0.0033134526176275677,30.387535095214844,,,,,,,,,,,,,,,,,,,,,,,,,,,,,,,,,,,,,rare
537,0.0033134526176275677,25.218198776245117,,,,,,,,,,,,,,,,,,,,,,,,,,,,,,,,,,,,,rare
538,0.0,0.0,,,,,,,,,,,,,,,,,,,,,,,,,,,,,,,,,,,,,rare
539,0.007952286282306162,46.24612808227539,0.4967811863627405,0.4965728515897826,0.5047624933780682,0.009524986756136444,-0.4726434733832518,-0.05862265873731402,0.6573061028095637,0.08346856336939434,-0.5566731563995602,-0.06340203685351602,-0.47317137653791524,-0.05868257827262246,-0.3368329029366232,-0.028417121248368652,0.2955482348360712,0.06806546258562836,0.6373785939360985,0.06609176718516245,0.18727041570083264,0.03641902096704667,-0.8202741498418427,-0.06936714304383851,-0.6925806476603878,-0.06775268079774567,-0.9739644671717538,-0.08135817949727799,0.13315293713981535,-0.02034823917995867,-0.5316906298764223,-0.04619357227810272,0.4995073388655068,-0.05709455170989269,frac_graphite,0.6573061028095637,noise_sigma_c2,-0.9739644671717538,imaging
540,0.010603048376408217,57.34895706176758,0.5026932930434211,0.5039040109437544,0.4952551651068339,0.009489669786332255,-0.5435967642372733,-0.08015279311237791,0.8196084512126909,0.11431042291195963,-0.8391286233955487,-0.09496145712351241,-0.5440936222418021,-0.08019734215835171,-0.33683286733534584,-0.036019696756253675,-0.11860485900524333,0.00946128866360295,1.0104215740253788,0.09845219675540078,-0.23996247734193346,0.0020303082164031317,0.5520199051644099,0.07155676740071114,0.7419379475486712,0.08910358092984585,0.5086741082954337,0.07299423429564147,1.2353658507817238,0.10798768250065885,1.2090128900221306,0.11445653971912449,0.6157972262741079,0.0756734166366186,frac_pore,-0.8391286233955487,sharpness_c0,1.2353658507817238,imaging
541,0.00927766732935719,70.68264770507812,0.4997625051162461,0.5047662169387352,0.49667137559597385,0.009532433877470492,1.5256728321186839,0.09817204229931167,-1.512697154879527,-0.0928288846263675,-0.021039142985406656,0.021360339994625967,1.5242705795621136,0.09815605836459652,0.5759698655298352,0.057482905295643934,0.027254771337176194,-0.03387019534547019,-0.312888595379396,-0.0410841160986224,0.10368945706524187,-0.013510518230031732,0.21502166304298284,0.041875449940597165,-0.0688838702581673,0.002079251927441763,0.23412939340636574,0.03074719970783457,-0.5012768587354995,-0.052386242109890936,0.13247003414454903,0.020406061235227296,-0.11412064320989737,-0.002131008198362932,frac_si,1.5256728321186839,sharpness_c0,-0.5012768587354995,material
542,0.010603048376408217,58.57123565673828,0.49697573004411344,0.5021434730042821,0.5005421154864912,0.006048539911773121,-0.6056395038804301,-0.07417948200536108,0.24116944248887293,0.013743763435764002,0.7562518776593369,0.0742511459839213,-0.6045798996613396,-0.07395508191345086,-0.3368329012974583,-0.03367006446576788,-0.35559643655817386,-0.036684731081617176,-0.44172397769819427,-0.03929774047314151,-0.3546741109729722,-0.028629615370751545,-0.3566912907810888,-0.04386870727595042,-0.21549462944265518,-0.033969374555184076,-0.4422553710791393,-0.05308312595105099,0.37741390957475274,0.018227593627597797,-0.5538383985568172,-0.0604650115027779,-0.4262650993530469,-0.03564552693422286,frac_pore,0.7562518776593369,sharpness_c1,-0.5538383985568172,material
543,0.0,0.0,,,,,,,,,,,,,,,,,,,,,,,,,,,,,,,,,,,,,rare
544,0.0066269052352551355,37.626373291015625,0.5033426141617694,0.4974687751376398,0.49951968921066575,0.006685228323538794,-0.6618217042905407,-0.07272770267597647,0.5283983826828215,0.06438470779462471,0.24293455440800082,-0.002336436531990144,-0.6622668338572989,-0.07274641555280935,-0.3368328936057405,-0.023750872783347407,-0.3268921789822378,-0.0009138033313185894,0.21745343655267385,0.031225227164236015,-0.44210558871135136,-0.02068184215633311,0.0830460541175018,0.0062138873043346985,0.41781771111662047,0.031155817452883608,0.008534525310723247,0.0011260587931784783,0.5746828642506076,0.06604164719097698,0.48910614212829456,0.04283118805888863,-0.06556363581653359,-0.003850861134573676,K01_si_frac_adm,-0.6622668338572989,sharpness_c0,0.5746828642506076,material
545,0.015904572564612324,74.8466796875,0.4916472544075513,0.505895754960093,0.5015150980045912,0.016705491184897392,-0.46431473523166006,-0.06009796523811258,0.2634184335319556,0.013350420183489678,0.40850667519649825,0.07874593056977097,-0.4625262335276844,-0.05939605794451004,-0.3368329035677036,-0.0442371946856946,-0.25298125108968184,-0.06547101535544662,-0.4422514182120577,-0.0593832440433873,-0.11709126853662634,-0.05647482870863373,-0.018448353230592927,-0.016804284262683412,0.03611782303944471,-0.0003056221039319491,-0.04416883082382043,-0.01927362833432648,0.15107382355535962,0.027851643376504216,-0.09121175661236361,-0.01669227867838912,0.031773341543479765,0.002614338922270867,frac_si,-0.46431473523166006,p1_c1,-0.4422514182120577,mixed
546,0.00927766732935719,52.11907196044922,0.501634672231795,0.5030153125857991,0.4966466537171111,0.006706692565777828,0.18051632592527506,0.05472718675608945,0.02940841026089032,-0.02529985919604195,-0.6519890774662442,-0.06666282995372594,0.17970263721254584,0.054600347718795725,-0.33683289054914883,-0.03367006446576788,-0.05829199405513052,-0.01233657706557509,0.07254452799059001,0.005618328214585209,0.009648727163864933,-0.0017812214777718168,0.4604029682527498,0.057019658696370164,0.4229561316764378,0.047661973443824425,0.5875551846057125,0.06964110144403854,-0.1629326082829896,0.0028739556924028153,0.5081875239134235,0.05652954085145629,0.4687238635132278,0.05390124342830588,frac_pore,-0.6519890774662442,noise_sigma_c2,0.5875551846057125,material
547,0.004638833664678595,28.04531478881836,,,,,,,,,,,,,,,,,,,,,,,,,,,,,,,,,,,,,rare
548,0.015241882041086813,79.8774642944336,0.5111837351376207,0.49904266233797506,0.49288539643298596,0.02236747027524144,1.0220105166524016,0.11239861482069521,-0.8874740774489365,-0.09933282837449356,-0.43246820477923836,-0.0541650875001719,1.020828637991168,0.11231167783075043,-0.000294070842960694,0.02498727363731674,-0.309738495502611,-0.030891492837817485,-0.23745097540161805,-0.04426869749168103,-0.24427784785465703,-0.02720714082064939,0.8699477058495761,0.11369098076563487,0.6504907605279433,0.0680847801623106,0.9184014038277399,0.12065338060598571,-0.12088327149784388,0.005857835962098269,0.678051931724352,0.06554168938366355,0.3433633380580044,0.028779677911420463,frac_si,1.0220105166524016,noise_sigma_c2,0.9184014038277399,material
549,0.005301524188204109,38.720481872558594,,,,,,,,,,,,,,,,,,,,,,,,,,,,,,,,,,,,,rare
550,0.008614976805831677,53.562713623046875,0.4982667926568603,0.4997892652945229,0.5013658838071694,0.0034664146862793954,-0.10011349065431126,0.007614595242512459,0.14089561574044648,0.010674369268413631,-0.10298782012069531,0.0019270444664080395,-0.10080439178545977,0.007532287539361362,-0.33683291219445527,-0.03243408064992298,0.9912861234469368,0.04833663150635408,0.27431431186796673,0.028148193115892048,1.0802101107872053,0.06825986515874159,-0.6049242482948927,-0.05309745846262222,-0.551014546568979,-0.04060520290419699,-0.5126612526317984,-0.045803002417565894,-0.4065064027965056,-0.03141767779171486,-0.2984607634801607,-0.03669151031047781,-0.05397145268770151,-0.01121027577119079,K04_agglom_frac,-0.33683291219445527,p1_c2,1.0802101107872053,imaging
551,0.011928429423459244,74.44837951660156,0.4980419304796891,0.5066592166930788,0.49648596150450286,0.013318433386157569,1.6419270469417764,0.10361546356048258,-1.4265494835086523,-0.09973253712375851,-0.44377413956673634,-0.04620036122440855,1.6404739280822602,0.10353162738001707,0.988178343009034,0.06766002057941159,-0.0184027426731381,0.009069636135294514,-0.1611474473379616,-0.012181466477176843,-0.00740693631599881,0.013071730989303728,0.4656272166694201,0.05789257012240314,0.09164572693158675,0.02504774219178193,0.45372016659213527,0.06236910816360723,-0.45639971601371226,-0.0453516035249868,0.05150717607707333,0.01898083500299964,-0.023346670671978438,-0.0051431028186839055,frac_si,1.6419270469417764,noise_sigma_c0,0.4656272166694201,material
552,0.0033134526176275677,34.97199249267578,,,,,,,,,,,,,,,,,,,,,,,,,,,,,,,,,,,,,rare
553,0.0145791915175613,82.61536407470703,0.5020237595945407,0.5012788586126673,0.49764788981105423,0.004704220377891533,-0.506125852351637,-0.09455589473350456,0.3725481187026248,0.0689969332518629,0.293847672241574,0.04245157386120548,-0.5066391055162094,-0.0945938107460825,-0.3368328956816568,-0.04133716002918112,-0.3068616538966442,-0.027043996977906454,-0.23840582460042345,-0.020110416852317566,-0.31780909569161997,-0.02832206635999303,-0.07304491381798398,-0.01794791789055427,0.09319101151107502,0.008759798421568692,-0.21889957237892965,-0.04066119529289719,0.292636679333009,0.06266479843810753,-0.146935871335942,-0.012555022518601331,-0.3656699364028856,-0.04047210694046947,K01_si_frac_adm,-0.5066391055162094,sharpness_c2,-0.3656699364028856,material
554,0.01126573889993373,58.66108703613281,0.4927412467976089,0.49986994658176265,0.5051686385308141,0.014517506404782221,-0.4027651109478335,-0.017966719950406187,0.3589024739252315,0.023773581078606783,0.06653319136630986,0.010408019289471087,-0.40332358895526854,-0.018039078227321197,-0.33683287779940213,-0.036019696756253675,0.36081409323918634,0.05137690612154211,0.1288808380431568,0.012885047475824469,0.36224110518951086,0.05172589703635535,-0.570463701973399,-0.07726842208973786,-0.6868938028247801,-0.0849812953863326,-0.5171376576277453,-0.06125628784441896,-0.1863882703080253,-0.0420624794963424,-0.5098608868966326,-0.06684193181789663,-0.24995266108715447,-0.02273030094192582,K01_si_frac_adm,-0.40332358895526854,noise_sigma_c1,-0.6868938028247801,imaging
555,0.01126573889993373,66.23768615722656,0.502282730079485,0.5016918986354024,0.4971640473247395,0.005671905350520978,-0.37758960772276645,-0.04098344913561059,0.43689546494548587,0.0578688724592364,-0.19712683424877864,-0.021773597711840804,-0.37815910104082207,-0.04109884025646243,-0.3368328853535515,-0.036019696756253675,-0.3168701357159395,-0.011715501475236971,0.24949618868570214,0.03777107490349917,-0.330448721761259,-0.028531811689539804,0.24057596175083168,0.007558207460047797,0.4538050910416459,0.03614584932792563,0.18342325583001695,0.0021784758462608457,0.03563284864597239,0.011294967184266565,0.45601755036949004,0.040066399003530574,-0.05308319726525147,-0.00037012072036882133,frac_graphite,0.43689546494548587,sharpness_c1,0.45601755036949004,mixed
556,0.005301524188204109,45.654483795166016,,,,,,,,,,,,,,,,,,,,,,,,,,,,,,,,,,,,,rare
557,0.007952286282306162,52.27277374267578,0.5100935325595379,0.49659934395275684,0.4954388133498145,0.020187065119075864,0.6964111551542855,0.07553118000753428,-0.6817527559797056,-0.06128425783239894,-0.3810137380250007,-0.03969314741341165,0.6953717402281683,0.07541109071929823,-0.33683289556834994,-0.03115089719541056,-0.4064881736551145,-0.0221091185553777,0.11566874159459936,0.013560912386101274,-0.499931774354211,-0.06501602599903876,0.7166843841788499,0.08873555896576327,0.5096156891109302,0.04982179909353059,0.7536099536400925,0.08634796181644452,-0.1861162985385189,0.006548991397840614,0.5551648361548204,0.06114743746942498,-0.35655058975707976,-0.023387886474205206,frac_si,0.6964111551542855,noise_sigma_c2,0.7536099536400925,imaging
558,0.009940357852882704,60.273902893066406,0.49739260936134094,0.4934612031386225,0.5066166342927776,0.01323326858555518,-0.33397546626027164,-0.011123986243334173,0.45447595218564474,0.03188232809065215,-0.3753577834506233,-0.037750387999352,-0.33456404265762985,-0.011292570107744327,-0.3368328896080485,-0.034863871151342034,0.562058704508616,0.07979820209428537,0.2357579019928957,0.05242749663967677,0.42267707617622874,0.07652377885131334,-0.5812565238451931,-0.05624855826432261,-0.6232973482888985,-0.050249018088503745,-0.48479077007531807,-0.03999057608124661,-0.10262852670850064,0.0032091960168481016,-0.539871552225677,-0.03484871848722237,-0.34802147687494733,-0.03913098307088198,frac_graphite,0.45447595218564474,noise_sigma_c1,-0.6232973482888985,imaging
559,0.0066269052352551355,43.75579071044922,0.5052526793970662,0.4992895229929627,0.496849726293484,0.010505358794132391,-0.04457324946716203,0.010238160223542141,0.1641289115222276,0.005604238416066956,-0.3231625956911537,-0.02650674683521664,-0.04528845176262261,0.010144222089787169,-0.336832874236745,-0.028417121248368652,-0.24855542850590098,0.004021082308306107,0.17233329031512223,0.01787392454494043,-0.2387218592519163,0.00259473449985551,0.41919507657278027,0.02334338543156574,0.4091617561841105,0.026301808980807764,0.46567958627141026,0.024515368258162584,-0.17085882128384736,-0.010844016008715224,0.4389713056110737,0.020829888388757902,0.4887802994671476,0.03804191560420802,K04_agglom_frac,-0.336832874236745,sharpness_c2,0.4887802994671476,mixed
560,0.009940357852882704,62.81094741821289,0.4973900828200244,0.5007273357834755,0.5012908352463359,0.005219834359951214,-0.10728034157361052,0.003428272231811811,0.16529027183392975,0.019716227551818552,-0.18004965261889966,-0.03089237603363185,-0.10796810683660772,0.0033359977184363766,-0.0986045964633309,-0.012584634191909866,0.7514052457947129,0.0732455568050248,0.4018655153186531,0.04031066895355509,0.6943782259489933,0.07049311645068201,-0.47236424641858654,-0.04479376089723718,-0.5421652532242051,-0.040556128284937695,-0.4103979976794048,-0.04088048268159938,-0.20014475239907725,-0.013762247909236473,-0.10056605069327929,-0.0259409435508687,-0.09303879798778536,-0.005622129325981985,frac_pore,-0.18004965261889966,p1_c0,0.7514052457947129,imaging
561,0.011928429423459244,63.243812561035156,0.5018696405742323,0.4994003092381278,0.499132968391312,0.003739281148464668,0.08145589459357352,-0.004092953038240579,-0.008085545478012504,0.015098525057017344,-0.27078363952967416,-0.013215854850996264,0.08068554905708243,-0.004191071128438846,-0.33683290341085176,-0.0382310813155339,-0.05820739576517707,-0.009985339193985096,0.04674691773517851,0.007451189163557308,-0.017073500684796634,-0.025980879767006665,0.07752371264099361,-0.007303109806369504,0.00901639209261304,-0.004351066210353205,0.11571417249024135,-0.0020461982647326086,-0.07596139445675613,-0.006114377012471955,0.06291320818948087,-0.007982786301390328,-0.3790560116631721,-0.027202047594111392,K04_agglom_frac,-0.33683290341085176,sharpness_c2,-0.3790560116631721,mixed
562,0.00728959575878065,49.268226623535156,0.501029565586486,0.49703165114856435,0.5014568250044146,0.0059366977028713075,0.1869052904090261,0.026827011040962773,-0.07106821439131122,-0.0018019849946997795,-0.2518407122556225,-0.03036603571368963,0.18608880628343605,0.026773075467287535,-0.33683287486414665,-0.029814417850313527,0.12727795776121037,0.02856263813887325,0.21382807794098102,0.038401641972913375,0.03250589332574481,0.020583250342112065,-0.2167359498321008,-0.027377802317829224,-0.08395506864195379,-0.022085570179562572,-0.17618667027989335,-0.024555502879125904,-0.5898625882162172,-0.055691539789004076,-0.1525692813149962,-0.020558730704088434,-0.3847414490320902,-0.03650579847135716,K04_agglom_frac,-0.33683287486414665,sharpness_c0,-0.5898625882162172,imaging
563,0.009940357852882704,43.474037170410156,0.5031291214205225,0.49709306526273206,0.4999443757725587,0.006258242841044925,-0.6765988610809667,-0.0937735080299768,0.8693601718960755,0.11450272956896992,-0.6011064060381156,-0.06529040328384016,-0.6770375249724744,-0.09383488862207401,-0.33683285783453454,-0.03115089719541056,-0.1466485741129919,0.008757088870074696,0.8872242895873714,0.054440853225135706,-0.27691800305743053,0.008033901444888318,0.1801186623696124,0.01741915625577761,0.2129724562760464,0.021987840044415313,0.1503796171496736,0.01713660878631837,0.6622049781336304,0.08204801463453475,0.5397435072346025,0.030534057079934788,0.5489357900746605,0.0539918979154114,frac_graphite,0.8693601718960755,p1_c1,0.8872242895873714,imaging
564,0.003976143141153081,37.307762145996094,,,,,,,,,,,,,,,,,,,,,,,,,,,,,,,,,,,,,rare
565,0.0066269052352551355,43.46167755126953,0.49954269602170803,0.49926303062998845,0.5008599682147272,0.0017199364294544495,-0.6013694000923111,-0.05269371142724072,0.6156647071983509,0.05723048275457712,-0.0796645878280031,-0.006992535383746379,-0.6018409801411526,-0.052731162275235596,-0.3368328949409498,-0.028417121248368652,0.2804360242813937,0.016724125583089944,0.24236983027275272,0.01039115300968613,0.20397696842513313,-0.0021817601298121116,-0.7940007390185885,-0.053282439141021334,-0.6753080167604615,-0.04573203260651332,-0.9075970861501896,-0.06126604260945083,-0.19654120229332275,-0.009306106921375097,-0.8035989515737593,-0.06041219814815233,-0.5760280197007452,-0.028569930404094678,frac_graphite,0.6156647071983509,noise_sigma_c2,-0.9075970861501896,imaging
566,0.004638833664678595,30.16292953491211,,,,,,,,,,,,,,,,,,,,,,,,,,,,,,,,,,,,,rare
567,0.005964214711729622,45.405921936035156,,,,,,,,,,,,,,,,,,,,,,,,,,,,,,,,,,,,,rare
568,0.00728959575878065,49.857765197753906,0.4972144881985255,0.5024926905162157,0.5001191947730885,0.005571023602949032,0.0334740893029911,0.02889375056199063,-0.13623839337747679,-0.03991196540071483,0.29948367898313344,0.036729324179879196,0.03272473782795568,0.028804379440124137,-0.3368329238013607,-0.029814417850313527,0.0920523531177621,-0.012084133673865245,0.011238406931215743,0.0017743673477640942,0.20022649686140384,-0.004345840425077916,-0.03020398293139684,-0.013210000981496977,0.08329998530265824,0.004888431923051989,-0.036535703420023366,-0.018308160594880482,-0.5379405842933034,-0.050060451135146546,0.13813775083083735,-0.0069175773624490285,-0.018532438911108156,-0.006656842821638181,K04_agglom_frac,-0.3368329238013607,sharpness_c0,-0.5379405842933034,imaging
569,0.00728959575878065,47.93402099609375,0.5086571938210905,0.5006394293063336,0.4934804873741834,0.017314387642181073,0.8590554092794183,0.06051598459392567,-0.8426965302544355,-0.05350699546601968,-0.355952930075661,-0.028383879110010814,0.8579448305022749,0.06042658968652433,0.31638441478189333,0.02382469847471016,-0.5717887769249259,-0.04752968340656478,-0.6173623687341656,-0.051608121655270504,-0.4800668819328436,-0.039697559562955766,1.0226459318448056,0.09659243553455787,0.6265478200328083,0.06041950874752814,1.0745297211085216,0.09104238414876349,0.20817886989421722,0.030067097583844946,0.5779276668287411,0.0739453752561596,0.060995778959586446,0.014019047178412075,frac_si,0.8590554092794183,noise_sigma_c2,1.0745297211085216,imaging
570,0.010603048376408217,58.27800750732422,0.4931682322801025,0.4984803017239304,0.5058891047148154,0.013663535439795038,-0.1799139126959354,0.0036633445789042603,0.22276883367324754,0.004995730511505477,-0.2339449432021534,-0.016934798945006053,-0.1805698976576188,0.0035891483052435686,-0.33683288992174876,-0.036019696756253675,0.7724165640957245,0.06422495652170462,0.10645655204508052,0.026662381441347735,0.7258383824251938,0.06167347477560514,-0.5353814627665132,-0.058836379720083105,-0.8037558378229004,-0.06835145342909398,-0.5398674060774815,-0.061113645287753635,-0.3860786492066115,-0.019987093971601297,-0.6083864601555723,-0.046592476999657635,-0.5511372303999329,-0.060394754325886306,K04_agglom_frac,-0.33683288992174876,noise_sigma_c1,-0.8037558378229004,imaging
571,0.004638833664678595,35.318206787109375,,,,,,,,,,,,,,,,,,,,,,,,,,,,,,,,,,,,,rare
572,0.0033134526176275677,25.475881576538086,,,,,,,,,,,,,,,,,,,,,,,,,,,,,,,,,,,,,rare
573,0.008614976805831677,54.723392486572266,0.49824658032632807,0.507065031525912,0.4960453823061981,0.01413006305182396,-0.6474105696460966,-0.08724528807745284,0.6421209323322169,0.07113905918509768,0.011669089590265927,0.017613590150694674,-0.6478620047527087,-0.08727816728658919,-0.18386266865717343,-0.005233912196990146,-0.48806906308567316,-0.036609256184315805,-0.20703795951957854,-0.007410660694839667,-0.4446285060605885,-0.03238407042045103,0.3046900863331415,0.0009591285469299313,0.3298216304837195,0.020331356545673623,0.2977525490423103,0.003643508163647529,1.0132533945957047,0.08047247112892622,-0.018966210581871507,0.010030193347873556,0.3638724240384523,0.028223833403583462,K01_si_frac_adm,-0.6478620047527087,sharpness_c0,1.0132533945957047,imaging
574,0.005301524188204109,38.09162521362305,,,,,,,,,,,,,,,,,,,,,,,,,,,,,,,,,,,,,rare
575,0.005301524188204109,48.130836486816406,,,,,,,,,,,,,,,,,,,,,,,,,,,,,,,,,,,,,rare
576,0.00728959575878065,51.972557067871094,0.5029408940924411,0.49884156121903406,0.4987939254811937,0.005881788184882275,0.09460996288250367,-0.01862282956908713,-0.706416783395727,-0.03832709724090418,1.9492228168855399,0.1096590905035332,0.09383386189045399,-0.018676480591261577,0.7096957273975937,0.02189318854635803,-0.531954169212816,-0.05203402040896212,-0.8772067845730644,-0.08147949838766164,-0.4271756938057177,-0.04458224945986848,0.10684857451698909,-0.006288003178309596,-0.08571381669795738,-0.01783671471660239,-0.0511962168753993,-0.019699009485571906,-0.16144830657218562,-0.0030307709073417364,-0.2501815386662226,-0.014833912243255181,-0.11538502051414119,0.0008390293177731211,frac_pore,1.9492228168855399,p1_c1,-0.8772067845730644,material
577,0.00728959575878065,47.526824951171875,0.49530315969257044,0.5024661981532415,0.5014744834893166,0.009393680614859123,-0.5067066256960341,-0.04631576557914856,0.6253901602007516,0.0652532882147101,-0.4103341289128182,-0.04220789737765128,-0.5072196248067896,-0.046369606150418276,-0.3368329049793521,-0.029814417850313527,-0.05098467188618407,0.030366513034932097,0.1646333199867462,0.027388013008327588,-0.14103439756441322,0.015894661361264842,-0.03173537645803352,-0.02159849280978626,-0.15700190766512087,-0.027964120219114895,0.18478896344638351,0.0058303044909117675,0.17715000281913929,0.019896139541107912,0.05665643420365403,-0.003189693237793692,0.24588171914810364,0.021161675626266224,frac_graphite,0.6253901602007516,sharpness_c2,0.24588171914810364,material
578,0.013916500994035786,68.16214752197266,0.5005520492776618,0.49994340267910037,0.49965565954441116,0.0011040985553236737,-0.08480645911043153,0.008654325937521546,0.31026563208251845,0.027858658103428295,-0.6892648043431487,-0.0744262668365896,-0.08550405776258874,0.008576906810418143,-0.19813142343927415,-0.02228681394812838,0.7770346041626045,0.0573945945780431,0.4047312406414978,0.030449341428146447,0.6005669901875534,0.05901492672697253,-0.26228734515726304,-0.00808336500658092,-0.3486309496178419,-0.014483796438480948,-0.14326092111514896,-0.0006364614454507274,-0.09224757811258523,-0.005184684916313309,-0.18916797144995037,0.0005528138988731959,-0.04825173060356535,0.013676055453983656,frac_pore,-0.6892648043431487,p1_c0,0.7770346041626045,imaging
579,0.0,0.0,,,,,,,,,,,,,,,,,,,,,,,,,,,,,,,,,,,,,rare
580,0.0066269052352551355,40.240318298339844,0.4976250511624616,0.4974495079645676,0.5035299311319089,0.007059862263817829,-0.7573864206044326,-0.08650672068223077,0.9065198415995498,0.09971632386525768,-0.5081126972280781,-0.04371635548189529,-0.7577897365338008,-0.08654434540111385,-0.3368328880395482,-0.026949546314957697,0.11370122125519463,0.0327406895061797,1.1447771242489977,0.06816717295539042,-0.03971796550584005,0.0031635695607734513,-0.48972794753818527,-0.03972783536715731,-0.47361401376612267,-0.0398211744807775,-0.5217570011426326,-0.04410647517623539,0.6444905349538808,0.0609925360422908,-0.12507611069676852,-0.03098181300228807,-0.3353432429531582,-0.028991571865570616,frac_graphite,0.9065198415995498,p1_c1,1.1447771242489977,imaging
581,0.004638833664678595,36.99110794067383,,,,,,,,,,,,,,,,,,,,,,,,,,,,,,,,,,,,,rare
582,0.007952286282306162,48.03205108642578,0.49868619851540436,0.5020495455355551,0.499415504149744,0.0040990910711102835,-0.027378625221964697,-0.008228872253811042,0.19015522286508427,0.026452120274422043,-0.34363448790194867,-0.024371609083230918,-0.028101350959311766,-0.008254603987258094,-0.33683289870535127,-0.03115089719541056,0.0630877360010271,0.01388037087956539,0.10668204478118787,0.017352692809121672,-0.10596256557030628,-0.028940922043963833,-0.09889382950610727,0.0024593534711870708,-0.21942345249356027,-0.02845827839996364,-0.2297080703690334,-0.007746399319133173,-0.13547240914644407,0.004562263107410582,-0.48325906792823087,-0.039383456604107026,-0.20830270597601994,0.0070180752926914045,frac_pore,-0.34363448790194867,sharpness_c1,-0.48325906792823087,mixed
583,0.00728959575878065,51.0280647277832,0.49530315969257044,0.4952048823016565,0.5067985166872683,0.013597033374536549,-0.3407614101290184,-0.03223184980850512,0.45484459026963137,0.04652289778286675,-0.35190215230639627,-0.020013250592117747,-0.3413470173337784,-0.03228561930855338,-0.33683289202836364,-0.028417121248368652,0.37550619972037647,0.03730414196267013,0.5758975507572142,0.04301437378881088,0.25099675273705957,0.026430135439356264,-0.48497553239260205,-0.05262307079687061,-0.4241367142964448,-0.026727441395302632,-0.3314861423835901,-0.03518534470690621,-0.33264767492560954,-0.010934804417602837,-0.13509289653242995,0.0015498304763001452,-0.36140121711816187,-0.04009980149481073,frac_graphite,0.45484459026963137,p1_c1,0.5758975507572142,imaging
584,0.007952286282306162,61.216278076171875,0.4967710801974744,0.500195080127356,0.5021137206427688,0.006457839605051197,-0.4005212750458748,-0.02207205705560042,0.2527191849334246,0.011889872391315764,0.38194133716765166,0.042653729489760255,-0.40108073476655504,-0.022191850973209592,-0.33683288051074645,-0.03115089719541056,0.41412921104936584,0.002221723812441657,-0.2967280033218678,-0.033333673392624316,0.5292912239143374,0.0034358375392739243,-0.49197530611399853,-0.03209208957549202,-0.427948653072003,-0.015968329485601538,-0.38220942624791965,-0.027626235620348563,-0.25131666613077647,-0.0042799592303120314,-0.4926428703758604,-0.0346897573879476,-0.19189104234374732,-0.00906861479239484,K01_si_frac_adm,-0.40108073476655504,p1_c2,0.5292912239143374,imaging
585,0.005964214711729622,43.117897033691406,,,,,,,,,,,,,,,,,,,,,,,,,,,,,,,,,,,,,rare
586,0.0026507620941020544,29.56877899169922,,,,,,,,,,,,,,,,,,,,,,,,,,,,,,,,,,,,,rare
587,0.005301524188204109,38.32331085205078,,,,,,,,,,,,,,,,,,,,,,,,,,,,,,,,,,,,,rare
588,0.003976143141153081,37.017822265625,,,,,,,,,,,,,,,,,,,,,,,,,,,,,,,,,,,,,rare
589,0.013253810470510271,74.04608154296875,0.4971778533494358,0.5003540343052016,0.5017128730354935,0.005644293301128367,-0.49768539436177583,-0.05920818196782981,0.6276408260193576,0.0910006446228846,-0.4033461424535596,-0.052589450400111065,-0.4982023405970111,-0.05930118573245164,-0.3368328808244465,-0.04032698302125703,1.3879875150814296,0.09864018782877122,0.47075532589620084,0.05938144882949071,1.4065568175419043,0.11996679656104514,-0.8626557933594811,-0.07148087813533653,-0.8075663197297639,-0.05723770003490184,-0.7187595295265318,-0.05416928844913333,0.2039503555321489,0.05758907784622209,-0.4923993079503349,-0.04934548640756445,-0.15099272677159178,-0.005378125662528248,frac_graphite,0.6276408260193576,p1_c2,1.4065568175419043,imaging
590,0.0026507620941020544,21.732872009277344,,,,,,,,,,,,,,,,,,,,,,,,,,,,,,,,,,,,,rare
591,0.0145791915175613,84.96304321289062,0.5039793025735351,0.5013246181487138,0.4962475719583259,0.007958605147070141,-0.7709594637539032,-0.1315369406020549,0.3127242877230244,0.02653000939050613,1.5294047083658673,0.13181982186700844,-0.7713568408924322,-0.13158125719967642,-0.33683290151522594,-0.04032698302125703,-0.5152565015877283,-0.06078146132700922,-0.9377345712156826,-0.11414542781725129,-0.4097180983463369,-0.06425590211200516,0.01330789949488979,-0.027612147727462268,0.13049876910491637,-0.005303321877350713,-0.113642467258961,-0.04510274460702177,0.7101871008510668,0.0896294938965602,-0.3144902074396919,-0.03865789494989609,-0.08349649918315234,-0.013282493738016146,frac_pore,1.5294047083658673,p1_c1,-0.9377345712156826,material
592,0.0,0.0,,,,,,,,,,,,,,,,,,,,,,,,,,,,,,,,,,,,,rare
593,0.007952286282306162,47.783790588378906,0.5062936144194766,0.5020471371389211,0.49410030019424345,0.012587228838953246,-0.2258018584987817,-0.0237437811924847,0.37453058631304686,0.03976775673648552,-0.42776298362284343,-0.027562045504529776,-0.22643776546853547,-0.023795221939142602,0.05236220781694488,-0.007625727043451594,-0.2227588073339988,-0.03260255908760507,0.3188963286088234,0.0286115146389128,-0.1331832392843778,-0.009605528351518433,0.40520219266776697,0.04169305466750745,0.4398729704535643,0.055538543406923886,0.4192590246912169,0.04481680741462975,0.26984079485990825,0.04615382363796122,0.6911225123649409,0.06329447695156215,0.5865505354499997,0.07822316724744358,frac_pore,-0.42776298362284343,sharpness_c1,0.6911225123649409,imaging
594,0.0066269052352551355,51.587425231933594,0.49954016948039154,0.5010885952785793,0.4995232209076461,0.0021771905571585926,0.17339510177495743,0.025839117759158953,-0.12462630720890235,-0.0076812458398947845,-0.135984532159243,-0.025165170192221566,0.17258452897286167,0.02576416601673495,-0.0121590453956839,-0.0019448057484050326,0.17692787602580753,0.022011518218805794,0.12635886169980898,0.0073564253590354504,0.08657872855558163,0.024912751982331952,0.10845209151543528,0.008580392565721422,-0.11436836851713161,-0.012687339934361436,0.1793364094267778,0.01816398215531921,-0.20514289675861863,0.0018675533371473047,0.08047273625104706,0.012009239471150856,-0.008195857766906898,-0.0014869900471701414,frac_si,0.17339510177495743,sharpness_c0,-0.20514289675861863,mixed
595,0.007952286282306162,53.841270446777344,0.4967811863627405,0.5038654765976098,0.499415504149744,0.007730953195219659,-0.627417069591462,-0.05238338349233575,0.45110701332867376,0.03131330438724612,0.5366930599108337,0.04594890621500466,-0.6278614935372051,-0.05238354226318288,-0.33683289556834994,-0.03115089719541056,0.07126565244303618,0.01697170571903896,-0.4314708019470259,-0.034549528906407806,0.16759104123138086,0.01988958066097914,-0.20300487067460055,-0.036915068353604016,-0.13869613993137753,-0.01731113434584683,-0.17971674392574705,-0.036399448325843804,0.46481458039869916,0.03534015047115365,-0.33666401029132736,-0.025024867592356587,-0.006060998929462176,-0.004244432890037086,K01_si_frac_adm,-0.6278614935372051,sharpness_c0,0.46481458039869916,material
596,0.0026507620941020544,25.76170539855957,,,,,,,,,,,,,,,,,,,,,,,,,,,,,,,,,,,,,rare
597,0.009940357852882704,58.983978271484375,0.49551665243381715,0.5025709634068215,0.5012484548825711,0.008966695132365698,-0.5259708145507748,-0.04625636061502649,0.48727710644895567,0.04314885779542094,0.12587951399203207,0.024865909851271302,-0.526475384674115,-0.04631774133158915,-0.3368328704723441,-0.034863871151342034,-0.3730994542525101,-0.017241592401626257,-0.21969405252435178,-0.015330403643459863,-0.27287793537455424,0.012254893886403821,0.02289321047822494,-0.02989346784284843,0.04661812572199169,-0.025053110022040425,0.05460534438954551,-0.014131112370982997,0.08230184157127476,0.002678093384078842,-0.2780645221754602,-0.043766198243702994,0.08367122901762639,-0.00937485624263103,K01_si_frac_adm,-0.526475384674115,p1_c0,-0.3730994542525101,material
598,0.0019880715705765406,17.22752571105957,,,,,,,,,,,,,,,,,,,,,,,,,,,,,,,,,,,,,rare
599,0.0,0.0,,,,,,,,,,,,,,,,,,,,,,,,,,,,,,,,,,,,,rare
600,0.011928429423459244,75.07259368896484,0.49421422038514595,0.5030177209824331,0.501831184884337,0.011571559229708095,-0.42342090288296025,-0.06393386987547173,0.1412237283801902,0.013960084946275934,0.9330358641010155,0.10923896592212978,-0.4239703430776071,-0.06400407345994007,-0.33683287806301737,-0.034863871151342034,-0.42975660789222214,-0.05068583672269988,-0.713850029387928,-0.08279207185704643,-0.4053769423964593,-0.06593335661124286,-0.5161872566503909,-0.04888751113115769,-0.37479435884230705,-0.03562342832283161,-0.6738735767094021,-0.05725783761323479,0.004044354542112653,0.016309673108775243,-0.695845102079124,-0.06515021581536012,-0.5855829218094103,-0.0457476125431929,frac_pore,0.9330358641010155,p1_c1,-0.713850029387928,material
601,0.011928429423459244,57.80145263671875,0.4960990202072775,0.5048914535637045,0.4991400317852728,0.009782907127408924,-0.6141825793507318,-0.08633882161929259,0.6952099542431059,0.08953516026923661,-0.23533318557038846,-0.025437536080106363,-0.6146485530189563,-0.08635273213657747,-0.3368328690879982,-0.036019696756253675,-0.18539269717013668,-0.00933054025669399,0.1289240561564541,0.006182645041586218,-0.3115477743645356,-0.022391585594241696,0.1671777855974353,-0.0016852530301285785,0.07846094430525244,-0.010617695810699924,0.1907660383950932,0.0031583404603540434,0.7385215424978326,0.06384005982467639,-0.11447738248193814,-0.018180311027913783,0.2674375295285323,0.02514069464388161,frac_graphite,0.6952099542431059,sharpness_c0,0.7385215424978326,imaging
602,0.015241882041086813,85.76839447021484,0.5016068802773133,0.5045855871911833,0.49551474483489316,0.009171174382366587,1.1407210758787856,0.1167554557630632,-1.1685716403995996,-0.12012434425079438,0.4330308415148192,0.04833695502440674,1.139487256214438,0.11668091948107807,1.5137277976796586,0.1757453659128335,-0.06790729042756408,-0.04044133578184394,-0.40071630233683164,-0.03788097818788476,0.08166826741832016,-0.03130096136096681,0.3097649471226881,0.04344255163210645,0.3309940241581046,0.0478429762954717,0.312402719355501,0.04307170030314864,-0.5020967849025852,-0.06352966746216912,0.15503158295529473,0.023000202171303365,0.15481297837599678,0.01365733997632846,K04_agglom_frac,1.5137277976796586,sharpness_c0,-0.5020967849025852,material
603,0.005964214711729622,41.37919616699219,,,,,,,,,,,,,,,,,,,,,,,,,,,,,,,,,,,,,rare
604,0.01656726308813784,93.82794189453125,0.5064515232517597,0.5000337175528764,0.4954661840014127,0.012903046503519366,0.46771595795474225,0.06818222051183591,-0.6308718271827715,-0.06863845110653485,-0.2861510901616989,-0.018158512804888505,0.4804552038183778,0.06998057411174932,0.15791845741349922,0.007058240041260642,-0.14740026918690405,-0.035881334487376036,-0.5776351401522214,-0.06765752424871395,-0.039464518759997284,-0.016030292375455436,0.19285829199264956,0.03894110961143779,0.0417193385245547,0.00647606237991798,0.1572549179628544,0.03643063386780185,-0.38734817180688935,-0.030094915065499484,-0.154616573635875,-0.01232324811071954,0.009840676068190474,0.024162567556564603,frac_graphite,-0.6308718271827715,p1_c1,-0.5776351401522214,material
605,0.003976143141153081,40.583152770996094,,,,,,,,,,,,,,,,,,,,,,,,,,,,,,,,,,,,,rare
606,0.0026507620941020544,22.59331512451172,,,,,,,,,,,,,,,,,,,,,,,,,,,,,,,,,,,,,rare
607,0.010603048376408217,59.22917175292969,0.49506313826750004,0.5021001218648696,0.501910648066396,0.009873723464999928,-0.06523668250255436,-0.03125495485255598,0.1985068413102976,0.04668727524233713,-0.36528619708489385,-0.036757682382846615,-0.06594284370828853,-0.031299740257752354,0.4621957671704045,0.01240383609734996,0.31398552170789207,0.027585391564111897,0.3058061213489479,0.045708945063200786,0.23051546821101795,0.052425819420627066,-0.39028198090949795,-0.04498479046578627,-0.3642929784849033,-0.03653749189419358,-0.4069341605277005,-0.04693645960234856,-0.04042424527961323,0.002865780205856784,-0.35977185919835797,-0.037446425665170334,-0.3515047017757116,-0.037739915228150706,K04_agglom_frac,0.4621957671704045,noise_sigma_c2,-0.4069341605277005,mixed
608,0.012591119946984758,69.66438293457031,0.5014287591144978,0.49715447937689966,0.5010877626699629,0.005691041246200679,-0.6988264042582933,-0.1219995013092308,0.5060086462245208,0.07322538007975209,0.5282487187726126,0.04774313922886851,-0.6992553426917995,-0.12201312659236335,-0.3368328834259556,-0.03367006446576788,-0.48654065423155823,-0.03965682796927555,-0.30126890604502177,-0.018960686007760758,-0.4631162988407381,-0.052744744669001364,0.221722534291837,-0.00927172306261034,0.29590958979923526,0.020318939764286444,0.1746365496146372,-0.010214296304544485,0.8790340413827901,0.1070628116979703,0.061498478793729036,0.0026005210085765164,0.16026250664265743,0.029393408851531327,K01_si_frac_adm,-0.6992553426917995,sharpness_c0,0.8790340413827901,imaging
609,0.013253810470510271,67.50081634521484,0.4990525470063012,0.5039931216192133,0.497734416387074,0.00798624323842656,-0.6220187273737147,-0.10318097306994038,0.4227657460414458,0.06063103008682678,0.41900442755317024,0.04876883720988231,-0.6217058293199312,-0.10299299027986855,-0.3368328895427537,-0.0382310813155339,-0.42163896567334597,-0.03828787771638337,-0.128078244009905,0.0028799098341845616,-0.4663969344164131,-0.054752183046317716,-0.34201622161679035,-0.030437410931233522,0.011269878826397142,0.012783646641521642,-0.5289769818548431,-0.05270009548511227,0.10390488833932683,0.03935170553941549,-0.23602024055326476,-0.008966428312030409,-0.5882929851224831,-0.03937046449532341,frac_si,-0.6220187273737147,sharpness_c2,-0.5882929851224831,material
610,0.012591119946984758,72.62937927246094,0.4975808366894224,0.49898124822380746,0.5024377538407204,0.004875507681440849,-0.6355042746403194,-0.09586390902317712,0.7381621010185451,0.10718592990568183,-0.36242968591023017,-0.026228012379495857,-0.6359609192500018,-0.09594557197283399,-0.33683291353001726,-0.0382310813155339,-0.022250512706607606,-0.017378398663150964,0.5516580704456046,0.04965848386458671,-0.05706317786848619,-0.012267854095595826,-0.1699353438632173,-0.007903494610161562,0.1812402211695023,0.036245066135713405,-0.2042556958559411,-0.020049762282800563,0.4371742470324205,0.0614158097545385,0.20660527390700578,0.03509407291714969,-0.11872798751250131,-0.0018961768818737507,frac_graphite,0.7381621010185451,p1_c1,0.5516580704456046,material
611,0.0033134526176275677,24.545957565307617,,,,,,,,,,,,,,,,,,,,,,,,,,,,,,,,,,,,,rare
612,0.0026507620941020544,32.26921081542969,,,,,,,,,,,,,,,,,,,,,,,,,,,,,,,,,,,,,rare
613,0.003976143141153081,28.13520050048828,,,,,,,,,,,,,,,,,,,,,,,,,,,,,,,,,,,,,rare
614,0.01126573889993373,52.87482452392578,0.5003739281148465,0.4998916221514688,0.4998181176055094,0.000747856229692978,-0.4398436705788227,-0.02890524005359623,0.5858705773320838,0.058281590331858354,-0.47342905581388867,-0.04860244702921202,-0.44038592508421953,-0.029020497474529627,-0.3368328780236705,-0.036019696756253675,-0.09474978003455832,0.018258105338997823,0.4462879381888943,0.0362041673817613,-0.1817038755754256,0.02736913867988356,0.25662413109470716,0.008050756106751657,0.4721866985967848,0.023944235389884744,0.1623087531412042,-0.006009762124223412,0.11540955266457979,0.004422573901382376,0.41409015335144195,0.03652922821800313,0.14621357989369824,0.02671828770553024,frac_graphite,0.5858705773320838,noise_sigma_c1,0.4721866985967848,material
615,0.005301524188204109,36.275474548339844,,,,,,,,,,,,,,,,,,,,,,,,,,,,,,,,,,,,,rare
616,0.005964214711729622,36.993202209472656,,,,,,,,,,,,,,,,,,,,,,,,,,,,,,,,,,,,,rare
617,0.009940357852882704,59.52201843261719,0.4973900828200244,0.49528556358889625,0.5052807699099416,0.010561539819883281,-0.5614172255665096,-0.05587504786473386,0.6040607322784002,0.07476703184232486,-0.28356650880271067,-0.0354130145048041,-0.5619062863942734,-0.05592111383384117,-0.3368328867847479,-0.034863871151342034,0.9295957392913587,0.07068776045269291,0.4352590773246964,0.05375165206787932,0.8770372891739376,0.08896211847406207,-0.7875658366753536,-0.06559770944442393,-0.8522768673586919,-0.05952660256332835,-0.689926121174524,-0.05313379873599827,-0.015059995256916689,0.026084920400668263,-0.5168490348359283,-0.03271922689848724,-0.45972270354269196,-0.04752714631164282,frac_graphite,0.6040607322784002,p1_c0,0.9295957392913587,imaging
618,0.004638833664678595,31.46575164794922,,,,,,,,,,,,,,,,,,,,,,,,,,,,,,,,,,,,,rare
619,0.01126573889993373,58.36541748046875,0.4927412467976089,0.4962212256812151,0.5078438989934664,0.01568779798693276,-0.7372767080989721,-0.09311387243766099,0.6955436063605908,0.08451117587843072,0.1689153984664015,0.004940751806772784,-0.7376860008267918,-0.0931138721937604,-0.33683287872210826,-0.036019696756253675,0.10312613771517018,0.047127656071120065,0.5858340519076249,0.06043079572365412,-0.13503188021427637,0.007503144238050704,-0.9804490943793515,-0.08850478779162249,-0.6734602473613682,-0.07675022626817275,-1.0970886054156619,-0.10022506704879651,0.1468236462118954,0.02140827611325838,-0.6862114584363019,-0.07138516652602254,-0.9022553784467937,-0.08540411446569478,K01_si_frac_adm,-0.7376860008267918,noise_sigma_c2,-1.0970886054156619,imaging
620,0.01126573889993373,69.68832397460938,0.5023256812818659,0.4980479945281228,0.499805756666078,0.004651362563731887,0.8637493024466637,0.08784318225447338,-0.901278815343237,-0.09182777566317833,-0.13671518547315195,-0.03195487167529967,0.8635633145744593,0.08801594409004763,-0.07711657360029847,0.0043596181062672875,-0.2883030770601114,-0.017316321039820823,0.12729798160132397,0.03759435247791243,-0.2486370999433653,-0.004723538909574923,0.46356729601329844,0.045976075359387865,0.43936368134185816,0.04195716874631488,0.39553446566436645,0.035992902776502446,-0.19806378676198264,-0.037608460425881514,0.557456658421578,0.048202339798831095,-0.14448288606902718,-0.013864702316865476,frac_graphite,-0.901278815343237,sharpness_c1,0.557456658421578,material
621,0.007952286282306162,59.999053955078125,0.49487617421007685,0.5002191640936963,0.5034204485255165,0.010247651579846306,-0.2974367278790435,-0.013514801296760222,0.20848692658338067,0.001693051561111426,0.2667507580086082,0.044691386952463094,-0.29804129154713294,-0.013583199830234816,-0.04574852432280484,0.024996867597557017,0.3751759748924387,0.025688579310183587,0.10573723640738725,0.018359706480834476,0.3231356361634536,-0.004850597284745675,-0.9376979282247835,-0.06969602842297767,-0.7748602770481511,-0.049685323465586205,-1.0773802119976272,-0.08427363215405217,-0.23409021090217727,-0.04714744883935079,-0.841414343823684,-0.07580120156270584,-0.7884999941830878,-0.07068209428472375,K01_si_frac_adm,-0.29804129154713294,noise_sigma_c2,-1.0773802119976272,imaging
622,0.004638833664678595,35.29728698730469,,,,,,,,,,,,,,,,,,,,,,,,,,,,,,,,,,,,,rare
623,0.02253147779986746,113.2743148803711,0.5122057211001572,0.4996531908847004,0.4917234681264347,0.024411442200314326,1.7742351249879926,0.1833394040879804,-1.7605035281261292,-0.1918418817616154,0.13421082560199862,0.04166553912981416,1.780251409004637,0.18346581823829525,1.9461089156752982,0.26182559069032446,-0.30193713648696374,-0.0728796965037724,-0.46491055619637883,-0.07775928467614211,-0.17678900039484777,-0.06778904419479649,0.583521905491088,0.10776466614658209,0.3645378222641963,0.06952412729517743,0.6003462366845288,0.10586205848184423,-0.4261277442890802,-0.07254284870865736,0.3510532401826494,0.059176272804771744,0.31013667382124077,0.054374766159773345,K04_agglom_frac,1.9461089156752982,noise_sigma_c2,0.6003462366845288,material
624,0.003976143141153081,27.978160858154297,,,,,,,,,,,,,,,,,,,,,,,,,,,,,,,,,,,,,rare
625,0.008614976805831677,48.55858612060547,0.498236474161062,0.5015895417784564,0.5000671022426275,0.0035270516778760364,0.91949015584861,0.050710920099648345,-1.058686529702115,-0.0681413241102129,0.6979855226455327,0.06364056346118593,0.9183531342674964,0.05066160081031985,1.6492924526380746,0.09248133915266113,-0.361881091536461,-0.0328653969041922,-0.36132004284309105,-0.04802020319992567,-0.49993176504225617,-0.0676933134292609,-0.18848582021658633,0.005632093063587072,-0.1941352579149077,-0.0004466639080149331,-0.3390061683889977,-0.006996770965097203,-0.7528610003072459,-0.06356910135700487,-0.2134751699748481,-0.0031146042516633538,-0.3998534364190868,-0.00765152750021351,K04_agglom_frac,1.6492924526380746,sharpness_c0,-0.7528610003072459,material
626,0.005964214711729622,40.29862594604492,,,,,,,,,,,,,,,,,,,,,,,,,,,,,,,,,,,,,rare
627,0.0026507620941020544,20.03707504272461,,,,,,,,,,,,,,,,,,,,,,,,,,,,,,,,,,,,,rare
628,0.013253810470510271,73.54340362548828,0.502925734844542,0.5021820073504265,0.49635528871622814,0.007289422567543724,0.5192927457555566,0.08953946663487444,-0.6695746775606037,-0.08929257457338662,0.32119609591158715,0.031003528457099312,0.5318465162836682,0.08975629335855465,0.0034456161576338043,0.017278428644693648,-0.41102555589130885,-0.03463946718087344,-0.15234073081712668,-0.009058127423973933,-0.30025526025307553,-0.035482374211462574,0.320775954287826,0.026928093356174458,0.2828315604172812,0.02294118050071639,0.26853967042139226,0.026186391719797465,-0.679459427070624,-0.09637771498823994,0.08757452283530912,0.012345244200162407,0.10449230713139052,0.004393368630350978,frac_graphite,-0.6695746775606037,sharpness_c0,-0.679459427070624,imaging
629,0.010603048376408217,69.19982147216797,0.5026958195847376,0.5021121638480397,0.4965671905350521,0.006865618929895789,-0.13444754015699192,0.012865541667300359,-0.25454184820377324,-0.04418412937885083,1.1963957483865728,0.08336419706800505,-0.1351234186308846,0.012791345369535618,-0.3368328974505509,-0.036019696756253675,-0.3263438677031441,-0.045425379888781724,-0.6445370761728584,-0.06903233218312428,-0.22452884144465832,-0.02969222984436894,0.10833150763093138,0.019162827103825032,0.08906748943005656,0.013234511146372223,0.029448574514462263,0.009641591797892273,-0.269901602410937,-0.01759411759723304,0.014353941095664458,0.018593801041919603,-0.09545336352714685,0.0022966754190996306,frac_pore,1.1963957483865728,p1_c1,-0.6445370761728584,material
630,0.010603048376408217,63.79942321777344,0.5103765051869894,0.5002601068364746,0.4925569486138089,0.02075301037397881,1.5925671648097153,0.09876312178649488,-1.7326984865573198,-0.11248847052475337,-0.17537766383894474,0.005581450845633624,1.6146785679708682,0.09906356816673546,1.7616439186545907,0.16554578279778642,-0.46318111143013596,-0.06161236375395516,-0.7377834786461235,-0.071771213041459,-0.34942249883054627,-0.04168379042867757,0.8983642574097801,0.09108001441286663,0.37784687881146545,0.03276159679362412,0.9576847173044902,0.08630299875421182,0.24441602888026145,0.030823234945211227,0.26511452932248175,0.038575639012896054,0.16760666085385317,0.02088480706708682,K04_agglom_frac,1.7616439186545907,noise_sigma_c2,0.9576847173044902,material
631,0.01126573889993373,59.205326080322266,0.5041814258788574,0.496214000491313,0.4998534345753134,0.008362851757714784,-0.09376021527994004,-0.012792497980519494,0.05502409309618354,0.01182324110907591,0.14741988688576765,0.018808256381573397,-0.09445389622416493,-0.012835779209841221,-0.017122252897641542,0.003986781508652325,-0.39092044715036983,-0.008466332382244174,0.3352180411426811,0.05105446928009486,-0.4311957342917101,-0.027146591516954754,0.2311954913696295,0.02119781701563367,0.46134089708058496,0.052131992526116416,-0.014788671033803163,-0.0037559974496889246,-0.2422088503864694,-0.008519462965310035,0.37263250053686714,0.041618770202893125,-0.16893508437311064,0.009980201872154312,frac_pore,0.14741988688576765,noise_sigma_c1,0.46134089708058496,mixed
632,0.012591119946984758,64.71798706054688,0.5014085467839655,0.4971737465499719,0.5010877626699629,0.005652506900056253,-0.03299352080116941,0.029269196105698135,0.10856689313829426,-0.007574152336163452,-0.19950053833436016,-0.00857173448989854,-0.033713789761446046,0.029132560257341678,-0.3368328902354487,-0.03929228768412859,-0.23944538481556438,-0.03056167317500642,0.09031450929449655,0.0027177771869168555,-0.2461995445596099,-0.014765019961442045,0.2396148199653226,0.03187561548102108,0.42377428502401265,0.058205308631561654,0.27991237583134987,0.04065971425978975,-0.4261887003675279,-0.031778005615420025,0.4307736044474977,0.06595011039742395,0.33089095022079895,0.043647293174533495,K04_agglom_frac,-0.3368328902354487,sharpness_c1,0.4307736044474977,mixed
633,0.017892644135188866,101.74132537841797,0.499909044512605,0.5046084669592067,0.4966846194596503,0.009216933918413384,0.868359151804959,0.08881193329321238,-0.7008656078773855,-0.059115157549936945,-0.7831282579060973,-0.11867220120240093,0.8672445022206785,0.08873138939041621,0.5547546535510333,0.0805177747259604,0.3599602767987897,0.049595181808060544,0.7649779906575158,0.1012502368693016,0.30054447823819963,0.03347916307283882,0.4203528212094711,0.07291121271622844,0.2568797193837987,0.0348906405296462,0.528985572320481,0.06657239736021252,0.018571111177009464,0.015181991076540904,0.6659511854081104,0.06169787670512169,-0.589916165521357,-0.08142178881246923,frac_si,0.868359151804959,p1_c1,0.7649779906575158,material
634,0.00728959575878065,40.54781723022461,0.5029105755966428,0.49883674442576603,0.49881864736005654,0.005821151193285523,0.6486211342047202,0.07764000328743562,-0.458555931375043,-0.06261538474031149,-0.43881295514041624,-0.04663436537212366,0.6476026294651532,0.07753267723945334,0.31512820094315763,0.04594788014122446,-0.3450673496068632,-0.004797160481842957,-0.1242239500188578,-0.009987011299342602,-0.4282428318473236,-0.023808331641380524,0.7225871064237749,0.07130113764969886,0.7196585682769259,0.06273329225797626,0.8065767697460149,0.07662554525193603,-0.3735736106403199,-0.022544098433665227,0.7579056775123117,0.06865725544967563,0.47792579925673634,0.04900461904979043,frac_si,0.6486211342047202,noise_sigma_c2,0.8065767697460149,imaging
635,0.007952286282306162,52.7714958190918,0.49679129252800663,0.49839600784173954,0.5034186826770263,0.006837365354052549,-0.3889584140187028,-0.027759353805208064,-0.12637361520032153,-0.03787119484787732,1.5819959999192619,0.11272156504737646,-0.38952293302730207,-0.027810681035591145,-0.3368328822459513,-0.029814417850313527,-0.4728741654928348,-0.0343672231792712,-0.25189760245204385,-0.02222162868989182,-0.4999317780789928,-0.06501602599903876,-0.6394612525933935,-0.05168814648181817,-0.2700233544026042,-0.015271059793662082,-0.9450628047375307,-0.06144224934236473,-0.5296114886002649,-0.050132841850365935,-0.4467983920927188,-0.031055900839364332,-0.8964417822391638,-0.06837113422550965,frac_pore,1.5819959999192619,noise_sigma_c2,-0.9450628047375307,material
636,0.0026507620941020544,21.456634521484375,,,,,,,,,,,,,,,,,,,,,,,,,,,,,,,,,,,,,rare
637,0.007952286282306162,53.325443267822266,0.5082036796547734,0.49476896251089797,0.4981017128730355,0.016407359309546843,2.170277571620803,0.12874545969145168,-1.8738372069160214,-0.12385283268026034,-0.5404410896448758,-0.042703965790720694,2.168593276718692,0.12869413205112307,2.109296775288078,0.19099790455689467,0.24433145013523855,0.011250459330918243,-0.05005410156768645,-0.007913068888810427,0.2456087185101464,-0.0011783845754347146,0.4520458450669836,0.06441892540344664,0.016624376937485988,0.02103645135766828,0.40231511293537925,0.05167000870769372,-0.2603965707854249,-0.027598268558866944,0.22987186498535336,0.029307233079581812,0.08325013674760372,0.01502385094663706,frac_si,2.170277571620803,noise_sigma_c0,0.4520458450669836,material
638,0.011928429423459244,67.55309295654297,0.5018494282437,0.4939645580351336,0.503132615221614,0.012070883929732767,0.06935105518421683,0.0514156401101707,-0.16889565084004893,-0.04322762904712122,0.3888942723942964,0.0279771351488927,0.06858600609265729,0.05131748472973206,-0.33683287753059515,-0.0382310813155339,-0.10132459275192246,0.004722533178480835,-0.11329772303160528,0.0025606778371468097,-0.1039333091635565,-0.006693405894140727,0.008479598702778703,-0.005661556500512955,0.17177052407005472,0.012709450991516553,0.010797693543536895,-0.005990539459904386,-0.4769825189513019,-0.06244781595421633,0.2381103820579953,0.025640669261858744,-0.116744468446212,0.0018904170123425718,frac_pore,0.3888942723942964,sharpness_c0,-0.4769825189513019,mixed
639,0.008614976805831677,54.62746810913086,0.49826173957422726,0.5016064005548946,0.5000370828182942,0.0034765208515454837,-0.3792325058480414,-0.034286899137518805,0.3849650356342442,0.03799538625047429,0.033527179133639895,-0.00434104391224316,-0.3798012802904739,-0.034336567289144436,-0.3368328806304125,-0.03115089719541056,-0.048950821230804666,0.0037708800098869475,0.10104974665379363,0.019342613829990515,-0.11658553894918668,0.006443276377310008,-0.07315313188467854,-0.026696682696599434,0.058807753170659706,-0.005942333901339292,-0.08484022626248085,-0.027698703870346248,-0.11221326826229026,0.012372544435855446,-0.028503666113108065,-0.002710483919119974,-0.05947889380060251,-0.010567584157733852,frac_graphite,0.3849650356342442,p1_c2,-0.11658553894918668,mixed
640,0.009940357852882704,57.64656066894531,0.5107567496551272,0.4934612031386225,0.4972761787038672,0.02151349931025437,1.623471125371054,0.11647070390213356,-1.4688137708755729,-0.10502681551699239,-0.1899900211679442,-0.005429878726921194,1.6220260818177898,0.11639427225921573,1.287809027037173,0.12084126344699311,-0.30699139422071364,-0.01411455521216991,-0.13730454464977315,-0.026596324778781433,-0.3247327347997141,-0.023656223706846245,0.5300984436731179,0.06247049629015876,0.5420545592659655,0.05366784838220922,0.5006779802165042,0.06014304664052285,-0.3710831129961426,-0.04224780545950605,0.507593730242558,0.04287459457009242,-0.03221688415857853,0.010268309421229147,frac_si,1.623471125371054,noise_sigma_c1,0.5420545592659655,material
641,0.011928429423459244,72.48393249511719,0.4960990202072775,0.4957997562702607,0.5058061098357761,0.011612219671552237,-0.03913149323665818,0.021999877951334547,0.16224921592085015,0.012120768440826381,-0.3099858497049423,-0.03579829203065609,-0.03984907660185023,0.021887644752717574,0.0819459684201692,0.0033166493142614355,0.7621478189261647,0.0752888474572144,0.22080403471758492,0.03769891941945761,0.7892051889224807,0.07668080139760768,-0.5076686924589815,-0.04893397807128887,-0.6065425256144722,-0.054738296861656106,-0.39493709700588703,-0.033641488896113965,-0.42621037367887044,-0.04541898244531,-0.19966593065271823,-0.022355612601569406,0.0010053898506316241,-0.00157397009299662,frac_pore,-0.3099858497049423,p1_c2,0.7892051889224807,imaging
642,0.0033134526176275677,30.74993324279785,,,,,,,,,,,,,,,,,,,,,,,,,,,,,,,,,,,,,rare
643,0.0026507620941020544,16.297168731689453,,,,,,,,,,,,,,,,,,,,,,,,,,,,,,,,,,,,,rare
644,0.0145791915175613,65.13461303710938,0.5039237186645714,0.4994990535001228,0.4976249337806817,0.007847437329142837,-0.797621893775818,-0.14267059458545914,1.0135394355038132,0.15935760528864065,-0.7053894625817593,-0.09231590588530916,-0.798007604842953,-0.14269607918703348,-0.3368328670977082,-0.03929228768412859,0.1974367676248797,0.03454102964584691,0.8323759482433887,0.07733039248929992,0.15372852053067756,0.029207852727971956,0.16181924409390314,0.019592352394701692,0.20142592540560705,0.01580180460490951,0.21039903104238336,0.028306548226134588,1.710167031094676,0.14175501792890974,0.42114709950469953,0.02928141046050844,0.740605059161531,0.055652784651562245,frac_graphite,1.0135394355038132,sharpness_c0,1.710167031094676,imaging
645,0.0145791915175613,75.04173278808594,0.4944087640665188,0.5067940869045843,0.49892636411795876,0.013588173809168547,-0.8212852006883057,-0.15356050959174955,0.41333557439508417,0.0459456131861555,1.277558503392758,0.13095392786269155,-0.8216605580321876,-0.1535732600880406,-0.336832887262907,-0.03714108944052332,0.14348349898824864,-0.021110820613783193,-0.4297662913681086,-0.047063200557452944,0.3204873704836678,-0.004519733982648801,-0.4609011917309796,-0.06552389983628018,-0.3533745418577903,-0.03470698962328258,-0.5583584572396405,-0.07341447379682042,0.8725152592790028,0.11017902931109198,-0.4249427917066088,-0.05472638461302011,-0.02442328903544475,-0.005142997966044898,frac_pore,1.277558503392758,sharpness_c0,0.8725152592790028,material
646,0.009940357852882704,64.46487426757812,0.4974102951505566,0.49892224250627387,0.5026002119018188,0.0052004238036376105,-0.008415140616896548,0.006517217167688812,-0.09633906061041494,-0.0021402635785912564,0.07167883985585967,0.004618601287709211,-0.009146163702176566,0.006394496124727888,-0.3368329018423514,-0.034863871151342034,0.5417361674266785,0.04830801364090131,-0.15321240992090762,-0.0042531863990145635,0.5900867065187856,0.028326213307867585,-0.3998354720270097,-0.04251386999983213,-0.6197064749762434,-0.06670120840827772,-0.37527916780153403,-0.041558143341458506,-0.3371844251264009,-0.02030656887593072,-0.48886639854885955,-0.05674394101264606,-0.43040673429830456,-0.05487285169217064,K04_agglom_frac,-0.3368329018423514,noise_sigma_c1,-0.6197064749762434,imaging
647,0.0066269052352551355,41.34214782714844,0.4976427369516773,0.5010885952785793,0.5008493731237861,0.004714526096645355,-0.7575624437310379,-0.09178809254240428,0.6381503727387601,0.07280721214816996,0.36706005527134183,0.005851690147032486,-0.7579656826262865,-0.0917880923019764,-0.3368328880395482,-0.025399510963926338,0.030091554072523456,-0.015856432385454134,0.08867213150102142,0.01594073202021078,0.07659741338156668,-0.028781878540175977,-0.5481081833977223,-0.0162798782805294,-0.2357570527274526,-0.003760230710220358,-0.7036951548910434,-0.01862565805979849,0.40002832676998407,0.05877158120672603,-0.2752681621506981,-0.015264653499080752,-0.541449695660101,-0.014422190648518143,K01_si_frac_adm,-0.7579656826262865,noise_sigma_c2,-0.7036951548910434,material
648,0.00728959575878065,51.4897346496582,0.49911571053921444,0.5006442460996017,0.5001456825004414,0.0017685789215711178,-0.7135833074274758,-0.08862022177967972,0.5551963777161932,0.060541400780738594,0.5458857256146079,0.022858648389945464,-0.7140057890968287,-0.08863803412975534,-0.33683289301515407,-0.026949546314957697,-0.3841134170533086,-0.02834564186103102,-0.17894971098536966,-0.01580439047177141,-0.36747355129596765,-0.008075416944725683,-0.37275319193865175,-0.023164476243188608,-0.1940109932626363,-0.011026412889966268,-0.45810066470444655,-0.029190808623496066,0.31195982637120434,0.050737619066692025,-0.43456292074070674,-0.027181395151302794,-0.5614471848667695,-0.038460175753944253,K01_si_frac_adm,-0.7140057890968287,sharpness_c2,-0.5614471848667695,material
649,0.003976143141153081,32.6675910949707,,,,,,,,,,,,,,,,,,,,,,,,,,,,,,,,,,,,,rare
650,0.017229953611663355,87.72801971435547,0.4964476829089587,0.5032513354559336,0.5000988875154512,0.007104634182082625,0.782935380017583,0.10983188966792601,-0.6929433691610999,-0.097940806674078,-0.07906482655432095,0.01202749616734807,0.7818581070922429,0.10973850460047906,0.6979926111175645,0.0593461360763552,-0.05254360807510377,0.015192136733524889,0.1952577400042182,0.024297743914785327,-0.018268505569800492,0.014038645453920246,0.13979578264041417,0.016741422099209983,0.11573850807098801,0.013320040141494328,0.13640997249626505,0.01902154802205533,-0.7411027957954868,-0.10445640829493136,0.20068923148081871,0.024441034373188335,-0.06889575703610806,0.0059511779676504764,frac_si,0.782935380017583,sharpness_c0,-0.7411027957954868,material
651,0.007952286282306162,47.597755432128906,0.5006038433746506,0.49839841623837355,0.5007522514568249,0.0032031675232528922,1.0399840104812792,0.050847650602686416,-1.363665608657391,-0.0898312405493442,0.8279819127260365,0.06914117670469887,1.0408664274923445,0.051826206297550664,1.4965780513572082,0.09345042153103002,-0.11889835570150317,-0.011105503958033062,-0.6982214777542343,-0.0610162109416585,-0.04716136969171632,-0.01511231337051876,-0.049862502180184315,-0.02037223366526641,-0.31117908016979773,-0.04763571468789636,-0.08348125855607834,-0.026656309779500245,-0.3494558310710116,-0.03398025210660994,-0.3935233710690036,-0.050152977226611224,-0.16016029957573552,-0.0356381631197987,K04_agglom_frac,1.4965780513572082,p1_c1,-0.6982214777542343,material
652,0.02385685884691849,99.42265319824219,0.4960434362983138,0.4969750538276648,0.5049832244393431,0.00996644887868614,-0.6661847664516729,-0.14094170447114998,0.7368236035783078,0.15630354148957384,-0.3522619894556593,-0.0589157267598039,-0.6649395864712,-0.14063816494886486,-0.3368328847924079,-0.05203477566222981,0.21228908397751606,0.03593717864686799,0.23516848951306168,0.03680615794492294,0.202466937610207,0.025406445703879982,-0.3252806874065391,-0.04190617494655084,-0.350774430973078,-0.044285910310075186,-0.2267810229290062,-0.024144918393694745,0.6120649445062251,0.10493070475130145,-0.24761254767181762,-0.02913229832180136,0.050929346079573556,0.004576982319355777,frac_graphite,0.7368236035783078,sharpness_c0,0.6120649445062251,material
653,0.0066269052352551355,44.679046630859375,0.49955532872829067,0.5010934120718473,0.49950909411972455,0.0021868241436946434,0.7601747015751855,0.08361162525802675,-0.7672788692021006,-0.07700296371318237,0.024292804501490805,0.012695779965267178,0.7591073873928782,0.08351781118883399,0.3877682807643065,0.025905592834426543,-0.30917996940129977,-0.013041975978282909,-0.004214171281633469,0.010017015680047849,-0.39365878321319875,-0.014514588365458549,0.041642247712579294,0.008394260983873596,0.044468903328160364,-0.003628596666403652,-0.008099935076888914,0.0037653996513405913,-0.6956810171782845,-0.07242536402650028,-0.12329172829856676,-0.00803653546007476,-0.350234565895947,-0.02679534345507618,frac_graphite,-0.7672788692021006,sharpness_c0,-0.6956810171782845,material
654,0.0033134526176275677,33.78281021118164,,,,,,,,,,,,,,,,,,,,,,,,,,,,,,,,,,,,,rare
655,0.005301524188204109,34.60996627807617,,,,,,,,,,,,,,,,,,,,,,,,,,,,,,,,,,,,,rare
656,0.00728959575878065,41.88388442993164,0.5010219859625364,0.5024830569296797,0.4974651244923185,0.005069751015363,-0.22810046041009657,0.018937447414098276,-0.038985008225012684,-0.042128493575240726,0.778230002931903,0.07740479985695235,-0.22873536171061792,0.018866054819446153,-0.33683290294030166,-0.029814417850313527,-0.6037157483394235,-0.05825940012274098,-0.6617183891077534,-0.048376306454620044,-0.4436258807914735,-0.035388082450260504,0.3497469599905502,0.013344830165324752,0.35846265810973055,0.026043293206289887,0.28427555707124136,0.013579682042008212,-0.14282328699107594,-0.02644353808819547,-0.09099252410345919,0.012545312174433483,0.1444904780239865,0.009517575131118271,frac_pore,0.778230002931903,p1_c1,-0.6617183891077534,material
657,0.003976143141153081,30.16992950439453,,,,,,,,,,,,,,,,,,,,,,,,,,,,,,,,,,,,,rare
658,0.005301524188204109,30.9416561126709,,,,,,,,,,,,,,,,,,,,,,,,,,,,,,,,,,,,,rare
659,0.004638833664678595,39.326290130615234,,,,,,,,,,,,,,,,,,,,,,,,,,,,,,,,,,,,,rare
660,0.009940357852882704,64.28749084472656,0.49550907280986756,0.502525203870775,0.5012873035493555,0.008981854380264886,-0.45085769456799407,-0.040950485136874694,0.40083971861145756,0.03067174569588432,0.20606001582423705,0.0273929033847374,-0.45139513001152437,-0.0409810331750077,-0.3368329143903543,-0.034863871151342034,-0.24087566289350537,-0.013104482090276839,0.23478072618966556,0.014862147499130438,-0.27207693721360576,-0.006417871611957859,-0.12851009339592748,-0.022261312749124795,-0.18580781659794515,-0.011437308356625351,-0.13370480268981894,-0.023090124692760828,-0.16229936238802695,-0.001354437215685768,-0.18109200496730193,-0.009095591151627221,-0.3974899481976677,-0.04483597428515206,K01_si_frac_adm,-0.45139513001152437,sharpness_c2,-0.3974899481976677,mixed
661,0.013253810470510271,70.72980499267578,0.5009828245721302,0.5040774155014041,0.49632350344340453,0.008154831002808116,-0.6093967991941696,-0.0796008297290621,0.25646774050791843,0.012856470711900105,1.0928709291441367,0.11585980166454427,-0.609864866930084,-0.07961415861312623,-0.3368328967295451,-0.0382310813155339,-0.39769218902319026,-0.05627154661880912,-0.4949168732861908,-0.062155670895713735,-0.2776627755433249,-0.02322304969389939,0.12601121608910498,-0.019933241882317494,0.17322580984225328,0.006724821234022806,0.0670961250991233,-0.02228412338720493,0.4404653804249329,0.05854044252643546,-0.1862129752747762,-0.02124504648364393,0.10234780068135374,-0.003155806458358295,frac_pore,1.0928709291441367,p1_c1,-0.4949168732861908,material
662,0.0019880715705765406,21.696704864501953,,,,,,,,,,,,,,,,,,,,,,,,,,,,,,,,,,,,,rare
663,0.009940357852882704,60.83940124511719,0.49551665243381715,0.49889815853993363,0.5039413738301254,0.008966695132365698,0.043735899564256435,0.02122371024160998,0.017237810234171633,-0.00442868572765367,-0.28622867928388,-0.02822250820357847,0.04298205814914556,0.021131577955086456,-0.3368329037245537,-0.034863871151342034,0.733885480711467,0.05296229054990934,0.06803720683012462,0.030949472935675723,0.8279827230151593,0.0825785478462712,-0.3901548859607279,-0.04510747555943671,-0.43643265962297223,-0.036633531448663464,-0.3073244890983109,-0.03400846398230443,-0.30827111778694233,-0.02721454113921429,-0.19607915955965535,-0.01604056367677699,-0.41276286823756836,-0.03378955169416339,K04_agglom_frac,-0.3368329037245537,p1_c2,0.8279827230151593,imaging
664,0.0026507620941020544,22.81708335876465,,,,,,,,,,,,,,,,,,,,,,,,,,,,,,,,,,,,,rare
665,0.0145791915175613,85.95069122314453,0.49632893546708173,0.504946846686287,0.4989387250573901,0.009893693372573953,-0.12188872225127027,0.0032299388609773223,-0.3247758792183935,-0.06868968358195027,1.4751230330738156,0.12482757134392132,-0.12257009570396651,0.003128150347278449,-0.33683289225026625,-0.04133716002918112,-0.3703471800261451,-0.0488277067488687,-0.5556667799466349,-0.08961100509434221,-0.3375196118704275,-0.05764064360889952,-0.08571809884310402,-0.03472779761481195,0.08407838528163762,-0.007679046036982884,-0.1400508702562423,-0.03562137924605803,-0.3808160661144744,-0.052003603173138055,-0.22376797040901203,-0.03204691802930842,-0.46964660064733244,-0.060826700186485554,frac_pore,1.4751230330738156,p1_c1,-0.5556667799466349,material
666,0.007952286282306162,48.89649200439453,0.496778659821424,0.4965728515897826,0.5047642592265583,0.009528518453116641,-0.6881077491666572,-0.07830442076138841,0.8035700535064983,0.08847814090227936,-0.38769112361696517,-0.02549518379366354,-0.688541377399417,-0.07833881280050296,-0.3368328735278398,-0.028417121248368652,-0.16609784098388017,0.021661707172825822,0.3289638649835144,0.03280594103979414,-0.36255305836756013,0.005940258518131688,-0.20179754620214754,-0.03520773827005654,-0.2877463007811812,-0.039120675188757004,-0.09932990393498718,-0.025040826069809168,0.19547232868184802,0.04039880621932605,-0.15541619108742621,-0.018571286551177693,-0.07431203154815914,-0.015531820861226498,frac_graphite,0.8035700535064983,p1_c2,-0.36255305836756013,material
667,0.00728959575878065,49.65304946899414,0.49912329016316404,0.4988271108392299,0.5014727176408265,0.0029454352816529195,0.2579357386964565,0.026121719298642317,-0.5588716381791554,-0.04067911826624133,1.0874603878049216,0.05945402032840204,0.2570881756842967,0.02599632007365416,-0.3368328707231741,-0.028417121248368652,-0.15411420327239922,-0.009729370962569293,-0.22277112966358714,-0.021976633597901293,-0.21032599697753487,-0.0269121029421915,0.07164532769184427,-0.013564252011028477,0.0859612469536673,0.005828052794954581,0.005248476757737749,-0.01612048390906616,-0.3155002416157957,-0.026699496663370813,0.18754181575383605,0.021217351771565498,-0.294026272018271,-0.020330373180935658,frac_pore,1.0874603878049216,sharpness_c0,-0.3155002416157957,material
668,0.007952286282306162,47.613182067871094,0.502511382068631,0.5002191640936963,0.4980840543881335,0.0050227641372619924,-0.21686384422927069,-0.019335626218680024,0.18264819882988267,0.016320869949624783,0.17023632787807458,0.023623875907751522,-0.21750366201988178,-0.01940413824266418,-0.33683288803954814,-0.029814417850313527,-0.4523562956081411,-0.04572982626049748,-0.36288664584859687,-0.02674115435147419,-0.4153923312465432,-0.03760221926978884,0.19235495467246716,0.021291151400464746,0.31678120215509936,0.042458675639702334,0.12624858412068507,0.016941796610208892,0.02398155864671158,0.008702545934072938,-0.13371954889006293,0.009670769234652488,-0.05788206145961893,0.02090027083670381,K04_agglom_frac,-0.33683288803954814,p1_c0,-0.4523562956081411,mixed
669,0.0066269052352551355,47.283599853515625,0.49763010424509463,0.5028948927540979,0.4995338159985873,0.005789785508195866,-0.029188220530023554,0.025821535428250948,-0.011390961438013707,-0.023813462487477212,0.12399490470144374,0.022025522252231765,-0.029910154535293186,0.025746583685873,-0.33683291878215527,-0.028417121248368652,-0.32796797473473815,-0.015913290492743547,-0.3189909469688773,-0.027973375149951917,-0.32766146175483196,-0.01395430928339133,-0.15835963348774412,-0.0038870188751305213,0.07268233477139444,0.01022747067605665,-0.19331154957129154,-0.01361476725458788,-0.782672918690363,-0.05416068692205037,-0.3754638036763363,-0.01812131354039882,-0.3561486796776088,-0.01636864488978439,K04_agglom_frac,-0.33683291878215527,sharpness_c0,-0.782672918690363,imaging
670,0.00728959575878065,55.28461456298828,0.49530315969257044,0.49882229404596184,0.5041462122549886,0.009393680614859123,-0.05313606344943696,0.022075845451536017,0.04319485610516034,-0.017658227551331358,0.07991417642530058,0.02640239801529078,-0.053847519186116716,0.02202226543086888,-0.3368328930587494,-0.029814417850313527,0.7861747984576383,0.04582238488961557,0.07481784802174936,0.013276873195622516,0.819986168533412,0.041831651738881835,-0.8041875783215864,-0.062142139166250346,-0.9831958470823418,-0.07078346083585876,-0.8000145877000447,-0.06929104860646688,-0.58034988166719,-0.06161947307620692,-0.7647537189091165,-0.07012165184094758,-0.5454982435883927,-0.06138529669665951,K04_agglom_frac,-0.3368328930587494,noise_sigma_c1,-0.9831958470823418,imaging
671,0.00728959575878065,49.76656723022461,0.5010169328799035,0.5006827804457461,0.49878862793572315,0.0024227441285537,0.06225676607231013,0.030092396316479933,-0.08277148819742305,-0.02114961273510625,0.023973345102712314,0.011992855692800506,0.06149482101753492,0.03003872146399761,-0.3368328867847479,-0.029814417850313527,-0.44522325484595526,-0.02196154580988954,-0.23815164017416054,-0.009859237200069738,-0.3396015439715642,-0.019055860046241165,0.5322999302290966,0.02933970500703876,0.3494575702583102,0.02105415121879489,0.4981451689540801,0.03263244293683623,-0.4792450900629155,-0.042151617957187235,0.3042548674984131,0.021934196956082865,0.6493885577911986,0.057395635140434206,K04_agglom_frac,-0.3368328867847479,sharpness_c2,0.6493885577911986,imaging
672,0.0066269052352551355,38.7277717590332,0.49954269602170803,0.4974470995679336,0.5021914179763376,0.0051058008641328145,0.5594552420745439,0.05298791414731762,-0.47437861520595503,-0.03939595723887103,-0.13257749157353743,-0.005316567926400381,0.5584757512745434,0.0528752876856015,0.5697516849525321,0.02388169183816523,0.5216376830053341,0.04350936291383379,0.3602397173268208,0.016446578161126064,0.4027369489693181,0.041204508360951034,-0.20510889212943223,-0.017639781959228804,-0.35912881363634824,-0.026748947238386396,-0.11790779118106409,-0.01577185584650363,-0.6162216644693405,-0.0555483239567268,0.06482802400079066,0.00608304847680358,0.20741120748658448,0.0037179845568338374,K04_agglom_frac,0.5697516849525321,sharpness_c0,-0.6162216644693405,imaging
673,0.0033134526176275677,25.656394958496094,,,,,,,,,,,,,,,,,,,,,,,,,,,,,,,,,,,,,rare
674,0.009940357852882704,67.44322204589844,0.49738755627870784,0.5025541046303833,0.49995320501500967,0.005224887442584314,0.6122604485196956,0.08381884707315955,-0.6432990690228746,-0.09289185170163515,0.3093880552735853,0.02646390797179469,0.6112578531704556,0.08372687722092122,0.8247948717995813,0.05545094831172511,-0.13439224925767185,-0.012685815406031116,0.1505319802605735,-2.855904515721074e-05,-0.2630527406186495,-0.033949940767237195,-0.03537337809242447,0.012489148275445389,0.018784660151051832,-0.006532065455622939,-0.1953583880137483,-0.0036226924890632667,-0.6708885242356774,-0.07618795970265516,0.0617200717518515,0.004829220116322106,-0.635882357925874,-0.04313948026792384,K04_agglom_frac,0.8247948717995813,sharpness_c0,-0.6708885242356774,material
675,0.0013253810470510272,13.080377578735352,,,,,,,,,,,,,,,,,,,,,,,,,,,,,,,,,,,,,rare
676,0.004638833664678595,37.78853225708008,,,,,,,,,,,,,,,,,,,,,,,,,,,,,,,,,,,,,rare
677,0.009940357852882704,64.6409912109375,0.4935952177625961,0.5025854137866256,0.5025807875684266,0.012809564474807855,0.5945752920741871,0.06911518422495881,-0.7158964198849939,-0.08530010574250221,0.2574651125645582,0.04301079816714678,0.5935804346969198,0.06899270691539848,0.7375639845960049,0.05447422999403796,0.31941474147564036,0.018194338823513418,-0.27679031454572517,-0.02297828644423374,0.3068330209445065,0.016048533006541646,-0.15875841805324725,-0.03241837750285569,-0.5416529644252474,-0.06827995399533741,-0.3313682159274277,-0.04262009455411413,-0.45451296575642536,-0.07024302062153955,-0.502978363424415,-0.05813411838789882,-0.7622312864361669,-0.06537566208643583,K04_agglom_frac,0.7375639845960049,sharpness_c2,-0.7622312864361669,imaging
678,0.005964214711729622,50.13013458251953,,,,,,,,,,,,,,,,,,,,,,,,,,,,,,,,,,,,,rare
679,0.0019880715705765406,21.048545837402344,,,,,,,,,,,,,,,,,,,,,,,,,,,,,,,,,,,,,rare
680,0.004638833664678595,28.852264404296875,,,,,,,,,,,,,,,,,,,,,,,,,,,,,,,,,,,,,rare
681,0.01126573889993373,67.17889404296875,0.4984524934436252,0.49986272139186055,0.5011822355641886,0.0030950131127496228,0.7196120929145602,0.10511189512334358,-0.4756524384197747,-0.07354899468415134,-0.7047834705763204,-0.090586262181553,0.7185625265668141,0.104996045111621,0.15479192117436436,0.047066556103030274,0.018251175855705716,0.017692061618424734,0.47596078115134544,0.046900499994802385,0.03337108732550837,0.038454211029032036,0.5029865201037002,0.04702488446261843,0.4610320090398566,0.02671285262010932,0.565420366758391,0.05165369545707987,-0.24083570748031646,-0.01751771015142545,0.6806043552728452,0.03644595392151879,0.5975538495787981,0.05516785548552646,frac_si,0.7196120929145602,sharpness_c1,0.6806043552728452,material
682,0.009940357852882704,68.29308319091797,0.495501493185918,0.495261479622556,0.5066184001412678,0.013236800282535599,0.06853734530523706,-0.0028340416980119545,0.11014611633279785,0.023995560660369057,-0.5556757236895594,-0.04886738422460605,0.06777265220881255,-0.002926336519764714,-0.33683289494095014,-0.034863871151342034,0.8899324834444597,0.07971651222503888,0.3168113471047848,0.03917591099303977,0.9878976318510128,0.09434843860394178,-0.7121630062046572,-0.07006384226545605,-0.7676455637512564,-0.07383069446122328,-0.5216031223404928,-0.04908709198536759,-0.3574900577621098,-0.02290166826422236,-0.39691067057707247,-0.06076170605885627,-0.12146674181036213,-0.028333440846101753,frac_pore,-0.5556757236895594,p1_c2,0.9878976318510128,imaging
683,0.005301524188204109,28.147327423095703,,,,,,,,,,,,,,,,,,,,,,,,,,,,,,,,,,,,,rare
684,0.009940357852882704,56.195777893066406,0.49743050748108886,0.502522795474141,0.4999461416210489,0.005138985037822286,0.17773821986410976,0.009196709232823853,-0.013054062406655714,0.004569893410769138,-0.4845632663570397,-0.05129753785556292,0.1769257466759868,0.009166059439432769,-0.10655143694534808,-0.011841180262660202,-0.06632902831159962,-0.008840129837125378,0.21616406781638414,0.016585859268570844,-0.035225830035180296,-0.006285048539681277,0.27772671623882433,0.03195229208347239,0.20747383709511566,0.020426166811086784,0.31581358754778954,0.03405611414102198,-0.12895356936679153,0.002508030384262651,0.38759000004072985,0.026558546109209238,0.2986840821961675,0.03245821296659128,frac_pore,-0.4845632663570397,sharpness_c1,0.38759000004072985,mixed
685,0.017229953611663355,89.73822021484375,0.4888983774551665,0.49593944327503403,0.5107363588204131,0.02220324508966698,-0.21635468465858698,0.0027137366058666065,0.08203770520538185,-0.005407897222759234,0.17597521077847217,0.036135725850759255,-0.21699472519353832,0.0025969087840318327,-0.25326892340045953,-0.028574498513869135,0.36435575417249105,0.05791300728801053,0.09164512999314245,0.03130941935377085,0.3111559999325729,0.044885251558422566,-0.5852348358448356,-0.09122466845812517,-0.5282733269807008,-0.07958533834602201,-0.5792334445940511,-0.08920680913855711,-0.5002291044584335,-0.07156143693475221,-0.3990507444783529,-0.06152635419143806,-0.6975601158117332,-0.1055625394347728,K04_agglom_frac,-0.25326892340045953,sharpness_c2,-0.6975601158117332,imaging
686,0.005964214711729622,43.30767822265625,,,,,,,,,,,,,,,,,,,,,,,,,,,,,,,,,,,,,rare
687,0.0066269052352551355,51.266387939453125,0.49762757770377813,0.4974543247578357,0.5035246335864383,0.007049267172876572,-0.3670688288667424,-0.0326808562526212,0.4747263559891396,0.05147368601290546,-0.3610882508341769,-0.03242737278181879,-0.36764292542931093,-0.03268085616701763,0.09774004177631737,0.00041677259935861833,0.9821047784834522,0.052301351284195725,0.364786841456464,0.03407359701099387,0.8530339015842044,0.0498462641570022,-0.6374304986385395,-0.04245489912267355,-1.0316930538921019,-0.07068325691423247,-0.5352951543969264,-0.03442517271143106,-0.13240606895357432,0.017329098761687707,-0.6352052528693304,-0.05734542562043247,-0.5800993393543399,-0.04087571302134044,frac_graphite,0.4747263559891396,noise_sigma_c1,-1.0316930538921019,imaging
688,0.0,0.0,,,,,,,,,,,,,,,,,,,,,,,,,,,,,,,,,,,,,rare
689,0.005964214711729622,37.96791458129883,,,,,,,,,,,,,,,,,,,,,,,,,,,,,,,,,,,,,rare
690,0.008614976805831677,55.10063552856445,0.5001553822909666,0.49797694682741916,0.5013747130496203,0.004046106345161671,0.12312150830087874,0.03942571853477802,-0.037633334979711004,-0.024254279495584435,-0.23739662022563188,-0.016246277467782927,0.12233293226493577,0.03935985046713396,-0.3368329030971535,-0.03243408064992298,0.1404263287431312,0.005158483892202173,0.19589033098458744,0.012668825771849928,0.20415489565618408,0.01910196540844672,-0.04689371790702573,0.013287689481677061,0.06309943004734585,0.022973399851329873,0.04894962917410037,0.025923654998363885,-0.5649628900052733,-0.04270803366227403,0.2746953115548884,0.018414964825643844,-0.010418347197954078,0.012783984445101752,K04_agglom_frac,-0.3368329030971535,sharpness_c0,-0.5649628900052733,imaging
691,0.00728959575878065,45.6118049621582,0.5010320921278025,0.498834336029132,0.5001333215610101,0.002331327941735961,0.10233408372003705,0.014059798269057653,-0.16296083329748715,-0.01622597698381908,0.35426824699532367,0.04303776605902958,0.10155460304872514,0.014006052350458193,-0.33683291627255474,-0.029814417850313527,-0.1933353210506801,-0.018782321269593713,-0.39137737981123955,-0.027510339282477852,-0.14026277386669656,-0.012868352821975309,0.21170546730349168,-0.0019408493319914581,0.17624796474251186,0.007496962434295834,0.22974956119116674,0.004110636884282988,-0.46465256062633253,-0.02842384542738427,0.05591086979537822,0.005323874368077806,0.26495822105749606,0.02116910622292494,frac_pore,0.35426824699532367,sharpness_c0,-0.46465256062633253,mixed
692,0.004638833664678595,38.35201644897461,,,,,,,,,,,,,,,,,,,,,,,,,,,,,,,,,,,,,rare
693,0.003976143141153081,28.896347045898438,,,,,,,,,,,,,,,,,,,,,,,,,,,,,,,,,,,,,rare
694,0.00728959575878065,47.319087982177734,0.5048244306439144,0.49885601159883824,0.4974668903408087,0.009648861287828714,-0.20785534670931954,0.005656650371937365,0.1782268231150938,0.007937868752276452,0.18628479055184183,0.01044093904069267,-0.2084991060863465,0.005567326716346057,-0.3368328880395482,-0.029814417850313527,-0.35732620759224853,-0.034144312429710895,-0.2985750851825428,-0.021869324527282213,-0.30930689661379657,-0.022813232027376038,0.5734585048650331,0.047212126896713634,0.6592730075569972,0.04863321957819953,0.5502127332006566,0.04570972420667071,0.022627689687635958,-0.0059497510359248365,0.5473709595583738,0.0630302316995724,0.3681165170410227,0.04927305676098112,K04_agglom_frac,-0.3368328880395482,noise_sigma_c1,0.6592730075569972,imaging
695,0.004638833664678595,34.640724182128906,,,,,,,,,,,,,,,,,,,,,,,,,,,,,,,,,,,,,rare
696,0.0019880715705765406,14.930170059204102,,,,,,,,,,,,,,,,,,,,,,,,,,,,,,,,,,,,,rare
697,0.0066269052352551355,45.868064880371094,0.4976376838690442,0.4974567331544697,0.5035158043439872,0.007031608687974478,1.0094107353827155,0.08521375458685033,-0.8823382501478403,-0.07207102317327554,-0.29789185089332887,-0.037978307516345185,1.0082343696596152,0.08510125229747771,1.0121180667560794,0.07676900035014585,1.296963722060247,0.0434854254516284,0.05984225465068865,0.016402903863512952,1.4120820717591205,0.04690144390322432,-0.6144595347323301,-0.012491839657802066,-0.7943482986030281,-0.029369898594486143,-0.3732756950767441,-0.007352868444888542,-0.6755943744401197,-0.05760963803384746,-0.3905027997588026,-0.00958565220340155,-0.2852230862671452,-0.01959861182296852,K04_agglom_frac,1.0121180667560794,p1_c2,1.4120820717591205,imaging
698,0.005301524188204109,39.750587463378906,,,,,,,,,,,,,,,,,,,,,,,,,,,,,,,,,,,,,rare
699,0.005301524188204109,35.49480438232422,,,,,,,,,,,,,,,,,,,,,,,,,,,,,,,,,,,,,rare
700,0.012591119946984758,64.23704528808594,0.5032592382983239,0.504459146367897,0.4944525869680382,0.011094826063923646,-0.2960813468344214,-0.03117581756392996,0.35539964458867185,0.04866118822965454,-0.20842497434165053,-0.00660238589453796,-0.29668650350997433,-0.03127117861805526,-0.1798086744299741,-0.019904645734723038,0.2530715503576262,-0.013550439962148766,-0.0035886269041587246,-0.00664097845700965,0.2951268504979584,-0.005186234632868428,0.060905541896216414,0.032460858608516496,-0.0071213805294224886,0.03816453339755181,0.14827792211191754,0.038390746637736436,0.1500140276960909,0.048823986980023173,-0.008874215600975288,0.03168972639570928,0.15826821408389777,0.04593597082310969,frac_graphite,0.35539964458867185,p1_c2,0.2951268504979584,mixed
701,0.004638833664678595,39.950721740722656,,,,,,,,,,,,,,,,,,,,,,,,,,,,,,,,,,,,,rare
702,0.01126573889993373,65.2695541381836,0.49842470148914336,0.49620918369804495,0.5038804520572135,0.007760904114427092,0.25378670129317826,0.05331520847208114,-0.08216563440993158,-0.022879929753027734,-0.44176299997547586,-0.05431921747290545,0.25294095364369856,0.05318547917098583,-0.336832887098448,-0.03714108944052332,1.1110686849537417,0.07219319939284179,0.3528449832805058,0.038988655312998596,1.119192778442685,0.08147228325303288,-0.7043668117634547,-0.04666160297068706,-0.7726529631325874,-0.04959312944286797,-0.46796665144054167,-0.017691031109180487,-0.5828589579138125,-0.05187319076092407,-0.4164959534258714,-0.02649149467714898,-0.10456568589974786,0.0036030031382884033,frac_pore,-0.44176299997547586,p1_c2,1.119192778442685,imaging
703,0.005301524188204109,37.8748779296875,,,,,,,,,,,,,,,,,,,,,,,,,,,,,,,,,,,,,rare
704,0.0033134526176275677,19.064016342163086,,,,,,,,,,,,,,,,,,,,,,,,,,,,,,,,,,,,,rare
705,0.004638833664678595,31.775331497192383,,,,,,,,,,,,,,,,,,,,,,,,,,,,,,,,,,,,,rare
706,0.005301524188204109,43.66383743286133,,,,,,,,,,,,,,,,,,,,,,,,,,,,,,,,,,,,,rare
707,0.005301524188204109,33.34434127807617,,,,,,,,,,,,,,,,,,,,,,,,,,,,,,,,,,,,,rare
708,0.011928429423459244,72.1861572265625,0.507539199288526,0.49939790084149377,0.4951721702277945,0.015078398577051955,2.3013897048037335,0.14075089902031657,-2.058694218954378,-0.13559560138460705,-0.35046035914448365,-0.07278777793067699,2.2996480426346584,0.140681066348124,2.0037784739491733,0.2016905799095522,0.20338606285714894,-0.00758833340088593,-0.1335440610919722,-0.0231950197442081,0.2046019219784505,-0.019178360836065916,0.491021348398067,0.09059238849136989,0.051635939191014474,0.030280083078865226,0.5245722372392445,0.09026548550281328,-0.12216241082867965,0.016609721024084426,0.050761949656738914,0.032252922265517174,0.13417434509472276,0.05643222297625349,frac_si,2.3013897048037335,noise_sigma_c2,0.5245722372392445,material
709,0.012591119946984758,81.92878723144531,0.49955280218697423,0.4953590196862341,0.5037153452233798,0.009281960627531838,1.4017854597094352,0.14170157584541873,-1.5942264742592143,-0.14915900388286193,0.6606252871153278,0.06352884923387903,1.4004374132156743,0.1415926068188488,1.3096154539596538,0.1758319416850393,-0.028707508852382366,-0.006068640715370561,-0.2844436385530588,-0.025275610515213168,0.03698811797023059,0.008054870664173777,0.32991238365023984,0.02556799108854975,0.12740337593635348,0.006118399091048041,0.320589245460847,0.021551232321608757,-0.3905501984036595,-0.07265764941427817,0.12829820295900057,0.007167171410589873,0.08166562675120818,0.0010522622600179028,frac_graphite,-1.5942264742592143,sharpness_c0,-0.3905501984036595,material
710,0.003976143141153081,28.49455451965332,,,,,,,,,,,,,,,,,,,,,,,,,,,,,,,,,,,,,rare
711,0.005964214711729622,40.59686279296875,,,,,,,,,,,,,,,,,,,,,,,,,,,,,,,,,,,,,rare
712,0.0,0.0,,,,,,,,,,,,,,,,,,,,,,,,,,,,,,,,,,,,,rare
713,0.012591119946984758,66.72492980957031,0.5033350345378198,0.5025818011916747,0.49577609041144266,0.00844781917711468,-0.056093234160993,0.019929451216669895,0.23774543237828077,0.014767657019173387,-0.5795906379893851,-0.06194649987458136,-0.05680339600678093,0.019861395483319298,-0.3368328924313494,-0.03929228768412859,0.23330872299466573,-0.0048658365349671965,-0.0408013392514748,-0.02637184781516972,0.17502559481649102,0.004606617713040498,0.1439677834963847,0.04654256953322815,-0.03754541482802877,0.0028047638980957324,0.21704119508753103,0.05197046668198693,-0.014398342991592341,0.010636145119913568,-0.11557121042796797,-0.014147549634040881,0.352169435705277,0.048130094592155476,frac_pore,-0.5795906379893851,sharpness_c2,0.352169435705277,material
714,0.003976143141153081,34.239952087402344,,,,,,,,,,,,,,,,,,,,,,,,,,,,,,,,,,,,,rare
715,0.0033134526176275677,33.90283203125,,,,,,,,,,,,,,,,,,,,,,,,,,,,,,,,,,,,,rare
716,0.013916500994035786,72.54795837402344,0.5005368900297626,0.49445827934510883,0.5036879745717817,0.011083441309782338,1.5294057524541,0.08028094796801985,-1.4756609368106648,-0.07176225063287237,0.164269422637473,0.0027517468100863893,1.5280018665913264,0.08021641175682717,1.102881243445404,0.08879479850175824,0.22669451130210636,0.00043246315397065953,0.18695117443867237,0.00918818827571954,0.12502942047401994,-0.008410121014721019,0.027208961075302584,0.016700034757347233,-0.13134801313287178,-0.004890180148928918,-0.04441809633710009,0.006125848901030564,-0.4175490475927575,-0.03452299476976357,-0.1318589824308374,0.009620259582165613,-0.12681182286781437,-0.006591039413149396,frac_si,1.5294057524541,sharpness_c0,-0.4175490475927575,material
717,0.008614976805831677,49.42704772949219,0.49635293760958865,0.4997916736911569,0.5027017481900053,0.007294124780822697,-0.5451256573782861,-0.060550419113771,0.5090399241360513,0.055021566317941556,0.14804047226578024,0.01727134336198635,-0.54562184654529,-0.06061609055926156,-0.33683292191916003,-0.03243408064992298,0.16581369494105452,0.01653632548447798,0.032242804116910155,0.007463352327417406,0.2633397252816685,0.03690694544971061,-0.32179093279104953,-0.04923061834159116,-0.25634990323197626,-0.03266248099279433,-0.22715339601679782,-0.0387736910715375,0.24401875306543264,0.024159111116940264,-0.16121764634818184,-0.022252537145096226,-0.2148630101641572,-0.029737817442697826,K01_si_frac_adm,-0.54562184654529,noise_sigma_c0,-0.32179093279104953,material
718,0.013916500994035786,69.30438232421875,0.49295221299753916,0.49997230343870863,0.504946141621049,0.014095574004921674,-0.2729566810714745,-0.0001938963024709885,0.22645534557349964,0.007632770305939542,0.23897446583374155,0.005355328993082112,-0.2735719558675349,-0.0002846115954094528,-0.21414806755997287,-0.020089078886319906,-0.18138341124047108,0.017624255485666082,0.10779708896071223,0.03798641385699758,-0.25492477559193266,-0.01072358185252825,-0.17733170503597448,-0.042474640737655195,-0.044622515013511985,-0.030163460198721865,-0.26801727059669345,-0.05522492779337976,-0.3433585863504227,-0.05834836332658638,-0.21520468868749268,-0.040815631026783754,-0.35274807530381513,-0.05429250721476567,K01_si_frac_adm,-0.2735719558675349,sharpness_c2,-0.35274807530381513,mixed
719,0.005301524188204109,37.348388671875,,,,,,,,,,,,,,,,,,,,,,,,,,,,,,,,,,,,,rare
720,0.007952286282306162,43.786930084228516,0.5006114229986002,0.5002336144735005,0.4994013773618224,0.0012228459972003503,-0.15891394063283867,-0.00022107516254028095,0.05234514376457418,0.004497385283101466,0.24115297132971977,0.02898126073261187,-0.15957911400829222,-0.0002895191331387974,-0.3368328998817274,-0.03115089719541056,-0.17604530881592528,-0.003016778396742841,0.14886077195867164,0.027220766044206913,-0.12255691663103571,-0.023523415797086143,0.11254316636171197,-0.016014025680396768,0.21006671865068552,-0.002175505955430962,0.12300145953427816,-0.019044683548042698,-0.346175907364379,-0.046736432917933425,0.1168506687921615,0.008907418279747946,0.12309861680961336,0.001342214646285454,K04_agglom_frac,-0.3368328998817274,sharpness_c0,-0.346175907364379,mixed
721,0.00728959575878065,48.765716552734375,0.4991283432457971,0.49883915282240004,0.501460356701395,0.0029207134027899873,0.7921053660254018,0.05736667146117563,-0.7785978263300963,-0.05735280354341712,0.3269879720723236,0.023119406699068874,0.7910240806792849,0.05733106984920346,0.6557687720220398,0.055136306695096934,-0.20222356797467245,-0.025941515217522096,-0.5709848060002916,-0.04641252607792083,-0.14295425360290215,-0.019255254165269735,0.4356862756295983,0.041122415175185806,0.3024153895420337,0.027313474895738817,0.43813466574900195,0.03913160778631458,-0.31053127355501753,-0.02087753529853199,0.18518011007503693,0.02780912058004099,0.7955580640156009,0.08300781152814235,frac_si,0.7921053660254018,sharpness_c2,0.7955580640156009,imaging
722,0.0145791915175613,74.92050170898438,0.5020717638795548,0.5067194266089294,0.49362528695037955,0.01343885321785887,0.2021015191148442,0.027601994588989816,-0.029101630846285902,0.0050208251334772,-0.5132339941333048,-0.05999422876751131,0.20127838595883793,0.027526161996178244,-0.17001807550553244,-0.023592337076867042,-0.2452201165081731,-0.00824138997018236,0.3102442275744551,0.031188682545260412,-0.29750717158881157,-0.018858152764530133,0.2574602674219839,0.06385635285135145,0.21568959489415362,0.04246691252161877,0.14613328455133717,0.05205862568010284,-0.2724603593548338,-0.015231040715022024,0.06323489484690167,0.02241293291729256,-0.021770126337964473,0.013712866969655985,frac_pore,-0.5132339941333048,p1_c1,0.3102442275744551,material
723,0.0066269052352551355,46.68135070800781,0.5033299814551868,0.4974543247578357,0.49953911354405794,0.006659962910373629,-0.05183134037729152,0.0030023290042295214,-0.03750035937622477,-0.01911365215110087,0.23462164504618127,0.04040066529094965,-0.051648496908134015,0.003486433314656137,-0.032224695551057496,-0.0024312228529980036,-0.11652292278916247,-0.0318669057901668,-0.33906861404719607,-0.028648855156125197,0.00021408326397943402,-0.013745288602094036,-0.44049616994574614,-0.01674150448405479,-0.38163375607008165,-0.01134028405761453,-0.4155645620363818,-0.016355797089019197,-0.26741710600756424,0.0004175908008865259,-0.4316278426089036,-0.017377035720442177,-0.22267423990717702,-0.014881505738543473,frac_pore,0.23462164504618127,noise_sigma_c0,-0.44049616994574614,mixed
724,0.0,0.0,,,,,,,,,,,,,,,,,,,,,,,,,,,,,,,,,,,,,rare
725,0.0066269052352551355,43.67458724975586,0.49573014517506403,0.4974663667410058,0.5048419565601271,0.009683913120254184,-0.07733093569388168,0.011939533423010414,-0.03887585468257659,-0.012334970589883452,0.41195983055247365,0.03325957251361009,-0.0780318051280074,0.011883294784329044,-0.33683289117654913,-0.028417121248368652,0.4255448749008016,0.03896606177927746,0.03741276258711308,0.01429230788831315,0.38532139063503795,0.0075555228871706254,-0.8698394921077233,-0.06728244162536047,-0.7504043915620389,-0.05270436261210316,-0.8398484986048563,-0.06813407431753289,-0.894903549864727,-0.08489578238856117,-0.6195678183729989,-0.04757679787151036,-0.5143967799347043,-0.05686960967990793,frac_pore,0.41195983055247365,sharpness_c0,-0.894903549864727,imaging
726,0.005301524188204109,41.005889892578125,,,,,,,,,,,,,,,,,,,,,,,,,,,,,,,,,,,,,rare
727,0.01656726308813784,84.76773834228516,0.49882389501715524,0.5018412192267121,0.4994720113014303,0.003682438453424197,-0.396660531809086,-0.0564853250239387,0.5456882734036121,0.08292965360662911,-0.5491025144370577,-0.07749591886090115,-0.39722168083139153,-0.056557070265035515,-0.33683289159568625,-0.04232457615854792,-0.12673193103596755,0.002125294678226404,0.4342777714435695,0.036073956527381885,-0.21836641655229594,0.011092875420756768,0.24096324736097577,0.038174993212174345,0.26735661537639205,0.03053528746528954,0.2762575948561567,0.037858663335612226,0.548228720032901,0.08001204548858189,0.48785801341395063,0.05401401771113799,-0.029503790700479864,0.014271757176280302,frac_pore,-0.5491025144370577,sharpness_c0,0.548228720032901,material
728,0.010603048376408217,59.03761672973633,0.49886305640756134,0.49667159585177767,0.5032350344340456,0.006656808296444661,-0.1572962291495133,0.0036779023229795552,0.2708670857933157,0.022372237101607698,-0.3043795145166658,-0.04507348458532866,-0.1579621103216754,0.0036183523799956058,-0.33683288992174865,-0.036019696756253675,0.017716755701035897,0.026209028300379834,0.6399220239165548,0.08418033168840089,-0.05494564951585054,0.021750677782268624,-0.20011536944422387,-0.01796087621831288,-0.08119319347762655,-0.008767402750147143,-0.18121106659036978,-0.014767964092716352,-0.3181899603195252,-0.021941834069152268,0.010832724645999603,0.022480839886039078,-0.22063307171495883,-0.014132873859912501,K04_agglom_frac,-0.33683288992174865,p1_c1,0.6399220239165548,imaging
729,0.0066269052352551355,46.39740753173828,0.5014426550917388,0.4992702558198905,0.49952675260462653,0.0028853101834775963,-0.25849249494132986,-0.012179361386865817,0.1295096729767678,-0.006483318801977348,0.49314375181523684,0.03735079044971451,-0.2591140983773371,-0.01225406451619457,-0.1520590958665027,0.0025747251740300494,-0.16656011659632108,0.0027381457945641237,0.3319736681919799,0.01115673775608063,-0.45105374528813363,-0.03400397897191664,-0.24882495664926796,-0.01130166611315081,-0.06565774310552938,0.004152697475181136,-0.42531794352366703,-0.02823427229009954,-0.06551451738858188,-0.02438870435003841,-0.03363774415377839,-0.0003961695160517137,-0.6096661240155938,-0.03300756575852866,frac_pore,0.49314375181523684,sharpness_c2,-0.6096661240155938,imaging
730,0.01855533465871438,98.93619537353516,0.5089894340042143,0.49870187421426065,0.49466890340808767,0.017978868008428517,0.8571712294476287,0.03659028873577242,-1.5053932672497132,-0.11313657487412859,1.30269443110225,0.13891756199647318,0.8875521717418573,0.037464396586787074,0.9885873117874014,0.10920284116782601,-0.3639044276945051,-0.0770047315369243,-0.8112595439460341,-0.10657127058082204,-0.22935623824909418,-0.06839019345338826,0.20716269125417375,0.020861324021098512,0.05934831131737566,-0.00033015151933830613,0.13398805930991697,0.011395112906664893,-0.04092289236255587,0.018035165443169472,-0.1386827076014481,-0.018480671287822787,0.03111894571039057,0.0157275112041453,frac_graphite,-1.5053932672497132,p1_c1,-0.8112595439460341,material
731,0.013253810470510271,64.79621124267578,0.4952753677380886,0.5003997938412481,0.5030090058273,0.009449264523822776,-0.6007212135234512,-0.07144739204734807,0.7090658374873158,0.09294473549950687,-0.41028463696602663,-0.044771917998282,-0.6011930771722481,-0.07151409021626941,-0.3368328859421737,-0.03714108944052332,0.03770366598416331,0.026306192695141933,0.34362698974440414,0.036205638724669344,-0.13634821047680978,0.01128832857235131,-0.336871945944425,-0.0355808733434269,-0.24162761654620699,-0.03398666178034935,-0.36679499869945065,-0.044246312061178156,0.16305379925936792,0.0298362251551254,-0.2942595060368503,-0.026893290532887568,-0.2039450275208816,-0.004824472004279876,frac_graphite,0.7090658374873158,noise_sigma_c2,-0.36679499869945065,material
732,0.011928429423459244,62.041717529296875,0.5037493873137308,0.492153443766347,0.503132615221614,0.01569311246730598,-0.24902638648253836,-0.019823115897527232,0.2867681978183288,0.03559646435237216,-0.3316964856865301,-0.050593280369196705,-0.24344673429872762,-0.01907148996178644,-0.11545411508482573,-0.015853421196869746,0.1381509317866622,0.008125125532983049,0.20327730533943292,0.02796324918091307,0.21298118892499945,0.025034458062090238,0.009924568713518184,0.012305140336483677,-0.01238454258248775,0.005306052831615496,0.0922134847588458,0.022255379957417165,0.20761391095331566,0.03256039894822693,0.08643969029304496,0.008558218624238789,-0.13337578989796456,-0.012967414939501487,frac_pore,-0.3316964856865301,p1_c2,0.21298118892499945,mixed
733,0.00927766732935719,61.933650970458984,0.5149849165483404,0.4993545497020813,0.49,0.029969833096680887,2.0693808506136677,0.1348963292499034,-2.1745978211943093,-0.13494764027914866,0.30577115868986315,-0.0017995771433509753,2.067740702317597,0.13481720969261055,2.0871982417068815,0.19112751524281693,-0.6340086333492703,-0.0737150346674174,-1.053839136156519,-0.10977249358256619,-0.49993177947578604,-0.07027202110966056,1.2762064210191628,0.1387500450736666,0.5742893490619945,0.052385506039398344,1.3405638528361226,0.13342722479247923,0.37850212999182054,0.05614041192790717,0.3768291111552898,0.05038860988478361,0.44544199876983437,0.05033483467765421,frac_graphite,-2.1745978211943093,noise_sigma_c2,1.3405638528361226,material
734,0.005301524188204109,35.683982849121094,,,,,,,,,,,,,,,,,,,,,,,,,,,,,,,,,,,,,rare
735,0.004638833664678595,30.655941009521484,,,,,,,,,,,,,,,,,,,,,,,,,,,,,,,,,,,,,rare
736,0.00728959575878065,48.419193267822266,0.49719680240930975,0.49884396961566807,0.5028068161751722,0.0056136323503444,-0.0842374933220633,0.025855733477099102,0.15283204023073751,-0.012541502932881794,-0.27590706258390973,-0.01048151105683974,-0.08493534076456019,0.02578419864810017,-0.33683285666954466,-0.029814417850313527,0.7997933404900783,0.03986330210691201,0.23946745617873308,0.030137368578224286,0.9283989067965757,0.04709398295419571,-0.5611194091489142,-0.02659719858394789,-0.5832162418882417,-0.027989042938051545,-0.3959593259392414,-0.017554221682226305,-0.43113679415374895,-0.0320667576572342,-0.2994262357943645,-0.020375430802142096,-0.11000324710307523,-0.00958840874551882,K04_agglom_frac,-0.33683285666954466,p1_c2,0.9283989067965757,imaging
737,0.00728959575878065,57.85095977783203,0.49530315969257044,0.49883674442576603,0.5041356171640473,0.009393680614859123,0.6553447907070162,0.049438436872308984,-0.34322457433568887,-0.01954574737072546,-0.9132244243336378,-0.09554337680156065,0.6543233441247347,0.04938461975292684,0.5614632616273385,0.048893211729197535,1.2397883920901644,0.09961709229086094,0.4958746577563512,0.06025281501299671,1.1058829254551472,0.10348795726814206,-0.3396222397610975,-0.03550162506266718,-0.9049549843243695,-0.08163808117532306,-0.37948720551125065,-0.041758874778128494,-0.2933656890651328,-0.015838085682940903,-0.6861492694984047,-0.06767870393977643,-0.7066962625703523,-0.06978846009444074,frac_pore,-0.9132244243336378,p1_c0,1.2397883920901644,imaging
738,0.008614976805831677,48.14262008666992,0.4982440537850116,0.4961646283603154,0.5040393784213315,0.008078756842663015,0.29567821427592944,0.01571958937177316,-0.04716784540811459,0.013388709568065718,-0.7640429098088981,-0.07190199884917146,0.2948141372671786,0.015571610043296899,-0.33683289556834994,-0.03243408064992298,0.5907375982690937,0.06049575603575981,0.4473838280137555,0.04751175221198567,0.5293449775550504,0.0644169208385105,-0.05786287057774146,-0.010100073906556022,-0.37288947909998227,-0.03623810488204199,0.05976817175578987,-0.006146444886120892,-0.19464247487317987,0.0030789221913127243,-0.17355881032464043,-0.027153142512273597,0.2284111352982425,0.008218164291058224,frac_pore,-0.7640429098088981,p1_c0,0.5907375982690937,material
739,0.0033134526176275677,26.5673828125,,,,,,,,,,,,,,,,,,,,,,,,,,,,,,,,,,,,,rare
740,0.06295559973492379,346.3192443847656,0.5421060743106332,0.49472561137148563,0.47443846018011654,0.08421214862126636,2.6987446658379644,0.34190226100360005,-2.443983926986008,-0.32120034047754525,-0.4922143582866575,-0.10830811056287445,2.6968291438202963,0.3417410963760493,1.7015875151253141,0.35423364283746955,-0.04219566897832404,-0.015191832505050476,-0.2556215560604854,-0.06702202122855781,-0.10112436040967565,-0.025686752168364437,0.9509008812238646,0.22985654464373403,0.3982510748886875,0.0943188760660269,0.9807082905112243,0.21621231781471292,0.06164120525821244,-0.009375709957082262,0.5213401267038488,0.11881067047009428,0.17813849630294543,0.03013084181682597,frac_si,2.6987446658379644,noise_sigma_c2,0.9807082905112243,material
741,0.0033134526176275677,23.830177307128906,,,,,,,,,,,,,,,,,,,,,,,,,,,,,,,,,,,,,rare
742,0.009940357852882704,59.213233947753906,0.4935952177625961,0.49709306526273206,0.5066078050503267,0.013215610100653308,-0.14671131156897613,-0.002867851970801374,0.21045153063737174,0.008904879347687234,-0.21028551769876003,-0.008915647759830161,-0.1473818241024763,-0.0029601671172462753,-0.33683289180394904,-0.034863871151342034,0.6637059473169349,0.0664415313588429,0.40370919291513174,0.04799044608797418,0.6017407573370525,0.04849540512118844,-0.7350356081881367,-0.0747034576382597,-0.8468674296493413,-0.06535614066291347,-0.6388312713689616,-0.06855910730307274,-0.3501902396987039,-0.032754377655365895,-0.5604941022783403,-0.04602618155521312,-0.38562714380406143,-0.050025390578855994,K04_agglom_frac,-0.33683289180394904,noise_sigma_c1,-0.8468674296493413,imaging
743,0.005964214711729622,41.99383544921875,,,,,,,,,,,,,,,,,,,,,,,,,,,,,,,,,,,,,rare
744,0.0026507620941020544,24.809402465820312,,,,,,,,,,,,,,,,,,,,,,,,,,,,,,,,,,,,,rare
745,0.0019880715705765406,14.35205364227295,,,,,,,,,,,,,,,,,,,,,,,,,,,,,,,,,,,,,rare
746,0.007952286282306162,56.95281982421875,0.5006013168333341,0.49840804982490966,0.5007469539113544,0.0031839003501806795,0.31016496082509853,0.049539405950837175,-0.24866736712845705,-0.042786701349290336,-0.13523160052561922,0.005769002415084094,0.30929454524913796,0.04948791960992016,0.27620250476347125,0.03991064031250163,0.42201774254238067,0.021379311464365332,0.2455950206615251,0.029420349569371954,0.45702538405708215,0.025738880892240808,-0.3719490343762517,-0.02125455813492276,-0.24156195526276333,-0.0027150069157979703,-0.3944657952057217,-0.02238347851778012,-0.6400290801597682,-0.06349172191683308,-0.05853406281087288,-0.007613601178169317,-0.1303201991212391,-0.009759573735071395,frac_si,0.31016496082509853,sharpness_c0,-0.6400290801597682,imaging
747,0.005964214711729622,41.63707733154297,,,,,,,,,,,,,,,,,,,,,,,,,,,,,,,,,,,,,rare
748,0.008614976805831677,52.126956939697266,0.5020641842556052,0.5016232593313327,0.4973671199011125,0.005265760197775027,-0.6734472556531947,-0.08447632997298346,0.7538065586936851,0.09873042969931813,-0.2985395149207849,-0.034021882321923,-0.6738872985789482,-0.08456697729227736,-0.3368328986331032,-0.03115089719541056,-0.31436453945907816,0.0034646644881973225,0.5962816965006187,0.0690711481887781,-0.3643462351314825,0.0047297419393116935,0.1604330712835518,-0.005438159810922039,0.20537410060850655,0.002424405645596514,0.1775379637750756,-0.0009875672900039054,0.580566401594006,0.07316285216358576,0.18490062153359263,0.0156181501741439,0.14739313138286939,0.007548757493926971,frac_graphite,0.7538065586936851,p1_c1,0.5962816965006187,material
749,0.012591119946984758,68.71282196044922,0.49949469173669403,0.5044350624015567,0.49710135970333746,0.008870124803113333,1.0358430767044173,0.11480573008036134,-1.1150846686954812,-0.12104354871776539,0.36782197737218386,0.044506399440899194,1.0346551457006434,0.11472381341572507,0.12995542937325819,0.035873406192966494,-0.5012827273148112,-0.0592889335943314,-0.42240034303294727,-0.06833694672090772,-0.4888407841944222,-0.07332101891158399,0.39593160745048056,0.06494460977996855,0.4384980669737955,0.055116991590433546,0.31853531605316876,0.05310991416483059,-0.4831337005911144,-0.046797298982159605,0.1694850135830044,0.022865674099567267,0.005177096686420661,0.01014042891156653,frac_graphite,-1.1150846686954812,p1_c0,-0.5012827273148112,material
750,0.015241882041086813,81.43531036376953,0.5035535803616996,0.4954132086104996,0.5008793925481194,0.009173582779000822,0.016033445672139525,0.013560034436876079,-0.42571211242185536,-0.07441658005229196,1.2908468435880527,0.12070756318179127,0.016286889815251983,0.01385380061341826,0.3635886423040077,0.01495516509499158,-0.20663996149224909,-0.04753046819972619,-0.5778567803452035,-0.07568694470949389,-0.12876526545586695,-0.0546232462025961,-0.15144901166026156,-0.034341081372064534,-0.09874453795053036,-0.025565098535191427,-0.2454202346889322,-0.048262326499485794,-0.16334427847386918,-0.043410139443134516,-0.3540721536773254,-0.0452668644550993,-0.2597894044126995,-0.05256002632298789,frac_pore,1.2908468435880527,p1_c1,-0.5778567803452035,material
751,0.008614976805831677,50.07066345214844,0.4982491068676446,0.4997916736911569,0.5013764788981105,0.00350178626471076,-0.3921207733271391,-0.018140111616426226,0.27141267989667495,0.006659335419269367,0.4249533614623638,0.0553096020354675,-0.392683908646841,-0.018205783173005495,-0.20593277003896338,-0.00887918724956008,0.1669212110511389,0.01687987143450415,-0.3361013103933134,-0.02175914790297388,0.1796654985729128,-0.0010274267003211777,-0.5678852800513747,-0.05931526747487302,-0.5129767211430631,-0.057657617002186995,-0.616203706764577,-0.06527901492407938,-0.14282640085268417,-0.03417125071676115,-0.6980278109848167,-0.06936727798915017,-0.1557833358535416,-0.013294114640832968,frac_pore,0.4249533614623638,sharpness_c1,-0.6980278109848167,imaging
752,0.009940357852882704,58.25861358642578,0.503126594879206,0.49707620648629386,0.4999585025604803,0.006253189758411937,0.19608455162742444,0.014381642103080591,-0.05813302642787886,0.005468422627942183,-0.4644529024260786,-0.044795433744985305,0.19526405114968154,0.014304783907177992,-0.03364421092192096,0.007075368302798847,-0.02977301351545429,0.006433792091254935,0.4076614986621134,0.05141403812363721,-0.0645783656793537,0.02305694513845554,0.1532158996440099,0.015277226236025409,0.11381559019436097,0.015500589517336703,0.28901176614234725,0.019356278986369237,-0.013616790366853454,0.013766729402090906,0.37728268384964964,0.032452745748551184,-0.4285858947643876,-0.030719231145226133,frac_pore,-0.4644529024260786,sharpness_c2,-0.4285858947643876,mixed
753,0.0,0.0,,,,,,,,,,,,,,,,,,,,,,,,,,,,,,,,,,,,,rare
754,0.005301524188204109,35.8162956237793,,,,,,,,,,,,,,,,,,,,,,,,,,,,,,,,,,,,,rare
755,0.005964214711729622,43.428558349609375,,,,,,,,,,,,,,,,,,,,,,,,,,,,,,,,,,,,,rare
756,0.0066269052352551355,46.17345428466797,0.49953511639775844,0.4974663667410058,0.5021825887338867,0.005067266517988389,-0.08375832084476212,0.017687352717781504,0.0818756886845534,-0.01517663344274809,0.10235172688874321,0.027631414276141113,-0.08445637798690601,0.01757490030798826,-0.3368328754915453,-0.028417121248368652,-0.29813463938422174,-0.028539306623346507,-0.1297775815496352,-0.02630777811462389,-0.33018191548478537,-0.015542854879553494,-0.23235615147838679,-0.01375919940982573,-0.0025478465262497724,0.010806441782879685,-0.3331224864481045,-0.014498929543610834,-0.6856023156005937,-0.05240016545704174,-0.24537390184976113,-0.005734244353901696,-0.44894942993363846,-0.015385154438946188,K04_agglom_frac,-0.3368328754915453,sharpness_c0,-0.6856023156005937,imaging
757,0.017892644135188866,92.65782928466797,0.5036912768634505,0.5028226408550771,0.4953505209253046,0.009298958149390746,-0.4802118396970935,-0.06656941581161978,0.1864721548100516,-0.000793574423514655,0.8101424058598939,0.11107961435058884,-0.47819191867235616,-0.0660424557663207,-0.33683284624757376,-0.04032698302125703,-0.14943526031682489,-0.05572120773860738,-0.5166331169389422,-0.06602186402640102,-0.013563780659187834,-0.034081249592952695,-0.08237362112785894,-0.017096735553713258,-0.05393826701059047,0.007447901500627699,-0.07627348419382296,-0.016313153759780166,0.6077392726951654,0.05657132833491284,-0.3672378006630489,-0.030649455385567733,0.008458921688094048,0.0012866105733067837,frac_pore,0.8101424058598939,sharpness_c0,0.6077392726951654,material
758,0.013253810470510271,75.41552734375,0.5124558486904937,0.49670772180128797,0.49370828182941906,0.024911697380987308,0.3644086919278288,0.03929124705327869,-0.9344086983550586,-0.09308873341580909,1.1268605634797988,0.08260734886003385,0.37919210924646024,0.04070815064772842,0.34942183257410353,0.02020222087996939,-0.5802118082719822,-0.08315568790965118,-0.7891059341544943,-0.08746004768865374,-0.496768999375325,-0.0758573609436624,0.1832410887439052,0.01633240387473681,0.24538681954916597,0.012893502895527488,0.021008009030108642,0.0028178807930509505,-0.18629627370495078,-0.01657091058559225,-0.03915806019087655,0.0021326676150799618,-0.19883950730843422,-0.018513396943737357,frac_pore,1.1268605634797988,p1_c1,-0.7891059341544943,material
759,0.005301524188204109,40.522666931152344,,,,,,,,,,,,,,,,,,,,,,,,,,,,,,,,,,,,,rare
760,0.010603048376408217,54.77924728393555,0.5065412154684965,0.5039305033067286,0.49254635352286763,0.01490729295426474,-0.10104849728488408,0.010525376924973446,0.21274651696328473,0.007346718099217109,-0.2720138127372162,-0.011762085914731563,-0.10173898930763296,0.010413737997559333,-0.3368329109396535,-0.036019696756253675,-0.29345683964579417,-0.026889221509099812,-0.08365521293133715,-0.03018322952480654,-0.2222205724755788,-0.01273630471635395,0.5994428878197714,0.0586145843676794,0.5864848522051451,0.0645128800289384,0.5567895526700404,0.0518098942491255,-0.03785470106998108,-0.0016360925989955218,0.5355742148120248,0.056543405103987185,0.5671535305896118,0.06717127459216334,K04_agglom_frac,-0.3368329109396535,noise_sigma_c0,0.5994428878197714,imaging
761,0.003976143141153081,33.44223403930664,,,,,,,,,,,,,,,,,,,,,,,,,,,,,,,,,,,,,rare
762,0.009940357852882704,54.290000915527344,0.49550654626855106,0.49890538372983567,0.5039431396786156,0.008986907462897875,-0.495620540415601,-0.04937327244922526,0.396777485534925,0.029536632255717416,0.2826985698931095,0.021261696253201904,-0.4961383901126671,-0.049419419734486,-0.336832881797819,-0.03243408064992298,0.32967638329363513,0.011766016236622509,-0.0070485825754609144,-0.00522547399156231,0.40593683760463195,0.023806641277732476,-0.39125980559617085,-0.043741443368982544,-0.3161761236570241,-0.020256601754921083,-0.36035321642890605,-0.03613180749127327,0.10652149894223215,0.009793372799812386,-0.24449243695197637,-0.010658453352447741,-0.13304259875935173,-0.020189013525953207,K01_si_frac_adm,-0.4961383901126671,p1_c2,0.40593683760463195,mixed
763,0.005301524188204109,43.766845703125,,,,,,,,,,,,,,,,,,,,,,,,,,,,,,,,,,,,,rare
764,0.00927766732935719,49.347129821777344,0.49783728063305016,0.5012066067136465,0.5006268762140209,0.004325438733899678,-0.602322348156356,-0.06624851601149313,0.3700018226035872,0.036969900140875214,0.6942534739073923,0.059534952829063494,-0.6027935112699127,-0.0663120930185945,-0.33683291265411985,-0.03243408064992298,-0.5353054348147411,-0.048729738245579524,-0.6119229288412507,-0.038594837457702154,-0.46252833877804667,-0.03767310501680877,0.07109669093364548,-0.009816257128211154,0.016323436097949413,-0.0069021961006850725,0.12966080669055874,0.0028529040763150093,0.49477740650828006,0.04784830443137484,-0.3903809999818593,-0.020250855514220296,0.04254116896114588,1.4321828727068823e-05,frac_pore,0.6942534739073923,p1_c1,-0.6119229288412507,material
765,0.007952286282306162,55.48857879638672,0.5082137858200395,0.5002119389037942,0.4941038318912238,0.01642757164007902,1.3300707630764945,0.028382023685920427,-1.2270935509996228,-0.017525496724743964,-0.323039152907482,-0.040162117924727375,1.3287540948464711,0.028347926482320495,0.5082203647164426,0.019546916053973688,-0.32508038449853127,-0.02796695680711938,-0.4794845279915985,-0.03708513681373067,-0.3387425787818451,-0.022966478127233864,1.1060563590771604,0.10136788565869718,0.5202939762596929,0.04321056282346384,1.1305184955914118,0.10627024812169451,0.7628402642287831,0.08353243692317852,0.4300648827516264,0.0407934096525525,0.3801525736600197,0.05655196347650498,frac_si,1.3300707630764945,noise_sigma_c2,1.1305184955914118,material
766,0.0,0.0,,,,,,,,,,,,,,,,,,,,,,,,,,,,,,,,,,,,,rare
767,0.004638833664678595,36.22768783569336,,,,,,,,,,,,,,,,,,,,,,,,,,,,,,,,,,,,,rare
768,0.005301524188204109,45.35602569580078,,,,,,,,,,,,,,,,,,,,,,,,,,,,,,,,,,,,,rare
769,0.013916500994035786,87.43598937988281,0.5005141511579139,0.5017220035933279,0.4983780681617518,0.0034440071866557176,1.2791686385736967,0.14116121995519232,-1.0222413680682996,-0.12533143831602328,-0.5143330326889527,-0.051231243774733176,1.2778742421130571,0.1410446176016689,1.4485048198072341,0.15431293239215588,0.0014671408205375164,-0.00807988580829107,0.5549334875876527,0.03990378953335422,-0.0960219901350014,-0.01314045876195708,0.35298577299143447,0.06673907287804814,0.18995303203807673,0.044104218830193,0.40195092397075305,0.07775694349267817,-0.6743375926269639,-0.07965653452573764,0.572283001167222,0.08575640277418409,0.148934263518185,0.040029877643264405,K04_agglom_frac,1.4485048198072341,sharpness_c0,-0.6743375926269639,material
770,0.0,0.0,,,,,,,,,,,,,,,,,,,,,,,,,,,,,,,,,,,,,rare
771,0.005301524188204109,38.02947235107422,,,,,,,,,,,,,,,,,,,,,,,,,,,,,,,,,,,,,rare
772,0.010603048376408217,55.25090789794922,0.4988908483620432,0.5038895605639503,0.4979233621755253,0.007779121127900579,-0.36557097204193756,-0.02564602043784703,0.5088268505029714,0.053727314542370126,-0.5544321209404617,-0.06581009542012144,-0.3661457240456845,-0.02573513856844756,-0.33683288736583805,-0.034863871151342034,0.34147758703748143,0.012068815089304534,0.40474058068368324,0.04062471575693156,0.3806375068305871,0.024258273167511075,-0.0319338173970594,0.00880330891940508,-0.1571176251469291,-0.00547163444822891,0.04308548833181189,0.015525733710891025,0.2082376882829539,0.027991687642300513,0.1469621591563185,-0.0016997551683615758,-0.01739935380628104,0.004234505761831356,frac_pore,-0.5544321209404617,p1_c1,0.40474058068368324,material
773,0.005301524188204109,36.90567398071289,,,,,,,,,,,,,,,,,,,,,,,,,,,,,,,,,,,,,rare
774,0.005301524188204109,45.25027847290039,,,,,,,,,,,,,,,,,,,,,,,,,,,,,,,,,,,,,rare
775,0.0066269052352551355,51.416324615478516,0.4976402104103608,0.49926303062998845,0.5021896521278474,0.004719579179278455,0.020697931561698597,0.03475946053621394,0.08710816303029409,-0.011246026209880895,-0.3814389502386011,-0.04086081299561143,0.01995417027561502,0.03468440936502001,-0.3368328918039491,-0.028417121248368652,0.09926820962365841,0.023845785971258443,-0.006386488341173446,0.014792342429374716,0.19685757352713865,0.03969367595340252,-0.40212377334916594,-0.035566912313772216,-0.3102780327577785,-0.030938995283296907,-0.3902372437493375,-0.03124341609446448,-0.7642917965921773,-0.07948086925290465,-0.38355190387590293,-0.030060896559818844,-0.33917610140130666,-0.03595811166307866,frac_pore,-0.3814389502386011,sharpness_c0,-0.7642917965921773,imaging
776,0.008614976805831677,51.01752471923828,0.49826173957422726,0.4961477695838772,0.5040393784213315,0.008078756842663015,-0.26666070339071496,-0.04088817170817556,0.3381535364429576,0.04008778306827117,-0.21388367473936146,-0.004680230835322852,-0.26727873292759086,-0.040904524048671675,-0.043394199758721226,-0.007498353138509814,0.15817310722616412,0.016591112504127464,0.10318179996718588,-0.004125637130047198,0.0164638655574994,-0.010069770496128746,-0.2722277322816126,-0.030431844997126516,-0.2344950008079002,-0.02378572033621826,-0.2374732625743887,-0.027805924589143664,0.18422540898780912,0.020401171643883352,-0.07479061793384875,-0.012028792346045291,-0.12861778366867652,-0.0193722061823629,frac_graphite,0.3381535364429576,noise_sigma_c0,-0.2722277322816126,mixed
777,0.00927766732935719,53.25109100341797,0.5054219576652738,0.5011921563338423,0.49533639413738306,0.010843915330547516,1.748149964047696,0.11884051478196889,-1.7767899564403227,-0.11780180231764042,0.3340296225085393,0.02407170891937748,1.7466503680947845,0.11876141629788696,1.440277734082845,0.12112119226112711,-0.5653643011729993,-0.05126813320942285,-0.3897953099020674,-0.03374643384544178,-0.49078101357693155,-0.05037430234676312,0.8753447553548721,0.09308543041746911,0.7107145594054617,0.07234609741251584,0.711821403312521,0.06657904819490312,-0.49175110706636477,-0.04229038335599702,0.46921393644570686,0.05252214175340682,0.19254654365494905,0.02785162457353539,frac_graphite,-1.7767899564403227,noise_sigma_c0,0.8753447553548721,material
778,0.0,0.0,,,,,,,,,,,,,,,,,,,,,,,,,,,,,,,,,,,,,rare
779,0.00728959575878065,42.07024002075195,0.49911571053921444,0.49701238397549213,0.5028085820236624,0.005975232049015733,-0.14701946843082697,-0.012794648652087463,0.2561968257871393,0.031129829116575063,-0.55793400577088,-0.04290777798860191,-0.14768984615432665,-0.012884019664756207,-0.3368329018423522,-0.029814417850313527,0.9264501278763264,0.04539844103593781,-0.19996463942251327,-0.006056524421533343,0.9991131192113741,0.05121454620383294,-0.4666351475977614,-0.033187817848136215,-0.910576221980182,-0.07761142069921179,-0.36924190091373316,-0.025228345184227303,0.04882814480522118,0.03803237722414152,-0.4543869456673054,-0.038039156014075794,-0.5487292233348751,-0.03558983225803639,frac_pore,-0.55793400577088,p1_c2,0.9991131192113741,imaging
780,0.004638833664678595,37.683624267578125,,,,,,,,,,,,,,,,,,,,,,,,,,,,,,,,,,,,,rare
781,0.0066269052352551355,42.13629913330078,0.4995452225630246,0.4992943397862308,0.5008352463358645,0.0016704926717290292,-0.6291513816049218,-0.06138734775382464,0.553519235622372,0.04210683096196575,0.3078292886620262,0.02855244278066557,-0.6296108057420158,-0.06140598610630908,-0.33683287612192214,-0.025399510963926338,-0.05982189046006853,0.009204604404030934,-0.08785227430705064,-0.0038208151227093565,-0.1001046216404367,0.029816037242751874,0.08299174585063575,-0.025745203507078734,0.20375716633545476,-0.001428963712959832,0.10099740493453593,-0.019550003895895562,0.8061269696244261,0.023752129370538926,-0.02635032935300487,-0.0049313686341301,0.15733452286060168,0.01347222376292607,K01_si_frac_adm,-0.6296108057420158,sharpness_c0,0.8061269696244261,imaging
782,0.0019880715705765406,24.06923484802246,,,,,,,,,,,,,,,,,,,,,,,,,,,,,,,,,,,,,rare
783,0.0,0.0,,,,,,,,,,,,,,,,,,,,,,,,,,,,,,,,,,,,,rare
784,0.005301524188204109,38.246177673339844,,,,,,,,,,,,,,,,,,,,,,,,,,,,,,,,,,,,,rare
785,0.004638833664678595,36.773460388183594,,,,,,,,,,,,,,,,,,,,,,,,,,,,,,,,,,,,,rare
786,0.0033134526176275677,28.101665496826172,,,,,,,,,,,,,,,,,,,,,,,,,,,,,,,,,,,,,rare
787,0.012591119946984758,68.30964660644531,0.4995098509845932,0.5026420111075253,0.4984054388133498,0.005284022215050532,-0.3896602614411915,-0.028263026265787423,0.519726825587061,0.05609061200098925,-0.3625510071012391,-0.03469075853219953,-0.3902244732874229,-0.028351872897056582,-0.3368328641983427,-0.03929228768412859,-0.12610674006663974,-0.0007572766291415331,0.47141877441210417,0.057654110761758644,-0.3138281341514886,0.00982419708337663,0.4193131920552186,0.023981822182087737,0.37689960246158916,0.0406280425979046,0.4100794324598479,0.029503016489851,0.07741576349631005,0.032665291336922773,0.5012426836325512,0.05943561210363855,0.5432314808059958,0.08517002631583177,frac_graphite,0.519726825587061,sharpness_c2,0.5432314808059958,imaging
788,0.010603048376408217,60.925628662109375,0.495058085184867,0.4984658513441262,0.5045788451350874,0.009883829630266017,-0.1074152216324114,0.022778991349936384,0.3370475542157453,0.03219457103666755,-0.683863807426978,-0.08303739973264362,-0.10810292788231185,0.02267499053063692,-0.3368328849025475,-0.036019696756253675,0.49835120077359163,0.06222725160345618,1.0026564109354115,0.08813709335561541,0.15776477757116844,0.0773518634272824,-0.5067270697327594,-0.03312987120340879,-0.3533396758243048,-0.028526362672155615,-0.5609541301529846,-0.03757178226434258,-0.6441658584713169,-0.061759424690367555,-0.2835016950405887,-0.023474873622188825,-0.8194592851370626,-0.07233934055486538,frac_pore,-0.683863807426978,p1_c1,1.0026564109354115,imaging
789,0.013916500994035786,86.03213500976562,0.5043696532069389,0.5035319136637975,0.4943563482253222,0.011287303549355587,-0.22441945609294064,-0.021960631275673468,-0.14095525722868552,-0.019551397652396264,0.782503341585296,0.10250432854481482,-0.21205439256086592,-0.021723984871580858,-0.10177360230154067,-0.022469786892091916,-0.3076227917486478,-0.052705483652766165,-0.7827942553009396,-0.09933922666609288,-0.22505742070766566,-0.060417320449810887,0.1626815095801148,-0.0045398415087391335,0.3043114433890365,0.03342321885799173,0.16236810579107164,-0.0002946424588190865,-0.09369661600584865,0.014256820714100041,-0.05470575004895212,-0.003425625203789966,0.02673093907433091,0.006764530620865758,frac_pore,0.782503341585296,p1_c1,-0.7827942553009396,imaging
790,0.01126573889993373,51.44280242919922,0.49843733419572606,0.4980359525449527,0.5025322267349461,0.0050644534698922605,-0.27604478462480786,-0.012441849063997357,0.1512058525052506,-0.0024315656858767552,0.3861014787860472,0.033253226989067124,-0.27632708280853985,-0.012499468227477039,0.011023900500120414,0.011876606611909193,0.3146524528872516,-0.009990313115614982,-0.26530220472944077,-0.036316055792101995,0.4457435655954026,0.010719535865623098,-0.481089002688625,-0.03946039178954763,-0.5223694422730834,-0.042436965478639795,-0.40745576639984127,-0.031493979775349554,0.046417838700111985,0.006425197511089334,-0.6415454169785957,-0.06104897133479563,-0.061052580012831065,-0.01426370827152756,frac_pore,0.3861014787860472,sharpness_c1,-0.6415454169785957,imaging
791,0.0019880715705765406,26.30253028869629,,,,,,,,,,,,,,,,,,,,,,,,,,,,,,,,,,,,,rare
792,0.0026507620941020544,23.205787658691406,,,,,,,,,,,,,,,,,,,,,,,,,,,,,,,,,,,,,rare
793,0.0066269052352551355,48.07182693481445,0.499537642939075,0.5011006372617495,0.49951615751368533,0.0022012745234989417,0.3449045136983531,0.04011692723347623,-0.45752539169092393,-0.046318362708890344,0.3172580896041004,0.047091550637537984,0.3440188980529515,0.04004190089960009,-0.3368329005875511,-0.028417121248368652,-0.0720286290350001,-0.011776222953208322,-0.4165875237562836,-0.030076426022337347,-0.04540895298379001,-0.020497533921564035,0.03045817178265494,-0.006797455787182827,0.1697389383422414,0.01217916841047852,-0.007825415523258022,-0.0164971477481148,-0.5117335008535326,-0.036891155236637656,0.16136543359585212,0.015358589063669605,-0.5072399251090114,-0.05911474422561688,frac_graphite,-0.45752539169092393,sharpness_c0,-0.5117335008535326,imaging
794,0.01126573889993373,48.40610122680664,0.5079838705602352,0.49805040292475683,0.495849373123786,0.01596774112047039,-0.7142624839156171,-0.10639157716088973,0.9059100698612245,0.1327814480223865,-0.6113700044359481,-0.08237995452669741,-0.7146846683585341,-0.10640604854700511,-0.33683288803954814,-0.03243408064992298,-0.26306566874679804,-0.006636363047369861,0.5092344036368097,0.06340123384235236,-0.30455383990066254,-0.008533528754612994,0.6134996685007961,0.075249865749829,0.7364440828034339,0.07647344764751085,0.6265290726998133,0.07485788044613632,1.2573399337713407,0.11913083497355519,1.0110095332670694,0.09902545104204315,1.2019905915930482,0.12139346389988338,frac_graphite,0.9059100698612245,sharpness_c0,1.2573399337713407,imaging
795,0.004638833664678595,44.62036895751953,,,,,,,,,,,,,,,,,,,,,,,,,,,,,,,,,,,,,rare
796,0.005964214711729622,39.17561340332031,,,,,,,,,,,,,,,,,,,,,,,,,,,,,,,,,,,,,rare
797,0.005964214711729622,31.04034423828125,,,,,,,,,,,,,,,,,,,,,,,,,,,,,,,,,,,,,rare
798,0.010603048376408217,61.51276779174805,0.49885295024229526,0.5075816326039102,0.49524280416740246,0.015163265207820409,-0.29641474469704804,-0.02472815418175144,-0.00935237210620334,-0.028455457839875305,0.6178084350338799,0.07115609903187817,-0.29595822352943185,-0.024519266730936632,-0.3368328749817173,-0.034863871151342034,-0.08172949333874459,-0.06836484119523108,-0.7405942338925742,-0.10460563687571833,-0.019287763506445087,-0.06027456086600387,-0.01428091741918135,0.016891408045295347,0.07997971152875723,0.03516427806802251,-0.030171670903726976,0.01412133821809169,0.08933537075385783,0.03633754733109803,-0.24551451549007103,-0.0031785024003370375,0.10999860040002882,0.019270742425766194,frac_pore,0.6178084350338799,p1_c1,-0.7405942338925742,imaging
799,0.00728959575878065,53.371986389160156,0.5009967205493712,0.5006659216693079,0.4988151156630761,0.0023697686738477497,1.1472143808831934,0.07049180099310105,-1.040951654791031,-0.07428081197098295,-0.0036566058861837903,-0.009913532458366662,1.1459777202216235,0.07043822084561414,1.3421516517795524,0.11910318008068778,-0.27276683603470153,-0.022241662870173044,-0.07610631169035059,-0.007639123567056039,-0.20759313219317477,-0.0409045702288443,0.574680593681598,0.051225857901122426,0.45399759774594317,0.039395518403528194,0.49797758724511304,0.04460779160934902,-0.13710904303395022,-0.008146517462787384,0.46655358363253907,0.04810691527578557,0.3486508877053737,0.04421138646160201,K04_agglom_frac,1.3421516517795524,noise_sigma_c0,0.574680593681598,material
800,0.0019880715705765406,19.337247848510742,,,,,,,,,,,,,,,,,,,,,,,,,,,,,,,,,,,,,rare
801,0.004638833664678595,36.912017822265625,,,,,,,,,,,,,,,,,,,,,,,,,,,,,,,,,,,,,rare
802,0.011928429423459244,65.39433288574219,0.49800655890125767,0.5049059039435086,0.49779622108423094,0.009811807887017299,-0.5629099476436158,-0.0764918631945525,0.5554419442539262,0.06995659600482988,0.028965999875950287,0.011485666625942598,-0.563398355319982,-0.076547821699107,-0.33683289494830404,-0.03714108944052332,0.09203221790475247,-0.005501219428149122,0.12946545527934228,0.018575700197123953,0.09840342293710264,-0.010349444571022643,-0.17546951082508355,-0.023483670951849684,-0.2081767203945306,-0.023606152733863534,-0.19642972315042387,-0.027476521977644098,0.6525263353725772,0.07209288182107759,-0.43516985146333587,-0.04330657529111978,-0.34698883946220077,-0.03146736725674347,K01_si_frac_adm,-0.563398355319982,sharpness_c0,0.6525263353725772,imaging
803,0.004638833664678595,38.796504974365234,,,,,,,,,,,,,,,,,,,,,,,,,,,,,,,,,,,,,rare
804,0.012591119946984758,72.22801208496094,0.4956922470553161,0.5026323775209892,0.5010806992760021,0.00861550588936777,-0.718067921443805,-0.10604751904433289,0.7406173067383136,0.09879283495230406,-0.13520384350360537,-0.01984317369765144,-0.7184884408945738,-0.10607469763961518,-0.33683287619591334,-0.034863871151342034,0.07048484763044988,0.023238089868041024,0.15689500020678443,0.025672510643011247,0.04747458102611565,0.025260587506351764,-0.060598616283056246,-0.028666208352127152,-0.16369990300219184,-0.035303740584610985,0.014314689488604145,-0.020102500165694127,0.9399332212359931,0.09631424709650374,-0.1393698913413303,-0.018541990460282987,0.3092904867308132,0.031766396590623976,frac_graphite,0.7406173067383136,sharpness_c0,0.9399332212359931,imaging
805,0.02253147779986746,110.03180694580078,0.48926977902869645,0.5015365570525079,0.5063729472011301,0.0214604419426071,-0.4230019488990491,-0.053710757635669626,0.482330788402111,0.08244425519720193,-0.21576352823099645,-0.04010504975298716,-0.4235372131834478,-0.05378287021491213,-0.33683290172643143,-0.05122253167507665,-0.03851275076801636,0.036072368487138524,0.21841522242734196,0.04083765776014121,-0.1100573577802556,0.018954967732126845,-0.41795933986394895,-0.05020228608315247,-0.2495821774101512,-0.03547876969331022,-0.454728007763292,-0.05563970695557241,-0.27773249621336676,-0.034638627618863535,-0.26145602581461275,-0.035359843983926526,-0.35553675104778126,-0.023716576871568286,frac_graphite,0.482330788402111,noise_sigma_c2,-0.454728007763292,mixed
806,0.004638833664678595,33.20346450805664,,,,,,,,,,,,,,,,,,,,,,,,,,,,,,,,,,,,,rare
807,0.003976143141153081,29.929534912109375,,,,,,,,,,,,,,,,,,,,,,,,,,,,,,,,,,,,,rare
808,0.012591119946984758,62.8228759765625,0.5090134361467213,0.49898847341370955,0.494441991877097,0.018026872293442686,0.07924372004038717,0.05429955490464446,0.15525317564666077,-0.01515687130141797,-0.6934540929366524,-0.09027384760325179,0.07847434242209902,0.054176761590410086,-0.3368329049793531,-0.03929228768412859,-0.1719833287073607,-0.003255681706607759,0.6438936811227295,0.048891399524033596,-0.22304001585468602,-0.02175911012703647,0.7059528685554546,0.10291684387392305,0.8619766044057795,0.11006043549320346,0.7666546659993284,0.10664970581638453,-0.12951035648496792,0.005185346326307289,1.299939936283018,0.11576004172712313,0.3888881023078696,0.05784324086911428,frac_pore,-0.6934540929366524,sharpness_c1,1.299939936283018,imaging
809,0.0,0.0,,,,,,,,,,,,,,,,,,,,,,,,,,,,,,,,,,,,,rare
810,0.0033134526176275677,26.504440307617188,,,,,,,,,,,,,,,,,,,,,,,,,,,,,,,,,,,,,rare
811,0.019218025182239893,92.92460632324219,0.49903486121708546,0.49101186376181927,0.5072647006886809,0.017976272476361466,-0.7306152850414168,-0.13830365123498878,0.7975664331440279,0.14801443931532657,-0.25849165395776014,-0.039718842038169735,-0.7310303144125766,-0.13836982498077885,-0.33683288534596734,-0.04607543549339335,0.3944486685571724,0.06665420591704986,0.2659869711422084,0.059126463051987134,0.32743752513231617,0.06747771645042426,-0.428741814091177,-0.0683805869673005,-0.376831847740348,-0.049061537805795946,-0.4137943138364703,-0.06946919935670584,0.6090086615298428,0.09985078840575838,-0.2973663580657824,-0.0459933509724779,-0.2122075388495898,-0.03432487760831169,frac_graphite,0.7975664331440279,sharpness_c0,0.6090086615298428,material
812,0.005301524188204109,33.46702575683594,,,,,,,,,,,,,,,,,,,,,,,,,,,,,,,,,,,,,rare
813,0.005964214711729622,43.345191955566406,,,,,,,,,,,,,,,,,,,,,,,,,,,,,,,,,,,,,rare
814,0.0066269052352551355,43.750457763671875,0.499537642939075,0.4974615499477377,0.5021843545823768,0.005076900104524551,0.19503316664313822,0.028553854502705957,-0.009967592353618104,-0.01871300948529224,-0.36291537269513974,-0.020833608858302426,0.1942131261888621,0.028497715225909537,0.6527181501696805,0.023885554539509343,0.2514295728733383,0.02855326571993191,0.5099472768764222,0.01863452079360642,0.12600228427247162,0.03362016152472495,-0.011272291601184578,0.003779987002898401,0.026556076839737264,0.003657746512240351,0.008171713561932359,0.001330281668784612,-0.3589352284146323,-0.019400551915621133,0.5611362180757393,0.017290381404642886,0.063590189363569,0.014323185545522909,K04_agglom_frac,0.6527181501696805,sharpness_c1,0.5611362180757393,material
815,0.004638833664678595,32.83927917480469,,,,,,,,,,,,,,,,,,,,,,,,,,,,,,,,,,,,,rare
816,0.023194168323392977,109.13739013671875,0.48692135887498167,0.5011355590129428,0.5083083171463889,0.026157282250036662,-0.6691438167635025,-0.13564010808751117,0.7668260390067708,0.1486314448811182,-0.32966742932113013,-0.04741450009225212,-0.6695857425982875,-0.13566068191587385,-0.3368328710949708,-0.05283562820801307,0.3480123465396001,0.046498438496158825,0.3206048823898707,0.06519729869611358,0.3559300425723499,0.05753985321544819,-0.42825154944403854,-0.05652920082860852,-0.4268979390530447,-0.04371119503279636,-0.34857589079521323,-0.04662297936711048,0.5565696360862833,0.10664887295946333,-0.2678050244859378,-0.014263899077396131,-0.011747762522971298,0.0036376208174848552,frac_graphite,0.7668260390067708,sharpness_c0,0.5565696360862833,material
817,0.01656726308813784,74.38824462890625,0.5026288662398496,0.49816118916992197,0.4995108599682147,0.005257732479699184,-0.6539592912868852,-0.10542108666425781,0.7854932621478,0.12983224354734815,-0.4730137260051611,-0.06380217314162961,-0.6544078609893382,-0.10546850595173468,-0.33683291009941563,-0.04032698302125703,0.3776193289276692,0.011460613714881992,0.3087123816867602,0.05348467525128046,0.38572374247140234,0.019571150312143713,-0.3093042267749604,-0.019248883822704514,-0.35243186498290996,-0.011736695672770369,-0.22445224703008212,-0.013855623067976034,0.42070994608769663,0.08886056194828847,-0.17506784342000065,0.004273718616294976,0.13384313839924353,0.03278300398374663,frac_graphite,0.7854932621478,sharpness_c0,0.42070994608769663,material
818,0.00728959575878065,52.1729850769043,0.4991106574565814,0.5006514712895037,0.5001439166519512,0.0017786850868372062,1.2005394516712138,0.09434888096716262,-1.1375581191417359,-0.09307847478694509,0.17191822180896915,0.03683407547262754,1.1992794589183378,0.09425941486302748,1.7396507228674107,0.13114461185146675,-0.2291919900866637,-0.041317554311175085,-0.4381572646403012,-0.043216758113152544,-0.12211032843968506,-0.041731081324703344,0.2744638304695174,0.028401115174044467,0.3189783968913938,0.030300574752542483,0.2526553215313238,0.024801553992089626,-0.7537852376272822,-0.07401838946032921,0.06509086030179967,0.004161205235068857,0.12468254917509984,0.012985352819624502,K04_agglom_frac,1.7396507228674107,sharpness_c0,-0.7537852376272822,material
819,0.0066269052352551355,46.1439208984375,0.49762757770377813,0.49925821383672037,0.5022020130672787,0.004744844592443731,-0.21078761490639536,-0.019738434130023543,0.20496087270653096,0.029672407950015172,-0.02966144606779374,0.005450040954334299,-0.21143009125424045,-0.019794622983026203,-0.3368328717271463,-0.028417121248368652,0.6474636148483885,0.018672029935502113,-0.09014116732965147,0.002991240421702392,0.8079903942810203,0.01607435344392997,-0.568346887082822,-0.030006175392041843,-0.6560147580592927,-0.02966331055509476,-0.4702817653496802,-0.01889973619256316,-0.408330022915782,-0.011253455787066002,-0.5540138988217072,-0.0322214393960409,-0.13128663272326996,0.000520124700223458,K04_agglom_frac,-0.3368328717271463,p1_c2,0.8079903942810203,imaging
820,0.0006626905235255136,9.584038734436035,,,,,,,,,,,,,,,,,,,,,,,,,,,,,,,,,,,,,rare
821,0.012591119946984758,62.01801681518555,0.4975656774415232,0.502615518744551,0.49978368355995056,0.005231037489102031,-0.6134786207594768,-0.09666862428149811,0.7272638612523599,0.10623311280091986,-0.4463588915228437,-0.04951179359262404,-0.6139449025377449,-0.09669592948292507,-0.33683291692562634,-0.03714108944052332,-0.02599432004651832,0.021924250182322476,0.8245919168360799,0.07961646231521649,-0.21282557035706554,0.002286791112158172,0.0870996040922532,0.0075309208607744,0.20504985009302001,0.022103131146842578,0.16284372722828194,0.01360556911114449,0.6472380556104905,0.08859693991351124,0.4782902338839493,0.03609255754516847,-0.01171806756983144,0.010818842599706165,frac_graphite,0.7272638612523599,p1_c1,0.8245919168360799,imaging
822,0.00728959575878065,55.51987838745117,0.49911823708053094,0.5024686065498755,0.49880628642062513,0.004937213099750926,0.16398671137563925,0.04012933606426892,-0.16941692644505318,-0.03131368010416015,-0.001350012598009577,0.004575554006778536,0.1631802550974698,0.04003994121026796,-0.3368328830203471,-0.029814417850313527,-0.0719956639259999,-0.021991242635152387,-0.4327115794629029,-0.02851245957689135,0.06611715329111686,-0.012350967853310755,0.20910434539550576,0.01886628493295067,0.2223429022817648,0.01650281003156508,0.28045995924861866,0.026231060947056538,-0.48635921183762776,-0.04888826562396065,-0.09392188861659231,-0.009617917813589316,0.4384298404190711,0.04807148069203827,K04_agglom_frac,-0.3368328830203471,sharpness_c0,-0.48635921183762776,mixed
823,0.0026507620941020544,25.25196075439453,,,,,,,,,,,,,,,,,,,,,,,,,,,,,,,,,,,,,rare
824,0.02186878727634195,102.69770812988281,0.5030659578876093,0.501927921505537,0.49644358114073817,0.007112837718523668,0.03509253520045187,-0.004774525636136118,-0.45155764725198827,-0.06668488776554828,0.9189201859982773,0.1275895385546496,0.04350264088254806,-0.004200275281983582,0.06634633986137689,0.013842051131247899,-0.3487223947401194,-0.06418738700600783,-0.5554657705278699,-0.07690048383122211,-0.30463257989806364,-0.07945121235905339,-0.039824828432549454,-0.00106469816375301,0.023860293085227607,0.001049507094209955,-0.07712698091343398,-0.000462624557775581,0.04315040057038188,0.004089540436741672,-0.1549681958060499,-0.013144251322804988,-0.21724355370862344,-0.01999596088243945,frac_pore,0.9189201859982773,p1_c1,-0.5554657705278699,material
825,0.009940357852882704,56.63923645019531,0.4993393094457273,0.5007369693700117,0.49992141974218607,0.0014739387400233284,-0.6248225055439415,-0.07204837528469904,0.6307893077515228,0.0732524548279638,-0.02046455220674409,0.0024745112755817475,-0.6252838238971444,-0.07207880129269065,-0.33683291187463327,-0.03367006446576788,-0.173254366569758,-0.002034715310470083,-0.1028382685693184,-0.0005244766646531906,-0.20366293036157268,-0.01777203609914892,-0.04593169492717953,-0.02105002925084044,0.018586792744915467,-0.006419459055804402,-0.022171089861328652,-0.020754525081183032,0.48083800852229236,0.04885738753076077,-0.19436950430354716,-0.01677209370992717,0.42403835893679936,0.05083109389169894,frac_graphite,0.6307893077515228,sharpness_c0,0.48083800852229236,material
826,0.0026507620941020544,25.246150970458984,,,,,,,,,,,,,,,,,,,,,,,,,,,,,,,,,,,,,rare
827,0.0033134526176275677,30.001422882080078,,,,,,,,,,,,,,,,,,,,,,,,,,,,,,,,,,,,,rare
828,0.0019880715705765406,18.173316955566406,,,,,,,,,,,,,,,,,,,,,,,,,,,,,,,,,,,,,rare
829,0.021206096752816435,129.55043029785156,0.5150607127878362,0.4969509698613246,0.4917093413385132,0.030121425575672323,2.010765320689357,0.20655036712909258,-2.0395501487266348,-0.20709933345044776,0.17728804781775734,0.027412631121356862,2.0132470678140937,0.2067599473247255,1.8243522774354834,0.27387757006145036,-0.4563102482474657,-0.06793571761382533,-0.6388860962971736,-0.08815362622217833,-0.41093324042485885,-0.05741751449050571,0.8436478474866314,0.12030859785160737,0.42790559897057145,0.05056720526005099,0.7812264562163005,0.10877516808206943,-0.2345030785128971,-0.043697450514707366,0.19435059807808658,0.037714863290240076,0.11269944491935403,0.014759424678656702,frac_graphite,-2.0395501487266348,noise_sigma_c0,0.8436478474866314,material
830,0.00728959575878065,51.398231506347656,0.4991207636218475,0.5024613813599734,0.49880981811760555,0.004922762719946849,0.4266748027902742,0.02474755501909877,-0.6476059172114255,-0.04544247473293157,0.9195369669634281,0.07962554740997566,0.42575340912780507,0.02469380907250401,0.13524475152415924,0.018104221365569103,-0.2576642784903876,-0.033590406207132995,-0.6383177281750742,-0.04773425409532931,-0.160121504672867,-0.04439390862793401,0.14540333200889116,0.00789475415960397,0.16037311550684935,0.013047997371359702,0.17910289385023226,0.012096383255727252,-0.4490869567045538,-0.02970142216039785,-0.03603968651317736,0.01335996392071222,0.16492282940914846,0.011474239662756612,frac_pore,0.9195369669634281,p1_c1,-0.6383177281750742,material
831,0.008614976805831677,50.44136047363281,0.49824658032632807,0.49798176362068725,0.5027052798869857,0.005410559773971313,-0.5313672828520605,-0.05857000025229913,0.5401430051889631,0.060039701385628565,0.054098595696061944,-0.007800917429417579,-0.5318694917908814,-0.058586527088949174,-0.33683287528080313,-0.03115089719541056,0.0615102238009274,0.0010262518596685511,0.01961443711945353,0.008019025967057728,0.03876574050362543,0.013705892391081944,-0.3158982192536696,-0.0177281042694382,-0.17977210539550964,-0.005444006820649159,-0.2576059876338573,-0.008956109879135062,0.31327187285806063,0.034956539668311463,-0.25287756508763787,-0.009969039685285471,-0.05959659839050262,0.012007356929173086,frac_graphite,0.5401430051889631,noise_sigma_c0,-0.3158982192536696,material
832,0.017229953611663355,96.91743469238281,0.4907806507359814,0.49595148525820415,0.5094119724527635,0.018823944905526968,-0.4397519967686817,-0.06892366958118105,0.47304478989750953,0.0768220067722582,-0.07406428305092659,-0.004682136503747089,-0.44029315892688636,-0.0689708033810679,-0.12409218771693314,-0.026115173824450555,0.27898300365526435,0.04847601219482896,0.42341999430081023,0.04646445641421365,0.22175155714911843,0.03044231155785352,-0.6602466959754185,-0.09179898403006422,-0.5580613790900633,-0.0784579184696992,-0.6936340553910106,-0.0936948435456937,-0.028010201063117968,0.0021538809412099146,-0.4363659576519224,-0.0706495848827856,-0.5033974547154713,-0.06765422557308681,frac_graphite,0.47304478989750953,noise_sigma_c2,-0.6936340553910106,imaging
833,0.023194168323392977,107.31776428222656,0.49273366717365935,0.5009934636115353,0.5043501677556065,0.014532665652681298,-0.48837952090952697,-0.07883730840847829,0.29748785093317126,0.03592582101141814,0.4487594084510014,0.041482516546978626,-0.48847287504274867,-0.0787265813209907,-0.3368328765879641,-0.050398343901328996,-0.07337120769620054,0.010967881408735808,-0.15102232148533867,0.015086504762089612,-0.06265934575070634,0.006152963138672377,-0.37392851175168396,-0.06152577935315988,-0.18999993480506053,-0.025319095934508637,-0.39476510468484743,-0.05704334053578676,0.03482155793289341,0.023186115796461706,-0.16180982802406907,-0.011763573885479514,-0.5094996063868201,-0.06398519163773635,K01_si_frac_adm,-0.48847287504274867,sharpness_c2,-0.5094996063868201,imaging
834,0.008614976805831677,55.39512634277344,0.5020742904208713,0.5015750913986523,0.49739537347695567,0.005209253046088658,0.8116005588863102,0.06987473966488415,-0.557436616578938,-0.044084861345606165,-0.7440214656066486,-0.08047564416309012,0.8105107436359551,0.06984166368391274,0.38985705297352996,0.016914952206648112,0.23530493305050543,-0.0006290838276847866,0.3294608364817898,0.027714282311762792,0.21279157566012433,0.021221594995319143,0.3812306535782704,0.05474524750233782,0.21472095927491527,0.03596693867715176,0.4772279787666908,0.05925595731543509,-0.29219037937124903,-0.004155940075897846,0.4169444881187556,0.05450500715643573,0.5933240494020768,0.0703455511442049,frac_si,0.8116005588863102,sharpness_c2,0.5933240494020768,material
835,0.00728959575878065,54.63301086425781,0.5010169328799033,0.5006635132726739,0.49880275472364477,0.00239449055271046,-0.5299275078007227,-0.05028669147538091,0.18258996435960198,-0.0009027405245951149,1.0692383551511206,0.09597569068414542,-0.5304303466935466,-0.050358297213046514,-0.33683288038227926,-0.028417121248368652,-0.533366994808533,-0.06633259565621501,-1.0107560821010695,-0.09453375417917491,-0.4999317324504183,-0.06222743115172892,-0.03079889391119955,-0.001957363744197137,0.020722867324954694,0.0030069977384463878,-0.05534676441902814,-0.005013661771365622,0.2804941172472894,0.033269281808685346,-0.3404410783545884,-0.020277825707913737,-0.3956637665764387,-0.034739141525411306,frac_pore,1.0692383551511206,p1_c1,-1.0107560821010695,material
836,0.008614976805831677,59.26602554321289,0.5021046089166696,0.4997699981214507,0.49869768673847786,0.004209217833339274,0.4218304836856812,0.06398344040800032,-0.6490077979738222,-0.08119014321264482,0.9186142368314573,0.07983714129330383,0.4209112096487888,0.06390135073528451,-0.11811176061789547,-0.009305815815675814,-0.5596012042119641,-0.04757611940827052,-0.7753014583460857,-0.06374315643399858,-0.49029654332324446,-0.057344820402781466,0.21430506184511955,0.006087898386421795,0.3540337717463091,0.022061178324347,0.11899656304543318,-0.003339801577826111,-0.6802399167687446,-0.07945614874534719,0.011310687183819449,0.004967464232322281,0.10269312848357409,0.010289065550313413,frac_pore,0.9186142368314573,p1_c1,-0.7753014583460857,material
837,0.003976143141153081,35.8591423034668,,,,,,,,,,,,,,,,,,,,,,,,,,,,,,,,,,,,,rare
838,0.008614976805831677,56.22875213623047,0.5020768169621878,0.49613572760070707,0.5013817764435812,0.007728544798585868,-0.5083251755368898,-0.03098137020858347,0.620389613354168,0.05074166051308595,-0.31275162032956016,-0.035496743009229316,-0.5088374664363932,-0.031079986622617503,-0.336832882623536,-0.03115089719541056,-0.18010316564386183,0.011819422873762793,0.3247570141304218,0.03443588973723497,-0.33772868132548733,0.005669400180099519,-0.3141878858988248,-0.009860117232077864,-0.10016754214932076,-0.005645674276993419,-0.4164543241453276,-0.02321338925142582,-0.2078177778395658,-0.02009010174692263,-0.038401642038403155,0.012457489774880317,-0.4372777487728735,-0.012490935570366415,frac_graphite,0.620389613354168,sharpness_c2,-0.4372777487728735,material
839,0.019218025182239893,96.58935546875,0.4952450492422903,0.49644159397322823,0.5059323680028254,0.011864736005650744,1.589552843613875,0.16092409747527028,-1.3068989520921732,-0.1463206716575576,-0.48878386442084,-0.06095690107496958,1.588122640737256,0.16083549776526135,2.432967058495156,0.30225561798265815,0.7066852386364244,0.09533478341563083,0.4762552382651908,0.0501408102327088,0.6415472214120027,0.09614907878352721,-0.09493744107180743,-0.010520840386628375,-0.34152157019269974,-0.04115946761258613,-0.050601161920213036,-0.006043797038337166,-0.5736702582609233,-0.08828290988674567,0.044091843900599774,-0.012480273764554883,0.20056905238659095,0.01880821085565881,K04_agglom_frac,2.432967058495156,p1_c0,0.7066852386364244,material
840,0.02054340622929092,109.02491760253906,0.4944365560210006,0.4991462233932382,0.5045143916651952,0.011126887957998766,1.5115731384336994,0.15255154299908344,-1.2588580313718742,-0.13427755343914727,-0.3421445765776599,-0.05887775841560491,1.5101770550304618,0.15243373299103374,0.7156086576624187,0.1034279733231557,0.4197326019230292,0.04939628982826298,0.12262757333183777,0.02497016980602097,0.3881090489004483,0.04408546104439865,0.12247187012622811,0.03532494833366369,-0.05994188821229723,0.00460406563722437,0.1596445196618638,0.037714264613686356,-0.5495413523442173,-0.09312904866259517,0.014500384368263555,0.009220866335360279,0.05823883931468849,0.017370601763482887,frac_si,1.5115731384336994,sharpness_c0,-0.5495413523442173,material
841,0.0,0.0,,,,,,,,,,,,,,,,,,,,,,,,,,,,,,,,,,,,,rare
842,0.00728959575878065,46.653953552246094,0.5029181552205924,0.49885119480557016,0.49880275472364477,0.005836310441184711,-0.49819768916746854,-0.09073099499954884,0.37936530832464943,0.06249695737582651,0.4236864782505556,0.006595153953532179,-0.49871441125235094,-0.09076676214252637,0.353926708168618,0.011924508442878966,-0.46984301812863427,-0.030952014452169583,-0.14514569364669083,-0.0003349817709665213,-0.4165887300701807,-0.04538773790788147,0.23379491053401932,0.017743944858658177,0.4252341573667618,0.02215998280543191,0.14198865489278212,0.010473905957229458,0.7702492314144135,0.06562528758816719,0.3954547687056338,0.017895780256868797,0.18523753987773053,0.0031253658396062783,K01_si_frac_adm,-0.49871441125235094,sharpness_c0,0.7702492314144135,imaging
843,0.00728959575878065,48.97455978393555,0.4972069085745759,0.5006538796861377,0.5014727176408265,0.00558618285084822,-0.22638073819879886,0.002971193235903115,0.3084681330046425,0.01218452021631031,-0.1645384444557482,-0.014153666639525064,-0.22701639191386389,0.0029178028869119095,-0.3368328880395482,-0.028417121248368652,0.021498802179547305,0.007733286165091521,-0.021573118210692507,0.01313704964908067,-0.026582450831225707,0.011588042500197912,-0.12049695089323702,-0.010565336673346961,0.011087401082838177,0.00499919166208286,-0.023905300416264028,0.0019429054842367945,-0.28331852900473725,-0.030269122115329995,0.09710065613092185,0.019426435764438796,0.14685433385649968,0.02167379424414992,K04_agglom_frac,-0.3368328880395482,sharpness_c0,-0.28331852900473725,mixed
844,0.0,0.0,,,,,,,,,,,,,,,,,,,,,,,,,,,,,,,,,,,,,rare
845,0.00927766732935719,54.48076629638672,0.4997246069964981,0.4993641832886174,0.5006586614868445,0.001317322973688917,1.1828962014659425,0.10687931892504728,-0.8270005122197681,-0.08077626575898145,-0.7680366082352754,-0.08136262409816196,1.1816439284707088,0.10681559424637549,1.072358514117342,0.10654224665715521,0.596568221556698,0.07188165209470423,0.6782068776601673,0.06533448248563278,0.3580927552011031,0.05010573346107786,0.22589109551224895,0.013772762212799394,-0.18511592650870728,-0.022033807522520103,0.2511478319989292,0.011767853393083559,-0.5429248357979507,-0.06161799616666618,0.12787012578233006,0.002878729635311838,0.26825443306246977,0.015002525688021887,frac_si,1.1828962014659425,p1_c1,0.6782068776601673,material
846,0.008614976805831677,54.10337448120117,0.49444918872758326,0.49977722331135277,0.5040429101183118,0.01110162254483349,-0.313308203512988,-0.03456852341256201,-0.0013875501959067973,-0.0037655212160984464,0.6315525127238,0.0390729677805748,-0.31162503685370524,-0.03419531334136611,-0.3368328867847479,-0.03243408064992298,0.628531210002484,0.02099061036662244,-0.3833334480255645,-0.028477706056825716,0.8201918199650055,0.030250123091247954,-1.056957339397848,-0.07412682419683521,-0.9988559146554273,-0.0716098698469558,-1.0492540533058494,-0.07588626278448364,-0.22677885451783447,-0.01245427173519721,-0.8484213432895109,-0.07498265905868602,-0.5252223399786621,-0.040137518106455466,frac_pore,0.6315525127238,noise_sigma_c0,-1.056957339397848,imaging
847,0.005301524188204109,41.4332389831543,,,,,,,,,,,,,,,,,,,,,,,,,,,,,,,,,,,,,rare
848,0.005964214711729622,40.170955657958984,,,,,,,,,,,,,,,,,,,,,,,,,,,,,,,,,,,,,rare
849,0.01656726308813784,89.77149200439453,0.49695046463094816,0.5036631712803519,0.49944552357407734,0.007326342560703747,-0.36341333229494555,-0.05052956919244345,0.31293886857598374,0.04701685900052691,0.1964712605421487,0.02747037867665739,-0.36398902834872704,-0.0506428460572799,-0.33683289814315837,-0.0442371946856946,-0.23349807496060165,-0.025208431409160532,-0.1907922407714863,-0.006903026359860854,-0.24039731648519927,-0.01780373037599931,0.008024643080471619,-0.013856736667268424,0.05504299430386108,0.007214978818956653,-0.009612520937289593,-0.01589890551178032,-0.10376969530390673,0.014192392369782873,-0.003428989391919216,0.012648399775910027,0.06338904862753818,0.012814039947735143,K01_si_frac_adm,-0.36398902834872704,p1_c2,-0.24039731648519927,mixed
850,0.005964214711729622,40.643707275390625,,,,,,,,,,,,,,,,,,,,,,,,,,,,,,,,,,,,,rare
851,0.0,0.0,,,,,,,,,,,,,,,,,,,,,,,,,,,,,,,,,,,,,rare
852,0.004638833664678595,42.93263244628906,,,,,,,,,,,,,,,,,,,,,,,,,,,,,,,,,,,,,rare
853,0.0,0.0,,,,,,,,,,,,,,,,,,,,,,,,,,,,,,,,,,,,,rare
854,0.007952286282306162,51.84941864013672,0.4967736067387909,0.4965728515897826,0.5047677909235387,0.009535581847077479,0.08819602889985345,-0.013839859083114825,-0.6151332908584056,-0.04126860283826453,1.336940725533971,0.08474979744793708,0.09476434948217283,-0.012631817280290576,0.9272215681466612,0.050963469109040774,-0.5268826090809375,-0.055618100231805155,-0.5919647742725451,-0.05229847666822122,-0.4737845498520133,-0.051363515108082944,-0.6611978125954809,-0.054379976151774166,-0.4610890590229701,-0.0357934574928472,-0.8505650344710611,-0.0596868395231179,-0.6192335490906653,-0.03967779176577152,-0.7889744082861201,-0.07326963768573333,-0.8129536984410731,-0.07264471460494804,frac_pore,1.336940725533971,noise_sigma_c2,-0.8505650344710611,material
855,0.0026507620941020544,24.509737014770508,,,,,,,,,,,,,,,,,,,,,,,,,,,,,,,,,,,,,rare
856,0.0019880715705765406,19.696369171142578,,,,,,,,,,,,,,,,,,,,,,,,,,,,,,,,,,,,,rare
857,0.0019880715705765406,24.12795639038086,,,,,,,,,,,,,,,,,,,,,,,,,,,,,,,,,,,,,rare
858,0.003976143141153081,36.544029235839844,,,,,,,,,,,,,,,,,,,,,,,,,,,,,,,,,,,,,rare
859,0.010603048376408217,65.18785858154297,0.4988908483620432,0.509383113286161,0.49389546176938015,0.018766226572322076,0.40933662786992997,0.0546069740502486,-0.4755086592583484,-0.0467071181224692,0.295989054368745,0.029973473245950545,0.4084228204356847,0.05453273827129043,-0.09661947272546934,0.0067307426295442835,-0.08570635472185283,-0.026228547381672223,-0.37056717699931924,-0.028659660919390685,0.0028130449281516543,-0.011014703900368551,0.30358049975685336,0.03262066907501378,0.3246140819493048,0.05461063390792432,0.2879433788314062,0.03133725999508334,-0.3162018858561718,-0.02690082144520097,0.062359119766817746,0.032019201469412,0.25659723825265274,0.04626441988200603,frac_graphite,-0.4755086592583484,p1_c1,-0.37056717699931924,mixed
860,0.010603048376408217,58.93091583251953,0.495058085184867,0.5039256865134606,0.5005756666078051,0.009883829630266017,-0.7469300400746499,-0.1025333215849268,0.6653267267106806,0.07681093267649054,0.24571977088596586,0.041754152021548856,-0.7473379310769641,-0.10254806607670987,-0.33683289926257654,-0.029814417850313527,0.07293320316076456,-0.00027246829577882596,-0.2361955710423166,-0.011263720511467535,0.03865120935422045,-0.021085934498149085,-0.3353783787606167,-0.03975302255835924,-0.3168965391352158,-0.0222284927998599,-0.32892344081257174,-0.04078756880394347,0.5331077424542481,0.06596997332575534,-0.4984635124883406,-0.035254594663029146,-0.1729816546231423,-0.010305225854314173,K01_si_frac_adm,-0.7473379310769641,sharpness_c0,0.5331077424542481,material
861,0.0026507620941020544,24.71769905090332,,,,,,,,,,,,,,,,,,,,,,,,,,,,,,,,,,,,,rare
862,0.00927766732935719,54.484886169433594,0.5016422518557446,0.49752416826022244,0.5006674907292954,0.004951663479555113,-0.06919624803501108,0.0050290538475438185,-0.506148532181522,-0.04980452035351613,1.8258327061601949,0.09818882128298288,-0.06743909735384153,0.005390305978501006,0.34375272251743594,0.016483214045622883,-0.5996353353770064,-0.0644233524765202,-0.771342522400378,-0.07127932416727933,-0.47981948384317025,-0.05765744309551274,0.271630100483556,0.009748370398150444,0.3250359976862476,0.017105878666449293,0.172023260435285,-0.0014226980786453435,-0.049448767704030915,-0.0036173658593237493,-0.0009076388955179815,0.013039572898407865,-0.09362377860218517,-0.006239269984481455,frac_pore,1.8258327061601949,p1_c1,-0.771342522400378,material
863,0.012591119946984758,66.831298828125,0.5090437546425197,0.4971665213600698,0.49575666607805047,0.018087509285039438,-0.07267113765447804,-0.0010694380251211708,-0.27432172571203495,-0.05254455647317386,0.9236027807635299,0.06913696801263858,-0.07025793960913441,-0.00041944162033836206,-0.06982474443643424,-0.018309003220502166,-0.08055108987962126,-0.04825548991534316,-0.43815027579623333,-0.06464062654794422,0.05552536452292947,-0.03937160802695783,0.004902033409866641,0.010821781030539731,0.08558639241586763,0.016977131891221617,-0.08249069153622277,-0.0014566342491169257,0.06017607571332786,0.017306298375450304,0.011303393666571848,0.011742139805447747,-0.00036444847437892836,-0.0026697954228968456,frac_pore,0.9236027807635299,p1_c1,-0.43815027579623333,material
864,0.003976143141153081,30.181076049804688,,,,,,,,,,,,,,,,,,,,,,,,,,,,,,,,,,,,,rare
865,0.0019880715705765406,16.456195831298828,,,,,,,,,,,,,,,,,,,,,,,,,,,,,,,,,,,,,rare
866,0.003976143141153081,30.715097427368164,,,,,,,,,,,,,,,,,,,,,,,,,,,,,,,,,,,,,rare
867,0.004638833664678595,31.5277099609375,,,,,,,,,,,,,,,,,,,,,,,,,,,,,,,,,,,,,rare
868,0.0066269052352551355,52.14714813232422,0.49573014517506403,0.502904526340634,0.5008546706692567,0.00853970964987194,0.10702833825314681,0.02609424172962055,-0.031085818763607588,-0.015290325304556457,-0.13558696483155172,-0.001120691331360252,0.1062468037760841,0.026000378108385597,-0.33683285541474456,-0.028417121248368652,-0.026789277904046657,0.0014777800253960721,0.2902707322808935,0.02083492219916373,0.018498484373042207,0.0033247433552659545,-0.0023957016906675675,-0.0015974637396706057,0.31582687910549895,0.030328811724324774,0.051849050467877994,0.0035076484143258895,-0.589452351066501,-0.04346940318316666,0.36608366137533316,0.028638468575294687,0.03330405170326209,0.0006638361737730164,K04_agglom_frac,-0.33683285541474456,sharpness_c0,-0.589452351066501,imaging
869,0.0,0.0,,,,,,,,,,,,,,,,,,,,,,,,,,,,,,,,,,,,,rare
870,0.0066269052352551355,39.75179672241211,0.49573014517506403,0.4992798894064266,0.5035122726470068,0.00853970964987194,-0.4935504554569152,-0.03425591003441402,0.3036890773052907,0.02138980050052462,0.382494241552444,0.018997963325925817,-0.49406921088339345,-0.03429360944421493,-0.3368328704723463,-0.028417121248368652,-0.03325298309538301,0.04593730361336596,0.2562137526756762,0.037854641335562676,-0.24392532521452442,0.004102106875347645,-0.9613556661450173,-0.08472796583087708,-0.695182693849902,-0.06586232469519043,-1.1173249605131514,-0.08770040510917841,-0.8040366713195031,-0.06763256277547795,-0.7665879049008489,-0.06419757774497689,-0.7988646020270157,-0.059321303064998505,K01_si_frac_adm,-0.49406921088339345,noise_sigma_c2,-1.1173249605131514,imaging
871,0.005964214711729622,41.04171371459961,,,,,,,,,,,,,,,,,,,,,,,,,,,,,,,,,,,,,rare
872,0.007952286282306162,51.347259521484375,0.5005785779614853,0.5020350951557511,0.4981034787215257,0.004070190311502131,0.2910836051672826,0.04278084186844975,-0.36516227200659646,-0.03524428853466751,0.3878310738759252,0.02544976000775218,0.2902215385115475,0.04267839146056146,-0.33683288929434846,-0.03115089719541056,-0.4005757445813984,-0.029892139671518894,-0.308914441581831,-0.01891304850314834,-0.3942384722747544,-0.01184455955123872,0.21741650786372874,0.024312706369426573,0.5765917523271942,0.06206474346569993,0.1812586604127583,0.024548020113880218,-0.6322898377593529,-0.048881542854432664,0.34987599577784995,0.062465930054632274,-0.07971051913108197,0.014236732529580524,frac_pore,0.3878310738759252,sharpness_c0,-0.6322898377593529,imaging
873,0.011928429423459244,74.16119384765625,0.4960889140420114,0.5030707057083817,0.5004820766378245,0.007822171915977227,0.030865460493611194,0.032358840883594496,0.20453195679253144,0.0071927652423255896,-0.69173209321818,-0.07818749031917924,0.030117250444326372,0.03221891617791338,-0.3368329062341524,-0.0382310813155339,0.3818462999279575,0.05694686131168625,0.6301325846224001,0.058492973404414776,0.3209002621987317,0.07510162145330476,-0.1529922649373988,-0.011242399443148202,-0.14100239587398006,-0.00812155567643305,-0.0633380411612249,-0.006959770742657278,-0.43176808531409483,-0.03893147701822572,0.14425819883849095,0.006658199930030976,-0.1363558991197369,-0.009940433658708094,frac_pore,-0.69173209321818,p1_c1,0.6301325846224001,material
874,0.009940357852882704,50.898921966552734,0.4993039378672959,0.49893187609281,0.5012696450644535,0.002539290128906968,-0.05685312737584451,-0.020782367789860142,0.3177673887810056,0.057234770049029056,-0.676551578670923,-0.07348739622803989,-0.05756295676505224,-0.02081299717994393,-0.3368328962973486,-0.03367006446576788,0.2627917146299941,0.05285591194568636,0.5866671913181641,0.061818215570487396,0.21467272646230315,0.05448310545034931,0.10525901537413758,-0.0038223780583633475,0.05146066925800514,-0.007340847889406682,0.1620770262579046,0.004888536383422621,0.00044427812156418866,0.0212441662834623,0.21163816091005777,0.005699473185653395,0.4513957250110322,0.04099513166659646,frac_pore,-0.676551578670923,p1_c1,0.5866671913181641,material
875,0.00728959575878065,40.47706604003906,0.49721196165720893,0.5024517477734374,0.5001509800459121,0.005576076685582132,-0.6780097319369927,-0.07116060242221138,0.5598922780363118,0.04654674205959484,0.41986115012636477,0.055453780710368245,-0.6784477785309072,-0.07117855703424557,-0.3368328935698923,-0.026949546314957697,-0.4056321384255874,-0.023453259170248084,-0.1572555154740508,-0.010133597048028986,-0.47567949090509637,-0.05089526430817161,-0.4680514966282048,-0.03860705747024797,-0.3400876538560481,-0.03195057014584338,-0.6409644374130367,-0.051821490692230784,0.006443714368618965,-0.008452677006776634,-0.6245784782225964,-0.047121904953798636,-0.5312740855346592,-0.03247512049561701,K01_si_frac_adm,-0.6784477785309072,noise_sigma_c2,-0.6409644374130367,material
876,0.0033134526176275677,33.051631927490234,,,,,,,,,,,,,,,,,,,,,,,,,,,,,,,,,,,,,rare
877,0.0145791915175613,87.37667846679688,0.5001136943592439,0.49952554586309705,0.5002684089705103,0.0009489082738058929,0.6676536630466543,0.07388210424021152,-1.0003241993454406,-0.10716294206969824,1.011202947354975,0.11925895075168254,0.6759081397373626,0.07407584032413311,0.5560960744828566,0.05035168520640922,-0.45816378767803895,-0.06942410401964198,-0.556554519056872,-0.07810216905230169,-0.39055685587820577,-0.06655841161619323,0.19653622369185014,0.013269558161751962,0.2848910779746369,0.02985934022871051,0.22506575618332314,0.015862226752576123,-0.4423045999167606,-0.05526730749790744,-0.03225080515903732,-0.0044787916957876915,-0.2854744994086591,-0.031657454225041966,frac_pore,1.011202947354975,p1_c1,-0.556554519056872,material
878,0.0026507620941020544,21.168642044067383,,,,,,,,,,,,,,,,,,,,,,,,,,,,,,,,,,,,,rare
879,0.0033134526176275677,23.607593536376953,,,,,,,,,,,,,,,,,,,,,,,,,,,,,,,,,,,,,rare
880,0.01126573889993373,70.99758911132812,0.4965386383963537,0.4980383609415867,0.5038574960268409,0.007714992053681868,0.016707965464951808,0.03199437691250632,0.20361820055303612,0.015508644790457748,-0.7132040159413037,-0.09306291852355482,0.015965949966319202,0.03189322801119741,-0.21139090933769533,-0.0170841163423517,1.0531993324127384,0.09977727055810166,0.713230647263025,0.08756558797411125,0.9432960363916406,0.09427185298007701,-0.7023905914774209,-0.05207809066116247,-0.8099084588828481,-0.062174043568921804,-0.6333342680806998,-0.04941084871336457,-0.5472917802723453,-0.058573638573400526,-0.27531320269712617,-0.016229709530612705,-0.04108287993079222,-0.010657094478952498,frac_pore,-0.7132040159413037,p1_c0,1.0531993324127384,imaging
881,0.005301524188204109,37.06521987915039,,,,,,,,,,,,,,,,,,,,,,,,,,,,,,,,,,,,,rare
882,0.01126573889993373,65.70689392089844,0.5022877831621181,0.4998290038389842,0.49852639943492844,0.004575566324236169,-0.8143195540838816,-0.11815968664467708,0.72981043534426,0.08858435717054908,0.21970593924558818,0.03842890063204956,-0.8146979592856805,-0.11820291028447816,-0.336832908185642,-0.034863871151342034,-0.2817342990162657,-0.03136958481513346,-0.24832130758033388,-0.015300233186392249,-0.21172130796653799,-0.016661038175944224,-0.014278322876481706,-0.02958223387634659,-0.0011401043959530822,-0.008421172931951017,-0.057029969443065195,-0.0335038055896389,0.9437670629303775,0.09926913199841067,-0.2595008512820834,-0.027591149051336552,0.1232169811463159,-0.003964240502872591,K01_si_frac_adm,-0.8146979592856805,sharpness_c0,0.9437670629303775,imaging
883,0.005301524188204109,42.8168830871582,,,,,,,,,,,,,,,,,,,,,,,,,,,,,,,,,,,,,rare
884,0.00728959575878065,49.603294372558594,0.50101945942122,0.5006514712895037,0.49880981811760555,0.0023803637647888953,-0.05125483682392556,0.01507967230233286,0.00880406907985308,-0.01745790362902856,0.12925311859470293,0.022551659195765905,-0.051967115675523375,0.01500818490696892,-0.3368328918039491,-0.029814417850313527,-0.5257533303567736,-0.044307720243250553,-0.4061154249788563,-0.04114532371620859,-0.4916774469516711,-0.048038842237042315,0.09262689665955617,0.030509117377908904,0.41058140741668536,0.04295973978519013,0.05926111056273099,0.025336924333489115,-0.32548653066551875,-0.0002541453673782392,-0.004427075988396929,0.00925552512582717,-0.3224492248678927,-0.011465268432021926,K04_agglom_frac,-0.3368328918039491,p1_c0,-0.5257533303567736,imaging
885,0.00728959575878065,46.982330322265625,0.4990980247499987,0.5006611048760399,0.5001456825004414,0.0018039505000025935,1.6360703433475674,0.11865711228845596,-1.502079916069436,-0.11546339763694564,-0.13531323033983103,-0.009720870192702012,1.6346197870685937,0.11856783574228193,0.24779821252913492,0.01767343865151305,0.08346130047934801,-5.8210333601733504e-05,-0.1784698649762128,-0.015199420197239868,0.16449314239988921,0.019433100933254774,0.16861986871933995,0.026133112195735206,0.1590968693271207,0.01598569027845016,0.18210217557491495,0.02363352819290885,-0.7454659305907207,-0.07130306930555795,0.20578430340067083,0.015873887648660167,0.15102906014674033,0.014440149875500023,frac_si,1.6360703433475674,sharpness_c0,-0.7454659305907207,material
886,0.011928429423459244,72.64262390136719,0.4979838200294089,0.49760846214241333,0.5031626346459473,0.006325269291894697,0.7507786475597513,0.10046956471005786,-0.6229248516258267,-0.0850451107970845,-0.24124782492938934,-0.016428816139967665,0.7497154444858807,0.10034329055551189,1.2592738417670906,0.08615747228214088,0.5926724781480112,0.025590588862452662,0.027785699011891533,-0.002154435403717321,0.5978748462989387,0.019312293437210935,-0.6000341844403141,-0.0288267747655405,-0.691756288753752,-0.04291021340646215,-0.4949883359523628,-0.017951727854998125,-0.83556237611007,-0.10133462750844609,-0.574440742416255,-0.03498206568930305,-0.3185884519969346,-0.029877536745346624,K04_agglom_frac,1.2592738417670906,sharpness_c0,-0.83556237611007,material
887,0.003976143141153081,31.329370498657227,,,,,,,,,,,,,,,,,,,,,,,,,,,,,,,,,,,,,rare
888,0.013253810470510271,89.94639587402344,0.5143431750539416,0.4985308780532448,0.4910524457001589,0.02868635010788312,1.5236738721917444,0.11457627175067081,-1.4866219124280398,-0.11465913643641165,-0.3062911545232303,-0.028446227247707255,1.5222724942586916,0.11449634978836286,1.3996584142297586,0.1310644215208649,-0.050516358110252596,-0.024841923830271603,-0.59145488034603,-0.07089477963725811,-0.0014956042236951913,-0.020406280204481632,0.7964605765230562,0.1053188434845831,0.2675674004600539,0.040162325158526524,0.8988114814313555,0.10971201808640813,0.08410212614051764,0.031692674196700375,0.2961250895763143,0.05535640948122701,-0.07675020942278936,0.006994992512531166,frac_si,1.5236738721917444,noise_sigma_c2,0.8988114814313555,material
889,0.00728959575878065,52.96843719482422,0.5048244306439144,0.5006707384625759,0.49613632350344333,0.009648861287828714,1.2962360996730329,0.10252332147086653,-1.113933733910667,-0.09615323693474785,-0.3672566804755116,-0.025256177822584918,1.2949342355056541,0.10243385534531942,0.32702251602536814,0.045056595397073365,-0.47210901666657457,-0.03454967757489266,0.11639782016260738,0.0025875741954589555,-0.42209176798775666,-0.014133930030286863,0.8865526396322095,0.08220160963898726,0.8640770125189268,0.08160974535935657,0.8433787622573986,0.07757367516435051,-0.5597083762991375,-0.04335004165179004,1.144059129907124,0.08780752663048118,0.6617933841015616,0.07495543865842806,frac_si,1.2962360996730329,sharpness_c1,1.144059129907124,material
890,0.00927766732935719,56.46799087524414,0.4997372397030808,0.4993593664953494,0.5006533639413738,0.0013067278827476603,-0.13409493697817004,-0.0030156152167562142,-0.556038920301219,-0.08429682807606279,2.2541047455533576,0.14194008434602595,-0.134079637075505,-0.002810014640596316,-0.33683290686155254,-0.03367006446576788,-0.5980211168430477,-0.06439836716886901,-0.874965529924294,-0.08373590211816218,-0.49993179111572944,-0.07027202110966056,-0.36752092255728624,-0.041724303122460144,-0.0420983417929112,-0.007815701643148638,-0.5468696692590788,-0.0531976020985698,-0.40413668749140574,-0.044875967659992244,-0.4898710922228343,-0.03775541099003676,-0.5405195624781903,-0.05299286934870488,frac_pore,2.2541047455533576,p1_c1,-0.874965529924294,material
891,0.007952286282306162,58.47577667236328,0.4967811863627405,0.5002312060768664,0.5020801695214551,0.00643762727451902,0.7760366379198291,0.080151023217791,-0.4231895021658373,-0.047458233813361284,-0.8581141545529184,-0.08721269282647427,0.7749623834245056,0.08009951409553924,-0.17251771943866795,-0.007987312727437579,0.060124625453171224,0.039588465044698824,0.9750816099049324,0.08301627270014987,-0.05952043466066698,0.03748715267280483,0.5627528124461181,0.03972053691146523,0.49285204472732413,0.03802775783889293,0.613611713862602,0.05003420801746202,-0.4431964194460394,-0.032912396149502116,1.1832644224494397,0.08543696656943249,0.037711429368420195,0.0013682294615922196,frac_pore,-0.8581141545529184,sharpness_c1,1.1832644224494397,imaging
892,0.007952286282306162,59.65331268310547,0.496778659821424,0.4965945271594888,0.5047483665901465,0.009496733180293093,-0.2737052950249979,-0.000216489529965127,0.122848380460236,-0.008538115183817127,0.37071829547039337,0.018163532771546365,-0.27432024228253454,-0.0003105517498207354,-0.33683291940955545,-0.03115089719541056,-0.02316373488172982,0.013714797638189724,0.018019396390533064,0.022920608619091558,-0.005117651301806969,0.012204993995647328,-0.2321755685035404,-0.027343137248330655,-0.2619415156613832,-0.035766126046399255,-0.27789304657713615,-0.025046092594373886,-0.4536807333984311,-0.03304560290013047,-0.2565685984533079,-0.01309008300883415,-0.33317986747567707,-0.037146295990409764,frac_pore,0.37071829547039337,sharpness_c0,-0.4536807333984311,mixed
893,0.009940357852882704,59.85251235961914,0.5031114356313069,0.49709306526273206,0.4999567367119901,0.006222871262613783,-0.19984125592474222,-0.013723673056826499,0.20759661916238134,0.017043961956558638,-0.03555780523588125,-0.004024132633851591,-0.20048852182526247,-0.013754485388426028,-0.042330191802188596,-0.013139434123037832,-0.35012757520040894,-0.016887577646445412,0.35200713960286545,0.018148125735771643,-0.38041008297152057,-0.015246479617700882,-0.19426076746250606,-0.013501366096627393,0.062468783088366286,0.006819206185996783,-0.3243982537446819,-0.03015204284096914,-0.2930994793369661,-0.03203555026636093,0.09791509049059763,0.007184320827191638,-0.5775074365432904,-0.04812378442608609,frac_graphite,0.20759661916238134,sharpness_c2,-0.5775074365432904,imaging
894,0.003976143141153081,28.341806411743164,,,,,,,,,,,,,,,,,,,,,,,,,,,,,,,,,,,,,rare
895,0.008614976805831677,57.41901397705078,0.4982390007023785,0.4997964904844249,0.501380010595091,0.0035219985952430477,0.16132563645366202,0.042190738524772245,-0.012652690381538318,-0.013993924696719524,-0.408045014912351,-0.03311738386037716,0.16052034451583186,0.04207566038243155,-0.33683288051074645,-0.03243408064992298,-0.08841737661302734,0.01123721031411111,0.8179563629878617,0.06750795031524277,-0.24105952397787989,0.0018309805969032374,0.026099898992703235,0.020173138096968576,0.2882928065974294,0.04060603195848823,-0.03754452731655272,0.018490397857537637,-0.5367765697206435,-0.03725460180336655,0.731227278587171,0.038867461475320435,-0.3292461325900455,-0.011360367323732613,frac_pore,-0.408045014912351,p1_c1,0.8179563629878617,imaging
896,0.0013253810470510272,14.428400993347168,,,,,,,,,,,,,,,,,,,,,,,,,,,,,,,,,,,,,rare
897,0.0019880715705765406,15.241228103637695,,,,,,,,,,,,,,,,,,,,,,,,,,,,,,,,,,,,,rare
898,0.0,0.0,,,,,,,,,,,,,,,,,,,,,,,,,,,,,,,,,,,,,rare
899,0.0,0.0,,,,,,,,,,,,,,,,,,,,,,,,,,,,,,,,,,,,,rare
900,0.013253810470510271,75.72042083740234,0.4990449673823516,0.4985862711758274,0.5017040437930426,0.003408087586085129,-0.4276978656491719,-0.04741561990806487,0.5844447598203292,0.07853282283255976,-0.45560669486494654,-0.0597000132868424,-0.42824543443301666,-0.047469024309515266,-0.3368328919901063,-0.03929228768412859,0.7299312626982954,0.0712255346691154,0.3753534469100398,0.06612178908768794,0.6836255576795188,0.07017132709211985,-0.4903502894795685,-0.04496042182796433,-0.5110691747881833,-0.04117247025133104,-0.46466119067517636,-0.0431434829164865,0.10557642816659515,0.02159423810085462,-0.28156513363564806,-0.015619387229999959,-0.18835900433856412,-0.026413791168387966,frac_graphite,0.5844447598203292,p1_c0,0.7299312626982954,imaging
901,0.011928429423459244,67.01228332519531,0.4923142613151153,0.499424393204468,0.5057937488963448,0.015371477369769404,-0.4654554452170412,-0.039897414505514144,0.5640657569099092,0.06857677665267661,-0.23963749156842631,-0.024850319725776955,-0.46598508309977277,-0.03993957379701121,-0.3368328980779505,-0.0382310813155339,0.1452185530943269,0.03884349682610625,0.4102352756811376,0.05324537472737257,0.01359116099146021,0.017473449349804344,-0.4461846148138487,-0.05278235816692366,-0.2590565245772763,-0.032372116838459385,-0.43433729470919186,-0.04962201189328827,-0.2835926203683236,-0.015335854562152496,-0.27990972982730966,-0.022914924499158624,-0.40572414047602556,-0.048674862621633584,frac_graphite,0.5640657569099092,noise_sigma_c0,-0.4461846148138487,material
902,0.005964214711729622,41.571868896484375,,,,,,,,,,,,,,,,,,,,,,,,,,,,,,,,,,,,,rare
903,0.0066269052352551355,50.05551528930664,0.49573014517506403,0.502904526340634,0.5008546706692567,0.00853970964987194,0.15083788389058161,0.029846969706193036,-0.07854087465707582,-0.018585276989184045,-0.14532955513031318,-0.012098183123107262,0.150037180790631,0.029715605386406455,-0.3368328830203471,-0.028417121248368652,0.0673466103343182,0.006706443610268762,0.23214238415942967,0.02689806705083853,-0.011785717898957937,-0.013812317674985466,-0.07383305405110545,0.01337716992948573,0.037516196026713224,0.020149526513807216,-0.043259429280076214,0.020478425243260514,-0.5134100755492209,-0.03606434831350653,0.1558953150752327,0.03601998985245068,-0.42031966629856404,-0.0045796321311696205,K04_agglom_frac,-0.3368328830203471,sharpness_c0,-0.5134100755492209,imaging
904,0.005964214711729622,46.59064483642578,,,,,,,,,,,,,,,,,,,,,,,,,,,,,,,,,,,,,rare
905,0.008614976805831677,54.892578125,0.5058716820196162,0.49797213003415114,0.4973830125375243,0.011743364039232373,0.08820701842009115,0.04404284139867067,-0.0006237294545803646,-0.016643135141276078,-0.3655289682440039,-0.05202584805688223,0.08743371900701082,0.04392750143777459,-0.33683288929434846,-0.03243408064992298,-0.36344442970057317,-0.006375418577967379,-0.1803644013212229,-0.015275657386655086,-0.32699189481833035,0.001421707964156369,0.6879369627853434,0.06912738682688979,0.6231366541877843,0.044068097227054126,0.7677617931280206,0.07758893303511889,0.043664568379202656,0.012220151166794523,0.7645140528410529,0.07101708512010974,0.6507082348758256,0.07505032516090397,frac_pore,-0.3655289682440039,noise_sigma_c2,0.7677617931280206,imaging
906,0.0,0.0,,,,,,,,,,,,,,,,,,,,,,,,,,,,,,,,,,,,,rare
907,0.0033134526176275677,28.689537048339844,,,,,,,,,,,,,,,,,,,,,,,,,,,,,,,,,,,,,rare
908,0.009940357852882704,62.160648345947266,0.49931151749124547,0.5025324290606771,0.4986244040261345,0.005064858121354154,-0.10991197249251451,0.008479183497756297,0.025330870931225897,-0.002620367668760642,-0.07446324895891394,0.003615635818586779,-0.10859620923001118,0.008765869588569102,-0.336832850395544,-0.034863871151342034,-0.2651992383944485,-0.024548730857864753,-0.19021843392431195,-0.00471169676918409,-0.19400629009205472,-0.0318004578134398,0.0926466544103278,0.020122522823008034,0.06944397778026809,0.014113105102642735,0.12579477049403098,0.027218717768609235,-0.41885169597621275,-0.040364643546035014,-0.008148488062641408,0.009132560927147464,0.18384854490726088,0.04297094158540508,K04_agglom_frac,-0.336832850395544,sharpness_c0,-0.41885169597621275,mixed
909,0.007952286282306162,51.66783905029297,0.5005735248788523,0.5020664043119933,0.4980840543881335,0.0041328086239866835,-0.4983190594366351,-0.03755971326206382,0.037535205704023876,0.004940045783512729,1.517118618930512,0.0732516320701799,-0.49883572843732593,-0.037645273802940485,-0.3368328905491488,-0.03115089719541056,-0.6092828531859219,-0.06479023963159328,-0.8754659198434176,-0.0713197852643871,-0.4712048343670058,-0.05134538428352656,0.10294592036786807,-0.007936834130258521,0.13080075644899758,0.006023610171435918,0.07445081992967838,-0.006376694322641355,-0.2434985883541126,-0.001852000603828242,-0.329418622921471,-0.013376858891705328,-0.08089350021417539,0.018273046897163487,frac_pore,1.517118618930512,p1_c1,-0.8754659198434176,material
910,0.0066269052352551355,42.56414031982422,0.49953258985644194,0.5011102708482855,0.4995126258167049,0.0022205416965710434,0.5667213185355688,0.05680861056916699,-0.47073142956147374,-0.03297567218716187,-0.7153895267568408,-0.08090251014496631,0.5657386484919982,0.056696356867708644,0.14645928752592874,-0.0030406026170452308,-0.3455405060801921,-0.0004105991299798514,0.017863440621610483,0.012535458758286344,-0.2907017398438508,8.664557262531509e-05,0.6936968113140878,0.04745358824912325,0.40919973066844384,0.010294244449085816,0.7897870749511727,0.05615279185965252,-0.20248258267075764,-0.0067431818994856604,0.2811009375140682,0.01928295850513583,0.12692346773722424,0.022664092115408322,frac_pore,-0.7153895267568408,noise_sigma_c2,0.7897870749511727,imaging
911,0.012591119946984758,75.1690444946289,0.5148055321148667,0.4971496625836316,0.4917420095355818,0.029611064229733364,1.22893991048041,0.10073946523022163,-1.6009820817809208,-0.14160551995208337,1.1737599620557997,0.05601567905665311,1.2276674913189223,0.10068505297097706,0.5761265061606154,0.09250589739090995,-0.516290178488473,-0.06858333918907328,-0.8575496268857113,-0.10222621199879854,-0.46792245349105316,-0.07103158896335265,0.6786060457430062,0.08797903065883157,0.48082517367090044,0.053751593065005786,0.6332368111114168,0.08283302293708825,0.28692611280205377,0.033415809365209194,0.1429610510303753,0.03065112553480884,-0.2843883560664793,-0.02102796728261254,frac_graphite,-1.6009820817809208,p1_c1,-0.8575496268857113,material
912,0.013253810470510271,74.19954681396484,0.4933880413746406,0.4985308780532448,0.505698393077874,0.013223917250718809,0.37465063932607223,0.04459162419907193,-0.1874344951554711,-0.022025431146937873,-0.6190742863441584,-0.0696012007716489,0.3737520085095139,0.04451230187662446,0.5122227387073423,0.07581571111229907,0.8174761958108467,0.09469339378554363,0.3503334372627439,0.06292135643373156,0.6957916229320475,0.08868573768729891,-0.20626308803146357,-0.03720373459805036,-0.5597403052643913,-0.06634698907975353,-0.19845384247558964,-0.03648482931547347,-0.09319356917343428,-0.009920384690099475,-0.24628514122092746,-0.0339997613144091,-0.6800098120026511,-0.08390240986915583,frac_pore,-0.6190742863441584,p1_c0,0.8174761958108467,imaging
913,0.012591119946984758,67.46489715576172,0.4956796143487335,0.5008128338639833,0.5024236270527989,0.008640771302533046,-0.5259392640056068,-0.06439475673501954,0.4814517092078432,0.05708976123322052,0.15436645345902583,0.02400727046913231,-0.5264438479952513,-0.06446281224749302,-0.33683288241087683,-0.03714108944052332,-0.15803644125999644,-0.03127305834703813,-0.18417634256548096,-0.015859607130101528,-0.00818229963111322,-0.010114542791353391,-0.04946889909522123,-0.012930916613667746,0.0621542103405389,0.015983375861309018,0.04942582124615048,0.003904230767506279,0.29524578431178955,0.030442298707928573,-0.0017224356514540767,0.0028844900512511305,0.106448250779257,0.01490898050728744,K01_si_frac_adm,-0.5264438479952513,sharpness_c0,0.29524578431178955,material
914,0.004638833664678595,30.248790740966797,,,,,,,,,,,,,,,,,,,,,,,,,,,,,,,,,,,,,rare
915,0.007952286282306162,47.126033782958984,0.49678371290405704,0.5038486178211717,0.49942609924068515,0.007697235642343481,-0.11490639574994749,-0.029470736853522018,0.1701658561247201,0.028543282529172577,-0.007058029165987726,0.01590166204875032,-0.11559082435018071,-0.029504992813642716,0.20799586586150426,0.015499160628596794,-0.4174386124640243,-0.02479972009081606,-0.007343732046585574,0.014789834755266348,-0.40345211634107064,-0.014661092558072545,0.049235534606441464,-0.004766817649730562,0.24992361837366045,0.015975321250971942,-0.0055407694660771015,-0.0022998821971986485,-0.10948511567239426,0.0030248011431028834,-0.05468705692264986,0.006190935829050376,-0.10350891228021518,0.0022277625914136623,K04_agglom_frac,0.20799586586150426,p1_c0,-0.4174386124640243,mixed
916,0.005301524188204109,42.882545471191406,,,,,,,,,,,,,,,,,,,,,,,,,,,,,,,,,,,,,rare
917,0.0033134526176275677,29.07916831970215,,,,,,,,,,,,,,,,,,,,,,,,,,,,,,,,,,,,,rare
918,0.00927766732935719,57.35009765625,0.4959221623151203,0.4975121262770523,0.5046742009535582,0.009348401907116388,-0.48153543735021104,-0.06144186662539097,0.4450664184577688,0.05113575650763167,0.17740668435195206,0.022311511557384634,-0.4820594499219595,-0.06147379175727258,-0.3368328684187075,-0.03243408064992298,0.10432103970488556,0.02079960047318604,0.13412191870320445,0.019256642804230346,0.10619956953920362,-0.00594339599315208,-0.6316197577568409,-0.05245604266897136,-0.5847728807333151,-0.04616743488510322,-0.568510497081779,-0.04612064183236059,-0.08462233106944582,0.006160952084070876,-0.5075621362229764,-0.042486178107023466,-0.0066726884996531,-0.00043655289385682037,K01_si_frac_adm,-0.4820594499219595,noise_sigma_c0,-0.6316197577568409,imaging
919,0.00728959575878065,52.886985778808594,0.5067483918564522,0.5006562880827717,0.4948022249690977,0.013496783712904303,1.1733319189377345,0.0961668606069691,-0.9309803239931143,-0.0728328469348119,-0.9769912789085942,-0.10406313873589733,1.1720838306437864,0.09609546781002383,0.2971744992600799,0.02003644357504944,0.007675132456005089,0.024659514724420326,-0.32290625160261405,-0.0180253545840346,-0.1582906823642056,0.015406010796651288,0.9122941587037833,0.0888975490189071,0.3892999354059126,0.023505797776979597,0.9495735885257656,0.08215944359766257,0.4480776769091418,0.030568313252883318,0.25026005016461966,0.026968313607564826,0.19790041546019013,0.026937204650261587,frac_si,1.1733319189377345,noise_sigma_c2,0.9495735885257656,material
920,0.008614976805831677,52.8588981628418,0.49444918872758326,0.512492353340687,0.49472011301430335,0.02498470668137398,-0.35137837600718014,-0.0251258248857504,0.5005260335690055,0.046374867630793626,-0.5319014875890843,-0.04495277502843987,-0.3519593378759891,-0.025175449425755038,-0.3368328867847479,-0.03243408064992298,-0.1610581372134021,-0.022972594582781117,0.6085820277603035,0.04025544925970828,-0.16723590765375304,-0.009608857395481795,0.5754129316785138,0.05841848162897698,0.20948306345187884,0.020826323774762415,0.564905673855355,0.05353850439059479,0.39208193296113053,0.05135061920740193,0.3212943251101682,0.04205158629274795,0.8589027598140444,0.08095081363775382,frac_pore,-0.5319014875890843,sharpness_c2,0.8589027598140444,imaging
921,0.0033134526176275677,26.59637451171875,,,,,,,,,,,,,,,,,,,,,,,,,,,,,,,,,,,,,rare
922,0.005964214711729622,34.63744354248047,,,,,,,,,,,,,,,,,,,,,,,,,,,,,,,,,,,,,rare
923,0.01126573889993373,61.31770324707031,0.4984423872783591,0.4980479945281228,0.5025198657955148,0.00503973159102955,-0.12601126042252703,-0.018204633165039275,0.14301406392662203,0.02634602437935052,-0.08416659172576556,0.0029779022074982657,-0.1266908301430213,-0.01829146310612643,0.023025649665910308,0.0022888094605021045,0.4721333542960462,0.03799855239842058,-0.20272019640983677,-0.01137746128042078,0.5191530139874256,0.04790689245363957,-0.3903378158059477,-0.03304747813903033,-0.6333452661858763,-0.06458171954642168,-0.3072643325850801,-0.02279066955327946,-0.07484542743580265,0.006951197245489817,-0.4943908986345877,-0.04375257136635318,0.12988882760799997,0.02082887117219995,frac_graphite,0.14301406392662203,noise_sigma_c1,-0.6333452661858763,imaging
924,0.012591119946984758,69.43981170654297,0.5033047160420214,0.502605885158015,0.4957796221084231,0.008440755783153842,0.04165214779166603,0.015510614905820943,0.07590781058016266,0.0034447794372997405,-0.3077428665712309,-0.02241627310746816,0.04089921813094731,0.015435547468789196,0.21061436103675385,-0.0002820957655641601,-0.2863151688234458,-0.01757607565602665,-0.32257369396109825,-0.03315153758990708,-0.3430331900042488,-0.015423780894913012,0.5018191059878736,0.06363273572909059,0.5274942796182579,0.06774843332651918,0.4902080855379249,0.06311135122422451,-0.04444140837438707,0.006056249218424973,0.37721808234691817,0.06208397061236762,0.3265649814504521,0.05500057585579656,frac_pore,-0.3077428665712309,noise_sigma_c1,0.5274942796182579,imaging
925,0.0006626905235255136,9.711670875549316,,,,,,,,,,,,,,,,,,,,,,,,,,,,,,,,,,,,,rare
926,0.00927766732935719,50.278038024902344,0.4978246479264675,0.49754584382992867,0.5033197951615751,0.006639590323150202,-0.7217259988173557,-0.08753324339052515,0.8056360972860642,0.09853784776058874,-0.3037132090348335,-0.02605373695360828,-0.7221449175785906,-0.08756487401789788,-0.3368328522777443,-0.03367006446576788,0.3312764078403403,0.031435548362476,0.29729609945044094,0.04053007645504402,0.29505970437194884,0.023646926195124898,-0.577591823861634,-0.055205749664627275,-0.5298766872933086,-0.05261526518601102,-0.6158596734919527,-0.058174300882420454,0.6583960101951858,0.06373758475710135,-0.4543477666674919,-0.04142772976927802,-0.16715449017040232,-0.0060277443554992835,frac_graphite,0.8056360972860642,sharpness_c0,0.6583960101951858,material
927,0.00728959575878065,44.599239349365234,0.5010270390451695,0.49701479237212615,0.5014709517923363,0.0059704152557477075,-0.21033989522542623,-0.011630176271466756,0.005054653893654462,-0.011477943901725969,0.27053247585837703,0.02559093991579782,-0.19923980884195125,-0.010770455456996555,-0.33683289845923653,-0.028417121248368652,-0.21431418882381065,-0.01516218778111134,-0.2966585759496324,-0.02670914619760794,-0.2979078140301842,-0.04448807904390124,-0.49503715783812463,-0.025088420078939373,-0.4091150389273014,-0.03236221571991113,-0.567927023691814,-0.032133822643664295,-0.31411007246344097,-0.006101645704784099,-0.4941429379538532,-0.04662592744061855,-0.8440387081057544,-0.06979040366358273,K04_agglom_frac,-0.33683289845923653,sharpness_c2,-0.8440387081057544,imaging
928,0.00728959575878065,57.61170196533203,0.5010118797972704,0.4952048823016565,0.5028085820236624,0.009590235396687019,0.21865501391967818,0.029029098928998198,-0.32789595645412817,-0.03422397955300961,0.349195403318894,0.02791159761403156,0.21782463791605292,0.02895758779439121,-0.15088686359916492,-0.0027710683257444546,-0.23937118953790104,-0.0033101487496903143,-0.2582167447793032,-0.02385730490444416,-0.16686261558481041,0.008551384880737199,-0.16211319414100292,-0.013888496229146433,-0.12656486918474702,-0.017700759684913733,-0.06321049562595282,-0.003376429938832578,-0.3616497463775112,-0.014864831584056758,-0.17732779362712614,-0.0034773177687458887,-0.24065346141888744,-0.03392745253697098,frac_pore,0.349195403318894,sharpness_c0,-0.3616497463775112,mixed
929,0.011928429423459244,65.24803924560547,0.4999797876694678,0.5012330990766206,0.4991100123609394,0.002466198153241228,-0.26725091246165417,-0.04172534005821539,0.30096457575502367,0.06706990679729193,-0.31022569519898135,-0.033512339003245975,-0.26786868371388134,-0.041823365187734406,-0.3368328847456974,-0.0382310813155339,-0.23977741849763687,-0.010863478405778636,0.13882790281665586,0.018130219443903285,-0.3268997179550495,-0.0046312939210221525,0.33792525089083847,0.009585412873003487,0.3560437096993112,0.023536396607972146,0.39505992323890604,0.019671988950030545,0.16240509015879662,0.03810450663119382,0.37111186128289353,0.033540401943710656,0.3248244905995901,0.0392431695264353,K04_agglom_frac,-0.3368328847456974,noise_sigma_c2,0.39505992323890604,mixed
930,0.004638833664678595,34.053443908691406,,,,,,,,,,,,,,,,,,,,,,,,,,,,,,,,,,,,,rare
931,0.00927766732935719,62.249168395996094,0.501634672231795,0.4975482522265627,0.500655129789864,0.004903495546874637,0.6372879640460684,0.0492969215694513,-1.1510885351466302,-0.08587174564120101,1.8000697682450162,0.11186428895440428,0.6362744180345612,0.04923349147777537,0.18327599316525534,0.009152734602191908,-0.1021005070300338,-0.03172918468147418,-0.7260690172633422,-0.07628396073208546,0.01271936657008356,-0.0373897116088992,-0.1952654421407273,-0.018691332462615978,-0.18147312269057872,-0.010642864282808827,-0.291515597600735,-0.021053950482796766,-0.528927893315093,-0.05387457664588896,-0.2680733726626007,-0.01886258450404222,-0.4083666945713601,-0.049682991680010315,frac_pore,1.8000697682450162,p1_c1,-0.7260690172633422,material
932,0.005964214711729622,39.329200744628906,,,,,,,,,,,,,,,,,,,,,,,,,,,,,,,,,,,,,rare
933,0.012591119946984758,66.80992126464844,0.5014034937013324,0.4989932902069776,0.4997571958325976,0.002806987402664829,-0.1365590769534142,0.017394004123695746,0.14000483340193698,0.0002282204237643077,0.014827003075793738,0.000817817127085802,-0.13723403151645458,0.01731214196346543,-0.33683288709844794,-0.03929228768412859,0.40728849191073785,0.03037372385792248,0.1269627019481544,0.006992645745632442,0.4178141423044427,0.02887393362689988,-0.09348058694584122,0.002157687345751997,-0.1054612186752984,0.008589918880161956,-0.02081953347538663,0.007441638050569282,-0.13842653829721457,-0.023653378980646622,0.1420737060283503,0.014257672626265053,0.31954563695268556,0.039058536802406174,K04_agglom_frac,-0.33683288709844794,p1_c2,0.4178141423044427,mixed
934,0.015241882041086813,75.99263000488281,0.49589310708998025,0.4989969028019286,0.5036058626169875,0.00821378582003951,-0.20594826454764648,-0.01853944580306294,0.44804388751297514,0.06414368425266473,-0.6965738930432077,-0.08689383104218551,-0.206592858344291,-0.01865148012361065,-0.33683288302034703,-0.04329079070060326,0.5554536914632983,0.0586089005981876,0.8966105257624604,0.08887069620109425,0.4112478894458409,0.08434073248547018,-0.27223060779542085,-0.010815413947049555,-0.26325420184796444,-0.012159691239362537,-0.1625027802770608,4.3158601731726094e-05,0.11057029250588878,0.010000444589139039,0.16096263657047089,0.005601920676596189,0.3455697567562175,0.06111996103701516,frac_pore,-0.6965738930432077,p1_c1,0.8966105257624604,imaging
935,0.0026507620941020544,21.303253173828125,,,,,,,,,,,,,,,,,,,,,,,,,,,,,,,,,,,,,rare
936,0.010603048376408217,63.051307678222656,0.4950656648088166,0.5039305033067286,0.500566837365354,0.009868670382366829,0.6570671179618416,0.08541264680117046,-0.8251186894417727,-0.0927113789893078,0.6008672480969897,0.04447688899204325,0.656044917768063,0.08533793847923941,0.10228133383763689,0.006481102257594592,-0.44153076099596467,-0.02945303234024295,-0.24287484707623888,-0.0020047085322068984,-0.3597088081255061,-0.028777162806160533,0.317813369894848,0.02203687517834252,0.3366727162041673,0.034359617837531845,0.25702880479715795,0.019733703559455393,-0.6474255590128204,-0.07970567464406936,0.2884770333608514,0.03342971912024251,-0.3660583931013154,-0.029872942158081697,frac_graphite,-0.8251186894417727,sharpness_c0,-0.6474255590128204,material
937,0.012591119946984758,72.45036315917969,0.5014666572342457,0.4971713381533378,0.5010489140031785,0.00565732369332439,-0.2356659150397646,-0.034627896113372296,-0.2694839382167588,-0.0441073038243019,1.5272182188273324,0.13478185639534934,-0.23517722035379515,-0.034533203960936135,-0.33683289165004127,-0.0382310813155339,-0.2922570352059623,-0.062229057222464086,-0.7928056166725981,-0.09740428879860971,-0.14701200205775225,-0.054753915478278035,-0.14812637043169144,-0.03478619419606648,-0.11537447929385555,-0.02370508615573119,-0.20368652583198404,-0.03560210337142525,-0.0187814576195004,0.016757735788650863,-0.34637069888702393,-0.0519859725056047,-0.26628025700195307,-0.05271374263172068,frac_pore,1.5272182188273324,p1_c1,-0.7928056166725981,material
938,0.01126573889993373,58.605831146240234,0.5022751504555354,0.4944040904208432,0.5025128024015539,0.011191819158313576,-0.7213371023252156,-0.1128001222901307,0.6723862139615222,0.09389115965837144,0.1985439133451943,0.009092876339404593,-0.7217561913001519,-0.11281442171888786,-0.33683292333625114,-0.034863871151342034,-0.20859301245401704,-0.0015095825298497168,-0.004011336005738334,0.0037424398675580954,-0.24653107286121595,0.009521432711032295,-0.11312301825051814,-0.03512472193914181,0.039518015300299865,-0.012997304712466488,-0.1466904890851004,-0.03534756041073292,0.575834360223456,0.08214271934130514,-0.01368260376890136,-0.019553622465336117,0.04521073945257718,0.013481055970914889,K01_si_frac_adm,-0.7217561913001519,sharpness_c0,0.575834360223456,material
939,0.003976143141153081,32.2016716003418,,,,,,,,,,,,,,,,,,,,,,,,,,,,,,,,,,,,,rare
940,0.0033134526176275677,25.866958618164062,,,,,,,,,,,,,,,,,,,,,,,,,,,,,,,,,,,,,rare
941,0.00728959575878065,41.28697967529297,0.5086420345731913,0.49702201756202824,0.49614338689740417,0.017284069146382697,-0.6311122625850211,-0.07093721036022556,0.7362381768517762,0.09102989351483076,-0.37115227121654,-0.04427362155015179,-0.6315708288152009,-0.07099071902914358,-0.33683287862854716,-0.029814417850313527,-0.3903321942278393,-0.018529255973213612,-0.3052162157492311,-0.01657095775111318,-0.3787905226022682,-0.01666496017510005,0.5062443538308474,0.04572010575005375,0.6098926340067826,0.06483088925447177,0.5209540192518419,0.04861357056821524,0.5284223497576139,0.06790562748813542,0.27291172835666305,0.041327426130668844,0.7432575764542863,0.07843571918501235,frac_graphite,0.7362381768517762,sharpness_c2,0.7432575764542863,imaging
942,0.008614976805831677,51.323219299316406,0.49827689882212645,0.4997796317079868,0.5013658838071694,0.0034462023557471078,-0.6496242063429811,-0.07065273545181451,0.6199488378816684,0.07023420090684307,0.13054642085454993,0.010337049693713156,-0.6500746728813758,-0.0706855056153697,-0.33683290163015783,-0.03115089719541056,-0.20001421947888287,-0.045633242150428514,-0.2203140030042214,-0.016409926210413962,-0.09550763850099295,-0.04085069862328886,-0.23897200624811604,-0.01366712363216912,-0.10433263050291035,0.003717381264440698,-0.22472789342952013,-0.007072018550636377,0.23283916476707936,0.02505790414612686,-0.37380519714552435,-0.02471319209871632,-0.01844870108268325,0.008113114385470773,K01_si_frac_adm,-0.6500746728813758,sharpness_c1,-0.37380519714552435,material
943,0.0,0.0,,,,,,,,,,,,,,,,,,,,,,,,,,,,,,,,,,,,,rare
944,0.005301524188204109,41.33531188964844,,,,,,,,,,,,,,,,,,,,,,,,,,,,,,,,,,,,,rare
945,0.00927766732935719,55.20702362060547,0.49974734586834696,0.501165663970868,0.4993219141797633,0.002331327941736072,-0.37006100490076227,-0.04417866407905123,0.5055989171082294,0.06268601774447496,-0.3215138086648136,-0.03189106135574337,-0.37063379234231825,-0.044234270336333974,-0.3368328993327508,-0.03367006446576788,-0.1667627966572084,0.020226038873680508,0.5429849685743952,0.04362882508925354,-0.2966528472093932,0.01233085381111425,-0.10978278298285052,-0.014652261299273607,0.11293272854004277,0.00719138768192725,-0.24198876793362387,-0.026793807153355016,-0.06501227534861691,-0.00944635015124076,0.2603491981476733,0.008562665979019462,-0.07326454522558376,0.0032533053936933693,frac_graphite,0.5055989171082294,p1_c1,0.5429849685743952,imaging
946,0.005301524188204109,38.13810729980469,,,,,,,,,,,,,,,,,,,,,,,,,,,,,,,,,,,,,rare
947,0.0033134526176275677,26.907703399658203,,,,,,,,,,,,,,,,,,,,,,,,,,,,,,,,,,,,,rare
948,0.0026507620941020544,24.64413833618164,,,,,,,,,,,,,,,,,,,,,,,,,,,,,,,,,,,,,rare
949,0.005301524188204109,36.975868225097656,,,,,,,,,,,,,,,,,,,,,,,,,,,,,,,,,,,,,rare
950,0.005964214711729622,41.517303466796875,,,,,,,,,,,,,,,,,,,,,,,,,,,,,,,,,,,,,rare
951,0.012591119946984758,71.99527740478516,0.49380365742120974,0.49534697770306396,0.5077423627052801,0.015484725410560118,-0.47163574159372573,-0.05744326716745655,0.3233067296461345,0.031568932330296645,0.49817951782329944,0.060747804470765755,-0.47216408570865287,-0.05748380024650927,-0.26199678203379334,-0.01918743796227846,-0.44914787310599247,-0.02933352876123787,-0.222831593415913,-0.01626675713087553,-0.33988784497945096,-0.0088540324247224,-0.2996409269828507,-0.052505530658848665,-0.13580169899486633,-0.025359308900091717,-0.26949983581293113,-0.05020490037036526,-0.025011365836161342,-0.004726744640380632,-0.21622251278605195,-0.020740454051682435,-0.29199486242001116,-0.03829756703528468,frac_pore,0.49817951782329944,p1_c0,-0.44914787310599247,mixed
952,0.00927766732935719,52.126094818115234,0.49593479502170296,0.5047878925084415,0.4993307434222143,0.009575785016882943,-0.5574502811690933,-0.06664351264435996,0.5500580760439928,0.057317182293042196,-0.03805891457218968,0.01340960945724846,-0.5579151872522297,-0.06664368071903282,-0.33683288678474793,-0.03367006446576788,-0.23980229054757057,-0.015893036288728315,-0.06263622767178793,-0.006938682944189655,-0.23233271679417805,-0.014654714060652201,-0.07907621326516381,-0.02253711151443792,-0.044373624144426596,-0.014470346721886091,-0.10318385393706085,-0.025257039178945173,0.27493139247297826,0.03568156392306908,-0.1385809195824545,-0.01810712381162847,-0.0040245666406482795,0.010552916468615475,K01_si_frac_adm,-0.5579151872522297,sharpness_c0,0.27493139247297826,material
953,0.0019880715705765406,19.833873748779297,,,,,,,,,,,,,,,,,,,,,,,,,,,,,,,,,,,,,rare
954,0.0013253810470510272,14.279752731323242,,,,,,,,,,,,,,,,,,,,,,,,,,,,,,,,,,,,,rare
955,0.0066269052352551355,39.83470153808594,0.5033552468683521,0.5010958204684813,0.49685149214197416,0.006710493736704182,0.4401315410089878,0.04804863356080367,-0.5485755095127643,-0.056742477522607346,0.6107715800721855,0.06428367682747646,0.43920425946599106,0.048001776212557065,0.5171710900408986,0.03555739803814667,-0.4179770037274754,-0.04405833225217164,-0.6817726018344396,-0.051772549998106786,-0.2956503707610847,-0.02732272945664957,0.5402456608943366,0.031622339267271926,0.43406825380700953,0.02461608805797174,0.48469261306439515,0.026325914138916547,-0.33843882663981334,-0.03300053301652373,0.14384214934787104,0.018695662421027805,0.5112093913470939,0.05562275173872247,frac_pore,0.6107715800721855,p1_c1,-0.6817726018344396,imaging
956,0.0033134526176275677,25.750886917114258,,,,,,,,,,,,,,,,,,,,,,,,,,,,,,,,,,,,,rare
957,0.0019880715705765406,19.68216323852539,,,,,,,,,,,,,,,,,,,,,,,,,,,,,,,,,,,,,rare
958,0.0033134526176275677,24.223438262939453,,,,,,,,,,,,,,,,,,,,,,,,,,,,,,,,,,,,,rare
959,0.0019880715705765406,21.38066864013672,,,,,,,,,,,,,,,,,,,,,,,,,,,,,,,,,,,,,rare
960,0.009940357852882704,56.00946807861328,0.5012304256211502,0.4952711132090921,0.5026072752957796,0.009457773581815765,1.2067369368986904,0.0597683053495112,-0.9473513268778319,-0.047358499112326244,-0.5047756953404484,-0.040247977444680165,1.2054742324901089,0.05972256427398128,1.8759260445568064,0.12668217504870202,0.08740104130378547,0.006467390475205392,0.4354847564392382,0.04170481444171077,0.09369069841271863,0.022234550330630005,0.3651767647099767,0.03425886869572101,0.26377505227764475,0.030043836637082506,0.426794160131525,0.03466603414018349,-0.20676831348840644,0.009932522644836772,0.4395401727478413,0.04134475924404947,0.5145641623087672,0.05437814975646391,K04_agglom_frac,1.8759260445568064,sharpness_c2,0.5145641623087672,material
961,0.0026507620941020544,24.569347381591797,,,,,,,,,,,,,,,,,,,,,,,,,,,,,,,,,,,,,rare
962,0.0145791915175613,91.62145233154297,0.5001313801484596,0.49949664510348873,0.5002772382129612,0.001006709793022531,-0.05038237977027402,-0.02623000295070764,-0.014985726501276213,0.02256277870832475,0.24337902136385411,0.026320605752189336,-0.051095040374454594,-0.02628056911018619,-0.14489380002745697,-0.025285995977852378,-0.31132978861966526,-0.02815587137951769,-0.014364638330619966,-0.0013453329051004417,-0.31170949672051823,-0.046331710044590524,0.09539993677932007,0.01787228927804139,0.1010146097857282,0.01387445247925662,0.057427579007825774,0.02068555253202405,-0.10910243405094187,0.01944930395227394,0.06920461632283585,0.01760343425515587,0.20588536667020974,0.058018264633040474,frac_pore,0.24337902136385411,p1_c2,-0.31170949672051823,mixed
963,0.0033134526176275677,29.510013580322266,,,,,,,,,,,,,,,,,,,,,,,,,,,,,,,,,,,,,rare
964,0.011928429423459244,63.80299377441406,0.4980444570210056,0.5103247963700646,0.49379657425392903,0.02064959274012912,-0.7553964063328913,-0.1149850076472579,0.7086116267194345,0.09078576548950383,0.020580404815174192,0.019744461592422064,-0.7555263735004107,-0.11480498486789124,-0.3368328726596788,-0.03714108944052332,-0.533648145155834,-0.062356263512163855,-0.36741630318796287,-0.04750584309144718,-0.4406288713669409,-0.047307085020772556,0.30292174731264454,0.012217703744102583,0.47054863981608785,0.04316022857332847,0.24290081041933279,0.005423204493522549,1.0094635266191831,0.1018315006160335,0.1721476491676963,0.01944632156831961,0.1458446718531609,0.01684244573482591,K01_si_frac_adm,-0.7555263735004107,sharpness_c0,1.0094635266191831,imaging
965,0.0033134526176275677,25.33315658569336,,,,,,,,,,,,,,,,,,,,,,,,,,,,,,,,,,,,,rare
966,0.00927766732935719,51.288421630859375,0.49782970100910057,0.49751453467368634,0.5033392194949673,0.0066784389899345875,-0.6234500503790219,-0.06507586088515135,0.6793008619855709,0.07174073695702544,-0.2498011749095404,-0.027073552364886545,-0.6239119691268729,-0.06507586071469296,-0.33683290040356223,-0.03115089719541056,0.13672499829673135,0.022102025606945852,0.5844046067706525,0.05026237725650264,-0.001006981031962767,0.009100602670107814,-0.526369402327077,-0.024632325658105216,-0.362152016344367,-0.01565033081324935,-0.5483696631092119,-0.03194678430488597,0.2602214468673366,0.029540191314100857,-0.09156549724742023,0.002810148895988826,-0.5019295503167569,-0.031411534873266846,frac_graphite,0.6793008619855709,p1_c1,0.5844046067706525,material
967,0.019218025182239893,95.02294921875,0.49712353271113036,0.5000084293882191,0.5020042380363764,0.005752934577739288,-0.4126840393929544,-0.06654033110949537,0.7482875058189757,0.13073158655519812,-1.0495735805683686,-0.1679025058701474,-0.41323817740136853,-0.06664075961650753,0.07947728298043004,-0.013362787219378634,1.1076807493876013,0.10616861986563464,0.9296549685387978,0.11467675935047225,0.8493583738747484,0.12457879579394418,-0.17777526930847012,0.0005505548537367924,-0.3600267723916966,-0.027459440965753323,-0.013100395340803095,0.02292664458582644,0.7840431588220061,0.10281498807140754,0.009429091290025726,0.018716757658842263,0.18295606730239503,0.05859764276145924,frac_pore,-1.0495735805683686,p1_c0,1.1076807493876013,imaging
968,0.0066269052352551355,51.10688781738281,0.5071779038802622,0.4974495079645676,0.49685325799046437,0.014355807760524364,0.34586658277522914,0.005368351589047027,-0.6397766950316139,-0.032485442819316264,0.2607968664616148,0.036857268275398064,0.35845923765240667,0.005838862204256361,-0.3368328704723462,-0.028417121248368652,-0.35801138930927157,-0.04622439393059205,-0.6022017008105472,-0.05965244336628349,-0.24128403414655786,-0.0390799762927242,0.518116076995916,0.028904843022972162,0.3675541132574691,0.024178293655495075,0.5067850014387841,0.03424704304821071,0.3160029496419098,0.048346473084855845,0.46017343865646554,0.03916302911237243,-0.12518568802756305,-0.0193275654729763,frac_graphite,-0.6397766950316139,p1_c1,-0.6022017008105472,material
969,0.0026507620941020544,22.901098251342773,,,,,,,,,,,,,,,,,,,,,,,,,,,,,,,,,,,,,rare
970,0.007952286282306162,47.23252868652344,0.5139566142325125,0.4965752599864166,0.4927564894932015,0.027913228465024975,0.5893587212874226,0.0792982431162962,-0.4344920465361857,-0.05762295608215118,-0.6926024504887955,-0.07097399582048959,0.5883661464683226,0.07914407939008747,0.008883819105171373,-0.00724767463779557,-0.1620904730891251,-0.033021243633988555,-0.8130535195633649,-0.0766542292921512,-0.10652045493280517,-0.02885332278658858,0.9867616778130817,0.11072913308066087,0.2930816704302924,0.015827291049736847,1.0757297483278259,0.1082256042701054,0.585974896787397,0.06308672163769868,0.19964603449351317,0.025786743012361536,0.2574711018513315,0.033481680214304095,frac_pore,-0.6926024504887955,noise_sigma_c2,1.0757297483278259,imaging
971,0.013916500994035786,67.30638885498047,0.4986963046806705,0.4962922733819187,0.5036297015716051,0.00741545323616255,-0.5813477391552293,-0.08435689687178628,0.3380581532000428,0.03140276272836492,0.7626196119627412,0.07423926891219122,-0.5818280794874481,-0.08440908311695186,-0.33683287677776136,-0.03929228768412859,-0.3253942812633269,-0.031908157574675355,-0.44102424657066824,-0.03726963887191192,-0.31775682011214923,-0.06173002474462371,-0.15839758671128928,-0.014064199014954837,-0.18408293460980946,-0.01711676647558745,-0.17962436085512173,-0.017312167832849737,0.24510246852775028,0.04697456029499992,-0.4126502532318129,-0.03181972464953033,-0.40252277303216716,-0.02807115279137668,frac_pore,0.7626196119627412,p1_c1,-0.44102424657066824,material
972,0.017892644135188866,90.53752136230469,0.507577097408274,0.504548257043356,0.49136941550414975,0.017261168991700493,0.4187240553566748,0.06475202709481363,-0.23099708180031409,-0.03333222849025081,-0.7071152401304845,-0.10670929630724167,0.4178061405070451,0.06461369349490577,-0.07888843238263486,-0.015282512766548219,-0.05699434305853064,0.02387513097834435,-0.09336504501153028,-0.005046860965504498,-0.16796816652142155,0.00850084816520515,0.5716713353258797,0.0986529376978417,0.24022275512476224,0.03968666536157392,0.6310918045161797,0.10023851977887771,0.31251172050295584,0.04912641548556427,0.3278535958073126,0.05345745789049288,-0.06004578925485832,0.008509427848592349,frac_pore,-0.7071152401304845,noise_sigma_c2,0.6310918045161797,material
973,0.00728959575878065,42.72991180419922,0.5048067448546986,0.49886082839210627,0.4974757195832597,0.009613489709397127,-0.5884537822342145,-0.04290228580740736,0.2559093625772091,-0.00010319878814522357,0.7517731621300789,0.049643129678666825,-0.5888843248115604,-0.0428219631561752,-0.3368328955683504,-0.029814417850313527,-0.6454828792867562,-0.07982795182801745,-0.8194082016210212,-0.0726662079266871,-0.49993177435421154,-0.06222743115172892,0.2937936222822803,0.027153331932764455,0.6341677295533475,0.05044848945475792,0.11165251491691178,0.012321481745257785,0.2629509152241119,0.03691452869171194,0.09367139574276068,0.01511101305836537,-0.05984864407753367,0.011616606102407568,frac_pore,0.7517731621300789,p1_c1,-0.8194082016210212,imaging
974,0.00728959575878065,46.81839370727539,0.4991131839978979,0.49885119480557016,0.5014621225498852,0.002924245099770406,-0.2827935676274067,0.0022641060137348797,-0.041223845655181446,-0.03905624977177431,0.913285950184355,0.07896860902204501,-0.2810869723889389,0.0027620050122110808,-0.33683289650945064,-0.029814417850313527,-0.2925697819145059,-0.05192345937529656,-0.5295886661140697,-0.045118590295007865,-0.14131675675570388,-0.04439390862793401,-0.06910519859823022,-0.011782579806802052,0.2823866703197015,0.02979970276341337,-0.04201573039799844,-0.015041257887817999,-0.45168535146089817,-0.04597339780325725,-0.017081990535957447,0.009575929609503464,-0.25340599105749745,-0.02553662606282885,frac_pore,0.913285950184355,p1_c1,-0.5295886661140697,material
975,0.0066269052352551355,48.28281784057617,0.49953511639775844,0.502899709547366,0.49819883453999647,0.005799419094731917,-0.7661164994213981,-0.09075047407964539,0.8093083688001047,0.09125523883073812,-0.21241192671295336,-0.012259861678262369,-0.7665159954449353,-0.09080673730069368,-0.3368329015836824,-0.026949546314957697,0.3742406505317822,0.004595952936125622,0.15634756032756797,0.014469025420345632,0.4479059942877043,0.021184024549520564,-0.3443176660158329,-0.0015434507899848582,-0.2976374867756685,0.0038243951620109446,-0.272867894781898,-0.0029735079314494916,0.8393223529208915,0.09263962655770272,-0.21884185507691892,0.005027863818600605,-0.03561626941030865,0.007598939863025794,frac_graphite,0.8093083688001047,sharpness_c0,0.8393223529208915,imaging
976,0.009940357852882704,64.60829162597656,0.4954838073967023,0.5061787415645908,0.4986261698746247,0.012357483129181501,-0.7778916060973716,-0.1062450119939205,0.2971392150150123,0.019524275342371753,1.6023907527341588,0.12072612830348314,-0.7782859501210191,-0.10626042806178833,-0.33683288293597297,-0.03367006446576788,-0.45656280887282696,-0.06852315526576837,-0.8318082720191942,-0.07972835776299811,-0.3230044604632304,-0.05620497459894034,-0.20499373431532245,-0.031771538538185776,0.04849804703934628,0.0035410500546131166,-0.3546440212980455,-0.040290267024035924,0.6940292328706958,0.07206689675425602,-0.4994540676465037,-0.04098149410784215,-0.39869021689674905,-0.03858796027684685,frac_pore,1.6023907527341588,p1_c1,-0.8318082720191942,material
977,0.009940357852882704,61.66754913330078,0.5012455848690495,0.502525203870775,0.4972779445523574,0.005444110895285181,-0.5003906701065876,-0.05416856910997819,0.025884047924761996,-0.004679471507781413,1.4970111397951238,0.09438282942796117,-0.5009064327294606,-0.054245040955488384,-0.3368329093711544,-0.034863871151342034,-0.5595900709813894,-0.05912729556956062,-0.5162685803301691,-0.04713310865218421,-0.455766600273407,-0.04973056615598581,0.160594860434116,0.00697026603625732,0.3552817083208854,0.0327256087069058,-0.012767020696863243,-0.016775955313747315,0.27739195797449184,0.03327013549400772,0.016497222869685784,0.0063437208103529485,-0.12703107839787345,-0.011518249605118684,frac_pore,1.4970111397951238,p1_c0,-0.5595900709813894,material
978,0.0013253810470510272,15.995040893554688,,,,,,,,,,,,,,,,,,,,,,,,,,,,,,,,,,,,,rare
979,0.0033134526176275677,27.834442138671875,,,,,,,,,,,,,,,,,,,,,,,,,,,,,,,,,,,,,rare
980,0.0066269052352551355,45.9788818359375,0.49953511639775844,0.4992895229929627,0.5008458414268057,0.0016916828536113204,0.3926767357677717,0.058709229476133384,-0.618444820727583,-0.05940487999401741,0.4597096027365527,0.045726104911815196,0.409683623934051,0.05897317552176472,-0.3368328943135504,-0.028417121248368652,-0.5663772655253808,-0.0638370717415766,-0.7990823986551434,-0.06338938937093226,-0.49532145218618007,-0.047547977675634345,0.4505775543544507,0.02779732283495987,0.453972671360637,0.03833845875030294,0.434374120291889,0.029275789075148047,-0.6642775107193885,-0.058667307759896696,0.20215365710416613,0.035980278468267346,0.29822833555405226,0.044979926822840924,frac_graphite,-0.618444820727583,p1_c1,-0.7990823986551434,imaging
981,0.005301524188204109,40.39121627807617,,,,,,,,,,,,,,,,,,,,,,,,,,,,,,,,,,,,,rare
982,0.0026507620941020544,24.625459671020508,,,,,,,,,,,,,,,,,,,,,,,,,,,,,,,,,,,,,rare
983,0.0,0.0,,,,,,,,,,,,,,,,,,,,,,,,,,,,,,,,,,,,,rare
984,0.009940357852882704,69.13485717773438,0.499314044032562,0.4952807467956282,0.5039396079816352,0.009438506408743552,0.893779643929577,0.06544346685043376,-0.9894359375510497,-0.06627522218650027,0.458165002262056,0.04286071384791085,0.8926538718394303,0.0653357555036724,0.488566832672393,0.03199612355547782,0.7226847381474563,0.05345496375203303,-0.24381307113210654,-0.005519576058557164,0.8186555494292449,0.04619706157938985,-0.530845362477435,-0.04331818110357898,-0.5720588803151202,-0.04545864773903537,-0.4758161954319797,-0.03769686470900208,-0.6609152446829565,-0.06622425968802835,-0.4533220110275577,-0.04359068835007733,-0.11375615301071726,-0.035005032145015776,frac_graphite,-0.9894359375510497,p1_c2,0.8186555494292449,material
985,0.004638833664678595,30.915592193603516,,,,,,,,,,,,,,,,,,,,,,,,,,,,,,,,,,,,,rare
986,0.005964214711729622,36.298744201660156,,,,,,,,,,,,,,,,,,,,,,,,,,,,,,,,,,,,,rare
987,0.0066269052352551355,42.50550079345703,0.49954016948039154,0.4992678474232565,0.5008582023662371,0.0017164047324742526,-0.5142292157172255,-0.04743440756684997,0.600898797669614,0.05779900419031939,-0.30397345124068775,-0.015516593619576064,-0.5147389233613413,-0.04743440744260124,-0.33683288534550765,-0.026949546314957697,0.2667244695853774,0.021598145846253365,0.024605343918611515,0.005446167452612627,0.3824796269811032,0.011591802290717554,-0.35468995992134045,-0.024379484769613987,-0.46897864666009464,-0.03388747858153451,-0.23251864345646422,-0.01768307182570983,0.01187891933991192,0.01981451451745211,-0.28818883621732694,-0.02695973069310667,-0.19955882117526824,-0.008549528015579436,frac_graphite,0.600898797669614,noise_sigma_c1,-0.46897864666009464,material
988,0.0019880715705765406,19.89946937561035,,,,,,,,,,,,,,,,,,,,,,,,,,,,,,,,,,,,,rare
989,0.012591119946984758,64.36549377441406,0.5033021895007049,0.4990101489834158,0.4984177997527812,0.006604379001409866,-0.225897672096142,-0.010913370902142738,0.42205163118348754,0.06746743900321792,-0.6694412359722604,-0.10050739090754252,-0.22653353721448283,-0.011036362959467656,-0.3368329043519529,-0.03929228768412859,0.7089464338867977,0.08236985029078345,0.7566730995557783,0.08649999387522476,0.687052817029427,0.1116387779934001,-0.04269828599334616,0.013505825539174485,-0.06638227266636718,0.015871950922378746,0.11415060638950862,0.03118693085214783,-0.012934529417564634,0.010989126379307977,0.5020831839706218,0.05979540145935027,0.39776259152961996,0.06305191374057251,frac_pore,-0.6694412359722604,p1_c1,0.7566730995557783,imaging
990,0.01656726308813784,81.80191802978516,0.4912291118196655,0.4944859759064001,0.5101730531520395,0.02034610630407907,-0.5011571171619771,-0.07082017858266859,0.6389626805796266,0.10342201293519707,-0.4842654690389776,-0.06299160782270165,-0.5016725443607825,-0.07090399982098829,-0.3368328770600457,-0.045165035222829594,0.9793462791828113,0.10863926871631274,0.3871837728486143,0.07668727461763636,0.9545170948318218,0.10420595514285952,-0.8366576013262765,-0.08715712111939751,-0.9567538005267876,-0.09946274130566865,-0.6932933754785914,-0.07677182266425102,-0.025150794426423005,0.028565193762833813,-0.5752116194961606,-0.05999875910267851,-0.3818850390489064,-0.06721442502862743,frac_graphite,0.6389626805796266,p1_c0,0.9793462791828113,imaging
991,0.009940357852882704,60.955810546875,0.5069543049737492,0.5025565130270173,0.49326505385837893,0.013908609947498318,-0.07523887591296924,0.02182838263152379,0.08954370373526234,-0.0044724285560492315,-0.04470646652569455,-0.013979852836308823,-0.07594066068459578,0.02172089497159464,-0.3368328780011459,-0.034863871151342034,-0.4718958212472936,-0.05188677328899391,-0.31941273919254204,-0.02802333356818588,-0.4025823511838309,-0.03676935260786658,0.5366501456497216,0.048421971418084846,0.5839306235685108,0.05280556241128581,0.49252917882052505,0.0481275545708684,-0.20556902448664469,-0.0216531609385924,0.29400042912169194,0.03529299600673023,0.3957528118353199,0.057062228626463984,K04_agglom_frac,-0.3368328780011459,noise_sigma_c1,0.5839306235685108,imaging
992,0.004638833664678595,36.385623931884766,,,,,,,,,,,,,,,,,,,,,,,,,,,,,,,,,,,,,rare
993,0.01126573889993373,56.95603942871094,0.49464752222093084,0.5071481212097858,0.4984999117075754,0.014296242419571614,-0.7170212780917808,-0.10809536017220896,0.8278667240946698,0.12095377956310611,-0.3678744310926658,-0.0480899775661899,-0.7174422554585043,-0.10813871756992822,-0.3368328750410036,-0.034863871151342034,-0.20624308239964378,-0.012115488975392165,0.262118434236546,0.030477552584620083,-0.21036622641213204,0.012097015606041673,0.1543567607445671,0.008606491203527198,0.10474628401170305,0.0024619695197362827,0.1667582886264265,0.013336763527385123,0.7516210145850739,0.09816871346458572,-0.06217945433141325,0.00758750342354724,0.3535663116867052,0.03144665918980431,frac_graphite,0.8278667240946698,sharpness_c0,0.7516210145850739,material
994,0.003976143141153081,27.93953514099121,,,,,,,,,,,,,,,,,,,,,,,,,,,,,,,,,,,,,rare
995,0.0,0.0,,,,,,,,,,,,,,,,,,,,,,,,,,,,,,,,,,,,,rare
996,0.015241882041086813,78.78063201904297,0.4996677598168763,0.49902821195817093,0.5009447289422568,0.0019435760836581384,-0.6021095144979793,-0.0845293762742615,0.48319948035707705,0.06838383819489469,0.2989627118160389,0.028481952509691464,-0.6025807707764812,-0.08459164296956029,-0.33683289742120653,-0.04133716002918112,0.13860455533025587,0.013056988458523277,0.08857885287198446,0.01400993696274998,0.143768551566646,0.01704240411177947,-0.6349075685266187,-0.06244046619111228,-0.5661706962625456,-0.049329845667658107,-0.5872188843613523,-0.05768814043212658,-0.07074711182125765,0.026821289501096194,-0.6261561829611847,-0.06428173798287004,-0.3608797882053157,-0.022078986137314106,K01_si_frac_adm,-0.6025807707764812,noise_sigma_c0,-0.6349075685266187,imaging
997,0.004638833664678595,30.990116119384766,,,,,,,,,,,,,,,,,,,,,,,,,,,,,,,,,,,,,rare
998,0.00927766732935719,63.993507385253906,0.501634672231795,0.501156030384332,0.4980098887515451,0.003980222496909769,-0.45881348281170226,-0.04179058697319119,0.13529844658880405,0.0006167955694467231,1.0860713688689332,0.09847311281003188,-0.4593474371731867,-0.04183836964718411,-0.33683288803954825,-0.03115089719541056,-0.5496551334585983,-0.06240676302995123,-0.7708659748134257,-0.07728758568354367,-0.49480834382299654,-0.0603563024989695,-0.13920598091913355,-0.004525760973461603,0.014074884680889455,0.012378644687826967,-0.27392753540453213,-0.015687702163686944,-0.07232120606111522,0.006375863637318917,-0.3044167455770491,-0.017245647937697603,-0.30590750716878673,-0.014945280434284617,frac_pore,1.0860713688689332,p1_c1,-0.7708659748134257,material
999,0.0026507620941020544,30.202150344848633,,,,,,,,,,,,,,,,,,,,,,,,,,,,,,,,,,,,,rare
1000,0.0019880715705765406,18.830177307128906,,,,,,,,,,,,,,,,,,,,,,,,,,,,,,,,,,,,,rare
1001,0.005964214711729622,40.60780715942383,,,,,,,,,,,,,,,,,,,,,,,,,,,,,,,,,,,,,rare
1002,0.00927766732935719,59.89240646362305,0.5035346313018256,0.49936900008188545,0.49799223026664313,0.007069262603651261,-0.15796233262464157,-0.015994918759366747,0.21802343747695593,0.015990102055514235,-0.24578523848748937,-0.013234813701436383,-0.15860097903727155,-0.015940248230850287,0.03737430812377493,-0.009015247170645637,-0.007375991393120116,-0.02394667121946761,-0.01618950459724826,-0.0012249452929352681,0.04113167282023599,-0.011846925048024893,0.1916314236887618,0.015126122452225233,0.24792585148039017,0.029097686764546882,0.11463129402861416,0.003794653695108169,-0.1298074266280072,0.009803870104779924,0.41459700191077403,0.03449842524388048,0.43731286159840055,0.061757071428592915,frac_pore,-0.24578523848748937,sharpness_c2,0.43731286159840055,mixed
1003,0.008614976805831677,49.30821228027344,0.5039578269723445,0.49796490484424905,0.49872594031432105,0.00791565394468896,-0.22698718301406104,-0.03298807952957091,0.43160280187754274,0.05414420319080801,-0.601923027354491,-0.053421817663167996,-0.22762257139298503,-0.03303748587089462,-0.33683288992174865,-0.03243408064992298,0.00930448004774041,0.020661474695844922,0.6220489377675309,0.041594156143413434,-0.30532544306623244,0.008952745105563506,-0.3304913450348473,0.0017465555865504008,-0.01594875157617793,0.01635646665492998,-0.42269699878669825,-0.009916187474218886,-0.08431390672442288,0.02605925991802719,-0.12605367976416776,0.010377174385975912,-0.4247491970691231,-0.016771222881341245,frac_pore,-0.601923027354491,p1_c1,0.6220489377675309,imaging
1004,0.010603048376408217,58.395355224609375,0.5122613050091208,0.4984899353104664,0.4925375242804167,0.02452261001824163,-0.48459171708738347,-0.0339972440549587,0.5441021715337303,0.057321572745658536,-0.2191974656095317,-0.0280967163662433,-0.48511439241232684,-0.03404173416404628,-0.336832900117001,-0.036019696756253675,-0.26076290424090814,-0.03029571638240344,-0.47058139556962236,-0.039380299789162965,0.0016664423528296307,-0.004663237498861876,0.6842970212659385,0.06419236247384612,0.6803897401534071,0.054623685325206235,0.7327894053234483,0.07611324743047937,0.8667622413485913,0.06170631349304236,0.370764833850033,0.04225588277625165,0.8657941485327773,0.08138003565210868,frac_graphite,0.5441021715337303,sharpness_c0,0.8667622413485913,imaging
1005,0.0026507620941020544,24.39282989501953,,,,,,,,,,,,,,,,,,,,,,,,,,,,,,,,,,,,,rare
1006,0.0033134526176275677,38.82849884033203,,,,,,,,,,,,,,,,,,,,,,,,,,,,,,,,,,,,,rare
1007,0.005301524188204109,41.71229934692383,,,,,,,,,,,,,,,,,,,,,,,,,,,,,,,,,,,,,rare
1008,0.0,0.0,,,,,,,,,,,,,,,,,,,,,,,,,,,,,,,,,,,,,rare
1009,0.007952286282306162,54.23491668701172,0.4967811863627405,0.5002287976802324,0.5020819353699453,0.00643762727451902,-0.15787779833004653,0.01265870682716657,0.12551143204687923,-0.0072954423062010585,0.19865205857479848,-0.0036730386084965353,-0.15854342493253845,0.012590240121679709,-0.3368328403571429,-0.03115089719541056,0.18429644976371795,0.029043279844284575,-0.010476205114851995,0.013706846490232063,0.19260371871396262,0.025303251795441548,-0.15995316323585698,-0.02254926055857152,-0.26558047948561175,-0.02976862149241777,-0.05167231841908541,-0.007371091342286092,-0.32418924723037695,-0.040418078975168505,-0.14480438353015412,-0.012259470363044835,0.1437717929015094,0.014296207936302796,K04_agglom_frac,-0.3368328403571429,sharpness_c0,-0.32418924723037695,mixed
1010,0.005301524188204109,32.70781326293945,,,,,,,,,,,,,,,,,,,,,,,,,,,,,,,,,,,,,rare
1011,0.005964214711729622,38.01750564575195,,,,,,,,,,,,,,,,,,,,,,,,,,,,,,,,,,,,,rare
1012,0.01126573889993373,60.21936798095703,0.5003410830777316,0.503487358326068,0.49720466184001405,0.006974716652135893,-0.47240310771679805,-0.06895370979005826,0.5016950808649134,0.06523072960162984,-0.21884407126314548,-0.019457400606464493,-0.47293111607463467,-0.06899718191735224,-0.22435682044446256,-0.017630981972616207,0.13965121165650335,0.007483883231252202,0.4405711682867677,0.04312108676239455,0.02232744009817414,-0.0025031811962904333,0.05883522832868089,0.016404329574073586,0.06787398048538099,0.0211017716827021,0.10713608038440317,0.015297167317126402,0.6626229297629662,0.09665945997276276,0.17556608836045895,0.025569450106681293,0.04460182207335528,0.010364039258014244,frac_graphite,0.5016950808649134,sharpness_c0,0.6626229297629662,imaging
1013,0.005964214711729622,33.75292205810547,,,,,,,,,,,,,,,,,,,,,,,,,,,,,,,,,,,,,rare
1014,0.003976143141153081,27.046024322509766,,,,,,,,,,,,,,,,,,,,,,,,,,,,,,,,,,,,,rare
1015,0.011928429423459244,62.28790283203125,0.4961268121617593,0.5048577360108282,0.4991453293307434,0.009715472021656346,0.06718456332544312,0.04883792734138251,0.07036402138752539,-0.019482055283257478,-0.40172169321896684,-0.03437386266353377,0.0664204621129642,0.04871221049471382,-0.3368329024697515,-0.0382310813155339,-0.27604661386737833,-0.007191860285048889,0.22164021220121516,0.0048049419644145795,-0.3953385002142981,-0.02832381851089187,0.23840995016133393,0.04884670862617442,0.3173809170498366,0.053384979732375035,0.18868540326360858,0.04696730471885614,-0.4794604799584333,-0.047029539217754456,0.33907871940490264,0.036550278487564224,-0.0823202707612348,0.024841296745719974,frac_pore,-0.40172169321896684,sharpness_c0,-0.4794604799584333,mixed
1016,0.003976143141153081,27.253726959228516,,,,,,,,,,,,,,,,,,,,,,,,,,,,,,,,,,,,,rare
1017,0.01126573889993373,60.910911560058594,0.49844744036099214,0.5034945835159701,0.498522867737948,0.006989167031940191,-0.5738360843842979,-0.07198124416282344,0.6036460942120427,0.07473956503331466,-0.07455329104568072,-0.004891430065646146,-0.5743197114443581,-0.07201009178132797,-0.336832896415357,-0.036019696756253675,-0.057019677290625556,0.016505395652347918,0.14796325017266163,0.018783394516676558,-0.08789884556272125,0.0156988262219064,-0.13450045815367945,-0.020336867007423463,-0.21796648253283393,-0.01601490425654297,-0.20347182526455285,-0.027716452127877225,0.34534742918980654,0.04020624976916802,-0.15027362292442237,-0.007594944428016304,0.09207853107700271,0.020992095670746003,frac_graphite,0.6036460942120427,sharpness_c0,0.34534742918980654,material
1018,0.007952286282306162,56.37260055541992,0.5006013168333341,0.49839119104847146,0.5007593148507857,0.0032176179030570795,-0.4871251121893334,-0.0379332380065766,0.4633000409460028,0.035026408766311246,0.09393775194441818,0.02986512906256923,-0.48764667904038306,-0.03801870774186966,-0.3368328841007862,-0.029814417850313527,0.2536998612748176,0.02306317678392237,0.24835202116507082,0.012994207311160912,0.2869029528541318,0.04586149091828779,-0.48701302166473426,-0.04807796659008726,-0.3705720850000741,-0.033859825758265794,-0.4472731181824143,-0.04146541364690344,-0.08144031879160912,-0.0030392159840451137,-0.23425617486650657,-0.016046737140112503,-0.28040250916278087,-0.005713929446815588,K01_si_frac_adm,-0.48764667904038306,noise_sigma_c0,-0.48701302166473426,mixed
1019,0.01126573889993373,60.210227966308594,0.5003663484908969,0.49439204843767304,0.5038557301783507,0.011215903124653925,-0.7172927927998665,-0.10466542277066655,0.8633767563444952,0.12626988569515538,-0.522974290917447,-0.06576178499830232,-0.7177136513863726,-0.10470868465483021,-0.33683287898726233,-0.036019696756253675,0.2694005676791108,0.03661138265026046,0.34978659223596525,0.04878543214304438,0.32286211072045884,0.05972467377778772,-0.35802672037679534,-0.017032860428369347,-0.21121123127278474,0.0008411200648683107,-0.2159350916851298,-0.007072201924070189,0.9101786321145325,0.08506662336184241,-0.11234289727558838,-0.005087765313733061,0.16827971856314403,0.020105832875299004,frac_graphite,0.8633767563444952,sharpness_c0,0.9101786321145325,imaging
1020,0.003976143141153081,32.86043930053711,,,,,,,,,,,,,,,,,,,,,,,,,,,,,,,,,,,,,rare
1021,0.0013253810470510272,15.25265121459961,,,,,,,,,,,,,,,,,,,,,,,,,,,,,,,,,,,,,rare
1022,0.013253810470510271,62.945552825927734,0.4914602903501281,0.5039907132225792,0.5030425569486139,0.01707941929974377,-0.6529259022581665,-0.09399005241840977,0.7504494341301622,0.10608281976721907,-0.35285196145910863,-0.034347850930592866,-0.6533749240928035,-0.09404329801819057,-0.33683290770647534,-0.03929228768412859,-0.20391103528825935,0.005692520193362413,0.42515343022623975,0.048688580702600036,-0.13872671387234004,0.019472372693107576,-0.17538912174875626,-0.028436549662496473,-0.1728255830508427,-0.02906393445532246,-0.22375604424625867,-0.02606565738703675,0.535413143376822,0.05195132400258486,-0.2774618808947764,-0.02599125626492077,0.061326014528703565,0.01044036390682142,frac_graphite,0.7504494341301622,sharpness_c0,0.535413143376822,material
1023,0.013253810470510271,69.57737731933594,0.5029206817619088,0.49852365286334277,0.4990411442698217,0.0058413635238177,0.10088468799553485,0.021438593646987854,0.09792943699156574,0.014455186971882994,-0.6770423632924999,-0.08294498370626142,0.10010584154037167,0.021318490709112934,-0.3368328965094506,-0.04032698302125703,0.6744737069614419,0.045117909721584804,0.8357786016408765,0.08309730617525539,0.736207313921269,0.06462856285110175,-0.10704787661452668,0.030201866146319457,-0.03417808892476845,0.02854820421263605,0.0903925604521266,0.04161397567787805,-0.03963760285611699,0.008627409549668279,0.5542786414619992,0.05922172408112876,0.05904814127897817,0.0134489372441393,frac_pore,-0.6770423632924999,p1_c1,0.8357786016408765,imaging
