batch,site,n_tiles,tile,si_depth_rel_band0,si_depth_rel_band1,si_depth_rel_band2,si_depth_rel_band3,si_depth_rel_band4,si_depth_slope,si_depth_mid_dip,F02_soc100_pore_loss,K01_si_frac_adm,K02_si_density_per_1000um2,K03_ecd_d50_um,K03_ecd_d90_um,K03_ecd_max_um,K05_voronoi_sigma,K09_mst_m_norm,K09_mst_sigma_norm,K14_empty_p95_um,K15_si_graphite_contact_frac
Batch_1,4ih2ggld,16,0,1.162389207275834,0.5791873815936749,0.638711897388436,1.359697426333243,1.2600140874088122,0.1951519610011048,-0.572489749953887,0.15252811941553662,0.1427564133035445,118.838237391263,0.4753945931439391,2.2325662972818363,4.030699268218938,0.9306081835813615,1.5939581919822805,0.8703045453934506,0.982344135219425,0.5457073984795104
Batch_1,4ih2ggld,16,1,1.3801351280645693,0.3085989169940815,0.4064901808485341,0.6654267279718844,2.2393490461209304,0.4150511294181048,-1.4032519062442157,0.0986971969996052,0.1342457867051521,134.06834330959532,0.4406461512053774,1.3115801936964946,6.276973610891607,0.8599083903562029,1.5665658674738565,0.7906687363506062,1.2020815280171309,0.6130346232179226
Batch_1,4ih2ggld,16,2,0.839032064113132,0.6197270143737993,1.2339195164513377,1.5114872875726597,0.7958341174890708,0.1610728759901475,0.4164864256502363,0.1708799436272351,0.1426256912424141,142.6058848695156,0.4547429857485878,1.3898676811070314,6.227589945768191,1.126556080103057,1.438814920338779,0.7097511459247298,1.2041594578792296,0.5989905568218821
Batch_1,4ih2ggld,16,3,0.4424315157772248,2.088276754468501,0.3719748161755184,1.4083916156354825,0.688925297943272,-0.03737951490018489,-0.19370359068472998,0.254614599758835,0.2367094896727943,129.33651942808018,0.4107179369392123,1.4059776374288275,9.483588895625436,1.666386260606842,1.2486228942683133,0.7958978563246745,1.0295630140987002,0.5223140495867769
Batch_1,4ih2ggld,16,4,0.3189178556830287,0.8219091045790807,0.6191837562398209,0.5062435272116551,2.7337457562864143,0.9027980447678691,-0.9071480497449006,0.14460948730234788,0.129189047868042,122.00725705503,0.4222008245644753,1.4100013296881715,7.345739711280015,1.1277725624766182,1.5331406432621753,0.8601740698044319,1.1661903789690602,0.5154030621656521
Batch_1,4ih2ggld,16,5,1.3122742626067447,1.6717733170152926,1.0425472577847887,0.10439656894280333,0.8690085936503709,-0.4907816171970476,-0.04809417034376895,0.11626994506931729,0.0961757855207491,133.09882587821457,0.4406461512053774,0.99142939600625,4.1845222951933625,1.4186127871159366,1.6604852355499211,1.1269794677178162,1.051189802081432,0.6146309601567603
Batch_1,4ih2ggld,16,6,0.9807382082584363,1.2765119585032092,2.0427362908516926,0.2566093008849626,0.44340424150169905,-0.4189141182263442,1.3306650659716248,0.1694590230117077,0.1381361506866897,110.70465922217944,0.4029119531035698,1.8754530765473407,5.128852600165896,1.163005634429408,1.5718606348527515,1.0322837708506216,1.2747548783981963,0.548445336008024
Batch_1,4ih2ggld,16,7,0.3155322525315124,1.9785684787110829,0.4313617112634509,1.4201384199742364,0.8543991375197169,0.10386074224791245,-0.15360398376216367,0.3309653685145249,0.2684715469590837,77.92018051508484,0.4478115991081385,1.6010472978988075,9.625014767517529,0.8308305705997938,1.3136032802214197,0.7202358777063376,1.1236102527122116,0.4497200912295251
Batch_1,4ih2ggld,16,8,0.6252542985790648,1.7540175501836386,1.4297512665199612,0.6616754083752696,0.5293014763420665,-0.2568495572564731,0.8524733790593956,0.08743874129481558,0.0849633568843976,135.641364232968,0.4442433223290478,1.1957618104379266,4.231045733500927,0.8411511872805786,1.5474346256861815,0.9187428820492082,1.5787653403846944,0.574345883854499
Batch_1,4ih2ggld,16,9,2.279206134606681,1.5194707564044543,0.11997853831855779,0.13849434734097893,0.9428502233293281,-0.8107376463236363,-1.4910496406494467,0.5217391304347826,0.2097292186302799,97.81386022399371,0.4424447367672126,1.5042051685322084,8.554126292961183,1.1724291220223393,1.4272947004985856,0.7264351070059227,0.7000000000000001,0.533922697368421
Batch_1,4ih2ggld,16,10,0.23169777104016945,2.308609813373759,0.4546557385178285,0.36100371616737276,1.6440329609008704,0.1754128565030031,-0.48320962745269147,0.1593232044198895,0.106174042559934,107.74666856807843,0.3969374944424311,1.2819911146055514,6.171109688137841,0.9620439691966868,1.462049530764972,0.929672541422878,2.1242645786248,0.6028855250709555
Batch_1,4ih2ggld,16,11,0.7647725593765007,0.8171309976729585,0.37862907694012493,1.5695191116274856,1.4699482543829312,0.4325479007934775,-0.7387313299395909,0.04869408586010207,0.0814913406537687,109.33117839996196,0.5292567428401228,1.591713943449119,3.6432845419846185,0.9916680981422368,1.6287012855998415,1.0431121122365496,2.109502310972899,0.5590416428978894
Batch_1,4ih2ggld,16,12,0.5374046209734328,0.6436443577014773,0.7144215953826086,1.94819609482662,1.156333331115861,0.5084818314819997,-0.1324473806620382,0.1621153012570438,0.13291693283176,130.9137940552519,0.4652426491681278,1.3887457841055353,5.771027931955452,0.994559153089812,1.2956438378813595,0.6815016163103585,1.6985287751463032,0.4903608502224419
Batch_1,4ih2ggld,16,13,0.07007070097625356,0.31481332225354264,0.506245669589244,2.320112355091321,1.7887579520896377,1.0885347070129092,-0.42316865694370165,0.17554927126386774,0.0974988512303718,104.57764890431145,0.3888354504585442,1.284584369300267,5.253935032892806,1.0603744003800286,1.6442894695309411,1.1222183578829974,2.0796634343085425,0.5427661510464058
Batch_1,4ih2ggld,16,14,0.8248475547890742,0.40169251757473756,1.3422659782605304,1.5037930868908345,0.927400862484824,0.2614414369415192,0.4661417696235812,0.46062142119590727,0.2290951964101229,118.29559703787822,0.3949327084834294,1.324984638197852,9.842966019333826,1.0800073142420026,1.1984095510245123,0.9314729846269996,1.0606601717798214,0.4903282532239156
Batch_1,4ih2ggld,16,15,1.9485696867679834,1.6898071204767984,0.6203356971356352,0.3428208278985225,0.3984666677210602,-0.8894384661344247,-0.5531824801088866,0.20963494913225614,0.1311102660392007,136.26784554198156,0.480387263985918,1.213871595102018,6.659588308746087,1.3250901963512525,1.4125436395176352,0.7222132708275074,1.4089002803605373,0.5530842745438749
Batch_1,4ih2ggld,32,0,1.105835106657437,0.3961544146734271,0.09385635115082648,2.076669917933959,1.3274842095843504,0.4247627418228715,-1.1228033069700671,0.16084443327469214,0.137186861244474,133.09882587821457,0.3969374944424311,2.0193168509164803,4.030699268218938,1.0401056111511402,1.7743013665995115,1.0758042627822777,1.0547511554864497,0.5672757475083057
Batch_1,4ih2ggld,32,1,1.2147644933391077,0.7486959388270884,1.1433077584368072,0.6957024385874679,1.1975293708095291,-0.017492749059755723,-0.06283917363751135,0.13353812793639322,0.148325965362615,126.76078655068052,0.4966765494268017,2.2009451917966008,3.4618444816051053,1.1104972793683856,1.7227967818964345,1.022661331608986,0.95524865872714,0.5286816504528682
Batch_1,4ih2ggld,32,2,0.7137631047084805,0.1138532297140674,0.37055336875882805,0.4907649421075414,3.311065354711083,1.1143032424797354,-1.6418608609509535,0.05561917225584819,0.1659758203799654,147.589888522531,0.4029119531035698,1.4402267331312906,6.276973610891607,0.918834041522584,1.601355429322616,1.1068267477685356,1.341640786499874,0.5865312264860798
Batch_1,4ih2ggld,32,3,2.47086058646285,0.6273609171749834,0.4653119717792313,0.9513151653226615,0.48515135926027375,-0.7294928412514948,-1.0126940010823304,0.15376959442647425,0.1022246518039644,152.1129438608166,0.4616932693897599,1.3556040693036784,3.0324862096718124,0.7801591200293728,1.9292225055776309,1.0748708477320057,1.118033988749895,0.6389496717724289
Batch_1,4ih2ggld,32,4,1.880922317530104,0.90414598590765,1.2594916492880217,0.3207524382750785,0.6346876089991458,-0.6151725929388977,0.0016866860233968328,0.27656219199684606,0.1164614726434377,133.09882587821457,0.4889315613630584,1.6961078581258016,3.027233328177948,0.7986263374504416,1.795994458802067,1.1672521997862928,0.7905694150420949,0.5693553830577118
Batch_1,4ih2ggld,32,5,0.12193558251437558,0.4239714219609036,1.216319115234394,2.3310282787163747,0.9067456015739521,0.6953353789749248,0.7019785231902301,0.06560509554140127,0.1687899098413905,171.1270618434187,0.4442433223290478,1.1901641301469847,6.227589945768191,1.2897512493790788,1.4813345768152115,0.7959777748684063,1.700735135169495,0.6256701356039105
Batch_1,4ih2ggld,32,6,0.43119405424952406,2.247861243805822,0.48979622165456593,1.4123664248414707,0.4187820554486176,-0.17206376331323295,0.06480816680549512,0.3119884448724121,0.2280981128487902,145.7749045332826,0.380514961622854,1.56745069496144,6.6848728425709325,0.5412078420320456,1.408330522532038,0.9564545143129516,1.0920164833920778,0.5609146123615577
Batch_1,4ih2ggld,32,7,0.45277193990556114,1.9414311968677846,0.2635585781268453,1.4047340980619798,0.9375041870378287,0.08655347909174595,-0.43157948534484963,0.1742857142857143,0.2452425812529439,141.30946773433817,0.4222008245644753,1.3860921936523036,6.726881403732914,0.5869614274928396,1.348616577132806,0.9270003929808908,1.0259142264341596,0.4887657740843336
Batch_1,4ih2ggld,32,8,0.059592162214509095,0.7631540773648651,0.44241720429410414,0.7511035510559,2.9837330050706217,1.167246231880652,-1.0792453793484613,0.0673963133640553,0.1265548002725356,133.09882587821457,0.3384810923925561,1.2983608280917642,5.430599502350382,0.8508892703352794,1.825683055305637,1.4188307423165554,1.2257650672131264,0.5353583293782629
Batch_1,4ih2ggld,32,9,0.5680881729634438,0.8783632436849026,0.7890280059312845,0.2709723937789514,2.4935481836414173,0.648705834289999,-0.7417901723711461,0.2050889611631911,0.1318232954635483,139.43686520574855,0.4314234878849263,1.4147368093977142,4.946562538869593,0.8293203152217257,1.633968740580629,1.1526752109561615,1.265207411882311,0.5027173913043478
Batch_1,4ih2ggld,32,10,1.764730226981563,1.5236023608951978,0.22165351566823002,0.10277184154546483,1.3872420549095443,-0.4351613726987542,-1.3543326252773238,0.23998618784530387,0.1114148088288887,171.1270618434187,0.3721024414337757,0.6917145450899747,3.753875152606492,1.454820299120921,1.745389360188429,1.5097478081280469,0.662365262552306,0.6218197498921949
Batch_1,4ih2ggld,32,11,0.6870036908623197,1.8765378592998547,2.1769796443350855,0.10664185756457314,0.15283694793816704,-0.5676458975167173,1.757059324934842,0.03894736842105263,0.0809367622126095,129.92980621444752,0.4296739856991561,0.993358267278101,4.132086917635994,1.4504450787986507,2.036207451510143,1.5196772291245175,1.3009611831257688,0.6068752754517408
Batch_1,4ih2ggld,32,12,1.8824765933381504,0.5809939687207353,2.185014539208899,0.09471451962632277,0.256800379105893,-0.7475263755117856,1.1153760529868775,0.08781152647975078,0.1406123389313462,127.10719903398528,0.3929073590028827,1.954990612770285,3.744961092622702,0.9076213637940116,1.6893867224259338,1.4015245094281683,1.480709289496085,0.5416508178014454
Batch_1,4ih2ggld,32,13,0.08569714559967709,1.9766354694200028,1.886550887500346,0.41938768198730275,0.6317288154926709,-0.09303688952934248,1.527837906954172,0.23281642917015927,0.1356109337783755,123.14273214835455,0.4235776377163088,1.6056017589074765,4.395250503952449,1.192014788837127,1.902309539620732,1.2849537437625862,1.35,0.5569727891156463
Batch_1,4ih2ggld,32,14,0.45244432217637304,2.008562063187802,0.10298655737312153,1.4900946128626016,0.9459124444001016,0.09369375882445122,-0.5961918259151158,0.1145083932853717,0.3317203239186253,118.50681414181312,0.4163983445509067,1.250760967389004,7.853389303158941,1.2260003582790453,1.3533573437262978,0.8097551151884912,1.341640786499874,0.4901601830663615
Batch_1,4ih2ggld,32,15,0.10109503192011313,1.9385449234039809,0.9113608982599113,1.3355884420301718,0.713410704385823,0.12433497271152208,0.5041080301069432,0.3463822300417858,0.2069354812881323,80.0678975771454,0.6358093703724523,3.2490604923215307,5.446402325707077,1.1434523142762691,1.6045341636531356,1.131699483629493,1.0547511554864497,0.4162861491628615
Batch_1,4ih2ggld,32,16,0.056654421971970785,2.4424350805694073,1.7348102414293016,0.4823456466359363,0.28375460939338426,-0.3011778118181288,1.5646057257466242,0.14688664183076106,0.1064315254076151,114.08470789561248,0.4370041966356692,1.000797903124913,4.231045733500927,0.7291800615634975,1.854494679668916,1.7982286355395491,1.5008331019803636,0.5321770880876312
Batch_1,4ih2ggld,32,17,1.5860229750033155,0.587949298668817,0.912291936273127,0.9698249326258669,0.9439108574288732,-0.18046972023836721,-0.35267497994296737,0.031101205551615843,0.0631875858854539,170.3645963082313,0.4950743503369154,1.1497927558635537,1.674607445725474,0.7285098360432541,1.8236365964774248,1.2154072940625738,1.6278820596099708,0.6111553784860557
Batch_1,4ih2ggld,32,18,3.360835354808164,1.0383767395898469,0.1469618603780502,0.2950686466269342,0.1587573985970047,-1.4294928010770465,-1.6128345163245341,0.28222279392847954,0.1930974511267709,137.8212753390157,0.418258440105989,1.2694916718191138,7.290499625880888,0.9417886087310394,1.5863323413058494,0.9395812810291496,0.6987467948507143,0.6139433551198257
Batch_1,4ih2ggld,32,19,1.352323715945455,1.9243234728746395,0.09667099103698717,0.01951057265922772,1.60717124748369,-0.27902356742778855,-1.3830764906775852,0.5942028985507246,0.2261494974365619,87.47276600225159,0.451351666838205,3.063193973432063,5.52128044929993,0.718862615432109,1.6709474304940952,1.1694038920644023,0.7071067811865476,0.4617784711388455
Batch_1,4ih2ggld,32,20,0.12694404102361911,2.940909978535927,0.3019982064126624,0.15954637788357104,1.4706013961442201,-0.018809778082230826,-0.49677451217125723,0.261226034308779,0.1659298695948408,117.25372755937948,0.3949327084834294,1.4367486045407092,6.171109688137841,0.2625843460220681,1.5747318596550703,1.1041022524724493,1.600781059358212,0.5609310816978549
Batch_1,4ih2ggld,32,21,0.6047524525624954,0.05682807057740139,0.9983080458149469,1.0784445477437306,2.2616668833014253,0.8670890677288375,-0.43490162211701344,0.020757020757020756,0.0464182155250273,136.26784554198156,0.3612575996921783,0.7990788979754622,2.65528981073083,0.7610634859651617,2.101836381990864,1.6187416711842162,2.704163456597992,0.6479566715903495
Batch_1,4ih2ggld,32,22,0.5046613765704973,0.8569721488932973,0.6169197165424848,1.1309663277047959,1.8904804302889247,0.6091264572496705,-0.5806511868872261,0.03793951052687827,0.0788293641362044,126.76078655068052,0.587552246544514,1.2872903081997769,3.2326635400879336,0.7172189377234995,1.749219221674302,1.307312297289782,1.477328670269416,0.5620111731843576
Batch_1,4ih2ggld,32,23,1.0084449654575875,0.7798077689129669,0.15539817670691874,1.9803557811593047,1.0759933077632222,0.2671289393715212,-0.8868209599034862,0.03877774732803508,0.084153317171333,120.4227472231465,0.4634495280440189,1.6400007908743393,3.194528909096352,0.9023790591712838,1.934797630105295,1.3781120806515008,2.5504901489713703,0.5568535825545171
Batch_1,4ih2ggld,32,24,0.4755389450149321,0.404275651408291,0.2607358420110281,2.063031484746254,1.7964180768194937,0.8601028193894171,-0.8752426689061847,0.08798909869573682,0.1155204898728214,160.15073009891665,0.454864184146723,1.3980066885278035,3.4062289047272163,0.9183577969892032,1.5482062738504707,0.8983761682067289,2.0500000000000003,0.4756533700137552
Batch_1,4ih2ggld,32,25,0.585521699824309,0.8298174292261068,1.0672833855478543,1.8588809224628575,0.6584965629388719,0.23500264389317524,0.44527425416626376,0.1318748472256172,0.1504729761848172,126.76078655068052,0.4458560132448575,1.1158381824318455,5.708918395489493,0.5395702933811528,1.4127868716385703,1.2710221127592205,1.4534441853748634,0.5119439868204283
Batch_1,4ih2ggld,32,26,0.09546265107984943,0.768278185060432,0.6518922131959581,1.387573947748309,2.0967930029154522,0.9243912932718163,-0.44423561380169274,0.039266530839044265,0.0604015147913992,114.08470789561248,0.3721024414337757,1.284584369300267,2.317301831855434,0.5549414980134211,2.0347527188938943,2.0347930594269226,3.2692697584109838,0.5284116331096197
Batch_1,4ih2ggld,32,27,0.05872475794107819,0.11219058233519415,0.44116609199516454,2.7368006206502815,1.6511179470782817,1.1618792833178986,-0.4137552605145154,0.2540514775977121,0.1345961876693444,110.91568823184546,0.378469878303024,1.0345652609084175,5.253935032892806,0.8166066379319695,1.7938229651781428,1.3239908576622113,1.5620499351813308,0.5574606116774792
Batch_1,4ih2ggld,32,28,0.9401390389050372,0.03546868288370192,1.2790620086826332,1.559242045753103,1.1860882237755237,0.4031343465220746,0.21594837734235273,0.45173561578697097,0.1803409865158213,139.43686520574855,0.38879235067486,2.0261472572469343,4.39452623097992,0.5338042237549399,1.485959318422105,1.2729377111743954,1.1510864433221335,0.5082528807225164
Batch_1,4ih2ggld,32,29,0.7504798046740115,0.6379219566640026,1.3830351387227315,1.468026227365789,0.7605368725734648,0.17004368130013842,0.6275268000989933,0.35405156537753224,0.2774061862144764,150.73009891662738,0.3989223307934996,1.609793610969434,7.695140552762542,1.234330892813224,1.3086288077152592,1.1247483851642637,0.890224690738243,0.4729091414281745
Batch_1,4ih2ggld,32,30,1.3833870047407086,1.652465276074794,0.6545613917562154,0.5633823035082199,0.7462040239200624,-0.47268978684157353,-0.41023412257417013,0.19864464210080474,0.1145521382960181,183.80314049848675,0.478719192317028,1.234360324927849,3.28782659743508,0.9826028514346292,1.6738651920928962,0.9947590849342433,1.5532224567009068,0.5739626227431105
Batch_1,4ih2ggld,32,31,2.3873859544716485,1.7187998856671303,0.5937623571332542,0.1715736071254176,0.12847819560254978,-1.2130083592559822,-0.6641697179038448,0.10033030553261767,0.1476683937823834,126.76078655068052,0.4667974603142211,1.2507774849473394,5.742829207585975,0.6850632625314856,1.5508219335444076,1.006146860275023,1.2020815280171309,0.5277777777777778
Batch_1,5n1q8atc,16,0,1.5848169166946167,0.6733605739927103,0.29601095569251407,2.151362831542856,0.2944487220773027,-0.22054682633689648,-0.6436218636934457,0.1032377428307123,0.0766268954698864,102.99313907242792,0.3699638510165959,1.1532159197729128,5.181337259891592,1.1323372682321435,1.7368307453912848,1.462777685926158,2.1639085008382404,0.6158615344872126
Batch_1,5n1q8atc,16,1,0.6064696365518853,0.7204696060803516,0.5212884512666331,2.237361324160371,0.9144109819407584,0.42655488177155293,-0.23915185797968874,0.07425273494702386,0.0767817288507188,113.5637731563631,0.4437217368663015,1.0056580921046625,5.566924691322298,0.9585522028227882,1.6921253492747808,0.9196530922322882,1.3793114224133722,0.5792712949286066
Batch_1,5n1q8atc,16,2,0.1306938880057019,2.053777503695929,1.2475638887574163,1.2409689876078502,0.326995731933103,-0.08404096564665532,1.0187190787880138,0.2756734006734007,0.1712841381377118,86.75010449444403,0.4406461512053774,1.2715046983949467,8.398658867838842,1.4192415382216603,1.49655942757325,0.8616489811569105,1.0307764064044151,0.5694338664635694
Batch_1,5n1q8atc,16,3,0.8447983639091503,0.8962168521777313,1.6465013761399576,1.3475906781510738,0.26489272962208715,-0.14168748852015692,1.0916558293743388,0.2559528614093147,0.2137147248498677,82.39451125794234,0.3989223307934996,1.3214733409917383,8.532889508582675,1.0719938827322852,1.371677063401117,0.8325160650597109,1.392838827718412,0.547686910765183
Batch_1,5n1q8atc,16,4,0.7833841365989447,0.3389435879591822,2.3511776475099597,0.5001136194175585,1.026381008514355,0.12943275505783927,1.44629507495331,0.28051027639971654,0.1928546529131213,98.2396095767774,0.4221839940915959,1.5916645922858512,8.103145273410341,1.4799123637249132,1.368925967022541,0.9605532423720132,1.89010581714358,0.5494419424319561
Batch_1,5n1q8atc,16,5,1.9088487358820214,0.5740351552730211,1.2908739876530104,0.08497969715251182,1.1412624240394351,-0.4048456163611364,-0.23418159230771796,0.16374016088573654,0.1325186709883991,99.36830151181772,0.4107362166615078,2.2924887735541795,4.753276314430444,1.1463013299280007,1.5033664381256429,0.727413023787183,1.811767093199344,0.5729401170643854
Batch_1,5n1q8atc,16,6,1.9891875559057801,1.2633109000298164,1.1067148166290413,0.41138287320721195,0.22940385422815035,-0.8742990860355727,-0.0025808884379239228,0.07768800497203232,0.0896404602487362,83.59555524010062,0.4853342309955121,1.626621242781349,3.939643391262925,1.0933204208413134,1.805268943810561,1.1759047563242404,1.6070158679988198,0.5957750499571796
Batch_1,5n1q8atc,16,7,0.2696630208476824,0.732359956076999,1.2221693082127352,1.5100302659388145,1.2657774489237683,0.5539798332027973,0.4544490733270098,0.32078034325225335,0.1213892982205954,85.56353092170934,0.4201025682893914,2.367330796013545,4.5880096745031045,1.1983364588798486,1.6806636531864616,0.9084999603947942,1.7000000000000002,0.626877067956223
Batch_1,5n1q8atc,16,8,1.6423122598642865,0.5545777649767123,1.0592060196155433,0.9200357423219601,0.8238682132214966,-0.2542860231880664,-0.17388421692734823,0.3542268041237113,0.2003414618687709,90.31706041735988,0.4145929793656026,1.873167458541311,7.005271954246673,1.4398261685660785,1.4046742303718938,0.7261889132627553,0.6020797289396148,0.5847556698620529
Batch_1,5n1q8atc,16,9,1.9446978409807683,0.5335259362322435,0.401193598614073,0.25588232539377254,1.8647002987791428,-0.08752773904834486,-1.5035054712658824,0.48706624605678234,0.2107120606304366,91.48192837595916,0.454864184146723,1.5261709843031612,8.090565183893814,1.4232435259906453,1.2271068994535934,0.7076920369553602,1.1510864433221335,0.559257697174188
Batch_1,5n1q8atc,16,10,0.4629459376302468,0.5812942467917167,0.228208187872738,0.6195508368085819,3.108000790896717,1.065673259309961,-1.557265176390744,0.27263695713880215,0.2407039376661067,99.36830151181772,0.4184141935942003,1.7128725867542611,11.546054019994596,1.0445110468614451,1.2052933093030576,0.6423865692732726,1.0547511554864497,0.5957755228825844
Batch_1,5n1q8atc,16,11,2.0348925650598013,1.2205037172773219,1.0300298384629107,0.5895488619288483,0.12502501727111784,-0.8901379901851679,-0.04992895270254882,0.4658500371195249,0.2931303576238691,133.09882587821457,0.4048774238081959,1.0526279266861036,11.189886502021269,1.601596173225835,1.1986966716111016,0.735615118410123,0.4609772228646444,0.5696747448979592
Batch_1,5n1q8atc,16,12,0.9132832815542709,2.4207224303112183,1.3091801556447853,0.1898850033739026,0.1669291291158224,-0.7447091463628426,0.7690739503097387,0.07642752562225476,0.1591560900635388,134.68333571009805,0.3989422804014327,1.2616075515134406,7.130249295871431,1.5291807962562751,1.38528313881064,0.8688476055167401,0.4,0.5767450829155418
Batch_1,5n1q8atc,16,13,0.211209212085166,1.9798266798409492,0.5604546086806372,1.3142386175956613,0.9342708817975861,0.15610705543591044,-0.012285438260738801,0.08702659145850121,0.0847745680239114,152.99563883565585,0.4184141935942003,0.9900242178067298,4.36180947511525,0.8995238115102901,1.8260266222752173,1.0094722220940144,0.9848857801796104,0.6089869925108395
Batch_1,5n1q8atc,16,14,0.24490265289651614,0.3919337612909826,0.3024917019480271,2.3817114241337936,1.6789604597306802,0.9715786553022276,-0.6594398543655711,0.24754661432777234,0.2633733172451321,88.32737912161575,0.4221839940915959,1.751749815184528,11.310981060626483,2.419485742256204,1.3053678332193852,0.7889207378367896,0.3535533905932738,0.6611230678927803
Batch_1,5n1q8atc,16,15,0.7272810696227505,0.3842603213640076,0.09038018591761261,2.811785738418941,0.986292684676688,0.5891097294325615,-0.7664066912321066,0.21593230230522323,0.1024425219058484,98.2396095767774,0.4459989090217912,1.4639844326836386,6.6848728425709325,1.3805107275818145,1.6575608550955625,1.2336380751247884,1.565247584249853,0.5362397820163488
Batch_1,5n1q8atc,32,0,3.6916629414394277,0.7408359409924005,0.12673223066607062,0.35827203641240296,0.08249685048969804,-1.5201792172958917,-1.7603476652984924,0.027357998957790515,0.0504587155963302,126.76078655068052,0.3656107253543871,1.0787454062456183,2.8226399790232337,0.9436637696193636,2.6367429086806906,2.5632967058968026,2.3150320075223845,0.6602564102564102
Batch_1,5n1q8atc,32,1,0.551654158688298,0.6402717599796729,0.37902246786094473,3.03066516759141,0.3983864458796743,0.4167715963988978,-0.09599783442304144,0.14400458978772232,0.1027950753434425,107.74666856807843,0.3633943371235751,1.3560613582366945,5.181337259891592,0.5546025048775478,1.6605940939666428,1.3474837191013027,2.127204738618265,0.5736472945891784
Batch_1,5n1q8atc,32,2,0.6096935361555963,0.48374745356946375,0.35330329660525495,2.5676091911538226,0.9856465225158628,0.5671535420609782,-0.44436673273047456,0.08188872379065544,0.0953838907206782,141.30946773433817,0.4652426491681278,0.8574818494674046,4.94334400606812,0.7724521756924174,1.637890848512111,1.0105599649992272,1.6620770138594665,0.5730027548209367
Batch_1,5n1q8atc,32,3,0.6011265787504951,1.1127957635944903,0.7996948849217409,1.690032418477065,0.7963503542562087,0.19353684117880032,0.10095641841838898,0.05727665706051873,0.0580089049452551,117.25372755937948,0.3989422804014327,1.0904648532273185,2.535716802190768,0.5687611177921594,2.1669118704235726,1.401653053054333,1.2298373876248845,0.5865180467091295
Batch_1,5n1q8atc,32,4,0.026794141505199796,2.26554431189834,1.6512720099526847,0.6798700660042153,0.3765194706395605,-0.17724471752508056,1.4496152038803045,0.19267624914442164,0.1784078845209234,79.22549159417532,0.461809077155419,1.2812935848900904,7.268855343700782,0.5313950351922689,1.7711422355215996,1.187190669722472,0.9617692030835672,0.5448487954894926
Batch_1,5n1q8atc,32,5,0.2426363828467426,1.8256180939461895,0.8126052310481862,1.8455018690872567,0.27363842307162384,0.016377571118165932,0.554467828089003,0.23537803138373753,0.1642251530852567,113.04757418747054,0.4278138901440738,1.1941157948399486,4.899037192985762,0.8333333333333334,1.828078844094705,1.4341933299980998,1.110180165558726,0.5931520644511581
Batch_1,5n1q8atc,32,6,0.2994293095399096,1.2075235816304384,1.8473539097320937,1.591322453136227,0.054370745961331034,-0.021263651130273755,1.6704538819814734,0.16074414715719063,0.2944653071572309,79.22549159417532,0.4886025119029199,1.5664700191944347,7.977848189985126,0.8706844210891174,1.5036829585790965,1.037950575475672,1.6124515496597098,0.5622119815668203
Batch_1,5n1q8atc,32,7,2.049823759609959,0.20836609893515654,1.2027057448507894,0.8090508100684712,0.7300535865356249,-0.40777112700307083,-0.18723292822200244,0.24970414201183433,0.1329641425425044,120.4227472231465,0.3888354504585442,1.6815944160639886,4.631855603188369,1.3212647548933756,1.713583935630566,1.0912209441274847,1.3,0.5358925143953934
Batch_1,5n1q8atc,32,8,1.277066601478266,0.4504293225904969,2.2358230134928063,0.39295002465543666,0.6437310377829936,-0.2648300850651211,1.2754241938621766,0.1800190748688603,0.1551710478363518,126.76078655068052,0.4126285440535111,1.8709078809665212,5.165339742933211,0.9319328689989318,1.597790195401528,1.153128617810838,2.4397745797511705,0.4940085040587553
Batch_1,5n1q8atc,32,9,0.4515584731909839,0.26400913011166105,2.428712562527209,0.5721429772636294,1.2835768569065173,0.39443412291660696,1.5611448974784583,0.37259699405802166,0.2305382579898908,101.4086292405444,0.4890855051087163,2.5557687032156107,5.779846239735867,0.9527140695096754,1.5551685394176151,1.2248841342040404,0.5852349955359814,0.6061929337038507
Batch_1,5n1q8atc,32,10,0.857678768537507,0.9209860353160901,2.266938935922457,0.05275897115341443,0.9016372890705312,-0.15606200461932554,1.3872809071184378,0.2940983606557377,0.1164704035170356,113.04757418747054,0.4222008245644753,1.8908606309299127,4.286355868395484,1.6285246109134714,2.0358092162868595,1.7766156715720822,0.9617692030835672,0.5862068965517241
Batch_1,5n1q8atc,32,11,2.737545578411417,0.3005141189644806,0.521386686966643,0.11038112102205969,1.3301724946354003,-0.6009758330988908,-1.5124723495567658,0.11632005639760311,0.1487141702714265,114.08470789561248,0.3632886569241259,2.28331667191344,4.736841128547105,,1.7510449445180196,1.1997961838419884,2.191460700081113,0.5611601513240857
Batch_1,5n1q8atc,32,12,2.5787804011291993,1.4496512180416303,0.43428045503368035,0.2454850005789741,0.29180292521651635,-1.1556242338576044,-1.0010112081391775,0.027314548591144336,0.1028663782858772,98.2396095767774,0.4820437914901168,1.6641201909113954,3.7581125116173406,0.8366459963365067,2.222741032234639,1.5344806418293804,1.6620770138594665,0.5924119241192412
Batch_1,5n1q8atc,32,13,1.202905039733183,1.0148069785563283,2.0034749894831756,0.6326246975858341,0.1461882946414783,-0.4991231542307809,1.328928322295845,0.10476036269430052,0.0765347778301146,84.7856806406029,0.517088294582641,1.1912361508108846,3.939643391262925,1.256631720561526,2.1884485994913367,2.332704441048046,1.7000000000000002,0.5989143546441495
Batch_1,5n1q8atc,32,14,0.1037005348561909,0.4235164700849477,2.3145262233448998,1.1150118115018601,1.0432449602121014,0.5141168384257466,1.7410534758107536,0.08640142517814726,0.0448970860864191,82.39451125794234,0.4181370975847653,1.2973560748713209,2.486277938945929,0.2459016393442623,3.0311832606576514,1.970881218972,2.15,0.757753562447611
Batch_1,5n1q8atc,32,15,0.3076613463951915,0.8030719320626756,0.9720661995054299,1.6004726315089404,1.3167278905277635,0.5631067575422817,0.1598715810439525,0.44430352990911015,0.1978815103547717,117.25372755937948,0.3699638510165959,2.700435110924293,4.5880096745031045,1.039954914576445,1.5286653309474607,1.0586801821419785,1.2000000000000002,0.571062271062271
Batch_1,5n1q8atc,32,16,0.8794237919809198,0.6721029731028442,1.6397049147354699,1.036671457377125,0.7720968628036422,0.029982925183945047,0.8139445873431889,0.19198012775017742,0.2516280838522603,114.08470789561248,0.4685402604527366,2.749209927212055,6.236017863594821,0.9801517293446272,1.508629286703734,0.903220204441042,0.6020797289396148,0.6000780335544285
Batch_1,5n1q8atc,32,17,2.930382251044652,0.3561468013857927,0.0790847591750866,0.7231066094445845,0.9112795789498837,-0.734249107226149,-1.8417461558221813,0.3676181102362205,0.1490548398852814,98.2396095767774,0.3867888913947525,1.809809031039244,5.736728957563023,0.573077319698732,1.925347353270304,1.5523644868159194,0.670820393249937,0.5611468695143359
Batch_1,5n1q8atc,32,18,3.429143844727016,0.06435309594069202,0.43264616613648343,0.595946577631129,0.4779103155646783,-1.0741747153268477,-1.5208809140093638,0.43866283466949024,0.1293295650808604,100.48673261108492,0.4617576249687417,1.3314199015121702,5.954004704758703,0.6123713895517695,1.7471720919381444,1.5312821420363305,2.0554804791094465,0.5617977528089888
Batch_1,5n1q8atc,32,19,1.281913182106182,0.743005135961365,0.38715046118538804,0.10404832884167865,2.483882891905386,0.35299652249574404,-1.495747575820396,0.5768645357686454,0.2928411845795503,107.74666856807843,0.4404089893678573,2.274447976236579,7.58787797825743,0.6689478135495813,1.220685357002652,0.7929924451838487,0.206155281280883,0.5544401544401545
Batch_1,5n1q8atc,32,20,0.30463847912255826,0.2110954456151197,0.11490202615830371,0.4706793883392467,3.8986846607647716,1.4895352612017105,-1.986759543785361,0.07308868501529052,0.2531254456433902,104.57764890431145,0.4184141935942003,1.4689042343063838,9.200961761111769,0.5310393997550705,1.3728986011179938,1.2145573277299322,1.2099069120402088,0.5954285714285714
Batch_1,5n1q8atc,32,21,0.6368826241114242,0.9880416825913647,0.35270073239521843,0.7831199238402703,2.239255037061722,0.5999646134299,-1.0853680981913547,0.3450741525423729,0.2283953524886167,113.04757418747054,0.4164685206129915,2.6870655536819097,5.22720964090944,0.0184275184275184,1.52543800536337,0.6495386068576675,1.0770329614269007,0.596553966189857
Batch_1,5n1q8atc,32,22,1.9537647031274923,1.4742537595338652,0.6827800381641785,0.7949000145357893,0.0943014846386752,-0.879656036395142,-0.3412530557189052,0.3635050553683197,0.2327011139104118,136.26784554198156,0.4333622420659609,2.336395605006542,5.454870132318528,0.5560117823973428,1.6588083489389114,1.0648800286679152,0.5656854249492381,0.5884389061959155
Batch_1,5n1q8atc,32,23,2.08822983496283,1.053676511809553,1.2583281798854904,0.45454136153849956,0.14522411180362735,-0.8970293193178915,0.1416012065022616,0.39051646028390213,0.3535596013373263,164.78902251588468,0.4107179369392123,0.9258129686426776,9.123139209687508,0.5566919608397798,1.1387689371130567,0.8347883862482761,0.4,0.5538461538461539
Batch_1,5n1q8atc,32,24,1.2100167794058894,1.553016041300416,1.6602977487652237,0.33871741287882856,0.237952017649643,-0.6316856303868162,0.9363133502374575,0.05847145488029466,0.1310151954492877,183.80314049848675,0.3612307314010634,1.5714845852024428,4.163933176749008,0.9914401097524086,1.6919466885860224,1.504332831973537,0.5385164807134504,0.5417205692108668
Batch_1,5n1q8atc,32,25,0.7061754881534349,3.026345849469977,1.064114497531087,0.08600609471591017,0.11735807012959172,-0.8235949181603507,0.6523477183895736,0.10699919549477072,0.1872969846777899,110.91568823184546,0.4107362166615078,1.2616075515134382,6.6798712446606165,0.9914952374424018,1.7224305289680144,1.3717285427565118,0.2,0.6282847587195414
Batch_1,5n1q8atc,32,26,0.30213451815926995,3.032413881715224,0.28122697348339104,1.1569515766996852,0.22727304994242922,-0.4050370482898441,0.01652318943254144,0.13039167079821518,0.0953132359868111,147.589888522531,0.3826519928662906,0.9031462676644758,4.36180947511525,1.1944191963096933,2.1301122168741107,1.519018041894087,0.9178779875342912,0.6428279525950144
Batch_1,5n1q8atc,32,27,0.09403627342101942,0.6233865316674321,0.9202875747158193,1.5169300969133015,1.8453595232824282,0.8792380129937373,-0.049410323635904474,0.06566380133715377,0.0741392150338292,171.1270618434187,0.475382804211517,0.9437145263612464,2.9185565874723487,0.5489862981491939,1.8419003318074396,0.9886067155992015,1.0124228365658294,0.5774647887323944
Batch_1,5n1q8atc,32,28,0.2013080052514709,0.6120362416324943,0.33609575830267274,1.7791291851035438,2.0714308097098186,0.9814677104775488,-0.8002736491779721,0.23930982745686422,0.3163473879355421,114.08470789561248,0.4221839940915959,1.9777075961438917,8.25473181486619,1.1028582618796314,1.4441875588715876,1.171614285757,0.1414213562373095,0.6527117031398668
Batch_1,5n1q8atc,32,29,0.30967623232307984,0.0649022043790886,0.2525622924694819,3.2770371264691494,1.0958221443591998,0.9568853492324598,-0.45018689587165794,0.17170980678089684,0.210880829015544,94.20631182289212,0.4202733869772971,1.3886457635548437,7.590813895557564,0.4392329439659748,1.64563604903475,1.535621368060334,0.894427190999916,0.6738461538461539
Batch_1,5n1q8atc,32,30,0.8284326954448236,0.09736493372055086,0.10500791486585008,3.366790016969058,0.6024044389997175,0.5634737140716587,-0.6104106523564206,0.1859020310633214,0.1187986246454659,98.2396095767774,0.3742410318509555,1.3750493532712624,5.602547445277336,0.1136363636363635,1.9867360851462357,1.8322421181497035,1.3647344063956182,0.6117886178861789
Batch_1,5n1q8atc,32,31,0.5876433854149911,0.7803133478461357,0.07018691488563125,2.045614047630112,1.51624230422313,0.6244997074800508,-0.9817559299334294,0.13303805774278216,0.0860864191662309,117.25372755937948,0.461809077155419,1.326952283130184,3.6467776248023096,0.8387919213729995,1.8935363107803576,1.430535512480892,1.680029761641144,0.4854147675478578
Batch_1,f1vzngrs,16,0,0.0,0.5440454285735862,2.4918956456173,0.08768168898353175,1.8763772368255822,0.659278146812222,1.553707027204509,0.36601815823605705,0.0712375924692054,27.33500760254898,1.009989243116351,3.226935251924384,4.225776214485412,0.358383370486478,1.8450178734184768,1.1063538828259971,2.3769728648009427,0.5921938088829072
Batch_1,f1vzngrs,16,1,0.2969354038245184,1.0976824222740564,0.4568707449164063,0.2649789159772865,2.8835325130077325,0.8680981424139315,-1.1333632134997191,0.28254477412456563,0.1384020815795515,30.61146399326547,0.9575855087856036,4.1076638668567576,5.832748977568258,0.6186163895971019,1.7580825951207986,1.1654687560654473,0.7762087348130012,0.7861060329067642
Batch_1,f1vzngrs,16,2,0.016930052337243828,0.0,1.5224506324010374,0.02476803953041227,3.4358512757313058,1.3725220972637069,-0.20394003163323737,0.2402795197993191,0.0675875615417974,28.910827104750727,0.517088294582641,3.239739374903024,4.756958041522511,0.5945037647747581,2.448156946268857,3.0477920384712114,6.2700677755975285,0.7226753670473083
Batch_1,f1vzngrs,16,3,0.6474499546334457,0.02182415577416109,0.6573700254398825,2.4036331563996507,1.26972270775286,0.7252709013728634,-0.3012163057532703,0.15238305871945151,0.0645063468470777,34.16875950318623,0.5369039794618115,2.4265591656674994,4.300812421640832,1.0058034057167295,2.103756866871202,1.828103965443072,5.120449177861716,0.6528301886792452
Batch_1,f1vzngrs,16,4,0.01054010206896079,3.187464345245947,0.3556138785005901,0.0955483165816663,1.3508333576028355,-0.08226590351930631,-0.32507285133530806,0.16477003319108582,0.0930842430765551,23.91813165223036,0.5792323717141512,3.9526715095318696,5.146510043646396,,2.151166221195343,1.5724449551225768,4.500944317588346,0.6509090909090909
Batch_1,f1vzngrs,16,5,1.0044930147999243,0.29565742676992846,0.4032816783556346,0.6794554044074611,2.6171124756670516,0.7218073798743574,-1.4075210668778535,0.11046414906005657,0.0685696793449146,44.21655910138346,0.6124202942548849,2.088453949778258,4.555634377250128,0.7569900133368703,2.3666543757331624,1.5088106393442704,2.1310204580542536,0.6302780638516993
Batch_1,f1vzngrs,16,6,0.648401974425111,0.2433112359476407,0.3412135142643035,1.575424203207151,2.191649072155794,0.8837214325441751,-1.078812009026149,0.171884467784286,0.0660910010799044,34.01273777029497,0.7797148303803916,2.5931666234973165,3.980636398144033,1.0223789447851317,2.3830986968361656,1.7332386869280867,2.600696971008521,0.6487706974410437
Batch_1,f1vzngrs,16,7,0.0,1.6353209572344982,0.006449042971885569,0.4930586490323422,2.865171350761274,0.9176160786640782,-1.4261366324087514,0.2860520094562648,0.1089001076315924,13.66750380127449,,,,,,,3.880318546254678,0.7350993377483444
Batch_1,f1vzngrs,16,8,0.027990375119056658,0.2152046873907799,1.3169242064211903,0.9140463481501782,2.5258343829187955,1.138905935271775,0.04001182740226428,0.24755896049271445,0.0464310730698922,25.62656962738967,0.5046265044040321,2.460576162097328,4.053536274021398,0.9805481775813988,2.941238598239754,2.329360726484569,4.0620806594628815,0.6526104417670683
Batch_1,f1vzngrs,16,9,0.16841995886001052,1.0694049710499933,0.9149856933666096,2.6465405271229523,0.2006488496004341,0.32831866751076116,0.7304512891363872,0.17791164658634537,0.0516143295664226,23.80891643920648,0.8443995455163962,2.169011886071527,4.471358177467322,,2.7394681000602645,2.016097218920026,3.3018744666010127,0.7307351638618246
Batch_1,f1vzngrs,16,10,2.5291714200005693,2.211902348092207,0.09195922022697763,0.07555884974063766,0.09140816193960839,-1.4023740028946987,-1.2183305707431111,0.12987630827783064,0.1087854901660671,34.01273777029497,1.0751575134998237,3.539096644701908,5.350290465433471,0.3452278180100659,1.7571677293776466,1.5958147726784957,8.861433292645158,0.6555671175858481
Batch_1,f1vzngrs,16,11,0.6389856025967819,1.9232550529772316,0.0,0.3953580274131523,2.0424013170128337,0.2557868806536047,-1.340693459804808,0.2500361323890736,0.0744537269574428,30.751883552867607,1.0330205657548417,2.8440679384886187,4.234053942720983,0.6865220466695803,2.2014484309630844,1.8566929509753516,4.85025772511111,0.6657894736842105
Batch_1,f1vzngrs,16,12,1.3423726783080494,1.6877576910292187,1.623665626812919,0.0,0.3462040038498129,-0.7360190079891381,0.7793772857339879,0.0852476430752888,0.0539610134454068,23.91813165223036,1.297937252546682,2.3010166592049246,3.602428911125541,,3.0037053971105925,1.868708783450389,5.959876177559407,0.7808219178082192
Batch_1,f1vzngrs,16,13,0.06883259015090566,0.988052623178823,0.9434421343721602,0.08469022484389913,2.914982427454212,0.9577874552543376,-0.5484653744303987,0.3536350505536832,0.1216593114121238,23.80891643920648,0.5934799507280102,5.211722386865566,5.721449877010287,,2.120914566502935,1.3409159774118795,1.8437052943505072,0.6362984218077475
Batch_1,f1vzngrs,16,14,3.1787400662444627,0.025676414105367227,0.4130234611806214,0.8157763567190959,0.5667837017504526,-0.8867625572748585,-1.4597384228168362,0.055991440798858774,0.0289618462114061,30.61146399326547,0.4834435807804009,1.6352860907133626,3.007717899894093,,3.059933080535683,2.414626283683292,4.217863509140961,0.6825053995680346
Batch_1,f1vzngrs,16,15,0.5168024749203192,0.031268130705580155,1.9221117201149327,2.322624854995398,0.20719281926376895,0.3344274825953434,1.5601140730228886,0.052676513275847346,0.0607734098713546,22.209693677071048,1.3374982468597496,3.279913641378814,3.6858467062975073,,2.8235997455177286,2.462485267546404,6.412682737046816,0.7994207096307024
Batch_1,f1vzngrs,32,0,0.0,1.597899836045053,2.5448381327868748,0.0,0.8572620311680718,0.023324845258218152,2.1162071172028387,0.2594427244582043,0.0455640407974988,20.501255701911735,,,,,,,5.147086554547145,0.7406716417910447
Batch_1,f1vzngrs,32,1,0.0,0.049252823488796456,2.467038747965608,0.12884890430551216,2.3548595242400827,0.9578630258593762,1.2896089858455668,0.403125,0.0969111441409119,41.00251140382348,0.8312595912182905,2.9744365300380218,4.225776214485412,0.108852181279119,1.86494082110057,1.4228704852323266,1.3341664064126335,0.509493670886076
Batch_1,f1vzngrs,32,2,0.28390943270499625,0.6151838151899968,0.5204539156299881,0.3147386899582535,3.2657141465167654,1.1326328604783589,-1.2543578739808927,0.14224369296833064,0.1505501946842729,37.243947858472986,0.6482044814428575,3.609049811604256,5.162257613806866,0.1177944862155389,2.2951792021587223,2.027669594442341,1.1510864433221335,0.8290422245108136
Batch_1,f1vzngrs,32,3,0.31257320800175836,1.6769266616585186,0.3805385341765218,0.20524182656735482,2.424719769595846,0.5505216576194022,-0.9881079546222804,0.3844515441959531,0.1261425178958878,41.00251140382348,1.0477670403912231,3.0315036030706133,3.9985879486403455,,2.3543240713904714,1.5877504626368375,0.6363961030678928,0.7510271158586689
Batch_1,f1vzngrs,32,4,0.04135813294299119,0.0,0.29180460465332675,0.0,4.666837262403682,1.850191651784276,-2.06229309302001,0.1347517730496454,0.0555242341926776,37.58563545350485,0.4145929793656026,1.1012541334134651,4.20728092367037,0.1428571428571428,3.7118455927272014,5.006391714937071,11.551834269908994,0.7316561844863732
Batch_1,f1vzngrs,32,5,0.0,0.0,2.375358480326183,0.04193370278117731,2.5827078168926394,1.041469867313291,1.0840045718798634,0.20653489310205728,0.0795412222786524,33.858134416793625,0.8758817541584604,2.9821851404912127,3.554842117660993,,2.292262541502441,1.6195988106463992,5.821254109085488,0.7169559412550067
Batch_1,f1vzngrs,32,6,0.7874969365555006,0.0,0.7995627731727962,2.47952942485427,0.9334108654174328,0.5542714565156267,-0.060891127813670454,0.1827485380116959,0.106102540447269,47.83626330446072,0.6243797056732908,2.473185763878317,4.280039012658314,,2.39998298545944,2.482937527384905,4.326285476082132,0.6589797344514325
Batch_1,f1vzngrs,32,7,0.0,0.12271921593160252,0.0,2.052757793764988,2.8245229903034095,1.515816911688041,-1.4122614951517047,0.10928319623971798,0.0229101532468863,30.751883552867607,,,,,,,13.67707936658993,0.6400580551523948
Batch_1,f1vzngrs,32,8,0.0,3.4681948303525627,0.0,0.1738057017494314,1.3579994678980063,-0.1156780385614238,-0.6789997339490031,0.10542440079293566,0.1023439769019185,20.501255701911735,,,,,,,6.189709201569974,0.5988200589970502
Batch_1,f1vzngrs,32,9,0.02340903459372103,2.844706595193491,0.7898004715098922,0.0,1.3420838987028958,-0.041471373395028314,0.10705400486158378,0.2788361621059924,0.0838245092511916,27.33500760254898,,,,,,,6.0623425087710325,0.7036496350364964
Batch_1,f1vzngrs,32,10,1.871311845718908,0.037376401712095365,1.0548451149858027,0.10050099127030086,1.9359656463128938,0.03848643814923545,-0.8487936310300983,0.02955082742316785,0.0508633824276282,57.55882850854916,0.458349784423754,1.811097239861148,2.6020090851357973,,3.57277510106542,2.676994367253748,2.524381112272868,0.8314606741573034
Batch_1,f1vzngrs,32,11,0.49026763598117307,0.44887820741592827,0.01675286394307526,1.0229101631124777,3.0211911295473457,1.1271757885657787,-1.7389765188211843,0.201370384468976,0.0864384193531853,51.25313925477934,0.3949327084834294,1.8528103101423925,4.555634377250128,,2.540852431243785,2.4472000899750976,1.6763054614240211,0.4890061565523307
Batch_1,f1vzngrs,32,12,0.8075848862734107,0.004397739479706692,0.33982532343188077,1.7487011349306432,2.0994909158843584,0.8656230909345661,-1.113712577647004,0.19241617047947351,0.1066236140296926,54.67001520509796,0.650936726114693,2.822965908723506,3.356809492793148,,2.33453023058173,2.1485754439554943,1.9093846604412656,0.622813156053184
Batch_1,f1vzngrs,32,13,0.0,1.2164809124405866,0.34686805133848053,0.8696128611021061,2.5670381751188263,0.9574416597798343,-0.9366510362209326,0.008522727272727272,0.0259268664296597,27.0865075334349,,,,,,,4.729217492448174,0.7145390070921985
Batch_1,f1vzngrs,32,14,0.0,3.002651233626101,0.012160958604523972,0.0036851389710678708,1.9815026687983073,0.19280784858831634,-0.9785903757946297,0.30120481927710846,0.1155160336903968,13.66750380127449,,,,,,,3.178049716414141,0.7633136094674556
Batch_1,f1vzngrs,32,15,0.0,0.09153560108831707,0.0,1.0455862069770037,3.8628781919346786,1.7359613979516084,-1.9314390959673393,0.2687470889613414,0.102284181572788,20.501255701911735,,,,,,,4.565219818155414,0.7090909090909091
Batch_1,f1vzngrs,32,16,0.0,0.0,1.396005974979018,0.2185109213041937,3.3854831037167883,1.397895425747554,-0.29673557687937624,0.358995358995359,0.0656638135752481,20.501255701911735,,,,,,,11.401025171975691,0.568904593639576
Batch_1,f1vzngrs,32,17,0.09575182862960605,0.7361902889718891,1.1254764119250416,2.5978569898688195,0.44472448060464337,0.511922400969401,0.8552382573079169,0.1008684034736139,0.0271983325645362,34.16875950318623,0.4726363278047047,1.589776161070252,2.253935620973523,,4.593008599056875,4.33099094742711,3.941255758893482,0.7627906976744186
Batch_1,f1vzngrs,32,18,0.0,0.0,1.5251759347408111,3.252483619868959,0.22234044539022976,0.7394329021298836,1.4140057120456964,0.2295973884657236,0.0529625867614694,23.700694091755537,,,,,,,10.05730452006101,0.745697896749522
Batch_1,f1vzngrs,32,19,0.3475543413518428,2.2068426026668355,0.2659767942374739,2.0020489687651386,0.17757729297870817,-0.1089495461295933,0.0034109770721983956,0.09929980903882878,0.0502537030393111,27.33500760254898,,,,,,,2.8017851452243803,0.7185430463576159
Batch_1,f1vzngrs,32,20,3.3414564635642594,1.5615429761088195,0.07752799219406634,0.0,0.019472568132855448,-1.6411021533943255,-1.602936523654491,0.04148248894933696,0.0661080074487895,23.91813165223036,,,,,,,11.16445251680529,0.7020905923344948
Batch_1,f1vzngrs,32,21,2.1773877225701246,2.4935594170579476,0.09820908386303183,0.10828181041308638,0.12256196609580906,-1.2989858239186987,-1.051765760469935,0.2367379255740301,0.1510749957677332,50.78720162519044,1.1269678104867615,2.960053397601029,5.326140915963398,0.4297269969666329,2.0205281862317386,2.118844112187979,1.092930308708262,0.6356877323420075
Batch_1,f1vzngrs,32,22,1.0530018437314121,1.6899833807275726,0.0,0.7030584599210733,1.5539563156199425,0.0029968045941120365,-1.3034790796756774,0.1831457255856404,0.0806809833768985,47.83626330446072,1.184935123100321,2.2408021600954124,2.326213245840639,,2.633927129125362,2.62163672365519,2.9501059245965964,0.6408888888888888
Batch_1,f1vzngrs,32,23,0.14987804899401364,2.1988358771163417,0.0,0.0318490854112279,2.619436988478417,0.5544262174527386,-1.3846575187362153,0.15528634361233482,0.0682264705379871,27.33500760254898,,,,,,,7.1953977922605095,0.7015503875968992
Batch_1,f1vzngrs,32,24,0.07583392249970182,2.837298466208356,1.9772308085897863,0.0,0.1096368027021561,-0.5539385411606894,1.8844954459888572,0.03188405797101449,0.0461790784685562,27.33500760254898,,,,,,,3.302423273684002,0.9213709677419356
Batch_1,f1vzngrs,32,25,2.2892839949726826,0.8283184010804209,1.3593271924241297,0.0,0.5230704115227667,-0.8721491135960505,-0.04685001082359497,0.05727130570758405,0.0617429484222575,30.751883552867607,,,,,,,6.871289878810994,0.687248322147651
Batch_1,f1vzngrs,32,26,0.1133951510294484,1.7294437975053445,0.8031597383565073,0.0,2.3540013131087005,0.5503537053306318,-0.430538493712567,0.39781328847771236,0.1258760792280345,20.314880650076173,,,,,,,6.6000000000000005,0.5884101040118871
Batch_1,f1vzngrs,32,27,0.020668396770863764,0.18674077784201468,1.095062425403659,0.1762252777305226,3.5213031222529403,1.3981507901705321,-0.6759233341082431,0.26295045045045046,0.1174038576529479,34.16875950318623,0.5934799507280102,3.535164015440045,5.363066409766649,,2.7540884792309472,2.071359703451228,0.8216570264660732,0.6805555555555556
Batch_1,f1vzngrs,32,28,0.0,0.08805197064777566,0.24151397663389898,2.7975368960093294,1.872897156708996,1.2910558477559086,-0.6949346017205991,0.02455897613282601,0.0169477047135803,34.16875950318623,0.3623305342142816,1.52169668149952,1.7251659154465238,,3.3020207487315507,2.7947001388614945,6.43622560201241,0.7387640449438202
Batch_1,f1vzngrs,32,29,4.487243762219082,0.0,0.4836240103753314,0.0,0.02913222740558642,-1.7832446139253986,-1.7745639844370027,0.12509505703422052,0.0408667682410699,27.0865075334349,,,,,,,9.683626627765014,0.6473684210526316
Batch_1,f1vzngrs,32,30,0.8063255240191226,0.0,2.3394951301928044,1.5446807115471703,0.3094986342409023,0.11020538639814575,1.781583051062792,0.03649043139798897,0.0778962294773888,27.33500760254898,,,,,,,6.370674959485339,0.8527131782945736
Batch_1,f1vzngrs,32,31,0.0,0.08708215789642133,1.177076808420167,3.7112654483272602,0.02457558535615167,0.7346668922286282,1.1647890157420913,0.05336217775374076,0.0436505902653204,20.501255701911735,,,,,,,6.485223572760962,0.7314662273476112
Batch_1,ffwubibz,16,0,0.0,0.0,0.6534252128090798,0.02837454398054317,4.318200243210376,1.7329550060802588,-1.5056749087961083,0.2533002640211217,0.0544063161609033,10.585744530698658,,,,,,,9.58529965380652,0.4901960784313725
Batch_1,ffwubibz,16,1,2.6016660695091365,0.30768541741311356,0.030455034037979216,0.047026155499820844,2.0131673235399496,-0.2875313507703337,-2.276961662486564,0.09778575703171753,0.0490165086055497,19.318580962416576,0.4853342309955121,3.256209807242474,4.211817892196036,,2.9705796579790986,1.772906657184132,4.048487275433341,0.7414364640883978
Batch_1,ffwubibz,16,2,0.8401134122287969,3.6988412228796843,0.4394723865877712,0.0,0.021572978303747537,-1.0671844181459564,0.00862919132149903,0.07952639368524914,0.0356164383561643,15.806111696522652,,,,,,,9.60221328652931,0.6432637571157496
Batch_1,ffwubibz,16,3,1.8237993043735663,0.8632428032265226,1.8663509213350107,0.04699178568785614,0.3996151853770443,-0.7329238511063423,0.7546436764597053,0.08960096735187424,0.0596021524347212,21.17148906139732,1.2934620217064543,2.9362937456813047,3.4861255649355387,,2.9187928991971104,1.721983075270602,4.911720676097126,0.7748123436196831
Batch_1,ffwubibz,16,4,0.3657314629258516,3.481963927855711,0.7965931863727453,0.0,0.3557114228456913,-0.7004008016032062,0.4358717434869739,0.032800851970181046,0.0044019054340155,12.3500352858151,,,,,,,9.393774528803618,0.6437246963562753
Batch_1,ffwubibz,16,5,0.9300184162062614,0.4023941068139963,2.014732965009208,0.003683241252302025,1.6491712707182318,0.20791896869244922,0.7251381215469614,0.009727866026351435,0.0237530734106076,24.58728486125746,0.9617196224763174,1.70323530922874,1.8839201763740592,,3.2191509270944745,2.8882013471584176,6.220932393016793,0.7833698030634574
Batch_1,ffwubibz,16,6,3.7065779748706578,0.0013198183929891247,0.1362052581564777,1.1558969485798756,0.0,-1.2517157639108862,-1.7170837292788512,0.16147364295512442,0.0831664910432033,15.806111696522652,,,,,,,7.765919128663787,0.7088122605363985
Batch_1,ffwubibz,16,7,3.680285149463847,0.3609297310249805,0.05601150182711316,0.8874977535493919,0.015275864134667225,-1.3606901096267896,-1.791769004972144,0.1601188065343594,0.0736282639378969,21.17148906139732,0.5436549833270026,3.0179811275420487,5.529345763103724,,2.5301926912984336,1.601811185124511,2.4622144504490264,0.7653679653679654
Batch_1,ffwubibz,16,8,0.024899444550852325,0.0,1.651024707910362,0.0,3.3240758475387855,1.319670561195173,-0.02346293813445688,0.0,0.0230284050811573,14.114326040931545,,,,,,,8.251734650617776,0.8176638176638177
Batch_1,ffwubibz,16,9,2.507862936599901,0.03227942393643436,2.408127793411687,0.0,0.05172984605197815,-0.9889091210064563,1.1283314020857473,0.04685983640648828,0.0530470670881629,22.8310502283105,0.6257165172872318,3.281432592165347,3.946101827387509,,2.5698667575609764,2.4037303708458784,6.35973656824097,0.7362637362637363
Batch_1,ffwubibz,16,10,1.2212227473700261,1.0946790669309345,2.2442445494740055,0.3834425979570057,0.056411038268028665,-0.6081719774355848,1.605427656654978,0.16328188464662877,0.0575079030558482,26.343519494204426,0.715876327835963,2.944328582782279,3.6823906842470535,0.7362637362637363,1.985651544996453,1.487935198704726,5.310743826123032,0.6421319796954315
Batch_1,ffwubibz,16,11,0.2620532501798993,1.8499640201487166,0.5774766130966659,1.008934996402015,1.3015711201727034,0.24760134324778119,-0.20433557207963549,0.20280498664292074,0.0735532815808045,21.17148906139732,1.248765912146471,3.642864549289893,3.710806607236597,,2.1242772356634263,1.3681359169342582,1.628649747490233,0.7832727272727272
Batch_1,ffwubibz,16,12,3.095691797845899,0.6466445733222868,0.4183927091963547,0.012841756420878214,0.8264291632145817,-1.034465617232809,-1.5426677713338857,0.11727145304469709,0.0532374735356386,28.22865208186309,0.8187854912285275,2.1455783656368737,4.177289547134051,0.2218430034129692,2.2722207503038225,2.1401042151206378,7.114738216988799,0.754180602006689
Batch_1,ffwubibz,16,13,3.142980437284234,0.7300057537399307,0.8263808975834291,0.18843498273878018,0.11219792865362482,-1.3206271576524742,-0.8012082853855002,0.029332782482958068,0.0303477344573235,22.8310502283105,0.60765077797465,2.4115368852844257,2.674996493719499,,3.115137823724744,2.210174187334136,6.216821933561039,0.7196969696969697
Batch_1,ffwubibz,16,14,0.8699661850599446,0.9506609283738089,0.7631417153396864,0.05149093144789425,2.3647402397786657,0.41807562250230534,-0.8542114970796186,0.012489286151585649,0.0284773445732349,21.074815595363532,0.6146680789109631,1.9133452122399563,3.1295998462863013,,3.261375378080186,2.548092233203093,7.839562570627686,0.8614718614718615
Batch_1,ffwubibz,16,15,0.18023039762170195,4.733927907840951,0.03901895206243032,0.0126347082868822,0.034188034188034185,-1.0026755852842808,-0.06819026384243775,0.05132617938854019,0.0593463302752293,29.99294283697953,0.4787307364817192,1.7542878476132169,5.529345763103724,1.0976085683203771,2.0009873669524216,1.938182494500208,5.614712815451918,0.70625
Batch_1,ffwubibz,32,0,0.0,0.0,1.0039860488290981,0.0,3.9960139511709016,1.5984055804683603,-0.9940209267563527,0.2959367945823928,0.070818630910374,17.64290755116443,,,,,,,4.193149174546501,0.5756302521008403
Batch_1,ffwubibz,32,1,0.0,0.0,0.0,0.08126306013466451,4.918736939865336,1.983747387973067,-2.459368469932668,0.11228157144627587,0.0379940014114326,10.585744530698658,,,,,,,27.338553363189725,0.3494809688581315
Batch_1,ffwubibz,32,2,1.7145899893503724,0.0,0.18104366347177844,0.08253461128860488,3.0218317358892435,0.5394036208732692,-2.1871671991480297,0.0350140056022409,0.0164160839160839,17.48251748251748,,,,,,,10.70369084689134,0.8189300411522634
Batch_1,ffwubibz,32,3,2.7810682748223132,0.3699116950247685,0.0,0.0398449278483739,1.8091751023045446,-0.45477062244238675,-2.295121688563429,0.11656664848154209,0.0819160197600564,24.700070571630203,,,,,,,2.813093825672484,0.7129909365558912
Batch_1,ffwubibz,32,4,0.7792207792207793,4.220779220779221,0.0,0.0,0.0,-1.1558441558441557,-0.38961038961038963,0.0004390779363336992,0.0013585038814396,7.057163020465772,,,,,,,21.100219193106916,0.6590909090909091
Batch_1,ffwubibz,32,5,0.8412917818547374,3.688740889670772,0.4479768786127168,0.0,0.021990449861774314,-1.0654687107313394,0.016335762754460914,0.14408602150537633,0.069562937062937,24.47552447552447,,,,,,,7.702596964660685,0.6418219461697723
Batch_1,ffwubibz,32,6,2.2021585720215855,1.2105645496056454,1.3319842258198422,0.018161062681610628,0.2371315898713159,-1.024491490244915,0.11233914487339147,0.10321140305684355,0.0850035285815102,21.17148906139732,,,,,,,5.421945733204505,0.7275280898876404
Batch_1,ffwubibz,32,7,0.8834150116069126,0.0,3.194480268248646,0.118648439515089,0.8034562806293527,-0.008253804488006174,2.3510446221305132,0.05149162239476911,0.0342007762879322,21.17148906139732,,,,,,,4.183539163451582,0.8439425051334702
Batch_1,ffwubibz,32,8,5.0,0.0,0.0,0.0,0.0,-2.0000000000000004,-2.5,0.0,0.0002028934368383,3.528581510232886,,,,,,,38.76170629532282,1.0
Batch_1,ffwubibz,32,9,0.2564102564102564,3.5641025641025643,0.8153846153846154,0.0,0.3641025641025641,-0.6697435897435898,0.5051282051282051,0.07123034227567067,0.0086009174311926,21.17148906139732,,,,,,,2.960152023123137,0.6223175965665236
Batch_1,ffwubibz,32,10,0.9090909090909092,0.6779398076326404,1.9205708966801116,0.006205398696866274,1.4861929878994726,0.0964939497362704,0.7229289481849208,0.023867069486404834,0.0279982517482517,34.96503496503496,0.7898242899237686,1.477133923899792,1.7462556255144075,,4.108809434528202,4.012955577522029,5.979997809120439,0.7408637873754153
Batch_1,ffwubibz,32,11,0.9605799728137744,0.0,2.152242863615768,0.0,1.8871771635704575,0.37063887630267306,0.728364295423652,0.0,0.0194689484827099,21.17148906139732,,,,,,,11.473295036539026,0.8762214983713354
Batch_1,ffwubibz,32,12,3.034316283924844,0.0,0.33663883089770363,1.6290448851774533,0.0,-0.8879175365344475,-1.1805193110647183,0.11704785700557371,0.0676076217360621,31.75723359209597,,,,,,,7.156736334740312,0.7115151515151515
Batch_1,ffwubibz,32,13,4.163415499201986,0.002216705089554886,0.0,0.8343677957084591,0.0,-1.4989359815570142,-2.081707749600993,0.1643014191485109,0.098583916083916,10.489510489510488,,,,,,,10.00113742961816,0.70042194092827
Batch_1,ffwubibz,32,14,3.5998581057112453,0.2720822986874778,0.06633557999290529,1.051081943951756,0.010642071656615822,-1.2798864845689963,-1.7389145086910254,0.14933912014203984,0.1243383909668313,35.28581510232886,0.9785591257327466,3.2563046844789727,4.92334214054799,,2.7118240219585408,1.7769212479967456,1.8384776310850235,0.7309417040358744
Batch_1,ffwubibz,32,15,4.11662817551963,0.8429561200923787,0.0,0.0,0.04041570438799076,-1.7990762124711317,-2.0785219399538106,0.011120615911035072,0.0229181369089626,17.64290755116443,,,,,,,10.877901899384732,0.8812260536398467
Batch_1,ffwubibz,32,16,0.0,0.0,1.1052446321717706,0.0,3.894755367828229,1.5579021471312913,-0.842133051742344,0.0,0.025061750176429,17.64290755116443,,,,,,,10.250487793271107,0.8733509234828496
Batch_1,ffwubibz,32,17,0.0546218487394958,0.0,2.302521008403361,0.0,2.642857142857143,1.0352941176470587,0.953781512605042,0.0,0.0209950599858856,21.17148906139732,,,,,,,8.702298546935747,0.7523219814241486
Batch_1,ffwubibz,32,18,4.90566037735849,0.0,0.09433962264150944,0.0,0.0,-1.9622641509433962,-2.3584905660377355,0.007489300998573466,0.0138986013986013,13.986013986013983,,,,,,,21.59889752849152,0.8177083333333334
Batch_1,ffwubibz,32,19,2.1444910407929854,0.03717117804041175,2.7587685855890203,0.0,0.05956919557758293,-0.8414029736942433,1.6567384674037362,0.0462689952370152,0.0925546930134086,38.814396612561744,0.7527227892173503,3.411364747264559,3.6033124007552857,,2.633138881417374,2.660831863587333,5.614534683695675,0.7169344870210136
Batch_1,ffwubibz,32,20,1.411951348492861,0.9633350960690993,2.4995593160585226,0.05993301604089547,0.06522122333862154,-0.7193724660673365,1.7609730301427813,0.24189769621241702,0.1000882145377558,31.75723359209597,,,,,,,5.590673008742943,0.658675799086758
Batch_1,ffwubibz,32,21,0.0,1.935665914221219,0.6094808126410836,2.4548532731376977,0.0,0.10383747178329576,0.6094808126410836,0.048068669527897,0.0153146853146853,20.979020979020977,,,,,,,4.271182504447296,0.5934426229508196
Batch_1,ffwubibz,32,22,0.0,4.598181143281366,0.02783964365256125,0.20137342242019302,0.17260579064587972,-0.8103192279138826,-0.05846325167037861,0.09145220588235294,0.0475299929428369,28.22865208186309,,,,,,,1.9039432764659767,0.858
Batch_1,ffwubibz,32,23,0.3871367824238129,0.5381821403260099,0.8398299078667611,1.3944011339475548,1.840450035435861,0.752569099929128,-0.27396350106307576,0.25906735751295334,0.099576570218772,17.64290755116443,,,,,,,1.3647344063956182,0.7405714285714285
Batch_1,ffwubibz,32,24,0.4264705882352942,0.31722689075630256,0.0,0.06512605042016807,4.1911764705882355,1.4554621848739495,-2.308823529411765,0.03257650542941757,0.0209950599858856,35.28581510232886,0.5120422980108452,1.471925992418032,1.8635345068619351,0.2218430034129692,4.362169212030532,6.348023763968077,10.914680474711178,0.694954128440367
Batch_1,ffwubibz,32,25,3.7512899896800826,0.7275541795665635,0.521155830753354,0.0,0.0,-1.6460268317853461,-1.3544891640866874,0.223723089911355,0.0854798870853916,28.22865208186309,,,,,,,20.21270948147654,0.7878787878787878
Batch_1,ffwubibz,32,26,3.166666666666666,0.8184818481848184,0.9818481848184818,0.0,0.033003300330033,-1.4171617161716166,-0.6179867986798678,0.007498660953401178,0.0263111888111888,17.48251748251748,,,,,,,21.779132776136404,0.8790849673202614
Batch_1,ffwubibz,32,27,3.124681285058643,0.6616522182559919,0.706272310045895,0.33401325854156044,0.17338092809790923,-1.2460479347271805,-0.9427587965323811,0.03773584905660377,0.0344213126323218,31.75723359209597,,,,,,,4.750789408087882,0.6193415637860082
Batch_1,ffwubibz,32,28,1.8030560271646858,0.0,0.0,0.11375212224108659,3.0831918505942273,0.5348047538200338,-2.443123938879457,0.0016145307769929364,0.0259791813690896,24.700070571630203,,,,,,,9.61634018585735,0.841642228739003
Batch_1,ffwubibz,32,29,0.09828699803426004,1.7368716652625666,1.3942712721145745,0.0,1.7705700645885987,0.32153889356922205,0.45984274080314513,0.0043586550435865505,0.0309527972027972,20.979020979020977,,,,,,,5.338523626124696,0.8806818181818182
Batch_1,ffwubibz,32,30,0.8316186556927299,3.919753086419753,0.1800411522633745,0.0,0.06858710562414266,-1.0891632373113853,-0.2700617283950618,0.010587345601209983,0.0257233592095977,45.87155963302752,0.4787307364817192,1.0230328636882562,2.20900216278697,0.4873045847949395,3.485452035771418,4.637677184957394,5.748912940721924,0.7891566265060241
Batch_1,ffwubibz,32,31,0.0,4.959199165006168,0.0,0.016130562671980264,0.02467027232185217,-0.9787456115380964,-0.012335136160926085,0.07663677888682117,0.0929693013408609,24.700070571630203,,,,,,,6.7629411319497885,0.6044444444444445
Batch_1,fzrt2k6r,16,0,2.192042996165306,0.4028458021582594,0.7288879165163165,0.0,1.6762232851601182,-0.28689704483372724,-1.2052452241463958,0.10311547578733492,0.0710838964443158,30.63777637827441,0.5667693562191848,2.830696014932588,4.823408502415409,0.91311186671459,2.029101570011693,2.467133890128641,7.193703736900547,0.717377860235003
Batch_1,fzrt2k6r,16,1,1.7447885990103809,1.9874495804244097,0.14971371603950354,0.06079073214069144,1.0572573723850152,-0.6603442603068902,-1.2513092696581944,0.04097040467082746,0.0338314653383146,27.10922476088816,0.4836890112428145,2.3734309121870663,3.1493707392885515,,2.8882008551352163,2.198709666775469,4.562071897723665,0.8430296377607025
Batch_1,fzrt2k6r,16,2,1.386625712015674,0.46483630024442313,0.12042250351361371,0.5055052093527113,2.5226102748735784,0.46252760696481915,-1.8341954899310124,0.14119134588367518,0.0776933438381579,40.66383714133224,0.4749692672418192,3.1872641184800976,3.6681001743394135,1.189700790759609,2.1668861682830305,1.6518750616665945,7.587868579998054,0.7039951573849879
Batch_1,fzrt2k6r,16,3,1.0629258317659895,0.37870055377128964,1.2019286361849313,0.8085209188184641,1.5479240594593249,0.2799633640867689,-0.10349630942772592,0.21922537490559932,0.1357764123163861,35.74407244132014,1.0630146264057032,4.122060373707638,4.936578256872974,0.0864127345082432,1.7783710594902882,1.1820529598109797,2.945441249808652,0.6862182116488925
Batch_1,fzrt2k6r,16,4,0.0,0.0,2.43211548591186,2.5678845140881394,0.0,0.5135769028176278,2.43211548591186,0.24143426294820716,0.0471183469217545,11.91469081377338,,,,,,,18.495888051373903,0.6245398773006134
Batch_1,fzrt2k6r,16,5,0.05821410360456787,0.613006231916557,2.0851588653528776,0.5797459622654128,1.6638748368605853,0.635612239372178,1.224114395120301,0.05139905294877314,0.0540108945197007,30.497877855999175,0.7767837035198912,2.8019278404292534,2.986476688485918,0.4667978357107722,2.3118105297111744,1.918344534284699,4.024922359499622,0.7912979351032449
Batch_1,fzrt2k6r,16,6,1.3978499076520428,0.960094363323643,0.2507819898016934,1.9887525985804089,0.40252114064221167,-0.19239985975257945,-0.6494035343454339,8.071025020177563e-05,0.014240814632204,18.63759202311061,0.6180387232371034,1.2976360421598396,2.060644045363432,,3.66817186305242,1.6029262829422375,5.342518132865813,0.8682385575589459
Batch_1,fzrt2k6r,16,7,0.21587183438178992,1.9097461614975684,0.29934227700941535,0.0,2.5750397271112266,0.5617179247922609,-1.0961135037370928,0.0065832784726793945,0.0147486851287637,35.74407244132014,0.4918490759365935,1.0674967880691588,1.7921346912535476,0.4093148095203884,2.9422359523565604,3.2180920337700165,7.520438809710379,0.7730769230769231
Batch_1,fzrt2k6r,16,8,0.06971991287185932,1.490192284066001,1.7248593078786005,0.7340403487023844,0.9811881464811547,0.21335690637099486,1.1994052782020934,0.05272407732864675,0.0374759578560364,23.829381627546763,1.0067373008889686,2.2834927183796223,2.797720518790148,0.7697669200424548,2.7544453918485434,2.0964449973148365,5.522680508593631,0.7433862433862434
Batch_1,fzrt2k6r,16,9,1.7265983564233305,0.031978858280389946,2.204981277040546,1.022336709504269,0.014104798751464108,-0.4869258528239708,1.3346296994531488,0.17286796180441225,0.08138273989546,28.80355130844367,0.5753627391751592,3.813094673555672,4.581761341866357,0.4050403172011793,2.4314446137040173,1.6545025041041042,3.3360904808969765,0.7690851735015772
Batch_1,fzrt2k6r,16,10,0.07722087115780583,2.460752111818782,1.040713343733635,0.23422064907754434,1.1870930242122317,-0.0013574313264772344,0.4085563960486164,0.22382310984308132,0.0717632009217136,38.969510593776725,0.5997417539138689,2.298477089650731,4.592170506381065,1.007010028966051,2.2416705313496257,1.5481573271550382,3.252691193458119,0.7421203438395415
Batch_1,fzrt2k6r,16,11,0.6365449741611803,1.0703185836262037,0.12397038640624605,0.7379101042002069,2.431255951606163,0.6514026950927935,-1.4099300764774256,0.11790567545963229,0.0864155503736106,25.53148031522867,1.2902560616952068,3.135822908708198,4.176527476609214,,2.1660257138021883,0.987533470786954,4.8491232111207925,0.8211163416274377
Batch_1,fzrt2k6r,16,12,0.2931900516010755,0.8476405532932462,0.4096628118261602,1.3228690295101062,2.1266375537694113,0.8284246961107062,-0.8002509908590831,0.12717086834733893,0.1055258633895593,34.04197375363823,1.400684555143977,3.223048553336404,4.392352695492423,,1.9573115075344083,1.1063612127374922,4.144152254171943,0.7636849132176236
Batch_1,fzrt2k6r,16,13,0.5367743070301656,3.2027590436287348,0.0,0.568194063246769,0.6922725860943315,-0.4647136844507267,-0.6145234465622486,0.263965061954093,0.1241814284867122,16.943265475555098,0.8149730030896567,3.71854530302329,8.349624618626507,,2.3804093375985635,2.17933631377992,7.1555048690741465,0.7176186645213194
Batch_1,fzrt2k6r,16,14,1.9832074775530504,0.13279244816876004,0.09633961925968866,2.2496602983884055,0.5380001566300955,-0.15470935832525312,-1.1642641978318844,0.010084033613445379,0.0242542845282571,28.80355130844367,0.5670035141386943,1.738885557131312,2.7541467985130588,0.2389078498293515,2.731150548853596,2.320822967006774,5.300023584380922,0.7272727272727273
Batch_1,fzrt2k6r,16,15,1.3691493473533234,0.0,0.0,2.338631188268659,1.292219464378018,0.4369542844636094,-1.3306844058656706,0.06560773480662983,0.0677733144967745,17.020986876819116,0.9445510054494776,3.456549585592286,5.277208726421559,,2.7564784196967724,3.295281876212691,13.995311698970308,0.7186147186147186
Batch_1,fzrt2k6r,32,0,2.383402604338087,0.44120114125895926,0.7982860411948084,0.0,1.3771102132081452,-0.4907571847037688,-1.0819703675783074,0.1364322366435255,0.1298445983898146,40.85036850436588,0.8814210381027549,2.9302412786641137,4.805888611016266,,2.311969735642581,2.598677795657116,6.596495275463771,0.7370517928286853
Batch_1,fzrt2k6r,32,1,0.18219465008074445,0.0,0.0,0.0,4.817805349919255,1.8542442799354037,-2.5,0.0015426147319706903,0.012323194498817,27.23357900291058,,,,,,,17.082856878499754,0.649171270718232
Batch_1,fzrt2k6r,32,2,2.824438438616812,0.9013938799956442,0.06066050904339045,0.06094265094591786,1.1525645213982358,-0.8368398126973761,-1.9278409709641333,0.04798790855847346,0.0394079946027998,26.986001011975038,,,,,,,3.815822286903248,0.8541266794625719
Batch_1,fzrt2k6r,32,3,0.2155550164830003,3.525756528347816,0.27585012598873465,0.06057555187552847,0.9222627773049208,-0.4103530909656891,-0.29305877090522586,0.025210084033613446,0.0282037752548892,34.04197375363823,0.4227136675667371,1.137535697114481,2.8333329012940225,,3.8789137059231287,3.80850831392163,6.55214659429838,0.8273195876288659
Batch_1,fzrt2k6r,32,4,0.0,0.04275482053822263,0.0,2.9169453714517113,2.040299808010066,1.3909580333867237,-1.020149904005033,0.006636694497966175,0.0217953736957668,34.04197375363823,0.4385325043555991,1.405307954096101,1.9835095646937664,,3.877209176664623,5.613170871245593,9.004338926447936,0.7572815533980582
Batch_1,fzrt2k6r,32,5,1.6121220156967704,0.533476173788698,0.14000589158080168,0.11335119231013469,2.6010447266235945,0.3115440880750167,-1.9665774795793807,0.36657131181038005,0.1330831506156181,53.97200202395007,0.6971316656071582,3.2724393188847247,3.6681001743394135,,2.227463209095723,1.848924903777476,1.4534441853748634,0.6795774647887324
Batch_1,fzrt2k6r,32,6,1.2439797006820315,0.41044801703559824,0.3729622566290634,0.9254232207976917,2.047186804855616,0.42427788242185227,-1.2726209961397603,0.154726368159204,0.2015029531412231,61.27555275654881,0.7299082619280504,4.002516899738073,4.8788536859413885,,1.8146551684108647,1.4931513135735557,2.9090376415577714,0.6475849731663685
Batch_1,fzrt2k6r,32,7,0.5409558029521929,0.2871740682338802,3.5918008196017657,0.47149692536382815,0.10857238384833301,-0.13608879621555442,3.2670367262015025,0.2541436464088398,0.070049871491549,23.829381627546763,,,,,,,3.1384709652950438,0.7710526315789473
Batch_1,fzrt2k6r,32,8,0.0,0.0,3.2942767806696507,1.705723219330349,0.0,0.34114464386606974,3.2942767806696507,0.2841477491342824,0.0481949243417133,10.212592126091469,,,,,,,21.351463650063906,0.3397790055248619
Batch_1,fzrt2k6r,32,9,0.0,0.0,1.5311106883377983,3.4688893116622017,0.0,0.6937778623324401,1.5311106883377983,0.03344768439108062,0.0460417695017957,17.020986876819116,,,,,,,11.510994654535027,0.8539823008849557
Batch_1,fzrt2k6r,32,10,0.17039313555283223,0.0,1.0646712026824616,0.7628676470588234,3.002068014705882,1.285243481072984,-0.5215593724468954,0.040492957746478875,0.0365744644965424,40.47900151796255,0.4930070799427222,1.3504042743169555,2.8490177426065046,,4.065928934550621,3.7515083311334503,4.7015954738790535,0.8507751937984496
Batch_1,fzrt2k6r,32,11,0.0,0.9311192310686085,2.6147299758370233,0.484716931031456,0.969433862062912,0.29849308481773434,2.130013044805567,0.04002262763399802,0.071607291790778,44.2545658797297,0.86488625410045,2.618469584524637,2.8456639830654,,1.9075570808595328,1.011055666760042,3.465544690232692,0.7511961722488039
Batch_1,fzrt2k6r,32,12,0.7546888387470112,1.275496471875939,0.0,2.7396903863665925,0.2301243030104565,0.08301296860350879,-0.49240657087873385,0.0,0.0175997004306309,13.61678950145529,,,,,,,5.714138166701615,0.8475609756097561
Batch_1,fzrt2k6r,32,13,2.427150487458182,0.45533188794922963,0.6521278734188121,0.7869685700748057,0.6784211810989705,-0.6331643861185698,-0.9006579608597642,0.00016545334215751158,0.0109124641592174,26.986001011975038,,,,,,,7.404289294656321,0.8854961832061069
Batch_1,fzrt2k6r,32,14,0.15504582106915196,2.707181638931114,0.42433593134715275,0.0,1.7134366086525818,0.0819199872471491,-0.5099052835137141,0.011768167107972934,0.0208251774437881,47.658763255093525,0.5404401470369554,0.9913534883561046,1.7921346912535476,,3.735705318654483,4.244488625316259,7.483782215394956,0.7359050445103857
Batch_1,fzrt2k6r,32,15,0.3615416079625506,0.0,0.0,0.0,4.63845839203745,1.7107667136299591,-2.5,0.0,0.0086721928137393,34.04197375363823,0.4385325043555991,0.8581189511133711,1.032636489145962,,5.5756562287617655,10.628783098991674,16.21168557614336,0.8484848484848485
Batch_1,fzrt2k6r,32,16,0.03955801330866494,0.0,2.5207245147243715,0.5652196134149706,1.8744978585519925,0.847019860780325,1.5636965787940427,0.06708304418228082,0.0386376402103793,27.23357900291058,,,,,,,11.321660655575224,0.6516034985422741
Batch_1,fzrt2k6r,32,17,0.10185611741143338,3.077927961777682,0.8768992177145241,0.9139115689599404,0.029405134136420222,-0.4617836718735535,0.8112685919405973,0.04074766355140187,0.0363142755016935,23.829381627546763,,,,,,,6.846933582858965,0.8839285714285714
Batch_1,fzrt2k6r,32,18,1.6198649390722242,0.02670493175043146,2.4744227550860307,0.8790073740913131,0.0,-0.4774854871607134,1.6644902855499186,0.07383720930232558,0.0599510878731658,16.866250632484398,,,,,,,9.844846348648725,0.7417763157894737
Batch_1,fzrt2k6r,32,19,1.7892712055623563,0.03507565785811814,2.0467677997207763,1.106498334218142,0.02238700264060684,-0.4924691458966952,1.1409386956192948,0.1958997722095672,0.1030110125785093,47.658763255093525,0.4911028168439906,3.200275451455733,3.791421166272614,,2.8778896100352105,2.640421385685939,3.3678628238097823,0.7860798362333674
Batch_1,fzrt2k6r,32,20,0.0,1.5537992272354073,2.2762357751561995,0.6887826946030157,0.4811823030053778,0.01946961467567281,2.0356446236535106,0.00038654812524159255,0.026535718540961,44.2545658797297,0.4333622420659609,1.5766565555926568,1.9281751659604676,,3.5548636187343563,2.76350452984843,10.10049503737317,0.8842443729903537
Batch_1,fzrt2k6r,32,21,0.09463304788301186,2.6652567188120013,0.7621211108135687,0.13172355793380425,1.3462655645576136,-0.006053625505798721,0.04167180459325592,0.3459190594619037,0.1165795243717321,37.10575139146568,1.1156126814350138,2.769705445896613,4.592170506381065,,2.290924384239465,1.87054825119646,1.75,0.6631016042780749
Batch_1,fzrt2k6r,32,22,0.06178873236083464,1.594076172149343,0.13527710635212317,1.01709338048561,2.1917646086520888,0.7365937921837549,-0.9914995641543385,0.11902193455591514,0.1160405780327143,30.63777637827441,,,,,,,5.367727638395973,0.8755868544600939
Batch_1,fzrt2k6r,32,23,1.811081248449238,0.0,0.10086467349036599,0.1673884441923841,2.9206656338680115,0.4773114430059859,-2.2650087676682586,0.05083220872694557,0.0567905227145069,34.04197375363823,0.6222801382462824,2.547539198021183,3.336359800718016,,3.507567789881165,2.752672600367593,6.45576284602706,0.7464342313787639
Batch_1,fzrt2k6r,32,24,0.009782309489522693,0.5781344908307912,0.8691581981440912,1.5709752052578778,1.9719497962777177,0.9834351376006951,-0.12170785473952894,0.051212072563814416,0.0865432077751868,34.04197375363823,1.5891903607613695,2.7428455239392933,3.574041932120484,,2.1699992931432117,1.6852540200646535,6.800000000000001,0.7685774946921444
Batch_1,fzrt2k6r,32,25,0.4905972038494767,1.035364515624,0.08960212820306415,1.1500511197215642,2.234385032601896,0.7204524523204804,-1.2728889900226221,0.17629993305065833,0.1245085190039318,44.2545658797297,1.2552425807826009,2.9196735443002373,4.392352695492423,,2.3893994302237256,1.4397614318977996,2.474873734152917,0.7601532567049808
Batch_1,fzrt2k6r,32,26,0.6006273710291881,4.031195764244855,0.0,0.06592599436873792,0.30225087035721926,-0.912404554244011,-0.4514391206932037,0.10239836706922946,0.1175493337831,26.986001011975038,,,,,,,11.81475768064903,0.7966942148760331
Batch_1,fzrt2k6r,32,27,0.47898743378716435,2.4530257533856203,0.0,1.0227454882293825,1.0452413245978325,-0.05955449670698033,-0.7621143791924985,0.3763549281572977,0.1308743680958622,13.61678950145529,,,,,,,2.4020824298928627,0.6426332288401254
Batch_1,fzrt2k6r,32,28,1.6821982436472347,0.16005990751121077,0.11612189368460388,2.711603139013453,0.33001681614349776,-0.030563924701046737,-0.8899856362107624,0.0017384327360256753,0.0405610117274599,51.06296063045734,0.5670035141386943,1.5297456103468017,2.7541467985130588,,3.086816115188852,2.703679260079913,3.797433307190447,0.7364975450081833
Batch_1,fzrt2k6r,32,29,3.449121576470477,0.0,0.0,0.0,1.5508784235295234,-0.759297261176382,-2.5,0.0,0.0080958003035925,23.612750885478157,,,,,,,19.70733679643037,0.7072072072072072
Batch_1,fzrt2k6r,32,30,2.2637577352160205,0.0,0.0,1.7110968532276598,1.0251454115563199,-0.1532255588183486,-1.6444515733861702,0.11482412060301507,0.0732923694915831,20.425184252182937,,,,,,,10.199050177543857,0.8435374149659864
Batch_1,fzrt2k6r,32,31,0.3178232345070472,0.0,0.0,3.0760971477734813,1.6060796177194725,1.1305219828396662,-0.9619514261132598,0.014466070489216202,0.0622542595019659,23.829381627546763,,,,,,,14.286024637942502,0.5890652557319224
Batch_1,iv6g2oq0,16,0,0.02969613259668508,0.9533839779005525,0.6778314917127072,0.24861878453038674,3.0904696132596685,1.0833563535911601,-0.8822513812154696,0.044563843236409606,0.0749754051675037,31.067156837363427,0.897398468933946,2.908110150107489,4.602901913401274,,2.0587942647300737,1.374980257140732,4.589253749952481,0.8012976480129764
Batch_1,iv6g2oq0,16,1,3.7673179396092364,0.0,0.0,0.0,1.232682060390764,-1.0138543516873892,-2.5,0.01798441902867562,0.0145756744161963,10.355718945787808,,,,,,,18.8505968075284,0.7168674698795181
Batch_1,iv6g2oq0,16,2,0.5052956751985878,0.04854368932038834,4.144969108561341,0.0,0.30119152691968226,-0.09135039717563993,3.741725507502206,0.030841671571512654,0.0233584166580764,14.431501907019893,,,,,,,7.503565783045519,0.8283261802575107
Batch_1,iv6g2oq0,16,3,0.0,1.0951825304217369,2.581263543923987,0.42007001166861135,0.9034839139856641,0.22637106184364045,2.129521586931155,0.07307923169267708,0.0309584217884326,20.711437891575617,0.8250653982847793,2.132931924832958,3.0778080207884333,0.1083032490974729,2.5802379422499944,2.5532437410754656,7.481310045707236,0.6966759002770083
Batch_1,iv6g2oq0,16,4,2.1119637251482386,0.11074293686780608,1.9192535751656785,0.7220090687129403,0.1360306941053366,-0.6681199860481339,0.7952563655388909,0.06302439024390244,0.0295862890281157,26.924869259048304,0.60765077797465,1.9535824548464769,2.379649737925655,,2.6859333780548478,1.3701525494866411,8.689289276018544,0.7467191601049868
Batch_1,iv6g2oq0,16,5,1.1367929769974443,0.5211690187798644,1.0451161240137794,1.030114457161907,1.2668074230470054,0.15379486609623277,-0.15668407600844558,0.04616252821670429,0.046072569838161,47.41779198020822,0.547002095985713,2.0516362415471447,2.495861469035648,0.9583066185292364,2.3131285036942786,1.7862673989591091,4.539603488878141,0.6650815217391305
Batch_1,iv6g2oq0,16,6,1.9620425996723103,2.490783724740579,0.010922992900054615,0.4314582195521573,0.10479246313489897,-1.1547651556526488,-1.02249453850355,0.1253418413855971,0.0758452855589499,16.569150313260494,,,,,,,5.657627584965871,0.7369402985074627
Batch_1,iv6g2oq0,16,7,0.6737451737451737,2.451737451737452,0.0,1.8146718146718146,0.059845559845559844,-0.37297297297297305,-0.3667953667953668,0.04085129407520967,0.0134106560347952,10.355718945787808,,,,,,,8.623275180074552,0.6294277929155313
Batch_1,iv6g2oq0,16,8,2.8901560624249703,0.13955582232893157,0.1365546218487395,1.715186074429772,0.11854741896758704,-0.7935174069627855,-1.3677971188475393,0.04569401139662402,0.0345052555273649,28.996013048205864,0.6420934940178478,1.7502371020261842,3.026707538625015,0.8361904761904762,2.731984583436838,1.1767696539697985,7.547615475628694,0.7967853042479908
Batch_1,iv6g2oq0,16,9,1.6962893670096661,0.9497973183660741,0.7723729342064234,0.5643903960087308,1.017149984409105,-0.3487371375116933,-0.5843467415029622,0.05546323223930204,0.0830269766478537,24.85372546989074,0.6484518012270398,3.462314465409553,3.933578976885308,,2.074963739551186,1.961177822842576,5.368891878218447,0.8097826086956522
Batch_1,iv6g2oq0,16,10,0.0,0.04036013660353927,1.3913898375245783,1.5450688192072857,2.023181206664597,1.1102142191865882,0.3797992341922798,0.09518324607329844,0.0497010617462117,20.616431295742707,1.0226109444988278,2.784948372305065,3.082974732534795,,2.3644592369777624,1.5598981765503612,7.084137209286675,0.6860346585117227
Batch_1,iv6g2oq0,16,11,0.6975206611570247,2.4917355371900825,1.3206611570247935,0.11198347107438017,0.37809917355371897,-0.6037190082644627,0.7828512396694216,0.1812437389227094,0.0626520996220162,22.78258168073318,0.6530966601401967,2.205396803500069,5.394136325312914,,2.3221856342959493,1.695197388579524,4.180161215395913,0.6137724550898204
Batch_1,iv6g2oq0,16,12,0.5252274607113316,0.35566583953680725,1.0230960106890628,2.313100464465229,0.7829102245975695,0.4945600305401794,0.3690271680346122,0.17274209668086898,0.0813804173354735,28.996013048205864,0.809152609620486,1.8764608108228864,5.777642924592531,,2.0524570926560823,1.573777066825442,4.576297630180974,0.7304847986852917
Batch_1,iv6g2oq0,16,13,0.0,0.9994148469292762,1.306886187727744,0.4396627390483283,2.2540362262946507,0.7896640689416706,0.17986807458041865,0.3629981884057971,0.1937789918565096,20.616431295742707,2.8862031823038987,5.071049390669745,5.513203336690039,,1.641260430574556,0.7834483628991542,3.6840874039577294,0.6991661321359846
Batch_1,iv6g2oq0,16,14,1.8241524323763043,1.4171122994652405,0.4955609781423602,0.07216655417683401,1.1910077358392608,-0.5222470276724985,-1.0120191059654222,0.07764444892608652,0.0996271941179516,28.996013048205864,0.7490218870332027,3.6014903885283034,4.676992129408611,0.1746606334841629,1.859702701956941,1.056216785729863,3.8497564421468136,0.6968773800456969
Batch_1,iv6g2oq0,16,15,4.465233175090757,0.15079586707623568,0.2527227031555432,0.033510192683607935,0.09773806199385647,-1.7704551801172863,-2.0287629153867637,0.032607167955024594,0.018541914772433,26.924869259048304,0.3699638510165959,1.691884727415202,2.357475474478788,0.36660777385159,3.600332515671649,2.783822235240593,8.176085505362058,0.7749546279491834
Batch_1,iv6g2oq0,32,0,0.03164556962025317,1.049226441631505,1.380450070323488,0.017580872011251757,2.5210970464135025,0.7894514767932489,0.10407876230661017,0.02032520325203252,0.0732914132563653,32.98629007318832,,,,,,,4.966135318333564,0.8858195211786372
Batch_1,iv6g2oq0,32,1,0.027815468113975575,0.8609226594301219,0.0,0.47150610583446395,3.639755766621438,1.3668928086838532,-1.8337856173677067,0.04343329886246122,0.0766749895963379,41.61464835622138,0.626659828884282,2.189141618368027,4.0037589672975695,,2.479607715209609,2.4874191593911545,4.260575078554537,0.7347826086956522
Batch_1,iv6g2oq0,32,2,0.6679151061173534,0.0,0.0,0.0,4.332084893882647,1.4656679151061174,-2.5,0.0,0.0082568807339449,16.49314503659416,,,,,,,14.871369168888956,0.7163120567375887
Batch_1,iv6g2oq0,32,3,5.0,0.0,0.0,0.0,0.0,-2.0000000000000004,-2.5,0.0376866967697117,0.0209529754473574,8.322929671244276,,,,,,,37.245263113370335,0.7157894736842105
Batch_1,iv6g2oq0,32,4,0.5788675429726997,0.0,4.076086956521739,0.0,0.3450455005055612,-0.09352881698685546,3.614130434782609,0.013708645585816122,0.040779301102979,24.739717554891246,,,,,,,6.389649744223143,0.8184281842818428
Batch_1,iv6g2oq0,32,5,0.0,0.3819444444444444,4.618055555555555,0.0,0.0,-0.07638888888888888,4.618055555555555,0.0006613756613756613,0.0059375322131738,8.24657251829708,,,,,,,19.914787181944863,0.865979381443299
Batch_1,iv6g2oq0,32,6,0.0,0.6432748538011697,3.654970760233918,0.0,0.7017543859649124,0.152046783625731,3.3040935672514617,0.0013253810470510272,0.0015709529754473,12.484394506866414,,,,,,,8.656211628061271,0.8545454545454545
Batch_1,iv6g2oq0,32,7,0.0,1.108442004118051,2.5497597803706245,0.43239533287577214,0.9094028826355526,0.2285518188057652,2.0950583390528483,0.11546900713110257,0.0600762807957942,32.98629007318832,,,,,,,4.223268595519259,0.6836581709145427
Batch_1,iv6g2oq0,32,8,1.8897714064316156,0.12301433552886477,2.0970554048818286,0.7836110034870205,0.10654784967067028,-0.5811700891127473,1.0988957768306857,0.1939275220372184,0.0530048448613545,37.109576332336864,,,,,,,3.001666203960727,0.7484939759036144
Batch_1,iv6g2oq0,32,9,4.117132867132867,0.0,0.31468531468531463,0.16608391608391607,0.4020979020979021,-1.4527972027972027,-1.9449300699300696,0.007235285932934465,0.0059508947149396,16.645859342488553,,,,,,,12.510895251739582,0.7346938775510204
Batch_1,iv6g2oq0,32,10,0.31316348195329086,0.1234076433121019,1.7847664543524413,0.5732484076433121,2.2054140127388533,0.8468683651804669,0.5254777070063692,0.02875,0.0386351922482218,53.60272136893103,0.4029119531035698,1.8747670751554049,2.2154770242442265,,2.880641099057043,2.538236884825908,4.880881066929031,0.6344262295081967
Batch_1,iv6g2oq0,32,11,1.7300707321735806,0.8076849550755114,0.512330338367425,1.3592047409673103,0.5907092334161728,-0.3454406423246036,-0.6480596444274517,0.04039408866995074,0.0535099474281001,53.60272136893103,0.60765077797465,1.7101480146868175,2.1275259296970987,,2.956753804609896,2.2795140283728696,3.481738071710737,0.6853146853146853
Batch_1,iv6g2oq0,32,12,1.9062930638493336,2.765656101668963,0.012249272699433468,0.19828510182207926,0.11751645996018982,-1.2289848415250344,-0.9996554892053282,0.1956859696851924,0.1358926342072409,20.80732417811069,,,,,,,7.45268408024921,0.6717752234993615
Batch_1,iv6g2oq0,32,13,2.4211853720050436,0.22698612862547285,0.0,2.3518284993694825,0.0,-0.543505674653216,-1.2105926860025218,0.0013774104683195593,0.0163488300175239,16.49314503659416,,,,,,,6.707383790231975,0.9134948096885812
Batch_1,iv6g2oq0,32,14,0.0,0.0,0.0,0.0,5.0,1.9999999999999998,-2.5,0.0,0.0003225135247607,4.161464835622138,,,,,,,33.080054413498175,1.0
Batch_1,iv6g2oq0,32,15,0.6819069949198906,2.4814380617428684,0.0,1.8366549433372414,0.0,-0.40171942164908164,-0.3409534974599453,0.06447480785653288,0.0263787238429027,16.49314503659416,,,,,,,9.561511386804913,0.6057971014492753
Batch_1,iv6g2oq0,32,16,3.295391449194892,0.0,0.04025541365907829,1.4450305385896725,0.21932259855635755,-0.9414214325374797,-1.7171016102165464,0.054042904290429045,0.0371301927636326,28.863003814039786,,,,,,,10.661730628748789,0.773067331670823
Batch_1,iv6g2oq0,32,17,2.413455258001306,0.30372305682560413,0.2498367080339647,2.0329849771391246,0.0,-0.6195297191378183,-0.9568909209666883,0.03323602066022906,0.0318560133166874,37.45318352059925,,,,,,,4.666768201389917,0.8170212765957446
Batch_1,iv6g2oq0,32,18,1.6473032564450476,1.262296472184532,1.0401119402985075,0.7674694708276798,0.2828188602442334,-0.6447591587516961,0.075050881953867,0.0777871979652395,0.121554478919699,37.109576332336864,,,,,,,5.65353871482278,0.8289655172413793
Batch_1,iv6g2oq0,32,19,1.832429884515673,0.08131039358944145,0.028281876031110067,0.0,3.057977845863776,0.4739571058213527,-2.4169219891586144,0.011812627291242363,0.0441427382438618,29.13025384935497,,,,,,,5.468546424782367,0.7596685082872928
Batch_1,iv6g2oq0,32,20,0.0,0.028396913844834976,1.4407415345049293,1.5998714102014575,1.9309901414487785,1.0866909558508357,0.47524646378054003,0.17320884146341464,0.0961962684259354,32.98629007318832,,,,,,,7.089049530871804,0.6632536973833902
Batch_1,iv6g2oq0,32,21,0.0,0.3776435045317221,0.0,0.0,4.622356495468278,1.7734138972809663,-2.311178247734139,0.0,0.0032058550664879,8.24657251829708,,,,,,,15.350846880482424,0.8823529411764706
Batch_1,iv6g2oq0,32,22,2.609289617486339,1.8032786885245902,0.3586065573770492,0.0,0.22882513661202186,-1.3128415300546452,-1.0604508196721312,0.05753595997498437,0.030461922596754,20.80732417811069,,,,,,,8.404314340592006,0.5495049504950495
Batch_1,iv6g2oq0,32,23,0.08722197993894462,2.711513301351941,1.627780200610554,0.14773222852158743,0.4257522895769734,-0.377344090710859,1.371293065852595,0.17702476827229904,0.094546953922276,28.863003814039786,,,,,,,6.1589365965237866,0.657190635451505
Batch_1,iv6g2oq0,32,24,0.6915555555555556,0.007111111111111111,0.3191111111111111,3.0035555555555558,0.9786666666666667,0.7141333333333331,-0.516,0.05568417204825149,0.0579837130192763,37.109576332336864,,,,,,,5.502987822805427,0.7389770723104057
Batch_1,iv6g2oq0,32,25,0.43252080856123654,0.5499405469678953,1.4154776060245735,1.9282600079270706,0.673801030519223,0.3721759809750296,0.8623166864843437,0.20825620140688633,0.1049937578027465,37.45318352059925,,,,,,,3.0269621735330623,0.7230769230769231
Batch_1,iv6g2oq0,32,26,0.0,0.3641721338819081,0.3235850105637718,0.23963082397420213,4.0726120315801175,1.6041365506505056,-1.712721005226287,0.09088848594741614,0.092701783321307,24.739717554891246,,,,,,,5.771698190307598,0.8301886792452831
Batch_1,iv6g2oq0,32,27,0.0,1.1991329883932316,1.6160327226961262,0.5025520906166969,1.6822821982939447,0.5335966997622709,0.7748916235491539,0.5124434389140271,0.2948562003917122,32.98629007318832,,,,,,,1.35,0.6396648044692738
Batch_1,iv6g2oq0,32,28,0.05641454241537818,2.281236941078144,0.6957793564563309,0.08817384036773923,1.878395319682407,0.29017969076473055,-0.27162557459256165,0.11653170057278293,0.1244798168955472,37.45318352059925,,,,,,,2.9025850547399985,0.6704675028506272
Batch_1,iv6g2oq0,32,29,4.723135964912281,0.0,0.16721491228070176,0.0459155701754386,0.06373355263157894,-1.8545778508771933,-2.226219846491228,0.036670786979810466,0.0750025770539119,28.863003814039786,,,,,,,7.49470646488469,0.7517241379310344
Batch_1,iv6g2oq0,32,30,4.6113445378151265,0.12079831932773111,0.08403361344537816,0.0,0.18382352941176472,-1.7951680672268908,-2.3135504201680672,0.04183400267737617,0.0198085726175613,24.968789013732827,,,,,,,8.517775531205316,0.8219895287958116
Batch_1,iv6g2oq0,32,31,4.2993440667859275,0.18485390578413838,0.4442456768038164,0.07155635062611808,0.0,-1.7423971377459753,-1.7054263565891474,0.0259268233583717,0.0172868776414802,32.98629007318832,,,,,,,13.984142794835634,0.75
Batch_1,uhdslk0o,16,0,0.1824510189187672,1.1477572559366755,1.5977095379778814,0.3365519564363106,1.7355302307303655,0.45899062482456615,0.6387189131533151,0.23898170246618933,0.0869266055045871,39.03962521959789,0.5455434133290874,2.800964787437147,4.283012811184652,0.45900439238653,2.272229403229516,1.2499263862332064,2.7950849718747373,0.7775712515489467
Batch_1,uhdslk0o,16,1,0.5600382932166302,2.9451586433260397,1.2780361050328228,0.14838621444201314,0.06838074398249454,-0.7560175054704593,0.9638265864332605,0.11838006230529595,0.0355192849509375,29.146021568055957,0.3989422804014327,1.1994595009647235,4.276691017611702,0.3464149504930326,2.8580599672797264,1.800368806765479,5.240467536394057,0.7755644090305445
Batch_1,uhdslk0o,16,2,1.0547457821645816,0.4131757144496729,1.2320670262825661,1.806496040399403,0.4935154367037759,0.05417192700562363,0.4579364168483874,0.055854412269657774,0.0423103079762945,34.97522588166715,0.8740848435140627,1.7758370765886506,2.996053869739811,1.392577738641306,2.3394588077667096,1.1101473293745574,3.239598602732097,0.8058368076235854
Batch_1,uhdslk0o,16,3,1.2206878582595102,0.5158936946326211,0.9953100573215216,0.7686294945284002,1.4994788952579468,0.16206357477853034,-0.36477331943720703,0.04733333333333333,0.0185487019324614,42.94358774155767,0.4630924093935905,1.3786939091762282,1.7679940843579836,0.331073547255656,2.5438570446369697,1.828622586108272,3.2760303712090133,0.6686903729401561
Batch_1,uhdslk0o,16,4,0.0,0.15646940822467403,0.11283851554663993,0.17502507522567706,4.55566700100301,1.8259779338014042,-2.164994984954865,0.2609332496338146,0.0486531329299238,29.27971891469841,0.3477898169151024,2.243159368575653,4.385825626046534,,2.075580064115324,1.1228546822027854,2.080865204668481,0.7317554240631163
Batch_1,uhdslk0o,16,5,0.09884836852207293,0.20505438259756875,0.8299744081893794,0.3174984005118362,3.5486244401791427,1.4023992322456813,-0.9937619961612285,0.1682313180623357,0.1518507723695715,17.487612940833575,,,,,,,3.748332962798263,0.6180392156862745
Batch_1,uhdslk0o,16,6,1.0410709643878346,1.0807122433064724,2.0431505068884848,0.32232908760072787,0.5127371978164803,-0.36301013776969077,1.2662464257863273,0.10971932266295523,0.0373749149907704,34.97522588166715,0.5943140837429699,1.6755995057072737,3.1448192577206053,,2.9296688042882293,1.8795295182068972,4.59619407771256,0.5898268398268398
Batch_1,uhdslk0o,16,7,0.05176194604518333,2.1181600285583153,0.8218165128257433,0.48013667193635584,1.5281248406344026,0.2629404865112957,0.031873119485950396,0.2459065645185519,0.0956910013663868,27.32773765371852,0.5705359310198468,3.65150336258486,5.97561737664801,,2.496991991115425,1.1287312582437845,3.671580038819217,0.7831325301204819
Batch_1,uhdslk0o,16,8,0.08220631132325644,4.494828957836118,0.11402810925483958,0.0,0.3089366215857863,-0.8082736674622114,-0.08154335719968178,0.01303680981595092,0.0184023033378879,21.47179387077884,0.5232078956954491,1.7796582164923458,2.4830752093684207,,3.391036027529941,3.0180858800385613,7.300684899377592,0.797716150081566
Batch_1,uhdslk0o,16,9,0.49019607843137253,3.5706166524580842,0.1989201477692526,0.0,0.7402671213412901,-0.6140949133276498,-0.41631145211707876,0.04073033707865169,0.0170941416496648,17.487612940833575,,,,,,,9.568307060290238,0.7481481481481481
Batch_1,uhdslk0o,16,10,1.8520376175548587,1.14294670846395,1.6683385579937302,0.03385579937304075,0.3028213166144201,-0.8415047021943575,0.5909090909090908,0.11564045710387173,0.0387399203342077,21.373749149907702,0.6307831305050401,2.505408341078227,3.350165158143769,,2.784882273859337,2.454629600062791,5.423294660746984,0.5395189003436426
Batch_1,uhdslk0o,16,11,1.010629129560471,0.6592933065211146,0.6460787130135018,2.6233840850330363,0.06061476587187589,0.012812410226946187,0.1104567652973284,0.2978233570531603,0.0849355846183876,23.42377513175873,0.8419987229579108,3.445310312698516,5.404453270796653,,2.28821062959262,1.2674052694175544,3.650205469813277,0.5812854442344045
Batch_1,uhdslk0o,16,12,0.6477246070842131,1.0198217217921652,1.7621100164203614,0.360075064508562,1.2102685901946986,0.09306826178747347,0.8331134177809055,0.3483466362599772,0.1664259223111458,15.615850087839156,,,,,,,3.179425921186335,0.6771653543307087
Batch_1,uhdslk0o,16,13,0.11681772406847936,0.9446122860020141,1.9818731117824773,0.07351460221550855,1.8831822759315207,0.5323262839879154,0.9818731117824773,0.0054045939048190965,0.0241183328475663,15.54454483629651,,,,,,,8.202438661763951,0.8717339667458432
Batch_1,uhdslk0o,16,14,0.3730104850267783,4.562118126272912,0.0,0.0,0.06487138870030927,-1.03567926378517,-0.2189409368635438,0.16528818816231586,0.0643981346546196,17.487612940833575,,,,,,,9.651735586319903,0.6888604353393086
Batch_1,uhdslk0o,16,15,1.3334632733752854,0.8094336470457203,1.300050119730467,0.01141616082864621,1.5456367990198807,-0.07473408698557679,-0.13949991646711601,0.17129246064623033,0.0876293187585399,23.42377513175873,1.1776511752451118,3.309573529651686,4.195537713567073,0.7242718446601941,2.261919558571841,1.6259214252332566,4.313757054988599,0.6533052039381153
Batch_1,uhdslk0o,32,0,0.09171568138769813,0.733725451101585,2.0730734722360684,0.38081945967500747,1.7206659355996412,0.5809989033994616,1.1668826637423988,0.30132450331125826,0.0979016201444466,42.94358774155767,0.547002095985713,3.226750126221706,4.074683259266482,,2.9033816638661327,1.7365971512206506,2.739068576683674,0.7709137709137709
Batch_1,uhdslk0o,32,1,0.29940889231560014,1.6814443587766643,0.9849653045489591,0.279491133384734,1.7546903109740428,0.30172192238499096,-0.042084297095862255,0.026706231454005934,0.0759515908647277,50.75151278547725,0.6955796338302048,2.54360807665785,2.8164307844681837,,2.565345995857265,1.8166090130791568,3.3729245813406807,0.7837514934289128
Batch_1,uhdslk0o,32,2,0.5742501828822238,2.9487929773226043,1.3606437454279443,0.043160204828090715,0.0731528895391368,-0.7815654718361374,1.036942209217264,0.25696594427244585,0.0661025145067698,42.553191489361694,0.3989422804014327,1.4450303987687134,4.276691017611702,,3.25929716399935,2.342150469487119,5.6002232098372655,0.7414104882459313
Batch_1,uhdslk0o,32,3,0.35639412997903563,2.893081761006289,0.09433962264150943,1.6561844863731656,0.0,-0.38993710691823896,-0.08385744234800839,0.0,0.004655475307437,23.42377513175873,,,,,,,5.9533603956085175,0.8686868686868687
Batch_1,uhdslk0o,32,4,0.0917130691123485,0.6567310841794956,2.5466754012446775,1.7048804454634787,0.0,0.17294464461185716,2.5008188666885034,0.001949317738791423,0.029796993948858,42.94358774155767,0.7399277020331919,1.3469841688927184,1.7983404693292409,,3.2009015415098063,2.240867262276449,12.51339777195494,0.8736176935229067
Batch_1,uhdslk0o,32,5,1.5742049469964665,0.28180212014134276,0.5229681978798586,1.8613074204946998,0.7597173144876325,-0.009893992932862286,-0.643992932862191,0.09308200544111932,0.0547098646034816,38.68471953578335,0.7080065604348487,1.8891788758466816,2.996053869739811,,2.544624460513241,1.329575884870337,2.872890483036277,0.7641418983700863
Batch_1,uhdslk0o,32,6,1.4333568406205923,0.6981664315937941,0.8938645980253879,0.8797602256699576,1.094851904090268,-0.09908321579689718,-0.3702397743300423,0.09085092770313499,0.0275131758735116,31.23170017567831,,,,,,,2.899030004180421,0.6046511627906976
Batch_1,uhdslk0o,32,7,0.6187624750499003,0.0,1.2824351297405192,0.4540918163672655,2.6447105788423158,0.9011976047904191,-0.34930139720558895,0.0,0.0095842279914112,58.55943782939683,0.3656366395715726,0.6939661409155029,0.7420755373261929,,4.086304025757376,5.348024015899098,4.031128874149275,0.75
Batch_1,uhdslk0o,32,8,0.0,0.4511278195488721,0.3253325621746674,0.33400809716599184,3.8895315211104675,1.5323886639676105,-1.6194331983805663,0.13637660485021397,0.0337497560023423,35.1356626976381,,,,,,,2.35,0.707936507936508
Batch_1,uhdslk0o,32,9,0.0,0.0,0.0,0.09060196560196562,4.909398034398035,1.9818796068796067,-2.4546990171990175,0.4811616954474097,0.0635565098575053,27.32773765371852,,,,,,,1.4603081866510237,0.7708333333333334
Batch_1,uhdslk0o,32,10,0.07133798351299936,0.017966603255125765,0.0,0.9421898118790953,3.9685056013527795,1.7437116888607054,-2.0199217924328896,0.32173624917163685,0.0915087040618955,23.21083172147001,,,,,,,3.153569406244296,0.6419294990723562
Batch_1,uhdslk0o,32,11,0.11078998073217726,0.2862647949353152,1.1902468116340947,0.046334526103312235,3.3663638865951007,1.2542435085787687,-0.5483301220295442,0.0776788053445114,0.2127464376341987,19.519812609798944,,,,,,,4.16840790273818,0.6
Batch_1,uhdslk0o,32,12,0.05172848851879889,0.12112036336109007,3.9666919000756997,0.0,0.8604592480444108,0.2992682311380267,3.510598031794095,0.17188179052585834,0.0386785086863166,23.42377513175873,,,,,,,7.270814947262781,0.4558404558404558
Batch_1,uhdslk0o,32,13,2.091932457786116,2.0999731975341733,0.0,0.6647011525060306,0.14339319217367996,-1.0664701152506033,-1.1176628249798979,0.03855721393034826,0.0360831721470019,46.42166344294003,0.6207773537019519,1.6381186815012974,1.727010027053149,,3.334685258517883,2.565081303041334,4.914519305079593,0.6719022687609075
Batch_1,uhdslk0o,32,14,0.0931449022666789,2.932458474809581,1.143892814536111,0.1362760392768652,0.6942277691107644,-0.3188033403689089,0.7502064788473892,0.2410112359550562,0.1063536990044895,35.1356626976381,,,,,,,3.084234102658227,0.6640127388535032
Batch_1,uhdslk0o,32,15,0.0,1.0996326905417815,0.4189623507805326,0.910238751147842,2.571166207529844,0.9905876951331495,-0.8666207529843892,0.10784630287374879,0.0850283037282842,31.23170017567831,,,,,,,10.67780399793882,0.9043760129659644
Batch_1,uhdslk0o,32,16,0.45321637426900585,2.8435672514619883,0.0,0.0,1.7032163742690059,-0.0687134502923976,-1.0782163742690059,0.0005256241787122207,0.0066757759125512,27.32773765371852,,,,,,,11.484184776902902,0.8388278388278388
Batch_1,uhdslk0o,32,17,0.0,4.860706187236799,0.13929381276320052,0.0,0.0,-0.9721412374473597,0.13929381276320052,0.021980086417433778,0.0301288307632246,15.615850087839156,,,,,,,14.118361114277556,0.7647058823529411
Batch_1,uhdslk0o,32,18,0.5873340143003065,4.278175008512087,0.0,0.0,0.13449097718760641,-1.036772216547497,-0.36091249574395645,0.06544556493105577,0.0284042553191489,19.34235976789168,,,,,,,10.831112432209938,0.7929824561403509
Batch_1,uhdslk0o,32,19,0.0,0.0,1.2027491408934707,0.0,3.7972508591065286,1.5189003436426112,-0.6958762886597936,0.0003363605785401951,0.0056802654694514,15.615850087839156,,,,,,,14.600864681421074,0.6416666666666667
Batch_1,uhdslk0o,32,20,0.07775309425579183,0.09679466835925105,4.111393208505237,0.08568708346556649,0.6283719454141543,0.2180260234846081,3.758330688670264,0.05572705117790414,0.0307534647667382,19.519812609798944,,,,,,,4.4512919292220445,0.573170731707317
Batch_1,uhdslk0o,32,21,3.0109867330016584,1.826285240464345,0.07255389718076286,0.0,0.09017412935323382,-1.5335820895522387,-1.4780265339966832,0.15957637767007718,0.0466537717601547,27.07930367504835,,,,,,,6.650187967268294,0.509719222462203
Batch_1,uhdslk0o,32,22,0.54579249746536,0.0,0.12335248394727949,3.9743156471781007,0.35653937140925984,0.7191618790131798,-0.3278134504900304,0.04048168075839098,0.0288795627561975,23.42377513175873,,,,,,,5.470751765384443,0.7380952380952381
Batch_1,uhdslk0o,32,23,1.1058424477363975,0.7943375328810743,0.7531496608057594,2.3466703585767688,0.0,-0.1318704139554203,0.20022843693756065,0.44029718733415885,0.1409916064805778,31.23170017567831,,,,,,,1.96468827043885,0.5209424083769634
Batch_1,uhdslk0o,32,24,0.8374720400348789,1.3185729992038517,2.0715016870758616,0.4655571141524813,0.30689615953292637,-0.3828335292110551,1.499317587291959,0.55102889212222,0.2574370486043334,23.42377513175873,,,,,,,1.40089257261219,0.6004140786749482
Batch_1,uhdslk0o,32,25,0.0,0.0,0.7059660929209267,0.0,4.294033907079074,1.7176135628316294,-1.4410508606186103,0.00959838343015913,0.0754147960179582,19.519812609798944,,,,,,,15.766816419302916,0.8568075117370892
Batch_1,uhdslk0o,32,26,0.0,0.0,2.568218298555377,0.0,2.431781701444623,0.972712680577849,1.3523274478330658,0.00762029174831265,0.0361508704061895,7.736943907156672,,,,,,,14.7,0.8465116279069768
Batch_1,uhdslk0o,32,27,0.4726976365118174,3.822330888345558,0.19559902200488996,0.2974735126324368,0.21189894050529745,-0.8092909535452323,-0.14669926650366746,0.00048355899419729207,0.0119754050361116,23.42377513175873,,,,,,,5.26820651504534,0.8980582524271845
Batch_1,uhdslk0o,32,28,0.0,4.964351191688735,0.0,0.0,0.035648808311265025,-0.9786107150132408,-0.017824404155632512,0.08269581056466302,0.095822760101503,11.711887565879367,,,,,,,9.656260915357471,0.6707692307692308
Batch_1,uhdslk0o,32,29,1.4379179994184355,3.4137830764757195,0.0,0.0,0.14829892410584472,-1.1986042454201802,-0.7931084617621401,0.06469056679351091,0.0332591876208897,30.947775628626687,,,,,,,9.860058295056003,0.7017543859649122
Batch_1,uhdslk0o,32,30,0.7775195436298332,1.5354954574265796,2.422353686879358,0.021656454679907042,0.2429748573843229,-0.5165856750475387,1.9121064863722799,0.135028761731759,0.0923872730821784,42.94358774155767,0.7715176518808164,3.041918537923525,3.3162639472228337,,2.625556313181612,2.0829519665770744,4.103656905736639,0.6826608505997819
Batch_1,uhdslk0o,32,31,1.9532446119420563,0.0,0.04887527970792604,0.0,2.9978801083500177,0.4178541985631841,-2.426687080438111,0.24459016393442623,0.0828713644349014,11.711887565879367,,,,,,,8.158431144063062,0.6
Batch_2,3806gxp0,16,0,1.3510869715821707,0.3702769733833982,0.21434608510107658,2.2263727432696436,0.8379172266637108,0.16595125600986513,-0.8801560140218643,0.14198247651219253,0.0475066298738532,25.08600917431192,0.4879416930256044,2.510277539843412,4.332520512156652,,2.649584725047385,1.7309009390325516,7.1282887060645805,0.6902748414376322
Batch_2,3806gxp0,16,1,0.0,0.17702396377685425,0.00916359341903716,4.640943539768729,0.17286890303537908,0.9619314764125265,-0.07727085809865238,0.13842034805890227,0.0535191923515981,21.40410958904109,0.4857824014216334,2.389688054307413,5.239981944836622,,2.387592405173205,1.645591165707796,6.204232426336073,0.7919540229885057
Batch_2,3806gxp0,16,2,2.209772125307381,0.8115820028477226,0.244527487222851,0.0,1.7341183846220445,-0.3525778968436793,-1.7274177677418616,0.19598930481283422,0.1035869720319634,21.40410958904109,1.1238919694778935,4.329463447158911,5.036794410023911,,2.297931133039136,2.183887993773276,8.96182179661098,0.6889790398918187
Batch_2,3806gxp0,16,3,2.5026280092228848,1.782684962784567,0.24990299294814844,0.0,0.46478403504439864,-1.1716745822283077,-1.2338030291854933,0.1615124285214144,0.0684444882454128,26.877866972477054,0.7420755373261929,2.9084173453638096,4.990766333328142,,2.606536101896934,2.6975966266998825,7.824321056807422,0.6931297709923664
Batch_2,3806gxp0,16,4,2.0023028114495323,0.5467303697390505,0.29085537442278875,1.1491702321292365,1.0109412122593906,-0.27605666719801986,-1.2157666374316727,0.05002337540906966,0.0345425387041284,28.669724770642198,0.4328002004041154,2.1667376968244536,2.37630330153801,,3.2071253209484536,1.7621769904978608,5.680008802810081,0.8158995815899581
Batch_2,3806gxp0,16,5,2.236095746894411,0.0006924504906385108,0.9938395666889225,1.7363196052760657,0.03305263064996323,-0.5340918155406941,-0.1407346220832647,0.3177275689767543,0.1287903110730593,21.40410958904109,0.6444151476009801,5.25571883439575,5.63596873148534,,2.098328726401984,1.229626829254728,3.454978175044363,0.6564722617354196
Batch_2,3806gxp0,16,6,2.9646755668759512,0.0,0.31637568625119494,0.28206508219368825,1.4368836646791654,-0.5547037444399765,-1.8844039295263637,0.11081794195250659,0.0558067565639269,23.18778538812785,0.90270333367641,2.761973495266206,4.671884940323609,,3.1567188443833736,2.41218555248626,7.789030722243647,0.7975352112676056
Batch_2,3806gxp0,16,7,1.5789769406681546,0.037037730707030786,2.2667091192702844,0.017544188229646162,1.0997320211248844,-0.19559667631278532,0.9273546383737648,0.08723021582733813,0.0572095398509174,21.502293577981643,0.4374734125224423,3.4191737614762863,4.336926466358427,,2.574920650835194,2.365558209995321,8.52106213930654,0.75
Batch_2,3806gxp0,16,8,2.8591435099874696,1.6119997051669492,0.0,0.0,0.5288567848455812,-1.2545146310901456,-1.6940001474165254,0.005353046138159572,0.010123996559633,10.75114678899082,,,,,,,15.952554583389666,0.67601246105919
Batch_2,3806gxp0,16,9,3.8354452689530705,0.25368874250986284,0.05931571317676648,0.8225112227178286,0.029039052642471783,-1.4087979904826464,-1.8729264476210046,0.0599021055085075,0.0732956977739726,14.269406392694062,,,,,,,6.600189391222043,0.8943436499466382
Batch_2,3806gxp0,16,10,2.060633612077824,0.10715554553824172,0.3325069049429077,0.7572325218035749,1.7424714156374512,0.002750516676917282,-1.56904560891473,0.05636511576300022,0.0685466609589041,35.67351598173516,0.5653296327633761,2.5426443729383124,4.2550518593941975,1.0972339001391358,2.3085586569778176,1.884828410227394,6.5736120206688815,0.7240601503759398
Batch_2,3806gxp0,16,11,0.5610237879818148,0.27657111387098404,0.6968015757500828,1.5100352914069919,1.9555682309901263,0.8045106127105259,-0.5614944337358877,0.15169625593250133,0.0624014478211009,19.710435779816507,1.5977625878690491,3.123491317665728,4.129004420438882,0.1441368078175895,2.292933529963834,1.3838450429134497,7.152796655854269,0.6408268733850129
Batch_2,3806gxp0,16,12,0.5649675702740424,0.613325963554284,0.1627672749432523,1.438957068338897,2.2199821228895233,0.8271320420031147,-1.2297075716385306,0.006607121008197724,0.0189488962155963,34.04529816513761,0.6102643417692329,1.239017922805515,1.6017420774398583,,3.526438463590655,2.329963388720269,6.405495562958504,0.8177570093457944
Batch_2,3806gxp0,16,13,0.12767997333862485,0.023811699207846433,0.04598121226342759,2.2871547635674565,2.5153723516226454,1.4077455641855299,-1.2755449502172076,0.12655800575263662,0.0541746932077625,17.83675799086758,0.4854128118398785,4.223859794837037,4.3832846964409695,,3.086953900248259,1.705760778391158,6.45,0.8283093053735255
Batch_2,3806gxp0,16,14,0.1489610281231745,0.0026600183593424014,1.646019360761078,3.155313777851956,0.047045814904447966,0.589764666611032,1.5480159392472668,0.1754680748919827,0.041818279109589,14.269406392694062,,,,,,,8.151380251221262,0.7491803278688525
Batch_2,3806gxp0,16,15,3.944203619054057,0.0,0.0,0.5239490543801518,0.5318473265657911,-1.260152706119276,-2.238025472809924,0.1225979602791197,0.0590909905389908,21.502293577981643,0.5247244530254368,2.0645014902769687,5.555763643572519,,2.6637150503580957,3.875777425463155,9.70530779147176,0.8070362473347548
Batch_2,3806gxp0,32,0,3.7888641076808702,0.0,0.0,0.288688030676527,0.9224478616426028,-1.0888288922800025,-2.3556559846617366,0.024527125337767616,0.0336421301605504,21.502293577981643,,,,,,,17.572279305770213,0.7770491803278688
Batch_2,3806gxp0,32,1,0.014587266174703965,0.5732795606658658,0.3318603054745152,3.288699159087009,0.7915737085979063,0.8538784966535095,-0.07122018191178991,0.15894465894465895,0.0613711295871559,32.25344036697247,,,,,,,4.208622102303793,0.6489859594383776
Batch_2,3806gxp0,32,2,0.0,0.3014096280734135,0.010476805253888704,4.6581487974982085,0.029964769174489373,0.8833337415547546,-0.004505579333355983,0.03077987203873422,0.055078125,35.511363636363626,0.5454965999657213,2.4874810802452787,3.123491317665728,,2.84286183513983,2.4759779734140226,6.111382700251741,0.8350694444444444
Batch_2,3806gxp0,32,3,0.0,0.043966706334180775,0.007758830529561314,4.622538811056418,0.3257356520798399,1.0460086817763832,-0.15510899551035864,0.12375507192917742,0.0519459575688073,17.918577981651374,,,,,,,8.70143627895535,0.7074829931972789
Batch_2,3806gxp0,32,4,0.9904369574812416,0.14434939784358647,0.8017822989133861,0.0,3.0634313457617854,0.8003278757435001,-1.225151852708127,0.07781818181818181,0.03125,21.502293577981643,,,,,,,9.084079466549506,0.6137566137566137
Batch_2,3806gxp0,32,5,2.425533054353469,0.9296485776043533,0.14592144430840912,0.0,1.498896923733768,-0.5565841677687515,-1.8162935447352093,0.15010570824524314,0.1752663352272727,35.511363636363626,1.1256760951799394,4.227115951669197,4.310423187640381,,2.528244779087673,2.3738147919093304,8.819268660581654,0.7161172161172161
Batch_2,3806gxp0,32,6,3.8214190973055593,0.5159291588241981,0.4101663656000909,0.0,0.25248537827015144,-1.5307593193790032,-1.6267858721877646,0.16002080443828018,0.0834199397935779,39.42087155963301,0.4787307364817192,1.8159544104586085,4.83889194213713,,2.977189991613056,3.9153826432582064,7.18640985206842,0.6635220125786163
Batch_2,3806gxp0,32,7,0.4462015498786131,3.7579714022609645,0.0,0.0,0.7958270478604224,-0.6117440812594692,-0.6210142988695178,0.058550517672259904,0.0534690366972477,32.25344036697247,,,,,,,12.490171135060503,0.7206537890044576
Batch_2,3806gxp0,32,8,1.7138611804930526,2.2923911827831005,0.42371211435327444,0.08419920221122762,0.48583632015934475,-0.9328483402478578,-0.6761366359729242,0.0,0.0164850917431192,39.42087155963301,0.3699638510165959,1.381976597885342,1.59377316194829,,5.871986464044984,2.67131470726278,4.550219773585106,0.8934169278996865
Batch_2,3806gxp0,32,9,2.092640979301269,0.0,0.2492454499736877,1.4827126938707769,1.1754008768542665,-0.07035350220464566,-1.3847754781040797,0.07428430404738401,0.0525999856651376,28.669724770642198,,,,,,,6.535173888460372,0.7770800627943485
Batch_2,3806gxp0,32,10,2.5067457843204006,0.0,0.6846522081084515,1.771783669545833,0.03681833802531472,-0.6336142446088681,-0.5871298530644061,0.34570499330399845,0.1623401988636363,31.960227272727263,,,,,,,3.9528470752104745,0.6602067183462532
Batch_2,3806gxp0,32,11,1.7690179678392333,0.0018874558205806702,1.5274236228049074,1.6751170407653446,0.02655391276993394,-0.362339705038767,0.6296376825003238,0.16612214124151797,0.0949326261467889,25.08600917431192,,,,,,,2.5985572920372566,0.652931854199683
Batch_2,3806gxp0,32,12,4.120104710226583,0.0,0.30439768092109337,0.28103105396242023,0.29446655488990314,-1.474049051342188,-1.9028879516371495,0.17255400254129605,0.0709127723623853,17.918577981651374,,,,,,,7.13945901056895,0.7855855855855856
Batch_2,3806gxp0,32,13,0.9826026000509813,0.0,0.336923273005353,0.2838388988019373,3.396635228141728,1.022380830996686,-1.8526956410910014,0.05337270043152396,0.0408380681818181,31.960227272727263,,,,,,,8.463657581358454,0.8107638888888888
Batch_2,3806gxp0,32,14,1.7613837421619554,0.044244171207135315,2.7077432778766815,0.020957765308643045,0.46567104344558446,-0.5229423606662471,1.5942158850729116,0.14161181284468954,0.0959629443807339,28.669724770642198,,,,,,,6.752314386948516,0.7289836888331243
Batch_2,3806gxp0,32,15,0.6414913688716173,0.0,0.0,0.0,4.358508631128383,1.4868069049027062,-2.5,0.006504310996823476,0.0184561353211009,25.08600917431192,,,,,,,14.384018902799893,0.8136882129277566
Batch_2,3806gxp0,32,16,4.209714726291441,0.0,0.0,0.0,0.7902852737085581,-1.3677717810331533,-2.4999999999999996,0.0,0.0135464449541284,10.75114678899082,,,,,,,24.174922440071185,0.6445783132530121
Batch_2,3806gxp0,32,17,0.1270053475935829,4.872994652406418,0.0,0.0,0.0,-1.0254010695187166,-0.06350267379679145,0.011743324479239479,0.0067015481651376,14.334862385321095,,,,,,,31.001451578918047,0.7096774193548387
Batch_2,3806gxp0,32,18,2.9144356595263003,0.5835868763613289,0.0,1.435175879396985,0.0668015847153858,-0.9687358293172347,-1.490618622120843,0.0743505524037026,0.0634321732954545,17.755681818181813,,,,,,,6.261988502065458,0.8509874326750448
Batch_2,3806gxp0,32,19,4.5436934997847604,0.0,0.10492897115798536,0.35137752905725356,0.0,-1.7472018941024539,-2.166917778734395,0.02251741454722177,0.0832497133027523,14.334862385321095,,,,,,,7.360672498227291,0.9578947368421052
Batch_2,3806gxp0,32,20,3.661397840072192,0.0,0.012808197246237593,0.46051291008063344,0.8652810526009375,-1.026344132972376,-2.250531249090327,0.05675446049277825,0.0768796588302752,50.17201834862384,0.4199656626702007,1.9005279581561785,4.2550518593941975,,2.6736590870032244,3.3021497935498787,7.601068992646699,0.7202141900937081
Batch_2,3806gxp0,32,21,0.04185067213734276,0.24229336500566864,0.7356907628353938,1.1314365923446525,2.848728607676942,1.300579819683636,-0.7095988770717486,0.049515326172386694,0.0602894176136363,28.409090909090903,,,,,,,6.638712224520656,0.7289879931389366
Batch_2,3806gxp0,32,22,0.0,0.0,0.7939768669833117,1.6415119368282194,2.5645111961884686,1.3541068658410311,-0.48827873111092257,0.22298850574712645,0.0951118119266055,21.502293577981643,,,,,,,18.95765016900666,0.6147308781869688
Batch_2,3806gxp0,32,23,2.362703681351841,1.164755582377791,0.3847314423657212,1.087809293904647,0.0,-0.9604707302353652,-0.7966203983101993,0.05481145683082629,0.0296910837155963,21.502293577981643,,,,,,,9.852030247619016,0.6806167400881057
Batch_2,3806gxp0,32,24,0.4812712669963768,0.7096116491479425,0.0,2.142886663268539,1.6662304205871412,0.7606386642604249,-1.0737508437917591,0.013417305585980284,0.0254622993119266,35.83715596330275,0.8553541670488827,1.2277008137427343,1.6017420774398583,,4.131463631189203,2.628435145164281,3.925175104171769,0.8081180811808119
Batch_2,3806gxp0,32,25,0.7360576736916583,0.41650092755235296,0.4954924827777992,0.0,3.3519489159781894,0.9630563114041416,-1.548510812057125,0.0011059500110595002,0.012435493119266,32.25344036697247,,,,,,,8.16285023266631,0.8343949044585988
Batch_2,3806gxp0,32,26,0.11729879238512639,0.025104538591650665,0.048477729694221976,2.1741396094114016,2.6349793299176,1.4368792291769392,-1.327661331457141,0.17221908526256352,0.1022904829545454,24.857954545454536,,,,,,,5.753477209479499,0.8135048231511254
Batch_2,3806gxp0,32,27,0.31888203709348406,0.0,0.0,4.368683908180731,0.3124340547257849,0.8711575886890665,-0.3156580459096345,0.0,0.0056174741972477,14.334862385321095,,,,,,,13.901411771873,0.8913043478260869
Batch_2,3806gxp0,32,28,0.08236564947339994,0.003375641371860653,1.895760194436943,3.018498514717796,0.0,0.5700783148798271,1.8545773697002432,0.1433643279797126,0.066352494266055,10.75114678899082,,,,,,,8.5786071130458,0.7574850299401198
Batch_2,3806gxp0,32,29,0.39650048221701734,0.0,0.7177160627472593,3.6638652154230713,0.2219182396126518,0.6629401460428679,0.4085067018324247,0.0489138690566611,0.0175071022727272,21.306818181818176,,,,,,,13.547121454603046,0.7391304347826086
Batch_2,3806gxp0,32,30,2.385709544448525,0.0,0.0,1.3360774694770496,1.2782129860744256,-0.17578312945422997,-1.8319612652614752,0.05024190547078526,0.0446710149082568,21.502293577981643,,,,,,,8.179883670121525,0.7782340862422998
Batch_2,3806gxp0,32,31,4.892377118271964,0.0,0.0,0.029857576135923058,0.07776530559211253,-1.9198732098447566,-2.4850712119320386,0.05607713778228876,0.0735109661697247,28.669724770642198,,,,,,,9.950910757827756,0.8381374722838137
Batch_2,avn74qx1,16,0,0.0,0.08691037276516184,0.06456199119697736,3.0319304327503604,1.8165972032875004,1.3156428933120399,-0.8437366104467728,0.0,0.0089144925458715,16.126720183486235,,,,,,,10.60306533219912,0.9033942558746736
Batch_2,avn74qx1,16,1,1.9683257918552037,0.48265460030165913,0.19607843137254904,2.3529411764705883,0.0,-0.4132730015082958,-0.7880844645550529,0.0,0.0029564426369863,12.485730593607304,,,,,,,8.46424833837641,0.9166666666666666
Batch_2,avn74qx1,16,2,2.410051843934766,0.26013468131457373,1.6640676560428458,0.5599845811504565,0.10576123755735832,-0.8617462625837865,0.40616111529678367,0.017922112922786688,0.0336802582762557,28.538812785388124,0.5373379186527566,2.1635340985871423,2.873492378205923,,2.448191428514863,1.8488572966211745,5.178802950489621,0.8838951310861424
Batch_2,avn74qx1,16,3,0.6016326040800238,0.0,0.02835505973498946,0.46378770972477806,3.906224626460208,1.414594350897029,-2.2255735555351266,0.08032405412393347,0.0793882597477064,21.502293577981643,0.8218980909086916,2.0787991684939238,6.537299543315706,,2.0897716504067176,1.9486938340299185,8.120591111139221,0.6177339901477833
Batch_2,avn74qx1,16,4,1.0243449260309863,2.9346217781268837,0.6308438652299967,0.3540178652978463,0.05617156531428676,-0.9033901268524874,0.09058561955736022,0.09241277707091676,0.0504855934633027,10.75114678899082,,,,,,,6.59499809906871,0.7218543046357616
Batch_2,avn74qx1,16,5,0.3628015072412386,0.0,0.9269637215759154,0.5747292485261692,3.135505522656677,1.224027455871409,-0.8221897933730422,0.03468208092485549,0.0378629780251141,24.971461187214608,0.7557989860588077,2.0438918357249305,3.329674659149364,,2.3566950357689844,1.934439749161516,6.15,0.5666003976143141
Batch_2,avn74qx1,16,6,0.0,3.8809412624611697,0.11597263110876493,0.0,1.0030861064300651,-0.3749538099202078,-0.38557042210626763,0.00023688262465948123,0.0053777825342465,8.91837899543379,,,,,,,15.347849451408496,0.7529880478087649
Batch_2,avn74qx1,16,7,1.8961285283945106,0.7291085574026553,1.2294990516568112,1.1452638625460223,0.0,-0.6752203503291309,0.28143478745955586,0.09586446385351995,0.0401510536123853,10.75114678899082,,,,,,,6.328704448779387,0.6143039591315453
Batch_2,avn74qx1,16,8,1.2386030193365818,0.0,0.06125633132228397,3.6472019669287876,0.05293868241234639,0.2551746586160633,-0.5845145195521801,0.049201633865577424,0.0182814291857798,16.126720183486235,,,,,,,12.794158823179648,0.8116504854368932
Batch_2,avn74qx1,16,9,3.245504012898178,0.031439308619728996,0.0,0.0,1.723056678482093,-0.6152667954903794,-2.4842803456901357,0.0013975155279503106,0.0184075342465753,8.91837899543379,,,,,,,16.6969232973942,0.7830985915492957
Batch_2,avn74qx1,16,10,0.2773445203391957,0.0,0.0,0.0,4.722655479660804,1.7781243837286431,-2.5,0.030569821472242603,0.021845569349315,7.134703196347031,,,,,,,16.411368004060456,0.7924528301886793
Batch_2,avn74qx1,16,11,1.4918846918537836,0.0,0.00688080989953527,0.07162297577243532,3.429611522474246,0.7894153274026717,-2.4538672972644795,0.1434997098084736,0.0712845828555045,12.54300458715596,,,,,,,9.013656305167835,0.7295980511571255
Batch_2,avn74qx1,16,12,0.014409009688661396,1.0451130644392914,0.19774066487631065,3.727641463924126,0.015095797071610734,0.5367803948501465,0.1829882614961746,0.2680032261781311,0.0729689291857798,16.126720183486235,,,,,,,7.07477914849644,0.7502750275027503
Batch_2,avn74qx1,16,13,0.726568401880668,0.8113640361921647,0.07811050131598463,2.616701794085485,0.767255266525697,0.3773422974366755,-0.6688013328871978,0.107140181314153,0.0633204908675799,35.67351598173516,0.8434539610291156,2.3557200982602806,4.03819458040293,0.641904761904762,1.9929798573406476,1.267240450526562,3.175688901640084,0.7022508038585209
Batch_2,avn74qx1,16,14,0.6168254214099486,2.815560546219572,1.0725109063217946,0.04318129017269418,0.4519218358759906,-0.6204372854229587,0.538137277678825,0.12738798937719523,0.0634810216894977,24.971461187214608,0.7254439442529148,2.8549338123745054,4.909422021158563,,2.356748099951961,1.6239654385494502,5.869060768129533,0.8077276908923643
Batch_2,avn74qx1,16,15,1.8695674043965562,2.2644093326273946,0.016426397630558743,0.0,0.8495968653454901,-0.8608700821459054,-1.3431557372404643,0.23428702746179478,0.1103560421444954,26.877866972477054,0.6154581744998688,3.733247125833118,5.334799614202274,0.0411985018726592,1.7705632923496706,1.8314295597189565,3.453259329966402,0.8144712430426716
Batch_2,avn74qx1,32,0,0.0,0.0,0.0,3.7616837286195715,1.2383162713804288,1.2476632542760855,-0.6191581356902144,0.0,0.0055189220183486,14.334862385321095,,,,,,,36.19233344231897,0.8503937007874016
Batch_2,avn74qx1,32,1,0.0,0.12528425840141497,0.09306830624105114,2.709719531710604,2.0719279036469302,1.3456582161206094,-0.942895645582414,0.0,0.0123100630733944,25.08600917431192,,,,,,,10.287431423441223,0.9296875
Batch_2,avn74qx1,32,2,3.7307692307692304,0.0,0.4999999999999999,0.769230769230769,0.0,-1.3384615384615384,-1.3653846153846154,0.0,0.0023082386363636,14.204545454545451,,,,,,,8.897604751050302,0.971153846153846
Batch_2,avn74qx1,32,3,0.8312655086848636,0.794044665012407,0.0,3.3746898263027294,0.0,0.18362282878411887,-0.4156327543424318,0.0,0.0036105934633027,14.334862385321095,,,,,,,9.41296312557378,0.8709677419354839
Batch_2,avn74qx1,32,4,3.798751950078003,0.009360374414976598,0.0,1.1918876755070202,0.0,-1.282995319812793,-1.8993759750390016,0.025606828487596694,0.0287145212155963,17.918577981651374,,,,,,,7.57419962509428,0.824
Batch_2,avn74qx1,32,5,1.3865959684428018,0.44495243763463044,2.8904662227738007,0.09427932787090361,0.18370604327786363,-0.5512905920187208,2.105315216913468,0.003812636165577342,0.0386008522727272,46.16477272727271,0.461809077155419,1.3141328192708226,2.873492378205923,,2.929796637651937,2.9386473853681623,6.759900141501008,0.911070780399274
Batch_2,avn74qx1,32,6,0.6488288467319271,0.0,0.032393333425568285,0.5298394734558297,3.788938346386675,1.362011694553065,-2.1864902631337326,0.11889880952380952,0.138976490825688,32.25344036697247,,,,,,,4.750789408087882,0.5342820181112549
Batch_2,avn74qx1,32,7,0.270240434504228,0.0,0.0,0.0,4.729759565495772,1.783807652396617,-2.5,0.0010239606799098914,0.0198000286697247,17.918577981651374,,,,,,,21.050504744353905,0.8842975206611571
Batch_2,avn74qx1,32,8,0.0,4.983426246798252,0.0,0.016573753201747775,0.0,-0.9933704987193006,0.0,0.11210607887032892,0.05946280103211,7.1674311926605485,,,,,,,10.201899132757514,0.6944444444444444
Batch_2,avn74qx1,32,9,2.491573729077141,0.0,1.534438216867776,0.8373586893736948,0.1366293646813886,-0.7745060078835622,0.22033666998851098,0.058842866535174225,0.0415083858944954,14.334862385321095,,,,,,,6.642947334070661,0.7424593967517401
Batch_2,avn74qx1,32,10,0.02136963177789949,0.0,0.2136963177789949,2.9886956443662287,1.7762384060768768,1.2996866385928363,-0.6851077011483933,0.007535245503159942,0.0145152698863636,28.409090909090903,,,,,,,6.656876126149324,0.7808219178082192
Batch_2,avn74qx1,32,11,0.4440913236803101,0.0,1.0967820088929428,0.0,3.4591266674267467,1.2060141374985744,-0.8548269866605855,0.06018808777429467,0.0614248853211009,28.669724770642198,,,,,,,7.507662752148635,0.4782608695652174
Batch_2,avn74qx1,32,12,0.0,3.1489737960180744,0.0,0.0,1.8510262039819263,0.1106157223891556,-0.9255131019909631,0.0,0.0058504157110091,10.75114678899082,,,,,,,13.927418958716885,0.7984496124031008
Batch_2,avn74qx1,32,13,0.0,4.746835443037975,0.25316455696202533,0.0,0.0,-0.9493670886075949,0.25316455696202533,0.000676132521974307,0.0049094460227272,7.102272727272726,,,,,,,18.563707793729613,0.7049180327868853
Batch_2,avn74qx1,32,14,4.007430997876859,0.037154989384288746,0.08492569002123143,0.8704883227176222,0.0,-1.4363057324840771,-1.918789808917198,0.006001333629695488,0.0084396502293577,10.75114678899082,,,,,,,7.739153642257003,0.504424778761062
Batch_2,avn74qx1,32,15,1.6481735444458299,0.8103727714748785,1.363919710759257,1.177533973320035,0.0,-0.5858371774093006,0.5398329385363422,0.10951239008792965,0.0718624569954128,17.918577981651374,,,,,,,4.835790834922924,0.6337817638266069
Batch_2,avn74qx1,32,16,1.3123052959501555,0.0,0.06490134994807892,3.622793354101765,0.0,0.19963655244029063,-0.5912512980269988,0.14262384322264562,0.0345111811926605,21.502293577981643,,,,,,,12.09928710869102,0.8100686498855835
Batch_2,avn74qx1,32,17,0.0,0.0,0.0,4.05740071430099,0.94259928569901,1.1885198571398017,-0.471299642849505,0.0,0.002051677178899,10.75114678899082,,,,,,,37.85127474696871,0.8205128205128205
Batch_2,avn74qx1,32,18,0.5977119536441571,0.07888584159770601,0.0,0.0,4.323402204758137,1.4744989321260507,-2.460557079201147,0.0038860103626943004,0.0145685369318181,14.204545454545451,,,,,,,15.241513910550587,0.8106796116504854
Batch_2,avn74qx1,32,19,5.0,0.0,0.0,0.0,0.0,-2.0000000000000004,-2.5,0.0,0.0222817517201834,7.1674311926605485,,,,,,,46.060552534988425,0.7449664429530202
Batch_2,avn74qx1,32,20,,,,,,,,0.0,0.0,0.0,,,,,,,,
Batch_2,avn74qx1,32,21,0.27734452033919577,0.0,0.0,0.0,4.722655479660804,1.7781243837286431,-2.5,0.08541168431841475,0.0434925426136363,14.204545454545451,,,,,,,16.369560165135777,0.7924528301886793
Batch_2,avn74qx1,32,22,1.5641301170090962,0.0,0.007313679611944764,0.0,3.4285562033789594,0.7457704345479449,-2.489029480582083,0.22909493359567143,0.134299741972477,17.918577981651374,,,,,,,8.79616393662601,0.7248520710059172
Batch_2,avn74qx1,32,23,0.3434859419441409,0.0,0.0,1.2101273954647425,3.4463866625911175,1.4831857673517388,-1.894936302267629,0.00389242745930644,0.0082694237385321,14.334862385321095,,,,,,,10.973109175151546,0.75177304964539
Batch_2,avn74qx1,32,24,0.0,0.0,0.032070526759923404,4.947137385998507,0.020792087241569567,0.9977443120963291,0.02167448313913862,0.14977973568281938,0.043121057912844,14.334862385321095,,,,,,,19.244025046751524,0.6349206349206349
Batch_2,avn74qx1,32,25,0.020477264640667573,1.4852552161709736,0.26751149977382743,3.2140591756213763,0.012696843793154852,0.34264862355107534,0.25092444555691623,0.30666666666666664,0.1028168004587156,21.502293577981643,,,,,,,1.5787653403846944,0.8114478114478114
Batch_2,avn74qx1,32,26,0.1288698313013172,0.709569863811521,0.0,3.193457282978983,0.9681030219081795,0.8324707600762371,-0.5484864266047483,0.07823675375857539,0.0564364346590909,35.511363636363626,0.8250653982847793,1.7633180539432127,3.3884270089009343,,2.695772612458863,2.691402028943643,3.346714753721533,0.5934959349593496
Batch_2,avn74qx1,32,27,1.2111940913826833,0.8939007418253051,0.14144402329666264,2.1490571647731675,0.6044039787221815,0.008315239525371583,-0.7663550117557698,0.06465517241379311,0.0702677035550458,43.004587155963286,1.2787562560385666,2.16878929034072,2.4312578198194026,,2.6131585055340323,1.7261276387462838,2.8998275605729686,0.7745726495726496
Batch_2,avn74qx1,32,28,0.17418125737095164,3.614261090447247,1.176177084278327,0.035380567903474554,0.0,-0.7854486074571351,1.0890864555928512,0.14392857142857143,0.0987582425458715,32.25344036697247,,,,,,,8.417244204607586,0.8096676737160121
Batch_2,avn74qx1,32,29,2.1324647916276476,0.080763415269219,0.7175518818149842,0.06989141705990105,1.9993284942282479,-0.05542891860162364,-1.3483447611129635,0.019924254898732095,0.028524502840909,24.857954545454536,,,,,,,8.194373053909358,0.8120481927710843
Batch_2,avn74qx1,32,30,2.381133429854124,2.2198058228802937,0.0,0.0,0.3990607472655822,-1.2367902376114757,-1.3900970885598531,0.14449269640742202,0.1154673165137614,32.25344036697247,,,,,,,5.70350769263968,0.7700348432055749
Batch_2,avn74qx1,32,31,1.3088296764412075,2.313300129650228,0.034431699834926215,0.0,1.3434384940736386,-0.4488164988770733,-1.291702385422497,0.11361426256077796,0.1052447677752293,35.83715596330275,1.0016826359362243,3.175114067723899,3.846846319868319,,2.357518337844167,2.48468249752268,2.977938876627989,0.8650793650793651
Batch_2,b3esycq1,16,0,0.7048236408251767,2.8002171517626238,0.0,0.4199127843663637,1.0750464230458356,-0.3279717605909884,-0.8899350319355062,0.30035153019023986,0.1225085530459056,32.33987506595632,0.7290936221960322,4.273229921987456,6.284828858174786,1.032055136912801,1.7423354649387457,1.4533057046683011,4.152558837998937,0.6899128268991283
Batch_2,b3esycq1,16,1,0.018948465179760707,0.1990758502219304,0.14527156637816543,1.2028309431319728,3.4338731750881704,1.5667209025453723,-1.5811392537558002,0.05501591023279183,0.0901466439626909,37.27518404622122,0.8140538880739208,2.771412521766319,4.715963501519224,0.499304361175665,1.7740578224526338,1.336026332314776,5.990836752735975,0.7779839208410637
Batch_2,b3esycq1,16,2,0.0,0.34108714582637367,3.167452437894254,0.14793838137184054,1.3435220349075316,0.4987790610721059,2.4956914204404885,0.0225062517365935,0.0140756177938174,18.63759202311061,0.4068428945128219,1.4959005648344574,2.546364542158844,,3.088306395374846,2.2930819411396555,6.614037913586639,0.7668845315904139
Batch_2,b3esycq1,16,3,0.06187448643040255,1.9107818375283525,1.8904283880446675,0.27482268832147466,0.862092599675102,-0.007104584543495831,1.4284448449919154,0.11323344389797552,0.0261059386223213,23.829381627546763,0.4998098505647871,1.1787094639138749,3.8048303015560094,,2.962929686015553,2.335896807790447,7.56971761088103,0.7031463748290013
Batch_2,b3esycq1,16,4,0.9242900019083639,0.09573625255171377,0.09523892136962693,3.3473673253413367,0.5373674988289585,0.4955572133261623,-0.6355898289990343,0.1497148288973384,0.0850836581504995,25.53148031522867,0.8330159373509392,3.325793593843504,5.115491740113499,,2.321461210879117,1.4133580398519034,4.049876538505327,0.8227758007117437
Batch_2,b3esycq1,16,5,1.9863208684784615,1.4874584117977365,0.676947365203011,0.16325124957311096,0.6860221049476798,-0.7849609378572379,-0.6592241215100595,0.22639890147614145,0.1506806956904804,47.44114333155427,1.044813549060983,3.324263510879823,4.860551383594349,1.243836100354935,1.5951787703322298,1.3028458304234267,2.0615528128088303,0.6312326869806094
Batch_2,b3esycq1,16,6,0.9005058731590783,0.020422528661297307,0.5199235421688606,0.013250896503492903,3.545897159507271,1.056722188107716,-1.7032779741643143,0.1474514563106796,0.0992282342575884,27.10922476088816,0.42761956528549,3.0866420017679848,6.377838219602832,0.6851532897003101,2.4039709671364387,1.891533753037768,5.314414031194249,0.7859680284191829
Batch_2,b3esycq1,16,7,2.0310175284085847,1.474793704861555,0.3498153583634323,0.3878105759750551,0.7565628323913722,-0.7271785041841851,-1.0439748220365463,0.23690721649484536,0.1221213255944579,42.552467192047786,0.5322553886092406,3.3809332408354424,5.384095219696418,0.9276907001044932,1.677637767684499,1.3925154935803377,2.75,0.6320147194112236
Batch_2,b3esycq1,16,8,0.11304316475100921,0.013416111860559337,0.3090674658247373,1.936163343299698,2.6283099142639963,1.3906561460930222,-1.0616090736827655,0.18031278748850046,0.0852751442528637,23.829381627546763,1.164099968791478,3.2699132374273736,5.150837700162854,0.5479151426481346,2.5291220036196016,1.603394160347898,7.376126885259424,0.6545217957059206
Batch_2,b3esycq1,16,9,1.1191912456099893,1.1511198945040886,0.2884323618846756,1.09848831555672,1.3427681824445263,0.07890445894434098,-0.9425473521425822,0.20200644042605895,0.1376597961725163,30.497877855999175,1.040544220097119,4.427671761805045,5.592026754111214,,1.8183970442575732,1.0268127147563346,2.1592822881689187,0.7663551401869159
Batch_2,b3esycq1,16,10,0.29460325408452226,1.9336025026782113,0.2698050003737039,0.3345065278231024,2.16748271504046,0.42933258941135316,-0.9612379841887871,0.04993329521631409,0.0639057615574249,40.66383714133224,0.5969332924625912,2.73173477926301,3.525620662447539,1.3308193802566577,1.9761858742878176,0.9431673076611824,2.903876719146321,0.7757225433526012
Batch_2,b3esycq1,16,11,0.6139828947473039,0.6574318002920667,0.6916211030158146,1.4791246478369302,1.5578395541078844,0.5418812332532047,-0.39429012141177955,0.0033437360677663844,0.0297867270344334,25.53148031522867,0.6358093703724523,2.1680182472289533,2.5952720843196797,0.4928145553908754,3.5189283625791763,2.7720101986766257,5.069516742254631,0.7696177062374245
Batch_2,b3esycq1,16,12,0.017343664186077766,0.8292774690209143,0.21009077751176677,0.7932562045492877,3.1500318847319537,1.2458710353240248,-1.3735969969472488,0.22676735892594924,0.1183043692873312,59.5734540688669,0.4720348719413148,2.481361122967268,5.595441037580295,1.1486452741724371,1.7429214310114516,1.4664568407425682,1.1884864324004714,0.5466749921948174
Batch_2,b3esycq1,16,13,1.1616656947463289,0.7141405573521357,1.0439307992719433,0.9431531397136513,1.137109808915941,0.035980162140147764,-0.10545695255919174,0.22738231188935415,0.0956955634059352,33.8865309511102,1.2564581447974876,3.146593188469001,3.670268979693181,0.5076660988074957,1.9879099020891664,0.9564669491447224,2.231367037794948,0.7783457249070632
Batch_2,b3esycq1,16,14,4.5281010640941,0.0,0.01621607712020217,0.06852013544306493,0.38716272334263263,-1.6426713092119747,-2.4414158165981643,0.04208955223880597,0.0443871197295854,18.63759202311061,0.4753945931439391,1.3231418571003069,5.421800253520326,,3.2276802428734013,2.8100368415173405,7.869521889429658,0.6644649933949802
Batch_2,b3esycq1,16,15,0.4181802221625684,4.107015309235187,0.0,0.32138794602156945,0.15341652258067573,-0.8630309524754806,-0.2857983723716221,0.14263528849599807,0.0543139691239298,13.61678950145529,,,,,,,6.16508304325768,0.6855345911949685
Batch_2,b3esycq1,32,0,0.20184653289216825,4.714345497937192,0.0,0.013094995182912487,0.07071297398772743,-0.992703524112632,-0.13627975343994783,0.25359835503769707,0.1142533744106483,30.63777637827441,,,,,,,3.8137907651049767,0.7597955706984668
Batch_2,b3esycq1,32,1,1.1432195664573461,1.1318587814414443,0.0,0.77449604161565,1.950425610485559,0.25140986964612616,-1.5468225884714526,0.23588290840415485,0.1307637316811628,40.85036850436588,1.2205028322399951,3.844014455350222,4.226905950159782,,2.2896211079051425,2.720392282638835,4.933684374854,0.6496565260058881
Batch_2,b3esycq1,32,2,0.02378009495447218,0.2002729871946954,0.23074123385511286,1.7828434910285444,2.762362192967175,1.4119469399718507,-1.1623299101057107,0.06817487007031489,0.1130038792376454,64.0917524034407,0.7632215220473916,2.6670614533521824,4.313376038260816,,2.144442461433793,1.646460431978035,5.053958844312051,0.7660818713450293
Batch_2,b3esycq1,32,3,0.010736213438860567,0.19704109370144102,0.0,0.21699194504938657,4.575230747810312,1.8297879840181692,-2.2929834806245863,0.01462962962962963,0.0670797092815441,27.23357900291058,,,,,,,9.137621296461052,0.8119047619047619
Batch_2,b3esycq1,32,4,0.0,0.0,3.1745090854223696,0.19011488802189985,1.6353760265557302,0.692173388226672,2.3568210721445046,0.04316090130117423,0.0219996255382887,30.63777637827441,,,,,,,13.223907934810327,0.7554858934169278
Batch_2,b3esycq1,32,5,0.0,1.537484957502977,3.142700529873926,0.0,0.31981451262309646,-0.1795711864513568,2.982793273562378,0.0004941932295527551,0.0062236464833867,10.119750379490638,,,,,,,8.337393140620813,0.7928571428571428
Batch_2,b3esycq1,32,6,0.4649177715814033,0.0,0.11011210379559552,0.9341603596426336,3.4908097649803675,1.3971888692881123,-1.86775166448529,0.0,0.0069275416588653,20.425184252182937,,,,,,,12.250964232106552,0.7992957746478874
Batch_2,b3esycq1,32,7,0.0,2.2041216579233587,2.163739369346152,0.17360234474986566,0.4585366279806235,-0.22268921144244916,1.9344710553558402,0.2441430332922318,0.0452843355857772,34.04197375363823,0.4180250545031873,1.3425710292668276,3.8048303015560094,,2.8687621577238174,1.4460849877029154,16.504915933553654,0.6420581655480985
Batch_2,b3esycq1,32,8,0.0,0.1644124985886615,0.04690591871500049,3.839398452678214,0.9492831300181235,1.1147104428251597,-0.42773564629406124,0.2249738402511336,0.0874368095862198,20.425184252182937,,,,,,,8.42745358587832,0.7876106194690266
Batch_2,b3esycq1,32,9,1.9027427514561852,0.02303562653094655,0.1464042041744603,2.826503518081836,0.10131389975657236,-0.15987796236966764,-0.8556241214319186,0.07285921625544267,0.0827305067147793,34.04197375363823,0.9195550435264358,3.1834028857282344,3.4397061603357195,,2.414921904874621,2.327428143126813,2.9516944286290885,0.8455089820359282
Batch_2,b3esycq1,32,10,1.8590168500678648,1.79736908494091,0.7162019772102056,0.2750620393133714,0.35235004846764884,-0.907128129765594,-0.3894814720575511,0.3116531165311653,0.1626918536009445,53.97200202395007,1.1134314340598266,3.3771401573408664,4.665748934105804,,1.973410276575888,1.7449050108129014,1.051189802081432,0.5832821143208359
Batch_2,b3esycq1,32,11,2.1371006982545495,1.1203978969316126,0.6304539096918028,0.030821715496730476,1.081225779625305,-0.6402652037386743,-0.9787093292481245,0.1589655172413793,0.138559343670746,61.27555275654881,0.5808105543476945,2.706953994450812,4.4549547027505625,0.595959595959596,1.945687284286995,1.937623777545629,2.6740651882786333,0.6918744971842317
Batch_2,b3esycq1,32,12,0.9908814641529267,0.0,0.8965991478673649,0.015479670135600683,3.0970397178441083,0.8455592355035926,-1.1473614431311525,0.1529815797689666,0.1156576058279859,23.829381627546763,,,,,,,6.427557852368475,0.7668231611893583
Batch_2,b3esycq1,32,13,0.7757608759140592,0.0486116475768601,0.0,0.01017453088818002,4.165452945620901,1.3481894045450005,-2.47060691076748,0.00861573808156232,0.0829482206105582,33.7325012649688,0.3383830245195397,2.334565849322873,5.058864976373334,,3.221123284440801,5.175719801319183,3.325957774798817,0.811088295687885
Batch_2,b3esycq1,32,14,2.4343223913105208,1.1065101778684185,0.04129774294681318,0.5001327874849049,0.9177369003893431,-0.7279096744451741,-1.6347319029031189,0.20735444330949948,0.1893414580177358,68.08394750727646,0.691103609037405,3.419268693791424,3.4691925280400806,,1.7655114488638717,1.511451539297353,1.7746471965090864,0.5986881335718545
Batch_2,b3esycq1,32,15,0.638542352990365,2.7463520618905988,1.4150222531072894,0.0,0.20008333201174724,-0.724654020769567,0.9957094106062332,0.07762747138397502,0.05490119317118,37.44617112900205,0.4820437914901168,1.0660048281673649,4.131316508956298,,3.626061921738386,4.456903167228038,8.701479613039762,0.7403651115618661
Batch_2,b3esycq1,32,16,0.08878572076672707,0.0,0.0337635839535441,2.2404362685452517,2.637014426734477,1.4673787360961497,-1.3291364897970577,0.20331400165700084,0.1016238021480485,23.829381627546763,,,,,,,11.633249743059402,0.6007802340702211
Batch_2,b3esycq1,32,17,0.14883361700301787,0.033210807099846966,0.7152623825392966,1.4872262825922165,2.6154669107656217,1.2774564126035153,-0.6668878813450231,0.13180362860192102,0.068926486357679,30.63777637827441,,,,,,,5.250226185347388,0.7083333333333334
Batch_2,b3esycq1,32,18,0.3446663383303346,1.2073690864977182,0.389667899953489,1.4465395337585503,1.6117571414599088,0.5546704107039959,-0.5885438399416327,0.25875440658049353,0.2027491988530949,43.85225164445943,0.9885400096021596,4.202563426690808,5.538261517179382,,1.929751890692396,1.0292535197963888,1.706604816587601,0.7859304084720121
Batch_2,b3esycq1,32,19,3.32590691687287,0.9908591045648965,0.0,0.10684805920173947,0.5763859193604947,-1.2766106080775816,-1.9511464181166822,0.07357947106572402,0.0719732430086296,27.23357900291058,,,,,,,2.9120868777252,0.7142857142857143
Batch_2,b3esycq1,32,20,0.5042658866612232,1.4461320003911686,0.07948597874490466,0.4465048828520976,2.523611251350606,0.6078127223679386,-1.43445259026101,0.01867138364779874,0.0496502187196813,40.85036850436588,0.5664393326254604,2.192077672448192,3.058615300252977,,3.02230513329784,2.140023958191191,3.262725078408011,0.7666151468315301
Batch_2,b3esycq1,32,21,0.1623176293775471,2.2411696601099194,0.3898858672424138,0.2638417070151114,1.942785136255009,0.3167214121320231,-0.6626655155738642,0.014798372179060304,0.078031708551189,57.34525215044695,0.5997417539138689,2.243044443598325,3.301834884090183,,2.4646361391101346,1.592839023399239,2.7003934847864315,0.7811634349030471
Batch_2,b3esycq1,32,22,1.6464075022616365,2.320311405017647,0.33147305785966386,0.5834639348648752,0.11834409999617754,-0.9585948549367379,-0.5509027432692432,0.0,0.015523140031659,30.63777637827441,,,,,,,6.548245660489433,0.652605459057072
Batch_2,b3esycq1,32,23,0.251224672711758,0.07315354454441997,0.8181646429310128,1.7938287777269395,2.0636283620858697,1.0690965223861484,-0.3392618744678011,0.005714285714285714,0.0440503140372078,37.44617112900205,0.6333012368467128,2.3996303550890445,2.5952720843196797,,4.476761266525245,4.177625263020896,4.357966628386299,0.8488964346349746
Batch_2,b3esycq1,32,24,0.022647864356324578,0.36001280483300363,0.33560017182553686,0.6864375477103153,3.5953016112748193,1.4943464473428596,-1.473374565990035,0.16467630421118792,0.1437592551616142,54.46715800582116,0.3633943371235751,3.21000300958485,4.922372246824711,0.878475798146241,2.2008367153441424,1.920489716727317,0.9312607587048778,0.5317460317460317
Batch_2,b3esycq1,32,25,0.009120170763532214,1.5568131493349486,0.015504290298004762,0.9588650604985468,2.459697329104968,0.8606412455692938,-1.2189044596362453,0.1697103274559194,0.0928494834130482,95.31752651018704,0.5549438995868484,2.037966054136666,2.6606788360731373,0.8769483583749019,1.8071525866422824,1.788015802320479,1.2854960132182442,0.5602209944751381
Batch_2,b3esycq1,32,26,0.8551755227578376,1.0029643507682349,0.7417561896335793,1.1617557769089895,1.2383481599313602,0.1850273400975599,-0.3050056517110197,0.2652916073968706,0.1346517119244392,53.97200202395007,1.127943312528431,3.024414376268558,3.423938245376078,,2.1529279576200278,1.2713723213539054,1.65,0.7780645161290323
Batch_2,b3esycq1,32,27,1.9010898932265066,0.017337457392628725,1.7729434690201202,0.41576239584377855,0.892866784516967,-0.3236042557935859,0.3759651301483835,0.10155610155610155,0.0563820190294633,27.23357900291058,,,,,,,4.517078689788308,0.7772194304857621
Batch_2,b3esycq1,32,28,4.890453875026861,0.0,0.0,0.02145748839680041,0.08808863657633852,-1.9166545977008487,-2.4892712558015995,0.007426597582037997,0.075700839134653,17.020986876819116,,,,,,,10.592709756950152,0.6804407713498623
Batch_2,b3esycq1,32,29,2.4976048658578396,0.0,0.10708520231925163,0.33224246082087916,2.063067471002031,-0.10736646577814798,-2.1732509661106834,0.011267605633802818,0.0133580705009276,23.612750885478157,,,,,,,5.913237175016907,0.649746192893401
Batch_2,b3esycq1,32,30,0.02633352492229892,4.452934836251181,0.0,0.5207316388265195,0.0,-0.7969740494538518,-0.01316676246114946,0.18407494145199063,0.0662201494442647,13.61678950145529,,,,,,,5.282849568286812,0.5907990314769975
Batch_2,b3esycq1,32,31,1.030119104824375,3.5667999384181868,0.0,0.010077023918935939,0.3930039328385016,-0.9661906516941995,-0.7115615188314383,0.04559863447939527,0.0424077888035948,20.425184252182937,,,,,,,10.768472498900469,0.7894736842105263
Batch_2,epqdaau9,16,0,1.0366312277991996,0.03417061821313524,0.24041908083291927,2.4367692471990634,1.2520098259556827,0.5666711650597787,-0.9039014460445219,0.30266905791750187,0.1741624382826781,35.877197478345536,0.8481629223064205,4.697026528709257,6.208905726109786,,1.7911907015545931,1.0402148069540098,2.229910312097776,0.6916264090177133
Batch_2,epqdaau9,16,1,0.3191870878496317,0.15322064964744425,0.9694934911320588,2.5982425562339175,0.9598562151369483,0.7452720322322212,0.32997183963876886,0.24431654676258993,0.0783185803083254,28.910827104750727,1.2939513133525309,3.005421078574634,4.428079605079556,,2.626699313189549,1.212863470872546,2.381701072762911,0.7209455022980958
Batch_2,epqdaau9,16,2,0.4821294662054706,1.0133275235024795,1.5483672498529184,0.4774146905489882,1.4787610698901437,0.2914700748831709,0.5679219818051113,0.30749209890314183,0.1215700279754768,37.41401154732447,1.1261441950612072,3.4209044755435585,4.705489951423176,,1.86965742164786,1.1015727306783138,1.746424919657298,0.6865409907935116
Batch_2,epqdaau9,16,3,0.37304762649204376,1.886418209057571,0.005565567573026762,2.0131894704431805,0.7217791264341774,0.16484685225397527,-0.5418478088900839,0.2282215418870025,0.1379563664941144,34.16875950318623,0.8605085854261005,3.285743487535912,6.390303224301529,,1.9689265343602216,1.4067066575045968,2.25,0.6862155388471178
Batch_2,epqdaau9,16,4,0.5753244242526764,1.9489922911481117,1.2196015884906921,0.014544718590657547,1.2415369775178624,-0.12040449320541648,0.31117088760542266,0.044193420531113754,0.0395973211692549,18.792817726752425,0.5944106103225343,2.6844991754889818,3.70479719988086,,3.371721033846596,1.6950907341777264,7.043969038195675,0.873015873015873
Batch_2,epqdaau9,16,5,3.2610839292780627,0.0,0.0,0.14097470819442748,1.5979413625275094,-0.6370620850613364,-2.4295126459027863,0.22510518934081347,0.0432131833371597,22.10827955069173,0.454864184146723,2.5436270647609773,4.077026153523859,0.3941798941798942,3.2869153884353257,4.013420026698038,6.6062465127312615,0.5992822966507177
Batch_2,epqdaau9,16,6,0.3651857536128447,2.0131151763626316,0.0279439832429116,1.37193473893966,1.2218203478419525,0.21441775020704867,-0.765559067484487,0.10218794534328109,0.055385491866704,25.509553327721225,0.60765077797465,2.727080633846497,3.9505358775223463,0.9468574348492592,2.540242736490422,2.213397118413001,4.25,0.6444805194805194
Batch_2,epqdaau9,16,7,0.5793520556038407,1.0930012283782051,0.44825331276184815,1.3324790256071377,1.5469143776489687,0.4349204882638376,-0.6148799038645565,0.08087360795761704,0.0694565458801018,23.91813165223036,1.6545241660337098,2.906801974457044,3.727922964706259,0.8361344537815126,2.2831465721782047,1.3756660378983852,4.794658470326321,0.7239101717305152
Batch_2,epqdaau9,16,8,0.029270270035027336,0.7424004854338752,0.7730012222886764,0.0,3.4553280222424205,1.2219430037961823,-0.9692979238500474,0.009538702111024238,0.0159995216373669,10.250627850955867,,,,,,,8.687634376116643,0.8
Batch_2,epqdaau9,16,9,2.578789695707779,0.11429116689501163,0.0419067611948376,1.9886663039732022,0.27634607222916907,-0.5461024219758058,-1.3856611227736364,0.09152240325865581,0.0557001096910793,25.509553327721225,0.4145929793656026,2.9365534912147897,4.641809582025181,,2.30218297357228,2.1334565202813605,6.011031525453848,0.7033195020746889
Batch_2,epqdaau9,16,10,1.2371310350276015,0.9767713775021478,0.0,1.169505149956055,1.6165924375141958,0.19033131548541898,-1.4268617362708986,0.05703758290346352,0.0501347754734147,32.312100881780225,0.7334464586120832,2.540472834573403,2.96776591912258,0.5711783489404453,2.4605463502723444,3.3443240514294863,8.599585745311693,0.7857740585774059
Batch_2,epqdaau9,16,11,0.04128653285048442,0.45900910051420907,0.3582213879674383,2.4274052696505395,1.7140777090173283,1.0627957042940035,-0.519460732966468,0.005385329619312906,0.0175584712896998,18.792817726752425,0.5201570947860099,1.9040876039808088,2.417471718621419,0.3292533659730722,4.230342356857841,3.010405915884036,7.549072679181713,0.7675276752767528
Batch_2,epqdaau9,16,12,1.1557412973514072,0.710371601733398,0.15123145427527418,2.1630260294968116,0.8196296171431091,0.15608621346936336,-0.836454002971984,0.0033043603189426046,0.0153802128713717,15.375941776433804,,,,,,,8.574168850368519,0.768581081081081
Batch_2,epqdaau9,16,13,3.1177112970305396,0.659872307813836,1.0906428817911828,0.015570020746169165,0.11620349261827187,-1.3294635791784406,-0.526314513033223,0.07321848081440877,0.0286684863481373,17.006368885147484,0.607783980494811,2.3838508019393743,2.718667974797147,,3.378149065983877,2.8804189721490765,11.289109739138764,0.6396148555708391
Batch_2,epqdaau9,16,14,2.1112032783166015,1.6461771879076625,0.0,0.9118456128410187,0.3307739209347173,-0.8590380579660823,-1.2209885996256593,0.01702276707530648,0.0280137411460591,13.605095108117988,,,,,,,9.204896794593846,0.8379120879120879
Batch_2,epqdaau9,16,15,0.6938322344578846,2.44002472093496,1.3930890062973114,0.41463807610163345,0.058415962208211304,-0.6592438378665345,1.0169649079642635,0.45535714285714285,0.1258862521996138,22.209693677071048,0.90270333367641,4.382796980644341,6.615949852374417,,1.7575810401895795,1.2441418127732975,2.52413350254883,0.6339285714285714
Batch_2,epqdaau9,32,0,0.7266431899468723,0.0,0.24585239944447534,2.1244021587511326,1.90310225185752,0.8954640565144854,-1.069020321457721,0.4132532704267639,0.2226692634923889,34.16875950318623,0.9044715812465032,5.652177519970958,6.208905726109786,,2.349233337084184,2.668874013372708,1.9525624189766635,0.6877409406322282
Batch_2,epqdaau9,32,1,1.5868734796974293,0.09482495198877336,0.23077470394400398,2.9912344173949617,0.09629244697483216,-0.016950520007801277,-0.6108082593921267,0.08658637873754153,0.1256556130729673,44.419387354142096,0.8272643200907132,2.77113197692108,4.693975960914371,,2.308277906943735,1.4893856850633296,3.922307989364484,0.6971235194585449
Batch_2,epqdaau9,32,2,0.15751854924114506,0.02245253263125453,0.6704185915363657,3.2980665510378726,0.8515437755533625,0.9327328942062103,0.16588742913911203,0.1906040268456376,0.1205434230573895,30.472320975114265,,,,,,,1.250849660271727,0.7302483069977427
Batch_2,epqdaau9,32,3,0.8697370668816372,0.5985415803677201,1.9879704385865993,0.21504487917403117,1.3287060349900128,0.10688824700461236,0.8887488876507743,0.0462015503875969,0.0357063536808296,34.16875950318623,0.9555158392804064,1.7719093593268305,1.8558321498747172,,4.328651234663847,2.6193812379548143,3.395290693691512,0.7080062794348508
Batch_2,epqdaau9,32,4,0.14697246883592566,0.19797833848335486,3.2420842032932597,0.5380174694662163,0.8749475199212438,0.35919784663069937,2.7311242089146752,0.1575178997613365,0.1129533767276579,34.16875950318623,1.3115121080071896,2.6563070179253603,4.622913124684446,,3.1967863681128885,2.2753173297546705,3.508596453573256,0.6831483350151363
Batch_2,epqdaau9,32,5,0.7701490327165562,1.7140036862186763,0.09285945335452575,0.42533525837212843,1.997652569338113,0.233267729079313,-1.2910413476728089,0.3182095006090134,0.1301083460301337,57.55882850854916,0.877673016883152,2.9266905561055583,3.5842693825070957,,2.2415332817712894,1.9314528675417533,1.3453624047073711,0.6889061287820015
Batch_2,epqdaau9,32,6,0.5523695382611605,2.2309960712363326,0.0,2.0068892424101095,0.20974514809239742,-0.18187112183274998,-0.381057343176779,0.2755077073648153,0.1865443425076452,34.16875950318623,1.2441873254107292,5.2674916938838905,5.569782895901081,,2.41853089717787,2.222733834057349,2.5500000000000003,0.5788423153692615
Batch_2,epqdaau9,32,7,0.0,1.1695847091281566,0.017143749808067443,2.0262959842590824,1.7869755568046934,0.8861324777480624,-0.8763440285942793,0.040012907389480476,0.0893683904805836,41.00251140382348,0.851543018759471,2.935446563157724,3.6663642063414095,,2.6347895999413216,2.3477104119351244,2.245551157288562,0.7945619335347432
Batch_2,epqdaau9,32,8,0.15393411782064997,0.7933527610756576,0.0,0.0,4.052713121103693,1.4008410490980856,-2.1033236194621714,0.0005824111822947001,0.0107802436232552,17.084379751593115,,,,,,,13.652673728490903,0.8415841584158416
Batch_2,epqdaau9,32,9,0.6419258884397021,2.131643110591314,1.412361721503873,0.01684353643136244,0.7972257430337489,-0.3608399729943714,0.6927859057671475,0.08965796397490386,0.0684143987152546,23.91813165223036,,,,,,,5.015974481593782,0.8823529411764706
Batch_2,epqdaau9,32,10,2.4444830820987256,0.0,0.0,0.07787733712880895,2.4776395807724656,0.028838066895257572,-2.4610613314355954,0.19489981785063754,0.039038428982563,27.0865075334349,,,,,,,4.5,0.5883668903803132
Batch_2,epqdaau9,32,11,3.9404466960337605,0.0,0.0,0.19346792410305058,0.8660853798631891,-1.1910509416476187,-2.403266037948475,0.23352902804957598,0.0474262381904225,27.33500760254898,,,,,,,12.07058326445812,0.6118251928020566
Batch_2,epqdaau9,32,12,0.3811231649312646,0.0,0.23984475034467512,0.26941465107210083,4.10961743365196,1.5452806377026982,-2.0055255489469372,0.08745173745173745,0.0127791160541916,17.084379751593115,,,,,,,14.050831825254336,0.5367965367965368
Batch_2,epqdaau9,32,13,0.36308403986773385,2.2785906511508496,0.0,1.5173273360582384,0.8409979729231776,0.03891291020365522,-0.6020410063954558,0.07897466291302416,0.0976045369900118,37.243947858472986,0.8740387444736634,2.4611861234123555,3.9505358775223463,,2.3618004952398968,3.1190667850749167,4.00287395584493,0.6693306693306693
Batch_2,epqdaau9,32,14,0.22591249835123767,1.165336054401829,0.0,2.126811806603843,1.4819396406430907,0.6947060073571438,-0.8539260694971642,0.06417112299465241,0.0870363726444911,34.16875950318623,1.5249105409518409,2.6373582030669502,3.727922964706259,,2.968355613894879,2.780736275165538,7.185097222142671,0.7284916201117319
Batch_2,epqdaau9,32,15,1.172240588125477,0.9716608521488875,1.200190223466477,0.0,1.655908336259159,-0.000865071176304895,-0.21388423872584106,0.05282830799900324,0.0518767191157125,23.91813165223036,,,,,,,5.412947441089743,0.7172859450726979
Batch_2,epqdaau9,32,16,0.04169965970668523,1.0405960535895542,1.1012501040720053,0.0,2.8164541826317553,0.901782598452117,-0.32782681709721495,0.008064516129032258,0.0224745015632207,13.66750380127449,,,,,,,6.205138109016253,0.7725490196078432
Batch_2,epqdaau9,32,17,0.0,0.04017253750271155,0.0,0.0,4.959827462497289,1.975896477498373,-2.4799137312486446,0.0,0.0095245417115131,10.250627850955867,,,,,,,17.68141679546767,0.8608695652173913
Batch_2,epqdaau9,32,18,4.098697796864406,0.24986981082286566,0.09161893063505075,0.0,0.5598134616776773,-1.4655276962392645,-2.237636698635991,0.04815760671287851,0.0507872016251904,37.243947858472986,0.4753945931439391,1.2728697186576066,3.957780880633028,,3.8941063818689097,5.06660364339206,3.9,0.8150087260034904
Batch_2,epqdaau9,32,19,1.2975254388768112,0.0,0.0,3.66508809033385,0.037386470789338475,0.2289620308317808,-0.6674559548330748,0.09579667644183773,0.0606580903080313,17.084379751593115,,,,,,,12.951158249361328,0.5396419437340153
Batch_2,epqdaau9,32,20,1.611427405651232,0.13558497313009946,0.0,1.8758181032549262,1.3771695179637415,0.25434347094996906,-1.4942984618074868,0.06852572416774752,0.0629217706251174,23.91813165223036,,,,,,,8.815717491257045,0.7454844006568144
Batch_2,epqdaau9,32,21,0.6173752582013345,2.369598491023668,0.0,0.0,2.013026250774997,0.08434069882473144,-1.3152007544881659,0.03242241778601204,0.0374640257321821,40.629761300152346,0.4201394777292215,1.7872487265729506,2.5544769849751456,,4.075723914442639,6.498177176291023,7.518477233926568,0.8276450511945392
Batch_2,epqdaau9,32,22,0.0,2.1265822784810124,1.8670886075949367,1.0063291139240507,0.0,-0.22405063291139235,1.8670886075949367,0.0020946795140343527,0.0067483300018792,17.084379751593115,,,,,,,12.585939547544724,0.7960199004975125
Batch_2,epqdaau9,32,23,0.051088402033986846,0.06310920251257199,0.0,2.7647841100745825,2.1210182853788586,1.3683069348503507,-1.0860533437064228,0.008005336891260841,0.0283686125775203,20.501255701911735,,,,,,,8.009556684405299,0.750733137829912
Batch_2,epqdaau9,32,24,0.0,0.37638493575827736,0.0,3.353052084840883,1.2705629794008393,1.1035586215768567,-0.6352814897004196,0.003386960203217612,0.0198349648915996,17.084379751593115,,,,,,,12.316858365671012,0.75
Batch_2,epqdaau9,32,25,3.256450351837373,1.3174354964816264,0.4261141516810008,0.0,0.0,-1.5660672400312747,-1.2021110242376858,0.003218727139722019,0.0109254608511438,13.66750380127449,,,,,,,22.901964981197576,0.7916666666666666
Batch_2,epqdaau9,32,26,3.206007929246722,0.6564501372369625,1.121530954559317,0.016010978956999086,0.0,-1.4104910033546816,-0.48147301006404386,0.11186877994839661,0.0555104113763331,27.0865075334349,,,,,,,20.83152358632984,0.6392961876832844
Batch_2,epqdaau9,32,27,0.0,0.7807074925778694,0.0,0.0,4.21929250742213,1.531575504453278,-2.109646253711065,0.0,0.0015803051270223,6.833751900637245,,,,,,,17.211616668631056,0.6444444444444445
Batch_2,epqdaau9,32,28,0.07272127072896035,3.220513417996816,0.0,1.0596528020505651,0.6471125092236591,-0.2024156277913706,-0.3599168899763098,0.0,0.028761553311807,20.501255701911735,,,,,,,7.701055114390418,0.8697674418604651
Batch_2,epqdaau9,32,29,4.242706393544382,0.0,0.0,0.7572936064556177,0.0,-1.5456238361266297,-2.121353196772191,0.015754189944134078,0.0272727272727272,10.157440325038086,,,,,,,15.16764647148415,0.7919463087248322
Batch_2,epqdaau9,32,30,1.3317669988656007,1.904619062483346,1.737129892574631,0.007168797155625939,0.019315248920797588,-0.9044707530434651,1.0615887686814318,0.3739130434782609,0.1309005176567064,23.91813165223036,,,,,,,4.560975772792484,0.7878787878787878
Batch_2,epqdaau9,32,31,0.002119942517197291,3.0205647632532733,1.0200456745247632,0.8564567769477055,0.10081284275706119,-0.393344437165168,0.968579281887634,0.5213815789473685,0.1208719867425213,34.16875950318623,0.9069166475253088,3.8255917234935177,4.189843699117673,,2.5352015339139338,2.3597606207573487,0.912414379544733,0.5214994487320838
Batch_2,i9jiqjwl,16,0,0.7298736406643592,0.0,0.7237502303958713,0.12140326445350098,3.4249728644862683,1.1023203424194634,-1.3536730221794424,0.009232954545454546,0.0086089934100012,17.76715337898953,0.4478115991081385,1.077882685903636,1.6067025788709444,,3.518319385766135,4.528464752980922,13.13085107647861,0.7055393586005831
Batch_2,i9jiqjwl,16,1,0.04139742645936815,0.24650877857680392,3.745151443196985,0.30887846954201936,0.6580638822248241,0.2591405204992254,3.3954207888548886,0.09620640647206734,0.0473342337127789,32.1564087722683,0.4495816329731718,1.844090954045763,4.180717145461045,0.2971400985358899,2.2564323235124983,2.3746722058754264,6.153149592455251,0.7053497942386832
Batch_2,i9jiqjwl,16,2,1.7116327349116587,0.18783736259619013,0.8989012804344809,1.6434555807511622,0.5581730413065081,-0.17026023381106606,-0.23600160767460254,0.03911074516261836,0.0414697086629365,35.37204964949513,0.6834725270607986,1.787656360165929,3.577157729900708,0.2340001100028038,2.428059187174257,1.9493001008902904,5.3814496188294845,0.5720663265306123
Batch_2,i9jiqjwl,16,3,2.8627069965408842,1.0144024255023558,0.8327611702485919,0.22843632101314584,0.061693086695021826,-1.2775987848361872,-0.6294388713693612,0.18388739143456126,0.1058114743506913,45.22548132833699,0.5292225652706403,3.5548138991977387,4.791627290434516,1.4002875436789892,1.8896728110997776,1.357072224225073,1.861081209776144,0.5725099601593625
Batch_2,i9jiqjwl,16,4,1.2968745084678162,0.9222863291270174,0.04720841711041191,0.9129662124442752,1.8206645328504787,0.2076519864165164,-1.5115611035487355,0.17402530338239092,0.0997625662230262,27.458327949347456,0.8097643889049512,3.63493136083346,5.51782027738124,,2.156797666781437,1.82150691209616,3.758922712717574,0.7227101631116688
Batch_2,i9jiqjwl,16,5,0.12142933561570558,1.6480345677198687,0.0,0.6607914743177236,2.5697446223467026,0.7818774960119698,-1.345586978981204,0.05363467701130039,0.0329643385426715,25.725127017814643,0.4126285440535111,2.065971958594183,3.3591792844704464,,3.2958126797110903,4.123623669944713,8.478915023956846,0.7647058823529411
Batch_2,i9jiqjwl,16,6,1.4423351227988275,0.920131054574375,0.33769893755889235,0.15045341770619913,2.1493814673617053,0.1288830104515158,-1.458159357521374,0.08914943037274638,0.0612579587111711,36.97987008810856,0.5046265044040321,2.786578651509959,3.871179334716084,1.316988782900201,2.2852805240185625,2.207181335458196,5.830951894845301,0.6925653047555258
Batch_2,i9jiqjwl,16,7,1.5625217711271921,1.594294124862014,0.3137691647246412,0.3224383662455537,1.2069765730405984,-0.3965892309579294,-1.0709800073592541,0.1275684252280841,0.0722961622948701,35.53430675797906,0.4145218595386486,3.1403557770483084,4.40537782268737,,2.1854148776668545,1.361212056643412,3.495067892085712,0.6038997214484679
Batch_2,i9jiqjwl,16,8,1.818898724930597,1.6451572228691138,0.04149029768055852,0.1785421196963389,1.3159116348233915,-0.49451785667743725,-1.5259148821964357,0.16819457436856874,0.0755467437653443,32.30391523452642,0.9153254325640552,3.2791154297582885,3.75345115360445,,2.2016481604055023,2.018394773018984,4.808326112068524,0.6492258408969568
Batch_2,i9jiqjwl,16,9,1.620015518245256,0.7777357195045732,1.6921426622216242,0.5280479078663922,0.3820581921621543,-0.5451204927608769,0.691105807017919,0.28236214313648805,0.0842337127789568,33.76422921088172,0.9706684619910242,2.682719986620949,4.747915978567445,0.1817621688231669,2.2542554222773243,1.3957762361399542,3.063678313568522,0.6089037817137386
Batch_2,i9jiqjwl,16,10,2.817381607392294,0.1492724389994922,1.7112317431356259,0.23323818593670653,0.08887602453588186,-1.0746090837551219,0.25810292717153804,0.058175355450236964,0.0409511865714836,28.940767895041475,0.4637082326343345,1.9998262770225528,4.215594969353797,,2.9712367442740573,1.8802062430291555,5.050000000000001,0.6612271540469974
Batch_2,i9jiqjwl,16,11,2.5685012354812606,0.35108414631142987,0.5425072470870479,0.33860619603864883,1.199301175081613,-0.5501756142144156,-1.3413939581943888,0.008994578610152784,0.0713553107636645,27.458327949347456,0.7091753098990329,2.999589876883849,4.769654868599564,,2.683108952296635,1.9202367204464728,5.338890332859036,0.6909090909090909
Batch_2,i9jiqjwl,16,12,0.9462819335599855,2.473025815831084,0.7941904412215405,0.5920246512294968,0.1944771581578943,-0.6769221430811538,0.22381089536260057,0.22983954990623046,0.089275907740018,24.22793642589481,1.6545286401814263,2.6202528225327395,5.8935536631454575,,2.362489459015652,2.042316972517376,3.95,0.7018221976808393
Batch_2,i9jiqjwl,16,13,1.0655111720150983,1.2744447494446955,0.16426785170071262,2.495776226839494,0.0,-0.18193817332707965,-0.3684877343068365,0.1080511906690426,0.073477394044633,28.940767895041475,1.1167101142948597,2.259134306394861,4.807875199572768,0.3667276051188299,2.010793850231277,1.6930614718295702,6.440224410026543,0.6754530477759473
Batch_2,i9jiqjwl,16,14,1.2898916495302952,2.8531656006021135,0.0,0.4086863711705839,0.44825637869700674,-0.8255499542196212,-0.869074014113651,0.2916927703295326,0.1316161811048942,30.54858833365489,1.2527041705391135,2.356558526314896,8.184055611418659,0.4042322300596852,1.9460939295681936,1.8492082865897168,4.801608805586189,0.669071669071669
Batch_2,i9jiqjwl,16,15,2.24254640499712,0.6692720622367238,0.10056647129410089,1.8273235242565666,0.1602915372154883,-0.6012916547086844,-1.1008524998122036,0.03018599451163736,0.0460653831244346,24.22793642589481,0.7377736139048903,2.816757418222101,3.353488971037973,,2.791411189511278,2.4104453094662213,7.312060683894961,0.7475247524752475
Batch_2,i9jiqjwl,32,0,1.2394212394212394,0.0,1.4160524160524162,0.031122031122031123,2.3134043134043134,0.4358176358176357,-0.36036036036036023,0.0,0.0077933195503295,16.15195761726321,,,,,,,13.41417626292728,0.7374517374517374
Batch_2,i9jiqjwl,32,1,0.31280026814643774,0.0,0.15708912144799075,0.19529998882723174,4.334810621578339,1.6478641391382065,-2.1667163234143976,0.02350206611570248,0.009424667269673,22.61274066416849,,,,,,,11.678880377950255,0.6863207547169812
Batch_2,i9jiqjwl,32,2,0.02881076278715573,0.0,3.6903160299530398,0.30384566569361593,0.9770275415661885,0.4400558446503363,3.1873968777763677,0.06282090003020235,0.0524727912932138,35.2112676056338,0.5322553886092406,1.6869174201729875,3.9275051985282583,,3.3874732034266253,3.89167639182026,6.563011735080543,0.7358490566037735
Batch_2,i9jiqjwl,32,3,0.0572330469159708,0.5566481100488121,3.8141413530194845,0.31521037556980924,0.25676711444592365,0.03152608011618056,3.6571412723385373,0.10109664153529815,0.0421485334022483,41.99508980488434,0.4406461512053774,1.410678757672057,3.258652758900718,,2.9040434298603137,3.146671555785961,5.893513267941858,0.6666666666666666
Batch_2,i9jiqjwl,32,4,1.942116095571826,0.593443776600616,2.4012493553191594,0.0,0.06319077250839893,-0.8702588845454939,1.3985959212790469,0.0014812071838548417,0.0147225093681354,29.073523711073776,,,,,,,8.590881792967126,0.8623595505617978
Batch_2,i9jiqjwl,32,5,1.6621780949426002,0.10080670183059262,0.5765435929258456,1.9960905988209743,0.6643810114799876,-0.020062053986968892,-0.5867359602854483,0.14634146341463414,0.0679737516005121,44.81434058898847,0.7674117923675938,1.840651856925084,3.577157729900708,0.19921875,3.0048002438444144,3.610943931428469,3.0805843601498726,0.4867986798679868
Batch_2,i9jiqjwl,32,6,3.0295557952907166,0.3799692727018131,0.9465506734169427,0.5378026629010277,0.10612159568950047,-1.1378070018006439,-0.6212880220731658,0.04411051866214251,0.0898775681612611,54.91665589869491,0.6333012368467128,2.5309212740774694,3.316743834924821,,2.4171204838681764,1.8652207414252329,1.9091883092036783,0.5720894371626831
Batch_2,i9jiqjwl,32,7,2.739505728040618,1.4828683047254112,0.7487389223367225,0.0,0.028887044897248276,-1.3808211342024304,-0.6354574641322106,0.3495297805642633,0.1217453805401214,45.22548132833699,0.4405654899272026,3.222142504356124,4.389090374080148,,2.3110668948802067,2.036478452368057,1.7902513789968155,0.572959604286892
Batch_2,i9jiqjwl,32,8,1.9265373979920504,1.4283391516426762,0.07472003195616153,1.1304210843153195,0.43998233409379245,-0.6542056390247746,-1.1085398340867598,0.13295026748563504,0.1261306370332084,35.53430675797906,0.8097643889049512,3.3368367983329663,5.51782027738124,,2.6834671953956644,2.2825397376486944,3.824264635194589,0.7768147345612134
Batch_2,i9jiqjwl,32,9,0.21640764040973726,0.05392753379038833,0.0,0.5398256188609281,4.189839206938946,1.6865522436257914,-2.2031234236743416,0.2237865876250463,0.073394495412844,25.843132187621134,,,,,,,4.143398194434706,0.6482861400894188
Batch_2,i9jiqjwl,32,10,0.05984077608477882,0.07908472610323193,0.0,0.6084251594875308,4.252649338324458,1.7829915115727315,-2.1562450572046186,0.05917706888580675,0.0379481434058898,32.010243277848915,0.4008878014981257,1.555624825638817,3.3591792844704464,,4.237430171827943,5.244642939421851,7.306469699022269,0.7647058823529411
Batch_2,i9jiqjwl,32,11,0.20490755088838405,3.7746167386300384,0.0,0.731769697152056,0.288706013329522,-0.5750500233191413,-0.24680678210895302,0.03797132235793946,0.0279348106990567,25.843132187621134,,,,,,,9.011090362384182,0.7647058823529411
Batch_2,i9jiqjwl,32,12,2.7687638282180744,2.0585284970886604,0.0,0.0,0.17270767469326498,-1.450128160827656,-1.4707357514556696,0.14289133556725706,0.0550781754748675,41.99508980488434,0.4029119531035698,2.643078725890548,3.138740348832366,,3.4817143206644423,6.110708632395507,10.364283548537392,0.7462006079027356
Batch_2,i9jiqjwl,32,13,0.37022427824216547,0.0,0.6106504287871508,0.27206021049077345,3.7470650824799097,1.4051483637932523,-1.4479942515738866,0.04297758585235451,0.0673815620998719,32.010243277848915,1.063010408888662,2.1773244654293764,3.871179334716084,,3.708241719370805,3.696191198747299,7.998281065328975,0.6469165659008465
Batch_2,i9jiqjwl,32,14,1.7168434178131387,0.27556848455324606,0.21035762179637105,0.5479816047795466,2.249248871057697,0.26744480534308335,-1.772688522639047,0.053253040500649426,0.0768994702157901,45.22548132833699,0.392656386407923,2.7065908087372588,3.313863466309495,,2.755523823567948,2.503840326208159,4.186287137786896,0.6357142857142857
Batch_2,i9jiqjwl,32,15,1.387262326438641,3.0919396488720703,0.43121120851567213,0.06629424396847591,0.023292572205140187,-1.1507169826741193,-0.2740662408062185,0.1658607350096712,0.0676928543739501,41.99508980488434,0.4222008245644753,2.056722336495301,4.08794190573313,,2.8162763571656977,2.293760977183,1.619413474070165,0.5656441717791411
Batch_2,i9jiqjwl,32,16,2.5234078233582764,1.7246833432850992,0.18707202114009125,0.06638039459809689,0.4984564176184366,-1.1416411520333367,-1.3238600993482654,0.03575076608784474,0.0335314640134384,38.764698281431706,0.6347069405393793,1.7099031401453164,2.101937491989477,,4.077696937866402,3.862892411442538,6.4253501789794525,0.7022538552787663
Batch_2,i9jiqjwl,32,17,1.618116020084055,1.6224925481350196,0.0,0.21050783113390548,1.5488836006470201,-0.31008991117503687,-1.5834998103655376,0.21774431650428108,0.1175620235172502,35.53430675797906,1.4809304898631528,3.675035846189563,3.75345115360445,,2.6358464269684605,3.534829944806523,3.7534649499922503,0.6058252427184466
Batch_2,i9jiqjwl,32,18,1.8884022025994456,1.0926249047700969,0.9252564544889632,0.6476431336965609,0.4460733044449346,-0.6659279134765117,-0.24198129903322685,0.29274891774891776,0.1101552496798975,54.41741357234314,1.0925484305920792,2.4517194715740978,3.921016131397203,,2.529362803588784,2.134789978447961,1.6555587788798158,0.6286764705882353
Batch_2,i9jiqjwl,32,19,1.106623458210899,0.17538986208989157,3.1591054921667374,0.2992763519787833,0.25960483555368874,-0.31403015108510596,2.4759913452844433,0.1670440251572327,0.0580743636128698,22.61274066416849,,,,,,,5.992453558007061,0.5735900962861072
Batch_2,i9jiqjwl,32,20,2.807759389718326,0.06104464367675408,1.7776736894878935,0.3005274765624816,0.052994800554544745,-1.0540092690883673,0.3472965943514581,0.13137755102040816,0.0601821940819227,29.073523711073776,,,,,,,6.849041768392444,0.547979797979798
Batch_2,i9jiqjwl,32,21,2.843660656746737,0.39022963476036127,1.5297734508211345,0.049465728349904946,0.18687052932186313,-1.1308688322520406,0.0145078577868345,0.0,0.0218950064020486,44.81434058898847,0.4065414170434056,1.4081676488528758,1.714987856615383,,4.186173949405418,3.659021371016306,4.9175705383858,0.7824324324324324
Batch_2,i9jiqjwl,32,22,2.5598640964000867,0.5293136450325191,1.1320695583133003,0.1435763262150708,0.6351763740390228,-0.847022552707915,-0.4654506769062545,0.006166495375128468,0.0611674634965757,32.30391523452642,0.8129374393732705,2.652057830936661,3.3181830816121827,,3.903327833528879,3.4750826657295617,6.011384999711187,0.7330567081604425
Batch_2,i9jiqjwl,32,23,2.5749802451559813,0.21738818105232913,0.10025664970906502,0.4849046869591907,1.6224702371234336,-0.32750070203164733,-1.9984685914306421,0.011600378787878788,0.0815431580307533,29.073523711073776,,,,,,,5.232590180780452,0.6477272727272727
Batch_2,i9jiqjwl,32,24,1.0490256463927667,2.086333733347382,0.809381401963204,1.0552592182966472,0.0,-0.6258251615672539,0.2848685787668206,0.1771986970684039,0.10027135288797,32.30391523452642,0.7837866974832537,3.0523131846387237,4.542339355710151,,2.70690748480066,2.2043879056639435,4.577581203132106,0.7597254004576659
Batch_2,i9jiqjwl,32,25,0.8149730566319096,2.9672273749138607,0.7747760367830636,0.0,0.44302353167116665,-0.7422252849670693,0.14577774263152554,0.16783496895653915,0.0782804625920661,29.073523711073776,,,,,,,3.9,0.647812166488794
Batch_2,i9jiqjwl,32,26,1.3691752182382813,0.8060756233341755,0.3105055955398697,2.514243562887674,0.0,-0.20603649938461305,-0.3740820135792709,0.017153578129187885,0.0517365556978233,28.809218950064015,,,,,,,6.345877492420965,0.7011019283746557
Batch_2,i9jiqjwl,32,27,0.8994192118177187,1.5306237315111304,0.08428171626195764,2.485675340409193,0.0,-0.1687573629474752,-0.3654278896469017,0.15683865683865683,0.0954176896239824,38.764698281431706,1.524514553376048,2.131988739152584,3.586045091995518,,2.378345145471882,2.374257701768269,6.852919086053767,0.6584474885844749
Batch_2,i9jiqjwl,32,28,1.228517999563841,3.0416158425772597,0.0,0.0015205544955393733,0.7283456033633599,-0.8080880160965366,-0.9784318014636004,0.2434632461766157,0.1593471378731102,41.99508980488434,0.9981532666656284,2.220874460479129,6.764866025032838,,2.2782437503448234,2.4080745209602266,3.7907121480780983,0.6651624548736462
Batch_2,i9jiqjwl,32,29,1.383056625383476,2.5670988235286174,0.0,1.0267625895396195,0.023081961548286685,-0.8520571123318752,-0.7030692934658813,0.22408963585434175,0.1041373239436619,32.010243277848915,1.627747782281188,2.680900554720459,4.606012800041881,,3.379839326629675,3.3503869425436887,6.631364794707378,0.6735324407826982
Batch_2,i9jiqjwl,32,30,2.138727703562533,0.9558480885073868,0.14362809203949578,1.7298090735586436,0.031987042331940115,-0.687904067481986,-0.9417292809077408,0.06359134740682826,0.0645028427445406,25.843132187621134,,,,,,,4.812990234438036,0.7431761786600496
Batch_2,i9jiqjwl,32,31,2.4850054735803386,0.0,0.0,2.055059592642275,0.4599349337773872,-0.399016297392726,-1.4724702036788628,0.0004998333888703765,0.0276279235043287,32.30391523452642,0.5837237998020232,1.5332692731897342,2.0721969898200645,,3.8369513330308953,5.759073289867713,13.881786614791086,0.7532894736842105
Batch_2,r17byphk,16,0,2.524327418431597,1.8889524899828276,0.005724098454493417,0.13880938752146538,0.4421866056096165,-1.1828849456210648,-1.4775329135661133,0.03736324865566475,0.0154110797459421,49.400141143260406,0.3826293848488882,0.8304134696577807,2.012188299403865,0.9339077818619956,2.492772763627496,2.466294520391739,6.990627549908418,0.5260416666666666
Batch_2,r17byphk,16,1,1.2024883004223261,0.08788951032987101,0.07647528820910855,0.03481337746832553,3.598333523570368,0.9477228626869073,-2.323935623787239,0.04384023606280957,0.0383781173164734,40.39339655778012,0.4406461512053774,1.6949366231225664,3.2503392319018047,0.3752085315655016,1.9582521510665896,1.7446534346398264,5.899438531740668,0.5677368833202819
Batch_2,r17byphk,16,2,2.067253803042434,0.41393114491593275,0.010408326661329062,1.2986389111289032,1.209767814251401,-0.16605284227381942,-1.6281024819855885,0.016794697996686248,0.0274192132068844,45.662100456621,0.4736432203291223,1.193202827809653,2.487557876193616,0.769535337822409,2.193565224114846,2.2400711621937344,5.835537673079941,0.6492262343404569
Batch_2,r17byphk,16,3,1.2193020249892288,0.7018526497199483,0.2839293408013787,0.44075829383886256,2.354157690650582,0.4017233950883239,-1.5028005170185266,0.05219753565537984,0.0510982709950599,56.45730416372618,0.5734247761289782,1.3299543990402356,4.01209807261915,1.12394949694251,2.227603758119812,1.643044945833119,3.1408199518435618,0.6499268649439298
Batch_2,r17byphk,16,4,1.7902155887230515,0.3138474295190713,0.26969320066334995,0.3762437810945274,2.25,0.19639303482587023,-1.7504145936981759,0.16180684308107196,0.1062985179957657,44.10726887791108,0.451351666838205,2.603781882433544,5.617299975735601,0.6541931751957264,1.7494961110738647,0.9939561236074198,3.389229229558778,0.7180925666199158
Batch_2,r17byphk,16,5,2.8913486746286043,1.4319836877366734,0.46810369938829005,0.010777745412175938,0.19778619283425572,-1.3616661811826392,-1.07646373434314,0.13299440772750382,0.0752766069546891,50.93080435546188,0.4222008245644753,2.188449829992705,4.487347033603107,1.5966768001658045,1.9127005270270456,1.4006662356962891,4.3,0.6428571428571429
Batch_2,r17byphk,16,6,0.20596411422795047,0.30831437958049024,2.904978519080111,1.096790497851908,0.48395248925954004,0.2688905736669193,2.560020217336366,0.021721748400852878,0.0172857393747804,22.8310502283105,0.4820437914901168,1.5144886776761513,2.6354357735544065,0.9595238095238096,3.2268511750144238,1.8009860976349197,7.560621457563092,0.696969696969697
Batch_2,r17byphk,16,7,1.1438450899031811,0.4398340248962656,0.31120331950207475,3.1051175656984786,0.0,0.07551867219917006,-0.2607192254495158,0.009253084361453818,0.015856563161609,26.464361326746644,0.6050259243299905,1.5060905173781436,1.6371222439596615,0.935588058023298,2.185255509956985,1.9104314851228996,7.223536516647394,0.8279569892473119
Batch_2,r17byphk,16,8,0.009639821225133642,0.5810183156603277,0.09990360178774867,1.5620892121637016,2.747349049163088,1.2912978704758564,-1.2785908334063623,0.19146280579131303,0.0503308045165843,26.464361326746644,0.3090193616185517,2.555667635071484,4.51774610863699,,2.1229645395433523,1.1369352262069516,4.55,0.6774847870182555
Batch_2,r17byphk,16,9,1.3542459497662283,0.8828965967163207,2.655213656627161,0.0489289985864956,0.058714798303794724,-0.6850059802109386,1.9487332825921495,0.03838423134279972,0.040380224798033,29.855988760098345,0.4982787485166879,2.3312907232428954,3.1382332415750245,0.7926593692240911,2.05250384576948,1.450357691998934,5.803145657742515,0.6542130365659777
Batch_2,r17byphk,16,10,4.145748694138131,0.4831688914683691,0.02140162507254788,0.02974463145676146,0.31993615786419033,-1.621009866511898,-2.211440800928613,0.02548922874527216,0.0605198454513523,35.12469265893923,0.5185682036752268,1.2058734133097142,5.844742679130059,0.7692211240996396,1.9365961180585376,1.5713271050637994,7.51664801260292,0.7147826086956521
Batch_2,r17byphk,16,11,4.3397637206520105,0.23553162853297444,0.020936144758486618,0.0,0.4037685060565276,-1.621504411544789,-2.3508299685957823,0.04150180991665965,0.0589890613973182,21.17148906139732,0.8920174493969228,2.8142603576290526,5.136294711843604,,2.735266922703052,2.86615069862139,9.18084963291545,0.7123287671232876
Batch_2,r17byphk,16,12,3.651951614914578,1.2046389824167603,0.14340940266866195,0.0,0.0,-1.7017084424491835,-1.682566404788627,0.11154483084930211,0.0353696189131968,12.3500352858151,,,,,,,21.10765852937133,0.7566433566433567
Batch_2,r17byphk,16,13,0.2828644191122969,0.036381275770070345,1.2833495027892314,2.9292990540868304,0.4681057482415718,0.6526800873150618,0.9078644191122971,0.06888260254596888,0.0724095539164032,28.099754127151385,0.706913181353207,2.276792080396985,5.412692668566737,0.5275024937253157,2.3382361493828805,1.530497075418266,4.402839992550264,0.8252427184466019
Batch_2,r17byphk,16,14,0.8008810572687224,3.504258443465492,0.006167400881057269,0.6299559471365639,0.05873715124816446,-0.8717180616740088,-0.42364170337738616,0.11221525760587066,0.074749736564805,17.562346329469616,0.4887963385968147,3.2441215248126705,6.154581744998688,,2.67948329532622,1.4411367979581078,6.125356959159404,0.8107769423558897
Batch_2,r17byphk,16,15,2.1283471837488457,1.2477965248048348,0.0,0.7907328128934777,0.8331234785528414,-0.6095022244606733,-1.4807353311508435,0.05230955422577826,0.0525449894142554,24.700070571630203,0.6667957586889343,2.858999944631588,3.3023168686025075,0.9237113402061856,2.4584458757244185,2.456341380015956,9.309450840841327,0.731996353691887
Batch_2,r17byphk,32,0,3.9986953685583817,0.7175472928897586,0.0,0.0,0.2837573385518591,-1.6294846705805606,-2.1412263535551204,0.017394158188382015,0.0135232886379675,49.400141143260406,0.4149168042026096,0.8501122036250203,1.2653452997124806,,3.078360991828914,5.193285813076259,11.29147353683268,0.3547169811320754
Batch_2,r17byphk,32,1,1.3717491075981643,2.804691483936767,0.010198878123406425,0.2473227944926058,0.5660377358490566,-0.8337582865884753,-0.958694543600204,0.03964194373401535,0.0172988708539167,56.45730416372618,0.3826293848488882,0.6439498266219399,1.9437948320235847,,3.5708190036735417,3.841654263705361,5.8694122363316765,0.7372093023255814
Batch_2,r17byphk,32,2,1.071971616827167,0.04054738976178409,0.08489609731373543,0.038646730866700466,3.7639381652306136,1.0764064875823616,-2.333058793715155,0.07737530817371516,0.0689860139860139,52.44755244755243,0.4982787485166879,2.480313822407342,3.248380015791358,,2.367046680341101,2.052046633787268,4.974836488900363,0.5441657579062159
Batch_2,r17byphk,32,3,2.3878020713463752,0.5178365937859609,0.0,0.0,2.0943613348676644,-0.22094361334867674,-2.24108170310702,0.0004743833017077799,0.0074894142554693,45.87155963302752,0.3241022407214287,0.7905125434335448,0.9423823971471328,,3.333635068439805,5.225897662373428,13.53236860272436,0.6211699164345403
Batch_2,r17byphk,32,4,3.2338820301783264,1.0356652949245544,0.0,0.0,0.7304526748971194,-1.2085048010973938,-1.982167352537723,0.013915158065387734,0.0128616796047988,52.92872265349329,0.4652426491681278,0.9109122635291867,1.0387831891992911,,2.888892663280666,4.054774312906001,4.951009997970111,0.65587734241908
Batch_2,r17byphk,32,5,1.7119281387090033,0.22456653436390223,0.013578441612701064,1.6941717150616253,1.355755170252768,0.15145184875705026,-1.5202632128681846,0.02042205582028591,0.0418444055944055,55.94405594405593,0.4198194464258479,1.6122950949077373,2.487557876193616,,2.845356022369919,2.915286643128584,6.651165260037237,0.6410923276983095
Batch_2,r17byphk,32,6,1.0594474592994574,0.24605328071040952,0.0,0.5913912185495808,3.103108041440553,0.8865318204242725,-2.0812777503700053,0.07774252039891205,0.0713479181369089,70.57163020465772,0.5734247761289782,1.1511037542014564,4.01209807261915,0.0281481481481482,2.665612833512051,2.521337134664803,3.178541218118498,0.6347746090156394
Batch_2,r17byphk,32,7,1.5899342293394338,1.758650271661424,0.9422362024592508,0.09150700600514727,0.617672290534744,-0.7223334286531317,-0.16156705747783806,0.022222222222222223,0.030848623853211,59.98588567395906,0.5014626706796775,1.302199885940088,1.563528038089344,,2.463614293233138,2.4021232549703404,3.152478953915302,0.66701244813278
Batch_2,r17byphk,32,8,2.3279199827919985,0.18982576898257691,0.6899333189933319,0.0,1.792320929232093,-0.2522047752204779,-1.370187137018714,0.10285285285285285,0.0820218772053634,38.814396612561744,0.3867888913947525,3.2571872077769406,3.653318153088552,,2.3235357107007624,2.16597342872445,4.026474885057648,0.7107728337236534
Batch_2,r17byphk,32,9,1.4529078396977468,0.3916475509377952,0.0060720550532991505,0.6122655512076643,2.537107003103495,0.4778032654162728,-1.9889353663473217,0.1986846130315081,0.1305751587861679,56.45730416372618,0.6573598256380963,2.534970908288483,4.576547881416016,,2.091347314971317,1.7053430717993712,3.814478849759013,0.7229571984435798
Batch_2,r17byphk,32,10,3.4190059995555893,0.808828975631435,0.5069994815198875,0.01370268868972669,0.25146285460336276,-1.4260425153692324,-1.3282349455595885,0.18355682567597273,0.1178409090909091,73.42657342657341,0.517088294582641,2.085212949621832,4.276318856359846,,2.0493689112849527,1.5591651904924746,1.2041594578792296,0.5861262665627436
Batch_2,r17byphk,32,11,0.9470524017467249,3.728165938864629,0.3247816593886463,0.0,0.0,-1.1244541484716155,-0.14874454148471616,0.01362088535754824,0.0323218066337332,45.87155963302752,0.3523362819972964,1.199964449042883,2.8701672171559105,,2.070850633701822,1.1392057857588511,19.804014738632635,0.7769652650822669
Batch_2,r17byphk,32,12,0.2896233120113717,0.1670220326936745,3.937455579246624,0.0,0.6058990760483298,0.09310589907604831,3.489694385216773,0.007160909856781803,0.0246471418489767,28.22865208186309,,,,,,,3.9512181611758015,0.6774193548387096
Batch_2,r17byphk,32,13,0.0,0.6561679790026247,0.363079615048119,3.7970253718285214,0.1837270341207349,0.7016622922134731,0.27121609798775154,0.020682148040638608,0.0099912587412587,17.48251748251748,,,,,,,11.287448774420556,0.7402597402597403
Batch_2,r17byphk,32,14,1.3972809667673716,0.0,0.005035246727089627,3.5976837865055384,0.0,0.16062437059415896,-0.6936052366565961,0.01296043656207367,0.0175017642907551,24.700070571630203,,,,,,,11.01646494849309,0.7751322751322751
Batch_2,r17byphk,32,15,0.8348680171884592,0.9760589318600368,0.6844689993861265,2.5046040515653774,0.0,-0.028238182934315646,0.2670349907918969,0.0034290612944706386,0.0142113620324629,35.28581510232886,0.5046166479363291,0.8993005469966501,1.599753570059363,,3.320208430768687,2.859347862304504,9.194155752433174,0.8641304347826086
Batch_2,r17byphk,32,16,0.012879053974944387,0.4741833508956797,0.10771572415408032,1.8417047184170472,2.5635171525582483,1.293759512937595,-1.180482379112516,0.1696014828544949,0.0753440366972477,38.814396612561744,0.2705758189903005,3.1549247441051804,3.7334688850971016,,2.785092297931949,1.428258100289869,3.820503609479546,0.7974068071312804
Batch_2,r17byphk,32,17,0.0,0.8989547038327528,0.07665505226480837,0.7299651567944252,3.294425087108014,1.2839721254355398,-1.5705574912891986,0.08686055569981822,0.0253175723359209,28.22865208186309,,,,,,,4.996336156200922,0.4755434782608695
Batch_2,r17byphk,32,18,0.04502660663119116,0.09209987720016374,4.862873516168645,0.0,0.0,-0.03643061809250922,4.840360212853049,0.03114496975128837,0.0213548951048951,13.986013986013983,,,,,,,13.950358418334634,0.6333333333333333
Batch_2,r17byphk,32,19,1.8278057447438552,1.1689369262659162,1.8566775244299671,0.06662718389102754,0.07995262066923303,-0.9196031981048265,0.9027983417234231,0.04063413883330768,0.0595800988002822,49.400141143260406,0.6460819313884361,1.9284269267265324,2.7268514703322864,,2.3100316567720136,1.9195673121431485,3.4677081768799405,0.659919028340081
Batch_2,r17byphk,32,20,4.6778967528510496,0.29642204230869684,0.025681204840254202,0.0,0.0,-1.93044310960216,-2.3132671715852706,0.010862619808306708,0.1013320395201129,17.64290755116443,,,,,,,16.09128224253131,0.7337962962962963
Batch_2,r17byphk,32,21,1.4845450587723121,1.417065737919025,0.0,0.17849368741837182,1.919895515890292,-0.07357422725293883,-1.702220287331302,0.014865407794294898,0.0200786713286713,55.94405594405593,0.4981148139952706,0.9101690478893736,1.590774526814261,0.5511794782088427,2.8521859780290373,3.4081344076161253,7.31848685093407,0.702513966480447
Batch_2,r17byphk,32,22,3.8850174216027877,0.4288394532296972,0.075046904315197,0.0,0.6110962208523185,-1.3953363709461273,-2.1730099169123562,0.062099358974358976,0.0329128440366972,31.75723359209597,,,,,,,9.978602106507706,0.610586011342155
Batch_2,r17byphk,32,23,4.515710878357358,0.16073835943171214,0.0,0.0,0.32355076221093027,-1.7090117183449138,-2.419630820284144,0.0132133004210832,0.0850652787579393,17.64290755116443,,,,,,,16.365268001202338,0.8404761904761905
Batch_2,r17byphk,32,24,2.857311043089239,2.1426889569107606,0.0,0.0,0.0,-1.5714622086178478,-1.4286555215446195,0.13060278207109738,0.0374647141848976,10.585744530698658,,,,,,,34.5012843962722,0.6480836236933798
Batch_2,r17byphk,32,25,4.546659597030752,0.14846235418875928,0.3048780487804878,0.0,0.0,-1.8483563096500526,-1.9684517497348881,0.08355205599300088,0.0332745236414961,17.64290755116443,,,,,,,18.460718422901472,0.8294392523364486
Batch_2,r17byphk,32,26,0.6549206794889794,0.0,2.7839393513968833,0.6787870279376668,0.8823529411764706,0.2267303102625297,2.015302541064158,0.14471017430077016,0.062263986013986,31.468531468531463,,,,,,,3.800328933131973,0.8039950062421972
Batch_2,r17byphk,32,27,0.0,0.06404098623118797,0.14249119436439323,4.640303127334828,0.1531646920695912,0.9765183050485643,0.06590884832959762,0.011948729089724093,0.0826482004234297,38.814396612561744,0.4982787485166879,0.71141599576635,5.2454462690725245,,2.3987769993789647,1.8819837734584797,6.459363335443552,0.8539325842696629
Batch_2,r17byphk,32,28,0.0,1.2351072279586974,0.0,3.7648927720413026,0.0,0.505957108816521,0.0,0.056929955290611026,0.022212420606916,14.114326040931545,,,,,,,12.00720612803308,0.6896551724137931
Batch_2,r17byphk,32,29,0.9398910870614188,3.898118149858689,0.007237885158888813,0.08582063831253879,0.0689322396084649,-1.1108430412904116,-0.497173778176053,0.10734463276836158,0.1268094405594405,27.972027972027966,,,,,,,5.586322578578383,0.8604240282685512
Batch_2,r17byphk,32,30,2.393653321201092,1.6907415832575066,0.0,0.08303002729754322,0.8325750682438581,-0.9459736123748862,-1.613114194722475,0.05003232062055592,0.0775582215949188,35.28581510232886,0.4235776377163088,3.098862370457779,3.3023168686025075,,3.0030768513168584,3.419000622779429,10.029562552442624,0.7001414427157001
Batch_2,r17byphk,32,31,1.380967638577379,0.0,0.0,2.784363985901954,0.8346683755206664,0.33835309195770563,-1.1078180070490227,0.015410479125805548,0.027531757233592,17.64290755116443,,,,,,,10.563261806847354,0.7897435897435897
Batch_2,rxax5ozo,16,0,0.7312974679449857,1.4242809455420564,0.9428573276921685,0.0,1.9015642588207895,0.18325052724191002,-0.37357353569071916,0.022059581486444695,0.0132024914379003,17.745284190726313,0.901561328091526,1.262272797595801,1.6497119526970183,,3.8875436667481376,2.619166501038449,7.250586179017781,0.6389301634472511
Batch_2,rxax5ozo,16,1,2.1909038450150047,0.09645934701263861,2.036994445737486,0.0,0.6756423622348712,-0.6253964625145814,0.603721342112548,0.09331503626739855,0.0311111699919627,28.26280879326638,0.3948504222491611,2.003747983892607,3.090708605542677,0.5764436770631258,2.495049971954069,2.743559523029132,8.53416658480138,0.6056191467221644
Batch_2,rxax5ozo,16,2,0.11719037579894924,2.1120118462001805,2.0090394204062507,0.3115023592008834,0.4502559983937356,-0.22687564836194488,1.7253162333099084,0.12565304755525786,0.0512263409377953,33.56208544200383,0.4107362166615078,1.88910448211615,3.950132987727049,0.6197832457497666,2.388692768171453,2.1819627887132773,5.657572334698359,0.7526785714285714
Batch_2,rxax5ozo,16,3,0.4233191019983762,3.0551524208285468,0.7295387019880502,0.03909186382846901,0.7528979113565574,-0.47138058765674307,0.14143019531058343,0.19437542353738424,0.1257874469859634,19.51981260979894,2.277118364497979,3.844363148235791,6.027330031627274,,2.010093831231274,1.2118284394405043,3.287438170792542,0.7195378151260504
Batch_2,rxax5ozo,16,4,2.088772271404563,1.073513934841678,1.0731393007691457,0.000187317036266215,0.764387175948347,-0.7444193617435688,-0.35344042290730937,0.45171782882699735,0.1183299913048107,30.166983124234733,0.5014626706796775,3.8617056512224734,6.697716943845987,,2.3379024395503145,1.466543609777147,1.8506755523321747,0.708118556701031
Batch_2,rxax5ozo,16,5,1.7091234725740079,0.13387518633265086,0.2994965106008016,2.173256931072867,0.6842478994196718,-0.00207388031369129,-0.8971891753960382,0.208363201911589,0.0896637608966376,26.49638324368723,0.7399277020331919,3.5028284931273066,5.600558560050126,0.9638738363206892,2.582217865045529,1.6094967189793052,3.4935655139126847,0.8354341736694678
Batch_2,rxax5ozo,16,6,0.05237370028106193,0.6956112586625549,0.03872703189796833,1.5852265056901704,2.628061503468245,1.2081981706803961,-1.3014905699766852,0.1099476439790576,0.0597140157035231,31.79565989242468,0.5876771162104106,2.683320939313627,3.602428911125541,0.1978380540531648,2.7796799713357903,1.694180839198746,5.305563099044192,0.7650513950073421
Batch_2,rxax5ozo,16,7,0.5530328734234552,0.30467809466071666,0.013748210967223024,0.07140199889428732,4.057138822054317,1.3549871602990586,-2.2913376367716634,0.12773873501446878,0.0498198853654641,17.745284190726313,0.86375904961216,2.272804227102898,5.1310243310923145,,2.69059382047257,2.0219020173462754,5.665906811799856,0.7457627118644068
Batch_2,rxax5ozo,16,8,0.21740625194883695,1.336142590102227,0.57810298813668,0.9791516422998755,1.8891965275123808,0.597317920664947,-0.4751984015939289,0.054426705370101594,0.0537726474189484,30.166983124234733,0.4333622420659609,2.758275007962589,3.792260626299788,1.0722890819346689,2.5149310638991045,2.4779142446501963,3.45,0.7691629955947137
Batch_2,rxax5ozo,16,9,1.4846422151200651,1.8225131109837296,0.2445067977994128,1.2803125906679738,0.16802528542881842,-0.63508687593965,-0.581826952475029,0.03847576766555679,0.0576958745131289,40.62778764032042,0.8136857890256439,2.1745001808739453,3.53823795463342,0.5580560800541442,2.6207083300056557,1.9298593455220747,4.740635497507511,0.7354838709677419
Batch_2,rxax5ozo,16,10,1.847089022781561,2.450850891891571,0.14780384327427,0.03335531866852056,0.5209009233840778,-1.0139743544036033,-1.0361911298085493,0.029299932900917022,0.0721187391254427,24.729957694108084,0.9159730807001116,2.797267674633686,4.901310754307534,,2.260849126538201,1.824272959936854,9.358712515087742,0.7682838522809559
Batch_2,rxax5ozo,16,11,1.6872889061417717,0.13427953918697547,0.0,0.0,3.1784315546712527,0.5696011515743971,-2.4328602304065123,0.059830889435941344,0.0515456142530122,8.872642095363156,,,,,,,11.227176714654602,0.7728813559322034
Batch_2,rxax5ozo,16,12,0.2233701481514767,0.29420464558329634,0.1782936497857733,0.11148383970803433,4.192647716771419,1.5511668662729243,-2.029715282675675,0.001904610745178954,0.0548906003229641,30.166983124234733,0.8097643889049512,2.377019794031757,4.359984679204272,0.3909047902347178,2.168587926548232,1.6664506571897344,6.953119779370824,0.912079510703364
Batch_2,rxax5ozo,16,13,0.0,0.5230739676924602,2.458552894425728,0.7630354659497659,1.2553376719320457,0.5501273684242793,1.8308840584597053,0.04525353773584906,0.0208659018044037,10.598553297474892,,,,,,,16.99525668368648,0.8333333333333334
Batch_2,rxax5ozo,16,14,2.1149534385967614,0.0,2.0479088050965757,0.6491139516154325,0.18802380469123078,-0.6409490632391258,0.8964201834525796,0.03490299307789802,0.0362205558941204,15.89782994621234,,,,,,,12.202212913438643,0.7206537890044576
Batch_2,rxax5ozo,16,15,2.8707780279119,0.3308258133300607,1.0043279168855872,0.16294405731182096,0.6311241845606311,-0.929437888544156,-0.7466231893506783,0.014798915499322187,0.0224477845012687,24.84339786701684,0.7118942024546322,1.716165451840657,2.273621021987781,,3.240770442319429,2.5955790360339317,5.4170448576706445,0.7903930131004366
Batch_2,rxax5ozo,32,0,0.907353897792179,1.7958045893803543,1.1888016346073458,0.0,1.1080398782201215,-0.27888652570489375,0.18110474660119547,0.03819382473674817,0.0210991429027735,31.941511543307364,,,,,,,3.2735300300148675,0.6272912423625254
Batch_2,rxax5ozo,32,1,0.056363792712575925,0.0,0.0,0.0,4.943636207287424,1.9549089658299388,-2.5,0.0,0.0053058399730271,14.19622735258105,,,,,,,21.18277599442356,0.6685393258426966
Batch_2,rxax5ozo,32,2,2.684737877974593,0.12166756128108785,2.1935945607443195,0.0,0.0,-1.0982286634460552,0.8512256217570229,0.16045216804454193,0.0491383857921575,10.550378055213642,,,,,,,16.665360752364915,0.6052631578947368
Batch_2,rxax5ozo,32,3,0.3012456627803406,0.0,1.4377633905425347,0.0,3.2609909466771247,1.1838981135587134,-0.343354914186198,0.0,0.0129185668908487,46.13773889588841,0.3867888913947525,1.0569554992943302,1.1562445770562215,0.5764436770631258,3.825269686175069,5.113491014667974,8.871301717538923,0.6058931860036832
Batch_2,rxax5ozo,32,4,0.0,0.0,3.831947348810936,0.5941449567210608,0.5739076944680028,0.34839206913141324,3.5449935015769345,0.19198396793587175,0.0539545365819033,42.58868205774315,0.3917292121283268,1.3297708188845605,3.890045242561764,0.7897310513447433,1.905861860838851,1.615467197914437,16.91852903803863,0.7033773861967695
Batch_2,rxax5ozo,32,5,0.2463466985093105,4.43967469151706,0.0,0.0,0.31397860997362953,-0.8608821737176843,-0.28016265424147,0.061569416498993966,0.04852294707227,24.6175487954985,,,,,,,13.353370361073642,0.8291571753986332
Batch_2,rxax5ozo,32,6,0.10178169842472753,3.9977388096573585,0.2712971249826367,0.025354871493704367,0.603827495441574,-0.5936584688259922,-0.08150747195051405,0.18577333043289102,0.1223182439266764,28.3924547051621,,,,,,,4.355054504040838,0.6278846153846154
Batch_2,rxax5ozo,32,7,0.7275231030481117,2.163378874019185,1.1630774431207214,0.05208832391112246,0.8939322559008591,-0.3556944488805136,0.35234976364623594,0.1019497298567066,0.1292566500452504,24.84339786701684,,,,,,,2.85,0.8298611111111112
Batch_2,rxax5ozo,32,8,1.9242209966870347,1.1003559207685778,1.1536267777716822,0.0,0.8217963047727053,-0.6610410609194476,-0.21938187295818778,0.48826291079812206,0.2055347541390875,24.84339786701684,,,,,,,0.9300537618869138,0.6882516188714154
Batch_2,rxax5ozo,32,9,3.1758417633006286,0.8961886357631652,0.5414176177901475,0.0014247832047109147,0.3851271999413488,-1.295238595855403,-1.2390668638308413,0.15150232754972492,0.0311252284705339,39.03962521959788,0.4333622420659609,0.7420755373261929,2.958635136351599,,4.317363617356722,4.282404350832,6.62725424066572,0.7531914893617021
Batch_2,rxax5ozo,32,10,3.8799258112786177,0.08188155121204875,0.7665372909620256,0.10266686805818422,0.16898847848912335,-1.4802178697465709,-1.257919853921845,0.08845577211394302,0.0697819588535255,35.16792685071214,0.7234276119980265,1.6116982311445112,4.295628487436309,,3.874621298672637,2.3668615381992475,3.4179672321425203,0.8376891334250344
Batch_2,rxax5ozo,32,11,0.31706574874259935,0.1672168407381352,0.0,3.501052114778154,1.0146652957411115,0.9458068736074086,-0.6658655222418555,0.2602595580498071,0.1097279647933561,28.3924547051621,,,,,,,11.690273735032898,0.832378223495702
Batch_2,rxax5ozo,32,12,0.019215215905063004,0.7934753861973076,0.05934110794210635,0.48320616467143734,3.644762125284086,1.388164919446435,-1.772647562652468,0.17954696868754164,0.0782212127127215,35.490568381452626,0.5917209142299258,2.5840231702260583,3.602428911125541,,3.4094591138819843,2.9851463903961104,4.891420823508924,0.7232524964336662
Batch_2,rxax5ozo,32,13,0.11466752705108395,0.5117569262835413,0.0,3.6555582929340926,0.7180172537312817,0.8701001640021893,-0.4163423903911828,0.03544380490760376,0.0413750659398628,38.68471953578335,0.5753627391751592,1.335116235624909,3.1790468518622617,,3.60552975292489,2.642853451603617,5.833095233235953,0.8093797276853253
Batch_2,rxax5ozo,32,14,1.3243829080438394,0.2829313444449432,0.03412790536106319,0.0,3.3585578421501543,0.7570837047535369,-2.3073424697359335,0.064762761412188,0.040166450765709,17.745284190726313,,,,,,,5.724508712544685,0.7878787878787878
Batch_2,rxax5ozo,32,15,0.03267752360323776,0.3193485261225508,0.0,0.11957002954821089,4.528403920726001,1.758334859534237,-2.2805407221646194,0.16334519572953737,0.0594733199652192,28.3924547051621,,,,,,,9.590391443211178,0.7090163934426229
Batch_2,rxax5ozo,32,16,0.0,5.0,0.0,0.0,0.0,-0.9999999999999999,0.0,0.0,0.0206998740084822,24.84339786701684,,,,,,,25.48312186465419,0.7564575645756457
Batch_2,rxax5ozo,32,17,0.26910862222362975,0.464823983840815,0.7155842909128337,1.21200815084809,2.3384749521746317,0.9771833653818556,-0.588207496286297,0.06688,0.0868454208294145,39.03962521959788,0.4787307364817192,2.573718852455467,3.792260626299788,,3.173882112538632,2.7334610192754427,2.913374007316291,0.7731481481481481
Batch_2,rxax5ozo,32,18,1.1217357143189224,0.04070332367859483,0.0,3.450205260050304,0.3873557019521788,0.38814838232764415,-0.7545457081355506,0.014486754966887417,0.0367065236504308,35.16792685071214,0.9890695093595157,1.4427811073237145,2.390326851499402,,4.731330869597757,5.005588504403658,8.00640368552729,0.6895973154362416
Batch_2,rxax5ozo,32,19,1.655126661588737,2.6595630250265505,0.3593700090911325,0.2609509925168787,0.06498931177670214,-1.1157773464267482,-0.5006879775915871,0.04865624451080274,0.0788777882277784,49.68679573403367,0.6746215491257761,2.150425674987636,3.53823795463342,,2.842868358243736,2.1894073965066125,4.473533279187716,0.759493670886076
Batch_2,rxax5ozo,32,20,1.1700070548574768,3.4986530431688405,0.21963210551735765,0.04956500931965214,0.06214278713667262,-1.1329633138581594,-0.39644281547971705,0.006985679357317499,0.0975546998385179,35.490568381452626,0.6120671205191661,3.0881807056206805,4.8365890393589135,,2.5888019429097877,2.282694377423606,7.116705679054792,0.8071519795657727
Batch_2,rxax5ozo,32,21,3.240347246573774,0.29474715064127605,0.0,0.0,1.4649056027849496,-0.7691260876437852,-2.352626424679362,0.028296019900497512,0.04691401441885,28.134341480569717,,,,,,,11.476606641337847,0.7197986577181208
Batch_2,rxax5ozo,32,22,4.603622677017173,0.0,0.0,0.0,0.3963773229828276,-1.6828981416137385,-2.5,0.008032955715756952,0.0378861817472006,10.647170514435787,,,,,,,14.27080930538066,0.7946428571428571
Batch_2,rxax5ozo,32,23,0.0,0.21196899265580926,0.0,0.0,4.788031007344191,1.8728186044065143,-2.3940155036720956,0.05548128342245989,0.0652050467588238,10.647170514435787,,,,,,,11.623790259635625,0.7595628415300546
Batch_2,rxax5ozo,32,24,0.0,0.0,0.0,0.08017229559208049,4.919827704407919,1.9839655408815835,-2.4599138522039596,0.0,0.0715933490674853,21.29434102887157,,,,,,,24.384023944343888,0.9047619047619048
Batch_2,rxax5ozo,32,25,0.6429882616539866,0.8468908455298454,0.5132320719148037,0.1703049990326775,2.826583821868687,0.7381210547864466,-1.221553969846533,0.0007655990812811025,0.038187851578443,42.58868205774315,0.8354812059493184,1.793132009787548,2.0412438389731444,,3.138653955738589,2.3441926385269367,4.885706058266772,0.9173669467787114
Batch_2,rxax5ozo,32,26,0.0,0.6897281158084645,1.9054259617807277,1.006142623664259,1.3987032987465493,0.6227642210697786,1.2060743124074529,0.07719977863862756,0.0316335502022155,14.067170740284856,,,,,,,16.058743724061742,0.8391608391608392
Batch_2,rxax5ozo,32,27,0.0,0.0,4.194641090051,0.0,0.8053589099489991,0.3221435639795996,3.791961635076501,0.007570977917981073,0.0099994676414742,10.647170514435787,,,,,,,21.55824920806916,0.8181818181818182
Batch_2,rxax5ozo,32,28,4.245432080731354,0.0,0.5429037480675358,0.0,0.21166417120111017,-1.6135071638120977,-1.6856443778986963,0.007165248544558889,0.0353752240342129,21.29434102887157,,,,,,,12.831679546174255,0.7319884726224783
Batch_2,rxax5ozo,32,29,0.0996281791602998,0.0,3.471567623835685,1.2631429857823726,0.16566121122164276,0.2790418099810117,3.3389229286447137,0.059584035975267007,0.0370582029189379,14.067170740284856,,,,,,,11.221987345856826,0.7085889570552147
Batch_2,rxax5ozo,32,30,0.4367008104803279,0.886059615467332,0.0,1.037955549547446,2.639284024504894,0.9114124724258492,-1.537992417492611,0.0,0.0069916419711461,28.3924547051621,,,,,,,9.639113029734634,0.7294429708222812
Batch_2,rxax5ozo,32,31,3.320795271359484,0.22817303661560936,1.1900101448106397,0.0011701181364903047,0.25985142907777653,-1.269778120608507,-0.6003132054079907,0.04192,0.0379039270313914,31.941511543307364,,,,,,,5.009079255295624,0.8330241187384044
Batch_3,0grcilhi,16,0,0.7650437690796118,0.6182171871350398,0.9421943688781101,2.6745446749072386,0.0,0.10524798992259492,0.5596724843383043,0.00585480093676815,0.0217408064143088,25.055893917199903,0.5527906391541368,1.911079907282308,2.412858847570975,,2.5135459244905323,1.6444524956968134,11.502081323932993,0.8764044943820225
Batch_3,0grcilhi,16,1,0.6655061461806088,0.44367076412040585,1.134176417333499,2.306345927586704,0.45030074477878207,0.28645287213252885,0.5762729718538036,0.09312606959498003,0.072675645600706,40.290088638195,0.9507891862878785,2.603232121201048,2.701637594162904,0.7067954467057607,2.004347810703669,1.4471481198110203,2.9926568355085847,0.7365955231650182
Batch_3,0grcilhi,16,2,0.09892667605430319,2.9918635271558185,1.1808252051473769,0.23168543099477365,0.4966991606477282,-0.39292662539483886,0.8830122867963612,0.1725229503007281,0.134276313265032,44.12723993707071,0.5781222885281108,2.775268327130453,6.785772478896354,1.001193092089992,1.9684752732370463,0.9507015128960664,1.780449381476486,0.779317697228145
Batch_3,0grcilhi,16,3,0.726751052486086,0.09033718261978439,2.485996060396685,0.9331581043943065,0.7637576001031379,0.18336680340172512,1.7407417341020732,0.18494795836669337,0.0826507208387942,25.055893917199903,0.71141599576635,3.946604262542106,4.509989104991743,,2.2665854093514985,1.2988180481308451,2.9410882339705484,0.7663628831814416
Batch_3,0grcilhi,16,4,1.983816709767357,1.011559673379263,1.656807918539368,0.0,0.34781569831401155,-0.856712339257191,0.49099171449868373,0.004703886489821098,0.038305536292475,29.93399553983466,0.6358093703724523,2.454961228273251,2.853483290398134,,2.6480645888034866,2.642452521059773,6.486023369094183,0.7950310559006211
Batch_3,0grcilhi,16,5,3.782923259563295,0.9064814587484232,0.10058075981352974,0.18481939948939516,0.025195122385356424,-1.647423666722981,-1.803478431160796,0.12782496041456745,0.1069872670745955,19.80237232420444,0.9477501280237184,5.449795800429468,5.498750411557,,2.0867593599686804,1.262852826774937,4.7807164149471815,0.8357142857142857
Batch_3,0grcilhi,16,6,1.8134364159866838,0.18076976931512828,1.5179488220967814,0.9302394206673863,0.55760557193402,-0.3524384073506139,0.33242782813642946,0.022872519340733265,0.0341864184221417,34.7433336228611,0.4652426491681278,1.860450336049772,2.565667251667837,0.3153837167583875,2.531156768935627,2.353461477411116,4.767258054727679,0.8403525954946132
Batch_3,0grcilhi,16,7,1.4246298204764314,2.2208621798729458,1.0544889992917805,0.11863001242032531,0.18138898793851854,-0.9177427665056894,0.2514795950843056,0.07362709327345869,0.0751284034346679,45.61048644575326,0.5585191925620058,2.65778254907901,3.865007497871808,0.624731093330374,2.0181290779812877,1.8914549449053668,3.611299774846827,0.7475876079228034
Batch_3,0grcilhi,16,8,0.32715788578942895,4.331427907139536,0.214279196395982,0.004775023875119376,0.122359986799934,-0.9472497362486811,-0.010479739898699464,0.08770518184744126,0.0405616374990363,32.7653997378768,0.3568248232305542,1.112076268088645,4.662336552362031,,2.526640847537342,2.662266523169398,4.328279066758955,0.6621287128712872
Batch_3,0grcilhi,16,9,0.43675956386009507,2.8303918692759638,0.9100914946322051,0.8031903437157847,0.01956672851595197,-0.572317439249693,0.6819283484441816,0.04230072463768116,0.0502331069414067,19.18575649437857,0.6557126326421541,3.0491029286270908,3.2459293326693777,,3.058880501022212,1.9635729141425045,6.740363491682032,0.7665929203539823
Batch_3,0grcilhi,16,10,1.1959962831193205,1.7333914384159137,0.24075179983567632,1.0987970864451446,0.731063392183944,-0.31289202676830435,-0.722778037815956,0.014259562578283072,0.0327740685315222,30.697210391005708,0.7924183469779351,1.9650484945335576,2.132756027670856,0.7452574525745257,2.990668510033057,1.3789500291811956,4.229598067350363,0.824773413897281
Batch_3,0grcilhi,16,11,1.0543262624169722,3.1064162195246845,0.0,0.5845235288373832,0.2547339892209608,-0.8242154474158648,-0.6545301258189665,0.003975678203928906,0.0106391180325341,23.12851746203068,0.4098356825515611,0.9012398299062296,1.8999037105401384,,3.418493248749725,2.5798327605549325,5.552927032790704,0.8225108225108225
Batch_3,0grcilhi,16,12,0.6859668811983235,0.5737385767618699,0.8311765648977348,0.4812074849407939,2.427910492201278,0.6782712260369665,-0.7257621218020659,0.00012683916793505834,0.0209554005088273,28.910646827538343,0.4296739856991561,1.5393112403078186,2.3615226456547087,0.1574279379157428,3.1494392832097446,2.084433493614427,5.412023651093924,0.7265193370165746
Batch_3,0grcilhi,16,13,0.31632531001209474,0.0,2.6581574085668054,1.5993035526787969,0.42621372874230257,0.3638160780278424,2.2868878891896065,0.0007822277847309136,0.035910939718353,28.778634741567853,0.5997417539138689,2.023795007769303,3.260117651201682,0.9721398933017192,2.703555684620576,2.687898679413288,9.44097452526361,0.838074398249453
Batch_3,0grcilhi,16,14,4.678292760837594,0.0020714158781658595,0.004164636133996623,0.13222719725439278,0.1832439898958514,-1.7719883521014523,-2.426603739232726,0.06347962382445141,0.0231476152104677,19.18575649437857,0.463594048546335,2.137625724635399,2.9070822964236225,,3.722425687053668,2.2380382540205277,5.8694122363316765,0.7521968365553603
Batch_3,0grcilhi,16,15,3.2161004143447456,1.3037737287920173,0.0,0.4372382100984881,0.04288764676474992,-1.4425922107707043,-1.6294940305547478,0.16455137402052752,0.0896470973710585,26.983270372369127,0.5186045341955705,2.5637644008148173,6.331755693711536,,2.21781398603521,1.4745134542733376,5.970971445250765,0.6499339498018494
Batch_3,0grcilhi,32,0,1.0311309073951984,0.14512212770747238,0.3485905867597163,3.4751563781376125,0.0,0.25355448712794854,-0.16697486693788288,0.0042184724689165185,0.0314162362192583,42.40228201372291,0.5527906391541368,1.1901592303208293,2.412858847570975,,3.154443476572618,1.9917851551422707,12.300787574443898,0.890625
Batch_3,0grcilhi,32,1,0.07165334864172906,1.8510448399113344,2.4890529606241802,0.5882488508227565,0.0,-0.2812205372744072,2.4532262863033156,0.007680872150644202,0.0120653766093593,15.419011641353784,,,,,,,11.020072575917403,0.8390804597701149
Batch_3,0grcilhi,32,2,2.1226315615477658,0.0,0.33422327302490956,2.509396235577904,0.033748929849420836,-0.33367380556375703,-0.7439669726736837,0.03392385978137957,0.0439553093964858,53.47593582887699,0.4892579593325361,1.7508584677596566,2.527544147133474,,3.2889181419600506,5.254673186155111,3.2671849888289604,0.6756152125279642
Batch_3,0grcilhi,32,3,0.03066884403042746,0.6369682990934934,1.4826983020138627,2.217881401220992,0.6317831536412236,0.5566283442698182,1.1514723031780372,0.11355815554026152,0.1016594711279007,50.111787834399806,0.9640875829802336,2.6135376408295063,2.701637594162904,,2.63474830293904,1.3678300469256308,3.305884879408633,0.7882926829268293
Batch_3,0grcilhi,32,4,0.10605147078692076,2.6608806680082657,1.4023468067330334,0.1814188433989203,0.6493022110728599,-0.27859206880749343,1.024669965803143,0.1488362161007901,0.1853943412227276,53.96654074473825,0.757417465699125,3.613794693666124,5.535674551751894,,1.9412408676459312,1.3123450480818648,1.7093125850683244,0.8147113594040968
Batch_3,0grcilhi,32,5,0.0832573992237313,3.7197809255917758,0.6936415837994426,0.3422347318415432,0.16108535954350692,-0.6443780546221359,0.5714702044158235,0.1688073394495413,0.0836229946524064,45.83651642475171,0.7585604479720323,2.2168962922184403,3.924667551835904,,3.366640214994295,1.6395813256469636,2.0112185361118766,0.7333333333333333
Batch_3,0grcilhi,32,6,0.21607476261769137,0.20974290144208138,4.500187039846569,0.0,0.07399529609365822,-0.09878036689802955,4.355152010490894,0.3898872982028632,0.0602016035772107,26.983270372369127,,,,,,,1.49164338901763,0.568075117370892
Batch_3,0grcilhi,32,7,1.0213325695105926,0.021458484920428185,1.324118279745593,1.471446518150562,1.1616441476728236,0.3461222379109189,0.23262992115388492,0.04712239256094496,0.1050998381003777,30.838023282707567,,,,,,,4.31335136523794,0.8741976893453145
Batch_3,0grcilhi,32,8,0.5245902639510849,0.5883116801937308,3.8106342845776564,0.0,0.0764637712775279,-0.29691293310816896,3.51010726696335,0.007916611690196597,0.0327752013668537,27.337075909201847,,,,,,,6.4072224871624375,0.8160621761658031
Batch_3,0grcilhi,32,9,3.084542797209232,1.3277683306885977,0.0,0.0,0.5876888721021707,-1.2642952361805446,-1.8361158346557014,0.00018556318426424197,0.0440846392425726,32.64773098269669,,,,,,,11.130897295382496,0.7751196172248804
Batch_3,0grcilhi,32,10,4.058651552687152,0.8236040251862492,0.06185125903430155,0.0,0.055893163092297846,-1.7658241608751917,-1.9954210988554237,0.05394773812868783,0.0910129962262663,27.588653181070235,,,,,,,4.622877880145314,0.8422459893048129
Batch_3,0grcilhi,32,11,3.590157724522233,0.9717537951626157,0.12992429444008197,0.30816418587506944,0.0,-1.5687810116664023,-1.6651545678210344,0.06050767414403778,0.1231182528232426,27.859310482065563,,,,,,,5.250452351262835,0.8314049586776859
Batch_3,0grcilhi,32,12,3.922838311315012,0.08989317581625744,0.0,0.05020349877457652,0.9370650140941535,-1.2022472542966796,-2.4299516627045827,0.010020876826722338,0.0191645580121956,24.88903637947484,,,,,,,12.168113614134588,0.9181286549707602
Batch_3,0grcilhi,32,13,0.9634883892030657,0.21746446402075462,2.1304258060883163,1.2853400350271553,0.40328130566070775,-0.010507719215663175,1.4470409586564297,0.03154041115178823,0.0487748381054052,52.3702577220952,0.3477898169151024,1.933306717207424,2.565667251667837,,3.0520921231233715,2.815829712045789,3.732090220291783,0.801178203240059
Batch_3,0grcilhi,32,14,1.2452796595688076,3.248229473453576,0.0,0.3016466898892102,0.204844177088406,-1.0054907497050338,-0.7250619183286068,0.005541189508681197,0.0604155415388691,52.987150615975615,0.7046725639945928,2.1822207701380347,2.827147191441398,,3.445429639225681,3.744884846882345,2.8416543455677807,0.7357357357357357
Batch_3,0grcilhi,32,15,1.5422480695728842,1.5563078345830157,1.7395401567191016,0.0,0.1619039391249987,-0.8633992190957576,0.8874641523701601,0.053370082686043596,0.089069334080003,54.069189251817576,0.3204756620284271,2.694517719234031,3.1915382432114616,,2.405412639864492,3.349884104819518,5.035300096646215,0.7577639751552795
Batch_3,0grcilhi,32,16,0.24853458223679098,4.428025696441018,0.23176618753426523,0.0,0.09167353378792664,-0.9483495586677491,0.06166212952190642,0.27416237113402064,0.0750038547529103,34.692776193046015,,,,,,,3.861783882647044,0.6123893805309735
Batch_3,0grcilhi,32,17,1.2905791038841625,3.147753911912592,0.0,0.06328642075529527,0.49838056344795023,-0.9337729144059446,-0.8944798336660564,0.0,0.0061194202451622,38.54752910338446,0.3453019410683907,0.5228688328674111,1.0108287365572708,,3.262436009334478,4.183780985184049,5.415763951816484,0.7777777777777778
Batch_3,0grcilhi,32,18,1.3852874233653925,2.576333458019768,0.9551271484635038,0.030273443691394734,0.052978526459940785,-1.0421355616278551,0.23599417355083718,0.00583694219544342,0.0314839572192513,19.09854851031321,,,,,,,7.83973048150554,0.7419354838709677
Batch_3,0grcilhi,32,19,0.0,2.94737571933717,0.8893543572583265,1.1590880063641043,0.004181917040399654,-0.3559847757784532,0.8872633987381267,0.07086751614592425,0.0691542672114717,23.12851746203068,,,,,,,3.956008088970497,0.7838345864661654
Batch_3,0grcilhi,32,20,0.0,3.9334553101498178,0.3952266669834896,0.009455183420657645,0.6618628394460352,-0.520054889567418,0.06429524726047203,0.02536742500503322,0.0255859224423714,26.983270372369127,,,,,,,5.352207482657549,0.8624641833810889
Batch_3,0grcilhi,32,21,1.9547104111788183,0.3377185875235687,0.1427562911627895,1.7898519866796807,0.7749627234551433,-0.1814723952582478,-1.2220802761541913,0.0029563932002956393,0.0398968678380443,38.19709702062642,0.7822859800194231,1.8422632836858297,2.118530008093218,,3.3492102543349973,1.9682798563809276,4.895406009719725,0.8043478260869565
Batch_3,0grcilhi,32,22,3.002233967198823,1.7673249215776323,0.0,0.23044111122354463,0.0,-1.5082703489503468,-1.5011169835994116,0.0049085229808121375,0.0065145324184719,15.419011641353784,,,,,,,7.139257587970331,0.8051948051948052
Batch_3,0grcilhi,32,23,0.19559533041884852,3.6967517449162366,0.0,0.7406200028824576,0.3670329217824568,-0.5226513118613124,-0.28131412610065265,0.003644430359689431,0.0147637036465962,30.838023282707567,,,,,,,3.951660983822171,0.8311688311688312
Batch_3,0grcilhi,32,24,0.8982682128847703,0.8136487435550455,0.0,0.05398345295397317,3.234099590606211,0.7823994929683616,-2.066183901745491,0.0,0.0295081335286408,30.838023282707567,,,,,,,5.788220796480316,0.8305084745762712
Batch_3,0grcilhi,32,25,0.1816746619793383,0.0038654183399859216,2.805520631161782,1.4960186191098144,0.5129206694090792,0.43092904312586205,2.458222965467573,0.0004962779156327543,0.0124026674890139,30.838023282707567,,,,,,,5.128596206518893,0.5884244372990354
Batch_3,0grcilhi,32,26,0.0,0.0,1.6702269692923897,2.5220293724966623,0.8077436582109478,0.8275033377837114,1.2663551401869158,0.0,0.0357620320855614,26.737967914438496,,,,,,,13.05,0.8219512195121951
Batch_3,0grcilhi,32,27,0.6331152012051872,0.0,3.647538803157456,0.6752225423733561,0.04412345326400149,-0.10055219070180317,3.3089194759228615,0.0015434480629726809,0.0360612134762161,34.692776193046015,,,,,,,8.363058415056923,0.8511904761904762
Batch_3,0grcilhi,32,28,4.763138148744659,0.0,0.0059965025634263576,0.0,0.23086534869191477,-1.812909120021098,-2.4910052461548604,0.10036697247706422,0.0323028293886361,19.27376455169223,,,,,,,6.010262056758976,0.6835443037974683
Batch_3,0grcilhi,32,29,4.4854019678168795,0.006780653012572759,0.0,0.4328376319104668,0.07497974726008087,-1.6789574924431403,-2.2801908575384804,0.005743825387708214,0.0140756302521008,19.09854851031321,,,,,,,3.422572104128564,0.8379446640316206
Batch_3,0grcilhi,32,30,3.3399580344347584,1.3973054986387883,0.0,0.26273646692645347,0.0,-1.5628970201163703,-1.6699790172173792,0.003068425897514575,0.0615507670958291,26.983270372369127,,,,,,,5.970783023788462,0.7520259319286872
Batch_3,0grcilhi,32,31,3.151173227888836,1.2547436032657948,0.0,0.5287134637613464,0.06536970508402339,-1.3795274370228146,-1.6082714664864295,0.1683902102723199,0.1177434276462878,38.54752910338446,0.502625843592783,2.907310319808395,5.153926658581526,,2.7742820613586026,1.5858276772032485,6.242795838382879,0.578125
Batch_3,71vgq3fw,16,0,1.3820304488443638,2.7624832373589965,0.18892482448528827,0.0,0.6665614893113512,-0.8386842312850046,-0.8353711445925692,0.11679215548940641,0.0562795047652979,60.56827291351205,0.5292481994823326,1.5820926857101518,3.569586074594244,1.3845466732134482,2.222178644061152,2.2901570861158644,2.607872668094672,0.7386666666666667
Batch_3,71vgq3fw,16,1,0.0,0.4464796794504865,0.8414424728105322,0.32913566113337145,3.3829421866056095,1.3297080709788205,-0.8500286204922726,0.0,0.0077448242230793,24.825996364764816,0.5601196766920862,0.9159980839435424,0.9541311620975604,,3.791006683312667,2.5667128281657363,6.303619944355436,0.7231638418079096
Batch_3,71vgq3fw,16,2,0.754425689584191,1.717527789213668,1.326677645121449,0.08465417867435159,1.1167146974063402,-0.1816591189790037,0.39110745162618343,0.14875154949530725,0.0861462073857339,44.33213636565146,0.4333622420659609,3.0665222042973985,4.153217154483933,0.9847261098403188,2.0430791477505923,1.4456381490131156,2.6907248094147422,0.7035881435257411
Batch_3,71vgq3fw,16,3,0.18491347689120963,2.3622319078237606,1.7835411901782248,0.6548569455832218,0.014456479523583482,-0.40965779139515807,1.6838562119708282,0.18933456277854618,0.103202102075354,33.846976039903794,0.7399277020331919,2.91507418937232,6.318671460365135,0.2384669429781172,2.003556204663856,1.0787227355719946,3.558440669731617,0.6985195154777928
Batch_3,71vgq3fw,16,4,2.014130434782609,0.12173913043478263,0.04521739130434783,2.4210869565217394,0.3978260869565218,-0.18665217391304362,-1.1607608695652174,0.04385181879044856,0.1024316380154983,42.754074997773216,0.4058445036886386,2.880936903747564,5.946515387700373,1.0632448635242595,2.098385397112064,1.3872024424305118,4.841771369447509,0.7619350732017823
Batch_3,71vgq3fw,16,5,1.0172762359860321,1.0260062488513142,0.4093916559455983,0.3758500275684617,2.171475831648594,0.33164859400845415,-1.1849843778717146,0.05526680526680527,0.0482422307931019,42.5588509110254,0.6311163160561014,2.238258614942347,2.4168132760874514,1.4095720053663945,2.7092153384885966,2.362337693427885,4.812795444355316,0.7655928718300206
Batch_3,71vgq3fw,16,6,0.7678815879534566,2.3536960985626285,0.6682067077344285,0.6609342915811088,0.5492813141683779,-0.4259924709103354,0.009625256673511218,0.09585067473830243,0.0518154009841734,53.19856363878175,0.5262410103554245,1.7665413816147582,4.085215702091647,0.9354037674369956,2.46438843687288,1.7248792098998742,3.2653483734511397,0.7922077922077922
Batch_3,71vgq3fw,16,7,0.03596879706854304,0.23885529303329367,2.800845266731111,0.6313647910437696,1.292965852123283,0.581300721623991,2.136377942135198,0.2134788678766341,0.1979290994922953,44.5354947893471,0.7046725639945928,4.354742953797991,6.990716474425021,1.3556832606488425,1.6577753058147977,0.7827812433671174,2.1692740101744694,0.7806661251015434
Batch_3,71vgq3fw,16,8,1.0897396442420137,1.4664245706899732,1.864959684864898,0.4357727580476395,0.14310334215547485,-0.5847848833630824,1.2485381916661535,0.14652699837885022,0.0722677473946735,39.19123541462545,0.480387263985918,2.725777270532899,3.8637719474652985,0.293100140408858,2.20860536127785,1.5981122219855046,4.011530256072815,0.7799274486094316
Batch_3,71vgq3fw,16,9,2.353910698231945,0.06030866047347917,0.6053341324543003,0.0,1.9804465088402756,-0.16144740785136397,-1.5618444710818098,0.1821042550280476,0.0591745356208715,23.05271091013876,0.715876327835963,3.152194271277851,4.06177318432552,,2.70119277624544,2.7332913975411817,4.334627913524956,0.7550306211723534
Batch_3,71vgq3fw,16,10,0.27940102264426586,0.5619978086194303,1.485573411249087,1.235390796201607,1.43763696128561,0.5979729729729728,0.6270544192841492,0.029110936270653028,0.0485525557476614,37.23899454714722,0.4370193722368317,2.199615936929358,3.363440701866457,0.7409326683199083,2.430942365337817,1.6938040192365205,5.503180898353243,0.7546875
Batch_3,71vgq3fw,16,11,0.26737372988207375,2.5046354668842246,0.02929615070829934,2.182377809092932,0.01631684343247052,-0.16487428613809985,-0.1125491359489728,0.10380507343124165,0.0600472076244767,16.032778124164956,,,,,,,3.592005011132362,0.7675736961451247
Batch_3,71vgq3fw,16,12,0.44943491245534933,1.2355800199098204,2.3964982139720092,0.3156292088774375,0.602857644785384,-0.12262106927446274,1.8703519353516427,0.10971463892036674,0.0759641934621893,23.158457290460493,1.2666024736934256,2.448637684236928,5.56234850913393,,2.3176170135610765,1.4559422616219715,5.200961449578338,0.7363984674329502
Batch_3,71vgq3fw,16,13,1.1738525730180804,1.299721835883171,2.203059805285118,0.009735744089012515,0.3136300417246175,-0.6020862308762169,1.4593184979137688,0.1823273179838208,0.0637496120938068,42.5588509110254,0.6255872043961933,2.3745878851093867,3.738155160432538,0.9623020859170692,2.4914670642608487,1.4894789900824292,3.8706103856016023,0.6886854153041203
Batch_3,71vgq3fw,16,14,0.294236195082628,1.2683057906758028,0.5186080881365042,2.729410184065565,0.18943974203950023,0.25030229746070126,0.27677011957544007,0.07492486045513096,0.0329964090969543,37.23899454714722,0.461809077155419,1.9947114020071637,2.8878571671769566,0.9452841922986848,3.231565343595122,1.9900441991468771,3.860861218026841,0.8194192377495463
Batch_3,71vgq3fw,16,15,2.10705596107056,1.9245742092457423,0.026763990267639908,0.31143552311435524,0.6301703163017033,-0.9133819951338203,-1.3418491484184916,0.03304668304668305,0.0183040883584216,32.06555624832991,0.4890360399210861,1.4535367081499493,1.6136216622812822,0.6133333333333333,3.1763573674022094,2.33754310706164,5.810550748423079,0.6971252566735113
Batch_3,71vgq3fw,32,0,1.8500176865935618,2.8855677396533426,0.17686593562079939,0.0,0.08754863813229571,-1.2821011673151752,-0.7919172267421293,0.06440312584209108,0.0500044535494789,53.44259374721652,0.5322553886092406,1.1240382807003664,3.5422839684820624,0.8938938938938938,3.2474790941638623,3.4788669730007995,3.50891721190455,0.7549857549857549
Batch_3,71vgq3fw,32,1,1.005268403816033,2.663391712943187,0.19863306279367793,0.0,1.1327068204471025,-0.4817029759362097,-0.8703545493378899,0.0735,0.0625545559811169,81.94531041239867,0.4222008245644753,1.6829833885715244,3.1025297674958465,0.8870000337052788,2.721515185981576,4.181263468165263,1.199634302209375,0.726649528706084
Batch_3,71vgq3fw,32,2,0.0,0.5374592833876222,0.11400651465798045,0.08957654723127034,4.258957654723127,1.61400651465798,-2.015472312703583,0.0,0.010838481906443,28.243601059135035,,,,,,,6.485560885536424,0.6555269922879178
Batch_3,71vgq3fw,32,3,0.0,0.23121387283236988,2.5626204238921,0.8959537572254334,1.310211946050096,0.6570327552986509,1.907514450867052,0.0,0.0046227843591342,21.377037498886608,,,,,,,6.342189041374759,0.908450704225352
Batch_3,71vgq3fw,32,4,0.056363097003856416,0.0993770394541679,0.2432512607534856,0.3871254820528033,4.213883120735686,1.7205576980124586,-1.891871848116286,0.004178272980501393,0.0300258305869778,32.06555624832991,,,,,,,6.25,0.7008547008547008
Batch_3,71vgq3fw,32,5,0.9009401656185794,2.0571570885997135,1.554075088724239,0.021169292073967998,0.4666583649835005,-0.5809102795591807,0.870275823423199,0.18522522522522522,0.1417563989408649,60.017652250661946,0.5670035141386943,3.1889335582418923,4.153217154483933,,1.8994594479827145,1.5666219309727734,2.089168483954056,0.7042640990371389
Batch_3,71vgq3fw,32,6,0.08629229886855415,2.8088012930809736,2.053548151624172,0.03389123520517232,0.017467021221127272,-0.5825121226341309,2.0016684915793315,0.27207207207207207,0.1708292509129776,42.754074997773216,0.7763469959369937,3.0280031674106143,6.210187260463897,,2.1596454048075704,1.2008464543991648,1.4230249470757708,0.6737804878048781
Batch_3,71vgq3fw,32,7,0.658487731597396,0.21782674011016526,0.48698047070605904,3.6367050575863797,0.0,0.4203805708562843,0.15773660490736102,0.009914255091103965,0.0355749532377304,32.06555624832991,,,,,,,4.512274923540392,0.7465069860279441
Batch_3,71vgq3fw,32,8,0.06830385344283006,0.0,0.026452937460518,4.362365761212887,0.542877447883765,1.062302590018951,-0.2791377132027795,0.007831729693443723,0.1127995012024583,49.87975416406875,0.3545805526139253,1.370773246685904,5.922915882934315,,2.623970947581937,2.1344607918062084,4.105149123290096,0.8020527859237536
Batch_3,71vgq3fw,32,9,4.398219814241486,0.2708978328173374,0.06820820433436532,0.04256965944272446,0.22010448916408668,-1.7169117647058816,-2.2409539473684212,0.07122190073447585,0.0920637748285383,46.31691458092099,0.5292567428401228,2.968278282330501,3.9465051287148833,,2.757907287006031,1.9059854404832024,5.502737954650305,0.7302483069977427
Batch_3,71vgq3fw,32,10,1.6715355121416835,1.6249771772868358,0.06572941391272595,0.0,1.637757896658755,-0.33850648165053865,-1.588917290487493,0.035526315789473684,0.0483406884377758,31.77405119152691,,,,,,,5.725871377632816,0.865530303030303
Batch_3,71vgq3fw,32,11,0.35430157261794637,0.41905642923219244,0.757631822386679,0.7567067530064755,2.712303422756707,1.0107308048103607,-0.7756706753006476,0.07723279648609077,0.0481428698672842,57.00543333036428,0.5449803216536554,1.7138470138087984,2.4168132760874514,,3.1475052612592376,3.174686652379066,2.7681221071332818,0.7086021505376344
Batch_3,71vgq3fw,32,12,2.3100352677140106,0.5498557229881371,0.5338249438922731,1.5581917281179862,0.04809233728759217,-0.7031099711445982,-0.6452388586085283,0.04256336681013869,0.0277812416495947,35.628395831477675,0.737652575655611,1.770595385267687,1.7859073490978146,,4.066148105326752,3.385039605038016,9.65207181547853,0.8233151183970856
Batch_3,71vgq3fw,32,13,0.20655852491539267,3.0102695763799736,0.7171198506243435,0.33434473100711865,0.7317073170731706,-0.3251254522114599,0.24798692963006186,0.046933881466255566,0.075631067961165,84.7308031774051,0.4442433223290478,1.522174437052407,3.9493270848342954,1.0113452231570277,2.392764536611316,1.7279924850736506,3.0872317315075715,0.775797373358349
Batch_3,71vgq3fw,32,14,0.013231116472740008,0.10584893178192006,3.1462816671206757,0.9413550219870024,0.793283262637662,0.4791220765069852,2.743024477565475,0.195131845841785,0.2287075799412131,53.44259374721652,0.7046725639945928,4.1329855612459125,6.256147664910005,,1.6965958777590269,0.7451679321745539,2.5495097567963927,0.8254486133768353
Batch_3,71vgq3fw,32,15,0.06707122325135739,0.4207920792079208,2.328329607154264,0.20733524965399763,1.9764718407324602,0.7210688810816566,1.3065580751623551,0.10410308579179382,0.1671506190433775,46.31691458092099,1.0570088459918892,3.6038290877684087,4.861860975800141,,2.104460901105755,1.640450120801563,1.8553975315279476,0.7358184764991896
Batch_3,71vgq3fw,32,16,0.19832846908994428,1.1694083311223136,2.621384982754046,0.939241178031308,0.0716370390023879,-0.09671000265322367,2.48640222870788,0.30755711775043937,0.0669635699652623,35.628395831477675,0.4719866928249235,2.817447470749301,3.507063444270958,,3.373524703694415,1.7890251974482347,1.9299287413012176,0.8039702233250621
Batch_3,71vgq3fw,32,17,1.8612929153748998,1.7235044207142036,1.210242278103112,0.0,0.20496038580778506,-1.0072338959696867,0.17711562751176957,0.02714440825190011,0.0775719248240848,42.754074997773216,0.5368854093802183,2.528711037170626,3.8637719474652985,,2.47487959044633,3.1636448011871456,5.60003348147559,0.7570754716981132
Batch_3,71vgq3fw,32,18,2.565433005785655,0.0,0.0068876848195426575,0.0,2.427679309394802,-0.055101478556341524,-2.489668472770686,0.19487359550561797,0.0961076787290379,24.713150926743157,,,,,,,4.045707420095717,0.7662889518413598
Batch_3,71vgq3fw,32,19,1.4172427816185442,0.32736884912566083,3.255388369255795,0.0,0.0,-0.6323708824725499,2.5467669784465228,0.016119032858028518,0.0219025563374009,28.50271666518214,,,,,,,20.374266825368625,0.7368421052631579
Batch_3,71vgq3fw,32,20,0.005256518082422204,0.1366694701429773,3.4209419680403705,0.4699327165685451,0.9671993271656855,0.4514297729184188,2.9347140454163165,0.013417190775681341,0.0423621626436269,46.31691458092099,0.4296739856991561,1.3648295488064996,3.218354190641631,,3.2494384480128864,3.210047714540192,5.962486723079069,0.7447154471544716
Batch_3,71vgq3fw,32,21,0.4898321497740478,0.8884764364105876,0.0,1.8229502905100066,1.7987411233053585,0.7104583602324078,-1.144286636539703,0.03224181360201511,0.0546866725507502,38.83495145631067,0.5440847306724618,2.199615936929358,3.0324862096718124,0.0594130279169649,3.350374131308292,3.338709629838298,5.738630049827623,0.7635542168674698
Batch_3,71vgq3fw,32,22,0.2861338201444559,2.6641003254226523,0.0007937137868084767,2.0315104373362964,0.01746170330978649,-0.23398682435113885,-0.1510040479403127,0.23349797934440952,0.1122205397701968,21.377037498886608,,,,,,,3.541892149684968,0.7902995720399429
Batch_3,71vgq3fw,32,23,0.0,0.23190045248868782,0.43552036199095023,4.332579185520363,0.0,0.8201357466063347,0.43552036199095023,0.0025144209436473892,0.0078738754787565,14.25135833259107,,,,,,,6.450019379553824,0.6795580110497238
Batch_3,71vgq3fw,32,24,0.5354659248956884,0.06954102920723226,0.719749652294854,3.675243393602225,0.0,0.5069541029207231,0.45201668984700977,0.003738317757009346,0.0126302663222588,10.688518749443304,,,,,,,11.737819929002605,0.9367088607594936
Batch_3,71vgq3fw,32,25,0.44152439414284794,1.3427968540187991,2.5506745955623757,0.006713984270093995,0.6582901720058827,-0.18051026280452714,2.0007673124880103,0.19570905285190998,0.1392981206021198,42.754074997773216,1.0891125784820272,2.4978135889103044,5.502801056976711,,2.5125858085009964,1.6965426076562424,1.3509256086106296,0.7082969432314411
Batch_3,71vgq3fw,32,26,2.482988053833359,1.3866626342053532,1.0025706940874037,0.02117042189626494,0.10660819597761985,-1.2236503856041137,-0.29222743081808567,0.2655367231638418,0.0583671668137687,28.243601059135035,,,,,,,3.533305739440588,0.7132667617689016
Batch_3,71vgq3fw,32,27,0.05922492596884254,1.225698467876915,3.2251834685206644,0.0,0.4898931376335779,-0.07287240890948886,2.9506244367194543,0.13776078993470298,0.0691814376057718,57.00543333036428,0.5156404768721472,1.777115490223823,3.738155160432538,,2.568771389143641,2.153808809783924,4.4318730347021456,0.6678743961352657
Batch_3,71vgq3fw,32,28,0.39803707742639044,1.6966557615412576,0.49800072700836057,2.338240639767357,0.06906579425663395,-0.0032715376226826976,0.26444929116684834,0.08918617614269789,0.0490068584661975,46.31691458092099,0.5077706251929807,1.853326455573728,2.792025987099876,,3.4069353696920666,2.276993706717953,4.049984567313166,0.7907608695652174
Batch_3,71vgq3fw,32,29,0.0,0.054095826893353946,0.5770221535291088,3.838227717671303,0.5306543019062339,0.9690880989180833,0.31169500257599186,0.046263345195729534,0.0171315092674315,31.77405119152691,,,,,,,3.820987823549245,0.8770491803278688
Batch_3,71vgq3fw,32,30,0.9192580469176214,2.1603927986906712,0.060010911074740866,0.6983087834151663,1.1620294599018002,-0.19530823786142962,-0.98063284233497,0.0023765513599155004,0.0163267123897746,57.00543333036428,0.4071035866728218,1.027143517773264,1.1255546841497692,,3.9298237259615214,3.591086429829324,4.236124407068685,0.7608318890814558
Batch_3,71vgq3fw,32,31,3.0632411067193677,1.7347386912604306,0.0,0.0,0.20202020202020204,-1.4914361001317529,-1.6326306543697848,0.05972892258212727,0.0202814643270686,24.93987708203437,,,,,,,9.24966890198828,0.6060606060606061
Batch_3,9luzk4jm,16,0,2.328682759931572,0.7201238221956716,1.3224862193499334,0.6116816466179705,0.01702555190485242,-0.9463513183262281,0.1496320634317212,0.07094040459267359,0.0777927167914513,28.12049632676016,1.392879455351816,2.9846722098764893,3.2464196172930744,0.3016741502655665,2.1293760732623297,1.7590839801926486,5.119570294468082,0.7746852220013254
Batch_3,9luzk4jm,16,1,1.3144501199944814,0.4090757175032593,0.0553865843527867,0.0427392540675047,3.1783483240819677,0.6722919889478434,-2.191012637685438,0.05372065260644648,0.0499921272240592,20.994069175457927,0.8140241971831532,2.855950526445674,3.635850598307476,,2.9596722183488,1.9651617576628964,4.143730201815845,0.8234165067178503
Batch_3,9luzk4jm,16,2,0.5433944668299144,4.167467524492372,0.0,0.03752524870538586,0.2516127599723279,-0.9427011379004316,-0.39750361340112117,0.035438144329896906,0.0302970660788327,13.996046116971952,,,,,,,10.819640705601005,0.7695390781563126
Batch_3,9luzk4jm,16,3,3.2074683418970467,1.0525519276607014,0.4087559981549711,0.0006278893980875132,0.3305958428891928,-1.3611338072556645,-1.3602760942381487,0.23587720142430949,0.1047576364722837,21.09037224507012,0.6715168925729746,5.212086461687946,5.86132971396564,,1.9519883530446267,1.6204535996020266,5.385930283011457,0.5554711246200608
Batch_3,9luzk4jm,16,4,0.003202663137578248,2.372372719161087,1.3627331650395444,0.20697210526599427,1.054719347395796,-0.01247344907573138,0.8337721597728572,0.08967167751103133,0.0548217863545291,31.635558367605185,0.7953771571545907,2.364388691890478,2.998177977677484,,2.028927836207497,1.351791541477758,7.613540563894574,0.7332439678284183
Batch_3,9luzk4jm,16,5,1.218341940222353,0.2807897440356204,0.9066177328607743,0.0,2.5942505828812523,0.49420550825643544,-0.9996785286910284,0.003302146395156852,0.0091674102066166,10.497034587728963,,,,,,,9.964913095933843,0.83
Batch_3,9luzk4jm,16,6,0.9130408632657843,1.7315090766930263,1.4657101555678607,0.0033183385908260375,0.8864215658825016,-0.3562858665737531,0.5659789409937177,0.4333654463712267,0.1316940464318829,26.242586469322408,0.547002095985713,3.645793577653966,7.831878131560557,,2.166019543663719,2.2177947592272624,1.3435028842544403,0.6176652254478073
Batch_3,9luzk4jm,16,7,1.0286944463300394,0.33805723373512664,3.1441743194887555,0.37517091572036726,0.11390308472571056,-0.35849380824468363,2.5728755539608805,0.11937404791580114,0.0544527048402404,22.84790326549263,1.3255453865237978,2.545171379813829,3.5838253176621144,,2.7647699586983405,1.74705205424772,4.016217125604641,0.6938775510204082
Batch_3,9luzk4jm,16,8,0.12095598950743222,3.137569221801224,1.1767706208102593,0.5647041678810841,0.0,-0.5629554065870008,1.1162926260565431,0.07429639834678213,0.0301504446553481,14.06024816338008,,,,,,,19.212300747177576,0.6710743801652893
Batch_3,9luzk4jm,16,9,0.007290250383649426,3.157261636150894,0.0,0.30035831580635636,1.5350897976591007,0.03973915484127295,-0.771190024021375,0.09212501706018834,0.0748832204902115,19.244563410836435,0.454864184146723,4.299331935393304,5.64753491318255,,2.66053449336876,1.938626107121476,6.132943717275053,0.7366375121477162
Batch_3,9luzk4jm,16,10,1.6797751446843987,3.296186946728662,0.0,0.0,0.02403790858693902,-1.3215322837847163,-0.8519065266356689,0.01708727655099895,0.033822320194545,12.246540352350458,,,,,,,14.015794661737878,0.748
Batch_3,9luzk4jm,16,11,1.6691950785816179,0.21364916552272026,2.4457463834039253,0.0195113393171434,0.6518980331745938,-0.4457463834039252,1.2851998275258194,0.045530030445613066,0.02245717238364,22.965053371667302,0.6863662517577698,1.7852957055542018,2.560078232500767,,3.9249341863451015,2.274858974088359,6.198386886924695,0.8469015795868773
Batch_3,9luzk4jm,16,12,0.204628436163572,2.2880346417617763,1.1849200933951072,0.37465564739914914,0.9477611812803959,-0.08542270082579588,0.6087252846731233,0.37671451355661884,0.095932532953492,16.278912026046257,,,,,,,3.5800837611238125,0.7445034116755117
Batch_3,9luzk4jm,16,13,1.9428146672159599,0.3239650776070812,2.580986838164849,0.12587799702202854,0.02635541999008184,-0.8062011150073616,1.596401794561828,0.031073132837642882,0.0230567276559143,16.211761633064782,,,,,,,7.650751516380966,0.8231404958677686
Batch_3,9luzk4jm,16,14,0.8172342408048305,2.1394214335705404,1.6984959659889869,0.02396120581066795,0.3208871538249736,-0.6216308803439173,1.1294352686740847,0.16406449961607372,0.1113123042740425,22.743574940079423,2.168279737242081,3.953906890600461,4.483443912050912,,2.028949553927991,0.9388574243522604,4.599550948984107,0.710431654676259
Batch_3,9luzk4jm,16,15,0.00664047166808101,0.5258621135247009,1.2869866518614148,3.1719319667866954,0.008578796159107404,0.5299893004488094,1.2793770179478205,0.2006908051453073,0.0694752012373018,12.30271714295757,,,,,,,7.364882834330831,0.5144766146993318
Batch_3,9luzk4jm,32,0,1.397028477094511,0.9438712340074288,1.9327280231118447,0.7263722657862154,0.0,-0.6023111844820472,1.2342137845645893,0.07998350855493713,0.1064624415620935,35.150620408450195,1.6303842434168176,3.182177266376816,3.2464196172930744,,1.7637254442401824,1.497605525229587,5.136365189476244,0.7816550348953141
Batch_3,9luzk4jm,32,1,4.347718399009271,0.23522936411014983,0.0,0.3631297407936153,0.053922496086964006,-1.6919382858322303,-2.200820447548118,0.024746450304259635,0.0491229920208091,24.60543428591514,,,,,,,6.197398614049402,0.7603960396039604
Batch_3,9luzk4jm,32,2,2.349021403450661,0.3857881866981013,0.0,0.07637826726548268,2.188812142585755,-0.12596568823248652,-2.268916773018208,0.016200294550810016,0.0557471264367816,34.831069313827925,0.6674434436122771,2.410863500666094,2.679752046795808,,4.300862915504161,3.752877835137495,4.092019671030664,0.8758389261744967
Batch_3,9luzk4jm,32,3,0.0,0.43866313999478235,0.12575670153349292,0.0,4.435580158471725,1.6864994353897333,-2.0920333777023696,0.06958849113415858,0.0441843298534219,17.575310204225097,,,,,,,10.420292702222907,0.7551020408163265
Batch_3,9luzk4jm,32,4,0.9089372715464584,2.3401368427660203,0.0,0.0,1.7509258856875214,-0.13123192289677893,-1.3299315786169899,0.002905982905982906,0.0087349291714998,17.575310204225097,,,,,,,11.837704590625364,0.8362068965517241
Batch_3,9luzk4jm,32,5,0.48204955334569355,4.474127759986516,0.0,0.04382268666779032,0.0,-1.0788808360020221,-0.24102477667284677,0.07339449541284404,0.0516631835597352,10.449320794148376,,,,,,,9.810020094751565,0.7116104868913857
Batch_3,9luzk4jm,32,6,3.362096615020231,1.344143721832955,0.009354748511464193,0.0008018355866969308,0.28360307904865295,-1.5000657916378832,-1.8134950985229776,0.290261352022193,0.1639952195156244,31.635558367605185,,,,,,,2.8359298738330265,0.4300385109114249
Batch_3,9luzk4jm,32,7,2.649310361461878,0.0,1.850465139578981,0.0,0.5002244989591412,-0.8596343450010949,0.2756977093684714,0.03500846979107849,0.045520053428943,28.12049632676016,,,,,,,9.180250537244712,0.7429643527204502
Batch_3,9luzk4jm,32,8,0.0,2.2621160275705194,2.214269606737717,0.2674693361309109,0.2561450295608522,-0.2964713264635808,2.086197091957291,0.05510475959791692,0.0560037259657632,35.150620408450195,0.6134418568583191,2.579895570789299,2.909818374484709,,2.311432352989596,1.8940805235266247,10.39680225272132,0.8080357142857143
Batch_3,9luzk4jm,32,9,0.006541245619841989,2.4873086469449164,0.47505796314102444,0.14390740363652374,1.8871847406576943,0.2835771493534623,-0.47180502999774365,0.07411028549080954,0.053639846743295,35.150620408450195,0.9309826733076224,2.171815931349934,2.243318813848297,,2.9789034431674675,2.221826147859965,6.3716167372221655,0.6719512195121952
Batch_3,9luzk4jm,32,10,0.0,0.0,5.0,0.0,0.0,0.0,5.0,0.0,0.0008881922675026,3.4831069313827925,,,,,,,18.30128068885269,0.3214285714285714
Batch_3,9luzk4jm,32,11,1.280501735054841,0.2951156342509204,0.6977734064068373,0.0,2.726609224287401,0.5194198688428395,-1.3057820732642837,0.0050772159932303785,0.0175225842736124,17.575310204225097,,,,,,,10.973353979449108,0.8823529411764706
Batch_3,9luzk4jm,32,12,1.038105598121632,1.8063139835101114,1.9440793539564456,0.0,0.21150106441181094,-0.6919046101859507,1.3192760226897242,0.48255651688529166,0.0857763014517206,28.12049632676016,,,,,,,6.300833270230056,0.6684118673647469
Batch_3,9luzk4jm,32,13,0.8531071873072269,1.695660977303116,1.2364654803376895,0.004908556888994401,1.2098577981629723,-0.19545023974052614,0.20498298760258993,0.35614366729678637,0.1771943573667711,31.34796238244513,,,,,,,0.8139410298049854,0.5892514395393474
Batch_3,9luzk4jm,32,14,1.3972546609301373,0.7252612169637369,2.877484122106126,0.0,0.0,-0.7039541077648023,2.1788567916410573,0.08547754034016572,0.0428925445534113,17.575310204225097,,,,,,,9.839207269555375,0.8128898128898129
Batch_3,9luzk4jm,32,15,0.7892616796894247,0.08651266303509714,3.317427886384302,0.6188982817126181,0.18789948917855845,-0.13406775246884242,2.82884730195031,0.11708603896103896,0.0660128651270695,35.150620408450195,0.9170266870974818,2.696736708107047,3.0481905415680384,,3.002776727397284,2.2438147377066398,2.975315109362368,0.6258907363420427
Batch_3,9luzk4jm,32,16,0.4211060375443937,0.06341958396752917,2.5494672754946732,1.9660071029934043,0.0,0.2120750887874175,2.3389142567224765,0.0043849526886683594,0.0173204682062638,28.12049632676016,,,,,,,18.652412689455588,0.7672955974842768
Batch_3,9luzk4jm,32,17,0.0,4.376405643017788,0.6235943569822122,0.0,0.0,-0.8752811286035573,0.6235943569822122,0.12626522559615713,0.0429804211044324,7.03012408169004,,,,,,,22.831680292555205,0.575
Batch_3,9luzk4jm,32,18,0.0,1.7236295204154966,0.0,0.5897563180238719,2.6866141615606316,0.8478710241459276,-1.3433070807803158,0.06044949625419788,0.073267154301637,24.381748519679547,,,,,,,7.1693793315739685,0.805607476635514
Batch_3,9luzk4jm,32,19,0.01435049652717984,4.545663279949486,0.0,0.020090695138051777,0.41989552838528216,-0.7428965042190457,-0.217123012456231,0.07407407407407407,0.076514112974094,24.60543428591514,,,,,,,5.963430220938282,0.6632860040567952
Batch_3,9luzk4jm,32,20,2.049581606318917,2.8954406819425973,0.0,0.0,0.05497771173848439,-1.3769296942206923,-1.0522796590287007,0.02485256950294861,0.0297110619002425,14.06024816338008,,,,,,,14.532205613739436,0.7851851851851852
Batch_3,9luzk4jm,32,21,1.3924632352941178,3.6075367647058822,0.0,0.0,0.0,-1.2784926470588236,-0.6962316176470589,0.00900360144057623,0.0378962034134447,13.93242772553117,,,,,,,19.26032834731017,0.7270833333333333
Batch_3,9luzk4jm,32,22,3.1312622958319984,0.12993548977444297,1.6635402845770233,0.02745115981150203,0.04781077000503271,-1.253877476323375,0.0740037516585077,0.02342764462065237,0.0238760589124398,28.12049632676016,,,,,,,8.182885831701146,0.820675105485232
Batch_3,9luzk4jm,32,23,0.0,0.3070892881357488,3.315734340817072,0.010374638112694217,1.3668017329344846,0.48737776316918285,2.6323334743498297,0.042337507453786526,0.0210236604962933,21.30776401651352,,,,,,,8.389583530144455,0.8825214899713467
Batch_3,9luzk4jm,32,24,0.0,2.1712861504955634,1.3626163262473923,0.18720629707452913,1.2788912261825152,0.11474051978879922,0.7231707131561347,0.22008803521408563,0.0568292156651202,28.76973423957996,,,,,,,3.6423891162851234,0.6895238095238095
Batch_3,9luzk4jm,32,25,0.29123720262302605,2.333485089325589,1.1072231835444273,0.453651678441914,0.8144028460650434,-0.1667004247999281,0.5544031592003925,0.1949085123309467,0.1355022426012354,21.834657059417555,,,,,,,3.566247921817106,0.7805800756620429
Batch_3,9luzk4jm,32,26,4.856060559041548,0.0,0.0,0.0,0.14393944095845151,-1.8848484472332394,-2.5,0.0023023791250959325,0.0099976086676599,14.715891323142577,,,,,,,18.20004464277291,0.8430232558139535
Batch_3,9luzk4jm,32,27,1.1492685345896356,0.411604264815274,3.2791966278204816,0.15993057277460948,0.0,-0.5100421522439872,2.7045623605256637,0.04277907884465262,0.0355847708121939,21.17615917412979,,,,,,,5.782429778373451,0.815242494226328
Batch_3,9luzk4jm,32,28,1.1453048858910784,2.573917144204524,0.477442588279006,0.056661474484473465,0.7466739071409177,-0.6629035254440744,-0.468546808236992,0.13203214695752008,0.0945375935885268,28.12049632676016,,,,,,,3.1144823004794877,0.6828087167070218
Batch_3,9luzk4jm,32,29,0.576839633477118,1.8210435862749605,2.5932259628882823,0.0,0.008890817359639943,-0.5913882437019833,2.3003607374699033,0.19193734754140454,0.12793451758969,17.415534656913962,,,,,,,6.359510569985026,0.7392857142857143
Batch_3,9luzk4jm,32,30,0.009440748066894444,0.7476173350116885,1.5383923754720374,2.7045495414493796,0.0,0.38761014206078037,1.5336720014385903,0.3668145056091834,0.0977363000456958,17.575310204225097,,,,,,,8.665953363949356,0.4866920152091255
Batch_3,9luzk4jm,32,31,0.0,0.0,0.6908124365099786,4.2802653280672285,0.028922235422793575,0.867621959782563,0.6763513187985818,0.04591277668200745,0.0412141024289078,14.06024816338008,,,,,,,22.64789448070812,0.5528455284552846
Batch_3,cfe5vt7s,16,0,1.7212841590757606,1.291379693401466,0.0,1.9873361475227724,0.0,-0.5493223728060431,-0.8606420795378803,0.116254036598493,0.0397053634438955,17.64290755116443,1.1542610172878538,2.7422152741542933,3.352539646469472,,1.999063566807037,1.907948364357141,10.446279241850243,0.5558408215661104
Batch_3,cfe5vt7s,16,1,1.1403197857592942,3.043872085696282,0.4359640831758034,0.2014413988657845,0.17840264650283552,-0.9532529930686827,-0.22339713295526142,0.23048897411313518,0.1114857744994731,38.63716192483315,0.7371541600794576,3.2334875348415757,5.166880118043627,0.8355627332685543,1.7401633485747718,1.256978138398425,2.3086792761230392,0.7369411764705882
Batch_3,cfe5vt7s,16,2,0.1457436237164624,0.3742961245445512,1.1941040079496523,1.8847300430606162,1.4011262007287182,0.8042398145081152,0.420669095727062,0.01886024423337856,0.0132551808921671,17.562346329469616,0.4368317224825743,1.6020035577029206,2.3856614942120724,,3.436592907151608,3.305994760424929,7.45588692209475,0.8
Batch_3,cfe5vt7s,16,3,0.011068803683697868,0.6805100504737449,0.1416806871513327,1.504471796688214,2.662268662003011,1.225272292570619,-1.1949880456920217,0.11526581043732727,0.0498103387438249,17.64290755116443,0.7662304522517567,3.1572806569762357,3.461384710770804,,3.4710333077152056,1.8822675848394,5.524761975602145,0.7462165308498254
Batch_3,cfe5vt7s,16,4,0.8412235979606701,1.7441637597270672,0.07513320811131982,0.07072488212519647,2.2687545520757464,0.23632460612565628,-1.4798558669068884,0.21381230116648992,0.1150626323218066,37.0501058574453,0.6128667601500942,2.982743924448921,5.541996113123318,0.5620358305834685,2.0453087728510924,1.1234969330097837,2.5547993600678285,0.690781796966161
Batch_3,cfe5vt7s,16,5,1.3275756959967489,0.8969721601300549,0.001219264377159114,1.8138589717537086,0.9603739077423288,0.036496647022962576,-1.1427555374923797,0.10067681895093063,0.1079425711275026,29.855988760098345,0.7837972188868215,4.07099139646272,4.7639788921556185,0.948420373952289,1.909448933910804,1.3841293712290454,3.942698948084314,0.7259343148357871
Batch_3,cfe5vt7s,16,6,0.8628846470297845,0.9653200592397566,0.05821128846470298,0.47700345565246016,2.636580549613296,0.6118150403159452,-1.6915213098568374,0.23788409981439473,0.1066385669125395,26.343519494204426,0.7506054213402069,3.522951244740553,6.381829670025362,0.8624203821656051,1.925754529283447,1.5744030610178743,4.277601130064617,0.6881298992161254
Batch_3,cfe5vt7s,16,7,0.9924557752341312,2.1834894207422826,0.0,1.381807145334721,0.44224765868886584,-0.3804197016996185,-0.7173517169614985,0.1518974145120934,0.050864502470007,29.99294283697953,1.1847981254502882,2.107019026041355,3.5552898025840776,,2.753923761989306,1.7395467622022545,3.696281915655245,0.7339117859725235
Batch_3,cfe5vt7s,16,8,2.248103240445295,0.4835850528256399,1.109692973126285,1.1586187336027793,0.0,-0.7642345600226904,-0.014358647096362587,0.02679830747531735,0.0622044812985179,26.464361326746644,0.7673807981960539,2.9465054758427702,4.250935454538659,0.1575949367088607,2.10705853776082,1.3959537710274528,8.296083413274001,0.6897506925207756
Batch_3,cfe5vt7s,16,9,0.37281108842274613,0.4829527875750263,2.049378132541303,1.0782129818699338,1.0166450095909905,0.37658560732627905,1.3546500835344348,0.2851335656213705,0.0709562697576396,33.36845802599227,0.5077706251929807,3.2178050847802293,4.07975782964509,,2.63503037082198,1.7592723651462492,2.721212964837556,0.7540381791483113
Batch_3,cfe5vt7s,16,10,0.5669458342397217,0.0810311072438547,2.9418642592995434,1.4025451381335656,0.007613661083315206,0.040569936915379586,2.654584511638025,0.19652689538331217,0.0807341060765718,35.12469265893923,0.4981865685479503,3.533075152310925,4.325535239699617,0.3716641250920962,2.072095418886882,1.1453374522094837,3.85105502715668,0.7239915074309978
Batch_3,cfe5vt7s,16,11,0.21344761587750688,0.1901472913372722,4.59640509278522,0.0,0.0,-0.12340850461845723,4.4896812848464664,0.07384181233832406,0.0530037050105857,21.17148906139732,0.596986896129077,1.5277851915749847,5.607942292406237,,2.1117739692401005,1.267239274369561,21.425504649482598,0.8051787916152897
Batch_3,cfe5vt7s,16,12,0.5999275012083133,1.3052803286611891,0.0060415659739004365,3.074855002416627,0.013895601739971003,0.11950217496375055,-0.3008699855002417,0.295788323825707,0.0728299223712067,26.464361326746644,0.9869286963719311,2.6357403053870057,5.2195922406324655,,2.6751319223090952,1.555553984175173,4.262100011950346,0.7149425287356321
Batch_3,cfe5vt7s,16,13,2.637099438387843,1.568109239070587,0.21308225966303274,0.27364827662151747,0.30806078625702016,-1.1905076533421435,-1.2594978526593987,0.16864428174703358,0.0796540217773094,31.612223393045305,1.0494521934153025,2.4533795089920982,5.243625460361928,0.5255383520199324,2.4549253663767203,1.7407653328042412,2.303258561256204,0.672813487881981
Batch_3,cfe5vt7s,16,14,1.619373277533939,2.3951209553945088,0.0,0.0,0.9855057670715526,-0.7325711952638563,-1.3024395223027456,0.17503735202850246,0.0430145767474534,29.855988760098345,0.4753945931439391,2.3573018870855176,3.721085869607808,0.6907216494845361,2.6380048756014025,4.365452518109655,14.771704369983846,0.6943089430894309
Batch_3,cfe5vt7s,16,15,2.852865697177075,0.024807527801539782,0.10521813515825494,0.5637296834901626,1.4533789563729684,-0.45201026518391824,-2.047904191616767,0.012340514536707802,0.025780698659139,35.28581510232886,0.4388027821975044,1.6079009932176085,2.543863201140436,0.4210526315789473,2.740106883210052,2.465031666604937,7.3509352217196975,0.7935548841893253
Batch_3,cfe5vt7s,32,0,0.0,0.10667396061269147,0.0,4.893326039387309,0.0,0.9573304157549232,0.0,0.17740112994350282,0.0322512350035285,10.585744530698658,,,,,,,15.288095858688248,0.1970443349753694
Batch_3,cfe5vt7s,32,1,2.8984287317620647,2.101571268237935,0.0,0.0,0.0,-1.5796857463524132,-1.4492143658810324,0.03977387441954371,0.0471594918842625,24.700070571630203,,,,,,,34.8779120597878,0.6822916666666666
Batch_3,cfe5vt7s,32,2,1.6936042484414688,2.7195412914646355,0.35942430539521286,0.22743015469868394,0.0,-1.1758639267297781,-0.48737781882552156,0.15371195968210893,0.1135751748251748,48.95104895104894,0.7062645449131862,2.835060211761364,4.6926195164529,,1.9946984653406967,1.6588425679448358,2.6196373794859475,0.770048309178744
Batch_3,cfe5vt7s,32,3,0.5605290749253972,3.3837406242438908,0.5161706589241067,0.17420759738688604,0.3653520445197193,-0.719977417533672,0.05323009920154853,0.2832479605387972,0.1093772053634438,38.814396612561744,0.7673807981960539,2.0698915594865888,5.147746888183274,,2.426289971970202,1.7404012946353828,2.081045392162896,0.7061524334251607
Batch_3,cfe5vt7s,32,4,1.3707165109034267,0.0,0.5763239875389408,0.0,3.0529595015576323,0.6728971962616821,-1.6355140186915889,0.0,0.0028316866619618,21.17148906139732,,,,,,,8.375335374499047,0.8031914893617021
Batch_3,cfe5vt7s,32,5,0.0,0.4188287620459599,1.2676056338028168,2.108969607116382,1.2045959970348405,0.8198665678280207,0.6653076352853965,0.03732590529247911,0.023583916083916,17.48251748251748,,,,,,,7.931361041938167,0.797153024911032
Batch_3,cfe5vt7s,32,6,0.03149407911312674,0.028974552784076596,0.0,3.7742504409171076,1.1652809271856892,1.202569916855631,-0.5983875031494079,0.07376146788990826,0.0350123500352858,17.64290755116443,,,,,,,8.704617994622756,0.9037037037037036
Batch_3,cfe5vt7s,32,7,0.0,1.0335882031676678,0.2184598580010923,0.2744401966138722,3.4735117422173674,1.2375750955761875,-1.5182960131075913,0.14827787507297138,0.0646083274523641,17.64290755116443,,,,,,,4.900956498223834,0.6740237691001698
Batch_3,cfe5vt7s,32,8,0.6385075006356471,2.0617213323162984,0.0,0.0718281210272057,2.2279430460208496,0.23779557589626235,-1.4332252733282482,0.34771700953336676,0.1387791107974594,31.75723359209597,,,,,,,2.1283200498118364,0.7175989085948158
Batch_3,cfe5vt7s,32,9,1.1492032834379526,1.2617093191694833,0.18928054080154513,0.06904876871076775,2.330758087880251,0.23408981168517604,-1.5507001448575566,0.13240857503152584,0.0913461538461538,52.92872265349329,0.6723094811029983,2.771437216405942,2.9321579128389708,,2.3330409380636588,1.545367697243879,3.07001628660175,0.6704196519959058
Batch_3,cfe5vt7s,32,10,0.0,0.15253927658019728,0.002740226525392766,2.686335403726708,2.1583850931677016,1.3701132626963826,-1.076452320058458,0.15432980851671907,0.0956993006993007,24.47552447552447,,,,,,,4.168033109273486,0.622257053291536
Batch_3,cfe5vt7s,32,11,2.3918137219008573,1.4937394742622834,0.0,1.1144468038368602,0.0,-1.032584022845428,-1.1959068609504286,0.06781937216719826,0.1202981651376146,42.34297812279464,0.7434572701404587,3.441406589007078,4.359619628366005,,2.0476887743453327,2.119440623887093,10.250487793271107,0.7845744680851063
Batch_3,cfe5vt7s,32,12,1.930673896204493,0.1265169119545572,0.0,0.7700748773560547,2.172734314484895,0.22553576039246007,-2.051704105344694,0.12976247409532918,0.0683133380381086,35.28581510232886,0.4220492293637343,3.070131489293766,3.2722995845769867,,2.789222923395501,2.3813172295968004,4.727142354246438,0.6304878048780488
Batch_3,cfe5vt7s,32,13,0.36348267117497884,1.3576258905929237,0.08543654148049752,0.339934790484241,2.853520106267359,0.7924767540152153,-1.5230648472406714,0.24408759124087592,0.1446153846153846,31.468531468531463,,,,,,,2.706265867795812,0.7357512953367875
Batch_3,cfe5vt7s,32,14,0.9317867567982793,3.050391765248118,0.0,0.3410662160086035,0.6767552619449992,-0.6438777077892147,-0.8042710093716392,0.19975731836796604,0.0574188426252646,35.28581510232886,0.9707432614378506,1.839401214208404,3.5552898025840776,,3.3319871181672043,2.3999773004269698,3.06504479157399,0.6334310850439883
Batch_3,cfe5vt7s,32,15,1.0710730639060324,1.0601234322118256,0.0,2.7304399761098943,0.13836352777224767,-0.03902050567390042,-0.60471829583914,0.026675558519506502,0.0443101623147494,38.814396612561744,0.6651697090182843,1.75715847207438,2.567527554451228,,3.9460507063578074,2.996171102343238,4.6027301180225,0.8316690442225392
Batch_3,cfe5vt7s,32,16,2.6790650917315912,1.5330485046494096,0.0,0.7878864036189999,0.0,-1.2206584568987182,-1.3395325458657956,0.005488920512299248,0.0351005645730416,24.700070571630203,,,,,,,8.591274638568995,0.805439330543933
Batch_3,cfe5vt7s,32,17,2.078723824575267,0.07111813512445675,1.5458316870802056,1.3043263532200713,0.0,-0.5848478862109839,0.5064697747925722,0.04769660307119591,0.0893083980239943,42.34297812279464,0.578633218877473,2.455476690714625,4.250935454538659,,2.253754584515891,1.8033265466100004,7.938041320124253,0.6325051759834368
Batch_3,cfe5vt7s,32,18,1.000479271507309,1.870357057272945,1.6714593817397556,0.033549005511622335,0.42415528396836805,-0.5978912053678409,0.9591421040019171,0.0,0.0364772727272727,45.454545454545446,0.451351666838205,1.428061485853835,2.669636370679549,,3.90288444548872,2.7545320620394644,4.246248311593447,0.7604017216642754
Batch_3,cfe5vt7s,32,19,0.15432098765432098,0.0,2.1809309309309306,1.4418585251918583,1.2228895562228892,0.7157991324657988,1.4923256589923255,0.543605788032851,0.1057515878616796,28.22865208186309,,,,,,,1.1,0.7473684210526316
Batch_3,cfe5vt7s,32,20,0.7375224416517056,0.05673249551166966,2.3536804308797126,1.8520646319569118,0.0,0.0640574506283661,1.9849192100538597,0.1942821368948247,0.1228387438249823,49.400141143260406,0.7242313244832019,3.1748991485993767,4.325535239699617,,1.9047543526860715,0.7694903172722862,2.73221521846285,0.7311446317657497
Batch_3,cfe5vt7s,32,21,0.034730002240645305,0.15684517140936588,4.777055792068116,0.0,0.03136903428187318,-0.032713421465382024,4.744006273806857,0.17304385210662082,0.0390122377622377,27.972027972027966,,,,,,,6.450193795538239,0.7153284671532847
Batch_3,cfe5vt7s,32,22,0.0919732441471572,0.22476883730080663,4.683257918552036,0.0,0.0,-0.08174306511902421,4.637271296478458,0.13899138991389914,0.0896788990825688,14.114326040931545,,,,,,,11.580991966490386,0.775175644028103
Batch_3,cfe5vt7s,32,23,0.8806050783360347,0.0,4.119394921663966,0.0,0.0,-0.352242031334414,3.679092382495949,0.0,0.0163285109386026,31.75723359209597,,,,,,,22.921070926724383,0.8385416666666666
Batch_3,cfe5vt7s,32,24,0.712160476053364,0.6046645551396487,0.0,3.683174968806987,0.0,0.330837892312122,-0.356080238026682,0.1492985971943888,0.0917342978122794,21.17148906139732,,,,,,,6.064548604549644,0.7302904564315352
Batch_3,cfe5vt7s,32,25,0.4092613729007012,2.4955160606554707,0.01630523398010762,2.041415294309474,0.03750203815424752,-0.23952388716778086,-0.20707647154736675,0.16811867200376737,0.053925546930134,38.814396612561744,0.4442433223290478,2.582361732126314,2.959173021118583,,3.810969366689077,2.707093327423169,3.2676441426734177,0.6958762886597938
Batch_3,cfe5vt7s,32,26,2.975382003395586,0.8595076400679117,0.19878324844368986,0.6677985285795133,0.29852857951329936,-1.1090831918505943,-1.4381720430107527,0.05562060889929742,0.0617832167832167,38.46153846153846,1.0509687459947388,1.6717538098337574,3.5966809386584817,,3.299382419970168,2.6799456673023814,5.389712371668846,0.5746180963572268
Batch_3,cfe5vt7s,32,27,2.421579232017307,2.019560122588787,0.22219217595096452,0.02253470344330269,0.3141337659996395,-1.2423832702361641,-1.1456643230575088,0.21443888491779842,0.0976887791107974,35.28581510232886,1.068303694702076,3.4387530564472093,3.8156905265032415,,2.9424320190527,2.246475658052605,2.811671813819128,0.7526265520534862
Batch_3,cfe5vt7s,32,28,3.8571428571428577,1.0795287187039766,0.0,0.0,0.06332842415316643,-1.7334315169366716,-1.9602356406480121,0.05570291777188329,0.0299488355681016,28.22865208186309,,,,,,,15.89141254503292,0.7786499215070644
Batch_3,cfe5vt7s,32,29,0.43267728834739144,3.092783505154639,0.0,0.0,1.4745392064979692,-0.20181193377069667,-0.9536082474226804,0.1940193491644679,0.0559615384615384,34.96503496503496,0.4914651344681719,2.560324011931652,3.540036753913134,,3.375902764309887,5.382502762332749,14.692578795628863,0.6030405405405406
Batch_3,cfe5vt7s,32,30,1.1008883248730965,0.04600253807106599,0.19511421319796954,1.0453680203045685,2.612626903553299,0.8045685279187811,-1.6616434010152281,0.020712655783745832,0.0278052223006351,42.34297812279464,0.475225268324301,1.483183833439569,2.1638711666278936,,3.4783704214168085,3.62491410073468,6.43598281719013,0.7001733102253033
Batch_3,cfe5vt7s,32,31,4.903453397697735,0.0,0.0,0.0,0.09654660230226514,-1.9227627181581886,-2.5,0.0,0.0237561750176429,28.22865208186309,,,,,,,16.53532574411338,0.9230769230769232
Batch_3,hawkfj64,16,0,0.18410469065827584,0.0,0.9545555578709011,2.330999465155209,1.530340286315614,1.0046941312939768,0.09733306938395625,0.03881827550669873,0.0362298589160434,17.346388096523008,,,,,,,9.708958491820711,0.7656033287101248
Batch_3,hawkfj64,16,1,0.3708134709800986,1.0417316930785372,0.7805793347377894,0.0,2.8068755012035744,0.7660784734736827,-0.8082651513540471,0.26948112330295704,0.0733231648823913,21.104332143816425,1.2890219570974684,3.109703256303334,4.656529764410384,,2.604593768347295,2.189316220887812,6.040022748236929,0.6379182156133829
Batch_3,hawkfj64,16,2,1.2238031450300277,0.2862881393257906,1.6050101252282936,0.8491531401454124,1.035745450270475,0.03734992226010315,0.47523582757804217,0.027374533388635422,0.0151903227044242,23.02290779325428,0.882116849539438,1.2873720849002157,1.5817445133157868,0.9201030927835052,4.171624715032355,2.5633087335452958,7.006425622241344,0.7888730385164051
Batch_3,hawkfj64,16,3,0.7440639019586388,0.703030966188861,3.541905425561935,0.010999706290565016,0.0,-0.4360318127631147,3.1698734745826154,0.06852527357998958,0.0086780124893994,19.27376455169223,0.4442288751567579,0.9711288938189137,1.7796582164923458,,2.9685720584817723,1.3742657874660835,6.289395692187732,0.6134831460674157
Batch_3,hawkfj64,16,4,0.33127505317004136,2.1694958136004616,1.485469629513732,0.10411798901353604,0.9096415147022291,-0.18172898030450998,0.8650113455775967,0.14566798941798942,0.0606882661321409,13.491635186184563,,,,,,,6.21662071837289,0.7524475524475525
Batch_3,hawkfj64,16,5,0.6400338917505717,0.7189730757370362,0.7799428788942341,1.74731389147623,1.113736262141928,0.39514911130438124,-0.09694219805201576,0.2490305176192885,0.0953340240205671,26.86005909213,0.90422769946973,3.819368740774719,4.650373497615728,,2.5439580975407603,1.169666448857586,4.1575233011974815,0.7859712230215827
Batch_3,hawkfj64,16,6,0.0,0.4066883231346478,3.417594900937048,0.2079771721054993,0.967739603822805,0.34735361132329223,2.9337250990256454,0.05852526641457546,0.053873604236215,13.430029546065,,,,,,,6.899855065804618,0.6854741896758704
Batch_3,hawkfj64,16,7,0.9364678577349298,2.6264713008658833,1.2476854508588697,0.178414757004221,0.010960633536095488,-0.8598141984518664,0.7739712052233572,0.017504435245416915,0.0397135918587618,25.055893917199903,0.5556622981616415,1.6870041677401444,4.051179795027154,,2.6201053809104176,1.9819149431079464,3.645476614384704,0.8141592920353983
Batch_3,hawkfj64,16,8,0.22852964974942416,0.45453255889965316,0.8955049432502926,1.8262882091940256,1.5951446389066037,0.8209971257217463,-0.016332201077721376,0.09020890483224309,0.0854261429342379,26.983270372369127,0.9930936513845612,3.255109588187171,5.058235725176625,,2.0300164002072547,1.4581458702845147,5.173320982477305,0.7429530201342281
Batch_3,hawkfj64,16,9,0.48961241910135045,0.044180107038811596,2.4067997230063365,1.9432048319722544,0.11620291888124626,0.23044114489864678,2.1038920540150383,0.01833721833721834,0.0394411189133187,23.02290779325428,1.1447134680208586,2.344728499900712,2.6378502823279537,,2.60550152442697,1.5080858805796666,4.951199329139457,0.8566265060240964
Batch_3,hawkfj64,16,10,2.5345199124306,0.7090136089436083,0.0,1.7564664786257917,0.0,-0.8043173910358031,-1.2672599562153,0.01773274224192527,0.0293733931928935,34.53436168988142,0.4219311333748268,1.6471657101134538,2.8911619828688853,1.4198438982181991,2.23026420240589,2.619622813979904,7.402803467063684,0.7097862767154106
Batch_3,hawkfj64,16,11,0.5881116707165509,0.1907216806336754,0.3590845090754783,1.7011628617450785,2.1609192778292177,0.9312112790673472,-1.0154309651974058,0.011937557392102846,0.0376031146403515,36.62015264821524,0.5232078956954491,1.7274914508226995,2.608728687811258,0.682854882107789,2.70272836059745,2.091353796502885,5.275367242357423,0.8058419243986255
Batch_3,hawkfj64,16,12,1.3941979629742047,1.8149154766655617,0.2569271184242259,1.533959441936007,0.0,-0.6138703921355928,-0.4401718630628765,0.04109422492401216,0.0763048338601495,28.910646827538343,1.052482020710849,2.885073540079637,4.01844006128046,0.1417993335801555,1.969673219456194,1.7042298739923325,11.34461317823712,0.7448700410396717
Batch_3,hawkfj64,16,13,0.6937607260453698,2.686044888011945,0.44434991967873283,0.4575568683940163,0.7182875978699362,-0.43588685519375914,-0.2616742422789202,0.06687014428412874,0.0563006024327539,44.12723993707071,0.5613615477764332,1.8336648136387967,4.344259793317724,0.6606997726623064,2.280056382524858,1.5209643663715744,3.700793799427581,0.6597717546362339
Batch_3,hawkfj64,16,14,4.0988422509388345,0.25554717889364353,0.0,0.0,0.6456105701675213,-1.4324021080872538,-2.372226410553178,0.01347905282331512,0.0069356509727178,11.51145389662714,,,,,,,14.598955339992992,0.7544483985765125
Batch_3,hawkfj64,16,15,1.2488630415355557,2.340790984740375,0.0,0.0760294325457719,1.3343165411782967,-0.41877091058182436,-1.2915897913569263,0.044634906500445236,0.0254461876493716,26.983270372369127,0.657881299627656,1.7734245279588317,2.448868770616877,,2.756312683992331,2.723476893462765,8.030955724481748,0.717687074829932
Batch_3,hawkfj64,32,0,0.3523378189218902,0.0,0.27802185677577335,3.3870425291222066,0.9825977951801305,0.9295124963277372,-0.38944595027523693,0.040809084457061745,0.0377765785213167,23.12851746203068,,,,,,,9.850989516364589,0.6597938144329897
Batch_3,hawkfj64,32,1,0.0,0.0,1.6949152542372885,1.1753264795776606,2.1297582661850516,1.0869686023895526,0.6300361211447627,0.03695073235685752,0.0346831393107701,11.56425873101534,,,,,,,21.251761689243388,0.8888888888888888
Batch_3,hawkfj64,32,2,0.0,1.2254471587874796,0.9116816872817293,0.0,2.8628711539307914,0.9000590298148204,-0.5197538896836664,0.4675096592904812,0.1103323147440794,22.918258212375854,,,,,,,4.452176392556781,0.5413870246085011
Batch_3,hawkfj64,32,3,1.519442426048227,0.47265607980762075,0.3744776960581074,0.0,2.6334237980860458,0.351061332853603,-1.7019554160090293,0.025691699604743084,0.0359744815357335,26.983270372369127,,,,,,,6.80078120217723,0.8288888888888889
Batch_3,hawkfj64,32,4,2.4598594020351614,0.37932411339794553,0.5950911708833957,0.0,1.5657253136834974,-0.43351845802025496,-1.4177011869759337,0.007959067652075043,0.0083648138154344,15.419011641353784,,,,,,,8.484073223924305,0.782608695652174
Batch_3,hawkfj64,32,5,0.7580196195995375,0.25122935963870385,1.985578249282446,1.1691398244130191,0.836032947066293,0.2147874239415652,1.188551965949531,0.07975460122699386,0.021953781512605,34.377387318563784,,,,,,,6.797940862812849,0.7898089171974523
Batch_3,hawkfj64,32,6,0.96554816530902,0.2875345639339361,3.732643300201778,0.014273970555264925,0.0,-0.44087138479934246,3.249869217547268,0.08997024330474357,0.0133278081874951,23.12851746203068,,,,,,,5.423329235810786,0.5916955017301038
Batch_3,hawkfj64,32,7,0.0,2.098867716100525,2.9011322838994755,0.0,0.0,-0.4197735432201049,2.9011322838994755,0.006113092205807438,0.0040282167913036,15.419011641353784,,,,,,,15.254383153666415,0.6538461538461539
Batch_3,hawkfj64,32,8,1.2567218929120414,0.0,0.05478754009513156,0.0,3.6884905669928276,0.9727074696323141,-2.4178186898573033,0.03861725319215198,0.0297490555855369,11.56425873101534,,,,,,,9.309362598010948,0.8528610354223434
Batch_3,hawkfj64,32,9,0.028334933272060655,2.879668774019794,1.9537958316164832,0.1382004610916627,0.0,-0.5596276358944504,1.9396283649804529,0.2668311596757138,0.0916274766787448,23.12851746203068,,,,,,,7.113227047647307,0.646551724137931
Batch_3,hawkfj64,32,10,0.4140486914089034,1.8389789189632781,1.9744481477113875,0.7554009424366117,0.017123299479818575,-0.3754857520769671,1.7588621522670267,0.1343065693430657,0.0726699770817417,38.19709702062642,0.9352438507521114,1.8849083665314448,3.8892268886571446,,3.2152150943948645,1.8256587009156364,5.586591089385369,0.8199052132701422
Batch_3,hawkfj64,32,11,0.7800251364691548,0.025162101176424354,0.039981681648583275,2.3617750516698837,1.793056029035954,0.8725349471254114,-1.2465589011039713,0.3387652773425259,0.1182059979955284,38.54752910338446,0.6633988346575617,3.726874213845307,4.361444577011535,,2.620199278630227,1.7735821904316167,2.0615528128088303,0.7652173913043478
Batch_3,hawkfj64,32,12,0.0,0.0,3.6131540239546123,0.2453246480353015,1.141521328010086,0.5056734608110945,3.0423933599495694,0.07332998493219488,0.0917238455015033,15.419011641353784,,,,,,,11.108589019193255,0.6694772344013491
Batch_3,hawkfj64,32,13,0.0,2.6714166687088006,2.3285833312912003,0.0,0.0,-0.5342833337417601,2.3285833312912003,0.0033551121313791276,0.0163674560733384,22.918258212375854,,,,,,,7.377355139270179,0.7404255319148936
Batch_3,hawkfj64,32,14,1.3359086360381127,1.7436648976281603,1.3927621188623138,0.5276643474714132,0.0,-0.7775635644465945,0.7248078008432575,0.02059547794940676,0.0213456942409991,34.692776193046015,,,,,,,3.405877273185281,0.7431693989071039
Batch_3,hawkfj64,32,15,0.7895664034633305,2.9511390652008216,1.1943309245605866,0.04997200521174003,0.01499160156352201,-0.8900633327577397,0.7920519220471605,0.003761283851554664,0.0580814894765245,23.12851746203068,,,,,,,4.003810653668445,0.8752941176470588
Batch_3,hawkfj64,32,16,0.24300344709124427,0.7062761310469012,0.0,1.2711827000902989,2.7795377217715562,1.127595023680804,-1.5112705844314003,0.07146077547339946,0.0949714748284634,30.838023282707567,,,,,,,4.969167307657486,0.7605820105820106
Batch_3,hawkfj64,32,17,0.2104258404395429,0.13965198419561253,2.0156015112612913,2.5206135507988665,0.11370711330468676,0.43750482246670824,1.8535350343891763,0.06584688615628718,0.0758808110400123,34.692776193046015,,,,,,,5.408326913195984,0.7240437158469946
Batch_3,hawkfj64,32,18,0.0,0.0,2.6091255827094226,2.255968357112587,0.13490606017799125,0.5051560954937138,2.541672552620427,0.007690750860149767,0.0675993124522536,26.737967914438496,,,,,,,9.359380302920966,0.8575899843505478
Batch_3,hawkfj64,32,19,3.531582284879286,0.31867182545882317,1.1497458896618908,0.0,0.0,-1.4763672790434792,-0.6160452527777522,0.0535475234270415,0.0110245933235679,19.27376455169223,,,,,,,16.87498148147132,0.8534031413612565
Batch_3,hawkfj64,32,20,4.107142857142857,0.8928571428571429,0.0,0.0,0.0,-1.821428571428572,-2.0535714285714284,0.0,0.0161899622234214,38.54752910338446,0.3905419631818887,0.7674593793438634,1.907428111117357,0.116751269035533,2.6579101975396764,1.9390993713821845,27.351734404878187,0.8163934426229508
Batch_3,hawkfj64,32,21,1.9415147477153092,0.6396898301720961,0.0,2.418795422112595,0.0,-0.4207847806980241,-0.9707573738576546,0.02140345512918514,0.0424369747899159,38.19709702062642,0.4441855195375184,2.216650090279612,2.612386640560787,,2.468773239277036,2.7797610011531906,7.837486672332494,0.6541095890410958
Batch_3,hawkfj64,32,22,3.2401284013731817,0.0,0.2483689756126559,1.1070160055878377,0.4044866174263253,-0.9128535124611753,-1.5739385337870975,0.011775643012085528,0.0068132757690232,26.983270372369127,,,,,,,8.540432800797777,0.8534031413612565
Batch_3,hawkfj64,32,23,0.3246688540078907,0.2096673592837134,0.3700826342576019,1.7601835004594895,2.335397651991305,1.1143947474285205,-0.9599506187419958,0.012095554883580285,0.0683929535116799,61.676046565415135,0.5201480951390451,2.016586232468589,2.608728687811258,,2.792494121846933,2.444974023163415,2.830635970943632,0.7954779033915724
Batch_3,hawkfj64,32,24,2.6350002973574833,0.5791036984662963,0.16565289791387208,1.6202431062623488,0.0,-0.8457722373837832,-1.1518472507648696,0.01972807251399627,0.0306452856371906,30.838023282707567,,,,,,,10.711121392389185,0.7749510763209393
Batch_3,hawkfj64,32,25,1.0824307715424581,2.125428728092477,0.2798609142352878,1.5122795861297773,0.0,-0.5556021370095232,-0.26135447153594127,0.02168082253017434,0.1219643820831084,38.54752910338446,1.2577396930451887,3.2945037468614378,3.793519468036137,,2.1388845261029887,1.877504471625628,12.927634898224666,0.7287066246056783
Batch_3,hawkfj64,32,26,0.6560317525104494,3.321029750328458,0.27180034219110416,0.0,0.7511381549699895,-0.6261633890818754,-0.4317846115491153,0.12258908139915005,0.0906417112299465,57.29564553093963,0.5292567428401228,1.954155896895608,4.344259793317724,,2.464209263796396,2.3605511712208003,3.510697936308392,0.6299465240641712
Batch_3,hawkfj64,32,27,0.8533577849795031,0.0,1.1742506433722741,2.393064878523382,0.5793266931248411,0.3690005389628115,0.45790840432010205,0.024102193299590263,0.0216444375915503,38.54752910338446,0.5392249211795371,1.2353799050659455,1.848958673852369,,4.211882415198879,3.808173943309148,6.767015590347048,0.7229437229437229
Batch_3,hawkfj64,32,28,4.382680897890711,0.0,0.0,0.0,0.6173191021092891,-1.5061447183125687,-2.5,0.0392468841156192,0.0129808804255647,11.56425873101534,,,,,,,15.613247576928732,0.8
Batch_3,hawkfj64,32,29,0.8394821720496619,3.1900322537887154,0.0,0.0,0.9704855741616223,-0.585605089912959,-0.9049838731056421,0.0,0.0009453781512605,11.459129106187929,,,,,,,16.687435386247436,0.5714285714285714
Batch_3,hawkfj64,32,30,0.372881299313865,2.7672552595888535,0.0,0.0,1.8598634410972814,0.041341804795595787,-1.1163723702055732,0.029352226720647773,0.030307994757536,46.25703492406136,0.5462239018859527,1.6967779022344305,1.9149229459268768,,3.8673833511196367,5.976685683515186,11.670984279459557,0.7456140350877193
Batch_3,hawkfj64,32,31,2.5401444757951337,1.7121415803702007,0.0,0.18810413681375227,0.559609807020913,-1.0970213562209783,-1.5498771414080235,0.008744038155802861,0.0205843805412073,19.27376455169223,,,,,,,5.228049349422785,0.6666666666666666
Batch_3,hzumfsms,16,0,0.57952218973271,0.0,0.8296984355736065,0.4180160057088399,3.1727633689848442,1.1208996728426215,-1.0464443437851707,0.0008406388855530203,0.0062689926330224,9.111907896834976,,,,,,,9.37884587092106,0.8599221789883269
Batch_3,hzumfsms,16,1,1.7554562790492407,1.1010587130965572,0.47784945667012957,1.6153873532304324,0.05024819795363968,-0.5792175044114656,-0.4250027818313107,0.2262323943661972,0.0815049303205618,23.65098424480588,1.402553063743339,3.442351589766555,3.9039310125154487,,2.566562684475612,1.9269357094968025,3.1145826317182417,0.8048261178140526
Batch_3,hzumfsms,16,2,0.19236444580163628,1.8181773175582874,2.2912319633600835,0.38925231297732094,0.30897396030267155,-0.23914119511577914,2.0405627603079295,0.10400961433409811,0.0925786608841881,17.701464796211884,1.5785217926658195,5.077704861613105,5.088977533838524,,2.285742491607678,1.8552697364409911,4.294938846089758,0.6808176100628931
Batch_3,hzumfsms,16,3,0.33339793239810556,0.8057687195740662,3.701607023565825,0.04894856707692925,0.11027775738507327,-0.24061210050464035,3.4797691786742355,0.08391054818919454,0.0672258016737021,24.06872546841442,0.60765077797465,2.387402276691717,5.730622213824751,,2.532660529888358,2.1499171661123198,6.15331211554672,0.8509454949944383
Batch_3,hzumfsms,16,4,1.1715922993105417,0.0,0.3383429094378982,1.489988407635861,2.0000763836156996,0.6293913152492352,-1.2474914320252224,0.019898874571847986,0.0557216348314091,27.510064098449345,0.6723094811029983,2.6542413038507338,3.136711427903589,0.0220588235294117,2.790414226375047,3.094730846306498,7.362463917257515,0.8581730769230769
Batch_3,hzumfsms,16,5,2.643902735884316,0.0,0.0,0.19732104851303975,2.1587762156026447,-0.15458639841006078,-2.4013394757434803,0.007829722538958571,0.0218920621587568,13.999720005599888,,,,,,,12.465783077651825,0.8310911808669657
Batch_3,hzumfsms,16,6,0.7679002979705084,0.029773194105480134,0.667415767864513,0.04217869164943019,3.4927320484100686,1.0924137996846137,-1.4629004053257755,0.00649659324988116,0.0175694116412113,15.745551881593448,,,,,,,10.36001930500132,0.8249097472924187
Batch_3,hzumfsms,16,7,0.38670375393669115,0.0,0.4395990896760994,3.2896715018045564,0.8840256545826534,0.8568630606192961,-0.1957656145835729,0.10750915750915752,0.0733637386199866,21.09037224507012,0.7956613316721303,3.586087041567477,5.366922917349496,0.7083333333333333,2.13181157463817,2.111829676110418,5.044947966556835,0.8166666666666667
Batch_3,hzumfsms,16,8,0.9254727474972191,0.0,0.0,0.0,4.074527252502781,1.2596218020022245,-2.5,0.0,0.001797075468382,8.787655102112549,,,,,,,12.402973425526614,0.7833333333333333
Batch_3,hzumfsms,16,9,1.6248407643312104,0.13121019108280255,3.2254777070063696,0.018471337579617834,0.0,-0.6724840764331211,2.4130573248407643,0.014927327484614377,0.0343340506306968,24.493080704700915,0.701186280473602,2.2392938336929222,3.0937967414726177,0.0607734806629833,2.23118161166454,1.9188699723188904,14.295947761852766,0.6957801766437685
Batch_3,hzumfsms,16,10,1.3901654411764703,0.0,3.6098345588235294,0.0,0.0,-0.5560661764705883,2.9147518382352944,0.041225165562913904,0.0285519340786227,17.495057646214942,0.4793534980515838,1.8781846229736388,3.7703739226989272,,2.669375191425936,3.281220628220716,15.806652053606769,0.8311688311688312
Batch_3,hzumfsms,16,11,0.773000853965915,1.419154228166165,0.08610253171972398,0.8942747323479369,1.8274676538002594,0.3168108207700919,-1.2141317221633632,0.20019393511988717,0.1140198249499103,35.150620408450195,1.3237397360183905,3.1849327164395285,4.842508576673857,,1.89257266838268,1.143369766168729,4.3525854385640725,0.7342759629449049
Batch_3,hzumfsms,16,12,1.0512795125462606,1.876440003532273,0.9702245402023563,0.37779270371450663,0.7242632400046025,-0.43053596898021645,0.0824531639269247,0.12897989761518291,0.0631085451158213,17.575310204225097,1.3144718623749323,3.09594920726406,4.143625859166543,,2.920592402075655,1.806656804919176,6.307158630678124,0.7821011673151751
Batch_3,hzumfsms,16,13,1.0585331933517852,0.0,0.4133455135459416,2.681782855896268,0.8463384372060045,0.4514786687209412,-0.5390903017329532,0.06865513589834098,0.0616394618520268,13.996046116971952,,,,,,,7.601348506296312,0.8181818181818182
Batch_3,hzumfsms,16,14,0.1440206496654488,0.0,0.6615373063916778,0.6961611965925786,3.4982808473502947,1.4809363183924538,-1.1596134421161939,0.07801706623323852,0.0591726587239105,19.244563410836435,0.5585191925620058,2.44821877225888,4.92334214054799,,2.4497332394252043,1.933254461162812,5.636798659958839,0.8240837696335078
Batch_3,hzumfsms,16,15,0.8435602908187622,1.3619983862177931,2.052883051484722,0.7106556095829937,0.030902661895729395,-0.45533160689617297,1.615651575127476,0.002471169686985173,0.0200007030124081,14.06024816338008,,,,,,,7.291493326784035,0.8163934426229508
Batch_3,hzumfsms,32,0,1.6427289048473968,0.0,2.172351885098743,1.18491921005386,0.0,-0.4201077199281869,1.3509874326750446,0.0019162332329592116,0.0051282523431601,14.731065976761744,,,,,,,13.636898474359924,0.8652482269503546
Batch_3,hzumfsms,32,1,0.0,0.0,0.10368587949480648,0.0,4.896314120505193,1.958525648202077,-2.34447118075779,0.0,0.007386430252798,3.607536143002733,,,,,,,43.068082728737934,0.853448275862069
Batch_3,hzumfsms,32,2,1.7014951586070783,0.4333466170212074,2.646978686653349,0.0,0.21817953771836548,-0.6799955717597265,1.687141338490627,0.0033514872224549644,0.0237757338411238,28.74285919591851,,,,,,,9.950502499874064,0.942211055276382
Batch_3,hzumfsms,32,3,1.7651668578268966,1.2176609619584096,0.09975465844676738,1.8973008972121232,0.020116624555803053,-0.5620921062576948,-0.7928870827445825,0.3759489826905557,0.1407234732613422,25.798842737625765,,,,,,,2.2314790936178146,0.7495049504950495
Batch_3,hzumfsms,32,4,0.041473290479092144,3.6829246440561243,0.47597834538213896,0.7884747666664611,0.011148953416183311,-0.5910197103030961,0.4496672234345012,0.08035973310124746,0.091116813723767,24.6071642000914,,,,,,,2.773107461017376,0.7803921568627451
Batch_3,hzumfsms,32,5,0.33690148446428875,0.0,4.030219004595653,0.0,0.6328795109400583,0.11839121059030777,3.5453285068934797,0.09638976515948125,0.0940614358809791,21.393806493020268,,,,,,,5.387098693135656,0.6152832674571805
Batch_3,hzumfsms,32,6,0.008603031544448997,0.9082343301925442,4.0831626382630075,0.0,0.0,-0.18508807865628843,4.078861122490783,0.10997442455242967,0.1153133916592657,15.11687231911717,,,,,,,10.953144524977963,0.8942528735632184
Batch_3,hzumfsms,32,7,2.0145184185325435,0.2896002343535765,1.7904481642151775,0.30228345629606895,0.6031497266026338,-0.5620108323834657,0.48161409164758884,0.0014776505356483192,0.0210424114839482,39.92523093116527,0.60765077797465,1.259040600296622,1.3110581167104949,,4.737248783181823,5.128655218710418,4.880317552124327,0.8103448275862069
Batch_3,hzumfsms,32,8,0.7726359555897511,0.0,0.5160473432950864,1.4465398277014656,2.2647768734136964,0.8861643326698709,-1.0026590712066374,0.009193054136874362,0.0721029885394969,29.362377618527656,,,,,,,8.309632964216892,0.8516483516483516
Batch_3,hzumfsms,32,9,1.9270897202911996,0.0,0.0,1.5693730093373153,1.5035372703714844,0.14445362189957675,-1.715313495331342,0.012210394489668128,0.0393606979536102,29.32578194448262,,,,,,,14.353148561607457,0.8673076923076923
Batch_3,hzumfsms,32,10,3.7438776955238424,0.0,0.0,0.2794149203594876,0.9767073841166695,-1.0509851404909718,-2.360292539820256,0.02467065868263473,0.0308241853981529,17.424638438752396,,,,,,,13.19103859976351,0.8561484918793504
Batch_3,hzumfsms,32,11,0.0,0.0,0.0,0.0,5.0,1.9999999999999998,-2.5,0.0,0.012882702379697,10.54518612253506,,,,,,,33.80872113377173,0.7857142857142857
Batch_3,hzumfsms,32,12,0.0,0.0,0.0,0.0,5.0,1.9999999999999998,-2.5,0.0007702973347712217,0.0090952230306864,10.54518612253506,,,,,,,40.66440242968868,0.793939393939394
Batch_3,hzumfsms,32,13,1.0349456531350127,0.04012713356258531,0.8995165773612873,0.05684677254699585,2.968563863394119,0.7767912119005244,-1.1022381809032784,0.006034904583265372,0.0259665621734587,24.381748519679547,,,,,,,8.369289097647423,0.8380462724935732
Batch_3,hzumfsms,32,14,1.0861666640565046,0.0,1.4974237702222288,2.2527524157048218,0.16365715001644401,0.08154667752493995,0.8725118631857545,0.07788986274185547,0.0431561742064747,35.150620408450195,0.6734754416539106,2.208234872952986,2.6075082298788184,0.6957403651115619,3.013026359425687,3.1961526973540644,5.25594901040716,0.7772727272727272
Batch_3,hzumfsms,32,15,0.0960286882045141,0.0,0.0,3.7205828755889936,1.1833884362064926,1.17906047431859,-0.6397085622055033,0.07695464806074287,0.1035713030334985,14.06024816338008,,,,,,,4.923895814718213,0.8648148148148148
Batch_3,hzumfsms,32,16,0.33463379318666286,0.0,0.0,0.0,4.665366206813337,1.732292965450669,-2.5,0.0,0.0031371928714541,17.575310204225097,,,,,,,11.55,0.8758169934640523
Batch_3,hzumfsms,32,17,5.0,0.0,0.0,0.0,0.0,-2.0000000000000004,-2.5,0.0,0.0004569580653098,3.51506204084502,,,,,,,32.623111892305865,0.2592592592592592
Batch_3,hzumfsms,32,18,1.6931818181818181,0.0,3.3068181818181817,0.0,0.0,-0.6772727272727275,2.4602272727272725,0.03607552258934592,0.0191570881226053,20.898641588296755,,,,,,,17.534786780207224,0.7459893048128342
Batch_3,hzumfsms,32,19,1.5982300884955751,0.1823008849557522,3.1938053097345134,0.02566371681415929,0.0,-0.6706194690265488,2.3946902654867257,0.00149860843502462,0.0496502513269359,38.66568244929522,0.3949327084834294,2.2792141940852035,3.0937967414726177,,2.5554418450354723,2.448157206899302,9.239588735436229,0.6661490683229814
Batch_3,hzumfsms,32,20,0.8444005743000719,0.0,4.155599425699928,0.0,0.0,-0.3377602297200288,3.7333991385498924,0.052664188351920695,0.0489648142289711,28.12049632676016,,,,,,,15.535298424004774,0.8912037037037037
Batch_3,hzumfsms,32,21,4.571129707112971,0.0,0.42887029288702927,0.0,0.0,-1.8284518828451883,-1.8566945606694563,0.02809388335704125,0.0083246255660048,6.966213862765585,,,,,,,27.270714590410613,0.5887850467289719
Batch_3,hzumfsms,32,22,0.2070234591095491,0.013641080639001298,0.3402245994668559,0.7197676078343627,3.7193432529502304,1.5461532229753447,-1.6229587565630337,0.049877063575693714,0.0545625505290168,35.150620408450195,0.8606450562914953,1.8424084523375248,3.216375491290344,,3.492518355405213,2.339800278405284,5.921465187483377,0.8013513513513514
Batch_3,hzumfsms,32,23,0.9512584997149549,1.8618282060042701,0.006065410200095355,0.9492366963149231,1.2316111877657565,-0.07037722671754883,-1.0853694335402604,0.2888495575221239,0.1734770993708038,49.21086857183028,1.297426710975151,3.110519163458522,4.842508576673857,,2.11049266917168,1.5147812508107168,3.6906977310268343,0.6959511077158136
Batch_3,hzumfsms,32,24,0.726721181746241,3.5571089422316007,0.0,0.7161698760221576,0.0,-0.858876285940385,-0.3633605908731205,0.13951509995746492,0.0666280009842173,28.12049632676016,,,,,,,4.17432629294836,0.7777777777777778
Batch_3,hzumfsms,32,25,1.4136437006201679,0.0,2.053464729702942,0.0,1.5328915696768894,0.047699147622688544,0.5801970945544133,0.10569105691056911,0.0595890892474252,10.54518612253506,,,,,,,12.70983870865402,0.7870563674321504
Batch_3,hzumfsms,32,26,1.8094417920083534,0.0,0.5938556450663719,1.562809906761401,1.0338926561638744,0.0023423270144884017,-0.827811579019742,0.0421644413211525,0.0717781260884709,20.898641588296755,,,,,,,7.625352445515008,0.8282097649186256
Batch_3,hzumfsms,32,27,0.0,0.0,0.1588858279163977,4.259165258016983,0.5819489140666199,1.0846126172300445,-0.13208862911691224,0.08732999284180387,0.0514077823473584,14.06024816338008,,,,,,,9.450059058488293,0.8032345013477089
Batch_3,hzumfsms,32,28,0.1726850071660782,0.0,4.080819379872059,0.01590519802845457,0.7305904149334079,0.22634320271262276,3.629181668822316,0.04737864077669903,0.0193240535695455,21.09037224507012,,,,,,,6.470896383036898,0.7521739130434782
Batch_3,hzumfsms,32,29,0.138474882617598,0.0,0.0,0.8277720760918634,4.033753041290539,1.7236656786875486,-2.0861139619540685,0.10764192139737991,0.0986590038314176,24.381748519679547,,,,,,,10.55461984156701,0.8468965517241379
Batch_3,hzumfsms,32,30,0.0,1.6061182900749007,3.376339970657454,0.0,0.017541739267644976,-0.3142069623079221,3.3675691010236317,0.003132691877377489,0.0125839221062251,10.54518612253506,,,,,,,8.850141241810777,0.8733624454148472
Batch_3,hzumfsms,32,31,1.2307256122271306,1.2499556999181798,1.4454615914438436,1.0368222280090542,0.03703486840179172,-0.5201029919119609,0.8115813511293823,0.0019073049780659929,0.0274174839185911,17.575310204225097,,,,,,,8.314046736899948,0.7821522309711286
Batch_3,kbdh4tri,16,0,0.9744844740431677,0.4734012677525475,0.21624007060900263,3.1280590548022147,0.20781513279306746,0.22426382090989314,-0.374909732809115,0.05801948524065726,0.0555045871559633,46.31691458092099,0.7057611870992575,1.4575004961645188,4.68141385307409,1.075127842437224,2.5665198339230253,1.8435905399619656,3.811823710509184,0.7846534653465347
Batch_3,kbdh4tri,16,1,0.16802216462597191,0.8430154616140852,1.4239431584592008,1.1833050317275895,1.381714183573152,0.5535347216015728,0.649074984359639,0.18109339407744876,0.0991177904863235,58.51842000265992,0.60765077797465,2.742042617386486,3.5776026223506463,0.7920362716889855,2.0511713221210197,1.1729649521969563,3.804339460437364,0.6886363636363636
Batch_3,kbdh4tri,16,2,0.3229665071770335,0.8406432748538013,1.2624047492468546,0.5245436824384193,2.049441786283892,0.6273701931596669,0.07620060251639194,0.11970669110907424,0.0999778339318171,83.34441636742473,0.4950743503369154,2.052271626144509,3.3804326518950334,0.9899615523505836,1.7272233495545128,1.3619742809887208,1.4534441853748634,0.6653125
Batch_3,kbdh4tri,16,3,1.096111460957179,0.15625,0.27904596977329976,3.422544080604534,0.046048488664987404,0.2332336272040301,-0.29203400503778343,0.13577668059248005,0.0565778925803865,44.5354947893471,0.4820437914901168,1.5273803422261252,5.026356102228281,0.8426967294215504,2.411425864290121,1.7432189166284138,2.342247782224898,0.7033333333333334
Batch_3,kbdh4tri,16,4,1.078826237054085,0.5983889528193326,2.09939585730725,0.392692750287687,0.8306962025316457,-0.14039125431530503,1.1446346375143845,0.07434981139567202,0.0309610759775541,37.40981562305157,0.5262410103554245,1.6631635250140442,2.409558533008141,0.8131601258868323,2.922152807106876,1.822965897080864,3.3864988847666675,0.6666666666666666
Batch_3,kbdh4tri,16,5,2.749557899871943,0.26922373315446063,0.07226050368924934,0.05030794560643942,1.8586499176779072,-0.4001463503872188,-2.2318434050856757,0.13839504960220017,0.0726116061533005,46.10542182027751,0.3928655858980926,1.8403781326126356,4.520211454582355,0.8696275136231372,1.9729095956937903,1.72803112680907,4.248867372653533,0.7241165530068195
Batch_3,kbdh4tri,16,6,2.3184184979260434,0.11340570117377105,0.03883152413732238,1.3524843350101488,1.1768599417527137,-0.2088076957020565,-1.7088076957020562,0.026205317389645082,0.0502327437159196,40.78556545639934,0.3826519928662906,2.5654634843509863,3.3996811567165297,0.5327140688247655,2.536194608619266,1.707410589582712,4.65570882488881,0.6734104046242775
Batch_3,kbdh4tri,16,7,2.775379498248469,0.14224549732847386,1.005095361098333,0.21743745798096312,0.8598421853437598,-0.7511765330313861,-0.8125154806977815,0.19624530663329162,0.1258617618241738,42.754074997773216,0.4800439128360535,3.3883988639407687,6.058408452378637,1.608457546597783,1.8621775266191976,1.3746856787029564,4.420689991392747,0.6255731023942944
Batch_3,kbdh4tri,16,8,1.3386458444753448,0.1417263878489678,0.017648946411380897,0.48935715049737943,3.012621670766927,0.7391164830463149,-2.1579848112097553,0.030336293783055582,0.0416362340785606,33.846976039903794,0.842514715711158,2.287170752803601,2.819254840912622,0.8761924535728425,2.611056051760625,2.024381938988536,5.041527452635334,0.695910780669145
Batch_3,kbdh4tri,16,9,1.6056572379367724,0.7619779000810615,0.628013140492342,1.5834719911259014,0.4208797303639234,-0.3096121848201718,-0.38525534365800584,0.3861679224973089,0.1039100944274504,33.692423637895104,0.7463526651802308,3.7099473011932727,5.025089379400143,0.4273874989801154,1.9610657174816517,1.613036152471126,1.8741664813991317,0.6828908554572272
Batch_3,kbdh4tri,16,10,0.16005771697306542,1.1038371098760154,0.38290936297563066,1.16769987174006,2.1854959384352286,0.8229478409576741,-0.7898674647285164,0.30263579127094226,0.082954293567407,46.10542182027751,0.5497134091967939,1.588463139892517,5.578634023861865,0.7781885430329978,2.037140932376816,1.4727009606268806,2.7459060435491964,0.757327080890973
Batch_3,kbdh4tri,16,11,0.9084980435436941,0.13946021872178188,0.7073342028694694,0.5081769840473563,2.7365305508176982,0.8049563559747163,-1.1151800943112269,0.04816955684007707,0.0442994566669635,71.25679166295535,0.5120522322729171,1.589189480985019,2.447568601281472,1.0693335146822216,2.2166289856601358,1.5529002689193498,3.157768163476592,0.6899155930697468
Batch_3,kbdh4tri,16,12,0.0,1.6830576665176575,0.317761883474892,1.4085084190135597,1.5906720309938907,0.5813589628967365,-0.47757413202205334,0.059900166389351084,0.0595973991271043,48.09833437249487,0.5322553886092406,2.2941225620718653,3.340173874327782,0.6806745843731089,2.145068805996168,1.223689060209466,6.668770501374297,0.7208939708939709
Batch_3,kbdh4tri,16,13,1.0437058361685423,0.35645119078775195,1.2601413242606647,2.010730175346768,0.32897147343627325,0.04496205181889544,0.573802669458257,0.18233618233618235,0.0846965465265771,53.19856363878175,0.5109694280868272,2.2011916079219374,4.515984323245096,0.6540272219561475,1.9857908532710071,1.6620486265041594,2.245551157288562,0.7924827951296982
Batch_3,kbdh4tri,16,14,0.8942056346209701,1.9071304095265755,0.8433778681382514,1.2772291606157422,0.07805692709846064,-0.45243973279117045,0.35724658727853603,0.059204764407076546,0.0608768896573125,60.29170545728598,0.4581390971351813,1.6984509050973982,3.493422539041983,0.9778193491502304,2.310022271585016,1.5580655527251626,1.9798989873223327,0.7376668601276842
Batch_3,kbdh4tri,16,15,1.5712682379349046,0.11098640728270356,0.37972315750093527,2.3275969572265867,0.6104252400548696,0.05898491083676256,-0.7111235814939518,0.018682258984597834,0.03553487129242,28.50271666518214,0.7481477406001241,1.709675009388136,3.4225434710991616,,3.275661547347065,2.112622813950964,4.950252518811541,0.7905346187554777
Batch_3,kbdh4tri,32,0,0.9821656050955415,0.40955414012738856,0.34331210191082806,3.253503184713376,0.011464968152866243,0.18050955414012726,-0.15350318471337582,0.037676935886761034,0.0699207268192749,49.87975416406875,0.8122103828117091,1.783124140587464,3.6209369245970495,,2.3968007844943857,2.2558592847504366,6.902399937373478,0.7488038277511961
Batch_3,kbdh4tri,32,1,0.9614133969217429,0.582050726208541,0.0,2.914589204422285,0.5419466724474312,0.29872100585302397,-0.7516800346845871,0.02653159671972986,0.0410884474926516,57.00543333036428,0.4258061758012171,1.169686503049897,2.967229592034234,,3.983428438223404,4.142188454987511,4.121194673485418,0.8234536082474226
Batch_3,kbdh4tri,32,2,0.02773801002147459,0.3382247673586256,2.4973156764495346,0.31675017895490337,1.8199713672154618,0.7125984251968503,1.5734609878310664,0.058124734832414086,0.0984642541924095,52.956751985878185,0.6955796338302048,2.6059219635318627,3.51250497344612,,2.839165770950569,2.124287258733827,4.767009018987418,0.6253776435045317
Batch_3,kbdh4tri,32,3,0.307980717728977,1.3466345295482949,0.35306195322263884,2.04784859846456,0.9444742010355294,0.39484020710587386,-0.2731655061596144,0.2634833390587427,0.0997773225260532,89.0709895786942,0.4820437914901168,1.767636366546471,3.5776026223506463,1.183793641576253,2.559452409212115,1.7533825414497328,2.23606797749979,0.7522796352583586
Batch_3,kbdh4tri,32,4,0.06753417888321528,0.6510459561851425,2.294103113160929,0.812057321693296,1.175259430077417,0.47529237357931137,1.6727063086806127,0.11235955056179775,0.1081499955464505,124.69938541017189,0.4652426491681278,1.8045828003620876,3.0246034663939247,0.8158724599719468,2.125920469339423,1.9111617471286224,1.520690632574555,0.6425389755011136
Batch_3,kbdh4tri,32,5,0.6203259827420902,1.061361457334612,0.0613614573346117,0.18983700862895497,3.0671140939597317,0.8044103547459248,-1.7823585810162992,0.09073543457497613,0.0918799646954986,74.13945278022946,0.461809077155419,2.010605768054529,3.3757212452126,0.6766809728183119,2.463244264566128,2.222186874574628,1.4508618128546908,0.6939068100358423
Batch_3,kbdh4tri,32,6,0.889280415430267,0.30044510385756673,0.6574554896142433,3.1528189910979227,0.0,0.21476261127596435,0.21281528189910975,0.09988860007426661,0.0480270775808319,53.44259374721652,0.5262410103554245,1.2585776764113303,3.2897623212397704,,2.5781429376529204,2.4517874917778477,10.47908559802132,0.6373493975903615
Batch_3,kbdh4tri,32,7,1.24863238512035,0.04991794310722101,0.0,3.6214442013129102,0.0800054704595186,0.24685448577680516,-0.6643189277899343,0.12125923047026817,0.0651287075799412,42.754074997773216,0.3762127654831625,2.243520626190337,3.800226248022424,,3.7019014017564023,3.0777950587059038,1.85,0.7850746268656716
Batch_3,kbdh4tri,32,8,0.9943181818181818,0.3721590909090909,0.9374999999999999,0.3778409090909091,2.318181818181818,0.5306818181818179,-0.7187499999999999,0.01767275615567911,0.0156764941658501,28.50271666518214,,,,,,,5.526707691191264,0.639080459770115
Batch_3,kbdh4tri,32,9,1.1074730354391373,0.6750770416024654,2.493258859784284,0.3977272727272728,0.3264637904468414,-0.3678736517719568,1.7762904468412948,0.07066296149265582,0.046245657789258,49.87975416406875,0.500604477892294,2.0017705054650925,2.1807222885057675,,3.028120270912833,2.394487848113609,3.35,0.6817610062893081
Batch_3,kbdh4tri,32,10,2.7344022307424187,1.5388637155803417,0.09062391077030325,0.07668177065179504,0.5594283722551412,-1.162425932380621,-1.5562913907284768,0.07185854025583145,0.0251456310679611,52.956751985878185,0.3699638510165959,1.0747702225875513,2.226941406221425,,3.2861078145390885,2.52260429440771,4.673221526842267,0.7333333333333333
Batch_3,kbdh4tri,32,11,2.7527716186252773,0.0,0.06836659275683667,0.044715447154471545,2.1341463414634148,-0.23850702143385086,-2.375092387287509,0.21109969167523124,0.1205130488999732,46.31691458092099,0.4259537945889915,3.70078380959008,4.517393806526371,0.6760828625235404,2.516922905058756,3.001654249229636,3.643861009239042,0.7185978578383642
Batch_3,kbdh4tri,32,12,2.7192982456140347,0.0,0.04500381388253241,2.2044241037376047,0.03127383676582761,-0.6343249427917621,-1.3302822273073986,0.022389666307857912,0.058386033668834,49.87975416406875,0.4807155728327877,2.28874180610714,2.9354128532448747,,2.9576358520268693,2.8692233786428507,5.0916352966974605,0.676
Batch_3,kbdh4tri,32,13,1.7682160804020102,0.26905360134003353,0.030360134003350085,0.18320770519262983,2.749162479061977,0.37520938023450584,-2.2283291457286434,0.03171641791044776,0.042153574580759,38.83495145631067,0.3826519928662906,2.098906578384008,2.8596120324375445,,3.634710942335936,3.402546401733264,8.695746076184026,0.6698630136986301
Batch_3,kbdh4tri,32,14,3.0712303422756713,0.1209706112573828,0.2565288550487441,0.17896534547783396,1.372304845940369,-0.6679712516900314,-1.9652387390592763,0.09733550842849374,0.1251714616549389,57.00543333036428,0.4800439128360535,2.450856330901783,5.016530633983061,,2.319267835332957,1.9610664484359177,4.334166586553867,0.6075174825174825
Batch_3,kbdh4tri,32,15,2.482756193693694,0.1632882882882883,1.7454954954954958,0.25548986486486486,0.35297015765765766,-0.8334740990990993,0.3276323198198199,0.25092764378478666,0.1265520619934087,39.19123541462545,0.6603669768180366,3.3968711153298727,4.084046772017998,,2.505417495747464,2.5256164810001898,6.515558303015943,0.6507936507936508
Batch_3,kbdh4tri,32,16,3.7843967342001816,0.010583610523132751,0.049894163894768674,0.13153915935893562,1.0235863320229817,-1.0801330511037197,-2.354097369216813,0.00029069767441860465,0.0294557762536741,32.06555624832991,,,,,,,5.707286781083242,0.6
Batch_3,kbdh4tri,32,17,0.0,0.21350546176762664,0.0,0.6852035749751738,4.1012909632572,1.734856007944389,-2.0506454816286,0.04588968241908525,0.053816691903447,49.87975416406875,0.9227200285352566,1.948160991200208,2.5538538658086667,0.4018126888217523,2.1561619316860945,2.125318426526759,8.899409228659193,0.737186477644493
Batch_3,kbdh4tri,32,18,0.2315683162602799,1.2884143702207473,0.38594719376713316,2.3824123503102004,0.711657769441639,0.41083537729043423,-0.08566584908382635,0.595216606498195,0.1223477493380406,42.36540158870255,0.7517063176808688,3.393355687394494,4.783981690664644,,2.540566427048574,2.127503377267291,0.8845903006477066,0.7437238493723849
Batch_3,kbdh4tri,32,19,3.594549441369949,0.0,0.9783857157773833,0.4270648428526678,0.0,-1.352406807977446,-0.8188890049075911,0.07066666666666667,0.0853032867195154,35.628395831477675,1.0398882357560633,2.279990665963136,4.157047476384892,,2.7607510788613667,3.7946778202003753,7.993621821784573,0.6282527881040892
Batch_3,kbdh4tri,32,20,0.1061229740159506,0.0,0.7692307692307693,1.962953434525341,2.1616928222279395,1.2148186261898635,-0.36467712889117576,0.1424784625579854,0.0692437872984768,57.00543333036428,0.5328261271137169,1.588463139892517,3.852221033882703,,3.162703750763758,2.823580519462883,1.795132307101624,0.78125
Batch_3,kbdh4tri,32,21,0.19839093070031086,1.8883708173340648,0.10833790455293474,0.602486743463156,2.202413603949534,0.5444322545255074,-1.0920643627719877,0.2538957972611365,0.0965401588702559,45.89585172109443,0.4652426491681278,3.1400929187668747,4.035040356464963,,2.5056325475546117,1.8000881484731834,3.451557604008657,0.7342497136311569
Batch_3,kbdh4tri,32,22,0.11230623220499843,0.1803226826953496,0.20563112938943373,1.2179689971527998,3.283770958557419,1.4761151534324581,-1.492407465991775,0.005203816131830009,0.0279771978266678,99.7595083281375,0.3470330458690123,0.9545947354332058,1.9331213267143124,0.4879461041096349,3.1441242431925422,2.667922570190776,2.328626204439004,0.6988095238095238
Batch_3,kbdh4tri,32,23,1.2782838671760213,0.12048192771084339,0.9403467528651192,0.17851895386423747,2.4823684983837793,0.49324125771378186,-0.9399794299147811,0.0693498452012384,0.0606217155072592,74.81963124610313,0.7247146419131152,1.599753570059363,2.447568601281472,0.8324454917459388,2.6012299672356853,2.4211772904122104,3.959608548388435,0.6828225231646472
Batch_3,kbdh4tri,32,24,0.0,1.7841503037152144,0.6024862268682019,0.14055657578754066,2.4728068936290444,0.6604040118660829,-0.6339172199463203,0.02501302761855133,0.0628752115436002,49.87975416406875,0.6479764197616622,2.1051166363540585,2.9763340088933057,,2.39897357558123,1.3550951755287188,6.650751837198559,0.7346570397111913
Batch_3,kbdh4tri,32,25,0.0,1.5702349046192652,0.0,2.8235850543906666,0.6061800409900678,0.49314204635030734,-0.3030900204950339,0.10865561694290976,0.0563195867106083,49.87975416406875,0.4308535393297725,1.9529302455076687,3.340173874327782,,2.911216176982613,3.02534228474074,6.910363462062807,0.7022058823529411
Batch_3,kbdh4tri,32,26,0.9791863765373697,0.016713970356354458,1.3806370230211287,2.243771680857773,0.379690949227373,0.2056133711762849,0.7011983601387572,0.33346243222308286,0.1399382171226831,45.89585172109443,0.7290936221960322,3.60771332822288,4.515984323245096,,2.4790019192748654,1.8449815633989528,1.452540354992797,0.8170173833485819
Batch_3,kbdh4tri,32,27,1.3584615384615384,2.013846153846154,0.6723076923076924,0.8738461538461539,0.08153846153846155,-0.7387692307692308,-0.04769230769230759,0.045484508899143045,0.0289480716130756,67.69395207980759,0.4222008245644753,1.0045772716608816,2.0981481658648,,2.9633441695402643,2.7949932551943006,3.3105890068401416,0.7587939698492462
Batch_3,kbdh4tri,32,28,0.4072285143237841,3.1395736175882742,1.1833777481678878,0.09077281812125247,0.17904730179880077,-0.7010326449033977,0.8902398401065954,0.04577742699289661,0.053478222143048,71.25679166295535,0.4195880154062386,1.1584363264042188,3.493422539041983,,3.017785426598956,2.567518877891691,2.133540710851422,0.7537128712871287
Batch_3,kbdh4tri,32,29,1.2705973223480949,0.9545571575695161,0.5805870236869207,2.1942584963954688,0.0,-0.26029866117404754,-0.05471163748712671,0.06299212598425197,0.0682082965578111,56.48720211827007,0.8617474696702598,1.849364112145324,3.2752165064914025,,2.5684483882365763,2.000272174923245,1.978004044485248,0.721978021978022
Batch_3,kbdh4tri,32,30,0.6673600277344428,0.01993413069856128,0.4203501473392269,3.2353960825099675,0.656959611717802,0.6389322239556247,-0.2418096723868956,0.032532532532532535,0.0512069119087913,39.19123541462545,0.6651697090182843,1.4560026929865364,3.4225434710991616,,3.2074723589604277,2.6083235302333896,5.334592010152256,0.7360912981455064
Batch_3,kbdh4tri,32,31,3.8888888888888893,0.34444444444444444,0.27555555555555555,0.0,0.4911111111111111,-1.4280000000000002,-1.9144444444444448,0.0003315649867374005,0.0198628306760488,21.377037498886608,,,,,,,4.767009018987418,0.8772727272727273
Batch_3,mgxahqnk,16,0,0.30851167473127006,3.886545938716886,0.4909302734092459,0.14519976499971954,0.1688123481428778,-0.8041489653787901,0.25226826197217195,0.33947312058256585,0.0685664173926451,21.20114100686145,1.0509687459947388,3.1009904323638797,5.066724022553697,,2.440315605940575,1.4392433495020691,2.115477772786049,0.6851674641148325
Batch_3,mgxahqnk,16,1,3.201136805410185,1.4235166205992045,0.1560544179906612,0.14279489227903636,0.07649726372091234,-1.5060001623397432,-1.4827626165748877,0.0875643855776306,0.0235409232186025,21.104332143816425,0.3337790589062273,2.092070967971001,3.1665061842335644,,3.978303596156639,1.938759254061526,4.491102314577124,0.8041825095057035
Batch_3,mgxahqnk,16,2,3.1052378247631136,0.8461407330103937,0.6645373327612771,0.31191870688537554,0.07216540257984018,-1.3200733740983133,-0.9241642809101998,0.14769166492584082,0.0704021334561221,21.104332143816425,0.8667244841319219,2.4747287144606647,5.586046736521008,,1.9110753274556167,1.3444032090791975,5.023046349931978,0.7380952380952381
Batch_3,mgxahqnk,16,3,0.020349508157742963,0.0,0.0,0.7328580830656213,4.246792408776636,1.8371487768606811,-2.1335709584671894,0.12386545648691938,0.0471098990054737,7.709505820676892,,,,,,,14.198987609875823,0.6953352769679301
Batch_3,mgxahqnk,16,4,0.4233244403645161,3.3529839257198044,0.3068361111907973,0.0,0.9168555227248822,-0.47318435219981436,-0.36325387035390194,0.0492540587977183,0.026486970935163,30.838023282707567,0.5878430765706286,1.4633857648625108,2.886754721186343,0.8246290192159305,2.6693632448338414,1.9701448911502624,6.621093184595614,0.7641975308641975
Batch_3,mgxahqnk,16,5,2.0281462500703586,2.6723659628987337,0.2764502649516064,0.023037522079300533,0.0,-1.3411241881920302,-0.7376228600835729,0.09453748630458601,0.0188308199992325,17.26718084494071,,,,,,,17.65754087601861,0.7825311942959001
Batch_3,mgxahqnk,16,6,1.688104795177432,2.997853771083666,0.1136669690563078,0.09180793654547938,0.1085665281371145,-1.213024473723764,-0.7846686926009654,0.020200783545543586,0.0330762441963086,23.02290779325428,0.5399946217895957,2.453469621019447,3.400617321172307,,2.6956697194367805,2.4091291623741307,6.799797764044572,0.8237762237762237
Batch_3,mgxahqnk,16,7,1.1246541396139254,3.7140795981605033,0.07294021754372147,0.042168563267463974,0.04615748141438624,-1.1657808702584236,-0.5124655929704343,0.09792035810873823,0.042397463572585,23.12851746203068,0.3976553126353643,2.020697018278236,4.631511980976153,,2.358909188825407,1.8679354478527332,5.673292674407787,0.665158371040724
Batch_3,mgxahqnk,16,8,1.1051640815806543,0.0,0.46104099650833186,2.1195079145035813,1.3142870074074322,0.5075507532314273,-0.7486845479857115,0.0026147326661256874,0.0150672654382854,28.910646827538343,0.4478115991081385,1.1004549194423758,2.157979062657666,0.4763513513513513,2.777301279914301,3.667741382405121,12.1701479037849,0.5912017167381974
Batch_3,mgxahqnk,16,9,2.242087464685387,0.996526418127467,1.4301269835695942,0.06336622626586477,0.2678929073516868,-0.9763098613058006,0.17513679755105716,0.4708557255064076,0.1234219715283373,36.45293733931928,0.9009385160867897,3.437656909922468,4.333255148959245,0.3816371681415929,1.6413189857053396,1.3094867192283888,2.8151376520518494,0.6221294363256785
Batch_3,mgxahqnk,16,10,0.06868586672576872,0.8749423957684371,1.086366818340917,1.7461886607843904,1.2238162583804866,0.6363014096650778,0.4401157557877893,0.09563409563409564,0.0744023636852001,23.02290779325428,1.8382367482630968,3.1682736084186005,3.780491223326964,,2.6714686262105296,1.0586298832895231,3.252691193458119,0.7975986277873071
Batch_3,mgxahqnk,16,11,0.03346650363709956,1.0982056090776986,1.2156285193967582,2.107965064058676,0.5447343038297672,0.4064590110732624,0.9265281156633248,0.2601423487544484,0.2093564490016189,19.27376455169223,1.397716123450015,5.775779383177143,8.0532999019003,,1.91741690759948,0.8870966798258032,2.559785147234041,0.8506224066390041
Batch_3,mgxahqnk,16,12,1.221880615438192,0.0,1.1994225517288957,1.015871619301005,1.562825213531908,0.3395521630976872,-0.1929303627561545,0.3856219976809674,0.1369449155809112,28.910646827538343,1.034176589165282,4.757655979431879,5.283839524169927,0.4187829420220412,1.8621169089830365,1.8767919601669545,2.851929123155459,0.6381617219313555
Batch_3,mgxahqnk,16,13,0.011205138352716677,0.8668485755420816,3.2617994624043143,0.8601468237008879,0.0,-0.005822405709325417,3.256196893227956,0.139259877573734,0.1001592417789033,19.18575649437857,1.0122542728294677,2.9400448833679795,6.9836552578918445,0.3022794846382557,1.7159596757165885,1.0211139825143962,8.450088755065838,0.7764227642276422
Batch_3,mgxahqnk,16,14,0.36752006853005786,0.14813308884629886,1.8830863790588566,0.1432578226311042,2.4580026409336826,0.8352179757184109,0.4703250243269863,0.01532567049808429,0.0253635700855684,32.61578604044357,0.5499039842323395,1.6558692914552833,2.521870640209791,0.7449097900441163,3.108653274156843,2.209435715118793,6.945052148401395,0.8526048284625158
Batch_3,mgxahqnk,16,15,0.0,0.0,0.3363714041583595,0.7373967530618057,3.926231842779835,1.7179720877242948,-1.626744517231558,0.07731887081073564,0.0845877341762393,21.20114100686145,0.5917270272703198,2.843985620204526,5.973486271952329,,1.7175681249286132,0.6530186012009074,15.181485392365566,0.8115631691648822
Batch_3,mgxahqnk,32,0,0.15624970375833502,3.809881105185224,0.6305515688010602,0.18649479278251027,0.21682282947286993,-0.7004480121947285,0.44401530218545776,0.3053097345132743,0.1066995605581682,34.692776193046015,,,,,,,1.5660459763365826,0.6932989690721649
Batch_3,mgxahqnk,32,1,0.843888537048765,4.156111462951235,0.0,0.0,0.0,-1.1687777074097527,-0.4219442685243825,0.2400312744331509,0.030433274227122,15.419011641353784,,,,,,,27.86485463533437,0.6604477611940298
Batch_3,mgxahqnk,32,2,3.4047118709247277,1.4007957411804595,0.11300116391653935,0.0,0.08149122397827356,-1.6094474070146734,-1.6301003835349612,0.1871069182389937,0.0441653934300993,15.278838808250567,,,,,,,6.283659363187985,0.7866666666666666
Batch_3,mgxahqnk,32,3,0.08278289966712561,1.771554052876488,0.8155422715627669,2.3301207758936195,0.0,0.07860018473657603,0.7741508217292041,0.0,0.0027272376840644,26.983270372369127,,,,,,,5.679808759825172,0.847682119205298
Batch_3,mgxahqnk,32,4,2.7985204808194637,1.075600250712486,1.125879268468051,0.0,0.0,-1.334528242470283,-0.2733809719416809,0.10182275298554368,0.083474674273379,23.12851746203068,,,,,,,2.9300170647967225,0.7054597701149425
Batch_3,mgxahqnk,32,5,3.5470470553583704,0.515617093019089,0.0,0.761220210756684,0.1761156408658556,-1.2992519422494873,-1.861581348112113,0.09060612372422412,0.0574484339190221,26.737967914438496,,,,,,,12.062327715331213,0.7854166666666667
Batch_3,mgxahqnk,32,6,0.0,0.0,0.0,0.8109790605546123,4.1890209394453874,1.8378041878890772,-2.0945104697226937,0.09678584326471651,0.0851418549071004,11.56425873101534,,,,,,,24.3350544447003,0.7112403100775194
Batch_3,mgxahqnk,32,7,0.21124959695800583,0.0,0.0,0.0,4.788750403041995,1.8310003224335953,-2.5000000000000004,0.01929824561403509,0.009077943103847,11.56425873101534,,,,,,,18.05713155435402,0.6547619047619048
Batch_3,mgxahqnk,32,8,3.0249195427431315,0.40245710654522354,1.21372590552849,0.0,0.3588974451831556,-1.1469002603330354,-0.47818258843465355,0.001034126163391934,0.0074107624701256,23.12851746203068,,,,,,,7.895061575938684,0.7962962962962963
Batch_3,mgxahqnk,32,9,0.0,3.8330855808027184,0.15926948396687193,0.0,1.0076449352304098,-0.36355914206837975,-0.344552983648333,0.08479420731707317,0.0455631794002004,38.54752910338446,0.6966513361300688,1.825468246545054,2.886754721186343,,2.57825486155065,2.558069253879939,8.268660648032325,0.7525252525252525
Batch_3,mgxahqnk,32,10,0.2471967603120736,4.360218486512962,0.35499685127523345,0.0375879018997306,0.0,-0.9634048210474755,0.23139847111919665,0.16173262698660018,0.0229755538579068,19.09854851031321,,,,,,,12.582975268541018,0.7605633802816901
Batch_3,mgxahqnk,32,11,4.8479120361715236,0.0,0.15208796382847606,0.0,0.0,-1.9391648144686096,-2.2718680542572858,0.026729559748427674,0.014648061059286,15.419011641353784,,,,,,,18.11553200985276,0.8050541516245487
Batch_3,mgxahqnk,32,12,4.685665607192966,0.02720270308965438,0.0,0.2871316897173782,0.0,-1.8222804455516417,-2.342832803596483,0.019340578375391416,0.0212493254182406,23.12851746203068,,,,,,,11.420332659613836,0.7592592592592593
Batch_3,mgxahqnk,32,13,0.2791626242856903,4.3941475670007115,0.16709380380105315,0.0,0.15959600491254436,-0.9266561611494006,-0.05228551079806415,0.0,0.0447956455309396,26.737967914438496,,,,,,,5.73149195236284,0.8814432989690721
Batch_3,mgxahqnk,32,14,0.2875667154011452,4.63099190157428,0.04622348766259658,0.0,0.03521789536197835,-1.0271379083305228,-0.11516881771896519,0.19373818028997689,0.0658199059440289,26.983270372369127,,,,,,,6.433894480619734,0.7418181818181818
Batch_3,mgxahqnk,32,15,4.035727072100715,0.5254059773112252,0.16585088248967356,0.1888148508343976,0.08420121726398812,-1.6479285672300557,-1.8941132621926782,0.021462105969148222,0.018975021201141,34.692776193046015,,,,,,,4.400099428608426,0.6119791666666666
Batch_3,mgxahqnk,32,16,4.027350992800995,0.0,0.0,0.656745910843772,0.3159030963552321,-1.3532299764095512,-2.1716270445781136,0.0,0.005820676894611,38.54752910338446,0.403141395388475,0.5753686796000823,0.6506551687525749,,3.7347741073546,6.337235972140906,13.67574495135836,0.498371335504886
Batch_3,mgxahqnk,32,17,0.4082535095477136,0.0,0.5709943822324087,2.4683611315255165,1.552390976694361,0.951327213163762,-0.4093278608886286,0.004014049172102358,0.0243138539819597,30.838023282707567,,,,,,,7.63025224365174,0.6368
Batch_3,mgxahqnk,32,18,3.6550063006657867,0.40846835941246706,0.6798889693698342,0.25663637055191185,0.0,-1.4923689180384259,-1.1476141809630591,0.25808249721293197,0.0607238349885408,30.557677616501135,,,,,,,14.650213308468242,0.583916083916084
Batch_3,mgxahqnk,32,19,1.7788429476040184,1.1893291924186125,1.6761026459599242,0.0,0.35572521401744456,-0.807112931918352,0.6088185651491926,0.4922322158626329,0.1866953203299668,53.96654074473825,0.8602356121550393,3.728503397651615,4.333255148959245,,1.9107995272214964,2.196679492130208,0.97082439194738,0.6383928571428571
Batch_3,mgxahqnk,32,20,0.2504129411634286,1.633534887215637,2.056194486973723,0.0,1.059857684647211,-0.002929080049614494,1.4010591740684033,0.0821917808219178,0.0410434816128286,30.838023282707567,,,,,,,3.311929171419763,0.7696737044145874
Batch_3,mgxahqnk,32,21,0.0,0.5882235184192872,0.7198091427672251,2.4061810257296,1.285786313083888,0.8779060266956177,0.07691598622528106,0.11533532678342588,0.1074579831932773,19.09854851031321,,,,,,,3.7476659402887016,0.8201550387596899
Batch_3,mgxahqnk,32,22,0.005869247424659774,1.3717484686095855,1.0851715721218826,2.2782097733979407,0.25900093844593103,0.2825449373661795,0.9527364791865872,0.3641398407753548,0.3189615295659548,15.419011641353784,,,,,,,1.9525624189766635,0.8836206896551724
Batch_3,mgxahqnk,32,23,0.12161485912460576,0.22448276368059644,1.632320862855781,1.5641866882960815,1.4573948260429355,0.8022527716904286,0.8428160202720104,0.019310593755639777,0.0997513684372831,30.838023282707567,,,,,,,4.43846820423443,0.8221925133689839
Batch_3,mgxahqnk,32,24,1.3231555528124825,0.0,0.503811891809282,0.8872141448518888,2.285818410526347,0.5625079720559233,-1.300675089860133,0.403934829388257,0.1719123429188189,30.838023282707567,,,,,,,1.5,0.6481687014428413
Batch_3,mgxahqnk,32,25,1.051201429669607,0.0,2.3717388633968133,1.232698739132847,0.3443609678007339,-0.03619643692098004,1.6739576646616428,0.3204022988505747,0.1019774882430036,38.54752910338446,0.7759894810019141,2.505317210268984,4.628418233065062,,2.5602446727524746,3.239778936526937,4.313930922024599,0.6254589963280294
Batch_3,mgxahqnk,32,26,0.018218451680504257,0.09458089808602209,3.5116769462529156,1.3755237039805581,0.0,0.24890118050670543,3.5025677204126633,0.054519368723098996,0.1225458365164247,19.09854851031321,,,,,,,2.7225906780123967,0.9102040816326532
Batch_3,mgxahqnk,32,27,0.0,2.100697081488715,2.8625713590970343,0.03673155941425076,0.0,-0.41279310441489275,2.8625713590970343,0.1722581910927997,0.0775672654382854,23.12851746203068,,,,,,,9.502170802562205,0.6878378378378378
Batch_3,mgxahqnk,32,28,0.0,0.46663367606898704,0.0,0.3395648906728249,4.193801433258188,1.6521068162240424,-2.096900716629094,0.00040279269602577875,0.0135783671266671,23.12851746203068,,,,,,,9.09574076147732,0.8686440677966102
Batch_3,mgxahqnk,32,29,0.5029217810777706,0.030791129453741056,2.576852903481964,0.07093438923498899,1.8184997967515357,0.5342598582257554,1.416142114567311,0.04695503699487763,0.0370416348357524,45.83651642475171,0.3905271167799332,1.5702345435099407,2.521870640209791,,3.990051731204393,3.5188200767929576,5.299917440497568,0.8440366972477065
Batch_3,mgxahqnk,32,30,0.0,0.0,0.10822942643391523,0.01346633416458853,4.878304239401497,1.954014962593516,-2.330922693266833,0.01526426254531578,0.0966097448153573,15.419011641353784,,,,,,,17.561232138328567,0.9065743944636678
Batch_3,mgxahqnk,32,31,0.0,0.0,0.6401062416998672,1.701195219123506,2.6586985391766267,1.4037184594953518,-0.6892430278884462,0.062051282051282054,0.0725657235371212,30.838023282707567,,,,,,,12.8304325592837,0.7686335403726708
Batch_3,pl8uabbv,16,0,0.9415153704816137,0.14438643085381742,0.2908160659178303,0.7154620076034679,2.9078201251432705,0.9007370172145924,-1.6338516818946118,0.018929562337778573,0.0593382542964207,35.53430675797906,0.4183260964180587,2.48010829909188,5.166264023112916,0.7206357026987705,1.7481860211815787,1.5429728104763023,4.762759151464611,0.7067729083665338
Batch_3,pl8uabbv,16,1,3.0716058819668834,0.7628489474151542,0.11846163943033404,0.10819251898436082,0.9388910122032668,-0.9840172335916059,-1.8867868076547412,0.10743249689915084,0.0548668724676828,40.19551096533539,0.5440847306724618,2.3824502016443287,3.654624854109086,1.2714118206981455,2.1078797893534764,2.0199217564494987,6.415976153056039,0.6161904761904762
Batch_3,pl8uabbv,16,2,3.1024395636632685,0.5381592324149894,1.0098722738889445,0.04997192872424902,0.29955700130854773,-1.2187904856800367,-0.6911260085969635,0.155291652113168,0.0733970030227024,46.62679271978904,0.5527906391541368,1.8236679639959965,5.342252745353656,0.9131571678125738,1.7808897870998597,1.456020087506862,3.9223717314910376,0.7144385026737968
Batch_3,pl8uabbv,16,3,1.2291881850555753,0.5330907857616354,1.3100266699554473,0.4485138822513759,1.4791804769759662,0.0830815360661044,-0.044157661060323594,0.03667481662591687,0.0552033531464013,40.379894043158025,0.7673807981960539,2.169653358179322,3.671136143079101,0.7871573186396701,2.377384949236998,1.1754688982383623,4.281165122966966,0.7855641205325858
Batch_3,pl8uabbv,16,4,1.729431545356382,1.3477113516144978,0.04186767690956603,0.0,1.880989426119554,-0.2089191180176308,-1.763342808828402,0.02799363355491059,0.0661664943791187,27.458327949347456,0.6128667601500942,3.2572219271386635,3.566463661935206,,2.278866133938493,3.1828459827870863,9.560504692977448,0.7013888888888888
Batch_3,pl8uabbv,16,5,0.30106135167544684,1.8013104300474143,0.4655120644125422,2.0086867271482483,0.42342942671634787,0.09042248943652711,0.1032666752166449,0.03995645073489385,0.0463373850408386,24.11730657920123,1.1012541334134651,2.385767030302599,3.948924071711674,0.3386702245941739,2.1676704282792274,1.0658984863150005,4.512731987731416,0.7491319444444444
Batch_3,pl8uabbv,16,6,1.5205381712120047,0.017867391711590148,0.0706187386696182,2.0428384523584735,1.3481372460483136,0.33603384206389997,-1.363718969960541,0.08710728170642008,0.0473060968551032,24.11730657920123,1.4082153922340916,2.522134500331405,2.8768136958757964,,2.6747213346478493,1.7152230099968524,5.771427447356049,0.6836569579288025
Batch_3,pl8uabbv,16,7,1.4352022885524118,0.0,3.3142064874493786,0.2200801168846554,0.030511107113554498,-0.5178604491986121,2.5813497896163957,0.0591016548463357,0.0404162359477968,27.458327949347456,1.0372499290437251,1.807135477544784,3.289278497085196,0.4965365335354506,2.78762026532213,2.503205566327445,6.610067989710412,0.7383419689119171
Batch_3,pl8uabbv,16,8,0.6770839674210789,1.693957803235978,1.997467707179294,0.04017579955928366,0.5913147226043658,-0.36506409866202416,1.3632683621665715,0.17474364377019244,0.0553123788603178,38.764698281431706,0.5574674614828845,2.086158818534304,3.878162209369808,1.0050137780663275,2.7310503326895765,2.1098254284152773,3.279633695308536,0.7376425855513308
Batch_3,pl8uabbv,16,9,2.0379195005231736,0.3152024219855974,0.6685032236720626,0.04823967501692621,1.9301351788022405,-0.0965062780821075,-1.3155241159906446,0.14611934212314803,0.0734572962891504,33.76422921088172,0.5108953969950292,2.734428500885924,4.076245338395848,,2.3784669264518223,1.6173316571169127,6.316050981428191,0.7390438247011952
Batch_3,pl8uabbv,16,10,1.1133172875408883,0.0,2.8114522489708835,0.0461260881879581,1.029104375300269,-0.024459947258656186,1.7402414175503047,0.08524984948826009,0.0449225030548588,30.54858833365489,0.7399277020331919,2.51997378990129,3.266945130200767,0.6905604251975517,2.7347721463230927,2.9308446990639183,6.200131046256437,0.7429752066115702
Batch_3,pl8uabbv,16,11,0.28113120174031037,1.359832861281325,2.9742507296165073,0.09272321957418396,0.2920619877876735,-0.24904961392248298,2.687654134852515,0.061988431736330896,0.0625080759788086,20.99754490244217,0.955797768017628,1.540070139626886,6.0302339421979525,,3.1177960350986003,1.8233705393074933,5.410983965767553,0.7676470588235295
Batch_3,pl8uabbv,16,12,2.9922190662879546,1.5460255230627675,0.03192383085970316,0.0,0.42983157978957476,-1.3341600992119056,-1.6791014921790615,0.010730044123545928,0.0177550394107765,24.22793642589481,0.6128667601500942,1.6221386505888398,2.016928443308995,0.806930693069307,3.375031979390487,4.432061864557336,11.472249125607412,0.7726130653266332
Batch_3,pl8uabbv,16,13,0.8124829247293698,1.2069956522408838,0.016327404177837377,0.9773337689469638,1.9868602499049464,0.4238185534114464,-1.3833441831393207,0.22661382834497862,0.1305710978197954,24.11730657920123,0.9304852983362556,4.44213500449795,5.868385347454981,,1.9997001704620747,1.4964487632314707,4.449606408115701,0.5738993710691824
Batch_3,pl8uabbv,16,14,1.218051330579568,1.1389283762763034,0.4639724986339342,0.009069421269593364,2.1699783732406015,0.15479902606307122,-1.2300423532761506,0.1433233147273508,0.0842980255965013,20.9016657019744,1.6458484533589537,3.3305881582448604,5.352669694218298,,2.224665963712565,0.9333477696553713,5.338913736724666,0.8397185301016419
Batch_3,pl8uabbv,16,15,0.04839281777829386,0.7156458166452424,0.613262961373741,2.2948237964390077,1.3278746077637158,0.8276283119529217,-0.07487075139726385,0.015299913068675746,0.0195236787698669,17.76715337898953,0.9869286963719311,1.618545755699417,2.137973331358283,,2.461351316353208,2.062432056169155,6.648486669785906,0.7655826558265583
Batch_3,pl8uabbv,32,0,0.04694227404361921,0.025980098805405007,0.4108704514780718,0.4118326773597535,4.104374498313151,1.7001434054186824,-1.6647879347003132,0.016628175519630486,0.0839336477581082,25.843132187621134,,,,,,,3.870723446592381,0.6471518987341772
Batch_3,pl8uabbv,32,1,3.1085018355573686,0.4312103024299283,0.0,1.4509643960142182,0.009323465998484937,-1.0357205291066958,-1.5589126507779267,0.009191962377084225,0.0347428608347331,51.68626437524227,0.3590412114613663,1.4740897273724674,2.5724817849230748,0.3560371517027863,2.784229324165503,3.718251086703512,7.983545550066232,0.7656500802568218
Batch_3,pl8uabbv,32,2,3.221648107916653,0.751848140873508,0.1394870473877904,0.02288796752802753,0.8641287362940205,-1.0887997833181493,-1.9034013747175464,0.24637352674524024,0.0929177336747759,48.015364916773365,0.5077706251929807,2.8198418857919583,3.654624854109086,,2.7013337111455025,2.7338828844418925,4.318854014666391,0.6035665294924554
Batch_3,pl8uabbv,32,3,2.2262359321541916,0.8248298412278324,0.0,0.5888165828234084,1.3601176437945675,-0.393649967024735,-1.7931767879743794,0.006426099851705388,0.0164669207907998,51.68626437524227,0.3865916561261941,0.998471650879076,1.2166104433032896,,3.454372098587022,4.928674090356905,8.676440789754977,0.6463223787167449
Batch_3,pl8uabbv,32,4,2.845974873047237,0.7938931962904305,1.360131930662333,0.0,0.0,-1.2971685884769808,-0.06285550586128563,0.10797174571140263,0.0489000516862643,51.68626437524227,0.451351666838205,1.5525281944473646,3.4099648300670014,,1.7004362873565655,1.817780979806478,5.093766226497273,0.6067146282973621
Batch_3,pl8uabbv,32,5,3.2297166975873237,0.411244740244857,0.836046999398885,0.07477177095361037,0.4482197918153237,-1.1798933561670497,-1.0029212453024385,0.04509159229685298,0.0976712548015364,57.61843790012804,0.5542264686578892,2.1844475639600454,4.112396412427285,0.596367305751766,2.3028043010303296,1.814700668456234,3.9080046059338263,0.8017408123791102
Batch_3,pl8uabbv,32,6,1.0666304165827494,0.5459249052680701,1.3504865741666872,0.4742964602506283,1.5626616437318661,0.18408680185615817,0.035840544009379416,0.05834954153931648,0.1043901020803721,54.91665589869491,0.9218933756735216,2.8995439249890778,3.671136143079101,,2.490836110595988,1.0977331371057464,2.906888370749727,0.7923691215616682
Batch_3,pl8uabbv,32,7,4.057044105048595,0.3098283654840329,0.6061859324687601,0.0,0.026941596998611563,-1.6740066763168004,-1.4358069185548432,0.0,0.0060166042124305,29.073523711073776,,,,,,,12.561906696165131,0.7575757575757576
Batch_3,pl8uabbv,32,8,2.508598614929399,2.132748543445738,0.06910750956765992,0.0,0.2895453320572029,-1.3141710218380258,-1.3299644639256412,0.01133578431372549,0.0802267734849463,54.91665589869491,0.6128667601500942,2.2276140794525787,3.566463661935206,,2.803730227334803,4.467668699700557,7.348774488518097,0.7839101964452759
Batch_3,pl8uabbv,32,9,0.5318502115458248,0.14110762823159115,0.0,0.0,4.327042160222583,1.4898552538243846,-2.429446185884204,0.033976001078603206,0.0521062152732911,16.15195761726321,,,,,,,9.958739861899089,0.529296875
Batch_3,pl8uabbv,32,10,0.5444957017386304,3.5327820584818195,0.3118939405996422,0.6108282991799087,0.0,-0.8021890325558344,0.03964608973032702,0.02412363362231436,0.0463348271446863,32.010243277848915,1.0599624741150429,1.7553998212590654,2.890060797537427,,2.3461906819915583,1.5026635973974498,4.103961500794081,0.7572178477690289
Batch_3,pl8uabbv,32,11,0.05552667787800031,0.054899862406359884,0.620455587830607,3.418605717780156,0.850512154104877,0.9907353615655099,0.16743617183916826,0.06161381799432843,0.0463399664039281,22.61274066416849,,,,,,,5.0884673527497455,0.7333333333333333
Batch_3,pl8uabbv,32,12,0.14797047538379268,0.0,0.0,3.096150168037378,1.7558793565788293,1.26239358608549,-0.951924915981311,0.16089357429718876,0.0453789249257009,22.61274066416849,,,,,,,9.881826726217705,0.6550387596899225
Batch_3,pl8uabbv,32,13,2.7775013458185254,0.034229902264621165,0.13528961371255033,1.0782419213355667,0.974737216868736,-0.5123032477657267,-1.7408296676310804,0.01427796855232243,0.0492157490396927,35.2112676056338,1.0808317548511015,1.618545755699417,2.8768136958757964,,3.652880895996701,2.1931036002195947,5.111162522102076,0.7033426183844012
Batch_3,pl8uabbv,32,14,2.6237803800079136,0.0,1.9328377684426747,0.4222684300470591,0.021113421502352955,-0.9566130973928123,0.6103908676875416,0.0452132527915065,0.0421727613386742,38.764698281431706,0.9371703408894002,1.716210137895052,1.9314740138231288,,3.1838258042341354,3.989853920819208,7.547217967696751,0.7820689655172414
Batch_3,pl8uabbv,32,15,0.14144598185650142,0.0,4.817813616787318,0.0,0.040740401356180705,-0.040282232200128304,4.726720425180977,0.07546187874056727,0.0386597105569195,22.61274066416849,,,,,,,12.116930260409845,0.6651270207852193
Batch_3,pl8uabbv,32,16,0.7917176560748118,0.49065865047958157,1.319702577151978,0.026147953160353878,2.371773163133275,0.5391200633595395,-0.2620428324520654,0.011844758064516129,0.0262711590644786,38.764698281431706,0.5905801799717016,1.301673337100282,2.196719798824208,,4.656774041246192,3.0454774041902035,2.7504545078950136,0.7726269315673289
Batch_3,pl8uabbv,32,17,0.641387075834571,2.068664749392361,2.208523537728219,0.044544066148064276,0.0368805708967844,-0.6466267386239739,1.869389714362541,0.17676927959377975,0.0843535986561571,51.68626437524227,0.5114077335770905,2.2331412534931383,3.821942003350412,0.0351758793969849,2.6895559706747867,2.3413642108129658,4.291764622200363,0.7235555555555555
Batch_3,pl8uabbv,32,18,1.3395191908657682,0.6741756775311286,0.3722622219411014,0.0,2.614042909662002,0.3749743520122677,-1.6045188283227838,0.011144332699103017,0.0683338668373879,54.41741357234314,0.4720348719413148,1.8351970456087716,3.6970564659918255,,2.9855729480276536,2.8231986972171184,3.64485939372152,0.8040540540540541
Batch_3,pl8uabbv,32,19,2.651161478076523,0.0,0.9286225495397662,0.09059732190631864,1.3296186504773926,-0.5104976666583889,-1.0617675147371914,0.21941272430668843,0.0786277296808373,25.843132187621134,,,,,,,7.513371413299589,0.6471544715447154
Batch_3,pl8uabbv,32,20,2.7519428038545226,0.0,0.17780540876593096,0.1280696300901461,1.9421821572893998,-0.29829033260802024,-2.16925707180603,0.06559608056614044,0.032554270577594,29.073523711073776,,,,,,,4.833179592297482,0.71484375
Batch_3,pl8uabbv,32,21,0.19093361558854263,0.0,4.293934255328815,0.0,0.5151321290826418,0.12967940539763964,3.940901382993223,0.10084215072338588,0.0571782970550576,38.41229193341869,0.6669436412362486,2.4200617030613536,3.266945130200767,,3.661287041749607,4.504684660648243,7.870077812081181,0.7636103151862464
Batch_3,pl8uabbv,32,22,0.03188605301231898,1.3545762296306607,3.2281276616937022,0.10445012839978497,0.2809599272635331,-0.1503956705456895,3.0717046715557763,0.09539078156312625,0.1109558728517896,25.843132187621134,,,,,,,5.300235843809217,0.7684797768479776
Batch_3,pl8uabbv,32,23,2.2518818059278782,1.4013963984430613,0.9668771866054796,0.0,0.3798446090235813,-1.029094158450331,-0.3489860208702501,0.0014378145219266715,0.0140602791058276,19.382349140715853,,,,,,,11.840650148173902,0.760797342192691
Batch_3,pl8uabbv,32,24,3.4292111608680673,1.0760249536784823,0.0,0.0,0.49476388545345,-1.3889839009015434,-1.9619875231607586,0.01760797342192691,0.023412262566223,22.61274066416849,,,,,,,17.19084058445078,0.702355460385439
Batch_3,pl8uabbv,32,25,2.1474835655135394,2.454568655232195,0.09363477158923904,0.0,0.3043130076650269,-1.2281819541858436,-1.1322635150000442,0.0,0.0120978162553301,29.073523711073776,,,,,,,13.26725762920048,0.8723404255319149
Batch_3,pl8uabbv,32,26,0.319631286667193,0.0,0.0,2.553538962224912,2.126829751107896,1.2335871782212635,-1.2232305188875445,0.17620751341681573,0.089388604353393,25.608194622279125,,,,,,,18.045110140573072,0.6346381969157769
Batch_3,pl8uabbv,32,27,1.070941960790614,1.839962875470313,0.02488974793259995,0.15074734125216194,1.9134580745543113,-0.0008366613381515827,-1.4673102697398626,0.16079019754938734,0.172131412327174,32.30391523452642,1.007862815324903,4.534081044950762,5.088977533838524,,2.407128362946968,1.789532721139064,2.3086792761230392,0.525375939849624
Batch_3,pl8uabbv,32,28,1.0757640468298424,1.529564156540717,0.6077228920371331,0.012180100156862373,1.7747688044354464,-0.023874908234529413,-0.8175435335955112,0.15392221489782465,0.1260983331179739,38.764698281431706,1.0555455512635403,3.3925344816887835,4.163550936588773,,2.5810117625524067,1.1753029054254376,3.368363798595696,0.8123011664899258
Batch_3,pl8uabbv,32,29,1.6329007458997646,0.0,0.0448572756582879,0.0,3.322241978441947,0.6757364930168726,-2.4327140865125676,0.06598529675452752,0.0428777208706786,9.603072983354672,,,,,,,11.606296781777123,0.9164179104477612
Batch_3,pl8uabbv,32,30,0.0,0.0,0.0,1.6014799154334038,3.398520084566596,1.679704016913319,-1.699260042283298,0.0007835236176404746,0.0076398759529654,12.921566093810569,,,,,,,26.412196517596684,0.8538011695906432
Batch_3,pl8uabbv,32,31,0.06016500403205341,0.8897360273841276,0.7624472026572077,2.463488769462411,0.8241629964641992,0.620349745388515,0.32028320240908137,0.016464367263550054,0.0314074815867683,29.073523711073776,,,,,,,5.538061405023,0.7380530973451327
Batch_3,ptg8lmto,16,0,1.6370974390784923,2.300765960119821,0.24009375257642918,0.11925186386246481,0.7027909843627926,-0.810025401137751,-0.9298504591442133,0.058462078651685394,0.0179331618366835,31.87105880210348,0.5137677456784053,1.263718555628911,2.0326490898985994,0.0748031496062992,3.539619981824406,3.214774088775081,5.001812136092493,0.7478510028653295
Batch_3,ptg8lmto,16,1,3.158971361776739,1.546018758175392,0.0,0.15696752108207399,0.13804235896579556,-1.4861818485430411,-1.6485068603712674,0.24390625,0.102065558539266,22.66109203802531,0.8587293421291049,3.309704621093492,6.070480666594488,,2.475887205831224,1.2448805055689025,3.1,0.7404162102957283
Batch_3,ptg8lmto,16,2,0.08953587051667204,1.9126530312619223,0.17297662835717809,2.814924350531265,0.009910119332963327,0.14860396338038503,0.1232536334323604,0.38964487222037836,0.0628901956785297,11.330546019012656,,,,,,,5.161516245834632,0.6781292984869326
Batch_3,ptg8lmto,16,3,0.0,2.8171400903808914,0.31310522918011624,0.2541962556488057,1.6155584247901873,0.1336346029696578,-0.4946739832149774,0.0321891936278535,0.0352630500603273,18.21203360120199,,,,,,,6.379537560361343,0.7225806451612903
Batch_3,ptg8lmto,16,4,2.0774676454689067,0.9890682387302675,0.0,1.2408579135395406,0.6926062022612848,-0.5035866423211942,-1.3850369238650957,0.19795221843003413,0.0772759350741002,56.91260500375622,0.7611333607551959,2.081409963156247,3.675035846189563,0.6192277713385944,2.1043773448302328,2.4399187672980007,3.038276339252582,0.7389277389277389
Batch_3,ptg8lmto,16,5,1.7605518650996421,3.0451916198262645,0.03752682677567706,0.01545222278998467,0.14127746550843126,-1.2536576392437404,-0.9133878385283596,0.08108108108108109,0.0514406789263174,47.58829327985315,0.3191538243211462,1.1821084554078958,4.387276925102156,0.5696240133952165,2.294896761534435,1.944777367884782,3.535852072170828,0.7105831533477321
Batch_3,ptg8lmto,16,6,0.8467130135595462,0.0,0.0,1.0521824640819186,3.101104522358535,1.1121930963359787,-1.9739087679590406,0.06474935732647814,0.0460303432022389,18.128873630420248,,,,,,,5.899426849837917,0.7862266857962698
Batch_3,ptg8lmto,16,7,0.05927418218770043,0.0,0.030300612475811957,2.51053998684085,2.3998852184956383,1.4383524118913449,-1.1992790878658572,0.2246417064770581,0.148393926286794,31.87105880210348,0.4188352564964042,3.822289377709906,7.400997582387574,0.4381679389312977,2.157555526258387,2.136757481290466,2.9449108645254447,0.8312447786131997
Batch_3,ptg8lmto,16,8,0.10265088860875712,0.6957216348360865,0.38069179594424246,0.8801653344214753,2.940770346189439,1.1721365229493501,-1.1410188214548556,0.07833333333333334,0.0385753636715459,22.76504200150249,0.6010306941485921,2.085624806361503,3.4952444022891864,,2.701426688021641,1.459639772543205,7.210062300481076,0.6897081413210445
Batch_3,ptg8lmto,16,9,0.0,2.5733220530174843,1.254935138183869,0.5922165820642977,0.5795262267343485,-0.1644106034968979,0.9651720248166946,0.019691650129751184,0.0200890580917094,29.4594196494329,0.5863230142835039,1.5042867104122242,1.864388360059941,0.8423357664233577,2.1701832448682667,1.621910778708008,6.647856774519011,0.6904400606980273
Batch_3,ptg8lmto,16,10,0.751916413360392,1.5619854485515017,2.084561462588953,0.0890102001931922,0.5125264753059615,-0.3903510248934342,1.452340018255776,0.015959517321915143,0.019749141711139,33.99163805703796,0.5232078956954491,1.4673545725420705,1.6516403133234203,0.6056133580391081,3.027768165892094,2.6059346670504677,6.367436689273549,0.7661927330173776
Batch_3,ptg8lmto,16,11,2.683533000967334,0.06730411488950071,0.19337376292878936,0.2968412828335442,1.758947838380832,-0.3239266314457924,-2.0278666567452936,0.04685212298682284,0.0568443098777517,36.42406720240398,0.8021045926922272,2.742579739765925,3.177043671542461,,2.864427605383737,1.4077330771641046,4.069705149024927,0.8187372708757638
Batch_3,ptg8lmto,16,12,0.4560820667262716,1.6913274669427318,2.096371935438332,0.24038398193026206,0.5158345489624017,-0.2662877041080419,1.6104136275939955,0.28808066258552395,0.0559109431556901,20.48853780135224,,,,,,,5.076108243297976,0.7047387606318347
Batch_3,ptg8lmto,16,13,0.38786716242874936,0.9593853450615786,1.1659196901790019,1.7055739467761397,0.781253855554531,0.3065923975932248,0.5813591811873617,0.15981566820276497,0.0808207847536172,38.52385646464302,0.8156394191823509,2.6400924592881974,3.472402408800281,0.9416376306620208,1.9186706185399127,1.2648015745854275,3.7792194961393815,0.7367003367003367
Batch_3,ptg8lmto,16,14,1.1147794670051305,0.3328703000156247,1.307209407353026,0.0,2.2451408256262186,0.3855704834453102,-0.37275073896264854,0.017552657973921765,0.0162480029912641,22.66109203802531,0.5687655447603275,1.4782419430237514,1.856689545231096,0.3567894447498625,3.1687721259971293,3.1574585789880487,8.061653053472313,0.7132216014897579
Batch_3,ptg8lmto,16,15,0.21198749800438788,0.034661930962518704,1.4791312462659423,0.18464143993495538,3.089577884832196,1.1810320565256105,-0.17165144515234965,0.12169021813691865,0.0427015275343183,15.93552940105174,,,,,,,5.034493512685061,0.6816037735849056
Batch_3,ptg8lmto,32,0,0.0,4.407073509015257,0.0,0.08321775312066575,0.5097087378640777,-0.6608876560332871,-0.25485436893203883,0.12984336356141798,0.0164135952830832,18.21203360120199,,,,,,,5.492210366092013,0.6196078431372549
Batch_3,ptg8lmto,32,1,3.023616680322817,0.5168550731993823,0.4434381593926518,0.14977050416573007,0.866319582919419,-0.93633575276809,-1.501529972228466,0.005504587155963303,0.0194527283902838,50.08309240330548,0.5292567428401228,0.9690274321412076,1.3900147514093546,,4.02867560261148,4.355258914936534,4.115700988857474,0.8216704288939052
Batch_3,ptg8lmto,32,2,3.3513246180050915,1.4445536680336335,0.0,0.016114872154837444,0.18800684180643684,-1.551014869655221,-1.769665729905764,0.17397555715312724,0.1370516580193999,27.069704489059323,,,,,,,4.271767774329142,0.7369519832985386
Batch_3,ptg8lmto,32,3,2.7621012303838506,1.755365168243677,0.0,0.44757975392322996,0.03495384744924272,-1.3524160360379327,-1.3985275389165466,0.2070049393803323,0.066758485669406,22.76504200150249,,,,,,,2.297306277225897,0.7442396313364056
Batch_3,ptg8lmto,32,4,0.1468905729097289,3.137856346493878,0.0,1.7152530805963941,0.0,-0.34327688234338827,-0.07344528645486445,0.39343671114316625,0.0770255196120836,13.659025200901493,,,,,,,2.5500000000000003,0.6056338028169014
Batch_3,ptg8lmto,32,5,0.0,0.0,0.44300876788186433,4.531610521458237,0.02538071065989848,0.9164743885556067,0.4303184125519151,0.20012296341838304,0.0488833746898263,13.53485224452966,,,,,,,16.257932668935513,0.7807308970099668
Batch_3,ptg8lmto,32,6,0.0,4.161897949451598,0.4625655698617072,0.3755364806866953,0.0,-0.7572722937529804,0.4625655698617072,0.05404632542179011,0.0477382930771507,22.76504200150249,,,,,,,5.713842308367687,0.8020833333333334
Batch_3,ptg8lmto,32,7,0.0,0.0,0.0,0.0,5.0,1.9999999999999998,-2.5,0.002700617283950617,0.0227878070435039,13.659025200901493,,,,,,,24.22075040124674,0.5932203389830508
Batch_3,ptg8lmto,32,8,1.0589571872757713,0.0,0.0,1.8942836641951686,2.0467591485290604,0.7739775173403491,-1.5528581679024158,0.009792626728110598,0.0317686161130967,45.53008400300498,0.5307560657246817,1.563691734034014,1.8333991376950165,,4.663475321118273,5.516849226231493,3.937575363349924,0.8591836734693877
Batch_3,ptg8lmto,32,9,2.341413638226243,1.2453843090036536,0.0,1.0715232669852264,0.341678785784877,-0.834666149380232,-1.3415462120055601,0.2841292812349252,0.1227832540351036,86.50715960570946,0.7611333607551959,1.996743352793202,3.675035846189563,0.1319999999999999,2.2197201652619727,2.7200070337214326,2.46058922611261,0.6900489396411092
Batch_3,ptg8lmto,32,10,1.62859471971153,3.2171737306541157,0.0,0.0,0.15423154963435462,-1.2331800141616933,-0.8914131346729424,0.30279898218829515,0.0937965260545905,63.16264380780509,0.3114896066542356,1.7687289500197674,4.387276925102156,,2.729284186801438,4.571586215240471,1.8184812902823708,0.6439628482972136
Batch_3,ptg8lmto,32,11,3.1996787748016677,1.1695517448368729,0.4467950485893671,0.18397443177209233,0.0,-1.476986972533623,-1.1530443388114668,0.006818181818181818,0.0086962460445739,36.42406720240398,,,,,,,4.589185656092994,0.8633093525179856
Batch_3,ptg8lmto,32,12,1.0511882998171846,0.0,0.0,0.8129906441552855,3.1358210560275297,0.996451231315195,-2.093504677922357,0.031554212823095,0.0274774056958135,18.21203360120199,,,,,,,4.864745619919668,0.7954545454545454
Batch_3,ptg8lmto,32,13,0.7603139209939535,0.0,0.0,1.1532506986300037,3.0864353803760434,1.1610987234788364,-1.9233746506849985,0.08073959938366718,0.0644146176404241,36.09293931874576,,,,,,,9.084464605041536,0.7806004618937644
Batch_3,ptg8lmto,32,14,0.20555725580687984,0.0,0.0,1.2562124367021466,3.538230307490974,1.5843117080140667,-1.871893781648927,0.03662169265813913,0.0748628406219409,40.97707560270448,,,,,,,2.804014978561991,0.7739602169981917
Batch_3,ptg8lmto,32,15,0.009939923539049699,0.0,0.040519554531854775,2.9335644575309288,2.015976064398167,1.3891273478498325,-0.9724384394367537,0.11262902246508803,0.221925011951647,31.87105880210348,,,,,,,3.455792239125495,0.8804347826086957
Batch_3,ptg8lmto,32,16,0.10316847127577382,0.699229577769071,0.35740048407708613,0.8846032728298003,2.9555981940482687,1.1780466281211437,-1.171982848584935,0.11203814064362336,0.0767637216290664,40.97707560270448,,,,,,,3.380920698462285,0.680379746835443
Batch_3,ptg8lmto,32,17,0.0,0.0,5.0,0.0,0.0,0.0,5.0,0.0,0.0003870057140255,4.553008400300498,,,,,,,22.000869300683647,1.0
Batch_3,ptg8lmto,32,18,0.0,0.0,0.0,2.7991452991452994,2.200854700854701,1.4401709401709402,-1.1004273504273505,0.01444043321299639,0.0079178885630498,13.53485224452966,,,,,,,19.331606239696573,0.6882352941176471
Batch_3,ptg8lmto,32,19,0.0,3.2085091420534457,1.5646976090014064,0.04746835443037974,0.1793248945147679,-0.5604781997187059,1.4750351617440225,0.023274266067177994,0.0323718897261365,50.08309240330548,0.4145929793656026,1.5522905135351746,1.864388360059941,,2.5502625414180984,2.53499620072188,4.230617503373742,0.6912065439672802
Batch_3,ptg8lmto,32,20,0.0,2.059115747640338,2.054148037754595,0.0,0.8867362146050671,-0.057128663686040686,1.6107799304520616,0.006115107913669065,0.0229130147745122,22.76504200150249,,,,,,,7.631513569147668,0.837037037037037
Batch_3,ptg8lmto,32,21,1.7817588482101985,0.881104078555559,2.126216405780789,0.21092066745345428,0.0,-0.8467402215045001,1.2353369816756896,0.0275657336726039,0.0166140311301601,45.11617414843221,0.4837256090122485,1.0223257334206255,1.3991446672986725,,3.514490372391262,3.4122535934826805,5.358229506046912,0.7134986225895317
Batch_3,ptg8lmto,32,22,4.299030181514332,0.1046223609680102,0.25511760328353256,0.32674368117701647,0.014486173057109104,-1.669393339341088,-1.9016405740021878,0.13111888111888112,0.0710952261706922,54.63610080360597,0.7485976820032185,2.240209197875263,3.1209425687160595,,3.0229793876673376,1.488429481834525,1.5557940460556203,0.7767441860465116
Batch_3,ptg8lmto,32,23,0.001327938000966673,0.005344744252337914,0.09086065228974453,0.24719442167062852,4.655272243786323,1.9099476577978,-2.2374394386039,0.004403346543372964,0.0425933935848111,27.318050401802985,,,,,,,5.108644608494784,0.8978978978978979
Batch_3,ptg8lmto,32,24,0.0,0.11670387659833571,3.8025167444692514,0.18368175360259795,0.8970976253298153,0.37223462553277853,3.353967931804344,0.1651829871414441,0.0560816809707013,22.76504200150249,,,,,,,6.360542347624141,0.7427937915742794
Batch_3,ptg8lmto,32,25,0.9136103643431606,3.270944170245497,0.3848169612053526,0.29726601235969036,0.13336249184629945,-0.9068347805759057,-0.13866946688937742,0.210079275198188,0.0557402053406788,22.76504200150249,,,,,,,5.761617585953115,0.6586021505376344
Batch_3,ptg8lmto,32,26,0.5097959923911659,1.0420886378696201,0.3769964825869566,2.312371867973464,0.7587470191787928,0.35363705673581936,-0.25727502319802276,0.32515894641235243,0.1187006541845251,40.604556733588986,,,,,,,1.0965856099730655,0.7602739726027398
Batch_3,ptg8lmto,32,27,0.045152350000824855,0.7269247900753913,3.3834072949832557,0.0,0.8445155649405283,0.17436032796080309,2.938573337512579,0.03971455165994415,0.0425933935848111,45.53008400300498,0.6047904032629483,1.551143199733857,2.1155228667504637,,2.6504137199361835,2.65419693554256,6.831032132455719,0.7027914614121511
Batch_3,ptg8lmto,32,28,0.0,0.4692737430167597,1.2374301675977653,0.0,3.293296089385475,1.2234636871508378,-0.40921787709497215,0.03119668535218133,0.0203747125913447,22.76504200150249,,,,,,,14.642574903452864,0.6666666666666666
Batch_3,ptg8lmto,32,29,2.938768485970129,0.10968859498163394,1.4213813766370065,0.0,0.5301615424112307,-0.9853804964198861,-0.3130836375536734,0.002581977794990963,0.0121588089330024,31.581321903902545,,,,,,,5.167688071081691,0.7682926829268293
Batch_3,ptg8lmto,32,30,0.0,0.4347826086956522,0.0,0.0,4.565217391304349,1.7391304347826089,-2.2826086956521743,0.0,0.0031415757962073,13.659025200901493,,,,,,,8.91866021328316,0.8985507246376812
Batch_3,ptg8lmto,32,31,0.2200855394573388,0.01937709640874396,1.5356348903929589,0.19169484661507416,3.033207627125885,1.1597123851086846,-0.09101169289865307,0.28962158111652303,0.0822614792724292,27.318050401802985,,,,,,,1.8130068538134247,0.6619537275064268
Batch_3,tuy3zymq,16,0,1.0284399339155061,0.930493273542601,0.1970734009912674,1.2467547793249942,1.5972386122256315,0.2907717724805286,-1.1157658720793013,0.004016064257028112,0.037650307294914,55.2240135387904,0.5292567428401228,1.6574119336381388,2.1609271228609748,1.2061489949036612,2.600960971463949,2.067978569384468,3.310683460144193,0.7615819209039548
Batch_3,tuy3zymq,16,1,1.617157930955385,0.5184080743204496,0.5367588026149788,1.745039568757885,0.5826356233513017,-0.16848262415414653,-0.5631379745383644,0.05684007707129094,0.0385645254244802,62.06499091191204,0.4787307364817192,1.4044347144837706,3.112261209566567,1.17496140231505,2.4247695388057235,1.5361616735059098,2.695366394388711,0.7043628013777268
Batch_3,tuy3zymq,16,2,1.9478938397857317,0.1643535427319211,0.49874198522847174,1.2527392257121988,1.1362714065416768,-0.1069718367015666,-1.0433406379352326,0.08514001806684733,0.0546216252161191,37.23899454714722,0.7180961047225789,2.6839062435821384,3.0071886981833207,0.7894736842105263,2.593442058461667,1.853712801827053,3.698580682839169,0.7381305637982196
Batch_3,tuy3zymq,16,3,1.8659066232356134,0.6867535287730727,0.10640608034744842,0.41802388707926175,1.9229098805646037,-0.03094462540716611,-1.7880021715526602,0.0482943143812709,0.0409281197114099,44.5354947893471,0.5670035141386943,1.8370431262859777,2.44821877225888,0.7135452052719204,3.130391982481935,2.147206802249932,3.8916577444580094,0.7651975683890577
Batch_3,tuy3zymq,16,4,0.17657192075796727,0.7997416020671835,1.7239448751076658,2.040482342807924,0.2592592592592593,0.2812230835486649,1.5060292850990527,0.054236146201785414,0.0516166384608533,103.32234791128526,0.3885764924772626,1.1141897271256054,3.924262006234013,1.6598805991850096,2.146156203021675,1.6311441447119792,1.8027756377319948,0.6915215745647237
Batch_3,tuy3zymq,16,5,0.26807438303788667,1.1574556830031282,3.2803267292318385,0.03258602711157456,0.26155717761557173,-0.2275808133472367,3.0155109489051095,0.3088706308313605,0.0510174225295917,40.78556545639934,0.4478115991081385,1.13500079100094,4.635633766408614,1.4303602075268878,2.2789721383666564,1.7930681557305828,7.065019334186153,0.6690821256038647
Batch_3,tuy3zymq,16,6,0.4477315314292204,1.1807960933507466,1.3925955368803589,1.1606382374652207,0.8182386008744534,0.14417125660098798,0.759610470728522,0.032730992158199794,0.0779846610808174,67.38484727579021,0.4884286319118083,1.9956494322690403,3.4870385217575106,0.652074479243932,1.8666535842447456,1.2706421441388602,2.720431931210657,0.7668528864059591
Batch_3,tuy3zymq,16,7,1.9084005998149507,1.0551000223335352,1.6123217305299429,0.09459847493858278,0.32957917238298823,-0.8236288804517755,0.49333184443097333,0.1497125165855816,0.13942281998753,49.87975416406875,0.5495301456807118,3.006855178882912,5.692726017680083,0.7327750312059017,1.544451750996925,0.9600259041590736,4.9506312583908265,0.7238528317486564
Batch_3,tuy3zymq,16,8,1.1229889923793392,1.6066892464013545,0.3392252328535139,0.07938187976291276,1.8517146486028786,-0.01397121083827279,-1.148126587637595,0.04096069868995633,0.0420637748285383,48.09833437249487,0.5698035485213009,1.668123445348569,3.238566156458118,0.7215373021865937,2.3156169653450456,2.151802764104364,4.431294857358925,0.7752727272727272
Batch_3,tuy3zymq,16,9,0.13913757087436587,1.1239182333631752,0.4062220232766338,1.2608176663682484,2.069904506117577,0.799686660698299,-0.6982990152193376,0.08778509883426254,0.0594227955845192,44.33213636565146,0.5641895835477563,2.156621277824537,3.5878199226372125,0.870457096041375,2.138210321764254,1.3866543426660678,4.301162633521314,0.6545454545454545
Batch_3,tuy3zymq,16,10,1.9471671049486017,0.06335166148697109,0.8032512550800861,2.0188859670093233,0.16734401147501796,-0.3208223762849634,-0.2540043031317236,0.0881726158763985,0.037088265283504,58.51842000265992,0.3826519928662906,1.2204248587685904,2.7320993450110653,1.0018819970180386,2.0375263450746077,1.7208948089382747,4.812860374382889,0.5936896329684481
Batch_3,tuy3zymq,16,11,2.516969489201234,2.0980459376071305,0.058279053822420296,0.22968803565306822,0.09701748371614673,-1.3416523825848474,-1.2487144326362702,0.07520781105686766,0.064865948160684,51.66117395564263,0.6358093703724523,1.6385752117355694,4.713600540524047,0.6623829864233569,1.9047936375847017,1.5760221360066995,3.5131182701045995,0.65662362505978
Batch_3,tuy3zymq,16,12,1.573092714599446,0.535185715649766,0.858875202902702,1.841879117731309,0.19096724911677643,-0.2915115057767594,-0.023154778955409183,0.07914927984923947,0.0465529527033045,55.2240135387904,0.5440847306724618,1.6516403133234203,2.504773015002061,1.3157576936693178,2.285506273027748,1.3668396657818458,4.43846820423443,0.6853546910755148
Batch_3,tuy3zymq,16,13,0.8488805970149252,0.07293080054274083,0.792910447761194,3.1156716417910446,0.16960651289009498,0.3368385345997285,0.28366689280868396,0.04552621206148995,0.0261382276011881,44.33213636565146,0.4259537945889915,1.4172039782467505,2.253935620973523,0.7614355793894868,3.0344548607743307,2.2356086994664763,3.256013661898421,0.6971326164874552
Batch_3,tuy3zymq,16,14,0.5949987434028651,0.7153179190751445,0.25823071123397845,0.01727821060567982,3.4141744156823326,0.9880623272178938,-1.7463558683086204,0.18093699515347333,0.0705590282395708,30.14585272864299,0.5382025607773059,2.3776739698388645,5.836022431559496,0.9048843187660668,2.3888835193901725,1.9671359257551384,3.802959373961284,0.7110294117647059
Batch_3,tuy3zymq,16,15,2.852043992529571,0.03029674206266861,0.5364183440547833,1.4087985059140902,0.17244241543888775,-0.7961402780659892,-0.9758248599294462,0.22823478071132447,0.1073082746949318,37.40981562305157,0.6482044814428575,2.5860569809502345,6.4881802107991975,0.7169517884914464,1.9268262592896268,1.210528174656302,3.1774989278679957,0.6698645598194131
Batch_3,tuy3zymq,32,0,1.052229020979021,1.587631118881119,0.20432692307692307,0.4720279720279721,1.6837849650349654,0.02950174825174835,-1.1636800699300702,0.0033548387096774194,0.040580742852053,71.25679166295535,0.451351666838205,1.6156765320962223,1.860115174610918,,2.8140046103164207,2.349773452654394,3.704726710568541,0.8336575875486382
Batch_3,tuy3zymq,32,1,1.0005130836326321,0.1590559261159569,0.18855823499230373,2.1562339661364804,1.495638789122627,0.5974858902001025,-1.0595177013853259,0.004843396835647401,0.034719871737775,46.31691458092099,0.6282549314314219,1.374773729236331,2.1609271228609748,,3.450382209968567,2.6081289451150305,3.010398644698074,0.660377358490566
Batch_3,tuy3zymq,32,2,2.852675469075747,1.3047255038220988,0.5837387074357193,0.258860319666435,0.0,-1.3502432244614317,-0.8425990271021543,0.0048205677557579,0.0252250661959399,63.54810238305382,0.4770626648128292,1.215036806643789,1.6991382132384,,3.274676423878033,1.7633735702416822,5.568022538888862,0.6689466484268126
Batch_3,tuy3zymq,32,3,1.0083889744906696,0.1309707241910632,0.5136106831022086,2.477315528162986,0.8697140900530733,0.4137990070193459,-0.42544084916966285,0.08933666191155493,0.0520263650129152,74.81963124610313,0.451351666838205,1.4217129728841442,3.112261209566567,0.6958174904942966,2.587446240263777,2.119910127669783,2.930720422802088,0.7299703264094956
Batch_3,tuy3zymq,32,4,1.6087685673215142,0.41327264015333015,0.0,2.9779587925251554,0.0,-0.13057019645424064,-0.8043842836607571,0.009186351706036745,0.0371782310501469,28.50271666518214,,,,,,,9.327090906717766,0.7857142857142857
Batch_3,tuy3zymq,32,5,2.1216398674358663,0.03682337056585247,0.7542653737572114,0.3688474285012889,1.718423959739782,-0.09488155149134676,-1.1657665398306127,0.16619981325863678,0.0719064430714916,45.89585172109443,0.7180961047225789,2.58031058333267,3.0071886981833207,,2.855839908459324,2.184926568733919,2.356081888166108,0.7080820265379976
Batch_3,tuy3zymq,32,6,1.4622474299893657,0.6398440269408012,0.06380716058135413,0.48564338886919534,2.348457993619284,0.3236440978376458,-1.8415455512229708,0.11314984709480122,0.0500757103411418,53.44259374721652,0.5970821321441847,1.7869983952938069,2.253935620973523,,3.712798883255683,2.465122887164706,3.3847081534627,0.7426666666666667
Batch_3,tuy3zymq,32,7,2.5042040358744395,0.7609304932735427,0.17376681614349776,0.31109865470852016,1.25,-0.5916479820627808,-1.703335201793722,0.0024271844660194173,0.0317805290816781,42.754074997773216,0.5373870696658375,1.3548644317268532,2.384994269616667,,3.8752020482135032,3.647560193072569,4.560208310780454,0.7950530035335689
Batch_3,tuy3zymq,32,8,0.04074133248122703,1.364435213292858,2.1840549608563666,1.3252915801246206,0.08547691324492732,0.010065505671832571,2.1209458379932893,0.015614156835530881,0.0557495323773047,99.7595083281375,0.4676490603767598,1.3009312285853718,2.643274863069334,0.7564489244657379,2.534124615609173,2.5017960827218184,2.0500000000000003,0.6743398781313473
Batch_3,tuy3zymq,32,9,0.33545131751074564,0.13922631283872172,1.1857596710895157,2.8770323304055316,0.46253036815548493,0.5983928237712575,0.7867688282564005,0.090671031096563,0.0474837445444018,121.13654582702412,0.3477898169151024,0.6352918334790312,2.900505178729662,0.6861897252223274,2.541390959319022,1.950826728552489,1.104536101718726,0.7133047210300429
Batch_3,tuy3zymq,32,10,0.29461998292058067,1.1943393924606562,3.0986946443820904,0.045138465292180054,0.36720751494449183,-0.20080517262413075,2.767780895449554,0.31028135682356034,0.0723477493380406,45.89585172109443,0.5808687281605183,2.322804148384763,3.813604423604708,,3.05576869994558,2.598216663357126,4.808846015417837,0.6143695014662757
Batch_3,tuy3zymq,32,11,0.20235578375113256,1.0661431591664148,3.7299909392932644,0.0015101177891875563,0.0,-0.29386892177589846,3.6288130474176983,0.06660746003552398,0.0294914046495056,49.87975416406875,0.3867888913947525,0.9545412207322136,2.6354357735544065,,2.6165968267872786,1.4605975212323763,16.364710488018503,0.7383512544802867
Batch_3,tuy3zymq,32,12,0.2938517179023508,1.5976491862567812,1.5840867992766727,0.9195298372513563,0.604882459312839,-0.011211573236889743,1.1347197106690778,0.04265842349304482,0.0985125144740358,67.69395207980759,0.6358093703724523,2.257089546403196,3.3090572803628526,,2.256550222333606,1.4115634037109026,2.150581316760657,0.7549715909090909
Batch_3,tuy3zymq,32,13,0.7075255686154786,0.47702640818195696,1.0693023965806747,1.5676995878491835,1.1784460387727065,0.4065028239963363,0.12631659288658215,0.01509705248023005,0.0576434245366284,88.26125330979698,0.3699638510165959,1.582828742243691,2.356124872549269,0.5610972568578554,2.252838279132462,1.7078717386966642,3.3000000000000003,0.7799530148786218
Batch_3,tuy3zymq,32,14,1.5966278396293199,0.027994079413089647,2.6410965956625265,0.16989510264495786,0.5643863826501062,-0.3845163781453122,1.5605894845228134,0.1260245901639344,0.1382292687271755,49.87975416406875,0.5887271632479754,3.4195613177940585,5.072374996018709,,2.177516705524249,1.3582908112174334,1.95,0.7958015267175572
Batch_3,tuy3zymq,32,15,2.2149455833966085,2.064983548468742,0.6007972665148065,0.02056441407238674,0.09870918754745635,-1.2553783852189317,-0.5560301189572259,0.14388489208633093,0.1406163712478845,60.56827291351205,0.6407961869245868,2.8082862250119,4.627042570014001,,2.048346664733632,2.3927416512504567,5.450229352972222,0.6688548504741065
Batch_3,tuy3zymq,32,16,0.18248175182481752,3.5059306569343063,0.8485401459854015,0.34215328467153283,0.1208941605839416,-0.6573905109489049,0.6968521897810219,0.0023328149300155523,0.0194976396187761,42.754074997773216,0.3881864281165402,0.9143579928369072,2.030298752913002,,4.148176187735196,4.260496315178201,6.551717332119877,0.7427055702917772
Batch_3,tuy3zymq,32,17,1.407111356119074,1.0329382579933848,0.18536383682469681,0.0,2.374586549062845,0.18040242557883127,-1.7054851157662627,0.053758325404376785,0.0646299100383005,60.56827291351205,0.620608541902532,1.6681234453485685,3.2124144362268225,,2.6770463180188235,2.803044015866346,3.323401871576773,0.7875751503006012
Batch_3,tuy3zymq,32,18,0.20398912058023572,1.2155161248542934,0.06670120450718818,0.0,3.513793550058282,1.0808185468203597,-1.7921901308120707,0.11012497735917406,0.0681465136804942,38.83495145631067,0.5725898905580716,2.4049304838101824,3.5878199226372125,,3.038308610121041,2.804290334710826,3.751566274324951,0.6700125470514429
Batch_3,tuy3zymq,32,19,0.051029385887735354,0.9994721098011613,0.8674995600915009,2.9737814534576805,0.10821749076192151,0.4177371106809782,0.7878761217666724,0.04903314917127072,0.0506190433775719,53.44259374721652,0.5641895835477563,1.4411118833263274,3.1690182879085125,,2.394912201106875,1.3470810335448862,6.315872861012545,0.6417445482866043
Batch_3,tuy3zymq,32,20,0.6181564801911208,0.0,1.3378459088194306,2.9135974517220786,0.1304001592673701,0.38761696197491535,0.9635675890901851,0.012878020546954132,0.0447403580653781,74.81963124610313,0.3337790589062273,1.2666024736934256,2.5952720843196797,0.7858823529411765,2.585529988101292,3.121284249823664,7.356320350614017,0.6923076923076923
Batch_3,tuy3zymq,32,21,3.944062219563267,0.15854023332336226,0.0,0.6745438229135508,0.22285372419982052,-1.3852826802273408,-2.083457971881544,0.20776832911974258,0.0295057369814651,49.42630185348631,0.4510066539283606,0.9274018638066502,2.7320993450110653,,2.813869457019864,2.997788871406165,4.074202256564558,0.4677419354838709
Batch_3,tuy3zymq,32,22,4.110489970404473,0.25485037816507733,0.24662939822426833,0.0,0.38803025320618223,-1.539953962512332,-2.002630713581059,0.0048449612403100775,0.0270864879308809,60.56827291351205,0.5077706251929807,1.247815841184566,1.84981925508298,,2.935467268664482,4.0331774575075325,5.310284778389789,0.6292798110979929
Batch_3,tuy3zymq,32,23,2.0971933471933473,2.5835932085932085,0.008662508662508662,0.2901940401940402,0.02035689535689536,-1.2894144144144146,-1.0501126126126126,0.14952187771660388,0.1026454083904872,60.56827291351205,0.6407961869245868,1.8987595450976036,4.713600540524047,,2.284410902686533,2.5494353090881834,2.5495097567963927,0.674979887369268
Batch_3,tuy3zymq,32,24,1.9903993321274525,0.5245582301377488,0.0194796159732851,2.3897314595797967,0.07583136218171699,-0.3927925420898848,-1.0136357311812996,0.09263833992094862,0.0638371782310501,67.69395207980759,0.547002095985713,1.7883303809418474,2.504773015002061,,2.6860533120284127,1.9230646313743136,4.924682730897494,0.6220095693779905
Batch_3,tuy3zymq,32,25,0.660377358490566,0.5584297017650638,2.6947656725502127,0.643639683505782,0.44278758368837484,-0.06999391357273284,2.1431832014607424,0.03460514640638864,0.0292687271755589,57.00543333036428,0.496614508153476,0.9623202229498812,2.2924432862983517,,3.0691144814996654,1.9239259990214412,3.342769953361115,0.7795163584637269
Batch_3,tuy3zymq,32,26,0.822637106184364,0.2508751458576429,0.7380396732788798,3.0950991831971995,0.09334889148191365,0.27712952158693094,0.28004667444574094,0.016357688113413305,0.0151279788172992,52.956751985878185,0.3289762321239771,0.7334300676993625,1.727010027053149,,4.3387728605322105,3.312732904765401,2.5700194551792794,0.7466960352422908
Batch_3,tuy3zymq,32,27,0.859636537541846,0.0,0.8153993304638928,3.124103299856528,0.20086083213773312,0.3613103778096603,0.2851506456241032,0.06069737408523461,0.0372494878418099,42.754074997773216,0.6257151869645776,1.422263592657845,2.253935620973523,,4.036888005856951,3.790614576899614,4.002561587599287,0.6631419939577039
Batch_3,tuy3zymq,32,28,1.1152486745771268,1.3001767230497348,0.36796263569805604,0.034713456197929815,2.181898510477152,0.17356728098964883,-1.2806109568290833,0.12486095661846495,0.0705620379442415,35.628395831477675,0.5077706251929807,2.68655016113105,3.304725736723981,,3.1448912699748006,2.979046333908944,5.144171459039833,0.695078031212485
Batch_3,tuy3zymq,32,29,0.07943457593194898,0.13572679509632227,0.14948711533650239,0.0,4.635351513635227,1.7952214160620463,-2.2079059294470857,0.20470316114109482,0.0705560458958517,35.30450132391879,0.4624957260860292,1.2220860149980814,4.81019184926129,,3.4649035965586985,3.435046561030465,3.656449046201836,0.7357414448669202
Batch_3,tuy3zymq,32,30,0.8819584171696849,0.15984797674938522,0.5410239213056115,2.8023697742007605,0.6147999105745585,0.42164095685222436,-0.20735524256651028,0.043260353468741755,0.0398414536385499,49.87975416406875,0.7348384573829365,1.5257870846712278,2.016139193252045,,2.9813727862005703,2.764715302684379,3.31436268383531,0.6684841875681571
Batch_3,tuy3zymq,32,31,3.3011415757822853,0.000764448068494547,0.5353684639690144,1.09112220976455,0.0716033024156559,-1.0737437570074408,-1.1510039751299561,0.2855813953488372,0.1747750957513138,28.50271666518214,,,,,,,3.1012496277953887,0.6709601873536299
Batch_3,ufdvpb81,16,0,2.5477328161861728,1.6445579591347115,0.21312327562077651,0.04093526330521012,0.5536506857531289,-1.1183573913391176,-1.3375684753488744,0.005041246562786435,0.0337050511441526,22.84790326549263,0.7247146419131152,2.4474640953701816,3.3695865681379686,,3.6570228107570135,2.3773185271431507,5.407945467133867,0.8314732142857143
Batch_3,ufdvpb81,16,1,0.19299607854627854,4.108784935366825,0.0,0.0,0.6982189860868971,-0.6196678240571175,-0.44560753231658784,0.09638686935448337,0.0473328784618345,24.493080704700915,0.9810620286309284,2.1798027329604475,3.761075822422045,0.4829931972789116,2.648415110218268,2.9217886696335413,9.65677222187544,0.6550724637681159
Batch_3,ufdvpb81,16,2,2.877696339814929,0.6097350936923175,0.37995361921479726,0.0,1.1326149472779556,-0.8199795757532529,-1.625202024331645,0.03772838203284744,0.0241475533161881,24.493080704700915,0.6865851840684658,1.7229612133611851,2.715153211886319,,2.9976393740366194,2.246298429432614,11.291944021070757,0.7030223390275953
Batch_3,ufdvpb81,16,3,2.389895404697363,1.1915673693858846,1.3166396890093675,0.0,0.10189753690738539,-1.153512620993168,0.07074321820699336,0.0036805783766020376,0.0129969418960244,15.817779183802593,,,,,,,13.56132368102939,0.7040998217468806
Batch_3,ufdvpb81,16,4,1.5351881074574807,0.6398670603046429,2.618608714058025,0.0,0.20633611817985084,-0.6595142077719807,1.7478466012393594,0.03005800667955704,0.0534816689514569,12.30271714295757,,,,,,,9.354811596178727,0.6983471074380165
Batch_3,ufdvpb81,16,5,2.1653786631948706,0.0,0.0,1.5726841730329901,1.2619371637721388,-0.04683976516249479,-1.7136579134835048,0.023451671417465663,0.0213745866792631,17.495057646214942,0.7143809564237806,2.227803806079781,2.358150485365772,,4.303387713989486,5.375813088608631,8.321658484479403,0.7435158501440923
Batch_3,ufdvpb81,16,6,3.9461379654444033,0.0013316551064491801,0.0155359762419071,0.0,1.03699440320724,-1.1639237559161557,-2.4760302080839147,0.10882081989866421,0.0492179709232141,19.244563410836435,0.5140011726956918,2.474085510105561,4.669158821964383,,3.0453181586846494,2.932714898059148,11.24953331720053,0.7234273318872018
Batch_3,ufdvpb81,16,7,1.4509699153354854,0.0,1.9023642363225455,0.8543951657869677,0.7922706825550023,-0.09260065995479974,0.7807439373773017,0.021093645035603924,0.0263102393757249,15.817779183802593,,,,,,,4.904079934095692,0.8285024154589372
Batch_3,ufdvpb81,16,8,0.6178466173430853,2.3092970790199883,2.0053611362054413,0.03285793976373483,0.034637227667750604,-0.6885715837213847,1.6791192137000235,0.1978802992518703,0.149675735526732,38.66568244929522,0.4973953575612734,3.7608367768014617,6.57807311663716,,1.6632344418786311,1.0627475515929363,3.4132096331752027,0.7501331912626532
Batch_3,ufdvpb81,16,9,2.2357246841522227,1.0849211249540829,1.4571140976315482,0.0,0.22224009326214722,-1.0223780613468467,0.2281317089243633,0.12399386738213874,0.0511074371490054,22.743574940079423,1.0808317548511015,2.833175252638348,3.0345848162964675,,2.983454202781189,2.0354181890775918,4.056044643974721,0.7904929577464789
Batch_3,ufdvpb81,16,10,0.8696129346243008,0.0,0.2811389853196368,1.4379721145966116,2.4112759654594504,0.9042596352533819,-1.3593054647222387,0.09025798998844821,0.046641823684809,15.745551881593448,,,,,,,9.119354417890971,0.7147058823529412
Batch_3,ufdvpb81,16,11,4.4302517092183935,0.024996160547373553,0.20462958549799026,0.002541982428546463,0.3375805623076964,-1.6415592943880442,-2.1792865502650547,0.07133285228326977,0.0518383774473619,21.09037224507012,0.4917811861704542,1.1148770771137717,5.760814936579894,,2.4431147934243995,2.5320508804429718,9.240062224028472,0.7342569269521411
Batch_3,ufdvpb81,16,12,0.2890606577106004,0.3632092763551577,0.30789519987967245,1.6522849940741728,2.3875498719803967,1.0972108292517215,-1.030410064965826,0.24381984422621064,0.110557488839678,22.84790326549263,1.079358227574457,4.309471576826232,6.138527863131123,,2.0688313393677817,1.188673133933864,2.6575364531836625,0.6596516690856313
Batch_3,ufdvpb81,16,13,0.0,0.4942221311058989,0.37686190886599286,1.9231179046722442,2.205798055355864,1.1680983768556144,-0.7260371188119392,0.10390796201607012,0.0466724400356899,15.745551881593448,,,,,,,11.758645666866876,0.7083825265643447
Batch_3,ufdvpb81,16,14,1.483187529024889,1.0018450416075708,0.6278664039260478,0.33677657424723556,1.5503244511942564,-0.10615892460432041,-0.8888895861835251,0.0205989110707804,0.0669142217323606,36.73962105705137,1.3159049284959083,2.1042078121745798,3.777964438223469,0.7051774454208832,1.883688737699029,1.3208109165763382,3.7881886164821847,0.8187429854096521
Batch_3,ufdvpb81,16,15,0.11950719477631602,0.05186665724072776,1.872546738732254,0.005614431969357129,2.9504649772813445,1.1231326679477371,0.33756065270342384,0.13842939230367404,0.0819404899996485,26.362965306337653,0.9541311620975604,3.3462037057591614,5.297977516344012,,2.4036155907407117,1.7605715515217135,2.882055178563963,0.6696542893725992
Batch_3,ufdvpb81,32,0,2.778782164918007,1.7857066956672767,0.016005053610334104,0.03277225263068412,0.3867338331736981,-1.3074062213050421,-1.5667529454355185,0.0005200208008320333,0.0576294421596541,28.12049632676016,,,,,,,2.911227918751286,0.9070146818923328
Batch_3,ufdvpb81,32,1,1.2118284627150888,0.8284500036015879,1.3528412292855718,0.0881329791065519,1.518747325291199,-0.025295859868563447,-0.012446664717572054,0.0014814814814814814,0.0097806601286512,21.09037224507012,,,,,,,9.200461943479729,0.6678445229681979
Batch_3,ufdvpb81,32,2,0.5428903149159834,2.1528409039771756,0.0,0.0,2.304268781106841,0.2739832056809078,-1.4235795480114122,0.049722621738237105,0.0139237199582027,24.381748519679547,,,,,,,14.777322148859083,0.6510416666666666
Batch_3,ufdvpb81,32,3,0.13222492827568813,4.448501787766902,0.0,0.0,0.4192732839574104,-0.7748810152806913,-0.2757491061165493,0.08501543576347662,0.081048543006784,35.150620408450195,1.1667679626951075,2.4442023280525644,3.753875152606492,,3.009544479223365,3.5335336097376384,7.328017393652442,0.6559356136820925
Batch_3,ufdvpb81,32,4,1.1628905903769713,3.3468558454751856,0.2836318513114564,0.0,0.20662171283638672,-1.0518787201112711,-0.4011243002952226,0.0,0.0061952968469893,21.09037224507012,,,,,,,9.551884627889404,0.7906976744186046
Batch_3,ufdvpb81,32,5,3.1284666656696025,0.20946313107897238,0.39403955351489856,0.0,1.2680306497365257,-0.7860670325890249,-1.8042091041881654,0.08779739063699156,0.0419366074538488,27.86485545106234,,,,,,,12.864388831188212,0.6774193548387096
Batch_3,ufdvpb81,32,6,3.1671534041471756,1.5790969942883726,0.11871225630820388,0.0,0.13503734525624791,-1.528665822414046,-1.532383118393508,0.008034433285509325,0.0196140461879152,24.60543428591514,,,,,,,13.132707048719796,0.6443965517241379
Batch_3,ufdvpb81,32,7,0.0,0.0,5.0,0.0,0.0,0.0,5.0,0.0,0.0063798376041337,7.03012408169004,,,,,,,27.101784995896768,0.9896907216494846
Batch_3,ufdvpb81,32,8,0.12946154784558558,1.3446739436228157,3.4851048680031638,0.0,0.04075964052843549,-0.30441555165142314,3.3999942738161533,0.004200878365476418,0.050906886006538,10.54518612253506,,,,,,,12.721831629132655,0.8567073170731707
Batch_3,ufdvpb81,32,9,2.811393182323314,0.0,1.831950184022271,0.0,0.35665663365441486,-0.98189461946756,0.24792527603340653,0.05129457743038593,0.0560564518963759,17.575310204225097,,,,,,,8.221921916437786,0.6171875
Batch_3,ufdvpb81,32,10,2.37371573105344,0.0,0.0,2.0910981740648222,0.5351860948817375,-0.3171922196557169,-1.4544509129675887,0.05156115726152965,0.0320271682340647,17.415534656913962,,,,,,,11.731841928440192,0.7439353099730458
Batch_3,ufdvpb81,32,11,1.5333579063767047,0.0,0.0,0.0,3.466642093623295,0.7733136748986358,-2.5,0.0002365744026496333,0.010624275018454,24.60543428591514,,,,,,,14.916668384053237,0.7430340557275542
Batch_3,ufdvpb81,32,12,3.552451378317456,0.0,0.06465720137343264,0.0,1.3828914203091112,-0.8678239832033383,-2.403014197939851,0.07568555758683729,0.0237530317410102,24.60543428591514,,,,,,,11.358086325878228,0.5941320293398533
Batch_3,ufdvpb81,32,13,4.07065247924134,0.0017528286834683536,0.0,0.0,0.9275946920751919,-1.2575736806031534,-2.499123585658266,0.16210329807093965,0.0744514106583072,17.415534656913962,,,,,,,15.965979456331516,0.8265107212475633
Batch_3,ufdvpb81,32,14,3.0275472152051006,0.0,0.0,0.0,1.9724527847948996,-0.4220377721640808,-2.5,0.008354755784061696,0.0192801152940349,10.54518612253506,,,,,,,17.790622522056054,0.8981481481481481
Batch_3,ufdvpb81,32,15,0.5376352260546302,0.0,3.004432145599404,1.3493589987253463,0.10857362962061949,0.09824716117146486,2.6813277177617794,0.03024705610713461,0.033340363457415,21.09037224507012,,,,,,,4.889925842840233,0.7837301587301587
Batch_3,ufdvpb81,32,16,0.8227003631551479,2.263419598149066,1.8668314658758633,0.0036905123260927955,0.04335806049382986,-0.763682738229122,1.4338022540513744,0.25130701279971157,0.1547681816584062,52.725930612675306,0.5890312181373173,3.348689108883373,5.07519812322557,,2.014449431124689,2.0522703454858777,5.530856568431991,0.7657091561938959
Batch_3,ufdvpb81,32,17,0.39882479533583715,2.358347534063512,2.1534717830348282,0.06404264217341069,0.025313245392411483,-0.6082655983553905,1.941402762670704,0.06510311362717347,0.1445832893950578,35.150620408450195,0.3895128238975147,4.300250199464728,5.338378415777097,,2.4277299781360644,1.8238210781280029,3.688631122650466,0.727391874180865
Batch_3,ufdvpb81,32,18,1.5177196348524866,1.2458378862054427,1.9217565625887267,0.0,0.314685916353343,-0.7303810646407459,1.005553786985812,0.08059058751153492,0.0632358063392546,38.31417624521072,0.879484521425256,2.417471718621419,2.801131681022947,,3.386114213253748,2.813006006704604,3.9319206502675,0.7799736495388669
Batch_3,ufdvpb81,32,19,3.4148727346241383,0.8206546194429408,0.6940522539090437,0.0,0.07042039202387707,-1.501911860928693,-1.048594309414964,0.03965429588205389,0.0388677985166438,17.575310204225097,,,,,,,5.676497599549988,0.8116710875331565
Batch_3,ufdvpb81,32,20,1.2059907805355774,0.0,0.12455633666639637,1.994198848502617,1.6752540342954099,0.5865450712044561,-1.3160660707490972,0.027358173883853643,0.067621006010756,31.635558367605185,,,,,,,8.237080736039452,0.781578947368421
Batch_3,ufdvpb81,32,21,0.0,0.0,0.6859406042779369,0.0,4.314059395722063,1.725623758288825,-1.4710890935830947,0.09221573929130497,0.0258533611981887,6.966213862765585,,,,,,,17.934491886080362,0.5135135135135135
Batch_3,ufdvpb81,32,22,4.564178499141022,0.0,0.0,0.0,0.43582150085897836,-1.651342799312818,-2.5,0.0137123745819398,0.0110372948082533,17.575310204225097,,,,,,,10.550473923004596,0.6844919786096256
Batch_3,ufdvpb81,32,23,4.414293660128931,0.027974578512095265,0.22901222748037312,0.0028448723910605355,0.32587466148754,-1.6403935406807642,-2.1410719333278623,0.07820478366030637,0.0926394600864705,31.635558367605185,,,,,,,8.727112924673314,0.7491749174917491
Batch_3,ufdvpb81,32,24,1.812062034158732,0.8856421334320104,1.9789960190214562,0.13507635416373107,0.18822345922407066,-0.7996485858275204,0.9788532723300549,0.0822211237436151,0.0344739709655875,24.60543428591514,,,,,,,4.8048412828758345,0.5452380952380952
Batch_3,ufdvpb81,32,25,0.008452325857028365,0.2669526249844792,0.0,1.9318260319897054,2.7927690171687867,1.446701357925748,-1.4006106715129074,0.5100358422939069,0.1866410067137685,24.60543428591514,,,,,,,1.3608351542018455,0.7105538140020898
Batch_3,ufdvpb81,32,26,0.0,0.0,0.2682688574462691,0.5577410953779821,4.1739900471757485,1.7811442379458955,-1.8187261661416052,0.044449901768172886,0.0470393591083246,27.86485545106234,,,,,,,23.47608303844528,0.68125
Batch_3,ufdvpb81,32,27,0.0,1.0028636826831585,0.48862327018148216,3.328330935527455,0.18018211160790445,0.537166295212021,0.39853221437752995,0.053418803418803416,0.046302154733031,17.575310204225097,,,,,,,8.269371197376499,0.7472527472527473
Batch_3,ufdvpb81,32,28,0.07185427988284038,2.279311993004854,1.4912707923225559,0.0,1.1575629347897494,-0.02157893663820726,0.876562184986261,0.028514588859416445,0.0372596576329572,24.60543428591514,,,,,,,6.800128674731388,0.8565022421524664
Batch_3,ufdvpb81,32,29,2.0240084513081906,0.5123214969301508,0.29701105284584955,0.46582888531446315,1.700830113601346,-0.13856985740587582,-1.5654082296089187,0.01424287856071964,0.0962991988854057,62.695924764890265,0.9130439004165554,1.808627852097988,3.777964438223469,,2.112611534536304,1.780021031767754,3.8120532495519206,0.805701425356339
Batch_3,ufdvpb81,32,30,0.0,0.014660823952403071,1.3927782754782918,0.007696932575011612,3.584863967994294,1.4325528089222388,-0.3996537085188552,0.2320675105485232,0.1194681711132201,35.150620408450195,1.0115589138883512,2.9971739868676965,5.210436660455198,,2.6978985437376304,2.0203983283287963,1.8512151090316555,0.6110542476970318
Batch_3,ufdvpb81,32,31,0.441699185068424,0.15217376845757785,3.1660048970005157,0.0,1.240122149473482,0.2889344320705075,2.3250942297295625,0.029336734693877552,0.0444128088860768,31.635558367605185,,,,,,,7.727119446579639,0.7675213675213676
Batch_3,utfgcjfa,16,0,3.50331582261142,0.5986052301466382,0.4148455035253745,0.18138352325978188,0.3018499204567847,-1.3640307022392255,-1.487737368008728,0.13330206378986867,0.1118973257856724,46.13773889588841,0.8538507386293683,2.110811818698619,5.208298042603039,0.3464497939917543,1.7965114071975778,0.934289607176399,4.323482392701513,0.7576261785912368
Batch_3,utfgcjfa,16,1,0.42104718138408576,0.05034665144982425,0.35018893119544425,2.939498568351961,1.238918667618685,0.9049789778742668,-0.4797939933059411,0.04097985347985348,0.0591355113360359,26.49638324368723,0.8991702346646204,1.9334132255161325,4.958131957700819,,2.4924894944797904,1.2170763095793071,4.711419573230053,0.7265214124718257
Batch_3,utfgcjfa,16,2,1.631002736999254,0.858422493157502,0.028614083105250068,2.481960686737995,0.0,-0.3276934560836031,-0.7868872853943769,0.01932903799155743,0.0178295742906322,12.421698933508418,,,,,,,11.391860107403533,0.8481012658227848
Batch_3,utfgcjfa,16,3,1.106710104935295,0.038258363149868774,0.8451620223107376,2.7260822760788317,0.2837872335252667,0.20839563402178107,0.14991335308045672,0.03848185980979218,0.0317338349981894,26.49638324368723,0.6699380116989518,2.0927670193781744,2.2068396540328883,0.0730648661683144,3.252039447967169,1.1955031833093748,3.592005011132362,0.7670083876980429
Batch_3,utfgcjfa,16,4,1.3523904775426663,2.469245005886514,0.820493361494785,0.015206304412561078,0.3426648506634736,-0.8946979910464676,-0.027034302608284877,0.06107505408553836,0.0685367238656327,35.490568381452626,0.8641488892437709,1.5400214184237664,5.373146813262207,,2.596196932388482,1.3970759547872516,3.079427695138429,0.8514084507042253
Batch_3,utfgcjfa,16,5,1.3585863262801652,3.373355153512953,0.0,0.14053420012258935,0.12752432008429251,-1.1389889931564219,-0.7430553231822289,0.10552214324767632,0.0830124394442177,23.06886944794421,0.7998767850296815,4.269027296188221,5.259687462980406,,2.599364484826992,1.900896719763213,5.004497976820453,0.856560717196414
Batch_3,utfgcjfa,16,6,3.5448112729538415,1.3245903825798264,0.0,0.0,0.13059834446633195,-1.6306032479109696,-1.8377048087100867,0.014917782675029667,0.032784858200189,12.364978847054042,,,,,,,13.279796654452356,0.76007326007326
Batch_3,utfgcjfa,16,7,2.3821767684131956,0.14770883832441373,0.33110571812318246,1.275847482708191,0.8631611924310167,-0.3819785015161161,-1.2915632622989237,0.1308046297587505,0.044624953418629,21.29434102887157,0.7181569898360113,2.810751027342657,3.943277563154562,,2.995559644493082,2.485573387185343,4.772263526503148,0.7017364657814096
Batch_3,utfgcjfa,16,8,0.0,0.1734274619808329,4.459052476084508,0.16091207812654598,0.20660798380811365,0.08014011675238807,4.355748484180451,0.04141414141414142,0.0124039536493176,12.421698933508418,,,,,,,18.216668191087507,0.6974789915966386
Batch_3,utfgcjfa,16,9,0.0,0.01878594471443653,1.2765704757112453,2.101550140883981,1.6030934386903366,1.0577902147100435,0.47502375636607697,0.24927499684781237,0.151387085662807,24.729957694108084,1.2088793546507697,4.952521795006231,6.04183562732032,0.4231041814316088,1.6637784675055087,0.9581901814449352,5.929850334676959,0.7706681766704416
Batch_3,utfgcjfa,16,10,1.0255822816319966,0.4381981817260605,0.9478694649375369,1.6484193088620478,0.9399307628423583,0.20778361791134187,-0.03488705729964059,0.062401359718344054,0.0781369226128156,30.166983124234733,1.3195283541573994,2.989314867707659,3.62840142384516,,2.171542790810557,1.5904183322760206,4.229154756621082,0.8817204301075269
Batch_3,utfgcjfa,16,11,0.6427328836749594,3.823027423213359,0.16733301561439876,0.0,0.36690667749728256,-0.8749359671137424,-0.33748676497172225,0.09730826746421704,0.0458493780277891,19.51981260979894,1.0233472165128858,1.8788444953689591,4.713938178899935,,2.868996876453525,2.4843679216828547,7.72843773751556,0.6118769883351007
Batch_3,utfgcjfa,16,12,0.028179279310827844,4.357080167040201,0.24515973000420221,0.28010203634962877,0.08947878729513936,-0.7908758229443899,0.1863306967012186,0.08375243764754182,0.0391749026257915,21.197106594949783,0.5000058189663624,1.7186852369570758,4.622913124684446,,2.9810335315624696,2.0899062219168894,6.654134021530266,0.6526479750778816
Batch_3,utfgcjfa,16,13,0.9219628590418465,0.1466846364656332,1.7166248984889574,1.7490003435588164,0.46572726244474655,0.13796890277979648,1.0227798377456607,0.14408158836931756,0.0570930436858868,32.43666965504502,0.392656386407923,2.773290941180519,3.571369084732701,1.429485445484997,2.174214344605292,2.0359741908188838,4.379497660185804,0.6196189131968949
Batch_3,utfgcjfa,16,14,0.0,1.416179907337663,0.6456309570988712,0.0,2.938189135563466,0.8920396727578538,-0.8234636106828619,0.0,0.0026734071139044,9.108712483490455,,,,,,,12.095060966908406,0.9078947368421052
Batch_3,utfgcjfa,16,15,1.3542610716458539,0.0,0.052487195415373104,2.4242134546418574,1.1690382782969158,0.41075357358879605,-1.2091624795560116,0.1955175829618623,0.1145375636843949,34.14471969880762,0.6603669768180366,3.773572656097233,5.667789138073871,0.3829787234042554,1.798490495551448,1.9273261645061943,7.246584866305969,0.7562065541211519
Batch_3,utfgcjfa,32,0,3.3893032820562956,0.012856532127287988,0.9862031519307162,0.19284798190931984,0.4187890519763797,-1.1522074020755604,-0.9178430150856216,0.08944014565316341,0.082604297907831,39.03962521959788,1.0060941497019324,1.868651773722484,4.063731892634535,,3.1890868274489987,2.6297433876511693,4.9751884386423,0.7988505747126436
Batch_3,utfgcjfa,32,1,3.570174852698397,0.9420989338532769,0.07979097339070769,0.17466055592611604,0.23327468413150232,-1.48824774301219,-1.821933795024242,0.07389083945100543,0.1411903536635139,63.88302308661473,0.8538507386293683,2.5261238925124414,4.737177110469615,,1.855821645866453,1.1145894398981684,2.9966648127543394,0.7323688969258589
Batch_3,utfgcjfa,32,2,0.48680477615989076,0.05820960565242272,0.33847807731223584,2.8647749626273815,1.2517325782480688,0.8672841922302628,-0.5307905998917439,0.11030341340075854,0.101828732196237,45.71830490592578,0.8991702346646204,1.7957287966164308,4.949778978860205,,2.6073973960017733,1.5454733877226872,3.4179672321425203,0.6983349657198825
Batch_3,utfgcjfa,32,3,0.0,0.0,0.4251737604906305,3.4179552953727312,1.156870944136639,1.1463394367292017,-0.15326171157768897,0.0,0.0160506095505119,21.29434102887157,,,,,,,19.60055802764733,0.8262295081967214
Batch_3,utfgcjfa,32,4,2.15129635707253,1.1322612405644896,0.037742041352149654,1.6787003610108302,0.0,-0.7512307187397441,-1.0379061371841154,0.00846740050804403,0.0270349404645715,21.29434102887157,,,,,,,11.399988976507316,0.9217758985200846
Batch_3,utfgcjfa,32,5,0.0,0.0,0.0,5.0,0.0,0.9999999999999999,0.0,0.026414212248714354,0.0086242081166929,7.098113676290525,,,,,,,22.35458286227652,0.6289308176100629
Batch_3,utfgcjfa,32,6,0.21394226519825343,0.0,1.666018490692782,3.0316074174901444,0.08843182661881949,0.5561173080662551,1.5148314447842455,0.06696508504923904,0.0292353557042216,28.3924547051621,,,,,,,3.2575296657425525,0.6768402154398564
Batch_3,utfgcjfa,32,7,1.8624656126620225,0.07064524737683534,0.15028170805617697,2.467445822016376,0.4491616098885887,-0.08596148618146565,-1.0055319032191288,0.0010396811644429042,0.0342096008440302,28.134341480569717,,,,,,,4.0663864519066495,0.8643410852713178
Batch_3,utfgcjfa,32,8,2.100946693693553,2.36572680496234,0.24748591481204213,0.0,0.28584058653206484,-1.1991878038570634,-0.9459077253007668,0.008993816750983699,0.0743704860433339,46.13773889588841,0.9755749892701916,1.4191264677831472,4.083657054304242,,3.124136019843863,3.457807314407205,4.354896610190269,0.7955112219451371
Batch_3,utfgcjfa,32,9,0.46465240160699933,2.5920107334697904,1.500042228018943,0.03323997393535611,0.4100546629689113,-0.5335932473621221,1.0626886957309876,0.05711954304365565,0.0627029616879314,35.490568381452626,0.7076583979036166,2.6052162109229737,3.49205551784347,,3.5449240835267366,2.326798563572002,3.0500000000000003,0.9238249594813616
Batch_3,utfgcjfa,32,10,1.1974584401580857,3.7021717802036003,0.0,0.04091610697688641,0.059453672661427426,-1.1874530416440061,-0.6284560564097565,0.10160847391133777,0.1507018259897432,24.84339786701684,,,,,,,4.744733922992943,0.816953316953317
Batch_3,utfgcjfa,32,11,2.942146299812378,0.14175532811288744,0.0,1.1195777955038253,0.7965205765709085,-0.6626857958184006,-1.8693334381916433,0.002382573179033356,0.0153230528986921,35.490568381452626,0.5894150307018959,0.8291154574515345,1.7489877089980448,,4.578459444135922,5.566246836087484,10.169715967108386,0.9363867684478372
Batch_3,utfgcjfa,32,12,,,,,,,,0.0,0.0,0.0,,,,,,,,
Batch_3,utfgcjfa,32,13,3.544811272953842,1.3245903825798266,0.0,0.0,0.13059834446633198,-1.6306032479109698,-1.837704808710087,0.03453011575436531,0.0652716722349217,24.6175487954985,,,,,,,13.429135078189642,0.76007326007326
Batch_3,utfgcjfa,32,14,3.279046660130892,0.20331999682043397,0.0,1.1858058874963566,0.3318274555523171,-0.9823905036962459,-1.8054370578416044,0.23560555923229648,0.0648235231487232,28.3924547051621,,,,,,,4.707926722169731,0.8661844484629295
Batch_3,utfgcjfa,32,15,0.0,0.0,1.2105558556355311,1.515007028909138,2.2744371154553304,1.2127762519639596,0.07333729790786592,0.033743070619426364,0.0244263836885347,21.29434102887157,,,,,,,15.85794359241435,0.488262910798122
Batch_3,utfgcjfa,32,16,0.0,0.27838148098613524,4.594729392358789,0.0,0.12688912665507557,-0.004920645535196816,4.531284829031251,0.07940606843124597,0.0154561425301226,10.647170514435787,,,,,,,19.77382104048916,0.5652173913043478
Batch_3,utfgcjfa,32,17,0.0,0.0,4.234858076843389,0.4268054052809688,0.33833651787564173,0.22069568820645039,4.065689817905569,0.0,0.0093517647685127,14.19622735258105,,,,,,,19.650063613128587,0.7808219178082192
Batch_3,utfgcjfa,32,18,0.0,0.06293105373874448,2.048980975493745,0.08120135966289611,2.806886611104615,1.126408705626676,0.6455376699414377,0.0464818763326226,0.0647881132407244,31.65113416564093,,,,,,,6.0,0.7405582922824302
Batch_3,utfgcjfa,32,19,0.0,0.006680239731968893,1.0647559883899307,2.655580855672412,1.2729829162056887,1.038973289670364,0.42826453028708633,0.2601049058932428,0.2387805440704133,31.941511543307364,,,,,,,5.062374757948818,0.7854039965247611
Batch_3,utfgcjfa,32,20,0.0,0.7485089115873568,0.7119551330350065,3.189176587236589,0.3503593681410479,0.6282772823862655,0.5367754489644825,0.11077694235588972,0.0788600429435877,35.490568381452626,1.2344349584097871,2.262743852924654,3.62840142384516,,2.402871199898267,1.1990058001624333,4.8859492424707,0.8745148771021992
Batch_3,utfgcjfa,32,21,2.069123369192035,0.12245365072098878,1.1879148546578164,0.08068207827878233,1.5398260471503777,-0.2200732433051043,-0.61655985351339,0.04694008330663249,0.0774138022820435,31.941511543307364,,,,,,,4.951009997970111,0.8883374689826302
Batch_3,utfgcjfa,32,22,2.4731096657977463,1.5498748581870458,0.0,0.0,0.9770154760152074,-0.908412647550425,-1.7250625709064769,0.0021659085986571367,0.0198747182936134,21.29434102887157,,,,,,,11.55324087212913,0.5575916230366492
Batch_3,utfgcjfa,32,23,0.13586036001196722,4.452514525846744,0.21367129347336664,0.0,0.19795382066792214,-0.8656655209069667,0.04676420313342197,0.1810326659641728,0.0718240377619647,28.3924547051621,,,,,,,9.289052695769856,0.65
Batch_3,utfgcjfa,32,24,0.03659612024277085,4.914127026199269,0.0,0.0,0.04927685355796008,-0.9777531119137781,-0.042936486900365466,0.1890655105973025,0.0600580270793036,14.067170740284856,,,,,,,7.312258538571136,0.5416666666666666
Batch_3,utfgcjfa,32,25,0.0,2.492107410588322,1.0659456475967748,1.2178735330013726,0.22407340881353024,-0.1652174119919777,0.9539089431900096,0.00554462529064568,0.0181001898745408,28.3924547051621,,,,,,,7.408272403199009,0.7301587301587301
Batch_3,utfgcjfa,32,26,1.0960316861597026,0.0,1.750948021746984,2.1428360574852836,0.010184234608029965,-0.005771769123612381,1.1978400613631177,0.16643772893772893,0.0919205721079623,46.13773889588841,0.4068428945128219,2.7727176598079275,3.5526028468134885,0.4311377245508982,2.506848275848857,3.475626252702126,2.981400478627147,0.6195320447609359
Batch_3,utfgcjfa,32,27,0.27102802828366845,0.7964054369566256,1.3617290386240115,0.08622498681167785,2.4846125093240166,0.7433977023871495,-0.01609123017983105,0.09321509589606104,0.0211687182537866,36.60824600741316,0.3720532589372983,1.2460081101546812,1.9429758748218564,,3.386319861016774,3.1673163004817173,6.334300419440396,0.6153846153846154
Batch_3,utfgcjfa,32,28,0.0,0.0,5.0,0.0,0.0,0.0,5.0,0.0,0.0003860507013254,7.353346691913155,,,,,,,25.442498877623088,0.8235294117647058
Batch_3,utfgcjfa,32,29,0.0,1.5446245978970783,0.2506983772768785,0.0,3.2046770248260428,0.9729458903510013,-1.351640135136143,0.0,0.004919838232108,14.443561782335522,,,,,,,7.669004170654477,0.917910447761194
Batch_3,utfgcjfa,32,30,1.8924456791814623,0.0,0.061907544848428926,2.1146903009566316,0.9309564750134767,0.038342378524131804,-1.3497935322490406,0.07177814029363784,0.083530525319451,47.32607666824419,0.5140011726956918,2.8887520815571057,3.631908820917217,,2.9292791497888424,2.9136604824503305,6.536034302149291,0.7859424920127795
Batch_3,utfgcjfa,32,31,1.051932345617382,0.0,0.04652130245383824,2.5963171626046697,1.3052291893241097,0.6205821700036249,-1.1320594650169076,0.16589615931721194,0.1447660284279452,46.13773889588841,0.6840435166640879,2.981899770735782,5.407397354073678,,2.242806687721129,2.685085436068605,8.27635940263022,0.7303370786516854
Batch_3,vc2whyaq,16,0,1.9102710878774876,0.0,0.022890215629909363,2.8669405122450398,0.1998981842475635,-0.11076105900296171,-1.032194420432616,0.14675615212527965,0.0939790250740865,21.29434102887157,1.353123534835332,3.5106920675326085,5.66217023202512,,2.340012864892882,1.8582971767749537,4.680838537698252,0.7032400589101621
Batch_3,vc2whyaq,16,1,1.6124503311258278,0.0,2.8357615894039734,0.5517880794701987,0.0,-0.5346225165562916,2.0295364238410594,0.1962454035223534,0.0833532056207661,17.664255495791487,1.5281859723805278,3.758774543974865,5.473511348998774,,1.746450026864817,1.8941894913222783,7.383935265155024,0.8232758620689655
Batch_3,vc2whyaq,16,2,0.0,0.2025672639803938,2.437948962328137,1.8023292461845293,0.5571545275069402,0.5428142074436031,2.159371698574667,0.016047828823159218,0.0339904436377767,15.89782994621234,,,,,,,17.150072886142496,0.8021978021978022
Batch_3,vc2whyaq,16,3,1.8146640902869406,0.0,1.7450088513155104,0.47670304171072364,0.9636240166868255,-0.24507542109790134,0.35586479782862734,0.057462545040773756,0.0916277749188153,17.745284190726313,1.6840418992627058,4.221801030969653,4.928834599938094,,2.1975090696504216,1.7270928155455074,7.200694410957877,0.7587108013937283
Batch_3,vc2whyaq,16,4,0.14325160246618307,0.0,2.7553456758872117,0.24454666864519956,1.856856053001405,0.7343511139431286,1.7552918481534177,0.010959674019952226,0.0369412453640445,15.970755771653682,,,,,,,10.305944886326532,0.8138639281129654
Batch_3,vc2whyaq,16,5,0.47114682249817386,0.0,2.212563915266618,2.3162892622352085,0.0,0.2747991234477721,1.976990504017531,0.07051193597350627,0.0604559144343463,17.664255495791487,1.046793170312729,3.120159787688298,4.812176661332248,,2.4313826327473014,2.963755023001128,10.470339057032216,0.7653575025176234
Batch_3,vc2whyaq,16,6,0.009890541167170589,1.2994894894801872,0.04339076124952258,1.6963873350272909,1.9508418730758281,0.8557601018728836,-0.9369754458719768,0.15333579063767047,0.0690760711162926,30.029234342845527,0.6955796338302048,2.820551312473081,3.887180250148498,0.7059605232463265,2.23434336994318,1.7491611368479751,3.792920604827765,0.720112517580872
Batch_3,vc2whyaq,16,7,0.46937739583451815,1.736916041996064,0.13290483204986747,0.20613063483216362,2.4546710952873863,0.48796039834836713,-1.3291194135110849,0.12048584752196075,0.0604404379536138,24.84339786701684,0.7611304725706094,3.0449065808646862,3.806921212469204,,2.0870269124994087,1.250014540588272,6.173532214219021,0.7978910369068541
Batch_3,vc2whyaq,16,8,0.04111892551369446,0.24236765038559746,0.028081217423986463,0.07856054874567642,4.609871657931045,1.7947396726389557,-2.297414074298383,0.103047161461626,0.0660568203999787,24.84339786701684,0.7661847201924394,2.2665227209811545,5.450491874824985,,2.6565937532356863,1.8917407969536544,3.4946387510013106,0.8462291870714985
Batch_3,vc2whyaq,16,9,0.2597906810218226,1.1442381013773972,2.5056823783520894,0.00025197932203862525,1.0900368599266521,0.10330124715086003,1.830768607877852,0.2794660299544172,0.0875352181093947,12.364978847054042,,,,,,,5.1210350516277465,0.6118421052631579
Batch_3,vc2whyaq,16,10,0.6269726756244928,0.0,0.3018757327080891,0.12771665614573,3.943434935521688,1.352128235188024,-1.9833280728650013,0.0,0.0018944914019236,8.832127747895743,,,,,,,9.100515088898185,0.9834710743801652
Batch_3,vc2whyaq,16,11,0.40947915907043264,2.1219016186741504,0.36162582539208327,1.8075233885594248,0.29947000830390896,-0.10687930632955459,0.007151241704912492,0.05694008912361776,0.0365197948645147,24.84339786701684,0.7448708949736923,2.475025125845182,3.0814256286437414,0.2413793103448276,2.4806129369043384,1.438056640887076,6.80018382104484,0.7513171759747103
Batch_3,vc2whyaq,16,12,0.32242462296300434,2.818322698489423,0.10570273769301207,1.6089958148832757,0.14455412597128467,-0.31301357551791736,-0.12778663677413243,0.1305066614801128,0.0709190282682377,24.84339786701684,1.08871773358986,3.096945143354301,3.6467776248023096,,2.024597614864864,1.5643667640285226,7.472800677945273,0.697056712132089
Batch_3,vc2whyaq,16,13,0.6594968786698806,3.5644971877124667,0.7107979479572284,0.065207985660424,0.0,-0.9636565918783605,0.3810495086222881,0.16407338597306084,0.0714474974166026,15.89782994621234,,,,,,,18.58952659597037,0.8088235294117647
Batch_3,vc2whyaq,16,14,2.538077013200031,0.5858002030774037,1.876122783722565,0.0,0.0,-1.1323908458954934,0.6070842771225493,0.04514648010494097,0.0565388657781546,21.197106594949783,0.9777413790233996,3.514255454841311,3.866654284268591,0.6588235294117648,1.7608351445317287,1.188449910636959,15.749607137947944,0.7993827160493827
Batch_3,vc2whyaq,16,15,3.1260907504363002,0.0,0.021087841768470044,1.8528214077952299,0.0,-0.8798720186154745,-1.54195753344968,0.06238207547169811,0.0305041435238585,15.970755771653682,,,,,,,7.224385734386235,0.6484771573604061
Batch_3,vc2whyaq,32,0,1.6333310732931043,0.0,0.0,3.366668926706895,0.0,0.0200013560241371,-0.8166655366465522,0.24939383443020435,0.1308625982645112,21.29434102887157,,,,,,,8.01931102984022,0.6217687074829932
Batch_3,vc2whyaq,32,1,2.544613340992858,0.0,0.07532117609896467,1.7222924596649862,0.6577730232431906,-0.41027763516687016,-1.5258720060190596,0.059455212152959666,0.0570954518836619,24.84339786701684,,,,,,,4.623985469762013,0.7990353697749196
Batch_3,vc2whyaq,32,2,1.641369993642721,0.0,2.5309917355371905,0.8276382708200891,0.0,-0.4910203432930706,1.71030673871583,0.17692463944749137,0.1106382978723404,31.65113416564093,,,,,,,15.474212365140907,0.8368617683686177
Batch_3,vc2whyaq,32,3,1.5546018121125418,0.0,3.445398187887459,0.0,0.0,-0.6218407248450168,2.668097281831188,0.12474588800591388,0.0558177914219296,10.647170514435787,,,,,,,7.5504635580074515,0.7927170868347339
Batch_3,vc2whyaq,32,4,0.0,0.0,2.248847926267281,2.751152073732719,0.0,0.5502304147465437,2.248847926267281,0.0,0.019253633346938,10.647170514435787,,,,,,,18.7766477306254,0.889344262295082
Batch_3,vc2whyaq,32,5,0.0,0.28203922009169613,2.5121377969064858,1.4300834813623822,0.7757395016394365,0.5399046529099119,2.1242680460867676,0.026909722222222224,0.0485932829259715,24.6175487954985,,,,,,,3.464859300935013,0.7702702702702703
Batch_3,vc2whyaq,32,6,2.3707753032251104,0.0,0.20081402650673222,0.48643786032456005,1.9419728099435973,-0.07423342524769365,-1.9555600300776215,0.04392309049215029,0.0908469824144233,28.3924547051621,,,,,,,7.504765150226085,0.7617728531855956
Batch_3,vc2whyaq,32,7,1.2669227076332215,0.0,3.2659625540086417,0.4671147383581373,0.0,-0.41334613538166115,2.632501200192031,0.046955095345499284,0.0924085674232072,14.19622735258105,,,,,,,13.915701560643122,0.7535211267605634
Batch_3,vc2whyaq,32,8,0.0,0.0,2.612704450663107,0.27781689233008805,2.1094786570068047,0.8993548412687393,1.5579651221597048,0.026,0.0650187212748212,28.3924547051621,,,,,,,14.8884390573369,0.819935691318328
Batch_3,vc2whyaq,32,9,1.1961961961961962,0.0,3.803803803803804,0.0,0.0,-0.4784784784784785,3.2057057057057055,0.0,0.0088637694532677,7.098113676290525,,,,,,,21.33553959626449,0.7898089171974523
Batch_3,vc2whyaq,32,10,1.5247148288973382,0.0,2.0215462610899873,1.453738910012674,0.0,-0.3191381495564005,1.2591888466413181,0.007371913011426466,0.0346843678565148,17.58396342535607,,,,,,,14.870734675403993,0.7633136094674556
Batch_3,vc2whyaq,32,11,0.04463827603899436,0.0,2.2898922524371472,2.6654694715238585,0.0,0.515238583889174,2.26757311441765,0.06991618879576533,0.0864638972193139,28.3924547051621,,,,,,,12.706764930087749,0.7675840978593272
Batch_3,vc2whyaq,32,12,0.0,0.0,0.1279381571352374,4.664098404974317,0.20796343789044516,1.0160050561510414,0.02395643819001482,0.057334710743801656,0.0471492200947598,24.84339786701684,,,,,,,7.704057372579725,0.7276785714285714
Batch_3,vc2whyaq,32,13,0.014966488284375464,1.966403444589073,0.0,0.173321590131961,2.84530847699459,0.7735204245926636,-1.4301374826394828,0.20318725099601595,0.0908035871285387,49.235097590997,0.8306583203708846,2.543879456081387,3.048712626104121,0.8355658198614319,2.843932070827421,2.532450923608549,2.343608329051593,0.7166324435318275
Batch_3,vc2whyaq,32,14,0.5897156372493633,2.182223855780795,0.166978764681372,0.0,2.0610817422884695,0.15210167085948334,-1.1584199250875444,0.2662337662337662,0.0962504214504995,39.03962521959788,0.7046725639945928,2.6263615961254736,3.806921212469204,,2.535847163221028,1.8807933713816396,3.290896271458071,0.8140350877192982
Batch_3,vc2whyaq,32,15,0.0,0.0,0.0,1.0101398960752104,3.9898601039247894,1.7979720207849577,-1.9949300519623947,0.009508716323296355,0.0246304544567281,14.19622735258105,,,,,,,38.62118102887203,0.7491166077738516
Batch_3,vc2whyaq,32,16,0.05823604212538618,0.0,0.0,0.06373000836363016,4.878033949510984,1.9406651646269646,-2.468134995818185,0.061501042390548995,0.0401841960498997,21.29434102887157,,,,,,,4.560975772792484,0.9080118694362018
Batch_3,vc2whyaq,32,17,0.033633892514289734,0.3483510296122866,0.04036067101714769,0.08504569964327548,4.492608707213001,1.7309288598856816,-2.2227606288464976,0.08547008547008547,0.0919294447500576,35.490568381452626,0.987297383075354,1.990213180817728,4.839220838786083,,2.8300806108871157,2.3262383493568914,3.3365401241405745,0.8157894736842105
Batch_3,vc2whyaq,32,18,0.3011070809628803,1.2164025142680859,2.5662734436671477,0.0,0.9162169611018864,0.002763449201985231,1.9576114226347643,0.4462764495740588,0.1503868471953578,21.100756110427284,,,,,,,2.912880874881714,0.6251572327044025
Batch_3,vc2whyaq,32,19,0.0,0.6904802232186633,2.124695793255302,0.0018363835723900622,2.1829875999536448,0.7354662720522032,1.0332019932784795,0.04053811659192825,0.0241069685731016,14.19622735258105,,,,,,,7.101531469524698,0.5724907063197026
Batch_3,vc2whyaq,32,20,0.0,0.0,0.3922487659836246,0.16595140099307193,4.441799833023304,1.809910213407936,-1.8286511505280274,0.0,0.0029279718914698,7.098113676290525,,,,,,,6.414397509126846,1.0
Batch_3,vc2whyaq,32,21,2.7212681638044915,0.0,0.0,0.0,2.2787318361955085,-0.17701453104359358,-2.5,0.0,0.0008704061895551,10.550378055213642,,,,,,,19.86420146380693,0.9666666666666668
Batch_3,vc2whyaq,32,22,3.1356811734587975,0.0,0.0,1.60856371885224,0.2557551076889622,-0.8302576825374868,-1.69571814057388,0.0052434456928838954,0.0043564672688233,14.19622735258105,,,,,,,12.85688528938439,0.7739130434782608
Batch_3,vc2whyaq,32,23,0.23701361840332208,2.256137786051188,0.38450307115973714,1.8201100152385548,0.3022355091471974,-0.06111679786497653,0.11487850738447741,0.09994488333639537,0.0686831224602062,42.58868205774315,0.8265379195944392,2.752908794206749,3.0814256286437414,,2.857596302263051,1.7154470936970818,3.447426540414045,0.7482014388489209
Batch_3,vc2whyaq,32,24,0.3704551399424536,3.1462780941266426,0.21890530996599528,0.9649967806193285,0.29936467534558037,-0.4646924485402119,-0.11600459767802168,0.0683240611961057,0.0684790516920128,42.58868205774315,0.8268749351387545,2.411795807948822,2.834456125481373,,2.66992236812156,2.1749324014033946,7.613310712167212,0.768361581920904
Batch_3,vc2whyaq,32,25,0.27757619738751815,2.5120948234155787,0.0,2.2103289791969036,0.0,-0.17138364779874224,-0.13878809869375908,0.14279408519090708,0.0733590048444625,21.29434102887157,,,,,,,7.535953145350722,0.6233576642335766
Batch_3,vc2whyaq,32,26,0.04459229898074746,4.806058890147226,0.0,0.1493488108720272,0.0,-0.9491789354473387,-0.02229614949037373,0.12691741962597183,0.0621065588183576,14.067170740284856,,,,,,,10.772609922096356,0.8958990536277602
Batch_3,vc2whyaq,32,27,1.136039495337356,2.6023038946791,1.2616566099835436,0.0,0.0,-0.9748765770707626,0.6936368623148655,0.048793148196210744,0.0808741326992351,21.29434102887157,,,,,,,25.73956099081723,0.7601410934744268
Batch_3,vc2whyaq,32,28,2.4105375989445914,0.6184036939313984,1.9710587071240109,0.0,0.0,-1.0878957783641159,0.7657899076517152,0.11198208286674133,0.1076074033325643,24.84339786701684,,,,,,,14.753050532008627,0.834625322997416
Batch_3,vc2whyaq,32,29,4.82962962962963,0.0,0.1703703703703704,0.0,0.0,-1.9318518518518526,-2.2444444444444445,0.0023314203730272595,0.0059345876560576,17.58396342535607,,,,,,,25.206172355876124,0.6616161616161617
Batch_3,vc2whyaq,32,30,3.1762559038213825,0.0,0.0,1.8237440961786173,0.0,-0.9057535422928299,-1.5881279519106912,0.050831443688586546,0.0413287668802015,17.745284190726313,,,,,,,13.521626147694668,0.5412262156448203
Batch_3,vc2whyaq,32,31,3.0207394048692517,0.0,0.06537421100090172,1.9138863841298466,0.0,-0.8255184851217314,-1.4449954914337242,0.0075282308657465494,0.0196795201675154,24.84339786701684,,,,,,,6.366670854872572,0.8095238095238095
Batch_3,x77cy643,16,0,0.08925773097604339,0.6173659725843003,0.0,2.275328325464306,2.01804797097535,1.1031085665757236,-1.0536528509756966,0.18836265223274695,0.0595265558177914,12.421698933508418,,,,,,,7.916596465723194,0.8204301075268817
Batch_3,x77cy643,16,1,0.017524682269842988,1.3038818795315645,0.5708039367891715,2.541761708955928,0.5660277924534931,0.4669772099583326,0.2790276994275035,0.2072484166080225,0.0969635144802734,19.43068104537064,1.0689866656791416,3.779228041950722,5.073002493391805,,2.267360131118702,1.0258439570412936,3.086766062275444,0.7368050668543279
Batch_3,x77cy643,16,2,1.4530913012221423,0.7946920680565541,0.7446681044811887,2.007548526240115,0.0,-0.3386652288521448,0.018122453870117572,0.1854930440108496,0.0740510709279009,17.745284190726313,1.978432079594116,3.061744366222003,4.557380834809874,,2.036656271086582,1.4328893339896895,10.384242870811526,0.7106557377049181
Batch_3,x77cy643,16,3,0.24390143892930616,2.581554191264734,0.8404569064403796,0.34631892627191524,0.9877685370936641,-0.1495002137328206,0.22462191842889456,0.047071583514099784,0.0417847963752947,24.729957694108084,0.6743389944563607,2.4105448224418944,2.7783114908082074,0.9524551831644584,3.2952927861912054,2.12280990658486,7.194616042569611,0.8310749774164409
Batch_3,x77cy643,16,4,2.423265716482346,1.2401679578922464,0.2818025903365071,1.0547637352888994,0.0,-1.0063871311136081,-0.9298302679046659,0.09585642213216441,0.0750137525952478,21.29434102887157,1.133351953274352,3.263809489734805,4.925604483200871,,1.5692394127796965,1.246011836565841,13.730445185172636,0.6484194294525829
Batch_3,x77cy643,16,5,1.1212805893058166,1.6263566387099573,0.1618908873914708,1.2786636190580576,0.8118082655346978,-0.19332753343882753,-0.8046535400287864,0.06334338783933957,0.1130862598264511,30.166983124234733,1.7679940843579836,3.3213183983999617,4.025562855752819,,2.1347897116204746,0.9876313969010988,2.8848743473503315,0.8693039559339009
Batch_3,x77cy643,16,6,0.00343194429903546,1.719223465169448,0.37263689941632394,0.39575736627298386,2.5089503248422087,0.7375141324379761,-0.8835542351542981,0.1780026895038573,0.1219451878151965,35.328510991582974,0.9719216641787282,3.774400421968192,4.790630730274596,0.6880609696268205,1.622495126906307,1.4133800126467844,8.062071690829468,0.7618059159314997
Batch_3,x77cy643,16,7,0.9307655899107421,2.2978707691481395,0.0,1.541364413009691,0.22999922793142688,-0.4316078160194158,-0.5803824089210845,0.10351533283470456,0.0640516032864266,28.3924547051621,0.9200151834336746,2.747320575765157,3.3339737889698493,1.122160764887632,2.5768019953853605,2.2605563038532006,6.297181885743578,0.8175824175824176
Batch_3,x77cy643,16,8,0.0,3.1020883990131076,1.846174719981719,0.0,0.051736881005173686,-0.599722927400552,1.820306279479132,0.0013247957606535659,0.0120623569286462,10.647170514435787,,,,,,,9.728694625102536,0.8754325259515571
Batch_3,x77cy643,16,9,0.023628101933925737,1.2475637821112788,2.1029010721193906,0.0,1.6259070438354053,0.391398820338336,1.278133499234725,0.006427221172022685,0.0232373281047137,14.13140439663319,,,,,,,9.000020833172584,0.7847328244274809
Batch_3,x77cy643,16,10,1.6445397228340985,1.107710678108717,1.0402731986096327,1.1497756405685413,0.05770075987901056,-0.6263225926900705,0.18915295725307824,0.05347658136166104,0.0332191720050396,15.970755771653682,,,,,,,8.430005931196016,0.7798013245033113
Batch_3,x77cy643,16,11,0.7764021479713604,0.11560262529832935,2.461217183770883,1.6467780429594272,0.0,-0.004325775656324756,2.0730161097852027,0.05643144503642492,0.0297410963036573,17.745284190726313,0.8720249549145781,2.0693252231651043,3.503885316346528,,2.564810648764896,1.4063485483488964,12.379721277113624,0.762063227953411
Batch_3,x77cy643,16,12,0.5416189430157441,0.7921772663610039,2.5109438314956436,0.8364518353831853,0.318808123744423,-0.08026941390409217,2.08073029811556,0.07469164001827318,0.1111788240905116,12.364978847054042,,,,,,,5.000999900019995,0.8140403286034354
Batch_3,x77cy643,16,13,0.16143759852850614,0.021872190768378253,0.013539927618519871,1.8674684784620097,2.9356818046225857,1.4788169399763578,-1.535019773957026,0.10007283321194464,0.0423846112895498,17.745284190726313,1.0266643353893323,2.574431191040992,4.189463822993846,,2.761732416206724,2.116266698529604,6.333442981506979,0.928
Batch_3,x77cy643,16,14,0.9437710370305845,1.3639678849320078,0.0005572902492061319,1.7128315809350465,0.9788722068531551,0.08381320712963589,-0.9607643316926637,0.11618062088428975,0.0791667770682635,28.26280879326638,1.1556385099428492,3.1923184135698754,3.62269466107174,0.7747653806047967,2.6142215251172805,1.4600947589296704,4.949747468305834,0.8215962441314554
Batch_3,x77cy643,16,15,0.12054631173333626,0.007581529039832469,0.9711938700025393,2.6489862465174645,1.2516920427068265,0.9807392358849224,0.2850746927824579,0.08509810028028651,0.0582666406402498,23.06886944794421,1.2360774464742068,2.739288371838011,2.9174657421389827,0.0015240583496625,2.4299033567221926,2.99354007339443,12.070190553431168,0.7288651942117289
Batch_3,x77cy643,32,0,0.14355484062044496,0.0,0.0,2.234670352324927,2.6217748070546287,1.4382220570386584,-1.3826648238375367,0.13544554455445545,0.073980089791138,21.29434102887157,,,,,,,10.7504651062175,0.7705977382875606
Batch_3,x77cy643,32,1,0.0,1.6322392550772398,0.0,2.3421650033698707,1.0255957415528898,0.552223446279682,-0.5127978707764449,0.09145299145299145,0.0450730218444448,7.098113676290525,,,,,,,9.12059474452196,0.919614147909968
Batch_3,x77cy643,32,2,0.0076969014989653394,2.2564749561133386,1.5842788918703659,0.8402450803037163,0.31130417021361395,-0.16180306767606498,1.4247783560140763,0.0753474762253109,0.0685159134868999,21.100756110427284,,,,,,,2.3977052177005134,0.8621621621621621
Batch_3,x77cy643,32,3,0.02292984119329702,0.7799673673596879,0.013405137928389028,3.4775749920541847,0.7061226614644411,0.8127986530473569,-0.35112111340048,0.31661016949152543,0.1256721026387237,24.84339786701684,,,,,,,4.144875828899677,0.6014705882352941
Batch_3,x77cy643,32,4,0.8968168812589413,1.1860693848354793,0.0,2.91711373390558,0.0,-0.012517882689556552,-0.44840844062947066,0.38908341915550976,0.0992316291945415,14.19622735258105,,,,,,,7.389779652787608,0.6235955056179775
Batch_3,x77cy643,32,5,2.582607116920842,0.0,2.256717501815541,0.16067538126361658,0.0,-1.000907770515614,0.9654139433551201,0.03513842409491938,0.0488705126612602,21.29434102887157,,,,,,,16.350718632271295,0.8326771653543307
Batch_3,x77cy643,32,6,0.05753288069576353,1.7388669165510622,1.3670499413082917,0.2799361060719241,1.5566141553729593,0.30784634777505054,0.5599764232739303,0.05280685061845861,0.0515855411424414,21.29434102887157,,,,,,,3.7476659402887016,0.7872696817420436
Batch_3,x77cy643,32,7,0.5413507622953219,3.9265061619648036,0.0,0.4522677254619145,0.07987535027796036,-0.8794378521075226,-0.3106130562866411,0.0,0.0320731492878494,31.65113416564093,,,,,,,7.539852435393004,0.8823529411764706
Batch_3,x77cy643,32,8,0.9105929869653019,2.761152928217367,0.33871856067560124,0.9895355241417293,0.0,-0.7185606756012483,-0.1165779328070497,0.0699641209636084,0.0483292814934431,28.3924547051621,,,,,,,15.998453032632613,0.6512
Batch_3,x77cy643,32,9,3.1421217937532715,0.5173617169778398,0.2547548420868958,1.0857616471819926,0.0,-1.1431687314604777,-1.3163060547897398,0.08145072658444255,0.1016982236970525,31.941511543307364,,,,,,,4.993145299804386,0.6477611940298508
Batch_3,x77cy643,32,10,3.3901955913500506,0.01767480323196402,0.0,1.4771085558141357,0.11502104960384905,-1.0181830661820466,-1.7526083204769498,0.015324421258558853,0.0527034940464571,28.3924547051621,,,,,,,4.997324228275742,0.9217391304347826
Batch_3,x77cy643,32,11,0.4325420960775812,2.1146786351058116,0.21103353299473246,1.2184248412250354,1.023320894596839,0.05706076063154783,-0.5168979623424776,0.08694306930693069,0.1734690256064451,46.13773889588841,1.6506764146050092,3.2500561099349854,4.017251701041172,,2.157618693492538,1.1800932404665718,2.2638462845343543,0.8477801268498943
Batch_3,x77cy643,32,12,0.005344945639690578,1.6023584401935542,0.5747223127309394,0.616356626134845,2.2012176753009705,0.68114872905277,-0.5285589977393911,0.28327367393426617,0.1573651802033609,42.58868205774315,0.7603009958358499,3.5228682510372176,4.790630730274596,,1.9223763569879837,1.914165737637265,3.829817061065381,0.8070539419087137
Batch_3,x77cy643,32,13,0.0,1.928880535292204,0.010093566380388299,0.0,3.061025898327408,0.8386342522725222,-1.5204193827833157,0.052737066265814855,0.0868471953578336,35.16792685071214,1.2337421663781356,2.6233353536979584,3.086586284794393,,2.534031456195811,3.288633051757919,9.519716382329886,0.7165109034267912
Batch_3,x77cy643,32,14,1.6356362426543372,1.9521913995722084,0.0,1.007994252066696,0.4041781057067587,-0.6814226842801342,-1.0199071741805479,0.042537496926481434,0.0729863538764573,39.03962521959788,0.9788323438736636,2.2979906465843345,2.797720518790148,,3.411218037177428,3.3246106223013028,3.0882816609357366,0.8339575530586767
Batch_3,x77cy643,32,15,0.0,2.7543324775353017,0.0,2.2456675224646983,0.0,-0.10173299101412075,0.0,0.11764705882352941,0.0551168526963959,24.84339786701684,,,,,,,12.66173368541875,0.7939609236234458
Batch_3,x77cy643,32,16,0.0,4.6078431372549025,0.39215686274509803,0.0,0.0,-0.9215686274509804,0.39215686274509803,0.0,0.0022625237343176,7.098113676290525,,,,,,,27.490534348014837,0.631578947368421
Batch_3,x77cy643,32,17,0.0,2.9462660457199594,1.9966431053639393,0.0,0.05709084891610128,-0.5664168695775513,1.9680976809058888,0.0028680688336520078,0.0218621901229748,17.745284190726313,,,,,,,5.921729048581408,0.9353448275862069
Batch_3,x77cy643,32,18,0.05509034817100045,0.04186866460996034,4.90304098721904,0.0,0.0,-0.030409872190392238,4.875495813133539,0.006346835915624417,0.0199490065060664,10.550378055213642,,,,,,,21.328244183952947,0.6229508196721312
Batch_3,x77cy643,32,19,0.0,2.1530390912450392,0.0,0.0,2.846960908754961,0.7081765452529765,-1.4234804543774806,0.006509668772735976,0.0265558177914219,17.745284190726313,,,,,,,13.345692186895471,0.8807785888077859
Batch_3,x77cy643,32,20,0.0,4.145088170886319,0.0,0.0,0.8549118291136808,-0.48705290253179134,-0.4274559145568404,0.0,0.0044806842581583,21.29434102887157,,,,,,,11.740953928442702,0.8224852071005917
Batch_3,x77cy643,32,21,1.7635686667621366,0.8878705427466705,1.1155663754833165,1.2329944150078762,0.0,-0.6364026922526134,0.23378204210224818,0.17590745911447947,0.0619576597519209,14.19622735258105,,,,,,,5.568213357981176,0.7615740740740741
Batch_3,x77cy643,32,22,0.47847847847847846,0.0,2.3113113113113113,2.21021021021021,0.0,0.25065065065065056,2.0720720720720722,0.10122095313115399,0.0443188472663389,21.29434102887157,,,,,,,10.935492497291056,0.6943127962085308
Batch_3,x77cy643,32,23,1.6471620830895262,0.45348156816851964,2.8993563487419545,0.0,0.0,-0.7495611468695145,2.0757753071971914,0.0012138868657441126,0.0151633453409756,14.19622735258105,,,,,,,22.800169955382334,0.9217877094972068
Batch_3,x77cy643,32,24,0.07289002557544758,1.581841432225064,3.3452685421994883,0.0,0.0,-0.34552429667519186,3.3088235294117645,0.029927563858177658,0.0687532969931422,14.067170740284856,,,,,,,18.46327435749141,0.7545454545454545
Batch_3,x77cy643,32,25,0.7527172712719888,0.4365414626045658,2.1351945548897464,1.2131590909980448,0.46238762023565433,0.03919166526416181,1.527642109135925,0.08785496957403652,0.1539935762071229,14.19622735258105,,,,,,,4.069705149024927,0.8431590656284761
Batch_3,x77cy643,32,26,0.0,0.03255287207985462,0.0,2.232972011001456,2.734475116918689,1.533873874551796,-1.3672375584593446,0.10970970970970971,0.0570865792415665,14.19622735258105,,,,,,,8.845676909497657,0.9157303370786516
Batch_3,x77cy643,32,27,0.4920339199832342,0.0,0.0412673610308519,1.118980366413484,3.34771835257243,1.3660698463183747,-1.8786087752469802,0.07433155080213903,0.027682643337533,24.84339786701684,,,,,,,8.081343960252548,0.9387755102040816
Batch_3,x77cy643,32,28,2.67630176301763,0.869208692086921,0.002050020500205002,1.452439524395244,0.0,-0.9538745387453875,-1.33610086100861,0.04642289348171701,0.0432807481411814,21.29434102887157,,,,,,,7.504831776928781,0.884313725490196
Batch_3,x77cy643,32,29,0.2969545881802206,1.5486794051099908,0.0,1.81004536352119,1.3443206431885983,0.47121961368559084,-0.8206376156844095,0.1586761521806372,0.1147265693687357,45.71830490592578,1.3422495877444909,2.940205628195469,3.27618823667344,,2.695676889341626,2.0950371233133693,1.7214091669449474,0.7944630872483222
Batch_3,x77cy643,32,30,0.0,0.016140582910100086,0.575411780745068,2.4767724475548585,1.9316751887899732,1.2647964484449408,-0.3904258136499186,0.09975942261427426,0.0545135130339112,28.3924547051621,,,,,,,16.768713425289512,0.6702453987730062
Batch_3,x77cy643,32,31,0.22732509556898592,0.0,1.3217739047391666,2.8015316023108676,0.6493693973809793,0.7291240411869707,0.8834266582641839,0.042063852322590405,0.0620197682465884,31.941511543307364,,,,,,,10.91203464070748,0.7911585365853658
Batch_3,x7u69zsw,16,0,0.6193836624866732,0.787175712037366,2.6481190028938415,0.16703051226075039,0.7782911103213687,-0.06046606082144494,1.9492816164898206,0.15334932644399335,0.087721564086577,35.628395831477675,0.4350985584590197,2.415311095798837,5.993170075759484,0.925090841330476,2.32706519298241,1.4715368823828234,2.8940453484652706,0.7975543478260869
Batch_3,x7u69zsw,16,1,0.7226414070133536,0.9453370969492997,0.23450222559982625,0.2434589078275974,2.8540603626099226,0.712191944414287,-1.5538486592118117,0.33067127131448304,0.1633373232256062,54.971849093407805,0.4259537945889915,2.626967516446403,8.142137311265273,1.1769424389628058,1.7490375590943588,1.1514114087653426,1.1280514172678475,0.6879459256477657
Batch_3,x7u69zsw,16,2,2.4118125904486254,0.23607091172214184,0.2785817655571636,0.1257235890014472,1.9478111432706227,-0.20767004341534034,-1.9012301013024604,0.019268239878761636,0.0490136099658642,46.10542182027751,0.5586196134650974,1.4270410203902752,4.002168596244835,0.1678624887829493,2.7031664670728355,2.2525725955864124,4.430011286667337,0.7498408656906429
Batch_3,x7u69zsw,16,3,1.269829193137292,0.4886445771674211,2.056149427473656,0.9105261155704341,0.2748506866511964,-0.3136150949138357,1.2838094875794117,0.2566957568462233,0.1170704551527567,46.31691458092099,0.9192084191478428,2.5818908230985,5.985197957555273,0.7146542707869188,1.626773907312392,1.3046787458148466,2.933428028774526,0.7188328912466844
Batch_3,x7u69zsw,16,4,1.863793440698963,0.9085870770033251,2.0310360565951617,0.19658342570254933,0.0,-0.8879181065397407,1.0991393362456803,0.08730542395823263,0.0683040883584216,21.377037498886608,1.0112370562384223,2.824762167229086,4.75361113472561,,1.961788701852624,1.4002482564428953,7.900948676074598,0.6355140186915887
Batch_3,x7u69zsw,16,5,3.186082413015081,0.14012587578672364,0.6709416933855836,0.972568578553616,0.030281439258995364,-1.095831848949056,-0.9372402327514546,0.0313035352748793,0.0373320920335151,39.01228000177328,0.4314234878849263,1.1996501727150428,4.044495648530853,0.8045480527467365,2.207447013919301,1.591580258128474,4.510834126899039,0.7238325281803543
Batch_3,x7u69zsw,16,6,0.41836507818869045,0.1422960053361002,0.530645519899207,3.6489290743348404,0.2597643222411621,0.6378863114207365,0.19158081968428076,0.2595751797959525,0.1194573746508844,40.78556545639934,0.8611980229936855,2.5284702426478765,7.210157460939165,,1.9632866613646625,1.341032261508276,2.018043607061057,0.7191304347826087
Batch_3,x7u69zsw,16,7,2.2029039119578284,1.5758808841209655,0.08785720891519468,0.8334874687875705,0.29987052621844074,-0.9096920373624341,-1.1635300101729398,0.13207314059797381,0.096312461031442,44.5354947893471,0.6432750982580687,2.753682363318941,3.657672007753664,0.868905166444378,2.1563332821637604,1.580989785977473,3.25,0.7338296882270824
Batch_3,x7u69zsw,16,8,1.7047973400886638,1.3560797973400887,0.5735433818872704,0.4108613046231792,0.954718176060798,-0.48907536415452846,-0.7562143761874605,0.04811876119785001,0.0561681660283245,71.25679166295535,0.5061399606061898,1.6984702273189785,2.811340334065501,1.176337417164176,1.943125972433169,1.3211517958756007,2.750658968885269,0.6652415562206071
Batch_3,x7u69zsw,16,9,2.1690821256038646,1.4750402576489532,0.030595813204508857,1.0909822866344605,0.23429951690821257,-0.8507246376811595,-1.1710950080515299,0.05421003813253633,0.0549718490934078,31.919138183269045,0.7803290619728503,2.603376029961314,2.9613235831910423,,2.364735611862029,1.4597594806308547,4.673983838005564,0.6598591549295775
Batch_3,x7u69zsw,16,10,2.3224016645199645,1.257141913537435,0.5431156907427591,0.3992866343010007,0.4780540968988408,-0.9093100828957368,-0.8571121899666435,0.1882289610622645,0.134233275701556,39.01228000177328,0.6997205046987441,3.687259421062745,6.062610209937821,0.5510369544847364,2.1863811407021343,1.31315448220771,2.623451924468981,0.7652259332023575
Batch_3,x7u69zsw,16,11,0.08161305808929428,1.9071051368218914,1.2445991358617379,0.07801248199711953,1.6886701872299568,0.2770043206913105,0.3594575132021124,0.07063793831854669,0.0370179032689053,28.50271666518214,0.4510066539283606,2.635108153287021,3.023550881198871,,2.9285158488912577,1.880829025973835,5.597320787662612,0.6685185185185185
Batch_3,x7u69zsw,16,12,0.0,0.033835082854690696,0.016009770911731697,1.2514029180695847,3.698752228163993,1.7230144583085758,-1.8333663431702647,0.03585613415710503,0.1349158279148481,37.40981562305157,0.5527906391541368,3.1910395263956643,7.394973863806095,1.3115422093378968,1.521669824065903,0.7057320660685275,8.533829685054585,0.752103196859226
Batch_3,x7u69zsw,16,13,0.9656549997018663,1.4689046568481308,0.024148828334625245,1.4450539621966492,1.096237552918729,0.04746288235644854,-1.0067974479756725,0.2794799176107106,0.0741720973533714,35.46570909252116,1.093274570250806,2.924469891600795,3.4146289887647026,,2.22084726230003,1.3164309267313226,2.534758371127316,0.6740298507462686
Batch_3,x7u69zsw,16,14,0.19626538101748578,0.6979923724544864,0.3624883068288119,0.0,3.7432539396992155,1.2791969489817943,-1.6072713535295389,0.1204507385411908,0.1231280755419603,42.5588509110254,0.4360615611951323,2.288421251739799,7.860681592966188,0.9966276875010618,1.803185211229778,1.6509352653607294,2.6248809496813377,0.7213220998055736
Batch_3,x7u69zsw,16,15,0.7324159021406728,0.0,0.172782874617737,2.8960244648318043,1.1987767584097861,0.7657492354740061,-0.7928134556574925,0.13967203682393556,0.0728155339805825,39.19123541462545,0.380284674027501,2.178401345150678,5.480485458451878,0.4801954459922389,2.255337134404979,2.42454794959808,5.141594142385524,0.6690091356289529
Batch_3,x7u69zsw,32,0,0.46182408911580414,0.5581341378510096,3.5982826641912276,0.36899512647946164,0.0127639823624971,-0.2174518449756324,3.360988628452077,0.20618556701030927,0.0767613788189186,28.50271666518214,,,,,,,2.6278792996391305,0.7274678111587983
Batch_3,x7u69zsw,32,1,0.7419442187923099,0.9653398321148119,1.909017059301381,0.009928693925444536,1.3737701958660529,0.061648163191623626,0.8511598519721997,0.10855043420173681,0.0986817493542353,46.31691458092099,0.541151637980601,2.957781114159052,3.6940418000746966,,2.7803522319646423,2.0310472483397515,3.8940499331388954,0.8300198807157058
Batch_3,x7u69zsw,32,2,0.41704774099140296,0.41384671666361805,0.36240168282421803,0.35988659228095843,3.4468172672398025,1.2011157856228276,-1.5695308212913848,0.21975662133142448,0.193009708737864,60.017652250661946,0.4259537945889915,2.352606319634564,6.927136157331287,,1.8008308231853676,1.2691399205204676,1.2093386622447824,0.6479514415781487
Batch_3,x7u69zsw,32,3,1.1688701923076923,1.7214209401709402,0.04774305555555555,0.0734508547008547,1.9885149572649572,-0.001736111111111169,-1.5309495192307692,0.3806416530723219,0.1333927139930524,64.13111249665982,0.6675310225670794,2.716731597066484,4.278923305376207,,2.3416068191407446,1.76550977134807,1.011496274747333,0.7271375464684015
Batch_3,x7u69zsw,32,4,2.4907591697469433,0.26727324424225196,0.022035825988058002,0.0,2.219931760022747,-0.16178561273812941,-2.333309638896787,0.008627773212818405,0.0626525340696535,60.56827291351205,0.3241022407214287,1.675976599015652,3.304725736723981,,3.099165006954325,4.060979830980969,5.251618032676016,0.7084309133489461
Batch_3,x7u69zsw,32,5,2.273744405768275,0.18150174042764797,0.7272501243162607,0.34559920437593245,1.471904525111885,-0.2879164594728995,-1.1455743411238193,0.031121281464530894,0.0354986760812003,35.30450132391879,0.8342178043730315,1.726893576804907,2.257463461011604,,4.027284311495973,2.7943939774649778,3.338056630556137,0.799163179916318
Batch_3,x7u69zsw,32,6,1.0209252134747113,0.6859341278033216,0.9674392418128929,1.9799193018673171,0.3457821150417566,-0.011260204560382797,0.2840855775546589,0.09457040572792363,0.0949229535940144,60.56827291351205,0.9853147481188748,2.2472742518735087,2.561942593640569,,2.172079719723332,1.9499141165805067,2.976827127324992,0.7
Batch_3,x7u69zsw,32,7,1.4395393474088292,0.354126679462572,2.798464491362764,0.1813819577735125,0.22648752399232247,-0.5197696737044145,1.965451055662188,0.19702489374620522,0.139217956711499,64.13111249665982,0.835211441662264,1.9668969482081848,5.4091630348894135,,2.0980800647472506,1.7480190973621346,2.7333129529464326,0.7379679144385026
Batch_3,x7u69zsw,32,8,1.6839876828329483,0.6959199384141647,2.387990762124711,0.2321016166281755,0.0,-0.7663587374903773,1.545996920708237,0.20748181503290614,0.1157032154627237,35.628395831477675,1.0344963008547547,2.986813515814616,4.413679308065777,,2.3142380568651486,2.028804391090388,5.850758493359476,0.6626402070750647
Batch_3,x7u69zsw,32,9,2.8589688964635704,2.085641244141457,0.055389859394972304,0.0,0.0,-1.5607158074137197,-1.374094588836813,0.0002682403433476395,0.0209049612541195,21.377037498886608,,,,,,,13.157697366940766,0.5630630630630631
Batch_3,x7u69zsw,32,10,2.8939301042305337,0.22838749233599023,1.3657265481299818,0.4337829552421828,0.0781729000613121,-1.0852237890864502,-0.12032495401594101,0.01547911547911548,0.0287908208296557,42.36540158870255,0.4125563888340225,1.068372351641697,2.451467040600377,0.1898734177215189,3.37542283120629,4.166560796120811,7.020861750149564,0.7059859154929577
Batch_3,x7u69zsw,32,11,3.3708082961814303,0.08431866640821865,0.23163403760418685,1.313238999806164,0.0,-1.102539251792983,-1.4537701104865284,0.023819651212250107,0.0459517235236483,53.44259374721652,0.4145929793656026,1.4369488961929917,3.2168702802312428,,3.00379907547279,2.1809726531249134,4.026102293295077,0.7388724035608308
Batch_3,x7u69zsw,32,12,0.884,0.0,0.293,3.7065,0.11649999999999999,0.4342999999999999,-0.20725,0.16461916461916462,0.0888928475995368,49.87975416406875,0.8792982459638158,2.4929014810894823,3.5909237654544217,,2.5698291069780077,3.077433683435448,8.990592254125193,0.6822107081174439
Batch_3,x7u69zsw,32,13,0.14423643000117745,0.2260685270222536,0.6705522194748617,3.6150359119274693,0.3441069115742376,0.7577416696102669,0.42638054868715414,0.3124600638977636,0.1497440423654016,38.83495145631067,0.7898654169668589,2.6927865134961504,6.252330535266936,,2.6574107204177158,1.7077347027938,1.7677669529663689,0.7565674255691769
Batch_3,x7u69zsw,32,14,1.8258012605605471,2.287112779938313,0.0,0.04224218854767332,0.8448437709534665,-0.8413571141209603,-1.3353225157570068,0.035739150614991874,0.0664202369288322,46.31691458092099,0.6333012368467128,2.053997462048126,2.5501119533728014,,3.13869679532462,3.0397483218986885,7.647385174031711,0.753125
Batch_3,x7u69zsw,32,15,2.4013691862516757,1.201566800762227,0.13409556073117365,1.2499117792363608,0.013056673018561647,-0.9456560095984191,-1.073117368903945,0.22430647291941877,0.1262046851340518,57.00543333036428,0.699721851773254,2.9039629300952257,3.657672007753664,,2.2412304392337545,1.9986765196545333,1.5,0.7186183656276327
Batch_3,x7u69zsw,32,16,0.843873249014008,1.770705834353325,0.98531211750306,0.5630354957160343,0.8370733034135727,-0.24425404596763237,0.14483884128926972,0.04593088071348941,0.0653157566580564,92.63382916184196,0.4635004251072572,1.7135901586190587,2.1155228667504637,0.6976769768573549,2.291817920793815,1.6924905747585688,2.6925824035672523,0.6868840030326004
Batch_3,x7u69zsw,32,17,2.903959083159689,0.7785565448001516,0.0,0.19890130706573214,1.1185830649744268,-0.8300814548209892,-2.011271074067058,0.02313006908981676,0.0470205753985926,60.56827291351205,0.5698035485213009,1.814722030930315,2.020870069979274,,2.9782762596083843,3.98162781758084,3.058267162139638,0.6372549019607843
Batch_3,x7u69zsw,32,18,3.768099547511312,0.4117647058823529,0.0,0.16176470588235292,0.6583710407239819,-1.2938914027149324,-2.213235294117647,0.011725906925613778,0.0388349514563106,42.36540158870255,0.5876022103361478,1.6270176777399927,2.714566975625165,,3.496688035437929,1.924900859584168,4.874679476642541,0.6940639269406392
Batch_3,x7u69zsw,32,19,1.2856250000000002,2.0625,0.0475,1.604375,0.0,-0.6058750000000002,-0.5953125000000001,0.09681978798586573,0.0712567916629553,35.628395831477675,0.8638586409403306,2.59020100865352,2.900505178729662,,2.372711895337388,1.7794268960918118,13.212650144014765,0.6307490144546649
Batch_3,x7u69zsw,32,20,2.406285807824521,1.436609919790473,0.46284170895400223,0.49476182681289893,0.1995007366181044,-1.0710836470780811,-0.8400515632673105,0.33856893542757416,0.2176538701344972,39.19123541462545,1.0881694613449235,4.829673742557378,5.814438322966407,,2.39508004518302,1.6259714687304672,1.1672617529928753,0.7204585537918872
Batch_3,x7u69zsw,32,21,1.971589936676365,0.506589080951566,0.8788293684750984,0.0,1.642991613896971,-0.2327571453020711,-0.9284614068115694,0.06613837244742457,0.0515710503089143,49.42630185348631,0.6997205046987441,1.7569797269942655,1.911595536035256,,3.456902541334381,2.8578821044308547,5.235311096208423,0.8215077605321508
Batch_3,x7u69zsw,32,22,0.2370990237099024,0.14644351464435149,3.615760111576012,0.195258019525802,0.8054393305439331,0.23709902370990232,3.094490934449094,0.06341911764705882,0.0253674178320121,32.06555624832991,,,,,,,5.99528970819737,0.7027649769585254
Batch_3,x7u69zsw,32,23,0.0,2.8312591508052707,0.0,0.016471449487554905,2.152269399707174,0.29795021961932644,-1.076134699853587,0.0795176182400603,0.0486683887057985,24.93987708203437,,,,,,,5.374476718714112,0.6455108359133127
Batch_3,x7u69zsw,32,24,0.0,0.006716668532407925,0.0033583342662039627,1.4418448449569015,3.548080152244487,1.7062576961826932,-1.7706817418560394,0.03699582753824757,0.1591342299812951,35.628395831477675,1.0929795297696834,3.502595079869166,5.2098257163644,,1.793513055728246,1.3517506801600243,8.331851432729724,0.7371980676328502
Batch_3,x7u69zsw,32,25,0.0,0.07281943997425169,0.03419697457354361,0.9776311554554232,3.9153524299967812,1.7471033150949467,-1.923479240424847,0.03291278113000549,0.1106974258484011,46.31691458092099,0.4107362166615078,2.2585562694301684,5.248176297675546,,1.8328537068114363,0.9269654724776052,10.612916648135126,0.7727272727272727
Batch_3,x7u69zsw,32,26,0.1392730146187278,1.923152903990518,0.010865270644014225,0.9383642828921377,1.9883445278546032,0.5426708810746741,-1.0529435005926513,0.08251586843623773,0.0445013239187996,35.30450132391879,0.9988517850583932,1.85064004966232,2.48947654819209,,3.992883961786474,2.8340661184931317,4.631630124843509,0.7239057239057239
Batch_3,x7u69zsw,32,27,1.322913997779486,1.2725254078059611,0.029891536424972245,1.6641045349730976,0.710564523016483,-0.16662396447177408,-0.9868477239730121,0.4186424918642492,0.1041150797185356,42.754074997773216,1.2522345136944988,2.757802583049201,3.4146289887647026,,2.111847039079434,1.4063954719497838,1.389874033895544,0.6466234967622572
Batch_3,x7u69zsw,32,28,0.47501301405517954,2.106975533576262,0.04880270692347735,0.0,2.3692087454450803,0.3362831858407077,-1.3733081728266525,0.04789316140916417,0.0684421483922686,57.00543333036428,0.3523073200728283,2.1429230097876006,3.178045419532528,,2.8348948477470244,2.8675131494630386,2.881405906844782,0.7307692307692307
Batch_3,x7u69zsw,32,29,0.08975634012928892,0.1596220785678767,0.48234709099950274,0.0,4.268274490303332,1.6394828443560419,-1.6966683242168077,0.13174460431654678,0.1773168578993821,45.89585172109443,0.3826519928662906,2.2429757980912326,7.392175468775843,,2.1459024919264893,2.1270247683901355,2.540447521830877,0.7080491132332879
Batch_3,x7u69zsw,32,30,1.7175122197876287,0.0,0.026967807180178664,0.042137198719029156,3.213382774313164,0.6067756615540196,-2.438479689870218,0.002561117578579744,0.0528458181170392,53.44259374721652,0.3612575996921783,1.684237849366425,3.2912133669566908,0.2300163132137031,3.205712930386976,3.633555734882255,3.493386512820609,0.7190721649484536
Batch_3,x7u69zsw,32,31,0.171354516655467,0.0,0.2558318133819718,4.52145531342997,0.05135835653259096,0.8562925986368436,0.1444753767879428,0.26684230334964243,0.0927852498441257,32.06555624832991,,,,,,,6.639879484513831,0.6137071651090342
Batch_3,xgj4xftb,16,0,0.5990843053825372,0.2151316108783227,0.028393004481402993,4.1082493407322325,0.04914173852550518,0.5586465192279692,-0.2957200174726182,0.005916305916305917,0.0260773556127211,22.76504200150249,0.7288843304732904,1.6073845838476246,2.9305290869122373,,2.900898642751782,1.53464458889772,5.88017855396218,0.8851132686084142
Batch_3,xgj4xftb,16,1,3.9860212810348425,0.006298004465622097,0.2907578728295534,0.5174860335919489,0.19943680807803305,-1.4123961833574583,-1.8019711717268845,0.07693619924940294,0.0271196618965067,20.394982834222777,,,,,,,5.49939768336341,0.6868686868686869
Batch_3,xgj4xftb,16,2,1.00679983000425,3.6883006496266164,0.0,0.0,0.30489952036913365,-1.0184202537793696,-0.6558496751866918,0.0,0.0028836239618387,18.128873630420248,,,,,,,13.809706720884412,0.8772727272727273
Batch_3,xgj4xftb,16,3,1.6517883322862765,0.6636742589076785,0.6261606469158332,1.2303977543559126,0.8279790075342996,-0.2161790308111438,-0.6137230229944548,0.35451505016722407,0.2341156919434516,36.42406720240398,0.5197151932486445,5.431141815751699,6.876172663171008,,1.6462468514035042,1.1025288851677213,1.2349089035228469,0.7520710059171598
Batch_3,xgj4xftb,16,4,0.4574549481139149,0.15696165543333246,0.9193468389666615,2.7972809307583173,0.668955626727774,0.6126641265105406,0.35614155154581706,0.22486772486772486,0.0455983791290094,40.97707560270448,0.4651923281825344,1.1873656582344772,4.2934048852750095,0.8966678984322838,2.262257009269258,2.031034605352363,2.353401706803933,0.7343941248470012
Batch_3,xgj4xftb,16,5,1.5730257856567285,3.316377921031427,0.07131345688960516,0.03928283642224013,0.0,-1.284629331184529,-0.715199435938759,0.17445540867622417,0.0939245612246054,18.128873630420248,,,,,,,3.774420213018044,0.7239884393063584
Batch_3,xgj4xftb,16,6,0.0,4.041314086610255,0.9477351916376309,0.010950721752115483,0.0,-0.8060726729716277,0.9477351916376309,0.12985212569316082,0.056907667380491,15.862764426617716,,,,,,,4.323258638332549,0.7331189710610932
Batch_3,xgj4xftb,16,7,1.1196105702364394,0.0,3.730876216968011,0.06954102920723226,0.0799721835883171,-0.40194714881780247,3.1310848400556326,0.0005931198102016608,0.0080815899105333,15.93552940105174,,,,,,,9.043899865009683,0.8561872909698997
Batch_3,xgj4xftb,16,8,2.6943891998196032,0.8846016947630914,1.3551345111264377,0.026520940558661346,0.03935365373220716,-1.2336303692758446,-0.01173691564946755,0.00866765725606736,0.0332597263641951,29.594554601953234,0.3826519928662906,1.866146365438369,3.378077769929061,0.5705521472392638,2.755928363632675,2.3507692498038635,5.436037147097576,0.8573298429319371
Batch_3,xgj4xftb,16,9,2.0086056889333617,2.4539043358619117,0.36242394031476016,0.06183183359943493,0.11323420129053145,-1.2365630955096272,-0.6984960047971864,0.2504923198109492,0.0762375788889266,24.92720124182784,0.6530966601401967,3.5597635552065405,4.993954303205027,,2.313911925083344,1.1810819984948835,4.2392362556151255,0.7342130065975495
Batch_3,xgj4xftb,16,10,0.05356110665230608,1.7737791768722475,3.1174185875337352,0.008084067650006447,0.04715706129170427,-0.3557006399886889,3.06705950356173,0.25708864762306316,0.0841009778261214,40.789965668445554,0.3847204421305215,2.5819095750526877,4.866768808042547,0.8342773422889086,1.6723198999341904,1.1562581222933297,2.213594362117865,0.4879101899827288
Batch_3,xgj4xftb,16,11,0.024420230585587566,2.319495488853923,2.330622391059099,0.29996273861452893,0.025499150886861038,-0.4034749819273694,2.3056627003228747,0.21751968503937008,0.0613802444965511,27.318050401802985,0.4000018683758849,3.648851471067976,3.9702273944726794,,2.310107143953461,1.5605984734652394,5.703704905582289,0.8136986301369863
Batch_3,xgj4xftb,16,12,0.29302587059279994,4.108411593162921,0.5884245680933528,0.010137968150926394,0.0,-0.9368650732395187,0.4419116327969528,0.16870238239206675,0.0673902155849477,40.97707560270448,0.404762843924516,2.3306556407406664,4.407183823592443,,1.752392755233206,1.2295631061235015,4.271123973850443,0.61003861003861
Batch_3,xgj4xftb,16,13,1.6390689130253262,0.11619317999344848,2.126161771223401,1.118576135757825,0.0,-0.45515097405725546,1.3066273147107377,0.028156698146204966,0.0163046557213592,38.52385646464302,0.4068428945128219,1.1420591545015009,1.8931902488734416,,2.7743499567563075,1.8066951613866664,5.714236606931848,0.6918918918918919
Batch_3,xgj4xftb,16,14,2.575809618998684,0.16362714942318385,0.5872333237138654,1.021671957374026,0.651657950490241,-0.5980517058132088,-1.026500461030597,0.08242338851708347,0.0497920844805511,58.9188392988658,0.5147369776831578,1.670740037898418,2.935954992478095,1.0208703464655573,1.964864171856191,1.6233387609312964,2.8429737951659,0.6019900497512438
Batch_3,xgj4xftb,16,15,2.5101070921680786,0.026127908477054748,0.24386047911917766,2.104748182873855,0.11515633736183391,-0.5422562470431379,-1.0687712356457786,0.1579391891891892,0.0294978031734468,27.318050401802985,0.5621752705043159,2.021302785923359,2.728018537139553,,3.1347468516360717,1.8952877988301864,3.240909919680944,0.6159420289855072
Batch_3,xgj4xftb,32,0,0.4853405941556863,0.0,0.034132347936014,4.421451840326737,0.0590752175815627,0.7137842174356979,-0.23807555793261054,0.015613099771515614,0.043378787533863,22.76504200150249,,,,,,,3.3856313228946293,0.9036144578313252
Batch_3,xgj4xftb,32,1,1.1617838071871842,1.2794053976042719,0.0,2.5588107952085437,0.0,-0.2088324433540195,-0.5808919035935921,0.0,0.0087759236915792,22.76504200150249,,,,,,,6.520323943079641,0.8472906403940886
Batch_3,xgj4xftb,32,2,4.096473831564874,0.006726001253859492,0.28585505328902844,0.552653103025455,0.05829201086678227,-1.5060873079249177,-1.7915278679267996,0.1532319391634981,0.0505639521768554,22.558087074216104,,,,,,,5.680800503352693,0.6338329764453962
Batch_3,xgj4xftb,32,3,2.3607038123167152,0.0,0.36290322580645157,0.0,2.2763929618768324,-0.033724340175953285,-1.9556451612903225,0.0,0.0034602863842283,18.21203360120199,,,,,,,7.2630916282255455,0.8818897637795275
Batch_3,xgj4xftb,32,4,1.1289400231465723,3.8710599768534273,0.0,0.0,0.0,-1.2257880046293146,-0.5644700115732861,0.0,0.005167664534341,27.318050401802985,,,,,,,13.203171929941982,0.8950276243093923
Batch_3,xgj4xftb,32,5,0.0,2.181818181818182,0.0,0.0,2.818181818181819,0.6909090909090911,-1.4090909090909094,0.0,0.0006203473945409,9.02323482968644,,,,,,,14.222187759768008,0.7948717948717948
Batch_3,xgj4xftb,32,6,3.4110714228678813,1.245055974618452,0.10887502462031483,0.08354271691162772,0.15145486098172511,-1.536149276295827,-1.6723881173044886,0.021408839779005526,0.1060395656429986,50.08309240330548,0.3989422804014327,2.8039711462031187,4.387639674858871,,2.8511947067219467,2.2362307186539745,4.092094772491939,0.7883435582822086
Batch_3,xgj4xftb,32,7,1.138167932702899,0.493940626650053,0.7771815084500198,1.5652205840357047,1.0254893481613239,0.16918455766050017,-0.3046471319820918,0.5462616822429907,0.3621918182439047,45.53008400300498,1.0569071447760747,4.786744829458322,6.876172663171008,,1.729928060081195,1.1835245243316157,0.5656854249492381,0.7261208576998051
Batch_3,xgj4xftb,32,8,0.4332227698814969,0.15107234497768873,0.9736512806271306,2.9888365695806174,0.4532170349330662,0.5755505509412133,0.5304313782198491,0.2745664739884393,0.0853347599426321,59.18910920390647,0.458349784423754,1.3444185788627276,4.2934048852750095,,2.463469686207549,2.048131646243048,2.3194827009486403,0.7034596375617792
Batch_3,xgj4xftb,32,9,0.8113166798646605,0.24296306961341876,0.12634079619897776,0.0,3.819379454322943,1.154632495860629,-2.189007270894824,0.007886435331230283,0.0058619983153868,40.97707560270448,,,,,,,3.196247421131839,0.8229665071770335
Batch_3,xgj4xftb,32,10,2.0598445718868215,2.9068222706432914,0.012820445180726073,0.020512712289161714,0.0,-1.4011997404255545,-1.0171018407626846,0.2299687825182102,0.1323031806902774,13.53485224452966,,,,,,,3.286715685908959,0.8746438746438746
Batch_3,xgj4xftb,32,11,0.3978093357957079,4.30507546328727,0.21251990065592566,0.08459530026109661,0.0,-1.0032197669235179,0.013615232758071721,0.10060887213685125,0.0551938443326427,27.318050401802985,,,,,,,13.056779823689642,0.5689149560117303
Batch_3,xgj4xftb,32,12,0.0,4.614373932466167,0.3711733018000263,0.014452765733806333,0.0,-0.9199842333464721,0.3711733018000263,0.2691552062868369,0.0866323673367177,13.659025200901493,,,,,,,3.063596125513261,0.6513157894736842
Batch_3,xgj4xftb,32,13,0.0,2.249383730484799,2.750616269515201,0.0,0.0,-0.4498767460969597,2.750616269515201,0.0,0.027453191969321,22.558087074216104,,,,,,,7.705471360228616,0.8113207547169812
Batch_3,xgj4xftb,32,14,0.0,0.0,0.0,5.0,0.0,0.9999999999999999,0.0,0.0,0.0,0.0,,,,,,,,
Batch_3,xgj4xftb,32,15,1.1354019746121298,0.0,3.783497884344146,0.0,0.08110014104372354,-0.42172073342736266,3.1752468265162195,0.001358695652173913,0.0161631798210667,31.87105880210348,,,,,,,8.74948568069532,0.8561872909698997
Batch_3,xgj4xftb,32,16,2.7932952883484843,0.2322847064896332,1.1381950617992027,0.36004129505893145,0.4761836483037481,-0.9012933383040349,-0.49654440652691356,0.0,0.0046895986523095,27.318050401802985,,,,,,,5.95043064909162,0.8630952380952381
Batch_3,xgj4xftb,32,17,2.686524365007064,0.936472772009117,1.3723851471455106,0.0,0.004617715838309255,-1.2600572140693254,0.026814106722824027,0.03064798598949212,0.0618298540760807,40.97707560270448,,,,,,,4.123863410172865,0.8554621848739495
Batch_3,xgj4xftb,32,18,0.24036587672972032,3.950976347478045,0.24739758437479345,0.0,0.5612601914174419,-0.6618375436205202,-0.15341544969878765,0.05214408233276158,0.0305549289420257,27.069704489059323,,,,,,,6.382691269461038,0.6666666666666666
Batch_3,xgj4xftb,32,19,2.4555110632583688,2.0755339795757886,0.39149573041009145,0.0774592267557511,0.0,-1.3818193758673545,-0.8362598012190929,0.2861766065649561,0.1223393357160744,27.318050401802985,,,,,,,3.655475345286849,0.7684659090909091
Batch_3,xgj4xftb,32,20,0.13938839986488366,0.6506873617967066,4.016787353564829,0.0,0.19313688477358076,-0.10863807839586248,3.8505247112455967,0.012286959968291716,0.0247569831766339,59.18910920390647,0.378469878303024,1.1468648891944262,1.945431712172204,,2.6547255430626877,2.4316996317332524,2.71120354108682,0.7397849462365591
Batch_3,xgj4xftb,32,21,0.03882937438883749,1.9665510482396327,2.9630474152484774,0.00947164863691575,0.02210051348613675,-0.39810742428162366,2.9325824713109903,0.43301058320198155,0.142905481615159,45.11617414843221,0.3239532623109691,4.084022897435639,4.46102388294555,,1.9527183682931388,1.336283253976612,1.4790189798827504,0.3189033189033189
Batch_3,xgj4xftb,32,22,0.0,0.0,3.2126696832579182,0.5429864253393665,1.244343891402715,0.6063348416289591,2.5904977375565608,0.0,0.002515537141166,18.21203360120199,,,,,,,13.532645429433732,0.5754716981132075
Batch_3,xgj4xftb,32,23,0.02493112022041529,2.3680210832020987,2.312169296710424,0.2948784998670613,0.0,-0.4246009647551735,2.2997037366002164,0.3219097832454599,0.1202449518519361,40.97707560270448,,,,,,,1.7102631376487072,0.8541666666666666
Batch_3,xgj4xftb,32,24,0.18406415642150928,4.3157128919673715,0.48718782583623615,0.013035125774882573,0.0,-0.9341612158071014,0.3951557476254815,0.1772635814889336,0.1048102533749174,59.18910920390647,0.3949327084834294,2.183062810089416,4.407183823592443,,1.6718506923293517,1.0995850176219966,1.732772345116346,0.5778688524590164
Batch_3,xgj4xftb,32,25,0.6743135087953935,3.383006131082688,0.9426803601219176,0.0,0.0,-0.946326629734695,0.6055236057242208,0.04334646862685662,0.029970177794978,27.318050401802985,,,,,,,5.950210080324896,0.6875
Batch_3,xgj4xftb,32,26,0.0,0.20132211538461536,3.683894230769231,1.1147836538461537,0.0,0.18269230769230763,3.683894230769231,0.04024869109947644,0.0187683284457478,45.11617414843221,0.3470330458690123,1.0190230629935133,1.8931902488734416,,2.5578341996492813,1.934118954256537,7.267220926874316,0.7930174563591023
Batch_3,xgj4xftb,32,27,3.876247474670758,0.0,0.0,1.1237525253292424,0.0,-1.3257484848024548,-1.938123737335379,0.01389932381667919,0.013818380494912,36.42406720240398,,,,,,,6.3218862446047,0.5722713864306784
Batch_3,xgj4xftb,32,28,3.6717659007236256,0.0,0.0,0.10405520593409384,1.2241788933422804,-0.9582237617657201,-2.447972397032953,0.09352142110762801,0.0466000409770756,50.08309240330548,0.390882009522336,1.7131308037083888,2.935954992478095,,3.534656173650008,5.806234529685627,3.522001310707306,0.6148409893992933
Batch_3,xgj4xftb,32,29,1.6204736898962138,0.30625956772964524,1.099119703001863,1.8215508087613395,0.15259623061093824,-0.28409273550777137,0.21258474274828687,0.07678002125398513,0.0529551094067223,72.18587863749153,0.727503332469968,1.6219711863443418,1.9827070117316412,,2.091708541360838,1.83258969607715,2.706796964301829,0.5950095969289827
Batch_3,xgj4xftb,32,30,1.1185081452468737,0.04785400916818922,0.05494349200792096,3.567782239094997,0.2109121144820192,0.3409472336794196,-0.6097666378565255,0.11641941161679659,0.0321556218271222,40.97707560270448,,,,,,,3.085125499859243,0.5972602739726027
Batch_3,xgj4xftb,32,31,4.183650377215996,0.0,0.47105291549677514,0.34529670728722883,0.0,-1.6044008094289535,-1.620772273111223,0.1935151827071539,0.0268399845197714,22.76504200150249,,,,,,,7.134931511806091,0.6346749226006192
Batch_heldout,3e122cbj,16,0,1.950307766434347,0.5110043159061719,0.8340821852808122,0.5821889420830875,1.1224167902955817,-0.3169194652201232,-0.7022800930841522,0.10962877030162413,0.1169209804946839,142.6058848695156,0.451351666838205,1.491625147966004,5.5488841482372,1.1853337621460416,1.4940765270995515,0.8284753492884609,1.3313526955694348,0.579744098035682
Batch_heldout,3e122cbj,16,1,0.8810375626317636,2.730756505755701,0.30113189314429617,0.6378476210134109,0.44922641745482833,-0.591306235019232,-0.36400009689899976,0.13831212324179504,0.1540957878881081,140.37744181828216,0.4652426491681278,1.41979613928741,7.769445721278583,1.3236447866471104,1.5034257313428483,0.8129991898070831,0.8062257748298549,0.5787000783085356
Batch_heldout,3e122cbj,16,2,0.3703702845819253,3.060236644955018,0.5884617725848041,0.15820432458384873,0.8227269732944036,-0.3994637885892426,-0.008086856353360261,0.14049368010058896,0.1847696914959357,148.9439241970496,0.3742168646598099,1.456708102675158,7.946866138224808,1.4384994422264763,1.314317597522238,0.7604772020472905,1.8580904176062043,0.5163768115942029
Batch_heldout,3e122cbj,16,3,0.32420687901606515,2.385254345694848,0.8510115197830255,0.34258772213416566,1.0969395333718956,-0.09944026296980435,0.14043831358904502,0.1460720983538237,0.0778109005449483,127.7592448009085,0.5046265044040321,1.270366530947592,3.352064883364851,0.8867716584083678,1.6026441985242943,0.7910209164505477,1.2041594578792296,0.5610836599079911
Batch_heldout,3e122cbj,16,4,1.4356995891270876,1.3192013934060771,0.9015584878159068,0.6632933382869284,0.6802471913640004,-0.4333625701290645,-0.15641490242963718,0.13910425978290614,0.0949279840281409,131.51431604633103,0.3989422804014327,1.5314728532114554,3.971029055741722,0.7844922407022931,1.6998731847753554,0.8471093893833596,1.1543396380615196,0.6049678012879485
Batch_heldout,3e122cbj,16,5,1.654091593149667,0.28298718378993143,0.030682056712945126,1.892638891688972,1.1396002746584857,0.11613381418333553,-1.366163877191131,0.18325755115297174,0.0721110424490183,96.65509974489387,0.4950743503369154,1.9322978458135964,2.609338702712104,0.7764559387300235,1.7361810934314406,1.346067612269812,1.3901438774457846,0.5263858093126386
Batch_heldout,3e122cbj,16,6,1.3237018390540252,0.5697810884046813,0.9381871435631353,1.4886585377628865,0.6796713912152713,-0.07383668926386067,-0.06349947157151292,0.33998825601879035,0.1551249595823376,141.95471644545387,0.3888354504585442,1.553042090512404,5.395316403280503,1.686572076526221,1.503500388112094,0.8351066032130254,0.45,0.5952302631578947
Batch_heldout,3e122cbj,16,7,2.2391603310931782,0.28899296816212144,0.898711465696323,0.6438484992066315,0.9292867358417458,-0.45297833189167097,-0.6855120677711389,0.18004236290891976,0.1569179699260034,129.92980621444752,0.454864184146723,1.7297649322023547,5.700269570962531,0.8463404961214644,1.4773414180764015,0.8625720045043884,0.8077747210701756,0.6037563822027717
Batch_heldout,3e122cbj,16,8,0.826826096827679,0.730129135678461,0.44230861844775743,1.7964824423672316,1.2042537066788703,0.3642417052782305,-0.5732312833055173,0.3973722325677633,0.191349368572832,114.08470789561248,0.4221839940915959,2.180038577988859,6.787648556476821,0.9836622698564976,1.3118568036096712,0.7455542131529241,0.8845903006477066,0.5385749385749385
Batch_heldout,3e122cbj,16,9,1.4233655001928913,0.47031106845251086,0.9349350233101233,0.7597933378610383,1.411595070183436,0.053188281877923176,-0.48254526187804025,0.3787878787878788,0.1487133382228846,124.60469554656508,0.4370193722368317,2.135470157679952,4.872978299696274,1.054462558764693,1.4926530906727,0.7920720856942085,0.570087712549569,0.576133029018585
Batch_heldout,3e122cbj,16,10,0.4839151214668321,0.5961498524976875,2.2345903858290113,1.5871434564464078,0.09820118376006201,0.043913145707036,1.9435322332155642,0.23387426701213693,0.1270697659678978,102.99313907242792,0.461809077155419,1.6165425757270722,6.677011506572512,1.0159798171735397,1.4468180282982994,0.877801464051536,0.95524865872714,0.5197709787081768
Batch_heldout,3e122cbj,16,11,1.160167533573906,0.968289564688869,0.4033353223501796,2.187367852638509,0.2808397267485369,-0.10791546514021964,-0.3171683078110418,0.34543739684036784,0.1108800367606281,114.08470789561248,0.42761956528549,1.0304982097357696,5.841474111806228,1.8134471573457356,1.704443043480104,1.013714263948394,0.7158910531638177,0.5910973084886129
Batch_heldout,3e122cbj,16,12,0.9637537700579469,0.9755801399230816,2.082299461818422,0.6727108703595516,0.305655757840998,-0.3238130587994856,1.4475946978689496,0.22723916024897142,0.2064691918833447,100.94557613898942,0.4048774238081959,1.3615620257255987,6.419376750538447,1.422862482880511,1.4499608812745926,0.8683665127229827,1.2369316876852985,0.6098755356049785
Batch_heldout,3e122cbj,16,13,1.6960347775139863,0.9253256829452532,0.2755245448961323,1.4913488508729247,0.6117661437717028,-0.32050281991137924,-0.8783759157467121,0.11219688744118711,0.1248474909286812,129.92980621444752,0.4009271167525012,1.239232312928534,5.909465086894387,0.9237059646786704,1.7207559349497568,1.0219717843542495,1.0307764064044151,0.5702755905511812
Batch_heldout,3e122cbj,16,14,0.8714319613213237,1.4942135236946443,0.37780178167113243,1.6559249440079176,0.6006277893049826,-0.07597938474388188,-0.3582280936420207,0.23815522429841138,0.1445059581549041,134.06834330959532,0.4333622420659609,1.4348392657281115,5.737561191754528,1.2127777229379286,1.292916280083805,0.8126218037019537,1.5182226450688976,0.4866044551475015
Batch_heldout,3e122cbj,16,15,0.9574855728074019,1.5125450257644055,0.48980549647130156,0.7088241128350617,1.3313397921218288,-0.011202494860098012,-0.6546071859933139,0.06964564296857588,0.1233184389409136,107.74666856807843,0.4370041966356692,1.778696513585268,4.535677231027181,0.9010617660116892,1.5447838822943951,1.0340121303451872,1.45730897474752,0.5340189873417721
Batch_heldout,3e122cbj,32,0,1.692667675776603,1.3969251982153257,0.42529338587351834,0.5027044297358111,0.9824093103987419,-0.46294749984704736,-0.912245107214154,0.03900709219858156,0.0604648951846746,155.28196352458366,0.4107362166615078,1.1200729477951177,2.358150485365772,0.7355755168879642,1.9447525737690785,1.2805286495899617,1.4849242404917498,0.5846430175123485
Batch_heldout,3e122cbj,32,1,2.040136259726983,0.20212017512223043,0.976610010946127,0.6099019193842043,1.1712316348204554,-0.2660055011102162,-0.6290739363275922,0.19486271036315322,0.1733770658046933,171.1270618434187,0.451351666838205,1.5080374383441972,5.000005846084075,1.023079137246086,1.4675180693947345,0.8106237674153309,1.1541769783245408,0.5768535262206148
Batch_heldout,3e122cbj,32,2,1.4481402916771258,1.8716775962077268,0.17157354779315212,1.234248136618243,0.27436042770375235,-0.5969978375072461,-0.6896768118972869,0.2251973910058359,0.1051734966242738,119.32799497566334,0.5228890711923165,1.5139579692525196,3.427190511217881,0.4704420635933434,2.000972273512194,1.5403528152273314,0.95524865872714,0.5552457302195887
Batch_heldout,3e122cbj,32,3,0.5846029747794249,3.1798121872777703,0.36885432285583675,0.32609856394953796,0.5406319511374306,-0.5883311341224443,-0.193763140102591,0.04086302713305002,0.2034669075121611,183.80314049848675,0.4165035864799015,1.3802434140573097,6.972707653108095,1.163097132913168,1.5071940065278462,0.8822944008727988,0.6800735254367722,0.5978384527872582
Batch_heldout,3e122cbj,32,4,0.3388309773595578,3.1710559124705675,0.397976601473662,0.17218718151680418,0.9199493271794082,-0.36732640626281254,-0.23141355079582104,0.21365412296936048,0.2045919094927984,152.1129438608166,0.3431831258788849,1.332376733866903,5.234207858295166,0.7637896920317122,1.476390488355182,1.0316544557396798,0.8631338250816034,0.5056800736874424
Batch_heldout,3e122cbj,32,5,0.40949106608537433,2.922778446514519,0.8247361049963042,0.14086024384639387,0.7021341385574094,-0.4393264115448109,0.2689235026749124,0.07660031225604996,0.164947473499073,177.46510117095275,0.3929073590028827,1.4947054094693928,5.831657417910984,0.8598882318852008,1.4669253771738944,0.8872211677723725,2.2699118925632336,0.5260989010989011
Batch_heldout,3e122cbj,32,6,0.5208994732472704,2.2415450499039515,0.5688893173836468,0.3902601169360401,1.2784060425290906,-0.06725435888085428,-0.33076344050453377,0.10956245589273113,0.0847395858091299,155.28196352458366,0.5322553886092406,1.2083379038743476,2.831647229612066,0.6533499693564109,1.8016410121612167,1.2771966893955824,1.0594810050208543,0.5703580349708576
Batch_heldout,3e122cbj,32,7,0.09189804955162272,2.554985892623858,1.1842191774556412,0.28628301845441095,0.8826138619144677,-0.13745424988875135,0.6969632217225961,0.16004124183755297,0.070945203328623,128.74862615795257,0.451351666838205,1.2666024736934256,3.352064883364851,0.6785104440772995,1.9099253223302413,1.7251349720332103,1.4866068747318506,0.5460176991150443
Batch_heldout,3e122cbj,32,8,1.0383745531999369,2.0751054585119437,0.8325076552366729,0.36481867753229397,0.6891936555191526,-0.48172971526824365,-0.03127644912287175,0.16853498260533437,0.0963144301310389,155.28196352458366,0.3568248232305542,1.2574739938415227,3.3827858945412546,0.8624190627188294,1.881284902013568,1.1710066483786905,1.2419742348374223,0.6065637065637066
Batch_heldout,3e122cbj,32,9,1.8445953219037803,0.5412842760286195,0.9726201834889258,0.9704600257315062,0.6710401928471685,-0.38358690168206755,-0.28519757388654876,0.09828986007946104,0.0935415379252428,136.26784554198156,0.4259537945889915,1.6275754302133854,3.0948254353469213,0.6079571275546422,2.0068290488857543,1.1665450821973298,1.1672617529928753,0.6035149384885764
Batch_heldout,3e122cbj,32,10,2.959769277562662,0.27487077867911947,0.03716365119896258,1.3281899787150597,0.4000063138441961,-0.8132413454801983,-1.6427241445044665,0.07149630191541817,0.0564085500150528,117.25372755937948,0.4222008245644753,1.2306777215178546,2.584210017033432,0.716154138589262,2.382617333991603,2.103335747667951,1.6918924315688633,0.5846303501945526
Batch_heldout,3e122cbj,32,11,0.8169165786612617,0.2881912641287115,0.026526184997806516,2.254552503706737,1.6138134685054835,0.7120310038532937,-1.1888388385855662,0.2068720715604146,0.0878135348829839,114.08470789561248,0.410277997610746,1.8584720497075704,2.5977239243415307,0.7095993471487214,1.6853870209408124,2.0200320213047824,1.3601470508735445,0.4777641778865769
Batch_heldout,3e122cbj,32,12,1.4318765854624989,0.4338255146319008,0.22294200654968402,1.8825097021564234,1.0288461911994935,0.12852467979970217,-1.007419381781312,0.17871051492860235,0.1407440858170525,155.28196352458366,0.3826519928662906,1.3541930366510575,4.15283392798674,0.8437974550214767,1.5924775002833838,0.9964874751143282,0.8015609770940699,0.6101694915254238
Batch_heldout,3e122cbj,32,13,1.2345079541250463,0.6818812430632629,1.5279319274879763,1.1639143936591216,0.3917644816645926,-0.24069075886500993,0.7147957095931569,0.628310502283105,0.1693750981315748,160.15073009891665,0.3699638510165959,1.9535955403674656,3.444330044880989,1.478258982163856,1.735201533307685,1.133221269567298,0.282842712474619,0.5814598090545119
Batch_heldout,3e122cbj,32,14,2.4054009660660185,0.6300417330786358,0.8425093382326102,0.5144820098159352,0.6075659528068,-0.7422459499562278,-0.663974121203799,0.11649741329756659,0.118117285417756,152.1129438608166,0.4703429688660375,1.1220653399485092,4.753276314430444,0.7975388221335351,1.8761524290945308,1.292146602248778,0.9219544457292888,0.613905325443787
Batch_heldout,3e122cbj,32,15,2.1388425241558897,0.08318730481943043,0.9326266042741485,0.7219146261133944,1.1234289406371365,-0.27841996914870865,-0.6985091281223648,0.2409271119243672,0.1957186544342507,152.1129438608166,0.3989223307934996,1.8083964494429277,5.700269570962531,0.5547858982039967,1.4599643238679656,1.1803270321324784,0.696419413859206,0.5943021997836279
Batch_heldout,3e122cbj,32,16,0.8129574593747371,0.2525163952024323,0.8592824095737445,2.4747456079574635,0.600498127891623,0.35946210995776057,0.1525546159405644,0.43718293046851686,0.1738207285576207,142.6058848695156,0.4107362166615078,1.7173048026686792,5.755839899963249,0.7220136501046917,1.5506875356322738,1.0827951648432792,0.570087712549569,0.5558922558922559
Batch_heldout,3e122cbj,32,17,0.8383789597501254,1.127990464122292,0.09496079372621005,1.2314751441379426,1.7071946382634298,0.36822320740845166,-1.1778260052805676,0.31385589865399843,0.2088780085880432,120.4227472231465,0.4404089893678573,2.651670666502172,4.905205836316427,0.679199100649906,1.5361324088344188,1.023277933676044,1.2083045973594573,0.5226837060702876
Batch_heldout,3e122cbj,32,18,1.3065812885856896,0.7262704631456735,0.23040456405198204,0.770158955716929,1.966584728499726,0.2727790744798655,-1.4061784444907257,0.4509696804151871,0.1776102998900926,103.62694300518132,0.4720348719413148,2.212452975184509,4.872978299696274,0.6653799687471046,1.695882348721573,1.1816171470433432,0.65,0.5412140575079872
Batch_heldout,3e122cbj,32,19,1.5984384148571515,0.08659860725652888,1.9911069088295037,0.7442540889732652,0.5796019800835509,-0.2760034775660929,0.9020867113591524,0.16951018161805173,0.1195512668156106,193.31019948978775,0.4259537945889915,1.202134303343187,3.683687072487971,0.9110649455239072,1.9485852198950613,1.9502255502780548,0.4609772228646444,0.6120747164776518
Batch_heldout,3e122cbj,32,20,0.8252860586305032,0.2689227511880373,2.5786734517825165,1.1580705301402192,0.1690472082587233,-0.0846659843582756,2.0815068183379033,0.2075899178702917,0.1431604633106748,136.26784554198156,0.461809077155419,1.262790204500554,5.388232058739077,0.8682762579945913,1.6377691263234713,1.248115875458745,0.7516648189186454,0.4795587280986372
Batch_heldout,3e122cbj,32,21,0.04511854749558765,1.0167660073415106,1.792307654450706,2.138671748840854,0.0071360418713408555,0.20918814605017,1.7661803597672416,0.21173066806943713,0.1109790686251208,101.4086292405444,0.4530261997422334,2.2242279091843864,3.943277563154562,0.4677894131370987,1.6816518300499796,1.2851215774659566,1.3462912017836262,0.569888178913738
Batch_heldout,3e122cbj,32,22,1.1859354725708382,1.581247296761118,0.17099214675593463,1.745657838767216,0.31616724514489364,-0.3150251825691585,-0.5800592121019312,0.3458810692853246,0.1147739696724818,110.91568823184546,0.451351666838205,1.2450678886308555,4.482733888463904,0.8229166666666666,1.826346098570777,1.383997464582303,0.7158910531638177,0.5859593139210212
Batch_heldout,3e122cbj,32,23,1.1325467354474175,0.3112567387553306,0.6523852735286492,2.6608392903440863,0.24297196192451567,0.11408660090859023,-0.035374075157317386,0.3450996677740864,0.1069861038487743,136.26784554198156,0.3949327084834294,0.8684318352552837,4.5876627681720725,0.7859317221608345,2.0763891689996785,1.565181153832351,0.7158910531638177,0.5955977557186016
Batch_heldout,3e122cbj,32,24,0.08265412108739288,0.5661337668798416,3.667306997565062,0.19196509075058996,0.4919400237171138,0.08888062582603802,3.380009925162809,0.07971672416923915,0.1670670434919139,103.62694300518132,0.3656366395715726,1.4288223989709743,5.260897699412203,0.6374491120252183,1.7933160135988486,1.4775839996914808,1.8866967992156027,0.6554379210779596
Batch_heldout,3e122cbj,32,25,1.566411695947417,1.2556348445521281,0.9981799128794419,1.0015332172504599,0.17824032937055212,-0.6060888720910798,0.12585390022045728,0.3703423967774421,0.2462328278746969,123.5917668869135,0.461809077155419,2.7237101821095053,5.821550788405801,0.7406205093338457,1.6172503367195945,0.9022304270809204,0.7778174593052023,0.5764455480666903
Batch_heldout,3e122cbj,32,26,2.5387765180710242,1.4749218847520227,0.06436334834546259,0.3507904648872704,0.5711477839442207,-1.0118777776236716,-1.49059880266216,0.1014218009478673,0.1382088700860388,136.26784554198156,0.3477898169151024,0.9342797067374214,5.836295136516611,1.1869787211513432,2.049876870221932,1.452206558040679,1.1484731931759118,0.5538894095595126
Batch_heldout,3e122cbj,32,27,0.6524793331401207,0.2447683057545187,0.5370025347667877,2.9036865292402907,0.6620632970982826,0.535617230280419,-0.12026878035241395,0.11475409836065574,0.1114861117713235,145.7749045332826,0.4495816329731718,1.139814062909612,4.997140239288706,0.6367937941359408,1.9342725166848893,1.3970794069127868,1.004987562112089,0.582312925170068
Batch_heldout,3e122cbj,32,28,0.7925014826848198,0.6608906423248497,0.7349217400273329,2.260743785923642,0.5509423490393554,0.2233469752615724,0.06319982416524539,0.23769297990096125,0.1393180269683573,193.31019948978775,0.3989422804014327,1.571650316319192,4.08677375542903,0.8058657213783229,1.4968301186792434,1.081249076964215,0.8544003745317531,0.4707468320301968
Batch_heldout,3e122cbj,32,29,0.9440849904347783,2.2612610901979027,0.04908406476817985,1.0992081764277588,0.6463616781713801,-0.35149990765938804,-0.7461392695348994,0.15101710898558535,0.1496467263306641,119.32799497566334,0.4513378916274307,1.6354244142483385,5.135674947773555,0.5898777288555936,1.553789549988573,1.4857172420423317,2.3143023523617687,0.5068306010928961
Batch_heldout,3e122cbj,32,30,1.5031713156562843,1.9772803141522877,0.3994834721868258,0.23674234169189134,0.8833225563127102,-0.5960470982295091,-0.7937634637976715,0.0462882096069869,0.1336375592210549,126.76078655068052,0.4258882178300806,1.1367576853970105,4.535677231027181,0.90850510802484,1.7226599276262329,1.4794083267604856,4.2583447181016,0.5550515463917526
Batch_heldout,3e122cbj,32,31,0.3132528588772987,0.9638818436659737,0.5964390371034282,1.2661605003182836,1.8602657600350159,0.6792608917935489,-0.49032027235272924,0.08494921514312095,0.1129993186607722,120.4227472231465,0.4203075090793378,1.4340745838612172,4.00971724079682,0.9289904164135396,1.926215403418736,1.7178804673217425,1.048507662722764,0.5142966069386199
Batch_heldout,fn0mhxef,16,0,0.0,0.32550323050286933,2.5778452359310986,0.2064759297965962,1.8901756037694362,0.7322647813665197,1.6327574340463804,0.12830340932015333,0.0828331063646789,16.126720183486235,,,,,,,5.235169510954645,0.7751091703056768
Batch_heldout,fn0mhxef,16,1,0.9939564300773016,2.102600140548138,1.5865073787772315,0.0,0.3169360505973296,-0.6913281799016163,0.9310611384399159,0.00031201248049921997,0.0023321561073059,7.134703196347031,,,,,,,9.970794793226528,0.86875
Batch_heldout,fn0mhxef,16,2,1.9068450676390656,1.2146922736722339,0.27464309732331393,0.0,1.6038195613653874,-0.36414865724391826,-1.4806892171789126,0.1727921009325288,0.068247895262557,16.05308219178082,,,,,,,5.3361736806960405,0.7309377738825592
Batch_heldout,fn0mhxef,16,3,1.1814741595559146,1.4060988358700852,0.2197190799348958,0.7828299064190413,1.4098780182200634,-0.03329224242454937,-1.0759570089530932,0.12257085979713717,0.0865422520068807,19.710435779816507,1.5117754405994357,3.803156745151514,4.225022889545923,,2.32842369014322,1.5858683427677964,5.627832409797073,0.7780068728522337
Batch_heldout,fn0mhxef,16,4,0.47707931833437994,0.019142071414651043,0.0,0.5811336552550471,3.9226449549959215,1.4906245714326953,-2.1998621366651507,0.009068346697212676,0.0454594323394495,23.294151376146782,1.1685672474138842,2.666647970094387,2.7576118619071037,,2.7441396720827718,2.385729114107208,7.718063205719965,0.7919930374238469
Batch_heldout,fn0mhxef,16,5,1.285639459378012,0.33787678391623277,0.5379193563431721,1.806482010757909,1.0320823896046745,0.19229821745900003,-0.6209415681481711,0.03817534778388871,0.0182603809931506,23.18778538812785,0.8481629223064205,1.4172868005753725,1.9722441048627637,,4.513688779977501,2.0367705531849274,4.949861107568208,0.7455295735900963
Batch_heldout,fn0mhxef,16,6,1.7349211352143945,1.3891110410699847,0.4696531593877188,0.0,1.4063146643279023,-0.40926479656859394,-1.1009647403834295,0.05545041635124905,0.0796455836187214,33.88984018264839,0.842514715711158,3.260560897902447,3.9790367853014064,0.4715025906735751,2.261735126320739,2.485129726731565,9.669875902819957,0.7231467473524962
Batch_heldout,fn0mhxef,16,7,0.0,4.515613746975312,0.19508773153974399,0.25609236420363785,0.03320615728130662,-0.838621813641812,0.17848465289909068,0.008865903213889916,0.0352458428899082,21.502293577981643,0.5070060412926978,1.6456286609913078,4.426282130028803,,2.103997023245439,1.3770593365359087,8.401755581101222,0.8544668587896254
Batch_heldout,fn0mhxef,16,8,0.09270798832292204,0.18384465480986237,2.441834133115608,0.3378341947360719,1.9437790290155361,0.7712263242622873,1.423590624446379,0.014600041126876413,0.0142273509174311,16.126720183486235,,,,,,,7.358379543696869,0.8405797101449275
Batch_heldout,fn0mhxef,16,9,4.0263631083490905,0.16372330890689685,0.16892838520162481,0.0,0.6409851975423875,-1.3868958261040607,-2.164745767744114,0.05537694904356213,0.0470890410958904,16.05308219178082,,,,,,,7.9,0.7425742574257426
Batch_heldout,fn0mhxef,16,10,0.7176693128218973,0.2835951316796207,3.6712014253520824,0.0,0.32753413014639965,-0.21277309940612316,3.1485997038679336,0.1420032310177706,0.0731708404680365,17.83675799086758,1.7723252745973068,3.027793098846145,4.41151520923106,,2.637415011812381,1.8965673859044372,7.30879596680275,0.6201550387596899
Batch_heldout,fn0mhxef,16,11,2.907351929012367,0.4171997018822084,1.5372518005509905,0.1122498220699362,0.025946746484498972,-1.2135520489736016,0.07060246280255766,0.17775229357798164,0.0824075401376146,21.502293577981643,0.9921228334621324,2.897587142754002,5.651478919688329,,2.125388593101756,1.4021805549469548,6.389835666659372,0.6642096642096642
Batch_heldout,fn0mhxef,16,12,0.47449282479571575,0.034873637457146146,3.100231144043871,1.2385425181750085,0.15185987552825894,0.11168059643658967,2.7870547938818837,0.09944344409887051,0.063575114678899,30.461582568807334,0.4753945931439391,1.2463355264843008,6.113587067810575,0.8442548505977803,2.2035397445278275,1.4362747572437755,4.697073557013984,0.7380497131931166
Batch_heldout,fn0mhxef,16,13,1.840839223110244,0.7303988960810537,2.076577579365417,0.19977092322359288,0.15241337821969278,-0.7814959325277127,1.0799512787004484,0.23719756568205433,0.1028868792808219,23.18778538812785,0.7091753098990329,4.445548826044857,5.515223723814207,,2.223478620812968,1.3027433654700566,3.700270220932866,0.7714508580343213
Batch_heldout,fn0mhxef,16,14,3.0979820741488213,0.7692672145441608,0.2340019300670702,0.13621851484580658,0.7625302663941409,-1.060790463041544,-1.696254240204411,0.11913542306904323,0.0788340111301369,32.10616438356164,1.0839693331705342,2.409388927863966,5.251814128263248,0.2329272436257807,2.131981541129246,1.7183749010466205,3.868656077979384,0.7214484679665738
Batch_heldout,fn0mhxef,16,15,1.622936161774069,1.5842384961091105,0.20379644013947595,0.6416377141041378,0.9473911878732073,-0.4587381459613394,-1.081367234684162,0.24481665912177455,0.1323331780389908,43.004587155963286,0.9957583325278284,3.744119316441625,4.907152217916597,1.263350144615231,1.7345937660944206,1.1765487969755597,2.8284271247461903,0.6579406631762653
Batch_heldout,fn0mhxef,32,0,0.0,0.4456396242936123,2.754023316633742,0.20101820531983838,1.5993188537528071,0.5908032577063681,1.9543638897573383,0.10741864313292884,0.121039994266055,28.669724770642198,,,,,,,4.278434263133815,0.7541345093715546
Batch_heldout,fn0mhxef,32,1,0.0,0.0,2.1005000068709228,0.2212633467676234,2.6782366463614538,1.115547327898106,0.7613816836901959,0.1183320811419985,0.0446262184633027,14.334862385321095,,,,,,,17.1272807057591,0.8228941684665226
Batch_heldout,fn0mhxef,32,2,0.0,0.85,4.15,0.0,0.0,-0.16999999999999998,4.15,0.0004786979415988511,0.0017755681818181,3.551136363636363,,,,,,,20.83783216070565,0.8936170212765957
Batch_heldout,fn0mhxef,32,3,1.6091012514220708,2.8778156996587034,0.0,0.0,0.5130830489192264,-1.0139704209328784,-1.0610921501706487,0.0,0.0028938503440366,10.75114678899082,,,,,,,13.286553352920388,0.8584070796460177
Batch_heldout,fn0mhxef,32,4,2.1880966386230845,1.39385423917762,0.06437780052055603,0.0,1.3536713216787402,-0.6125409746132622,-1.7065061796303564,0.30430247718383313,0.1195258744266055,21.502293577981643,,,,,,,4.247499134222835,0.7073170731707317
Batch_heldout,fn0mhxef,32,5,0.0,0.0,1.700211469088195,0.0,3.2997885309118047,1.3199154123647217,0.05031720363229275,0.026034133641886028,0.0174360795454545,17.755681818181813,,,,,,,22.66329352187499,0.8028673835125448
Batch_heldout,fn0mhxef,32,6,0.03150563945154705,0.6182981742366108,0.04036660054729466,1.7958214487381818,2.514008137026366,1.2285056539302412,-1.2323902876916617,0.03291139240506329,0.0453877580275229,17.918577981651374,,,,,,,6.4031242374328485,0.8109243697478992
Batch_heldout,fn0mhxef,32,7,1.5902366889282693,1.6861268413856516,0.283470888651386,0.42275658455663495,1.0174089964780575,-0.4818051283458883,-1.0203519540517776,0.13198969540839522,0.1276967459862385,28.669724770642198,,,,,,,4.809209908420445,0.7674897119341564
Batch_heldout,fn0mhxef,32,8,0.0,0.014612251549194133,0.0,0.7059544029704415,4.279433345480364,1.8500417684763948,-2.139716672740182,0.005460750853242321,0.0488460435779816,25.08600917431192,,,,,,,10.90049310780451,0.7848537005163512
Batch_heldout,fn0mhxef,32,9,1.0313812711048047,0.024405112382109576,0.0,0.43610874734987115,3.5081048691632146,1.0730301662169162,-2.2697430701340098,0.005849220103986135,0.0420728211009174,32.25344036697247,,,,,,,7.559662607288222,0.7992957746478874
Batch_heldout,fn0mhxef,32,10,3.3826269466904635,0.0,0.11127062324639682,1.1527636568326711,0.35333877323046986,-0.9811625380174631,-1.7567122367140697,0.0,0.009969815340909,21.306818181818176,,,,,,,6.376391610371468,0.8470149253731343
Batch_heldout,fn0mhxef,32,11,0.49399473849808334,0.4654304168842486,0.6989857524326621,2.0532706477709453,1.2883184444140607,0.6352975285437301,-0.19217083902340992,0.06744784224064018,0.0266270068807339,25.08600917431192,,,,,,,5.105389309347526,0.6862745098039216
Batch_heldout,fn0mhxef,32,12,2.089680888938857,0.0,0.6411934609135126,0.0,2.26912565014763,0.07177790448350876,-1.538209808629731,0.06807242722897089,0.098220685206422,25.08600917431192,,,,,,,7.95,0.7794336810730254
Batch_heldout,fn0mhxef,32,13,1.169867740734319,3.6016560122111714,0.196427607025403,0.0,0.0320486400291067,-1.175458842724319,-0.40453058335630987,0.04302981466559226,0.061239346590909,49.71590909090907,0.6097058067642009,1.675683520950358,3.687141879411437,,2.9268912116694845,3.7098649005716458,10.30194156457898,0.6646153846153846
Batch_heldout,fn0mhxef,32,14,0.0,4.644997505054194,0.20135755917136935,0.1193715823100626,0.03427335346437372,-0.8914158431630766,0.1842208824391825,0.018633540372670808,0.0682966599770642,35.83715596330275,0.5070060412926978,2.0043840626387674,4.426282130028803,,2.43654869717471,1.834315579276195,5.584129296497352,0.8838821490467937
Batch_heldout,fn0mhxef,32,15,0.0,0.4897959183673469,0.0,4.510204081632653,0.0,0.8040816326530612,0.0,0.0,0.0021950258027522,7.1674311926605485,,,,,,,12.258262519623244,0.7094017094017094
Batch_heldout,fn0mhxef,32,16,0.38461538461538464,0.3650586701434159,4.09387222946545,0.15645371577574968,0.0,-0.1955671447196871,3.901564537157758,0.0012424932698281218,0.0068717746559633,17.918577981651374,,,,,,,6.723726526436044,0.8833333333333333
Batch_heldout,fn0mhxef,32,17,0.0,0.12629220142611544,1.9171570249275882,0.3954395159407876,2.5611112577055093,1.0782739659851381,0.6366013960748336,0.025321625484990812,0.021582927178899,17.918577981651374,,,,,,,11.339714501385531,0.8231292517006803
Batch_heldout,fn0mhxef,32,18,1.2282307284749985,0.7603333081035705,0.02807384522228568,0.0,2.983362118199145,0.5499858942689444,-2.0777225781147863,0.0,0.0189186789772727,17.755681818181813,,,,,,,11.33688669785493,0.9348659003831418
Batch_heldout,fn0mhxef,32,19,4.735812793128614,0.012456421424812236,0.2046412091219153,0.0,0.047089576324657836,-1.8779805710065451,-2.1868099756047203,0.11216018232134137,0.0755178469036697,17.918577981651374,,,,,,,7.324616030891995,0.5959302325581395
Batch_heldout,fn0mhxef,32,20,0.8761835094415381,0.021772189287667502,3.730694056319242,0.0,0.37135024495155194,-0.20628774365352806,3.106927179122697,0.13041080783016268,0.0761002006880734,25.08600917431192,,,,,,,6.373774391990981,0.6429809358752167
Batch_heldout,fn0mhxef,32,21,0.5475443656190134,0.5645959202576679,3.6073511146664416,0.0,0.28050859945687634,-0.21973349051638846,3.1933246321284967,0.13285212641435817,0.0702681107954545,21.306818181818176,,,,,,,8.299103858747756,0.6016830294530154
Batch_heldout,fn0mhxef,32,22,3.164195700518903,0.4799851742031135,1.3558191252779839,0.0,0.0,-1.3616753150481842,-0.22627872498146773,0.15416666666666667,0.1208608084862385,25.08600917431192,,,,,,,12.053920515855983,0.6469135802469136
Batch_heldout,fn0mhxef,32,23,2.2011771182283484,0.24457523535870543,2.0360888343612222,0.4208732175131055,0.09728559453861903,-0.8062970130450122,0.8868574779777385,0.08711283185840708,0.0439542717889908,28.669724770642198,,,,,,,4.25,0.7
Batch_heldout,fn0mhxef,32,24,0.16482656017539737,0.038368177903061615,3.4335604103045965,1.3632448516169444,0.0,0.19904471067261753,3.351147130216898,0.17396860167944506,0.1144190797018348,28.669724770642198,,,,,,,4.261748467472007,0.7181663837011885
Batch_heldout,fn0mhxef,32,25,3.253454030649678,0.0035134492771594795,0.10891692759194387,0.1194572754234223,1.514658317057796,-0.6723295202075006,-2.275139246261793,0.0016320474777448072,0.0127311496559633,39.42087155963301,0.390882009522336,1.0139728459745083,1.2322086499845235,,3.9022691548469934,3.673142165864016,6.437876165260619,0.7626373626373626
Batch_heldout,fn0mhxef,32,26,1.6713221351616814,0.0019552200926084245,2.835851222319259,0.307751642576566,0.18311977984988512,-0.534121657627927,1.9086302648134756,0.13079275464596565,0.1134943181818181,24.857954545454536,,,,,,,4.215744299646268,0.8276972624798712
Batch_heldout,fn0mhxef,32,27,2.0514769982707612,1.6355451388392663,1.1331227759278577,0.06559673016735026,0.11425835679476369,-1.0888771383247824,0.05025509839509534,0.40707964601769914,0.0921821244266055,35.83715596330275,0.6811359850196148,2.8928388121610973,4.539535442260432,,2.8663060221965733,1.6944147103127771,2.2638462845343543,0.7186081694402421
Batch_heldout,fn0mhxef,32,28,3.641496848641176,1.059234905055278,0.0,0.239684558686607,0.05958368761693822,-1.5966753336834298,-1.8505402681290573,0.11436235064618386,0.0891449254587156,32.25344036697247,,,,,,,2.4080072935987262,0.7338129496402878
Batch_heldout,fn0mhxef,32,29,2.3993799717973285,0.39655970462545354,0.5347743248043576,0.0032293135555818693,1.6660566852172793,-0.3719953928459944,-1.4979440037029463,0.11888358947182477,0.0686168323863636,39.06249999999999,1.355229885768637,2.216913314200113,2.858498693079622,,2.78046160979263,2.406071884053294,4.823302043961791,0.714123006833713
Batch_heldout,fn0mhxef,32,30,2.9547333856236953,0.6156259555177409,0.5112136238550404,0.0,0.9184270350035227,-0.9376477313516176,-1.4253665864585685,0.0020827134781315083,0.0330060206422018,46.588302752293565,0.715876327835963,1.2773021474885222,1.9601021213799945,,3.1271363072536063,3.015254192560174,4.682413907377263,0.6822289156626506
Batch_heldout,fn0mhxef,32,31,1.4333399005604477,1.7221313471918858,0.1600321585945604,0.7329820339970397,0.9515145596560666,-0.39055999900072197,-1.032395071513697,0.38144806847096924,0.2316603354357798,53.75573394495412,0.996557497033376,4.152383999783357,4.907152217916597,,1.7729739844713874,1.3615314076377547,1.2093386622447824,0.647818070067609
Batch_heldout,xrv9xvzb,16,0,2.274720455537984,0.01429742586761775,0.0,2.173208731877898,0.5377733867164999,-0.2629965663265378,-1.406246921127242,0.09577170177797699,0.0460736757003761,22.84790326549263,0.3612575996921783,3.300442687343488,3.885132533496812,0.2520661157024793,3.097667829142041,3.2852484403669684,9.015680784056189,0.6772228989037758
Batch_heldout,xrv9xvzb,16,1,2.4488723427886585,1.8972201481351398,0.07700642124255416,0.0,0.5769010878336471,-1.1282325316090327,-1.4358802940685989,0.08420783209623753,0.064145628859847,33.24060952780839,0.785825158159596,2.155595124100912,4.462094057815916,,2.405382255781382,2.432400465605106,7.570353345565684,0.7143890093998554
Batch_heldout,xrv9xvzb,16,2,2.4749026304739425,1.934148618567091,0.26600014580483244,0.014683659853345314,0.3102649453007876,-1.2497480658120115,-1.1265836420825326,0.22267842048061828,0.1547569061740058,48.98616140940183,0.913323475984217,3.055215923198176,6.138787129824505,0.754783857679326,1.682145122314905,1.1398768088421036,2.995413160150032,0.7136721546170365
Batch_heldout,xrv9xvzb,16,3,0.8351453637919337,2.149424889703718,0.5302418060793015,0.3049035577126323,1.1802843827124152,-0.23084865883002464,-0.4774730671728731,0.20849165702957212,0.0753887867360613,24.93221553900333,0.91068459531122,2.7913018303324204,4.946562538869593,,2.3405680714304085,1.013849551126465,7.138101988624148,0.7072394590294352
Batch_heldout,xrv9xvzb,16,4,1.4627956197265366,0.40725559867386524,1.4681735447990605,0.21968643538932117,1.4420888014112168,-0.04579655998303686,0.015731334230183913,0.10158501440922191,0.0444991117848938,27.90204521991461,0.6432750982580687,2.666914474538965,3.091738326912424,0.0303907380607815,2.532379748853073,2.077381321131814,6.228964600958975,0.6935638808837656
Batch_heldout,xrv9xvzb,16,5,1.470137940964643,0.033454466418917285,2.272115844284799,0.0,1.224291748331641,-0.10502937033698434,0.9249009996366571,0.06123315292369733,0.0241570432570203,16.182611783638478,,,,,,,8.138987926321452,0.6625441696113075
Batch_heldout,xrv9xvzb,16,6,3.40468877548855,0.386963331008422,0.4671515497915361,0.6628402304916127,0.07835611321987956,-1.2753576850108304,-1.2743708945626786,0.06089343648614924,0.0297241029409191,22.743574940079423,0.5670035141386943,1.4456415766583102,3.5025223787326887,0.5861610113107119,2.543255275524573,1.5612344488732484,6.477846864506756,0.7211981566820277
Batch_heldout,xrv9xvzb,16,7,2.558008300335966,0.06190726767512018,0.0,2.3029503575144705,0.07713407447444301,-0.5441410723767395,-1.3175711874052045,0.0011798415641328165,0.0088711378255826,12.30271714295757,,,,,,,9.97409143731899,0.9311475409836064
Batch_heldout,xrv9xvzb,16,8,2.702396267908825,0.0009126633799084178,0.0013689950698626268,0.20261127033966875,2.0927108033017356,-0.20353446445088424,-2.3961845405354176,0.06105128673115532,0.0480465042708003,17.575310204225097,0.7368593217095099,3.377606388523555,3.856350331920935,0.705190311418685,2.3661529174148352,2.70964411510874,9.347967676011129,0.6779661016949152
Batch_heldout,xrv9xvzb,16,9,4.086916319926029,0.32211374301608453,0.23569298269469602,0.3205424564647866,0.03473449789840424,-1.62118698612131,-1.8251324262175208,0.0004937296336526119,0.0139173183575639,19.244563410836435,0.6603669768180366,0.842514715711158,2.490115776999182,,2.786741111353745,2.0640665692158766,8.798011138888153,0.7458866544789763
Batch_heldout,xrv9xvzb,16,10,0.8355379188712523,0.0,4.115961199294533,0.04850088183421517,0.0,-0.32451499118165794,3.698192239858907,0.0,0.0099196976854038,12.246540352350458,,,,,,,10.45,0.9308510638297872
Batch_heldout,xrv9xvzb,16,11,1.072216672621102,0.04315531764803519,3.1524433257528144,0.6697845641471477,0.06240011983090079,-0.2786007718162579,2.585134929526813,0.16349876803942273,0.0626120426025519,22.84790326549263,0.7506054213402069,2.163372045048809,5.723118668026381,,2.490906126785914,1.9240357169569977,4.463742824133129,0.7428298279158699
Batch_heldout,xrv9xvzb,16,12,0.19137479382943634,0.2985834869506161,0.3771708547589017,0.17876200640341516,3.954108858057631,1.4811293295818375,-1.695570971184632,0.09614067138616122,0.0901437660374705,21.09037224507012,1.2305874518199045,4.362301321212,5.017482326653081,,2.0293151111269663,0.9267610909389056,3.84219987691394,0.7572674418604651
Batch_heldout,xrv9xvzb,16,13,0.1550546255257883,3.1969694831041977,0.0,1.2275922423284304,0.4203836490415831,-0.28774383874883547,-0.2877191372836857,0.044896428906176775,0.0473897373991847,19.244563410836435,1.2753679933255229,1.80540666735282,4.393801838618454,,2.230659807719114,1.975537481306395,7.061338400048536,0.8313953488372093
Batch_heldout,xrv9xvzb,16,14,0.0,0.0,0.015941404302830274,0.4240413544552853,4.5600172412418845,1.9088151673878107,-2.264067216318112,0.11073170731707317,0.034145978761,8.747528823107471,,,,,,,25.75290032195385,0.8362445414847162
Batch_heldout,xrv9xvzb,16,15,1.0053180993333308,0.4731772728024756,0.9790887604861869,0.8198242150063293,1.7225916523716767,0.3562388096561089,-0.3848661153663169,0.3684359119141728,0.1044368870610566,17.575310204225097,2.793693220740395,4.035186231418143,4.576547881416016,,2.0316700446365967,1.7735574931693716,3.4311076928595527,0.7374839537869063
Batch_heldout,xrv9xvzb,32,0,3.9441191193605403,0.0,0.0,0.3199440891058437,0.7359367915336156,-1.2192841133096015,-2.340027955447078,0.027810791537913004,0.0393862701676684,24.60543428591514,,,,,,,14.545996003602191,0.7661538461538462
Batch_heldout,xrv9xvzb,32,1,1.0280973794883206,0.024974025412671755,0.0,3.5571336862782137,0.38979490882079376,0.45111094390609746,-0.7089461441545571,0.09734513274336283,0.0527610812330837,28.12049632676016,,,,,,,7.50341587629649,0.6189516129032258
Batch_heldout,xrv9xvzb,32,2,1.4148607140200027,1.7820858472595698,0.24440736292533033,0.0,1.5586460757950975,-0.29890302474187613,-1.2423460319822197,0.04839105870793417,0.0353970741901776,38.31417624521072,0.5917270272703198,1.8881394877652595,1.95603804460168,,3.4757433986108586,4.107115315763506,7.482813641939775,0.7703125
Batch_heldout,xrv9xvzb,32,3,2.8458849294695368,1.941426388504736,0.012732210952059236,0.0,0.19995647107366818,-1.4466566610592952,-1.5101884893195432,0.12316323804434945,0.0931579317374951,28.12049632676016,,,,,,,11.65276254716375,0.6662180349932705
Batch_heldout,xrv9xvzb,32,4,2.901874174770769,1.4574585287139576,0.38326009038691955,0.0,0.25740720612835405,-1.3492784931997575,-1.1963806000626418,0.1540025882787946,0.1313490808112763,52.725930612675306,1.3796713809378915,2.4770081564313022,4.34828785147869,,2.396133646064229,3.2168204846977275,9.7082439194738,0.7025963808025177
Batch_heldout,xrv9xvzb,32,5,2.162945998009054,2.282430927180589,0.18032694832023066,0.02541192767656367,0.34888419881356175,-1.1770285195790022,-1.075588150091077,0.31302228412256267,0.1779519331243469,66.17903169627306,0.7046725639945928,3.6850720127856182,4.333255148959245,,1.903433852714443,1.573807472876818,1.152713040691827,0.722550953320184
Batch_heldout,xrv9xvzb,32,6,0.901252865821565,2.311732403047874,0.572214093529269,0.059853719531265275,1.1549469180700263,-0.3488981158039373,-0.45588579841652654,0.5043240782885753,0.1399955937431152,42.30006609385326,0.91068459531122,2.8494158885116656,4.946562538869593,,2.6054776793409262,1.0689378199109467,0.9,0.6820319849482597
Batch_heldout,xrv9xvzb,32,7,0.0,0.11686913782418891,0.0,4.015623575639131,0.86750728653668,1.1267538021776602,-0.43375364326834,0.0015560165975103733,0.009421059261792,17.996292763690676,,,,,,,9.02892573745064,0.845360824742268
Batch_heldout,xrv9xvzb,32,8,2.383962827334823,0.0,0.0,0.20949976361427233,2.406537409050905,0.050929785409286915,-2.395250118192864,0.02707706549409859,0.0507941485731151,33.20481838809053,,,,,,,10.061063562069371,0.7402402402402403
Batch_heldout,xrv9xvzb,32,9,0.026848288158541653,1.0165738198211454,3.664791333640936,0.22293044951942964,0.06885610885994801,-0.1419255457797806,3.616939135131691,0.18193161966558521,0.0380979178390545,26.2614894016132,,,,,,,6.121754234459979,0.6106666666666667
Batch_heldout,xrv9xvzb,32,10,0.7791765906771011,0.061245321537938074,4.159578087784961,0.0,0.0,-0.32391970057842817,3.7699897924464105,0.10221898872317206,0.0269739438494084,18.35586515781455,,,,,,,17.206575764041563,0.5632911392405063
Batch_heldout,xrv9xvzb,32,11,2.3020494652327432,0.0,0.0,0.0,2.6979505347672563,0.15836042781380516,-2.5,0.003821656050955414,0.021452988440936,14.096419509444598,,,,,,,18.35061306877784,0.788
Batch_heldout,xrv9xvzb,32,12,2.42165599319316,1.4590962799766347,0.8377320847014138,0.0,0.28151564212879115,-1.147875396421075,-0.5138537329595618,0.004213938411669368,0.0158353544940068,35.150620408450195,0.4761217786493846,1.2782989130271447,1.4516237276018515,0.1932555123216601,3.9601928330058582,4.38446232172651,6.66937024466793,0.7783505154639175
Batch_heldout,xrv9xvzb,32,13,3.7594933174938894,0.0,0.3333984752930666,0.902078156874033,0.0050300503390109524,-1.3213696754871456,-1.5488632086233836,0.10374294992309006,0.0434865900383141,20.898641588296755,,,,,,,8.461707827826285,0.675
Batch_heldout,xrv9xvzb,32,14,0.0,0.0,0.0,5.0,0.0,0.9999999999999999,0.0,0.0,0.0073201167000597,14.06024816338008,,,,,,,28.356513799216515,0.9236111111111112
Batch_heldout,xrv9xvzb,32,15,4.354427506596573,0.10538304711027524,0.0,0.40888622278786796,0.13130322350528334,-1.6285490781009977,-2.2428653650509283,0.0023781212841854932,0.0104221589511054,14.06024816338008,,,,,,,10.173691483535098,0.937888198757764
Batch_heldout,xrv9xvzb,32,16,3.130311614730878,0.0,0.04249291784702549,1.827195467422096,0.0,-0.8866855524079321,-1.5226628895184136,0.0,0.0031020422510457,10.54518612253506,,,,,,,18.26316305097984,0.8875739644970414
Batch_heldout,xrv9xvzb,32,17,2.6881511774467044,0.0009430454928772863,0.0,0.1485296651281726,2.162376111932246,-0.1807927022787243,-2.4252636446894753,0.10926016658500735,0.092990966290555,24.60543428591514,,,,,,,11.704331444447822,0.6382978723404256
Batch_heldout,xrv9xvzb,32,18,4.846994907594887,0.054041850180796505,0.0,0.05776887433119627,0.04119436789312042,-1.9215748110506268,-2.4440946377440036,0.0007073136228603763,0.02336293974225,27.86485545106234,,,,,,,9.588534820294496,0.6972704714640199
Batch_heldout,xrv9xvzb,32,19,0.0,1.7635270541082164,1.503006012024048,1.7334669338677353,0.0,-0.006012024048096228,1.503006012024048,0.0,0.0043850398959541,14.06024816338008,,,,,,,14.962294189249294,0.8819444444444444
Batch_heldout,xrv9xvzb,32,20,0.0,0.0,4.932473910374463,0.06752608962553713,0.0,0.013505217925107425,4.932473910374463,0.0,0.0143150901613413,7.03012408169004,,,,,,,12.986401405181924,0.9223300970873788
Batch_heldout,xrv9xvzb,32,21,2.9655712050078247,0.0,2.0344287949921753,0.0,0.0,-1.18622848200313,0.551643192488263,0.0,0.005564263322884,17.415534656913962,,,,,,,19.66434102825901,0.9411764705882352
Batch_heldout,xrv9xvzb,32,22,0.9749891004589416,0.032195567433977154,3.2866308422185013,0.7002535916890031,0.005930898199576401,-0.254011676052741,2.7961708428892424,0.10475364831671724,0.0818833702414847,24.60543428591514,,,,,,,5.117567734093362,0.7591093117408907
Batch_heldout,xrv9xvzb,32,23,1.2558795035584032,0.0638582798419527,2.898963180126742,0.6122285876911021,0.1690704487818,-0.32504956034081156,2.1864882039566407,0.141571010578438,0.0433407149636191,28.12049632676016,,,,,,,3.896793553679743,0.7282608695652174
Batch_heldout,xrv9xvzb,32,24,0.345452693070991,0.4273280461816061,0.5722517995485237,0.10464283098094658,3.5503246302179337,1.217411731818645,-1.3756368620959387,0.11591695501730104,0.1000123027171429,28.12049632676016,,,,,,,4.085614956219205,0.7529976019184652
Batch_heldout,xrv9xvzb,32,25,0.0,0.1386743526700042,0.13486760573396486,0.2708228534496553,4.455635188146376,1.8086837754144804,-2.092949988339223,0.0562429696287964,0.0802752293577981,24.60543428591514,,,,,,,3.858173113441219,0.7686567164179104
Batch_heldout,xrv9xvzb,32,26,0.0,3.8785538785538782,0.0,0.17111267111267112,0.9503334503334503,-0.3613548613548613,-0.47516672516672515,0.023689877961234746,0.041597004528039,13.93242772553117,,,,,,,7.170172591540453,0.8857142857142857
Batch_heldout,xrv9xvzb,32,27,0.27805199078644294,2.656301414939125,0.0,2.0656465942744324,0.0,-0.2293517604475157,-0.13902599539322147,0.05966522678185745,0.0532356146085978,31.635558367605185,,,,,,,6.8012866280818285,0.8075313807531381
Batch_heldout,xrv9xvzb,32,28,0.0,0.0,0.02670783782589982,0.0,4.9732921621741,1.9893168648696395,-2.45993824326115,0.011267605633802818,0.0409328974656402,14.06024816338008,,,,,,,12.15257174428524,0.8795620437956204
Batch_heldout,xrv9xvzb,32,29,0.0,0.0,0.0,1.0519015142758061,3.9480984857241936,1.7896196971448384,-1.9740492428620968,0.054380664652567974,0.027420759317311,6.966213862765585,,,,,,,39.46883739083945,0.7717391304347826
Batch_heldout,xrv9xvzb,32,30,0.27166218359674943,0.0,0.8446639321915738,1.5838590166338211,2.2998148675778562,1.1280328769192067,-0.4410745933957291,0.493134328358209,0.0958469541987416,17.575310204225097,,,,,,,7.102508339692548,0.648036253776435
Batch_heldout,xrv9xvzb,32,31,1.6292389674188794,0.8755800456457514,1.0934072765137188,0.1700683192872901,1.2317053911343598,-0.30011577578550014,-0.3370649027629009,0.17005891805034815,0.1130268199233716,28.12049632676016,,,,,,,3.3241540277189325,0.8033519553072626
