group_id,batch,y,x,y_true,y_pred,p_pred,correct,occ_total,occ_max,occ_cam_corr,occ_corr_brightness,cam_corr_brightness,occ_corr_contrast,cam_corr_contrast,occ_corr_edges,cam_corr_edges,occ_corr_noise,cam_corr_noise,occ_share_si,occ_area_si,occ_ratio_si,occ_share_graphite,occ_area_graphite,occ_ratio_graphite,occ_share_pore,occ_area_pore,occ_ratio_pore,cam_share_si,cam_area_si,cam_ratio_si,cam_share_graphite,cam_area_graphite,cam_ratio_graphite,cam_share_pore,cam_area_pore,cam_ratio_pore
Batch_1/5n1q8atc,Batch_1,0,0,0,0,0.9797220230102539,True,0.059624314308166504,0.0040021538734436035,0.06779909966084258,0.1329212454212454,-0.15173097897621696,-0.021703296703296703,-0.2912875778707687,0.09436813186813187,-0.380604721721322,0.09803113553113552,-0.33584258701652264,0.11173056226535046,0.1030120849609375,1.0846354804654137,0.8415272470786237,0.8419647216796875,0.9994804121956665,0.008434310360207434,0.0167236328125,0.5043348209548854,0.05367736433256057,0.1030120849609375,0.5210783215669811,0.9155396637345867,0.8419647216796875,1.087384827606696,0.006847845465112387,0.0167236328125,0.40947116824963997
Batch_1/5n1q8atc,Batch_1,0,256,0,0,0.9645717740058899,True,0.06061476469039917,0.005639314651489258,0.29183206392157,0.027380952380952377,-0.05779626663768922,-0.2985805860805861,-0.7359943039534537,-0.29665750915750916,-0.7476731040536709,-0.2480311355311355,-0.6987508863110287,0.06709067352486885,0.03076171875,2.180979355221133,0.8519609648130065,0.9335479736328125,0.9126054459715467,0.01597997330663118,0.0085296630859375,1.8734589098808248,0.007949172212128567,0.03076171875,0.2584111855625287,0.9822273079448233,0.9335479736328125,1.0521444378724103,0.0026891563173865214,0.0085296630859375,0.315271106290238
Batch_1/5n1q8atc,Batch_1,0,512,0,0,0.9556968212127686,True,0.7534952163696289,0.06605762243270874,-0.15839413358591392,0.050137362637362626,-0.041546377921189516,0.02074175824175824,-0.719212945977128,0.031868131868131866,-0.7308312656715809,0.05224358974358974,-0.6629316971219479,0.11013944205302013,0.054534912109375,2.0196134511434605,0.8169727049255422,0.8843994140625,0.923759889406493,0.03291105780078117,0.03033447265625,1.0849391770784682,0.012185467452191633,0.054534912109375,0.22344342332032202,0.9762877777160704,0.8843994140625,1.1038991683989026,0.007534366159963828,0.03033447265625,0.24837636854094033
Batch_1/5n1q8atc,Batch_1,0,768,0,0,0.9495399594306946,True,0.38250964879989624,0.030174672603607178,0.12169777291464208,0.06712454212454212,-0.18174117108678678,-0.007005494505494504,-0.22360354796495127,-0.03553113553113552,-0.44465254736834336,-0.05984432234432233,-0.39989041266354397,0.17456644226182333,0.2066497802734375,0.8447453562778449,0.7919229897269691,0.755859375,1.0477120690961452,0.01319170381632555,0.011962890625,1.1027187516667234,0.22914640353019516,0.2066497802734375,1.1088635237211009,0.7494843046137266,0.755859375,0.9915657983520104,0.01058419240645372,0.011962890625,0.8847520836088661
Batch_1/5n1q8atc,Batch_1,0,1024,0,0,0.9392887949943542,True,0.17627525329589844,0.011257648468017578,0.04163231815630852,-0.21419413919413918,0.045896421227384174,-0.2506868131868132,-0.29069261796365203,-0.2824633699633699,-0.32709797106509364,-0.3547619047619047,-0.20843669420548297,0.0860911774458719,0.1779327392578125,0.48384112898487786,0.861956806203392,0.741363525390625,1.1626641676891594,0.037794375409797826,0.047637939453125,0.7933671322410347,0.21409788029299903,0.1779327392578125,1.203251752240973,0.7143141407113455,0.741363525390625,0.9635140066203997,0.04628636391459218,0.047637939453125,0.9716281696049689
Batch_1/5n1q8atc,Batch_1,0,1280,0,0,0.9473246335983276,True,0.059528350830078125,0.006490051746368408,0.05630433533737826,-0.08928571428571427,-0.13380752171294752,-0.00206043956043956,-0.596092058299915,-0.01259157509157509,-0.6986271845452775,-0.0017857142857142859,-0.6235547374287732,0.21550139548513905,0.2277679443359375,0.9461445336982698,0.7617552960247052,0.72705078125,1.047733274854665,0.0015071032212746291,0.02044677734375,0.0737085945592941,0.16737787357151399,0.2277679443359375,0.7348614137055497,0.8274573426042584,0.72705078125,1.138101166993634,0.0007333748114858751,0.02044677734375,0.035867501228013667
Batch_1/5n1q8atc,Batch_1,0,1536,0,0,0.951360821723938,True,0.06293618679046631,0.007091820240020752,0.2639794085492018,-0.03131868131868131,0.1478385460858145,-0.17797619047619045,-0.3448955329986492,-0.19276556776556775,-0.35240770079355965,-0.1890567765567765,-0.35059836769661473,0.05665354422127052,0.0718536376953125,0.7884575651062189,0.790081411739418,0.8350677490234375,0.9461285179117164,0.11197208642535462,0.067413330078125,1.660978419187877,0.0562122053535132,0.0718536376953125,0.782315372700752,0.8609013644629188,0.8350677490234375,1.0309359515676328,0.06065926712689378,0.067413330078125,0.8998111657827322
Batch_1/5n1q8atc,Batch_1,0,1792,0,0,0.8993299603462219,True,0.7255024313926697,0.05473977327346802,-0.024254224679299392,-0.057280219780219785,-0.19627828659263058,0.0814102564102564,-0.04596622184263822,0.03278388278388278,-0.24229031433645729,-0.006868131868131868,-0.30699114976518327,0.3356323421844004,0.344024658203125,0.9756054811228984,0.5395022796905103,0.5705108642578125,0.9456476878706915,0.07357550761713404,0.0493621826171875,1.4905237920236465,0.31978585211471594,0.344024658203125,0.9295434047808935,0.5808523274912515,0.5705108642578125,1.0181266718678397,0.07590496025609818,0.0493621826171875,1.5377148300907728
Batch_1/5n1q8atc,Batch_1,0,2048,0,0,0.9752469658851624,True,0.06938594579696655,0.01000988483428955,0.20622197956330468,-0.26117216117216113,-0.23165037295535848,0.12765567765567765,-0.14675161087342034,0.20833333333333331,-0.2817282720139437,0.07225274725274725,-0.33707511745106256,0.030005686446485557,0.229248046875,0.1308874245844567,0.9379465320430348,0.7059173583984375,1.32869169582544,0.023841503163023307,0.032989501953125,0.7226996999499978,0.12181449438068762,0.229248046875,0.5313654621760345,0.8174889887923625,0.7059173583984375,1.1580519717592086,0.04402110330639296,0.032989501953125,1.3343973294578024
Batch_1/5n1q8atc,Batch_1,0,2304,0,0,0.9515407085418701,True,0.21532374620437622,0.013939440250396729,0.09578013938510864,0.15293040293040291,-0.10253650981040924,-0.32032967032967025,-0.36610366524891474,-0.35938644688644683,-0.4088405710577653,-0.2668498168498168,-0.38621245587065683,0.5599733138516854,0.4130706787109375,1.3556355914662943,0.35559376616509547,0.509490966796875,0.6979392949804042,0.011887952075901155,0.012725830078125,0.9341592652832831,0.40732442114348777,0.4130706787109375,0.9860889240907101,0.5362319287478542,0.509490966796875,1.0524856448762914,0.015382780012075537,0.012725830078125,1.2087840178313938
Batch_1/5n1q8atc,Batch_1,0,2560,0,0,0.8841241598129272,True,0.5204659104347229,0.055779874324798584,0.3851756736032737,-0.4997710622710622,-0.15101987562052513,-0.6518772893772893,-0.5243816185411847,-0.6608058608058607,-0.47288026447166415,-0.6283882783882784,-0.4627968900413862,0.09787504764313373,0.294158935546875,0.33272845328044465,0.898463089758267,0.6379241943359375,1.408416701758026,0.0,0.00140380859375,0.0,0.23417941086255115,0.294158935546875,0.7960982399775989,0.7415342269381235,0.6379241943359375,1.1624174682856188,0.0011399847260729144,0.00140380859375,0.8120656413903752
Batch_1/5n1q8atc,Batch_1,0,2816,0,0,0.9610163569450378,True,0.14538872241973877,0.011271059513092041,-0.09529523140766924,-0.3257821174906376,-0.008882388418751391,-0.09775641025641024,-0.42029052927197474,-0.07834249084249084,-0.45600328940452134,-0.1043040293040293,-0.429884317019664,0.016553129000784914,0.025238037109375,0.6558802068896252,0.9677484075773591,0.9542236328125,1.014173590235861,0.010070722699675122,0.013031005859375,0.7728277316696824,0.010226493956846092,0.025238037109375,0.40520163721636365,0.9840479581488519,0.9542236328125,1.0312550688442363,0.0032655972731270894,0.013031005859375,0.25060208769514863
Batch_1/5n1q8atc,Batch_1,0,3072,0,0,0.9636142253875732,True,0.05965924263000488,0.01921945810317993,0.14207807121421678,0.16190476190476188,-0.27810636649286047,-0.10952380952380951,-0.6059400579106967,-0.077014652014652,-0.6063525426335769,-0.07678571428571428,-0.584857505407942,0.026257307432300446,0.075408935546875,0.3481988870666212,0.9622888009094775,0.901275634765625,1.0676964557681834,0.0001710041870521198,0.0069732666015625,0.024522823638178825,0.02814908953863966,0.075408935546875,0.37328586240475287,0.9665655916174264,0.901275634765625,1.0724417196397191,0.00015749079870128158,0.0069732666015625,0.022584938695157965
Batch_1/5n1q8atc,Batch_1,256,0,0,0,0.9564561247825623,True,0.14048802852630615,0.012189507484436035,-0.06113940225798878,-0.06877289377289376,-0.26215695720816773,0.11268315018315017,-0.6902702679217158,0.15238095238095237,-0.6994595109147643,0.13351648351648351,-0.6781936318685075,0.031016775450380042,0.04437255859375,0.6990080453631727,0.8537979485741596,0.81689453125,1.045175253245594,0.09209891574236789,0.1084442138671875,0.8492745943565249,0.010969255221200276,0.04437255859375,0.24720808465494543,0.9572019339585383,0.81689453125,1.1717570596216893,0.02363279068487969,0.1084442138671875,0.21792578729763265
Batch_1/5n1q8atc,Batch_1,256,256,0,0,0.9602514505386353,True,0.28002333641052246,0.022485077381134033,0.10703788830888694,0.06739926739926738,-0.22813406884039747,-0.0793040293040293,-0.3970655605320565,-0.09830586080586079,-0.4169698752630979,-0.07614468864468864,-0.4450400627043101,0.17510524559745405,0.188507080078125,0.9289054051703698,0.7517035217055695,0.7251739501953125,1.0365837348447386,0.023376843218099616,0.0395355224609375,0.591287069525811,0.12443401398785557,0.188507080078125,0.6601026016438484,0.8402863675161607,0.7251739501953125,1.158737661894563,0.016368579411033188,0.0395355224609375,0.4140220842460328
Batch_1/5n1q8atc,Batch_1,256,512,0,0,0.935795247554779,True,0.9157514572143555,0.06488257646560669,-0.20049486393446372,0.0937271062271062,0.024099702566162687,-0.17174908424908422,0.018739122337567568,-0.2228021978021978,-0.08787686220893542,-0.15155677655677655,-0.15202055725195399,0.48403742709459274,0.424835205078125,1.1393533805786664,0.4756529432264881,0.5273895263671875,0.9019006245780494,0.010404478645707926,0.0153961181640625,0.6757858399654258,0.5284713183065283,0.424835205078125,1.2439442682471316,0.42917406484841003,0.5273895263671875,0.8137705498337934,0.013455847170066353,0.0153961181640625,0.8739766106416933
Batch_1/5n1q8atc,Batch_1,256,768,0,0,0.9623279571533203,True,0.16104155778884888,0.007705509662628174,-0.3026372529906686,0.08557692307692306,-0.16281350848373707,-0.10924908424908425,-0.24994471395583023,-0.005494505494505494,-0.4510131896969718,-0.023717948717948713,-0.46724396306459653,0.11311480320870296,0.105194091796875,1.0752961623274668,0.8334311920643157,0.8216400146484375,1.0143507828314855,0.01607285634589114,0.033355712890625,0.48186217451249846,0.08699519460356571,0.105194091796875,0.8269969645400758,0.8386688578143213,0.8216400146484375,1.0207254306780205,0.0520603350519852,0.033355712890625,1.5607621765630841
Batch_1/5n1q8atc,Batch_1,256,1024,0,0,0.9599011540412903,True,0.032978951930999756,0.007409632205963135,0.11774194053982256,-0.3005952380952381,-0.3813186355026534,-0.1933608058608058,-0.5959165193325444,-0.2597527472527472,-0.6305276004892798,-0.28113553113553114,-0.559928339456045,0.014951300598375347,0.0864410400390625,0.17296530203267904,0.7142144636600329,0.8000946044921875,0.8926625172198707,0.256522888666577,0.084381103515625,3.0400513619625302,0.0056439737668348795,0.0864410400390625,0.0652927563606868,0.9419141622948263,0.8000946044921875,1.177253486033255,0.048750192595772526,0.084381103515625,0.5777382679849092
Batch_1/5n1q8atc,Batch_1,256,1280,0,0,0.8433986902236938,True,1.5624464750289917,0.1367301344871521,-0.047696845195155976,-0.017216117216117214,-0.08963320184017234,-0.3227564102564102,-0.3852614742333371,-0.2153388278388278,-0.40595314910543867,-0.20059523809523805,-0.34420071184794204,0.0365596054065378,0.073272705078125,0.4989525822413289,0.8856047961914486,0.7630157470703125,1.1606638520788477,0.06669371031308097,0.1190185546875,0.5603639742407788,0.033123765517170146,0.073272705078125,0.45206145292237876,0.8317959252442676,0.7630157470703125,1.0901425408820782,0.10083489322812386,0.1190185546875,0.8472199439228623
Batch_1/5n1q8atc,Batch_1,256,1536,0,0,0.9325408935546875,True,0.2079092264175415,0.015665769577026367,0.3374699506945749,-0.20448717948717945,-0.3990841468625036,-0.35627289377289373,-0.4489067001369046,-0.4484432234432234,-0.47196336886269574,-0.41130952380952374,-0.4200572437372055,0.13655106292124966,0.139495849609375,0.9788897899373242,0.8416578920622466,0.830780029296875,1.0130935535060683,0.01835356571720211,0.0157318115234375,1.1666530386445755,0.07142765576519017,0.139495849609375,0.5120414404099215,0.9170518996532154,0.830780029296875,1.103844420079953,0.008713548824025811,0.0157318115234375,0.5538808300013148
Batch_1/5n1q8atc,Batch_1,256,1792,0,0,0.969822883605957,True,0.04513353109359741,0.00437617301940918,0.02680290114297561,-0.17687728937728936,-0.4153304254035452,0.08759157509157509,-0.3812426331806839,0.13438644688644688,-0.5042152599631566,0.08447802197802197,-0.5040319922630337,0.02751563385046916,0.09271240234375,0.2967848222554883,0.9275246263045843,0.8541259765625,1.0859342201925333,0.03421028852280452,0.0390167236328125,0.8768108989560098,0.031543637917306945,0.09271240234375,0.3402310491357189,0.922000664668193,0.8541259765625,1.0794668350667196,0.043256944362465945,0.0390167236328125,1.1086770065461744
Batch_1/5n1q8atc,Batch_1,256,2048,0,0,0.9605975151062012,True,0.046107590198516846,0.005058169364929199,-0.3445211879146501,0.3038003663003663,-0.20953710790124444,0.38589743589743586,-0.6378731389763923,0.34418498168498163,-0.6596521600383377,0.3847527472527472,-0.6194870601430446,0.2897733103200443,0.132965087890625,2.1793187589091603,0.5866507765809555,0.8119964599609375,0.7224794755991638,0.07183083782563672,0.0328216552734375,2.1885196595727234,0.03613903365494146,0.132965087890625,0.2717934025258485,0.9212309653179409,0.8119964599609375,1.1345258393888298,0.03160024116765659,0.0328216552734375,0.9627863343391643
Batch_1/5n1q8atc,Batch_1,256,2304,0,0,0.9684166312217712,True,0.274112343788147,0.0180511474609375,0.12559499955419054,0.11043956043956042,-0.03771525041477339,-0.07706043956043955,-0.49367471203698193,0.019047619047619046,-0.5588150592819864,0.09413919413919412,-0.4950528576063404,0.330506469991376,0.3165130615234375,1.044211156407213,0.6284606181114145,0.6222991943359375,1.009901063397731,0.0021157929720289543,0.015960693359375,0.13256272295878543,0.3878978197523751,0.3165130615234375,1.2255349522871164,0.6014127894725325,0.6222991943359375,0.9664367155646199,0.0020117016086417527,0.015960693359375,0.12604099103627717
Batch_1/5n1q8atc,Batch_1,256,2560,0,0,0.8933002948760986,True,0.8208929896354675,0.07580101490020752,0.09359641796266839,0.004578806992138267,-0.10776845341632126,-0.038690476190476185,-0.43364957805450993,0.08379120879120878,-0.5151720120160856,0.16098901098901097,-0.4882129256014323,0.32170023184585744,0.3580474853515625,0.8984848239612236,0.6524228905990235,0.6040496826171875,1.0800815055017456,0.0021820223499728272,0.00732421875,0.29791878484962336,0.3502189705156649,0.3580474853515625,0.9781355402392762,0.6371322695567985,0.6040496826171875,1.054767989937968,0.003306805733035789,0.00732421875,0.4514892094171531
Batch_1/5n1q8atc,Batch_1,256,2816,0,0,0.9710589051246643,True,0.1225164532661438,0.0067168474197387695,-0.0468170160468782,-0.07092490842490842,-0.5962466669230172,0.20975274725274723,-0.2911912985353311,0.12051282051282051,-0.42756333108304134,0.044047619047619044,-0.5835971354213644,0.2025302196873598,0.1822357177734375,1.1113640188755598,0.6868231216402005,0.7415313720703125,0.9262226083875997,0.0493761948588095,0.0286865234375,1.7212331416313509,0.031428827542313825,0.1822357177734375,0.17246250036113864,0.8844123756581612,0.7415313720703125,1.192683693461186,0.041786497093991126,0.0286865234375,1.4566595072084056
Batch_1/5n1q8atc,Batch_1,256,3072,0,0,0.9509567022323608,True,0.2400922179222107,0.021215856075286865,0.113388461234087,0.26753663003663003,-0.3590099682421759,-0.10467032967032966,-0.45763454572479667,0.053434065934065925,-0.4642370278993654,0.12577838827838828,-0.416369032133742,0.09181955827018738,0.0953826904296875,0.9626438283146697,0.876822681100362,0.8354644775390625,1.0495032460064895,0.015031847122331837,0.047119140625,0.3190178539537368,0.02371492192992612,0.0953826904296875,0.24862919910408546,0.9438368472681662,0.8354644775390625,1.1297151137392754,0.02350569112258077,0.047119140625,0.4988565328398489
Batch_1/5n1q8atc,Batch_1,512,0,0,0,0.961819052696228,True,0.2858341932296753,0.02148449420928955,-0.019887581806448205,-0.04184981684981685,-0.45697449324292744,-0.030265567765567766,-0.6922684325897646,-0.042719780219780214,-0.6824519777749403,-0.04674908424908425,-0.6717094423172081,0.12226623764664664,0.0637969970703125,1.9164889142335886,0.8652759679308836,0.9199981689453125,0.9405192283402449,0.0021222620919811165,0.00665283203125,0.3190013038075102,0.013960625737144515,0.0637969970703125,0.21882888502977826,0.9839022756588054,0.9199981689453125,1.06946112380501,0.0016481713050670386,0.00665283203125,0.2477398042405354
Batch_1/5n1q8atc,Batch_1,512,256,0,0,0.9647951126098633,True,0.1659327745437622,0.0088919997215271,-0.009770150782678861,0.21927655677655675,-0.12453469445504643,0.017078754578754577,-0.5234902354197909,-0.08154761904761904,-0.679326455605126,-0.001923076923076923,-0.6350598008741261,0.13275775343522653,0.0904541015625,1.4676808584903855,0.7586566199572142,0.8036346435546875,0.9440317512961816,0.0784610865762511,0.0767364501953125,1.0224748001314758,0.041733314130547414,0.0904541015625,0.4613755861773879,0.8657569176880249,0.8036346435546875,1.0773016377922113,0.08417225181284342,0.0767364501953125,1.0969005159686829
Batch_1/5n1q8atc,Batch_1,512,512,0,2,0.5195752382278442,False,1.3153787851333618,0.27499666810035706,-0.12548907151579336,0.19826007326007322,-0.2957973069398046,0.11991758241758242,0.2997424943462598,0.1947344322344322,0.20641128762029323,0.2223443223443223,0.13716407378257067,0.4044412837812575,0.315765380859375,1.28082845142981,0.550548231731661,0.647491455078125,0.8502787603046175,0.026419527605476455,0.01348876953125,1.9586314040186708,0.28705458369223474,0.315765380859375,0.9090755386515075,0.6301154773937993,0.647491455078125,0.9731641590818689,0.031260575750627934,0.01348876953125,2.317526122616688
Batch_1/5n1q8atc,Batch_1,512,768,0,0,0.9412365555763245,True,1.1161580085754395,0.0863071084022522,-0.11866127685961063,0.26817765567765567,-0.373131944004448,-0.34977106227106225,-0.3143515124225234,-0.40453296703296704,-0.26368663184683955,-0.2783424908424908,-0.28986730769183094,0.4260338863197427,0.2667388916015625,1.5971944839454641,0.5123846521450189,0.6416473388671875,0.7985455889985009,0.012124514891977847,0.021636962890625,0.5603612185900283,0.1678788363469091,0.2667388916015625,0.629375174122249,0.7846099747023837,0.6416473388671875,1.222805624172919,0.017585902517779525,0.021636962890625,0.8127713028245408
Batch_1/5n1q8atc,Batch_1,512,1024,0,0,0.9452197551727295,True,0.02167731523513794,0.003728210926055908,-0.4659014944929422,0.23095238095238094,-0.47025549990111987,0.3569597069597069,-0.5062562498813672,0.3571886446886447,-0.5901510593515685,0.31868131868131866,-0.6227373524590873,0.6444045028575859,0.225372314453125,2.8592886593957174,0.2801693534566912,0.7267303466796875,0.38552037180879994,0.047004585888860424,0.0178680419921875,2.6306511877133705,0.0685084940627325,0.225372314453125,0.30397919207144464,0.9090968034340409,0.7267303466796875,1.2509410231560523,0.016180856878281188,0.0178680419921875,0.9055752659052398
Batch_1/5n1q8atc,Batch_1,512,1280,0,0,0.9461889266967773,True,0.07386749982833862,0.0071375370025634766,-0.2127419371794888,-0.08647077004653116,-0.5197958594467498,0.010805860805860804,-0.13590253129794838,-0.023214285714285715,-0.37488455215758115,0.0071428571428571435,-0.46365126880282337,0.0411330482386692,0.1046142578125,0.3931877843304295,0.9041433720896823,0.8454437255859375,1.0694305779643263,0.03614280211297733,0.023895263671875,1.5125508807637817,0.03601266306084616,0.1046142578125,0.34424239882666485,0.9168928038724101,0.8454437255859375,1.0845107440320225,0.029548829014629702,0.023895263671875,1.2365977383798035
Batch_1/5n1q8atc,Batch_1,512,1536,0,0,0.9475964307785034,True,0.10970813035964966,0.010530352592468262,0.07711465151454894,0.14235347985347985,-0.04252545029981372,-0.07303113553113552,-0.031125693666044885,-0.16428571428571428,-0.04553021512682322,-0.1695054945054945,-0.03761690317782875,0.2682482141154405,0.1830291748046875,1.4656035815147568,0.7285967063948013,0.789764404296875,0.9225494368076375,0.0005312559905910016,0.0036468505859375,0.14567528284256018,0.1192787512395388,0.1830291748046875,0.6516925586689799,0.8593274558488234,0.789764404296875,1.0880807632927951,0.003276282156165801,0.0036468505859375,0.8983867254664516
Batch_1/5n1q8atc,Batch_1,512,1792,0,0,0.9630203247070312,True,0.17205721139907837,0.012015163898468018,0.179631738992481,-0.3000034341248992,-0.5336865832217519,-0.2704212454212454,-0.6284226604316274,-0.33351648351648344,-0.6783088286656344,-0.3547619047619047,-0.630706994684711,0.03128583103107343,0.1066131591796875,0.29345187096785863,0.9267150079737765,0.8629150390625,1.073935400384945,0.018092675437332176,0.0093536376953125,1.9342929485497578,0.01859886579583167,0.1066131591796875,0.17445187760063322,0.9718142412255362,0.8629150390625,1.1261992168792747,0.005518110016683292,0.0093536376953125,0.5899426721914457
Batch_1/5n1q8atc,Batch_1,512,2048,0,0,0.9318713545799255,True,0.06855881214141846,0.008053004741668701,0.2660499109811147,-0.12275641025641024,-0.1532698931225463,-0.5758241758241758,-0.4480232430750426,-0.631043956043956,-0.5588157442254477,-0.6484890109890109,-0.5634378761048972,0.004237044983267635,0.053466796875,0.07924628425326134,0.9838431158673758,0.9068145751953125,1.0849440919666213,0.008492879732062622,0.0193023681640625,0.43999159377111147,0.02718993508286251,0.053466796875,0.5085386945178303,0.9589856106089383,0.9068145751953125,1.057532197695862,0.009271787869661196,0.0193023681640625,0.4803445769376412
Batch_1/5n1q8atc,Batch_1,512,2304,0,0,0.9611986875534058,True,0.09304749965667725,0.005648136138916016,0.020827625659559583,0.05989010989010988,-0.060112440025159815,0.05027472527472527,-0.5158116838759215,0.05361721611721611,-0.5345910678960326,0.05398351648351647,-0.4616138292590564,0.058986015230953204,0.137542724609375,0.4288559456596127,0.9159204053082415,0.835693359375,1.0960005784816118,0.0019555062562039097,0.014373779296875,0.13604677070762147,0.15646978740256534,0.137542724609375,1.1376086074123055,0.8379825941235662,0.835693359375,1.0027393238475393,0.000218092607586661,0.014373779296875,0.015172948121867744
Batch_1/5n1q8atc,Batch_1,512,2560,0,0,0.9538376331329346,True,0.26733487844467163,0.011753082275390625,0.24841839181814934,0.09908424908424908,-0.10990381786417568,-0.04235347985347985,-0.36721722038973015,-0.0992216117216117,-0.35470001460044354,-0.06327838827838828,-0.3209998451677489,0.16689743753051578,0.1505126953125,1.108859536293581,0.8182395879116229,0.8324737548828125,0.9829013624901684,0.0007664965699499337,0.0005035400390625,1.5222157335829956,0.13929985958106741,0.1505126953125,0.9255023922855671,0.8587950065160767,0.8324737548828125,1.0316181158611655,0.0001605503942675185,0.0005035400390625,0.31884335268836644
Batch_1/5n1q8atc,Batch_1,512,2816,0,0,0.9665020704269409,True,0.0983160138130188,0.00742727518081665,0.19386306897100233,-0.11565934065934064,-0.3076711782062825,0.05471611721611721,-0.12498282901532372,0.1672161172161172,-0.24511106665079246,0.18479853479853478,-0.2616441561614307,0.07501539704685624,0.0854949951171875,0.8774244263542336,0.8431905085199931,0.859344482421875,0.9812019810072493,0.03013485789829973,0.01470947265625,2.0486701734678125,0.025488887819883888,0.0854949951171875,0.2981330987263806,0.9297332759777204,0.859344482421875,1.0819098685052004,0.025728307898367497,0.01470947265625,1.7490979112317555
Batch_1/5n1q8atc,Batch_1,512,3072,0,0,0.9589784145355225,True,0.048434317111968994,0.004212558269500732,0.34231381891824164,-0.2813644688644688,-0.3494931425125467,-0.02344322344322344,-0.4195202189771267,-0.10966117216117215,-0.49473108819670014,-0.12385531135531136,-0.45376536315060134,0.06666482451317594,0.1102142333984375,0.6048658368123354,0.8747074726618891,0.8574371337890625,1.0201418135420703,0.0340684871263654,0.01617431640625,2.106332426710833,0.047851221017732766,0.1102142333984375,0.4341655296439339,0.9251668997843527,0.8574371337890625,1.0789909409404612,0.019350856788637776,0.01617431640625,1.196394104245439
Batch_1/5n1q8atc,Batch_1,768,0,0,0,0.9599541425704956,True,0.12472224235534668,0.006722748279571533,-0.016173374535846826,-0.06607142857142856,0.1423531860704705,-0.12065018315018312,-0.1650325639606806,-0.14038461538461536,-0.21103275669153104,-0.1541208791208791,-0.07422341854977862,0.11055627247735189,0.16217041015625,0.6817290057466817,0.7918676706502479,0.7238006591796875,1.0940411017968725,0.06469033846559193,0.0658721923828125,0.9820583788929887,0.23888171128163466,0.16217041015625,1.4730289641092593,0.6994715717605469,0.7238006591796875,0.9663870333487762,0.04476270896685021,0.0658721923828125,0.6795387757358108
Batch_1/5n1q8atc,Batch_1,768,256,0,0,0.9596678018569946,True,0.29891717433929443,0.02178138494491577,0.0507047867175613,-0.03255494505494505,-0.13944971880299217,0.037637362637362635,-0.4032810064819711,0.009478021978021977,-0.45324625209882047,-0.01117216117216117,-0.4819496910702021,0.11009782977703308,0.135467529296875,0.8127248673426042,0.8333766588351845,0.8094024658203125,1.0296196194442955,0.0298158278504982,0.0285797119140625,1.04325151842512,0.09405982152420649,0.135467529296875,0.694334812278711,0.8939686363243229,0.8094024658203125,1.104479753985311,0.006397795593536171,0.0285797119140625,0.22385794555151442
Batch_1/5n1q8atc,Batch_1,768,512,0,0,0.9757567644119263,True,0.14991557598114014,0.007465004920959473,-0.10146850998121347,-0.008012820512820512,-0.18620587758176418,-0.2007326007326007,-0.06807526707290303,-0.06707875457875458,-0.1738013579900486,-0.08104395604395603,-0.31853609586073395,0.13965064706952085,0.1968994140625,0.7092486675719248,0.7867047378337589,0.71917724609375,1.0938954786275403,0.05512325060342837,0.0628204345703125,0.8774732454569545,0.13282260131662632,0.1968994140625,0.6745708307413533,0.7416831879307252,0.71917724609375,1.0312940126501742,0.10853601534016652,0.0628204345703125,1.7277183146303505
Batch_1/5n1q8atc,Batch_1,768,768,0,0,0.9563243985176086,True,0.2519404888153076,0.014361441135406494,-0.26361627832542883,0.2598443223443223,-0.4236878862064007,0.1450091575091575,-0.5078466423085503,0.23942307692307693,-0.577810499046309,0.26327838827838823,-0.5963235878613562,0.11864934942772398,0.065185546875,1.8201787837301777,0.7832563697321999,0.8359375,0.9369795824833793,0.06609662971401331,0.08001708984375,0.8260314120781038,0.006241993754979766,0.065185546875,0.09575732741721768,0.9420621209793957,0.8359375,1.1269528176202117,0.046925587527424865,0.08001708984375,0.5864445660177948
Batch_1/5n1q8atc,Batch_1,768,1024,0,0,0.9347865581512451,True,0.2787765860557556,0.016790151596069336,0.31145382711995945,-0.35671195872253164,-0.40799311765303536,-0.15750915750915748,-0.4670200791626334,-0.2735347985347985,-0.5419801528084541,-0.3310897435897435,-0.5828799847854451,0.017493518024721856,0.044036865234375,0.39724712310054455,0.9336921700275287,0.9231719970703125,1.0113956803180795,0.04183936256391912,0.021575927734375,1.9391686456782202,0.006145309564730316,0.044036865234375,0.1395492056944442,0.9568034320403126,0.9231719970703125,1.0364303023453154,0.033465648699096295,0.021575927734375,1.5510641818557107
Batch_1/5n1q8atc,Batch_1,768,1280,0,0,0.9553095102310181,True,0.13387644290924072,0.00862729549407959,0.07990471725358883,-0.1254120879120879,-0.10698251994674882,-0.08063186813186814,-0.3108678363334864,-0.058882783882783875,-0.3625493277681471,-0.04903846153846154,-0.3594795937910883,0.009230153101672137,0.0098419189453125,0.9378407963894344,0.9739393921608734,0.972808837890625,1.0011621546044955,0.014924603470338497,0.0153961181640625,0.9693744430447014,0.0008143317855433357,0.0098419189453125,0.08274115953080317,0.9959117002272677,0.972808837890625,1.0237486147707473,0.00314403161502441,0.0153961181640625,0.2042093715780374
Batch_1/5n1q8atc,Batch_1,768,1536,0,0,0.9452571272850037,True,0.7643165588378906,0.045649707317352295,0.22746072478651438,0.21845238095238093,-0.1574798832411182,-0.19052197802197804,-0.5410870849580961,-0.2025641025641025,-0.6240341533864106,-0.1687271062271062,-0.5687207812582163,0.13420416976948357,0.1333160400390625,1.0066618370164673,0.8403413212373219,0.8379058837890625,1.0029065763773446,0.01009869949142873,0.0127716064453125,0.7907148982918438,0.14661575802672808,0.1333160400390625,1.0997608238571193,0.8412982671839176,0.8379058837890625,1.00404864491405,0.0062313629656084325,0.0127716064453125,0.4879075308412356
Batch_1/5n1q8atc,Batch_1,768,1792,0,0,0.9764435291290283,True,0.03188401460647583,0.004167377948760986,-0.3816510073023735,-0.15265567765567764,-0.09016588194636879,0.37440476190476185,-0.5120486259401519,0.31895604395604393,-0.660979450533836,0.2734432234432234,-0.636276154971323,0.1371570992363946,0.08062744140625,1.701121812179477,0.76009297895127,0.88751220703125,0.8564310134885914,0.08261557550402683,0.01763916015625,4.683645636878809,0.028981154105997164,0.08062744140625,0.35944529059247354,0.9472831136906082,0.88751220703125,1.0673465741494343,0.020450883124148722,0.01763916015625,1.159402315245857
Batch_1/5n1q8atc,Batch_1,768,2048,0,0,0.9564521908760071,True,0.19429665803909302,0.01573735475540161,0.018006051537075927,-0.16295787545787543,0.034500144548137844,-0.18296703296703296,-0.23284161300615736,-0.21927655677655675,-0.33954923140272186,-0.2566391941391941,-0.3404655699033364,0.2378496275467593,0.348602294921875,0.682295070949156,0.7425966881493706,0.627349853515625,1.1837042504878423,0.005857372523605667,0.00396728515625,1.4764183296423885,0.42977549707238555,0.348602294921875,1.2328533212000288,0.5643800146611015,0.627349853515625,0.8996256418940008,0.0008367053328783723,0.00396728515625,0.21090123344429618
Batch_1/5n1q8atc,Batch_1,768,2304,0,0,0.6139771938323975,True,7.548309326171875,0.30404046177864075,-0.04173484165873523,0.16048534798534797,-0.3338787332698818,0.38003663003663,-0.13923864069083816,0.31153846153846154,-0.3171342646021779,0.27518315018315015,-0.40303867175884817,0.2845693757945352,0.23089599609375,1.2324569529520657,0.5339074626837946,0.6319122314453125,0.844907625007731,0.08103556397881637,0.0666351318359375,1.2161087064153215,0.13296593278556915,0.23089599609375,0.5758693742423381,0.7537620415254049,0.6319122314453125,1.1928271111344007,0.08039220613634489,0.0666351318359375,1.2064537717773067
Batch_1/5n1q8atc,Batch_1,768,2560,0,0,0.9661742448806763,True,0.24133026599884033,0.016460716724395752,0.22704690903493188,-0.14217032967032966,-0.17348075896897489,-0.32097069597069594,-0.538144395169065,-0.30018315018315017,-0.6098724587766984,-0.28576007326007324,-0.576813178178052,0.061001006596214026,0.04931640625,1.2369313020697656,0.8802034037376273,0.8760223388671875,1.0047727833925404,0.02868278661193434,0.0447845458984375,0.6404617047358531,0.009475920483240877,0.04931640625,0.19214539752155757,0.9536998505500764,0.8760223388671875,1.0886706973515494,0.025563267590665302,0.0447845458984375,0.5708055553055678
Batch_1/5n1q8atc,Batch_1,768,2816,0,0,0.9461590051651001,True,0.08025503158569336,0.014368891716003418,0.0728489107988568,0.2510531135531135,-0.21790529544614023,-0.01703296703296703,-0.4347568016165737,-0.02875457875457875,-0.42339420420895324,-0.053021978021978014,-0.4222945980082158,0.3613051951776283,0.102996826171875,3.507925521653489,0.6237930744411814,0.8586273193359375,0.7265003807747732,0.0,0.019134521484375,0.0,0.0918258385808467,0.102996826171875,0.8915404677384251,0.8775250593181594,0.8586273193359375,1.0220092461032306,0.020174538246609627,0.019134521484375,1.0543529015389224
Batch_1/5n1q8atc,Batch_1,768,3072,0,0,0.8960195779800415,True,0.6636953353881836,0.05194813013076782,-0.07110419723048153,0.09075091575091573,0.09460668204778724,0.31057692307692303,-0.17479973082871123,0.3028388278388278,-0.1866886831093405,0.34271978021978017,-0.1974759564141585,0.5892421516575801,0.570037841796875,1.0336895350669513,0.37887542407554836,0.4096832275390625,0.9248009159452917,0.010297420159665388,0.0090484619140625,1.1380298947450773,0.5815210019125501,0.570037841796875,1.0201445575603856,0.4023949516115708,0.4096832275390625,0.98220997239435,0.010276791001298333,0.0090484619140625,1.1357500422615305
Batch_1/fzrt2k6r,Batch_1,0,0,0,1,0.9413098692893982,False,0.02255725860595703,0.00918501615524292,-0.22466924794319065,-0.03759157509157509,0.11791981660805952,-0.15338827838827837,-0.005436101251917936,-0.08768315018315018,0.0343598298538948,-0.05709706959706959,0.04431454691436899,0.0,0.112579345703125,0.0,0.9476614744683969,0.85784912109375,1.1046948130693857,0.03775315755567753,0.0261077880859375,1.4460496397246536,0.1579941503655926,0.112579345703125,1.4034026346380424,0.8268667142883865,0.85784912109375,0.9638836177090662,0.012266939672447751,0.0261077880859375,0.46985748589920273
Batch_1/fzrt2k6r,Batch_1,0,256,0,2,0.501061201095581,False,0.2774631977081299,0.0681389570236206,0.1248900033827262,0.2771520146520146,0.057360656623968616,0.19954212454212453,-0.10640147586492808,0.2668956043956044,-0.11666260863730604,0.2571428571428571,-0.1121329193954455,0.10912564192880678,0.0423736572265625,2.575317994038992,0.8772962741755769,0.9384918212890625,0.9347937342390148,0.007736086234328907,0.0157623291015625,0.4907958833039489,0.09816502628834739,0.0423736572265625,2.3166522012362747,0.8791246906377559,0.9384918212890625,0.936741983995382,0.016952038443014978,0.0157623291015625,1.0754780168455271
Batch_1/fzrt2k6r,Batch_1,0,512,0,1,0.8773484230041504,False,1.225947380065918,0.25351381301879883,-0.05434949614001945,-0.08475274725274724,-0.022951645329400108,0.11675824175824175,0.2977287432129782,-0.03466117216117216,0.33633341065702915,-0.1313186813186813,0.2781739413923293,0.14657249954097162,0.2104034423828125,0.6966259576413892,0.8233683493743625,0.7418670654296875,1.1098596874595985,0.024564044143087754,0.03106689453125,0.7906823167786832,0.09963586236081627,0.2104034423828125,0.4735467311392019,0.8507927845272304,0.7418670654296875,1.1468264655130005,0.03748425075617482,0.03106689453125,1.2065657453618237
Batch_1/fzrt2k6r,Batch_1,0,768,0,1,0.6765058636665344,False,3.4601898193359375,0.2933924198150635,-0.04979582877376088,-0.21089743589743584,-0.10207455205701675,0.5472069597069597,0.14975532254491153,0.45512820512820507,0.16281350848373707,0.2859432234432234,0.0362778475553992,0.022605990945400667,0.0119171142578125,1.8969349841200744,0.8731469862008534,0.9423675537109375,0.9265461048213075,0.08176692912195119,0.03546142578125,2.3057992542754704,0.023272702006155242,0.0119171142578125,1.9528806641170167,0.9046582683383082,0.9423675537109375,0.9599845249084241,0.053936700353121564,0.03546142578125,1.5209963831076483
Batch_1/fzrt2k6r,Batch_1,0,1024,0,1,0.6719169616699219,False,2.6744649410247803,0.18770840764045715,0.3062006181220334,0.1059981684981685,-0.013946454309053159,0.3739010989010989,0.31837499820369863,0.356547619047619,0.31867417956676414,0.27738095238095234,0.34046839116853533,0.005058856193996251,0.0022735595703125,2.2250818760385123,0.9651688707547253,0.98028564453125,0.9845792153941486,0.02780882927262056,0.016326904296875,1.7032518086079076,0.0009874349555626456,0.0022735595703125,0.4343123305218359,0.98454962563647,0.98028564453125,1.0043497332935636,0.013769540020048165,0.016326904296875,0.843365023134464
Batch_1/fzrt2k6r,Batch_1,0,1280,0,1,0.8237646818161011,False,4.749086380004883,0.32134419679641724,0.0021574546609636103,-0.2781593406593406,-0.08143243762871158,0.36076007326007326,0.12820789081002898,0.354532967032967,0.0655498990607667,0.2264194139194139,0.024466453921140517,0.01617780634149432,0.014373779296875,1.125508191503367,0.9081473785868421,0.946624755859375,0.9593530836433684,0.06987241201681402,0.0355682373046875,1.9644609154585686,0.026673530435943033,0.014373779296875,1.8557075272292596,0.9449222066959642,0.946624755859375,0.9982014529486235,0.021279639281239715,0.0355682373046875,0.5982764650087199
Batch_1/fzrt2k6r,Batch_1,0,1536,0,1,0.9526715278625488,False,0.08603572845458984,0.01357501745223999,0.08577154997542608,0.24858058608058603,0.25378759553476543,-0.16391941391941392,0.043126255968952545,-0.06176739926739926,0.09552820692857202,0.01282051282051282,0.15773262074252586,0.0009396932055440722,0.0023193359375,0.40515614420089685,0.9930379605397825,0.97528076171875,1.0182072686328179,0.004654893275603884,0.019683837890625,0.23648301217827605,0.0027775101210854207,0.0023193359375,1.1975454164174615,0.9843387847348191,0.97528076171875,1.00928760555074,0.011302035444131501,0.019683837890625,0.5741784456330249
Batch_1/fzrt2k6r,Batch_1,0,1792,0,1,0.9159528613090515,False,3.798837661743164,0.3154555559158325,-0.13637976626083828,0.3646978021978021,0.0008470792935455793,0.01836080586080586,-0.5413752447154679,0.005769230769230769,-0.5350564910663171,0.030448717948717948,-0.39675362586878077,0.03084446268207502,0.0207061767578125,1.48962616531501,0.9482270746422211,0.954833984375,0.9930805670505082,0.018399109928954566,0.02191162109375,0.8396964263955198,0.006253586515281022,0.0207061767578125,0.3020155091123486,0.9837749946479516,0.954833984375,1.0303099918378955,0.009424704638283854,0.02191162109375,0.4301235676703138
Batch_1/fzrt2k6r,Batch_1,0,2048,0,1,0.8679839968681335,False,2.5025887489318848,0.20367765426635742,0.08304692420650349,-0.023809523809523805,-0.11299789825117788,-0.2862179487179487,0.005110227400124248,-0.24290293040293037,-0.03494662235510978,-0.2564102564102564,-0.020143003967305895,0.0036884109494064706,0.0825042724609375,0.044705696315942754,0.9704526356161948,0.885223388671875,1.0962799311845923,0.023460016879237024,0.0297088623046875,0.7896639271688123,0.0386138176819151,0.0825042724609375,0.4680220372853686,0.9344781636162368,0.885223388671875,1.0556410682034285,0.025231266911575786,0.0297088623046875,0.8492841850626762
Batch_1/fzrt2k6r,Batch_1,0,2304,0,1,0.9552386999130249,False,0.15895777940750122,0.015303373336791992,0.0599117994515175,0.029120879120879118,-0.14216436944889185,0.13814102564102562,0.026974072034833298,0.10480769230769228,-0.06826091698610876,0.13777472527472526,-0.0520902360468592,0.06042897490655888,0.0268402099609375,2.2514345079455613,0.8754256822025619,0.9132232666015625,0.9586107956495028,0.058080125966801434,0.0550994873046875,1.0540955788868178,0.05559584211363221,0.0268402099609375,2.0713639049226837,0.8973514811291904,0.9132232666015625,0.9826200382175578,0.04086540860142594,0.0550994873046875,0.7416658593472862
Batch_1/fzrt2k6r,Batch_1,0,2560,0,2,0.7284379005432129,False,0.40363460779190063,0.11134696006774902,-0.3786609756038255,-0.31140109890109885,0.20461533836640997,0.2584249084249084,-0.040400587024300674,0.1047161172161172,0.05133143218062026,0.036630036630036625,0.1463404133506433,0.1795187030872487,0.036529541015625,4.914343243745168,0.7805756980703711,0.9228057861328125,0.8458721323600681,0.029258349313983533,0.032196044921875,0.908756009782571,0.06478092241245062,0.036529541015625,1.7733845159658996,0.8856900704351018,0.9228057861328125,0.959779493956956,0.030222209432260647,0.032196044921875,0.9386932309728122
Batch_1/fzrt2k6r,Batch_1,0,2816,0,1,0.8806143999099731,False,0.5121679306030273,0.11791706085205078,-0.12571844287663378,0.27756727986342167,-0.2512333273843413,0.07417582417582416,-0.05858144555864307,0.09615384615384615,0.05174617900559858,0.21529304029304028,-0.015803686761904884,0.5819666205089833,0.1440582275390625,4.039801339018825,0.4114554238524373,0.8225860595703125,0.5001974189391999,0.0034808599429215752,0.0243988037109375,0.14266518900519598,0.0803012147353261,0.1440582275390625,0.5574219265855663,0.8905358231038835,0.8225860595703125,1.0826050511591034,0.023436359453511916,0.0243988037109375,0.9605536292341194
Batch_1/fzrt2k6r,Batch_1,0,3072,0,1,0.6568064093589783,False,0.6300752758979797,0.09303659200668335,0.12416334533841793,0.12197802197802196,0.028840008943081568,0.15732600732600732,0.053828569950998016,0.20215201465201463,0.10981211672286224,0.10641025641025639,0.03310411201415722,0.08069310163563717,0.0674591064453125,1.1961780386322365,0.8678536039933691,0.8918914794921875,0.9730484301604666,0.0467367158594509,0.0309600830078125,1.5095797982084642,0.04676880825754917,0.0674591064453125,0.6932912503883154,0.9152379107619503,0.8918914794921875,1.0261763138303053,0.03016254166759865,0.0309600830078125,0.9742396898608897
Batch_1/fzrt2k6r,Batch_1,256,0,0,1,0.946827232837677,False,0.24264997243881226,0.020798027515411377,-0.017066035967220845,0.17673992673992672,-0.2785232195673216,0.016437728937728935,0.5141401737419535,0.02193223443223443,0.4571538544489858,0.06597985347985348,0.3604310045728526,0.060974377619252236,0.03289794921875,1.8534400796174928,0.9170552582814652,0.9299468994140625,0.9861372287592765,0.01665744607228819,0.0310821533203125,0.5359167333301319,0.06709000869416713,0.03289794921875,2.0393371102880042,0.8852672528171573,0.9299468994140625,0.9519546259844979,0.0395761718341521,0.0310821533203125,1.2732763855292057
Batch_1/fzrt2k6r,Batch_1,256,256,0,1,0.7358112931251526,False,3.711935520172119,0.2497115433216095,0.29440691748697223,0.01149267399267399,0.11283376159816177,0.05961538461538461,0.5136373067697901,0.07188644688644688,0.4650829252507768,0.08695054945054943,0.49147517429614956,0.038920009447277165,0.051116943359375,0.7613915639214198,0.9308718501614786,0.9317779541015625,0.9990275537899396,0.024146858485040897,0.0120086669921875,2.0107859182663788,0.04438945856050186,0.051116943359375,0.8683903152898657,0.9358664450353303,0.9317779541015625,1.0043878382352478,0.01375165548000767,0.0120086669921875,1.1451442103402576
Batch_1/fzrt2k6r,Batch_1,256,512,0,1,0.8996831774711609,False,0.579505443572998,0.09044581651687622,0.07752223715199101,-0.003937728937728938,-0.03532484919869094,-0.11346153846153843,-0.09296254088734618,-0.11804029304029302,-0.0899844407603489,-0.05251831501831501,-0.09571155638918985,0.003839277758391096,0.026611328125,0.14427230915935715,0.9746640117300417,0.9561004638671875,1.019415896722578,0.01938658677289122,0.014495849609375,1.3373887902612622,0.008025288440437527,0.026611328125,0.3015741417617625,0.9815566357960256,0.9561004638671875,1.0266249969442272,0.009537961127387248,0.014495849609375,0.6579787583625797
Batch_1/fzrt2k6r,Batch_1,256,768,0,1,0.9346384406089783,False,0.20788472890853882,0.022688210010528564,0.06437002096109187,-0.03821058175410156,0.06286404638193761,0.20027472527472526,-0.07081392724250259,0.16987179487179485,-0.05861653320983233,0.10329670329670329,-0.08729191616210995,0.03840563052594893,0.025726318359375,1.492853737929175,0.9192022644124112,0.9385986328125,0.9793347574543467,0.03805917315871902,0.0325469970703125,1.1693605120158508,0.022550887186572565,0.025726318359375,0.8765687678880306,0.9463495441483384,0.9385986328125,1.008257961459642,0.0278728230519765,0.0325469970703125,0.8563869346152517
Batch_1/fzrt2k6r,Batch_1,256,1024,0,1,0.8989519476890564,False,2.5351805686950684,0.1360275149345398,-0.24869349524208967,-0.009615384615384614,-0.04731778891774273,-0.04336080586080586,0.06171486810395514,0.05586080586080585,0.08207252147554214,0.007005494505494504,0.07790011954577994,0.027209405655413983,0.046173095703125,0.58929134469042,0.950498346907764,0.907501220703125,1.0473796896618224,0.01719908905932225,0.040679931640625,0.42279051034949094,0.0560408694605704,0.046173095703125,1.2137126308552353,0.9217809065127643,0.907501220703125,1.015735169809001,0.018725073024603165,0.040679931640625,0.4603024702702149
Batch_1/fzrt2k6r,Batch_1,256,1280,0,1,0.8880852460861206,False,1.2925138473510742,0.10742950439453125,-0.15790731986627277,0.027862040547161352,0.006082255635579118,-0.14358974358974358,0.22166699059134626,-0.13452380952380952,0.24718922019763914,-0.07339743589743589,0.05338552703618465,0.021143505985363447,0.0272216796875,0.7767156996955038,0.9047639616591637,0.89642333984375,1.0093043336163776,0.061412558128401074,0.0679473876953125,0.9038251537172451,0.015553803348196798,0.0272216796875,0.5713755920557316,0.9210605484552535,0.89642333984375,1.0274838990870072,0.05715955730864583,0.0679473876953125,0.8412325955040227
Batch_1/fzrt2k6r,Batch_1,256,1536,0,1,0.834817111492157,False,1.3726643323898315,0.23089599609375,-0.11367179100123505,0.17266483516483513,0.3546229997378312,-0.0152014652014652,-0.26747920832938743,0.09958791208791207,0.026344731892668338,0.18475274725274723,0.19531755140599152,0.015800695834562103,0.0174407958984375,0.9059618567050411,0.9475236897521273,0.905364990234375,1.0465654183367954,0.031671556469072694,0.072509765625,0.4367902198563022,0.013267590153443006,0.0174407958984375,0.7607215995590908,0.9605002936197266,0.905364990234375,1.0608984265794048,0.023612674812964186,0.072509765625,0.3256482021343478
Batch_1/fzrt2k6r,Batch_1,256,1792,0,1,0.96825110912323,False,0.09411609172821045,0.008920788764953613,-0.15324978731264802,-0.3889652014652014,0.2440466112405404,0.11423992673992674,0.4749089632008858,0.20581501831501828,0.4416497167937045,0.11840659340659339,0.44752980455630015,0.010775085373332034,0.0406951904296875,0.2647754012098568,0.9032704690572291,0.8920745849609375,1.0125503901636004,0.07948216943040809,0.061187744140625,1.2989883929653927,0.05671113305834021,0.0406951904296875,1.393558611215367,0.8824860136305976,0.8920745849609375,0.9892513793218762,0.05175534022877176,0.061187744140625,0.8458448821029392
Batch_1/fzrt2k6r,Batch_1,256,2048,0,1,0.785995602607727,False,6.263513565063477,0.37416747212409973,0.055249937641356585,0.21126373626373626,-0.052957409108520204,-0.08054029304029302,-0.18161411037129743,-0.12000915750915749,-0.21091262502094626,-0.076007326007326,-0.21623129121712664,0.08183519552354375,0.0615692138671875,1.3291577134649226,0.890347688195692,0.909820556640625,0.9785970230032682,0.023612525760192526,0.0240631103515625,0.9812748815599096,0.040862235960878644,0.0615692138671875,0.66367967681094,0.9432905877642843,0.909820556640625,1.0367875081293418,0.012431250083475967,0.0240631103515625,0.516610276138669
Batch_1/fzrt2k6r,Batch_1,256,2304,0,1,0.9458608627319336,False,0.11325186491012573,0.02414339780807495,-0.06265184624188204,0.13809523809523808,0.12805359063629732,-0.24281135531135528,0.24451177739607954,-0.22532051282051277,0.14453006373355892,-0.03626373626373626,0.16235857008914936,0.2340457904200364,0.1835479736328125,1.27512053545328,0.7480244152949919,0.7554779052734375,0.9901340728479042,0.016692067168316616,0.045654296875,0.36561875466002597,0.33331666417274913,0.1835479736328125,1.8159648269370094,0.5977061350368309,0.7554779052734375,0.7911629590550332,0.041673580732721344,0.045654296875,0.912807415407629
Batch_1/fzrt2k6r,Batch_1,256,2560,0,1,0.7105503082275391,False,5.512048721313477,0.38501274585723877,0.24712670019954763,0.20077838827838823,0.14039104369312821,-0.31872710622710615,-0.09711983159593118,-0.2858058608058608,-0.08603873812765425,-0.1714285714285714,-0.032648015053229104,0.046044928743979495,0.0790557861328125,0.5824359100879059,0.8701759763297948,0.7937774658203125,1.0962467615914617,0.07761521706347253,0.1143798828125,0.6785740215410534,0.07506772943023786,0.0790557861328125,0.9495538922872164,0.8698836151801745,0.7937774658203125,1.0958784453287695,0.04730130245546888,0.1143798828125,0.41354564537374716
Batch_1/fzrt2k6r,Batch_1,256,2816,0,1,0.8900602459907532,False,0.2603045105934143,0.03509950637817383,0.2984990954748436,-0.021794871794871794,0.04823252482333809,-0.12559523809523807,0.18515955906919213,-0.15989010989010988,0.16364113998690208,-0.0815018315018315,0.20304559544314685,0.21040429801823582,0.19775390625,1.063970376151474,0.7059134806979794,0.7340850830078125,0.96162351890546,0.06531673199359649,0.0542144775390625,1.204783942564689,0.27327087199764266,0.19775390625,1.3818734465461042,0.6444138560776176,0.7340850830078125,0.8778462755805098,0.06304116836351287,0.0542144775390625,1.1628105853845143
Batch_1/fzrt2k6r,Batch_1,256,3072,0,0,0.7269828915596008,True,7.452085494995117,0.46314188838005066,0.05951291950345789,0.05183150183150183,-0.09968586285025366,-0.09445970695970696,-0.045272081953421646,-0.10998168498168498,-0.06925181486025686,-0.088003663003663,-0.08604222171360604,0.0035533829130350984,0.001190185546875,2.985570546008567,0.9368761235221734,0.944183349609375,0.9922607975556604,0.056401082663363286,0.052490234375,1.0745062073913303,7.586446045579021e-07,0.001190185546875,0.000637417087234701,0.9774003303989035,0.944183349609375,1.0351806466437594,0.021801776099236402,0.052490234375,0.4153491855928944
Batch_1/fzrt2k6r,Batch_1,512,0,0,1,0.8606637120246887,False,0.22437047958374023,0.04903775453567505,-0.02294978638375621,-0.15187728937728934,0.014792934596758522,0.06048534798534798,0.21530402005001809,0.03241758241758241,0.21290765681316,-0.005311355311355311,0.10488697552094203,0.0,0.02569580078125,0.0,0.8126889730262176,0.92291259765625,0.8805698124503372,0.17714047451272025,0.045318603515625,3.9087805177325365,0.005522870202257187,0.02569580078125,0.2149327919092203,0.9528929348801317,0.92291259765625,1.032484481520804,0.03795971392610557,0.045318603515625,0.8376187918724763
Batch_1/fzrt2k6r,Batch_1,512,256,0,1,0.8597114086151123,False,4.619036674499512,0.24621737003326416,0.3135653784902642,0.3209249084249084,0.4063359289116995,-0.4612179487179487,-0.11301390160196612,-0.4884157509157509,-0.24581212147787518,-0.2775641025641025,-0.10029869008947848,0.00041629933020378756,0.0014801025390625,0.28126384437356106,0.9150147478944135,0.8802490234375,1.0394953286300146,0.08296250664715195,0.1132659912109375,0.7324573401088172,0.002364635017574344,0.0014801025390625,1.5976156753788886,0.9282728833192078,0.8802490234375,1.054557129406594,0.06552232480039895,0.1132659912109375,0.578481891165155
Batch_1/fzrt2k6r,Batch_1,512,512,0,1,0.7966793179512024,False,0.7605635523796082,0.28709572553634644,0.36438958096820523,-0.06314102564102564,0.01893834914746756,0.19587912087912085,0.48556723309271027,0.07266483516483516,0.31831706898353473,0.06616300366300366,0.2341594905592749,3.460909241807713e-06,0.022857666015625,0.00015141131379913905,0.8856360491537516,0.925445556640625,0.9569834149602682,0.11410352446133834,0.0483856201171875,2.358211472437171,0.04842607711840108,0.022857666015625,2.1185923831986204,0.89932627734885,0.925445556640625,0.9717765360648678,0.04537544312376479,0.0483856201171875,0.9377877769028853
Batch_1/fzrt2k6r,Batch_1,512,768,0,1,0.5900956988334656,False,2.4145593643188477,0.2134334146976471,0.0302089918338016,-0.06868131868131867,0.06809047211667336,-0.32055860805860803,-0.14144862287002175,-0.24729853479853478,-0.18489552014729366,-0.21474358974358973,-0.15697682337291596,0.07143004059087169,0.1851043701171875,0.38589062238590116,0.8423922351558344,0.673675537109375,1.2504420730050456,0.04565937463764253,0.0840606689453125,0.5431716783903686,0.20173275432404886,0.1851043701171875,1.0898324777331518,0.71351833877803,0.673675537109375,1.0591424201621058,0.04933154548115273,0.0840606689453125,0.5868564466605238
Batch_1/fzrt2k6r,Batch_1,512,1024,0,1,0.8649751543998718,False,0.6721014976501465,0.06936275959014893,0.05006882315714637,-0.1885989010989011,0.19371866102467347,-0.31359890109890104,0.304997996008551,-0.09578754578754577,0.39514021791967713,-0.0951007326007326,0.36231120932946026,0.03686026522699833,0.1072235107421875,0.34377036315875376,0.8561059166505879,0.799224853515625,1.0711702881670344,0.07704011078194188,0.0805816650390625,0.9560501231216328,0.1567261597941233,0.1072235107421875,1.4616771891657414,0.7748245673257094,0.799224853515625,0.9694700607938006,0.05705042353733733,0.0805816650390625,0.7079826845186403
Batch_1/fzrt2k6r,Batch_1,512,1280,0,1,0.9407918453216553,False,0.16287082433700562,0.023507535457611084,0.022627199024948395,0.22394688644688643,0.035208106018453304,0.11085164835164833,0.25392233529015407,0.10508241758241756,0.37268056723983234,0.1948260073260073,0.3653071418956536,0.048366168935052016,0.0229339599609375,2.108932300284477,0.8932315335653289,0.9225616455078125,0.9682079651963645,0.04348647814487183,0.045318603515625,0.9595723339065052,0.02806277218174455,0.0229339599609375,1.2236339572207657,0.9166653314728498,0.9225616455078125,0.99360875876027,0.04898508317155684,0.045318603515625,1.0809045153976933
Batch_1/fzrt2k6r,Batch_1,512,1536,0,0,0.4669071137905121,True,3.194396495819092,0.19998633861541748,0.08107616386385469,0.030014079833466333,-0.3116930656162219,-0.16506410256410253,-0.03176132366175879,-0.09134615384615384,-0.12452455467387968,0.0667124542124542,-0.1991155420613435,0.006231848848415869,0.0127410888671875,0.4891143067422543,0.9806504330604621,0.9591064453125,1.0224625617451069,0.009985623553921847,0.0201568603515625,0.495395779886315,0.003578010202305783,0.0127410888671875,0.2808245228961818,0.9522052718145296,0.9591064453125,0.9928045802093199,0.03433245023291292,0.0201568603515625,1.7032637838487366
Batch_1/fzrt2k6r,Batch_1,512,1792,0,1,0.8855541944503784,False,1.0059757232666016,0.12158447504043579,-0.3319722985656028,0.08823260073260072,-0.13099273636751074,-0.3943681318681318,0.4002134733416636,-0.28475274725274724,0.3066603582750545,-0.22179487179487178,0.19916500386510358,0.06846632401238424,0.0985565185546875,0.694690975456822,0.9241699029137522,0.872039794921875,1.0597795058154973,0.001399032505922308,0.0232086181640625,0.06028073261546639,0.08946198935590897,0.0985565185546875,0.9077227023422899,0.8822913574567961,0.872039794921875,1.0117558425597304,0.0196611416873231,0.0232086181640625,0.8471483113875127
Batch_1/fzrt2k6r,Batch_1,512,2048,0,1,0.923988401889801,False,0.9416248798370361,0.11138582229614258,0.06317684025194771,0.08832417582417582,0.3873907856062638,0.24830586080586078,-0.027504307370460803,0.1633241758241758,-0.12365401275025122,0.05659340659340659,0.0033918902545786393,0.21699039556295097,0.12347412109375,1.7573755021766626,0.7626381962370238,0.864501953125,0.8821705879093051,0.00930640653637354,0.00567626953125,1.6395286526015493,0.11397799893933305,0.12347412109375,0.9230922069313063,0.8743464901265671,0.864501953125,1.0113875243034225,0.0039051885146635396,0.00567626953125,0.6879850389704025
Batch_1/fzrt2k6r,Batch_1,512,2304,0,1,0.9656370878219604,False,0.25052088499069214,0.03699326515197754,-0.2260353594199524,-0.04995421245421245,0.29840713641893635,0.11538461538461538,-0.06087689501058116,0.09322344322344321,-0.09926980085184647,0.06973443223443222,-0.02735781913239864,0.0703676806382814,0.0507965087890625,1.3852857669902103,0.8851620701719053,0.91632080078125,0.9659958274626321,0.04317927375747246,0.0314178466796875,1.374354970844932,0.0425013307281908,0.0507965087890625,0.8366978704123498,0.9491895388518411,0.91632080078125,1.0358703393424742,0.00621045652828236,0.0314178466796875,0.19767288928485321
Batch_1/fzrt2k6r,Batch_1,512,2560,0,1,0.9673770070075989,False,0.1030314564704895,0.015357792377471924,-0.09827894530049126,-0.188003663003663,-0.1471200465614547,-0.1938186813186813,0.2360347205675507,-0.19404761904761902,0.04530654788023582,-0.24455128205128202,-0.06857951624424752,0.023198570879965106,0.1121368408203125,0.2068773358537751,0.9672773572483852,0.8549346923828125,1.1314049667963049,0.0057587652102525705,0.01959228515625,0.29393024674385704,0.04548094060107176,0.1121368408203125,0.40558428673722124,0.9169803679718294,0.8549346923828125,1.072573585025644,0.026998742140534614,0.01959228515625,1.3780292561698415
Batch_1/fzrt2k6r,Batch_1,512,2816,0,1,0.9399564266204834,False,0.16145950555801392,0.028106093406677246,0.0758301718938426,-0.09862637362637361,0.018487331683737788,0.2681318681318681,0.16306010042145402,0.1541208791208791,0.14415990028820347,0.1356227106227106,0.1300076873243496,0.3394769486226032,0.0443878173828125,7.647975697810561,0.6063506580599151,0.8793792724609375,0.6895212077981397,0.03409893991534434,0.0713348388671875,0.4780124334314452,0.11520499568802069,0.0443878173828125,2.5954192497112833,0.8343493166886738,0.8793792724609375,0.9487934760547089,0.045855945908749265,0.0713348388671875,0.6428267959520411
Batch_1/fzrt2k6r,Batch_1,512,3072,0,1,0.8454087376594543,False,0.5570772886276245,0.09543198347091675,-0.03378778403877603,-0.1368131868131868,-0.3624675819864318,0.24267399267399264,0.44353977515197646,0.20773809523809522,0.39459139854860603,0.09894688644688643,0.2484858098392065,0.011357054287219321,0.0207366943359375,0.5476791094681424,0.9195733679204122,0.8906097412109375,1.0325211204967213,0.0605702205463644,0.082550048828125,0.7337393666777333,0.016505502556256588,0.0207366943359375,0.7959563028159173,0.8861734945052542,0.8906097412109375,0.9950188657271462,0.08944254402969466,0.082550048828125,1.0834947440905858
Batch_1/fzrt2k6r,Batch_1,768,0,0,1,0.8272532820701599,False,0.1278027892112732,0.04511624574661255,0.3159982528951807,-0.3867673992673992,-0.3396384475844628,-0.349084249084249,-0.49566373253372475,-0.3694139194139194,-0.47707289981691064,-0.37229853479853475,-0.44113062323107005,0.0,0.0880279541015625,0.0,0.9999999993777613,0.897979736328125,1.1136108744132704,0.0,0.0048370361328125,0.0,0.017729503908042905,0.0880279541015625,0.20140765611327785,0.9786187436407189,0.897979736328125,1.089800475501073,0.0024939325349517226,0.0048370361328125,0.5155910492447826
Batch_1/fzrt2k6r,Batch_1,768,256,0,0,0.4902147650718689,True,4.473062992095947,0.3256126642227173,0.03624522847412449,-0.34619963369963364,-0.07699239914148624,0.038003663003663,0.30881945300038255,-0.051556776556776554,0.21443945059215855,-0.06886446886446886,0.18170849331989786,0.04271997927604076,0.0264434814453125,1.6155202318722488,0.8503610643006836,0.9251708984375,0.91913944303354,0.09459854279013548,0.0411224365234375,2.3004119110554058,0.0457448378991363,0.0264434814453125,1.7299098075924964,0.8881577476503737,0.9251708984375,0.9599931743966039,0.05611875931870495,0.0411224365234375,1.364674957592077
Batch_1/fzrt2k6r,Batch_1,768,512,0,1,0.6523303389549255,False,0.07967042922973633,0.04138493537902832,-0.01655205600707861,0.39283874589050255,-0.19115321718959155,0.2159340659340659,-0.1543330208305446,0.20521978021978018,-0.11017892128811606,0.3188186813186813,-0.23489247347441475,0.7473554393702994,0.27587890625,2.7089981235935805,0.24553346245958949,0.6684112548828125,0.3673389109862266,0.0,0.0202178955078125,0.0,0.14620512936418345,0.27587890625,0.5299612476776066,0.8209831664359455,0.6684112548828125,1.2282605363667647,0.011678440721589085,0.0202178955078125,0.5776288989660847
Batch_1/fzrt2k6r,Batch_1,768,768,0,1,0.8868247270584106,False,0.10913383960723877,0.027515649795532227,-0.3174356059725617,-0.14496336996336995,0.03649685198501611,0.5478479853479853,-0.26030910302236393,0.546062271062271,-0.29909559440418154,0.5133241758241758,-0.245266172185378,0.0,0.0055694580078125,0.0,0.9534035896127785,0.9778289794921875,0.9750207956691018,0.045953164929688324,0.016021728515625,2.868177730316242,0.0012047577671582346,0.0055694580078125,0.21631508226981386,0.9858537935606706,0.9778289794921875,1.0082067664558791,0.012578499114224005,0.016021728515625,0.7850900170950328
Batch_1/fzrt2k6r,Batch_1,768,1024,0,1,0.845649778842926,False,0.27093321084976196,0.05227327346801758,-0.0634383476904619,0.19075091575091574,0.016203861602556477,-0.10902014652014651,-0.014275923394886866,0.10206043956043956,0.06995661496401154,0.1944139194139194,0.09708545974336245,0.187572662998192,0.044097900390625,4.253550879671111,0.7578704786267838,0.9176177978515625,0.8259108317223157,0.0421844396504315,0.03131103515625,1.347270680765438,0.01569481673598813,0.044097900390625,0.35590848083381244,0.955830638789848,0.9176177978515625,1.0416435263437065,0.025105363631549096,0.03131103515625,0.8018056096282659
Batch_1/fzrt2k6r,Batch_1,768,1280,0,1,0.869266152381897,False,0.7502556443214417,0.3371167778968811,0.27591425859940316,0.01845238095238095,0.0553485521671169,0.19729853479853476,0.07129722021360839,0.27577838827838824,-0.005914585408294821,0.24949633699633697,0.028583327148257457,0.0,0.00457763671875,0.0,0.9778907216913241,0.9093780517578125,1.075340140221196,0.021700629087963202,0.0756378173828125,0.2869018414179456,0.005547843552400752,0.00457763671875,1.2119449168337857,0.9333278295672278,0.9093780517578125,1.0263364370441104,0.048615050362280275,0.0756378173828125,0.642734706585112
Batch_1/fzrt2k6r,Batch_1,768,1536,0,1,0.8798532485961914,False,0.36681896448135376,0.05297917127609253,0.20922094414107067,-0.2615842490842491,-0.6254968887283595,-0.33507326007326005,-0.7910763716135726,-0.3329670329670329,-0.7563751885875315,-0.3054029304029304,-0.7248998791495687,0.0,0.0183258056640625,0.0,0.9999999999464171,0.9765472412109375,1.0240160001951342,0.0,0.00048828125,0.0,0.0010254111470678043,0.0183258056640625,0.055954492035167044,0.9986297398814441,0.9765472412109375,1.0226128319640981,4.2657914391920934e-05,0.00048828125,0.08736340867465407
Batch_1/fzrt2k6r,Batch_1,768,1792,0,1,0.9126306772232056,False,0.7450817227363586,0.11693918704986572,-0.2689680769531038,0.044871794871794865,0.1127552766663353,0.3880494505494505,-0.294601584543169,0.47394688644688643,-0.322922475993483,0.4072344322344322,-0.32099307219638135,0.05727241938163003,0.0264892578125,2.1620998137065124,0.8894321895533501,0.9147491455078125,0.9723236079762524,0.03428924424228955,0.0469207763671875,0.7307902148496547,0.024497047946693228,0.0264892578125,0.9247917823931379,0.9096657377187156,0.9147491455078125,0.9944428395324983,0.052841852775509845,0.0469207763671875,1.1261930612994515
Batch_1/fzrt2k6r,Batch_1,768,2048,0,1,0.8641573786735535,False,2.6089212894439697,0.27057504653930664,-0.02378661901941242,0.1426282051282051,-0.11118754863409351,0.02467948717948718,-0.023901198109101303,0.07673992673992673,-0.03746736232826524,0.20856227106227107,-0.053233445069455744,0.004031377563240228,0.0034637451171875,1.1638782378172317,0.9592998205157269,0.955780029296875,1.0036826373338656,0.03499013144285777,0.037353515625,0.9367292705225192,0.0006241386203261616,0.0034637451171875,0.18019184414843759,0.9730715380871331,0.955780029296875,1.01809151505601,0.02410101459551693,0.037353515625,0.6452140900865186
Batch_1/fzrt2k6r,Batch_1,768,2304,0,1,0.8510411381721497,False,0.8180707097053528,0.15455025434494019,-0.024550824699807294,0.06982600732600733,0.031634568292702815,0.03369963369963369,-0.10092604063623788,0.055998168498168494,-0.022128045946536837,0.07495421245421245,0.05397028098951998,0.011655891749412176,0.075531005859375,0.15431929731100533,0.9825862093244894,0.8772430419921875,1.120084357800173,0.005070120422776621,0.029205322265625,0.1736026186139439,0.04851438515513154,0.075531005859375,0.6423108576821618,0.902865406611765,0.8772430419921875,1.0292078288377073,0.03228464064480592,0.029205322265625,1.105436890960293
Batch_1/fzrt2k6r,Batch_1,768,2560,0,1,0.9651804566383362,False,1.0159260034561157,0.09331619739532471,-0.04943646210815502,-0.10641025641025639,-0.269907505356016,0.1261904761904762,-0.21827183084638602,0.08003663003663003,-0.30463673452930745,0.023672161172161168,-0.3560891413388145,0.1325256366765886,0.1385040283203125,0.9568359728144662,0.8311395798306931,0.8340301513671875,0.9965342121843485,0.03218071576170607,0.02288818359375,1.405996925439446,0.06697534843991189,0.1385040283203125,0.48356245845081697,0.9175004208413517,0.8340301513671875,1.1000806377771057,0.014075660637653661,0.02288818359375,0.6149749970328469
Batch_1/fzrt2k6r,Batch_1,768,2816,0,1,0.9242520928382874,False,0.4368007183074951,0.05898451805114746,0.2674710043600824,-0.13667582417582416,-0.06069250736427094,-0.24418498168498162,-0.25779338359584786,-0.25618131868131866,-0.19534968771233446,-0.2649267399267399,-0.20903660850746622,0.03358727232916572,0.039764404296875,0.8446567457268628,0.9576976869827134,0.9249267578125,1.0354308369753713,0.003929658605897123,0.0269775390625,0.14566408732809608,0.016987669362926564,0.039764404296875,0.42720794296575415,0.976088967456584,0.9249267578125,1.0553148767855796,0.004962591314654313,0.0269775390625,0.18395270610700512
Batch_1/fzrt2k6r,Batch_1,768,3072,0,1,0.9295732975006104,False,0.2282506227493286,0.03232073783874512,0.004839735713732845,0.03104395604395604,0.31137162234086907,-0.10984432234432233,-0.4893179240808663,-0.10260989010989009,-0.5120945002123198,-0.03324175824175824,-0.46486693701527754,0.0,0.0129852294921875,0.0,0.9781638027402259,0.9642791748046875,1.0143989710639045,0.020274228933384437,0.0204010009765625,0.9937859890637865,0.010079461499971368,0.0129852294921875,0.77622513379803,0.9824720203190267,0.9642791748046875,1.0188667825560207,0.006520253181734617,0.0204010009765625,0.31960457181612556
Batch_2/avn74qx1,Batch_2,0,0,1,2,0.5509307384490967,False,0.3975006341934204,0.12404993176460266,-0.10232256407091102,-0.202014652014652,0.23125220599931065,-0.37504578754578755,0.33274903317119614,-0.3678571428571428,0.2875399379495495,-0.37994505494505487,0.19978245529200514,0.0,0.0020294189453125,0.0,0.9999999257355485,0.9796600341796875,1.0207621938695217,0.0,0.0175628662109375,0.0,0.0012609938735273405,0.0020294189453125,0.621357101469833,0.9772866798477576,0.9796600341796875,0.9975773694453942,0.020402656300444893,0.0175628662109375,1.1616928612562611
Batch_2/avn74qx1,Batch_2,0,256,1,2,0.836667537689209,False,0.9441556930541992,0.08032757043838501,0.12152326645374523,-0.18617216117216112,-0.029954540460725976,-0.10320512820512821,-0.3628186108419933,-0.13003663003663002,-0.3307442105948159,-0.08296703296703296,-0.21765429937847505,0.02493285343323816,0.0281982421875,0.8841988542211558,0.9592292602410059,0.9524688720703125,1.0070977523454376,0.015083967294866505,0.0186004638671875,0.8109457593407475,0.003815422898441446,0.0281982421875,0.1353071185455945,0.9904597459079021,0.9524688720703125,1.0398867353586176,0.00554547607077313,0.0186004638671875,0.2981364395194322
Batch_2/avn74qx1,Batch_2,0,512,1,0,0.574817419052124,False,10.941423416137695,0.347408652305603,0.09760216621236707,-0.08928571428571427,-0.4368047900756253,0.01268315018315018,-0.6508345344224806,-0.01836080586080586,-0.6451961164262463,-0.05036630036630036,-0.5647163297616277,0.07918214049052819,0.0609283447265625,1.2995944801370536,0.8762635971943721,0.8963775634765625,0.9775608325088155,0.03764797297460739,0.0352020263671875,1.0694831195768832,0.001304419386232982,0.0609283447265625,0.021409073101969624,0.9840868785368515,0.8963775634765625,1.0978486283392817,0.01254021083187222,0.0352020263671875,0.3562354820448972
Batch_2/avn74qx1,Batch_2,0,768,1,1,0.8802963495254517,True,6.64317512512207,0.416538804769516,-0.11348752301208215,-0.15750915750915748,0.1837875019562089,0.13786630036630035,-0.32736433191701503,0.1124084249084249,-0.30373254746413597,0.030311355311355308,-0.16638424983974756,0.07206255216203461,0.0514678955078125,1.4001456918147348,0.874665652272221,0.903778076171875,0.9677880835271362,0.041538115978247546,0.03143310546875,1.3214766838594325,0.04987371894294201,0.0514678955078125,0.9690258062984427,0.9238867033631647,0.903778076171875,1.022249518683241,0.014163762049202071,0.03143310546875,0.45060015031869266
Batch_2/avn74qx1,Batch_2,0,1024,1,1,0.8213838934898376,True,0.03937751054763794,0.018493592739105225,-0.14440755675627137,0.0228021978021978,0.046708643694750855,-0.05686813186813185,-0.020858614904861777,-0.11776556776556775,-0.0399771038681544,-0.09693223443223442,-0.11178019535184984,0.0,0.0170745849609375,0.0,0.8263795587598627,0.907928466796875,0.9101813512635939,0.1655896679170862,0.0705718994140625,2.346396643592251,0.023946372487285046,0.0170745849609375,1.4024570753589927,0.933340258079983,0.907928466796875,1.027988759260693,0.03994649918300299,0.0705718994140625,0.5660397341529263
Batch_2/avn74qx1,Batch_2,0,1280,1,1,0.8880100250244141,True,0.0020342469215393066,0.0020342469215393066,0.10146731286333785,0.08887362637362636,0.23053666926202562,-0.09189560439560437,-0.27927582587012695,-0.06254578754578753,-0.27982603271800766,-0.07724358974358973,-0.22778563502262195,0.0,0.0,,0.9999999403668528,0.961029052734375,1.040551206565083,0.0,0.0365753173828125,0.0,0.0,0.0,,0.9831876009238678,0.961029052734375,1.023057105429275,0.015264501761853866,0.0365753173828125,0.41734434187102837
Batch_2/avn74qx1,Batch_2,0,1536,1,1,0.963582456111908,True,0.3559452295303345,0.02916330099105835,-0.07058958260339063,-0.12046703296703296,0.039336004837049986,0.14748168498168499,0.3442243869151394,0.10128205128205126,0.3803777929906353,0.048901098901098894,0.11617630299370874,0.020983786374868377,0.06561279296875,0.319812424154273,0.8793746322150855,0.8721923828125,1.0082347077825025,0.09019759040157785,0.0500946044921875,1.8005450150952804,0.08864846940438446,0.06561279296875,1.3510851374152884,0.859415550568867,0.8721923828125,0.9853509013660123,0.039633853926097744,0.0500946044921875,0.7911800947001955
Batch_2/avn74qx1,Batch_2,0,1792,1,1,0.9668562412261963,True,0.10789239406585693,0.015447080135345459,-0.10472528797564043,0.2171245421245421,0.2322518147993689,-0.1119047619047619,-0.5577480927875519,-0.049175824175824175,-0.5194328451955891,0.08553113553113552,-0.4215135551474683,0.0065613853437663325,0.0020751953125,3.16181580800787,0.9827024959895896,0.9653167724609375,1.0180103816950468,0.007040482375600938,0.029510498046875,0.23857551859740594,0.001682207869264403,0.0020751953125,0.8106262861772935,0.9926336487218889,0.9653167724609375,1.0282983545300999,0.004159246525259673,0.029510498046875,0.1409412514371344
Batch_2/avn74qx1,Batch_2,0,2048,1,1,0.9191809296607971,True,0.3470202088356018,0.048705339431762695,-0.17131585128150448,-0.08049542692179072,0.19209964799449675,0.23141025641025637,-0.4151026342778743,0.1683150183150183,-0.3038762090705246,0.14253663003663003,-0.14719723062822443,0.04384962863727163,0.04095458984375,1.0706889949225908,0.7540630954889326,0.868011474609375,0.8687248009345477,0.19694222569292796,0.0870361328125,2.262763973178774,0.029468842177175818,0.04095458984375,0.7195491955750352,0.9266595216056326,0.868011474609375,1.0675659812246727,0.04169926430920938,0.0870361328125,0.47910290774339864
Batch_2/avn74qx1,Batch_2,0,2304,1,0,0.7297231554985046,False,7.650860786437988,0.40911540389060974,0.01141666574224033,0.3446428571428571,-0.02440485632349349,0.1881410256410256,0.30658600756388704,0.24331501831501826,0.29438357940214027,0.20604395604395603,0.12211672425505647,0.12611068099438832,0.0769500732421875,1.6388636901939784,0.8100783405018983,0.8753814697265625,0.9254003751700816,0.04072240124394981,0.033172607421875,1.2275912087964558,0.05502970388802524,0.0769500732421875,0.7151351723191796,0.8488785401034735,0.8753814697265625,0.9697241368024759,0.06935487177276009,0.033172607421875,2.090727174102854
Batch_2/avn74qx1,Batch_2,0,2560,1,2,0.7518711090087891,False,2.380064010620117,0.20619362592697144,0.2751443242088485,-0.26144688644688646,-0.14537572151642028,-0.48635531135531124,-0.32696913936263394,-0.4726648351648352,-0.36203925342595733,-0.3538461538461538,-0.20422374014100217,0.0,0.00054931640625,0.0,0.9593206177365002,0.94873046875,1.0111624421638459,0.037239050639023004,0.04656982421875,0.7996390637873564,0.0002973675709536297,0.00054931640625,0.5413411425004743,0.978942038538644,0.94873046875,1.0318442073737226,0.019886406092997713,0.04656982421875,0.42702343044256164
Batch_2/avn74qx1,Batch_2,0,2816,1,1,0.5619563460350037,True,0.5824850797653198,0.27054524421691895,0.08297440377867202,-0.06245421245421244,0.1675409193094932,-0.011263736263736262,-0.3857525256873856,0.02358058608058608,-0.26602110710909616,-0.06149267399267398,-0.10364878247324659,0.007542208163412259,0.031951904296875,0.23604878423943926,0.6156697161429319,0.899627685546875,0.6843605705272089,0.3411631201270759,0.0567779541015625,6.008725138577814,0.037799228804049345,0.031951904296875,1.1830039440793592,0.9470374638915837,0.899627685546875,1.052699332297548,0.012725868286339781,0.0567779541015625,0.22413397044169953
Batch_2/avn74qx1,Batch_2,0,3072,1,1,0.9343578815460205,True,0.3341125249862671,0.04471796751022339,0.060852222030963216,0.12321428571428569,0.2682727436389543,0.1513278388278388,-0.04894784840334546,0.24665750915750917,0.10436396918239074,0.215521978021978,0.17395524006137394,0.10564281596659628,0.0563201904296875,1.8757538843638184,0.7871730661088455,0.858795166015625,0.9166016499148805,0.0798192780870456,0.0692901611328125,1.151956883662766,0.05852099665419567,0.0563201904296875,1.0390766829394114,0.8944294589004936,0.858795166015625,1.0414933552201904,0.03880076416207998,0.0692901611328125,0.5599750892151671
Batch_2/avn74qx1,Batch_2,256,0,1,0,0.9102796316146851,False,1.2343556880950928,0.07927948236465454,0.05134936684774598,-0.08086080586080585,-0.22598863361440868,-0.04729853479853479,-0.09669200302645656,0.027747252747252746,-0.09592071076156097,-0.03914835164835165,-0.1484620747459638,0.0005864762930276725,0.0005950927734375,0.9855207779451678,0.9954290971215468,0.9961090087890625,0.9993174324682172,0.002725166444000218,0.0022430419921875,1.2149422317959067,0.00023136215988084667,0.0005950927734375,0.3887833464090043,0.9958161675701184,0.9961090087890625,0.9997060148875673,0.002167585528573026,0.0022430419921875,0.9663597632691282
Batch_2/avn74qx1,Batch_2,256,256,1,1,0.4686357378959656,True,2.247817039489746,0.22394825518131256,-0.1812975723465889,0.006776556776556776,0.1730047089160272,-0.03933150183150183,-0.14216991837034756,-0.0672161172161172,-0.09227528701188528,-0.10668498168498168,0.21222399674232997,0.0,0.001068115234375,0.0,0.9157940586333653,0.916168212890625,0.9995916096498488,0.07452768191786685,0.07769775390625,0.9591999532932682,0.0023390633570382247,0.001068115234375,2.1898979452408156,0.9536209118043059,0.916168212890625,1.0408797187969585,0.04084776458772401,0.07769775390625,0.5257264532641557
Batch_2/avn74qx1,Batch_2,256,512,1,1,0.9749767184257507,True,0.1221417784690857,0.009213447570800781,0.167629208214838,0.03232600732600732,0.139076099064368,-0.41607142857142854,-0.28704353548859346,-0.2904304029304029,-0.24808664499437272,-0.06515567765567765,-0.11682483984678663,0.011324509905250484,0.045806884765625,0.24722287846452223,0.9617791508690373,0.88800048828125,1.0830840338056436,0.024736079068266168,0.0618438720703125,0.3999762343493441,0.07152047316350779,0.045806884765625,1.561347677962574,0.9048648046605875,0.88800048828125,1.018991336831333,0.02190390237136861,0.0618438720703125,0.35418064293363266
Batch_2/avn74qx1,Batch_2,256,768,1,1,0.962864875793457,True,0.19941413402557373,0.03761637210845947,-0.22479730518064822,-0.595467032967033,0.1091727790022459,0.1363095238095238,-0.4736504105466794,-0.07184065934065934,-0.3718971407970133,-0.4893315018315018,-0.041199014110598495,0.002369488679823595,0.0781402587890625,0.030323532536793422,0.7922816882530264,0.8690643310546875,0.9116490689377638,0.1758951577606372,0.0446929931640625,3.9356316350294023,0.04648165447232712,0.0781402587890625,0.5948489958012947,0.9039337681390502,0.8690643310546875,1.04012296424828,0.04446728238263579,0.0446929931640625,0.9949497501633386
Batch_2/avn74qx1,Batch_2,256,1024,1,1,0.8792969584465027,True,1.8940017223358154,0.47845175862312317,-0.1410592727099197,0.05535714285714285,0.15596909354676944,0.2824633699633699,-0.4649528000136515,0.3973443223443223,-0.3904265987799969,0.3177197802197802,-0.19515604201351286,0.000537007724478263,0.0240936279296875,0.0222883712675158,0.9131600324579122,0.89312744140625,1.0224297117330987,0.07048569077575163,0.0655975341796875,1.0745173832704487,0.010604390362764964,0.0240936279296875,0.4401325692299966,0.9591373480326363,0.89312744140625,1.073908720711181,0.024888951188234636,0.0655975341796875,0.3794190055994755
Batch_2/avn74qx1,Batch_2,256,1280,1,1,0.8389174342155457,True,0.9009669423103333,0.33524632453918457,-0.031928493428986356,0.2638736263736264,0.0654396492477716,-0.1301282051282051,-0.19608957638247437,-0.01149267399267399,-0.10725404832898001,0.13173076923076923,0.05025526516013585,8.293476106971435e-05,0.015045166015625,0.0055123859041225146,0.9747667846556468,0.9246063232421875,1.0542506147238628,0.023698607091619976,0.0518798828125,0.4567976218695314,0.004844745198152135,0.015045166015625,0.32201340903255404,0.9449892787947006,0.9246063232421875,1.022045009903284,0.04592540048357658,0.0518798828125,0.8852256017916691
Batch_2/avn74qx1,Batch_2,256,1536,1,1,0.9596775770187378,True,0.04228484630584717,0.014625728130340576,0.04085184444179874,-0.13713369963369962,-0.034348523914068445,0.08223443223443222,-0.3863979950173273,0.15686813186813184,-0.322830326760358,0.16735347985347981,-0.14646210596958786,0.011836818889728132,0.032257080078125,0.3669525840857251,0.9545168967693668,0.89776611328125,1.063213327668047,0.028408276242732344,0.0554656982421875,0.5121773842761229,0.005832155691472694,0.032257080078125,0.18080234408531431,0.9617561681180361,0.89776611328125,1.0712769772551434,0.02884748366698227,0.0554656982421875,0.5200959256119257
Batch_2/avn74qx1,Batch_2,256,1792,1,1,0.9767884016036987,True,0.07321882247924805,0.014232754707336426,0.03998168183597567,0.04505494505494505,-0.05852988474957263,0.09885531135531134,-0.24314175127971918,0.19175824175824172,-0.19464163551305455,0.25320512820512814,-0.017861232435315594,0.0,0.0,,0.9846107033587697,0.979522705078125,1.0051943648210164,0.014945333019713205,0.019439697265625,0.7688048232181511,0.0,0.0,,0.9864391923701724,0.979522705078125,1.0070610790910617,0.012661331740515128,0.019439697265625,0.6513132158135003
Batch_2/avn74qx1,Batch_2,256,2048,1,1,0.9644306302070618,True,0.06166946887969971,0.007131338119506836,0.2538744831076637,0.015247252747252745,0.5288197092128785,-0.28282967032967027,-0.654778000317709,-0.2889194139194139,-0.6874096819510848,-0.3558608058608058,-0.5111053677547603,0.0,0.0,,0.9955819268492088,0.9698028564453125,1.0265817637394739,0.0040349213743561055,0.0286102294921875,0.14103072383456092,0.0,0.0,,0.9928339962523408,0.9698028564453125,1.0237482697168432,0.006939370483504965,0.0286102294921875,0.24254857813705671
Batch_2/avn74qx1,Batch_2,256,2304,1,1,0.9281097054481506,True,0.16646426916122437,0.016218721866607666,0.05241456223515231,0.1152930402930403,0.19916617310857265,0.08049450549450549,-0.1735086950913652,0.14578754578754577,0.05557593006227251,0.18914835164835164,0.22697704660222426,0.0,0.0,,0.8833226139763323,0.921173095703125,0.9589105653396208,0.11416234568042435,0.076873779296875,1.4850622243970406,0.0,0.0,,0.9520533570623638,0.921173095703125,1.0335227564757177,0.04661159526924113,0.076873779296875,0.6063393226607754
Batch_2/avn74qx1,Batch_2,256,2560,1,1,0.947755753993988,True,0.33736127614974976,0.04412555694580078,0.307900689287477,0.022664835164835164,0.245470694995544,0.07403846153846153,-0.3843877683868652,0.14798534798534796,-0.2645809802239797,0.13195970695970696,-0.1233440284575719,0.12676299949904285,0.0238037109375,5.325346112287995,0.810150368477029,0.9123687744140625,0.8879637172998608,0.042218920315036886,0.0543670654296875,0.7765532309195221,0.004168778805786982,0.0238037109375,0.1751314665487536,0.9808709826136461,0.9123687744140625,1.0750817105107273,0.012798327050653228,0.0543670654296875,0.2354058831298372
Batch_2/avn74qx1,Batch_2,256,2816,1,1,0.920942485332489,True,0.21756261587142944,0.02849864959716797,0.05444798342015792,-0.3392857142857142,-0.1493882171363676,0.29340659340659336,-0.14189474467071456,0.1908882783882784,-0.10066918820065392,0.06643772893772894,-0.0895779323187699,0.08487524846324844,0.08355712890625,1.0157750699940558,0.7246721654358568,0.827362060546875,0.8758827603925401,0.16956266570828485,0.076202392578125,2.2251619663312288,0.06291659099445576,0.08355712890625,0.7529769370731653,0.891435604739595,0.827362060546875,1.077443174213679,0.039086121448120945,0.076202392578125,0.5129251211902391
Batch_2/avn74qx1,Batch_2,256,3072,1,1,0.6174100041389465,True,0.7427700757980347,0.09384995698928833,0.2659214328783427,-0.12440476190476189,0.14863010479968017,-0.1532051282051282,0.2908916570200892,0.11300366300366299,0.23348304995658756,0.1233058608058608,0.2899295015944439,0.05954223654686268,0.1562652587890625,0.3810331036358942,0.9036188662938427,0.783294677734375,1.1536129275223688,0.0308788399283387,0.04791259765625,0.6444826922113391,0.15533233632088592,0.1562652587890625,0.994029879223277,0.7996285647005582,0.783294677734375,1.0208527996301824,0.03448488169537785,0.04791259765625,0.7197456072574149
Batch_2/avn74qx1,Batch_2,512,0,1,1,0.9665725827217102,True,0.2971743941307068,0.02087777853012085,-0.2626586291496548,-0.24624542124542126,-0.07362887821671554,0.23836996336996336,-0.13555241731543705,0.17335164835164835,-0.22933284013136587,0.09152930402930402,-0.24034962988947792,0.0008149663458483127,0.0008544921875,0.9537434721699112,0.8687722793635436,0.886505126953125,0.9799969035142208,0.1226254758557913,0.1055908203125,1.1613270499544999,0.0004879820617926514,0.0008544921875,0.5710784357436286,0.925460761118318,0.886505126953125,1.0439429316095235,0.07000904190406308,0.1055908203125,0.6630220477203292
Batch_2/avn74qx1,Batch_2,512,256,1,1,0.973181426525116,True,0.19885849952697754,0.014163017272949219,0.12609633943972418,0.15618131868131865,0.3046142368117982,-0.01813186813186813,-0.007115010052114033,0.06978021978021978,0.30892914613372546,0.13228021978021975,0.376590596564797,0.009368804099917048,0.00689697265625,1.3583936847171763,0.9114819559684899,0.8712005615234375,1.0462366488545574,0.07296623566859195,0.115997314453125,0.6290338359348647,0.0056253038455867715,0.00689697265625,0.815619276160121,0.9348495845078406,0.8712005615234375,1.073058978374741,0.05473549110570681,0.115997314453125,0.47186860630144717
Batch_2/avn74qx1,Batch_2,512,512,1,1,0.9672598838806152,True,0.026802122592926025,0.004647374153137207,0.08193718913718584,0.0018315018315018315,0.1435974585778802,-0.2901556776556776,-0.4732356553710694,-0.27582417582417584,-0.3630029464755977,-0.21456043956043955,-0.13917340337137302,0.0,0.0303192138671875,0.0,0.9636797088304724,0.8598785400390625,1.1207160825140425,0.03462942381348183,0.0838165283203125,0.41315745840894685,0.009658617369440263,0.0303192138671875,0.31856424153177504,0.9728401360681871,0.8598785400390625,1.1313692466659222,0.012557413730050463,0.0838165283203125,0.1498202560008351
Batch_2/avn74qx1,Batch_2,512,768,1,1,0.9850650429725647,True,0.19265317916870117,0.00774770975112915,0.04314538698798053,0.10902014652014651,0.18253112178443198,-0.4666208791208791,-0.32576830451604855,-0.49826007326007327,-0.20188006260157096,-0.35146520146520144,-0.08335633745393049,0.004738610276299605,0.003753662109375,1.262396597835654,0.9136310015618156,0.887969970703125,1.0288985345285622,0.07746524841943896,0.103485107421875,0.7485642171065101,0.0012410242659001728,0.003753662109375,0.33061693613834847,0.9751793748779131,0.887969970703125,1.0982121097020123,0.022599212941749006,0.103485107421875,0.21838130630351854
Batch_2/avn74qx1,Batch_2,512,1024,1,1,0.9472591876983643,True,0.04160946607589722,0.009452283382415771,0.08793222122001523,0.10288461538461538,-0.0567895595379265,-0.36295787545787545,-0.28541333470996605,-0.240521978021978,-0.316143814105086,-0.15718864468864466,-0.2124570699164847,0.01138360656455604,0.0450592041015625,0.25263665418718073,0.9602424715081408,0.8456573486328125,1.1354982878828876,0.01994172865343747,0.098358154296875,0.2027460640756559,0.039151172031867895,0.0450592041015625,0.8688829022284099,0.8949102883404677,0.8456573486328125,1.0582421944151295,0.05556743623250243,0.098358154296875,0.5649499691177908
Batch_2/avn74qx1,Batch_2,512,1280,1,1,0.9288685321807861,True,0.07857364416122437,0.02453857660293579,0.026761618454080524,0.20467032967032964,0.5315142025382477,-0.10096153846153845,-0.5201760897455241,0.03969780219780219,-0.33725147647020515,0.18850732600732598,-0.1473495630147487,0.0,0.0,,0.9759009233101784,0.9594573974609375,1.017138359548591,0.02096136860543967,0.0381622314453125,0.5492699931731685,0.0,0.0,,0.9866664688453547,0.9594573974609375,1.028358811403635,0.012516578306861125,0.0381622314453125,0.32798339700857687
Batch_2/avn74qx1,Batch_2,512,1536,1,1,0.9288727641105652,True,0.16534769535064697,0.02118074893951416,-0.24195642379368015,-0.08978937728937728,0.11700455883852354,-0.15265567765567764,-0.2630420510048629,-0.12138278388278387,-0.3025259215669795,-0.10828754578754578,-0.2064691753827028,0.0008131409739059235,0.0545806884765625,0.014897961103130726,0.9611055897333003,0.9050445556640625,1.0619428443808536,0.03473778413110612,0.0317230224609375,1.0950338724464506,0.03677640710544766,0.0545806884765625,0.6737988862350064,0.9444434735459006,0.9050445556640625,1.0435325726620495,0.011043810104686412,0.0317230224609375,0.3481323420013125
Batch_2/avn74qx1,Batch_2,512,1792,1,1,0.9440048933029175,True,0.086722731590271,0.010638117790222168,0.3184210261057087,-0.13747867993895144,0.03697233551014245,-0.05531135531135531,-0.2580554326194935,-0.020238095238095236,-0.21304014445363872,-0.026236263736263733,-0.11992569868725414,0.0030053810037728532,0.03143310546875,0.09561196575886297,0.9253108915602916,0.92584228515625,0.9994260430696695,0.06750220971918516,0.03857421875,1.7499307025935598,0.00244652302514946,0.03143310546875,0.07783268591077429,0.983574260904724,0.92584228515625,1.062356166567539,0.013166768899855685,0.03857421875,0.3413359836317018
Batch_2/avn74qx1,Batch_2,512,2048,1,1,0.9777734875679016,True,0.06168442964553833,0.006688296794891357,-0.14987690868870182,-0.048443223443223445,0.3839221608112329,0.05512820512820513,-0.3140223555976147,0.03846153846153846,-0.07670198154010732,0.03021978021978022,0.17513886319414773,0.0,0.0,,0.8122852516248141,0.8850860595703125,0.9177471985257102,0.17785953680260433,0.1089630126953125,1.6322927606631392,0.0,0.0,,0.9631383707173413,0.8850860595703125,1.0881861264258543,0.035390111303887986,0.1089630126953125,0.32479013225201
Batch_2/avn74qx1,Batch_2,512,2304,1,1,0.8464950919151306,True,0.21435904502868652,0.0764877200126648,-0.08500114717934805,0.04459706959706959,0.11101442929026924,-0.07527472527472527,-0.14458438666228546,-0.05009157509157509,-0.09974811344645478,-0.03131868131868131,-0.036088849125714584,0.0,0.000335693359375,0.0,0.9383432853289357,0.960357666015625,0.97707689388473,0.059592809333867576,0.03631591796875,1.6409556102959435,0.00010699916527346661,0.000335693359375,0.318740786152814,0.9778609087438366,0.960357666015625,1.0182257541618112,0.02099968127585279,0.03631591796875,0.5782500470984405
Batch_2/avn74qx1,Batch_2,512,2560,1,1,0.9436407089233398,True,0.43481171131134033,0.033610641956329346,-0.040761157313830704,-0.016987179487179486,-0.11091253041862369,0.20238095238095236,0.010637332392360768,0.11813186813186811,0.06588727003371735,0.06094322344322344,0.027189388399439383,0.21037906572965592,0.178070068359375,1.1814397987710994,0.7283997896290879,0.761077880859375,0.9570634069756587,0.04821485180858417,0.0493011474609375,0.9779661182690721,0.09262358843430035,0.178070068359375,0.5201524842870873,0.8488549577046183,0.761077880859375,1.1153325816618522,0.05106067609184819,0.0493011474609375,1.0356894052477137
Batch_2/avn74qx1,Batch_2,512,2816,1,1,0.921204686164856,True,0.36141687631607056,0.03335291147232056,0.0685421198459684,0.005586080586080585,-0.24406675963868565,-0.004807692307692307,-0.1603134206825157,-0.16167582417582416,-0.23073403445474394,-0.1793040293040293,-0.3369834836010011,0.12987120251367673,0.1295928955078125,1.002147548326424,0.7703428635989665,0.7962799072265625,0.9674272282997388,0.09514993259058967,0.0623931884765625,1.5250051313907764,0.06798729566878424,0.1295928955078125,0.5246220898327381,0.8893004456522048,0.7962799072265625,1.116818894438304,0.02964165452757309,0.0623931884765625,0.4750783739591661
Batch_2/avn74qx1,Batch_2,512,3072,1,1,0.9570252895355225,True,0.09735894203186035,0.029225528240203857,0.11449649565178813,0.13580586080586077,-0.20645106418845832,0.19354395604395602,-0.23879781326015193,0.3284340659340659,-0.14400259537157667,0.4702380952380952,-0.09406214708808365,0.0029559480635332324,0.00341796875,0.8648259477308657,0.9836412904633978,0.9626007080078125,1.021858058362673,0.013394726533132643,0.0324249267578125,0.4130996696825322,0.003137140019440683,0.00341796875,0.9178375371163598,0.986933267278308,0.9626007080078125,1.0252779361869095,0.009499694120911038,0.0324249267578125,0.2929750371331886
Batch_2/avn74qx1,Batch_2,768,0,1,1,0.9229999780654907,True,0.28672653436660767,0.03059488534927368,-0.054630796007684085,-0.09633699633699633,0.1779049811314775,0.08108974358974358,-0.16984545045473617,0.08667582417582417,-0.14085861569122904,0.00879120879120879,-0.007738981161189112,0.01389808784471225,0.029388427734375,0.47291022065994914,0.9047557432012684,0.9199676513671875,0.9834647358053163,0.0726054657811548,0.0457611083984375,1.5866194749695768,0.041592703017427256,0.029388427734375,1.415274862383236,0.9392338625240485,0.9199676513671875,1.02094227022899,0.016863172313711778,0.0457611083984375,0.36850445506882795
Batch_2/avn74qx1,Batch_2,768,256,1,1,0.926758885383606,True,0.7532331347465515,0.03886908292770386,0.3996747806527669,-0.03305860805860806,0.33234810755157834,-0.2829212454212454,-0.4811405134215638,-0.22426739926739925,-0.2679775749643631,-0.10306776556776556,0.011847477873830656,0.0010008963031247888,0.000396728515625,2.522874620061006,0.9636979567266232,0.94000244140625,1.0252079295506131,0.03442827494616189,0.057403564453125,0.5997584866750838,0.0013475251358046679,0.000396728515625,3.3965925884651815,0.9931066136613876,0.94000244140625,1.0564936535438072,0.004885547330294942,0.057403564453125,0.08510877986129967
Batch_2/avn74qx1,Batch_2,768,512,1,1,0.8861128687858582,True,0.344998300075531,0.07912272214889526,0.17585619445866205,-0.3765567765567765,-0.3508367946577029,0.09885531135531134,0.0308301347203472,0.12925824175824174,-0.10534781460495321,-0.14436813186813185,-0.4054923100214275,0.0005538265205819622,0.1912994384765625,0.0028950765616064028,0.9460241141446758,0.7234954833984375,1.3075743191940414,0.0524752111026703,0.0718536376953125,0.7303069515448292,0.09158559430007636,0.1912994384765625,0.47875516535453494,0.7759270073034179,0.7234954833984375,1.0724697321657028,0.10175374788240145,0.0718536376953125,1.4161252115568193
Batch_2/avn74qx1,Batch_2,768,768,1,1,0.9526695609092712,True,0.12123537063598633,0.020349442958831787,-0.16184668630472251,-0.26451465201465196,0.06649907982281167,0.28667582417582416,-0.6946227513300349,0.1302197802197802,-0.6420410118443605,-0.06369047619047619,-0.5126373970540242,0.007196623251827592,0.02789306640625,0.25800760472197654,0.9120498302793982,0.954010009765625,0.9560170448352683,0.07785909897617435,0.0163421630859375,4.764308039684932,0.0016762996794103275,0.02789306640625,0.06009736093535844,0.9948545198130031,0.954010009765625,1.0428135026145193,0.0030606731672013668,0.0163421630859375,0.18728690633586254
Batch_2/avn74qx1,Batch_2,768,1024,1,0,0.8769441843032837,False,5.671328544616699,0.3081439137458801,-0.1422502261408201,-0.19253663003663005,-0.23267107508687676,-0.06025641025641026,-0.44008019566830764,-0.05604395604395603,-0.35456057814941816,-0.13264652014652012,-0.3268022020292002,0.04177306135337307,0.06658935546875,0.6273234071619288,0.9130716830405889,0.8931884765625,1.0222609303633325,0.0360493401466433,0.0269317626953125,1.3385436577056178,0.017413975429721045,0.06658935546875,0.26151289957887225,0.962396058464869,0.8931884765625,1.0774837379997548,0.017875194922139372,0.0269317626953125,0.6637216852222809
Batch_2/avn74qx1,Batch_2,768,1280,1,0,0.6297271251678467,False,7.296001434326172,0.2789405286312103,-0.15926768963217947,0.17934981684981682,-0.2803837160859554,-0.1354395604395604,0.15127444532990106,-0.19157509157509153,0.1414666426946342,-0.12069597069597068,0.10545110514873608,0.022700501211947444,0.020111083984375,1.128755726423511,0.9577765117928023,0.9493408203125,1.0088858408906567,0.016047342347567217,0.02337646484375,0.6864743003199512,0.013665709358404181,0.020111083984375,0.6795113266406498,0.9346219781667081,0.9493408203125,0.9844957239477528,0.041813361158232906,0.02337646484375,1.7886948021318223
Batch_2/avn74qx1,Batch_2,768,1536,1,1,0.9454506039619446,True,0.09730511903762817,0.024848759174346924,0.18193736341862052,0.17916666666666664,0.2688232349049713,0.03676739926739926,-0.27281429658359463,0.062271062271062265,-0.20799395001009213,0.1328296703296703,-0.10466215195148329,0.0,0.0005035400390625,0.0,0.9499648399039518,0.981903076171875,0.9674731273961986,0.044799939533935705,0.0161895751953125,2.767209083219614,5.809027598255032e-06,0.0005035400390625,0.011536376747855811,0.9886701418760218,0.981903076171875,1.0068917858273032,0.010591507485678097,0.0161895751953125,0.6542177517261072
Batch_2/avn74qx1,Batch_2,768,1792,1,1,0.8688176274299622,True,0.80424565076828,0.1672106385231018,-0.3764598220981902,-0.3701923076923076,0.21676208491371463,0.43127289377289374,-0.5378520864624264,0.3881868131868131,-0.4839020049013963,0.23956043956043951,-0.37526907326916914,0.09336220481010654,0.0342864990234375,2.723001982392142,0.7763640687027495,0.9214019775390625,0.8425899744390725,0.11896403752542005,0.03778076171875,3.148799338960391,0.020134373513094612,0.0342864990234375,0.5872391199618018,0.9667877047159631,0.9214019775390625,1.0492572495862442,0.010062100279391924,0.03778076171875,0.26632867686196654
Batch_2/avn74qx1,Batch_2,768,2048,1,1,0.9468154907226562,True,0.053218066692352295,0.013232231140136719,0.00013745077509218264,0.19157509157509153,0.35246960426138696,-0.023672161172161168,-0.5125997572437798,0.1632326007326007,-0.2827362443646197,0.2829212454212454,-0.0668468936198315,0.0,0.0,,0.969052033114846,0.9047698974609375,1.0710480486080538,0.029280669422816017,0.091583251953125,0.3197164197423643,0.0,0.0,,0.9497760106172656,0.9047698974609375,1.0497431593188822,0.047646088207495774,0.091583251953125,0.520248923153356
Batch_2/avn74qx1,Batch_2,768,2304,1,1,0.9412342309951782,True,0.08194398880004883,0.014020860195159912,0.049940448283493026,0.1112179487179487,0.17831947221959157,0.4028388278388278,-0.057637691688655256,0.5997252747252747,-0.044304966504713536,0.5701007326007326,0.04994044828349302,0.10398464186776488,0.236572265625,0.4395470516928431,0.8188804540093597,0.665557861328125,1.2303670373230637,0.07063568879987643,0.09332275390625,0.7568967464337315,0.18917505156560768,0.236572265625,0.7996501663702055,0.750071406256228,0.665557861328125,1.1269815140631887,0.05464356538421033,0.09332275390625,0.5855331427435592
Batch_2/avn74qx1,Batch_2,768,2560,1,1,0.8347955942153931,True,0.964969277381897,0.2628408670425415,0.136661327146107,-0.20494505494505488,-0.13299748459527305,0.062316849816849804,-0.06136936272646896,0.026327838827838825,-0.02752461716314018,0.04459706959706959,-0.0778108561733364,0.023497091138000553,0.008392333984375,2.799827936036371,0.9282322572606031,0.97601318359375,0.9510447941315566,0.04498757627164805,0.0145111083984375,3.100216402248924,0.027716900831484988,0.008392333984375,3.302645114349455,0.9646927603574745,0.97601318359375,0.9884013623723884,0.0069933490933320915,0.0145111083984375,0.48193073205111664
Batch_2/avn74qx1,Batch_2,768,2816,1,0,0.9820458292961121,False,0.12068009376525879,0.009745121002197266,0.03832795439643405,0.025045787545787544,-0.466174353772068,-0.38315018315018307,-0.35146573621577437,-0.22893772893772893,-0.4109876043538631,-0.07275641025641025,-0.4341082375265774,0.06422944339514622,0.03515625,1.8269708343508257,0.9198473128282921,0.924835205078125,0.9946067232059883,0.009480271345984087,0.0290679931640625,0.32614124038341896,0.002525534656208546,0.03515625,0.0718374302210431,0.9256809708643444,0.924835205078125,1.0009145043155532,0.06053945529367179,0.0290679931640625,2.082684379068805
Batch_2/avn74qx1,Batch_2,768,3072,1,1,0.9236533641815186,True,0.09187626838684082,0.018323898315429688,-0.019381879991015424,-0.20888278388278383,-0.12652124263957523,0.1209249084249084,-0.3656638234517963,0.19665750915750915,-0.4089691363784675,0.254532967032967,-0.3713063589284707,0.0,0.0195465087890625,0.0,0.9688662991286745,0.93548583984375,1.0356824848257455,0.030644590074800287,0.040618896484375,0.7544417186859923,0.00091993269278533,0.0195465087890625,0.047063785288352374,0.9749727959949255,0.93548583984375,1.0422101056684843,0.02306713689891339,0.040618896484375,0.5678917670199805
Batch_2/rxax5ozo,Batch_2,0,0,1,2,0.8371744751930237,False,0.7489925026893616,0.0259702205657959,-0.27126338426682023,-0.044963369963369956,0.05468513583573851,-0.24381868131868129,0.09455971404929785,-0.19537545787545782,0.11436912549999903,-0.19047619047619044,0.12246029355732768,0.010475155025061142,0.0066986083984375,1.5637807738551412,0.9398748502985912,0.9380645751953125,1.0019297979597,0.03391955836756909,0.043121337890625,0.7866072813789836,0.012763370189136222,0.0066986083984375,1.9053763752055386,0.9334625274799621,0.9380645751953125,0.995094103500932,0.03408819184135859,0.043121337890625,0.7905179548886329
Batch_2/rxax5ozo,Batch_2,0,256,1,2,0.837246835231781,False,0.619780421257019,0.02175229787826538,0.4500938266985454,0.20286404378668588,0.2716505271631169,-0.21804029304029302,-0.18153894510184698,-0.1959249084249084,-0.16605265797742413,-0.1551282051282051,-0.08744086510497284,0.07645328909939834,0.0471343994140625,1.6220274374937422,0.849778119990775,0.8784332275390625,0.967379299131745,0.048673466178841884,0.0554046630859375,0.8785084768649357,0.08870739819033907,0.0471343994140625,1.8820097273557985,0.8758277303018118,0.8784332275390625,0.9970339268192872,0.0178993146686519,0.0554046630859375,0.3230651297506943
Batch_2/rxax5ozo,Batch_2,0,512,1,2,0.8552459478378296,False,0.36464494466781616,0.02432084083557129,-0.05391871919539902,-0.49148351648351646,-0.1677051581278961,-0.3433608058608058,-0.5228038333193112,-0.4087454212454212,-0.49877175970244764,-0.41790293040293036,-0.48229397248774164,0.014809217495130547,0.026336669921875,0.5623041006725814,0.9670116648687598,0.9501953125,1.017697785021182,0.015175296636958775,0.0180511474609375,0.8406832125103384,0.0014068613277783719,0.026336669921875,0.05341834529390694,0.992150071027911,0.9501953125,1.0441538260355405,0.0061096738332558015,0.0180511474609375,0.3384645683315741
Batch_2/rxax5ozo,Batch_2,0,768,1,2,0.8589634895324707,False,1.2294182777404785,0.04230165481567383,-0.08018600061794338,0.16369047619047616,-0.12037116874371731,-0.3107600732600732,-0.19281507275027304,-0.06790293040293038,-0.11682270779683131,0.11913919413919412,-0.09797438926077451,0.3025318519850428,0.26513671875,1.1410409445034395,0.6578875888005115,0.6877288818359375,0.9566089285711504,0.024316237604236412,0.0305633544921875,0.7956010722073078,0.2538400220052919,0.26513671875,0.9573929375079885,0.7197154437308204,0.6877288818359375,1.0465104240053038,0.019420396356905182,0.0305633544921875,0.6354144261837933
Batch_2/rxax5ozo,Batch_2,0,1024,1,2,0.8472766280174255,False,0.9285039901733398,0.04007518291473389,0.11479501582718216,-0.1908882783882784,-0.0308301347203472,0.12000915750915749,0.3047989701649871,0.21414835164835164,0.27194114347499077,0.1042124542124542,0.23180205925761793,0.06879045557869011,0.115966796875,0.5931909601059256,0.9047341121504567,0.8610382080078125,1.050747927021431,0.02478817588990961,0.0201873779296875,1.2279046826312292,0.060633445251762445,0.115966796875,0.5228517721078294,0.9122867588036923,0.8610382080078125,1.0595194851044458,0.022434968882088846,0.0201873779296875,1.1113364479641532
Batch_2/rxax5ozo,Batch_2,0,1280,1,2,0.802007257938385,False,0.28570497035980225,0.026003479957580566,-0.15733736917646188,-0.15654761904761902,-0.18876786595671866,-0.006913919413919414,0.12382691305045278,0.02138278388278388,0.05001146693564387,0.035210622710622703,-0.09627900704893362,0.004294137496677087,0.002166748046875,1.9818351759311943,0.9597153598197845,0.96844482421875,0.9909861004151603,0.034741712714482224,0.0278472900390625,1.2475796627157847,0.0019148318797644896,0.002166748046875,0.8837353667059549,0.9511369466415466,0.96844482421875,0.9821281738057036,0.044824484777535895,0.0278472900390625,1.6096533887016944
Batch_2/rxax5ozo,Batch_2,0,1536,1,1,0.6748716831207275,True,2.06038498878479,0.2177014946937561,-0.3059949169231349,0.13319597069597067,-0.049612745835286985,-0.20471611721611718,0.2901600867281311,-0.18383699633699632,0.3410102867320581,-0.1440018315018315,0.3319356228286984,0.007036183102257272,0.0190277099609375,0.3697861233276123,0.9721507244993494,0.951202392578125,1.02202300171307,0.018873482980131192,0.0271148681640625,0.6960566013426437,0.0384588943953118,0.0190277099609375,2.0212045734492015,0.9402905377586315,0.951202392578125,0.9885283564206371,0.018986231216657476,0.0271148681640625,0.700214771533407
Batch_2/rxax5ozo,Batch_2,0,1792,1,2,0.7453719973564148,False,1.305220127105713,0.2397645115852356,0.4884865049791649,-0.2321428571428571,-0.0531983138423281,-0.007967032967032966,-0.18736657641096546,-0.15695970695970696,-0.24635831077544854,-0.22037545787545787,-0.21251737820159078,0.002149555440227066,0.0472412109375,0.04550170068821738,0.9578305501907061,0.9344024658203125,1.0250727981007905,0.030908833002154256,0.014862060546875,2.0797138394550116,0.026165571474245423,0.0472412109375,0.5538717351860943,0.9492634930619666,0.9344024658203125,1.0159043108138714,0.018429930669932943,0.014862060546875,1.2400656431054675
Batch_2/rxax5ozo,Batch_2,0,2048,1,2,0.7270631194114685,False,0.4448626637458801,0.07401227951049805,0.060664774849280734,-0.1252289377289377,0.15076439303400535,-0.11932234432234429,-0.17361724638200826,-0.1129120879120879,0.07380574087315755,-0.1271062271062271,0.09154949709804201,0.05654035254469879,0.095306396484375,0.5932482459765257,0.8552321555432693,0.816436767578125,1.0475179334221152,0.08303511729321307,0.07696533203125,1.0788638871784322,0.05081463463401354,0.095306396484375,0.5331712928874017,0.8898337233057427,0.816436767578125,1.0898991307622539,0.051528144228788264,0.07696533203125,0.6694981086791966
Batch_2/rxax5ozo,Batch_2,0,2304,1,2,0.8414220809936523,False,1.4380366802215576,0.08589226007461548,0.3235954528802613,0.24336080586080588,0.42445037048984996,-0.06346153846153846,0.3518828999824924,-0.012362637362637362,0.45393957188073797,0.03475274725274725,0.4759871409457121,0.10947839579782931,0.1126556396484375,0.9717968504681758,0.8343827535967201,0.8309326171875,1.0041521253803924,0.04661360591073252,0.0471954345703125,0.9876719291838882,0.15825341113546018,0.1126556396484375,1.4047535625319678,0.7901266368033733,0.8309326171875,0.9508913484197493,0.03763553655260995,0.0471954345703125,0.7974401951218382
Batch_2/rxax5ozo,Batch_2,0,2560,1,2,0.7920798659324646,False,0.864302933216095,0.08988088369369507,-0.056130200432560375,0.04848901098901098,-0.29401533559912574,-0.15347985347985346,0.21774646719527732,-0.19345238095238093,0.3035547046381569,-0.10320512820512821,0.2890382734918051,0.022649856659159,0.0132904052734375,1.7042261837137134,0.973300392750774,0.972503662109375,1.0008192572145906,0.002256885114909541,0.0130157470703125,0.1733965098367077,0.015471575445554752,0.0132904052734375,1.1641161520090428,0.9574354784044726,0.972503662109375,0.9845057820427954,0.026046332488655188,0.0130157470703125,2.001140030453114
Batch_2/rxax5ozo,Batch_2,0,2816,1,2,0.8544697165489197,False,0.9994205832481384,0.03743714094161987,-0.20737998458119725,-0.10302197802197802,-0.12157727787000779,0.017719780219780216,-0.039947489681930834,-0.0375,-0.029022882761872277,-0.06758241758241758,-0.0347899499342637,0.019249995200641426,0.0136566162109375,1.4095728329265211,0.9314054108726038,0.94122314453125,0.9895691752633902,0.040177606034595977,0.0370025634765625,1.0858060161168173,0.0014823387037395065,0.0136566162109375,0.10854363048968972,0.9387191447852083,0.94122314453125,0.9973396322003018,0.052123470608005464,0.0370025634765625,1.408644853511854
Batch_2/rxax5ozo,Batch_2,0,3072,1,2,0.7926844954490662,False,0.41318780183792114,0.024597764015197754,0.11546085434864917,-0.23681318681318678,0.14883264651827474,-0.371062271062271,0.16709006744210037,-0.36877289377289374,0.15756847577043434,-0.3626831501831501,0.14018925990370412,0.00791526637453524,0.0478973388671875,0.16525482546082876,0.9813036588125859,0.93017578125,1.0549658232273889,0.009803562575914884,0.01983642578125,0.4942202130578137,0.11852332372862788,0.0478973388671875,2.4745283669574247,0.8562393613739631,0.93017578125,0.9205134971621398,0.020745625030914108,0.01983642578125,1.0458348323276823
Batch_2/rxax5ozo,Batch_2,256,0,1,2,0.77056884765625,False,0.25533527135849,0.02363044023513794,0.38630724592743404,0.03214285714285714,-0.1501923670783065,0.09313186813186812,0.31059175971401165,0.1428113553113553,0.30735762352616175,0.1796245421245421,0.24460161920022305,0.06801184215680317,0.0353240966796875,1.9253667764960054,0.8662542594705684,0.8979339599609375,0.9647193425096127,0.04912967679042405,0.0553436279296875,0.8877205674489194,0.04161964288658847,0.0353240966796875,1.1782224260109986,0.8628135136162219,0.8979339599609375,0.9608874951714229,0.08076359353164216,0.0553436279296875,1.4593115152163496
Batch_2/rxax5ozo,Batch_2,256,256,1,2,0.7050502896308899,False,0.2607837915420532,0.07255297899246216,0.26159499815703663,-0.01561355311355311,0.06941259851001534,-0.018406593406593404,-0.2966228647115612,-0.10755494505494505,-0.22778449352211186,-0.077518315018315,-0.1373781441722044,0.003478877082601499,0.02362060546875,0.14728145250993013,0.7569696758759624,0.920379638671875,0.822453739815761,0.2346684291002374,0.051422119140625,4.563569783238326,0.003810843973250086,0.02362060546875,0.16133557534297005,0.9564526335161605,0.920379638671875,1.0391936037354537,0.037984018700494976,0.051422119140625,0.7386708158918809
Batch_2/rxax5ozo,Batch_2,256,512,1,2,0.845574140548706,False,1.1187684535980225,0.036763548851013184,0.1691995293683376,0.35380036630036626,0.08023895207158278,0.01941391941391941,-0.04062441223303819,0.15924908424908424,-0.06536628589813151,0.30499084249084246,-0.023089355201376508,0.3375693615429488,0.231475830078125,1.4583352457533747,0.6009396981096067,0.7051239013671875,0.8522469553853235,0.04752905316673303,0.05206298828125,0.9129144279997116,0.2057995101847569,0.231475830078125,0.8890755899451699,0.7529723697402234,0.7051239013671875,1.067858242048328,0.03082050536058156,0.05206298828125,0.5919849470431047
Batch_2/rxax5ozo,Batch_2,256,768,1,2,0.7687053084373474,False,2.842874050140381,0.14447349309921265,-0.05236953163561713,0.04908424908424908,-0.3675743924406934,0.10952380952380951,0.19346866884508906,-0.11524725274725274,0.0896024311011151,-0.04024725274725274,-0.1719236597774536,0.22757905990906496,0.1948394775390625,1.168033618153378,0.7210148515737762,0.753662109375,0.956681837397534,0.039559272306420756,0.0389404296875,1.015892033649526,0.07588765146135154,0.1948394775390625,0.3894880668941291,0.872681382653466,0.753662109375,1.1579212644472292,0.04198703462097762,0.0389404296875,1.0782375787305603
Batch_2/rxax5ozo,Batch_2,256,1024,1,0,0.5940176248550415,False,2.54927396774292,0.3192138671875,-0.2707040658838428,0.14436813186813185,-0.017859187295051798,-0.05082417582417582,-0.37682885192559296,-0.10123626373626374,-0.4043274210811791,-0.10998168498168498,-0.3533371517144094,0.0016905286486602104,0.0161590576171875,0.10461802220830552,0.8853487959118124,0.9451446533203125,0.9367336447405844,0.11088126019448266,0.0363922119140625,3.046840363985583,0.004965095238777135,0.0161590576171875,0.3072639108295546,0.9801511866732046,0.9451446533203125,1.0370382811032295,0.013768496729393334,0.0363922119140625,0.37833635289623546
Batch_2/rxax5ozo,Batch_2,256,1280,1,2,0.8316189646720886,False,1.0286014080047607,0.04440915584564209,-0.009968380802932952,0.07252747252747252,0.11767272511048438,0.12000915750915749,0.08125949040735689,0.10888278388278388,0.08430729419308121,0.12367216117216116,0.12988685607131947,0.0468421185732886,0.0303802490234375,1.5418609155294032,0.9305453986159115,0.9498748779296875,0.9796504994890424,0.019340135695583575,0.0168304443359375,1.1491161676752177,0.022885939289106517,0.0303802490234375,0.7533163823459994,0.9601715466100256,0.9498748779296875,1.010840026323025,0.01427960060180232,0.0168304443359375,0.8484387171710941
Batch_2/rxax5ozo,Batch_2,256,1536,1,2,0.8660619854927063,False,0.6872678399085999,0.043290555477142334,0.2831170381318494,-0.3451007326007326,-0.11130822381850904,0.39148351648351637,0.2958878537412368,0.23031135531135527,0.22865731904937214,-0.0018315018315018315,0.14913831969739563,0.014676685997216039,0.0127716064453125,1.1491652252252693,0.9169014516552862,0.947509765625,0.9676960437980038,0.06511420583210027,0.03753662109375,1.7346847940701315,0.021003228667861418,0.0127716064453125,1.644525201884069,0.9331723277610587,0.947509765625,0.9848682954159487,0.04296380679621971,0.03753662109375,1.1445837569906727
Batch_2/rxax5ozo,Batch_2,256,1792,1,2,0.8268209099769592,False,0.670109748840332,0.02456563711166382,0.25300455744136957,0.013095238095238094,0.0945407860579825,-0.22161172161172157,0.10568079607696246,-0.1906135531135531,0.1282594143216167,-0.07339743589743589,0.24487349858215532,0.023505474644479312,0.0176239013671875,1.3337270877061438,0.9562624087592713,0.960113525390625,0.9959888945114205,0.012183706546337738,0.0157318115234375,0.7744630380415034,0.015114616178901471,0.0176239013671875,0.8576203341129756,0.972221944558673,0.960113525390625,1.0126114452591652,0.009018085973495437,0.0157318115234375,0.5732388771668254
Batch_2/rxax5ozo,Batch_2,256,2048,1,2,0.8784742951393127,False,0.5333957076072693,0.02373814582824707,0.3984057250069344,0.3716117216117215,0.3587250981273324,0.290521978021978,0.24906826202021654,0.26369047619047614,0.39226663572680626,0.2904761904761905,0.45631544840798954,0.260805335251404,0.2045745849609375,1.2748667450612374,0.7187848156304744,0.775848388671875,0.9264500978869286,0.010580710066106022,0.0107421875,0.9849679188811424,0.5485239785809428,0.2045745849609375,2.6812909271485545,0.4358779214799493,0.775848388671875,0.5618081159208189,0.002376245548137666,0.0107421875,0.2212068582993609
Batch_2/rxax5ozo,Batch_2,256,2304,1,2,0.6799221038818359,False,1.9454872608184814,0.17287009954452515,0.6403819023303664,-0.4757838345530872,-0.43918237190066484,-0.6152930402930402,-0.6971742512744541,-0.5766483516483516,-0.6825403584528354,-0.5619047619047618,-0.6883893281542661,0.0,0.00079345703125,0.0,0.9851676655766363,0.978057861328125,1.0072693084219544,0.012754626076861647,0.0181884765625,0.7012476296755075,8.45067371014362e-05,0.00079345703125,0.1065044908207639,0.9965113322348371,0.978057861328125,1.018867463405134,0.00298667633262088,0.0181884765625,0.16420706387134393
Batch_2/rxax5ozo,Batch_2,256,2560,1,2,0.8376270532608032,False,0.4750739336013794,0.01587080955505371,0.29838920331730134,-0.11412676427904629,-0.09465117551825841,0.062362637362637356,0.28774637217430593,-0.052701465201465195,0.1543439887095181,-0.1478937728937729,0.017730406192964406,0.002817168443098685,0.006103515625,0.46156487771728855,0.9014085121759691,0.898895263671875,1.0027959302998524,0.08762962103274535,0.086578369140625,1.0121422002118434,0.007086681030153404,0.006103515625,1.1610818199803337,0.8912427658021371,0.898895263671875,0.9914867747344909,0.09124285736497625,0.086578369140625,1.0538759076967015
Batch_2/rxax5ozo,Batch_2,256,2816,1,2,0.836502194404602,False,0.39574509859085083,0.01518779993057251,0.22001347746179745,-0.08365384615384615,-0.17319128152297375,-0.38347069597069594,-0.5690768769978256,-0.33626373626373623,-0.4806092728251617,-0.22257326007326003,-0.3867799956723363,0.04384422156726113,0.0334930419921875,1.309054626256048,0.9304025389128854,0.9299163818359375,1.000522796550791,0.017659325087246394,0.0301055908203125,0.5865795889091635,0.0009423593486877233,0.0334930419921875,0.028135973701867257,0.9931763797222948,0.9299163818359375,1.068027619603241,0.005522913253037277,0.0301055908203125,0.1834514155859356
Batch_2/rxax5ozo,Batch_2,256,3072,1,2,0.8414859771728516,False,0.5141928791999817,0.021336257457733154,-0.02058208236111664,0.10718864468864468,0.09107340703960469,-0.6539377289377288,0.026835158952890865,-0.5214743589743589,0.17833959032407007,-0.46144688644688636,0.22801809180779672,0.0,0.0,,0.9829745313654992,0.9173736572265625,1.0715094374273442,0.016379330700301977,0.0774993896484375,0.21134786705552083,0.0,0.0,,0.9362617860419505,0.9173736572265625,1.0205893516416107,0.05921331825986781,0.0774993896484375,0.7640488335260281
Batch_2/rxax5ozo,Batch_2,512,0,1,2,0.49257272481918335,False,0.4692908227443695,0.14150884747505188,-0.02920470382539349,0.03745421245421245,-0.17426163701014935,0.10755494505494505,0.06068778880028577,0.048763736263736264,0.06699361137566624,0.035989010989010986,0.023152034711068442,0.0008964040290128256,0.008636474609375,0.10379281704131545,0.9684908817897083,0.9437103271484375,1.026258645188454,0.027309869842230612,0.0443115234375,0.6163152995800363,0.00728678817370501,0.008636474609375,0.8437225260634833,0.9444428263103811,0.9437103271484375,1.0007761906814743,0.04540253750875791,0.0443115234375,1.0246214525392419
Batch_2/rxax5ozo,Batch_2,512,256,1,2,0.9128812551498413,False,0.836713433265686,0.06513756513595581,0.22963320312827132,-0.15819597069597066,-0.3245657510240539,0.39720695970695963,-0.06959418783923556,0.3644688644688644,-0.1377384967651537,0.2588827838827839,-0.18606779387573394,0.09591382100332947,0.0623626708984375,1.538000531752924,0.8526818387358218,0.9094085693359375,0.9376223927144888,0.04356304751774885,0.0219879150390625,1.98122684394392,0.06405301678837688,0.0623626708984375,1.02710509132446,0.9006196557505484,0.9094085693359375,0.9903355720610738,0.029761599640948235,0.0219879150390625,1.3535435073346174
Batch_2/rxax5ozo,Batch_2,512,512,1,2,0.852890133857727,False,0.5527633428573608,0.021256089210510254,-0.15580113954973657,-0.0038003663003663,0.11747721421677579,-0.1684065934065934,0.21551408374286077,-0.09803113553113552,0.25133257085792826,0.03131868131868131,0.20289409864532404,0.0350706874824507,0.032073974609375,1.0934312915556086,0.9054043016332826,0.8983612060546875,1.0078399373560731,0.04915904269012091,0.0598907470703125,0.8208119800610864,0.015937858123448816,0.032073974609375,0.4969093577442158,0.9419327119186174,0.8983612060546875,1.0485010990793802,0.03647642522812723,0.0598907470703125,0.6090494277071455
Batch_2/rxax5ozo,Batch_2,512,768,1,2,0.8702879548072815,False,1.3033950328826904,0.09723013639450073,0.015389292191168193,0.09326923076923074,0.18510791905764845,0.3355311355311355,0.10999898552761861,0.25467032967032965,0.116338455146667,0.21401098901098897,0.13756189691478554,0.04593781640758272,0.05426025390625,0.8466200045239991,0.9289751446729044,0.9304046630859375,0.9984635519685685,0.021460479898037312,0.012969970703125,1.6546282477620862,0.11133268392167488,0.05426025390625,2.0518275516003612,0.8743288448523793,0.9304046630859375,0.9397296461868885,0.011599034625652179,0.012969970703125,0.894299215560872
Batch_2/rxax5ozo,Batch_2,512,1024,1,2,0.7626082897186279,False,0.7578344941139221,0.11431390047073364,0.18504522984754845,0.27326007326007323,-0.1011962520132228,-0.2248168498168498,-0.19224079668001043,-0.23786630036630033,-0.17189155035126455,-0.15137362637362636,-0.15557548797956738,0.2591298390059683,0.0711212158203125,3.6434956294990646,0.7407035546291292,0.921966552734375,0.8033952559692598,4.434949327472234e-06,0.00628662109375,0.0007054583473913115,0.017527705111477405,0.0711212158203125,0.24644833344470782,0.9689181348861802,0.921966552734375,1.0509254723097663,0.012901575481062627,0.00628662109375,2.0522273075896127
Batch_2/rxax5ozo,Batch_2,512,1280,1,2,0.7411007285118103,False,0.9160392880439758,0.18313086032867432,0.14011146621809847,-0.22394688644688643,-0.09879006823017072,-0.03461538461538461,-0.36688531965601423,-0.03456959706959707,-0.3718236746128817,0.0477106227106227,-0.3406086774669151,0.012422490021415555,0.0160980224609375,0.7716780152070993,0.9448586934254165,0.9356842041015625,1.0098051129682832,0.04159017575697045,0.0443572998046875,0.9376173919534969,0.011968307742600905,0.0160980224609375,0.7434644703498511,0.9356154934090047,0.9356842041015625,0.9999265663647451,0.05024730246506866,0.0443572998046875,1.1327854194532987
Batch_2/rxax5ozo,Batch_2,512,1536,1,2,0.8189868330955505,False,0.8473389744758606,0.04262322187423706,0.3303294554192059,-0.09024725274725273,-0.24046583403702793,-0.020467032967032964,0.09728313063475774,0.008058608058608058,0.04036950375937839,0.0008699633699633699,-0.014885102413560754,0.0,0.0,,0.9672779651809824,0.9676055908203125,0.9996614058016631,0.027898328623922,0.0273895263671875,1.0185765262937896,0.0,0.0,,0.9380493573248238,0.9676055908203125,0.9694542551470463,0.04802742097035111,0.0273895263671875,1.7534958555503792
Batch_2/rxax5ozo,Batch_2,512,1792,1,2,0.8726876378059387,False,1.042074203491211,0.04367190599441528,-0.18594000945482386,0.18878205128205125,-0.6077398831195845,0.22811355311355308,-0.5365239435377491,0.21822344322344317,-0.5730249749504326,0.1947344322344322,-0.5841538966985907,0.1269159061454237,0.096954345703125,1.3090275141873604,0.8389990477872074,0.869903564453125,0.9644736291138821,0.018293556402624152,0.0184478759765625,0.9916348324254561,0.02211422822662356,0.096954345703125,0.22808908735599648,0.9554554179057422,0.869903564453125,1.0983463649863308,0.015963192918202928,0.0184478759765625,0.865313325961412
Batch_2/rxax5ozo,Batch_2,512,2048,1,2,0.8914082646369934,False,0.7269502282142639,0.024261653423309326,0.024081307091932028,-0.2523809523809524,0.027363020726341194,0.2460164835164835,0.23221590562354416,0.27779304029304025,0.2716889118740431,0.2292124542124542,0.24317035817783955,0.003538962101324261,0.0037689208984375,0.938985507175655,0.9468138452269629,0.9576263427734375,0.988709064210619,0.044573425282906316,0.0348663330078125,1.2784087524466294,0.001998271057378578,0.0037689208984375,0.5301971336694837,0.9511425020663741,0.9576263427734375,0.9932292582007662,0.04211876898268183,0.0348663330078125,1.208006846410957
Batch_2/rxax5ozo,Batch_2,512,2304,1,2,0.8268711566925049,False,1.6720490455627441,0.16658711433410645,-0.2952229634926302,-0.31602564102564096,0.1416048405340001,-0.04029304029304029,0.3942059667652995,0.016666666666666666,0.3057403391019327,0.09139194139194137,0.27384300300894976,0.0,0.0,,0.9242894193696002,0.9540252685546875,0.9688311723334792,0.07006592837329478,0.041961669921875,1.6697602479535443,0.0,0.0,,0.9693424606152455,0.9540252685546875,1.0160553316200556,0.02728106959562581,0.041961669921875,0.6501426098250666
Batch_2/rxax5ozo,Batch_2,512,2560,1,2,0.6916979551315308,False,2.5335073471069336,0.19745823740959167,0.21032026986724012,-0.5865384615384615,-0.1330220905962303,0.12747252747252746,0.5425870703157599,-0.09583333333333333,0.4731802275554024,-0.19986263736263735,0.414918167060089,0.0,0.0,,0.8255906041902091,0.911041259765625,0.9062055042409397,0.16751391026463627,0.0850982666015625,1.9684761741264485,0.0,0.0,,0.9040452992543301,0.911041259765625,0.9923209180305459,0.09056528079270332,0.0850982666015625,1.0642435434876465
Batch_2/rxax5ozo,Batch_2,512,2816,1,2,0.8513707518577576,False,0.7544974684715271,0.053091347217559814,0.03859480119340354,-0.1541208791208791,-0.06928575687294838,-0.027060439560439555,-0.6293032553870529,0.01282051282051282,-0.6713646554900436,0.012133699633699634,-0.618210138876374,0.032606823931389944,0.0250091552734375,1.3037954930857665,0.939943612691635,0.9332122802734375,1.0072130774106671,0.02454997603449222,0.0387115478515625,0.6341770711062208,0.0015763993274094986,0.0250091552734375,0.0630328897627266,0.9869825401136242,0.9332122802734375,1.0576184657840462,0.010756340066787051,0.0387115478515625,0.27785869239927324
Batch_2/rxax5ozo,Batch_2,512,3072,1,2,0.8811637759208679,False,1.2198758125305176,0.05419975519180298,0.4504522554413891,-0.11588827838827838,-0.2334866495651786,0.08722527472527472,0.05879276441269641,0.059340659340659324,-0.03015782695737606,0.04354395604395604,-0.06705328625718045,0.12396072498387385,0.0675201416015625,1.835907361026702,0.8375534761038618,0.8972930908203125,0.9334224064270502,0.0320993835127062,0.03045654296875,1.0539404799041652,0.10525728187384586,0.0675201416015625,1.5589019717252797,0.860250072589543,0.8972930908203125,0.9587169247041627,0.029855917786098137,0.03045654296875,0.9802792725599837
Batch_2/rxax5ozo,Batch_2,768,0,1,2,0.8826913833618164,False,0.6945831179618835,0.02504962682723999,-0.1579662056640234,-0.19716117216117213,0.08621810785473005,-0.3220238095238095,0.3523968366425473,-0.27582417582417584,0.2792827698849647,-0.23946886446886445,0.16634723548234034,0.011192124882919619,0.015167236328125,0.7379145838300002,0.9643366836376523,0.9553985595703125,1.0093553878408188,0.021005398522981306,0.02447509765625,0.8582355346646526,0.029907548453091244,0.015167236328125,1.9718522086738308,0.9328628097515784,0.9553985595703125,0.9764122003398567,0.028861946210455992,0.02447509765625,1.179237223720975
Batch_2/rxax5ozo,Batch_2,768,256,1,2,0.7833276987075806,False,1.5589057207107544,0.09119927883148193,0.21897305112892035,0.05151098901098901,0.29223326581114606,-0.23983516483516484,0.3541179573946828,-0.19349816849816848,0.34424224971468514,-0.16089743589743588,0.3004707135722655,0.01797576583217981,0.0202484130859375,0.8877617103072615,0.942734709827811,0.9317626953125,1.01177554603818,0.025683656857488645,0.031219482421875,0.8226804182856187,0.03442330512920816,0.0202484130859375,1.7000495289734634,0.9029595260923631,0.9317626953125,0.9690874410780346,0.030476116262001935,0.031219482421875,0.9761890299836553
Batch_2/rxax5ozo,Batch_2,768,512,1,0,0.8992373943328857,False,6.522861480712891,0.27833396196365356,0.11691956278359149,0.048855311355311355,-0.4501116880285845,-0.019917582417582416,-0.33326083409677565,-0.02138278388278388,-0.3289092734838702,-0.0017857142857142859,-0.3513541650662247,0.03730358223844118,0.0298919677734375,1.2479466899328642,0.9261043856664262,0.9316558837890625,0.9940412568425391,0.02448967052410249,0.0281524658203125,0.8698943346707755,0.004996239856976975,0.0298919677734375,0.16714322371967485,0.9600827019202001,0.9316558837890625,1.0305121436205877,0.029001903742531615,0.0281524658203125,1.0301727716371556
Batch_2/rxax5ozo,Batch_2,768,768,1,1,0.45447590947151184,True,2.8403820991516113,0.29938387870788574,-0.2438398894051366,-0.1310897435897436,0.38921127787961945,0.12934981684981686,-0.0817929395414178,0.20966117216117217,-0.15554669659491194,0.12751831501831498,-0.0706758986152605,0.06042943351060075,0.0966033935546875,0.6255415186464588,0.889022011306741,0.8458251953125,1.0510706186498517,0.03904323336107207,0.0423583984375,0.9217353535847331,0.1798378391979072,0.0966033935546875,1.861609955721694,0.7627300030096482,0.8458251953125,0.9017584333460872,0.033313333306027496,0.0423583984375,0.7864634767809142
Batch_2/rxax5ozo,Batch_2,768,1024,1,2,0.5324705243110657,False,4.412658214569092,0.398122638463974,-0.01470153020616369,0.13402014652014652,0.03789985031100781,0.08992673992673991,-0.16762059636633875,-0.009615384615384614,-0.20139938781640618,0.05444139194139194,-0.20910900916861488,0.17541926358739623,0.074676513671875,2.3490553450068656,0.7993747244128413,0.9102630615234375,0.8781799000774447,0.0060199499013330144,0.005523681640625,1.089843747883316,0.05152153657919143,0.074676513671875,0.6899295915925397,0.9361146397426636,0.9102630615234375,1.0284001178472082,0.0042888716289489065,0.005523681640625,0.7764516328033025
Batch_2/rxax5ozo,Batch_2,768,1280,1,2,0.7321963310241699,False,1.092254877090454,0.11174643039703369,0.45146452919214275,0.020787545787545787,-0.20967973413065866,-0.13612637362637361,-0.23243514134287113,-0.12170329670329669,-0.16650633313588695,-0.04299450549450549,-0.20415702200765443,0.20789962979510834,0.1771697998046875,1.1734484659591957,0.7572462871279761,0.7810821533203125,0.9694835350020325,0.012267114752792916,0.018157958984375,0.6755778423857449,0.09557627970480476,0.1771697998046875,0.5394614647088178,0.8492583114935964,0.7810821533203125,1.0872842349341525,0.024044231973080376,0.018157958984375,1.3241704088973072
Batch_2/rxax5ozo,Batch_2,768,1536,1,2,0.8950361609458923,False,1.401551604270935,0.07999193668365479,0.1360875504753231,0.05242673992673992,0.20174666805749666,-0.025824175824175823,0.23950760627206827,-0.07632783882783882,0.20142253983247888,-0.0651098901098901,0.2896548730855337,0.23121734491075113,0.1413726806640625,1.63551645073621,0.7200277082268776,0.817138671875,0.8811573029271856,0.022909592827972492,0.0208282470703125,1.0999289930945093,0.21075863188364768,0.1413726806640625,1.4908016944551252,0.7523979991671395,0.817138671875,0.9207714982338223,0.016180378244382947,0.0208282470703125,0.776847815841671
Batch_2/rxax5ozo,Batch_2,768,1792,1,2,0.7880208492279053,False,0.5239254236221313,0.07294750213623047,0.6291897717194693,-0.15073260073260072,-0.3565609760094478,-0.02261904761904762,-0.23889817377653175,0.07275641025641025,-0.16489495234060864,0.044871794871794865,-0.15617231558201708,0.012901673916737376,0.0645294189453125,0.19993476041790037,0.9702000345744785,0.89874267578125,1.0795081403374027,0.013661223908488812,0.0326690673828125,0.41817000003116434,0.009967937659187498,0.0645294189453125,0.15447121362792904,0.9728624632556753,0.89874267578125,1.082470532969846,0.014824880546441425,0.0326690673828125,0.4537895242837857
Batch_2/rxax5ozo,Batch_2,768,2048,1,2,0.81706303358078,False,1.204789161682129,0.057124972343444824,-0.05742773009245371,-0.10709706959706959,0.3129965347094279,-0.25457875457875456,0.04839761652859698,-0.32069597069597067,0.24314943583098747,-0.3433608058608058,0.3298954086491388,0.007456105755469332,0.01055908203125,0.706132004032425,0.90908598044541,0.9116973876953125,0.997135664437403,0.07852550290324081,0.06982421875,1.1246169926282321,0.015740578071584018,0.01055908203125,1.4907146307793788,0.954822302121836,0.9116973876953125,1.0473017856676539,0.02247147494210361,0.06982421875,0.32182923553446285
Batch_2/rxax5ozo,Batch_2,768,2304,1,2,0.7468811273574829,False,0.7477229833602905,0.06506699323654175,0.06837444843596853,0.0989010989010989,-0.007594603831662612,-0.13447802197802194,-0.09366678059050552,-0.06323260073260073,-0.024141634604285082,0.026968864468864463,0.11861390347996696,0.0996148987757613,0.084625244140625,1.1771298244082748,0.8609284431813163,0.8592529296875,1.0019499654128916,0.03269458545166721,0.045623779296875,0.7166128268095191,0.08081678312196224,0.084625244140625,0.954996159156314,0.8413090982444147,0.8592529296875,0.9791169388859561,0.05503093307996267,0.045623779296875,1.2061897091399443
Batch_2/rxax5ozo,Batch_2,768,2560,1,2,0.8349583148956299,False,0.12398117780685425,0.02780330181121826,0.19016111947862904,0.23324175824175822,-0.14569295577399977,0.25467032967032965,0.13769971147172133,0.19757326007326007,-0.05025637509593433,0.19743589743589743,-0.08029994850794626,0.22362490870628896,0.1936492919921875,1.1547933194370303,0.6576288111672731,0.7733154296875,0.8504017712837098,0.11652188316427531,0.02838134765625,4.105579642502122,0.2284117626443421,0.1936492919921875,1.1795125109652198,0.7015913448027201,0.7733154296875,0.9072511912587029,0.06416465183597007,0.02838134765625,2.260803560603298
Batch_2/rxax5ozo,Batch_2,768,2816,1,2,0.8159252405166626,False,1.5662169456481934,0.11983811855316162,0.4857860605301451,-0.3403846153846154,-0.20388223720251858,0.30288461538461536,0.09794297452553545,0.15517399267399265,0.017055666635168748,0.027380952380952377,0.08116463580313367,0.03249085500299355,0.018829345703125,1.7255434955236508,0.9162243002049499,0.955322265625,0.9590735327471186,0.04892901803210982,0.0241851806640625,2.023099132966782,0.002239623480590147,0.018829345703125,0.11894324507613929,0.9494326463319925,0.955322265625,0.9938349397842682,0.04632646423506216,0.0241851806640625,1.9154896909205261
Batch_2/rxax5ozo,Batch_2,768,3072,1,0,0.740725040435791,False,7.172896385192871,0.5862653851509094,-0.38493499527911856,0.2864272713932092,-0.3224413881522128,0.1456501831501831,-0.021111438494409256,0.18438644688644687,-0.018205128128989476,0.27971611721611717,-0.20625503401311066,0.009701167682217208,0.005706787109375,1.699935094175901,0.9390614947517949,0.953277587890625,0.9850871421720017,0.045615081731468506,0.03741455078125,1.219180259524274,0.0007722994788576525,0.005706787109375,0.13532999638078907,0.9473393097700954,0.953277587890625,0.993770672681323,0.04934686634832989,0.03741455078125,1.3189217916003864
Batch_3/kbdh4tri,Batch_3,0,0,2,2,0.7447742223739624,True,1.6301127672195435,0.11849325895309448,0.12685289793977064,-0.17298534798534798,-0.058202282091741636,-0.27880036630036625,-0.38164034951654874,-0.2711080586080586,-0.4244232844349148,-0.13585164835164834,-0.3383971355780819,0.02263148450244261,0.0370635986328125,0.6106121730556109,0.9613525810312749,0.9358673095703125,1.0272317145821275,0.01379651496039898,0.0226593017578125,0.6088676124206784,0.026913237859025482,0.0370635986328125,0.726136663783077,0.9521331010764271,0.9358673095703125,1.0173804462873939,0.0158820479152756,0.0226593017578125,0.7009063246973076
Batch_3/kbdh4tri,Batch_3,0,256,2,2,0.8317735195159912,True,1.176668643951416,0.039737164974212646,-0.3772852539206984,-0.04954212454212454,0.260274964689279,-0.3346153846153846,0.2537924001889234,-0.3456959706959707,0.30669475691504,-0.29464285714285715,0.33989474796328994,0.03720342196038239,0.0311431884765625,1.1945925828493975,0.9497774864828006,0.950958251953125,0.9987583414225606,0.008531464471538054,0.0133819580078125,0.6375348410566909,0.05278470720373447,0.0311431884765625,1.6949037586006575,0.9249749642951441,0.950958251953125,0.9726767314920344,0.013277152517270182,0.0133819580078125,0.9921681497968285
Batch_3/kbdh4tri,Batch_3,0,512,2,2,0.8707402348518372,True,0.3389710783958435,0.013226807117462158,-0.14170801833343447,-0.04088827838827838,0.23834597425057655,0.24597069597069593,-0.07442551206780378,0.19345238095238093,-0.04345712562225322,0.13695054945054944,0.05401034064610899,0.059336417438675786,0.04693603515625,1.2641974815543096,0.910445798287427,0.9254302978515625,0.9838080732833981,0.02107772814885527,0.0168914794921875,1.2478319710599628,0.04849664059265037,0.04693603515625,1.033249622197638,0.9224849394569462,0.9254302978515625,0.996817309308487,0.012066531422713626,0.0168914794921875,0.714356100559133
Batch_3/kbdh4tri,Batch_3,0,768,2,2,0.8838934302330017,True,0.5194957256317139,0.026373624801635742,-0.2496826157172513,-0.1998168498168498,0.007327341435777585,-0.22939560439560436,0.09788222144397228,-0.30228937728937727,0.1463164091735461,-0.37692307692307686,0.15507235176975834,0.029460637690157724,0.0348968505859375,0.8442205298041874,0.9361802493432168,0.929473876953125,1.007215234937076,0.027404579281965984,0.0291900634765625,0.9388324661907594,0.019647116537570234,0.0348968505859375,0.5630054348081341,0.9484603009080912,0.929473876953125,1.0204270657043153,0.025832339521342076,0.0291900634765625,0.8849703099167142
Batch_3/kbdh4tri,Batch_3,0,1024,2,2,0.8475930690765381,True,1.4211268424987793,0.10562378168106079,0.24300180523483494,0.20572344322344321,-0.1121900482068112,0.3059523809523809,0.3396967525212792,0.1850274725274725,0.34208768797486694,0.27202380952380945,0.1847457433176096,0.21070209721534172,0.1210784912109375,1.7402107930818695,0.6661154965017573,0.80322265625,0.8293036698088747,0.07535568190419713,0.0496063232421875,1.519074121585193,0.05783725736381903,0.1210784912109375,0.4776839947820093,0.8264865001906243,0.80322265625,1.028963132152218,0.08192713417990431,0.0496063232421875,1.6515461905918822
Batch_3/kbdh4tri,Batch_3,0,1280,2,2,0.8741753697395325,True,1.4646146297454834,0.05204063653945923,-0.0813999407146771,-0.16625457875457875,0.40541867073459714,-0.3206043956043956,0.2423397835101626,-0.3951923076923077,0.31981039261079214,-0.39038461538461533,0.29160755682475864,0.11490346975106165,0.1183013916015625,0.9712774143693508,0.8441333759481018,0.8351593017578125,1.0107453442372023,0.019098878757126115,0.0207977294921875,0.9183155672978849,0.1816981865165215,0.1183013916015625,1.5358922161159232,0.7483149510614978,0.8351593017578125,0.8960146279715404,0.01297466707480073,0.0207977294921875,0.6238501697829352
Batch_3/kbdh4tri,Batch_3,0,1536,2,2,0.814892053604126,True,0.6182130575180054,0.03972285985946655,-0.1888613723382732,0.31405677655677655,0.2280873140578901,-0.20027472527472526,0.4150796856436404,0.03063186813186813,0.3172917203449719,0.27499999999999997,0.24250861616069044,0.4010304094969415,0.278106689453125,1.4420020255015669,0.49588677017294924,0.655487060546875,0.7565164898285396,0.02106556422233889,0.0272216796875,0.7738524758269066,0.36426785654456073,0.278106689453125,1.3098133570999853,0.5661985899750169,0.655487060546875,0.8637830157968879,0.015956443567955912,0.0272216796875,0.5861667520569275
Batch_3/kbdh4tri,Batch_3,0,1792,2,1,0.45543909072875977,False,1.4851596355438232,0.13831812143325806,-0.19798784736824962,0.21588827838827834,0.06662433600478257,0.3882783882783883,-0.35620340305662557,0.36373626373626367,-0.31643111137675195,0.3254578754578754,-0.1602846344462885,0.0024669887811418073,0.003936767578125,0.6266533982980987,0.9739607323519894,0.9769287109375,0.9969619292049853,0.021685017362448645,0.01763916015625,1.2293679047278845,0.007286252019242082,0.003936767578125,1.850820978035074,0.9851709194427201,0.9769287109375,1.0084368576877125,0.005580702855041182,0.01763916015625,0.3163814379826807
Batch_3/kbdh4tri,Batch_3,0,2048,2,2,0.8301664590835571,True,0.29659003019332886,0.02838951349258423,-0.1649640008041139,-0.04065934065934066,0.2340979096232487,0.01108058608058608,0.14982082104279879,-0.005311355311355311,0.03337022895730541,0.04587912087912087,0.11127245310935978,0.2563749070465417,0.1154632568359375,2.220402525201818,0.6993440173977308,0.8577728271484375,0.8153021350916603,0.027020100402893172,0.0128936767578125,2.095608639057996,0.2456819946201721,0.1154632568359375,2.127793735883124,0.7255316315786466,0.8577728271484375,0.8458319133174097,0.010531294959352455,0.0128936767578125,0.8167798182912692
Batch_3/kbdh4tri,Batch_3,0,2304,2,2,0.6431770324707031,True,0.5380154848098755,0.10836911201477051,-0.1210913571044172,-0.20238095238095236,0.3414491996806493,-0.5571886446886446,0.220541244858859,-0.5146978021978021,0.3064652142695663,-0.4271520146520146,0.3536913020459955,2.6912095600587887e-05,0.0271453857421875,0.0009914059006633658,0.9997442649704013,0.9130401611328125,1.094961982537564,0.00022382847634546123,0.0460662841796875,0.004858835053254769,0.05895049721702947,0.0271453857421875,2.1716581144548868,0.8834384402078282,0.9130401611328125,0.9675789497712156,0.024318823029767414,0.0460662841796875,0.5279093693537056
Batch_3/kbdh4tri,Batch_3,0,2560,2,1,0.5742380023002625,False,3.4675700664520264,0.2637908160686493,-0.1770517534327196,-0.06753663003663002,0.1507887326164916,0.4241758241758241,-0.15521559988071168,0.25897435897435894,-0.0980562567592792,0.12738095238095237,0.04761749451047102,0.01679388611905951,0.0085296630859375,1.968880359031635,0.8735184455531073,0.9457855224609375,0.9235904174978372,0.10087592216702537,0.041351318359375,2.4394850314163006,0.02000359256762847,0.0085296630859375,2.345179682490339,0.9665795720648508,0.9457855224609375,1.0219860096291251,0.010301449903084257,0.041351318359375,0.2491202290953985
Batch_3/kbdh4tri,Batch_3,0,2816,2,2,0.8301749229431152,True,0.4406123757362366,0.02062326669692993,0.0977105208675067,0.12138278388278387,0.3824353954969409,-0.20128205128205123,0.2703232534296395,-0.10338827838827838,0.366517814170852,-0.05796703296703297,0.3693889507736819,0.06205546130960297,0.087005615234375,0.7132351301974992,0.9004556027453756,0.864715576171875,1.041331540171536,0.03197138128388289,0.043212890625,0.7398575013490639,0.09553296239798972,0.087005615234375,1.098009158841574,0.8783135675787067,0.864715576171875,1.015725392003496,0.022128477374216814,0.043212890625,0.5120804707615372
Batch_3/kbdh4tri,Batch_3,0,3072,2,2,0.8340126872062683,True,0.5502502918243408,0.01810222864151001,-0.09122730178397148,-0.13159340659340657,0.04181634897615443,-0.055448717948717946,0.23538669087953082,-0.20457875457875452,0.24072592751269972,-0.23049450549450548,0.1810277386056306,0.07587915332111206,0.0674896240234375,1.1243084313932625,0.906302993908429,0.9116668701171875,0.9941164076653691,0.010478898546821389,0.0101470947265625,1.0326993912247917,0.08979050492219104,0.0674896240234375,1.330434214465456,0.8780225003918891,0.9116668701171875,0.9630957635644107,0.012529495789014284,0.0101470947265625,1.2347865203441204
Batch_3/kbdh4tri,Batch_3,256,0,2,2,0.8487769961357117,True,0.5376348495483398,0.021318554878234863,0.0004123523252765479,-0.07994505494505494,-0.1812975723465889,-0.4162545787545787,-0.04164758485293134,-0.3516483516483516,-0.03147622749610982,-0.31346153846153846,-0.08095850652929558,0.016796774900670285,0.0262298583984375,0.640368493246264,0.9567900237862395,0.9371795654296875,1.0209249743378268,0.02213536900005586,0.0304107666015625,0.7278793491157355,0.007307168780177904,0.0262298583984375,0.27858209027209957,0.9593915118112913,0.9371795654296875,1.0237008436813493,0.028169326508414576,0.0304107666015625,0.9262945218542186
Batch_3/kbdh4tri,Batch_3,256,256,2,2,0.8528211116790771,True,0.23334109783172607,0.017392396926879883,0.14046406941592865,-0.1251616891300995,-0.23142408895677072,-0.30489926739926737,-0.30580772236892706,-0.32857142857142857,-0.24893354524267355,-0.29299450549450545,-0.23869711142576108,0.08185084060600695,0.1219329833984375,0.6712772731767327,0.8958042505771563,0.8436279296875,1.0618475503875076,0.0045859369749036765,0.0106201171875,0.43181604251047034,0.05355311032800246,0.1219329833984375,0.4392011811357739,0.9107685588867845,0.8436279296875,1.0795855931703862,0.010111828671272239,0.0106201171875,0.952139085920255
Batch_3/kbdh4tri,Batch_3,256,512,2,2,0.7850866317749023,True,1.5640122890472412,0.1131744384765625,0.039185272355422296,-0.2278388278388278,0.13264651105074077,-0.4561355311355311,-0.14920722697586353,-0.4977564102564102,-0.2751467629223937,-0.45471611721611715,-0.3185583483571816,0.04427695570072965,0.06658935546875,0.6649254282316723,0.9175127813824518,0.883880615234375,1.0380505755736693,0.027867987863478525,0.0307464599609375,0.9063803735091457,0.10006486453326917,0.06658935546875,1.5027156191687279,0.8524566278801102,0.883880615234375,0.9644477016322706,0.02011239504156276,0.0307464599609375,0.6541369337190357
Batch_3/kbdh4tri,Batch_3,256,768,2,2,0.8189446926116943,True,1.0491139888763428,0.06050080060958862,0.041432524603309935,-0.06735347985347985,0.31754109561596106,-0.2649267399267399,0.07683343868206188,-0.2948260073260073,0.15450202343675487,-0.26451465201465196,0.15143982117044083,0.0022194155601336367,0.0068359375,0.3246687905109777,0.9808246227571821,0.9733428955078125,1.0076866305634935,0.015184859011802023,0.0171051025390625,0.8877385550378746,0.008484850832624197,0.0068359375,1.2412124646581684,0.9763044620783731,0.9733428955078125,1.003042675489007,0.010858558018748058,0.0171051025390625,0.6348139681683075
Batch_3/kbdh4tri,Batch_3,256,1024,2,2,0.8608928322792053,True,1.2584025859832764,0.04784899950027466,-0.20360571160817628,-0.20320512820512818,0.27308177661862715,-0.5548076923076922,0.3830990061004704,-0.6113553113553112,0.5326190663023043,-0.5076465201465201,0.5474095537389363,0.005453965440815611,0.01483154296875,0.36772744766388055,0.9581558857133642,0.9381866455078125,1.0212849333351393,0.03289612747589112,0.0411529541015625,0.7993624806303302,0.024765284816076927,0.01483154296875,1.6697713021670961,0.9479992949677216,0.9381866455078125,1.0104591655689128,0.022772836854069094,0.0411529541015625,0.5533706474112985
Batch_3/kbdh4tri,Batch_3,256,1280,2,2,0.8408575654029846,True,0.23292499780654907,0.012572824954986572,-0.08240107916626926,0.09024725274725273,-0.14216042036342852,-0.1308150183150183,0.2522141139345944,-0.1128205128205128,0.25012624875301664,-0.10224358974358973,0.3162883765070144,0.008397371149743194,0.008697509765625,0.9654914309992456,0.9635923535667348,0.9484710693359375,1.0159427996484747,0.02589650472252538,0.040008544921875,0.6472743453453178,0.014387567456083043,0.008697509765625,1.6542168785997515,0.9250428031104688,0.9484710693359375,0.9752989131846986,0.05606783922439253,0.040008544921875,1.4013966099961055
Batch_3/kbdh4tri,Batch_3,256,1536,2,2,0.844735860824585,True,1.057405948638916,0.06842565536499023,0.05467982013388788,0.015476190476190475,0.21007589392098094,0.28273809523809523,-0.15858534478391323,0.29281135531135527,-0.032216259199763196,0.254532967032967,0.017240551910346732,0.17923671020510087,0.0951690673828125,1.8833504954307345,0.762319380507195,0.8560333251953125,0.8905253546446504,0.03566739067142516,0.0310211181640625,1.1497777250578058,0.13017670398573908,0.0951690673828125,1.3678467969231034,0.8388870509510405,0.8560333251953125,0.9799700855800679,0.014389232523933503,0.0310211181640625,0.4638528001419115
Batch_3/kbdh4tri,Batch_3,256,1792,2,2,0.8249022960662842,True,0.3101411461830139,0.019410312175750732,-0.07200810599897356,0.0809065934065934,-0.07161763142098869,-0.03516483516483516,-0.407632490323376,0.03324175824175824,-0.42844248842068694,0.12275641025641024,-0.37074412725021766,0.0912510632607029,0.058258056640625,1.5663252178767484,0.9001995160044933,0.9207611083984375,0.9776689173702082,0.007584211346867577,0.01690673828125,0.44859104226382085,0.032189188382019666,0.058258056640625,0.5525276715044632,0.9588769272978661,0.9207611083984375,1.0413959913725361,0.0053361100897500935,0.01690673828125,0.3156203166442799
Batch_3/kbdh4tri,Batch_3,256,2048,2,2,0.8423593044281006,True,0.6361432671546936,0.025281786918640137,-0.14401349122728074,-0.3368131868131868,0.18602711386978907,-0.3155677655677655,0.03599174756535851,-0.3159340659340659,0.07342502507196523,-0.30416666666666664,0.056707927850070686,0.015281153069597573,0.0142059326171875,1.075688128430877,0.9756035424823362,0.9743804931640625,1.001255207105288,0.008388788562041232,0.010467529296875,0.8014105644343065,0.014478358155901086,0.0142059326171875,1.0191768851827427,0.9755740974149819,0.9743804931640625,1.0012249878351356,0.00915398296557279,0.010467529296875,0.8745122851775194
Batch_3/kbdh4tri,Batch_3,256,2304,2,2,0.8476168513298035,True,0.22565817832946777,0.02099907398223877,-0.032937727416684194,0.10128205128205126,0.24354651094035712,0.0030677655677655677,0.022271959137604706,0.0673076923076923,0.1412239468694461,0.04839743589743589,0.19053878945013625,0.10521014817527603,0.0638580322265625,1.647563266622435,0.8518034198216977,0.8787078857421875,0.9693817861919319,0.023894855721649066,0.0439453125,0.5437407168659699,0.08954885569251105,0.0638580322265625,1.4023115428110882,0.8862452285080541,0.8787078857421875,1.0085777570546102,0.017494235714055683,0.0439453125,0.3980910526931782
Batch_3/kbdh4tri,Batch_3,256,2560,2,2,0.8119919896125793,True,0.6159189939498901,0.04678547382354736,-0.1282415278458784,0.03612637362637362,0.21868265542525567,-0.089010989010989,0.29001714864662603,-0.10041208791208792,0.3411669621140395,-0.07756410256410255,0.29712766083267905,0.08977496770709344,0.0761566162109375,1.17882033333041,0.8695136785419879,0.894683837890625,0.971866978833573,0.024841317797137132,0.01617431640625,1.5358496256162066,0.07213505122283789,0.0761566162109375,0.9471934916729922,0.9030348562293096,0.894683837890625,1.0093340440332237,0.00857631397159126,0.01617431640625,0.5302427475869856
Batch_3/kbdh4tri,Batch_3,256,2816,2,2,0.8418296575546265,True,0.40576040744781494,0.01757669448852539,0.17433212095933986,0.16117216117216115,-0.13022595485372934,-0.413507326007326,-0.13415528646777689,-0.2998168498168498,-0.13331826908253597,-0.13754578754578753,-0.10281363548709001,0.10988094044558218,0.0852508544921875,1.2889130683804677,0.8633284237073926,0.87286376953125,0.9890757914846459,0.01971791258067364,0.0318450927734375,0.6191821365055236,0.0302218111274477,0.0852508544921875,0.3545044950865245,0.9427722030883309,0.87286376953125,1.0800908870288242,0.017085554515672008,0.0318450927734375,0.5365207957542313
Batch_3/kbdh4tri,Batch_3,256,3072,2,2,0.8319600820541382,True,0.5493934154510498,0.018151581287384033,0.18131614707808807,0.20947802197802196,-0.1796086649091165,-0.2173534798534798,-0.4388229174256908,-0.17765567765567764,-0.3456497687999185,-0.07719780219780219,-0.2821268172975035,0.07135392723240001,0.0569305419921875,1.2533505695798894,0.8743247988610172,0.873077392578125,1.0014287465160547,0.043489393781432205,0.0586395263671875,0.7416395812802344,0.016404227838366574,0.0569305419921875,0.288144592767406,0.9589830836676787,0.873077392578125,1.0983941307148972,0.02007214114697569,0.0586395263671875,0.3422971226146757
Batch_3/kbdh4tri,Batch_3,512,0,2,2,0.8353480100631714,True,0.9937530159950256,0.06008869409561157,0.011520977100279222,-0.055265567765567764,-0.06788159707484517,-0.3092032967032967,-0.38304944663008356,-0.29423076923076924,-0.06318103841793124,-0.31423992673992673,0.008755942596212209,0.045768885473771684,0.0648040771484375,0.7062655235246295,0.9191913060230714,0.8953399658203125,1.0266394231390155,0.02595776214761164,0.02911376953125,0.8915974319213189,0.007424287396655964,0.0648040771484375,0.11456512804973988,0.976531603809803,0.8953399658203125,1.0906824682120635,0.011350769254824986,0.02911376953125,0.38987631754937646
Batch_3/kbdh4tri,Batch_3,512,256,2,2,0.8100300431251526,True,0.609140157699585,0.023875534534454346,-0.26305320661800285,0.03983516483516483,-0.0343575918518849,-0.2469322344322344,0.05380528535295183,-0.27797619047619043,0.13347137265910813,-0.17513736263736263,0.1435888036828775,0.10077826724584599,0.1001739501953125,1.0060326766525152,0.8579341951418349,0.8480682373046875,1.0116334481155704,0.032609625558120664,0.0385589599609375,0.8457081205290842,0.05902737406290124,0.1001739501953125,0.5892487412926574,0.896967312196872,0.8480682373046875,1.0576593636469567,0.03333298905427368,0.0385589599609375,0.8644680532888327
Batch_3/kbdh4tri,Batch_3,512,512,2,2,0.8476055264472961,True,0.36493372917175293,0.018588364124298096,-0.2779042600418036,0.01616300366300366,-0.21809623596107006,0.06584249084249083,-0.398927827288504,0.04839743589743589,-0.4408534367617652,0.06126373626373626,-0.3929977878638325,0.1346070346102899,0.0727691650390625,1.8497812162340026,0.8200258458911114,0.8913116455078125,0.9200214650218252,0.0155389763824159,0.01617431640625,0.9607192039603853,0.01284342599287521,0.0727691650390625,0.17649544262299638,0.973595646188651,0.8913116455078125,1.092317879044381,0.010338122425075353,0.01617431640625,0.6391690483488097
Batch_3/kbdh4tri,Batch_3,512,768,2,2,0.7452642917633057,True,1.2467660903930664,0.11922776699066162,0.10625541179026142,0.017628205128205125,-0.531783365873418,0.07655677655677655,-0.24380979694737484,-0.038782051282051276,-0.2358929978016417,-0.0472069597069597,-0.3684303416396567,0.17041315287547995,0.1030731201171875,1.653322929215019,0.7259452121341267,0.8161468505859375,0.8894786662632439,0.08177450329014642,0.0667572021484375,1.2249540223138367,0.023385637331668638,0.1030731201171875,0.2268839567976663,0.8852574843476976,0.8161468505859375,1.0846791649225178,0.07832298838599114,0.0667572021484375,1.1732515124261291
Batch_3/kbdh4tri,Batch_3,512,1024,2,2,0.8303691744804382,True,0.5275111794471741,0.0225982666015625,-0.12341092118130234,0.21714992160215726,0.03901123962233998,-0.3704670329670329,0.12636908558415003,-0.31753663003663,0.1833599716577627,-0.26964285714285713,0.15262279465942333,0.03698049571242492,0.0265655517578125,1.3920469655424925,0.9330807861786864,0.921783447265625,1.0122559576726766,0.02468343768418276,0.04638671875,0.5321229513390137,0.020457322939309568,0.0265655517578125,0.7700695670020631,0.9215126642472171,0.921783447265625,0.9997062400944483,0.053113142930238055,0.04638671875,1.1450075444329215
Batch_3/kbdh4tri,Batch_3,512,1280,2,2,0.8342508673667908,True,0.3071984648704529,0.02001112699508667,-0.239921176861943,0.02138278388278388,0.03177185381594531,0.053113553113553105,0.09324648268992343,0.09926739926739926,0.05158903036395172,0.18997252747252744,-0.0330133010706928,0.11444115959317012,0.044647216796875,2.563231659295283,0.8657207889489381,0.923614501953125,0.9373183152908906,0.016520862959941606,0.0235595703125,0.7012378723722364,0.004235167095470158,0.044647216796875,0.09485847941515115,0.9754422737636694,0.923614501953125,1.0561140732426209,0.016998602021645205,0.0235595703125,0.7215157915094171
Batch_3/kbdh4tri,Batch_3,512,1536,2,2,0.8340631723403931,True,0.7717276811599731,0.028175950050354004,0.04151716761308894,0.0018315018315018315,0.08296529337316276,-0.4995421245421245,0.3002400048117285,-0.5449633699633699,0.15407840197873085,-0.46336996336996333,0.11216999719855628,0.0067595975515202696,0.00726318359375,0.9306659351605723,0.956745552627821,0.9348907470703125,1.0233768551309288,0.03309455040321263,0.0529937744140625,0.6244988353656616,0.02328115882317476,0.00726318359375,3.20536559797391,0.9299278152063809,0.9348907470703125,0.9946914311864953,0.039811120847591135,0.0529937744140625,0.751241467281236
Batch_3/kbdh4tri,Batch_3,512,1792,2,2,0.8685784935951233,True,0.5169193148612976,0.017225682735443115,-0.28109833854340077,-0.17280219780219777,0.1155549001290903,-0.39597069597069595,0.24387431538310428,-0.4055860805860806,0.301558763515956,-0.29468864468864464,0.1903284532106103,0.005677472189370325,0.011138916015625,0.5096970101405118,0.9454467603086656,0.9392547607421875,1.0065924601346554,0.03474665586287766,0.0375213623046875,0.9260499547090485,0.00960209287969099,0.011138916015625,0.8620311766622311,0.9615120009203529,0.9392547607421875,1.0236967020114736,0.024181134374609975,0.0375213623046875,0.6444631241864333
Batch_3/kbdh4tri,Batch_3,512,2048,2,2,0.8741891384124756,True,0.32832974195480347,0.0200842022895813,-0.051289984272953094,0.0282051282051282,-0.09709035536129544,-0.1975274725274725,-0.24944434805386054,-0.2034340659340659,-0.23635196514495627,-0.1671245421245421,-0.12612328868911124,0.12004250820168884,0.0875396728515625,1.371292629859836,0.8557942977631107,0.8801116943359375,0.9723701017389903,0.007433756420319527,0.01922607421875,0.3866497307635401,0.07912652145319807,0.0875396728515625,0.9038932734803536,0.905348661169658,0.8801116943359375,1.0286747318506684,0.005831317723335965,0.01922607421875,0.30330257009249667
Batch_3/kbdh4tri,Batch_3,512,2304,2,2,0.8732948899269104,True,0.23178911209106445,0.0242464542388916,0.11314575124432018,0.11437728937728937,-0.2630420510048629,-0.2905677655677655,-0.34791284898451436,-0.23878205128205127,-0.3836757265093634,-0.18933150183150182,-0.375108254886519,0.04020676278445499,0.0376434326171875,1.0680950165553473,0.940801279986257,0.933837890625,1.0074567432218846,0.012395276620870112,0.0199127197265625,0.6224803437742097,0.022568238102277975,0.0376434326171875,0.5995265716541911,0.9654873417067341,0.933837890625,1.033891804347917,0.0066290210134366005,0.0199127197265625,0.33290384761423836
Batch_3/kbdh4tri,Batch_3,512,2560,2,2,0.8109397888183594,True,0.5156066417694092,0.030553340911865234,-0.04853126622067435,-0.20645604395604392,0.23096428608653627,-0.25943223443223445,0.17876765654709206,-0.3689560439560439,0.31123110306719265,-0.38740842490842486,0.34737436921050563,0.016161075336841715,0.031707763671875,0.509688273953445,0.9394842556633196,0.9239501953125,1.0168126598485816,0.036711574586116874,0.0355224609375,1.0334749794139844,0.02724487448307217,0.031707763671875,0.8592493234468805,0.9513868598413051,0.9239501953125,1.0296949604729781,0.01476332112514588,0.0355224609375,0.4156052462446565
Batch_3/kbdh4tri,Batch_3,512,2816,2,2,0.8205910921096802,True,0.13334959745407104,0.009792029857635498,-0.16574497380816366,-0.2870421245421245,-0.1135132567294824,-0.4963827838827838,0.03369565917081155,-0.4959706959706959,0.021062658118360045,-0.48672161172161177,-0.03383347372774738,0.10394893319658782,0.1489715576171875,0.6977770445530657,0.8943666119534059,0.8404693603515625,1.0641275626981792,0.0006279715437272721,0.003997802734375,0.15707917209813171,0.12022849401766078,0.1489715576171875,0.8070567022371624,0.8718109125094432,0.8404693603515625,1.037290535070512,0.004100321865971425,0.003997802734375,1.0256438694973409
Batch_3/kbdh4tri,Batch_3,512,3072,2,2,0.8625646829605103,True,0.6400243043899536,0.02389073371887207,-0.017734444311687223,0.03823260073260073,-0.09216817598541363,0.11945970695970695,0.3851106353532706,0.09803113553113552,0.4521357218837334,0.09761904761904762,0.35700408784101434,0.14034066859914712,0.12701416015625,1.1049214388892006,0.8064309347208364,0.8244171142578125,0.9781831560433236,0.03416048823886777,0.03033447265625,1.1261276444780877,0.09293827375512133,0.12701416015625,0.7317158468062989,0.838276587224625,0.8244171142578125,1.016811238785708,0.03031026018220039,0.03033447265625,0.9992018165496401
Batch_3/kbdh4tri,Batch_3,768,0,2,2,0.7984836101531982,True,0.9606057405471802,0.050211966037750244,-0.08691504724086634,0.10059523809523808,-0.06261374703451417,-0.16886446886446885,-0.012541124681160944,-0.11584249084249083,0.08227529049069324,-0.09665750915750915,0.04132139798792772,0.069623288355846,0.0837249755859375,0.8315713186966873,0.8918816725778497,0.8633270263671875,1.0330751214065634,0.03137836901217297,0.0438232421875,0.7160211669852952,0.035288711078348994,0.0837249755859375,0.4214836831111135,0.89072495710056,0.8633270263671875,1.0317352867414111,0.05817070843906589,0.0438232421875,1.327393993127654
Batch_3/kbdh4tri,Batch_3,768,256,2,2,0.8191916942596436,True,0.38008296489715576,0.02516460418701172,-0.011743813675029463,-0.09345238095238093,-0.25499214184629404,-0.24812271062271057,-0.06369642690538442,-0.2541208791208791,0.013028293295735812,-0.10260989010989009,-0.09408813221673996,0.2041906033865582,0.1797943115234375,1.1356900096360416,0.7459679033203969,0.776580810546875,0.9605798819508298,0.020501349896070394,0.02001953125,1.024067428954931,0.14170176318444186,0.1797943115234375,0.7881326276886685,0.8042046506366246,0.776580810546875,1.0355711082666292,0.023687384887405773,0.02001953125,1.183213762180659
Batch_3/kbdh4tri,Batch_3,768,512,2,2,0.8255048990249634,True,0.9756333827972412,0.03956925868988037,-0.03401119887924431,-0.15673076923076923,-0.07000676892783396,-0.2738553113553113,-0.10281811547212527,-0.403021978021978,-0.14483602127884435,-0.34674908424908424,-0.1455974660298722,0.12039763702197907,0.1266021728515625,0.950991869334991,0.8463691222963567,0.823486328125,1.0277877038025132,0.022403509924234663,0.0356903076171875,0.6277197205620534,0.04295529784115263,0.1266021728515625,0.33929352769890064,0.9283002149738858,0.823486328125,1.127280664255273,0.022889314775526762,0.0356903076171875,0.641331395095734
Batch_3/kbdh4tri,Batch_3,768,768,2,2,0.8005965352058411,True,1.2436590194702148,0.05030328035354614,0.1105740287632091,-0.2872547449183417,-0.07240958801500487,-0.2510531135531135,0.27833353722598403,-0.39629120879120877,0.28023200254394537,-0.3663003663003662,0.24599017077242397,0.010154961243112564,0.0142364501953125,0.713307116858119,0.9398467625172355,0.9451141357421875,0.9944267332105708,0.04486600717005218,0.0349273681640625,1.2845516146337002,0.016506840905469982,0.0142364501953125,1.159477305017021,0.9438487215045834,0.9451141357421875,0.9986610990252406,0.03341369914370165,0.0349273681640625,0.9566623796774275
Batch_3/kbdh4tri,Batch_3,768,1024,2,2,0.8411396741867065,True,0.6449621319770813,0.028570592403411865,0.15879967824264055,-0.023305860805860803,-0.011900136261367144,-0.3310897435897435,-0.09520109009093715,-0.38479853479853476,-0.04084015635224055,-0.2937728937728938,-0.08908895784774469,0.08591884649232193,0.08441162109375,1.0178556622778037,0.8678504587655201,0.8673553466796875,1.0005708295772062,0.03853089077277442,0.040740966796875,0.9457529804061964,0.030821090865645186,0.08441162109375,0.3651285269289449,0.9183381659792242,0.8673553466796875,1.058779621863984,0.04256720447208837,0.040740966796875,1.044825585124638
Batch_3/kbdh4tri,Batch_3,768,1280,2,2,0.8767076730728149,True,0.08258914947509766,0.011496901512145996,-0.08707023367712544,-0.007554945054945055,-0.007977999294270578,-0.12129120879120876,0.13860627509528706,0.013278388278388276,0.06171486810395514,-0.0056776556776556774,-0.002659333098090192,0.02210696988821057,0.060699462890625,0.36420371508138966,0.8933155911061093,0.8670654296875,1.0302747180545189,0.06711328540049438,0.057281494140625,1.171639923283644,0.06277376662203375,0.060699462890625,1.0341733457369542,0.857300907503765,0.8670654296875,0.9887384252105931,0.060064382214665035,0.057281494140625,1.0485826725680043
Batch_3/kbdh4tri,Batch_3,768,1536,2,2,0.8514314889907837,True,0.32126128673553467,0.02525961399078369,0.2952217500493802,0.07527472527472527,-0.06688599829952505,0.1523351648351648,0.21972234194136556,0.08008241758241756,0.15090693984473882,0.09908424908424908,0.07756662646205222,0.15644213278801944,0.0862884521484375,1.8130135480805734,0.7984621804425556,0.8756103515625,0.9118921207563663,0.03275255334517896,0.031158447265625,1.051161281111483,0.06404455585965911,0.0862884521484375,0.7422146795435225,0.8770095016509768,0.8756103515625,1.0015979140561553,0.04571330349394401,0.031158447265625,1.467123926434434
Batch_3/kbdh4tri,Batch_3,768,1792,2,2,0.807935893535614,True,0.8385391235351562,0.0664624571800232,0.07480869198052534,0.05347985347985347,0.036553724723120865,-0.2669871794871795,0.1973901135048527,-0.2688186813186813,0.32217855237095333,-0.11945970695970695,0.20355137025063658,0.18365389565062293,0.1710662841796875,1.0735832401533516,0.7075311173595985,0.714263916015625,0.9905737942165915,0.06885876239315304,0.08477783203125,0.8122260353127569,0.18350574046432028,0.1710662841796875,1.0727171712665857,0.7158142336118889,0.714263916015625,1.0021705108735046,0.06159826533369568,0.08477783203125,0.7265845782773722
Batch_3/kbdh4tri,Batch_3,768,2048,2,2,0.8368388414382935,True,0.5185667872428894,0.022269010543823242,-0.17004501978850048,-0.1262362637362637,-0.00793388768999552,-0.02129120879120879,0.342363492774719,-0.03365384615384615,0.43070338845747613,-0.05718864468864469,0.32111366492666077,0.13207456154186328,0.126129150390625,1.0471374867175844,0.8368018453949032,0.8361358642578125,1.0007964987097901,0.025584826172458695,0.0304718017578125,0.8396230185469469,0.05896567930505723,0.126129150390625,0.46750239038667196,0.9078078325695903,0.8361358642578125,1.0857180888603513,0.023620560497182926,0.0304718017578125,0.7751612682741013
Batch_3/kbdh4tri,Batch_3,768,2304,2,2,0.7642151713371277,True,1.2212103605270386,0.10270339250564575,-0.07798211972494343,0.0008241758241758241,0.24354880862217723,-0.4403846153846153,0.24612961222667,-0.3814102564102564,0.21202115377810354,-0.2623626373626373,0.19821036692162872,0.09278751987806792,0.11785888671875,0.7872763985925763,0.8679178231492045,0.797271728515625,1.0886098078068185,0.022589575367825125,0.0626068115234375,0.3608165759945863,0.12669521310314594,0.11785888671875,1.074973781192099,0.8262232340389346,0.797271728515625,1.0363132223153229,0.027968120324837198,0.0626068115234375,0.4467264766289375
Batch_3/kbdh4tri,Batch_3,768,2560,2,2,0.8478567004203796,True,0.3558730483055115,0.015731871128082275,0.27690385849261984,0.06762820512820512,0.16284671731165043,-0.3174908424908425,0.16167300581039346,-0.20242673992673993,0.22387971537701176,-0.0630952380952381,0.24371774114335465,0.07205502407071596,0.0937042236328125,0.768962393339593,0.8990995443406686,0.8500518798828125,1.0576996129514094,0.016506599884410326,0.0360107421875,0.45837988560369286,0.08921016305945778,0.0937042236328125,0.9520399358841598,0.8694609952952377,0.8500518798828125,1.0228328598192158,0.024407917347243735,0.0360107421875,0.6777954539275277
Batch_3/kbdh4tri,Batch_3,768,2816,2,2,0.8124425411224365,True,0.49966323375701904,0.09378671646118164,0.07280261898485714,0.03896520146520146,-0.06091366670422789,-0.08782051282051281,0.18315412972861286,-0.10741758241758241,0.15469408952015673,-0.16227106227106228,0.12077155772330336,0.037741035599240885,0.019317626953125,1.9537097227739737,0.9516912898865298,0.96502685546875,0.9861811456265198,0.004732028974029059,0.0128326416015625,0.36874940647083043,0.006144498327436149,0.019317626953125,0.3180772846657626,0.9836903133177449,0.96502685546875,1.0193398326100773,0.008839844257922322,0.0128326416015625,0.688856163242803
Batch_3/kbdh4tri,Batch_3,768,3072,2,2,0.8087959885597229,True,0.42473798990249634,0.05350971221923828,0.4047088835786085,-0.14903846153846154,0.04428663597347333,-0.34862637362637355,-0.19539577162073563,-0.3882783882783883,-0.1869163324749301,-0.3906593406593406,-0.13023312514155633,0.005259285562484272,0.0147247314453125,0.357173615153336,0.9943893323732363,0.966400146484375,1.0289623154452967,1.3836573460826193e-05,0.0155181884765625,0.0008916358685631321,0.01500158432167295,0.0147247314453125,1.0188018964820296,0.9783449405271998,0.966400146484375,1.0123600912999426,0.0042584723532335875,0.0155181884765625,0.2744181358323662
Batch_3/pl8uabbv,Batch_3,0,0,2,2,0.7055560946464539,True,3.520263671875,0.3611569106578827,0.157027633631351,-0.4557692307692307,-0.11227728113138521,-0.10595238095238094,-0.5283569296959056,-0.3812728937728937,-0.41240970679107375,-0.4167124542124541,-0.24455574492805496,0.02319359967029151,0.080963134765625,0.2864711172243167,0.8162202203684683,0.838592529296875,0.9733215976212369,0.13558995567160664,0.05865478515625,2.3116605970068713,0.04881726424584374,0.080963134765625,0.6029566961205457,0.9232026268639207,0.838592529296875,1.1008953628981024,0.019722992566012346,0.05865478515625,0.3362554736748661
Batch_3/pl8uabbv,Batch_3,0,256,2,2,0.689570963382721,True,1.1745517253875732,0.1809491515159607,-0.07591220065141202,-0.4069872594962098,0.20601363322431807,-0.032829670329670324,-0.23353002247639107,-0.3120879120879121,-0.017472220622372237,-0.42431318681318675,0.24456510918525773,0.05241573704578966,0.12200927734375,0.4296045201391785,0.63467561972036,0.756317138671875,0.8391659890649541,0.20568851330035742,0.07269287109375,2.829555501186445,0.1533014783352875,0.12200927734375,1.2564739474964235,0.7912207455986779,0.756317138671875,1.0461494327473462,0.024978228464570963,0.07269287109375,0.3436131781389846
Batch_3/pl8uabbv,Batch_3,0,512,2,1,0.7938456535339355,False,1.5467746257781982,0.20703935623168945,0.01245706467283549,0.12312271062271063,0.05756812607997872,0.14684065934065935,-0.200732773753816,0.28937728937728935,-0.26521640264849383,0.21648351648351644,-0.15095031309435947,0.1501491184781626,0.2108917236328125,0.7119725510878275,0.8249212893892672,0.737060546875,1.1192042402578466,0.017333624706331586,0.036468505859375,0.47530394508541707,0.3152986476669099,0.2108917236328125,1.4950735962302732,0.651099282572791,0.737060546875,0.8833728590321802,0.02485450387574697,0.036468505859375,0.6815333748957965
Batch_3/pl8uabbv,Batch_3,0,768,2,0,0.47934502363204956,False,6.451955795288086,0.222543865442276,0.20221796393998187,0.15906593406593406,0.014161694609712235,0.03681318681318681,0.19876949934346103,-0.00586080586080586,0.13632930038245705,0.0010531135531135528,0.10510920090195511,0.12251894998475174,0.09246826171875,1.3249838129044043,0.8378809200446473,0.8818206787109375,0.9501715487886696,0.006466208876717372,0.0039520263671875,1.6361755403264466,0.07544367288241315,0.09246826171875,0.8158872188154832,0.8876841709267977,0.8818206787109375,1.0066493022418477,0.013876637865514165,0.0039520263671875,3.511271579746472
Batch_3/pl8uabbv,Batch_3,0,1024,2,1,0.8702790141105652,False,0.3479820489883423,0.16557317972183228,0.33916595137449945,0.5361721611721612,0.5384337353101533,-0.19967948717948714,-0.4813946012331574,0.021886446886446885,-0.2576682889311542,0.27797619047619043,0.10424870864072307,0.06135488901866897,0.01483154296875,4.13678395753857,0.9303283240813828,0.9119415283203125,1.0201622529406424,0.004993626448929269,0.0656890869140625,0.07601911799234114,0.017747145732633397,0.01483154296875,1.196581216804385,0.9675344985241944,0.9119415283203125,1.0609611126124254,0.012182940108277163,0.0656890869140625,0.18546368477027925
Batch_3/pl8uabbv,Batch_3,0,1280,2,1,0.9253050088882446,False,0.9139182567596436,0.1524364948272705,-0.021870722203258995,-0.28315018315018314,0.3556170260135781,0.05860805860805861,-0.13869797623660052,-0.07815934065934066,-0.1894545579535978,-0.28644688644688643,-0.022925285328363722,0.02740016301906308,0.0582122802734375,0.47069386202288804,0.8717279009277394,0.8676300048828125,1.0047230916656467,0.08949949916512402,0.0628204345703125,1.4246876796904464,0.12724730032289863,0.0582122802734375,2.185918499072473,0.8333293837448135,0.8676300048828125,0.9604663036721144,0.032743903519393776,0.0628204345703125,0.5212301338467308
Batch_3/pl8uabbv,Batch_3,0,1536,2,1,0.9788867235183716,False,0.11980968713760376,0.0376012921333313,0.392985241098811,0.3849358974358974,0.5795053625303783,0.1254120879120879,0.26331982728158576,0.22248168498168494,0.2757911825002156,0.2852106227106227,0.3069695705467903,0.019222247251235378,0.0411834716796875,0.46674664537123445,0.9687143905354588,0.92340087890625,1.0490724155286508,0.0040716694622774125,0.02484130859375,0.16390720508587991,0.052157370547023456,0.0411834716796875,1.26646366660605,0.9240196978371761,0.92340087890625,1.0006701519838914,0.014822072916025046,0.02484130859375,0.5966703750765463
Batch_3/pl8uabbv,Batch_3,0,1792,2,1,0.9797899723052979,False,0.08710169792175293,0.038872361183166504,0.2546842165754152,0.19659107820745644,0.05243843891408505,0.06369120526064329,-0.28428846186580403,0.09210270264686123,-0.3795872279869337,0.1090442885177728,-0.29007667325710906,0.007620569910838746,0.0625457763671875,0.1218398803797824,0.9841099434245223,0.9220733642578125,1.0672794395450775,0.004771746420388208,0.0117950439453125,0.4045552049244005,0.018549818078396278,0.0625457763671875,0.2965798676715732,0.9708727575487968,0.9220733642578125,1.0529235472822311,0.0058909131232404354,0.0117950439453125,0.49943969268393945
Batch_3/pl8uabbv,Batch_3,0,2048,2,1,0.8174147605895996,False,0.24478542804718018,0.09494435787200928,0.18202633204572025,0.0418040293040293,0.04478534660143759,0.07632783882783882,-0.23537492999119547,0.06964285714285715,-0.2759015473145822,-0.04235347985347985,-0.3219919883721967,0.006866049051732206,0.11761474609375,0.05837745078545951,0.9844627483424018,0.8494873046875,1.1588904777153262,0.008412008875943284,0.019805908203125,0.42472219853144766,0.019937030764189255,0.11761474609375,0.16951131916994122,0.9728831315179666,0.8494873046875,1.1452591770937177,0.005658734150265773,0.019805908203125,0.2857094000553295
Batch_3/pl8uabbv,Batch_3,0,2304,2,1,0.9694236516952515,False,0.07373535633087158,0.009435057640075684,0.29751759214610773,0.3244505494505494,0.4499577985606503,0.1521062271062271,-0.4872535818333025,0.20036630036630035,-0.4105059244960983,0.23708791208791208,-0.21515033646831322,0.005446936896027451,0.004852294921875,1.1225486050882234,0.9587907893564699,0.9776153564453125,0.9807444032412806,0.034316657846938325,0.0157318115234375,2.181354499182299,0.008627875385351357,0.004852294921875,1.778102016523228,0.9828266265934567,0.9776153564453125,1.0053305935854902,0.006569942647570062,0.0157318115234375,0.4176214950059666
Batch_3/pl8uabbv,Batch_3,0,2560,2,1,0.9719434976577759,False,0.16600507497787476,0.03580057621002197,0.1959796696042364,0.33305860805860804,0.161271120641617,0.2241300366300366,-0.2485461791149054,0.21616300366300364,-0.22670451967536787,0.19949633699633698,-0.15747058031985256,0.053767143075725256,0.048065185546875,1.1186296789240413,0.9102247000956144,0.8919525146484375,1.020485603378089,0.02743040177623405,0.0525970458984375,0.5215198174665723,0.04227376269618137,0.048065185546875,0.8795089879545849,0.924150130820572,0.8919525146484375,1.036097903916808,0.025808403934573614,0.0525970458984375,0.49068162467543264
Batch_3/pl8uabbv,Batch_3,0,2816,2,1,0.48631665110588074,False,3.7870426177978516,0.29417288303375244,0.04956446687992237,-0.102014652014652,0.211967188146051,0.12371794871794871,0.048785007178758014,0.10155677655677654,-0.001604769972985461,0.09789377289377289,0.06189827038658205,0.08098190483676687,0.1227569580078125,0.6596929913464703,0.8418497042521842,0.8354339599609375,1.0076795349467798,0.04199679964328819,0.0238037109375,1.7642963214247018,0.10188951878801127,0.1227569580078125,0.8300101309249355,0.8801620511990839,0.8354339599609375,1.0535387515731798,0.0032306990828449497,0.0238037109375,0.13572249685469656
Batch_3/pl8uabbv,Batch_3,0,3072,2,1,0.8795915246009827,False,0.47889280319213867,0.09479296207427979,0.2951099034026909,-0.01510989010989011,0.11888726346118655,-0.021886446886446885,-0.315229991552059,0.0364010989010989,-0.23694955747661314,0.005952380952380951,0.06489759639978418,0.002929793467370658,0.0611114501953125,0.047941808908265535,0.9837186652809738,0.90936279296875,1.0817670052999178,0.012099248697182903,0.025390625,0.4765242563813574,0.04211652651128867,0.0611114501953125,0.6891757007350349,0.9445086749337107,0.90936279296875,1.0386489113439772,0.011560170548471416,0.025390625,0.455292870832105
Batch_3/pl8uabbv,Batch_3,256,0,2,1,0.6450530886650085,False,6.42531681060791,0.35012125968933105,0.07479481221657858,-0.12683150183150182,0.07804576518099675,0.23163919413919412,-0.2913037008398365,0.09235347985347984,-0.3258507995955197,0.11217948717948716,-0.1967513364521813,0.032737209525640874,0.029022216796875,1.1280051332662462,0.8174196292550626,0.85601806640625,0.9549093194805666,0.14056067917548304,0.1070556640625,1.3129681685354129,0.04233435207729323,0.029022216796875,1.4586877485475758,0.8211022388166239,0.85601806640625,0.9592113426575092,0.12933708544705336,0.1070556640625,1.208129308987755
Batch_3/pl8uabbv,Batch_3,256,256,2,1,0.8942331671714783,False,1.3460536003112793,0.11362260580062866,-0.021751604765327174,-0.13580586080586077,0.2000041624608473,0.330540293040293,-0.27797813547553707,0.037957875457875455,-0.24691758121318427,-0.21387362637362636,-0.08202935695398807,0.0004855275213504798,0.002227783203125,0.21794199752893867,0.9097051141731404,0.9439697265625,0.9637015770472477,0.08477301945359708,0.050994873046875,1.6623831845933388,4.594720594250899e-06,0.002227783203125,0.0020624630744166227,0.9840548959510852,0.9439697265625,1.0424644649723638,0.015631328616584287,0.050994873046875,0.30652745428380246
Batch_3/pl8uabbv,Batch_3,256,512,2,1,0.4193350076675415,False,2.6316254138946533,0.22432643175125122,-0.11812625083281589,0.16428571428571428,-0.347405863128899,-0.03740842490842491,0.30428404729090014,0.06208791208791208,0.20104399777662746,0.16813186813186812,-0.03835089153251809,0.1264292240408431,0.1024322509765625,1.234271656001891,0.7655373637273606,0.7837677001953125,0.9767401278932406,0.09138385292506182,0.1015777587890625,0.8996443120469959,0.017406282551838285,0.1024322509765625,0.16992970852335376,0.8210708534605788,0.7837677001953125,1.0475946549672441,0.14517502783995237,0.1015777587890625,1.4292009350336665
Batch_3/pl8uabbv,Batch_3,256,768,2,0,0.5047122240066528,False,5.53426456451416,0.1983974277973175,-0.4550852284263115,0.48511904761904756,-0.5424861580409926,-0.11671245421245419,0.022732491394274686,0.13795787545787544,-0.31532165482381014,0.316529304029304,-0.4780697938179017,0.10424410238014706,0.0679473876953125,1.5341885231496335,0.8639135427404817,0.851470947265625,1.0146130593355114,0.026035778712604252,0.0706634521484375,0.3684475909542717,0.0030533322535811896,0.0679473876953125,0.04493671290606262,0.8102772268060879,0.851470947265625,0.9516205214143539,0.16818596249695347,0.0706634521484375,2.3800983023537774
Batch_3/pl8uabbv,Batch_3,256,1024,2,1,0.9409689903259277,False,0.2144373059272766,0.03843581676483154,-0.05819264036226954,0.0006639270138600487,-0.0470076193079618,0.08347069597069597,0.3732833705843437,-0.029807692307692306,0.48056305150636724,-0.09963369963369961,0.44201447163175817,0.04813902873993263,0.0662384033203125,0.7267540630039679,0.7886308843989237,0.888153076171875,0.8879447761393647,0.1488339776366091,0.0362396240234375,4.10694044563908,0.012478620662991668,0.0662384033203125,0.18838951480530336,0.968735078419842,0.888153076171875,1.0907298577349889,0.0158425312916262,0.0362396240234375,0.4371604760960061
Batch_3/pl8uabbv,Batch_3,256,1280,2,1,0.9431034326553345,False,0.1237601637840271,0.028735816478729248,-0.07714446819896564,-0.18535435055073893,-0.040853793763326915,0.08482239952936137,-0.4897299451845059,0.0910724710736301,-0.500642381000807,0.08990487529063486,-0.3345716140821402,0.0,0.0005950927734375,0.0,0.9653772987984853,0.9776763916015625,0.9874200779432449,0.03107558423836311,0.018585205078125,1.6720603355052257,0.001088192452281903,0.0005950927734375,1.8286097577627385,0.9879319125483093,0.9776763916015625,1.010489688648354,0.009389145103299483,0.018585205078125,0.5051945923561864
Batch_3/pl8uabbv,Batch_3,256,1536,2,1,0.9600297808647156,False,0.054379820823669434,0.012288033962249756,-0.40173720426716686,0.17673992673992672,-0.20967973413065866,0.2595238095238095,-0.5979195216324749,0.28685897435897434,-0.5897156588107508,0.27266483516483514,-0.5551586053605833,0.10557826246458209,0.02825927734375,3.736056700258559,0.7441417880114509,0.952789306640625,0.7810140004983577,0.045895634612155116,0.010955810546875,4.189159206047629,0.00725117318564033,0.02825927734375,0.25659443082836103,0.9785271163704687,0.952789306640625,1.0270131177485513,0.007264597153719081,0.010955810546875,0.6630816700085428
Batch_3/pl8uabbv,Batch_3,256,1792,2,1,0.6329742074012756,False,3.221379280090332,0.2686106562614441,-0.06541218918879031,0.005769230769230769,0.38003334336420697,0.20874542124542123,0.3367924435636172,0.14326923076923076,0.3872401599976386,0.1336080586080586,0.4326844177498509,0.06874131962364856,0.084136962890625,0.8170168884395053,0.8804180624389629,0.88079833984375,0.9995682582634584,0.03889372111230454,0.0230865478515625,1.6846919410548515,0.14087836011284754,0.084136962890625,1.6743932187804818,0.8335969675195699,0.88079833984375,0.9464106933573996,0.012021656171063306,0.0230865478515625,0.5207212550078023
Batch_3/pl8uabbv,Batch_3,256,2048,2,1,0.9304696321487427,False,0.22244924306869507,0.07896208763122559,0.1852530389765425,0.02509157509157509,-0.059308451291624854,0.20819597069597068,-0.11183879386420686,0.2781593406593406,-0.057797116239405845,0.3519230769230769,0.04959926853191484,0.0,0.0,,0.9960764304367908,0.9620513916015625,1.0353671738664456,0.0036273875308359396,0.0343170166015625,0.10570229845302985,0.0,0.0,,0.9883265566041971,0.9620513916015625,1.0273116023031714,0.010217523093257994,0.0343170166015625,0.2977392589772147
Batch_3/pl8uabbv,Batch_3,256,2304,2,1,0.875720739364624,False,1.9250309467315674,0.3734159469604492,-0.35225267053284837,-0.23587724220000278,-0.19249088555359578,0.45059523809523805,-0.5938515038716751,0.5389652014652013,-0.614373769416431,0.3385531135531135,-0.6006460377344659,0.31376174219400366,0.196319580078125,1.598219301758606,0.6324081738922962,0.770843505859375,0.8204105879925081,0.03100691396258635,0.02703857421875,1.1467658653792658,0.05124645250543883,0.196319580078125,0.26103587061996264,0.9352448259550905,0.770843505859375,1.2132745736924029,0.011808636520400883,0.02703857421875,0.43673295880417173
Batch_3/pl8uabbv,Batch_3,256,2560,2,1,0.8554235100746155,False,0.5216029286384583,0.1114702820777893,0.02464794152639593,0.05815018315018315,0.29503885188458995,0.2177197802197802,0.020873653561569658,0.2596611721611721,0.03923878646359016,0.2537087912087912,0.07477232681536916,0.0,0.02069091796875,0.0,0.9729227152205427,0.955291748046875,1.0184561074768153,0.023162635307494038,0.0200958251953125,1.152609314739506,0.016862896179475,0.02069091796875,0.8149902389513817,0.9704966401524808,0.955291748046875,1.01591649057651,0.010107426861955385,0.0200958251953125,0.5029615237851998
Batch_3/pl8uabbv,Batch_3,256,2816,2,1,0.5110818147659302,False,7.386020660400391,0.3159404993057251,-0.036413234703127496,0.08108974358974358,0.17787257883302432,0.23800366300366296,0.051377263816495815,0.3200091575091575,0.150786082030572,0.34496336996336996,0.2304872968181601,0.18167660134042107,0.1248626708984375,1.4550113339173696,0.7767178412538964,0.830322265625,0.9354414224569126,0.02441302159609225,0.03546142578125,0.6884388052157924,0.20222506451032746,0.1248626708984375,1.6195798396369083,0.7725212974862327,0.830322265625,0.930387307998709,0.018906216522406236,0.03546142578125,0.5331487977678206
Batch_3/pl8uabbv,Batch_3,256,3072,2,2,0.6857618689537048,True,1.6991009712219238,0.21941423416137695,0.04887623821468866,-0.08296703296703296,0.08515408577008786,-0.21208791208791206,-0.04064590271099226,-0.23543956043956044,0.1257999884810801,-0.24043040293040288,0.17200941407445933,0.03257572544752134,0.0484771728515625,0.6719807185800311,0.9422540477247603,0.9038543701171875,1.0424843634960732,0.022293432673578036,0.043060302734375,0.517725869488168,0.03675675584464195,0.0484771728515625,0.7582281243419751,0.9319876509077868,0.9038543701171875,1.0311259000572754,0.02816660612587051,0.043060302734375,0.6541200209302089
Batch_3/pl8uabbv,Batch_3,512,0,2,1,0.7129355669021606,False,8.110941886901855,0.42684414982795715,0.06847246399807737,-0.1272435897435897,-0.2304872968181601,0.011904761904761902,0.3124800933995258,-0.0564102564102564,0.18614518910856173,-0.08997252747252746,0.08286359766300128,0.026537932451207096,0.0294952392578125,0.899736130947909,0.8704083237267685,0.9044036865234375,0.9624112956379595,0.09609374063864314,0.0600433349609375,1.60040645145975,0.015093253399444694,0.0294952392578125,0.5117182901117473,0.9325231958176449,0.9044036865234375,1.0310917676621818,0.048712231129843866,0.0600433349609375,0.8112845690788939
Batch_3/pl8uabbv,Batch_3,512,256,2,1,0.8766655325889587,False,0.21342837810516357,0.03626376390457153,0.15667139993403767,0.12170329670329669,-0.11696480574531172,-0.05064102564102563,-0.3005046400841917,0.07916666666666666,-0.42425533028669915,0.15096153846153842,-0.4736363948839945,0.022892645090114162,0.019012451171875,1.2040869892662294,0.922121545130826,0.9106597900390625,1.0125862097098544,0.037200432967877735,0.0588226318359375,0.6324170103716823,0.026360196351449934,0.019012451171875,1.3864701670053152,0.9302967406321992,0.9106597900390625,1.0215634321487879,0.03500135325370741,0.0588226318359375,0.595032084782093
Batch_3/pl8uabbv,Batch_3,512,512,2,1,0.9279434680938721,False,0.40544968843460083,0.03880423307418823,-0.13455461767937746,0.13546400486241061,0.09427632781274227,-0.128021978021978,-0.14884360362762994,-0.13424908424908424,-0.18850469924040764,-0.05723443223443223,-0.21960156289061092,0.018643780862487254,0.03173828125,0.5874225108672907,0.8749816607907576,0.89605712890625,0.9764797718408672,0.09026527602891787,0.0565032958984375,1.5975223142941295,0.03603089594073529,0.03173828125,1.1352503828711673,0.9266287804090203,0.89605712890625,1.0341179714066746,0.02714465071460613,0.0565032958984375,0.4804082714643336
Batch_3/pl8uabbv,Batch_3,512,768,2,1,0.9082011580467224,False,0.5651015639305115,0.037018775939941406,-0.0015574006404082705,0.2366556393886663,-0.04237094361749889,0.32550366300366296,-0.11403379100871733,0.43804945054945055,-0.051898086046546194,0.4986721611721612,0.005359290439051989,0.0020249139335820465,0.000732421875,2.7646824906506873,0.972780340390468,0.9710540771484375,1.0017777210174532,0.02313933401061616,0.026336669921875,0.878597562989421,0.002690915405801774,0.000732421875,3.6739965007213553,0.970561363509739,0.9710540771484375,0.9994925991762009,0.02461329282672571,0.026336669921875,0.9345635913628599
Batch_3/pl8uabbv,Batch_3,512,1024,2,1,0.5787999033927917,False,1.5075492858886719,0.21055006980895996,0.03310411201415722,0.39803113553113556,-0.19468152300846475,0.3066391941391941,-0.13049072408904633,0.36968864468864465,-0.08830819908485707,0.4277930402930402,-0.047501191200369636,0.07142982250436722,0.020782470703125,3.4370226487857636,0.9139520830469545,0.9669036865234375,0.9452359069320816,2.2024562123428976e-05,0.0078277587890625,0.002813648544485461,0.0028679556739450132,0.020782470703125,0.1379987834417477,0.9875547237681207,0.9669036865234375,1.0213579051693713,0.008399227174791721,0.0078277587890625,1.0730053647702733
Batch_3/pl8uabbv,Batch_3,512,1280,2,1,0.8797438144683838,False,0.7846609354019165,0.30234211683273315,0.0984605718910335,0.2521520146520146,-0.08466967745678451,0.6586080586080586,-0.11275545250062048,0.6516483516483516,-0.1131219879008663,0.6192307692307691,-0.122422823682104,0.005431558526738452,0.005096435546875,1.0657563461327282,0.9687107762169018,0.97216796875,0.9964438320905148,0.024730647795149757,0.021575927734375,1.1462148047404062,0.002007697405686859,0.005096435546875,0.3939414885601616,0.9871580654522222,0.97216796875,1.0154192456284032,0.010241140921471931,0.021575927734375,0.4746558779558589
Batch_3/pl8uabbv,Batch_3,512,1536,2,2,0.5275259017944336,True,1.982965350151062,0.17656221985816956,-0.3581805227586309,-0.30146520146520145,-0.1261218451767554,-0.5009615384615385,0.5593869370836333,-0.5617216117216116,0.5629273607360613,-0.4703296703296703,0.4840724702956183,0.004900008963581521,0.082916259765625,0.059095875494530464,0.981362890722661,0.8666534423828125,1.1323590754159605,0.012305891121591446,0.0378265380859375,0.325324276137401,0.07761655928796403,0.082916259765625,0.9360837006801639,0.8534760591167012,0.8666534423828125,0.9847950949922026,0.0501564935321969,0.0378265380859375,1.3259604518459283
Batch_3/pl8uabbv,Batch_3,512,1792,2,1,0.9216905236244202,False,0.161981463432312,0.024117469787597656,0.268256035075602,0.1939102564102564,0.06991791855211339,0.2822344322344322,0.17794156209698503,0.3291666666666666,0.18175443150554313,0.22916666666666663,0.09323154776709208,0.10484469818932882,0.073577880859375,1.4249485982032049,0.8227795869456616,0.87347412109375,0.9419621796183159,0.05288797643577223,0.0397796630859375,1.32952298569036,0.07680162289925203,0.073577880859375,1.04381401043662,0.8677332453048182,0.87347412109375,0.9934275376335785,0.03298286720462075,0.0397796630859375,0.8291389279332664
Batch_3/pl8uabbv,Batch_3,512,2048,2,1,0.8836098313331604,False,0.09761595726013184,0.03962552547454834,0.40194678292889924,0.11808608058608058,0.10070427376287007,0.12655677655677655,-0.004237045859934265,0.1856227106227106,0.01699398934092554,0.19175824175824172,0.06273118167762137,0.010397719712420837,0.0401611328125,0.25890006043815045,0.9855576295997932,0.9300384521484375,1.0596955720735024,0.003210985785904089,0.0224456787109375,0.14305585619647204,0.09083419451234882,0.0401611328125,2.261743834179822,0.8835493982563025,0.9300384521484375,0.9500138367561655,0.017640585990734058,0.0224456787109375,0.7859234829971089
Batch_3/pl8uabbv,Batch_3,512,2304,2,1,0.7779778242111206,False,0.17434251308441162,0.04100775718688965,-0.10784054218462295,-0.014720864479724526,0.21307004084433484,0.4283424908424908,-0.41646073327505545,0.4054487179487179,-0.5026139555390463,0.37541208791208786,-0.3636867264491621,0.0012506987318301357,0.099456787109375,0.012575297957842861,0.776928180274485,0.8395843505859375,0.9253723937711257,0.20995906735252728,0.0414581298828125,5.0643641656294545,0.11858587253984967,0.099456787109375,1.1923356463288721,0.8516522162954918,0.8395843505859375,1.0143736191618296,0.014905515246731135,0.0414581298828125,0.3595317803495663
Batch_3/pl8uabbv,Batch_3,512,2560,2,2,0.49977076053619385,True,3.31134033203125,0.24524396657943726,0.16530856104453354,-0.3119047619047619,-0.2122344176811852,-0.09445970695970696,-0.06268265431298208,-0.2028388278388278,-0.04428441096204817,-0.25837912087912085,-0.0035142712018637807,0.0,0.0009002685546875,0.0,0.9565550333498029,0.966217041015625,0.9900001684345516,0.03957989075562081,0.029937744140625,1.3220732520695033,0.0015934347680127043,0.0009002685546875,1.7699549314657728,0.9708611184586434,0.966217041015625,1.0048064536702197,0.02487478540526278,0.029937744140625,0.8308837595918969
Batch_3/pl8uabbv,Batch_3,512,2816,2,1,0.9364104270935059,False,0.05000728368759155,0.011317789554595947,0.0597708291962486,0.08557692307692306,-0.09705271109275215,-0.2076465201465201,0.17189297833616599,-0.2658424908424908,0.16894360819849452,-0.28759157509157507,-0.013548669069928364,0.0006456682823837009,0.000213623046875,3.022465468164159,0.9883393956837078,0.967254638671875,1.0217985586926561,0.008694184356496963,0.02978515625,0.2918965501984554,0.0006920860027372014,0.000213623046875,3.2397534482418022,0.9840505328695424,0.967254638671875,1.0173645010591312,0.013936556450396112,0.02978515625,0.46790274771165963
Batch_3/pl8uabbv,Batch_3,512,3072,2,1,0.8296400904655457,False,1.7110730409622192,0.232660174369812,-0.0724897522082861,0.0852106227106227,-0.014672182610152785,0.2609432234432234,-0.053278363103117295,0.2090201465201465,0.03640535310144159,0.2187271062271062,0.055433339923983485,0.15813147007887104,0.0298309326171875,5.300922773958513,0.7786372487670054,0.9157562255859375,0.8502669455168619,0.049528458983090176,0.04718017578125,1.049772667501875,0.03595042545270344,0.0298309326171875,1.2051391726180933,0.9263364344617547,0.9157562255859375,1.0115535211011506,0.03382596482942448,0.04718017578125,0.716952920783041
Batch_3/pl8uabbv,Batch_3,768,0,2,1,0.44514793157577515,False,9.084941864013672,0.27344149351119995,-0.2637381486458743,0.05723443223443223,-0.1921720492261971,-0.20970695970695968,0.12195798306484866,-0.028479853479853476,-0.15676711051233178,-0.022847985347985343,-0.20990889231003643,0.003244534922752337,0.0160675048828125,0.2019314726471958,0.8974620284292726,0.858795166015625,1.0450245459496963,0.09432506306939173,0.1188507080078125,0.7936432575832143,0.0346927505604788,0.0160675048828125,2.159187180181898,0.8357343886069093,0.858795166015625,0.9731475230400911,0.1219929262786247,0.1188507080078125,1.0264383639229615
Batch_3/pl8uabbv,Batch_3,768,256,2,1,0.9171713590621948,False,0.9022848010063171,0.2610957622528076,0.27783383338633183,0.07298534798534798,-0.1242555006833331,-0.04358974358974359,-0.2869055845424159,0.033424908424908424,-0.24993132604261875,0.15146520146520145,-0.09190875161163946,0.0003443719051579554,0.0031890869140625,0.10798448409775965,0.9822170950294272,0.9769134521484375,1.005428979270708,0.016744403810178218,0.0194244384765625,0.8620276890053729,0.0012770684409686489,0.0031890869140625,0.4004495566857482,0.98457292783475,0.9769134521484375,1.0078404854283332,0.013794245888873072,0.0194244384765625,0.7101490169467287
Batch_3/pl8uabbv,Batch_3,768,512,2,1,0.8319761753082275,False,0.5913546085357666,0.2062879204750061,-0.1309251727677113,0.26776556776556776,-0.1228971751382966,-0.06520146520146519,-0.023327067397470636,0.177518315018315,-0.11230021826746923,0.3037087912087912,-0.10865321363010659,0.10693910772688407,0.0813751220703125,1.3141498901160837,0.8914560134101769,0.8600006103515625,1.0365760241097453,0.00046437789380345066,0.0471038818359375,0.009858590750988968,0.019653674451770256,0.0813751220703125,0.2415194466287672,0.90732101280398,0.8600006103515625,1.05502368473096,0.06223486338778243,0.0471038818359375,1.3212257878139648
Batch_3/pl8uabbv,Batch_3,768,768,2,1,0.8438810706138611,False,0.33553755283355713,0.06539976596832275,0.0003205862231979722,0.32078754578754576,-0.16157545649177799,0.13846153846153844,0.03265399673430774,0.2672619047619047,0.1042821186031118,0.25837912087912085,-0.019372567487534603,0.025093015882850955,0.0276641845703125,0.9070578537774519,0.9317447554721618,0.915191650390625,1.0180870368238955,0.03650543899704401,0.0545501708984375,0.669208517513364,0.011450982344500432,0.0276641845703125,0.41392806339171556,0.9540703100025577,0.915191650390625,1.042481440466965,0.03370407800706353,0.0545501708984375,0.6178546730827735
Batch_3/pl8uabbv,Batch_3,768,1024,2,1,0.9496554732322693,False,0.4155663847923279,0.022421300411224365,-0.0026134825274334644,0.03315018315018315,0.11380111636999753,0.2159340659340659,0.08881255536208107,0.152014652014652,-0.010499780680390586,0.18988095238095237,-0.012379654077316412,0.05522326319973172,0.0509490966796875,1.0838909185557406,0.8651487148154947,0.8717498779296875,0.9924276867926041,0.06834227879075304,0.069244384765625,0.986972142536534,0.05364005099741155,0.0509490966796875,1.052816526554766,0.8719918306755345,0.8717498779296875,1.000277548356441,0.0694307730835704,0.069244384765625,1.0026917463210379
Batch_3/pl8uabbv,Batch_3,768,1280,2,1,0.977358341217041,False,0.08525776863098145,0.006636857986450195,0.004931484258069013,-0.006639194139194138,-0.14544437990890982,0.509569597069597,0.23978482062257425,0.5168956043956043,0.23508270772534565,0.39908424908424905,0.180561135253578,0.15868332289223594,0.1361846923828125,1.1652067505955825,0.7550672877027483,0.7954864501953125,0.9491893765347729,0.04967310080634849,0.0485382080078125,1.0233814317651226,0.14873429402640542,0.1361846923828125,1.0921513381864993,0.768638912404512,0.7954864501953125,0.966250163300445,0.05838444909844995,0.0485382080078125,1.2028554719006652
Batch_3/pl8uabbv,Batch_3,768,1536,2,1,0.5606927871704102,False,0.9224870204925537,0.1938699185848236,-0.24998932092782597,0.04553623553681506,0.28836777285062654,0.2113095238095238,-0.4708300522873137,0.3033424908424908,-0.46141987770225973,0.3744505494505494,-0.2753738406621425,0.0,0.00714111328125,0.0,0.9952838559861116,0.926300048828125,1.074472420945307,0.004597212577628827,0.062896728515625,0.07309144189410063,0.0049367122213955835,0.00714111328125,0.6913084874815832,0.9737981407195802,0.926300048828125,1.0512772205416006,0.019788932662183043,0.062896728515625,0.31462578625638715
Batch_3/pl8uabbv,Batch_3,768,1792,2,2,0.6005261540412903,True,2.793123483657837,0.2200457751750946,0.5207552724748734,0.4277472527472527,0.30468501629230754,-0.5587454212454211,-0.574755609700898,-0.473076923076923,-0.5139793900921948,-0.43795787545787546,-0.4148907236553299,0.0,0.002288818359375,0.0,0.9946638687096837,0.9636383056640625,1.0321962741240769,0.004558089197115851,0.0295867919921875,0.15405824322959485,0.0019311970907889104,0.002288818359375,0.8437528836129469,0.9849668072644624,0.9636383056640625,1.022133306111884,0.011939815877071285,0.0295867919921875,0.4035522296646435
Batch_3/pl8uabbv,Batch_3,768,2048,2,1,0.8543651103973389,False,0.36352670192718506,0.05941784381866455,0.17755392826823924,0.06877289377289376,0.3437697437437548,-0.5514194139194138,-0.21468969041120864,-0.46684981684981675,-0.06743193397777751,-0.29491758241758237,0.11664026156401133,0.0,0.0635223388671875,0.0,0.9824537069299848,0.8720245361328125,1.1266353940989953,0.016284856273522882,0.04656982421875,0.34968687442385177,0.02065883499909113,0.0635223388671875,0.3252215735047889,0.9632831524941744,0.8720245361328125,1.1046514319035892,0.009464286521336364,0.04656982421875,0.2032278772812254
Batch_3/pl8uabbv,Batch_3,768,2304,2,1,0.7505388855934143,False,1.580787181854248,0.2903652787208557,-0.059330638429805314,0.061858974358974354,0.15768011248848568,-0.006272893772893772,-0.3491062449803228,0.21364468864468864,-0.2790007224461865,0.3417582417582417,-0.20371408542784006,0.009979969256082149,0.0043792724609375,2.27891033159094,0.9613153071713201,0.9138031005859375,1.051993921398294,0.026188759137039826,0.07769775390625,0.3370594106058606,0.015481822659678068,0.0043792724609375,3.5352499297026547,0.9626576798507857,0.9138031005859375,1.0534629169385858,0.0184346006802751,0.07769775390625,0.23726040655587372
Batch_3/pl8uabbv,Batch_3,768,2560,2,0,0.6953858137130737,False,7.122539520263672,0.303993284702301,-0.2375952094646382,0.02573260073260073,-0.308983706466882,0.08910256410256408,0.21066133956581284,0.14372710622710622,0.07777842021803658,0.18017399267399264,-0.08306900180530584,0.0,0.0,,0.9253674907827873,0.929962158203125,0.9950592963597407,0.07018466944307299,0.065521240234375,1.0711743122080184,0.0,0.0,,0.8843880080495086,0.929962158203125,0.9509935433914054,0.10705761191837278,0.065521240234375,1.6339375069125475
Batch_3/pl8uabbv,Batch_3,768,2816,2,1,0.5531137585639954,False,0.07882940769195557,0.034265220165252686,0.12769177006063764,-0.034157509157509154,0.09401633016305293,-0.08699633699633699,-0.37844780075380957,-0.008836996336996335,-0.35091182881034233,0.1134157509157509,-0.21167419364196124,0.10741320364285967,0.128814697265625,0.8338582935250475,0.8925868106781951,0.799285888671875,1.1167303505900155,0.0,0.0440216064453125,0.0,0.11474038745896487,0.128814697265625,0.8907398759192989,0.835560654233445,0.799285888671875,1.0453839684594528,0.027766271980989857,0.0440216064453125,0.6307419066017855
Batch_3/pl8uabbv,Batch_3,768,3072,2,1,0.8790038228034973,False,1.3435804843902588,0.09671550989151001,-0.2044437321989736,0.29400183150183146,0.04551334150185437,-0.204532967032967,-0.06554562209245929,-0.04793956043956043,-0.07513822274098896,0.1027014652014652,-0.046726725354771,0.00010051385054377649,0.00128173828125,0.07841994891948734,0.932453440080367,0.889007568359375,1.0488700808263864,0.05867497409086234,0.099517822265625,0.5895926252711982,0.0018217502055124454,0.00128173828125,1.4213121603388525,0.9018027742570747,0.889007568359375,1.0143926850041476,0.08667331221428046,0.099517822265625,0.8709325650529107
Batch_3/tuy3zymq,Batch_3,0,0,2,2,0.85395348072052,True,0.4767391085624695,0.022920846939086914,-0.06226011641618511,0.1053113553113553,-0.1148137558855262,0.2039377289377289,0.019505396531276996,0.1874542124542124,-0.020614708182344885,0.18727106227106224,-0.06692846961442914,0.061416913272005484,0.04205322265625,1.4604567591415645,0.9222316662231765,0.9453582763671875,0.9755366714163844,0.010905973866019554,0.008087158203125,1.3485545344970895,0.028672414336458545,0.04205322265625,0.681812534816454,0.9490712395510579,0.9453582763671875,1.003927572515828,0.012046762983945735,0.008087158203125,1.4896163375771088
Batch_3/tuy3zymq,Batch_3,0,256,2,2,0.8164123296737671,True,1.779865026473999,0.12609189748764038,0.24994341763716718,-0.29560439560439555,0.0659630286766959,-0.4525641025641025,-0.10360372701691209,-0.5749084249084249,-0.18499026135496485,-0.5627289377289376,-0.12205684986174976,0.05079621996253588,0.065460205078125,0.7759862637446974,0.9041372683662627,0.8819427490234375,1.0251654876321632,0.028010728104973914,0.0322113037109375,0.8695931203636051,0.07811585456344945,0.065460205078125,1.1933334836061127,0.8701663640891694,0.8819427490234375,0.9866472229095279,0.026834140657065818,0.0322113037109375,0.8330659602564972
Batch_3/tuy3zymq,Batch_3,0,512,2,2,0.8445128798484802,True,0.18954867124557495,0.013833880424499512,-0.45424936493744433,-0.012774725274725273,-0.11246917856162174,-0.2418498168498168,-0.15278962072244873,-0.2833791208791208,-0.04124100020102848,-0.2371336996336996,-0.021034751218604927,0.10592370971198704,0.0806427001953125,1.3134940850869976,0.8894035045749519,0.895263671875,0.9934542554510507,0.0038809842604520025,0.01483154296875,0.2616709717005992,0.027635341786087227,0.0806427001953125,0.34268869617653974,0.9582198851042837,0.895263671875,1.0703214206128022,0.007288737426020788,0.01483154296875,0.4914348723782905
Batch_3/tuy3zymq,Batch_3,0,768,2,2,0.8007369637489319,True,0.4477529525756836,0.024362146854400635,0.23787085219390272,-0.22316849816849818,0.04062441223303819,-0.4067765567765568,-0.2381462719378555,-0.4255952380952381,-0.24897944853333237,-0.36076007326007326,-0.22047350503421745,0.05449832047039285,0.0286712646484375,1.9007993242935954,0.9429579898224895,0.9608154296875,0.9814142869553848,0.0014387427647023175,0.007598876953125,0.18933623660146803,0.05104443672517746,0.0286712646484375,1.7803343295482863,0.9384691925003061,0.9608154296875,0.9767424247189058,0.006770332181631632,0.007598876953125,0.8909648390670897
Batch_3/tuy3zymq,Batch_3,0,1024,2,2,0.8191856145858765,True,0.7845672369003296,0.033729612827301025,-0.024194051910586364,0.10013736263736263,0.35032987166529056,-0.15604395604395604,0.1509248000136578,-0.18076923076923077,0.20562639928578355,-0.13452380952380952,0.25272415367172496,0.0242896921924897,0.017578125,1.3818136002838584,0.965834224432512,0.96893310546875,0.9968017595654978,0.0047552940854776755,0.00823974609375,0.5771165799738239,0.020331212309320588,0.017578125,1.156620078041349,0.9730090260826706,0.96893310546875,1.0042066068244708,0.0023882385424792464,0.00823974609375,0.2898437057776294
Batch_3/tuy3zymq,Batch_3,0,1280,2,2,0.8458335995674133,True,0.35677897930145264,0.024738430976867676,-0.034103495212702235,-0.04143772893772893,0.13657549943436031,-0.23086080586080582,0.5157288372795046,-0.23031135531135527,0.48430193573708197,-0.18809523809523807,0.39036734236028175,0.023588341864900293,0.0290985107421875,0.8106374265642924,0.9652392397180467,0.9459381103515625,1.020404220059715,0.008596076173600866,0.021820068359375,0.39395276091825615,0.05203602498895774,0.0290985107421875,1.7882710716708623,0.9073822345922427,0.9459381103515625,0.9592405937160198,0.035178602772107395,0.021820068359375,1.6122132246663148
Batch_3/tuy3zymq,Batch_3,0,1536,2,2,0.8346166610717773,True,0.45843470096588135,0.026160359382629395,0.25786360937343517,0.4518772893772893,0.22608916390832304,-0.1672161172161172,-0.09812022120539675,-0.23740842490842493,-0.16785893917427921,0.18640109890109888,0.006785884457195662,0.4557584375623466,0.2572784423828125,1.771459875694558,0.5363385888224104,0.71246337890625,0.752794606293701,0.0038748359854507844,0.014129638671875,0.2742346124649056,0.23861073168361996,0.2572784423828125,0.9274416055760464,0.7248886291656155,0.71246337890625,1.017439844106009,0.015364321155110546,0.014129638671875,1.0873824527228129
Batch_3/tuy3zymq,Batch_3,0,1792,2,2,0.819329559803009,True,0.32114678621292114,0.018111109733581543,0.31447668217450525,-0.314999027024152,-0.15532497016547292,-0.14349816849816846,0.18655396400182514,-0.2988095238095238,0.12575375433641894,-0.2826923076923077,0.06299224758503187,0.011982290417508394,0.03741455078125,0.3202574978800286,0.9267217310832515,0.906890869140625,1.0218668669157716,0.0547075327343941,0.0466766357421875,1.1720538951556887,0.05044516752876922,0.03741455078125,1.3482767125470716,0.8681702822856848,0.906890869140625,0.957304028331841,0.06929591731740908,0.0466766357421875,1.4845953701581307
Batch_3/tuy3zymq,Batch_3,0,2048,2,2,0.7433226108551025,True,2.6654505729675293,0.24520549178123474,-0.09599436134134744,-0.08887362637362636,0.3926167087279317,-0.18305860805860805,-0.22372713052651585,-0.21698717948717947,-0.14310928302141676,-0.2754578754578754,-0.07314729085738388,0.007882014633631558,0.0127105712890625,0.6201148991952915,0.9647465101645731,0.908966064453125,1.0613669177462728,0.023709129754818696,0.0701141357421875,0.33815049567177324,0.008376222825814642,0.0127105712890625,0.6589965655613306,0.9253529357308008,0.908966064453125,1.01802803417918,0.06293477942616857,0.0701141357421875,0.897604723498016
Batch_3/tuy3zymq,Batch_3,0,2304,2,2,0.8742697834968567,True,1.1182819604873657,0.06985199451446533,-0.43889905961708386,-0.017994505494505493,0.18912864935940402,-0.43049450549450546,0.0422766279962552,-0.5263278388278387,0.27701892824764496,-0.2657967032967033,0.2700917289951285,0.1536651465455449,0.1323089599609375,1.1614114916398144,0.8023174349981763,0.7992095947265625,1.003888642343786,0.019918980458513837,0.032196044921875,0.6186778688763805,0.16601296789097447,0.1323089599609375,1.2547371541578713,0.7767453762620882,0.7992095947265625,0.9718919559866394,0.011566442011639422,0.032196044921875,0.3592503998458773
Batch_3/tuy3zymq,Batch_3,0,2560,2,2,0.8466235995292664,True,0.9434686303138733,0.03440046310424805,-0.054916318407463686,-0.017124542124542123,-0.10902504389717056,-0.3277014652014652,-0.07692899393717811,-0.34180402930402926,-0.019013044692331962,-0.21529304029304028,-0.07263721443138474,0.14768121576157556,0.1441802978515625,1.0242815277966575,0.8041945515244301,0.7989959716796875,1.0065063905564053,0.03106636927375071,0.0384063720703125,0.8088858072008449,0.13363226476448675,0.1441802978515625,0.92684136983865,0.8209415547901187,0.7989959716796875,1.0274664502554325,0.030094870098443634,0.0384063720703125,0.7835905469891148
Batch_3/tuy3zymq,Batch_3,0,2816,2,2,0.847022533416748,True,0.7605016827583313,0.03727984428405762,-0.01981152072297127,-0.15485347985347983,0.08383938629135616,-0.2859890109890109,0.35721053406593867,-0.375,0.3927970361608309,-0.27550366300366297,0.36115427940891887,0.025545095302557677,0.02142333984375,1.1923955596498717,0.9493414823819342,0.9497833251953125,0.9995347961986093,0.01525785428203966,0.0191802978515625,0.7954962117961425,0.041481049264603866,0.02142333984375,1.936255017524985,0.9330561562303946,0.9497833251953125,0.982388436897986,0.011587140150587719,0.0191802978515625,0.6041167994502122
Batch_3/tuy3zymq,Batch_3,0,3072,2,2,0.8680875897407532,True,0.4140698313713074,0.04112118482589722,0.11283028843933092,0.06996336996336996,-0.10126265919331327,-0.3304945054945055,-0.22515564068141503,-0.32257326007326004,-0.18801987853844568,-0.23910256410256409,-0.18457713173903564,0.03862260695915943,0.0546417236328125,0.7068336134251528,0.9484755787654606,0.9176483154296875,1.0335937666069144,0.007326839509751976,0.0198822021484375,0.36851247437536877,0.01465539532207159,0.0546417236328125,0.2682088768018106,0.9818320286081268,0.9176483154296875,1.0699436942227538,0.0021204796665125077,0.0198822021484375,0.1066521530503175
Batch_3/tuy3zymq,Batch_3,256,0,2,2,0.8296222686767578,True,1.0695741176605225,0.038289785385131836,0.12967679611111063,-0.11648351648351647,0.047601712413175824,-0.3222527472527472,-0.07257310253156314,-0.3927197802197802,-0.03497830748200577,-0.3216575091575091,-0.039614539838544585,0.02159231604936729,0.0269775390625,0.8003812356398952,0.9477891093208992,0.9358978271484375,1.0127057482425117,0.023306835322023007,0.028656005859375,0.8133316079148561,0.03541095424162741,0.0269775390625,1.3126087653729037,0.9115215515774157,0.9358978271484375,0.9739541274016061,0.034362145205607764,0.028656005859375,1.1991254250238075
Batch_3/tuy3zymq,Batch_3,256,256,2,2,0.860852062702179,True,0.35522621870040894,0.02264237403869629,-0.17104817998089422,0.09587912087912086,0.14988924553566557,-0.3659798534798534,0.04217942439027043,-0.32550366300366296,0.0739755112665246,-0.2806318681318681,0.06077713558204174,0.008801682285522154,0.0138397216796875,0.6359724920220285,0.9488388172803401,0.911956787109375,1.0404427388362008,0.03605851341558276,0.0616912841796875,0.584499316152271,0.0032302009091378934,0.0138397216796875,0.23340071309951596,0.9428079276845046,0.911956787109375,1.0338296079498661,0.04830397209200247,0.0616912841796875,0.7829950816278689
Batch_3/tuy3zymq,Batch_3,256,512,2,2,0.8412007689476013,True,0.5728620290756226,0.0211295485496521,-0.009026853479297162,0.16616300366300366,0.08236716686198378,-0.413507326007326,-0.3063617600683602,-0.251510989010989,-0.15850970956903235,-0.14061355311355309,-0.16138084617186227,0.034747390693805925,0.029937744140625,1.1606549421555887,0.9222471231495792,0.9180755615234375,1.0045438107721978,0.027074570734267164,0.0372772216796875,0.7263033432832308,0.015299266937762585,0.029937744140625,0.5110360642371095,0.9713200472108012,0.9180755615234375,1.057995755380974,0.010268128916520274,0.0372772216796875,0.2754531709672831
Batch_3/tuy3zymq,Batch_3,256,768,2,2,0.8626545667648315,True,0.3093050718307495,0.020401835441589355,-0.0969248449262123,0.029624881239134582,0.2509131562337025,-0.36909340659340656,-0.21780502391625606,-0.39757326007326,-0.19219442684609458,-0.4277930402930402,-0.12336307349953872,0.022319356518513127,0.042022705078125,0.5311261251987205,0.9607951928074259,0.9159698486328125,1.0489375761020083,0.013567946809228494,0.02294921875,0.591216065219148,0.05692515345263974,0.042022705078125,1.3546284882615098,0.9028430114968522,0.9159698486328125,0.9856689200462727,0.011010287825737083,0.02294921875,0.4797674354704159
Batch_3/tuy3zymq,Batch_3,256,1024,2,2,0.8326071500778198,True,0.3441910743713379,0.02255803346633911,0.37331029446610503,0.031089743589743583,-0.012109618053151057,0.1329212454212454,0.2515181588740685,0.042811355311355305,0.15993047290885704,0.022527472527472524,0.15445562643271982,0.05515334069916981,0.0485687255859375,1.135573149877723,0.885179744525074,0.905975341796875,0.977046177404171,0.04454371363494909,0.0328521728515625,1.355883333385984,0.029106411729188195,0.0485687255859375,0.5992830031681048,0.9064450493224597,0.905975341796875,1.0005184550880304,0.05139150883105425,0.0328521728515625,1.564326020785867
Batch_3/tuy3zymq,Batch_3,256,1280,2,2,0.7906773090362549,True,0.25440919399261475,0.031895995140075684,0.025545945050128475,-0.05723443223443223,-0.15858997273820635,0.14986263736263736,-0.3727004209411992,0.10256410256410256,-0.32897396755247565,0.0916208791208791,-0.3256175660130427,0.014747840296557208,0.1392669677734375,0.10589618293800517,0.8725759314222971,0.812896728515625,1.073415479252387,0.10510753320888595,0.0374298095703125,2.808123643040175,0.0679805211095211,0.1392669677734375,0.48813097747710915,0.866270077137137,0.812896728515625,1.0656582155509142,0.055153717957845336,0.0374298095703125,1.4735238728436004
Batch_3/tuy3zymq,Batch_3,256,1536,2,2,0.8095706105232239,True,0.9190399646759033,0.041406214237213135,-0.08708717657381047,0.10741758241758241,-0.3219024139952568,-0.09075091575091573,-0.11376545389397086,-0.019917582417582416,-0.23305215126811402,-0.038782051282051276,-0.29981744007456756,0.0976535852155764,0.0658416748046875,1.4831576733923557,0.8234701747998207,0.855316162109375,0.9627669992450324,0.06712943380782785,0.06854248046875,0.9793843664358428,0.027534303004422552,0.0658416748046875,0.4181895901964858,0.8649964868127153,0.855316162109375,1.0113178320861689,0.09919088391899185,0.06854248046875,1.447144650159183
Batch_3/tuy3zymq,Batch_3,256,1792,2,2,0.8305377960205078,True,0.6050022840499878,0.029599428176879883,-0.07280261898485714,-0.02994505494505494,-0.21450607724857343,-0.2879120879120879,-0.08161605079134679,-0.2375457875457875,-0.10461359941140569,-0.13315018315018312,-0.252973034820648,0.020932200135856765,0.040283203125,0.5196260106452686,0.8769562687123266,0.8418731689453125,1.041672666455169,0.09165772285008518,0.1017608642578125,0.9007168278157418,0.021466892375093315,0.040283203125,0.5328993404144377,0.8707401654880589,0.8418731689453125,1.0342890088526169,0.09464440891159458,0.1017608642578125,0.9300668739586538
Batch_3/tuy3zymq,Batch_3,256,2048,2,2,0.8588723540306091,True,0.4465211033821106,0.0172080397605896,-0.006083075908947429,0.08855311355311354,0.16175451848792027,-0.24977106227106224,0.31880847831892667,-0.2648351648351648,0.1850729761388854,-0.1892399267399267,0.11202998132311515,0.03133718440421031,0.0383148193359375,0.8178867849917669,0.908103342263035,0.88189697265625,1.0297159083422773,0.053902125218816675,0.0682525634765625,0.7897450655802302,0.06982169011162045,0.0383148193359375,1.8223155249522733,0.8530042583571498,0.88189697265625,0.9672379935582768,0.05695916424763738,0.0682525634765625,0.8345351639018921
Batch_3/tuy3zymq,Batch_3,256,2304,2,2,0.8291370272636414,True,0.6902613043785095,0.040179312229156494,0.03094219657737255,-0.07696886446886446,0.07867437676826379,-0.2896978021978021,0.3076558062952543,-0.4083791208791208,0.2869435724113644,-0.3717490842490842,0.12200262683101898,0.02398685675509086,0.0208892822265625,1.148285350110763,0.9133931364746269,0.9066162109375,1.0074749662044087,0.05670856640194614,0.06451416015625,0.8790096044744423,0.027756562923428756,0.0208892822265625,1.328746609021057,0.9172609240309595,0.9066162109375,1.011741145773747,0.0492571445461052,0.06451416015625,0.7635090409114358
Batch_3/tuy3zymq,Batch_3,256,2560,2,2,0.850351095199585,True,0.3180900812149048,0.022844672203063965,-0.04996957334576126,-0.13914835164835163,0.295641709711412,-0.26552197802197797,-0.047278547111727694,-0.26987179487179486,0.03447297399805071,-0.2396062271062271,0.05692912395102049,0.017284205992190074,0.042205810546875,0.4095219536891427,0.9710207941897242,0.92999267578125,1.044116603793689,0.009615137968383253,0.023956298828125,0.4013615808254553,0.028867740501830372,0.042205810546875,0.6839755030831364,0.9603666093589572,0.92999267578125,1.0326604008490619,0.0069119244945512965,0.023956298828125,0.288522218901219
Batch_3/tuy3zymq,Batch_3,256,2816,2,2,0.7965182065963745,True,2.836646795272827,0.12840044498443604,0.020813662449356153,-0.15517399267399265,0.09709955540889845,-0.42028388278388273,0.269420011037995,-0.4500457875457875,0.23703034055228953,-0.4204212454212454,0.1954030156535772,0.00643894790675894,0.0138397216796875,0.46525125690998226,0.9670857302675268,0.958221435546875,1.009250778986793,0.023066272927429084,0.023223876953125,0.9932137073403366,0.01253915265265895,0.0138397216796875,0.9060263596964244,0.964097151677135,0.958221435546875,1.0061318980272098,0.018559285887839318,0.023223876953125,0.7991467542348473
Batch_3/tuy3zymq,Batch_3,256,3072,2,2,0.7965369820594788,True,0.5171211361885071,0.029107391834259033,0.27567394005548124,-0.009569597069597069,-0.21198597864513768,-0.06625457875457876,0.10401138126132081,-0.06762820512820512,0.011889648367488157,-0.10929487179487178,-0.08944886620656788,0.018208636162827353,0.0164794921875,1.104927018117642,0.8997021418749244,0.923309326171875,0.9744319876039504,0.06973099932201474,0.048431396484375,1.4397891529828475,0.015436687688804617,0.0164794921875,0.9367210781236105,0.924050470410884,0.923309326171875,1.0008027041620837,0.047447511279441905,0.048431396484375,0.9796849713955591
Batch_3/tuy3zymq,Batch_3,512,0,2,2,0.8422982096672058,True,0.7152338027954102,0.02377098798751831,0.10580471345223316,-0.06607142857142856,0.30988973513307244,-0.07495421245421245,0.20584457490236438,-0.17898351648351646,0.30435640329169744,-0.10137362637362636,0.33528749676482295,0.016582055438722397,0.0176239013671875,0.940884489378451,0.9239902347901464,0.9178924560546875,1.0066432387533377,0.05249030161185902,0.05584716796875,0.939891914326446,0.03467862655155179,0.0176239013671875,1.9677043027554095,0.9250160175504538,0.9178924560546875,1.007760780087882,0.031634805275152014,0.05584716796875,0.5664531689924488
Batch_3/tuy3zymq,Batch_3,512,256,2,2,0.8432698249816895,True,0.3351300358772278,0.01541149616241455,0.125340193201544,0.07316849816849816,-0.3027292120465758,-0.37976190476190474,0.13963982639511704,-0.3011904761904761,-0.035450216052234196,-0.21730769230769229,-0.0333811372943217,0.016182087553328124,0.0380096435546875,0.4257363668787282,0.9391595699712657,0.8899688720703125,1.055272380242381,0.04195230706631044,0.0660400390625,0.6352556367601019,0.04328496762479271,0.0380096435546875,1.138789096049143,0.7980397233957403,0.8899688720703125,0.8967052089577923,0.15022791652082126,0.0660400390625,2.2748005399973525
Batch_3/tuy3zymq,Batch_3,512,512,2,2,0.8144091367721558,True,1.2952057123184204,0.06790781021118164,-0.21551408374286077,-0.2237179487179487,0.06198639739084219,-0.37994505494505487,0.3640308936590927,-0.3534340659340659,0.3890388788339909,-0.31245421245421245,0.47723958350464285,4.8767765163184186e-05,0.0006561279296875,0.07432661064498695,0.9825119577462217,0.97039794921875,1.012483547123347,0.015854972716743243,0.02508544921875,0.6320386204163535,0.0017158413912083963,0.0006561279296875,2.6151018933542662,0.9581089917880864,0.97039794921875,0.9873361671461103,0.030938205308525236,0.02508544921875,1.2333127877734245
Batch_3/tuy3zymq,Batch_3,512,768,2,2,0.792799711227417,True,0.9341843724250793,0.09542840719223022,-0.16738046565964296,-0.2736721611721612,0.2080691310365505,-0.5151556776556775,0.10390798878774753,-0.510576923076923,0.20169426660815493,-0.4599816849816849,0.25050685668984096,0.010088702501472669,0.0986328125,0.10228545902483181,0.9596408616648918,0.82293701171875,1.1661170271836823,0.026571860371082442,0.0605316162109375,0.43897490327180716,0.19262006046636926,0.0986328125,1.9529004150253675,0.7471232934053063,0.82293701171875,0.9078742148744744,0.033645874559472426,0.0605316162109375,0.5558396861934926
Batch_3/tuy3zymq,Batch_3,512,1024,2,2,0.8363263010978699,True,0.45096760988235474,0.022656023502349854,0.1303713768667597,0.15879302648735508,-0.06161489083498889,-0.3987179487179487,-0.24654890994597534,-0.24125457875457873,-0.18774584282615017,-0.21442307692307688,-0.19585661070474678,0.14758415929365395,0.119049072265625,1.2396918051100878,0.8209299125494198,0.804779052734375,1.0200686881202605,0.022239351168397134,0.0610809326171875,0.3640964572001186,0.13527255820063266,0.119049072265625,1.1362756183333327,0.8347535957963722,0.804779052734375,1.0372456799914878,0.021509399840742658,0.0610809326171875,0.35214589756755205
Batch_3/tuy3zymq,Batch_3,512,1280,2,2,0.8234538435935974,True,0.4473583698272705,0.02812671661376953,-0.0312609353316118,0.20897435897435895,0.20164566588994862,0.16794871794871793,0.44534774073814937,0.2151098901098901,0.46475662417327934,0.19065934065934065,0.39587231479818474,0.049812075651827756,0.041015625,1.21446584446361,0.9294727142934119,0.9246978759765625,1.0051636739316685,0.016960214856987378,0.024505615234375,0.6920950441267277,0.03268680391938113,0.041015625,0.7969354098439589,0.9074476309774334,0.9246978759765625,0.9813449933786089,0.03777253010139774,0.024505615234375,1.5413826480231647
Batch_3/tuy3zymq,Batch_3,512,1536,2,2,0.8184365630149841,True,0.3841213583946228,0.053812503814697266,-0.14698191103174102,0.013782051282051282,0.053901058739426536,-0.3138736263736263,0.12083897457978458,-0.304029304029304,0.25439176909339795,-0.1913461538461538,0.18184685099547113,0.22754546882644303,0.14910888671875,1.5260355960918717,0.7435513372017166,0.773193359375,0.9616628598605088,0.025819090075852848,0.0582275390625,0.4434171612188397,0.12922477916402658,0.14910888671875,0.8666470658302954,0.8172044027342517,0.773193359375,1.0569211347014509,0.02294429705722506,0.0582275390625,0.3940454538632866
Batch_3/tuy3zymq,Batch_3,512,1792,2,2,0.7931715250015259,True,1.2353707551956177,0.06786870956420898,-0.3513033611273142,-0.23443223443223443,0.2713557411255435,-0.3659340659340659,0.24907296423875266,-0.4116758241758241,0.2911678335458074,-0.3733516483516483,0.2702835573004469,0.0014081194690870329,0.00567626953125,0.24807128367227899,0.9580976251144413,0.954345703125,1.003931407641021,0.03589177673615133,0.0341796875,1.050090839366256,0.019318178094354807,0.00567626953125,3.4033229021280555,0.9430153304137838,0.954345703125,0.9881276012726679,0.028335008189171503,0.0341796875,0.8290013824489034
Batch_3/tuy3zymq,Batch_3,512,2048,2,2,0.8014536499977112,True,0.4958338737487793,0.02897709608078003,-0.24286386665097412,-0.27925824175824177,0.10441950798265093,-0.3511446886446886,0.052554600450977554,-0.4951923076923076,0.09067162912452119,-0.49697802197802193,0.11637418525058983,0.06942062461152762,0.123809814453125,0.5607037286838888,0.8776885820015177,0.804840087890625,1.0905130040202378,0.03834969768793005,0.0444183349609375,0.8633753994078267,0.12715635462982158,0.123809814453125,1.027029684128665,0.8283224502582216,0.804840087890625,1.0291764323384296,0.02707163177995941,0.0444183349609375,0.6094697562114119
Batch_3/tuy3zymq,Batch_3,512,2304,2,2,0.8163539171218872,True,0.6456135511398315,0.039157748222351074,0.22981787031022616,-0.20718864468864467,0.050509168484847905,-0.18081501831501828,0.1569960632119256,-0.20123626373626372,0.1235386423334288,-0.2026098901098901,0.12545379125268066,0.0009686229886268276,0.0062713623046875,0.15445176686775614,0.9809220345706807,0.9804840087890625,1.0004467444422263,0.0175350692665024,0.0112762451171875,1.555045060148175,0.008630000619837501,0.0062713623046875,1.3760966438483466,0.9567241843588193,0.9804840087890625,0.975767249422469,0.0317831832376169,0.0112762451171875,2.8185963418950757
Batch_3/tuy3zymq,Batch_3,512,2560,2,2,0.8184943795204163,True,0.4644385576248169,0.02393507957458496,-0.0044140346835466705,0.3971611721611721,0.0030346488449383355,-0.25956959706959704,0.016966445814882516,-0.32710622710622705,0.17453828811190794,-0.19926739926739923,0.2089309750212091,0.0459877298382621,0.0318756103515625,1.4427246829489444,0.938793480560489,0.923583984375,1.0164679081088455,0.011814163906440474,0.0372772216796875,0.316927157499993,0.022535627861865085,0.0318756103515625,0.7069865522044951,0.9530586331407165,0.923583984375,1.0319133389755153,0.02290956939048083,0.0372772216796875,0.6145728774353466
Batch_3/tuy3zymq,Batch_3,512,2816,2,2,0.8635915517807007,True,0.25662750005722046,0.01440650224685669,-0.1698171252509756,0.04235347985347985,-0.14776955618600132,-0.3389194139194139,0.10649391850251708,-0.29500915750915746,0.24964134280906888,-0.29358974358974355,0.31014504911106316,0.032066544021167945,0.0518341064453125,0.6186379243365506,0.9465300775551918,0.903228759765625,1.0479405879423092,0.01508030884943354,0.030303955078125,0.4976350054161513,0.011758580794649523,0.0518341064453125,0.22685026522171067,0.9439414180975316,0.903228759765625,1.0450745814852829,0.0359682738813671,0.030303955078125,1.1869168162584463
Batch_3/tuy3zymq,Batch_3,512,3072,2,2,0.8319559097290039,True,0.19222229719161987,0.02083498239517212,0.0820734573971959,-0.21158424908424905,-0.38213585682246226,-0.6216117216117216,-0.1434101476873132,-0.6083791208791208,-0.16157206122898957,-0.6336080586080586,-0.14607696030862263,0.0,0.0284881591796875,0.0,0.9975749895232362,0.9376373291015625,1.0639241405620077,0.0023996299660420596,0.0223846435546875,0.10719982921236021,0.001081628871301903,0.0284881591796875,0.03796766454721024,0.9715364012828979,0.9376373291015625,1.036153714372504,0.024578411489340278,0.0223846435546875,1.0980032551911414
Batch_3/tuy3zymq,Batch_3,768,0,2,2,0.8429321050643921,True,0.6566014289855957,0.029963135719299316,-0.36556199479224977,-0.2936813186813187,0.1674931845665721,-0.47257326007326,0.2544411701282773,-0.4130036630036629,0.17264325201446393,-0.4437728937728937,0.21027122228689882,0.051843170872366284,0.0615081787109375,0.8428662977651692,0.9222077929970075,0.903656005859375,1.0205297004804277,0.01678873741334247,0.0236663818359375,0.7093918085885313,0.06713292087485964,0.0615081787109375,1.091447060891789,0.9064820768251673,0.903656005859375,1.0031273747393565,0.010284230523777997,0.0236663818359375,0.4345501815643551
Batch_3/tuy3zymq,Batch_3,768,256,2,2,0.8051882982254028,True,0.6817469596862793,0.032580018043518066,0.007062923469893194,-0.08786630036630036,0.015382004469666718,-0.22628205128205126,0.3642619825798271,-0.19999999999999998,0.34371314147782245,-0.20503663003663003,0.26296354328343957,0.0816729427674646,0.0599365234375,1.3626573261732586,0.8887033975422842,0.9109954833984375,0.9755299710455276,0.021064235143832547,0.0223388671875,0.9429410617392143,0.03350851951046613,0.0599365234375,0.5590667858039481,0.932526435456568,0.9109954833984375,1.0236345321689302,0.03013535725747608,0.0223388671875,1.3490100910013336
Batch_3/tuy3zymq,Batch_3,768,512,2,2,0.8285658955574036,True,0.3530884385108948,0.018333077430725098,-0.3425474832544031,0.2274725274725274,-0.08133778494993814,-0.020833333333333332,0.2798773866536311,-0.05032051282051281,0.2287941310971691,-0.02129120879120879,0.1475023256751846,0.13518787440457097,0.0933685302734375,1.4478954955022003,0.7954749188499327,0.8341827392578125,0.9535979125601198,0.05600648599425559,0.0543212890625,1.0310227713818916,0.1105625570071914,0.0933685302734375,1.1841522693288602,0.8318322116696555,0.8341827392578125,0.9971822390016745,0.036852498553929705,0.0543212890625,0.6784172318062744
Batch_3/tuy3zymq,Batch_3,768,768,2,2,0.8562067747116089,True,0.7426121830940247,0.03823214769363403,-0.5395412913116484,-0.1709249084249084,0.19326852226088898,-0.648076923076923,0.4881322335755858,-0.5648809523809523,0.3875753782731796,-0.47770146520146517,0.2895566721408663,0.017021148776650095,0.0293121337890625,0.5806861042303699,0.9706786180472108,0.92919921875,1.0446399420707766,0.0065716762472564725,0.03070068359375,0.2140563491750498,0.06216351673724211,0.0293121337890625,2.1207434840665793,0.8756298529083832,0.92919921875,0.9423488905708717,0.03805358838564662,0.03070068359375,1.2395029664223345
Batch_3/tuy3zymq,Batch_3,768,1024,2,2,0.8292723298072815,True,0.5318278074264526,0.02234816551208496,0.10890967348034813,0.19645596287114767,0.20486793940530784,-0.07532051282051282,0.17587066340407068,-0.01172161172161172,0.18533103758350766,0.05201465201465202,0.21440438262275316,0.013248357355349464,0.0113525390625,1.1669950909142237,0.9461188248293553,0.9491119384765625,0.9968464060709092,0.02798449272678007,0.0276031494140625,1.0138152102500049,0.007449893590845668,0.0113525390625,0.656231487055997,0.9577976367949526,0.9491119384765625,1.009151395073938,0.025430662872795853,0.0276031494140625,0.9212957004043941
Batch_3/tuy3zymq,Batch_3,768,1280,2,2,0.8525630831718445,True,1.0235605239868164,0.051619648933410645,-0.25180247550370266,0.03456999279064391,0.2954473187308256,-0.08337912087912086,0.10631557668137667,-0.15691391941391938,0.18765367500934796,-0.14647435897435895,0.23599569492211958,0.06831448101113696,0.0655670166015625,1.0419031481372754,0.848422831324257,0.841583251953125,1.0081270383592578,0.06456656514427732,0.066314697265625,0.9736388433721487,0.08626258791566477,0.0655670166015625,1.3156399724554355,0.8366606065438829,0.841583251953125,0.9941507326841191,0.04589404820306478,0.066314697265625,0.6920645059908084
Batch_3/tuy3zymq,Batch_3,768,1536,2,2,0.8181608319282532,True,1.4629790782928467,0.308091402053833,0.300987876849753,-0.07806776556776555,-0.32820852821042157,-0.10677655677655676,-0.14271333065820987,-0.10352564102564102,-0.1516185690460171,-0.03777472527472527,-0.14308055698348027,0.09131539601623707,0.0333404541015625,2.7388767932815163,0.8886235866314272,0.943756103515625,0.9415818168710948,0.007949192018837155,0.0141448974609375,0.56198300770929,0.0051802441080347345,0.0333404541015625,0.155374131745613,0.9830500105449376,0.943756103515625,1.041635658707729,0.008175810031822361,0.0141448974609375,0.5780041922821039
Batch_3/tuy3zymq,Batch_3,768,1792,2,2,0.8110371828079224,True,0.8551706075668335,0.03916877508163452,0.16973295722911882,-0.02596153846153846,-0.2120277520362117,-0.14775641025641026,0.007429854843362734,-0.09276556776556776,0.0051455205902791595,-0.0157051282051282,-0.14896628220108635,0.1051423562412069,0.1152801513671875,0.9120594915451667,0.8658882115231552,0.8553466796875,1.0123242798341212,0.019512531471819992,0.0215911865234375,0.9037266873054381,0.05529525057151436,0.1152801513671875,0.47965976723425086,0.8875435322842882,0.8553466796875,1.03764187476422,0.039648290944159274,0.0215911865234375,1.8363183005769768
Batch_3/tuy3zymq,Batch_3,768,2048,2,2,0.7592188715934753,True,1.1061850786209106,0.05644959211349487,0.23021949646373102,-0.18640109890109888,0.04069188223894587,-0.19784798534798534,0.07848705421681425,-0.18708791208791206,0.11297170018202261,-0.18809523809523807,0.09168317873950063,0.007080895802875981,0.0106353759765625,0.6657870693504739,0.9703452526023986,0.9574127197265625,1.01350779304408,0.019364826259616365,0.0281829833984375,0.6871105867624353,0.008788916807335682,0.0106353759765625,0.8263851533508626,0.9653079092824942,0.9574127197265625,1.008246380472349,0.023760197613535025,0.0281829833984375,0.843068928424814
Batch_3/tuy3zymq,Batch_3,768,2304,2,2,0.8296600580215454,True,1.2770026922225952,0.06320112943649292,0.34343719084818525,-0.05123626373626372,0.08487545130658093,-0.12857142857142856,0.0883505579083417,-0.12586996336996334,0.04301307442841642,-0.15059523809523806,0.06943309018220029,0.007596063199667376,0.00665283203125,1.1417788941591769,0.9550996078809184,0.956512451171875,0.9985229222168246,0.02612982084501855,0.0272369384765625,0.9593523467222048,0.009859732024675478,0.00665283203125,1.4820353164429636,0.9692494922473099,0.956512451171875,1.01331612678939,0.01456224505637786,0.0272369384765625,0.5346505837617812
Batch_3/tuy3zymq,Batch_3,768,2560,2,2,0.8151141405105591,True,0.30052947998046875,0.025288641452789307,-0.07124572238812671,-0.02605311355311355,-0.10239844446728172,-0.5110347985347985,0.14968053448682764,-0.5119047619047619,0.08253627994640035,-0.4077838827838828,0.012903494352312729,0.0075444770547419835,0.046630859375,0.16179150793834118,0.9838988241707739,0.88018798828125,1.1178280518142958,0.006764277734309533,0.045166015625,0.14976476540395595,0.04401203305291016,0.046630859375,0.9438392009671205,0.8613000888815441,0.88018798828125,0.9785410620785812,0.0673966948202423,0.045166015625,1.4921992539660132
Batch_3/tuy3zymq,Batch_3,768,2816,2,2,0.8567453622817993,True,0.9881811141967773,0.047085344791412354,0.08782050570954099,-0.13969780219780217,0.21053810710892593,-0.03154761904761905,0.32327190364869984,-0.14945054945054945,0.3702789848627015,-0.17724358974358972,0.3431008494115383,0.01906237278717757,0.0088958740234375,2.14283304113288,0.9572728400978094,0.975555419921875,0.9812593119255801,0.017874559652136413,0.0122528076171875,1.4588133765409863,0.023417684003547316,0.0088958740234375,2.6324208213661695,0.9588982404551357,0.975555419921875,0.9829254400861478,0.013043115127499543,0.0122528076171875,1.0645001158104732
Batch_3/tuy3zymq,Batch_3,768,3072,2,2,0.8485208749771118,True,0.679253876209259,0.02519434690475464,-0.049406591125026295,0.0771062271062271,-0.05754927443486118,0.0043040293040293035,0.2552903246153866,-0.0743131868131868,0.24689533280862724,0.05782967032967032,0.02447392420167273,0.21317566493392637,0.1676177978515625,1.2717961199007555,0.74962331093502,0.7946624755859375,0.9433228999296736,0.02887510065011202,0.0279693603515625,1.0323833039856745,0.0405715176391784,0.1676177978515625,0.24204779062368645,0.9139239615129084,0.7946624755859375,1.150078164744138,0.03724370780852899,0.0279693603515625,1.3315895444297632
