feature,freq,mass,kind,auc_Batch_1,auc_Batch_2,auc_Batch_3,batch_selectivity,d_frac_si,rho_frac_si,d_frac_graphite,rho_frac_graphite,d_frac_pore,rho_frac_pore,d_K01_si_frac_adm,rho_K01_si_frac_adm,d_K04_agglom_frac,rho_K04_agglom_frac,d_p1_c0,rho_p1_c0,d_p1_c1,rho_p1_c1,d_p1_c2,rho_p1_c2,d_noise_sigma_c0,rho_noise_sigma_c0,d_noise_sigma_c1,rho_noise_sigma_c1,d_noise_sigma_c2,rho_noise_sigma_c2,d_sharpness_c0,rho_sharpness_c0,d_sharpness_c1,rho_sharpness_c1,d_sharpness_c2,rho_sharpness_c2,best_kpi,best_kpi_d,best_img,best_img_d
0,0.0,0.0,rare,,,,,,,,,,,,,,,,,,,,,,,,,,,,,,,,,,,,
1,0.0,0.0,rare,,,,,,,,,,,,,,,,,,,,,,,,,,,,,,,,,,,,
2,0.0,0.0,rare,,,,,,,,,,,,,,,,,,,,,,,,,,,,,,,,,,,,
3,0.0,0.0,rare,,,,,,,,,,,,,,,,,,,,,,,,,,,,,,,,,,,,
4,0.0,0.0,rare,,,,,,,,,,,,,,,,,,,,,,,,,,,,,,,,,,,,
5,0.0,0.0,rare,,,,,,,,,,,,,,,,,,,,,,,,,,,,,,,,,,,,
6,0.0,0.0,rare,,,,,,,,,,,,,,,,,,,,,,,,,,,,,,,,,,,,
7,0.0,0.0,rare,,,,,,,,,,,,,,,,,,,,,,,,,,,,,,,,,,,,
8,0.0,0.0,rare,,,,,,,,,,,,,,,,,,,,,,,,,,,,,,,,,,,,
9,0.0,0.0,rare,,,,,,,,,,,,,,,,,,,,,,,,,,,,,,,,,,,,
10,0.0,0.0,rare,,,,,,,,,,,,,,,,,,,,,,,,,,,,,,,,,,,,
11,0.0,0.0,rare,,,,,,,,,,,,,,,,,,,,,,,,,,,,,,,,,,,,
12,0.0,0.0,rare,,,,,,,,,,,,,,,,,,,,,,,,,,,,,,,,,,,,
13,0.0,0.0,rare,,,,,,,,,,,,,,,,,,,,,,,,,,,,,,,,,,,,
14,0.0,0.0,rare,,,,,,,,,,,,,,,,,,,,,,,,,,,,,,,,,,,,
15,0.0,0.0,rare,,,,,,,,,,,,,,,,,,,,,,,,,,,,,,,,,,,,
16,0.005964214711729622,66.62318420410156,rare,,,,,,,,,,,,,,,,,,,,,,,,,,,,,,,,,,,,
17,0.0,0.0,rare,,,,,,,,,,,,,,,,,,,,,,,,,,,,,,,,,,,,
18,0.0,0.0,rare,,,,,,,,,,,,,,,,,,,,,,,,,,,,,,,,,,,,
19,0.0019880715705765406,26.336742401123047,rare,,,,,,,,,,,,,,,,,,,,,,,,,,,,,,,,,,,,
20,0.0,0.0,rare,,,,,,,,,,,,,,,,,,,,,,,,,,,,,,,,,,,,
21,0.0,0.0,rare,,,,,,,,,,,,,,,,,,,,,,,,,,,,,,,,,,,,
22,0.0,0.0,rare,,,,,,,,,,,,,,,,,,,,,,,,,,,,,,,,,,,,
23,0.0,0.0,rare,,,,,,,,,,,,,,,,,,,,,,,,,,,,,,,,,,,,
24,0.0,0.0,rare,,,,,,,,,,,,,,,,,,,,,,,,,,,,,,,,,,,,
25,0.0,0.0,rare,,,,,,,,,,,,,,,,,,,,,,,,,,,,,,,,,,,,
26,0.0,0.0,rare,,,,,,,,,,,,,,,,,,,,,,,,,,,,,,,,,,,,
27,0.0,0.0,rare,,,,,,,,,,,,,,,,,,,,,,,,,,,,,,,,,,,,
28,0.0,0.0,rare,,,,,,,,,,,,,,,,,,,,,,,,,,,,,,,,,,,,
29,0.0006626905235255136,11.10922622680664,rare,,,,,,,,,,,,,,,,,,,,,,,,,,,,,,,,,,,,
30,0.00927766732935719,88.71724700927734,imaging,0.49402220324508966,0.493897122929381,0.5086526576019778,0.017305315203955507,-0.5063753831007763,-0.04760120059341539,0.4790259072807859,0.041794726884305064,0.0450631157809902,0.019534853163353384,-0.5068885270842169,-0.047632915450004046,-0.33683287737374573,-0.03367006446576788,1.3977986775086,0.11521157688006041,0.42306447106749534,0.048578221278890825,1.3154968019323037,0.10308026925765665,-1.140948578082765,-0.11336940912156507,-1.3370327254127874,-0.11245194973004656,-1.0427456818631997,-0.09710340781875529,0.1681798434724074,0.018455453399303122,-0.7779978360884982,-0.07613948927249387,-0.370303874114823,-0.052153097039012386,K01_si_frac_adm,-0.5068885270842169,p1_c0,1.3977986775086
31,0.0,0.0,rare,,,,,,,,,,,,,,,,,,,,,,,,,,,,,,,,,,,,
32,0.0145791915175613,112.3355941772461,material,0.5135650003284503,0.4922064284922955,0.49623344517040435,0.027130000656900632,1.175947072541069,0.09292427596020916,-1.5669407861294458,-0.10602958936870266,0.6308516220310997,0.024809328360203914,1.1894065527594921,0.09320832805517176,0.8765551070724952,0.10602777340424602,-0.28433847430360043,-0.029267314654955367,-0.7759143359069968,-0.07400624250819449,-0.20543349015360035,-0.02344942307807743,0.5744694430913168,0.050487313458638376,0.08889580511343233,-0.008271610345404872,0.7927661293811311,0.07285218784747413,0.13299857638754822,0.009432634024162471,0.21512440669541763,0.030273043541548115,-0.011482832267258157,0.0025678908118992616,frac_graphite,-1.5669407861294458,noise_sigma_c2,0.7927661293811311
33,0.0,0.0,rare,,,,,,,,,,,,,,,,,,,,,,,,,,,,,,,,,,,,
34,0.0,0.0,rare,,,,,,,,,,,,,,,,,,,,,,,,,,,,,,,,,,,,
35,0.0,0.0,rare,,,,,,,,,,,,,,,,,,,,,,,,,,,,,,,,,,,,
36,0.0,0.0,rare,,,,,,,,,,,,,,,,,,,,,,,,,,,,,,,,,,,,
37,0.0,0.0,rare,,,,,,,,,,,,,,,,,,,,,,,,,,,,,,,,,,,,
38,0.0,0.0,rare,,,,,,,,,,,,,,,,,,,,,,,,,,,,,,,,,,,,
39,0.0,0.0,rare,,,,,,,,,,,,,,,,,,,,,,,,,,,,,,,,,,,,
40,0.0,0.0,rare,,,,,,,,,,,,,,,,,,,,,,,,,,,,,,,,,,,,
41,0.0,0.0,rare,,,,,,,,,,,,,,,,,,,,,,,,,,,,,,,,,,,,
42,0.0,0.0,rare,,,,,,,,,,,,,,,,,,,,,,,,,,,,,,,,,,,,
43,0.0,0.0,rare,,,,,,,,,,,,,,,,,,,,,,,,,,,,,,,,,,,,
44,0.0,0.0,rare,,,,,,,,,,,,,,,,,,,,,,,,,,,,,,,,,,,,
45,0.0,0.0,rare,,,,,,,,,,,,,,,,,,,,,,,,,,,,,,,,,,,,
46,0.0,0.0,rare,,,,,,,,,,,,,,,,,,,,,,,,,,,,,,,,,,,,
47,0.0,0.0,rare,,,,,,,,,,,,,,,,,,,,,,,,,,,,,,,,,,,,
48,0.005964214711729622,74.800048828125,rare,,,,,,,,,,,,,,,,,,,,,,,,,,,,,,,,,,,,
49,0.0,0.0,rare,,,,,,,,,,,,,,,,,,,,,,,,,,,,,,,,,,,,
50,0.0,0.0,rare,,,,,,,,,,,,,,,,,,,,,,,,,,,,,,,,,,,,
51,0.0,0.0,rare,,,,,,,,,,,,,,,,,,,,,,,,,,,,,,,,,,,,
52,0.015241882041086813,141.76568603515625,imaging,0.4921007685738685,0.49904747913124314,0.5062193183824828,0.01579846285226305,-0.5451794995814229,-0.0870718282157371,0.544121678216884,0.08826560853514714,-0.0030283791844935657,-0.019756046275193347,-0.5456756650628745,-0.0871339467869584,-0.33683288933317557,-0.04232457615854792,0.8127962612815844,0.06559818298648888,0.18096034407951087,0.03574524553014952,0.8810302806278397,0.0858830109807085,-0.8356098874472854,-0.09775031623088275,-1.053970843214926,-0.11691828133874703,-0.7107901362824858,-0.08055843891505268,0.21081395466629357,0.04823612688310567,-0.8744886013836118,-0.1052660760103859,-0.08685497153748008,-0.0011823152888127864,K01_si_frac_adm,-0.5456756650628745,noise_sigma_c1,-1.053970843214926
53,0.0,0.0,rare,,,,,,,,,,,,,,,,,,,,,,,,,,,,,,,,,,,,
54,0.0019880715705765406,32.64789581298828,rare,,,,,,,,,,,,,,,,,,,,,,,,,,,,,,,,,,,,
55,0.0,0.0,rare,,,,,,,,,,,,,,,,,,,,,,,,,,,,,,,,,,,,
56,0.0,0.0,rare,,,,,,,,,,,,,,,,,,,,,,,,,,,,,,,,,,,,
57,0.0019880715705765406,34.26548767089844,rare,,,,,,,,,,,,,,,,,,,,,,,,,,,,,,,,,,,,
58,0.0,0.0,rare,,,,,,,,,,,,,,,,,,,,,,,,,,,,,,,,,,,,
59,0.0006626905235255136,8.803760528564453,rare,,,,,,,,,,,,,,,,,,,,,,,,,,,,,,,,,,,,
60,0.0,0.0,rare,,,,,,,,,,,,,,,,,,,,,,,,,,,,,,,,,,,,
61,0.0,0.0,rare,,,,,,,,,,,,,,,,,,,,,,,,,,,,,,,,,,,,
62,0.0,0.0,rare,,,,,,,,,,,,,,,,,,,,,,,,,,,,,,,,,,,,
63,0.0,0.0,rare,,,,,,,,,,,,,,,,,,,,,,,,,,,,,,,,,,,,
64,0.0,0.0,rare,,,,,,,,,,,,,,,,,,,,,,,,,,,,,,,,,,,,
65,0.0,0.0,rare,,,,,,,,,,,,,,,,,,,,,,,,,,,,,,,,,,,,
66,0.0,0.0,rare,,,,,,,,,,,,,,,,,,,,,,,,,,,,,,,,,,,,
67,0.0019880715705765406,29.771114349365234,rare,,,,,,,,,,,,,,,,,,,,,,,,,,,,,,,,,,,,
68,0.0,0.0,rare,,,,,,,,,,,,,,,,,,,,,,,,,,,,,,,,,,,,
69,0.0019880715705765406,2.4759714603424072,rare,,,,,,,,,,,,,,,,,,,,,,,,,,,,,,,,,,,,
70,0.0,0.0,rare,,,,,,,,,,,,,,,,,,,,,,,,,,,,,,,,,,,,
71,0.0,0.0,rare,,,,,,,,,,,,,,,,,,,,,,,,,,,,,,,,,,,,
72,0.0019880715705765406,33.73397445678711,rare,,,,,,,,,,,,,,,,,,,,,,,,,,,,,,,,,,,,
73,0.0013253810470510272,19.659343719482422,rare,,,,,,,,,,,,,,,,,,,,,,,,,,,,,,,,,,,,
74,0.0,0.0,rare,,,,,,,,,,,,,,,,,,,,,,,,,,,,,,,,,,,,
75,0.0,0.0,rare,,,,,,,,,,,,,,,,,,,,,,,,,,,,,,,,,,,,
76,0.0,0.0,rare,,,,,,,,,,,,,,,,,,,,,,,,,,,,,,,,,,,,
77,0.00728959575878065,72.37440490722656,imaging,0.49719680240930975,0.4952048823016565,0.5054750132438637,0.01095002648772736,-0.019492896388942332,0.01737508366272073,0.1822462542104701,0.003755995030089377,-0.3641747748341623,-0.020508730487865626,-0.020219072472216666,0.01730369107216103,-0.3368328987053506,-0.029814417850313527,0.6698175406895892,0.04479604413106943,-0.059772700953839596,-0.0019407758051116417,0.7899448161498419,0.04778858642780623,-0.9725626096979019,-0.0735996333317076,-0.9387398421969412,-0.070627560518402,-0.9184500200639051,-0.06768325473581621,-0.5387811335422067,-0.04671306807416167,-0.7551330848539923,-0.06322990972684943,-0.307854260191803,-0.03300385425945847,frac_pore,-0.3641747748341623,noise_sigma_c0,-0.9725626096979019
78,0.0,0.0,rare,,,,,,,,,,,,,,,,,,,,,,,,,,,,,,,,,,,,
79,0.0,0.0,rare,,,,,,,,,,,,,,,,,,,,,,,,,,,,,,,,,,,,
80,0.0,0.0,rare,,,,,,,,,,,,,,,,,,,,,,,,,,,,,,,,,,,,
81,0.0,0.0,rare,,,,,,,,,,,,,,,,,,,,,,,,,,,,,,,,,,,,
82,0.0,0.0,rare,,,,,,,,,,,,,,,,,,,,,,,,,,,,,,,,,,,,
83,0.0,0.0,rare,,,,,,,,,,,,,,,,,,,,,,,,,,,,,,,,,,,,
84,0.0,0.0,rare,,,,,,,,,,,,,,,,,,,,,,,,,,,,,,,,,,,,
85,0.0,0.0,rare,,,,,,,,,,,,,,,,,,,,,,,,,,,,,,,,,,,,
86,0.0,0.0,rare,,,,,,,,,,,,,,,,,,,,,,,,,,,,,,,,,,,,
87,0.0,0.0,rare,,,,,,,,,,,,,,,,,,,,,,,,,,,,,,,,,,,,
88,0.0,0.0,rare,,,,,,,,,,,,,,,,,,,,,,,,,,,,,,,,,,,,
89,0.0033134526176275677,52.043487548828125,rare,,,,,,,,,,,,,,,,,,,,,,,,,,,,,,,,,,,,
90,0.03512259774685222,287.29168701171875,imaging,0.4812176918529149,0.4787085695569031,0.5287383012537523,0.05747660250750464,-0.03059909213419866,0.008878757610204862,0.10692281923781907,0.01457383081573414,-0.24077737359873924,-0.02528076303951057,-0.031320408754306105,0.008728842160002302,-0.1474664244962264,-0.030356105319527288,0.4348717928949461,0.12682867174398893,0.23398459250452355,0.06104217356066163,0.35410813056284274,0.12488081482947663,-0.7050595694744647,-0.14808545145990784,-0.6652818239397316,-0.13998425296168737,-0.6319820510351322,-0.13621419554904132,-0.3654808118391122,-0.07430965879179549,-0.40882093975073625,-0.09206064326298513,-0.5880111161720866,-0.14854646985631462,frac_pore,-0.24077737359873924,noise_sigma_c0,-0.7050595694744647
91,0.0,0.0,rare,,,,,,,,,,,,,,,,,,,,,,,,,,,,,,,,,,,,
92,0.0,0.0,rare,,,,,,,,,,,,,,,,,,,,,,,,,,,,,,,,,,,,
93,0.0,0.0,rare,,,,,,,,,,,,,,,,,,,,,,,,,,,,,,,,,,,,
94,0.0,0.0,rare,,,,,,,,,,,,,,,,,,,,,,,,,,,,,,,,,,,,
95,0.0,0.0,rare,,,,,,,,,,,,,,,,,,,,,,,,,,,,,,,,,,,,
96,0.0,0.0,rare,,,,,,,,,,,,,,,,,,,,,,,,,,,,,,,,,,,,
97,0.0,0.0,rare,,,,,,,,,,,,,,,,,,,,,,,,,,,,,,,,,,,,
98,0.0,0.0,rare,,,,,,,,,,,,,,,,,,,,,,,,,,,,,,,,,,,,
99,0.0,0.0,rare,,,,,,,,,,,,,,,,,,,,,,,,,,,,,,,,,,,,
100,0.0,0.0,rare,,,,,,,,,,,,,,,,,,,,,,,,,,,,,,,,,,,,
101,0.0,0.0,rare,,,,,,,,,,,,,,,,,,,,,,,,,,,,,,,,,,,,
102,0.0,0.0,rare,,,,,,,,,,,,,,,,,,,,,,,,,,,,,,,,,,,,
103,0.0,0.0,rare,,,,,,,,,,,,,,,,,,,,,,,,,,,,,,,,,,,,
104,0.0,0.0,rare,,,,,,,,,,,,,,,,,,,,,,,,,,,,,,,,,,,,
105,0.0,0.0,rare,,,,,,,,,,,,,,,,,,,,,,,,,,,,,,,,,,,,
106,0.0,0.0,rare,,,,,,,,,,,,,,,,,,,,,,,,,,,,,,,,,,,,
107,0.0,0.0,rare,,,,,,,,,,,,,,,,,,,,,,,,,,,,,,,,,,,,
108,0.0006626905235255136,8.865045547485352,rare,,,,,,,,,,,,,,,,,,,,,,,,,,,,,,,,,,,,
109,0.0,0.0,rare,,,,,,,,,,,,,,,,,,,,,,,,,,,,,,,,,,,,
110,0.0,0.0,rare,,,,,,,,,,,,,,,,,,,,,,,,,,,,,,,,,,,,
111,0.017892644135188866,168.32838439941406,imaging,0.5304397697815554,0.4918379438072898,0.48470951792336214,0.06087953956311076,0.9812195018614251,0.1041757353799231,-0.7053915947594664,-0.06844816099448704,-1.0275868674048076,-0.1487929163149578,0.9800554710340235,0.10406111380625305,0.5529569711157124,0.11347482407695952,-0.03302827471958969,0.008845261668705594,-0.47641851669707275,-0.057212510550987916,-0.18007832332145224,-0.030055163699112243,1.1301884273526484,0.17045635700564166,0.3568253176408439,0.0478782391198012,1.2326262984681555,0.17031501570497806,0.8584301927186372,0.11854475412514322,0.3297093697047738,0.061180216447561574,0.29289012485433696,0.048500144750730806,frac_pore,-1.0275868674048076,noise_sigma_c2,1.2326262984681555
112,0.0,0.0,rare,,,,,,,,,,,,,,,,,,,,,,,,,,,,,,,,,,,,
113,0.0,0.0,rare,,,,,,,,,,,,,,,,,,,,,,,,,,,,,,,,,,,,
114,0.0,0.0,rare,,,,,,,,,,,,,,,,,,,,,,,,,,,,,,,,,,,,
115,0.007952286282306162,91.8397445678711,imaging,0.504403761514712,0.5038582514077078,0.4940932368002826,0.011813526399434782,-0.7051947784602296,-0.091825828093195,0.9243214699619271,0.09894962689785428,-0.6879436372180567,-0.06194536573000476,-0.7056209304475863,-0.09184285371614531,-0.08580515400168715,0.007340104094605595,-0.18324733514955135,-0.041696845125068445,0.6893041908320763,0.03896385897723735,-0.11892169446852255,-0.024335785178321745,0.614966435939731,0.04428484307118333,0.3930563151933381,0.029674890975487894,0.5453925743484016,0.039005674268735996,2.0528413477636005,0.09932352061653293,1.5178645213242414,0.06263663809224736,1.7795109435730336,0.08489306170490359,frac_graphite,0.9243214699619271,sharpness_c0,2.0528413477636005
116,0.0,0.0,rare,,,,,,,,,,,,,,,,,,,,,,,,,,,,,,,,,,,,
117,0.0,0.0,rare,,,,,,,,,,,,,,,,,,,,,,,,,,,,,,,,,,,,
118,0.0,0.0,rare,,,,,,,,,,,,,,,,,,,,,,,,,,,,,,,,,,,,
119,0.0,0.0,rare,,,,,,,,,,,,,,,,,,,,,,,,,,,,,,,,,,,,
120,0.0,0.0,rare,,,,,,,,,,,,,,,,,,,,,,,,,,,,,,,,,,,,
121,0.0,0.0,rare,,,,,,,,,,,,,,,,,,,,,,,,,,,,,,,,,,,,
122,0.0,0.0,rare,,,,,,,,,,,,,,,,,,,,,,,,,,,,,,,,,,,,
123,0.0,0.0,rare,,,,,,,,,,,,,,,,,,,,,,,,,,,,,,,,,,,,
124,0.0,0.0,rare,,,,,,,,,,,,,,,,,,,,,,,,,,,,,,,,,,,,
125,0.004638833664678595,50.4124641418457,rare,,,,,,,,,,,,,,,,,,,,,,,,,,,,,,,,,,,,
126,0.0,0.0,rare,,,,,,,,,,,,,,,,,,,,,,,,,,,,,,,,,,,,
127,0.0,0.0,rare,,,,,,,,,,,,,,,,,,,,,,,,,,,,,,,,,,,,
128,0.0,0.0,rare,,,,,,,,,,,,,,,,,,,,,,,,,,,,,,,,,,,,
129,0.0,0.0,rare,,,,,,,,,,,,,,,,,,,,,,,,,,,,,,,,,,,,
130,0.0,0.0,rare,,,,,,,,,,,,,,,,,,,,,,,,,,,,,,,,,,,,
131,0.0,0.0,rare,,,,,,,,,,,,,,,,,,,,,,,,,,,,,,,,,,,,
132,0.0,0.0,rare,,,,,,,,,,,,,,,,,,,,,,,,,,,,,,,,,,,,
133,0.0,0.0,rare,,,,,,,,,,,,,,,,,,,,,,,,,,,,,,,,,,,,
134,0.0,0.0,rare,,,,,,,,,,,,,,,,,,,,,,,,,,,,,,,,,,,,
135,0.0066269052352551355,62.17073059082031,material,0.4976402104103608,0.5065484304479136,0.4968479604449938,0.01309686089582729,-0.6812199538234607,-0.05738953575263767,0.2238508181835634,0.013831838884986403,1.5190977262450223,0.05852845703874587,-0.6816565957468528,-0.05740827352099807,-0.3368328629435455,-0.028417121248368652,-0.6073110677146273,-0.05739290522551615,-0.4952884806195816,-0.04471235410543461,-0.48825677480738633,-0.0474853206934585,0.013035140367504817,-0.012127329905793533,-0.015077643031453841,-0.01474644230109892,-0.3192485698762409,-0.03496873160144481,0.6080950189604164,0.02794729665521275,-0.4826172549817326,-0.03972562362208858,-0.35238153101808584,-0.023113665739476288,frac_pore,1.5190977262450223,sharpness_c0,0.6080950189604164
136,0.0,0.0,rare,,,,,,,,,,,,,,,,,,,,,,,,,,,,,,,,,,,,
137,0.0,0.0,rare,,,,,,,,,,,,,,,,,,,,,,,,,,,,,,,,,,,,
138,0.0,0.0,rare,,,,,,,,,,,,,,,,,,,,,,,,,,,,,,,,,,,,
139,0.0006626905235255136,16.691450119018555,rare,,,,,,,,,,,,,,,,,,,,,,,,,,,,,,,,,,,,
140,0.0,0.0,rare,,,,,,,,,,,,,,,,,,,,,,,,,,,,,,,,,,,,
141,0.0,0.0,rare,,,,,,,,,,,,,,,,,,,,,,,,,,,,,,,,,,,,
142,0.0,0.0,rare,,,,,,,,,,,,,,,,,,,,,,,,,,,,,,,,,,,,
143,0.0,0.0,rare,,,,,,,,,,,,,,,,,,,,,,,,,,,,,,,,,,,,
144,0.0,0.0,rare,,,,,,,,,,,,,,,,,,,,,,,,,,,,,,,,,,,,
145,0.0,0.0,rare,,,,,,,,,,,,,,,,,,,,,,,,,,,,,,,,,,,,
146,0.0,0.0,rare,,,,,,,,,,,,,,,,,,,,,,,,,,,,,,,,,,,,
147,0.0,0.0,rare,,,,,,,,,,,,,,,,,,,,,,,,,,,,,,,,,,,,
148,0.003976143141153081,49.51582717895508,rare,,,,,,,,,,,,,,,,,,,,,,,,,,,,,,,,,,,,
149,0.0,0.0,rare,,,,,,,,,,,,,,,,,,,,,,,,,,,,,,,,,,,,
150,0.0,0.0,rare,,,,,,,,,,,,,,,,,,,,,,,,,,,,,,,,,,,,
151,0.0,0.0,rare,,,,,,,,,,,,,,,,,,,,,,,,,,,,,,,,,,,,
152,0.0,0.0,rare,,,,,,,,,,,,,,,,,,,,,,,,,,,,,,,,,,,,
153,0.0,0.0,rare,,,,,,,,,,,,,,,,,,,,,,,,,,,,,,,,,,,,
154,0.0,0.0,rare,,,,,,,,,,,,,,,,,,,,,,,,,,,,,,,,,,,,
155,0.0,0.0,rare,,,,,,,,,,,,,,,,,,,,,,,,,,,,,,,,,,,,
156,0.0,0.0,rare,,,,,,,,,,,,,,,,,,,,,,,,,,,,,,,,,,,,
157,0.0013253810470510272,23.161266326904297,rare,,,,,,,,,,,,,,,,,,,,,,,,,,,,,,,,,,,,
158,0.0,0.0,rare,,,,,,,,,,,,,,,,,,,,,,,,,,,,,,,,,,,,
159,0.0,0.0,rare,,,,,,,,,,,,,,,,,,,,,,,,,,,,,,,,,,,,
160,0.0,0.0,rare,,,,,,,,,,,,,,,,,,,,,,,,,,,,,,,,,,,,
161,0.0,0.0,rare,,,,,,,,,,,,,,,,,,,,,,,,,,,,,,,,,,,,
162,0.0,0.0,rare,,,,,,,,,,,,,,,,,,,,,,,,,,,,,,,,,,,,
163,0.0,0.0,rare,,,,,,,,,,,,,,,,,,,,,,,,,,,,,,,,,,,,
164,0.0,0.0,rare,,,,,,,,,,,,,,,,,,,,,,,,,,,,,,,,,,,,
165,0.0019880715705765406,29.314319610595703,rare,,,,,,,,,,,,,,,,,,,,,,,,,,,,,,,,,,,,
166,0.0,0.0,rare,,,,,,,,,,,,,,,,,,,,,,,,,,,,,,,,,,,,
167,0.0,0.0,rare,,,,,,,,,,,,,,,,,,,,,,,,,,,,,,,,,,,,
168,0.0,0.0,rare,,,,,,,,,,,,,,,,,,,,,,,,,,,,,,,,,,,,
169,0.0,0.0,rare,,,,,,,,,,,,,,,,,,,,,,,,,,,,,,,,,,,,
170,0.0,0.0,rare,,,,,,,,,,,,,,,,,,,,,,,,,,,,,,,,,,,,
171,0.0,0.0,rare,,,,,,,,,,,,,,,,,,,,,,,,,,,,,,,,,,,,
172,0.0,0.0,rare,,,,,,,,,,,,,,,,,,,,,,,,,,,,,,,,,,,,
173,0.0,0.0,rare,,,,,,,,,,,,,,,,,,,,,,,,,,,,,,,,,,,,
174,0.0,0.0,rare,,,,,,,,,,,,,,,,,,,,,,,,,,,,,,,,,,,,
175,0.0,0.0,rare,,,,,,,,,,,,,,,,,,,,,,,,,,,,,,,,,,,,
176,0.0,0.0,rare,,,,,,,,,,,,,,,,,,,,,,,,,,,,,,,,,,,,
177,0.0,0.0,rare,,,,,,,,,,,,,,,,,,,,,,,,,,,,,,,,,,,,
178,0.0,0.0,rare,,,,,,,,,,,,,,,,,,,,,,,,,,,,,,,,,,,,
179,0.0,0.0,rare,,,,,,,,,,,,,,,,,,,,,,,,,,,,,,,,,,,,
180,0.005964214711729622,50.06072998046875,rare,,,,,,,,,,,,,,,,,,,,,,,,,,,,,,,,,,,,
181,0.0,0.0,rare,,,,,,,,,,,,,,,,,,,,,,,,,,,,,,,,,,,,
182,0.0,0.0,rare,,,,,,,,,,,,,,,,,,,,,,,,,,,,,,,,,,,,
183,0.0,0.0,rare,,,,,,,,,,,,,,,,,,,,,,,,,,,,,,,,,,,,
184,0.0,0.0,rare,,,,,,,,,,,,,,,,,,,,,,,,,,,,,,,,,,,,
185,0.0,0.0,rare,,,,,,,,,,,,,,,,,,,,,,,,,,,,,,,,,,,,
186,0.0,0.0,rare,,,,,,,,,,,,,,,,,,,,,,,,,,,,,,,,,,,,
187,0.0,0.0,rare,,,,,,,,,,,,,,,,,,,,,,,,,,,,,,,,,,,,
188,0.0,0.0,rare,,,,,,,,,,,,,,,,,,,,,,,,,,,,,,,,,,,,
189,0.0,0.0,rare,,,,,,,,,,,,,,,,,,,,,,,,,,,,,,,,,,,,
190,0.0,0.0,rare,,,,,,,,,,,,,,,,,,,,,,,,,,,,,,,,,,,,
191,0.0,0.0,rare,,,,,,,,,,,,,,,,,,,,,,,,,,,,,,,,,,,,
192,0.0,0.0,rare,,,,,,,,,,,,,,,,,,,,,,,,,,,,,,,,,,,,
193,0.0,0.0,rare,,,,,,,,,,,,,,,,,,,,,,,,,,,,,,,,,,,,
194,0.0,0.0,rare,,,,,,,,,,,,,,,,,,,,,,,,,,,,,,,,,,,,
195,0.0,0.0,rare,,,,,,,,,,,,,,,,,,,,,,,,,,,,,,,,,,,,
196,0.0,0.0,rare,,,,,,,,,,,,,,,,,,,,,,,,,,,,,,,,,,,,
197,0.0,0.0,rare,,,,,,,,,,,,,,,,,,,,,,,,,,,,,,,,,,,,
198,0.0,0.0,rare,,,,,,,,,,,,,,,,,,,,,,,,,,,,,,,,,,,,
199,0.0013253810470510272,18.302230834960938,rare,,,,,,,,,,,,,,,,,,,,,,,,,,,,,,,,,,,,
200,0.005301524188204109,85.19659423828125,rare,,,,,,,,,,,,,,,,,,,,,,,,,,,,,,,,,,,,
201,0.0,0.0,rare,,,,,,,,,,,,,,,,,,,,,,,,,,,,,,,,,,,,
202,0.0,0.0,rare,,,,,,,,,,,,,,,,,,,,,,,,,,,,,,,,,,,,
203,0.0,0.0,rare,,,,,,,,,,,,,,,,,,,,,,,,,,,,,,,,,,,,
204,0.0,0.0,rare,,,,,,,,,,,,,,,,,,,,,,,,,,,,,,,,,,,,
205,0.0,0.0,rare,,,,,,,,,,,,,,,,,,,,,,,,,,,,,,,,,,,,
206,0.0,0.0,rare,,,,,,,,,,,,,,,,,,,,,,,,,,,,,,,,,,,,
207,0.0,0.0,rare,,,,,,,,,,,,,,,,,,,,,,,,,,,,,,,,,,,,
208,0.0,0.0,rare,,,,,,,,,,,,,,,,,,,,,,,,,,,,,,,,,,,,
209,0.0,0.0,rare,,,,,,,,,,,,,,,,,,,,,,,,,,,,,,,,,,,,
210,0.01656726308813784,123.46107482910156,imaging,0.4893253629376601,0.4909095069048731,0.5141259049973513,0.02825180999470267,-0.2137558479926663,-0.011511138587604405,0.12599922282989476,0.011030397832213146,0.24383419026421801,0.024660106415405555,-0.21439702567435778,-0.011594659857456655,-0.3368329009012512,-0.045165035222829594,1.5762359053399115,0.15964742477481644,0.05666485190864125,0.031837151161079644,1.6863771722509033,0.14932060956278784,-1.3188790525236442,-0.154380273255296,-1.4376530052080008,-0.15711412178488549,-1.0989013407547883,-0.12228841979316707,-0.40323272462359566,-0.03450939584183065,-0.883423924174626,-0.12116860124918614,-0.23172452363961174,-0.051670224680486536,K04_agglom_frac,-0.3368329009012512,p1_c2,1.6863771722509033
211,0.007952286282306162,78.6217041015625,imaging,0.5082441043158379,0.500195080127356,0.4940950026487728,0.01648820863167577,-0.7589438391556401,-0.09245632987112733,0.9950951536341237,0.1183821164086392,-0.7914980786667819,-0.07270910045029556,-0.7593464735747988,-0.09249047216050832,-0.3368328823929466,-0.03115089719541056,-0.28207682268130513,-0.036406998241618416,1.3685292828849631,0.07628218276813065,-0.35575804894305635,-0.02530863417734851,0.5800764324218622,0.055801052464549646,0.8223094216643874,0.07930396251059402,0.40025450185453193,0.039143057918157066,1.210081202600712,0.09690473300696356,1.3785342401319618,0.09087751345015785,0.756320656654966,0.07275313236926315,frac_graphite,0.9950951536341237,sharpness_c1,1.3785342401319618
212,0.0,0.0,rare,,,,,,,,,,,,,,,,,,,,,,,,,,,,,,,,,,,,
213,0.0,0.0,rare,,,,,,,,,,,,,,,,,,,,,,,,,,,,,,,,,,,,
214,0.0,0.0,rare,,,,,,,,,,,,,,,,,,,,,,,,,,,,,,,,,,,,
215,0.012591119946984758,108.19522094726562,material,0.4995426960217081,0.5007959750875453,0.4997360056507152,0.0015919501750905063,0.02155477539820934,-0.016217016964872766,-0.24869124279808472,-0.01625905063582047,0.8612952535051932,0.09160029656006118,0.020810639197840302,-0.01631235997509831,0.3863800479634211,0.005401065278761124,-0.5636625645008233,-0.0724709577498444,-0.5853552933584181,-0.05181213690045288,-0.49993177435421154,-0.08200066166855002,0.23423157460786004,0.0029098147254845615,0.5539030285010768,0.05687400483549986,0.11875086548145124,-0.006793413251677307,-0.1532650645973626,-0.020324825648353598,0.1906164915965544,0.030146630227492213,-0.1294178799065367,-0.00724538766721806,frac_pore,0.8612952535051932,p1_c1,-0.5853552933584181
216,0.0,0.0,rare,,,,,,,,,,,,,,,,,,,,,,,,,,,,,,,,,,,,
217,0.0,0.0,rare,,,,,,,,,,,,,,,,,,,,,,,,,,,,,,,,,,,,
218,0.0,0.0,rare,,,,,,,,,,,,,,,,,,,,,,,,,,,,,,,,,,,,
219,0.0,0.0,rare,,,,,,,,,,,,,,,,,,,,,,,,,,,,,,,,,,,,
220,0.0,0.0,rare,,,,,,,,,,,,,,,,,,,,,,,,,,,,,,,,,,,,
221,0.0,0.0,rare,,,,,,,,,,,,,,,,,,,,,,,,,,,,,,,,,,,,
222,0.0,0.0,rare,,,,,,,,,,,,,,,,,,,,,,,,,,,,,,,,,,,,
223,0.0,0.0,rare,,,,,,,,,,,,,,,,,,,,,,,,,,,,,,,,,,,,
224,0.0,0.0,rare,,,,,,,,,,,,,,,,,,,,,,,,,,,,,,,,,,,,
225,0.0,0.0,rare,,,,,,,,,,,,,,,,,,,,,,,,,,,,,,,,,,,,
226,0.053015241882041084,449.2437744140625,imaging,0.4695198055573803,0.47406879344145425,0.5403160868797456,0.08063217375949128,0.11760611596899453,0.06800900937671835,-0.04580336056263846,-0.03352270739231683,-0.1602330978156874,-0.034249955343488785,0.11681995316384372,0.06782760763562606,0.023658531675990024,0.025058539908597077,1.7987468997685356,0.263805204834067,0.4892917930424303,0.13044318864789636,1.8958021483502772,0.2877558157953566,-1.32816844528325,-0.22893826292271408,-1.4470060777159235,-0.2504648503948847,-1.0208317676479668,-0.17486327093207701,-0.430073310736426,-0.12258968966028505,-0.8967953897697678,-0.2004553814192209,-0.3253556349901087,-0.10218147783532776,frac_pore,-0.1602330978156874,p1_c2,1.8958021483502772
227,0.0,0.0,rare,,,,,,,,,,,,,,,,,,,,,,,,,,,,,,,,,,,,
228,0.0,0.0,rare,,,,,,,,,,,,,,,,,,,,,,,,,,,,,,,,,,,,
229,0.0,0.0,rare,,,,,,,,,,,,,,,,,,,,,,,,,,,,,,,,,,,,
230,0.0006626905235255136,15.731216430664062,rare,,,,,,,,,,,,,,,,,,,,,,,,,,,,,,,,,,,,
231,0.0,0.0,rare,,,,,,,,,,,,,,,,,,,,,,,,,,,,,,,,,,,,
232,0.0,0.0,rare,,,,,,,,,,,,,,,,,,,,,,,,,,,,,,,,,,,,
233,0.0,0.0,rare,,,,,,,,,,,,,,,,,,,,,,,,,,,,,,,,,,,,
234,0.0,0.0,rare,,,,,,,,,,,,,,,,,,,,,,,,,,,,,,,,,,,,
235,0.0,0.0,rare,,,,,,,,,,,,,,,,,,,,,,,,,,,,,,,,,,,,
236,0.0,0.0,rare,,,,,,,,,,,,,,,,,,,,,,,,,,,,,,,,,,,,
237,0.0,0.0,rare,,,,,,,,,,,,,,,,,,,,,,,,,,,,,,,,,,,,
238,0.0,0.0,rare,,,,,,,,,,,,,,,,,,,,,,,,,,,,,,,,,,,,
239,0.0006626905235255136,11.291830062866211,rare,,,,,,,,,,,,,,,,,,,,,,,,,,,,,,,,,,,,
240,0.0,0.0,rare,,,,,,,,,,,,,,,,,,,,,,,,,,,,,,,,,,,,
241,0.0,0.0,rare,,,,,,,,,,,,,,,,,,,,,,,,,,,,,,,,,,,,
242,0.0,0.0,rare,,,,,,,,,,,,,,,,,,,,,,,,,,,,,,,,,,,,
243,0.0,0.0,rare,,,,,,,,,,,,,,,,,,,,,,,,,,,,,,,,,,,,
244,0.0,0.0,rare,,,,,,,,,,,,,,,,,,,,,,,,,,,,,,,,,,,,
245,0.0,0.0,rare,,,,,,,,,,,,,,,,,,,,,,,,,,,,,,,,,,,,
246,0.0,0.0,rare,,,,,,,,,,,,,,,,,,,,,,,,,,,,,,,,,,,,
247,0.0,0.0,rare,,,,,,,,,,,,,,,,,,,,,,,,,,,,,,,,,,,,
248,0.0,0.0,rare,,,,,,,,,,,,,,,,,,,,,,,,,,,,,,,,,,,,
249,0.0,0.0,rare,,,,,,,,,,,,,,,,,,,,,,,,,,,,,,,,,,,,
250,0.0,0.0,rare,,,,,,,,,,,,,,,,,,,,,,,,,,,,,,,,,,,,
251,0.0,0.0,rare,,,,,,,,,,,,,,,,,,,,,,,,,,,,,,,,,,,,
252,0.0,0.0,rare,,,,,,,,,,,,,,,,,,,,,,,,,,,,,,,,,,,,
253,0.0,0.0,rare,,,,,,,,,,,,,,,,,,,,,,,,,,,,,,,,,,,,
254,0.0,0.0,rare,,,,,,,,,,,,,,,,,,,,,,,,,,,,,,,,,,,,
255,0.0,0.0,rare,,,,,,,,,,,,,,,,,,,,,,,,,,,,,,,,,,,,
256,0.003976143141153081,64.92390441894531,rare,,,,,,,,,,,,,,,,,,,,,,,,,,,,,,,,,,,,
257,0.0,0.0,rare,,,,,,,,,,,,,,,,,,,,,,,,,,,,,,,,,,,,
258,0.0,0.0,rare,,,,,,,,,,,,,,,,,,,,,,,,,,,,,,,,,,,,
259,0.04771371769383698,375.3719787597656,imaging,0.5595960565743131,0.5061630869864696,0.45382835952675254,0.11919211314862621,-0.0730550678794042,-0.0268261426205987,-0.090233374459287,-0.03517220962567355,0.6536735809078841,0.12669291523682893,-0.07375780817391069,-0.026947731361598587,-0.0060274835978650805,-0.01087761924202343,-0.5666605713036543,-0.17302408993827031,-0.5694840122180361,-0.12885288639847034,-0.4472737378354248,-0.1347808193693977,0.7040079639209641,0.13996172689554057,0.43350372227796685,0.08454319966935538,0.587968707987986,0.11185288284187625,0.139166426891832,0.04859685985228911,0.3518135909075192,0.06427316590821977,0.895649383923771,0.2001389290439623,frac_pore,0.6536735809078841,sharpness_c2,0.895649383923771
260,0.0,0.0,rare,,,,,,,,,,,,,,,,,,,,,,,,,,,,,,,,,,,,
261,0.012591119946984758,121.38753509521484,imaging,0.49377839200804446,0.49896198105073525,0.5051094826063923,0.012443215983911071,-0.6605280041283386,-0.11019920041377335,0.40719194579775914,0.051735179548390534,0.2906986359297981,0.04428147452833001,-0.6477331475020047,-0.10916818413243154,-0.33683288181388554,-0.03714108944052332,-0.0856833131677914,0.032332124651995656,-0.04044439130093677,0.009021920951478255,-0.3192840053524684,-0.014083520793783867,-1.147761588823505,-0.11115011977676802,-0.7184933300091313,-0.07908765679161571,-1.4267351724554636,-0.14143564230512765,-0.2228466166918919,0.006187610216292379,-1.070339881115125,-0.11204174522358155,-1.285801086029811,-0.12698552568136742,frac_si,-0.6605280041283386,noise_sigma_c2,-1.4267351724554636
262,0.0,0.0,rare,,,,,,,,,,,,,,,,,,,,,,,,,,,,,,,,,,,,
263,0.0,0.0,rare,,,,,,,,,,,,,,,,,,,,,,,,,,,,,,,,,,,,
264,0.0,0.0,rare,,,,,,,,,,,,,,,,,,,,,,,,,,,,,,,,,,,,
265,0.0,0.0,rare,,,,,,,,,,,,,,,,,,,,,,,,,,,,,,,,,,,,
266,0.0,0.0,rare,,,,,,,,,,,,,,,,,,,,,,,,,,,,,,,,,,,,
267,0.0,0.0,rare,,,,,,,,,,,,,,,,,,,,,,,,,,,,,,,,,,,,
268,0.0,0.0,rare,,,,,,,,,,,,,,,,,,,,,,,,,,,,,,,,,,,,
269,0.0,0.0,rare,,,,,,,,,,,,,,,,,,,,,,,,,,,,,,,,,,,,
270,0.0,0.0,rare,,,,,,,,,,,,,,,,,,,,,,,,,,,,,,,,,,,,
271,0.0013253810470510272,23.0432071685791,rare,,,,,,,,,,,,,,,,,,,,,,,,,,,,,,,,,,,,
272,0.0,0.0,rare,,,,,,,,,,,,,,,,,,,,,,,,,,,,,,,,,,,,
273,0.0,0.0,rare,,,,,,,,,,,,,,,,,,,,,,,,,,,,,,,,,,,,
274,0.0,0.0,rare,,,,,,,,,,,,,,,,,,,,,,,,,,,,,,,,,,,,
275,0.0,0.0,rare,,,,,,,,,,,,,,,,,,,,,,,,,,,,,,,,,,,,
276,0.0,0.0,rare,,,,,,,,,,,,,,,,,,,,,,,,,,,,,,,,,,,,
277,0.0,0.0,rare,,,,,,,,,,,,,,,,,,,,,,,,,,,,,,,,,,,,
278,0.0,0.0,rare,,,,,,,,,,,,,,,,,,,,,,,,,,,,,,,,,,,,
279,0.0,0.0,rare,,,,,,,,,,,,,,,,,,,,,,,,,,,,,,,,,,,,
280,0.0,0.0,rare,,,,,,,,,,,,,,,,,,,,,,,,,,,,,,,,,,,,
281,0.0,0.0,rare,,,,,,,,,,,,,,,,,,,,,,,,,,,,,,,,,,,,
282,0.0,0.0,rare,,,,,,,,,,,,,,,,,,,,,,,,,,,,,,,,,,,,
283,0.0,0.0,rare,,,,,,,,,,,,,,,,,,,,,,,,,,,,,,,,,,,,
284,0.0,0.0,rare,,,,,,,,,,,,,,,,,,,,,,,,,,,,,,,,,,,,
285,0.0,0.0,rare,,,,,,,,,,,,,,,,,,,,,,,,,,,,,,,,,,,,
286,0.0,0.0,rare,,,,,,,,,,,,,,,,,,,,,,,,,,,,,,,,,,,,
287,0.0,0.0,rare,,,,,,,,,,,,,,,,,,,,,,,,,,,,,,,,,,,,
288,0.0,0.0,rare,,,,,,,,,,,,,,,,,,,,,,,,,,,,,,,,,,,,
289,0.0,0.0,rare,,,,,,,,,,,,,,,,,,,,,,,,,,,,,,,,,,,,
290,0.0,0.0,rare,,,,,,,,,,,,,,,,,,,,,,,,,,,,,,,,,,,,
291,0.0,0.0,rare,,,,,,,,,,,,,,,,,,,,,,,,,,,,,,,,,,,,
292,0.0,0.0,rare,,,,,,,,,,,,,,,,,,,,,,,,,,,,,,,,,,,,
293,0.0006626905235255136,15.417466163635254,rare,,,,,,,,,,,,,,,,,,,,,,,,,,,,,,,,,,,,
294,0.0,0.0,rare,,,,,,,,,,,,,,,,,,,,,,,,,,,,,,,,,,,,
295,0.0,0.0,rare,,,,,,,,,,,,,,,,,,,,,,,,,,,,,,,,,,,,
296,0.0006626905235255136,16.565345764160156,rare,,,,,,,,,,,,,,,,,,,,,,,,,,,,,,,,,,,,
297,0.0,0.0,rare,,,,,,,,,,,,,,,,,,,,,,,,,,,,,,,,,,,,
298,0.0145791915175613,119.15923309326172,imaging,0.4943910782773031,0.4940319931408864,0.5082959562069574,0.01659191241391489,-0.2032605494247778,-0.016196828892958863,0.3818684847763185,0.04446609471049553,-0.5640139295624461,-0.07178099138311578,-0.2039063192248392,-0.016298415494581293,-0.1349042867650841,-0.022416951347649528,0.5923310169979437,0.081295082372459,0.37552014537710066,0.05758416867689554,0.5171971325459092,0.07965523407960337,-0.4946505981685281,-0.0636213927847189,-0.7337084346039126,-0.08409698166231708,-0.3768243455321168,-0.05344167383743828,0.005767770426768654,-0.0028544923018613308,-0.5753371971096308,-0.06788209613306206,-0.10273940239710258,-0.011373661875331221,frac_pore,-0.5640139295624461,noise_sigma_c1,-0.7337084346039126
299,0.0,0.0,rare,,,,,,,,,,,,,,,,,,,,,,,,,,,,,,,,,,,,
300,0.0,0.0,rare,,,,,,,,,,,,,,,,,,,,,,,,,,,,,,,,,,,,
301,0.0,0.0,rare,,,,,,,,,,,,,,,,,,,,,,,,,,,,,,,,,,,,
302,0.0,0.0,rare,,,,,,,,,,,,,,,,,,,,,,,,,,,,,,,,,,,,
303,0.0,0.0,rare,,,,,,,,,,,,,,,,,,,,,,,,,,,,,,,,,,,,
304,0.0,0.0,rare,,,,,,,,,,,,,,,,,,,,,,,,,,,,,,,,,,,,
305,0.0,0.0,rare,,,,,,,,,,,,,,,,,,,,,,,,,,,,,,,,,,,,
306,0.0,0.0,rare,,,,,,,,,,,,,,,,,,,,,,,,,,,,,,,,,,,,
307,0.0013253810470510272,27.52154541015625,rare,,,,,,,,,,,,,,,,,,,,,,,,,,,,,,,,,,,,
308,0.0,0.0,rare,,,,,,,,,,,,,,,,,,,,,,,,,,,,,,,,,,,,
309,0.0,0.0,rare,,,,,,,,,,,,,,,,,,,,,,,,,,,,,,,,,,,,
310,0.0,0.0,rare,,,,,,,,,,,,,,,,,,,,,,,,,,,,,,,,,,,,
311,0.0,0.0,rare,,,,,,,,,,,,,,,,,,,,,,,,,,,,,,,,,,,,
312,0.0,0.0,rare,,,,,,,,,,,,,,,,,,,,,,,,,,,,,,,,,,,,
313,0.0,0.0,rare,,,,,,,,,,,,,,,,,,,,,,,,,,,,,,,,,,,,
314,0.0,0.0,rare,,,,,,,,,,,,,,,,,,,,,,,,,,,,,,,,,,,,
315,0.0,0.0,rare,,,,,,,,,,,,,,,,,,,,,,,,,,,,,,,,,,,,
316,0.017229953611663355,147.3890380859375,imaging,0.5022940995154094,0.5013655608914921,0.4973953734769556,0.005209253046088769,0.22590514144946267,0.030121216629978464,-0.40448177943350716,-0.05425519308717844,0.6847411712287361,0.10100588458574859,0.22507159314041209,0.030015637674481926,0.4619270929536989,0.03019950597860291,-0.5578289592004202,-0.09270675034029341,-0.47937501597371307,-0.062054150294978766,-0.4864401461852792,-0.07220858020863151,0.4845231612608691,0.06671355476578902,0.8682414812650817,0.12292963965371193,0.23409452350651636,0.027343693165879767,-0.36251926419623015,-0.025880936955010748,0.5790116981818402,0.08378630018436169,0.29724884418060804,0.0605177112102144,frac_pore,0.6847411712287361,noise_sigma_c1,0.8682414812650817
317,0.007952286282306162,69.90866088867188,imaging,0.49487617421007685,0.49476896251089797,0.507416563658838,0.014833127317676054,-0.34286664985217563,-0.010187448139307427,0.4330077476503129,0.018897710225211153,-0.238032119700619,-0.023107370460054788,-0.34345133601559336,-0.01022159064418187,-0.01932941155620272,0.00015052947138007372,-0.08361149436018611,0.04434507154690144,0.6113137512013068,0.060192463619137895,-0.2963351728764724,0.017025955118590775,-1.088270779276513,-0.08429655976993586,-0.7187314781834953,-0.07705186494360546,-1.247610105449287,-0.10211409761972724,-0.5466252256499444,-0.0844681530548931,-0.8725882001132583,-0.09920302616657803,-0.9804569296994995,-0.10177361226651069,frac_graphite,0.4330077476503129,noise_sigma_c2,-1.247610105449287
318,0.0,0.0,rare,,,,,,,,,,,,,,,,,,,,,,,,,,,,,,,,,,,,
319,0.0,0.0,rare,,,,,,,,,,,,,,,,,,,,,,,,,,,,,,,,,,,,
320,0.0,0.0,rare,,,,,,,,,,,,,,,,,,,,,,,,,,,,,,,,,,,,
321,0.0,0.0,rare,,,,,,,,,,,,,,,,,,,,,,,,,,,,,,,,,,,,
322,0.005964214711729622,57.61338806152344,rare,,,,,,,,,,,,,,,,,,,,,,,,,,,,,,,,,,,,
323,0.0,0.0,rare,,,,,,,,,,,,,,,,,,,,,,,,,,,,,,,,,,,,
324,0.0,0.0,rare,,,,,,,,,,,,,,,,,,,,,,,,,,,,,,,,,,,,
325,0.0,0.0,rare,,,,,,,,,,,,,,,,,,,,,,,,,,,,,,,,,,,,
326,0.0,0.0,rare,,,,,,,,,,,,,,,,,,,,,,,,,,,,,,,,,,,,
327,0.0,0.0,rare,,,,,,,,,,,,,,,,,,,,,,,,,,,,,,,,,,,,
328,0.0,0.0,rare,,,,,,,,,,,,,,,,,,,,,,,,,,,,,,,,,,,,
329,0.0,0.0,rare,,,,,,,,,,,,,,,,,,,,,,,,,,,,,,,,,,,,
330,0.0,0.0,rare,,,,,,,,,,,,,,,,,,,,,,,,,,,,,,,,,,,,
331,0.0,0.0,rare,,,,,,,,,,,,,,,,,,,,,,,,,,,,,,,,,,,,
332,0.0,0.0,rare,,,,,,,,,,,,,,,,,,,,,,,,,,,,,,,,,,,,
333,0.0,0.0,rare,,,,,,,,,,,,,,,,,,,,,,,,,,,,,,,,,,,,
334,0.0,0.0,rare,,,,,,,,,,,,,,,,,,,,,,,,,,,,,,,,,,,,
335,0.0006626905235255136,8.294647216796875,rare,,,,,,,,,,,,,,,,,,,,,,,,,,,,,,,,,,,,
336,0.0013253810470510272,22.784189224243164,rare,,,,,,,,,,,,,,,,,,,,,,,,,,,,,,,,,,,,
337,0.0,0.0,rare,,,,,,,,,,,,,,,,,,,,,,,,,,,,,,,,,,,,
338,0.0,0.0,rare,,,,,,,,,,,,,,,,,,,,,,,,,,,,,,,,,,,,
339,0.0,0.0,rare,,,,,,,,,,,,,,,,,,,,,,,,,,,,,,,,,,,,
340,0.0,0.0,rare,,,,,,,,,,,,,,,,,,,,,,,,,,,,,,,,,,,,
341,0.0,0.0,rare,,,,,,,,,,,,,,,,,,,,,,,,,,,,,,,,,,,,
342,0.017229953611663355,154.88194274902344,imaging,0.4926730301820626,0.49773851556065063,0.506779092353876,0.014653939635874802,-0.6600516837798776,-0.1196833564345272,0.582505061396632,0.08528179332238553,0.251687907361964,0.049562251820850445,-0.6604975877568771,-0.11975362324832342,-0.33683286810930513,-0.04232457615854792,-0.3897060652538544,-0.02686343869283347,-0.3476957803743032,-0.037983975273938944,-0.44220083028529944,-0.046106322002722785,-0.38237980034752517,-0.05467743924061734,-0.23053889423600332,-0.0399467336207567,-0.5807488904632023,-0.08224390488650991,0.32768648145194285,0.042215130610972346,-0.6784592453592347,-0.08278273923047856,-0.5995012857871072,-0.07181710319434408,K01_si_frac_adm,-0.6604975877568771,sharpness_c1,-0.6784592453592347
343,0.0,0.0,rare,,,,,,,,,,,,,,,,,,,,,,,,,,,,,,,,,,,,
344,0.0,0.0,rare,,,,,,,,,,,,,,,,,,,,,,,,,,,,,,,,,,,,
345,0.0,0.0,rare,,,,,,,,,,,,,,,,,,,,,,,,,,,,,,,,,,,,
346,0.0,0.0,rare,,,,,,,,,,,,,,,,,,,,,,,,,,,,,,,,,,,,
347,0.0,0.0,rare,,,,,,,,,,,,,,,,,,,,,,,,,,,,,,,,,,,,
348,0.0,0.0,rare,,,,,,,,,,,,,,,,,,,,,,,,,,,,,,,,,,,,
349,0.0,0.0,rare,,,,,,,,,,,,,,,,,,,,,,,,,,,,,,,,,,,,
350,0.007952286282306162,73.38529205322266,imaging,0.496778659821424,0.5038317590447335,0.499441991877097,0.007663518089467081,-0.7446682282156762,-0.09088763490970014,0.8710546683167926,0.09395912916756391,-0.4125465804675899,-0.04027656271067046,-0.7450771088197555,-0.09088763467163091,-0.3368328848622336,-0.028417121248368652,-0.06305882153128006,-0.019862534514673853,0.5147022092364858,0.020049864921345622,-0.21439028227675946,-0.019793213543151018,-0.2530030091713968,-0.006214680596091361,-0.22696732809937795,-0.012157726556583297,-0.09698671834478906,0.004592432120973139,1.0076102368384254,0.08331398965642721,-0.4325242496054087,-0.02428394476792594,0.12331989536199463,0.01684418430146623,frac_graphite,0.8710546683167926,sharpness_c0,1.0076102368384254
351,0.0,0.0,rare,,,,,,,,,,,,,,,,,,,,,,,,,,,,,,,,,,,,
352,0.0,0.0,rare,,,,,,,,,,,,,,,,,,,,,,,,,,,,,,,,,,,,
353,0.0,0.0,rare,,,,,,,,,,,,,,,,,,,,,,,,,,,,,,,,,,,,
354,0.0,0.0,rare,,,,,,,,,,,,,,,,,,,,,,,,,,,,,,,,,,,,
355,0.0,0.0,rare,,,,,,,,,,,,,,,,,,,,,,,,,,,,,,,,,,,,
356,0.0,0.0,rare,,,,,,,,,,,,,,,,,,,,,,,,,,,,,,,,,,,,
357,0.0,0.0,rare,,,,,,,,,,,,,,,,,,,,,,,,,,,,,,,,,,,,
358,0.0013253810470510272,20.709945678710938,rare,,,,,,,,,,,,,,,,,,,,,,,,,,,,,,,,,,,,
359,0.0,0.0,rare,,,,,,,,,,,,,,,,,,,,,,,,,,,,,,,,,,,,
360,0.0,0.0,rare,,,,,,,,,,,,,,,,,,,,,,,,,,,,,,,,,,,,
361,0.0,0.0,rare,,,,,,,,,,,,,,,,,,,,,,,,,,,,,,,,,,,,
362,0.0,0.0,rare,,,,,,,,,,,,,,,,,,,,,,,,,,,,,,,,,,,,
363,0.0,0.0,rare,,,,,,,,,,,,,,,,,,,,,,,,,,,,,,,,,,,,
364,0.02584493041749503,208.1219024658203,imaging,0.4984967079166645,0.49934371191722826,0.5015318735652481,0.003063747130496175,-0.23278149323202604,-0.01968887863540226,0.32379124376092916,0.036821445278067105,-0.40322643189936636,-0.03841931040554648,-0.23341434632574926,-0.01979374865920705,-0.2557380273432989,-0.026593599684774292,0.980903050144994,0.06837184847522342,0.20533860360679285,0.011619976168322008,1.0270280358479464,0.07697909866959282,-0.6059101670452789,-0.04776366271260043,-0.8921075467308083,-0.09835859462867616,-0.35061094329958065,-0.01623482307965453,0.2135740260368517,0.050046372183454355,-0.7083327795883698,-0.09774756048528062,-0.04434470941098948,-0.019129214730891762,frac_pore,-0.40322643189936636,p1_c2,1.0270280358479464
365,0.0,0.0,rare,,,,,,,,,,,,,,,,,,,,,,,,,,,,,,,,,,,,
366,0.0,0.0,rare,,,,,,,,,,,,,,,,,,,,,,,,,,,,,,,,,,,,
367,0.0,0.0,rare,,,,,,,,,,,,,,,,,,,,,,,,,,,,,,,,,,,,
368,0.0,0.0,rare,,,,,,,,,,,,,,,,,,,,,,,,,,,,,,,,,,,,
369,0.0,0.0,rare,,,,,,,,,,,,,,,,,,,,,,,,,,,,,,,,,,,,
370,0.0,0.0,rare,,,,,,,,,,,,,,,,,,,,,,,,,,,,,,,,,,,,
371,0.0,0.0,rare,,,,,,,,,,,,,,,,,,,,,,,,,,,,,,,,,,,,
372,0.0,0.0,rare,,,,,,,,,,,,,,,,,,,,,,,,,,,,,,,,,,,,
373,0.0,0.0,rare,,,,,,,,,,,,,,,,,,,,,,,,,,,,,,,,,,,,
374,0.0,0.0,rare,,,,,,,,,,,,,,,,,,,,,,,,,,,,,,,,,,,,
375,0.0,0.0,rare,,,,,,,,,,,,,,,,,,,,,,,,,,,,,,,,,,,,
376,0.0,0.0,rare,,,,,,,,,,,,,,,,,,,,,,,,,,,,,,,,,,,,
377,0.0,0.0,rare,,,,,,,,,,,,,,,,,,,,,,,,,,,,,,,,,,,,
378,0.0,0.0,rare,,,,,,,,,,,,,,,,,,,,,,,,,,,,,,,,,,,,
379,0.0,0.0,rare,,,,,,,,,,,,,,,,,,,,,,,,,,,,,,,,,,,,
380,0.0,0.0,rare,,,,,,,,,,,,,,,,,,,,,,,,,,,,,,,,,,,,
381,0.0,0.0,rare,,,,,,,,,,,,,,,,,,,,,,,,,,,,,,,,,,,,
382,0.0,0.0,rare,,,,,,,,,,,,,,,,,,,,,,,,,,,,,,,,,,,,
383,0.0,0.0,rare,,,,,,,,,,,,,,,,,,,,,,,,,,,,,,,,,,,,
384,0.0,0.0,rare,,,,,,,,,,,,,,,,,,,,,,,,,,,,,,,,,,,,
385,0.0,0.0,rare,,,,,,,,,,,,,,,,,,,,,,,,,,,,,,,,,,,,
386,0.01126573889993373,114.11178588867188,imaging,0.49652853223108756,0.4925893635571055,0.5078597916298782,0.01571958325975631,-0.15602242388179788,0.001819508568715094,0.059698901019818375,-0.008442990271939111,0.33334722895304447,0.031473002037531575,-0.15668886239177274,0.0017184552689855173,0.08309859009407818,0.027904201819167754,-0.249792460363795,0.008856695578451689,-0.12684910207941058,-0.003023613995306326,-0.19627482911971422,0.015032436780019654,-0.6942366610673508,-0.0676142202624598,-0.5913737404348699,-0.07314789176956706,-0.6493149554428881,-0.06510202629152363,-0.6305065767201637,-0.06933389460340038,-0.7802200797839323,-0.08280749046585528,-0.5786689667401966,-0.07973359146049425,frac_pore,0.33334722895304447,sharpness_c1,-0.7802200797839323
387,0.0019880715705765406,35.20588302612305,rare,,,,,,,,,,,,,,,,,,,,,,,,,,,,,,,,,,,,
388,0.02253147779986746,194.28868103027344,imaging,0.5333680311674137,0.4977240651808465,0.4783471658131733,0.06673606233482743,0.2147744184494847,0.03620905616371403,-0.7665801621905953,-0.09882239419153169,0.9296417663538938,0.10076070233436495,0.22696297533479567,0.03715543362546636,-0.05020783033977238,-0.00766206931673346,-0.5382715371855643,-0.10322722359497888,-1.045041925022755,-0.16205203472069754,-0.44740659150249623,-0.10019008017438277,0.6758952476935407,0.09889786738424726,0.26184195026237483,0.02348580339369523,0.734762507252797,0.11018020018054701,0.5414194896495209,0.11633208556814752,0.11321111097036263,0.025607922229164547,-0.1159512743213213,-0.0083230471532589,frac_pore,0.9296417663538938,p1_c1,-1.045041925022755
389,0.0,0.0,rare,,,,,,,,,,,,,,,,,,,,,,,,,,,,,,,,,,,,
390,0.0,0.0,rare,,,,,,,,,,,,,,,,,,,,,,,,,,,,,,,,,,,,
391,0.0,0.0,rare,,,,,,,,,,,,,,,,,,,,,,,,,,,,,,,,,,,,
392,0.0,0.0,rare,,,,,,,,,,,,,,,,,,,,,,,,,,,,,,,,,,,,
393,0.0,0.0,rare,,,,,,,,,,,,,,,,,,,,,,,,,,,,,,,,,,,,
394,0.0,0.0,rare,,,,,,,,,,,,,,,,,,,,,,,,,,,,,,,,,,,,
395,0.0,0.0,rare,,,,,,,,,,,,,,,,,,,,,,,,,,,,,,,,,,,,
396,0.0,0.0,rare,,,,,,,,,,,,,,,,,,,,,,,,,,,,,,,,,,,,
397,0.0,0.0,rare,,,,,,,,,,,,,,,,,,,,,,,,,,,,,,,,,,,,
398,0.0,0.0,rare,,,,,,,,,,,,,,,,,,,,,,,,,,,,,,,,,,,,
399,0.0,0.0,rare,,,,,,,,,,,,,,,,,,,,,,,,,,,,,,,,,,,,
400,0.0,0.0,rare,,,,,,,,,,,,,,,,,,,,,,,,,,,,,,,,,,,,
401,0.0,0.0,rare,,,,,,,,,,,,,,,,,,,,,,,,,,,,,,,,,,,,
402,0.01656726308813784,179.9570770263672,material,0.5007832278081245,0.49268569942246654,0.5048154688327742,0.014628601155066923,-0.3528763409656326,-0.04519501438472551,-0.04845876548182755,-0.019672004858800236,1.0878697416072918,0.12258861402324195,-0.3534566474027425,-0.04525471521260571,-0.33683287670593925,-0.0442371946856946,-0.02200048439369637,-0.01583247269090426,-0.6110600623787508,-0.07283457404547884,0.08418286005919216,-0.015820460689673906,-0.5387974566734343,-0.05960728981810401,-0.41440796079524644,-0.041513677645388915,-0.6545804581893343,-0.06898816408692561,-0.005295328540919982,0.029224097777290386,-0.4151682736658168,-0.04574213407579109,-0.8179178214456307,-0.12776157448894904,frac_pore,1.0878697416072918,sharpness_c2,-0.8179178214456307
403,0.0,0.0,rare,,,,,,,,,,,,,,,,,,,,,,,,,,,,,,,,,,,,
404,0.0,0.0,rare,,,,,,,,,,,,,,,,,,,,,,,,,,,,,,,,,,,,
405,0.0,0.0,rare,,,,,,,,,,,,,,,,,,,,,,,,,,,,,,,,,,,,
406,0.0,0.0,rare,,,,,,,,,,,,,,,,,,,,,,,,,,,,,,,,,,,,
407,0.0,0.0,rare,,,,,,,,,,,,,,,,,,,,,,,,,,,,,,,,,,,,
408,0.0,0.0,rare,,,,,,,,,,,,,,,,,,,,,,,,,,,,,,,,,,,,
409,0.0,0.0,rare,,,,,,,,,,,,,,,,,,,,,,,,,,,,,,,,,,,,
410,0.0033134526176275677,44.039154052734375,rare,,,,,,,,,,,,,,,,,,,,,,,,,,,,,,,,,,,,
411,0.0,0.0,rare,,,,,,,,,,,,,,,,,,,,,,,,,,,,,,,,,,,,
412,0.0,0.0,rare,,,,,,,,,,,,,,,,,,,,,,,,,,,,,,,,,,,,
413,0.0,0.0,rare,,,,,,,,,,,,,,,,,,,,,,,,,,,,,,,,,,,,
414,0.0,0.0,rare,,,,,,,,,,,,,,,,,,,,,,,,,,,,,,,,,,,,
415,0.0,0.0,rare,,,,,,,,,,,,,,,,,,,,,,,,,,,,,,,,,,,,
416,0.0,0.0,rare,,,,,,,,,,,,,,,,,,,,,,,,,,,,,,,,,,,,
417,0.015904572564612324,129.47134399414062,imaging,0.4916497809488678,0.49133940570404655,0.512186120430867,0.02437224086173395,-0.1929639430195058,-0.002448105116348609,0.12408770200517266,-0.004681220728559409,0.1921843252721459,0.04145995189537709,-0.19361421804672044,-0.002532538643865567,-0.33683284639693795,-0.04329079070060326,1.4621161495195916,0.11178395140145102,0.18222291972496157,0.01431102640034375,1.540343347326723,0.13039226067838774,-1.1555188191833705,-0.13820286668278747,-1.1886544668962165,-0.11879468650106784,-1.0251105738593833,-0.1204165271492062,-0.47175325623052655,-0.058962149235844065,-0.620825542822948,-0.07982972157931363,-0.34231699150838324,-0.05236023475999874,K04_agglom_frac,-0.33683284639693795,p1_c2,1.540343347326723
418,0.0,0.0,rare,,,,,,,,,,,,,,,,,,,,,,,,,,,,,,,,,,,,
419,0.0,0.0,rare,,,,,,,,,,,,,,,,,,,,,,,,,,,,,,,,,,,,
420,0.0,0.0,rare,,,,,,,,,,,,,,,,,,,,,,,,,,,,,,,,,,,,
421,0.0,0.0,rare,,,,,,,,,,,,,,,,,,,,,,,,,,,,,,,,,,,,
422,0.0,0.0,rare,,,,,,,,,,,,,,,,,,,,,,,,,,,,,,,,,,,,
423,0.0,0.0,rare,,,,,,,,,,,,,,,,,,,,,,,,,,,,,,,,,,,,
424,0.0,0.0,rare,,,,,,,,,,,,,,,,,,,,,,,,,,,,,,,,,,,,
425,0.0,0.0,rare,,,,,,,,,,,,,,,,,,,,,,,,,,,,,,,,,,,,
426,0.0,0.0,rare,,,,,,,,,,,,,,,,,,,,,,,,,,,,,,,,,,,,
427,0.0,0.0,rare,,,,,,,,,,,,,,,,,,,,,,,,,,,,,,,,,,,,
428,0.0,0.0,rare,,,,,,,,,,,,,,,,,,,,,,,,,,,,,,,,,,,,
429,0.0,0.0,rare,,,,,,,,,,,,,,,,,,,,,,,,,,,,,,,,,,,,
430,0.0,0.0,rare,,,,,,,,,,,,,,,,,,,,,,,,,,,,,,,,,,,,
431,0.0,0.0,rare,,,,,,,,,,,,,,,,,,,,,,,,,,,,,,,,,,,,
432,0.0,0.0,rare,,,,,,,,,,,,,,,,,,,,,,,,,,,,,,,,,,,,
433,0.00728959575878065,69.36822509765625,imaging,0.50484211643313,0.5024686065498755,0.4948057566660781,0.010388486667843755,-0.2911757688576305,-0.014773605207883941,0.45361268923807696,0.03228659059023986,-0.49679417932234754,-0.03765758607406926,-0.2917830719375216,-0.01480944365793533,-0.07039393929637494,-0.0026961560001916318,-0.48466080281451557,-0.04169669664709001,0.0031315987685414715,-0.03252653726485143,-0.4179608376906566,-0.03241739935389237,0.9268904119497213,0.09036084326554072,0.9356380158490992,0.0720843011434195,0.998847203621716,0.0960928907766075,0.6343627880265164,0.07024889636459133,1.0441558183932051,0.08166446157111622,0.9704302852360828,0.09575975828525743,frac_pore,-0.49679417932234754,sharpness_c1,1.0441558183932051
434,0.0,0.0,rare,,,,,,,,,,,,,,,,,,,,,,,,,,,,,,,,,,,,
435,0.0,0.0,rare,,,,,,,,,,,,,,,,,,,,,,,,,,,,,,,,,,,,
436,0.015241882041086813,113.88324737548828,imaging,0.4901793339026473,0.4899738448125545,0.5142150803461063,0.028430160692212603,-0.5743854085365115,-0.06459254137510731,0.7001989539091281,0.0962081618506436,-0.49236593345769736,-0.057728824572670714,-0.5748687952449697,-0.06471616987734363,-0.33683289556835083,-0.04329079070060326,1.5363476722334484,0.16138103079403734,0.5850132052211612,0.08279413594301972,1.505231882197542,0.16753683368742198,-1.2505290494733314,-0.15169556091758013,-1.4022580851168578,-0.15603211157872124,-1.1038588164872185,-0.13160821863277125,0.04471022337196044,0.021771403957574945,-1.06044856365989,-0.14068141568075815,-0.5346243556026568,-0.0904641567504957,frac_graphite,0.7001989539091281,p1_c0,1.5363476722334484
437,0.0,0.0,rare,,,,,,,,,,,,,,,,,,,,,,,,,,,,,,,,,,,,
438,0.0013253810470510272,29.090229034423828,rare,,,,,,,,,,,,,,,,,,,,,,,,,,,,,,,,,,,,
439,0.015241882041086813,133.15988159179688,imaging,0.4901793339026473,0.4954300673869378,0.5102145505915593,0.02042910118311858,-0.6184857900366366,-0.09520385711344136,0.45852925344336476,0.06383672330521978,0.4930209086184287,0.058183973080470186,-0.6189498808361491,-0.09521638924336513,-0.33683287976589926,-0.04133716002918112,0.0802949959757981,0.05107633492828168,-0.14288932790756992,0.01615621213543163,0.12461972906179486,0.048772717850744905,-0.806261373803415,-0.11130321158000091,-0.7974472171149237,-0.11004195997543914,-0.8474370514863011,-0.11282975879162668,0.09321888415140492,0.015329301738858709,-0.7761495860335824,-0.09732052394617736,-0.5170430715713763,-0.08127715923311896,K01_si_frac_adm,-0.6189498808361491,noise_sigma_c2,-0.8474370514863011
440,0.0,0.0,rare,,,,,,,,,,,,,,,,,,,,,,,,,,,,,,,,,,,,
441,0.0,0.0,rare,,,,,,,,,,,,,,,,,,,,,,,,,,,,,,,,,,,,
442,0.0,0.0,rare,,,,,,,,,,,,,,,,,,,,,,,,,,,,,,,,,,,,
443,0.0,0.0,rare,,,,,,,,,,,,,,,,,,,,,,,,,,,,,,,,,,,,
444,0.0,0.0,rare,,,,,,,,,,,,,,,,,,,,,,,,,,,,,,,,,,,,
445,0.0,0.0,rare,,,,,,,,,,,,,,,,,,,,,,,,,,,,,,,,,,,,
446,0.0,0.0,rare,,,,,,,,,,,,,,,,,,,,,,,,,,,,,,,,,,,,
447,0.0,0.0,rare,,,,,,,,,,,,,,,,,,,,,,,,,,,,,,,,,,,,
448,0.0,0.0,rare,,,,,,,,,,,,,,,,,,,,,,,,,,,,,,,,,,,,
449,0.0,0.0,rare,,,,,,,,,,,,,,,,,,,,,,,,,,,,,,,,,,,,
450,0.0,0.0,rare,,,,,,,,,,,,,,,,,,,,,,,,,,,,,,,,,,,,
451,0.0,0.0,rare,,,,,,,,,,,,,,,,,,,,,,,,,,,,,,,,,,,,
452,0.0,0.0,rare,,,,,,,,,,,,,,,,,,,,,,,,,,,,,,,,,,,,
453,0.0,0.0,rare,,,,,,,,,,,,,,,,,,,,,,,,,,,,,,,,,,,,
454,0.0,0.0,rare,,,,,,,,,,,,,,,,,,,,,,,,,,,,,,,,,,,,
455,0.0,0.0,rare,,,,,,,,,,,,,,,,,,,,,,,,,,,,,,,,,,,,
456,0.0,0.0,rare,,,,,,,,,,,,,,,,,,,,,,,,,,,,,,,,,,,,
457,0.0,0.0,rare,,,,,,,,,,,,,,,,,,,,,,,,,,,,,,,,,,,,
458,0.0,0.0,rare,,,,,,,,,,,,,,,,,,,,,,,,,,,,,,,,,,,,
459,0.0,0.0,rare,,,,,,,,,,,,,,,,,,,,,,,,,,,,,,,,,,,,
460,0.0,0.0,rare,,,,,,,,,,,,,,,,,,,,,,,,,,,,,,,,,,,,
461,0.0,0.0,rare,,,,,,,,,,,,,,,,,,,,,,,,,,,,,,,,,,,,
462,0.0,0.0,rare,,,,,,,,,,,,,,,,,,,,,,,,,,,,,,,,,,,,
463,0.0,0.0,rare,,,,,,,,,,,,,,,,,,,,,,,,,,,,,,,,,,,,
464,0.0,0.0,rare,,,,,,,,,,,,,,,,,,,,,,,,,,,,,,,,,,,,
465,0.0,0.0,rare,,,,,,,,,,,,,,,,,,,,,,,,,,,,,,,,,,,,
466,0.0,0.0,rare,,,,,,,,,,,,,,,,,,,,,,,,,,,,,,,,,,,,
467,0.0,0.0,rare,,,,,,,,,,,,,,,,,,,,,,,,,,,,,,,,,,,,
468,0.0,0.0,rare,,,,,,,,,,,,,,,,,,,,,,,,,,,,,,,,,,,,
469,0.0,0.0,rare,,,,,,,,,,,,,,,,,,,,,,,,,,,,,,,,,,,,
470,0.0,0.0,rare,,,,,,,,,,,,,,,,,,,,,,,,,,,,,,,,,,,,
471,0.0,0.0,rare,,,,,,,,,,,,,,,,,,,,,,,,,,,,,,,,,,,,
472,0.0,0.0,rare,,,,,,,,,,,,,,,,,,,,,,,,,,,,,,,,,,,,
473,0.0026507620941020544,39.06519317626953,rare,,,,,,,,,,,,,,,,,,,,,,,,,,,,,,,,,,,,
474,0.0145791915175613,170.61297607421875,imaging,0.5136079515308313,0.5084606973753293,0.48428571428571426,0.03142857142857147,0.7092041354313549,0.0998694868612382,-0.6494591509489703,-0.08978193480574961,-0.32303807127359246,-0.027371475345488856,0.7081591230699714,0.09971728326211154,0.29618662460123124,0.030685764017831588,-0.600908806771091,-0.09487671549119038,-1.011832544009908,-0.1320992701219248,-0.4859223207504142,-0.0782490552025787,1.1718221140869853,0.1637556606664266,0.8330835528562435,0.11298622008755284,1.2042925953520418,0.16251461787018445,-0.08968447598575127,-0.002127929433218787,0.6515341267411823,0.08008753817482388,0.24942256884675484,0.07232490704548146,frac_si,0.7092041354313549,noise_sigma_c2,1.2042925953520418
475,0.0145791915175613,191.77505493164062,imaging,0.4943936048186196,0.5122876396267948,0.4949090588027547,0.0245752792535896,1.2620413281666174,0.13780355305550063,-1.2311555788557145,-0.12782827681173972,-0.5156942726824036,-0.07157810950445259,1.2627988081324124,0.1384432003414903,0.3713797717165134,0.04443453406227609,-0.2021250136983405,-0.010034533543971219,0.6060634287241584,0.02959393033745553,-0.1512781793282899,-0.023046683334616274,0.8974558945550782,0.10962905665681802,0.9315565108297043,0.09358475594261852,1.0763140588433764,0.11446575528247618,-0.18529782316334403,-0.015012767388707448,1.2980986311226341,0.08556694553151035,-0.9125135558327435,-0.11823956585111806,K01_si_frac_adm,1.2627988081324124,sharpness_c1,1.2980986311226341
476,0.0,0.0,rare,,,,,,,,,,,,,,,,,,,,,,,,,,,,,,,,,,,,
477,0.0,0.0,rare,,,,,,,,,,,,,,,,,,,,,,,,,,,,,,,,,,,,
478,0.0,0.0,rare,,,,,,,,,,,,,,,,,,,,,,,,,,,,,,,,,,,,
479,0.0,0.0,rare,,,,,,,,,,,,,,,,,,,,,,,,,,,,,,,,,,,,
480,0.0,0.0,rare,,,,,,,,,,,,,,,,,,,,,,,,,,,,,,,,,,,,
481,0.0,0.0,rare,,,,,,,,,,,,,,,,,,,,,,,,,,,,,,,,,,,,
482,0.0,0.0,rare,,,,,,,,,,,,,,,,,,,,,,,,,,,,,,,,,,,,
483,0.0,0.0,rare,,,,,,,,,,,,,,,,,,,,,,,,,,,,,,,,,,,,
484,0.0,0.0,rare,,,,,,,,,,,,,,,,,,,,,,,,,,,,,,,,,,,,
485,0.0006626905235255136,14.239738464355469,rare,,,,,,,,,,,,,,,,,,,,,,,,,,,,,,,,,,,,
486,0.0,0.0,rare,,,,,,,,,,,,,,,,,,,,,,,,,,,,,,,,,,,,
487,0.0,0.0,rare,,,,,,,,,,,,,,,,,,,,,,,,,,,,,,,,,,,,
488,0.003976143141153081,42.30036544799805,rare,,,,,,,,,,,,,,,,,,,,,,,,,,,,,,,,,,,,
489,0.0,0.0,rare,,,,,,,,,,,,,,,,,,,,,,,,,,,,,,,,,,,,
490,0.0,0.0,rare,,,,,,,,,,,,,,,,,,,,,,,,,,,,,,,,,,,,
491,0.0,0.0,rare,,,,,,,,,,,,,,,,,,,,,,,,,,,,,,,,,,,,
492,0.0,0.0,rare,,,,,,,,,,,,,,,,,,,,,,,,,,,,,,,,,,,,
493,0.0,0.0,rare,,,,,,,,,,,,,,,,,,,,,,,,,,,,,,,,,,,,
494,0.0,0.0,rare,,,,,,,,,,,,,,,,,,,,,,,,,,,,,,,,,,,,
495,0.0,0.0,rare,,,,,,,,,,,,,,,,,,,,,,,,,,,,,,,,,,,,
496,0.0,0.0,rare,,,,,,,,,,,,,,,,,,,,,,,,,,,,,,,,,,,,
497,0.0,0.0,rare,,,,,,,,,,,,,,,,,,,,,,,,,,,,,,,,,,,,
498,0.0,0.0,rare,,,,,,,,,,,,,,,,,,,,,,,,,,,,,,,,,,,,
499,0.0,0.0,rare,,,,,,,,,,,,,,,,,,,,,,,,,,,,,,,,,,,,
500,0.0,0.0,rare,,,,,,,,,,,,,,,,,,,,,,,,,,,,,,,,,,,,
501,0.0,0.0,rare,,,,,,,,,,,,,,,,,,,,,,,,,,,,,,,,,,,,
502,0.0,0.0,rare,,,,,,,,,,,,,,,,,,,,,,,,,,,,,,,,,,,,
503,0.0,0.0,rare,,,,,,,,,,,,,,,,,,,,,,,,,,,,,,,,,,,,
504,0.0,0.0,rare,,,,,,,,,,,,,,,,,,,,,,,,,,,,,,,,,,,,
505,0.0,0.0,rare,,,,,,,,,,,,,,,,,,,,,,,,,,,,,,,,,,,,
506,0.0,0.0,rare,,,,,,,,,,,,,,,,,,,,,,,,,,,,,,,,,,,,
507,0.0,0.0,rare,,,,,,,,,,,,,,,,,,,,,,,,,,,,,,,,,,,,
508,0.0,0.0,rare,,,,,,,,,,,,,,,,,,,,,,,,,,,,,,,,,,,,
509,0.0026507620941020544,44.039772033691406,rare,,,,,,,,,,,,,,,,,,,,,,,,,,,,,,,,,,,,
510,0.0,0.0,rare,,,,,,,,,,,,,,,,,,,,,,,,,,,,,,,,,,,,
511,0.0,0.0,rare,,,,,,,,,,,,,,,,,,,,,,,,,,,,,,,,,,,,
512,0.0,0.0,rare,,,,,,,,,,,,,,,,,,,,,,,,,,,,,,,,,,,,
513,0.0,0.0,rare,,,,,,,,,,,,,,,,,,,,,,,,,,,,,,,,,,,,
514,0.0,0.0,rare,,,,,,,,,,,,,,,,,,,,,,,,,,,,,,,,,,,,
515,0.0,0.0,rare,,,,,,,,,,,,,,,,,,,,,,,,,,,,,,,,,,,,
516,0.0,0.0,rare,,,,,,,,,,,,,,,,,,,,,,,,,,,,,,,,,,,,
517,0.0,0.0,rare,,,,,,,,,,,,,,,,,,,,,,,,,,,,,,,,,,,,
518,0.013253810470510271,105.46998596191406,imaging,0.5106064204467935,0.49672217218109216,0.49499028783330384,0.021212840893586993,-0.5085000139476803,-0.04006625621146353,0.6069164557297716,0.06635295279834216,-0.30987762958186194,-0.048204984107632916,-0.5090122282801097,-0.04013281341398537,-0.3368328620024452,-0.04032698302125703,-0.04754920691524906,0.022110730038954893,0.09555358089682754,-0.00012807287076125226,-0.003166439574487189,0.03191637932887566,0.4398754724964547,0.024464182070148274,0.5570945731671364,0.033195576863443176,0.5595991412257519,0.04438633426777653,0.6623815712744373,0.055547948294181505,0.466770004807679,0.017733313519769665,1.1277349035412452,0.09342654687689592,frac_graphite,0.6069164557297716,sharpness_c2,1.1277349035412452
519,0.0,0.0,rare,,,,,,,,,,,,,,,,,,,,,,,,,,,,,,,,,,,,
520,0.0,0.0,rare,,,,,,,,,,,,,,,,,,,,,,,,,,,,,,,,,,,,
521,0.0,0.0,rare,,,,,,,,,,,,,,,,,,,,,,,,,,,,,,,,,,,,
522,0.0,0.0,rare,,,,,,,,,,,,,,,,,,,,,,,,,,,,,,,,,,,,
523,0.0,0.0,rare,,,,,,,,,,,,,,,,,,,,,,,,,,,,,,,,,,,,
524,0.0,0.0,rare,,,,,,,,,,,,,,,,,,,,,,,,,,,,,,,,,,,,
525,0.0,0.0,rare,,,,,,,,,,,,,,,,,,,,,,,,,,,,,,,,,,,,
526,0.0,0.0,rare,,,,,,,,,,,,,,,,,,,,,,,,,,,,,,,,,,,,
527,0.0,0.0,rare,,,,,,,,,,,,,,,,,,,,,,,,,,,,,,,,,,,,
528,0.0,0.0,rare,,,,,,,,,,,,,,,,,,,,,,,,,,,,,,,,,,,,
529,0.0,0.0,rare,,,,,,,,,,,,,,,,,,,,,,,,,,,,,,,,,,,,
530,0.0,0.0,rare,,,,,,,,,,,,,,,,,,,,,,,,,,,,,,,,,,,,
531,0.0,0.0,rare,,,,,,,,,,,,,,,,,,,,,,,,,,,,,,,,,,,,
532,0.0,0.0,rare,,,,,,,,,,,,,,,,,,,,,,,,,,,,,,,,,,,,
533,0.003976143141153081,43.652278900146484,rare,,,,,,,,,,,,,,,,,,,,,,,,,,,,,,,,,,,,
534,0.0,0.0,rare,,,,,,,,,,,,,,,,,,,,,,,,,,,,,,,,,,,,
535,0.0,0.0,rare,,,,,,,,,,,,,,,,,,,,,,,,,,,,,,,,,,,,
536,0.0,0.0,rare,,,,,,,,,,,,,,,,,,,,,,,,,,,,,,,,,,,,
537,0.0,0.0,rare,,,,,,,,,,,,,,,,,,,,,,,,,,,,,,,,,,,,
538,0.0,0.0,rare,,,,,,,,,,,,,,,,,,,,,,,,,,,,,,,,,,,,
539,0.0,0.0,rare,,,,,,,,,,,,,,,,,,,,,,,,,,,,,,,,,,,,
540,0.0,0.0,rare,,,,,,,,,,,,,,,,,,,,,,,,,,,,,,,,,,,,
541,0.0,0.0,rare,,,,,,,,,,,,,,,,,,,,,,,,,,,,,,,,,,,,
542,0.0013253810470510272,29.404468536376953,rare,,,,,,,,,,,,,,,,,,,,,,,,,,,,,,,,,,,,
543,0.0,0.0,rare,,,,,,,,,,,,,,,,,,,,,,,,,,,,,,,,,,,,
544,0.0,0.0,rare,,,,,,,,,,,,,,,,,,,,,,,,,,,,,,,,,,,,
545,0.0,0.0,rare,,,,,,,,,,,,,,,,,,,,,,,,,,,,,,,,,,,,
546,0.0,0.0,rare,,,,,,,,,,,,,,,,,,,,,,,,,,,,,,,,,,,,
547,0.0,0.0,rare,,,,,,,,,,,,,,,,,,,,,,,,,,,,,,,,,,,,
548,0.0,0.0,rare,,,,,,,,,,,,,,,,,,,,,,,,,,,,,,,,,,,,
549,0.0,0.0,rare,,,,,,,,,,,,,,,,,,,,,,,,,,,,,,,,,,,,
550,0.0,0.0,rare,,,,,,,,,,,,,,,,,,,,,,,,,,,,,,,,,,,,
551,0.0,0.0,rare,,,,,,,,,,,,,,,,,,,,,,,,,,,,,,,,,,,,
552,0.0,0.0,rare,,,,,,,,,,,,,,,,,,,,,,,,,,,,,,,,,,,,
553,0.0,0.0,rare,,,,,,,,,,,,,,,,,,,,,,,,,,,,,,,,,,,,
554,0.0,0.0,rare,,,,,,,,,,,,,,,,,,,,,,,,,,,,,,,,,,,,
555,0.0,0.0,rare,,,,,,,,,,,,,,,,,,,,,,,,,,,,,,,,,,,,
556,0.0,0.0,rare,,,,,,,,,,,,,,,,,,,,,,,,,,,,,,,,,,,,
557,0.0,0.0,rare,,,,,,,,,,,,,,,,,,,,,,,,,,,,,,,,,,,,
558,0.0,0.0,rare,,,,,,,,,,,,,,,,,,,,,,,,,,,,,,,,,,,,
559,0.0,0.0,rare,,,,,,,,,,,,,,,,,,,,,,,,,,,,,,,,,,,,
560,0.0,0.0,rare,,,,,,,,,,,,,,,,,,,,,,,,,,,,,,,,,,,,
561,0.0,0.0,rare,,,,,,,,,,,,,,,,,,,,,,,,,,,,,,,,,,,,
562,0.0,0.0,rare,,,,,,,,,,,,,,,,,,,,,,,,,,,,,,,,,,,,
563,0.0,0.0,rare,,,,,,,,,,,,,,,,,,,,,,,,,,,,,,,,,,,,
564,0.0,0.0,rare,,,,,,,,,,,,,,,,,,,,,,,,,,,,,,,,,,,,
565,0.0,0.0,rare,,,,,,,,,,,,,,,,,,,,,,,,,,,,,,,,,,,,
566,0.0,0.0,rare,,,,,,,,,,,,,,,,,,,,,,,,,,,,,,,,,,,,
567,0.0,0.0,rare,,,,,,,,,,,,,,,,,,,,,,,,,,,,,,,,,,,,
568,0.0,0.0,rare,,,,,,,,,,,,,,,,,,,,,,,,,,,,,,,,,,,,
569,0.02385685884691849,235.42897033691406,imaging,0.51714763591529,0.5169238031472928,0.47560656895638354,0.04878686208723293,1.0833483043730752,0.1257915269225946,-0.991835793228266,-0.11272242767239612,-0.15228986263631597,-0.006607919743814599,1.0821395877912197,0.12563178374651796,0.5016436116633181,0.06024561504629036,-0.5141493735334388,-0.10955364614342106,-0.8275497962647814,-0.11384628654408754,-0.4035088705810456,-0.07728936153515541,1.1354912953659952,0.18967186601308297,0.9139789880784533,0.15537917166002166,1.1567158716029773,0.18275282691954908,-0.2861887837892814,-0.012335616226486438,0.7320654411955645,0.1227801735014624,0.589621211782353,0.12344012044164816,frac_si,1.0833483043730752,noise_sigma_c2,1.1567158716029773
570,0.0,0.0,rare,,,,,,,,,,,,,,,,,,,,,,,,,,,,,,,,,,,,
571,0.0006626905235255136,15.762251853942871,rare,,,,,,,,,,,,,,,,,,,,,,,,,,,,,,,,,,,,
572,0.0,0.0,rare,,,,,,,,,,,,,,,,,,,,,,,,,,,,,,,,,,,,
573,0.0,0.0,rare,,,,,,,,,,,,,,,,,,,,,,,,,,,,,,,,,,,,
574,0.0,0.0,rare,,,,,,,,,,,,,,,,,,,,,,,,,,,,,,,,,,,,
575,0.005301524188204109,61.536949157714844,rare,,,,,,,,,,,,,,,,,,,,,,,,,,,,,,,,,,,,
576,0.0,0.0,rare,,,,,,,,,,,,,,,,,,,,,,,,,,,,,,,,,,,,
577,0.0,0.0,rare,,,,,,,,,,,,,,,,,,,,,,,,,,,,,,,,,,,,
578,0.0,0.0,rare,,,,,,,,,,,,,,,,,,,,,,,,,,,,,,,,,,,,
579,0.0,0.0,rare,,,,,,,,,,,,,,,,,,,,,,,,,,,,,,,,,,,,
580,0.0,0.0,rare,,,,,,,,,,,,,,,,,,,,,,,,,,,,,,,,,,,,
581,0.0,0.0,rare,,,,,,,,,,,,,,,,,,,,,,,,,,,,,,,,,,,,
582,0.0,0.0,rare,,,,,,,,,,,,,,,,,,,,,,,,,,,,,,,,,,,,
583,0.0,0.0,rare,,,,,,,,,,,,,,,,,,,,,,,,,,,,,,,,,,,,
584,0.0,0.0,rare,,,,,,,,,,,,,,,,,,,,,,,,,,,,,,,,,,,,
585,0.0,0.0,rare,,,,,,,,,,,,,,,,,,,,,,,,,,,,,,,,,,,,
586,0.0,0.0,rare,,,,,,,,,,,,,,,,,,,,,,,,,,,,,,,,,,,,
587,0.0,0.0,rare,,,,,,,,,,,,,,,,,,,,,,,,,,,,,,,,,,,,
588,0.0,0.0,rare,,,,,,,,,,,,,,,,,,,,,,,,,,,,,,,,,,,,
589,0.0,0.0,rare,,,,,,,,,,,,,,,,,,,,,,,,,,,,,,,,,,,,
590,0.0,0.0,rare,,,,,,,,,,,,,,,,,,,,,,,,,,,,,,,,,,,,
591,0.0,0.0,rare,,,,,,,,,,,,,,,,,,,,,,,,,,,,,,,,,,,,
592,0.0,0.0,rare,,,,,,,,,,,,,,,,,,,,,,,,,,,,,,,,,,,,
593,0.0,0.0,rare,,,,,,,,,,,,,,,,,,,,,,,,,,,,,,,,,,,,
594,0.0,0.0,rare,,,,,,,,,,,,,,,,,,,,,,,,,,,,,,,,,,,,
595,0.0,0.0,rare,,,,,,,,,,,,,,,,,,,,,,,,,,,,,,,,,,,,
596,0.0026507620941020544,28.871944427490234,rare,,,,,,,,,,,,,,,,,,,,,,,,,,,,,,,,,,,,
597,0.0,0.0,rare,,,,,,,,,,,,,,,,,,,,,,,,,,,,,,,,,,,,
598,0.0,0.0,rare,,,,,,,,,,,,,,,,,,,,,,,,,,,,,,,,,,,,
599,0.0,0.0,rare,,,,,,,,,,,,,,,,,,,,,,,,,,,,,,,,,,,,
600,0.0,0.0,rare,,,,,,,,,,,,,,,,,,,,,,,,,,,,,,,,,,,,
601,0.01855533465871438,202.7097625732422,imaging,0.49371396520447297,0.5133738265087401,0.4945876743775385,0.026747653017480166,-0.5031926291137256,-0.04757313650555451,0.6622955886185412,0.0843158527278205,-0.5305661596673781,-0.08654413767005549,-0.5037071657137193,-0.047651575261739035,-0.33683289410922207,-0.04607543549339335,-0.0034861579548062308,0.016022740043604055,-0.0027282887062636263,0.017325964577068188,0.16241329847552946,0.00611712250590269,0.1877021756363889,-0.0006084899579758493,-0.34565729348162827,-0.07029452941725764,0.17602082770440347,0.006227684354530796,0.8235345182544758,0.05931931462132689,-0.6706040294974419,-0.08015102688055498,0.40704037624396744,0.008698636453377921,frac_graphite,0.6622955886185412,sharpness_c0,0.8235345182544758
602,0.0,0.0,rare,,,,,,,,,,,,,,,,,,,,,,,,,,,,,,,,,,,,
603,0.0,0.0,rare,,,,,,,,,,,,,,,,,,,,,,,,,,,,,,,,,,,,
604,0.0006626905235255136,1.100377082824707,rare,,,,,,,,,,,,,,,,,,,,,,,,,,,,,,,,,,,,
605,0.0,0.0,rare,,,,,,,,,,,,,,,,,,,,,,,,,,,,,,,,,,,,
606,0.0,0.0,rare,,,,,,,,,,,,,,,,,,,,,,,,,,,,,,,,,,,,
607,0.0,0.0,rare,,,,,,,,,,,,,,,,,,,,,,,,,,,,,,,,,,,,
608,0.0,0.0,rare,,,,,,,,,,,,,,,,,,,,,,,,,,,,,,,,,,,,
609,0.0,0.0,rare,,,,,,,,,,,,,,,,,,,,,,,,,,,,,,,,,,,,
610,0.0,0.0,rare,,,,,,,,,,,,,,,,,,,,,,,,,,,,,,,,,,,,
611,0.0,0.0,rare,,,,,,,,,,,,,,,,,,,,,,,,,,,,,,,,,,,,
612,0.0,0.0,rare,,,,,,,,,,,,,,,,,,,,,,,,,,,,,,,,,,,,
613,0.0,0.0,rare,,,,,,,,,,,,,,,,,,,,,,,,,,,,,,,,,,,,
614,0.004638833664678595,54.91665267944336,rare,,,,,,,,,,,,,,,,,,,,,,,,,,,,,,,,,,,,
615,0.0,0.0,rare,,,,,,,,,,,,,,,,,,,,,,,,,,,,,,,,,,,,
616,0.0,0.0,rare,,,,,,,,,,,,,,,,,,,,,,,,,,,,,,,,,,,,
617,0.0,0.0,rare,,,,,,,,,,,,,,,,,,,,,,,,,,,,,,,,,,,,
618,0.0,0.0,rare,,,,,,,,,,,,,,,,,,,,,,,,,,,,,,,,,,,,
619,0.0,0.0,rare,,,,,,,,,,,,,,,,,,,,,,,,,,,,,,,,,,,,
620,0.0,0.0,rare,,,,,,,,,,,,,,,,,,,,,,,,,,,,,,,,,,,,
621,0.015904572564612324,172.8424530029297,imaging,0.5127666132724268,0.5040027552057493,0.48814232738831004,0.02553322654485357,0.041560376208422956,-0.0005485520522781636,-0.06606581279484171,-0.00045347754506654315,-0.14505678595099322,0.01480499664964754,0.04080748669351272,-0.0006704883206848576,0.11893264030205496,-0.004837042659369377,-0.5609432859389539,-0.08196253267630396,-1.01237155903702,-0.10842186782403428,-0.4251338087258918,-0.06102061714746074,0.9194711362400978,0.09301530740288844,0.7345722340039748,0.07571684483094529,1.04757413037893,0.11291663420726254,0.28493834249143585,0.0440423949575319,0.46153263442356657,0.04753079633650247,0.03203148556734629,0.03577976826032085,frac_pore,-0.14505678595099322,noise_sigma_c2,1.04757413037893
622,0.0,0.0,rare,,,,,,,,,,,,,,,,,,,,,,,,,,,,,,,,,,,,
623,0.0,0.0,rare,,,,,,,,,,,,,,,,,,,,,,,,,,,,,,,,,,,,
624,0.0,0.0,rare,,,,,,,,,,,,,,,,,,,,,,,,,,,,,,,,,,,,
625,0.0,0.0,rare,,,,,,,,,,,,,,,,,,,,,,,,,,,,,,,,,,,,
626,0.0145791915175613,127.60096740722656,imaging,0.4963693601281462,0.504946846686287,0.49891047148154694,0.009893693372573953,-0.2944567389219253,-0.045918340753619356,0.12241272949420805,0.0024442375262832957,0.4935661853705068,0.06387769844659712,-0.29506260644297566,-0.0459690750791853,-0.18638171407336263,-0.005094080873233964,-0.21399284166759208,-0.03637618107617202,-0.6158462017787468,-0.06854980483160367,-0.08859024036813212,-0.0171802436245624,0.21933776940309535,0.0002876275901596452,0.2941045601634803,0.019720900833182942,0.323245880525886,0.017618943503526868,0.5373128958856135,0.0578576379381439,-0.1063542639106769,-0.012143590082694401,-0.03164594075681654,-0.017857032333725428,frac_pore,0.4935661853705068,p1_c1,-0.6158462017787468
627,0.0,0.0,rare,,,,,,,,,,,,,,,,,,,,,,,,,,,,,,,,,,,,
628,0.015241882041086813,198.83822631835938,imaging,0.5169177206554859,0.5044892513258223,0.48488433692389193,0.033835441310971826,-0.4063462916339593,-0.04910479576927173,0.6935967506815915,0.0987582429352393,-0.9956273001163449,-0.1474004204533075,-0.4069032027257688,-0.04919146901632379,-0.3368329126209311,-0.04232457615854792,-0.4179190406745848,-0.03724812515750024,0.3351475623938127,0.04489736669475302,-0.31198165504691167,-0.01910105401789471,0.9759389109970646,0.14463307333554573,1.176821757941335,0.15080540331020226,1.3170884202642241,0.17922622711673766,1.130970615449722,0.11967449085616465,1.2788645101709508,0.14994621388057025,1.1220013333049912,0.14954067936622395,frac_pore,-0.9956273001163449,noise_sigma_c2,1.3170884202642241
629,0.0,0.0,rare,,,,,,,,,,,,,,,,,,,,,,,,,,,,,,,,,,,,
630,0.0,0.0,rare,,,,,,,,,,,,,,,,,,,,,,,,,,,,,,,,,,,,
631,0.0,0.0,rare,,,,,,,,,,,,,,,,,,,,,,,,,,,,,,,,,,,,
632,0.0,0.0,rare,,,,,,,,,,,,,,,,,,,,,,,,,,,,,,,,,,,,
633,0.0,0.0,rare,,,,,,,,,,,,,,,,,,,,,,,,,,,,,,,,,,,,
634,0.017229953611663355,166.11956787109375,material,0.4926881894299618,0.4923292567206309,0.5107345929719229,0.021469185943845837,1.8011982404276732,0.16202704019446443,-1.5072808808865523,-0.14392032825702186,-0.3604158219573347,-0.041833229983535246,1.7996754336260146,0.1619573459357517,1.1374084978453447,0.13927261631732157,0.4226052234777168,0.06431894137222773,0.4776547994478206,0.06987134046207324,0.38158397170818414,0.06334808399535888,-0.24297766113845462,-0.03939612388198033,-0.42351467734393494,-0.05636823588666922,-0.23584582231787182,-0.04206688415489242,-0.7396317145569513,-0.11566754653597665,-0.2646796383227279,-0.0404603747438238,0.02826075881055121,-0.011261772586621088,frac_si,1.8011982404276732,sharpness_c0,-0.7396317145569513
635,0.0,0.0,rare,,,,,,,,,,,,,,,,,,,,,,,,,,,,,,,,,,,,
636,0.005301524188204109,66.80856323242188,rare,,,,,,,,,,,,,,,,,,,,,,,,,,,,,,,,,,,,
637,0.0,0.0,rare,,,,,,,,,,,,,,,,,,,,,,,,,,,,,,,,,,,,
638,0.0,0.0,rare,,,,,,,,,,,,,,,,,,,,,,,,,,,,,,,,,,,,
639,0.0,0.0,rare,,,,,,,,,,,,,,,,,,,,,,,,,,,,,,,,,,,,
640,0.0,0.0,rare,,,,,,,,,,,,,,,,,,,,,,,,,,,,,,,,,,,,
641,0.0,0.0,rare,,,,,,,,,,,,,,,,,,,,,,,,,,,,,,,,,,,,
642,0.0,0.0,rare,,,,,,,,,,,,,,,,,,,,,,,,,,,,,,,,,,,,
643,0.0,0.0,rare,,,,,,,,,,,,,,,,,,,,,,,,,,,,,,,,,,,,
644,0.024519549370444003,172.7351531982422,imaging,0.49751262007387603,0.487502829866045,0.5109014656542469,0.02499434026791003,-0.28904615969784514,-0.029709882035023095,0.44822162639472324,0.07786329943086777,-0.5009104201251136,-0.08009508641284162,-0.2896543946318203,-0.029827782336289844,-0.33683290350888395,-0.05517477693223264,0.35073759067550114,0.05287562668318559,0.33825798824866093,0.053628152628525605,0.294096962595495,0.07573446205117262,-0.5172159979014129,-0.07356849731310959,-0.5303520193137972,-0.07132517212965,-0.45390138150235426,-0.07382414538667573,-0.25287268233465515,-0.027957381043954888,-0.456251069181034,-0.059452564179619895,-0.16228377717123674,-0.024159505107304444,frac_pore,-0.5009104201251136,noise_sigma_c1,-0.5303520193137972
645,0.009940357852882704,107.29325103759766,imaging,0.4954964401032849,0.49706898129639177,0.5052966625463534,0.010593325092706829,-0.5375245187232291,-0.06342988573963365,0.7124564844117587,0.08574515053241263,-0.5730237113986338,-0.0710954724846154,-0.5380240337013338,-0.06344532224443127,-0.20775253667905824,-0.01221185155377136,0.40825223364830554,0.054969631208081286,0.7479964625465108,0.06172520488020576,0.01912426471674569,0.040724089135866344,-0.5440590463131593,-0.04367596885994326,-0.6412755924756677,-0.06118775274348691,-0.39485474712451124,-0.038943380260030074,0.3118709831721764,0.05379213105252604,-0.7384043405877387,-0.060113617154567194,-0.12629023506541306,-0.025350168976962854,frac_graphite,0.7124564844117587,p1_c1,0.7479964625465108
646,0.0,0.0,rare,,,,,,,,,,,,,,,,,,,,,,,,,,,,,,,,,,,,
647,0.017892644135188866,159.63641357421875,material,0.5190349622787381,0.49187406975680015,0.4926540702807699,0.038069924557476265,1.1315966437600908,0.05026969186430036,-0.9356657411096938,-0.029701731778509703,-0.5959197600217866,-0.07420609699252682,1.1303668164985166,0.05017818937785077,0.6414440540372005,0.05331786377399998,-0.16404587538956325,-0.029883087983064372,-0.1251961693071807,-0.029021222316752415,-0.22167814819877846,-0.048215339636382235,0.9355525856679576,0.1192012004558441,0.403155643732461,0.04215092621422498,0.9140506142219044,0.10985462314246817,0.8878476400070122,0.09643301611172593,0.5887373251607149,0.0693538963216673,0.16849294633709586,0.029723346119860918,frac_si,1.1315966437600908,noise_sigma_c0,0.9355525856679576
648,0.0,0.0,rare,,,,,,,,,,,,,,,,,,,,,,,,,,,,,,,,,,,,
649,0.0,0.0,rare,,,,,,,,,,,,,,,,,,,,,,,,,,,,,,,,,,,,
650,0.0,0.0,rare,,,,,,,,,,,,,,,,,,,,,,,,,,,,,,,,,,,,
651,0.0,0.0,rare,,,,,,,,,,,,,,,,,,,,,,,,,,,,,,,,,,,,
652,0.0,0.0,rare,,,,,,,,,,,,,,,,,,,,,,,,,,,,,,,,,,,,
653,0.0,0.0,rare,,,,,,,,,,,,,,,,,,,,,,,,,,,,,,,,,,,,
654,0.0,0.0,rare,,,,,,,,,,,,,,,,,,,,,,,,,,,,,,,,,,,,
655,0.0,0.0,rare,,,,,,,,,,,,,,,,,,,,,,,,,,,,,,,,,,,,
656,0.0,0.0,rare,,,,,,,,,,,,,,,,,,,,,,,,,,,,,,,,,,,,
657,0.0006626905235255136,0.07822701334953308,rare,,,,,,,,,,,,,,,,,,,,,,,,,,,,,,,,,,,,
658,0.0,0.0,rare,,,,,,,,,,,,,,,,,,,,,,,,,,,,,,,,,,,,
659,0.0,0.0,rare,,,,,,,,,,,,,,,,,,,,,,,,,,,,,,,,,,,,
660,0.0,0.0,rare,,,,,,,,,,,,,,,,,,,,,,,,,,,,,,,,,,,,
661,0.0,0.0,rare,,,,,,,,,,,,,,,,,,,,,,,,,,,,,,,,,,,,
662,0.010603048376408217,84.32032012939453,material,0.4988807421967771,0.5057416175755153,0.49657248808052273,0.011483235151030557,1.9356099152898196,0.14095301930504733,-1.7164407851356849,-0.13019677448055608,-0.18006721126826256,-0.02472677263752077,1.9340282975648724,0.14089396115069722,1.1363219857284776,0.11008500848706566,-0.5528724201528482,-0.03403840824824181,-0.3580517267950913,-0.002782961230249008,-0.45741646777758144,-0.02363963128944968,0.7980816652027971,0.07448969449351561,0.7215922331212199,0.08050025595201352,0.860821741458943,0.09029734268973959,-0.701818067355251,-0.09349879826134465,0.5555832534714502,0.07931423055259007,0.6712587393691056,0.09879970127354641,frac_si,1.9356099152898196,noise_sigma_c2,0.860821741458943
663,0.005964214711729622,74.1011734008789,rare,,,,,,,,,,,,,,,,,,,,,,,,,,,,,,,,,,,,
664,0.0,0.0,rare,,,,,,,,,,,,,,,,,,,,,,,,,,,,,,,,,,,,
665,0.0,0.0,rare,,,,,,,,,,,,,,,,,,,,,,,,,,,,,,,,,,,,
666,0.0,0.0,rare,,,,,,,,,,,,,,,,,,,,,,,,,,,,,,,,,,,,
667,0.0,0.0,rare,,,,,,,,,,,,,,,,,,,,,,,,,,,,,,,,,,,,
668,0.0,0.0,rare,,,,,,,,,,,,,,,,,,,,,,,,,,,,,,,,,,,,
669,0.0,0.0,rare,,,,,,,,,,,,,,,,,,,,,,,,,,,,,,,,,,,,
670,0.0,0.0,rare,,,,,,,,,,,,,,,,,,,,,,,,,,,,,,,,,,,,
671,0.0,0.0,rare,,,,,,,,,,,,,,,,,,,,,,,,,,,,,,,,,,,,
672,0.0,0.0,rare,,,,,,,,,,,,,,,,,,,,,,,,,,,,,,,,,,,,
673,0.0,0.0,rare,,,,,,,,,,,,,,,,,,,,,,,,,,,,,,,,,,,,
674,0.0,0.0,rare,,,,,,,,,,,,,,,,,,,,,,,,,,,,,,,,,,,,
675,0.0,0.0,rare,,,,,,,,,,,,,,,,,,,,,,,,,,,,,,,,,,,,
676,0.0,0.0,rare,,,,,,,,,,,,,,,,,,,,,,,,,,,,,,,,,,,,
677,0.0,0.0,rare,,,,,,,,,,,,,,,,,,,,,,,,,,,,,,,,,,,,
678,0.0,0.0,rare,,,,,,,,,,,,,,,,,,,,,,,,,,,,,,,,,,,,
679,0.0,0.0,rare,,,,,,,,,,,,,,,,,,,,,,,,,,,,,,,,,,,,
680,0.0,0.0,rare,,,,,,,,,,,,,,,,,,,,,,,,,,,,,,,,,,,,
681,0.013253810470510271,98.04866790771484,imaging,0.4914602903501281,0.49128160418482997,0.5123609394313968,0.024721878862793645,-0.23769497986937085,-0.014276066450813852,0.20236892469127868,0.015910055175654105,0.08089349037987402,0.022352500523935212,-0.23832568307579619,-0.014342623720889998,-0.3368328668647958,-0.04032698302125703,1.2178944404215233,0.11293776228663249,0.2925776014019778,0.051655827829170387,1.2688357947265914,0.09970711375788371,-1.0588380621688545,-0.1111013269094419,-1.1037041746621963,-0.10661262954055484,-0.9618639890649677,-0.09972031762878279,-0.37705654693409635,-0.04051793431328466,-0.5507428698597134,-0.055849942801462236,-0.47073479448860955,-0.07841904716920808,K04_agglom_frac,-0.3368328668647958,p1_c2,1.2688357947265914
682,0.0,0.0,rare,,,,,,,,,,,,,,,,,,,,,,,,,,,,,,,,,,,,
683,0.0,0.0,rare,,,,,,,,,,,,,,,,,,,,,,,,,,,,,,,,,,,,
684,0.0,0.0,rare,,,,,,,,,,,,,,,,,,,,,,,,,,,,,,,,,,,,
685,0.003976143141153081,41.0496826171875,rare,,,,,,,,,,,,,,,,,,,,,,,,,,,,,,,,,,,,
686,0.0,0.0,rare,,,,,,,,,,,,,,,,,,,,,,,,,,,,,,,,,,,,
687,0.0,0.0,rare,,,,,,,,,,,,,,,,,,,,,,,,,,,,,,,,,,,,
688,0.0019880715705765406,30.245624542236328,rare,,,,,,,,,,,,,,,,,,,,,,,,,,,,,,,,,,,,
689,0.0,0.0,rare,,,,,,,,,,,,,,,,,,,,,,,,,,,,,,,,,,,,
690,0.0,0.0,rare,,,,,,,,,,,,,,,,,,,,,,,,,,,,,,,,,,,,
691,0.0,0.0,rare,,,,,,,,,,,,,,,,,,,,,,,,,,,,,,,,,,,,
692,0.0,0.0,rare,,,,,,,,,,,,,,,,,,,,,,,,,,,,,,,,,,,,
693,0.0,0.0,rare,,,,,,,,,,,,,,,,,,,,,,,,,,,,,,,,,,,,
694,0.0,0.0,rare,,,,,,,,,,,,,,,,,,,,,,,,,,,,,,,,,,,,
695,0.0,0.0,rare,,,,,,,,,,,,,,,,,,,,,,,,,,,,,,,,,,,,
696,0.0,0.0,rare,,,,,,,,,,,,,,,,,,,,,,,,,,,,,,,,,,,,
697,0.0,0.0,rare,,,,,,,,,,,,,,,,,,,,,,,,,,,,,,,,,,,,
698,0.0,0.0,rare,,,,,,,,,,,,,,,,,,,,,,,,,,,,,,,,,,,,
699,0.0,0.0,rare,,,,,,,,,,,,,,,,,,,,,,,,,,,,,,,,,,,,
700,0.0,0.0,rare,,,,,,,,,,,,,,,,,,,,,,,,,,,,,,,,,,,,
701,0.0,0.0,rare,,,,,,,,,,,,,,,,,,,,,,,,,,,,,,,,,,,,
702,0.0,0.0,rare,,,,,,,,,,,,,,,,,,,,,,,,,,,,,,,,,,,,
703,0.0013253810470510272,29.197784423828125,rare,,,,,,,,,,,,,,,,,,,,,,,,,,,,,,,,,,,,
704,0.0,0.0,rare,,,,,,,,,,,,,,,,,,,,,,,,,,,,,,,,,,,,
705,0.0,0.0,rare,,,,,,,,,,,,,,,,,,,,,,,,,,,,,,,,,,,,
706,0.08084824387011266,876.4718017578125,imaging,0.45515894471422297,0.4606492073966677,0.5601924774854318,0.12038495497086354,-0.12344503531584307,-0.03740737665188393,0.24488975091701157,0.07162586980457807,-0.2948024539796937,-0.07306756599574389,-0.12412572782569845,-0.03758025370802902,0.00637351151487067,-0.02001703834733346,0.15968616196719848,0.18984700039746594,0.8357044942796131,0.21458256425865418,-0.24758933819221218,0.026628466334975145,-1.2104912829336152,-0.2689956150563753,-0.8381636530918908,-0.24477616624703985,-1.3955784727716805,-0.3353008970751898,-0.6454311130858963,-0.22700585095727643,-0.9961582153817778,-0.3016664958205253,-1.3365760116785237,-0.366464573883502,frac_pore,-0.2948024539796937,noise_sigma_c2,-1.3955784727716805
707,0.0,0.0,rare,,,,,,,,,,,,,,,,,,,,,,,,,,,,,,,,,,,,
708,0.0,0.0,rare,,,,,,,,,,,,,,,,,,,,,,,,,,,,,,,,,,,,
709,0.0,0.0,rare,,,,,,,,,,,,,,,,,,,,,,,,,,,,,,,,,,,,
710,0.0,0.0,rare,,,,,,,,,,,,,,,,,,,,,,,,,,,,,,,,,,,,
711,0.0,0.0,rare,,,,,,,,,,,,,,,,,,,,,,,,,,,,,,,,,,,,
712,0.0,0.0,rare,,,,,,,,,,,,,,,,,,,,,,,,,,,,,,,,,,,,
713,0.0,0.0,rare,,,,,,,,,,,,,,,,,,,,,,,,,,,,,,,,,,,,
714,0.0,0.0,rare,,,,,,,,,,,,,,,,,,,,,,,,,,,,,,,,,,,,
715,0.0019880715705765406,39.52783966064453,rare,,,,,,,,,,,,,,,,,,,,,,,,,,,,,,,,,,,,
716,0.0,0.0,rare,,,,,,,,,,,,,,,,,,,,,,,,,,,,,,,,,,,,
717,0.0,0.0,rare,,,,,,,,,,,,,,,,,,,,,,,,,,,,,,,,,,,,
718,0.0,0.0,rare,,,,,,,,,,,,,,,,,,,,,,,,,,,,,,,,,,,,
719,0.0,0.0,rare,,,,,,,,,,,,,,,,,,,,,,,,,,,,,,,,,,,,
720,0.0,0.0,rare,,,,,,,,,,,,,,,,,,,,,,,,,,,,,,,,,,,,
721,0.0,0.0,rare,,,,,,,,,,,,,,,,,,,,,,,,,,,,,,,,,,,,
722,0.0,0.0,rare,,,,,,,,,,,,,,,,,,,,,,,,,,,,,,,,,,,,
723,0.0,0.0,rare,,,,,,,,,,,,,,,,,,,,,,,,,,,,,,,,,,,,
724,0.0,0.0,rare,,,,,,,,,,,,,,,,,,,,,,,,,,,,,,,,,,,,
725,0.0,0.0,rare,,,,,,,,,,,,,,,,,,,,,,,,,,,,,,,,,,,,
726,0.01656726308813784,165.268798828125,material,0.4988542135129536,0.4963681378758905,0.5034637118135263,0.007263724248218972,1.4485116468961445,0.1270458096233794,-1.3255863456378372,-0.12457818874411282,0.15148275221412216,0.029573368883053685,1.4471431556423853,0.12698661381603252,0.5602426909829786,0.0712392808944394,-0.3871978594824907,-0.054497770856047435,-0.009168605267769171,-0.011226164243896474,-0.4102159871707891,-0.05889646358751503,0.5794186810720902,0.056180347640078364,0.7798141838293178,0.10060520278926827,0.578969753699859,0.06736760250121353,-0.6401414300248701,-0.10608241694475166,0.8526814712103873,0.10652926552538837,0.5798816501973891,0.09601622842802772,frac_si,1.4485116468961445,sharpness_c1,0.8526814712103873
727,0.0,0.0,rare,,,,,,,,,,,,,,,,,,,,,,,,,,,,,,,,,,,,
728,0.0,0.0,rare,,,,,,,,,,,,,,,,,,,,,,,,,,,,,,,,,,,,
729,0.0,0.0,rare,,,,,,,,,,,,,,,,,,,,,,,,,,,,,,,,,,,,
730,0.0,0.0,rare,,,,,,,,,,,,,,,,,,,,,,,,,,,,,,,,,,,,
731,0.0,0.0,rare,,,,,,,,,,,,,,,,,,,,,,,,,,,,,,,,,,,,
732,0.0,0.0,rare,,,,,,,,,,,,,,,,,,,,,,,,,,,,,,,,,,,,
733,0.0,0.0,rare,,,,,,,,,,,,,,,,,,,,,,,,,,,,,,,,,,,,
734,0.0,0.0,rare,,,,,,,,,,,,,,,,,,,,,,,,,,,,,,,,,,,,
735,0.0,0.0,rare,,,,,,,,,,,,,,,,,,,,,,,,,,,,,,,,,,,,
736,0.0,0.0,rare,,,,,,,,,,,,,,,,,,,,,,,,,,,,,,,,,,,,
737,0.0,0.0,rare,,,,,,,,,,,,,,,,,,,,,,,,,,,,,,,,,,,,
738,0.0,0.0,rare,,,,,,,,,,,,,,,,,,,,,,,,,,,,,,,,,,,,
739,0.0,0.0,rare,,,,,,,,,,,,,,,,,,,,,,,,,,,,,,,,,,,,
740,0.0,0.0,rare,,,,,,,,,,,,,,,,,,,,,,,,,,,,,,,,,,,,
741,0.0,0.0,rare,,,,,,,,,,,,,,,,,,,,,,,,,,,,,,,,,,,,
742,0.0,0.0,rare,,,,,,,,,,,,,,,,,,,,,,,,,,,,,,,,,,,,
743,0.0,0.0,rare,,,,,,,,,,,,,,,,,,,,,,,,,,,,,,,,,,,,
744,0.0,0.0,rare,,,,,,,,,,,,,,,,,,,,,,,,,,,,,,,,,,,,
745,0.0,0.0,rare,,,,,,,,,,,,,,,,,,,,,,,,,,,,,,,,,,,,
746,0.0,0.0,rare,,,,,,,,,,,,,,,,,,,,,,,,,,,,,,,,,,,,
747,0.0,0.0,rare,,,,,,,,,,,,,,,,,,,,,,,,,,,,,,,,,,,,
748,0.0,0.0,rare,,,,,,,,,,,,,,,,,,,,,,,,,,,,,,,,,,,,
749,0.0,0.0,rare,,,,,,,,,,,,,,,,,,,,,,,,,,,,,,,,,,,,
750,0.0,0.0,rare,,,,,,,,,,,,,,,,,,,,,,,,,,,,,,,,,,,,
751,0.003976143141153081,43.36801528930664,rare,,,,,,,,,,,,,,,,,,,,,,,,,,,,,,,,,,,,
752,0.0,0.0,rare,,,,,,,,,,,,,,,,,,,,,,,,,,,,,,,,,,,,
753,0.0,0.0,rare,,,,,,,,,,,,,,,,,,,,,,,,,,,,,,,,,,,,
754,0.0,0.0,rare,,,,,,,,,,,,,,,,,,,,,,,,,,,,,,,,,,,,
755,0.0,0.0,rare,,,,,,,,,,,,,,,,,,,,,,,,,,,,,,,,,,,,
756,0.009940357852882704,103.40631103515625,imaging,0.5012455848690494,0.5079886516350605,0.4932721172523397,0.015977303270120924,-0.5301784176264162,-0.06699973023180897,0.7722468250744278,0.09831102363430053,-0.79695201404711,-0.0737642428059358,-0.5306811467805473,-0.06706878857994775,-0.3368328880395482,-0.034863871151342034,0.005645904693549416,-0.014937552836088178,0.5557118694605468,0.014396573865113995,-0.13307756737968499,-0.006095043346923347,0.5633888633418785,0.05969091385799049,0.7836722045514717,0.081113079701216,0.6540281313417514,0.07650430635244769,1.1891136851839375,0.0790150805078457,1.1008582509502678,0.06948560768067907,0.6393648176761271,0.06222700179052619,frac_pore,-0.79695201404711,sharpness_c0,1.1891136851839375
757,0.005301524188204109,67.85577392578125,rare,,,,,,,,,,,,,,,,,,,,,,,,,,,,,,,,,,,,
758,0.0,0.0,rare,,,,,,,,,,,,,,,,,,,,,,,,,,,,,,,,,,,,
759,0.0,0.0,rare,,,,,,,,,,,,,,,,,,,,,,,,,,,,,,,,,,,,
760,0.0,0.0,rare,,,,,,,,,,,,,,,,,,,,,,,,,,,,,,,,,,,,
761,0.0,0.0,rare,,,,,,,,,,,,,,,,,,,,,,,,,,,,,,,,,,,,
762,0.0,0.0,rare,,,,,,,,,,,,,,,,,,,,,,,,,,,,,,,,,,,,
763,0.0,0.0,rare,,,,,,,,,,,,,,,,,,,,,,,,,,,,,,,,,,,,
764,0.04241219350563287,387.18524169921875,imaging,0.5301037397864566,0.5011439884011618,0.4781211372064277,0.06020747957291328,-0.3744401691883579,-0.034058565602981136,0.2437208697766363,0.007510005830828872,0.45838553414791366,0.09764781223865311,-0.37501104048135997,-0.03422748214291252,-0.31478601693481395,-0.06204391560033039,-0.5722808204259575,-0.16004299110192105,-0.5092419251891733,-0.10035157707274449,-0.48656981728353665,-0.1323004722253473,0.4524600752687841,0.07240069088360969,0.4899537829738935,0.10954880110549589,0.31681019165705415,0.04038265416441315,-0.008844443500446412,0.006884906676290307,0.23302466468687882,0.08427166379486212,0.4555611946180165,0.13878573994102464,frac_pore,0.45838553414791366,p1_c0,-0.5722808204259575
765,0.0,0.0,rare,,,,,,,,,,,,,,,,,,,,,,,,,,,,,,,,,,,,
766,0.0,0.0,rare,,,,,,,,,,,,,,,,,,,,,,,,,,,,,,,,,,,,
767,0.0,0.0,rare,,,,,,,,,,,,,,,,,,,,,,,,,,,,,,,,,,,,
768,0.0,0.0,rare,,,,,,,,,,,,,,,,,,,,,,,,,,,,,,,,,,,,
769,0.0,0.0,rare,,,,,,,,,,,,,,,,,,,,,,,,,,,,,,,,,,,,
770,0.0,0.0,rare,,,,,,,,,,,,,,,,,,,,,,,,,,,,,,,,,,,,
771,0.0,0.0,rare,,,,,,,,,,,,,,,,,,,,,,,,,,,,,,,,,,,,
772,0.0,0.0,rare,,,,,,,,,,,,,,,,,,,,,,,,,,,,,,,,,,,,
773,0.0,0.0,rare,,,,,,,,,,,,,,,,,,,,,,,,,,,,,,,,,,,,
774,0.0,0.0,rare,,,,,,,,,,,,,,,,,,,,,,,,,,,,,,,,,,,,
775,0.00728959575878065,74.8812484741211,imaging,0.5086319284079253,0.49883915282240004,0.4948181176055095,0.01726385681585052,-0.18723815431570745,0.014302810244495692,0.22232272410253262,-0.003936533654182663,-0.06749901843927579,-0.009362654902481646,-0.18789093460356027,0.014231346553870846,-0.2621113169496331,-0.005535676998498617,-0.5396601920120028,-0.05489023106850633,-0.5038306822824264,-0.046489693688145435,-0.48499013281658687,-0.05092514477446971,0.8047227296728701,0.08503497791954562,0.9631605939778836,0.09013991626015448,0.7833164078149958,0.08161235258625436,0.21424755537298878,0.03343358450737184,0.6989917149066831,0.0733960562508569,0.12336741143153096,0.011288024407097284,K04_agglom_frac,-0.2621113169496331,noise_sigma_c1,0.9631605939778836
776,0.0,0.0,rare,,,,,,,,,,,,,,,,,,,,,,,,,,,,,,,,,,,,
777,0.0,0.0,rare,,,,,,,,,,,,,,,,,,,,,,,,,,,,,,,,,,,,
778,0.0,0.0,rare,,,,,,,,,,,,,,,,,,,,,,,,,,,,,,,,,,,,
779,0.0,0.0,rare,,,,,,,,,,,,,,,,,,,,,,,,,,,,,,,,,,,,
780,0.0013253810470510272,24.141586303710938,rare,,,,,,,,,,,,,,,,,,,,,,,,,,,,,,,,,,,,
781,0.0,0.0,rare,,,,,,,,,,,,,,,,,,,,,,,,,,,,,,,,,,,,
782,0.0,0.0,rare,,,,,,,,,,,,,,,,,,,,,,,,,,,,,,,,,,,,
783,0.0,0.0,rare,,,,,,,,,,,,,,,,,,,,,,,,,,,,,,,,,,,,
784,0.0,0.0,rare,,,,,,,,,,,,,,,,,,,,,,,,,,,,,,,,,,,,
785,0.0,0.0,rare,,,,,,,,,,,,,,,,,,,,,,,,,,,,,,,,,,,,
786,0.0,0.0,rare,,,,,,,,,,,,,,,,,,,,,,,,,,,,,,,,,,,,
787,0.0,0.0,rare,,,,,,,,,,,,,,,,,,,,,,,,,,,,,,,,,,,,
788,0.0,0.0,rare,,,,,,,,,,,,,,,,,,,,,,,,,,,,,,,,,,,,
789,0.0,0.0,rare,,,,,,,,,,,,,,,,,,,,,,,,,,,,,,,,,,,,
790,0.0,0.0,rare,,,,,,,,,,,,,,,,,,,,,,,,,,,,,,,,,,,,
791,0.0,0.0,rare,,,,,,,,,,,,,,,,,,,,,,,,,,,,,,,,,,,,
792,0.0,0.0,rare,,,,,,,,,,,,,,,,,,,,,,,,,,,,,,,,,,,,
793,0.0,0.0,rare,,,,,,,,,,,,,,,,,,,,,,,,,,,,,,,,,,,,
794,0.0,0.0,rare,,,,,,,,,,,,,,,,,,,,,,,,,,,,,,,,,,,,
795,0.0,0.0,rare,,,,,,,,,,,,,,,,,,,,,,,,,,,,,,,,,,,,
796,0.0,0.0,rare,,,,,,,,,,,,,,,,,,,,,,,,,,,,,,,,,,,,
797,0.0,0.0,rare,,,,,,,,,,,,,,,,,,,,,,,,,,,,,,,,,,,,
798,0.0,0.0,rare,,,,,,,,,,,,,,,,,,,,,,,,,,,,,,,,,,,,
799,0.0,0.0,rare,,,,,,,,,,,,,,,,,,,,,,,,,,,,,,,,,,,,
800,0.0,0.0,rare,,,,,,,,,,,,,,,,,,,,,,,,,,,,,,,,,,,,
801,0.0,0.0,rare,,,,,,,,,,,,,,,,,,,,,,,,,,,,,,,,,,,,
802,0.0,0.0,rare,,,,,,,,,,,,,,,,,,,,,,,,,,,,,,,,,,,,
803,0.0,0.0,rare,,,,,,,,,,,,,,,,,,,,,,,,,,,,,,,,,,,,
804,0.0,0.0,rare,,,,,,,,,,,,,,,,,,,,,,,,,,,,,,,,,,,,
805,0.0,0.0,rare,,,,,,,,,,,,,,,,,,,,,,,,,,,,,,,,,,,,
806,0.0,0.0,rare,,,,,,,,,,,,,,,,,,,,,,,,,,,,,,,,,,,,
807,0.0,0.0,rare,,,,,,,,,,,,,,,,,,,,,,,,,,,,,,,,,,,,
808,0.0,0.0,rare,,,,,,,,,,,,,,,,,,,,,,,,,,,,,,,,,,,,
809,0.0,0.0,rare,,,,,,,,,,,,,,,,,,,,,,,,,,,,,,,,,,,,
810,0.0,0.0,rare,,,,,,,,,,,,,,,,,,,,,,,,,,,,,,,,,,,,
811,0.0,0.0,rare,,,,,,,,,,,,,,,,,,,,,,,,,,,,,,,,,,,,
812,0.0,0.0,rare,,,,,,,,,,,,,,,,,,,,,,,,,,,,,,,,,,,,
813,0.0,0.0,rare,,,,,,,,,,,,,,,,,,,,,,,,,,,,,,,,,,,,
814,0.04241219350563287,328.9847412109375,imaging,0.4763995775622919,0.48110853680270893,0.5303461063040791,0.06069221260815816,0.14503869483396428,0.06866326963612945,0.020526196766506022,-0.021918426377334873,-0.45255721971054597,-0.09427394105959112,0.14424052914057364,0.06845158355272163,0.11237350435695641,0.027612203143068295,1.6121238956515307,0.2381930601291832,0.329251197004456,0.0858036420761269,1.6820227328617507,0.2607605683231578,-1.1140307983435638,-0.19115465912787116,-1.3706356200613188,-0.2363257419142332,-0.9232628217236785,-0.1547660128134595,-0.5128292870216535,-0.10863035679530397,-0.766073910789595,-0.16705365486693385,-0.05148218234351752,-0.01664053818321501,frac_pore,-0.45255721971054597,p1_c2,1.6820227328617507
815,0.0,0.0,rare,,,,,,,,,,,,,,,,,,,,,,,,,,,,,,,,,,,,
816,0.0,0.0,rare,,,,,,,,,,,,,,,,,,,,,,,,,,,,,,,,,,,,
817,0.0,0.0,rare,,,,,,,,,,,,,,,,,,,,,,,,,,,,,,,,,,,,
818,0.0,0.0,rare,,,,,,,,,,,,,,,,,,,,,,,,,,,,,,,,,,,,
819,0.00728959575878065,96.32080078125,imaging,0.4972069085745759,0.5006659216693079,0.5014638883983754,0.00558618285084822,0.4410347420261132,0.06342228575123766,-0.2691839110924282,-0.04118044655465581,-0.8249626601151236,-0.07102875375226933,0.4401070653102013,0.06336858710874749,0.08740464962924967,0.0212255846378822,-0.21241904888833624,-0.03457299587898249,0.6604549782525293,0.04645958196478765,-0.226326258330649,-0.031139401868577523,1.0205516068066307,0.10002950720382774,0.9850609336217704,0.095369337908344,1.1341693129801198,0.10294260913352575,-0.07961907008095544,0.008403044887467698,1.1557482768164287,0.08878354201967073,-0.5803952208479041,-0.05563236758945548,frac_pore,-0.8249626601151236,sharpness_c1,1.1557482768164287
820,0.0,0.0,rare,,,,,,,,,,,,,,,,,,,,,,,,,,,,,,,,,,,,
821,0.0,0.0,rare,,,,,,,,,,,,,,,,,,,,,,,,,,,,,,,,,,,,
822,0.00728959575878065,68.5585708618164,material,0.49719680240930975,0.5006418377029677,0.5014886102772382,0.005606395181380508,1.4593075043893367,0.07952535193842851,-1.1430209649150942,-0.07327330832199604,-0.4553410592975103,-0.02580288973989079,1.4579342894187304,0.07945388807696105,1.3604702548736813,0.10896350874560694,0.01488109677692672,-0.012711842170690027,0.7096133706634262,0.021948139569339744,-0.18988796911579767,-0.016783556905707462,0.21328641868987647,0.04463193219918356,0.19942996307736732,0.02740872163472781,0.1168071686899258,0.04265384096389066,-0.5318114246384334,-0.04887320296311021,0.24273567195433848,0.030324549388970848,0.08890398513132652,0.037875777695834875,frac_si,1.4593075043893367,p1_c1,0.7096133706634262
823,0.0,0.0,rare,,,,,,,,,,,,,,,,,,,,,,,,,,,,,,,,,,,,
824,0.0,0.0,rare,,,,,,,,,,,,,,,,,,,,,,,,,,,,,,,,,,,,
825,0.0,0.0,rare,,,,,,,,,,,,,,,,,,,,,,,,,,,,,,,,,,,,
826,0.0,0.0,rare,,,,,,,,,,,,,,,,,,,,,,,,,,,,,,,,,,,,
827,0.0,0.0,rare,,,,,,,,,,,,,,,,,,,,,,,,,,,,,,,,,,,,
828,0.0,0.0,rare,,,,,,,,,,,,,,,,,,,,,,,,,,,,,,,,,,,,
829,0.0,0.0,rare,,,,,,,,,,,,,,,,,,,,,,,,,,,,,,,,,,,,
830,0.0,0.0,rare,,,,,,,,,,,,,,,,,,,,,,,,,,,,,,,,,,,,
831,0.0,0.0,rare,,,,,,,,,,,,,,,,,,,,,,,,,,,,,,,,,,,,
832,0.0,0.0,rare,,,,,,,,,,,,,,,,,,,,,,,,,,,,,,,,,,,,
833,0.0,0.0,rare,,,,,,,,,,,,,,,,,,,,,,,,,,,,,,,,,,,,
834,0.0,0.0,rare,,,,,,,,,,,,,,,,,,,,,,,,,,,,,,,,,,,,
835,0.0437375745526839,312.7450256347656,material,0.48129854117504384,0.4966715958517776,0.5155112131379127,0.037402917649912326,0.9211330427786834,0.20500613002417617,-0.8275742189748084,-0.18834465237947137,0.014459141072334212,0.005867570097971614,0.9199953023826382,0.20476878526966286,0.4068234265694507,0.08740279567866617,0.017206916729949263,0.007603854492662361,0.017532536712794592,0.018260267901477518,0.08328176258971254,0.05222035531272681,-0.05027507295781166,-0.01667634826810357,-0.10458488070481614,-0.024681238262437403,-0.01075868164301237,-0.0008250398270555194,-0.7860902465449084,-0.19517142976713525,-0.003071606691159269,0.016066943723834475,0.25461519689135936,0.06970694094898003,frac_si,0.9211330427786834,sharpness_c0,-0.7860902465449084
836,0.0,0.0,rare,,,,,,,,,,,,,,,,,,,,,,,,,,,,,,,,,,,,
837,0.0,0.0,rare,,,,,,,,,,,,,,,,,,,,,,,,,,,,,,,,,,,,
838,0.0,0.0,rare,,,,,,,,,,,,,,,,,,,,,,,,,,,,,,,,,,,,
839,0.0,0.0,rare,,,,,,,,,,,,,,,,,,,,,,,,,,,,,,,,,,,,
840,0.0,0.0,rare,,,,,,,,,,,,,,,,,,,,,,,,,,,,,,,,,,,,
841,0.0,0.0,rare,,,,,,,,,,,,,,,,,,,,,,,,,,,,,,,,,,,,
842,0.0,0.0,rare,,,,,,,,,,,,,,,,,,,,,,,,,,,,,,,,,,,,
843,0.0,0.0,rare,,,,,,,,,,,,,,,,,,,,,,,,,,,,,,,,,,,,
844,0.0,0.0,rare,,,,,,,,,,,,,,,,,,,,,,,,,,,,,,,,,,,,
845,0.0,0.0,rare,,,,,,,,,,,,,,,,,,,,,,,,,,,,,,,,,,,,
846,0.0,0.0,rare,,,,,,,,,,,,,,,,,,,,,,,,,,,,,,,,,,,,
847,0.0,0.0,rare,,,,,,,,,,,,,,,,,,,,,,,,,,,,,,,,,,,,
848,0.0,0.0,rare,,,,,,,,,,,,,,,,,,,,,,,,,,,,,,,,,,,,
849,0.0,0.0,rare,,,,,,,,,,,,,,,,,,,,,,,,,,,,,,,,,,,,
850,0.0,0.0,rare,,,,,,,,,,,,,,,,,,,,,,,,,,,,,,,,,,,,
851,0.0013253810470510272,20.56534194946289,rare,,,,,,,,,,,,,,,,,,,,,,,,,,,,,,,,,,,,
852,0.0,0.0,rare,,,,,,,,,,,,,,,,,,,,,,,,,,,,,,,,,,,,
853,0.01656726308813784,166.53067016601562,imaging,0.5179826578204032,0.49998073282692784,0.4874457001589263,0.035965315640806406,0.9303541287374608,0.11077541015419405,-1.0530545042430335,-0.10915812071344458,-0.3826033387380406,-0.06282795390134997,0.935523572356878,0.11091975362562725,0.14509131191252037,0.003191479130955231,-0.39794128775408083,-0.06096507203483162,-0.6815679563560887,-0.06381822023839366,-0.2901428763949516,-0.04377019214748001,1.0126898199107308,0.1355585962309602,0.5707895300595774,0.07323020470154269,1.2343608140243136,0.14760689085747883,0.3031914392205375,0.048993137371897165,0.5061000428071636,0.08624852866608175,-0.058423783919462555,-0.028444073385438584,frac_graphite,-1.0530545042430335,noise_sigma_c2,1.2343608140243136
854,0.0,0.0,rare,,,,,,,,,,,,,,,,,,,,,,,,,,,,,,,,,,,,
855,0.0,0.0,rare,,,,,,,,,,,,,,,,,,,,,,,,,,,,,,,,,,,,
856,0.0,0.0,rare,,,,,,,,,,,,,,,,,,,,,,,,,,,,,,,,,,,,
857,0.0,0.0,rare,,,,,,,,,,,,,,,,,,,,,,,,,,,,,,,,,,,,
858,0.0,0.0,rare,,,,,,,,,,,,,,,,,,,,,,,,,,,,,,,,,,,,
859,0.0,0.0,rare,,,,,,,,,,,,,,,,,,,,,,,,,,,,,,,,,,,,
860,0.0,0.0,rare,,,,,,,,,,,,,,,,,,,,,,,,,,,,,,,,,,,,
861,0.0,0.0,rare,,,,,,,,,,,,,,,,,,,,,,,,,,,,,,,,,,,,
862,0.0013253810470510272,24.10626220703125,rare,,,,,,,,,,,,,,,,,,,,,,,,,,,,,,,,,,,,
863,0.0,0.0,rare,,,,,,,,,,,,,,,,,,,,,,,,,,,,,,,,,,,,
864,0.0,0.0,rare,,,,,,,,,,,,,,,,,,,,,,,,,,,,,,,,,,,,
865,0.0,0.0,rare,,,,,,,,,,,,,,,,,,,,,,,,,,,,,,,,,,,,
866,0.0,0.0,rare,,,,,,,,,,,,,,,,,,,,,,,,,,,,,,,,,,,,
867,0.0,0.0,rare,,,,,,,,,,,,,,,,,,,,,,,,,,,,,,,,,,,,
868,0.013253810470510271,144.89012145996094,imaging,0.4914602903501281,0.5203822607137524,0.4910241921243157,0.04076452142750475,-0.38311426709954954,-0.03566287763090022,0.42533573672354097,0.04654987627005262,-0.17824230114353476,-0.013604028252759064,-0.383681343150813,-0.03573640793505011,-0.33683288741214806,-0.04032698302125703,-0.532938713070446,-0.06125589550501701,-0.14690761372575395,-0.00025508399751619364,-0.4642014086572017,-0.05463808296005232,0.6682805250761004,0.07806809256039125,0.9808286056134137,0.1203461951532819,0.6181198240528168,0.07425441791286959,0.32116360711952097,0.05179116765346126,0.7533954561967807,0.09376676451989878,0.5907750341269722,0.07943393489278255,frac_graphite,0.42533573672354097,noise_sigma_c1,0.9808286056134137
869,0.0,0.0,rare,,,,,,,,,,,,,,,,,,,,,,,,,,,,,,,,,,,,
870,0.02054340622929092,170.2460479736328,imaging,0.5020010207226918,0.5065785354058389,0.49377803284478183,0.013157070811677718,-0.36098345192649645,-0.04396763759836373,0.33690713428682983,0.04200682872586214,0.1358827899984802,0.022141682121555827,-0.3615602111486757,-0.044053544616395754,-0.2029540127345302,-0.03318685935384767,-0.4495280923373733,-0.04186314153795274,-0.20597421474444272,-0.022494802168028235,-0.43682846499970457,-0.05561345517969835,0.27666776941070503,0.04040335946118269,0.6048470920677137,0.08225534624373988,0.11937319740060619,0.006727125367669031,0.29896216459033936,0.023854787367055395,0.30774207036680856,0.03227222201921638,-0.10026975919480026,-0.0367507563417413,K01_si_frac_adm,-0.3615602111486757,noise_sigma_c1,0.6048470920677137
871,0.0,0.0,rare,,,,,,,,,,,,,,,,,,,,,,,,,,,,,,,,,,,,
872,0.0,0.0,rare,,,,,,,,,,,,,,,,,,,,,,,,,,,,,,,,,,,,
873,0.0,0.0,rare,,,,,,,,,,,,,,,,,,,,,,,,,,,,,,,,,,,,
874,0.0,0.0,rare,,,,,,,,,,,,,,,,,,,,,,,,,,,,,,,,,,,,
875,0.0,0.0,rare,,,,,,,,,,,,,,,,,,,,,,,,,,,,,,,,,,,,
876,0.0,0.0,rare,,,,,,,,,,,,,,,,,,,,,,,,,,,,,,,,,,,,
877,0.0,0.0,rare,,,,,,,,,,,,,,,,,,,,,,,,,,,,,,,,,,,,
878,0.0,0.0,rare,,,,,,,,,,,,,,,,,,,,,,,,,,,,,,,,,,,,
879,0.0,0.0,rare,,,,,,,,,,,,,,,,,,,,,,,,,,,,,,,,,,,,
880,0.0,0.0,rare,,,,,,,,,,,,,,,,,,,,,,,,,,,,,,,,,,,,
881,0.0,0.0,rare,,,,,,,,,,,,,,,,,,,,,,,,,,,,,,,,,,,,
882,0.0,0.0,rare,,,,,,,,,,,,,,,,,,,,,,,,,,,,,,,,,,,,
883,0.0006626905235255136,4.9659423828125,rare,,,,,,,,,,,,,,,,,,,,,,,,,,,,,,,,,,,,
884,0.0,0.0,rare,,,,,,,,,,,,,,,,,,,,,,,,,,,,,,,,,,,,
885,0.0,0.0,rare,,,,,,,,,,,,,,,,,,,,,,,,,,,,,,,,,,,,
886,0.0,0.0,rare,,,,,,,,,,,,,,,,,,,,,,,,,,,,,,,,,,,,
887,0.0,0.0,rare,,,,,,,,,,,,,,,,,,,,,,,,,,,,,,,,,,,,
888,0.0,0.0,rare,,,,,,,,,,,,,,,,,,,,,,,,,,,,,,,,,,,,
889,0.0,0.0,rare,,,,,,,,,,,,,,,,,,,,,,,,,,,,,,,,,,,,
890,0.0,0.0,rare,,,,,,,,,,,,,,,,,,,,,,,,,,,,,,,,,,,,
891,0.003976143141153081,59.47269058227539,rare,,,,,,,,,,,,,,,,,,,,,,,,,,,,,,,,,,,,
892,0.0,0.0,rare,,,,,,,,,,,,,,,,,,,,,,,,,,,,,,,,,,,,
893,0.0,0.0,rare,,,,,,,,,,,,,,,,,,,,,,,,,,,,,,,,,,,,
894,0.0,0.0,rare,,,,,,,,,,,,,,,,,,,,,,,,,,,,,,,,,,,,
895,0.0,0.0,rare,,,,,,,,,,,,,,,,,,,,,,,,,,,,,,,,,,,,
896,0.0019880715705765406,29.64205551147461,rare,,,,,,,,,,,,,,,,,,,,,,,,,,,,,,,,,,,,
897,0.0006626905235255136,21.13079071044922,rare,,,,,,,,,,,,,,,,,,,,,,,,,,,,,,,,,,,,
898,0.0,0.0,rare,,,,,,,,,,,,,,,,,,,,,,,,,,,,,,,,,,,,
899,0.0,0.0,rare,,,,,,,,,,,,,,,,,,,,,,,,,,,,,,,,,,,,
900,0.0,0.0,rare,,,,,,,,,,,,,,,,,,,,,,,,,,,,,,,,,,,,
901,0.0,0.0,rare,,,,,,,,,,,,,,,,,,,,,,,,,,,,,,,,,,,,
902,0.0,0.0,rare,,,,,,,,,,,,,,,,,,,,,,,,,,,,,,,,,,,,
903,0.0,0.0,rare,,,,,,,,,,,,,,,,,,,,,,,,,,,,,,,,,,,,
904,0.0,0.0,rare,,,,,,,,,,,,,,,,,,,,,,,,,,,,,,,,,,,,
905,0.0,0.0,rare,,,,,,,,,,,,,,,,,,,,,,,,,,,,,,,,,,,,
906,0.0,0.0,rare,,,,,,,,,,,,,,,,,,,,,,,,,,,,,,,,,,,,
907,0.0,0.0,rare,,,,,,,,,,,,,,,,,,,,,,,,,,,,,,,,,,,,
908,0.0,0.0,rare,,,,,,,,,,,,,,,,,,,,,,,,,,,,,,,,,,,,
909,0.0,0.0,rare,,,,,,,,,,,,,,,,,,,,,,,,,,,,,,,,,,,,
910,0.0033134526176275677,47.610443115234375,rare,,,,,,,,,,,,,,,,,,,,,,,,,,,,,,,,,,,,
911,0.0,0.0,rare,,,,,,,,,,,,,,,,,,,,,,,,,,,,,,,,,,,,
912,0.004638833664678595,54.86417007446289,rare,,,,,,,,,,,,,,,,,,,,,,,,,,,,,,,,,,,,
913,0.02253147779986746,193.478515625,imaging,0.506490684642166,0.49061447831720517,0.5023450467949849,0.018771043365589657,0.29423910684906357,0.05921232101306688,-0.6866148797960024,-0.09109276596042278,0.6453192085893338,0.08401544467442773,0.3057107729626242,0.06031858812836907,0.10272945748661302,0.020242660759599036,-0.4647378035222097,-0.06139409231917778,-0.44676435238281786,-0.05664327661386998,-0.4308441676639913,-0.05829161626191579,0.08550474026460808,0.005564321201135246,0.1257026555936608,0.012473165871192028,0.021352556305748286,0.006860195718403223,-0.22886439747243653,-0.035290912175677404,-0.04153622895170669,0.012761921406141808,-0.7327580980776864,-0.114892628018551,frac_graphite,-0.6866148797960024,sharpness_c2,-0.7327580980776864
914,0.0,0.0,rare,,,,,,,,,,,,,,,,,,,,,,,,,,,,,,,,,,,,
915,0.0,0.0,rare,,,,,,,,,,,,,,,,,,,,,,,,,,,,,,,,,,,,
916,0.0,0.0,rare,,,,,,,,,,,,,,,,,,,,,,,,,,,,,,,,,,,,
917,0.0,0.0,rare,,,,,,,,,,,,,,,,,,,,,,,,,,,,,,,,,,,,
918,0.0,0.0,rare,,,,,,,,,,,,,,,,,,,,,,,,,,,,,,,,,,,,
919,0.0,0.0,rare,,,,,,,,,,,,,,,,,,,,,,,,,,,,,,,,,,,,
920,0.0,0.0,rare,,,,,,,,,,,,,,,,,,,,,,,,,,,,,,,,,,,,
921,0.0,0.0,rare,,,,,,,,,,,,,,,,,,,,,,,,,,,,,,,,,,,,
922,0.01126573889993373,93.70640563964844,imaging,0.5004219323998605,0.5107342237978489,0.4918347165813173,0.02146844759569788,-0.10697998017271791,0.017463545417894098,-0.013945968309375039,-0.025935035418027393,0.405786357553718,0.034066823185703504,-0.10766787688823705,0.01740588796706487,-0.3368328980779505,-0.03714108944052332,-0.584330880671023,-0.07622058552078154,-0.44294284067864503,-0.02482169195125199,-0.48591827037417457,-0.06609245075790103,0.5639183185292821,0.06152634191398922,0.8890460937100192,0.09579929322893257,0.526826880350589,0.06192747790992314,-0.1877828976317084,-0.004860103053764275,0.5223324927005736,0.06267826475365673,-0.043848453866609724,-0.005153339762616409,frac_pore,0.405786357553718,noise_sigma_c1,0.8890460937100192
923,0.0,0.0,rare,,,,,,,,,,,,,,,,,,,,,,,,,,,,,,,,,,,,
924,0.0,0.0,rare,,,,,,,,,,,,,,,,,,,,,,,,,,,,,,,,,,,,
925,0.0,0.0,rare,,,,,,,,,,,,,,,,,,,,,,,,,,,,,,,,,,,,
926,0.0033134526176275677,36.315914154052734,rare,,,,,,,,,,,,,,,,,,,,,,,,,,,,,,,,,,,,
927,0.0013253810470510272,20.249338150024414,rare,,,,,,,,,,,,,,,,,,,,,,,,,,,,,,,,,,,,
928,0.0,0.0,rare,,,,,,,,,,,,,,,,,,,,,,,,,,,,,,,,,,,,
929,0.0,0.0,rare,,,,,,,,,,,,,,,,,,,,,,,,,,,,,,,,,,,,
930,0.004638833664678595,55.04167175292969,rare,,,,,,,,,,,,,,,,,,,,,,,,,,,,,,,,,,,,
931,0.0,0.0,rare,,,,,,,,,,,,,,,,,,,,,,,,,,,,,,,,,,,,
932,0.0,0.0,rare,,,,,,,,,,,,,,,,,,,,,,,,,,,,,,,,,,,,
933,0.0,0.0,rare,,,,,,,,,,,,,,,,,,,,,,,,,,,,,,,,,,,,
934,0.0,0.0,rare,,,,,,,,,,,,,,,,,,,,,,,,,,,,,,,,,,,,
935,0.0,0.0,rare,,,,,,,,,,,,,,,,,,,,,,,,,,,,,,,,,,,,
936,0.003976143141153081,57.382080078125,rare,,,,,,,,,,,,,,,,,,,,,,,,,,,,,,,,,,,,
937,0.0,0.0,rare,,,,,,,,,,,,,,,,,,,,,,,,,,,,,,,,,,,,
938,0.0,0.0,rare,,,,,,,,,,,,,,,,,,,,,,,,,,,,,,,,,,,,
939,0.0,0.0,rare,,,,,,,,,,,,,,,,,,,,,,,,,,,,,,,,,,,,
940,0.0,0.0,rare,,,,,,,,,,,,,,,,,,,,,,,,,,,,,,,,,,,,
941,0.0,0.0,rare,,,,,,,,,,,,,,,,,,,,,,,,,,,,,,,,,,,,
942,0.0,0.0,rare,,,,,,,,,,,,,,,,,,,,,,,,,,,,,,,,,,,,
943,0.0,0.0,rare,,,,,,,,,,,,,,,,,,,,,,,,,,,,,,,,,,,,
944,0.0,0.0,rare,,,,,,,,,,,,,,,,,,,,,,,,,,,,,,,,,,,,
945,0.0,0.0,rare,,,,,,,,,,,,,,,,,,,,,,,,,,,,,,,,,,,,
946,0.0006626905235255136,16.032705307006836,rare,,,,,,,,,,,,,,,,,,,,,,,,,,,,,,,,,,,,
947,0.0,0.0,rare,,,,,,,,,,,,,,,,,,,,,,,,,,,,,,,,,,,,
948,0.0,0.0,rare,,,,,,,,,,,,,,,,,,,,,,,,,,,,,,,,,,,,
949,0.0,0.0,rare,,,,,,,,,,,,,,,,,,,,,,,,,,,,,,,,,,,,
950,0.0,0.0,rare,,,,,,,,,,,,,,,,,,,,,,,,,,,,,,,,,,,,
951,0.0,0.0,rare,,,,,,,,,,,,,,,,,,,,,,,,,,,,,,,,,,,,
952,0.0,0.0,rare,,,,,,,,,,,,,,,,,,,,,,,,,,,,,,,,,,,,
953,0.0,0.0,rare,,,,,,,,,,,,,,,,,,,,,,,,,,,,,,,,,,,,
954,0.0,0.0,rare,,,,,,,,,,,,,,,,,,,,,,,,,,,,,,,,,,,,
955,0.0,0.0,rare,,,,,,,,,,,,,,,,,,,,,,,,,,,,,,,,,,,,
956,0.0,0.0,rare,,,,,,,,,,,,,,,,,,,,,,,,,,,,,,,,,,,,
957,0.0,0.0,rare,,,,,,,,,,,,,,,,,,,,,,,,,,,,,,,,,,,,
958,0.0,0.0,rare,,,,,,,,,,,,,,,,,,,,,,,,,,,,,,,,,,,,
959,0.0,0.0,rare,,,,,,,,,,,,,,,,,,,,,,,,,,,,,,,,,,,,
960,0.0,0.0,rare,,,,,,,,,,,,,,,,,,,,,,,,,,,,,,,,,,,,
961,0.0,0.0,rare,,,,,,,,,,,,,,,,,,,,,,,,,,,,,,,,,,,,
962,0.0,0.0,rare,,,,,,,,,,,,,,,,,,,,,,,,,,,,,,,,,,,,
963,0.0,0.0,rare,,,,,,,,,,,,,,,,,,,,,,,,,,,,,,,,,,,,
964,0.0,0.0,rare,,,,,,,,,,,,,,,,,,,,,,,,,,,,,,,,,,,,
965,0.0,0.0,rare,,,,,,,,,,,,,,,,,,,,,,,,,,,,,,,,,,,,
966,0.0,0.0,rare,,,,,,,,,,,,,,,,,,,,,,,,,,,,,,,,,,,,
967,0.0,0.0,rare,,,,,,,,,,,,,,,,,,,,,,,,,,,,,,,,,,,,
968,0.0,0.0,rare,,,,,,,,,,,,,,,,,,,,,,,,,,,,,,,,,,,,
969,0.0,0.0,rare,,,,,,,,,,,,,,,,,,,,,,,,,,,,,,,,,,,,
970,0.0,0.0,rare,,,,,,,,,,,,,,,,,,,,,,,,,,,,,,,,,,,,
971,0.0026507620941020544,45.161163330078125,rare,,,,,,,,,,,,,,,,,,,,,,,,,,,,,,,,,,,,
972,0.0,0.0,rare,,,,,,,,,,,,,,,,,,,,,,,,,,,,,,,,,,,,
973,0.0,0.0,rare,,,,,,,,,,,,,,,,,,,,,,,,,,,,,,,,,,,,
974,0.0,0.0,rare,,,,,,,,,,,,,,,,,,,,,,,,,,,,,,,,,,,,
975,0.0,0.0,rare,,,,,,,,,,,,,,,,,,,,,,,,,,,,,,,,,,,,
976,0.0,0.0,rare,,,,,,,,,,,,,,,,,,,,,,,,,,,,,,,,,,,,
977,0.0,0.0,rare,,,,,,,,,,,,,,,,,,,,,,,,,,,,,,,,,,,,
978,0.0,0.0,rare,,,,,,,,,,,,,,,,,,,,,,,,,,,,,,,,,,,,
979,0.0,0.0,rare,,,,,,,,,,,,,,,,,,,,,,,,,,,,,,,,,,,,
980,0.0,0.0,rare,,,,,,,,,,,,,,,,,,,,,,,,,,,,,,,,,,,,
981,0.0,0.0,rare,,,,,,,,,,,,,,,,,,,,,,,,,,,,,,,,,,,,
982,0.0,0.0,rare,,,,,,,,,,,,,,,,,,,,,,,,,,,,,,,,,,,,
983,0.0,0.0,rare,,,,,,,,,,,,,,,,,,,,,,,,,,,,,,,,,,,,
984,0.0,0.0,rare,,,,,,,,,,,,,,,,,,,,,,,,,,,,,,,,,,,,
985,0.0,0.0,rare,,,,,,,,,,,,,,,,,,,,,,,,,,,,,,,,,,,,
986,0.0,0.0,rare,,,,,,,,,,,,,,,,,,,,,,,,,,,,,,,,,,,,
987,0.0,0.0,rare,,,,,,,,,,,,,,,,,,,,,,,,,,,,,,,,,,,,
988,0.0,0.0,rare,,,,,,,,,,,,,,,,,,,,,,,,,,,,,,,,,,,,
989,0.0,0.0,rare,,,,,,,,,,,,,,,,,,,,,,,,,,,,,,,,,,,,
990,0.0,0.0,rare,,,,,,,,,,,,,,,,,,,,,,,,,,,,,,,,,,,,
991,0.0,0.0,rare,,,,,,,,,,,,,,,,,,,,,,,,,,,,,,,,,,,,
992,0.0,0.0,rare,,,,,,,,,,,,,,,,,,,,,,,,,,,,,,,,,,,,
993,0.0,0.0,rare,,,,,,,,,,,,,,,,,,,,,,,,,,,,,,,,,,,,
994,0.0,0.0,rare,,,,,,,,,,,,,,,,,,,,,,,,,,,,,,,,,,,,
995,0.0,0.0,rare,,,,,,,,,,,,,,,,,,,,,,,,,,,,,,,,,,,,
996,0.0,0.0,rare,,,,,,,,,,,,,,,,,,,,,,,,,,,,,,,,,,,,
997,0.0,0.0,rare,,,,,,,,,,,,,,,,,,,,,,,,,,,,,,,,,,,,
998,0.0006626905235255136,6.3008832931518555,rare,,,,,,,,,,,,,,,,,,,,,,,,,,,,,,,,,,,,
999,0.0,0.0,rare,,,,,,,,,,,,,,,,,,,,,,,,,,,,,,,,,,,,
1000,0.0,0.0,rare,,,,,,,,,,,,,,,,,,,,,,,,,,,,,,,,,,,,
1001,0.011928429423459244,108.49635314941406,imaging,0.5037190688179324,0.5121720365883617,0.48847607275295785,0.02434407317672349,-0.30268732118718666,-0.029903529656695804,0.31567706957457836,0.013294606630673046,-0.1357261298627741,0.0018874274129952165,-0.30328958749734813,-0.030001406237811456,-0.3368328902845344,-0.034863871151342034,-0.6291760072915802,-0.0945377307754657,-0.8281288157200566,-0.10555286972934211,-0.49993176690464713,-0.07978703370948544,0.81310254981248,0.10396782849202571,0.9105456704568952,0.10511919448875001,0.7894836691022027,0.0993935834462686,0.7980580978173142,0.08140922473046347,0.6058356330931154,0.07248211208903066,1.049354795527014,0.10994590610384347,K04_agglom_frac,-0.3368328902845344,sharpness_c2,1.049354795527014
1002,0.0,0.0,rare,,,,,,,,,,,,,,,,,,,,,,,,,,,,,,,,,,,,
1003,0.0,0.0,rare,,,,,,,,,,,,,,,,,,,,,,,,,,,,,,,,,,,,
1004,0.0,0.0,rare,,,,,,,,,,,,,,,,,,,,,,,,,,,,,,,,,,,,
1005,0.0,0.0,rare,,,,,,,,,,,,,,,,,,,,,,,,,,,,,,,,,,,,
1006,0.0,0.0,rare,,,,,,,,,,,,,,,,,,,,,,,,,,,,,,,,,,,,
1007,0.0,0.0,rare,,,,,,,,,,,,,,,,,,,,,,,,,,,,,,,,,,,,
1008,0.0,0.0,rare,,,,,,,,,,,,,,,,,,,,,,,,,,,,,,,,,,,,
1009,0.0,0.0,rare,,,,,,,,,,,,,,,,,,,,,,,,,,,,,,,,,,,,
1010,0.0,0.0,rare,,,,,,,,,,,,,,,,,,,,,,,,,,,,,,,,,,,,
1011,0.0,0.0,rare,,,,,,,,,,,,,,,,,,,,,,,,,,,,,,,,,,,,
1012,0.0,0.0,rare,,,,,,,,,,,,,,,,,,,,,,,,,,,,,,,,,,,,
1013,0.0,0.0,rare,,,,,,,,,,,,,,,,,,,,,,,,,,,,,,,,,,,,
1014,0.0,0.0,rare,,,,,,,,,,,,,,,,,,,,,,,,,,,,,,,,,,,,
1015,0.0,0.0,rare,,,,,,,,,,,,,,,,,,,,,,,,,,,,,,,,,,,,
1016,0.0,0.0,rare,,,,,,,,,,,,,,,,,,,,,,,,,,,,,,,,,,,,
1017,0.0,0.0,rare,,,,,,,,,,,,,,,,,,,,,,,,,,,,,,,,,,,,
1018,0.0,0.0,rare,,,,,,,,,,,,,,,,,,,,,,,,,,,,,,,,,,,,
1019,0.005964214711729622,79.59618377685547,rare,,,,,,,,,,,,,,,,,,,,,,,,,,,,,,,,,,,,
1020,0.0,0.0,rare,,,,,,,,,,,,,,,,,,,,,,,,,,,,,,,,,,,,
1021,0.0,0.0,rare,,,,,,,,,,,,,,,,,,,,,,,,,,,,,,,,,,,,
1022,0.0,0.0,rare,,,,,,,,,,,,,,,,,,,,,,,,,,,,,,,,,,,,
1023,0.0,0.0,rare,,,,,,,,,,,,,,,,,,,,,,,,,,,,,,,,,,,,
1024,0.0,0.0,rare,,,,,,,,,,,,,,,,,,,,,,,,,,,,,,,,,,,,
1025,0.0,0.0,rare,,,,,,,,,,,,,,,,,,,,,,,,,,,,,,,,,,,,
1026,0.0,0.0,rare,,,,,,,,,,,,,,,,,,,,,,,,,,,,,,,,,,,,
1027,0.0,0.0,rare,,,,,,,,,,,,,,,,,,,,,,,,,,,,,,,,,,,,
1028,0.017229953611663355,132.30389404296875,imaging,0.4907781241946649,0.492336481910533,0.5120642768850432,0.02412855377008638,-0.27987367882276437,-0.028665912370957444,0.27426556067103147,0.03371004255497357,0.019542836190198212,-0.00025832354378686073,-0.280485927099563,-0.028771026340314088,-0.2606210092997885,-0.02721892425026003,0.22550424498415028,0.07308756375682436,0.5669653228200732,0.07534672564621721,0.030106361075463092,0.00907569092396572,-0.8189891244064438,-0.0912358241279068,-0.47749085687211107,-0.061543893383357216,-0.8768739214535358,-0.10274923445815713,-0.2674605998629177,-0.055322283387652875,-0.5127675052851606,-0.08116910258594456,-0.7849039216659345,-0.10526249839986601,K01_si_frac_adm,-0.280485927099563,noise_sigma_c2,-0.8768739214535358
1029,0.0,0.0,rare,,,,,,,,,,,,,,,,,,,,,,,,,,,,,,,,,,,,
1030,0.0033134526176275677,45.536075592041016,rare,,,,,,,,,,,,,,,,,,,,,,,,,,,,,,,,,,,,
1031,0.0,0.0,rare,,,,,,,,,,,,,,,,,,,,,,,,,,,,,,,,,,,,
1032,0.0019880715705765406,29.47353744506836,rare,,,,,,,,,,,,,,,,,,,,,,,,,,,,,,,,,,,,
1033,0.0,0.0,rare,,,,,,,,,,,,,,,,,,,,,,,,,,,,,,,,,,,,
1034,0.0,0.0,rare,,,,,,,,,,,,,,,,,,,,,,,,,,,,,,,,,,,,
1035,0.0,0.0,rare,,,,,,,,,,,,,,,,,,,,,,,,,,,,,,,,,,,,
1036,0.0,0.0,rare,,,,,,,,,,,,,,,,,,,,,,,,,,,,,,,,,,,,
1037,0.0,0.0,rare,,,,,,,,,,,,,,,,,,,,,,,,,,,,,,,,,,,,
1038,0.0,0.0,rare,,,,,,,,,,,,,,,,,,,,,,,,,,,,,,,,,,,,
1039,0.02385685884691849,192.06256103515625,mixed,0.4941232648977509,0.5116590481053144,0.49555889104714823,0.023318096210628747,-0.483246812761601,-0.08249648559178555,0.49471448488004716,0.08317938620886921,-0.029865862342962478,-0.001803971688115033,-0.48376888959929826,-0.08257558391365634,-0.24712623442419776,-0.03971203524262249,-0.3228940226666187,-0.037462391865141026,0.26650690600941424,0.035919609733500585,-0.33614412490568957,-0.03148473057075101,0.22230612734531144,0.021557685431827657,0.3018770359413008,0.046408618750418476,0.05440170534605539,-0.011188262674800383,0.3542275529022149,0.06702134860832823,0.35780509627862217,0.037110029381376135,-0.04966996273405046,0.0068973723016685145,frac_graphite,0.49471448488004716,sharpness_c1,0.35780509627862217
1040,0.0,0.0,rare,,,,,,,,,,,,,,,,,,,,,,,,,,,,,,,,,,,,
1041,0.0,0.0,rare,,,,,,,,,,,,,,,,,,,,,,,,,,,,,,,,,,,,
1042,0.0019880715705765406,22.295166015625,rare,,,,,,,,,,,,,,,,,,,,,,,,,,,,,,,,,,,,
1043,0.0,0.0,rare,,,,,,,,,,,,,,,,,,,,,,,,,,,,,,,,,,,,
1044,0.0,0.0,rare,,,,,,,,,,,,,,,,,,,,,,,,,,,,,,,,,,,,
1045,0.0,0.0,rare,,,,,,,,,,,,,,,,,,,,,,,,,,,,,,,,,,,,
1046,0.013253810470510271,112.51094818115234,imaging,0.49338551483332405,0.5003997938412481,0.5043298604979692,0.013228970333351908,-0.3434311926063045,-0.03236264895851736,0.25757416567632535,0.02137414800923822,0.19750491097219142,0.05217241613715883,-0.34401563171673183,-0.032495216925368824,-0.010750744253148066,-0.016956513971934668,0.5647968156455948,0.03920583816000584,-0.26920216255044,-0.021676264805374875,0.6814687401085868,0.035713943258626125,-0.6029751242639895,-0.08038974255379232,-0.7773858211749016,-0.08497343341567279,-0.4906387466614046,-0.06844788635785409,0.1383123512538647,-0.002972465873314675,-0.5894362949318164,-0.06608572125306236,-0.029251510969526384,-0.017735111840730764,K01_si_frac_adm,-0.34401563171673183,noise_sigma_c1,-0.7773858211749016
1047,0.0,0.0,rare,,,,,,,,,,,,,,,,,,,,,,,,,,,,,,,,,,,,
1048,0.0,0.0,rare,,,,,,,,,,,,,,,,,,,,,,,,,,,,,,,,,,,,
1049,0.0,0.0,rare,,,,,,,,,,,,,,,,,,,,,,,,,,,,,,,,,,,,
1050,0.0,0.0,rare,,,,,,,,,,,,,,,,,,,,,,,,,,,,,,,,,,,,
1051,0.0026507620941020544,45.194976806640625,rare,,,,,,,,,,,,,,,,,,,,,,,,,,,,,,,,,,,,
1052,0.0,0.0,rare,,,,,,,,,,,,,,,,,,,,,,,,,,,,,,,,,,,,
1053,0.0,0.0,rare,,,,,,,,,,,,,,,,,,,,,,,,,,,,,,,,,,,,
1054,0.0,0.0,rare,,,,,,,,,,,,,,,,,,,,,,,,,,,,,,,,,,,,
1055,0.0,0.0,rare,,,,,,,,,,,,,,,,,,,,,,,,,,,,,,,,,,,,
1056,0.0,0.0,rare,,,,,,,,,,,,,,,,,,,,,,,,,,,,,,,,,,,,
1057,0.0,0.0,rare,,,,,,,,,,,,,,,,,,,,,,,,,,,,,,,,,,,,
1058,0.0,0.0,rare,,,,,,,,,,,,,,,,,,,,,,,,,,,,,,,,,,,,
1059,0.0,0.0,rare,,,,,,,,,,,,,,,,,,,,,,,,,,,,,,,,,,,,
1060,0.0,0.0,rare,,,,,,,,,,,,,,,,,,,,,,,,,,,,,,,,,,,,
1061,0.0,0.0,rare,,,,,,,,,,,,,,,,,,,,,,,,,,,,,,,,,,,,
1062,0.0,0.0,rare,,,,,,,,,,,,,,,,,,,,,,,,,,,,,,,,,,,,
1063,0.0,0.0,rare,,,,,,,,,,,,,,,,,,,,,,,,,,,,,,,,,,,,
1064,0.0,0.0,rare,,,,,,,,,,,,,,,,,,,,,,,,,,,,,,,,,,,,
1065,0.0,0.0,rare,,,,,,,,,,,,,,,,,,,,,,,,,,,,,,,,,,,,
1066,0.0,0.0,rare,,,,,,,,,,,,,,,,,,,,,,,,,,,,,,,,,,,,
1067,0.007952286282306162,67.94989776611328,material,0.49487617421007685,0.4965776683830506,0.5060904114426982,0.012180822885396347,-0.3913834818583263,-0.0055133945795979074,0.117721822289732,-0.019696281118222317,0.9430138506275069,0.06848500616813676,-0.3919469398049007,-0.005598909802113449,-0.20050872032022082,-0.005741863512734688,-0.14634358782249648,-0.01120932056216063,-0.3565801801270229,-0.017285604133147732,-0.08331197626493901,-0.03111347355364406,-0.3964822853486471,-0.042291804029750316,-0.2239026538500294,-0.01264383585412176,-0.5839009274410109,-0.048357319355410724,-0.44423875997163664,-0.030401171953607142,-0.191081850061448,-0.0029026268534161357,-0.7499471079696538,-0.07241096717631472,frac_pore,0.9430138506275069,sharpness_c2,-0.7499471079696538
1068,0.0,0.0,rare,,,,,,,,,,,,,,,,,,,,,,,,,,,,,,,,,,,,
1069,0.0,0.0,rare,,,,,,,,,,,,,,,,,,,,,,,,,,,,,,,,,,,,
1070,0.0,0.0,rare,,,,,,,,,,,,,,,,,,,,,,,,,,,,,,,,,,,,
1071,0.0,0.0,rare,,,,,,,,,,,,,,,,,,,,,,,,,,,,,,,,,,,,
1072,0.0,0.0,rare,,,,,,,,,,,,,,,,,,,,,,,,,,,,,,,,,,,,
1073,0.09343936381709742,1736.248046875,imaging,0.6695902960601114,0.46729276951162535,0.405451174289246,0.3391805921202229,1.059816828083266,0.23495770039630023,-1.1275555713569583,-0.22584762834672814,-0.20330306432268427,-0.08502882249388669,1.06203580733055,0.23538979249110828,0.6239529779029442,0.18421363060346563,-0.3933663433279191,-0.14208246181153966,-0.8454375000515875,-0.25109667202002584,-0.38100888106938346,-0.14979127367855227,1.1368165984290877,0.3963456684772145,0.4584499200716804,0.16056156839915522,1.2310368268039245,0.4092887424624332,0.7694204762718684,0.2761971275521611,0.41798802519450406,0.19926142646122588,0.0532177932863453,0.017488684894344256,frac_graphite,-1.1275555713569583,noise_sigma_c2,1.2310368268039245
1074,0.0019880715705765406,25.506000518798828,rare,,,,,,,,,,,,,,,,,,,,,,,,,,,,,,,,,,,,
1075,0.0,0.0,rare,,,,,,,,,,,,,,,,,,,,,,,,,,,,,,,,,,,,
1076,0.0019880715705765406,33.388877868652344,rare,,,,,,,,,,,,,,,,,,,,,,,,,,,,,,,,,,,,
1077,0.0,0.0,rare,,,,,,,,,,,,,,,,,,,,,,,,,,,,,,,,,,,,
1078,0.0,0.0,rare,,,,,,,,,,,,,,,,,,,,,,,,,,,,,,,,,,,,
1079,0.0,0.0,rare,,,,,,,,,,,,,,,,,,,,,,,,,,,,,,,,,,,,
1080,0.0006626905235255136,11.397184371948242,rare,,,,,,,,,,,,,,,,,,,,,,,,,,,,,,,,,,,,
1081,0.0,0.0,rare,,,,,,,,,,,,,,,,,,,,,,,,,,,,,,,,,,,,
1082,0.0,0.0,rare,,,,,,,,,,,,,,,,,,,,,,,,,,,,,,,,,,,,
1083,0.0,0.0,rare,,,,,,,,,,,,,,,,,,,,,,,,,,,,,,,,,,,,
1084,0.0,0.0,rare,,,,,,,,,,,,,,,,,,,,,,,,,,,,,,,,,,,,
1085,0.0,0.0,rare,,,,,,,,,,,,,,,,,,,,,,,,,,,,,,,,,,,,
1086,0.0,0.0,rare,,,,,,,,,,,,,,,,,,,,,,,,,,,,,,,,,,,,
1087,0.0,0.0,rare,,,,,,,,,,,,,,,,,,,,,,,,,,,,,,,,,,,,
1088,0.0,0.0,rare,,,,,,,,,,,,,,,,,,,,,,,,,,,,,,,,,,,,
1089,0.0,0.0,rare,,,,,,,,,,,,,,,,,,,,,,,,,,,,,,,,,,,,
1090,0.0,0.0,rare,,,,,,,,,,,,,,,,,,,,,,,,,,,,,,,,,,,,
1091,0.0,0.0,rare,,,,,,,,,,,,,,,,,,,,,,,,,,,,,,,,,,,,
1092,0.0,0.0,rare,,,,,,,,,,,,,,,,,,,,,,,,,,,,,,,,,,,,
1093,0.0,0.0,rare,,,,,,,,,,,,,,,,,,,,,,,,,,,,,,,,,,,,
1094,0.0,0.0,rare,,,,,,,,,,,,,,,,,,,,,,,,,,,,,,,,,,,,
1095,0.0,0.0,rare,,,,,,,,,,,,,,,,,,,,,,,,,,,,,,,,,,,,
1096,0.0,0.0,rare,,,,,,,,,,,,,,,,,,,,,,,,,,,,,,,,,,,,
1097,0.0,0.0,rare,,,,,,,,,,,,,,,,,,,,,,,,,,,,,,,,,,,,
1098,0.003976143141153081,58.08479309082031,rare,,,,,,,,,,,,,,,,,,,,,,,,,,,,,,,,,,,,
1099,0.0,0.0,rare,,,,,,,,,,,,,,,,,,,,,,,,,,,,,,,,,,,,
1100,0.0,0.0,rare,,,,,,,,,,,,,,,,,,,,,,,,,,,,,,,,,,,,
1101,0.0,0.0,rare,,,,,,,,,,,,,,,,,,,,,,,,,,,,,,,,,,,,
1102,0.0006626905235255136,15.775543212890625,rare,,,,,,,,,,,,,,,,,,,,,,,,,,,,,,,,,,,,
1103,0.0,0.0,rare,,,,,,,,,,,,,,,,,,,,,,,,,,,,,,,,,,,,
1104,0.02054340622929092,148.61900329589844,imaging,0.5268659770893234,0.49186564036858105,0.4871870033551121,0.053731954178646735,-0.008726957704629994,-0.021942208419780538,0.04096172701884426,0.031898124698439154,-0.2435436558147981,-0.03167835480664006,-0.009457844320242069,-0.022027774368570244,0.12953146323950715,0.027584914014022553,-0.15766257259359784,-0.025306040311538287,-0.16886255795981164,-0.03257583569080723,-0.1993337614232223,-0.02979551882888908,0.5904989142967595,0.09438136289885339,0.4372651222820347,0.07983737604582476,0.6893513815752034,0.10710428562305875,0.7749275192028515,0.12107540074461122,0.4013877912438983,0.06640847461978998,0.20839063159806323,0.04691170753344148,frac_pore,-0.2435436558147981,sharpness_c0,0.7749275192028515
1105,0.0,0.0,rare,,,,,,,,,,,,,,,,,,,,,,,,,,,,,,,,,,,,
1106,0.0,0.0,rare,,,,,,,,,,,,,,,,,,,,,,,,,,,,,,,,,,,,
1107,0.0,0.0,rare,,,,,,,,,,,,,,,,,,,,,,,,,,,,,,,,,,,,
1108,0.0,0.0,rare,,,,,,,,,,,,,,,,,,,,,,,,,,,,,,,,,,,,
1109,0.0,0.0,rare,,,,,,,,,,,,,,,,,,,,,,,,,,,,,,,,,,,,
1110,0.019218025182239893,178.60635375976562,imaging,0.4971513246656122,0.5255374337088826,0.48326681970686913,0.051074867417765235,0.3623927177965625,0.09313882740447475,-0.14530014991817533,-0.06450590921618696,-0.6296550682929906,-0.0838738407764466,0.3614994503186971,0.09296145235421781,-0.21067562070583046,-0.016734683332119873,-0.4226289449977647,-0.06026686905733308,-0.03330685499179657,-0.01696595207967617,-0.37384377559289234,-0.05374123363996255,0.9482831390118366,0.1612322871786124,1.0311250910809475,0.1566524313613776,1.1401642072557285,0.17663386447641377,-0.00803831398336727,0.009980528575937765,0.8429790489070977,0.10778972624258248,0.38266598300979654,0.06003202979838547,frac_pore,-0.6296550682929906,noise_sigma_c2,1.1401642072557285
1111,0.0,0.0,rare,,,,,,,,,,,,,,,,,,,,,,,,,,,,,,,,,,,,
1112,0.0006626905235255136,12.381780624389648,rare,,,,,,,,,,,,,,,,,,,,,,,,,,,,,,,,,,,,
1113,0.0,0.0,rare,,,,,,,,,,,,,,,,,,,,,,,,,,,,,,,,,,,,
1114,0.0,0.0,rare,,,,,,,,,,,,,,,,,,,,,,,,,,,,,,,,,,,,
1115,0.0,0.0,rare,,,,,,,,,,,,,,,,,,,,,,,,,,,,,,,,,,,,
1116,0.0,0.0,rare,,,,,,,,,,,,,,,,,,,,,,,,,,,,,,,,,,,,
1117,0.0,0.0,rare,,,,,,,,,,,,,,,,,,,,,,,,,,,,,,,,,,,,
1118,0.0,0.0,rare,,,,,,,,,,,,,,,,,,,,,,,,,,,,,,,,,,,,
1119,0.0,0.0,rare,,,,,,,,,,,,,,,,,,,,,,,,,,,,,,,,,,,,
1120,0.0026507620941020544,33.338462829589844,rare,,,,,,,,,,,,,,,,,,,,,,,,,,,,,,,,,,,,
1121,0.0,0.0,rare,,,,,,,,,,,,,,,,,,,,,,,,,,,,,,,,,,,,
1122,0.0,0.0,rare,,,,,,,,,,,,,,,,,,,,,,,,,,,,,,,,,,,,
1123,0.0026507620941020544,34.30666732788086,rare,,,,,,,,,,,,,,,,,,,,,,,,,,,,,,,,,,,,
1124,0.0,0.0,rare,,,,,,,,,,,,,,,,,,,,,,,,,,,,,,,,,,,,
1125,0.0,0.0,rare,,,,,,,,,,,,,,,,,,,,,,,,,,,,,,,,,,,,
1126,0.0,0.0,rare,,,,,,,,,,,,,,,,,,,,,,,,,,,,,,,,,,,,
1127,0.0,0.0,rare,,,,,,,,,,,,,,,,,,,,,,,,,,,,,,,,,,,,
1128,0.0,0.0,rare,,,,,,,,,,,,,,,,,,,,,,,,,,,,,,,,,,,,
1129,0.0,0.0,rare,,,,,,,,,,,,,,,,,,,,,,,,,,,,,,,,,,,,
1130,0.0,0.0,rare,,,,,,,,,,,,,,,,,,,,,,,,,,,,,,,,,,,,
1131,0.0,0.0,rare,,,,,,,,,,,,,,,,,,,,,,,,,,,,,,,,,,,,
1132,0.0,0.0,rare,,,,,,,,,,,,,,,,,,,,,,,,,,,,,,,,,,,,
1133,0.0,0.0,rare,,,,,,,,,,,,,,,,,,,,,,,,,,,,,,,,,,,,
1134,0.0,0.0,rare,,,,,,,,,,,,,,,,,,,,,,,,,,,,,,,,,,,,
1135,0.0,0.0,rare,,,,,,,,,,,,,,,,,,,,,,,,,,,,,,,,,,,,
1136,0.0,0.0,rare,,,,,,,,,,,,,,,,,,,,,,,,,,,,,,,,,,,,
1137,0.01126573889993373,121.44574737548828,imaging,0.5022574646663197,0.5071866555559302,0.4931529224792513,0.014373311111860465,-0.5838585331523548,-0.09559655101751814,0.6783208912374301,0.09474624957558911,-0.3067785374737276,-0.019782779862732105,-0.584337774970456,-0.09561098422289382,-0.33683291458906645,-0.034863871151342034,-0.4326149239857903,-0.04817133456439709,0.0694784457193383,0.007437753435383559,-0.35234792595758163,-0.015279685437115964,0.7298476448919237,0.07121105281481663,1.264597837355305,0.1383902177705151,0.6105475029659471,0.061853163385187176,0.7405330182907578,0.0998612315414452,1.0714704493547762,0.1050051816925172,0.4948855056432184,0.06191246217304847,frac_graphite,0.6783208912374301,noise_sigma_c1,1.264597837355305
1138,0.0,0.0,rare,,,,,,,,,,,,,,,,,,,,,,,,,,,,,,,,,,,,
1139,0.0,0.0,rare,,,,,,,,,,,,,,,,,,,,,,,,,,,,,,,,,,,,
1140,0.0,0.0,rare,,,,,,,,,,,,,,,,,,,,,,,,,,,,,,,,,,,,
1141,0.0,0.0,rare,,,,,,,,,,,,,,,,,,,,,,,,,,,,,,,,,,,,
1142,0.0,0.0,rare,,,,,,,,,,,,,,,,,,,,,,,,,,,,,,,,,,,,
1143,0.0,0.0,rare,,,,,,,,,,,,,,,,,,,,,,,,,,,,,,,,,,,,
1144,0.0,0.0,rare,,,,,,,,,,,,,,,,,,,,,,,,,,,,,,,,,,,,
1145,0.0,0.0,rare,,,,,,,,,,,,,,,,,,,,,,,,,,,,,,,,,,,,
1146,0.0,0.0,rare,,,,,,,,,,,,,,,,,,,,,,,,,,,,,,,,,,,,
1147,0.0,0.0,rare,,,,,,,,,,,,,,,,,,,,,,,,,,,,,,,,,,,,
1148,0.0,0.0,rare,,,,,,,,,,,,,,,,,,,,,,,,,,,,,,,,,,,,
1149,0.0,0.0,rare,,,,,,,,,,,,,,,,,,,,,,,,,,,,,,,,,,,,
1150,0.0,0.0,rare,,,,,,,,,,,,,,,,,,,,,,,,,,,,,,,,,,,,
1151,0.005301524188204109,62.982879638671875,rare,,,,,,,,,,,,,,,,,,,,,,,,,,,,,,,,,,,,
1152,0.0,0.0,rare,,,,,,,,,,,,,,,,,,,,,,,,,,,,,,,,,,,,
1153,0.0,0.0,rare,,,,,,,,,,,,,,,,,,,,,,,,,,,,,,,,,,,,
1154,0.0,0.0,rare,,,,,,,,,,,,,,,,,,,,,,,,,,,,,,,,,,,,
1155,0.0,0.0,rare,,,,,,,,,,,,,,,,,,,,,,,,,,,,,,,,,,,,
1156,0.0,0.0,rare,,,,,,,,,,,,,,,,,,,,,,,,,,,,,,,,,,,,
1157,0.0,0.0,rare,,,,,,,,,,,,,,,,,,,,,,,,,,,,,,,,,,,,
1158,0.0,0.0,rare,,,,,,,,,,,,,,,,,,,,,,,,,,,,,,,,,,,,
1159,0.0,0.0,rare,,,,,,,,,,,,,,,,,,,,,,,,,,,,,,,,,,,,
1160,0.0,0.0,rare,,,,,,,,,,,,,,,,,,,,,,,,,,,,,,,,,,,,
1161,0.0,0.0,rare,,,,,,,,,,,,,,,,,,,,,,,,,,,,,,,,,,,,
1162,0.0,0.0,rare,,,,,,,,,,,,,,,,,,,,,,,,,,,,,,,,,,,,
1163,0.0,0.0,rare,,,,,,,,,,,,,,,,,,,,,,,,,,,,,,,,,,,,
1164,0.0,0.0,rare,,,,,,,,,,,,,,,,,,,,,,,,,,,,,,,,,,,,
1165,0.0,0.0,rare,,,,,,,,,,,,,,,,,,,,,,,,,,,,,,,,,,,,
1166,0.0,0.0,rare,,,,,,,,,,,,,,,,,,,,,,,,,,,,,,,,,,,,
1167,0.0,0.0,rare,,,,,,,,,,,,,,,,,,,,,,,,,,,,,,,,,,,,
1168,0.0,0.0,rare,,,,,,,,,,,,,,,,,,,,,,,,,,,,,,,,,,,,
1169,0.0,0.0,rare,,,,,,,,,,,,,,,,,,,,,,,,,,,,,,,,,,,,
1170,0.0,0.0,rare,,,,,,,,,,,,,,,,,,,,,,,,,,,,,,,,,,,,
1171,0.0,0.0,rare,,,,,,,,,,,,,,,,,,,,,,,,,,,,,,,,,,,,
1172,0.0,0.0,rare,,,,,,,,,,,,,,,,,,,,,,,,,,,,,,,,,,,,
1173,0.0,0.0,rare,,,,,,,,,,,,,,,,,,,,,,,,,,,,,,,,,,,,
1174,0.0,0.0,rare,,,,,,,,,,,,,,,,,,,,,,,,,,,,,,,,,,,,
1175,0.0,0.0,rare,,,,,,,,,,,,,,,,,,,,,,,,,,,,,,,,,,,,
1176,0.0,0.0,rare,,,,,,,,,,,,,,,,,,,,,,,,,,,,,,,,,,,,
1177,0.0,0.0,rare,,,,,,,,,,,,,,,,,,,,,,,,,,,,,,,,,,,,
1178,0.0,0.0,rare,,,,,,,,,,,,,,,,,,,,,,,,,,,,,,,,,,,,
1179,0.005301524188204109,58.679176330566406,rare,,,,,,,,,,,,,,,,,,,,,,,,,,,,,,,,,,,,
1180,0.03180914512922465,245.22909545898438,imaging,0.5102148065427313,0.5189035051804611,0.4790005297545471,0.0419989404909058,-0.3837340687326624,-0.050962357384758676,0.35006475059432496,0.04166081693120152,0.09158022551540954,0.040264550730779836,-0.38430087361489207,-0.051109376693012826,-0.3368328707733539,-0.06240200915546636,-0.49380304464295244,-0.1063794452335212,-0.6054880893127969,-0.10922394091346814,-0.35365311095298524,-0.08452716902363723,0.558818860497982,0.1083472601224825,0.6702611647229008,0.13409768805107494,0.5489743981416731,0.10794686747000103,0.43282211449091024,0.06346456959367226,0.35126856426039044,0.07965468476827084,0.4071473199146071,0.09793815631113997,K01_si_frac_adm,-0.38430087361489207,noise_sigma_c1,0.6702611647229008
1181,0.0,0.0,rare,,,,,,,,,,,,,,,,,,,,,,,,,,,,,,,,,,,,
1182,0.0,0.0,rare,,,,,,,,,,,,,,,,,,,,,,,,,,,,,,,,,,,,
1183,0.0,0.0,rare,,,,,,,,,,,,,,,,,,,,,,,,,,,,,,,,,,,,
1184,0.0,0.0,rare,,,,,,,,,,,,,,,,,,,,,,,,,,,,,,,,,,,,
1185,0.0,0.0,rare,,,,,,,,,,,,,,,,,,,,,,,,,,,,,,,,,,,,
1186,0.0,0.0,rare,,,,,,,,,,,,,,,,,,,,,,,,,,,,,,,,,,,,
1187,0.0,0.0,rare,,,,,,,,,,,,,,,,,,,,,,,,,,,,,,,,,,,,
1188,0.017229953611663355,181.49880981445312,imaging,0.4888983774551665,0.4940801610735669,0.5120995938548473,0.024199187709694536,-0.43904828788367667,-0.04661467781088765,0.3350333735721594,0.028420147536162784,0.2619564407134839,0.028528417049774407,-0.43900191672049976,-0.04645000315099925,-0.07272453519257935,-0.024710144431657144,-0.2254606325182413,0.009210379276256515,0.13652687989553763,0.02202915411287516,-0.4771543564406677,-0.0630054748080858,-0.6815932705940859,-0.044376216294320585,-0.2394623648896401,0.002969701269223401,-1.0231086787825103,-0.08123239551791432,-0.2857668387909656,-0.037242878159792034,-0.5002998359801056,-0.035246571054110234,-0.9489616100644205,-0.06898687878524103,frac_si,-0.43904828788367667,noise_sigma_c2,-1.0231086787825103
1189,0.0,0.0,rare,,,,,,,,,,,,,,,,,,,,,,,,,,,,,,,,,,,,
1190,0.0,0.0,rare,,,,,,,,,,,,,,,,,,,,,,,,,,,,,,,,,,,,
1191,0.0,0.0,rare,,,,,,,,,,,,,,,,,,,,,,,,,,,,,,,,,,,,
1192,0.0,0.0,rare,,,,,,,,,,,,,,,,,,,,,,,,,,,,,,,,,,,,
1193,0.0,0.0,rare,,,,,,,,,,,,,,,,,,,,,,,,,,,,,,,,,,,,
1194,0.0,0.0,rare,,,,,,,,,,,,,,,,,,,,,,,,,,,,,,,,,,,,
1195,0.0,0.0,rare,,,,,,,,,,,,,,,,,,,,,,,,,,,,,,,,,,,,
1196,0.0,0.0,rare,,,,,,,,,,,,,,,,,,,,,,,,,,,,,,,,,,,,
1197,0.0,0.0,rare,,,,,,,,,,,,,,,,,,,,,,,,,,,,,,,,,,,,
1198,0.0,0.0,rare,,,,,,,,,,,,,,,,,,,,,,,,,,,,,,,,,,,,
1199,0.0,0.0,rare,,,,,,,,,,,,,,,,,,,,,,,,,,,,,,,,,,,,
1200,0.0,0.0,rare,,,,,,,,,,,,,,,,,,,,,,,,,,,,,,,,,,,,
1201,0.0,0.0,rare,,,,,,,,,,,,,,,,,,,,,,,,,,,,,,,,,,,,
1202,0.0,0.0,rare,,,,,,,,,,,,,,,,,,,,,,,,,,,,,,,,,,,,
1203,0.0,0.0,rare,,,,,,,,,,,,,,,,,,,,,,,,,,,,,,,,,,,,
1204,0.0,0.0,rare,,,,,,,,,,,,,,,,,,,,,,,,,,,,,,,,,,,,
1205,0.0,0.0,rare,,,,,,,,,,,,,,,,,,,,,,,,,,,,,,,,,,,,
1206,0.004638833664678595,61.22107696533203,rare,,,,,,,,,,,,,,,,,,,,,,,,,,,,,,,,,,,,
1207,0.0,0.0,rare,,,,,,,,,,,,,,,,,,,,,,,,,,,,,,,,,,,,
1208,0.0,0.0,rare,,,,,,,,,,,,,,,,,,,,,,,,,,,,,,,,,,,,
1209,0.0,0.0,rare,,,,,,,,,,,,,,,,,,,,,,,,,,,,,,,,,,,,
1210,0.010603048376408217,134.82962036132812,imaging,0.4931682322801025,0.5057681099384895,0.5005456471834716,0.013663535439795038,0.41589571160222816,0.06924310749255941,-0.4830226556638998,-0.0679237732092425,-0.06747108459896119,-0.022369967578780705,0.41497903427512295,0.06918365580747719,0.4422165744017625,0.05452525579859606,0.08820353169843484,0.013296110172698073,-0.20186851360982583,-0.006453388182187025,0.04442171418425861,0.018009560148661365,0.24254117652584928,0.015914402175485433,-0.3288743942598787,-0.04638902843614552,0.01737651489663844,-0.005107375888071374,-0.19402761723797818,-0.02258960169672165,-0.506314768702322,-0.051417091865349915,-1.0582465312902696,-0.10482309767501007,frac_graphite,-0.4830226556638998,sharpness_c2,-1.0582465312902696
1211,0.0,0.0,rare,,,,,,,,,,,,,,,,,,,,,,,,,,,,,,,,,,,,
1212,0.0,0.0,rare,,,,,,,,,,,,,,,,,,,,,,,,,,,,,,,,,,,,
1213,0.0,0.0,rare,,,,,,,,,,,,,,,,,,,,,,,,,,,,,,,,,,,,
1214,0.0,0.0,rare,,,,,,,,,,,,,,,,,,,,,,,,,,,,,,,,,,,,
1215,0.009940357852882704,92.62217712402344,imaging,0.4992786724541306,0.5043905070638274,0.49728500794631825,0.008781014127654752,0.4516722572371931,0.06969159500722989,-0.39889869515703286,-0.0626100467215586,-0.02492472663824945,0.001270711870440647,0.4507399262057444,0.0695996048672155,-0.2539781426543954,-0.015107066694541368,-0.4866547201300861,-0.024878084008547078,-0.13626358294055133,-0.006327980630367954,-0.4503920502057386,-0.041194961016893926,0.5829163989543316,0.05779058813009129,0.8680008772659948,0.08213441293895286,0.46495382032861876,0.045263687556694555,-0.4655380731833971,-0.048498685184330426,0.7013320556265366,0.06951663261873935,0.10089481739072237,0.008350362587030835,frac_si,0.4516722572371931,noise_sigma_c1,0.8680008772659948
1216,0.0,0.0,rare,,,,,,,,,,,,,,,,,,,,,,,,,,,,,,,,,,,,
1217,0.0019880715705765406,33.28182601928711,rare,,,,,,,,,,,,,,,,,,,,,,,,,,,,,,,,,,,,
1218,0.0,0.0,rare,,,,,,,,,,,,,,,,,,,,,,,,,,,,,,,,,,,,
1219,0.0,0.0,rare,,,,,,,,,,,,,,,,,,,,,,,,,,,,,,,,,,,,
1220,0.0,0.0,rare,,,,,,,,,,,,,,,,,,,,,,,,,,,,,,,,,,,,
1221,0.0,0.0,rare,,,,,,,,,,,,,,,,,,,,,,,,,,,,,,,,,,,,
1222,0.0,0.0,rare,,,,,,,,,,,,,,,,,,,,,,,,,,,,,,,,,,,,
1223,0.0,0.0,rare,,,,,,,,,,,,,,,,,,,,,,,,,,,,,,,,,,,,
1224,0.0,0.0,rare,,,,,,,,,,,,,,,,,,,,,,,,,,,,,,,,,,,,
1225,0.0,0.0,rare,,,,,,,,,,,,,,,,,,,,,,,,,,,,,,,,,,,,
1226,0.0,0.0,rare,,,,,,,,,,,,,,,,,,,,,,,,,,,,,,,,,,,,
1227,0.0,0.0,rare,,,,,,,,,,,,,,,,,,,,,,,,,,,,,,,,,,,,
1228,0.0006626905235255136,18.224403381347656,rare,,,,,,,,,,,,,,,,,,,,,,,,,,,,,,,,,,,,
1229,0.0,0.0,rare,,,,,,,,,,,,,,,,,,,,,,,,,,,,,,,,,,,,
1230,0.005301524188204109,48.80350875854492,rare,,,,,,,,,,,,,,,,,,,,,,,,,,,,,,,,,,,,
1231,0.0,0.0,rare,,,,,,,,,,,,,,,,,,,,,,,,,,,,,,,,,,,,
1232,0.0,0.0,rare,,,,,,,,,,,,,,,,,,,,,,,,,,,,,,,,,,,,
1233,0.0,0.0,rare,,,,,,,,,,,,,,,,,,,,,,,,,,,,,,,,,,,,
1234,0.0013253810470510272,26.892847061157227,rare,,,,,,,,,,,,,,,,,,,,,,,,,,,,,,,,,,,,
1235,0.0,0.0,rare,,,,,,,,,,,,,,,,,,,,,,,,,,,,,,,,,,,,
1236,0.0,0.0,rare,,,,,,,,,,,,,,,,,,,,,,,,,,,,,,,,,,,,
1237,0.0,0.0,rare,,,,,,,,,,,,,,,,,,,,,,,,,,,,,,,,,,,,
1238,0.0,0.0,rare,,,,,,,,,,,,,,,,,,,,,,,,,,,,,,,,,,,,
1239,0.0019880715705765406,23.05937957763672,rare,,,,,,,,,,,,,,,,,,,,,,,,,,,,,,,,,,,,
1240,0.0,0.0,rare,,,,,,,,,,,,,,,,,,,,,,,,,,,,,,,,,,,,
1241,0.0,0.0,rare,,,,,,,,,,,,,,,,,,,,,,,,,,,,,,,,,,,,
1242,0.0,0.0,rare,,,,,,,,,,,,,,,,,,,,,,,,,,,,,,,,,,,,
1243,0.0,0.0,rare,,,,,,,,,,,,,,,,,,,,,,,,,,,,,,,,,,,,
1244,0.0,0.0,rare,,,,,,,,,,,,,,,,,,,,,,,,,,,,,,,,,,,,
1245,0.00927766732935719,95.883544921875,material,0.5054548027023886,0.5030104957925311,0.49398022249690976,0.01203955500618048,1.4895827820511913,0.0998902245486166,-1.320750046493218,-0.08947650391314813,0.07808162964752266,-0.012831015841908041,1.4881963203805755,0.09984250459697189,1.3584075495467878,0.12838031700497146,-0.5381176683097572,-0.06518546612131614,-0.44727331773458173,-0.021477719608354446,-0.46308732679019327,-0.05648025351418973,0.9977083330741027,0.10029029871099376,0.5696500665718847,0.052146640649263186,0.9417288380846518,0.09432829587821329,-0.3733687548181264,-0.01986631125831067,0.6153516083349696,0.0653574656054163,1.0872825618865807,0.12650572261430304,frac_si,1.4895827820511913,sharpness_c2,1.0872825618865807
1246,0.0,0.0,rare,,,,,,,,,,,,,,,,,,,,,,,,,,,,,,,,,,,,
1247,0.0,0.0,rare,,,,,,,,,,,,,,,,,,,,,,,,,,,,,,,,,,,,
1248,0.0,0.0,rare,,,,,,,,,,,,,,,,,,,,,,,,,,,,,,,,,,,,
1249,0.0,0.0,rare,,,,,,,,,,,,,,,,,,,,,,,,,,,,,,,,,,,,
1250,0.04638833664678595,372.0825500488281,mixed,0.4719907629649467,0.5144527882007832,0.5089793395726646,0.05601847407010663,-0.07900017090253286,0.013008527386825681,0.13737798243662042,0.0012042520624349707,-0.0942066863565846,0.007158265288303725,-0.07970030996601618,0.01286623095220764,-0.21920880248943386,-0.044292319571784776,-0.3503481413198172,-0.03447335600171426,0.14826280534429587,0.03034763880782554,-0.36327084178600055,-0.04471951110352813,0.1107267032407463,-0.026813077715704417,0.21053526433778516,0.011406757622047665,0.2164437581371535,0.009939702606989259,-0.30677224136375114,-0.0751132934346531,0.38584453967843085,0.07811774237528352,0.03756430418519664,0.016986655229880337,K04_agglom_frac,-0.21920880248943386,sharpness_c1,0.38584453967843085
1251,0.0,0.0,rare,,,,,,,,,,,,,,,,,,,,,,,,,,,,,,,,,,,,
1252,0.0,0.0,rare,,,,,,,,,,,,,,,,,,,,,,,,,,,,,,,,,,,,
1253,0.0,0.0,rare,,,,,,,,,,,,,,,,,,,,,,,,,,,,,,,,,,,,
1254,0.0,0.0,rare,,,,,,,,,,,,,,,,,,,,,,,,,,,,,,,,,,,,
1255,0.0,0.0,rare,,,,,,,,,,,,,,,,,,,,,,,,,,,,,,,,,,,,
1256,0.01126573889993373,114.2281723022461,imaging,0.5175506192552768,0.4925893635571055,0.49316704926717286,0.03510123851055358,0.624244591368672,0.0940529258731471,-0.684480314952247,-0.09900152056986083,-0.05282914887112666,0.015692103332553605,0.6250699221205487,0.09432246157763162,0.471433829699093,0.06821185555560312,-0.43263091983935714,-0.0486663869300959,-0.9002509849020566,-0.09451798989676677,-0.4051802639906112,-0.054289833112871236,0.8793968190780457,0.0989800791499907,0.2669966624722215,0.01250631304145384,0.9539528327098431,0.1004926279938324,0.580167976511194,0.0625668216225392,0.12564101074349932,0.026656390774901822,0.2449068876225745,0.022794079615661305,frac_graphite,-0.684480314952247,noise_sigma_c2,0.9539528327098431
1257,0.0,0.0,rare,,,,,,,,,,,,,,,,,,,,,,,,,,,,,,,,,,,,
1258,0.0,0.0,rare,,,,,,,,,,,,,,,,,,,,,,,,,,,,,,,,,,,,
1259,0.0,0.0,rare,,,,,,,,,,,,,,,,,,,,,,,,,,,,,,,,,,,,
1260,0.0,0.0,rare,,,,,,,,,,,,,,,,,,,,,,,,,,,,,,,,,,,,
1261,0.0,0.0,rare,,,,,,,,,,,,,,,,,,,,,,,,,,,,,,,,,,,,
1262,0.0,0.0,rare,,,,,,,,,,,,,,,,,,,,,,,,,,,,,,,,,,,,
1263,0.0026507620941020544,34.30570983886719,rare,,,,,,,,,,,,,,,,,,,,,,,,,,,,,,,,,,,,
1264,0.01656726308813784,227.49234008789062,mixed,0.49694288500699857,0.49999518320673203,0.502140208370122,0.0061142299860028615,-0.16814452781406258,0.01068319174104325,0.21289958764207598,0.0088855023834283,-0.08415729650985283,0.006459482628751868,-0.168805662317607,0.010599891556923239,-0.07685666098188083,-0.010959527941302512,-0.35002699010108335,-0.0209344205738647,0.16399284439823067,0.016956836867285024,-0.39888603444457554,-0.019190595157243882,-0.24090122762763302,-0.026123002295028466,-0.12357662870161264,-0.01991082056845908,-0.20949756932775998,-0.026111795320243714,-0.35443801017925325,-0.061178695559591906,-0.2244631473899962,-0.01583652093555152,-0.4160631207024933,-0.051733541194934736,frac_graphite,0.21289958764207598,sharpness_c2,-0.4160631207024933
1265,0.0006626905235255136,15.008030891418457,rare,,,,,,,,,,,,,,,,,,,,,,,,,,,,,,,,,,,,
1266,0.0,0.0,rare,,,,,,,,,,,,,,,,,,,,,,,,,,,,,,,,,,,,
1267,0.0,0.0,rare,,,,,,,,,,,,,,,,,,,,,,,,,,,,,,,,,,,,
1268,0.0,0.0,rare,,,,,,,,,,,,,,,,,,,,,,,,,,,,,,,,,,,,
1269,0.0,0.0,rare,,,,,,,,,,,,,,,,,,,,,,,,,,,,,,,,,,,,
1270,0.0013253810470510272,16.981449127197266,rare,,,,,,,,,,,,,,,,,,,,,,,,,,,,,,,,,,,,
1271,0.0,0.0,rare,,,,,,,,,,,,,,,,,,,,,,,,,,,,,,,,,,,,
1272,0.0,0.0,rare,,,,,,,,,,,,,,,,,,,,,,,,,,,,,,,,,,,,
1273,0.0,0.0,rare,,,,,,,,,,,,,,,,,,,,,,,,,,,,,,,,,,,,
1274,0.0,0.0,rare,,,,,,,,,,,,,,,,,,,,,,,,,,,,,,,,,,,,
1275,0.0,0.0,rare,,,,,,,,,,,,,,,,,,,,,,,,,,,,,,,,,,,,
1276,0.0,0.0,rare,,,,,,,,,,,,,,,,,,,,,,,,,,,,,,,,,,,,
1277,0.0,0.0,rare,,,,,,,,,,,,,,,,,,,,,,,,,,,,,,,,,,,,
1278,0.0,0.0,rare,,,,,,,,,,,,,,,,,,,,,,,,,,,,,,,,,,,,
1279,0.0,0.0,rare,,,,,,,,,,,,,,,,,,,,,,,,,,,,,,,,,,,,
1280,0.0,0.0,rare,,,,,,,,,,,,,,,,,,,,,,,,,,,,,,,,,,,,
1281,0.0,0.0,rare,,,,,,,,,,,,,,,,,,,,,,,,,,,,,,,,,,,,
1282,0.0,0.0,rare,,,,,,,,,,,,,,,,,,,,,,,,,,,,,,,,,,,,
1283,0.0,0.0,rare,,,,,,,,,,,,,,,,,,,,,,,,,,,,,,,,,,,,
1284,0.0,0.0,rare,,,,,,,,,,,,,,,,,,,,,,,,,,,,,,,,,,,,
1285,0.0,0.0,rare,,,,,,,,,,,,,,,,,,,,,,,,,,,,,,,,,,,,
1286,0.0,0.0,rare,,,,,,,,,,,,,,,,,,,,,,,,,,,,,,,,,,,,
1287,0.0,0.0,rare,,,,,,,,,,,,,,,,,,,,,,,,,,,,,,,,,,,,
1288,0.0,0.0,rare,,,,,,,,,,,,,,,,,,,,,,,,,,,,,,,,,,,,
1289,0.0,0.0,rare,,,,,,,,,,,,,,,,,,,,,,,,,,,,,,,,,,,,
1290,0.0,0.0,rare,,,,,,,,,,,,,,,,,,,,,,,,,,,,,,,,,,,,
1291,0.0,0.0,rare,,,,,,,,,,,,,,,,,,,,,,,,,,,,,,,,,,,,
1292,0.0,0.0,rare,,,,,,,,,,,,,,,,,,,,,,,,,,,,,,,,,,,,
1293,0.0,0.0,rare,,,,,,,,,,,,,,,,,,,,,,,,,,,,,,,,,,,,
1294,0.0,0.0,rare,,,,,,,,,,,,,,,,,,,,,,,,,,,,,,,,,,,,
1295,0.0,0.0,rare,,,,,,,,,,,,,,,,,,,,,,,,,,,,,,,,,,,,
1296,0.003976143141153081,42.44139099121094,rare,,,,,,,,,,,,,,,,,,,,,,,,,,,,,,,,,,,,
1297,0.0,0.0,rare,,,,,,,,,,,,,,,,,,,,,,,,,,,,,,,,,,,,
1298,0.0,0.0,rare,,,,,,,,,,,,,,,,,,,,,,,,,,,,,,,,,,,,
1299,0.0,0.0,rare,,,,,,,,,,,,,,,,,,,,,,,,,,,,,,,,,,,,
1300,0.0,0.0,rare,,,,,,,,,,,,,,,,,,,,,,,,,,,,,,,,,,,,
1301,0.0033134526176275677,43.22050857543945,rare,,,,,,,,,,,,,,,,,,,,,,,,,,,,,,,,,,,,
1302,0.04241219350563287,295.4947509765625,material,0.5067660776456678,0.48314122356182604,0.5076319971746425,0.03371755287634792,0.8076218810112501,0.15559550089821286,-0.5932573176307471,-0.10688735336422318,-0.5016648389151354,-0.0946053140345543,0.8065338065895267,0.15547471429846893,0.750948675516837,0.1233638830790348,-0.02960917222747409,0.047852135646021934,0.6434033853818529,0.09350480028746587,-0.2980005677962565,-0.00609055053806423,-0.22145526487750486,0.010362776745170395,-0.09186472264378745,0.0010680327003520075,-0.40242451452783157,-0.030841313327398846,-0.6969958640318826,-0.1471590791047229,-0.1307164097983266,-0.022237550431920158,-0.6529993869652273,-0.10355525359894863,frac_si,0.8076218810112501,sharpness_c0,-0.6969958640318826
1303,0.0,0.0,rare,,,,,,,,,,,,,,,,,,,,,,,,,,,,,,,,,,,,
1304,0.0,0.0,rare,,,,,,,,,,,,,,,,,,,,,,,,,,,,,,,,,,,,
1305,0.0,0.0,rare,,,,,,,,,,,,,,,,,,,,,,,,,,,,,,,,,,,,
1306,0.0,0.0,rare,,,,,,,,,,,,,,,,,,,,,,,,,,,,,,,,,,,,
1307,0.0,0.0,rare,,,,,,,,,,,,,,,,,,,,,,,,,,,,,,,,,,,,
1308,0.0,0.0,rare,,,,,,,,,,,,,,,,,,,,,,,,,,,,,,,,,,,,
1309,0.0,0.0,rare,,,,,,,,,,,,,,,,,,,,,,,,,,,,,,,,,,,,
1310,0.0,0.0,rare,,,,,,,,,,,,,,,,,,,,,,,,,,,,,,,,,,,,
1311,0.0,0.0,rare,,,,,,,,,,,,,,,,,,,,,,,,,,,,,,,,,,,,
1312,0.0,0.0,rare,,,,,,,,,,,,,,,,,,,,,,,,,,,,,,,,,,,,
1313,0.0026507620941020544,40.64775085449219,rare,,,,,,,,,,,,,,,,,,,,,,,,,,,,,,,,,,,,
1314,0.0,0.0,rare,,,,,,,,,,,,,,,,,,,,,,,,,,,,,,,,,,,,
1315,0.04771371769383698,346.9968566894531,imaging,0.4805355256974518,0.47754170138771806,0.5300706339396081,0.06014126787921614,-0.09016024347889193,-0.050382133398671564,0.14244585776953977,0.059153685841713016,-0.13229708243686644,-0.023699254483829826,-0.09062515052168528,-0.05028871724205588,0.002229105198025735,0.016638402830488827,0.867432749430955,0.14625457137935322,0.30446343644835316,0.05826947437486195,0.8406897199518368,0.14668424033527708,-0.8246029569804996,-0.16178702282192106,-1.078902488351634,-0.1972675383856873,-0.7100841178671895,-0.1372382073302732,0.080382879578185,0.009929099665608973,-0.7531324241004334,-0.1549120559827064,-0.1707665310841908,-0.05349279740341718,frac_graphite,0.14244585776953977,noise_sigma_c1,-1.078902488351634
1316,0.0,0.0,rare,,,,,,,,,,,,,,,,,,,,,,,,,,,,,,,,,,,,
1317,0.0,0.0,rare,,,,,,,,,,,,,,,,,,,,,,,,,,,,,,,,,,,,
1318,0.012591119946984758,168.36314392089844,imaging,0.49377081238409487,0.4990029237935137,0.5050847607275296,0.01245837523181026,-0.6977189807087208,-0.09106823031270164,1.0261984875317558,0.138359703300829,-1.071336405388965,-0.12348080693380632,-0.6981484036165542,-0.09115020068732343,-0.33683287259386246,-0.0382310813155339,0.9714587094825573,0.10342354831802025,0.9392497707265782,0.10549127523202342,1.5310143810915053,0.11911706560915941,0.020213193705428154,-0.03437476547463526,-0.5094125576508863,-0.07273283683655535,0.15331815154296194,-0.01077995598315804,2.866983854380438,0.0993422315656194,-0.21736420126433625,-0.03709449594847703,3.578881375507254,0.04746008930982606,frac_pore,-1.071336405388965,sharpness_c2,3.578881375507254
1319,0.0,0.0,rare,,,,,,,,,,,,,,,,,,,,,,,,,,,,,,,,,,,,
1320,0.0,0.0,rare,,,,,,,,,,,,,,,,,,,,,,,,,,,,,,,,,,,,
1321,0.0,0.0,rare,,,,,,,,,,,,,,,,,,,,,,,,,,,,,,,,,,,,
1322,0.0033134526176275677,43.17345428466797,rare,,,,,,,,,,,,,,,,,,,,,,,,,,,,,,,,,,,,
1323,0.0,0.0,rare,,,,,,,,,,,,,,,,,,,,,,,,,,,,,,,,,,,,
1324,0.0,0.0,rare,,,,,,,,,,,,,,,,,,,,,,,,,,,,,,,,,,,,
1325,0.0,0.0,rare,,,,,,,,,,,,,,,,,,,,,,,,,,,,,,,,,,,,
1326,0.0,0.0,rare,,,,,,,,,,,,,,,,,,,,,,,,,,,,,,,,,,,,
1327,0.0,0.0,rare,,,,,,,,,,,,,,,,,,,,,,,,,,,,,,,,,,,,
1328,0.0,0.0,rare,,,,,,,,,,,,,,,,,,,,,,,,,,,,,,,,,,,,
1329,0.0,0.0,rare,,,,,,,,,,,,,,,,,,,,,,,,,,,,,,,,,,,,
1330,0.0,0.0,rare,,,,,,,,,,,,,,,,,,,,,,,,,,,,,,,,,,,,
1331,0.0,0.0,rare,,,,,,,,,,,,,,,,,,,,,,,,,,,,,,,,,,,,
1332,0.0,0.0,rare,,,,,,,,,,,,,,,,,,,,,,,,,,,,,,,,,,,,
1333,0.009940357852882704,99.71180725097656,imaging,0.4935952177625961,0.4934612031386225,0.5092707045735476,0.018541409147095234,-0.4365353373959188,-0.026683454472483333,0.7361362363728771,0.07547721640123717,-0.9240198402392046,-0.09509891830882236,-0.43707903953259913,-0.0267600686634524,-0.33683293509456186,-0.034863871151342034,2.2243356590618166,0.15387712579191856,0.7708329817797057,0.0787235995560725,1.95273040567665,0.16555377704309351,-1.2917491257254734,-0.11942356352362095,-1.5273958893250006,-0.13467810780065614,-0.9786942934186006,-0.09136463179428879,0.12812433083461677,0.001976541591111376,-0.9962476672572277,-0.10173464366560221,-0.06646935699044926,-0.00803904618431981,frac_pore,-0.9240198402392046,p1_c0,2.2243356590618166
1334,0.0,0.0,rare,,,,,,,,,,,,,,,,,,,,,,,,,,,,,,,,,,,,
1335,0.0,0.0,rare,,,,,,,,,,,,,,,,,,,,,,,,,,,,,,,,,,,,
1336,0.0,0.0,rare,,,,,,,,,,,,,,,,,,,,,,,,,,,,,,,,,,,,
1337,0.0,0.0,rare,,,,,,,,,,,,,,,,,,,,,,,,,,,,,,,,,,,,
1338,0.0,0.0,rare,,,,,,,,,,,,,,,,,,,,,,,,,,,,,,,,,,,,
1339,0.0026507620941020544,45.30590057373047,rare,,,,,,,,,,,,,,,,,,,,,,,,,,,,,,,,,,,,
1340,0.0,0.0,rare,,,,,,,,,,,,,,,,,,,,,,,,,,,,,,,,,,,,
1341,0.0019880715705765406,31.143646240234375,rare,,,,,,,,,,,,,,,,,,,,,,,,,,,,,,,,,,,,
1342,0.0,0.0,rare,,,,,,,,,,,,,,,,,,,,,,,,,,,,,,,,,,,,
1343,0.0,0.0,rare,,,,,,,,,,,,,,,,,,,,,,,,,,,,,,,,,,,,
1344,0.0,0.0,rare,,,,,,,,,,,,,,,,,,,,,,,,,,,,,,,,,,,,
1345,0.0,0.0,rare,,,,,,,,,,,,,,,,,,,,,,,,,,,,,,,,,,,,
1346,0.008614976805831677,91.38946533203125,mixed,0.49634283144432256,0.5034379861950704,0.5000353169698039,0.007314337111354874,-0.446574431957204,-0.04597636833473684,0.3790292298112622,0.03602129330647544,0.2440312104053624,0.039471546640963175,-0.44711374144687793,-0.04604227981429775,-0.3368328787408075,-0.03115089719541056,-0.4731790349211167,-0.03979869831811618,-0.33234009687005533,-0.03171781171561296,-0.4607824589800452,-0.026230580572336657,0.22686525499199017,-0.0070016307565621255,0.3871772373263226,0.02088860102408731,0.18626674447446076,-0.01110674216226758,0.025960109946243357,0.028876386399662526,-0.07790763859245677,7.372038026583593e-05,-0.08887311156304768,-0.008049615371927206,K01_si_frac_adm,-0.44711374144687793,p1_c0,-0.4731790349211167
1347,0.0,0.0,rare,,,,,,,,,,,,,,,,,,,,,,,,,,,,,,,,,,,,
1348,0.0,0.0,rare,,,,,,,,,,,,,,,,,,,,,,,,,,,,,,,,,,,,
1349,0.0,0.0,rare,,,,,,,,,,,,,,,,,,,,,,,,,,,,,,,,,,,,
1350,0.0,0.0,rare,,,,,,,,,,,,,,,,,,,,,,,,,,,,,,,,,,,,
1351,0.0006626905235255136,17.59725570678711,rare,,,,,,,,,,,,,,,,,,,,,,,,,,,,,,,,,,,,
1352,0.0,0.0,rare,,,,,,,,,,,,,,,,,,,,,,,,,,,,,,,,,,,,
1353,0.0006626905235255136,14.13839054107666,rare,,,,,,,,,,,,,,,,,,,,,,,,,,,,,,,,,,,,
1354,0.0,0.0,rare,,,,,,,,,,,,,,,,,,,,,,,,,,,,,,,,,,,,
1355,0.0,0.0,rare,,,,,,,,,,,,,,,,,,,,,,,,,,,,,,,,,,,,
1356,0.0,0.0,rare,,,,,,,,,,,,,,,,,,,,,,,,,,,,,,,,,,,,
1357,0.01656726308813784,143.79129028320312,imaging,0.49120889948913327,0.4945269186491785,0.5101571605156277,0.0203143210312553,-0.0540606426997358,0.027289532440014756,0.12550530152446976,-0.011415623999108056,-0.1340944710074566,0.010079032870216801,-0.05477169389181226,0.027182633002522882,-0.24293172051548065,-0.02813237513662113,1.1594578001398523,0.10199480517748641,0.05605385510932655,0.017994000270116342,1.2407720673584222,0.09428138018283322,-1.0850291084597086,-0.11402508165697808,-1.0841030343702935,-0.1037192901449385,-1.0007663860006961,-0.10542174382723453,-0.5068026182901478,-0.08053466538512427,-0.6189775262566987,-0.06560488874591766,-0.16478572535157526,-0.02577902229588614,K04_agglom_frac,-0.24293172051548065,p1_c2,1.2407720673584222
1358,0.0,0.0,rare,,,,,,,,,,,,,,,,,,,,,,,,,,,,,,,,,,,,
1359,0.0,0.0,rare,,,,,,,,,,,,,,,,,,,,,,,,,,,,,,,,,,,,
1360,0.0,0.0,rare,,,,,,,,,,,,,,,,,,,,,,,,,,,,,,,,,,,,
1361,0.0,0.0,rare,,,,,,,,,,,,,,,,,,,,,,,,,,,,,,,,,,,,
1362,0.0,0.0,rare,,,,,,,,,,,,,,,,,,,,,,,,,,,,,,,,,,,,
1363,0.0,0.0,rare,,,,,,,,,,,,,,,,,,,,,,,,,,,,,,,,,,,,
1364,0.0,0.0,rare,,,,,,,,,,,,,,,,,,,,,,,,,,,,,,,,,,,,
1365,0.0,0.0,rare,,,,,,,,,,,,,,,,,,,,,,,,,,,,,,,,,,,,
1366,0.0,0.0,rare,,,,,,,,,,,,,,,,,,,,,,,,,,,,,,,,,,,,
1367,0.0,0.0,rare,,,,,,,,,,,,,,,,,,,,,,,,,,,,,,,,,,,,
1368,0.0,0.0,rare,,,,,,,,,,,,,,,,,,,,,,,,,,,,,,,,,,,,
1369,0.01855533465871438,164.25238037109375,imaging,0.4918443246302407,0.5096552621058056,0.49862087232915414,0.01931052421161117,-0.7343126186899779,-0.1352435118238979,0.7491843762541431,0.12261491817599268,-0.04454350757254499,-0.013307695782329638,-0.7347260303909875,-0.1352939588755504,-0.33683287720770105,-0.045165035222829594,-0.5365727161326201,-0.07202029816053185,-0.039278244989580616,-0.006558918023634688,-0.4555875668136817,-0.05698871920352236,0.538906342537709,0.06830710637487422,0.9250353181069454,0.13224016067945352,0.5977112437636559,0.08633066311823394,1.1502817598967578,0.13750827214808778,0.8379257345241211,0.09614283260805509,0.5596506354739313,0.09531113404807116,frac_graphite,0.7491843762541431,sharpness_c0,1.1502817598967578
1370,0.0,0.0,rare,,,,,,,,,,,,,,,,,,,,,,,,,,,,,,,,,,,,
1371,0.0,0.0,rare,,,,,,,,,,,,,,,,,,,,,,,,,,,,,,,,,,,,
1372,0.0,0.0,rare,,,,,,,,,,,,,,,,,,,,,,,,,,,,,,,,,,,,
1373,0.0,0.0,rare,,,,,,,,,,,,,,,,,,,,,,,,,,,,,,,,,,,,
1374,0.0,0.0,rare,,,,,,,,,,,,,,,,,,,,,,,,,,,,,,,,,,,,
1375,0.0,0.0,rare,,,,,,,,,,,,,,,,,,,,,,,,,,,,,,,,,,,,
1376,0.0,0.0,rare,,,,,,,,,,,,,,,,,,,,,,,,,,,,,,,,,,,,
1377,0.0,0.0,rare,,,,,,,,,,,,,,,,,,,,,,,,,,,,,,,,,,,,
1378,0.0,0.0,rare,,,,,,,,,,,,,,,,,,,,,,,,,,,,,,,,,,,,
1379,0.0,0.0,rare,,,,,,,,,,,,,,,,,,,,,,,,,,,,,,,,,,,,
1380,0.0,0.0,rare,,,,,,,,,,,,,,,,,,,,,,,,,,,,,,,,,,,,
1381,0.0,0.0,rare,,,,,,,,,,,,,,,,,,,,,,,,,,,,,,,,,,,,
1382,0.0,0.0,rare,,,,,,,,,,,,,,,,,,,,,,,,,,,,,,,,,,,,
1383,0.0,0.0,rare,,,,,,,,,,,,,,,,,,,,,,,,,,,,,,,,,,,,
1384,0.0,0.0,rare,,,,,,,,,,,,,,,,,,,,,,,,,,,,,,,,,,,,
1385,0.0,0.0,rare,,,,,,,,,,,,,,,,,,,,,,,,,,,,,,,,,,,,
1386,0.0,0.0,rare,,,,,,,,,,,,,,,,,,,,,,,,,,,,,,,,,,,,
1387,0.0,0.0,rare,,,,,,,,,,,,,,,,,,,,,,,,,,,,,,,,,,,,
1388,0.0006626905235255136,1.5695326328277588,rare,,,,,,,,,,,,,,,,,,,,,,,,,,,,,,,,,,,,
1389,0.0,0.0,rare,,,,,,,,,,,,,,,,,,,,,,,,,,,,,,,,,,,,
1390,0.0,0.0,rare,,,,,,,,,,,,,,,,,,,,,,,,,,,,,,,,,,,,
1391,0.0,0.0,rare,,,,,,,,,,,,,,,,,,,,,,,,,,,,,,,,,,,,
1392,0.0026507620941020544,38.13465118408203,rare,,,,,,,,,,,,,,,,,,,,,,,,,,,,,,,,,,,,
1393,0.0,0.0,rare,,,,,,,,,,,,,,,,,,,,,,,,,,,,,,,,,,,,
1394,0.008614976805831677,68.45813751220703,imaging,0.49444918872758326,0.49797694682741916,0.505362881864736,0.01110162254483349,-0.16423889839014305,0.012759343629293146,0.12310554988661433,-0.008673332058091017,0.15501104154043374,0.03193899742638616,-0.16490174182366224,0.012660530740407544,-0.33683287988334726,-0.03243408064992298,0.28213487728409375,0.010104360830946365,0.08064364708965342,0.007521534838693893,0.32799164864975444,0.017625217068646417,-0.29781326097718064,-0.03486486920221915,-0.18740844602236312,-0.0002465127483349157,-0.25875030064476895,-0.032418215417933036,-0.584228457260894,-0.05904810467773381,0.0932715292935202,0.03469272586595144,-0.21899594469140932,-0.024321223956705076,K04_agglom_frac,-0.33683287988334726,sharpness_c0,-0.584228457260894
1395,0.003976143141153081,46.189697265625,rare,,,,,,,,,,,,,,,,,,,,,,,,,,,,,,,,,,,,
1396,0.0,0.0,rare,,,,,,,,,,,,,,,,,,,,,,,,,,,,,,,,,,,,
1397,0.0,0.0,rare,,,,,,,,,,,,,,,,,,,,,,,,,,,,,,,,,,,,
1398,0.0,0.0,rare,,,,,,,,,,,,,,,,,,,,,,,,,,,,,,,,,,,,
1399,0.0,0.0,rare,,,,,,,,,,,,,,,,,,,,,,,,,,,,,,,,,,,,
1400,0.005301524188204109,97.28968811035156,rare,,,,,,,,,,,,,,,,,,,,,,,,,,,,,,,,,,,,
1401,0.0,0.0,rare,,,,,,,,,,,,,,,,,,,,,,,,,,,,,,,,,,,,
1402,0.0,0.0,rare,,,,,,,,,,,,,,,,,,,,,,,,,,,,,,,,,,,,
1403,0.0,0.0,rare,,,,,,,,,,,,,,,,,,,,,,,,,,,,,,,,,,,,
1404,0.0,0.0,rare,,,,,,,,,,,,,,,,,,,,,,,,,,,,,,,,,,,,
1405,0.0,0.0,rare,,,,,,,,,,,,,,,,,,,,,,,,,,,,,,,,,,,,
1406,0.0,0.0,rare,,,,,,,,,,,,,,,,,,,,,,,,,,,,,,,,,,,,
1407,0.0,0.0,rare,,,,,,,,,,,,,,,,,,,,,,,,,,,,,,,,,,,,
1408,0.0,0.0,rare,,,,,,,,,,,,,,,,,,,,,,,,,,,,,,,,,,,,
1409,0.0,0.0,rare,,,,,,,,,,,,,,,,,,,,,,,,,,,,,,,,,,,,
1410,0.00728959575878065,84.57183837890625,imaging,0.49912329016316404,0.5079224207276247,0.4948039908175879,0.015844841455249448,-0.013502350150461117,-0.0122037639375598,0.10321714810447097,0.011238138265745422,-0.11451789433181178,-0.0018265762245408756,-0.014231147359775813,-0.01227527496416226,-0.33683287948527524,-0.025399510963926338,-0.4651614656146627,-0.015601540066392562,-0.10327187495052605,0.009579738792169524,-0.41421537316168444,-0.012927264563870354,0.4176633136020286,0.012128049222092858,0.45729562717638533,0.026687989311926456,0.4587855159811735,0.024148218484596272,0.09320248027648577,0.006273959700665638,0.19418512980775737,0.029170827784633875,0.6919096261987997,0.07563240512244052,K04_agglom_frac,-0.33683287948527524,sharpness_c2,0.6919096261987997
1411,0.0,0.0,rare,,,,,,,,,,,,,,,,,,,,,,,,,,,,,,,,,,,,
1412,0.0,0.0,rare,,,,,,,,,,,,,,,,,,,,,,,,,,,,,,,,,,,,
1413,0.0,0.0,rare,,,,,,,,,,,,,,,,,,,,,,,,,,,,,,,,,,,,
1414,0.0,0.0,rare,,,,,,,,,,,,,,,,,,,,,,,,,,,,,,,,,,,,
1415,0.0,0.0,rare,,,,,,,,,,,,,,,,,,,,,,,,,,,,,,,,,,,,
1416,0.0,0.0,rare,,,,,,,,,,,,,,,,,,,,,,,,,,,,,,,,,,,,
1417,0.0,0.0,rare,,,,,,,,,,,,,,,,,,,,,,,,,,,,,,,,,,,,
1418,0.0,0.0,rare,,,,,,,,,,,,,,,,,,,,,,,,,,,,,,,,,,,,
1419,0.0,0.0,rare,,,,,,,,,,,,,,,,,,,,,,,,,,,,,,,,,,,,
1420,0.0,0.0,rare,,,,,,,,,,,,,,,,,,,,,,,,,,,,,,,,,,,,
1421,0.0,0.0,rare,,,,,,,,,,,,,,,,,,,,,,,,,,,,,,,,,,,,
1422,0.0,0.0,rare,,,,,,,,,,,,,,,,,,,,,,,,,,,,,,,,,,,,
1423,0.0,0.0,rare,,,,,,,,,,,,,,,,,,,,,,,,,,,,,,,,,,,,
1424,0.0,0.0,rare,,,,,,,,,,,,,,,,,,,,,,,,,,,,,,,,,,,,
1425,0.0006626905235255136,19.454498291015625,rare,,,,,,,,,,,,,,,,,,,,,,,,,,,,,,,,,,,,
1426,0.0026507620941020544,40.49394226074219,rare,,,,,,,,,,,,,,,,,,,,,,,,,,,,,,,,,,,,
1427,0.0,0.0,rare,,,,,,,,,,,,,,,,,,,,,,,,,,,,,,,,,,,,
1428,0.0,0.0,rare,,,,,,,,,,,,,,,,,,,,,,,,,,,,,,,,,,,,
1429,0.0,0.0,rare,,,,,,,,,,,,,,,,,,,,,,,,,,,,,,,,,,,,
1430,0.0,0.0,rare,,,,,,,,,,,,,,,,,,,,,,,,,,,,,,,,,,,,
1431,0.0,0.0,rare,,,,,,,,,,,,,,,,,,,,,,,,,,,,,,,,,,,,
1432,0.0,0.0,rare,,,,,,,,,,,,,,,,,,,,,,,,,,,,,,,,,,,,
1433,0.0,0.0,rare,,,,,,,,,,,,,,,,,,,,,,,,,,,,,,,,,,,,
1434,0.00728959575878065,66.7041015625,imaging,0.49530315969257044,0.5006466544962357,0.5028085820236624,0.009393680614859123,-0.15993957032065245,0.008739969250348124,0.33266033300670383,0.01662403537789531,-0.5117592258889674,-0.04254444305153605,-0.16060429487891098,0.008668434466181875,-0.3368329072538718,-0.028417121248368652,0.195860281180962,0.03573469670341348,0.6399495899594839,0.058792601615697666,-0.2918657481177234,-0.0028535292995537564,-0.5960083960911324,-0.027970223524682234,-0.29275062547874503,-0.02322704966851126,-0.9252973149217344,-0.05740349237422165,-0.5430725041396502,-0.05013408159294655,-0.4734462107652824,-0.041765143973714544,-0.9919411144951161,-0.06947917187817415,frac_pore,-0.5117592258889674,sharpness_c2,-0.9919411144951161
1435,0.03777335984095427,306.6011962890625,imaging,0.502086923127454,0.5410174030740775,0.4684672435105067,0.08203480614815506,-0.20334976622828,-0.02324938466702243,0.1527383635600556,0.012478397821855084,0.2751046194279281,0.06664394489857896,-0.203995496991806,-0.023389684063721612,-0.18377165594195152,-0.04228658248249393,-0.6157268922268625,-0.15325365276175276,-0.5137607949340727,-0.0978121491628851,-0.49456079228916977,-0.12891169728351035,0.6183527795437264,0.10454642838912626,0.4076905319692992,0.06175180308494875,0.5910921598571973,0.10676050661035295,0.26681486535729837,0.044606137584309744,0.07089007128962178,0.03758909185286259,0.9273142335363554,0.2019762624031057,frac_pore,0.2751046194279281,sharpness_c2,0.9273142335363554
1436,0.0,0.0,rare,,,,,,,,,,,,,,,,,,,,,,,,,,,,,,,,,,,,
1437,0.0,0.0,rare,,,,,,,,,,,,,,,,,,,,,,,,,,,,,,,,,,,,
1438,0.0,0.0,rare,,,,,,,,,,,,,,,,,,,,,,,,,,,,,,,,,,,,
1439,0.0,0.0,rare,,,,,,,,,,,,,,,,,,,,,,,,,,,,,,,,,,,,
1440,0.0,0.0,rare,,,,,,,,,,,,,,,,,,,,,,,,,,,,,,,,,,,,
1441,0.0,0.0,rare,,,,,,,,,,,,,,,,,,,,,,,,,,,,,,,,,,,,
1442,0.0026507620941020544,49.4805908203125,rare,,,,,,,,,,,,,,,,,,,,,,,,,,,,,,,,,,,,
1443,0.0,0.0,rare,,,,,,,,,,,,,,,,,,,,,,,,,,,,,,,,,,,,
1444,0.0,0.0,rare,,,,,,,,,,,,,,,,,,,,,,,,,,,,,,,,,,,,
1445,0.0,0.0,rare,,,,,,,,,,,,,,,,,,,,,,,,,,,,,,,,,,,,
1446,0.0,0.0,rare,,,,,,,,,,,,,,,,,,,,,,,,,,,,,,,,,,,,
1447,0.0,0.0,rare,,,,,,,,,,,,,,,,,,,,,,,,,,,,,,,,,,,,
1448,0.0,0.0,rare,,,,,,,,,,,,,,,,,,,,,,,,,,,,,,,,,,,,
1449,0.0,0.0,rare,,,,,,,,,,,,,,,,,,,,,,,,,,,,,,,,,,,,
1450,0.0,0.0,rare,,,,,,,,,,,,,,,,,,,,,,,,,,,,,,,,,,,,
1451,0.0,0.0,rare,,,,,,,,,,,,,,,,,,,,,,,,,,,,,,,,,,,,
1452,0.0,0.0,rare,,,,,,,,,,,,,,,,,,,,,,,,,,,,,,,,,,,,
1453,0.0,0.0,rare,,,,,,,,,,,,,,,,,,,,,,,,,,,,,,,,,,,,
1454,0.0006626905235255136,14.871015548706055,rare,,,,,,,,,,,,,,,,,,,,,,,,,,,,,,,,,,,,
1455,0.0,0.0,rare,,,,,,,,,,,,,,,,,,,,,,,,,,,,,,,,,,,,
1456,0.0,0.0,rare,,,,,,,,,,,,,,,,,,,,,,,,,,,,,,,,,,,,
1457,0.0,0.0,rare,,,,,,,,,,,,,,,,,,,,,,,,,,,,,,,,,,,,
1458,0.0,0.0,rare,,,,,,,,,,,,,,,,,,,,,,,,,,,,,,,,,,,,
1459,0.0,0.0,rare,,,,,,,,,,,,,,,,,,,,,,,,,,,,,,,,,,,,
1460,0.0,0.0,rare,,,,,,,,,,,,,,,,,,,,,,,,,,,,,,,,,,,,
1461,0.0,0.0,rare,,,,,,,,,,,,,,,,,,,,,,,,,,,,,,,,,,,,
1462,0.0,0.0,rare,,,,,,,,,,,,,,,,,,,,,,,,,,,,,,,,,,,,
1463,0.0,0.0,rare,,,,,,,,,,,,,,,,,,,,,,,,,,,,,,,,,,,,
1464,0.0,0.0,rare,,,,,,,,,,,,,,,,,,,,,,,,,,,,,,,,,,,,
1465,0.0013253810470510272,15.956427574157715,rare,,,,,,,,,,,,,,,,,,,,,,,,,,,,,,,,,,,,
1466,0.005964214711729622,69.45000457763672,rare,,,,,,,,,,,,,,,,,,,,,,,,,,,,,,,,,,,,
1467,0.0,0.0,rare,,,,,,,,,,,,,,,,,,,,,,,,,,,,,,,,,,,,
1468,0.0,0.0,rare,,,,,,,,,,,,,,,,,,,,,,,,,,,,,,,,,,,,
1469,0.0,0.0,rare,,,,,,,,,,,,,,,,,,,,,,,,,,,,,,,,,,,,
1470,0.0019880715705765406,26.138851165771484,rare,,,,,,,,,,,,,,,,,,,,,,,,,,,,,,,,,,,,
1471,0.0,0.0,rare,,,,,,,,,,,,,,,,,,,,,,,,,,,,,,,,,,,,
1472,0.0,0.0,rare,,,,,,,,,,,,,,,,,,,,,,,,,,,,,,,,,,,,
1473,0.0,0.0,rare,,,,,,,,,,,,,,,,,,,,,,,,,,,,,,,,,,,,
1474,0.0,0.0,rare,,,,,,,,,,,,,,,,,,,,,,,,,,,,,,,,,,,,
1475,0.0,0.0,rare,,,,,,,,,,,,,,,,,,,,,,,,,,,,,,,,,,,,
1476,0.0,0.0,rare,,,,,,,,,,,,,,,,,,,,,,,,,,,,,,,,,,,,
1477,0.0,0.0,rare,,,,,,,,,,,,,,,,,,,,,,,,,,,,,,,,,,,,
1478,0.0,0.0,rare,,,,,,,,,,,,,,,,,,,,,,,,,,,,,,,,,,,,
1479,0.0,0.0,rare,,,,,,,,,,,,,,,,,,,,,,,,,,,,,,,,,,,,
1480,0.0,0.0,rare,,,,,,,,,,,,,,,,,,,,,,,,,,,,,,,,,,,,
1481,0.0,0.0,rare,,,,,,,,,,,,,,,,,,,,,,,,,,,,,,,,,,,,
1482,0.0,0.0,rare,,,,,,,,,,,,,,,,,,,,,,,,,,,,,,,,,,,,
1483,0.0,0.0,rare,,,,,,,,,,,,,,,,,,,,,,,,,,,,,,,,,,,,
1484,0.0,0.0,rare,,,,,,,,,,,,,,,,,,,,,,,,,,,,,,,,,,,,
1485,0.0,0.0,rare,,,,,,,,,,,,,,,,,,,,,,,,,,,,,,,,,,,,
1486,0.0,0.0,rare,,,,,,,,,,,,,,,,,,,,,,,,,,,,,,,,,,,,
1487,0.0,0.0,rare,,,,,,,,,,,,,,,,,,,,,,,,,,,,,,,,,,,,
1488,0.0,0.0,rare,,,,,,,,,,,,,,,,,,,,,,,,,,,,,,,,,,,,
1489,0.0,0.0,rare,,,,,,,,,,,,,,,,,,,,,,,,,,,,,,,,,,,,
1490,0.0019880715705765406,28.689931869506836,rare,,,,,,,,,,,,,,,,,,,,,,,,,,,,,,,,,,,,
1491,0.0,0.0,rare,,,,,,,,,,,,,,,,,,,,,,,,,,,,,,,,,,,,
1492,0.0,0.0,rare,,,,,,,,,,,,,,,,,,,,,,,,,,,,,,,,,,,,
1493,0.0,0.0,rare,,,,,,,,,,,,,,,,,,,,,,,,,,,,,,,,,,,,
1494,0.0,0.0,rare,,,,,,,,,,,,,,,,,,,,,,,,,,,,,,,,,,,,
1495,0.0,0.0,rare,,,,,,,,,,,,,,,,,,,,,,,,,,,,,,,,,,,,
1496,0.0,0.0,rare,,,,,,,,,,,,,,,,,,,,,,,,,,,,,,,,,,,,
1497,0.0,0.0,rare,,,,,,,,,,,,,,,,,,,,,,,,,,,,,,,,,,,,
1498,0.0,0.0,rare,,,,,,,,,,,,,,,,,,,,,,,,,,,,,,,,,,,,
1499,0.0,0.0,rare,,,,,,,,,,,,,,,,,,,,,,,,,,,,,,,,,,,,
1500,0.0,0.0,rare,,,,,,,,,,,,,,,,,,,,,,,,,,,,,,,,,,,,
1501,0.0,0.0,rare,,,,,,,,,,,,,,,,,,,,,,,,,,,,,,,,,,,,
1502,0.0,0.0,rare,,,,,,,,,,,,,,,,,,,,,,,,,,,,,,,,,,,,
1503,0.0006626905235255136,15.926006317138672,rare,,,,,,,,,,,,,,,,,,,,,,,,,,,,,,,,,,,,
1504,0.0,0.0,rare,,,,,,,,,,,,,,,,,,,,,,,,,,,,,,,,,,,,
1505,0.0,0.0,rare,,,,,,,,,,,,,,,,,,,,,,,,,,,,,,,,,,,,
1506,0.0,0.0,rare,,,,,,,,,,,,,,,,,,,,,,,,,,,,,,,,,,,,
1507,0.0,0.0,rare,,,,,,,,,,,,,,,,,,,,,,,,,,,,,,,,,,,,
1508,0.0006626905235255136,8.409457206726074,rare,,,,,,,,,,,,,,,,,,,,,,,,,,,,,,,,,,,,
1509,0.0,0.0,rare,,,,,,,,,,,,,,,,,,,,,,,,,,,,,,,,,,,,
1510,0.0,0.0,rare,,,,,,,,,,,,,,,,,,,,,,,,,,,,,,,,,,,,
1511,0.0,0.0,rare,,,,,,,,,,,,,,,,,,,,,,,,,,,,,,,,,,,,
1512,0.0,0.0,rare,,,,,,,,,,,,,,,,,,,,,,,,,,,,,,,,,,,,
1513,0.0,0.0,rare,,,,,,,,,,,,,,,,,,,,,,,,,,,,,,,,,,,,
1514,0.0,0.0,rare,,,,,,,,,,,,,,,,,,,,,,,,,,,,,,,,,,,,
1515,0.0,0.0,rare,,,,,,,,,,,,,,,,,,,,,,,,,,,,,,,,,,,,
1516,0.0,0.0,rare,,,,,,,,,,,,,,,,,,,,,,,,,,,,,,,,,,,,
1517,0.0,0.0,rare,,,,,,,,,,,,,,,,,,,,,,,,,,,,,,,,,,,,
1518,0.0013253810470510272,22.818246841430664,rare,,,,,,,,,,,,,,,,,,,,,,,,,,,,,,,,,,,,
1519,0.0,0.0,rare,,,,,,,,,,,,,,,,,,,,,,,,,,,,,,,,,,,,
1520,0.005964214711729622,65.52938079833984,rare,,,,,,,,,,,,,,,,,,,,,,,,,,,,,,,,,,,,
1521,0.0,0.0,rare,,,,,,,,,,,,,,,,,,,,,,,,,,,,,,,,,,,,
1522,0.0,0.0,rare,,,,,,,,,,,,,,,,,,,,,,,,,,,,,,,,,,,,
1523,0.0,0.0,rare,,,,,,,,,,,,,,,,,,,,,,,,,,,,,,,,,,,,
1524,0.0,0.0,rare,,,,,,,,,,,,,,,,,,,,,,,,,,,,,,,,,,,,
1525,0.0,0.0,rare,,,,,,,,,,,,,,,,,,,,,,,,,,,,,,,,,,,,
1526,0.0,0.0,rare,,,,,,,,,,,,,,,,,,,,,,,,,,,,,,,,,,,,
1527,0.0,0.0,rare,,,,,,,,,,,,,,,,,,,,,,,,,,,,,,,,,,,,
1528,0.0,0.0,rare,,,,,,,,,,,,,,,,,,,,,,,,,,,,,,,,,,,,
1529,0.0,0.0,rare,,,,,,,,,,,,,,,,,,,,,,,,,,,,,,,,,,,,
1530,0.0,0.0,rare,,,,,,,,,,,,,,,,,,,,,,,,,,,,,,,,,,,,
1531,0.0,0.0,rare,,,,,,,,,,,,,,,,,,,,,,,,,,,,,,,,,,,,
1532,0.0,0.0,rare,,,,,,,,,,,,,,,,,,,,,,,,,,,,,,,,,,,,
1533,0.0,0.0,rare,,,,,,,,,,,,,,,,,,,,,,,,,,,,,,,,,,,,
1534,0.0,0.0,rare,,,,,,,,,,,,,,,,,,,,,,,,,,,,,,,,,,,,
1535,0.0,0.0,rare,,,,,,,,,,,,,,,,,,,,,,,,,,,,,,,,,,,,
1536,0.0,0.0,rare,,,,,,,,,,,,,,,,,,,,,,,,,,,,,,,,,,,,
1537,0.0,0.0,rare,,,,,,,,,,,,,,,,,,,,,,,,,,,,,,,,,,,,
1538,0.0,0.0,rare,,,,,,,,,,,,,,,,,,,,,,,,,,,,,,,,,,,,
1539,0.0033134526176275677,36.74481964111328,rare,,,,,,,,,,,,,,,,,,,,,,,,,,,,,,,,,,,,
1540,0.0,0.0,rare,,,,,,,,,,,,,,,,,,,,,,,,,,,,,,,,,,,,
1541,0.0,0.0,rare,,,,,,,,,,,,,,,,,,,,,,,,,,,,,,,,,,,,
1542,0.0,0.0,rare,,,,,,,,,,,,,,,,,,,,,,,,,,,,,,,,,,,,
1543,0.0,0.0,rare,,,,,,,,,,,,,,,,,,,,,,,,,,,,,,,,,,,,
1544,0.0,0.0,rare,,,,,,,,,,,,,,,,,,,,,,,,,,,,,,,,,,,,
1545,0.009940357852882704,107.57589721679688,material,0.5050606622570099,0.5007128854036714,0.49594031432103125,0.010121324514019703,0.46713436563641675,0.03940765643557992,-0.602590191330617,-0.04932079355311021,-0.04416409648212628,-0.009656125723646604,0.4790366578628329,0.040119328528701675,0.39709919466033294,0.03309603479663664,-0.37154045921978845,-0.017041049334374152,-0.45345310646192377,-0.029651316438225217,-0.46970367258253826,-0.041324824045662824,0.35953302543814886,0.042256158755188934,0.22687083594742802,0.02510917441223976,0.26476219415076285,0.026871925421329445,0.23185739833103275,0.02617167437912245,-0.10214111833988748,0.004506481495995701,-0.07820844270768941,0.005531737310244608,frac_graphite,-0.602590191330617,p1_c2,-0.46970367258253826
1546,0.0,0.0,rare,,,,,,,,,,,,,,,,,,,,,,,,,,,,,,,,,,,,
1547,0.0,0.0,rare,,,,,,,,,,,,,,,,,,,,,,,,,,,,,,,,,,,,
1548,0.0,0.0,rare,,,,,,,,,,,,,,,,,,,,,,,,,,,,,,,,,,,,
1549,0.0,0.0,rare,,,,,,,,,,,,,,,,,,,,,,,,,,,,,,,,,,,,
1550,0.0,0.0,rare,,,,,,,,,,,,,,,,,,,,,,,,,,,,,,,,,,,,
1551,0.0,0.0,rare,,,,,,,,,,,,,,,,,,,,,,,,,,,,,,,,,,,,
1552,0.007952286282306162,85.84386444091797,imaging,0.5101617491750843,0.49838637425520343,0.4940808758608512,0.020323498350168556,0.19507406937677294,0.020890575632957414,-0.18596360726294878,-0.01506884445015387,-0.08864013328785735,-0.0190520774132967,0.19425401101347303,0.0208562741386187,-0.020604307614719708,-0.005257977134516505,-0.5172676251474795,-0.04502475818746811,-0.3166906549100667,-0.028102852831774654,-0.45779615374536003,-0.029721407094050318,0.7942493018145103,0.07167894302493691,0.9376338895786434,0.08304417107463297,0.7070962142824946,0.06456134851582042,-0.1645334630047352,-0.006035550653854206,0.6903650534829113,0.06803323673350162,0.7023609613333122,0.07526794324999099,frac_si,0.19507406937677294,noise_sigma_c1,0.9376338895786434
1553,0.0,0.0,rare,,,,,,,,,,,,,,,,,,,,,,,,,,,,,,,,,,,,
1554,0.0,0.0,rare,,,,,,,,,,,,,,,,,,,,,,,,,,,,,,,,,,,,
1555,0.0,0.0,rare,,,,,,,,,,,,,,,,,,,,,,,,,,,,,,,,,,,,
1556,0.011928429423459244,120.19979858398438,material,0.494219273467779,0.4975988285558772,0.5058008122903055,0.01160162458061098,-0.29326868288588087,-0.035763732147591654,-0.05958591020364333,-0.01870519187875964,1.1586220010336672,0.08078438377109906,-0.2938750703030827,-0.035791869271950466,-0.18300129587770736,-0.015711923526190563,0.870221888775608,0.03302196329589233,-0.17994298822110955,-0.016560733253586014,0.9946828547559128,0.05357902355263813,-1.102521164203886,-0.10160685477855097,-1.0803894683148787,-0.09003836951145923,-1.1111393479514764,-0.10605113335915203,-0.10854981183672124,-0.02376460834251778,-0.8125345556022215,-0.08371721275839228,-0.43013280395724107,-0.06930668546365529,frac_pore,1.1586220010336672,noise_sigma_c2,-1.1111393479514764
1557,0.0,0.0,rare,,,,,,,,,,,,,,,,,,,,,,,,,,,,,,,,,,,,
1558,0.0,0.0,rare,,,,,,,,,,,,,,,,,,,,,,,,,,,,,,,,,,,,
1559,0.0,0.0,rare,,,,,,,,,,,,,,,,,,,,,,,,,,,,,,,,,,,,
1560,0.0,0.0,rare,,,,,,,,,,,,,,,,,,,,,,,,,,,,,,,,,,,,
1561,0.0,0.0,rare,,,,,,,,,,,,,,,,,,,,,,,,,,,,,,,,,,,,
1562,0.015241882041086813,126.05740356445312,material,0.5207429042087125,0.49359125655685987,0.49020130672788276,0.041485808417424996,0.4149914083139079,0.0590696995445385,-0.7804513580671733,-0.09002971753117316,0.7890429043601936,0.07024541059428721,0.41407512672035535,0.05897008219756571,0.10423678487762167,-0.007031349030614834,-0.5536051290860887,-0.07987131984939158,-0.7035928261851466,-0.08227897737482714,-0.47558707570234426,-0.07153316835482854,0.6650488016973332,0.07501448824660023,0.4692288420424967,0.04405991296922555,0.5901530715470512,0.06268308412936324,0.36436020669620517,0.056348183104805424,0.4146012672509872,0.06126923466790463,-0.2527402683442051,-0.033463122652097305,frac_pore,0.7890429043601936,p1_c1,-0.7035928261851466
1563,0.0,0.0,rare,,,,,,,,,,,,,,,,,,,,,,,,,,,,,,,,,,,,
1564,0.0,0.0,rare,,,,,,,,,,,,,,,,,,,,,,,,,,,,,,,,,,,,
1565,0.0,0.0,rare,,,,,,,,,,,,,,,,,,,,,,,,,,,,,,,,,,,,
1566,0.0,0.0,rare,,,,,,,,,,,,,,,,,,,,,,,,,,,,,,,,,,,,
1567,0.0,0.0,rare,,,,,,,,,,,,,,,,,,,,,,,,,,,,,,,,,,,,
1568,0.0,0.0,rare,,,,,,,,,,,,,,,,,,,,,,,,,,,,,,,,,,,,
1569,0.0,0.0,rare,,,,,,,,,,,,,,,,,,,,,,,,,,,,,,,,,,,,
1570,0.0,0.0,rare,,,,,,,,,,,,,,,,,,,,,,,,,,,,,,,,,,,,
1571,0.0,0.0,rare,,,,,,,,,,,,,,,,,,,,,,,,,,,,,,,,,,,,
1572,0.0,0.0,rare,,,,,,,,,,,,,,,,,,,,,,,,,,,,,,,,,,,,
1573,0.0019880715705765406,28.657581329345703,rare,,,,,,,,,,,,,,,,,,,,,,,,,,,,,,,,,,,,
1574,0.0,0.0,rare,,,,,,,,,,,,,,,,,,,,,,,,,,,,,,,,,,,,
1575,0.0,0.0,rare,,,,,,,,,,,,,,,,,,,,,,,,,,,,,,,,,,,,
1576,0.0,0.0,rare,,,,,,,,,,,,,,,,,,,,,,,,,,,,,,,,,,,,
1577,0.0,0.0,rare,,,,,,,,,,,,,,,,,,,,,,,,,,,,,,,,,,,,
1578,0.0,0.0,rare,,,,,,,,,,,,,,,,,,,,,,,,,,,,,,,,,,,,
1579,0.0,0.0,rare,,,,,,,,,,,,,,,,,,,,,,,,,,,,,,,,,,,,
1580,0.0,0.0,rare,,,,,,,,,,,,,,,,,,,,,,,,,,,,,,,,,,,,
1581,0.0,0.0,rare,,,,,,,,,,,,,,,,,,,,,,,,,,,,,,,,,,,,
1582,0.0,0.0,rare,,,,,,,,,,,,,,,,,,,,,,,,,,,,,,,,,,,,
1583,0.0,0.0,rare,,,,,,,,,,,,,,,,,,,,,,,,,,,,,,,,,,,,
1584,0.0,0.0,rare,,,,,,,,,,,,,,,,,,,,,,,,,,,,,,,,,,,,
1585,0.0,0.0,rare,,,,,,,,,,,,,,,,,,,,,,,,,,,,,,,,,,,,
1586,0.0,0.0,rare,,,,,,,,,,,,,,,,,,,,,,,,,,,,,,,,,,,,
1587,0.0,0.0,rare,,,,,,,,,,,,,,,,,,,,,,,,,,,,,,,,,,,,
1588,0.00728959575878065,85.13446044921875,material,0.4991131839978979,0.5024878737229477,0.49879569132968393,0.004975747445895351,-0.4502677004950589,-0.03811621206027991,0.592809941534503,0.04330704317155194,-0.40057263363926754,-0.010115551115662133,-0.45080539405903164,-0.03815181342214616,-0.3368328805129212,-0.028417121248368652,-0.17463284701179393,-0.007346885730183089,0.26711994084626295,-0.002897059431162827,-0.27114801519557596,-0.010545001583519191,0.04486812019868111,-0.024544836972337246,0.09272418837858126,-0.011606864554634897,0.09640605742653476,-0.021278313476848488,0.25552285075275216,0.01174225073681858,0.2187353598929413,0.013780379257981654,0.38419374558865477,0.03473410483708603,frac_graphite,0.592809941534503,sharpness_c2,0.38419374558865477
1589,0.0006626905235255136,12.905895233154297,rare,,,,,,,,,,,,,,,,,,,,,,,,,,,,,,,,,,,,
1590,0.0006626905235255136,16.196792602539062,rare,,,,,,,,,,,,,,,,,,,,,,,,,,,,,,,,,,,,
1591,0.0,0.0,rare,,,,,,,,,,,,,,,,,,,,,,,,,,,,,,,,,,,,
1592,0.0,0.0,rare,,,,,,,,,,,,,,,,,,,,,,,,,,,,,,,,,,,,
1593,0.0,0.0,rare,,,,,,,,,,,,,,,,,,,,,,,,,,,,,,,,,,,,
1594,0.007952286282306162,86.73158264160156,imaging,0.49487617421007685,0.49476896251089797,0.507416563658838,0.014833127317676054,-0.28090575513696625,-0.022185313099746178,0.2659616126262041,0.03599086384428421,-0.2776018033721441,-0.03422809391459949,-0.2778691514710197,-0.021779904531095413,-0.336832911253355,-0.03115089719541056,0.08298109863833475,0.054994364256113315,0.4042355943347697,0.053394634318452636,0.020588334245697996,0.036443843401541436,-0.9179437401380147,-0.08382307197050977,-0.8907478012677134,-0.09049755186324282,-0.8396156109741797,-0.07817955951602622,-0.5077348067676446,-0.04364859238381232,-1.0064820072264136,-0.09861042865036239,-0.5020359597920249,-0.05148272927812931,K04_agglom_frac,-0.336832911253355,sharpness_c1,-1.0064820072264136
1595,0.0,0.0,rare,,,,,,,,,,,,,,,,,,,,,,,,,,,,,,,,,,,,
1596,0.0,0.0,rare,,,,,,,,,,,,,,,,,,,,,,,,,,,,,,,,,,,,
1597,0.0,0.0,rare,,,,,,,,,,,,,,,,,,,,,,,,,,,,,,,,,,,,
1598,0.0,0.0,rare,,,,,,,,,,,,,,,,,,,,,,,,,,,,,,,,,,,,
1599,0.0,0.0,rare,,,,,,,,,,,,,,,,,,,,,,,,,,,,,,,,,,,,
1600,0.0,0.0,rare,,,,,,,,,,,,,,,,,,,,,,,,,,,,,,,,,,,,
1601,0.0,0.0,rare,,,,,,,,,,,,,,,,,,,,,,,,,,,,,,,,,,,,
1602,0.0,0.0,rare,,,,,,,,,,,,,,,,,,,,,,,,,,,,,,,,,,,,
1603,0.0,0.0,rare,,,,,,,,,,,,,,,,,,,,,,,,,,,,,,,,,,,,
1604,0.0,0.0,rare,,,,,,,,,,,,,,,,,,,,,,,,,,,,,,,,,,,,
1605,0.00927766732935719,90.45767211914062,material,0.49780696213725184,0.4993473245121793,0.5020113014303373,0.004386075725496319,1.8850674912350716,0.09879595253601411,-2.135155248502088,-0.1260387681871162,1.0036561722488362,0.08850543294232467,1.8893611943964017,0.09907949430477632,1.3750574562132862,0.12148549972245203,-0.39886554309141603,-0.03960932612762433,-0.13409502383369806,-0.04262420804852024,-0.4543514491502587,-0.05750626972383853,-0.21454203581502843,0.0012709203441848317,-0.139630079401928,-0.0016443183886686197,-0.4575985186873419,-0.018783530533139064,-0.7611092703964828,-0.05415506156473319,-0.4469719187804713,-0.0257365365283977,-0.8838788530358439,-0.07464560266192323,frac_graphite,-2.135155248502088,sharpness_c2,-0.8838788530358439
1606,0.0,0.0,rare,,,,,,,,,,,,,,,,,,,,,,,,,,,,,,,,,,,,
1607,0.0,0.0,rare,,,,,,,,,,,,,,,,,,,,,,,,,,,,,,,,,,,,
1608,0.027833001988071572,223.85287475585938,imaging,0.482066609735269,0.4834759906939554,0.5246494790746954,0.04929895814939078,0.20343696484460344,0.0948527594484753,-0.07615035383402795,-0.06305401498931575,-0.35329969545208706,-0.043016638426356536,0.2026132473797437,0.09460294060999962,-0.20030594955664546,-0.03188063258671117,1.4820475695784414,0.18712627119272845,0.26722074303908677,0.05200426106633976,1.572350785331865,0.21419267734048253,-1.0610586557705288,-0.15818541429767494,-1.1209088393957156,-0.15574734973700685,-0.7437017551152756,-0.10102408499832731,-0.7269166874583851,-0.15167941112069583,-0.45996805397563933,-0.07722438226819996,-0.06551293084495353,-0.020828359972704068,frac_pore,-0.35329969545208706,p1_c2,1.572350785331865
1609,0.0,0.0,rare,,,,,,,,,,,,,,,,,,,,,,,,,,,,,,,,,,,,
1610,0.0,0.0,rare,,,,,,,,,,,,,,,,,,,,,,,,,,,,,,,,,,,,
1611,0.0,0.0,rare,,,,,,,,,,,,,,,,,,,,,,,,,,,,,,,,,,,,
1612,0.00728959575878065,81.09961700439453,imaging,0.49530315969257044,0.49882951923586394,0.5041409147095179,0.009393680614859123,-0.4715656230346368,-0.04556852005028577,0.5136128202413716,0.036096650029093416,-0.06443430712201093,0.01680431638963997,-0.4720939978609282,-0.04558649843205954,-0.33683286474789875,-0.026949546314957697,-0.34881539272186496,-0.02055910643436122,0.24932470227243497,0.009763852681165523,-0.32816962052576226,-0.009186151477867655,0.1031491782004473,-0.025759306964453166,0.5304907692444993,0.03710348153561396,0.30256063842381103,0.0015444264060028978,0.017478916955651697,0.013535548801247356,0.7598485269104455,0.06151395149303433,-0.03350168963462763,-0.012339163484037376,frac_graphite,0.5136128202413716,sharpness_c1,0.7598485269104455
1613,0.0,0.0,rare,,,,,,,,,,,,,,,,,,,,,,,,,,,,,,,,,,,,
1614,0.0,0.0,rare,,,,,,,,,,,,,,,,,,,,,,,,,,,,,,,,,,,,
1615,0.0,0.0,rare,,,,,,,,,,,,,,,,,,,,,,,,,,,,,,,,,,,,
1616,0.0,0.0,rare,,,,,,,,,,,,,,,,,,,,,,,,,,,,,,,,,,,,
1617,0.0,0.0,rare,,,,,,,,,,,,,,,,,,,,,,,,,,,,,,,,,,,,
1618,0.007952286282306162,72.49079132080078,imaging,0.5024987493620483,0.503872701787512,0.4954140914709517,0.009171817058096554,0.7423352401409885,0.07516614549363093,-0.6088091627819375,-0.06012933388628748,-0.25447442753635857,-0.011183592607508971,0.7412757314638639,0.0750118909736405,0.18173285002986653,0.02325054052033484,-0.6118651108164228,-0.07153087658874292,-0.9095562205403154,-0.07888121106247116,-0.47461266964097754,-0.051363515108082944,1.026629613541774,0.10410250584077888,1.0672880230793111,0.10637289994963274,1.1186012695461902,0.10939715627984961,-0.41371458305377606,-0.02466454196987466,0.5429846449473348,0.06010920571299372,0.7442843527162806,0.0712113119018674,frac_si,0.7423352401409885,noise_sigma_c2,1.1186012695461902
1619,0.0,0.0,rare,,,,,,,,,,,,,,,,,,,,,,,,,,,,,,,,,,,,
1620,0.0,0.0,rare,,,,,,,,,,,,,,,,,,,,,,,,,,,,,,,,,,,,
1621,0.0,0.0,rare,,,,,,,,,,,,,,,,,,,,,,,,,,,,,,,,,,,,
1622,0.0,0.0,rare,,,,,,,,,,,,,,,,,,,,,,,,,,,,,,,,,,,,
1623,0.0,0.0,rare,,,,,,,,,,,,,,,,,,,,,,,,,,,,,,,,,,,,
1624,0.0,0.0,rare,,,,,,,,,,,,,,,,,,,,,,,,,,,,,,,,,,,,
1625,0.0,0.0,rare,,,,,,,,,,,,,,,,,,,,,,,,,,,,,,,,,,,,
1626,0.0033134526176275677,43.393218994140625,rare,,,,,,,,,,,,,,,,,,,,,,,,,,,,,,,,,,,,
1627,0.0,0.0,rare,,,,,,,,,,,,,,,,,,,,,,,,,,,,,,,,,,,,
1628,0.0,0.0,rare,,,,,,,,,,,,,,,,,,,,,,,,,,,,,,,,,,,,
1629,0.0,0.0,rare,,,,,,,,,,,,,,,,,,,,,,,,,,,,,,,,,,,,
1630,0.0,0.0,rare,,,,,,,,,,,,,,,,,,,,,,,,,,,,,,,,,,,,
1631,0.0,0.0,rare,,,,,,,,,,,,,,,,,,,,,,,,,,,,,,,,,,,,
1632,0.0,0.0,rare,,,,,,,,,,,,,,,,,,,,,,,,,,,,,,,,,,,,
1633,0.007952286282306162,84.48934936523438,imaging,0.4967710801974744,0.5093277201635783,0.4954176231679321,0.018655440327156603,-0.7472173134213328,-0.09648050622021694,0.6361188509729955,0.06433690139458123,0.3202644912922188,0.049172371925909224,-0.747625078710542,-0.0965148074071162,-0.3368329020354392,-0.026949546314957697,-0.6170012933463703,-0.06638047001047484,-0.1307050481992221,-0.00560555564447793,-0.48273407391638584,-0.04346676737903265,0.45700775198810756,0.01668691499627496,0.5196519251331349,0.042525733025754846,0.2551905923985768,-0.00974095929479954,0.8742937088555768,0.08519486534321376,0.3908123067399554,0.03488500470596984,0.49174680000678556,0.023385548318902764,K01_si_frac_adm,-0.747625078710542,sharpness_c0,0.8742937088555768
1634,0.0,0.0,rare,,,,,,,,,,,,,,,,,,,,,,,,,,,,,,,,,,,,
1635,0.0,0.0,rare,,,,,,,,,,,,,,,,,,,,,,,,,,,,,,,,,,,,
1636,0.0033134526176275677,46.05852508544922,rare,,,,,,,,,,,,,,,,,,,,,,,,,,,,,,,,,,,,
1637,0.0,0.0,rare,,,,,,,,,,,,,,,,,,,,,,,,,,,,,,,,,,,,
1638,0.0,0.0,rare,,,,,,,,,,,,,,,,,,,,,,,,,,,,,,,,,,,,
1639,0.0,0.0,rare,,,,,,,,,,,,,,,,,,,,,,,,,,,,,,,,,,,,
1640,0.0,0.0,rare,,,,,,,,,,,,,,,,,,,,,,,,,,,,,,,,,,,,
1641,0.0,0.0,rare,,,,,,,,,,,,,,,,,,,,,,,,,,,,,,,,,,,,
1642,0.0006626905235255136,12.939774513244629,rare,,,,,,,,,,,,,,,,,,,,,,,,,,,,,,,,,,,,
1643,0.0,0.0,rare,,,,,,,,,,,,,,,,,,,,,,,,,,,,,,,,,,,,
1644,0.0,0.0,rare,,,,,,,,,,,,,,,,,,,,,,,,,,,,,,,,,,,,
1645,0.0,0.0,rare,,,,,,,,,,,,,,,,,,,,,,,,,,,,,,,,,,,,
1646,0.0,0.0,rare,,,,,,,,,,,,,,,,,,,,,,,,,,,,,,,,,,,,
1647,0.0,0.0,rare,,,,,,,,,,,,,,,,,,,,,,,,,,,,,,,,,,,,
1648,0.0,0.0,rare,,,,,,,,,,,,,,,,,,,,,,,,,,,,,,,,,,,,
1649,0.0,0.0,rare,,,,,,,,,,,,,,,,,,,,,,,,,,,,,,,,,,,,
1650,0.0,0.0,rare,,,,,,,,,,,,,,,,,,,,,,,,,,,,,,,,,,,,
1651,0.019218025182239893,145.75738525390625,imaging,0.5124470057958859,0.5054477931861643,0.48730619812820064,0.02538760374359872,-0.26832260796712387,-0.030320665053998525,0.48206724819575597,0.06397470598427756,-0.6639870519967427,-0.0619836552978601,-0.26893991030881453,-0.030448016355306928,-0.3368328799971815,-0.04696941131118338,0.01025256229652451,-0.0222081232475208,0.16365734445159197,0.006043021312331507,-0.07494576346852717,0.0005140251277407807,0.47350314140928595,0.08548950125181375,0.5662824269849651,0.10629730993111261,0.438867135191899,0.08657408248978608,0.2747257712672357,0.056470149898736034,0.8898053756880707,0.10802129998173948,0.2921003891083333,0.07810266015838638,frac_pore,-0.6639870519967427,sharpness_c1,0.8898053756880707
1652,0.0,0.0,rare,,,,,,,,,,,,,,,,,,,,,,,,,,,,,,,,,,,,
1653,0.0,0.0,rare,,,,,,,,,,,,,,,,,,,,,,,,,,,,,,,,,,,,
1654,0.0,0.0,rare,,,,,,,,,,,,,,,,,,,,,,,,,,,,,,,,,,,,
1655,0.0,0.0,rare,,,,,,,,,,,,,,,,,,,,,,,,,,,,,,,,,,,,
1656,0.0,0.0,rare,,,,,,,,,,,,,,,,,,,,,,,,,,,,,,,,,,,,
1657,0.0,0.0,rare,,,,,,,,,,,,,,,,,,,,,,,,,,,,,,,,,,,,
1658,0.0,0.0,rare,,,,,,,,,,,,,,,,,,,,,,,,,,,,,,,,,,,,
1659,0.0,0.0,rare,,,,,,,,,,,,,,,,,,,,,,,,,,,,,,,,,,,,
1660,0.0,0.0,rare,,,,,,,,,,,,,,,,,,,,,,,,,,,,,,,,,,,,
1661,0.0,0.0,rare,,,,,,,,,,,,,,,,,,,,,,,,,,,,,,,,,,,,
1662,0.0026507620941020544,37.0872688293457,rare,,,,,,,,,,,,,,,,,,,,,,,,,,,,,,,,,,,,
1663,0.0,0.0,rare,,,,,,,,,,,,,,,,,,,,,,,,,,,,,,,,,,,,
1664,0.0,0.0,rare,,,,,,,,,,,,,,,,,,,,,,,,,,,,,,,,,,,,
1665,0.0,0.0,rare,,,,,,,,,,,,,,,,,,,,,,,,,,,,,,,,,,,,
1666,0.0,0.0,rare,,,,,,,,,,,,,,,,,,,,,,,,,,,,,,,,,,,,
1667,0.0,0.0,rare,,,,,,,,,,,,,,,,,,,,,,,,,,,,,,,,,,,,
1668,0.0,0.0,rare,,,,,,,,,,,,,,,,,,,,,,,,,,,,,,,,,,,,
1669,0.0,0.0,rare,,,,,,,,,,,,,,,,,,,,,,,,,,,,,,,,,,,,
1670,0.0,0.0,rare,,,,,,,,,,,,,,,,,,,,,,,,,,,,,,,,,,,,
1671,0.0,0.0,rare,,,,,,,,,,,,,,,,,,,,,,,,,,,,,,,,,,,,
1672,0.0,0.0,rare,,,,,,,,,,,,,,,,,,,,,,,,,,,,,,,,,,,,
1673,0.0,0.0,rare,,,,,,,,,,,,,,,,,,,,,,,,,,,,,,,,,,,,
1674,0.0,0.0,rare,,,,,,,,,,,,,,,,,,,,,,,,,,,,,,,,,,,,
1675,0.0,0.0,rare,,,,,,,,,,,,,,,,,,,,,,,,,,,,,,,,,,,,
1676,0.0,0.0,rare,,,,,,,,,,,,,,,,,,,,,,,,,,,,,,,,,,,,
1677,0.0013253810470510272,13.871585845947266,rare,,,,,,,,,,,,,,,,,,,,,,,,,,,,,,,,,,,,
1678,0.0,0.0,rare,,,,,,,,,,,,,,,,,,,,,,,,,,,,,,,,,,,,
1679,0.0,0.0,rare,,,,,,,,,,,,,,,,,,,,,,,,,,,,,,,,,,,,
1680,0.0,0.0,rare,,,,,,,,,,,,,,,,,,,,,,,,,,,,,,,,,,,,
1681,0.0,0.0,rare,,,,,,,,,,,,,,,,,,,,,,,,,,,,,,,,,,,,
1682,0.0,0.0,rare,,,,,,,,,,,,,,,,,,,,,,,,,,,,,,,,,,,,
1683,0.0,0.0,rare,,,,,,,,,,,,,,,,,,,,,,,,,,,,,,,,,,,,
1684,0.0,0.0,rare,,,,,,,,,,,,,,,,,,,,,,,,,,,,,,,,,,,,
1685,0.0,0.0,rare,,,,,,,,,,,,,,,,,,,,,,,,,,,,,,,,,,,,
1686,0.0,0.0,rare,,,,,,,,,,,,,,,,,,,,,,,,,,,,,,,,,,,,
1687,0.0,0.0,rare,,,,,,,,,,,,,,,,,,,,,,,,,,,,,,,,,,,,
1688,0.0,0.0,rare,,,,,,,,,,,,,,,,,,,,,,,,,,,,,,,,,,,,
1689,0.0,0.0,rare,,,,,,,,,,,,,,,,,,,,,,,,,,,,,,,,,,,,
1690,0.0,0.0,rare,,,,,,,,,,,,,,,,,,,,,,,,,,,,,,,,,,,,
1691,0.0,0.0,rare,,,,,,,,,,,,,,,,,,,,,,,,,,,,,,,,,,,,
1692,0.0,0.0,rare,,,,,,,,,,,,,,,,,,,,,,,,,,,,,,,,,,,,
1693,0.0,0.0,rare,,,,,,,,,,,,,,,,,,,,,,,,,,,,,,,,,,,,
1694,0.0,0.0,rare,,,,,,,,,,,,,,,,,,,,,,,,,,,,,,,,,,,,
1695,0.0,0.0,rare,,,,,,,,,,,,,,,,,,,,,,,,,,,,,,,,,,,,
1696,0.005301524188204109,48.69963073730469,rare,,,,,,,,,,,,,,,,,,,,,,,,,,,,,,,,,,,,
1697,0.0,0.0,rare,,,,,,,,,,,,,,,,,,,,,,,,,,,,,,,,,,,,
1698,0.0,0.0,rare,,,,,,,,,,,,,,,,,,,,,,,,,,,,,,,,,,,,
1699,0.0,0.0,rare,,,,,,,,,,,,,,,,,,,,,,,,,,,,,,,,,,,,
1700,0.0,0.0,rare,,,,,,,,,,,,,,,,,,,,,,,,,,,,,,,,,,,,
1701,0.0,0.0,rare,,,,,,,,,,,,,,,,,,,,,,,,,,,,,,,,,,,,
1702,0.0,0.0,rare,,,,,,,,,,,,,,,,,,,,,,,,,,,,,,,,,,,,
1703,0.0,0.0,rare,,,,,,,,,,,,,,,,,,,,,,,,,,,,,,,,,,,,
1704,0.007952286282306162,80.82012176513672,material,0.496778659821424,0.49476896251089797,0.5060868797457178,0.01217375949143551,-0.6725134839959447,-0.07899420659610297,-0.058462489254282685,-0.025489435838450716,1.9298402353138646,0.11341665566437087,-0.6689187874857133,-0.07799141708211796,-0.33683287579568616,-0.025399510963926338,-0.5092806620716527,-0.04191165398185174,-0.4991652073482457,-0.054932672689294894,-0.47071212451074945,-0.05134538428352656,-1.1093907568127779,-0.08292549274003197,-0.7017427233551766,-0.0450463325433965,-1.308052896808752,-0.09875339663186503,-0.5356536197413722,-0.037542987873032556,-1.0257577478833177,-0.08096028448619859,-1.1079100201898298,-0.08021491235653223,frac_pore,1.9298402353138646,noise_sigma_c2,-1.308052896808752
1705,0.0,0.0,rare,,,,,,,,,,,,,,,,,,,,,,,,,,,,,,,,,,,,
1706,0.0,0.0,rare,,,,,,,,,,,,,,,,,,,,,,,,,,,,,,,,,,,,
1707,0.004638833664678595,56.382728576660156,rare,,,,,,,,,,,,,,,,,,,,,,,,,,,,,,,,,,,,
1708,0.0,0.0,rare,,,,,,,,,,,,,,,,,,,,,,,,,,,,,,,,,,,,
1709,0.0,0.0,rare,,,,,,,,,,,,,,,,,,,,,,,,,,,,,,,,,,,,
1710,0.0,0.0,rare,,,,,,,,,,,,,,,,,,,,,,,,,,,,,,,,,,,,
1711,0.0,0.0,rare,,,,,,,,,,,,,,,,,,,,,,,,,,,,,,,,,,,,
1712,0.0,0.0,rare,,,,,,,,,,,,,,,,,,,,,,,,,,,,,,,,,,,,
1713,0.0,0.0,rare,,,,,,,,,,,,,,,,,,,,,,,,,,,,,,,,,,,,
1714,0.0,0.0,rare,,,,,,,,,,,,,,,,,,,,,,,,,,,,,,,,,,,,
1715,0.0,0.0,rare,,,,,,,,,,,,,,,,,,,,,,,,,,,,,,,,,,,,
1716,0.0,0.0,rare,,,,,,,,,,,,,,,,,,,,,,,,,,,,,,,,,,,,
1717,0.0,0.0,rare,,,,,,,,,,,,,,,,,,,,,,,,,,,,,,,,,,,,
1718,0.0,0.0,rare,,,,,,,,,,,,,,,,,,,,,,,,,,,,,,,,,,,,
1719,0.005964214711729622,66.01693725585938,rare,,,,,,,,,,,,,,,,,,,,,,,,,,,,,,,,,,,,
1720,0.0,0.0,rare,,,,,,,,,,,,,,,,,,,,,,,,,,,,,,,,,,,,
1721,0.0,0.0,rare,,,,,,,,,,,,,,,,,,,,,,,,,,,,,,,,,,,,
1722,0.0,0.0,rare,,,,,,,,,,,,,,,,,,,,,,,,,,,,,,,,,,,,
1723,0.0,0.0,rare,,,,,,,,,,,,,,,,,,,,,,,,,,,,,,,,,,,,
1724,0.0,0.0,rare,,,,,,,,,,,,,,,,,,,,,,,,,,,,,,,,,,,,
1725,0.0,0.0,rare,,,,,,,,,,,,,,,,,,,,,,,,,,,,,,,,,,,,
1726,0.0,0.0,rare,,,,,,,,,,,,,,,,,,,,,,,,,,,,,,,,,,,,
1727,0.0,0.0,rare,,,,,,,,,,,,,,,,,,,,,,,,,,,,,,,,,,,,
1728,0.0,0.0,rare,,,,,,,,,,,,,,,,,,,,,,,,,,,,,,,,,,,,
1729,0.0006626905235255136,14.950153350830078,rare,,,,,,,,,,,,,,,,,,,,,,,,,,,,,,,,,,,,
1730,0.0,0.0,rare,,,,,,,,,,,,,,,,,,,,,,,,,,,,,,,,,,,,
1731,0.0,0.0,rare,,,,,,,,,,,,,,,,,,,,,,,,,,,,,,,,,,,,
1732,0.00927766732935719,92.84127807617188,imaging,0.5016599376449603,0.501168072367502,0.49798340102419214,0.004033197951615719,-0.3738411839162643,-0.033909687510900254,0.4129165922285012,0.03594516376101054,-0.03912330427092618,0.0010007301500860057,-0.37441231733251246,-0.03398895384410892,-0.3368329124567739,-0.03243408064992298,-0.48650271300320114,-0.048243619608177274,-0.3363482538402838,-0.028068231987690175,-0.40531958478683816,-0.02373962233987626,0.04977472456204228,-0.00629832387407086,-0.10606423720762247,-0.02381652819437938,0.06256291341494141,-0.0051661212674699005,0.2712548207670465,0.007558581704797472,-0.5277251378841471,-0.04557395176222821,-0.09458851077582167,-0.011603352153284539,frac_graphite,0.4129165922285012,sharpness_c1,-0.5277251378841471
1733,0.0,0.0,rare,,,,,,,,,,,,,,,,,,,,,,,,,,,,,,,,,,,,
1734,0.0,0.0,rare,,,,,,,,,,,,,,,,,,,,,,,,,,,,,,,,,,,,
1735,0.0,0.0,rare,,,,,,,,,,,,,,,,,,,,,,,,,,,,,,,,,,,,
1736,0.0,0.0,rare,,,,,,,,,,,,,,,,,,,,,,,,,,,,,,,,,,,,
1737,0.0,0.0,rare,,,,,,,,,,,,,,,,,,,,,,,,,,,,,,,,,,,,
1738,0.0,0.0,rare,,,,,,,,,,,,,,,,,,,,,,,,,,,,,,,,,,,,
1739,0.0,0.0,rare,,,,,,,,,,,,,,,,,,,,,,,,,,,,,,,,,,,,
1740,0.0,0.0,rare,,,,,,,,,,,,,,,,,,,,,,,,,,,,,,,,,,,,
1741,0.0,0.0,rare,,,,,,,,,,,,,,,,,,,,,,,,,,,,,,,,,,,,
1742,0.0,0.0,rare,,,,,,,,,,,,,,,,,,,,,,,,,,,,,,,,,,,,
1743,0.0,0.0,rare,,,,,,,,,,,,,,,,,,,,,,,,,,,,,,,,,,,,
1744,0.0006626905235255136,16.96158218383789,rare,,,,,,,,,,,,,,,,,,,,,,,,,,,,,,,,,,,,
1745,0.0006626905235255136,15.772642135620117,rare,,,,,,,,,,,,,,,,,,,,,,,,,,,,,,,,,,,,
1746,0.0,0.0,rare,,,,,,,,,,,,,,,,,,,,,,,,,,,,,,,,,,,,
1747,0.0,0.0,rare,,,,,,,,,,,,,,,,,,,,,,,,,,,,,,,,,,,,
1748,0.0,0.0,rare,,,,,,,,,,,,,,,,,,,,,,,,,,,,,,,,,,,,
1749,0.0,0.0,rare,,,,,,,,,,,,,,,,,,,,,,,,,,,,,,,,,,,,
1750,0.0,0.0,rare,,,,,,,,,,,,,,,,,,,,,,,,,,,,,,,,,,,,
1751,0.0,0.0,rare,,,,,,,,,,,,,,,,,,,,,,,,,,,,,,,,,,,,
1752,0.0,0.0,rare,,,,,,,,,,,,,,,,,,,,,,,,,,,,,,,,,,,,
1753,0.0,0.0,rare,,,,,,,,,,,,,,,,,,,,,,,,,,,,,,,,,,,,
1754,0.0,0.0,rare,,,,,,,,,,,,,,,,,,,,,,,,,,,,,,,,,,,,
1755,0.0,0.0,rare,,,,,,,,,,,,,,,,,,,,,,,,,,,,,,,,,,,,
1756,0.0,0.0,rare,,,,,,,,,,,,,,,,,,,,,,,,,,,,,,,,,,,,
1757,0.0,0.0,rare,,,,,,,,,,,,,,,,,,,,,,,,,,,,,,,,,,,,
1758,0.0,0.0,rare,,,,,,,,,,,,,,,,,,,,,,,,,,,,,,,,,,,,
1759,0.0,0.0,rare,,,,,,,,,,,,,,,,,,,,,,,,,,,,,,,,,,,,
1760,0.0,0.0,rare,,,,,,,,,,,,,,,,,,,,,,,,,,,,,,,,,,,,
1761,0.0,0.0,rare,,,,,,,,,,,,,,,,,,,,,,,,,,,,,,,,,,,,
1762,0.0,0.0,rare,,,,,,,,,,,,,,,,,,,,,,,,,,,,,,,,,,,,
1763,0.0,0.0,rare,,,,,,,,,,,,,,,,,,,,,,,,,,,,,,,,,,,,
1764,0.0,0.0,rare,,,,,,,,,,,,,,,,,,,,,,,,,,,,,,,,,,,,
1765,0.0,0.0,rare,,,,,,,,,,,,,,,,,,,,,,,,,,,,,,,,,,,,
1766,0.0,0.0,rare,,,,,,,,,,,,,,,,,,,,,,,,,,,,,,,,,,,,
1767,0.00927766732935719,94.66885375976562,material,0.4959322684803864,0.4993400993222772,0.5033268585555359,0.008135463039227186,-0.25696316818766235,-0.02747494282684878,-0.10684882530431652,-0.01184015736269488,1.1724600712915254,0.09338406734547383,-0.2575854407508188,-0.02753830962396596,-0.3368328754915453,-0.03367006446576788,-0.5190389242432478,-0.054000548912860456,-0.4602742758982902,-0.05233694147214869,-0.4606540691862936,-0.0587912250055624,-0.3053711414817317,-0.02630480400222163,-0.10298792448517366,-0.005466332875515286,-0.5002654415678864,-0.0473787755794504,-0.18614618056321452,-0.009480314546826981,-0.23833377192540117,-0.011009090898745943,-0.8349533457617364,-0.07745901129866493,frac_pore,1.1724600712915254,sharpness_c2,-0.8349533457617364
1768,0.0,0.0,rare,,,,,,,,,,,,,,,,,,,,,,,,,,,,,,,,,,,,
1769,0.0,0.0,rare,,,,,,,,,,,,,,,,,,,,,,,,,,,,,,,,,,,,
1770,0.0,0.0,rare,,,,,,,,,,,,,,,,,,,,,,,,,,,,,,,,,,,,
1771,0.0,0.0,rare,,,,,,,,,,,,,,,,,,,,,,,,,,,,,,,,,,,,
1772,0.051027170311464545,412.7840270996094,material,0.5203386575980677,0.5121900995631168,0.47684707752074873,0.04630584495850254,1.8563811211999104,0.3072716040754272,-1.7044270912882367,-0.2955084736703568,-0.05911496192047071,-0.010481076451991976,1.8548341694343953,0.30714807851669074,1.9609758233013146,0.413555488512065,-0.4308851461609051,-0.08690048859597596,-0.21141989929899704,-0.04001801522999392,-0.4118788716968259,-0.07702326017891455,0.7598394545513071,0.2008934202833566,0.6678731614864198,0.1539523441115258,0.6636816586653824,0.16567028283781104,-0.588936384627418,-0.14315130022911052,0.5809977285420416,0.11505301384634783,0.354941102561236,0.10238008985226724,K04_agglom_frac,1.9609758233013146,noise_sigma_c0,0.7598394545513071
1773,0.0,0.0,rare,,,,,,,,,,,,,,,,,,,,,,,,,,,,,,,,,,,,
1774,0.0,0.0,rare,,,,,,,,,,,,,,,,,,,,,,,,,,,,,,,,,,,,
1775,0.0,0.0,rare,,,,,,,,,,,,,,,,,,,,,,,,,,,,,,,,,,,,
1776,0.0,0.0,rare,,,,,,,,,,,,,,,,,,,,,,,,,,,,,,,,,,,,
1777,0.0,0.0,rare,,,,,,,,,,,,,,,,,,,,,,,,,,,,,,,,,,,,
1778,0.0,0.0,rare,,,,,,,,,,,,,,,,,,,,,,,,,,,,,,,,,,,,
1779,0.0,0.0,rare,,,,,,,,,,,,,,,,,,,,,,,,,,,,,,,,,,,,
1780,0.0,0.0,rare,,,,,,,,,,,,,,,,,,,,,,,,,,,,,,,,,,,,
1781,0.0,0.0,rare,,,,,,,,,,,,,,,,,,,,,,,,,,,,,,,,,,,,
1782,0.0,0.0,rare,,,,,,,,,,,,,,,,,,,,,,,,,,,,,,,,,,,,
1783,0.0,0.0,rare,,,,,,,,,,,,,,,,,,,,,,,,,,,,,,,,,,,,
1784,0.003976143141153081,42.54757308959961,rare,,,,,,,,,,,,,,,,,,,,,,,,,,,,,,,,,,,,
1785,0.0006626905235255136,11.186321258544922,rare,,,,,,,,,,,,,,,,,,,,,,,,,,,,,,,,,,,,
1786,0.0,0.0,rare,,,,,,,,,,,,,,,,,,,,,,,,,,,,,,,,,,,,
1787,0.0,0.0,rare,,,,,,,,,,,,,,,,,,,,,,,,,,,,,,,,,,,,
1788,0.0,0.0,rare,,,,,,,,,,,,,,,,,,,,,,,,,,,,,,,,,,,,
1789,0.0,0.0,rare,,,,,,,,,,,,,,,,,,,,,,,,,,,,,,,,,,,,
1790,0.0,0.0,rare,,,,,,,,,,,,,,,,,,,,,,,,,,,,,,,,,,,,
1791,0.0,0.0,rare,,,,,,,,,,,,,,,,,,,,,,,,,,,,,,,,,,,,
1792,0.0,0.0,rare,,,,,,,,,,,,,,,,,,,,,,,,,,,,,,,,,,,,
1793,0.0,0.0,rare,,,,,,,,,,,,,,,,,,,,,,,,,,,,,,,,,,,,
1794,0.0,0.0,rare,,,,,,,,,,,,,,,,,,,,,,,,,,,,,,,,,,,,
1795,0.0,0.0,rare,,,,,,,,,,,,,,,,,,,,,,,,,,,,,,,,,,,,
1796,0.0006626905235255136,8.435287475585938,rare,,,,,,,,,,,,,,,,,,,,,,,,,,,,,,,,,,,,
1797,0.0,0.0,rare,,,,,,,,,,,,,,,,,,,,,,,,,,,,,,,,,,,,
1798,0.0,0.0,rare,,,,,,,,,,,,,,,,,,,,,,,,,,,,,,,,,,,,
1799,0.0006626905235255136,9.399105072021484,rare,,,,,,,,,,,,,,,,,,,,,,,,,,,,,,,,,,,,
1800,0.0,0.0,rare,,,,,,,,,,,,,,,,,,,,,,,,,,,,,,,,,,,,
1801,0.0,0.0,rare,,,,,,,,,,,,,,,,,,,,,,,,,,,,,,,,,,,,
1802,0.0,0.0,rare,,,,,,,,,,,,,,,,,,,,,,,,,,,,,,,,,,,,
1803,0.0,0.0,rare,,,,,,,,,,,,,,,,,,,,,,,,,,,,,,,,,,,,
1804,0.0,0.0,rare,,,,,,,,,,,,,,,,,,,,,,,,,,,,,,,,,,,,
1805,0.0026507620941020544,38.6800537109375,rare,,,,,,,,,,,,,,,,,,,,,,,,,,,,,,,,,,,,
1806,0.0,0.0,rare,,,,,,,,,,,,,,,,,,,,,,,,,,,,,,,,,,,,
1807,0.0,0.0,rare,,,,,,,,,,,,,,,,,,,,,,,,,,,,,,,,,,,,
1808,0.0390987408880053,376.51947021484375,material,0.4748078565328779,0.47962857707110074,0.5325437047501324,0.0650874095002647,1.9463369364286185,0.25561796319063007,-1.767817328615568,-0.2443023672113597,-0.12164454453588566,-8.478025855631955e-05,1.944750625154318,0.25548577467506145,1.6528319355438157,0.2835085790728771,1.345454152256391,0.21308679083408757,0.37182946062035854,0.0862257732101099,1.3415865776926557,0.2113321299310574,-0.798471023739197,-0.13832494828970307,-1.0506966551595742,-0.17329770980415743,-0.6591524991911836,-0.11809850877750538,-0.8030408741348503,-0.21114960922442683,-0.5908621943374214,-0.11673350250319793,-0.21170097047238395,-0.05724456031832994,frac_si,1.9463369364286185,p1_c0,1.345454152256391
1809,0.0,0.0,rare,,,,,,,,,,,,,,,,,,,,,,,,,,,,,,,,,,,,
1810,0.0,0.0,rare,,,,,,,,,,,,,,,,,,,,,,,,,,,,,,,,,,,,
1811,0.0,0.0,rare,,,,,,,,,,,,,,,,,,,,,,,,,,,,,,,,,,,,
1812,0.0,0.0,rare,,,,,,,,,,,,,,,,,,,,,,,,,,,,,,,,,,,,
1813,0.0,0.0,rare,,,,,,,,,,,,,,,,,,,,,,,,,,,,,,,,,,,,
1814,0.0,0.0,rare,,,,,,,,,,,,,,,,,,,,,,,,,,,,,,,,,,,,
1815,0.0,0.0,rare,,,,,,,,,,,,,,,,,,,,,,,,,,,,,,,,,,,,
1816,0.0,0.0,rare,,,,,,,,,,,,,,,,,,,,,,,,,,,,,,,,,,,,
1817,0.0,0.0,rare,,,,,,,,,,,,,,,,,,,,,,,,,,,,,,,,,,,,
1818,0.0013253810470510272,26.88174819946289,rare,,,,,,,,,,,,,,,,,,,,,,,,,,,,,,,,,,,,
1819,0.0,0.0,rare,,,,,,,,,,,,,,,,,,,,,,,,,,,,,,,,,,,,
1820,0.0,0.0,rare,,,,,,,,,,,,,,,,,,,,,,,,,,,,,,,,,,,,
1821,0.0,0.0,rare,,,,,,,,,,,,,,,,,,,,,,,,,,,,,,,,,,,,
1822,0.0,0.0,rare,,,,,,,,,,,,,,,,,,,,,,,,,,,,,,,,,,,,
1823,0.0,0.0,rare,,,,,,,,,,,,,,,,,,,,,,,,,,,,,,,,,,,,
1824,0.0,0.0,rare,,,,,,,,,,,,,,,,,,,,,,,,,,,,,,,,,,,,
1825,0.0,0.0,rare,,,,,,,,,,,,,,,,,,,,,,,,,,,,,,,,,,,,
1826,0.0,0.0,rare,,,,,,,,,,,,,,,,,,,,,,,,,,,,,,,,,,,,
1827,0.0,0.0,rare,,,,,,,,,,,,,,,,,,,,,,,,,,,,,,,,,,,,
1828,0.0,0.0,rare,,,,,,,,,,,,,,,,,,,,,,,,,,,,,,,,,,,,
1829,0.015241882041086813,160.47146606445312,material,0.49594363791631085,0.4954204338004017,0.5061928306551298,0.012385661310259533,-0.3601247559070533,-0.03669059356548028,0.01084763690304155,-0.00030724483149881606,1.0916806621229553,0.07463081935577835,-0.3596732973999064,-0.03659117376701733,-0.3368329281931622,-0.04329079070060326,-0.4233724196942363,-0.012940859965526057,-0.2336897638322873,-0.0030136850569570236,-0.4750197643762877,-0.06369681035403471,-0.26561255783068766,-0.05388215248859121,0.08366458978451494,-0.0054401232341079265,-0.48137020372272354,-0.07116652649606962,-0.32078768126535423,-0.031757498003068575,-0.12977239185418957,-0.018935147371015985,-0.42676747762499184,-0.056937600416653904,frac_pore,1.0916806621229553,noise_sigma_c2,-0.48137020372272354
1830,0.0,0.0,rare,,,,,,,,,,,,,,,,,,,,,,,,,,,,,,,,,,,,
1831,0.005964214711729622,57.4391975402832,rare,,,,,,,,,,,,,,,,,,,,,,,,,,,,,,,,,,,,
1832,0.0,0.0,rare,,,,,,,,,,,,,,,,,,,,,,,,,,,,,,,,,,,,
1833,0.0,0.0,rare,,,,,,,,,,,,,,,,,,,,,,,,,,,,,,,,,,,,
1834,0.0,0.0,rare,,,,,,,,,,,,,,,,,,,,,,,,,,,,,,,,,,,,
1835,0.0,0.0,rare,,,,,,,,,,,,,,,,,,,,,,,,,,,,,,,,,,,,
1836,0.0,0.0,rare,,,,,,,,,,,,,,,,,,,,,,,,,,,,,,,,,,,,
1837,0.0,0.0,rare,,,,,,,,,,,,,,,,,,,,,,,,,,,,,,,,,,,,
1838,0.0,0.0,rare,,,,,,,,,,,,,,,,,,,,,,,,,,,,,,,,,,,,
1839,0.0,0.0,rare,,,,,,,,,,,,,,,,,,,,,,,,,,,,,,,,,,,,
1840,0.0,0.0,rare,,,,,,,,,,,,,,,,,,,,,,,,,,,,,,,,,,,,
1841,0.0,0.0,rare,,,,,,,,,,,,,,,,,,,,,,,,,,,,,,,,,,,,
1842,0.0019880715705765406,31.59073257446289,rare,,,,,,,,,,,,,,,,,,,,,,,,,,,,,,,,,,,,
1843,0.0,0.0,rare,,,,,,,,,,,,,,,,,,,,,,,,,,,,,,,,,,,,
1844,0.0,0.0,rare,,,,,,,,,,,,,,,,,,,,,,,,,,,,,,,,,,,,
1845,0.0013253810470510272,26.101041793823242,rare,,,,,,,,,,,,,,,,,,,,,,,,,,,,,,,,,,,,
1846,0.0,0.0,rare,,,,,,,,,,,,,,,,,,,,,,,,,,,,,,,,,,,,
1847,0.0,0.0,rare,,,,,,,,,,,,,,,,,,,,,,,,,,,,,,,,,,,,
1848,0.0,0.0,rare,,,,,,,,,,,,,,,,,,,,,,,,,,,,,,,,,,,,
1849,0.0,0.0,rare,,,,,,,,,,,,,,,,,,,,,,,,,,,,,,,,,,,,
1850,0.0,0.0,rare,,,,,,,,,,,,,,,,,,,,,,,,,,,,,,,,,,,,
1851,0.0,0.0,rare,,,,,,,,,,,,,,,,,,,,,,,,,,,,,,,,,,,,
1852,0.0019880715705765406,24.490184783935547,rare,,,,,,,,,,,,,,,,,,,,,,,,,,,,,,,,,,,,
1853,0.0,0.0,rare,,,,,,,,,,,,,,,,,,,,,,,,,,,,,,,,,,,,
1854,0.005964214711729622,67.88941955566406,rare,,,,,,,,,,,,,,,,,,,,,,,,,,,,,,,,,,,,
1855,0.0,0.0,rare,,,,,,,,,,,,,,,,,,,,,,,,,,,,,,,,,,,,
1856,0.0,0.0,rare,,,,,,,,,,,,,,,,,,,,,,,,,,,,,,,,,,,,
1857,0.0,0.0,rare,,,,,,,,,,,,,,,,,,,,,,,,,,,,,,,,,,,,
1858,0.005301524188204109,63.20777130126953,rare,,,,,,,,,,,,,,,,,,,,,,,,,,,,,,,,,,,,
1859,0.010603048376408217,108.04955291748047,imaging,0.5008236524691889,0.49664028669553534,0.5018876920360233,0.006719426608929324,-0.27972194215389573,-0.004098000035713573,0.4871986298738685,0.028585381459787687,-0.7467395095361073,-0.04932402518179352,-0.28033425677754487,-0.004142529594975382,-0.044907923476934716,0.006533511027353419,0.6767956322429423,0.04739292850965383,0.4258009018982175,0.019209014907321135,1.2256504505588663,0.03253776459123366,0.1937641394600998,0.013119509076739247,-0.22002207701351853,-0.02675593693359486,0.22221866871028723,0.011297428848673246,2.084447577815098,0.014802433220409597,0.06652693506250679,-0.003366025478809838,3.6024447550784737,-0.024231560543605573,frac_pore,-0.7467395095361073,sharpness_c2,3.6024447550784737
1860,0.0,0.0,rare,,,,,,,,,,,,,,,,,,,,,,,,,,,,,,,,,,,,
1861,0.0,0.0,rare,,,,,,,,,,,,,,,,,,,,,,,,,,,,,,,,,,,,
1862,0.0,0.0,rare,,,,,,,,,,,,,,,,,,,,,,,,,,,,,,,,,,,,
1863,0.0,0.0,rare,,,,,,,,,,,,,,,,,,,,,,,,,,,,,,,,,,,,
1864,0.0,0.0,rare,,,,,,,,,,,,,,,,,,,,,,,,,,,,,,,,,,,,
1865,0.0,0.0,rare,,,,,,,,,,,,,,,,,,,,,,,,,,,,,,,,,,,,
1866,0.0,0.0,rare,,,,,,,,,,,,,,,,,,,,,,,,,,,,,,,,,,,,
1867,0.0,0.0,rare,,,,,,,,,,,,,,,,,,,,,,,,,,,,,,,,,,,,
1868,0.0,0.0,rare,,,,,,,,,,,,,,,,,,,,,,,,,,,,,,,,,,,,
1869,0.0,0.0,rare,,,,,,,,,,,,,,,,,,,,,,,,,,,,,,,,,,,,
1870,0.0,0.0,rare,,,,,,,,,,,,,,,,,,,,,,,,,,,,,,,,,,,,
1871,0.0,0.0,rare,,,,,,,,,,,,,,,,,,,,,,,,,,,,,,,,,,,,
1872,0.0,0.0,rare,,,,,,,,,,,,,,,,,,,,,,,,,,,,,,,,,,,,
1873,0.0,0.0,rare,,,,,,,,,,,,,,,,,,,,,,,,,,,,,,,,,,,,
1874,0.0,0.0,rare,,,,,,,,,,,,,,,,,,,,,,,,,,,,,,,,,,,,
1875,0.0006626905235255136,16.40480613708496,rare,,,,,,,,,,,,,,,,,,,,,,,,,,,,,,,,,,,,
1876,0.0,0.0,rare,,,,,,,,,,,,,,,,,,,,,,,,,,,,,,,,,,,,
1877,0.0,0.0,rare,,,,,,,,,,,,,,,,,,,,,,,,,,,,,,,,,,,,
1878,0.009940357852882704,91.54939270019531,imaging,0.495501493185918,0.5043832818739253,0.49993024898463706,0.008997013628163963,-0.5712689969736697,-0.058003956862744906,0.7603680517451279,0.08773767218728945,-0.5772168547808515,-0.0581314097102163,-0.5717537472066941,-0.05808055064689298,-0.3368329161007741,-0.03243408064992298,-0.28610366871174425,0.004218121918645985,0.8394187578024683,0.0792374634755521,-0.2811227663943955,0.025181161160871386,0.4795595247134217,0.027904233767970393,0.5160224759813111,0.052661128266297014,0.6391782098173083,0.06259573414477361,0.8195252046774092,0.05842255986903313,0.7438538881586767,0.07312847196864494,1.1340973120490454,0.09568511609365253,frac_graphite,0.7603680517451279,sharpness_c2,1.1340973120490454
1879,0.0,0.0,rare,,,,,,,,,,,,,,,,,,,,,,,,,,,,,,,,,,,,
1880,0.0,0.0,rare,,,,,,,,,,,,,,,,,,,,,,,,,,,,,,,,,,,,
1881,0.0,0.0,rare,,,,,,,,,,,,,,,,,,,,,,,,,,,,,,,,,,,,
1882,0.0,0.0,rare,,,,,,,,,,,,,,,,,,,,,,,,,,,,,,,,,,,,
1883,0.015241882041086813,147.26483154296875,material,0.5092420881358672,0.4954421093701079,0.49688239449055277,0.018484176271734487,-0.7254363261085378,-0.1300435795350437,0.4368486097005577,0.05131578671150838,0.972349593709074,0.10619466709564321,-0.7258536215403462,-0.13005597991378204,-0.055092850632522034,-0.012518402809576737,-0.5311606508203912,-0.07153841616626677,-0.47061783723400047,-0.04837578959624582,-0.46884872224776997,-0.06282587701031793,0.1266867708906489,-0.008707027793994572,0.37504921885182346,0.047421519589638084,-0.058887360370709914,-0.03703070565354866,0.731188318757998,0.09250575198269056,-0.05688015622427085,0.013179978687050552,0.20070620749244367,0.035937390066610106,frac_pore,0.972349593709074,sharpness_c0,0.731188318757998
1884,0.0,0.0,rare,,,,,,,,,,,,,,,,,,,,,,,,,,,,,,,,,,,,
1885,0.0,0.0,rare,,,,,,,,,,,,,,,,,,,,,,,,,,,,,,,,,,,,
1886,0.0,0.0,rare,,,,,,,,,,,,,,,,,,,,,,,,,,,,,,,,,,,,
1887,0.0,0.0,rare,,,,,,,,,,,,,,,,,,,,,,,,,,,,,,,,,,,,
1888,0.0,0.0,rare,,,,,,,,,,,,,,,,,,,,,,,,,,,,,,,,,,,,
1889,0.0013253810470510272,28.986555099487305,rare,,,,,,,,,,,,,,,,,,,,,,,,,,,,,,,,,,,,
1890,0.0,0.0,rare,,,,,,,,,,,,,,,,,,,,,,,,,,,,,,,,,,,,
1891,0.0,0.0,rare,,,,,,,,,,,,,,,,,,,,,,,,,,,,,,,,,,,,
1892,0.0,0.0,rare,,,,,,,,,,,,,,,,,,,,,,,,,,,,,,,,,,,,
1893,0.0,0.0,rare,,,,,,,,,,,,,,,,,,,,,,,,,,,,,,,,,,,,
1894,0.0,0.0,rare,,,,,,,,,,,,,,,,,,,,,,,,,,,,,,,,,,,,
1895,0.0,0.0,rare,,,,,,,,,,,,,,,,,,,,,,,,,,,,,,,,,,,,
1896,0.0,0.0,rare,,,,,,,,,,,,,,,,,,,,,,,,,,,,,,,,,,,,
1897,0.0066269052352551355,66.46051788330078,material,0.4976326307864112,0.5047300909892248,0.49818647360056506,0.009460181978449667,2.73178704437199,0.07720964384807345,-2.630354185313409,-0.07895582956418755,0.36487876874006553,0.03520657396446964,2.729857064891237,0.07720964364583206,2.2329267943178417,0.14377063922047356,0.08131358781430087,-0.02167232013324236,0.07004352845546494,0.010611719436752222,0.13816915826320897,-0.028797542785719936,0.5436068548924462,0.07250583058666572,0.10596569241590831,0.03876037356924197,0.5301867187454178,0.059274608640167176,-0.26591498677769204,0.0015856223899884357,0.01626002938439708,0.023747780501807963,0.27643547305100524,0.04322370452520634,frac_si,2.73178704437199,noise_sigma_c0,0.5436068548924462
1898,0.0,0.0,rare,,,,,,,,,,,,,,,,,,,,,,,,,,,,,,,,,,,,
1899,0.0,0.0,rare,,,,,,,,,,,,,,,,,,,,,,,,,,,,,,,,,,,,
1900,0.0,0.0,rare,,,,,,,,,,,,,,,,,,,,,,,,,,,,,,,,,,,,
1901,0.0,0.0,rare,,,,,,,,,,,,,,,,,,,,,,,,,,,,,,,,,,,,
1902,0.0,0.0,rare,,,,,,,,,,,,,,,,,,,,,,,,,,,,,,,,,,,,
1903,0.0,0.0,rare,,,,,,,,,,,,,,,,,,,,,,,,,,,,,,,,,,,,
1904,0.0,0.0,rare,,,,,,,,,,,,,,,,,,,,,,,,,,,,,,,,,,,,
1905,0.0,0.0,rare,,,,,,,,,,,,,,,,,,,,,,,,,,,,,,,,,,,,
1906,0.0019880715705765406,4.134804725646973,rare,,,,,,,,,,,,,,,,,,,,,,,,,,,,,,,,,,,,
1907,0.0,0.0,rare,,,,,,,,,,,,,,,,,,,,,,,,,,,,,,,,,,,,
1908,0.0,0.0,rare,,,,,,,,,,,,,,,,,,,,,,,,,,,,,,,,,,,,
1909,0.0,0.0,rare,,,,,,,,,,,,,,,,,,,,,,,,,,,,,,,,,,,,
1910,0.0,0.0,rare,,,,,,,,,,,,,,,,,,,,,,,,,,,,,,,,,,,,
1911,0.0,0.0,rare,,,,,,,,,,,,,,,,,,,,,,,,,,,,,,,,,,,,
1912,0.0,0.0,rare,,,,,,,,,,,,,,,,,,,,,,,,,,,,,,,,,,,,
1913,0.0,0.0,rare,,,,,,,,,,,,,,,,,,,,,,,,,,,,,,,,,,,,
1914,0.0,0.0,rare,,,,,,,,,,,,,,,,,,,,,,,,,,,,,,,,,,,,
1915,0.0,0.0,rare,,,,,,,,,,,,,,,,,,,,,,,,,,,,,,,,,,,,
1916,0.0,0.0,rare,,,,,,,,,,,,,,,,,,,,,,,,,,,,,,,,,,,,
1917,0.0,0.0,rare,,,,,,,,,,,,,,,,,,,,,,,,,,,,,,,,,,,,
1918,0.0,0.0,rare,,,,,,,,,,,,,,,,,,,,,,,,,,,,,,,,,,,,
1919,0.0,0.0,rare,,,,,,,,,,,,,,,,,,,,,,,,,,,,,,,,,,,,
1920,0.0,0.0,rare,,,,,,,,,,,,,,,,,,,,,,,,,,,,,,,,,,,,
1921,0.0,0.0,rare,,,,,,,,,,,,,,,,,,,,,,,,,,,,,,,,,,,,
1922,0.0,0.0,rare,,,,,,,,,,,,,,,,,,,,,,,,,,,,,,,,,,,,
1923,0.0,0.0,rare,,,,,,,,,,,,,,,,,,,,,,,,,,,,,,,,,,,,
1924,0.0,0.0,rare,,,,,,,,,,,,,,,,,,,,,,,,,,,,,,,,,,,,
1925,0.0,0.0,rare,,,,,,,,,,,,,,,,,,,,,,,,,,,,,,,,,,,,
1926,0.0,0.0,rare,,,,,,,,,,,,,,,,,,,,,,,,,,,,,,,,,,,,
1927,0.0,0.0,rare,,,,,,,,,,,,,,,,,,,,,,,,,,,,,,,,,,,,
1928,0.0,0.0,rare,,,,,,,,,,,,,,,,,,,,,,,,,,,,,,,,,,,,
1929,0.0,0.0,rare,,,,,,,,,,,,,,,,,,,,,,,,,,,,,,,,,,,,
1930,0.0006626905235255136,13.501447677612305,rare,,,,,,,,,,,,,,,,,,,,,,,,,,,,,,,,,,,,
1931,0.0,0.0,rare,,,,,,,,,,,,,,,,,,,,,,,,,,,,,,,,,,,,
1932,0.0,0.0,rare,,,,,,,,,,,,,,,,,,,,,,,,,,,,,,,,,,,,
1933,0.01126573889993373,116.92622375488281,material,0.4965411649376702,0.49439927362757513,0.5065239272470421,0.013047854494084188,-0.5372285342741291,-0.06568481861508749,0.7937634776244911,0.11130559483593451,-0.8436471720952994,-0.11400048717170475,-0.5377281787273842,-0.06574276241573929,-0.33683290121495124,-0.03714108944052332,0.8330322723921687,0.09931938422465868,0.7692140390505874,0.09776076443499612,0.6017191771978705,0.12641302095479692,-0.39659722401571124,-0.043473165984893286,-0.4097339615779749,-0.04266217287577348,-0.21574552076121242,-0.02768180704031715,0.4675990257064264,0.032503148096474935,-0.2356280971723077,-0.01512475379894076,0.19126271146971796,0.012495949126371766,frac_pore,-0.8436471720952994,p1_c0,0.8330322723921687
1934,0.032471835652750164,321.0418701171875,imaging,0.48103704414878296,0.48216823132167996,0.5263279180646301,0.05265583612926017,-0.6636900989577614,-0.1518319281787834,0.6700794051756028,0.14089364980253527,-0.08184879717732724,-0.00612617581893414,-0.6641344109904367,-0.15190955877664525,-0.3368328919264486,-0.06171310721383744,0.6372221256465423,0.1329806113316117,0.4291209993018152,0.08518366952039422,0.5076426314104837,0.11556148763681745,-0.8047818168850305,-0.16137945681961563,-1.0587641425271215,-0.17805996184222422,-0.7227177848475446,-0.14996380103441026,0.4370248637241498,0.07336123314041268,-0.8313336670552701,-0.15156025167635065,-0.2189930466685218,-0.05686470919627292,frac_graphite,0.6700794051756028,noise_sigma_c1,-1.0587641425271215
1935,0.0,0.0,rare,,,,,,,,,,,,,,,,,,,,,,,,,,,,,,,,,,,,
1936,0.0,0.0,rare,,,,,,,,,,,,,,,,,,,,,,,,,,,,,,,,,,,,
1937,0.0066269052352551355,86.76152038574219,imaging,0.49573014517506403,0.495640802092415,0.5061804697156984,0.012360939431396822,-0.745620620771913,-0.08043680302576549,0.7439978802403392,0.06350017268441553,0.0176981524674256,0.03131617441204312,-0.746029084756296,-0.08045554073375633,-0.3368329128586871,-0.026949546314957697,0.14144973252163343,0.00024362073508370195,0.14306632843939657,0.007246990190116252,0.08726131369276971,-0.03691800638810488,-0.9235697097142936,-0.06981108513851837,-0.8562924194854996,-0.06760982440468463,-0.8803840858026066,-0.06909122304920068,0.26253338445603747,0.02751534216217481,-0.8049378560259337,-0.07029352372390259,-0.6526082411139938,-0.06708301487195473,K01_si_frac_adm,-0.746029084756296,noise_sigma_c0,-0.9235697097142936
1938,0.0,0.0,rare,,,,,,,,,,,,,,,,,,,,,,,,,,,,,,,,,,,,
1939,0.0,0.0,rare,,,,,,,,,,,,,,,,,,,,,,,,,,,,,,,,,,,,
1940,0.0,0.0,rare,,,,,,,,,,,,,,,,,,,,,,,,,,,,,,,,,,,,
1941,0.0,0.0,rare,,,,,,,,,,,,,,,,,,,,,,,,,,,,,,,,,,,,
1942,0.0,0.0,rare,,,,,,,,,,,,,,,,,,,,,,,,,,,,,,,,,,,,
1943,0.0,0.0,rare,,,,,,,,,,,,,,,,,,,,,,,,,,,,,,,,,,,,
1944,0.0,0.0,rare,,,,,,,,,,,,,,,,,,,,,,,,,,,,,,,,,,,,
1945,0.0,0.0,rare,,,,,,,,,,,,,,,,,,,,,,,,,,,,,,,,,,,,
1946,0.0,0.0,rare,,,,,,,,,,,,,,,,,,,,,,,,,,,,,,,,,,,,
1947,0.0,0.0,rare,,,,,,,,,,,,,,,,,,,,,,,,,,,,,,,,,,,,
1948,0.0,0.0,rare,,,,,,,,,,,,,,,,,,,,,,,,,,,,,,,,,,,,
1949,0.0,0.0,rare,,,,,,,,,,,,,,,,,,,,,,,,,,,,,,,,,,,,
1950,0.0006626905235255136,13.90721607208252,rare,,,,,,,,,,,,,,,,,,,,,,,,,,,,,,,,,,,,
1951,0.0,0.0,rare,,,,,,,,,,,,,,,,,,,,,,,,,,,,,,,,,,,,
1952,0.0,0.0,rare,,,,,,,,,,,,,,,,,,,,,,,,,,,,,,,,,,,,
1953,0.0,0.0,rare,,,,,,,,,,,,,,,,,,,,,,,,,,,,,,,,,,,,
1954,0.003976143141153081,12.432760238647461,rare,,,,,,,,,,,,,,,,,,,,,,,,,,,,,,,,,,,,
1955,0.0,0.0,rare,,,,,,,,,,,,,,,,,,,,,,,,,,,,,,,,,,,,
1956,0.0,0.0,rare,,,,,,,,,,,,,,,,,,,,,,,,,,,,,,,,,,,,
1957,0.0,0.0,rare,,,,,,,,,,,,,,,,,,,,,,,,,,,,,,,,,,,,
1958,0.0,0.0,rare,,,,,,,,,,,,,,,,,,,,,,,,,,,,,,,,,,,,
1959,0.0,0.0,rare,,,,,,,,,,,,,,,,,,,,,,,,,,,,,,,,,,,,
1960,0.0,0.0,rare,,,,,,,,,,,,,,,,,,,,,,,,,,,,,,,,,,,,
1961,0.0,0.0,rare,,,,,,,,,,,,,,,,,,,,,,,,,,,,,,,,,,,,
1962,0.0,0.0,rare,,,,,,,,,,,,,,,,,,,,,,,,,,,,,,,,,,,,
1963,0.0,0.0,rare,,,,,,,,,,,,,,,,,,,,,,,,,,,,,,,,,,,,
1964,0.0,0.0,rare,,,,,,,,,,,,,,,,,,,,,,,,,,,,,,,,,,,,
1965,0.0,0.0,rare,,,,,,,,,,,,,,,,,,,,,,,,,,,,,,,,,,,,
1966,0.0019880715705765406,32.348899841308594,rare,,,,,,,,,,,,,,,,,,,,,,,,,,,,,,,,,,,,
1967,0.0,0.0,rare,,,,,,,,,,,,,,,,,,,,,,,,,,,,,,,,,,,,
1968,0.0,0.0,rare,,,,,,,,,,,,,,,,,,,,,,,,,,,,,,,,,,,,
1969,0.015241882041086813,149.80697631835938,imaging,0.4901793339026473,0.4899738448125545,0.5142150803461063,0.028430160692212603,0.16742309258893168,0.034109289602327376,-0.17852141773470948,-0.0273957369054066,-0.050323287632785985,-0.0017809736841749016,0.16661513270084893,0.03398505191439122,-0.06759287882862161,0.007537122577653633,1.8489775946503153,0.15952320776939113,0.23201165015837252,0.04128462893186295,2.0129527608476976,0.18301184060555062,-1.389478169328658,-0.14149436916469232,-1.4375127446074807,-0.14414908795919204,-0.9742102886627042,-0.10017818292036346,-0.5743068948628789,-0.06617069411837787,-0.8275461348212194,-0.10744357352403,-0.549309636765766,-0.0873378447376177,frac_graphite,-0.17852141773470948,p1_c2,2.0129527608476976
1970,0.0,0.0,rare,,,,,,,,,,,,,,,,,,,,,,,,,,,,,,,,,,,,
1971,0.0,0.0,rare,,,,,,,,,,,,,,,,,,,,,,,,,,,,,,,,,,,,
1972,0.0,0.0,rare,,,,,,,,,,,,,,,,,,,,,,,,,,,,,,,,,,,,
1973,0.0,0.0,rare,,,,,,,,,,,,,,,,,,,,,,,,,,,,,,,,,,,,
1974,0.0,0.0,rare,,,,,,,,,,,,,,,,,,,,,,,,,,,,,,,,,,,,
1975,0.0,0.0,rare,,,,,,,,,,,,,,,,,,,,,,,,,,,,,,,,,,,,
1976,0.0,0.0,rare,,,,,,,,,,,,,,,,,,,,,,,,,,,,,,,,,,,,
1977,0.0,0.0,rare,,,,,,,,,,,,,,,,,,,,,,,,,,,,,,,,,,,,
1978,0.0,0.0,rare,,,,,,,,,,,,,,,,,,,,,,,,,,,,,,,,,,,,
1979,0.0,0.0,rare,,,,,,,,,,,,,,,,,,,,,,,,,,,,,,,,,,,,
1980,0.0,0.0,rare,,,,,,,,,,,,,,,,,,,,,,,,,,,,,,,,,,,,
1981,0.0,0.0,rare,,,,,,,,,,,,,,,,,,,,,,,,,,,,,,,,,,,,
1982,0.0,0.0,rare,,,,,,,,,,,,,,,,,,,,,,,,,,,,,,,,,,,,
1983,0.0,0.0,rare,,,,,,,,,,,,,,,,,,,,,,,,,,,,,,,,,,,,
1984,0.0,0.0,rare,,,,,,,,,,,,,,,,,,,,,,,,,,,,,,,,,,,,
1985,0.0,0.0,rare,,,,,,,,,,,,,,,,,,,,,,,,,,,,,,,,,,,,
1986,0.0,0.0,rare,,,,,,,,,,,,,,,,,,,,,,,,,,,,,,,,,,,,
1987,0.0,0.0,rare,,,,,,,,,,,,,,,,,,,,,,,,,,,,,,,,,,,,
1988,0.008614976805831677,87.70037841796875,imaging,0.4982491068676446,0.4961549947737793,0.5040429101183118,0.008085820236623631,-0.5138186648163285,-0.03893472511274198,0.5589437336442221,0.052923082495849684,-0.25982154138409547,-0.02084042299255909,-0.514328552113301,-0.039017119965197404,-0.3368329093711544,-0.03243408064992298,-0.3039746229021208,-0.015555238259123916,0.6473814614649062,0.033101567892251334,-0.4577355614124485,-0.03380860634525416,0.16948316142487643,-0.00568810877134019,0.2276944418578332,0.0036231963335121354,0.1074196218493949,-0.01000555079992734,0.06914358501603336,-0.0006289358573878026,0.25229257702488794,0.00306278835846082,-0.05367048610162976,-0.005232619793601013,frac_graphite,0.5589437336442221,p1_c1,0.6473814614649062
1989,0.0,0.0,rare,,,,,,,,,,,,,,,,,,,,,,,,,,,,,,,,,,,,
1990,0.0,0.0,rare,,,,,,,,,,,,,,,,,,,,,,,,,,,,,,,,,,,,
1991,0.0,0.0,rare,,,,,,,,,,,,,,,,,,,,,,,,,,,,,,,,,,,,
1992,0.0,0.0,rare,,,,,,,,,,,,,,,,,,,,,,,,,,,,,,,,,,,,
1993,0.0,0.0,rare,,,,,,,,,,,,,,,,,,,,,,,,,,,,,,,,,,,,
1994,0.0,0.0,rare,,,,,,,,,,,,,,,,,,,,,,,,,,,,,,,,,,,,
1995,0.0,0.0,rare,,,,,,,,,,,,,,,,,,,,,,,,,,,,,,,,,,,,
1996,0.0,0.0,rare,,,,,,,,,,,,,,,,,,,,,,,,,,,,,,,,,,,,
1997,0.0,0.0,rare,,,,,,,,,,,,,,,,,,,,,,,,,,,,,,,,,,,,
1998,0.0,0.0,rare,,,,,,,,,,,,,,,,,,,,,,,,,,,,,,,,,,,,
1999,0.005301524188204109,46.94975280761719,rare,,,,,,,,,,,,,,,,,,,,,,,,,,,,,,,,,,,,
2000,0.0,0.0,rare,,,,,,,,,,,,,,,,,,,,,,,,,,,,,,,,,,,,
2001,0.0,0.0,rare,,,,,,,,,,,,,,,,,,,,,,,,,,,,,,,,,,,,
2002,0.0,0.0,rare,,,,,,,,,,,,,,,,,,,,,,,,,,,,,,,,,,,,
2003,0.0,0.0,rare,,,,,,,,,,,,,,,,,,,,,,,,,,,,,,,,,,,,
2004,0.0,0.0,rare,,,,,,,,,,,,,,,,,,,,,,,,,,,,,,,,,,,,
2005,0.0006626905235255136,19.185237884521484,rare,,,,,,,,,,,,,,,,,,,,,,,,,,,,,,,,,,,,
2006,0.00927766732935719,117.13516998291016,material,0.5016296191491619,0.4993449161155452,0.4993413385131555,0.0032592382983238632,0.20871315291088502,0.03717199817283006,-0.7060163668127498,-0.07635144077939483,1.3176829443089004,0.07578674148612224,0.20788712685644448,0.037140220000724124,-0.13707184568681988,0.00837390644725609,-0.5953752591636774,-0.07134851616151074,-0.9402361163482034,-0.0871129740106021,-0.48380785488267136,-0.05032127711355086,0.47104193833301233,0.04417419809093345,0.6003915705287283,0.06011191181650421,0.402849182488064,0.039749783474391225,-0.20037832702187144,-0.018116187993979963,0.1986915622719819,0.03672140019264499,-0.6101842543813975,-0.048811358033281835,frac_pore,1.3176829443089004,p1_c1,-0.9402361163482034
2007,0.0,0.0,rare,,,,,,,,,,,,,,,,,,,,,,,,,,,,,,,,,,,,
2008,0.0,0.0,rare,,,,,,,,,,,,,,,,,,,,,,,,,,,,,,,,,,,,
2009,0.0,0.0,rare,,,,,,,,,,,,,,,,,,,,,,,,,,,,,,,,,,,,
2010,0.0,0.0,rare,,,,,,,,,,,,,,,,,,,,,,,,,,,,,,,,,,,,
2011,0.0,0.0,rare,,,,,,,,,,,,,,,,,,,,,,,,,,,,,,,,,,,,
2012,0.0,0.0,rare,,,,,,,,,,,,,,,,,,,,,,,,,,,,,,,,,,,,
2013,0.0,0.0,rare,,,,,,,,,,,,,,,,,,,,,,,,,,,,,,,,,,,,
2014,0.0006626905235255136,13.924789428710938,rare,,,,,,,,,,,,,,,,,,,,,,,,,,,,,,,,,,,,
2015,0.0,0.0,rare,,,,,,,,,,,,,,,,,,,,,,,,,,,,,,,,,,,,
2016,0.0,0.0,rare,,,,,,,,,,,,,,,,,,,,,,,,,,,,,,,,,,,,
2017,0.0,0.0,rare,,,,,,,,,,,,,,,,,,,,,,,,,,,,,,,,,,,,
2018,0.0019880715705765406,40.21723937988281,rare,,,,,,,,,,,,,,,,,,,,,,,,,,,,,,,,,,,,
2019,0.0,0.0,rare,,,,,,,,,,,,,,,,,,,,,,,,,,,,,,,,,,,,
2020,0.0,0.0,rare,,,,,,,,,,,,,,,,,,,,,,,,,,,,,,,,,,,,
2021,0.0,0.0,rare,,,,,,,,,,,,,,,,,,,,,,,,,,,,,,,,,,,,
2022,0.0,0.0,rare,,,,,,,,,,,,,,,,,,,,,,,,,,,,,,,,,,,,
2023,0.0,0.0,rare,,,,,,,,,,,,,,,,,,,,,,,,,,,,,,,,,,,,
2024,0.0013253810470510272,25.503448486328125,rare,,,,,,,,,,,,,,,,,,,,,,,,,,,,,,,,,,,,
2025,0.0,0.0,rare,,,,,,,,,,,,,,,,,,,,,,,,,,,,,,,,,,,,
2026,0.0,0.0,rare,,,,,,,,,,,,,,,,,,,,,,,,,,,,,,,,,,,,
2027,0.0,0.0,rare,,,,,,,,,,,,,,,,,,,,,,,,,,,,,,,,,,,,
2028,0.0,0.0,rare,,,,,,,,,,,,,,,,,,,,,,,,,,,,,,,,,,,,
2029,0.0,0.0,rare,,,,,,,,,,,,,,,,,,,,,,,,,,,,,,,,,,,,
2030,0.0,0.0,rare,,,,,,,,,,,,,,,,,,,,,,,,,,,,,,,,,,,,
2031,0.0,0.0,rare,,,,,,,,,,,,,,,,,,,,,,,,,,,,,,,,,,,,
2032,0.0,0.0,rare,,,,,,,,,,,,,,,,,,,,,,,,,,,,,,,,,,,,
2033,0.008614976805831677,85.36426544189453,imaging,0.49444918872758326,0.49614295279060916,0.5067075754900229,0.013415150980045754,-0.02705460658970886,0.010978595898835127,0.024149256425191945,-0.002069461465592142,-0.006774818492788333,-0.005606317439753052,-0.02777747406084203,0.010912706087896212,-0.3368328811381466,-0.03243408064992298,1.0959194193339292,0.06107583675943535,0.29500873904835984,0.04069821773256592,1.2115739267509147,0.08230731164627415,-1.0518992950980244,-0.08928000583013222,-1.0670771004371473,-0.0862460052131253,-0.8709293138950512,-0.06863200501030167,-0.38790958860986047,-0.04020121347496274,-0.6544071729162666,-0.057540251276931,-0.375424240712776,-0.028374077676652617,K04_agglom_frac,-0.3368328811381466,p1_c2,1.2115739267509147
2034,0.0,0.0,rare,,,,,,,,,,,,,,,,,,,,,,,,,,,,,,,,,,,,
2035,0.0,0.0,rare,,,,,,,,,,,,,,,,,,,,,,,,,,,,,,,,,,,,
2036,0.0,0.0,rare,,,,,,,,,,,,,,,,,,,,,,,,,,,,,,,,,,,,
2037,0.0,0.0,rare,,,,,,,,,,,,,,,,,,,,,,,,,,,,,,,,,,,,
2038,0.005964214711729622,70.20999908447266,rare,,,,,,,,,,,,,,,,,,,,,,,,,,,,,,,,,,,,
2039,0.0,0.0,rare,,,,,,,,,,,,,,,,,,,,,,,,,,,,,,,,,,,,
2040,0.0026507620941020544,37.32538986206055,rare,,,,,,,,,,,,,,,,,,,,,,,,,,,,,,,,,,,,
2041,0.0,0.0,rare,,,,,,,,,,,,,,,,,,,,,,,,,,,,,,,,,,,,
2042,0.0,0.0,rare,,,,,,,,,,,,,,,,,,,,,,,,,,,,,,,,,,,,
2043,0.0,0.0,rare,,,,,,,,,,,,,,,,,,,,,,,,,,,,,,,,,,,,
2044,0.0,0.0,rare,,,,,,,,,,,,,,,,,,,,,,,,,,,,,,,,,,,,
2045,0.0,0.0,rare,,,,,,,,,,,,,,,,,,,,,,,,,,,,,,,,,,,,
2046,0.0,0.0,rare,,,,,,,,,,,,,,,,,,,,,,,,,,,,,,,,,,,,
2047,0.0,0.0,rare,,,,,,,,,,,,,,,,,,,,,,,,,,,,,,,,,,,,
2048,0.0006626905235255136,13.52570915222168,rare,,,,,,,,,,,,,,,,,,,,,,,,,,,,,,,,,,,,
2049,0.004638833664678595,39.60173034667969,rare,,,,,,,,,,,,,,,,,,,,,,,,,,,,,,,,,,,,
2050,0.0,0.0,rare,,,,,,,,,,,,,,,,,,,,,,,,,,,,,,,,,,,,
2051,0.0,0.0,rare,,,,,,,,,,,,,,,,,,,,,,,,,,,,,,,,,,,,
2052,0.012591119946984758,105.3377685546875,material,0.49953764293907504,0.500779116311107,0.49975189828712696,0.0015582326222141063,-0.7368758840749333,-0.07672835033989832,0.8126674482182835,0.07933388389302763,-0.2548031551520798,-0.008276106620187714,-0.7372881741453582,-0.07676902803309645,-0.3368329044525159,-0.03714108944052332,-0.11651248811162354,0.0027892408593013463,0.22495095371208806,0.028816748791032125,-0.0005079969454737369,0.01152385506996558,-0.14953554291258989,-0.024478514850897998,-0.07290747252393352,-0.006556386620794803,-0.1443917115591523,-0.024717060398232595,0.7248406939133529,0.039764038215069915,-0.11765362782487153,-0.016822778876176375,0.5332228209125777,0.05177816734523686,frac_graphite,0.8126674482182835,sharpness_c0,0.7248406939133529
2053,0.0,0.0,rare,,,,,,,,,,,,,,,,,,,,,,,,,,,,,,,,,,,,
2054,0.0,0.0,rare,,,,,,,,,,,,,,,,,,,,,,,,,,,,,,,,,,,,
2055,0.0,0.0,rare,,,,,,,,,,,,,,,,,,,,,,,,,,,,,,,,,,,,
2056,0.0,0.0,rare,,,,,,,,,,,,,,,,,,,,,,,,,,,,,,,,,,,,
2057,0.0,0.0,rare,,,,,,,,,,,,,,,,,,,,,,,,,,,,,,,,,,,,
2058,0.0,0.0,rare,,,,,,,,,,,,,,,,,,,,,,,,,,,,,,,,,,,,
2059,0.0006626905235255136,18.03030014038086,rare,,,,,,,,,,,,,,,,,,,,,,,,,,,,,,,,,,,,
2060,0.0026507620941020544,27.491188049316406,rare,,,,,,,,,,,,,,,,,,,,,,,,,,,,,,,,,,,,
2061,0.0,0.0,rare,,,,,,,,,,,,,,,,,,,,,,,,,,,,,,,,,,,,
2062,0.0,0.0,rare,,,,,,,,,,,,,,,,,,,,,,,,,,,,,,,,,,,,
2063,0.02982107355864811,303.937255859375,material,0.49028418536728324,0.48938017504226733,0.5145770792865973,0.0291541585731947,-0.37373859843518936,-0.06469273624704189,-0.42780801253036066,-0.09212528624171143,1.4785584129477782,0.17351236144451415,-0.35126657286760793,-0.061775752579551015,-0.1850760973518868,-0.032723663343125015,-0.26785290856155913,-0.02597460554264915,-0.3674314134988839,-0.08373301551487757,-0.35491080460739294,-0.08229702343560762,-1.0720288358974677,-0.14701056612760996,-0.7890491242535094,-0.11504745809404221,-1.4323161245808094,-0.17066023547748607,-0.5110914436859109,-0.05865895392985492,-0.9838955760651414,-0.15198877631789803,-1.3027801392172227,-0.19212873784610965,frac_pore,1.4785584129477782,noise_sigma_c2,-1.4323161245808094
2064,0.0,0.0,rare,,,,,,,,,,,,,,,,,,,,,,,,,,,,,,,,,,,,
2065,0.0,0.0,rare,,,,,,,,,,,,,,,,,,,,,,,,,,,,,,,,,,,,
2066,0.0,0.0,rare,,,,,,,,,,,,,,,,,,,,,,,,,,,,,,,,,,,,
2067,0.0,0.0,rare,,,,,,,,,,,,,,,,,,,,,,,,,,,,,,,,,,,,
2068,0.0,0.0,rare,,,,,,,,,,,,,,,,,,,,,,,,,,,,,,,,,,,,
2069,0.0,0.0,rare,,,,,,,,,,,,,,,,,,,,,,,,,,,,,,,,,,,,
2070,0.0,0.0,rare,,,,,,,,,,,,,,,,,,,,,,,,,,,,,,,,,,,,
2071,0.0,0.0,rare,,,,,,,,,,,,,,,,,,,,,,,,,,,,,,,,,,,,
2072,0.0,0.0,rare,,,,,,,,,,,,,,,,,,,,,,,,,,,,,,,,,,,,
2073,0.0,0.0,rare,,,,,,,,,,,,,,,,,,,,,,,,,,,,,,,,,,,,
2074,0.0,0.0,rare,,,,,,,,,,,,,,,,,,,,,,,,,,,,,,,,,,,,
2075,0.0,0.0,rare,,,,,,,,,,,,,,,,,,,,,,,,,,,,,,,,,,,,
2076,0.0,0.0,rare,,,,,,,,,,,,,,,,,,,,,,,,,,,,,,,,,,,,
2077,0.0019880715705765406,25.487335205078125,rare,,,,,,,,,,,,,,,,,,,,,,,,,,,,,,,,,,,,
2078,0.0,0.0,rare,,,,,,,,,,,,,,,,,,,,,,,,,,,,,,,,,,,,
2079,0.0,0.0,rare,,,,,,,,,,,,,,,,,,,,,,,,,,,,,,,,,,,,
2080,0.0,0.0,rare,,,,,,,,,,,,,,,,,,,,,,,,,,,,,,,,,,,,
2081,0.0,0.0,rare,,,,,,,,,,,,,,,,,,,,,,,,,,,,,,,,,,,,
2082,0.0006626905235255136,0.26364049315452576,rare,,,,,,,,,,,,,,,,,,,,,,,,,,,,,,,,,,,,
2083,0.0,0.0,rare,,,,,,,,,,,,,,,,,,,,,,,,,,,,,,,,,,,,
2084,0.0026507620941020544,34.382484436035156,rare,,,,,,,,,,,,,,,,,,,,,,,,,,,,,,,,,,,,
2085,0.0,0.0,rare,,,,,,,,,,,,,,,,,,,,,,,,,,,,,,,,,,,,
2086,0.005301524188204109,65.81513977050781,rare,,,,,,,,,,,,,,,,,,,,,,,,,,,,,,,,,,,,
2087,0.0,0.0,rare,,,,,,,,,,,,,,,,,,,,,,,,,,,,,,,,,,,,
2088,0.0,0.0,rare,,,,,,,,,,,,,,,,,,,,,,,,,,,,,,,,,,,,
2089,0.0,0.0,rare,,,,,,,,,,,,,,,,,,,,,,,,,,,,,,,,,,,,
2090,0.0,0.0,rare,,,,,,,,,,,,,,,,,,,,,,,,,,,,,,,,,,,,
2091,0.0,0.0,rare,,,,,,,,,,,,,,,,,,,,,,,,,,,,,,,,,,,,
2092,0.0,0.0,rare,,,,,,,,,,,,,,,,,,,,,,,,,,,,,,,,,,,,
2093,0.009940357852882704,105.12030792236328,imaging,0.4974001889852905,0.5116325557423401,0.4932880098887515,0.023265111484680245,-0.6615910548577258,-0.0890086070788461,0.7953945902689181,0.10092647283890889,-0.47492194944618127,-0.046310417524399725,-0.6620362853490169,-0.08905467296116402,-0.33683293011567017,-0.03243408064992298,-0.29404727702832123,-0.018238214232528825,0.37564254988587975,0.037311234836601065,-0.18555426928584184,0.007775507406928968,0.5319713947100613,0.04113935244308154,0.2710095255288203,0.01231047795305238,0.5740994730855999,0.05619840817612783,0.9426224312012635,0.09845934308862239,0.5745766466490506,0.04753702388773014,1.077621016444898,0.10782969751416835,frac_graphite,0.7953945902689181,sharpness_c2,1.077621016444898
2094,0.0,0.0,rare,,,,,,,,,,,,,,,,,,,,,,,,,,,,,,,,,,,,
2095,0.0,0.0,rare,,,,,,,,,,,,,,,,,,,,,,,,,,,,,,,,,,,,
2096,0.0006626905235255136,0.5972240567207336,rare,,,,,,,,,,,,,,,,,,,,,,,,,,,,,,,,,,,,
2097,0.0,0.0,rare,,,,,,,,,,,,,,,,,,,,,,,,,,,,,,,,,,,,
2098,0.0,0.0,rare,,,,,,,,,,,,,,,,,,,,,,,,,,,,,,,,,,,,
2099,0.0,0.0,rare,,,,,,,,,,,,,,,,,,,,,,,,,,,,,,,,,,,,
2100,0.0,0.0,rare,,,,,,,,,,,,,,,,,,,,,,,,,,,,,,,,,,,,
2101,0.0,0.0,rare,,,,,,,,,,,,,,,,,,,,,,,,,,,,,,,,,,,,
2102,0.0,0.0,rare,,,,,,,,,,,,,,,,,,,,,,,,,,,,,,,,,,,,
2103,0.0,0.0,rare,,,,,,,,,,,,,,,,,,,,,,,,,,,,,,,,,,,,
2104,0.0,0.0,rare,,,,,,,,,,,,,,,,,,,,,,,,,,,,,,,,,,,,
2105,0.0,0.0,rare,,,,,,,,,,,,,,,,,,,,,,,,,,,,,,,,,,,,
2106,0.0013253810470510272,28.310462951660156,rare,,,,,,,,,,,,,,,,,,,,,,,,,,,,,,,,,,,,
2107,0.0,0.0,rare,,,,,,,,,,,,,,,,,,,,,,,,,,,,,,,,,,,,
2108,0.0,0.0,rare,,,,,,,,,,,,,,,,,,,,,,,,,,,,,,,,,,,,
2109,0.0,0.0,rare,,,,,,,,,,,,,,,,,,,,,,,,,,,,,,,,,,,,
2110,0.0,0.0,rare,,,,,,,,,,,,,,,,,,,,,,,,,,,,,,,,,,,,
2111,0.0,0.0,rare,,,,,,,,,,,,,,,,,,,,,,,,,,,,,,,,,,,,
2112,0.0,0.0,rare,,,,,,,,,,,,,,,,,,,,,,,,,,,,,,,,,,,,
2113,0.0,0.0,rare,,,,,,,,,,,,,,,,,,,,,,,,,,,,,,,,,,,,
2114,0.041749502982107355,397.7218017578125,mixed,0.4768594080819004,0.5387342430650219,0.48777326505385843,0.07746848613004387,0.10187345663950914,0.04252255718681517,-0.22951712061336504,-0.05395684233010786,0.2767543650925827,0.05760678367771983,0.10109417760154578,0.04236252582338988,0.10554565730280949,-0.0033895253995404944,-0.28036601540457445,-0.030007844807351792,-0.4250106415452166,-0.0513535841625592,-0.16833171642998235,-0.003217751277475325,0.26026765196637447,-0.01504833022876543,-0.17665188776161772,-0.09266248029076021,0.08447270790246254,-0.023777035628420415,-0.034564505057191094,-0.027668916144378365,-0.48218729572154695,-0.11353415987640872,-0.25488600171864934,-0.028651374314305453,frac_pore,0.2767543650925827,sharpness_c1,-0.48218729572154695
2115,0.0,0.0,rare,,,,,,,,,,,,,,,,,,,,,,,,,,,,,,,,,,,,
2116,0.0,0.0,rare,,,,,,,,,,,,,,,,,,,,,,,,,,,,,,,,,,,,
2117,0.0,0.0,rare,,,,,,,,,,,,,,,,,,,,,,,,,,,,,,,,,,,,
2118,0.0,0.0,rare,,,,,,,,,,,,,,,,,,,,,,,,,,,,,,,,,,,,
2119,0.0,0.0,rare,,,,,,,,,,,,,,,,,,,,,,,,,,,,,,,,,,,,
2120,0.0,0.0,rare,,,,,,,,,,,,,,,,,,,,,,,,,,,,,,,,,,,,
2121,0.0,0.0,rare,,,,,,,,,,,,,,,,,,,,,,,,,,,,,,,,,,,,
2122,0.0,0.0,rare,,,,,,,,,,,,,,,,,,,,,,,,,,,,,,,,,,,,
2123,0.0,0.0,rare,,,,,,,,,,,,,,,,,,,,,,,,,,,,,,,,,,,,
2124,0.0,0.0,rare,,,,,,,,,,,,,,,,,,,,,,,,,,,,,,,,,,,,
2125,0.0,0.0,rare,,,,,,,,,,,,,,,,,,,,,,,,,,,,,,,,,,,,
2126,0.0,0.0,rare,,,,,,,,,,,,,,,,,,,,,,,,,,,,,,,,,,,,
2127,0.0,0.0,rare,,,,,,,,,,,,,,,,,,,,,,,,,,,,,,,,,,,,
2128,0.0,0.0,rare,,,,,,,,,,,,,,,,,,,,,,,,,,,,,,,,,,,,
2129,0.0033134526176275677,39.245723724365234,rare,,,,,,,,,,,,,,,,,,,,,,,,,,,,,,,,,,,,
2130,0.0,0.0,rare,,,,,,,,,,,,,,,,,,,,,,,,,,,,,,,,,,,,
2131,0.0,0.0,rare,,,,,,,,,,,,,,,,,,,,,,,,,,,,,,,,,,,,
2132,0.0,0.0,rare,,,,,,,,,,,,,,,,,,,,,,,,,,,,,,,,,,,,
2133,0.0,0.0,rare,,,,,,,,,,,,,,,,,,,,,,,,,,,,,,,,,,,,
2134,0.0,0.0,rare,,,,,,,,,,,,,,,,,,,,,,,,,,,,,,,,,,,,
2135,0.0,0.0,rare,,,,,,,,,,,,,,,,,,,,,,,,,,,,,,,,,,,,
2136,0.0,0.0,rare,,,,,,,,,,,,,,,,,,,,,,,,,,,,,,,,,,,,
2137,0.0,0.0,rare,,,,,,,,,,,,,,,,,,,,,,,,,,,,,,,,,,,,
2138,0.0,0.0,rare,,,,,,,,,,,,,,,,,,,,,,,,,,,,,,,,,,,,
2139,0.0,0.0,rare,,,,,,,,,,,,,,,,,,,,,,,,,,,,,,,,,,,,
2140,0.0,0.0,rare,,,,,,,,,,,,,,,,,,,,,,,,,,,,,,,,,,,,
2141,0.0,0.0,rare,,,,,,,,,,,,,,,,,,,,,,,,,,,,,,,,,,,,
2142,0.0,0.0,rare,,,,,,,,,,,,,,,,,,,,,,,,,,,,,,,,,,,,
2143,0.0,0.0,rare,,,,,,,,,,,,,,,,,,,,,,,,,,,,,,,,,,,,
2144,0.0,0.0,rare,,,,,,,,,,,,,,,,,,,,,,,,,,,,,,,,,,,,
2145,0.0013253810470510272,23.583322525024414,rare,,,,,,,,,,,,,,,,,,,,,,,,,,,,,,,,,,,,
2146,0.0,0.0,rare,,,,,,,,,,,,,,,,,,,,,,,,,,,,,,,,,,,,
2147,0.0,0.0,rare,,,,,,,,,,,,,,,,,,,,,,,,,,,,,,,,,,,,
2148,0.0,0.0,rare,,,,,,,,,,,,,,,,,,,,,,,,,,,,,,,,,,,,
2149,0.0026507620941020544,32.45785140991211,rare,,,,,,,,,,,,,,,,,,,,,,,,,,,,,,,,,,,,
2150,0.0,0.0,rare,,,,,,,,,,,,,,,,,,,,,,,,,,,,,,,,,,,,
2151,0.0,0.0,rare,,,,,,,,,,,,,,,,,,,,,,,,,,,,,,,,,,,,
2152,0.0,0.0,rare,,,,,,,,,,,,,,,,,,,,,,,,,,,,,,,,,,,,
2153,0.0,0.0,rare,,,,,,,,,,,,,,,,,,,,,,,,,,,,,,,,,,,,
2154,0.0033134526176275677,45.054683685302734,rare,,,,,,,,,,,,,,,,,,,,,,,,,,,,,,,,,,,,
2155,0.0,0.0,rare,,,,,,,,,,,,,,,,,,,,,,,,,,,,,,,,,,,,
2156,0.0026507620941020544,37.279541015625,rare,,,,,,,,,,,,,,,,,,,,,,,,,,,,,,,,,,,,
2157,0.0,0.0,rare,,,,,,,,,,,,,,,,,,,,,,,,,,,,,,,,,,,,
2158,0.0,0.0,rare,,,,,,,,,,,,,,,,,,,,,,,,,,,,,,,,,,,,
2159,0.0033134526176275677,43.964630126953125,rare,,,,,,,,,,,,,,,,,,,,,,,,,,,,,,,,,,,,
2160,0.005964214711729622,73.78250122070312,rare,,,,,,,,,,,,,,,,,,,,,,,,,,,,,,,,,,,,
2161,0.0,0.0,rare,,,,,,,,,,,,,,,,,,,,,,,,,,,,,,,,,,,,
2162,0.0,0.0,rare,,,,,,,,,,,,,,,,,,,,,,,,,,,,,,,,,,,,
2163,0.0,0.0,rare,,,,,,,,,,,,,,,,,,,,,,,,,,,,,,,,,,,,
2164,0.004638833664678595,54.61906051635742,rare,,,,,,,,,,,,,,,,,,,,,,,,,,,,,,,,,,,,
2165,0.0,0.0,rare,,,,,,,,,,,,,,,,,,,,,,,,,,,,,,,,,,,,
2166,0.0006626905235255136,15.117395401000977,rare,,,,,,,,,,,,,,,,,,,,,,,,,,,,,,,,,,,,
2167,0.0,0.0,rare,,,,,,,,,,,,,,,,,,,,,,,,,,,,,,,,,,,,
2168,0.0,0.0,rare,,,,,,,,,,,,,,,,,,,,,,,,,,,,,,,,,,,,
2169,0.007952286282306162,72.69346618652344,imaging,0.49487617421007685,0.4965776683830506,0.5060904114426982,0.012180822885396347,0.2433097769467791,0.03862582743348439,-0.2651215449087592,-0.0377018715313354,0.14260070436795047,0.026766175828288247,0.2424686133652082,0.03854001698038453,-0.05573188441646993,-0.005259388567802508,0.897457800841865,0.07481634181136967,0.2323456959897542,0.031650999628648216,0.930115742141864,0.07373129251371466,-0.6894203752825089,-0.06084216070208657,-0.8319336605766735,-0.05758683555347255,-0.4207898473047236,-0.03195638573778385,-0.6384032441351788,-0.064912208014408,-0.14667274210474612,0.003284744991338287,0.08597858908339528,0.011784688633427905,frac_graphite,-0.2651215449087592,p1_c2,0.930115742141864
2170,0.02385685884691849,214.00823974609375,imaging,0.5038125508466439,0.511430250425082,0.48895461769380194,0.02286050085016389,-0.5384779867450272,-0.07751214808558562,0.6408573208695612,0.08277456376505289,-0.2937290652572314,-0.036556007181748715,-0.5389770844973921,-0.07762666702854171,-0.26885972813238873,-0.035451793556979035,-0.23445032723092923,-0.038005039945801,0.4199914705640778,0.020948934803006202,-0.2002730931683147,-0.028393737038679076,0.46925963232241275,0.04909184549741604,0.43053485411235565,0.044577458546938224,0.4345031138512905,0.04496198831774373,0.8768558994921286,0.08942331903243497,0.69946862346184,0.0671681267899282,0.9112624899911044,0.11437391885067456,frac_graphite,0.6408573208695612,sharpness_c2,0.9112624899911044
2171,0.0,0.0,rare,,,,,,,,,,,,,,,,,,,,,,,,,,,,,,,,,,,,
2172,0.0,0.0,rare,,,,,,,,,,,,,,,,,,,,,,,,,,,,,,,,,,,,
2173,0.0,0.0,rare,,,,,,,,,,,,,,,,,,,,,,,,,,,,,,,,,,,,
2174,0.0,0.0,rare,,,,,,,,,,,,,,,,,,,,,,,,,,,,,,,,,,,,
2175,0.0,0.0,rare,,,,,,,,,,,,,,,,,,,,,,,,,,,,,,,,,,,,
2176,0.0,0.0,rare,,,,,,,,,,,,,,,,,,,,,,,,,,,,,,,,,,,,
2177,0.0,0.0,rare,,,,,,,,,,,,,,,,,,,,,,,,,,,,,,,,,,,,
2178,0.0,0.0,rare,,,,,,,,,,,,,,,,,,,,,,,,,,,,,,,,,,,,
2179,0.0,0.0,rare,,,,,,,,,,,,,,,,,,,,,,,,,,,,,,,,,,,,
2180,0.0,0.0,rare,,,,,,,,,,,,,,,,,,,,,,,,,,,,,,,,,,,,
2181,0.0,0.0,rare,,,,,,,,,,,,,,,,,,,,,,,,,,,,,,,,,,,,
2182,0.0,0.0,rare,,,,,,,,,,,,,,,,,,,,,,,,,,,,,,,,,,,,
2183,0.0,0.0,rare,,,,,,,,,,,,,,,,,,,,,,,,,,,,,,,,,,,,
2184,0.0,0.0,rare,,,,,,,,,,,,,,,,,,,,,,,,,,,,,,,,,,,,
2185,0.0,0.0,rare,,,,,,,,,,,,,,,,,,,,,,,,,,,,,,,,,,,,
2186,0.0,0.0,rare,,,,,,,,,,,,,,,,,,,,,,,,,,,,,,,,,,,,
2187,0.0,0.0,rare,,,,,,,,,,,,,,,,,,,,,,,,,,,,,,,,,,,,
2188,0.0,0.0,rare,,,,,,,,,,,,,,,,,,,,,,,,,,,,,,,,,,,,
2189,0.0,0.0,rare,,,,,,,,,,,,,,,,,,,,,,,,,,,,,,,,,,,,
2190,0.0013253810470510272,18.297222137451172,rare,,,,,,,,,,,,,,,,,,,,,,,,,,,,,,,,,,,,
2191,0.0,0.0,rare,,,,,,,,,,,,,,,,,,,,,,,,,,,,,,,,,,,,
2192,0.0,0.0,rare,,,,,,,,,,,,,,,,,,,,,,,,,,,,,,,,,,,,
2193,0.0,0.0,rare,,,,,,,,,,,,,,,,,,,,,,,,,,,,,,,,,,,,
2194,0.0,0.0,rare,,,,,,,,,,,,,,,,,,,,,,,,,,,,,,,,,,,,
2195,0.0019880715705765406,37.30104064941406,rare,,,,,,,,,,,,,,,,,,,,,,,,,,,,,,,,,,,,
2196,0.0,0.0,rare,,,,,,,,,,,,,,,,,,,,,,,,,,,,,,,,,,,,
2197,0.0,0.0,rare,,,,,,,,,,,,,,,,,,,,,,,,,,,,,,,,,,,,
2198,0.0,0.0,rare,,,,,,,,,,,,,,,,,,,,,,,,,,,,,,,,,,,,
2199,0.0,0.0,rare,,,,,,,,,,,,,,,,,,,,,,,,,,,,,,,,,,,,
2200,0.0,0.0,rare,,,,,,,,,,,,,,,,,,,,,,,,,,,,,,,,,,,,
2201,0.0,0.0,rare,,,,,,,,,,,,,,,,,,,,,,,,,,,,,,,,,,,,
2202,0.0,0.0,rare,,,,,,,,,,,,,,,,,,,,,,,,,,,,,,,,,,,,
2203,0.0,0.0,rare,,,,,,,,,,,,,,,,,,,,,,,,,,,,,,,,,,,,
2204,0.0,0.0,rare,,,,,,,,,,,,,,,,,,,,,,,,,,,,,,,,,,,,
2205,0.0,0.0,rare,,,,,,,,,,,,,,,,,,,,,,,,,,,,,,,,,,,,
2206,0.0,0.0,rare,,,,,,,,,,,,,,,,,,,,,,,,,,,,,,,,,,,,
2207,0.0,0.0,rare,,,,,,,,,,,,,,,,,,,,,,,,,,,,,,,,,,,,
2208,0.0,0.0,rare,,,,,,,,,,,,,,,,,,,,,,,,,,,,,,,,,,,,
2209,0.0,0.0,rare,,,,,,,,,,,,,,,,,,,,,,,,,,,,,,,,,,,,
2210,0.0,0.0,rare,,,,,,,,,,,,,,,,,,,,,,,,,,,,,,,,,,,,
2211,0.02385685884691849,194.7301025390625,material,0.48655122057211,0.5060571175345726,0.5049585025604802,0.026897558855780046,-0.4094918221825441,-0.05327499914788487,0.18029761960627708,0.002658297055923657,0.8221680883066497,0.12161874111919072,-0.4100473568776013,-0.05339443291232311,-0.26325788880516177,-0.03676098716428028,-0.41829329863824277,-0.059593601636705025,-0.3181421360887985,-0.04025634718519944,-0.3556330722106793,-0.05301444272313047,-0.010442660113352363,-0.04867033713665672,0.22285050763994657,0.01104773346528832,0.02878374804243026,-0.04012776765689981,0.06747206634597752,-0.014442722053646148,0.06332335855497861,0.016629254561974095,-0.053276194712984136,-0.013795391959853536,frac_pore,0.8221680883066497,p1_c0,-0.41829329863824277
2212,0.0,0.0,rare,,,,,,,,,,,,,,,,,,,,,,,,,,,,,,,,,,,,
2213,0.013916500994035786,168.1761932373047,imaging,0.5234273543575257,0.4981262674187287,0.485,0.046854708715051485,0.9627410144728625,0.07723142613189789,-0.7679546257527651,-0.0494070679195289,-0.5524849364957076,-0.06914550207719669,0.9615850688183868,0.07712729396387506,0.4625664201250009,0.06975907970489238,-0.6085702670239636,-0.09185934161394187,-0.6845939638102947,-0.0747961831518712,-0.47986137305626786,-0.0748353146224221,1.2615025201981132,0.1651040094989019,1.1267857987295917,0.15281167536802734,1.3594122551882521,0.17223272521467373,-0.020523266949228063,0.029317630321101927,0.9140218170628431,0.12437451292608594,0.9342088020383504,0.1538029504292591,frac_si,0.9627410144728625,noise_sigma_c2,1.3594122551882521
2214,0.0,0.0,rare,,,,,,,,,,,,,,,,,,,,,,,,,,,,,,,,,,,,
2215,0.0,0.0,rare,,,,,,,,,,,,,,,,,,,,,,,,,,,,,,,,,,,,
2216,0.0,0.0,rare,,,,,,,,,,,,,,,,,,,,,,,,,,,,,,,,,,,,
2217,0.0,0.0,rare,,,,,,,,,,,,,,,,,,,,,,,,,,,,,,,,,,,,
2218,0.0,0.0,rare,,,,,,,,,,,,,,,,,,,,,,,,,,,,,,,,,,,,
2219,0.0,0.0,rare,,,,,,,,,,,,,,,,,,,,,,,,,,,,,,,,,,,,
2220,0.0,0.0,rare,,,,,,,,,,,,,,,,,,,,,,,,,,,,,,,,,,,,
2221,0.0,0.0,rare,,,,,,,,,,,,,,,,,,,,,,,,,,,,,,,,,,,,
2222,0.0,0.0,rare,,,,,,,,,,,,,,,,,,,,,,,,,,,,,,,,,,,,
2223,0.0,0.0,rare,,,,,,,,,,,,,,,,,,,,,,,,,,,,,,,,,,,,
2224,0.0,0.0,rare,,,,,,,,,,,,,,,,,,,,,,,,,,,,,,,,,,,,
2225,0.0,0.0,rare,,,,,,,,,,,,,,,,,,,,,,,,,,,,,,,,,,,,
2226,0.0,0.0,rare,,,,,,,,,,,,,,,,,,,,,,,,,,,,,,,,,,,,
2227,0.0,0.0,rare,,,,,,,,,,,,,,,,,,,,,,,,,,,,,,,,,,,,
2228,0.0,0.0,rare,,,,,,,,,,,,,,,,,,,,,,,,,,,,,,,,,,,,
2229,0.005301524188204109,61.58256530761719,rare,,,,,,,,,,,,,,,,,,,,,,,,,,,,,,,,,,,,
2230,0.0,0.0,rare,,,,,,,,,,,,,,,,,,,,,,,,,,,,,,,,,,,,
2231,0.0,0.0,rare,,,,,,,,,,,,,,,,,,,,,,,,,,,,,,,,,,,,
2232,0.0,0.0,rare,,,,,,,,,,,,,,,,,,,,,,,,,,,,,,,,,,,,
2233,0.00728959575878065,66.80169677734375,imaging,0.5067509183977686,0.5006683300659419,0.4947916298781565,0.013501836795537292,0.1723539502801025,0.032574632391854645,-0.11006393589514173,-0.01553846305448182,-0.10566877960442882,-0.00781364767931031,0.17154383298282638,0.032485142746825534,0.12771478438842698,-0.001539067588128193,-0.39890199848801916,-0.036358349017627245,-0.38806754072163047,-0.030281646732863102,-0.3048931932006017,-0.019432327686437448,0.5852624025686358,0.04138523549774436,0.431710935739783,0.024659993422570716,0.5146079020885114,0.0345466096700405,-0.4106522084681154,-0.03137392266223925,0.16921936742742957,0.01108469626216334,0.6637842394311742,0.06937214521401966,frac_si,0.1723539502801025,sharpness_c2,0.6637842394311742
2234,0.0,0.0,rare,,,,,,,,,,,,,,,,,,,,,,,,,,,,,,,,,,,,
2235,0.0,0.0,rare,,,,,,,,,,,,,,,,,,,,,,,,,,,,,,,,,,,,
2236,0.0,0.0,rare,,,,,,,,,,,,,,,,,,,,,,,,,,,,,,,,,,,,
2237,0.0,0.0,rare,,,,,,,,,,,,,,,,,,,,,,,,,,,,,,,,,,,,
2238,0.0,0.0,rare,,,,,,,,,,,,,,,,,,,,,,,,,,,,,,,,,,,,
2239,0.0,0.0,rare,,,,,,,,,,,,,,,,,,,,,,,,,,,,,,,,,,,,
2240,0.0,0.0,rare,,,,,,,,,,,,,,,,,,,,,,,,,,,,,,,,,,,,
2241,0.0,0.0,rare,,,,,,,,,,,,,,,,,,,,,,,,,,,,,,,,,,,,
2242,0.0,0.0,rare,,,,,,,,,,,,,,,,,,,,,,,,,,,,,,,,,,,,
2243,0.0,0.0,rare,,,,,,,,,,,,,,,,,,,,,,,,,,,,,,,,,,,,
2244,0.0,0.0,rare,,,,,,,,,,,,,,,,,,,,,,,,,,,,,,,,,,,,
2245,0.0,0.0,rare,,,,,,,,,,,,,,,,,,,,,,,,,,,,,,,,,,,,
2246,0.0,0.0,rare,,,,,,,,,,,,,,,,,,,,,,,,,,,,,,,,,,,,
2247,0.0,0.0,rare,,,,,,,,,,,,,,,,,,,,,,,,,,,,,,,,,,,,
2248,0.0,0.0,rare,,,,,,,,,,,,,,,,,,,,,,,,,,,,,,,,,,,,
2249,0.0,0.0,rare,,,,,,,,,,,,,,,,,,,,,,,,,,,,,,,,,,,,
2250,0.0,0.0,rare,,,,,,,,,,,,,,,,,,,,,,,,,,,,,,,,,,,,
2251,0.0,0.0,rare,,,,,,,,,,,,,,,,,,,,,,,,,,,,,,,,,,,,
2252,0.0,0.0,rare,,,,,,,,,,,,,,,,,,,,,,,,,,,,,,,,,,,,
2253,0.0,0.0,rare,,,,,,,,,,,,,,,,,,,,,,,,,,,,,,,,,,,,
2254,0.0,0.0,rare,,,,,,,,,,,,,,,,,,,,,,,,,,,,,,,,,,,,
2255,0.0,0.0,rare,,,,,,,,,,,,,,,,,,,,,,,,,,,,,,,,,,,,
2256,0.0,0.0,rare,,,,,,,,,,,,,,,,,,,,,,,,,,,,,,,,,,,,
2257,0.0,0.0,rare,,,,,,,,,,,,,,,,,,,,,,,,,,,,,,,,,,,,
2258,0.0,0.0,rare,,,,,,,,,,,,,,,,,,,,,,,,,,,,,,,,,,,,
2259,0.0,0.0,rare,,,,,,,,,,,,,,,,,,,,,,,,,,,,,,,,,,,,
2260,0.0,0.0,rare,,,,,,,,,,,,,,,,,,,,,,,,,,,,,,,,,,,,
2261,0.0,0.0,rare,,,,,,,,,,,,,,,,,,,,,,,,,,,,,,,,,,,,
2262,0.005301524188204109,61.234474182128906,rare,,,,,,,,,,,,,,,,,,,,,,,,,,,,,,,,,,,,
2263,0.0,0.0,rare,,,,,,,,,,,,,,,,,,,,,,,,,,,,,,,,,,,,
2264,0.0,0.0,rare,,,,,,,,,,,,,,,,,,,,,,,,,,,,,,,,,,,,
2265,0.02054340622929092,170.09780883789062,imaging,0.509679179783627,0.5009344578940016,0.4925498852198482,0.019358359567253958,0.13756309409030854,0.05199818497761846,-0.07047447300868184,-0.024022871218829202,-0.33794010391567014,-0.05011938505402996,0.13676819923872185,0.051826868051796156,-0.025238061952195915,-0.004321949632707762,-0.057443718498056164,-0.024953005628684737,-0.24248709501763713,-0.04777695318477011,-0.11086280466642093,0.0043976581516870245,0.5232234774106221,0.0946483727811001,0.24045809825209918,0.04533847979388124,0.591924178808477,0.09754255031636924,0.19623716821761808,0.042216755348227344,0.3656462247954269,0.0652252510140268,0.10624711567314962,0.030215083284874083,frac_pore,-0.33794010391567014,noise_sigma_c2,0.591924178808477
2266,0.0,0.0,rare,,,,,,,,,,,,,,,,,,,,,,,,,,,,,,,,,,,,
2267,0.0,0.0,rare,,,,,,,,,,,,,,,,,,,,,,,,,,,,,,,,,,,,
2268,0.005301524188204109,60.054622650146484,rare,,,,,,,,,,,,,,,,,,,,,,,,,,,,,,,,,,,,
2269,0.0013253810470510272,28.3665771484375,rare,,,,,,,,,,,,,,,,,,,,,,,,,,,,,,,,,,,,
2270,0.0,0.0,rare,,,,,,,,,,,,,,,,,,,,,,,,,,,,,,,,,,,,
2271,0.0,0.0,rare,,,,,,,,,,,,,,,,,,,,,,,,,,,,,,,,,,,,
2272,0.0,0.0,rare,,,,,,,,,,,,,,,,,,,,,,,,,,,,,,,,,,,,
2273,0.0,0.0,rare,,,,,,,,,,,,,,,,,,,,,,,,,,,,,,,,,,,,
2274,0.0,0.0,rare,,,,,,,,,,,,,,,,,,,,,,,,,,,,,,,,,,,,
2275,0.0,0.0,rare,,,,,,,,,,,,,,,,,,,,,,,,,,,,,,,,,,,,
2276,0.0,0.0,rare,,,,,,,,,,,,,,,,,,,,,,,,,,,,,,,,,,,,
2277,0.0,0.0,rare,,,,,,,,,,,,,,,,,,,,,,,,,,,,,,,,,,,,
2278,0.0,0.0,rare,,,,,,,,,,,,,,,,,,,,,,,,,,,,,,,,,,,,
2279,0.0,0.0,rare,,,,,,,,,,,,,,,,,,,,,,,,,,,,,,,,,,,,
2280,0.0,0.0,rare,,,,,,,,,,,,,,,,,,,,,,,,,,,,,,,,,,,,
2281,0.0,0.0,rare,,,,,,,,,,,,,,,,,,,,,,,,,,,,,,,,,,,,
2282,0.0033134526176275677,30.890291213989258,rare,,,,,,,,,,,,,,,,,,,,,,,,,,,,,,,,,,,,
2283,0.0,0.0,rare,,,,,,,,,,,,,,,,,,,,,,,,,,,,,,,,,,,,
2284,0.0,0.0,rare,,,,,,,,,,,,,,,,,,,,,,,,,,,,,,,,,,,,
2285,0.0019880715705765406,33.415977478027344,rare,,,,,,,,,,,,,,,,,,,,,,,,,,,,,,,,,,,,
2286,0.0,0.0,rare,,,,,,,,,,,,,,,,,,,,,,,,,,,,,,,,,,,,
2287,0.0,0.0,rare,,,,,,,,,,,,,,,,,,,,,,,,,,,,,,,,,,,,
2288,0.019880715705765408,168.09628295898438,imaging,0.48909544767785584,0.486922406277245,0.5172099593854848,0.034419918770969504,-0.45632724447599377,-0.06143635407435287,0.5604076655524346,0.08192887753288136,-0.48762762953159067,-0.04854435474854307,-0.4558867931469051,-0.06130664176974532,-0.3076235769582971,-0.03313799644153057,1.1842763586924936,0.14196913465714822,0.366782044633689,0.06264126174136021,1.2760082928156702,0.14789034373673515,-1.215993585508555,-0.1607225372579235,-1.2596975612160632,-0.16508376874300076,-1.1311855210253006,-0.14962174284012456,0.05927807331186355,-0.006206472518935363,-0.9777835830026607,-0.15369303837046358,-0.02072334286048012,-0.06621544478000671,frac_graphite,0.5604076655524346,p1_c2,1.2760082928156702
2289,0.0,0.0,rare,,,,,,,,,,,,,,,,,,,,,,,,,,,,,,,,,,,,
2290,0.0,0.0,rare,,,,,,,,,,,,,,,,,,,,,,,,,,,,,,,,,,,,
2291,0.0,0.0,rare,,,,,,,,,,,,,,,,,,,,,,,,,,,,,,,,,,,,
2292,0.0,0.0,rare,,,,,,,,,,,,,,,,,,,,,,,,,,,,,,,,,,,,
2293,0.0,0.0,rare,,,,,,,,,,,,,,,,,,,,,,,,,,,,,,,,,,,,
2294,0.0,0.0,rare,,,,,,,,,,,,,,,,,,,,,,,,,,,,,,,,,,,,
2295,0.0,0.0,rare,,,,,,,,,,,,,,,,,,,,,,,,,,,,,,,,,,,,
2296,0.0,0.0,rare,,,,,,,,,,,,,,,,,,,,,,,,,,,,,,,,,,,,
2297,0.0,0.0,rare,,,,,,,,,,,,,,,,,,,,,,,,,,,,,,,,,,,,
2298,0.0,0.0,rare,,,,,,,,,,,,,,,,,,,,,,,,,,,,,,,,,,,,
2299,0.0,0.0,rare,,,,,,,,,,,,,,,,,,,,,,,,,,,,,,,,,,,,
2300,0.0,0.0,rare,,,,,,,,,,,,,,,,,,,,,,,,,,,,,,,,,,,,
2301,0.0033134526176275677,48.96302032470703,rare,,,,,,,,,,,,,,,,,,,,,,,,,,,,,,,,,,,,
2302,0.0,0.0,rare,,,,,,,,,,,,,,,,,,,,,,,,,,,,,,,,,,,,
2303,0.0,0.0,rare,,,,,,,,,,,,,,,,,,,,,,,,,,,,,,,,,,,,
2304,0.0,0.0,rare,,,,,,,,,,,,,,,,,,,,,,,,,,,,,,,,,,,,
2305,0.0,0.0,rare,,,,,,,,,,,,,,,,,,,,,,,,,,,,,,,,,,,,
2306,0.0,0.0,rare,,,,,,,,,,,,,,,,,,,,,,,,,,,,,,,,,,,,
2307,0.0,0.0,rare,,,,,,,,,,,,,,,,,,,,,,,,,,,,,,,,,,,,
2308,0.0,0.0,rare,,,,,,,,,,,,,,,,,,,,,,,,,,,,,,,,,,,,
2309,0.0,0.0,rare,,,,,,,,,,,,,,,,,,,,,,,,,,,,,,,,,,,,
2310,0.0,0.0,rare,,,,,,,,,,,,,,,,,,,,,,,,,,,,,,,,,,,,
2311,0.0,0.0,rare,,,,,,,,,,,,,,,,,,,,,,,,,,,,,,,,,,,,
2312,0.0,0.0,rare,,,,,,,,,,,,,,,,,,,,,,,,,,,,,,,,,,,,
2313,0.0,0.0,rare,,,,,,,,,,,,,,,,,,,,,,,,,,,,,,,,,,,,
2314,0.0006626905235255136,10.619217872619629,rare,,,,,,,,,,,,,,,,,,,,,,,,,,,,,,,,,,,,
2315,0.0,0.0,rare,,,,,,,,,,,,,,,,,,,,,,,,,,,,,,,,,,,,
2316,0.0,0.0,rare,,,,,,,,,,,,,,,,,,,,,,,,,,,,,,,,,,,,
2317,0.0,0.0,rare,,,,,,,,,,,,,,,,,,,,,,,,,,,,,,,,,,,,
2318,0.0,0.0,rare,,,,,,,,,,,,,,,,,,,,,,,,,,,,,,,,,,,,
2319,0.0,0.0,rare,,,,,,,,,,,,,,,,,,,,,,,,,,,,,,,,,,,,
2320,0.0,0.0,rare,,,,,,,,,,,,,,,,,,,,,,,,,,,,,,,,,,,,
2321,0.0,0.0,rare,,,,,,,,,,,,,,,,,,,,,,,,,,,,,,,,,,,,
2322,0.0,0.0,rare,,,,,,,,,,,,,,,,,,,,,,,,,,,,,,,,,,,,
2323,0.0,0.0,rare,,,,,,,,,,,,,,,,,,,,,,,,,,,,,,,,,,,,
2324,0.0,0.0,rare,,,,,,,,,,,,,,,,,,,,,,,,,,,,,,,,,,,,
2325,0.0,0.0,rare,,,,,,,,,,,,,,,,,,,,,,,,,,,,,,,,,,,,
2326,0.0,0.0,rare,,,,,,,,,,,,,,,,,,,,,,,,,,,,,,,,,,,,
2327,0.004638833664678595,49.72786331176758,rare,,,,,,,,,,,,,,,,,,,,,,,,,,,,,,,,,,,,
2328,0.0,0.0,rare,,,,,,,,,,,,,,,,,,,,,,,,,,,,,,,,,,,,
2329,0.0,0.0,rare,,,,,,,,,,,,,,,,,,,,,,,,,,,,,,,,,,,,
2330,0.0,0.0,rare,,,,,,,,,,,,,,,,,,,,,,,,,,,,,,,,,,,,
2331,0.0,0.0,rare,,,,,,,,,,,,,,,,,,,,,,,,,,,,,,,,,,,,
2332,0.0,0.0,rare,,,,,,,,,,,,,,,,,,,,,,,,,,,,,,,,,,,,
2333,0.0,0.0,rare,,,,,,,,,,,,,,,,,,,,,,,,,,,,,,,,,,,,
2334,0.0,0.0,rare,,,,,,,,,,,,,,,,,,,,,,,,,,,,,,,,,,,,
2335,0.0,0.0,rare,,,,,,,,,,,,,,,,,,,,,,,,,,,,,,,,,,,,
2336,0.0,0.0,rare,,,,,,,,,,,,,,,,,,,,,,,,,,,,,,,,,,,,
2337,0.0,0.0,rare,,,,,,,,,,,,,,,,,,,,,,,,,,,,,,,,,,,,
2338,0.0,0.0,rare,,,,,,,,,,,,,,,,,,,,,,,,,,,,,,,,,,,,
2339,0.0,0.0,rare,,,,,,,,,,,,,,,,,,,,,,,,,,,,,,,,,,,,
2340,0.0,0.0,rare,,,,,,,,,,,,,,,,,,,,,,,,,,,,,,,,,,,,
2341,0.0,0.0,rare,,,,,,,,,,,,,,,,,,,,,,,,,,,,,,,,,,,,
2342,0.0013253810470510272,21.523956298828125,rare,,,,,,,,,,,,,,,,,,,,,,,,,,,,,,,,,,,,
2343,0.0,0.0,rare,,,,,,,,,,,,,,,,,,,,,,,,,,,,,,,,,,,,
2344,0.0,0.0,rare,,,,,,,,,,,,,,,,,,,,,,,,,,,,,,,,,,,,
2345,0.0,0.0,rare,,,,,,,,,,,,,,,,,,,,,,,,,,,,,,,,,,,,
2346,0.0,0.0,rare,,,,,,,,,,,,,,,,,,,,,,,,,,,,,,,,,,,,
2347,0.0,0.0,rare,,,,,,,,,,,,,,,,,,,,,,,,,,,,,,,,,,,,
2348,0.0,0.0,rare,,,,,,,,,,,,,,,,,,,,,,,,,,,,,,,,,,,,
2349,0.0,0.0,rare,,,,,,,,,,,,,,,,,,,,,,,,,,,,,,,,,,,,
2350,0.0,0.0,rare,,,,,,,,,,,,,,,,,,,,,,,,,,,,,,,,,,,,
2351,0.0,0.0,rare,,,,,,,,,,,,,,,,,,,,,,,,,,,,,,,,,,,,
2352,0.0,0.0,rare,,,,,,,,,,,,,,,,,,,,,,,,,,,,,,,,,,,,
2353,0.0,0.0,rare,,,,,,,,,,,,,,,,,,,,,,,,,,,,,,,,,,,,
2354,0.0,0.0,rare,,,,,,,,,,,,,,,,,,,,,,,,,,,,,,,,,,,,
2355,0.10271703114645461,896.0271606445312,imaging,0.5832255342371614,0.5022795474141045,0.44016069221260823,0.16645106847432278,-0.08132321635999398,0.0029390482444804963,0.2558743482339965,0.06800421140596873,-0.4793794204793424,-0.13088341158722555,-0.08202233902559146,0.0027247236304126328,-0.04586077056883421,-0.009586951810730819,-0.3354593554493075,-0.12193002181376061,0.27365345339367886,0.04930298850802401,-0.3136577243400475,-0.08681258358893039,0.6229881455723605,0.20848436180540245,0.5747723444692968,0.18984149732594038,0.5058445904919563,0.17145949575888036,0.09211461860733991,0.045137514825953254,0.7599497041555613,0.20135892708178008,0.8960371633767817,0.31001235569128743,frac_pore,-0.4793794204793424,sharpness_c2,0.8960371633767817
2356,0.0,0.0,rare,,,,,,,,,,,,,,,,,,,,,,,,,,,,,,,,,,,,
2357,0.0,0.0,rare,,,,,,,,,,,,,,,,,,,,,,,,,,,,,,,,,,,,
2358,0.004638833664678595,51.90632247924805,rare,,,,,,,,,,,,,,,,,,,,,,,,,,,,,,,,,,,,
2359,0.0,0.0,rare,,,,,,,,,,,,,,,,,,,,,,,,,,,,,,,,,,,,
2360,0.0,0.0,rare,,,,,,,,,,,,,,,,,,,,,,,,,,,,,,,,,,,,
2361,0.0,0.0,rare,,,,,,,,,,,,,,,,,,,,,,,,,,,,,,,,,,,,
2362,0.0,0.0,rare,,,,,,,,,,,,,,,,,,,,,,,,,,,,,,,,,,,,
2363,0.0,0.0,rare,,,,,,,,,,,,,,,,,,,,,,,,,,,,,,,,,,,,
2364,0.0,0.0,rare,,,,,,,,,,,,,,,,,,,,,,,,,,,,,,,,,,,,
2365,0.0006626905235255136,8.59683895111084,rare,,,,,,,,,,,,,,,,,,,,,,,,,,,,,,,,,,,,
2366,0.0,0.0,rare,,,,,,,,,,,,,,,,,,,,,,,,,,,,,,,,,,,,
2367,0.0013253810470510272,22.020164489746094,rare,,,,,,,,,,,,,,,,,,,,,,,,,,,,,,,,,,,,
2368,0.0,0.0,rare,,,,,,,,,,,,,,,,,,,,,,,,,,,,,,,,,,,,
2369,0.0,0.0,rare,,,,,,,,,,,,,,,,,,,,,,,,,,,,,,,,,,,,
2370,0.0,0.0,rare,,,,,,,,,,,,,,,,,,,,,,,,,,,,,,,,,,,,
2371,0.0,0.0,rare,,,,,,,,,,,,,,,,,,,,,,,,,,,,,,,,,,,,
2372,0.0,0.0,rare,,,,,,,,,,,,,,,,,,,,,,,,,,,,,,,,,,,,
2373,0.027170311464546057,336.29412841796875,imaging,0.5568737083057519,0.48391552307966496,0.4720430867031609,0.11374741661150378,0.25778203265623134,0.08771395229010032,-0.2583492774007301,-0.07394995652798184,-0.35849312179490606,-0.06499665893439525,0.2569345368880165,0.08751682526608186,0.24299739943991197,0.024005619415573835,-0.45461712269079896,-0.08502734243748879,-0.8381095204267611,-0.1608688138283258,-0.39797080893143244,-0.08802089969503189,1.0405007837081854,0.20713562384513598,0.3081192341247162,0.03855521641794486,1.1041514995904105,0.2115690181511278,0.8776062588735524,0.16874822678323553,0.29950056568486605,0.06435822508343082,0.21530262498054212,0.035310775639798626,frac_pore,-0.35849312179490606,noise_sigma_c2,1.1041514995904105
2374,0.0,0.0,rare,,,,,,,,,,,,,,,,,,,,,,,,,,,,,,,,,,,,
2375,0.0019880715705765406,31.448179244995117,rare,,,,,,,,,,,,,,,,,,,,,,,,,,,,,,,,,,,,
2376,0.0,0.0,rare,,,,,,,,,,,,,,,,,,,,,,,,,,,,,,,,,,,,
2377,0.0,0.0,rare,,,,,,,,,,,,,,,,,,,,,,,,,,,,,,,,,,,,
2378,0.0,0.0,rare,,,,,,,,,,,,,,,,,,,,,,,,,,,,,,,,,,,,
2379,0.0,0.0,rare,,,,,,,,,,,,,,,,,,,,,,,,,,,,,,,,,,,,
2380,0.010603048376408217,89.9485855102539,imaging,0.5103714521043563,0.5002649236297426,0.4925569486138089,0.02074290420871261,-0.0026784680062604538,0.014523667733180095,0.005760331229696238,-0.009216092607691385,0.08333681141798625,-0.004118805895649323,-0.0034120011328311922,0.014390138042934146,0.16727619346672964,0.02785389429630856,-0.44577573953560984,-0.03974933195535295,-0.36019468882962014,-0.0312697780915912,-0.4154928905538735,-0.02826498994646826,0.7927233593509052,0.09019808900388124,0.720440358053739,0.08552030742520925,0.7333436373890608,0.08926254049930502,0.09663645564873317,0.03812903644294934,0.45948492503968796,0.0651371039233718,0.5833293394770183,0.08391171532386504,K04_agglom_frac,0.16727619346672964,noise_sigma_c0,0.7927233593509052
2381,0.0,0.0,rare,,,,,,,,,,,,,,,,,,,,,,,,,,,,,,,,,,,,
2382,0.0,0.0,rare,,,,,,,,,,,,,,,,,,,,,,,,,,,,,,,,,,,,
2383,0.0,0.0,rare,,,,,,,,,,,,,,,,,,,,,,,,,,,,,,,,,,,,
2384,0.0,0.0,rare,,,,,,,,,,,,,,,,,,,,,,,,,,,,,,,,,,,,
2385,0.0,0.0,rare,,,,,,,,,,,,,,,,,,,,,,,,,,,,,,,,,,,,
2386,0.0019880715705765406,34.24900817871094,rare,,,,,,,,,,,,,,,,,,,,,,,,,,,,,,,,,,,,
2387,0.0,0.0,rare,,,,,,,,,,,,,,,,,,,,,,,,,,,,,,,,,,,,
2388,0.0,0.0,rare,,,,,,,,,,,,,,,,,,,,,,,,,,,,,,,,,,,,
2389,0.0,0.0,rare,,,,,,,,,,,,,,,,,,,,,,,,,,,,,,,,,,,,
2390,0.0,0.0,rare,,,,,,,,,,,,,,,,,,,,,,,,,,,,,,,,,,,,
2391,0.0,0.0,rare,,,,,,,,,,,,,,,,,,,,,,,,,,,,,,,,,,,,
2392,0.0,0.0,rare,,,,,,,,,,,,,,,,,,,,,,,,,,,,,,,,,,,,
2393,0.0,0.0,rare,,,,,,,,,,,,,,,,,,,,,,,,,,,,,,,,,,,,
2394,0.0,0.0,rare,,,,,,,,,,,,,,,,,,,,,,,,,,,,,,,,,,,,
2395,0.0,0.0,rare,,,,,,,,,,,,,,,,,,,,,,,,,,,,,,,,,,,,
2396,0.0,0.0,rare,,,,,,,,,,,,,,,,,,,,,,,,,,,,,,,,,,,,
2397,0.0,0.0,rare,,,,,,,,,,,,,,,,,,,,,,,,,,,,,,,,,,,,
2398,0.0,0.0,rare,,,,,,,,,,,,,,,,,,,,,,,,,,,,,,,,,,,,
2399,0.0,0.0,rare,,,,,,,,,,,,,,,,,,,,,,,,,,,,,,,,,,,,
2400,0.0,0.0,rare,,,,,,,,,,,,,,,,,,,,,,,,,,,,,,,,,,,,
2401,0.0,0.0,rare,,,,,,,,,,,,,,,,,,,,,,,,,,,,,,,,,,,,
2402,0.0,0.0,rare,,,,,,,,,,,,,,,,,,,,,,,,,,,,,,,,,,,,
2403,0.0066269052352551355,78.03112030029297,imaging,0.49573014517506403,0.4974495079645676,0.5048543174995584,0.009708634999116894,-0.022779787259433776,0.021758848974999898,-0.023009409951858587,-0.01951459302507162,0.027869192733841162,0.020520428103408136,-0.023504525157678913,0.02170280912140634,-0.11482420918132695,-0.0011602911054157338,-0.10211549805131084,0.021221144085621663,0.4749380578820438,0.04190333103451038,-0.37082722177248856,-0.014375651429704973,-0.7547874714671574,-0.03511107631833368,-0.4434691498863693,-0.025332234909908654,-0.9618197680030443,-0.055579014544628186,-0.8582207889710337,-0.08327139294017097,-0.5280069554961454,-0.03944796699162528,-1.3038381230523362,-0.09700111943332712,K04_agglom_frac,-0.11482420918132695,sharpness_c2,-1.3038381230523362
2404,0.0,0.0,rare,,,,,,,,,,,,,,,,,,,,,,,,,,,,,,,,,,,,
2405,0.0,0.0,rare,,,,,,,,,,,,,,,,,,,,,,,,,,,,,,,,,,,,
2406,0.0,0.0,rare,,,,,,,,,,,,,,,,,,,,,,,,,,,,,,,,,,,,
2407,0.0,0.0,rare,,,,,,,,,,,,,,,,,,,,,,,,,,,,,,,,,,,,
2408,0.0,0.0,rare,,,,,,,,,,,,,,,,,,,,,,,,,,,,,,,,,,,,
2409,0.0,0.0,rare,,,,,,,,,,,,,,,,,,,,,,,,,,,,,,,,,,,,
2410,0.0,0.0,rare,,,,,,,,,,,,,,,,,,,,,,,,,,,,,,,,,,,,
2411,0.017892644135188866,140.884765625,imaging,0.4884713919726729,0.4954770311213013,0.5113738301253753,0.02305721605465416,0.4391495255503453,0.08014119157796477,-0.4292522185778166,-0.07720930917170181,0.13183925708227787,0.04630799220985294,0.43822267372382107,0.0800373918633643,0.18617993786287182,0.03730600586016442,0.7682872947856774,0.09334185671214623,0.0924348461242888,0.026244876897732552,0.8788765705792855,0.10633830836924082,-0.5443171935382229,-0.07773529893460705,-0.717164977101418,-0.09579304929304083,-0.4422916072201933,-0.06256330798468063,-0.6039137175209819,-0.10056032071406178,-0.38764190619379946,-0.0621414138481332,-0.10778099989566747,-0.021562214018301128,frac_si,0.4391495255503453,p1_c2,0.8788765705792855
2412,0.0,0.0,rare,,,,,,,,,,,,,,,,,,,,,,,,,,,,,,,,,,,,
2413,0.0,0.0,rare,,,,,,,,,,,,,,,,,,,,,,,,,,,,,,,,,,,,
2414,0.0,0.0,rare,,,,,,,,,,,,,,,,,,,,,,,,,,,,,,,,,,,,
2415,0.0536779324055666,515.0974731445312,material,0.5976141870348007,0.4735955435028683,0.45113544057919824,0.19522837406960147,1.7818693796699425,0.26277084324323846,-1.7587346531308883,-0.25944194554832234,-0.32449654184806825,-0.055524685768582424,1.7838195773424725,0.2630487685079568,1.1991160747580696,0.22106064615274967,-0.40484357178641317,-0.11734296102506725,-0.8607890271100748,-0.21007571501476202,-0.39779348706575507,-0.1256059857409983,1.2217473768838305,0.2990020963007546,0.49448856173783695,0.11356830910710551,1.325851473487448,0.2960019065990467,0.602593747113224,0.15402795803893357,0.4578924843340756,0.14131051738974945,0.19299698094937912,0.04208068553787125,K01_si_frac_adm,1.7838195773424725,noise_sigma_c2,1.325851473487448
2416,0.0,0.0,rare,,,,,,,,,,,,,,,,,,,,,,,,,,,,,,,,,,,,
2417,0.0,0.0,rare,,,,,,,,,,,,,,,,,,,,,,,,,,,,,,,,,,,,
2418,0.0,0.0,rare,,,,,,,,,,,,,,,,,,,,,,,,,,,,,,,,,,,,
2419,0.0,0.0,rare,,,,,,,,,,,,,,,,,,,,,,,,,,,,,,,,,,,,
2420,0.0,0.0,rare,,,,,,,,,,,,,,,,,,,,,,,,,,,,,,,,,,,,
2421,0.0006626905235255136,0.015169411897659302,rare,,,,,,,,,,,,,,,,,,,,,,,,,,,,,,,,,,,,
2422,0.0,0.0,rare,,,,,,,,,,,,,,,,,,,,,,,,,,,,,,,,,,,,
2423,0.0,0.0,rare,,,,,,,,,,,,,,,,,,,,,,,,,,,,,,,,,,,,
2424,0.0,0.0,rare,,,,,,,,,,,,,,,,,,,,,,,,,,,,,,,,,,,,
2425,0.0,0.0,rare,,,,,,,,,,,,,,,,,,,,,,,,,,,,,,,,,,,,
2426,0.0,0.0,rare,,,,,,,,,,,,,,,,,,,,,,,,,,,,,,,,,,,,
2427,0.0,0.0,rare,,,,,,,,,,,,,,,,,,,,,,,,,,,,,,,,,,,,
2428,0.0,0.0,rare,,,,,,,,,,,,,,,,,,,,,,,,,,,,,,,,,,,,
2429,0.0,0.0,rare,,,,,,,,,,,,,,,,,,,,,,,,,,,,,,,,,,,,
2430,0.0006626905235255136,15.178548812866211,rare,,,,,,,,,,,,,,,,,,,,,,,,,,,,,,,,,,,,
2431,0.004638833664678595,55.35569381713867,rare,,,,,,,,,,,,,,,,,,,,,,,,,,,,,,,,,,,,
2432,0.0,0.0,rare,,,,,,,,,,,,,,,,,,,,,,,,,,,,,,,,,,,,
2433,0.0,0.0,rare,,,,,,,,,,,,,,,,,,,,,,,,,,,,,,,,,,,,
2434,0.0,0.0,rare,,,,,,,,,,,,,,,,,,,,,,,,,,,,,,,,,,,,
2435,0.0,0.0,rare,,,,,,,,,,,,,,,,,,,,,,,,,,,,,,,,,,,,
2436,0.0013253810470510272,22.71377182006836,rare,,,,,,,,,,,,,,,,,,,,,,,,,,,,,,,,,,,,
2437,0.0,0.0,rare,,,,,,,,,,,,,,,,,,,,,,,,,,,,,,,,,,,,
2438,0.0,0.0,rare,,,,,,,,,,,,,,,,,,,,,,,,,,,,,,,,,,,,
2439,0.0,0.0,rare,,,,,,,,,,,,,,,,,,,,,,,,,,,,,,,,,,,,
2440,0.0,0.0,rare,,,,,,,,,,,,,,,,,,,,,,,,,,,,,,,,,,,,
2441,0.0,0.0,rare,,,,,,,,,,,,,,,,,,,,,,,,,,,,,,,,,,,,
2442,0.16699801192842942,1635.22900390625,imaging,0.392399658411614,0.43171232183885905,0.625272823591736,0.25054564718347194,0.4496606878548939,0.19583751720056394,-0.4356236215823869,-0.17666408036494108,0.02480116838366081,0.04487492504860916,0.4487844459203499,0.1955811816822948,0.14015767930209888,0.05837161034854051,0.9487002185484111,0.32430519896340526,0.22413637408925371,0.12758832709309445,0.9701886049669309,0.32224896349370874,-0.8005431966187503,-0.33317383797576744,-0.8952946873177716,-0.3426663144704655,-0.7230170429308341,-0.29620514998073594,-0.6107970214641045,-0.3006752669801922,-0.504853643941687,-0.21159103948027835,-0.49223187220356046,-0.2540441435870298,frac_si,0.4496606878548939,p1_c2,0.9701886049669309
2443,0.0,0.0,rare,,,,,,,,,,,,,,,,,,,,,,,,,,,,,,,,,,,,
2444,0.0,0.0,rare,,,,,,,,,,,,,,,,,,,,,,,,,,,,,,,,,,,,
2445,0.0,0.0,rare,,,,,,,,,,,,,,,,,,,,,,,,,,,,,,,,,,,,
2446,0.0,0.0,rare,,,,,,,,,,,,,,,,,,,,,,,,,,,,,,,,,,,,
2447,0.0,0.0,rare,,,,,,,,,,,,,,,,,,,,,,,,,,,,,,,,,,,,
2448,0.0,0.0,rare,,,,,,,,,,,,,,,,,,,,,,,,,,,,,,,,,,,,
2449,0.0,0.0,rare,,,,,,,,,,,,,,,,,,,,,,,,,,,,,,,,,,,,
2450,0.0,0.0,rare,,,,,,,,,,,,,,,,,,,,,,,,,,,,,,,,,,,,
2451,0.0013253810470510272,18.947973251342773,rare,,,,,,,,,,,,,,,,,,,,,,,,,,,,,,,,,,,,
2452,0.0,0.0,rare,,,,,,,,,,,,,,,,,,,,,,,,,,,,,,,,,,,,
2453,0.0,0.0,rare,,,,,,,,,,,,,,,,,,,,,,,,,,,,,,,,,,,,
2454,0.0,0.0,rare,,,,,,,,,,,,,,,,,,,,,,,,,,,,,,,,,,,,
2455,0.0,0.0,rare,,,,,,,,,,,,,,,,,,,,,,,,,,,,,,,,,,,,
2456,0.0,0.0,rare,,,,,,,,,,,,,,,,,,,,,,,,,,,,,,,,,,,,
2457,0.0,0.0,rare,,,,,,,,,,,,,,,,,,,,,,,,,,,,,,,,,,,,
2458,0.0,0.0,rare,,,,,,,,,,,,,,,,,,,,,,,,,,,,,,,,,,,,
2459,0.0,0.0,rare,,,,,,,,,,,,,,,,,,,,,,,,,,,,,,,,,,,,
2460,0.0,0.0,rare,,,,,,,,,,,,,,,,,,,,,,,,,,,,,,,,,,,,
2461,0.0019880715705765406,33.2696533203125,rare,,,,,,,,,,,,,,,,,,,,,,,,,,,,,,,,,,,,
2462,0.0,0.0,rare,,,,,,,,,,,,,,,,,,,,,,,,,,,,,,,,,,,,
2463,0.0,0.0,rare,,,,,,,,,,,,,,,,,,,,,,,,,,,,,,,,,,,,
2464,0.0,0.0,rare,,,,,,,,,,,,,,,,,,,,,,,,,,,,,,,,,,,,
2465,0.008614976805831677,83.19376373291016,imaging,0.5078057493974198,0.4997820401046208,0.4947042203778916,0.015611498794839695,-0.4460683320500023,-0.01379402048144002,0.5866099354288927,0.03245809407722177,-0.45079791701251964,-0.016513478461153745,-0.44660786293501825,-0.013843121423718886,-0.33683286357094544,-0.03243408064992298,-0.4715525333632252,-0.05958702309044891,-0.31634174379056534,-0.04732981416345699,-0.42609419299265283,-0.04136365255480386,0.5873727313626445,0.05349359369365372,0.6961829192129396,0.0671245006849899,0.5298794678551979,0.04971300790141087,0.22445119698528734,0.02701922842702006,0.43426419975851777,0.04082790215887692,0.7604748039185292,0.07531476075398243,frac_graphite,0.5866099354288927,sharpness_c2,0.7604748039185292
2466,0.0,0.0,rare,,,,,,,,,,,,,,,,,,,,,,,,,,,,,,,,,,,,
2467,0.0,0.0,rare,,,,,,,,,,,,,,,,,,,,,,,,,,,,,,,,,,,,
2468,0.0,0.0,rare,,,,,,,,,,,,,,,,,,,,,,,,,,,,,,,,,,,,
2469,0.0,0.0,rare,,,,,,,,,,,,,,,,,,,,,,,,,,,,,,,,,,,,
2470,0.0,0.0,rare,,,,,,,,,,,,,,,,,,,,,,,,,,,,,,,,,,,,
2471,0.0,0.0,rare,,,,,,,,,,,,,,,,,,,,,,,,,,,,,,,,,,,,
2472,0.0,0.0,rare,,,,,,,,,,,,,,,,,,,,,,,,,,,,,,,,,,,,
2473,0.0,0.0,rare,,,,,,,,,,,,,,,,,,,,,,,,,,,,,,,,,,,,
2474,0.0006626905235255136,0.3796214461326599,rare,,,,,,,,,,,,,,,,,,,,,,,,,,,,,,,,,,,,
2475,0.0,0.0,rare,,,,,,,,,,,,,,,,,,,,,,,,,,,,,,,,,,,,
2476,0.0,0.0,rare,,,,,,,,,,,,,,,,,,,,,,,,,,,,,,,,,,,,
2477,0.0,0.0,rare,,,,,,,,,,,,,,,,,,,,,,,,,,,,,,,,,,,,
2478,0.0,0.0,rare,,,,,,,,,,,,,,,,,,,,,,,,,,,,,,,,,,,,
2479,0.0,0.0,rare,,,,,,,,,,,,,,,,,,,,,,,,,,,,,,,,,,,,
2480,0.0,0.0,rare,,,,,,,,,,,,,,,,,,,,,,,,,,,,,,,,,,,,
2481,0.0,0.0,rare,,,,,,,,,,,,,,,,,,,,,,,,,,,,,,,,,,,,
2482,0.0,0.0,rare,,,,,,,,,,,,,,,,,,,,,,,,,,,,,,,,,,,,
2483,0.0,0.0,rare,,,,,,,,,,,,,,,,,,,,,,,,,,,,,,,,,,,,
2484,0.0,0.0,rare,,,,,,,,,,,,,,,,,,,,,,,,,,,,,,,,,,,,
2485,0.0,0.0,rare,,,,,,,,,,,,,,,,,,,,,,,,,,,,,,,,,,,,
2486,0.0,0.0,rare,,,,,,,,,,,,,,,,,,,,,,,,,,,,,,,,,,,,
2487,0.0,0.0,rare,,,,,,,,,,,,,,,,,,,,,,,,,,,,,,,,,,,,
2488,0.0,0.0,rare,,,,,,,,,,,,,,,,,,,,,,,,,,,,,,,,,,,,
2489,0.0,0.0,rare,,,,,,,,,,,,,,,,,,,,,,,,,,,,,,,,,,,,
2490,0.0,0.0,rare,,,,,,,,,,,,,,,,,,,,,,,,,,,,,,,,,,,,
2491,0.0,0.0,rare,,,,,,,,,,,,,,,,,,,,,,,,,,,,,,,,,,,,
2492,0.0,0.0,rare,,,,,,,,,,,,,,,,,,,,,,,,,,,,,,,,,,,,
2493,0.0,0.0,rare,,,,,,,,,,,,,,,,,,,,,,,,,,,,,,,,,,,,
2494,0.0,0.0,rare,,,,,,,,,,,,,,,,,,,,,,,,,,,,,,,,,,,,
2495,0.0,0.0,rare,,,,,,,,,,,,,,,,,,,,,,,,,,,,,,,,,,,,
2496,0.0,0.0,rare,,,,,,,,,,,,,,,,,,,,,,,,,,,,,,,,,,,,
2497,0.0,0.0,rare,,,,,,,,,,,,,,,,,,,,,,,,,,,,,,,,,,,,
2498,0.0,0.0,rare,,,,,,,,,,,,,,,,,,,,,,,,,,,,,,,,,,,,
2499,0.0,0.0,rare,,,,,,,,,,,,,,,,,,,,,,,,,,,,,,,,,,,,
2500,0.0,0.0,rare,,,,,,,,,,,,,,,,,,,,,,,,,,,,,,,,,,,,
2501,0.0,0.0,rare,,,,,,,,,,,,,,,,,,,,,,,,,,,,,,,,,,,,
2502,0.0,0.0,rare,,,,,,,,,,,,,,,,,,,,,,,,,,,,,,,,,,,,
2503,0.0,0.0,rare,,,,,,,,,,,,,,,,,,,,,,,,,,,,,,,,,,,,
2504,0.0,0.0,rare,,,,,,,,,,,,,,,,,,,,,,,,,,,,,,,,,,,,
2505,0.0,0.0,rare,,,,,,,,,,,,,,,,,,,,,,,,,,,,,,,,,,,,
2506,0.0,0.0,rare,,,,,,,,,,,,,,,,,,,,,,,,,,,,,,,,,,,,
2507,0.0,0.0,rare,,,,,,,,,,,,,,,,,,,,,,,,,,,,,,,,,,,,
2508,0.0,0.0,rare,,,,,,,,,,,,,,,,,,,,,,,,,,,,,,,,,,,,
2509,0.0,0.0,rare,,,,,,,,,,,,,,,,,,,,,,,,,,,,,,,,,,,,
2510,0.0,0.0,rare,,,,,,,,,,,,,,,,,,,,,,,,,,,,,,,,,,,,
2511,0.0,0.0,rare,,,,,,,,,,,,,,,,,,,,,,,,,,,,,,,,,,,,
2512,0.0,0.0,rare,,,,,,,,,,,,,,,,,,,,,,,,,,,,,,,,,,,,
2513,0.0,0.0,rare,,,,,,,,,,,,,,,,,,,,,,,,,,,,,,,,,,,,
2514,0.0,0.0,rare,,,,,,,,,,,,,,,,,,,,,,,,,,,,,,,,,,,,
2515,0.0,0.0,rare,,,,,,,,,,,,,,,,,,,,,,,,,,,,,,,,,,,,
2516,0.0,0.0,rare,,,,,,,,,,,,,,,,,,,,,,,,,,,,,,,,,,,,
2517,0.0,0.0,rare,,,,,,,,,,,,,,,,,,,,,,,,,,,,,,,,,,,,
2518,0.01126573889993373,112.45720672607422,material,0.4946424691382978,0.49801909376851455,0.5051968921066573,0.010715061723404418,-0.43224679027431756,-0.03230018754868045,0.08301540085163328,-0.014077187426986328,1.2020068636783425,0.08842363732232049,-0.43279236872007665,-0.032371934443795276,-0.1209639492162846,-0.012034152015836044,-0.48624790711029514,-0.024185442293314863,-0.19615985404237454,-0.017129602224045193,-0.4825523205709425,-0.05032866277818624,-0.8332924194252698,-0.05912440668366815,-0.5133340911967594,-0.03574788454076949,-1.1117370130697806,-0.07655700850385923,-0.2613836608528126,-0.035193544035817384,-0.7957072062897075,-0.06646214447811485,-0.9292111535152048,-0.08010496349226928,frac_pore,1.2020068636783425,noise_sigma_c2,-1.1117370130697806
2519,0.007952286282306162,77.75798797607422,mixed,0.4967862394453736,0.5020206447759469,0.5007646123962564,0.006427521109252821,0.15594047275790748,0.03105542477608382,-0.05852248337089516,-0.006240321277528469,-0.3856699682345887,-0.027711562628920165,0.15513753704465974,0.030987094229316788,-0.33683288803954825,-0.03115089719541056,0.3328881049612169,0.02953453298482004,0.03169332851487276,0.008022992243280213,0.31661075585256254,0.0486945678066096,-0.0644175454854322,-0.014567842573769287,-0.20975156076209966,-0.01862372479145573,-0.020150741115934654,-0.010364316038537569,-0.35297152191891706,-0.036657939339716526,-0.011856567331885982,-0.00048186429713500316,0.03624904319603914,-0.008023913382942257,frac_pore,-0.3856699682345887,sharpness_c0,-0.35297152191891706
2520,0.08217362491716368,674.0287475585938,imaging,0.4585091384999419,0.4547968035759873,0.5621419742186119,0.12428394843722379,-0.26573579629140837,-0.0565502786336831,0.17375145790589816,0.022414094269538918,0.2502681167323594,0.08355809650915512,-0.26635423045252954,-0.05675206284830222,-0.20226602106078367,-0.05436472680733263,0.7269052600187939,0.1622747987304836,0.16781946466165498,0.0681116786197902,0.706976967034968,0.14455079709075155,-0.991283431910794,-0.26068168816929776,-0.8760076793635982,-0.22404249063371487,-0.9387918158694497,-0.2468190586916663,-0.2900695494472214,-0.0961129657669935,-0.6047572803362983,-0.17299494369778878,-0.7542156616398685,-0.24183448846011746,K01_si_frac_adm,-0.26635423045252954,noise_sigma_c0,-0.991283431910794
2521,0.0,0.0,rare,,,,,,,,,,,,,,,,,,,,,,,,,,,,,,,,,,,,
2522,0.0,0.0,rare,,,,,,,,,,,,,,,,,,,,,,,,,,,,,,,,,,,,
2523,0.0,0.0,rare,,,,,,,,,,,,,,,,,,,,,,,,,,,,,,,,,,,,
2524,0.0,0.0,rare,,,,,,,,,,,,,,,,,,,,,,,,,,,,,,,,,,,,
2525,0.0,0.0,rare,,,,,,,,,,,,,,,,,,,,,,,,,,,,,,,,,,,,
2526,0.0006626905235255136,15.773963928222656,rare,,,,,,,,,,,,,,,,,,,,,,,,,,,,,,,,,,,,
2527,0.0,0.0,rare,,,,,,,,,,,,,,,,,,,,,,,,,,,,,,,,,,,,
2528,0.0,0.0,rare,,,,,,,,,,,,,,,,,,,,,,,,,,,,,,,,,,,,
2529,0.0,0.0,rare,,,,,,,,,,,,,,,,,,,,,,,,,,,,,,,,,,,,
2530,0.0,0.0,rare,,,,,,,,,,,,,,,,,,,,,,,,,,,,,,,,,,,,
2531,0.0,0.0,rare,,,,,,,,,,,,,,,,,,,,,,,,,,,,,,,,,,,,
2532,0.0,0.0,rare,,,,,,,,,,,,,,,,,,,,,,,,,,,,,,,,,,,,
2533,0.0,0.0,rare,,,,,,,,,,,,,,,,,,,,,,,,,,,,,,,,,,,,
2534,0.0,0.0,rare,,,,,,,,,,,,,,,,,,,,,,,,,,,,,,,,,,,,
2535,0.0,0.0,rare,,,,,,,,,,,,,,,,,,,,,,,,,,,,,,,,,,,,
2536,0.0,0.0,rare,,,,,,,,,,,,,,,,,,,,,,,,,,,,,,,,,,,,
2537,0.0,0.0,rare,,,,,,,,,,,,,,,,,,,,,,,,,,,,,,,,,,,,
2538,0.0,0.0,rare,,,,,,,,,,,,,,,,,,,,,,,,,,,,,,,,,,,,
2539,0.0,0.0,rare,,,,,,,,,,,,,,,,,,,,,,,,,,,,,,,,,,,,
2540,0.0,0.0,rare,,,,,,,,,,,,,,,,,,,,,,,,,,,,,,,,,,,,
2541,0.0,0.0,rare,,,,,,,,,,,,,,,,,,,,,,,,,,,,,,,,,,,,
2542,0.0,0.0,rare,,,,,,,,,,,,,,,,,,,,,,,,,,,,,,,,,,,,
2543,0.0,0.0,rare,,,,,,,,,,,,,,,,,,,,,,,,,,,,,,,,,,,,
2544,0.0,0.0,rare,,,,,,,,,,,,,,,,,,,,,,,,,,,,,,,,,,,,
2545,0.0,0.0,rare,,,,,,,,,,,,,,,,,,,,,,,,,,,,,,,,,,,,
2546,0.0,0.0,rare,,,,,,,,,,,,,,,,,,,,,,,,,,,,,,,,,,,,
2547,0.0,0.0,rare,,,,,,,,,,,,,,,,,,,,,,,,,,,,,,,,,,,,
2548,0.0,0.0,rare,,,,,,,,,,,,,,,,,,,,,,,,,,,,,,,,,,,,
2549,0.0,0.0,rare,,,,,,,,,,,,,,,,,,,,,,,,,,,,,,,,,,,,
2550,0.0,0.0,rare,,,,,,,,,,,,,,,,,,,,,,,,,,,,,,,,,,,,
2551,0.0,0.0,rare,,,,,,,,,,,,,,,,,,,,,,,,,,,,,,,,,,,,
2552,0.0,0.0,rare,,,,,,,,,,,,,,,,,,,,,,,,,,,,,,,,,,,,
2553,0.0,0.0,rare,,,,,,,,,,,,,,,,,,,,,,,,,,,,,,,,,,,,
2554,0.0,0.0,rare,,,,,,,,,,,,,,,,,,,,,,,,,,,,,,,,,,,,
2555,0.0,0.0,rare,,,,,,,,,,,,,,,,,,,,,,,,,,,,,,,,,,,,
2556,0.0,0.0,rare,,,,,,,,,,,,,,,,,,,,,,,,,,,,,,,,,,,,
2557,0.00728959575878065,77.32200622558594,imaging,0.4972144881985255,0.4952048823016565,0.5054626523044323,0.01092530460886465,-0.7257891335826023,-0.08320462198440277,0.3632516962141438,0.03033490335715578,1.0540654131784568,0.07615583712182293,-0.7262062745922352,-0.0832224580513681,-0.3368328711313318,-0.028417121248368652,-0.16257858912257736,0.021553681145002078,0.02820654488860093,0.011909932987622317,-0.45151951886568115,-0.033755599627127646,-1.3002319568428082,-0.0832141025035672,-0.8593109097853957,-0.05949406170912447,-1.549766134205357,-0.1035657956172555,-0.31700824944832423,-0.0010130143090755193,-1.1722932129797419,-0.08603031041559926,-1.6223701780007345,-0.09842395309076919,frac_pore,1.0540654131784568,sharpness_c2,-1.6223701780007345
2558,0.0006626905235255136,12.463266372680664,rare,,,,,,,,,,,,,,,,,,,,,,,,,,,,,,,,,,,,
2559,0.023194168323392977,196.39862060546875,imaging,0.4850555081127242,0.5321954462036443,0.4868391312025428,0.06439089240728868,0.37092200712298606,0.047486753037816985,-0.41741852706006505,-0.04802464137334306,0.31809232208564264,0.050177283716834956,0.3700250076946493,0.04739641269099263,0.14691627471434124,0.021520041967790247,-0.5174737419484903,-0.09021944113695807,-0.39607044801864144,-0.04393278192348292,-0.40583748945055453,-0.0625182214343727,0.5154628263651045,0.04230953637592005,0.11429069833514177,-0.012829698960146706,0.4823606243687455,0.0528848962119057,-0.04377949466289287,-0.025209169010401197,-0.5069877759472171,-0.06917456754376694,0.535805356720927,0.11390916656868624,frac_graphite,-0.41741852706006505,sharpness_c2,0.535805356720927
2560,0.0,0.0,rare,,,,,,,,,,,,,,,,,,,,,,,,,,,,,,,,,,,,
2561,0.0,0.0,rare,,,,,,,,,,,,,,,,,,,,,,,,,,,,,,,,,,,,
2562,0.0,0.0,rare,,,,,,,,,,,,,,,,,,,,,,,,,,,,,,,,,,,,
2563,0.0,0.0,rare,,,,,,,,,,,,,,,,,,,,,,,,,,,,,,,,,,,,
2564,0.0,0.0,rare,,,,,,,,,,,,,,,,,,,,,,,,,,,,,,,,,,,,
2565,0.0,0.0,rare,,,,,,,,,,,,,,,,,,,,,,,,,,,,,,,,,,,,
2566,0.0,0.0,rare,,,,,,,,,,,,,,,,,,,,,,,,,,,,,,,,,,,,
2567,0.0,0.0,rare,,,,,,,,,,,,,,,,,,,,,,,,,,,,,,,,,,,,
2568,0.0006626905235255136,0.2843164801597595,rare,,,,,,,,,,,,,,,,,,,,,,,,,,,,,,,,,,,,
2569,0.0,0.0,rare,,,,,,,,,,,,,,,,,,,,,,,,,,,,,,,,,,,,
2570,0.0026507620941020544,38.34984588623047,rare,,,,,,,,,,,,,,,,,,,,,,,,,,,,,,,,,,,,
2571,0.0,0.0,rare,,,,,,,,,,,,,,,,,,,,,,,,,,,,,,,,,,,,
2572,0.0,0.0,rare,,,,,,,,,,,,,,,,,,,,,,,,,,,,,,,,,,,,
2573,0.0,0.0,rare,,,,,,,,,,,,,,,,,,,,,,,,,,,,,,,,,,,,
2574,0.1172962226640159,1014.3323364257812,imaging,0.590968120101668,0.5556724965921188,0.39560127141091295,0.2087974571781741,-0.17483530104981213,-0.0834875362827733,0.15367386667604627,0.04294794647596568,0.11510399131237001,0.07103347352883645,-0.17549350815972725,-0.08369897686134065,-0.04652497122432975,-0.009159123612724064,-0.5826070502769383,-0.263744245716543,-0.7459628418391866,-0.24356576371178587,-0.4702726583790596,-0.19249192447945102,0.7725708237507452,0.27851825445736766,0.7994468121601048,0.3089420488289646,0.705727151093737,0.2505855025604746,0.43244417126580986,0.17860039939925276,0.5868079875606831,0.2429574399345127,0.8300788477451397,0.3376020693902849,K01_si_frac_adm,-0.17549350815972725,sharpness_c2,0.8300788477451397
2575,0.0,0.0,rare,,,,,,,,,,,,,,,,,,,,,,,,,,,,,,,,,,,,
2576,0.0,0.0,rare,,,,,,,,,,,,,,,,,,,,,,,,,,,,,,,,,,,,
2577,0.0,0.0,rare,,,,,,,,,,,,,,,,,,,,,,,,,,,,,,,,,,,,
2578,0.0,0.0,rare,,,,,,,,,,,,,,,,,,,,,,,,,,,,,,,,,,,,
2579,0.0,0.0,rare,,,,,,,,,,,,,,,,,,,,,,,,,,,,,,,,,,,,
2580,0.0,0.0,rare,,,,,,,,,,,,,,,,,,,,,,,,,,,,,,,,,,,,
2581,0.0019880715705765406,33.752689361572266,rare,,,,,,,,,,,,,,,,,,,,,,,,,,,,,,,,,,,,
2582,0.0,0.0,rare,,,,,,,,,,,,,,,,,,,,,,,,,,,,,,,,,,,,
2583,0.0,0.0,rare,,,,,,,,,,,,,,,,,,,,,,,,,,,,,,,,,,,,
2584,0.0,0.0,rare,,,,,,,,,,,,,,,,,,,,,,,,,,,,,,,,,,,,
2585,0.0,0.0,rare,,,,,,,,,,,,,,,,,,,,,,,,,,,,,,,,,,,,
2586,0.0,0.0,rare,,,,,,,,,,,,,,,,,,,,,,,,,,,,,,,,,,,,
2587,0.0,0.0,rare,,,,,,,,,,,,,,,,,,,,,,,,,,,,,,,,,,,,
2588,0.0,0.0,rare,,,,,,,,,,,,,,,,,,,,,,,,,,,,,,,,,,,,
2589,0.0,0.0,rare,,,,,,,,,,,,,,,,,,,,,,,,,,,,,,,,,,,,
2590,0.0,0.0,rare,,,,,,,,,,,,,,,,,,,,,,,,,,,,,,,,,,,,
2591,0.0,0.0,rare,,,,,,,,,,,,,,,,,,,,,,,,,,,,,,,,,,,,
2592,0.0,0.0,rare,,,,,,,,,,,,,,,,,,,,,,,,,,,,,,,,,,,,
2593,0.0,0.0,rare,,,,,,,,,,,,,,,,,,,,,,,,,,,,,,,,,,,,
2594,0.01126573889993373,109.916015625,imaging,0.4927412467976089,0.4943944568343071,0.5091832950732827,0.018366590146565498,-0.34306037921075533,-0.014227361160671855,0.5133897219114149,0.045071738481123454,-0.47118180484368455,-0.04729022221450221,-0.3436449805887091,-0.014299241834682149,-0.10968629702808357,-0.013860201958407902,0.5449499493290039,0.06017972701923102,0.6833569099886374,0.07050734870644076,0.4036606234425518,0.07065814272366983,-0.8837436267666272,-0.07587048755187091,-0.9324308222752508,-0.08461530112800565,-0.7179957277533366,-0.07192210329523314,-0.20643896094672218,-0.04302456603180921,-0.9401363720258687,-0.09039187038688469,-0.2821379393554837,-0.04126809734529582,frac_graphite,0.5133897219114149,sharpness_c1,-0.9401363720258687
2595,0.0,0.0,rare,,,,,,,,,,,,,,,,,,,,,,,,,,,,,,,,,,,,
2596,0.0,0.0,rare,,,,,,,,,,,,,,,,,,,,,,,,,,,,,,,,,,,,
2597,0.0,0.0,rare,,,,,,,,,,,,,,,,,,,,,,,,,,,,,,,,,,,,
2598,0.0,0.0,rare,,,,,,,,,,,,,,,,,,,,,,,,,,,,,,,,,,,,
2599,0.0006626905235255136,19.77452850341797,rare,,,,,,,,,,,,,,,,,,,,,,,,,,,,,,,,,,,,
2600,0.0,0.0,rare,,,,,,,,,,,,,,,,,,,,,,,,,,,,,,,,,,,,
2601,0.0,0.0,rare,,,,,,,,,,,,,,,,,,,,,,,,,,,,,,,,,,,,
2602,0.0,0.0,rare,,,,,,,,,,,,,,,,,,,,,,,,,,,,,,,,,,,,
2603,0.0,0.0,rare,,,,,,,,,,,,,,,,,,,,,,,,,,,,,,,,,,,,
2604,0.0,0.0,rare,,,,,,,,,,,,,,,,,,,,,,,,,,,,,,,,,,,,
2605,0.0,0.0,rare,,,,,,,,,,,,,,,,,,,,,,,,,,,,,,,,,,,,
2606,0.0,0.0,rare,,,,,,,,,,,,,,,,,,,,,,,,,,,,,,,,,,,,
2607,0.0,0.0,rare,,,,,,,,,,,,,,,,,,,,,,,,,,,,,,,,,,,,
2608,0.0,0.0,rare,,,,,,,,,,,,,,,,,,,,,,,,,,,,,,,,,,,,
2609,0.0,0.0,rare,,,,,,,,,,,,,,,,,,,,,,,,,,,,,,,,,,,,
2610,0.0,0.0,rare,,,,,,,,,,,,,,,,,,,,,,,,,,,,,,,,,,,,
2611,0.0,0.0,rare,,,,,,,,,,,,,,,,,,,,,,,,,,,,,,,,,,,,
2612,0.0,0.0,rare,,,,,,,,,,,,,,,,,,,,,,,,,,,,,,,,,,,,
2613,0.0,0.0,rare,,,,,,,,,,,,,,,,,,,,,,,,,,,,,,,,,,,,
2614,0.0,0.0,rare,,,,,,,,,,,,,,,,,,,,,,,,,,,,,,,,,,,,
2615,0.0,0.0,rare,,,,,,,,,,,,,,,,,,,,,,,,,,,,,,,,,,,,
2616,0.0,0.0,rare,,,,,,,,,,,,,,,,,,,,,,,,,,,,,,,,,,,,
2617,0.0,0.0,rare,,,,,,,,,,,,,,,,,,,,,,,,,,,,,,,,,,,,
2618,0.0,0.0,rare,,,,,,,,,,,,,,,,,,,,,,,,,,,,,,,,,,,,
2619,0.0,0.0,rare,,,,,,,,,,,,,,,,,,,,,,,,,,,,,,,,,,,,
2620,0.0,0.0,rare,,,,,,,,,,,,,,,,,,,,,,,,,,,,,,,,,,,,
2621,0.0,0.0,rare,,,,,,,,,,,,,,,,,,,,,,,,,,,,,,,,,,,,
2622,0.0,0.0,rare,,,,,,,,,,,,,,,,,,,,,,,,,,,,,,,,,,,,
2623,0.0,0.0,rare,,,,,,,,,,,,,,,,,,,,,,,,,,,,,,,,,,,,
2624,0.0,0.0,rare,,,,,,,,,,,,,,,,,,,,,,,,,,,,,,,,,,,,
2625,0.0,0.0,rare,,,,,,,,,,,,,,,,,,,,,,,,,,,,,,,,,,,,
2626,0.01656726308813784,149.28672790527344,imaging,0.49507703424474103,0.5017159826017428,0.5021825887338868,0.009845931510517936,-0.5766820106682692,-0.08714285093370044,0.6732354839433872,0.08559008467749084,-0.2709598472471372,-0.005682715874427065,-0.5771643925061909,-0.08725036611508169,-0.33683287398467704,-0.0442371946856946,-0.0209056595609833,-0.026012504188050806,0.39179980938950915,-0.002757373102769543,-0.038770815114399115,-0.012181160470194293,-0.1297593395308061,-0.0006216027928789397,0.13828302303734555,0.023202655395025074,-0.07274474226241436,0.012345322410068759,0.8867920098805794,0.05053443682227159,-0.04828274492955232,-0.007884821260818837,0.3193258707368819,0.03680724747737857,frac_graphite,0.6732354839433872,sharpness_c0,0.8867920098805794
2627,0.0,0.0,rare,,,,,,,,,,,,,,,,,,,,,,,,,,,,,,,,,,,,
2628,0.0,0.0,rare,,,,,,,,,,,,,,,,,,,,,,,,,,,,,,,,,,,,
2629,0.0,0.0,rare,,,,,,,,,,,,,,,,,,,,,,,,,,,,,,,,,,,,
2630,0.0,0.0,rare,,,,,,,,,,,,,,,,,,,,,,,,,,,,,,,,,,,,
2631,0.0,0.0,rare,,,,,,,,,,,,,,,,,,,,,,,,,,,,,,,,,,,,
2632,0.0,0.0,rare,,,,,,,,,,,,,,,,,,,,,,,,,,,,,,,,,,,,
2633,0.0,0.0,rare,,,,,,,,,,,,,,,,,,,,,,,,,,,,,,,,,,,,
2634,0.0,0.0,rare,,,,,,,,,,,,,,,,,,,,,,,,,,,,,,,,,,,,
2635,0.0,0.0,rare,,,,,,,,,,,,,,,,,,,,,,,,,,,,,,,,,,,,
2636,0.0006626905235255136,18.12450408935547,rare,,,,,,,,,,,,,,,,,,,,,,,,,,,,,,,,,,,,
2637,0.0013253810470510272,30.333621978759766,rare,,,,,,,,,,,,,,,,,,,,,,,,,,,,,,,,,,,,
2638,0.0,0.0,rare,,,,,,,,,,,,,,,,,,,,,,,,,,,,,,,,,,,,
2639,0.0013253810470510272,24.965837478637695,rare,,,,,,,,,,,,,,,,,,,,,,,,,,,,,,,,,,,,
2640,0.003976143141153081,54.405128479003906,rare,,,,,,,,,,,,,,,,,,,,,,,,,,,,,,,,,,,,
2641,0.0,0.0,rare,,,,,,,,,,,,,,,,,,,,,,,,,,,,,,,,,,,,
2642,0.0,0.0,rare,,,,,,,,,,,,,,,,,,,,,,,,,,,,,,,,,,,,
2643,0.0,0.0,rare,,,,,,,,,,,,,,,,,,,,,,,,,,,,,,,,,,,,
2644,0.0,0.0,rare,,,,,,,,,,,,,,,,,,,,,,,,,,,,,,,,,,,,
2645,0.01656726308813784,172.06411743164062,material,0.49310001566455613,0.4945630445986889,0.5088089351933605,0.017617870386720913,-0.5236831584320105,-0.07067857147606343,0.5671380870595352,0.07176225689782494,-0.08679185822864051,0.006000068560994834,-0.5241887295519915,-0.07074982700427587,-0.33683289428014185,-0.0442371946856946,0.03891347108737348,0.013591112229063075,0.36606364898182286,0.03295341769442804,-0.17964782157853296,0.016062577358552592,-0.32811273139227587,-0.05982856196315127,-0.35007729281803446,-0.04922964433730387,-0.2957735472177153,-0.059795967766581935,0.0727809075328156,-0.005545308827751375,-0.42188776380133586,-0.045868111588821286,-0.34422295754577253,-0.053519806134724096,frac_graphite,0.5671380870595352,sharpness_c1,-0.42188776380133586
2646,0.0019880715705765406,29.212461471557617,rare,,,,,,,,,,,,,,,,,,,,,,,,,,,,,,,,,,,,
2647,0.0,0.0,rare,,,,,,,,,,,,,,,,,,,,,,,,,,,,,,,,,,,,
2648,0.0,0.0,rare,,,,,,,,,,,,,,,,,,,,,,,,,,,,,,,,,,,,
2649,0.0,0.0,rare,,,,,,,,,,,,,,,,,,,,,,,,,,,,,,,,,,,,
2650,0.02253147779986746,173.38131713867188,imaging,0.4911621584747775,0.4869777993998275,0.515724880805227,0.0314497616104541,-0.21145100748346005,-0.02007896362607318,0.17617754105417166,0.028113569586036675,0.09547865171039811,-0.006838148515108895,-0.21208624956214425,-0.02011495879794337,-0.14472647959306625,-0.023164494510993956,1.3924507290084047,0.14929153514019164,0.28711987084462826,0.04901179979760174,1.445462409058488,0.16424175661955565,-1.117096457865571,-0.15214459185496368,-1.323470307951147,-0.17019995704337387,-0.9380705312782417,-0.12438674154998942,-0.14002912152268113,-0.0018595150015206347,-0.9398300287028909,-0.14736228110493077,-0.5428756120323048,-0.1100814350552078,K01_si_frac_adm,-0.21208624956214425,p1_c2,1.445462409058488
2651,0.0,0.0,rare,,,,,,,,,,,,,,,,,,,,,,,,,,,,,,,,,,,,
2652,0.0,0.0,rare,,,,,,,,,,,,,,,,,,,,,,,,,,,,,,,,,,,,
2653,0.0,0.0,rare,,,,,,,,,,,,,,,,,,,,,,,,,,,,,,,,,,,,
2654,0.0,0.0,rare,,,,,,,,,,,,,,,,,,,,,,,,,,,,,,,,,,,,
2655,0.0,0.0,rare,,,,,,,,,,,,,,,,,,,,,,,,,,,,,,,,,,,,
2656,0.0,0.0,rare,,,,,,,,,,,,,,,,,,,,,,,,,,,,,,,,,,,,
2657,0.028495692511597084,297.39385986328125,material,0.4816396242527754,0.4993617748919834,0.513300370828183,0.0367207514944492,0.024801438544940053,0.011595231132638524,-0.46672608496604456,-0.08401209604723085,1.2108156259029852,0.1544347474707752,0.026608727909681013,0.011888160724629728,-0.15655864385742474,-0.032339857684068024,-0.36863965388540826,-0.06925247215344135,-0.5414002523268091,-0.08873329821304146,-0.32172454968058667,-0.0862012056607693,-0.3599111262899399,-0.08012188811494067,-0.278397069344801,-0.0640433856095956,-0.5750280206072715,-0.10226714497471097,-0.45422027619828625,-0.08005372614418572,-0.5436589034376391,-0.09826127775860327,-0.9222718526583634,-0.18366938141466238,frac_pore,1.2108156259029852,sharpness_c2,-0.9222718526583634
2658,0.0,0.0,rare,,,,,,,,,,,,,,,,,,,,,,,,,,,,,,,,,,,,
2659,0.0,0.0,rare,,,,,,,,,,,,,,,,,,,,,,,,,,,,,,,,,,,,
2660,0.0,0.0,rare,,,,,,,,,,,,,,,,,,,,,,,,,,,,,,,,,,,,
2661,0.0,0.0,rare,,,,,,,,,,,,,,,,,,,,,,,,,,,,,,,,,,,,
2662,0.0,0.0,rare,,,,,,,,,,,,,,,,,,,,,,,,,,,,,,,,,,,,
2663,0.0,0.0,rare,,,,,,,,,,,,,,,,,,,,,,,,,,,,,,,,,,,,
2664,0.0,0.0,rare,,,,,,,,,,,,,,,,,,,,,,,,,,,,,,,,,,,,
2665,0.0,0.0,rare,,,,,,,,,,,,,,,,,,,,,,,,,,,,,,,,,,,,
2666,0.0006626905235255136,16.045063018798828,rare,,,,,,,,,,,,,,,,,,,,,,,,,,,,,,,,,,,,
2667,0.009940357852882704,82.10214233398438,imaging,0.5031543868336879,0.49891020052310375,0.4985943846018011,0.0063087736673757,0.1846611320556475,0.06474327815335201,0.02804517052653859,-0.039885807423391505,-0.7892539476718032,-0.060024536058734146,0.18384562975086105,0.06458994783813492,-0.017064924478244134,-0.010893590690508926,-0.20459455577365615,-0.0018000366758031986,-0.1638202973610276,0.006765484802858453,-0.215470868268577,-0.002850338375197622,0.7350152405010296,0.06346303009395615,0.507173932237546,0.04155837707011078,0.9034265347688009,0.08466056237482426,0.05315634016678524,-0.02796508449012104,0.3645327266141905,0.05258071544780012,0.46217496441079586,0.02713533761244002,frac_pore,-0.7892539476718032,noise_sigma_c2,0.9034265347688009
2668,0.0,0.0,rare,,,,,,,,,,,,,,,,,,,,,,,,,,,,,,,,,,,,
2669,0.004638833664678595,48.26832580566406,rare,,,,,,,,,,,,,,,,,,,,,,,,,,,,,,,,,,,,
2670,0.0,0.0,rare,,,,,,,,,,,,,,,,,,,,,,,,,,,,,,,,,,,,
2671,0.0,0.0,rare,,,,,,,,,,,,,,,,,,,,,,,,,,,,,,,,,,,,
2672,0.0,0.0,rare,,,,,,,,,,,,,,,,,,,,,,,,,,,,,,,,,,,,
2673,0.0,0.0,rare,,,,,,,,,,,,,,,,,,,,,,,,,,,,,,,,,,,,
2674,0.0,0.0,rare,,,,,,,,,,,,,,,,,,,,,,,,,,,,,,,,,,,,
2675,0.0,0.0,rare,,,,,,,,,,,,,,,,,,,,,,,,,,,,,,,,,,,,
2676,0.0,0.0,rare,,,,,,,,,,,,,,,,,,,,,,,,,,,,,,,,,,,,
2677,0.0,0.0,rare,,,,,,,,,,,,,,,,,,,,,,,,,,,,,,,,,,,,
2678,0.0,0.0,rare,,,,,,,,,,,,,,,,,,,,,,,,,,,,,,,,,,,,
2679,0.0,0.0,rare,,,,,,,,,,,,,,,,,,,,,,,,,,,,,,,,,,,,
2680,0.0,0.0,rare,,,,,,,,,,,,,,,,,,,,,,,,,,,,,,,,,,,,
2681,0.0,0.0,rare,,,,,,,,,,,,,,,,,,,,,,,,,,,,,,,,,,,,
2682,0.0,0.0,rare,,,,,,,,,,,,,,,,,,,,,,,,,,,,,,,,,,,,
2683,0.0,0.0,rare,,,,,,,,,,,,,,,,,,,,,,,,,,,,,,,,,,,,
2684,0.0,0.0,rare,,,,,,,,,,,,,,,,,,,,,,,,,,,,,,,,,,,,
2685,0.0,0.0,rare,,,,,,,,,,,,,,,,,,,,,,,,,,,,,,,,,,,,
2686,0.0,0.0,rare,,,,,,,,,,,,,,,,,,,,,,,,,,,,,,,,,,,,
2687,0.0,0.0,rare,,,,,,,,,,,,,,,,,,,,,,,,,,,,,,,,,,,,
2688,0.0,0.0,rare,,,,,,,,,,,,,,,,,,,,,,,,,,,,,,,,,,,,
2689,0.0,0.0,rare,,,,,,,,,,,,,,,,,,,,,,,,,,,,,,,,,,,,
2690,0.0,0.0,rare,,,,,,,,,,,,,,,,,,,,,,,,,,,,,,,,,,,,
2691,0.0,0.0,rare,,,,,,,,,,,,,,,,,,,,,,,,,,,,,,,,,,,,
2692,0.0,0.0,rare,,,,,,,,,,,,,,,,,,,,,,,,,,,,,,,,,,,,
2693,0.0,0.0,rare,,,,,,,,,,,,,,,,,,,,,,,,,,,,,,,,,,,,
2694,0.0,0.0,rare,,,,,,,,,,,,,,,,,,,,,,,,,,,,,,,,,,,,
2695,0.0,0.0,rare,,,,,,,,,,,,,,,,,,,,,,,,,,,,,,,,,,,,
2696,0.0,0.0,rare,,,,,,,,,,,,,,,,,,,,,,,,,,,,,,,,,,,,
2697,0.0,0.0,rare,,,,,,,,,,,,,,,,,,,,,,,,,,,,,,,,,,,,
2698,0.0,0.0,rare,,,,,,,,,,,,,,,,,,,,,,,,,,,,,,,,,,,,
2699,0.0,0.0,rare,,,,,,,,,,,,,,,,,,,,,,,,,,,,,,,,,,,,
2700,0.0,0.0,rare,,,,,,,,,,,,,,,,,,,,,,,,,,,,,,,,,,,,
2701,0.0,0.0,rare,,,,,,,,,,,,,,,,,,,,,,,,,,,,,,,,,,,,
2702,0.0,0.0,rare,,,,,,,,,,,,,,,,,,,,,,,,,,,,,,,,,,,,
2703,0.0,0.0,rare,,,,,,,,,,,,,,,,,,,,,,,,,,,,,,,,,,,,
2704,0.0,0.0,rare,,,,,,,,,,,,,,,,,,,,,,,,,,,,,,,,,,,,
2705,0.0,0.0,rare,,,,,,,,,,,,,,,,,,,,,,,,,,,,,,,,,,,,
2706,0.0,0.0,rare,,,,,,,,,,,,,,,,,,,,,,,,,,,,,,,,,,,,
2707,0.0,0.0,rare,,,,,,,,,,,,,,,,,,,,,,,,,,,,,,,,,,,,
2708,0.0,0.0,rare,,,,,,,,,,,,,,,,,,,,,,,,,,,,,,,,,,,,
2709,0.0,0.0,rare,,,,,,,,,,,,,,,,,,,,,,,,,,,,,,,,,,,,
2710,0.0,0.0,rare,,,,,,,,,,,,,,,,,,,,,,,,,,,,,,,,,,,,
2711,0.0,0.0,rare,,,,,,,,,,,,,,,,,,,,,,,,,,,,,,,,,,,,
2712,0.0,0.0,rare,,,,,,,,,,,,,,,,,,,,,,,,,,,,,,,,,,,,
2713,0.0,0.0,rare,,,,,,,,,,,,,,,,,,,,,,,,,,,,,,,,,,,,
2714,0.0,0.0,rare,,,,,,,,,,,,,,,,,,,,,,,,,,,,,,,,,,,,
2715,0.0,0.0,rare,,,,,,,,,,,,,,,,,,,,,,,,,,,,,,,,,,,,
2716,0.0,0.0,rare,,,,,,,,,,,,,,,,,,,,,,,,,,,,,,,,,,,,
2717,0.0,0.0,rare,,,,,,,,,,,,,,,,,,,,,,,,,,,,,,,,,,,,
2718,0.0,0.0,rare,,,,,,,,,,,,,,,,,,,,,,,,,,,,,,,,,,,,
2719,0.015904572564612324,135.9085235595703,imaging,0.4935674258081143,0.5186578487237905,0.49081582200247226,0.03731569744758101,0.11175300432927399,0.004443929170350118,-0.19689352027750257,-0.010946135857180801,0.49599187907344733,0.03664266364358192,0.11096940252114161,0.004358609225779327,0.20251424267132467,-0.0055318182188432395,-0.5498128517365372,-0.0816604404949071,-0.36051005515608814,-0.024974739747529576,-0.46596184282754427,-0.06334010676866757,0.5870082745185677,0.06805954786230708,0.22221281786678593,0.001171239824159372,0.5058354921593121,0.060547890247154346,0.2981051360245583,0.016413505679348052,-0.042869793941890985,0.004816320073327497,0.8135320702524094,0.10434587132426905,frac_pore,0.49599187907344733,sharpness_c2,0.8135320702524094
2720,0.0,0.0,rare,,,,,,,,,,,,,,,,,,,,,,,,,,,,,,,,,,,,
2721,0.0,0.0,rare,,,,,,,,,,,,,,,,,,,,,,,,,,,,,,,,,,,,
2722,0.0,0.0,rare,,,,,,,,,,,,,,,,,,,,,,,,,,,,,,,,,,,,
2723,0.0,0.0,rare,,,,,,,,,,,,,,,,,,,,,,,,,,,,,,,,,,,,
2724,0.0,0.0,rare,,,,,,,,,,,,,,,,,,,,,,,,,,,,,,,,,,,,
2725,0.0,0.0,rare,,,,,,,,,,,,,,,,,,,,,,,,,,,,,,,,,,,,
2726,0.0,0.0,rare,,,,,,,,,,,,,,,,,,,,,,,,,,,,,,,,,,,,
2727,0.0,0.0,rare,,,,,,,,,,,,,,,,,,,,,,,,,,,,,,,,,,,,
2728,0.0,0.0,rare,,,,,,,,,,,,,,,,,,,,,,,,,,,,,,,,,,,,
2729,0.0,0.0,rare,,,,,,,,,,,,,,,,,,,,,,,,,,,,,,,,,,,,
2730,0.0,0.0,rare,,,,,,,,,,,,,,,,,,,,,,,,,,,,,,,,,,,,
2731,0.0,0.0,rare,,,,,,,,,,,,,,,,,,,,,,,,,,,,,,,,,,,,
2732,0.0,0.0,rare,,,,,,,,,,,,,,,,,,,,,,,,,,,,,,,,,,,,
2733,0.0,0.0,rare,,,,,,,,,,,,,,,,,,,,,,,,,,,,,,,,,,,,
2734,0.0,0.0,rare,,,,,,,,,,,,,,,,,,,,,,,,,,,,,,,,,,,,
2735,0.0,0.0,rare,,,,,,,,,,,,,,,,,,,,,,,,,,,,,,,,,,,,
2736,0.0,0.0,rare,,,,,,,,,,,,,,,,,,,,,,,,,,,,,,,,,,,,
2737,0.0,0.0,rare,,,,,,,,,,,,,,,,,,,,,,,,,,,,,,,,,,,,
2738,0.0,0.0,rare,,,,,,,,,,,,,,,,,,,,,,,,,,,,,,,,,,,,
2739,0.0,0.0,rare,,,,,,,,,,,,,,,,,,,,,,,,,,,,,,,,,,,,
2740,0.0,0.0,rare,,,,,,,,,,,,,,,,,,,,,,,,,,,,,,,,,,,,
2741,0.0,0.0,rare,,,,,,,,,,,,,,,,,,,,,,,,,,,,,,,,,,,,
2742,0.0013253810470510272,26.55223846435547,rare,,,,,,,,,,,,,,,,,,,,,,,,,,,,,,,,,,,,
2743,0.0,0.0,rare,,,,,,,,,,,,,,,,,,,,,,,,,,,,,,,,,,,,
2744,0.009940357852882704,94.09590148925781,imaging,0.5145718270430877,0.49889815853993363,0.4906233445170404,0.029143654086175363,-0.5865906186197669,-0.0872288625706563,0.35035240468709006,0.06455303822296811,0.6293291691481114,0.021101216087356288,-0.5870686649863026,-0.08727466423548691,-0.3368328932236723,-0.03115089719541056,-0.49531323977376884,-0.05067310763412197,0.2912593739522435,0.014099666891898342,-0.4093679302381933,-0.04925647374762188,0.6263874003719173,0.045732526948849744,0.991057685471488,0.09465950460536755,0.4076384437871946,0.018671941816747372,0.5424088812575545,0.08195058027288325,0.8532375749237117,0.07501075994019879,0.5269911157580255,0.06263081376684504,frac_pore,0.6293291691481114,noise_sigma_c1,0.991057685471488
2745,0.0,0.0,rare,,,,,,,,,,,,,,,,,,,,,,,,,,,,,,,,,,,,
2746,0.0,0.0,rare,,,,,,,,,,,,,,,,,,,,,,,,,,,,,,,,,,,,
2747,0.0,0.0,rare,,,,,,,,,,,,,,,,,,,,,,,,,,,,,,,,,,,,
2748,0.0006626905235255136,18.47240447998047,rare,,,,,,,,,,,,,,,,,,,,,,,,,,,,,,,,,,,,
2749,0.0,0.0,rare,,,,,,,,,,,,,,,,,,,,,,,,,,,,,,,,,,,,
2750,0.0,0.0,rare,,,,,,,,,,,,,,,,,,,,,,,,,,,,,,,,,,,,
2751,0.0,0.0,rare,,,,,,,,,,,,,,,,,,,,,,,,,,,,,,,,,,,,
2752,0.0,0.0,rare,,,,,,,,,,,,,,,,,,,,,,,,,,,,,,,,,,,,
2753,0.0,0.0,rare,,,,,,,,,,,,,,,,,,,,,,,,,,,,,,,,,,,,
2754,0.0,0.0,rare,,,,,,,,,,,,,,,,,,,,,,,,,,,,,,,,,,,,
2755,0.0,0.0,rare,,,,,,,,,,,,,,,,,,,,,,,,,,,,,,,,,,,,
2756,0.0,0.0,rare,,,,,,,,,,,,,,,,,,,,,,,,,,,,,,,,,,,,
2757,0.0,0.0,rare,,,,,,,,,,,,,,,,,,,,,,,,,,,,,,,,,,,,
2758,0.0,0.0,rare,,,,,,,,,,,,,,,,,,,,,,,,,,,,,,,,,,,,
2759,0.0,0.0,rare,,,,,,,,,,,,,,,,,,,,,,,,,,,,,,,,,,,,
2760,0.010603048376408217,102.75077819824219,imaging,0.4931682322801025,0.493025283347864,0.5098887515451175,0.01977750309023496,-0.11426471523879825,0.006097539158385532,0.18042422235739136,0.012344564790895402,-0.14025034974750428,-0.010829155409494003,-0.11494942451019693,0.00605275365534879,-0.3368328710997463,-0.036019696756253675,1.1804671861608769,0.0667967662870769,0.1855632407552153,0.03483064625273372,1.3057174349518155,0.07974290941208481,-0.9866341791667884,-0.07799647055391754,-1.0955714915079326,-0.0770226930217417,-0.8211545998659054,-0.060560938435530155,-0.3815891116202338,-0.044309128593378294,-0.6339791781077211,-0.06020396347174412,-0.31570607673386175,-0.03790003623595018,K04_agglom_frac,-0.3368328710997463,p1_c2,1.3057174349518155
2761,0.0,0.0,rare,,,,,,,,,,,,,,,,,,,,,,,,,,,,,,,,,,,,
2762,0.0,0.0,rare,,,,,,,,,,,,,,,,,,,,,,,,,,,,,,,,,,,,
2763,0.0,0.0,rare,,,,,,,,,,,,,,,,,,,,,,,,,,,,,,,,,,,,
2764,0.0,0.0,rare,,,,,,,,,,,,,,,,,,,,,,,,,,,,,,,,,,,,
2765,0.0013253810470510272,26.456682205200195,rare,,,,,,,,,,,,,,,,,,,,,,,,,,,,,,,,,,,,
2766,0.0013253810470510272,26.379209518432617,rare,,,,,,,,,,,,,,,,,,,,,,,,,,,,,,,,,,,,
2767,0.0,0.0,rare,,,,,,,,,,,,,,,,,,,,,,,,,,,,,,,,,,,,
2768,0.0,0.0,rare,,,,,,,,,,,,,,,,,,,,,,,,,,,,,,,,,,,,
2769,0.0,0.0,rare,,,,,,,,,,,,,,,,,,,,,,,,,,,,,,,,,,,,
2770,0.0,0.0,rare,,,,,,,,,,,,,,,,,,,,,,,,,,,,,,,,,,,,
2771,0.0,0.0,rare,,,,,,,,,,,,,,,,,,,,,,,,,,,,,,,,,,,,
2772,0.0,0.0,rare,,,,,,,,,,,,,,,,,,,,,,,,,,,,,,,,,,,,
2773,0.0026507620941020544,38.6278076171875,rare,,,,,,,,,,,,,,,,,,,,,,,,,,,,,,,,,,,,
2774,0.0,0.0,rare,,,,,,,,,,,,,,,,,,,,,,,,,,,,,,,,,,,,
2775,0.0,0.0,rare,,,,,,,,,,,,,,,,,,,,,,,,,,,,,,,,,,,,
2776,0.06494367130550033,508.5650329589844,imaging,0.5014350754677891,0.515507665926486,0.4876266996291719,0.031015331852972006,-0.38606588218084964,-0.06882889693912937,0.4039077826922416,0.0876719151124086,-0.02738298980090058,-1.5910448636626498e-05,-0.3866316667380075,-0.06898858602075106,-0.283147891282773,-0.06317080899643014,-0.5324052843263929,-0.15109728058143682,-0.02362171695460818,-0.02842641916226072,-0.44496804811817553,-0.1144965511369551,0.6455231382156233,0.16641895003978327,1.0384026364275039,0.286944426755995,0.5480604848739794,0.14657197024287147,0.3709943227646732,0.10128338843952703,0.8982868995315988,0.2231683089567559,0.6037292779912546,0.19588897687062007,frac_graphite,0.4039077826922416,noise_sigma_c1,1.0384026364275039
2777,0.0,0.0,rare,,,,,,,,,,,,,,,,,,,,,,,,,,,,,,,,,,,,
2778,0.0,0.0,rare,,,,,,,,,,,,,,,,,,,,,,,,,,,,,,,,,,,,
2779,0.0,0.0,rare,,,,,,,,,,,,,,,,,,,,,,,,,,,,,,,,,,,,
2780,0.0,0.0,rare,,,,,,,,,,,,,,,,,,,,,,,,,,,,,,,,,,,,
2781,0.0,0.0,rare,,,,,,,,,,,,,,,,,,,,,,,,,,,,,,,,,,,,
2782,0.0006626905235255136,16.962467193603516,rare,,,,,,,,,,,,,,,,,,,,,,,,,,,,,,,,,,,,
2783,0.0,0.0,rare,,,,,,,,,,,,,,,,,,,,,,,,,,,,,,,,,,,,
2784,0.0,0.0,rare,,,,,,,,,,,,,,,,,,,,,,,,,,,,,,,,,,,,
2785,0.0,0.0,rare,,,,,,,,,,,,,,,,,,,,,,,,,,,,,,,,,,,,
2786,0.005301524188204109,53.93670654296875,rare,,,,,,,,,,,,,,,,,,,,,,,,,,,,,,,,,,,,
2787,0.0,0.0,rare,,,,,,,,,,,,,,,,,,,,,,,,,,,,,,,,,,,,
2788,0.0006626905235255136,19.437923431396484,rare,,,,,,,,,,,,,,,,,,,,,,,,,,,,,,,,,,,,
2789,0.0,0.0,rare,,,,,,,,,,,,,,,,,,,,,,,,,,,,,,,,,,,,
2790,0.0,0.0,rare,,,,,,,,,,,,,,,,,,,,,,,,,,,,,,,,,,,,
2791,0.0,0.0,rare,,,,,,,,,,,,,,,,,,,,,,,,,,,,,,,,,,,,
2792,0.0,0.0,rare,,,,,,,,,,,,,,,,,,,,,,,,,,,,,,,,,,,,
2793,0.0,0.0,rare,,,,,,,,,,,,,,,,,,,,,,,,,,,,,,,,,,,,
2794,0.0,0.0,rare,,,,,,,,,,,,,,,,,,,,,,,,,,,,,,,,,,,,
2795,0.0,0.0,rare,,,,,,,,,,,,,,,,,,,,,,,,,,,,,,,,,,,,
2796,0.0,0.0,rare,,,,,,,,,,,,,,,,,,,,,,,,,,,,,,,,,,,,
2797,0.0,0.0,rare,,,,,,,,,,,,,,,,,,,,,,,,,,,,,,,,,,,,
2798,0.0,0.0,rare,,,,,,,,,,,,,,,,,,,,,,,,,,,,,,,,,,,,
2799,0.0,0.0,rare,,,,,,,,,,,,,,,,,,,,,,,,,,,,,,,,,,,,
2800,0.0,0.0,rare,,,,,,,,,,,,,,,,,,,,,,,,,,,,,,,,,,,,
2801,0.003976143141153081,60.23976516723633,rare,,,,,,,,,,,,,,,,,,,,,,,,,,,,,,,,,,,,
2802,0.0,0.0,rare,,,,,,,,,,,,,,,,,,,,,,,,,,,,,,,,,,,,
2803,0.0,0.0,rare,,,,,,,,,,,,,,,,,,,,,,,,,,,,,,,,,,,,
2804,0.0026507620941020544,34.352691650390625,rare,,,,,,,,,,,,,,,,,,,,,,,,,,,,,,,,,,,,
2805,0.0,0.0,rare,,,,,,,,,,,,,,,,,,,,,,,,,,,,,,,,,,,,
2806,0.0013253810470510272,28.959808349609375,rare,,,,,,,,,,,,,,,,,,,,,,,,,,,,,,,,,,,,
2807,0.0,0.0,rare,,,,,,,,,,,,,,,,,,,,,,,,,,,,,,,,,,,,
2808,0.0,0.0,rare,,,,,,,,,,,,,,,,,,,,,,,,,,,,,,,,,,,,
2809,0.0,0.0,rare,,,,,,,,,,,,,,,,,,,,,,,,,,,,,,,,,,,,
2810,0.0,0.0,rare,,,,,,,,,,,,,,,,,,,,,,,,,,,,,,,,,,,,
2811,0.0,0.0,rare,,,,,,,,,,,,,,,,,,,,,,,,,,,,,,,,,,,,
2812,0.0006626905235255136,0.5873881578445435,rare,,,,,,,,,,,,,,,,,,,,,,,,,,,,,,,,,,,,
2813,0.0,0.0,rare,,,,,,,,,,,,,,,,,,,,,,,,,,,,,,,,,,,,
2814,0.0,0.0,rare,,,,,,,,,,,,,,,,,,,,,,,,,,,,,,,,,,,,
2815,0.0,0.0,rare,,,,,,,,,,,,,,,,,,,,,,,,,,,,,,,,,,,,
2816,0.0,0.0,rare,,,,,,,,,,,,,,,,,,,,,,,,,,,,,,,,,,,,
2817,0.0,0.0,rare,,,,,,,,,,,,,,,,,,,,,,,,,,,,,,,,,,,,
2818,0.0,0.0,rare,,,,,,,,,,,,,,,,,,,,,,,,,,,,,,,,,,,,
2819,0.0,0.0,rare,,,,,,,,,,,,,,,,,,,,,,,,,,,,,,,,,,,,
2820,0.0,0.0,rare,,,,,,,,,,,,,,,,,,,,,,,,,,,,,,,,,,,,
2821,0.0,0.0,rare,,,,,,,,,,,,,,,,,,,,,,,,,,,,,,,,,,,,
2822,0.0,0.0,rare,,,,,,,,,,,,,,,,,,,,,,,,,,,,,,,,,,,,
2823,0.0,0.0,rare,,,,,,,,,,,,,,,,,,,,,,,,,,,,,,,,,,,,
2824,0.0,0.0,rare,,,,,,,,,,,,,,,,,,,,,,,,,,,,,,,,,,,,
2825,0.0,0.0,rare,,,,,,,,,,,,,,,,,,,,,,,,,,,,,,,,,,,,
2826,0.0,0.0,rare,,,,,,,,,,,,,,,,,,,,,,,,,,,,,,,,,,,,
2827,0.0,0.0,rare,,,,,,,,,,,,,,,,,,,,,,,,,,,,,,,,,,,,
2828,0.0,0.0,rare,,,,,,,,,,,,,,,,,,,,,,,,,,,,,,,,,,,,
2829,0.0,0.0,rare,,,,,,,,,,,,,,,,,,,,,,,,,,,,,,,,,,,,
2830,0.0,0.0,rare,,,,,,,,,,,,,,,,,,,,,,,,,,,,,,,,,,,,
2831,0.0,0.0,rare,,,,,,,,,,,,,,,,,,,,,,,,,,,,,,,,,,,,
2832,0.0,0.0,rare,,,,,,,,,,,,,,,,,,,,,,,,,,,,,,,,,,,,
2833,0.0,0.0,rare,,,,,,,,,,,,,,,,,,,,,,,,,,,,,,,,,,,,
2834,0.0,0.0,rare,,,,,,,,,,,,,,,,,,,,,,,,,,,,,,,,,,,,
2835,0.0,0.0,rare,,,,,,,,,,,,,,,,,,,,,,,,,,,,,,,,,,,,
2836,0.0,0.0,rare,,,,,,,,,,,,,,,,,,,,,,,,,,,,,,,,,,,,
2837,0.0,0.0,rare,,,,,,,,,,,,,,,,,,,,,,,,,,,,,,,,,,,,
2838,0.0,0.0,rare,,,,,,,,,,,,,,,,,,,,,,,,,,,,,,,,,,,,
2839,0.007952286282306162,90.12089538574219,imaging,0.49677613328010745,0.4965873019695867,0.5047554299841074,0.009510859968214769,-0.5657501053141333,-0.03503330212697034,0.8384976583253134,0.062450395844520834,-0.8310230961224312,-0.06755992500293598,-0.5662372703421568,-0.035135956641395565,-0.3368328923606025,-0.029814417850313527,1.3126261849924246,0.0821234186452373,0.9202049142054181,0.05741633215673983,1.2608339037034442,0.0696219298871639,-0.6825305110418545,-0.05555434302912139,-1.0651658975292422,-0.07640571686080284,-0.6238691432813743,-0.05791860390051302,1.271823320399281,0.014028977215717067,-0.6814934191626572,-0.04867626189909315,1.0337572358820548,-0.011959868676815609,frac_graphite,0.8384976583253134,p1_c0,1.3126261849924246
2840,0.008614976805831677,104.56468200683594,imaging,0.49444918872758326,0.4943330427201395,0.5080346106304079,0.01606922126081578,-0.6124436979523136,-0.05807115787357369,0.30770844165247263,0.006384945701465933,0.9282676814905172,0.0701524702236715,-0.6124944921511947,-0.057842703446885226,-0.3368328943135496,-0.03243408064992298,-0.18372672563039416,0.04316087158818122,0.24937725300445504,0.029455892684592498,-0.49993177249182,-0.0676933134292609,-1.5655574043906693,-0.12610848466856442,-1.0248856487517586,-0.10133289521572045,-1.9356829798577502,-0.15477036406887484,-0.7493340784543898,-0.08707544130568418,-1.3199248882432262,-0.13389560606972944,-1.6625981636500087,-0.1492366121211989,frac_pore,0.9282676814905172,noise_sigma_c2,-1.9356829798577502
2841,0.0,0.0,rare,,,,,,,,,,,,,,,,,,,,,,,,,,,,,,,,,,,,
2842,0.0,0.0,rare,,,,,,,,,,,,,,,,,,,,,,,,,,,,,,,,,,,,
2843,0.0,0.0,rare,,,,,,,,,,,,,,,,,,,,,,,,,,,,,,,,,,,,
2844,0.0,0.0,rare,,,,,,,,,,,,,,,,,,,,,,,,,,,,,,,,,,,,
2845,0.0,0.0,rare,,,,,,,,,,,,,,,,,,,,,,,,,,,,,,,,,,,,
2846,0.0,0.0,rare,,,,,,,,,,,,,,,,,,,,,,,,,,,,,,,,,,,,
2847,0.0,0.0,rare,,,,,,,,,,,,,,,,,,,,,,,,,,,,,,,,,,,,
2848,0.0,0.0,rare,,,,,,,,,,,,,,,,,,,,,,,,,,,,,,,,,,,,
2849,0.0,0.0,rare,,,,,,,,,,,,,,,,,,,,,,,,,,,,,,,,,,,,
2850,0.0,0.0,rare,,,,,,,,,,,,,,,,,,,,,,,,,,,,,,,,,,,,
2851,0.0,0.0,rare,,,,,,,,,,,,,,,,,,,,,,,,,,,,,,,,,,,,
2852,0.0,0.0,rare,,,,,,,,,,,,,,,,,,,,,,,,,,,,,,,,,,,,
2853,0.009940357852882704,78.05332946777344,material,0.5107213780766957,0.4971051072459022,0.4946291718170581,0.021442756153391418,0.9949146170011106,0.08123071997872282,-0.8044880462408607,-0.06349351568279432,-0.2570205561129725,-0.03217066884402443,0.9937445939827495,0.08112347606056484,0.5226350766915715,0.050360968031701245,-0.393580666130652,-0.030057503875744615,-0.13624117891585744,-0.0022906649139354572,-0.34037054543538026,-0.008567064481491502,0.680174905083269,0.0798275925076463,0.8670995967066136,0.09998552005315152,0.6262722021737965,0.07918491994112493,-0.3882036489828755,-0.03780839392459711,0.5938049734108987,0.07689488725462487,0.6077024126387209,0.08249168242712364,frac_si,0.9949146170011106,noise_sigma_c1,0.8670995967066136
2854,0.0,0.0,rare,,,,,,,,,,,,,,,,,,,,,,,,,,,,,,,,,,,,
2855,0.005301524188204109,53.814205169677734,rare,,,,,,,,,,,,,,,,,,,,,,,,,,,,,,,,,,,,
2856,0.0,0.0,rare,,,,,,,,,,,,,,,,,,,,,,,,,,,,,,,,,,,,
2857,0.0,0.0,rare,,,,,,,,,,,,,,,,,,,,,,,,,,,,,,,,,,,,
2858,0.0006626905235255136,12.335113525390625,rare,,,,,,,,,,,,,,,,,,,,,,,,,,,,,,,,,,,,
2859,0.0,0.0,rare,,,,,,,,,,,,,,,,,,,,,,,,,,,,,,,,,,,,
2860,0.0,0.0,rare,,,,,,,,,,,,,,,,,,,,,,,,,,,,,,,,,,,,
2861,0.0,0.0,rare,,,,,,,,,,,,,,,,,,,,,,,,,,,,,,,,,,,,
2862,0.0,0.0,rare,,,,,,,,,,,,,,,,,,,,,,,,,,,,,,,,,,,,
2863,0.0,0.0,rare,,,,,,,,,,,,,,,,,,,,,,,,,,,,,,,,,,,,
2864,0.0,0.0,rare,,,,,,,,,,,,,,,,,,,,,,,,,,,,,,,,,,,,
2865,0.013916500994035786,133.52748107910156,mixed,0.49484332917296203,0.5036017571661842,0.5009632703514039,0.010313341654075936,-0.426120009969776,-0.03906555885608286,0.4308503707505758,0.05900058160220095,-0.3049070487643998,-0.05037080117499684,-0.42662121751837034,-0.03905837709049937,-0.3368328681016566,-0.04032698302125703,-0.12969336487672972,0.0305936101951421,0.1977480017776746,0.04600279025646218,-0.24653856331049284,0.011422337196258861,0.03840828283399194,-0.027933332295349146,0.0035984618993119342,-0.0136883530202449,0.057391206237681194,-0.02294334304330729,0.018604570929353973,-0.006573483755225716,-0.26206389964166027,-0.013280123733516672,0.09020481960714216,0.008367861320748462,frac_graphite,0.4308503707505758,sharpness_c1,-0.26206389964166027
2866,0.0,0.0,rare,,,,,,,,,,,,,,,,,,,,,,,,,,,,,,,,,,,,
2867,0.0,0.0,rare,,,,,,,,,,,,,,,,,,,,,,,,,,,,,,,,,,,,
2868,0.0,0.0,rare,,,,,,,,,,,,,,,,,,,,,,,,,,,,,,,,,,,,
2869,0.0,0.0,rare,,,,,,,,,,,,,,,,,,,,,,,,,,,,,,,,,,,,
2870,0.0,0.0,rare,,,,,,,,,,,,,,,,,,,,,,,,,,,,,,,,,,,,
2871,0.0,0.0,rare,,,,,,,,,,,,,,,,,,,,,,,,,,,,,,,,,,,,
2872,0.0,0.0,rare,,,,,,,,,,,,,,,,,,,,,,,,,,,,,,,,,,,,
2873,0.0,0.0,rare,,,,,,,,,,,,,,,,,,,,,,,,,,,,,,,,,,,,
2874,0.0,0.0,rare,,,,,,,,,,,,,,,,,,,,,,,,,,,,,,,,,,,,
2875,0.0,0.0,rare,,,,,,,,,,,,,,,,,,,,,,,,,,,,,,,,,,,,
2876,0.0,0.0,rare,,,,,,,,,,,,,,,,,,,,,,,,,,,,,,,,,,,,
2877,0.0,0.0,rare,,,,,,,,,,,,,,,,,,,,,,,,,,,,,,,,,,,,
2878,0.0,0.0,rare,,,,,,,,,,,,,,,,,,,,,,,,,,,,,,,,,,,,
2879,0.0,0.0,rare,,,,,,,,,,,,,,,,,,,,,,,,,,,,,,,,,,,,
2880,0.0,0.0,rare,,,,,,,,,,,,,,,,,,,,,,,,,,,,,,,,,,,,
2881,0.0,0.0,rare,,,,,,,,,,,,,,,,,,,,,,,,,,,,,,,,,,,,
2882,0.0,0.0,rare,,,,,,,,,,,,,,,,,,,,,,,,,,,,,,,,,,,,
2883,0.0,0.0,rare,,,,,,,,,,,,,,,,,,,,,,,,,,,,,,,,,,,,
2884,0.0,0.0,rare,,,,,,,,,,,,,,,,,,,,,,,,,,,,,,,,,,,,
2885,0.0,0.0,rare,,,,,,,,,,,,,,,,,,,,,,,,,,,,,,,,,,,,
2886,0.0,0.0,rare,,,,,,,,,,,,,,,,,,,,,,,,,,,,,,,,,,,,
2887,0.00728959575878065,82.56797790527344,imaging,0.49530315969257044,0.4952048823016565,0.5067985166872683,0.013597033374536549,-0.7182591653913486,-0.06415133945457997,0.6394573882261603,0.05557988913063285,0.2919310287749132,0.017553580260787717,-0.7186796010852826,-0.06422294515592879,-0.33683287235454645,-0.029814417850313527,1.1585476112767674,0.08908063590716982,0.1857624332684285,0.03191404946744328,1.0400608371229882,0.07408238188369322,-1.2068401325948177,-0.09615079499974853,-1.5335335713246196,-0.1106226937042976,-1.1371883186480758,-0.08784491663440185,0.30920650373776154,0.016782032181287564,-1.1566406312812523,-0.09865108995769255,-0.26537951031476664,-0.023778572965645717,K01_si_frac_adm,-0.7186796010852826,noise_sigma_c1,-1.5335335713246196
2888,0.0,0.0,rare,,,,,,,,,,,,,,,,,,,,,,,,,,,,,,,,,,,,
2889,0.0,0.0,rare,,,,,,,,,,,,,,,,,,,,,,,,,,,,,,,,,,,,
2890,0.0,0.0,rare,,,,,,,,,,,,,,,,,,,,,,,,,,,,,,,,,,,,
2891,0.0006626905235255136,8.588035583496094,rare,,,,,,,,,,,,,,,,,,,,,,,,,,,,,,,,,,,,
2892,0.0,0.0,rare,,,,,,,,,,,,,,,,,,,,,,,,,,,,,,,,,,,,
2893,0.0,0.0,rare,,,,,,,,,,,,,,,,,,,,,,,,,,,,,,,,,,,,
2894,0.0,0.0,rare,,,,,,,,,,,,,,,,,,,,,,,,,,,,,,,,,,,,
2895,0.0006626905235255136,15.92906379699707,rare,,,,,,,,,,,,,,,,,,,,,,,,,,,,,,,,,,,,
2896,0.0,0.0,rare,,,,,,,,,,,,,,,,,,,,,,,,,,,,,,,,,,,,
2897,0.0,0.0,rare,,,,,,,,,,,,,,,,,,,,,,,,,,,,,,,,,,,,
2898,0.0,0.0,rare,,,,,,,,,,,,,,,,,,,,,,,,,,,,,,,,,,,,
2899,0.0,0.0,rare,,,,,,,,,,,,,,,,,,,,,,,,,,,,,,,,,,,,
2900,0.0,0.0,rare,,,,,,,,,,,,,,,,,,,,,,,,,,,,,,,,,,,,
2901,0.0,0.0,rare,,,,,,,,,,,,,,,,,,,,,,,,,,,,,,,,,,,,
2902,0.0,0.0,rare,,,,,,,,,,,,,,,,,,,,,,,,,,,,,,,,,,,,
2903,0.0,0.0,rare,,,,,,,,,,,,,,,,,,,,,,,,,,,,,,,,,,,,
2904,0.0,0.0,rare,,,,,,,,,,,,,,,,,,,,,,,,,,,,,,,,,,,,
2905,0.0,0.0,rare,,,,,,,,,,,,,,,,,,,,,,,,,,,,,,,,,,,,
2906,0.0,0.0,rare,,,,,,,,,,,,,,,,,,,,,,,,,,,,,,,,,,,,
2907,0.0,0.0,rare,,,,,,,,,,,,,,,,,,,,,,,,,,,,,,,,,,,,
2908,0.0,0.0,rare,,,,,,,,,,,,,,,,,,,,,,,,,,,,,,,,,,,,
2909,0.0,0.0,rare,,,,,,,,,,,,,,,,,,,,,,,,,,,,,,,,,,,,
2910,0.0,0.0,rare,,,,,,,,,,,,,,,,,,,,,,,,,,,,,,,,,,,,
2911,0.0,0.0,rare,,,,,,,,,,,,,,,,,,,,,,,,,,,,,,,,,,,,
2912,0.0,0.0,rare,,,,,,,,,,,,,,,,,,,,,,,,,,,,,,,,,,,,
2913,0.0,0.0,rare,,,,,,,,,,,,,,,,,,,,,,,,,,,,,,,,,,,,
2914,0.0,0.0,rare,,,,,,,,,,,,,,,,,,,,,,,,,,,,,,,,,,,,
2915,0.0013253810470510272,25.108802795410156,rare,,,,,,,,,,,,,,,,,,,,,,,,,,,,,,,,,,,,
2916,0.0,0.0,rare,,,,,,,,,,,,,,,,,,,,,,,,,,,,,,,,,,,,
2917,0.01855533465871438,151.8216552734375,imaging,0.5090045932521134,0.5041785681600333,0.49064276885043256,0.01871446229913487,-0.041542444183390675,0.024468441180513303,0.1235051815662492,-0.008533770446998632,-0.15380499096014588,-0.005175408005835598,-0.04225897261369843,0.024322186220398632,-0.10237025042669685,-0.013304329972433774,-0.5484724927782435,-0.08265441177589829,-0.1930205656620017,-0.02532432616434261,-0.4572552173202329,-0.06577195277784617,0.653042322294109,0.08516346447339274,0.8620733375705512,0.13078952886797046,0.6556930747051324,0.0945987191214657,-0.19297517734485028,-0.00687365961209394,0.8297358427567461,0.12023742435476488,0.5694027289903276,0.10700432157516862,frac_pore,-0.15380499096014588,noise_sigma_c1,0.8620733375705512
2918,0.0,0.0,rare,,,,,,,,,,,,,,,,,,,,,,,,,,,,,,,,,,,,
2919,0.0,0.0,rare,,,,,,,,,,,,,,,,,,,,,,,,,,,,,,,,,,,,
2920,0.0,0.0,rare,,,,,,,,,,,,,,,,,,,,,,,,,,,,,,,,,,,,
2921,0.0,0.0,rare,,,,,,,,,,,,,,,,,,,,,,,,,,,,,,,,,,,,
2922,0.0,0.0,rare,,,,,,,,,,,,,,,,,,,,,,,,,,,,,,,,,,,,
2923,0.0,0.0,rare,,,,,,,,,,,,,,,,,,,,,,,,,,,,,,,,,,,,
2924,0.0,0.0,rare,,,,,,,,,,,,,,,,,,,,,,,,,,,,,,,,,,,,
2925,0.0,0.0,rare,,,,,,,,,,,,,,,,,,,,,,,,,,,,,,,,,,,,
2926,0.0,0.0,rare,,,,,,,,,,,,,,,,,,,,,,,,,,,,,,,,,,,,
2927,0.0,0.0,rare,,,,,,,,,,,,,,,,,,,,,,,,,,,,,,,,,,,,
2928,0.0,0.0,rare,,,,,,,,,,,,,,,,,,,,,,,,,,,,,,,,,,,,
2929,0.0,0.0,rare,,,,,,,,,,,,,,,,,,,,,,,,,,,,,,,,,,,,
2930,0.0,0.0,rare,,,,,,,,,,,,,,,,,,,,,,,,,,,,,,,,,,,,
2931,0.0,0.0,rare,,,,,,,,,,,,,,,,,,,,,,,,,,,,,,,,,,,,
2932,0.0,0.0,rare,,,,,,,,,,,,,,,,,,,,,,,,,,,,,,,,,,,,
2933,0.0,0.0,rare,,,,,,,,,,,,,,,,,,,,,,,,,,,,,,,,,,,,
2934,0.0,0.0,rare,,,,,,,,,,,,,,,,,,,,,,,,,,,,,,,,,,,,
2935,0.03644797879390325,279.13250732421875,material,0.5125935451922445,0.494282466390825,0.49539025251633406,0.025187090384489075,-0.598371644288464,-0.1428196781321773,0.5924895124114334,0.12569399608936874,0.018967428467064916,0.02199621458828501,-0.5988445359618032,-0.1428923465935407,-0.33683288359329255,-0.06376026002061881,-0.3813215733393876,-0.05198955697837328,0.28180872432156195,0.02692971099482988,-0.39942286273529287,-0.05083776968178491,0.27647841855278743,0.05250150346063364,0.5419465049412643,0.1128102446363978,0.17899863547698552,0.03265151906948503,0.559638447603237,0.12612056576547304,0.41312869507900407,0.10413737236943867,0.11140648297734532,0.0588924821823214,K01_si_frac_adm,-0.5988445359618032,sharpness_c0,0.559638447603237
2936,0.0,0.0,rare,,,,,,,,,,,,,,,,,,,,,,,,,,,,,,,,,,,,
2937,0.0,0.0,rare,,,,,,,,,,,,,,,,,,,,,,,,,,,,,,,,,,,,
2938,0.0,0.0,rare,,,,,,,,,,,,,,,,,,,,,,,,,,,,,,,,,,,,
2939,0.00927766732935719,97.14215087890625,imaging,0.5054573292437051,0.5048192016646839,0.49265230443227975,0.014695391135440494,0.04606954948010749,-0.006555084951509557,-0.21468227341014195,-0.012848227002399418,0.3916672257332335,0.0378712465614917,0.04531468703646231,-0.0066503560650902896,-0.15456214666252793,-0.012855470119687091,-0.5873271494697005,-0.07114809469141706,-0.6713302220800421,-0.05610040047481634,-0.44746328600659235,-0.051696086152293846,0.7200493000458023,0.053138253832676216,0.6538981235851353,0.04479474753878234,0.7091492051938377,0.05356124195249014,0.0994758478701369,0.028975120512239456,0.16582890823041416,0.017312924780719472,0.2922139928689932,0.03310918682676931,frac_pore,0.3916672257332335,noise_sigma_c0,0.7200493000458023
2940,0.0,0.0,rare,,,,,,,,,,,,,,,,,,,,,,,,,,,,,,,,,,,,
2941,0.0,0.0,rare,,,,,,,,,,,,,,,,,,,,,,,,,,,,,,,,,,,,
2942,0.0,0.0,rare,,,,,,,,,,,,,,,,,,,,,,,,,,,,,,,,,,,,
2943,0.0,0.0,rare,,,,,,,,,,,,,,,,,,,,,,,,,,,,,,,,,,,,
2944,0.0,0.0,rare,,,,,,,,,,,,,,,,,,,,,,,,,,,,,,,,,,,,
2945,0.0,0.0,rare,,,,,,,,,,,,,,,,,,,,,,,,,,,,,,,,,,,,
2946,0.0,0.0,rare,,,,,,,,,,,,,,,,,,,,,,,,,,,,,,,,,,,,
2947,0.0,0.0,rare,,,,,,,,,,,,,,,,,,,,,,,,,,,,,,,,,,,,
2948,0.0,0.0,rare,,,,,,,,,,,,,,,,,,,,,,,,,,,,,,,,,,,,
2949,0.0,0.0,rare,,,,,,,,,,,,,,,,,,,,,,,,,,,,,,,,,,,,
2950,0.19946984758117958,2462.016357421875,imaging,0.3764306540204852,0.38759049550352354,0.6687842133144976,0.3375684266289951,-0.2564226419751108,-0.054232556021323666,0.3487087505897265,0.1297969617600586,-0.3047997781848104,-0.12321921838445027,-0.25704515110662496,-0.054637370319094804,-0.23449987084588014,-0.11180984940377553,1.61587624720143,0.5332860267160343,0.39883130898752295,0.23575750324581615,1.652822212698184,0.5571855559345357,-1.245216428514365,-0.5084034609689096,-1.4152260258029705,-0.5470310829945321,-1.015925580703994,-0.4123540496204545,-0.23292534662375886,-0.10595611897102758,-0.8777198326701143,-0.4042097944730917,-0.2510345502215823,-0.18038035935899344,frac_graphite,0.3487087505897265,p1_c2,1.652822212698184
2951,0.008614976805831677,85.54570770263672,material,0.4982592130329107,0.4961622199636813,0.5040305491788805,0.00806109835776092,3.4779362846254234,0.11015993804773427,-2.8837330699400683,-0.1033963966609878,-0.6997857732388202,-0.048473284064675784,3.47588384294638,0.11015987230575755,2.7042177587096967,0.21834278956298858,0.2187950277924533,-0.0007647874194127956,0.5540703411163388,0.01992976558779416,-0.014515349232121253,-0.010964988447472162,0.5311825990573192,0.031885002633194374,0.13793993677703423,0.008098202316837538,0.5362137482276127,0.031102440806079743,-0.4602338332620194,-0.04661695919381857,0.06174059969395989,0.002714465561439748,0.5219767852926093,0.03740867499822815,frac_si,3.4779362846254234,p1_c1,0.5540703411163388
2952,0.0,0.0,rare,,,,,,,,,,,,,,,,,,,,,,,,,,,,,,,,,,,,
2953,0.0,0.0,rare,,,,,,,,,,,,,,,,,,,,,,,,,,,,,,,,,,,,
2954,0.0,0.0,rare,,,,,,,,,,,,,,,,,,,,,,,,,,,,,,,,,,,,
2955,0.003976143141153081,47.949806213378906,rare,,,,,,,,,,,,,,,,,,,,,,,,,,,,,,,,,,,,
2956,0.0,0.0,rare,,,,,,,,,,,,,,,,,,,,,,,,,,,,,,,,,,,,
2957,0.0,0.0,rare,,,,,,,,,,,,,,,,,,,,,,,,,,,,,,,,,,,,
2958,0.0,0.0,rare,,,,,,,,,,,,,,,,,,,,,,,,,,,,,,,,,,,,
2959,0.0,0.0,rare,,,,,,,,,,,,,,,,,,,,,,,,,,,,,,,,,,,,
2960,0.004638833664678595,41.52422332763672,rare,,,,,,,,,,,,,,,,,,,,,,,,,,,,,,,,,,,,
2961,0.0,0.0,rare,,,,,,,,,,,,,,,,,,,,,,,,,,,,,,,,,,,,
2962,0.0,0.0,rare,,,,,,,,,,,,,,,,,,,,,,,,,,,,,,,,,,,,
2963,0.0,0.0,rare,,,,,,,,,,,,,,,,,,,,,,,,,,,,,,,,,,,,
2964,0.0,0.0,rare,,,,,,,,,,,,,,,,,,,,,,,,,,,,,,,,,,,,
2965,0.0,0.0,rare,,,,,,,,,,,,,,,,,,,,,,,,,,,,,,,,,,,,
2966,0.0,0.0,rare,,,,,,,,,,,,,,,,,,,,,,,,,,,,,,,,,,,,
2967,0.0,0.0,rare,,,,,,,,,,,,,,,,,,,,,,,,,,,,,,,,,,,,
2968,0.0,0.0,rare,,,,,,,,,,,,,,,,,,,,,,,,,,,,,,,,,,,,
2969,0.0,0.0,rare,,,,,,,,,,,,,,,,,,,,,,,,,,,,,,,,,,,,
2970,0.0,0.0,rare,,,,,,,,,,,,,,,,,,,,,,,,,,,,,,,,,,,,
2971,0.0,0.0,rare,,,,,,,,,,,,,,,,,,,,,,,,,,,,,,,,,,,,
2972,0.0,0.0,rare,,,,,,,,,,,,,,,,,,,,,,,,,,,,,,,,,,,,
2973,0.003976143141153081,44.839744567871094,rare,,,,,,,,,,,,,,,,,,,,,,,,,,,,,,,,,,,,
2974,0.0,0.0,rare,,,,,,,,,,,,,,,,,,,,,,,,,,,,,,,,,,,,
2975,0.005301524188204109,45.63031768798828,rare,,,,,,,,,,,,,,,,,,,,,,,,,,,,,,,,,,,,
2976,0.0,0.0,rare,,,,,,,,,,,,,,,,,,,,,,,,,,,,,,,,,,,,
2977,0.0,0.0,rare,,,,,,,,,,,,,,,,,,,,,,,,,,,,,,,,,,,,
2978,0.0,0.0,rare,,,,,,,,,,,,,,,,,,,,,,,,,,,,,,,,,,,,
2979,0.0,0.0,rare,,,,,,,,,,,,,,,,,,,,,,,,,,,,,,,,,,,,
2980,0.01126573889993373,111.72948455810547,mixed,0.4984853384807401,0.49621159209467897,0.5038363058449585,0.007672611689917064,0.15366128793798314,0.035616682381536674,-0.29325519791492183,-0.045774091980283475,0.49635808686739225,0.0504480363023375,0.15285934953397728,0.03554461053188609,-0.06262897693995825,0.003549083103254896,-0.08328578977360195,0.005000037564102102,-0.10510825690065236,-0.004977689643430678,-0.02992592177995804,0.020851828347378018,0.006965752142924329,-0.02990699217052452,-0.3758105762795758,-0.048504182855599313,0.07381214335497502,-0.01645196536114697,-0.38263200061065744,-0.051458911165509706,-0.46341195982824335,-0.05251689018347323,-0.22649615597397393,-0.04124080729424561,frac_pore,0.49635808686739225,sharpness_c1,-0.46341195982824335
2981,0.0,0.0,rare,,,,,,,,,,,,,,,,,,,,,,,,,,,,,,,,,,,,
2982,0.0,0.0,rare,,,,,,,,,,,,,,,,,,,,,,,,,,,,,,,,,,,,
2983,0.0,0.0,rare,,,,,,,,,,,,,,,,,,,,,,,,,,,,,,,,,,,,
2984,0.0,0.0,rare,,,,,,,,,,,,,,,,,,,,,,,,,,,,,,,,,,,,
2985,0.021206096752816435,195.5055694580078,material,0.5016523580210106,0.5205677072545722,0.4837647889811054,0.041135414509144486,-0.42781401530527774,-0.040597556296490075,-0.05658759364269746,-0.044942743162479974,1.6242968417015118,0.162200043885772,-0.42836153329191096,-0.040660517176679026,-0.3368328754612918,-0.050398343901328996,-0.6454828636567835,-0.13711024730588536,-0.8945486241212575,-0.13753623652425415,-0.49560922085877773,-0.1002290965520649,0.3495115544817897,0.03833481424083894,0.2937083939045281,0.042247917639645624,0.2567532797610943,0.028722573265676937,0.259553273218541,0.04318013204439005,-0.30132915814223027,-0.01697278141680875,-0.09603754395871612,-0.008827887790427619,frac_pore,1.6242968417015118,p1_c1,-0.8945486241212575
2986,0.0,0.0,rare,,,,,,,,,,,,,,,,,,,,,,,,,,,,,,,,,,,,
2987,0.0,0.0,rare,,,,,,,,,,,,,,,,,,,,,,,,,,,,,,,,,,,,
2988,0.0,0.0,rare,,,,,,,,,,,,,,,,,,,,,,,,,,,,,,,,,,,,
2989,0.0,0.0,rare,,,,,,,,,,,,,,,,,,,,,,,,,,,,,,,,,,,,
2990,0.0,0.0,rare,,,,,,,,,,,,,,,,,,,,,,,,,,,,,,,,,,,,
2991,0.0,0.0,rare,,,,,,,,,,,,,,,,,,,,,,,,,,,,,,,,,,,,
2992,0.0,0.0,rare,,,,,,,,,,,,,,,,,,,,,,,,,,,,,,,,,,,,
2993,0.0,0.0,rare,,,,,,,,,,,,,,,,,,,,,,,,,,,,,,,,,,,,
2994,0.0,0.0,rare,,,,,,,,,,,,,,,,,,,,,,,,,,,,,,,,,,,,
2995,0.0,0.0,rare,,,,,,,,,,,,,,,,,,,,,,,,,,,,,,,,,,,,
2996,0.0,0.0,rare,,,,,,,,,,,,,,,,,,,,,,,,,,,,,,,,,,,,
2997,0.0,0.0,rare,,,,,,,,,,,,,,,,,,,,,,,,,,,,,,,,,,,,
2998,0.0,0.0,rare,,,,,,,,,,,,,,,,,,,,,,,,,,,,,,,,,,,,
2999,0.0,0.0,rare,,,,,,,,,,,,,,,,,,,,,,,,,,,,,,,,,,,,
3000,0.0006626905235255136,15.831552505493164,rare,,,,,,,,,,,,,,,,,,,,,,,,,,,,,,,,,,,,
3001,0.0,0.0,rare,,,,,,,,,,,,,,,,,,,,,,,,,,,,,,,,,,,,
3002,0.0,0.0,rare,,,,,,,,,,,,,,,,,,,,,,,,,,,,,,,,,,,,
3003,0.0026507620941020544,30.40688705444336,rare,,,,,,,,,,,,,,,,,,,,,,,,,,,,,,,,,,,,
3004,0.0,0.0,rare,,,,,,,,,,,,,,,,,,,,,,,,,,,,,,,,,,,,
3005,0.0,0.0,rare,,,,,,,,,,,,,,,,,,,,,,,,,,,,,,,,,,,,
3006,0.0019880715705765406,38.354400634765625,rare,,,,,,,,,,,,,,,,,,,,,,,,,,,,,,,,,,,,
3007,0.0,0.0,rare,,,,,,,,,,,,,,,,,,,,,,,,,,,,,,,,,,,,
3008,0.0,0.0,rare,,,,,,,,,,,,,,,,,,,,,,,,,,,,,,,,,,,,
3009,0.0,0.0,rare,,,,,,,,,,,,,,,,,,,,,,,,,,,,,,,,,,,,
3010,0.0013253810470510272,15.381692886352539,rare,,,,,,,,,,,,,,,,,,,,,,,,,,,,,,,,,,,,
3011,0.01126573889993373,118.69035339355469,imaging,0.4946601549275135,0.4925893635571055,0.5091656365883808,0.01833127317676153,0.14028091729110725,0.0202614006189874,0.06811000759066191,0.015309624175170703,-0.8272313046929333,-0.08089750833351424,0.13948483326260863,0.020175181921398472,-0.33683290870454047,-0.03714108944052332,1.8499898989694534,0.12722500506791615,0.8605554550809528,0.07217729557440515,1.7368797566634884,0.11633093833604573,-0.9945241533076636,-0.07910542365164032,-1.1505881122760755,-0.09486323588111428,-0.578687171301012,-0.049623094052649044,-0.40679413416020416,-0.03962694990005973,-0.4481969757967965,-0.0545113468370556,-0.8667346049295739,-0.10316637480507528,frac_pore,-0.8272313046929333,p1_c0,1.8499898989694534
3012,0.0,0.0,rare,,,,,,,,,,,,,,,,,,,,,,,,,,,,,,,,,,,,
3013,0.0,0.0,rare,,,,,,,,,,,,,,,,,,,,,,,,,,,,,,,,,,,,
3014,0.0,0.0,rare,,,,,,,,,,,,,,,,,,,,,,,,,,,,,,,,,,,,
3015,0.0,0.0,rare,,,,,,,,,,,,,,,,,,,,,,,,,,,,,,,,,,,,
3016,0.0,0.0,rare,,,,,,,,,,,,,,,,,,,,,,,,,,,,,,,,,,,,
3017,0.0,0.0,rare,,,,,,,,,,,,,,,,,,,,,,,,,,,,,,,,,,,,
3018,0.0,0.0,rare,,,,,,,,,,,,,,,,,,,,,,,,,,,,,,,,,,,,
3019,0.0,0.0,rare,,,,,,,,,,,,,,,,,,,,,,,,,,,,,,,,,,,,
3020,0.0,0.0,rare,,,,,,,,,,,,,,,,,,,,,,,,,,,,,,,,,,,,
3021,0.0,0.0,rare,,,,,,,,,,,,,,,,,,,,,,,,,,,,,,,,,,,,
3022,0.0,0.0,rare,,,,,,,,,,,,,,,,,,,,,,,,,,,,,,,,,,,,
3023,0.0,0.0,rare,,,,,,,,,,,,,,,,,,,,,,,,,,,,,,,,,,,,
3024,0.0,0.0,rare,,,,,,,,,,,,,,,,,,,,,,,,,,,,,,,,,,,,
3025,0.0006626905235255136,14.777559280395508,rare,,,,,,,,,,,,,,,,,,,,,,,,,,,,,,,,,,,,
3026,0.0,0.0,rare,,,,,,,,,,,,,,,,,,,,,,,,,,,,,,,,,,,,
3027,0.0,0.0,rare,,,,,,,,,,,,,,,,,,,,,,,,,,,,,,,,,,,,
3028,0.0,0.0,rare,,,,,,,,,,,,,,,,,,,,,,,,,,,,,,,,,,,,
3029,0.0,0.0,rare,,,,,,,,,,,,,,,,,,,,,,,,,,,,,,,,,,,,
3030,0.0,0.0,rare,,,,,,,,,,,,,,,,,,,,,,,,,,,,,,,,,,,,
3031,0.0,0.0,rare,,,,,,,,,,,,,,,,,,,,,,,,,,,,,,,,,,,,
3032,0.0,0.0,rare,,,,,,,,,,,,,,,,,,,,,,,,,,,,,,,,,,,,
3033,0.0019880715705765406,25.46257781982422,rare,,,,,,,,,,,,,,,,,,,,,,,,,,,,,,,,,,,,
3034,0.0,0.0,rare,,,,,,,,,,,,,,,,,,,,,,,,,,,,,,,,,,,,
3035,0.0,0.0,rare,,,,,,,,,,,,,,,,,,,,,,,,,,,,,,,,,,,,
3036,0.0,0.0,rare,,,,,,,,,,,,,,,,,,,,,,,,,,,,,,,,,,,,
3037,0.0,0.0,rare,,,,,,,,,,,,,,,,,,,,,,,,,,,,,,,,,,,,
3038,0.0006626905235255136,0.21427588164806366,rare,,,,,,,,,,,,,,,,,,,,,,,,,,,,,,,,,,,,
3039,0.007952286282306162,85.33277893066406,imaging,0.4967710801974744,0.5020278699658489,0.500769909941727,0.006457839605051197,-0.544352198077762,-0.038968251600631026,0.35028645119296564,0.006904470931914742,0.5820032338908406,0.07034237592084058,-0.5448487255939852,-0.03900241673126893,-0.33683288866694827,-0.03115089719541056,-0.376092619972762,-0.03739388021376815,-0.22879204839840925,-0.032563093475566504,-0.439280909099108,-0.03246319508236287,-0.2421837453966063,-0.034740288813455644,-0.36273310421374355,-0.026610091486337438,-0.24868751440455766,-0.028712138504305318,-0.2769966750605818,-0.010443472810766793,-0.6811991728912971,-0.04148318816730937,-0.5985954064542732,-0.05031428724194271,frac_pore,0.5820032338908406,sharpness_c1,-0.6811991728912971
3040,0.0,0.0,rare,,,,,,,,,,,,,,,,,,,,,,,,,,,,,,,,,,,,
3041,0.0,0.0,rare,,,,,,,,,,,,,,,,,,,,,,,,,,,,,,,,,,,,
3042,0.0,0.0,rare,,,,,,,,,,,,,,,,,,,,,,,,,,,,,,,,,,,,
3043,0.0,0.0,rare,,,,,,,,,,,,,,,,,,,,,,,,,,,,,,,,,,,,
3044,0.0,0.0,rare,,,,,,,,,,,,,,,,,,,,,,,,,,,,,,,,,,,,
3045,0.0,0.0,rare,,,,,,,,,,,,,,,,,,,,,,,,,,,,,,,,,,,,
3046,0.0,0.0,rare,,,,,,,,,,,,,,,,,,,,,,,,,,,,,,,,,,,,
3047,0.0,0.0,rare,,,,,,,,,,,,,,,,,,,,,,,,,,,,,,,,,,,,
3048,0.0,0.0,rare,,,,,,,,,,,,,,,,,,,,,,,,,,,,,,,,,,,,
3049,0.0,0.0,rare,,,,,,,,,,,,,,,,,,,,,,,,,,,,,,,,,,,,
3050,0.0,0.0,rare,,,,,,,,,,,,,,,,,,,,,,,,,,,,,,,,,,,,
3051,0.0,0.0,rare,,,,,,,,,,,,,,,,,,,,,,,,,,,,,,,,,,,,
3052,0.01656726308813784,161.7178192138672,material,0.5312937407465426,0.49093118247457934,0.48477750309023493,0.06258748149308513,1.250218682828448,0.12520283611575275,-1.4398620560750053,-0.13112798921295618,0.2126545948733602,0.019524489750342405,1.2550006410215897,0.12542157866485984,0.6046022424634847,0.08198158294301082,-0.5876493134256038,-0.0848601758565743,-0.8961936171308937,-0.11953295534495477,-0.47595949151600303,-0.06717802875005262,0.9523821151036083,0.14157107463644936,0.41473213745155796,0.05063365665151104,0.888764209149637,0.13364602985074486,0.6316615933010112,0.1031159075345696,0.4068018419830883,0.06980819863995923,-0.08710368465688473,-0.01734085876841097,frac_graphite,-1.4398620560750053,noise_sigma_c0,0.9523821151036083
3053,0.0,0.0,rare,,,,,,,,,,,,,,,,,,,,,,,,,,,,,,,,,,,,
3054,0.0,0.0,rare,,,,,,,,,,,,,,,,,,,,,,,,,,,,,,,,,,,,
3055,0.0,0.0,rare,,,,,,,,,,,,,,,,,,,,,,,,,,,,,,,,,,,,
3056,0.005964214711729622,58.97019958496094,rare,,,,,,,,,,,,,,,,,,,,,,,,,,,,,,,,,,,,
3057,0.0,0.0,rare,,,,,,,,,,,,,,,,,,,,,,,,,,,,,,,,,,,,
3058,0.0,0.0,rare,,,,,,,,,,,,,,,,,,,,,,,,,,,,,,,,,,,,
3059,0.0,0.0,rare,,,,,,,,,,,,,,,,,,,,,,,,,,,,,,,,,,,,
3060,0.0,0.0,rare,,,,,,,,,,,,,,,,,,,,,,,,,,,,,,,,,,,,
3061,0.0,0.0,rare,,,,,,,,,,,,,,,,,,,,,,,,,,,,,,,,,,,,
3062,0.0,0.0,rare,,,,,,,,,,,,,,,,,,,,,,,,,,,,,,,,,,,,
3063,0.0,0.0,rare,,,,,,,,,,,,,,,,,,,,,,,,,,,,,,,,,,,,
3064,0.0,0.0,rare,,,,,,,,,,,,,,,,,,,,,,,,,,,,,,,,,,,,
3065,0.0,0.0,rare,,,,,,,,,,,,,,,,,,,,,,,,,,,,,,,,,,,,
3066,0.0,0.0,rare,,,,,,,,,,,,,,,,,,,,,,,,,,,,,,,,,,,,
3067,0.0,0.0,rare,,,,,,,,,,,,,,,,,,,,,,,,,,,,,,,,,,,,
3068,0.0,0.0,rare,,,,,,,,,,,,,,,,,,,,,,,,,,,,,,,,,,,,
3069,0.0,0.0,rare,,,,,,,,,,,,,,,,,,,,,,,,,,,,,,,,,,,,
3070,0.0,0.0,rare,,,,,,,,,,,,,,,,,,,,,,,,,,,,,,,,,,,,
3071,0.0,0.0,rare,,,,,,,,,,,,,,,,,,,,,,,,,,,,,,,,,,,,
3072,0.0,0.0,rare,,,,,,,,,,,,,,,,,,,,,,,,,,,,,,,,,,,,
3073,0.0,0.0,rare,,,,,,,,,,,,,,,,,,,,,,,,,,,,,,,,,,,,
3074,0.0,0.0,rare,,,,,,,,,,,,,,,,,,,,,,,,,,,,,,,,,,,,
3075,0.0,0.0,rare,,,,,,,,,,,,,,,,,,,,,,,,,,,,,,,,,,,,
3076,0.0,0.0,rare,,,,,,,,,,,,,,,,,,,,,,,,,,,,,,,,,,,,
3077,0.0013253810470510272,22.895862579345703,rare,,,,,,,,,,,,,,,,,,,,,,,,,,,,,,,,,,,,
3078,0.0,0.0,rare,,,,,,,,,,,,,,,,,,,,,,,,,,,,,,,,,,,,
3079,0.0,0.0,rare,,,,,,,,,,,,,,,,,,,,,,,,,,,,,,,,,,,,
3080,0.0,0.0,rare,,,,,,,,,,,,,,,,,,,,,,,,,,,,,,,,,,,,
3081,0.0,0.0,rare,,,,,,,,,,,,,,,,,,,,,,,,,,,,,,,,,,,,
3082,0.0,0.0,rare,,,,,,,,,,,,,,,,,,,,,,,,,,,,,,,,,,,,
3083,0.0,0.0,rare,,,,,,,,,,,,,,,,,,,,,,,,,,,,,,,,,,,,
3084,0.0,0.0,rare,,,,,,,,,,,,,,,,,,,,,,,,,,,,,,,,,,,,
3085,0.0,0.0,rare,,,,,,,,,,,,,,,,,,,,,,,,,,,,,,,,,,,,
3086,0.005964214711729622,74.7623062133789,rare,,,,,,,,,,,,,,,,,,,,,,,,,,,,,,,,,,,,
3087,0.0,0.0,rare,,,,,,,,,,,,,,,,,,,,,,,,,,,,,,,,,,,,
3088,0.0,0.0,rare,,,,,,,,,,,,,,,,,,,,,,,,,,,,,,,,,,,,
3089,0.0,0.0,rare,,,,,,,,,,,,,,,,,,,,,,,,,,,,,,,,,,,,
3090,0.0,0.0,rare,,,,,,,,,,,,,,,,,,,,,,,,,,,,,,,,,,,,
3091,0.0,0.0,rare,,,,,,,,,,,,,,,,,,,,,,,,,,,,,,,,,,,,
3092,0.0,0.0,rare,,,,,,,,,,,,,,,,,,,,,,,,,,,,,,,,,,,,
3093,0.0,0.0,rare,,,,,,,,,,,,,,,,,,,,,,,,,,,,,,,,,,,,
3094,0.0,0.0,rare,,,,,,,,,,,,,,,,,,,,,,,,,,,,,,,,,,,,
3095,0.0006626905235255136,17.566150665283203,rare,,,,,,,,,,,,,,,,,,,,,,,,,,,,,,,,,,,,
3096,0.0,0.0,rare,,,,,,,,,,,,,,,,,,,,,,,,,,,,,,,,,,,,
3097,0.01126573889993373,109.16468048095703,imaging,0.4927412467976089,0.4925893635571055,0.5105067985166872,0.021013597033374465,-0.2692232862681066,-0.01690397915380245,0.40874614327327613,0.042178472286489674,-0.3838026362220935,-0.04855503568766422,-0.269810539306107,-0.016917954057112345,-0.22819412549511622,-0.018122452264618456,-0.1052180324346449,0.0407767324357438,0.3132190865438578,0.05359095332129377,-0.15397898057989473,0.04731848049266503,-0.5138897549617298,-0.06474420859784359,-0.35046008474987805,-0.04739766059667072,-0.28370258157559425,-0.05270388959873751,-0.3445324426398826,-0.046452844069008875,-0.2283984859791565,-0.020488495365716453,-0.26778489828093005,-0.04819223378762664,frac_graphite,0.40874614327327613,noise_sigma_c0,-0.5138897549617298
3098,0.0,0.0,rare,,,,,,,,,,,,,,,,,,,,,,,,,,,,,,,,,,,,
3099,0.0,0.0,rare,,,,,,,,,,,,,,,,,,,,,,,,,,,,,,,,,,,,
3100,0.0,0.0,rare,,,,,,,,,,,,,,,,,,,,,,,,,,,,,,,,,,,,
3101,0.004638833664678595,47.36357879638672,rare,,,,,,,,,,,,,,,,,,,,,,,,,,,,,,,,,,,,
3102,0.0,0.0,rare,,,,,,,,,,,,,,,,,,,,,,,,,,,,,,,,,,,,
3103,0.0,0.0,rare,,,,,,,,,,,,,,,,,,,,,,,,,,,,,,,,,,,,
3104,0.0,0.0,rare,,,,,,,,,,,,,,,,,,,,,,,,,,,,,,,,,,,,
3105,0.0,0.0,rare,,,,,,,,,,,,,,,,,,,,,,,,,,,,,,,,,,,,
3106,0.0,0.0,rare,,,,,,,,,,,,,,,,,,,,,,,,,,,,,,,,,,,,
3107,0.0,0.0,rare,,,,,,,,,,,,,,,,,,,,,,,,,,,,,,,,,,,,
3108,0.0,0.0,rare,,,,,,,,,,,,,,,,,,,,,,,,,,,,,,,,,,,,
3109,0.0,0.0,rare,,,,,,,,,,,,,,,,,,,,,,,,,,,,,,,,,,,,
3110,0.0,0.0,rare,,,,,,,,,,,,,,,,,,,,,,,,,,,,,,,,,,,,
3111,0.0,0.0,rare,,,,,,,,,,,,,,,,,,,,,,,,,,,,,,,,,,,,
3112,0.0,0.0,rare,,,,,,,,,,,,,,,,,,,,,,,,,,,,,,,,,,,,
3113,0.0,0.0,rare,,,,,,,,,,,,,,,,,,,,,,,,,,,,,,,,,,,,
3114,0.0,0.0,rare,,,,,,,,,,,,,,,,,,,,,,,,,,,,,,,,,,,,
3115,0.0,0.0,rare,,,,,,,,,,,,,,,,,,,,,,,,,,,,,,,,,,,,
3116,0.0,0.0,rare,,,,,,,,,,,,,,,,,,,,,,,,,,,,,,,,,,,,
3117,0.015904572564612324,149.36080932617188,imaging,0.525977897816563,0.49318182912907566,0.4868426628995232,0.05195579563312602,-0.2960277808419402,-0.032186960898668744,0.1241030684528675,-0.005082998433031269,0.537168414974987,0.0925269381983563,-0.29663296102813586,-0.03230875203709317,-0.1403482794234639,-0.024476229661449994,-0.5820108399505312,-0.10299667964117837,-0.5083357410843816,-0.06784594785574367,-0.4898987143709951,-0.08454313639821125,0.6051390172266304,0.07636915244237746,0.49246327287041103,0.06886742222009751,0.4180684158267376,0.04240284292507478,0.03854371437211461,0.02355781719853517,0.5381084998114809,0.08734869575786638,0.43493816688525644,0.06302671048813625,frac_pore,0.537168414974987,noise_sigma_c0,0.6051390172266304
3118,0.0,0.0,rare,,,,,,,,,,,,,,,,,,,,,,,,,,,,,,,,,,,,
3119,0.0,0.0,rare,,,,,,,,,,,,,,,,,,,,,,,,,,,,,,,,,,,,
3120,0.0,0.0,rare,,,,,,,,,,,,,,,,,,,,,,,,,,,,,,,,,,,,
3121,0.0,0.0,rare,,,,,,,,,,,,,,,,,,,,,,,,,,,,,,,,,,,,
3122,0.0,0.0,rare,,,,,,,,,,,,,,,,,,,,,,,,,,,,,,,,,,,,
3123,0.0,0.0,rare,,,,,,,,,,,,,,,,,,,,,,,,,,,,,,,,,,,,
3124,0.0,0.0,rare,,,,,,,,,,,,,,,,,,,,,,,,,,,,,,,,,,,,
3125,0.0,0.0,rare,,,,,,,,,,,,,,,,,,,,,,,,,,,,,,,,,,,,
3126,0.0,0.0,rare,,,,,,,,,,,,,,,,,,,,,,,,,,,,,,,,,,,,
3127,0.0,0.0,rare,,,,,,,,,,,,,,,,,,,,,,,,,,,,,,,,,,,,
3128,0.0,0.0,rare,,,,,,,,,,,,,,,,,,,,,,,,,,,,,,,,,,,,
3129,0.0,0.0,rare,,,,,,,,,,,,,,,,,,,,,,,,,,,,,,,,,,,,
3130,0.010603048376408217,79.57498168945312,imaging,0.49892116685784155,0.5075671822241061,0.4952057213491083,0.015134364448212256,-0.4567155846508112,-0.03995699155728604,0.379797922182671,0.027521858203820006,0.24518175533389142,0.039490773874056626,-0.45725045700834455,-0.039986736890405994,-0.33683290908921687,-0.034863871151342034,-0.6180711660908184,-0.08164842215688956,-0.6627289240985703,-0.052803316385440446,-0.49055750612378274,-0.06578076601504242,0.7587976294231675,0.07126132898330856,1.0403506536418008,0.11440283795993136,0.6834965803015565,0.06015469092656069,0.37407368417292136,0.05108310944362311,0.5115469618948079,0.07506066932781921,0.11249504944829819,-0.0008373773579756414,K01_si_frac_adm,-0.45725045700834455,noise_sigma_c1,1.0403506536418008
3131,0.003976143141153081,43.63666534423828,rare,,,,,,,,,,,,,,,,,,,,,,,,,,,,,,,,,,,,
3132,0.0,0.0,rare,,,,,,,,,,,,,,,,,,,,,,,,,,,,,,,,,,,,
3133,0.0,0.0,rare,,,,,,,,,,,,,,,,,,,,,,,,,,,,,,,,,,,,
3134,0.0,0.0,rare,,,,,,,,,,,,,,,,,,,,,,,,,,,,,,,,,,,,
3135,0.0,0.0,rare,,,,,,,,,,,,,,,,,,,,,,,,,,,,,,,,,,,,
3136,0.0,0.0,rare,,,,,,,,,,,,,,,,,,,,,,,,,,,,,,,,,,,,
3137,0.0,0.0,rare,,,,,,,,,,,,,,,,,,,,,,,,,,,,,,,,,,,,
3138,0.0,0.0,rare,,,,,,,,,,,,,,,,,,,,,,,,,,,,,,,,,,,,
3139,0.0,0.0,rare,,,,,,,,,,,,,,,,,,,,,,,,,,,,,,,,,,,,
3140,0.0,0.0,rare,,,,,,,,,,,,,,,,,,,,,,,,,,,,,,,,,,,,
3141,0.0013253810470510272,21.325300216674805,rare,,,,,,,,,,,,,,,,,,,,,,,,,,,,,,,,,,,,
3142,0.0,0.0,rare,,,,,,,,,,,,,,,,,,,,,,,,,,,,,,,,,,,,
3143,0.0,0.0,rare,,,,,,,,,,,,,,,,,,,,,,,,,,,,,,,,,,,,
3144,0.0,0.0,rare,,,,,,,,,,,,,,,,,,,,,,,,,,,,,,,,,,,,
3145,0.0,0.0,rare,,,,,,,,,,,,,,,,,,,,,,,,,,,,,,,,,,,,
3146,0.0,0.0,rare,,,,,,,,,,,,,,,,,,,,,,,,,,,,,,,,,,,,
3147,0.0,0.0,rare,,,,,,,,,,,,,,,,,,,,,,,,,,,,,,,,,,,,
3148,0.0013253810470510272,14.401490211486816,rare,,,,,,,,,,,,,,,,,,,,,,,,,,,,,,,,,,,,
3149,0.0,0.0,rare,,,,,,,,,,,,,,,,,,,,,,,,,,,,,,,,,,,,
3150,0.0,0.0,rare,,,,,,,,,,,,,,,,,,,,,,,,,,,,,,,,,,,,
3151,0.0019880715705765406,29.922048568725586,rare,,,,,,,,,,,,,,,,,,,,,,,,,,,,,,,,,,,,
3152,0.0,0.0,rare,,,,,,,,,,,,,,,,,,,,,,,,,,,,,,,,,,,,
3153,0.0,0.0,rare,,,,,,,,,,,,,,,,,,,,,,,,,,,,,,,,,,,,
3154,0.0,0.0,rare,,,,,,,,,,,,,,,,,,,,,,,,,,,,,,,,,,,,
3155,0.0,0.0,rare,,,,,,,,,,,,,,,,,,,,,,,,,,,,,,,,,,,,
3156,0.0,0.0,rare,,,,,,,,,,,,,,,,,,,,,,,,,,,,,,,,,,,,
3157,0.0,0.0,rare,,,,,,,,,,,,,,,,,,,,,,,,,,,,,,,,,,,,
3158,0.0,0.0,rare,,,,,,,,,,,,,,,,,,,,,,,,,,,,,,,,,,,,
3159,0.0,0.0,rare,,,,,,,,,,,,,,,,,,,,,,,,,,,,,,,,,,,,
3160,0.0,0.0,rare,,,,,,,,,,,,,,,,,,,,,,,,,,,,,,,,,,,,
3161,0.0,0.0,rare,,,,,,,,,,,,,,,,,,,,,,,,,,,,,,,,,,,,
3162,0.0,0.0,rare,,,,,,,,,,,,,,,,,,,,,,,,,,,,,,,,,,,,
3163,0.0,0.0,rare,,,,,,,,,,,,,,,,,,,,,,,,,,,,,,,,,,,,
3164,0.0,0.0,rare,,,,,,,,,,,,,,,,,,,,,,,,,,,,,,,,,,,,
3165,0.0,0.0,rare,,,,,,,,,,,,,,,,,,,,,,,,,,,,,,,,,,,,
3166,0.0,0.0,rare,,,,,,,,,,,,,,,,,,,,,,,,,,,,,,,,,,,,
3167,0.0,0.0,rare,,,,,,,,,,,,,,,,,,,,,,,,,,,,,,,,,,,,
3168,0.0,0.0,rare,,,,,,,,,,,,,,,,,,,,,,,,,,,,,,,,,,,,
3169,0.019218025182239893,161.52816772460938,material,0.5010219859625366,0.5091711743823666,0.49256136323503447,0.018342348764733174,0.7035314416280013,0.09129965053183535,-0.6277959914276804,-0.0680836091869731,-0.22554262904519967,-0.04499022620148624,0.7024889113178463,0.09119925098293291,0.8907596105939614,0.08243411942621556,-0.38501839339873356,-0.04936078280135616,0.2281613988313052,0.03619446002664697,-0.3641478445874528,-0.02359582671105468,0.6928842205197348,0.1060357927970489,0.8099815541534475,0.12196353258201995,0.6662066014612076,0.10093681622818702,-0.2396459293468168,-0.014384827890887563,0.843001888889177,0.11360812474357097,-0.12413331835280994,-0.008036221129045888,K04_agglom_frac,0.8907596105939614,sharpness_c1,0.843001888889177
3170,0.0,0.0,rare,,,,,,,,,,,,,,,,,,,,,,,,,,,,,,,,,,,,
3171,0.0,0.0,rare,,,,,,,,,,,,,,,,,,,,,,,,,,,,,,,,,,,,
3172,0.0,0.0,rare,,,,,,,,,,,,,,,,,,,,,,,,,,,,,,,,,,,,
3173,0.0,0.0,rare,,,,,,,,,,,,,,,,,,,,,,,,,,,,,,,,,,,,
3174,0.0,0.0,rare,,,,,,,,,,,,,,,,,,,,,,,,,,,,,,,,,,,,
3175,0.0,0.0,rare,,,,,,,,,,,,,,,,,,,,,,,,,,,,,,,,,,,,
3176,0.0,0.0,rare,,,,,,,,,,,,,,,,,,,,,,,,,,,,,,,,,,,,
3177,0.0,0.0,rare,,,,,,,,,,,,,,,,,,,,,,,,,,,,,,,,,,,,
3178,0.0,0.0,rare,,,,,,,,,,,,,,,,,,,,,,,,,,,,,,,,,,,,
3179,0.0006626905235255136,13.148017883300781,rare,,,,,,,,,,,,,,,,,,,,,,,,,,,,,,,,,,,,
3180,0.0,0.0,rare,,,,,,,,,,,,,,,,,,,,,,,,,,,,,,,,,,,,
3181,0.0,0.0,rare,,,,,,,,,,,,,,,,,,,,,,,,,,,,,,,,,,,,
3182,0.0,0.0,rare,,,,,,,,,,,,,,,,,,,,,,,,,,,,,,,,,,,,
3183,0.0,0.0,rare,,,,,,,,,,,,,,,,,,,,,,,,,,,,,,,,,,,,
3184,0.0,0.0,rare,,,,,,,,,,,,,,,,,,,,,,,,,,,,,,,,,,,,
3185,0.0,0.0,rare,,,,,,,,,,,,,,,,,,,,,,,,,,,,,,,,,,,,
3186,0.0,0.0,rare,,,,,,,,,,,,,,,,,,,,,,,,,,,,,,,,,,,,
3187,0.0,0.0,rare,,,,,,,,,,,,,,,,,,,,,,,,,,,,,,,,,,,,
3188,0.0,0.0,rare,,,,,,,,,,,,,,,,,,,,,,,,,,,,,,,,,,,,
3189,0.0,0.0,rare,,,,,,,,,,,,,,,,,,,,,,,,,,,,,,,,,,,,
3190,0.0,0.0,rare,,,,,,,,,,,,,,,,,,,,,,,,,,,,,,,,,,,,
3191,0.004638833664678595,54.676971435546875,rare,,,,,,,,,,,,,,,,,,,,,,,,,,,,,,,,,,,,
3192,0.0,0.0,rare,,,,,,,,,,,,,,,,,,,,,,,,,,,,,,,,,,,,
3193,0.0,0.0,rare,,,,,,,,,,,,,,,,,,,,,,,,,,,,,,,,,,,,
3194,0.0,0.0,rare,,,,,,,,,,,,,,,,,,,,,,,,,,,,,,,,,,,,
3195,0.0,0.0,rare,,,,,,,,,,,,,,,,,,,,,,,,,,,,,,,,,,,,
3196,0.0,0.0,rare,,,,,,,,,,,,,,,,,,,,,,,,,,,,,,,,,,,,
3197,0.0,0.0,rare,,,,,,,,,,,,,,,,,,,,,,,,,,,,,,,,,,,,
3198,0.0,0.0,rare,,,,,,,,,,,,,,,,,,,,,,,,,,,,,,,,,,,,
3199,0.0,0.0,rare,,,,,,,,,,,,,,,,,,,,,,,,,,,,,,,,,,,,
3200,0.0,0.0,rare,,,,,,,,,,,,,,,,,,,,,,,,,,,,,,,,,,,,
3201,0.0,0.0,rare,,,,,,,,,,,,,,,,,,,,,,,,,,,,,,,,,,,,
3202,0.0,0.0,rare,,,,,,,,,,,,,,,,,,,,,,,,,,,,,,,,,,,,
3203,0.0,0.0,rare,,,,,,,,,,,,,,,,,,,,,,,,,,,,,,,,,,,,
3204,0.0,0.0,rare,,,,,,,,,,,,,,,,,,,,,,,,,,,,,,,,,,,,
3205,0.009940357852882704,124.43228149414062,imaging,0.4954888604793353,0.4934612031386225,0.507947201130143,0.015894402260286045,-0.5167878659009435,-0.05369028636920235,0.8891739280223626,0.11014090548365069,-1.1779062010749437,-0.11177734695824647,-0.5172964539597394,-0.05372091567308781,-0.33683287047234417,-0.034863871151342034,1.2317758500056364,0.10476588179336699,1.550407373057853,0.11202208455490577,0.7864169192599838,0.11808638319194803,-0.47088101670430665,-0.0548338292172308,-0.7894384459736439,-0.07902975460236226,-0.33775818494120036,-0.04957738356302709,0.6791964951516001,0.03298052536961205,-0.7083229740939834,-0.06813802989283173,1.0132924663471783,0.05478539652775963,frac_pore,-1.1779062010749437,p1_c1,1.550407373057853
3206,0.0,0.0,rare,,,,,,,,,,,,,,,,,,,,,,,,,,,,,,,,,,,,
3207,0.0,0.0,rare,,,,,,,,,,,,,,,,,,,,,,,,,,,,,,,,,,,,
3208,0.0,0.0,rare,,,,,,,,,,,,,,,,,,,,,,,,,,,,,,,,,,,,
3209,0.0,0.0,rare,,,,,,,,,,,,,,,,,,,,,,,,,,,,,,,,,,,,
3210,0.0,0.0,rare,,,,,,,,,,,,,,,,,,,,,,,,,,,,,,,,,,,,
3211,0.0,0.0,rare,,,,,,,,,,,,,,,,,,,,,,,,,,,,,,,,,,,,
3212,0.0,0.0,rare,,,,,,,,,,,,,,,,,,,,,,,,,,,,,,,,,,,,
3213,0.0,0.0,rare,,,,,,,,,,,,,,,,,,,,,,,,,,,,,,,,,,,,
3214,0.011928429423459244,108.8945083618164,imaging,0.4999393630084033,0.5030682973117476,0.4977926893872506,0.006136594623495251,0.19155228231108354,0.04630394333829931,0.10079251567337452,-0.011741734129987358,-0.7774741415424256,-0.08883788469830542,0.19073376487032662,0.0461636285752466,-0.126510685710423,0.0013400603522584745,0.0017719590913258141,0.026309508136078585,0.7755675696350632,0.07687385208168242,-0.07984746694136245,0.037021290622828204,0.5135355040068017,0.0695466532833321,0.5458828949156709,0.0766461219362374,0.5787653785432116,0.07842492171838636,-0.1094007019890063,-0.0024829169282938536,0.9311205021998465,0.10797960423250404,0.4427002177125149,0.07282238677981395,frac_pore,-0.7774741415424256,sharpness_c1,0.9311205021998465
3215,0.0,0.0,rare,,,,,,,,,,,,,,,,,,,,,,,,,,,,,,,,,,,,
3216,0.0,0.0,rare,,,,,,,,,,,,,,,,,,,,,,,,,,,,,,,,,,,,
3217,0.0,0.0,rare,,,,,,,,,,,,,,,,,,,,,,,,,,,,,,,,,,,,
3218,0.0,0.0,rare,,,,,,,,,,,,,,,,,,,,,,,,,,,,,,,,,,,,
3219,0.0145791915175613,184.73641967773438,imaging,0.49060631938514093,0.49760364534914525,0.5083224439343105,0.018787361229718136,-0.07993815620464824,0.01089273265207989,0.3041031230919673,0.018375912158521385,-0.5750040282832105,-0.06330100489820567,-0.08063788482134578,0.010816597311250682,-0.124902141764178,-0.019893002306465846,0.1131728860086513,0.055534512086059536,0.7103866707177313,0.06403766731814226,-0.25926200097728946,0.021355456677704557,-1.136412865671737,-0.09776392653939725,-0.9455976975936174,-0.10088014152749111,-1.4359210701972036,-0.1346253222534236,-0.8755199465466357,-0.11207955144634171,-1.1042154982774557,-0.12192869794221158,-1.079458313011547,-0.11231015479332433,frac_pore,-0.5750040282832105,noise_sigma_c2,-1.4359210701972036
3220,0.0,0.0,rare,,,,,,,,,,,,,,,,,,,,,,,,,,,,,,,,,,,,
3221,0.0,0.0,rare,,,,,,,,,,,,,,,,,,,,,,,,,,,,,,,,,,,,
3222,0.0,0.0,rare,,,,,,,,,,,,,,,,,,,,,,,,,,,,,,,,,,,,
3223,0.0,0.0,rare,,,,,,,,,,,,,,,,,,,,,,,,,,,,,,,,,,,,
3224,0.0,0.0,rare,,,,,,,,,,,,,,,,,,,,,,,,,,,,,,,,,,,,
3225,0.0,0.0,rare,,,,,,,,,,,,,,,,,,,,,,,,,,,,,,,,,,,,
3226,0.0,0.0,rare,,,,,,,,,,,,,,,,,,,,,,,,,,,,,,,,,,,,
3227,0.0,0.0,rare,,,,,,,,,,,,,,,,,,,,,,,,,,,,,,,,,,,,
3228,0.0,0.0,rare,,,,,,,,,,,,,,,,,,,,,,,,,,,,,,,,,,,,
3229,0.0026507620941020544,31.64626121520996,rare,,,,,,,,,,,,,,,,,,,,,,,,,,,,,,,,,,,,
3230,0.0006626905235255136,14.67458724975586,rare,,,,,,,,,,,,,,,,,,,,,,,,,,,,,,,,,,,,
3231,0.0,0.0,rare,,,,,,,,,,,,,,,,,,,,,,,,,,,,,,,,,,,,
3232,0.0,0.0,rare,,,,,,,,,,,,,,,,,,,,,,,,,,,,,,,,,,,,
3233,0.0,0.0,rare,,,,,,,,,,,,,,,,,,,,,,,,,,,,,,,,,,,,
3234,0.0,0.0,rare,,,,,,,,,,,,,,,,,,,,,,,,,,,,,,,,,,,,
3235,0.0,0.0,rare,,,,,,,,,,,,,,,,,,,,,,,,,,,,,,,,,,,,
3236,0.0,0.0,rare,,,,,,,,,,,,,,,,,,,,,,,,,,,,,,,,,,,,
3237,0.0,0.0,rare,,,,,,,,,,,,,,,,,,,,,,,,,,,,,,,,,,,,
3238,0.0,0.0,rare,,,,,,,,,,,,,,,,,,,,,,,,,,,,,,,,,,,,
3239,0.0,0.0,rare,,,,,,,,,,,,,,,,,,,,,,,,,,,,,,,,,,,,
3240,0.0013253810470510272,22.92800521850586,rare,,,,,,,,,,,,,,,,,,,,,,,,,,,,,,,,,,,,
3241,0.00728959575878065,79.77568054199219,imaging,0.4971993289506263,0.4952048823016565,0.5054732473953735,0.010946494790746941,0.34732031479321546,0.060162944665307104,-0.2501268467082585,-0.048341414967445095,-0.21781058759277752,-0.011704537803262312,0.34643364218828604,0.06009119642210676,-0.1862215758482033,-0.006365877495551393,1.168384567028535,0.07779538037073452,0.4177187420923732,0.029176214025562388,1.0676214441929681,0.08704728009400325,-0.6080222001554507,-0.04678300105102462,-0.929088951853843,-0.05846314049167364,-0.4397860133840364,-0.029965842371959678,-0.6608100309758996,-0.07068422029930362,-0.2401195048205069,-0.013971050501429941,0.17886209866979322,0.03207009964807592,frac_si,0.34732031479321546,p1_c0,1.168384567028535
3242,0.0,0.0,rare,,,,,,,,,,,,,,,,,,,,,,,,,,,,,,,,,,,,
3243,0.0006626905235255136,9.179673194885254,rare,,,,,,,,,,,,,,,,,,,,,,,,,,,,,,,,,,,,
3244,0.0,0.0,rare,,,,,,,,,,,,,,,,,,,,,,,,,,,,,,,,,,,,
3245,0.0,0.0,rare,,,,,,,,,,,,,,,,,,,,,,,,,,,,,,,,,,,,
3246,0.0,0.0,rare,,,,,,,,,,,,,,,,,,,,,,,,,,,,,,,,,,,,
3247,0.0,0.0,rare,,,,,,,,,,,,,,,,,,,,,,,,,,,,,,,,,,,,
3248,0.0,0.0,rare,,,,,,,,,,,,,,,,,,,,,,,,,,,,,,,,,,,,
3249,0.0019880715705765406,19.783979415893555,rare,,,,,,,,,,,,,,,,,,,,,,,,,,,,,,,,,,,,
3250,0.0006626905235255136,17.516765594482422,rare,,,,,,,,,,,,,,,,,,,,,,,,,,,,,,,,,,,,
3251,0.0,0.0,rare,,,,,,,,,,,,,,,,,,,,,,,,,,,,,,,,,,,,
3252,0.0,0.0,rare,,,,,,,,,,,,,,,,,,,,,,,,,,,,,,,,,,,,
3253,0.0,0.0,rare,,,,,,,,,,,,,,,,,,,,,,,,,,,,,,,,,,,,
3254,0.0033134526176275677,40.16035461425781,rare,,,,,,,,,,,,,,,,,,,,,,,,,,,,,,,,,,,,
3255,0.0,0.0,rare,,,,,,,,,,,,,,,,,,,,,,,,,,,,,,,,,,,,
3256,0.0,0.0,rare,,,,,,,,,,,,,,,,,,,,,,,,,,,,,,,,,,,,
3257,0.0006626905235255136,15.15732479095459,rare,,,,,,,,,,,,,,,,,,,,,,,,,,,,,,,,,,,,
3258,0.0,0.0,rare,,,,,,,,,,,,,,,,,,,,,,,,,,,,,,,,,,,,
3259,0.0,0.0,rare,,,,,,,,,,,,,,,,,,,,,,,,,,,,,,,,,,,,
3260,0.0,0.0,rare,,,,,,,,,,,,,,,,,,,,,,,,,,,,,,,,,,,,
3261,0.0,0.0,rare,,,,,,,,,,,,,,,,,,,,,,,,,,,,,,,,,,,,
3262,0.0,0.0,rare,,,,,,,,,,,,,,,,,,,,,,,,,,,,,,,,,,,,
3263,0.0,0.0,rare,,,,,,,,,,,,,,,,,,,,,,,,,,,,,,,,,,,,
3264,0.0,0.0,rare,,,,,,,,,,,,,,,,,,,,,,,,,,,,,,,,,,,,
3265,0.0,0.0,rare,,,,,,,,,,,,,,,,,,,,,,,,,,,,,,,,,,,,
3266,0.0,0.0,rare,,,,,,,,,,,,,,,,,,,,,,,,,,,,,,,,,,,,
3267,0.0,0.0,rare,,,,,,,,,,,,,,,,,,,,,,,,,,,,,,,,,,,,
3268,0.0,0.0,rare,,,,,,,,,,,,,,,,,,,,,,,,,,,,,,,,,,,,
3269,0.0,0.0,rare,,,,,,,,,,,,,,,,,,,,,,,,,,,,,,,,,,,,
3270,0.0,0.0,rare,,,,,,,,,,,,,,,,,,,,,,,,,,,,,,,,,,,,
3271,0.0,0.0,rare,,,,,,,,,,,,,,,,,,,,,,,,,,,,,,,,,,,,
3272,0.0019880715705765406,38.55183792114258,rare,,,,,,,,,,,,,,,,,,,,,,,,,,,,,,,,,,,,
3273,0.0,0.0,rare,,,,,,,,,,,,,,,,,,,,,,,,,,,,,,,,,,,,
3274,0.0,0.0,rare,,,,,,,,,,,,,,,,,,,,,,,,,,,,,,,,,,,,
3275,0.0,0.0,rare,,,,,,,,,,,,,,,,,,,,,,,,,,,,,,,,,,,,
3276,0.005964214711729622,61.38258361816406,rare,,,,,,,,,,,,,,,,,,,,,,,,,,,,,,,,,,,,
3277,0.01855533465871438,157.20474243164062,imaging,0.5089616420497325,0.5114784183577625,0.4853205015009712,0.02935899699805755,-0.3099894655360112,-0.04551395900148744,0.3958704332897385,0.04219136657067681,-0.2509192099769958,-0.01263225054268291,-0.31058853689901056,-0.04555930402573915,-0.25894007894839915,-0.010203971902297812,-0.3751290853533123,-0.07780068080859717,-0.5823848034037756,-0.07078822098657246,-0.23226385959113355,-0.04525179535148347,0.6589127065284065,0.09785880485177041,0.693324315306738,0.10209816959875123,0.8750404988571994,0.1339957546057313,0.5947941716337144,0.09469072170342267,0.21771931520906557,0.04729313691127116,0.6804188469601595,0.12259950623361841,frac_graphite,0.3958704332897385,noise_sigma_c2,0.8750404988571994
3278,0.0,0.0,rare,,,,,,,,,,,,,,,,,,,,,,,,,,,,,,,,,,,,
3279,0.0,0.0,rare,,,,,,,,,,,,,,,,,,,,,,,,,,,,,,,,,,,,
3280,0.0,0.0,rare,,,,,,,,,,,,,,,,,,,,,,,,,,,,,,,,,,,,
3281,0.0,0.0,rare,,,,,,,,,,,,,,,,,,,,,,,,,,,,,,,,,,,,
3282,0.0,0.0,rare,,,,,,,,,,,,,,,,,,,,,,,,,,,,,,,,,,,,
3283,0.0,0.0,rare,,,,,,,,,,,,,,,,,,,,,,,,,,,,,,,,,,,,
3284,0.0,0.0,rare,,,,,,,,,,,,,,,,,,,,,,,,,,,,,,,,,,,,
3285,0.0,0.0,rare,,,,,,,,,,,,,,,,,,,,,,,,,,,,,,,,,,,,
3286,0.0,0.0,rare,,,,,,,,,,,,,,,,,,,,,,,,,,,,,,,,,,,,
3287,0.04042412193505633,315.7513427734375,material,0.4929408435616147,0.5005214178712664,0.5045514744834894,0.014118312876770567,-0.16880702682310914,0.01330133223663185,-0.20849531069349614,-0.11036497887806548,1.1104270301012287,0.19192450946625206,-0.16441083049599395,0.014099893786063645,-0.10630550160108472,-0.025780669562191497,-0.5553576678913413,-0.14383996672105948,-0.40734790109289126,-0.10423752442639203,-0.4887114172165732,-0.12938751980823987,-0.048504513689159895,-0.024824892050551366,0.29191811589101424,0.04933157574890612,-0.22369946879897437,-0.05497829305546182,-0.40516765974566715,-0.08165140872146742,0.11306486028798517,0.01661493292649788,-0.6852947582240616,-0.14446286218350302,frac_pore,1.1104270301012287,sharpness_c2,-0.6852947582240616
3288,0.0,0.0,rare,,,,,,,,,,,,,,,,,,,,,,,,,,,,,,,,,,,,
3289,0.0,0.0,rare,,,,,,,,,,,,,,,,,,,,,,,,,,,,,,,,,,,,
3290,0.0,0.0,rare,,,,,,,,,,,,,,,,,,,,,,,,,,,,,,,,,,,,
3291,0.004638833664678595,50.28151321411133,rare,,,,,,,,,,,,,,,,,,,,,,,,,,,,,,,,,,,,
3292,0.0006626905235255136,18.642715454101562,rare,,,,,,,,,,,,,,,,,,,,,,,,,,,,,,,,,,,,
3293,0.0,0.0,rare,,,,,,,,,,,,,,,,,,,,,,,,,,,,,,,,,,,,
3294,0.0,0.0,rare,,,,,,,,,,,,,,,,,,,,,,,,,,,,,,,,,,,,
3295,0.0,0.0,rare,,,,,,,,,,,,,,,,,,,,,,,,,,,,,,,,,,,,
3296,0.0,0.0,rare,,,,,,,,,,,,,,,,,,,,,,,,,,,,,,,,,,,,
3297,0.0,0.0,rare,,,,,,,,,,,,,,,,,,,,,,,,,,,,,,,,,,,,
3298,0.0,0.0,rare,,,,,,,,,,,,,,,,,,,,,,,,,,,,,,,,,,,,
3299,0.0,0.0,rare,,,,,,,,,,,,,,,,,,,,,,,,,,,,,,,,,,,,
3300,0.0,0.0,rare,,,,,,,,,,,,,,,,,,,,,,,,,,,,,,,,,,,,
3301,0.0,0.0,rare,,,,,,,,,,,,,,,,,,,,,,,,,,,,,,,,,,,,
3302,0.0,0.0,rare,,,,,,,,,,,,,,,,,,,,,,,,,,,,,,,,,,,,
3303,0.0,0.0,rare,,,,,,,,,,,,,,,,,,,,,,,,,,,,,,,,,,,,
3304,0.0,0.0,rare,,,,,,,,,,,,,,,,,,,,,,,,,,,,,,,,,,,,
3305,0.0,0.0,rare,,,,,,,,,,,,,,,,,,,,,,,,,,,,,,,,,,,,
3306,0.0,0.0,rare,,,,,,,,,,,,,,,,,,,,,,,,,,,,,,,,,,,,
3307,0.0,0.0,rare,,,,,,,,,,,,,,,,,,,,,,,,,,,,,,,,,,,,
3308,0.0,0.0,rare,,,,,,,,,,,,,,,,,,,,,,,,,,,,,,,,,,,,
3309,0.0,0.0,rare,,,,,,,,,,,,,,,,,,,,,,,,,,,,,,,,,,,,
3310,0.012591119946984758,134.33523559570312,imaging,0.4937910247146271,0.4917175239755885,0.5104123256224615,0.020824651244923054,-0.11846315880062355,-0.019800288278502838,-0.158963784299679,-0.006659195663400258,0.7096501278288703,0.05257564566365443,-0.11914603114573369,-0.019827593681277178,-0.07700474997650186,-0.016539873374756063,0.6298399823073763,0.06442374157184795,-0.16666723140396097,-0.001268402497034197,0.6845469889892124,0.06708928374709872,-0.9432510295489026,-0.11683360086321697,-0.9468450201630414,-0.10578524032742478,-1.060623266113287,-0.11786182673429818,-0.32477905581331606,-0.02648746380351928,-0.7109715187061275,-0.08289623064141002,-0.8869918373411058,-0.10333546485656203,frac_pore,0.7096501278288703,noise_sigma_c2,-1.060623266113287
3311,0.0,0.0,rare,,,,,,,,,,,,,,,,,,,,,,,,,,,,,,,,,,,,
3312,0.0,0.0,rare,,,,,,,,,,,,,,,,,,,,,,,,,,,,,,,,,,,,
3313,0.005964214711729622,74.38190460205078,rare,,,,,,,,,,,,,,,,,,,,,,,,,,,,,,,,,,,,
3314,0.0,0.0,rare,,,,,,,,,,,,,,,,,,,,,,,,,,,,,,,,,,,,
3315,0.0,0.0,rare,,,,,,,,,,,,,,,,,,,,,,,,,,,,,,,,,,,,
3316,0.0,0.0,rare,,,,,,,,,,,,,,,,,,,,,,,,,,,,,,,,,,,,
3317,0.0,0.0,rare,,,,,,,,,,,,,,,,,,,,,,,,,,,,,,,,,,,,
3318,0.0,0.0,rare,,,,,,,,,,,,,,,,,,,,,,,,,,,,,,,,,,,,
3319,0.0,0.0,rare,,,,,,,,,,,,,,,,,,,,,,,,,,,,,,,,,,,,
3320,0.0,0.0,rare,,,,,,,,,,,,,,,,,,,,,,,,,,,,,,,,,,,,
3321,0.0,0.0,rare,,,,,,,,,,,,,,,,,,,,,,,,,,,,,,,,,,,,
3322,0.0,0.0,rare,,,,,,,,,,,,,,,,,,,,,,,,,,,,,,,,,,,,
3323,0.013916500994035786,121.10405731201172,imaging,0.4910333048676345,0.4944341953787686,0.5103478721525694,0.020695744305138764,0.20061628447361918,0.02940165629632367,-0.19806566605101664,-0.024050555951398232,-0.12703819509752837,0.00247968567743585,0.19979380118521572,0.029336655497233827,-0.20606712958925225,-0.005044313957384884,1.2166429051673298,0.11540480641784112,0.4815983695898994,0.06228372026134645,1.1438719851747137,0.11297333997296007,-0.7940793021500376,-0.08880838513603517,-0.9674935688594597,-0.09846610531661587,-0.6893553939853105,-0.07599361534567926,-0.2065064213338497,-0.02003260635384657,-0.3745301538756833,-0.04200255701100318,-0.6077742424602397,-0.08164655440853338,K04_agglom_frac,-0.20606712958925225,p1_c0,1.2166429051673298
3324,0.0,0.0,rare,,,,,,,,,,,,,,,,,,,,,,,,,,,,,,,,,,,,
3325,0.0026507620941020544,35.553375244140625,rare,,,,,,,,,,,,,,,,,,,,,,,,,,,,,,,,,,,,
3326,0.0,0.0,rare,,,,,,,,,,,,,,,,,,,,,,,,,,,,,,,,,,,,
3327,0.0,0.0,rare,,,,,,,,,,,,,,,,,,,,,,,,,,,,,,,,,,,,
3328,0.0,0.0,rare,,,,,,,,,,,,,,,,,,,,,,,,,,,,,,,,,,,,
3329,0.0,0.0,rare,,,,,,,,,,,,,,,,,,,,,,,,,,,,,,,,,,,,
3330,0.0,0.0,rare,,,,,,,,,,,,,,,,,,,,,,,,,,,,,,,,,,,,
3331,0.0,0.0,rare,,,,,,,,,,,,,,,,,,,,,,,,,,,,,,,,,,,,
3332,0.0,0.0,rare,,,,,,,,,,,,,,,,,,,,,,,,,,,,,,,,,,,,
3333,0.0,0.0,rare,,,,,,,,,,,,,,,,,,,,,,,,,,,,,,,,,,,,
3334,0.0,0.0,rare,,,,,,,,,,,,,,,,,,,,,,,,,,,,,,,,,,,,
3335,0.0,0.0,rare,,,,,,,,,,,,,,,,,,,,,,,,,,,,,,,,,,,,
3336,0.00728959575878065,62.638267517089844,imaging,0.4971993289506263,0.4952048823016565,0.5054732473953735,0.010946494790746941,-0.4930910745529713,-0.022777611416597617,0.5319550613062032,0.026360067166996393,-0.056896738407945936,-0.00957877036515376,-0.49361003100232476,-0.022813355034866676,-0.279038147982281,-0.0031324576550082316,-0.42147194732850124,0.0032284619145490183,-0.05666422374160301,0.01495439890968432,-0.43085377622031196,-0.002896416881957602,-0.6151597724257035,-0.03608008575457344,-0.40519056813669796,-0.03255073007565307,-0.644829146017565,-0.04326869617257883,-0.24279299934655862,-0.017414355810190962,-0.5194654031300093,-0.02384221300401462,-0.8015358270291473,-0.08380139214067435,frac_graphite,0.5319550613062032,sharpness_c2,-0.8015358270291473
3337,0.0,0.0,rare,,,,,,,,,,,,,,,,,,,,,,,,,,,,,,,,,,,,
3338,0.0,0.0,rare,,,,,,,,,,,,,,,,,,,,,,,,,,,,,,,,,,,,
3339,0.0,0.0,rare,,,,,,,,,,,,,,,,,,,,,,,,,,,,,,,,,,,,
3340,0.0,0.0,rare,,,,,,,,,,,,,,,,,,,,,,,,,,,,,,,,,,,,
3341,0.009940357852882704,97.8369369506836,imaging,0.49548633393801883,0.49526629641582404,0.5066254635352286,0.013250927070457275,-0.519108497571381,-0.05247776584238143,0.5125292438827694,0.06444557892714539,0.0672389456709232,-0.008755106621277162,-0.5196160703442146,-0.05255433931622399,-0.3368329118807579,-0.034863871151342034,0.10185408004140656,0.05920472052766609,0.35752419542930547,0.05037862484163304,-0.1487483746726273,0.03683975428265323,-0.7366425388564818,-0.07803087970760131,-0.7775998415974986,-0.07815660533016587,-0.8344946908404424,-0.08541287393379601,-0.39630137502459084,-0.028003294043709853,-0.5668964171798947,-0.04947402468814628,-0.4390337201918846,-0.03148770046755062,K01_si_frac_adm,-0.5196160703442146,noise_sigma_c2,-0.8344946908404424
3342,0.0,0.0,rare,,,,,,,,,,,,,,,,,,,,,,,,,,,,,,,,,,,,
3343,0.0,0.0,rare,,,,,,,,,,,,,,,,,,,,,,,,,,,,,,,,,,,,
3344,0.015904572564612324,132.993896484375,material,0.5107605394671019,0.49493995867191376,0.4961892989581494,0.02152107893420374,1.5154863714357834,0.14318118332164365,-1.3696479876207608,-0.1333605365515485,-0.18412003528496274,-0.006377590696698164,1.514088575845044,0.14313244711788947,1.196385435144368,0.14805547737163363,-0.4841566076346286,-0.05188739128356487,-0.09436345773539692,-0.0015627991027648445,-0.4605026691571076,-0.05009208485584745,0.7453116975690628,0.10246528984180768,0.7474599816019571,0.09624860997236728,0.6141975957671835,0.08089514434302071,-0.43498621877925503,-0.05487091615366328,0.6421159243503687,0.08796269578622028,0.46674327798010534,0.07248873150305071,frac_si,1.5154863714357834,noise_sigma_c1,0.7474599816019571
3345,0.0,0.0,rare,,,,,,,,,,,,,,,,,,,,,,,,,,,,,,,,,,,,
3346,0.0,0.0,rare,,,,,,,,,,,,,,,,,,,,,,,,,,,,,,,,,,,,
3347,0.0,0.0,rare,,,,,,,,,,,,,,,,,,,,,,,,,,,,,,,,,,,,
3348,0.0,0.0,rare,,,,,,,,,,,,,,,,,,,,,,,,,,,,,,,,,,,,
3349,0.0,0.0,rare,,,,,,,,,,,,,,,,,,,,,,,,,,,,,,,,,,,,
3350,0.0,0.0,rare,,,,,,,,,,,,,,,,,,,,,,,,,,,,,,,,,,,,
3351,0.0,0.0,rare,,,,,,,,,,,,,,,,,,,,,,,,,,,,,,,,,,,,
3352,0.0,0.0,rare,,,,,,,,,,,,,,,,,,,,,,,,,,,,,,,,,,,,
3353,0.0,0.0,rare,,,,,,,,,,,,,,,,,,,,,,,,,,,,,,,,,,,,
3354,0.0,0.0,rare,,,,,,,,,,,,,,,,,,,,,,,,,,,,,,,,,,,,
3355,0.0,0.0,rare,,,,,,,,,,,,,,,,,,,,,,,,,,,,,,,,,,,,
3356,0.0,0.0,rare,,,,,,,,,,,,,,,,,,,,,,,,,,,,,,,,,,,,
3357,0.0,0.0,rare,,,,,,,,,,,,,,,,,,,,,,,,,,,,,,,,,,,,
3358,0.003976143141153081,47.01652908325195,rare,,,,,,,,,,,,,,,,,,,,,,,,,,,,,,,,,,,,
3359,0.0,0.0,rare,,,,,,,,,,,,,,,,,,,,,,,,,,,,,,,,,,,,
3360,0.013253810470510271,126.17146301269531,material,0.4933526697962092,0.5021868241436946,0.5030425569486139,0.013294660407581649,-0.615246806104206,-0.08894155280824971,0.4760834579200244,0.04805049587790138,0.4833150057725265,0.07273563092669962,-0.6157123142122461,-0.08902150949961683,-0.3368329030414843,-0.0382310813155339,-0.5068445658019293,-0.052810614236889465,-0.18153167780676133,-0.026862795797536428,-0.47142560832574243,-0.06404481288234719,0.14260760505679346,-0.017996238638352806,0.35381555898333134,0.03208752906184481,0.11128237275775567,-0.025175488511293653,0.44206148655025723,0.047378281951503086,0.23761972968500783,0.038082637489408294,0.016762322289106978,0.0031006579488846494,K01_si_frac_adm,-0.6157123142122461,p1_c0,-0.5068445658019293
3361,0.0,0.0,rare,,,,,,,,,,,,,,,,,,,,,,,,,,,,,,,,,,,,
3362,0.0,0.0,rare,,,,,,,,,,,,,,,,,,,,,,,,,,,,,,,,,,,,
3363,0.0,0.0,rare,,,,,,,,,,,,,,,,,,,,,,,,,,,,,,,,,,,,
3364,0.0,0.0,rare,,,,,,,,,,,,,,,,,,,,,,,,,,,,,,,,,,,,
3365,0.0,0.0,rare,,,,,,,,,,,,,,,,,,,,,,,,,,,,,,,,,,,,
3366,0.010603048376408217,103.13542938232422,imaging,0.4969580442548977,0.49665232867870546,0.5045806109835776,0.009161221967155297,-0.5087818482185934,-0.05885942988043786,0.6736570428648535,0.08697998550814387,-0.5092307368664802,-0.048185579094291435,-0.5092939392480256,-0.05893384253553984,-0.3368328673353434,-0.036019696756253675,1.3250104506346394,0.08333009033996394,0.6270795565060704,0.054357431048668706,1.220437700448748,0.0980744569184314,-0.9102201506353418,-0.07647427765252685,-1.0578103100263223,-0.0738770455466588,-0.7783401925514097,-0.06466494970993802,0.21022159192101392,0.04039285693679481,-0.8663827695827002,-0.08015686391119055,-0.14460143198750586,-0.01452187696233755,frac_graphite,0.6736570428648535,p1_c0,1.3250104506346394
3367,0.0,0.0,rare,,,,,,,,,,,,,,,,,,,,,,,,,,,,,,,,,,,,
3368,0.0,0.0,rare,,,,,,,,,,,,,,,,,,,,,,,,,,,,,,,,,,,,
3369,0.0,0.0,rare,,,,,,,,,,,,,,,,,,,,,,,,,,,,,,,,,,,,
3370,0.0,0.0,rare,,,,,,,,,,,,,,,,,,,,,,,,,,,,,,,,,,,,
3371,0.0,0.0,rare,,,,,,,,,,,,,,,,,,,,,,,,,,,,,,,,,,,,
3372,0.0,0.0,rare,,,,,,,,,,,,,,,,,,,,,,,,,,,,,,,,,,,,
3373,0.0,0.0,rare,,,,,,,,,,,,,,,,,,,,,,,,,,,,,,,,,,,,
3374,0.0,0.0,rare,,,,,,,,,,,,,,,,,,,,,,,,,,,,,,,,,,,,
3375,0.0019880715705765406,38.25835418701172,rare,,,,,,,,,,,,,,,,,,,,,,,,,,,,,,,,,,,,
3376,0.0,0.0,rare,,,,,,,,,,,,,,,,,,,,,,,,,,,,,,,,,,,,
3377,0.0,0.0,rare,,,,,,,,,,,,,,,,,,,,,,,,,,,,,,,,,,,,
3378,0.0,0.0,rare,,,,,,,,,,,,,,,,,,,,,,,,,,,,,,,,,,,,
3379,0.0,0.0,rare,,,,,,,,,,,,,,,,,,,,,,,,,,,,,,,,,,,,
3380,0.0,0.0,rare,,,,,,,,,,,,,,,,,,,,,,,,,,,,,,,,,,,,
3381,0.0,0.0,rare,,,,,,,,,,,,,,,,,,,,,,,,,,,,,,,,,,,,
3382,0.004638833664678595,48.445011138916016,rare,,,,,,,,,,,,,,,,,,,,,,,,,,,,,,,,,,,,
3383,0.0,0.0,rare,,,,,,,,,,,,,,,,,,,,,,,,,,,,,,,,,,,,
3384,0.0,0.0,rare,,,,,,,,,,,,,,,,,,,,,,,,,,,,,,,,,,,,
3385,0.0,0.0,rare,,,,,,,,,,,,,,,,,,,,,,,,,,,,,,,,,,,,
3386,0.0,0.0,rare,,,,,,,,,,,,,,,,,,,,,,,,,,,,,,,,,,,,
3387,0.0,0.0,rare,,,,,,,,,,,,,,,,,,,,,,,,,,,,,,,,,,,,
3388,0.04241219350563287,360.89447021484375,imaging,0.5183300572514262,0.5321280110978918,0.4636323503443404,0.07273529931131917,-0.24923166685034484,-0.03681890418264773,0.45702914356296975,0.10060396541598211,-0.6680043814775699,-0.15047895240293194,-0.24985732237011835,-0.0369551636337432,-0.21368773277293382,-0.04951298917520318,-0.35013936502885795,-0.051653168614139766,-0.04563071999676957,0.002228474116429341,-0.32751229889117095,-0.032462626093896996,0.8560611683399789,0.19931228735923043,0.7704360199128651,0.16641166302424826,0.8785512283434646,0.20341374559496136,0.5996263232858807,0.15331715783740907,0.7514784512260643,0.15581651218618708,0.8014751085267421,0.2062269895163787,frac_pore,-0.6680043814775699,noise_sigma_c2,0.8785512283434646
3389,0.0,0.0,rare,,,,,,,,,,,,,,,,,,,,,,,,,,,,,,,,,,,,
3390,0.0,0.0,rare,,,,,,,,,,,,,,,,,,,,,,,,,,,,,,,,,,,,
3391,0.0,0.0,rare,,,,,,,,,,,,,,,,,,,,,,,,,,,,,,,,,,,,
3392,0.0,0.0,rare,,,,,,,,,,,,,,,,,,,,,,,,,,,,,,,,,,,,
3393,0.0,0.0,rare,,,,,,,,,,,,,,,,,,,,,,,,,,,,,,,,,,,,
3394,0.0,0.0,rare,,,,,,,,,,,,,,,,,,,,,,,,,,,,,,,,,,,,
3395,0.0,0.0,rare,,,,,,,,,,,,,,,,,,,,,,,,,,,,,,,,,,,,
3396,0.0,0.0,rare,,,,,,,,,,,,,,,,,,,,,,,,,,,,,,,,,,,,
3397,0.0,0.0,rare,,,,,,,,,,,,,,,,,,,,,,,,,,,,,,,,,,,,
3398,0.0,0.0,rare,,,,,,,,,,,,,,,,,,,,,,,,,,,,,,,,,,,,
3399,0.0,0.0,rare,,,,,,,,,,,,,,,,,,,,,,,,,,,,,,,,,,,,
3400,0.0,0.0,rare,,,,,,,,,,,,,,,,,,,,,,,,,,,,,,,,,,,,
3401,0.0,0.0,rare,,,,,,,,,,,,,,,,,,,,,,,,,,,,,,,,,,,,
3402,0.0,0.0,rare,,,,,,,,,,,,,,,,,,,,,,,,,,,,,,,,,,,,
3403,0.0,0.0,rare,,,,,,,,,,,,,,,,,,,,,,,,,,,,,,,,,,,,
3404,0.0,0.0,rare,,,,,,,,,,,,,,,,,,,,,,,,,,,,,,,,,,,,
3405,0.0,0.0,rare,,,,,,,,,,,,,,,,,,,,,,,,,,,,,,,,,,,,
3406,0.0,0.0,rare,,,,,,,,,,,,,,,,,,,,,,,,,,,,,,,,,,,,
3407,0.003976143141153081,53.4000244140625,rare,,,,,,,,,,,,,,,,,,,,,,,,,,,,,,,,,,,,
3408,0.0,0.0,rare,,,,,,,,,,,,,,,,,,,,,,,,,,,,,,,,,,,,
3409,0.0,0.0,rare,,,,,,,,,,,,,,,,,,,,,,,,,,,,,,,,,,,,
3410,0.005964214711729622,66.46261596679688,rare,,,,,,,,,,,,,,,,,,,,,,,,,,,,,,,,,,,,
3411,0.0,0.0,rare,,,,,,,,,,,,,,,,,,,,,,,,,,,,,,,,,,,,
3412,0.0,0.0,rare,,,,,,,,,,,,,,,,,,,,,,,,,,,,,,,,,,,,
3413,0.0,0.0,rare,,,,,,,,,,,,,,,,,,,,,,,,,,,,,,,,,,,,
3414,0.0,0.0,rare,,,,,,,,,,,,,,,,,,,,,,,,,,,,,,,,,,,,
3415,0.0,0.0,rare,,,,,,,,,,,,,,,,,,,,,,,,,,,,,,,,,,,,
3416,0.0,0.0,rare,,,,,,,,,,,,,,,,,,,,,,,,,,,,,,,,,,,,
3417,0.0,0.0,rare,,,,,,,,,,,,,,,,,,,,,,,,,,,,,,,,,,,,
3418,0.0,0.0,rare,,,,,,,,,,,,,,,,,,,,,,,,,,,,,,,,,,,,
3419,0.0,0.0,rare,,,,,,,,,,,,,,,,,,,,,,,,,,,,,,,,,,,,
3420,0.0,0.0,rare,,,,,,,,,,,,,,,,,,,,,,,,,,,,,,,,,,,,
3421,0.0,0.0,rare,,,,,,,,,,,,,,,,,,,,,,,,,,,,,,,,,,,,
3422,0.0,0.0,rare,,,,,,,,,,,,,,,,,,,,,,,,,,,,,,,,,,,,
3423,0.0,0.0,rare,,,,,,,,,,,,,,,,,,,,,,,,,,,,,,,,,,,,
3424,0.0,0.0,rare,,,,,,,,,,,,,,,,,,,,,,,,,,,,,,,,,,,,
3425,0.0,0.0,rare,,,,,,,,,,,,,,,,,,,,,,,,,,,,,,,,,,,,
3426,0.0,0.0,rare,,,,,,,,,,,,,,,,,,,,,,,,,,,,,,,,,,,,
3427,0.0,0.0,rare,,,,,,,,,,,,,,,,,,,,,,,,,,,,,,,,,,,,
3428,0.0,0.0,rare,,,,,,,,,,,,,,,,,,,,,,,,,,,,,,,,,,,,
3429,0.0,0.0,rare,,,,,,,,,,,,,,,,,,,,,,,,,,,,,,,,,,,,
3430,0.0,0.0,rare,,,,,,,,,,,,,,,,,,,,,,,,,,,,,,,,,,,,
3431,0.0,0.0,rare,,,,,,,,,,,,,,,,,,,,,,,,,,,,,,,,,,,,
3432,0.0,0.0,rare,,,,,,,,,,,,,,,,,,,,,,,,,,,,,,,,,,,,
3433,0.0,0.0,rare,,,,,,,,,,,,,,,,,,,,,,,,,,,,,,,,,,,,
3434,0.0,0.0,rare,,,,,,,,,,,,,,,,,,,,,,,,,,,,,,,,,,,,
3435,0.0,0.0,rare,,,,,,,,,,,,,,,,,,,,,,,,,,,,,,,,,,,,
3436,0.0,0.0,rare,,,,,,,,,,,,,,,,,,,,,,,,,,,,,,,,,,,,
3437,0.0,0.0,rare,,,,,,,,,,,,,,,,,,,,,,,,,,,,,,,,,,,,
3438,0.0,0.0,rare,,,,,,,,,,,,,,,,,,,,,,,,,,,,,,,,,,,,
3439,0.0,0.0,rare,,,,,,,,,,,,,,,,,,,,,,,,,,,,,,,,,,,,
3440,0.0,0.0,rare,,,,,,,,,,,,,,,,,,,,,,,,,,,,,,,,,,,,
3441,0.0,0.0,rare,,,,,,,,,,,,,,,,,,,,,,,,,,,,,,,,,,,,
3442,0.0390987408880053,311.97381591796875,imaging,0.5091309203179399,0.5195766520396712,0.47926452410383197,0.041470951792336064,-0.47377395216786194,-0.1109744217865701,0.5605227534348217,0.12399190465897221,-0.2782956350059459,-0.05140938227918675,-0.47430136064652734,-0.11108415077193577,-0.22671586612311362,-0.04393430601855358,-0.25487492966654324,-0.04886298117124896,-0.03260838116106687,-0.015244308952222221,-0.32259572750166055,-0.040608618170186295,0.47482257054238786,0.10087110958587182,0.47304184128025045,0.10253644616737592,0.45324556199780736,0.09932951781154942,0.7372094058486629,0.1503500195372328,0.4449551458415551,0.08997659035083079,0.6789600174440608,0.15882718007108862,frac_graphite,0.5605227534348217,sharpness_c0,0.7372094058486629
3443,0.0,0.0,rare,,,,,,,,,,,,,,,,,,,,,,,,,,,,,,,,,,,,
3444,0.0,0.0,rare,,,,,,,,,,,,,,,,,,,,,,,,,,,,,,,,,,,,
3445,0.0,0.0,rare,,,,,,,,,,,,,,,,,,,,,,,,,,,,,,,,,,,,
3446,0.0,0.0,rare,,,,,,,,,,,,,,,,,,,,,,,,,,,,,,,,,,,,
3447,0.0,0.0,rare,,,,,,,,,,,,,,,,,,,,,,,,,,,,,,,,,,,,
3448,0.0,0.0,rare,,,,,,,,,,,,,,,,,,,,,,,,,,,,,,,,,,,,
3449,0.0,0.0,rare,,,,,,,,,,,,,,,,,,,,,,,,,,,,,,,,,,,,
3450,0.0,0.0,rare,,,,,,,,,,,,,,,,,,,,,,,,,,,,,,,,,,,,
3451,0.0,0.0,rare,,,,,,,,,,,,,,,,,,,,,,,,,,,,,,,,,,,,
3452,0.04241219350563287,324.2890625,material,0.48407015699927747,0.5085690752238605,0.5048507858025781,0.031859686001445064,-0.5105706182263482,-0.11894027220861036,0.1891562935912402,0.028210070893147112,0.6125716496517469,0.12385386250311335,-0.5088366391294694,-0.11831698673925096,-0.30742839056562843,-0.05881293373879992,-0.20754139865016102,-0.04771151903939591,-0.44236095552947186,-0.08550383684041231,-0.11005541026008633,-0.04961558244784733,-0.2348961479916724,-0.10102756896159525,-0.2916099844614059,-0.09056578834748394,-0.2881669349374155,-0.10482024367955152,0.1811810077738812,0.03934991816296961,-0.5361813183775967,-0.10581739292703747,-0.40696892551630803,-0.09843785237491293,frac_pore,0.6125716496517469,sharpness_c1,-0.5361813183775967
3453,0.04241219350563287,351.9808349609375,imaging,0.5050480295504273,0.4830978724224136,0.5088645594208017,0.033804255155172824,0.13660067646647223,0.04920744063788023,0.08947361054886335,0.005435601989730104,-0.6042351373778245,-0.12011614217723389,0.13580620277869937,0.04907836251875162,-0.1163490689871913,0.013669897597926554,0.11207648613519025,0.08416754121674482,0.8130162755185226,0.13039093332460716,-0.14752543004759522,0.005554454554805163,-0.41917419863260846,-0.04175490463825643,-0.14871162332902838,-0.03716353321219235,-0.4725029980432336,-0.06808998269745711,-0.43116782244248936,-0.10132751079892612,-0.1636219924793667,-0.06270793124584483,-0.6451490478982438,-0.1164921088656418,frac_pore,-0.6042351373778245,p1_c1,0.8130162755185226
3454,0.0,0.0,rare,,,,,,,,,,,,,,,,,,,,,,,,,,,,,,,,,,,,
3455,0.0,0.0,rare,,,,,,,,,,,,,,,,,,,,,,,,,,,,,,,,,,,,
3456,0.0,0.0,rare,,,,,,,,,,,,,,,,,,,,,,,,,,,,,,,,,,,,
3457,0.0,0.0,rare,,,,,,,,,,,,,,,,,,,,,,,,,,,,,,,,,,,,
3458,0.0,0.0,rare,,,,,,,,,,,,,,,,,,,,,,,,,,,,,,,,,,,,
3459,0.0,0.0,rare,,,,,,,,,,,,,,,,,,,,,,,,,,,,,,,,,,,,
3460,0.0,0.0,rare,,,,,,,,,,,,,,,,,,,,,,,,,,,,,,,,,,,,
3461,0.0,0.0,rare,,,,,,,,,,,,,,,,,,,,,,,,,,,,,,,,,,,,
3462,0.013253810470510271,138.11175537109375,material,0.5220162810322437,0.49488215715269723,0.48836482429807526,0.04403256206448747,3.136641828121603,0.13461659774271942,-2.797132948229008,-0.12849120515229595,-0.6259069448574056,-0.05157974581571626,3.1373312370778152,0.13492022212969704,2.307891056165697,0.2193910097607211,-0.1567673343976404,-0.0301458281231389,-0.5402701303993078,-0.07849871592658848,-0.07825102636122193,-0.03501446012108604,1.4418299055833446,0.1583731906147545,0.43120221310355367,0.042176867769299124,1.4314530847521827,0.15569716547218596,1.1704519429962394,0.09869858923331708,0.7560114380310999,0.092864677360139,1.3180934889198632,0.08004721523230966,K01_si_frac_adm,3.1373312370778152,noise_sigma_c0,1.4418299055833446
3463,0.0,0.0,rare,,,,,,,,,,,,,,,,,,,,,,,,,,,,,,,,,,,,
3464,0.0,0.0,rare,,,,,,,,,,,,,,,,,,,,,,,,,,,,,,,,,,,,
3465,0.0026507620941020544,41.587188720703125,rare,,,,,,,,,,,,,,,,,,,,,,,,,,,,,,,,,,,,
3466,0.0,0.0,rare,,,,,,,,,,,,,,,,,,,,,,,,,,,,,,,,,,,,
3467,0.0,0.0,rare,,,,,,,,,,,,,,,,,,,,,,,,,,,,,,,,,,,,
3468,0.0,0.0,rare,,,,,,,,,,,,,,,,,,,,,,,,,,,,,,,,,,,,
3469,0.0013253810470510272,25.200946807861328,rare,,,,,,,,,,,,,,,,,,,,,,,,,,,,,,,,,,,,
3470,0.0,0.0,rare,,,,,,,,,,,,,,,,,,,,,,,,,,,,,,,,,,,,
3471,0.0,0.0,rare,,,,,,,,,,,,,,,,,,,,,,,,,,,,,,,,,,,,
3472,0.0,0.0,rare,,,,,,,,,,,,,,,,,,,,,,,,,,,,,,,,,,,,
3473,0.0,0.0,rare,,,,,,,,,,,,,,,,,,,,,,,,,,,,,,,,,,,,
3474,0.0,0.0,rare,,,,,,,,,,,,,,,,,,,,,,,,,,,,,,,,,,,,
3475,0.0,0.0,rare,,,,,,,,,,,,,,,,,,,,,,,,,,,,,,,,,,,,
3476,0.0,0.0,rare,,,,,,,,,,,,,,,,,,,,,,,,,,,,,,,,,,,,
3477,0.0,0.0,rare,,,,,,,,,,,,,,,,,,,,,,,,,,,,,,,,,,,,
3478,0.0,0.0,rare,,,,,,,,,,,,,,,,,,,,,,,,,,,,,,,,,,,,
3479,0.0,0.0,rare,,,,,,,,,,,,,,,,,,,,,,,,,,,,,,,,,,,,
3480,0.003976143141153081,45.76286315917969,rare,,,,,,,,,,,,,,,,,,,,,,,,,,,,,,,,,,,,
3481,0.0,0.0,rare,,,,,,,,,,,,,,,,,,,,,,,,,,,,,,,,,,,,
3482,0.0,0.0,rare,,,,,,,,,,,,,,,,,,,,,,,,,,,,,,,,,,,,
3483,0.0,0.0,rare,,,,,,,,,,,,,,,,,,,,,,,,,,,,,,,,,,,,
3484,0.0,0.0,rare,,,,,,,,,,,,,,,,,,,,,,,,,,,,,,,,,,,,
3485,0.0,0.0,rare,,,,,,,,,,,,,,,,,,,,,,,,,,,,,,,,,,,,
3486,0.0,0.0,rare,,,,,,,,,,,,,,,,,,,,,,,,,,,,,,,,,,,,
3487,0.0,0.0,rare,,,,,,,,,,,,,,,,,,,,,,,,,,,,,,,,,,,,
3488,0.0,0.0,rare,,,,,,,,,,,,,,,,,,,,,,,,,,,,,,,,,,,,
3489,0.0,0.0,rare,,,,,,,,,,,,,,,,,,,,,,,,,,,,,,,,,,,,
3490,0.0,0.0,rare,,,,,,,,,,,,,,,,,,,,,,,,,,,,,,,,,,,,
3491,0.0006626905235255136,18.007736206054688,rare,,,,,,,,,,,,,,,,,,,,,,,,,,,,,,,,,,,,
3492,0.0,0.0,rare,,,,,,,,,,,,,,,,,,,,,,,,,,,,,,,,,,,,
3493,0.0,0.0,rare,,,,,,,,,,,,,,,,,,,,,,,,,,,,,,,,,,,,
3494,0.0,0.0,rare,,,,,,,,,,,,,,,,,,,,,,,,,,,,,,,,,,,,
3495,0.0,0.0,rare,,,,,,,,,,,,,,,,,,,,,,,,,,,,,,,,,,,,
3496,0.0,0.0,rare,,,,,,,,,,,,,,,,,,,,,,,,,,,,,,,,,,,,
3497,0.0,0.0,rare,,,,,,,,,,,,,,,,,,,,,,,,,,,,,,,,,,,,
3498,0.004638833664678595,51.24352264404297,rare,,,,,,,,,,,,,,,,,,,,,,,,,,,,,,,,,,,,
3499,0.0,0.0,rare,,,,,,,,,,,,,,,,,,,,,,,,,,,,,,,,,,,,
3500,0.03644797879390325,261.46539306640625,imaging,0.493361512690817,0.4921185220151537,0.5104185060921773,0.02083701218435463,-0.16403646591748441,-0.034328137284124184,0.13725358315049702,0.018566894499474493,0.09614586135996833,0.04772488577132935,-0.16469939804298608,-0.03442568156545483,-0.05628621161933758,-0.00577587047051719,-0.20115048550651687,0.0005826310849974181,0.2325456441489069,0.012776712154068115,-0.38226622939993077,-0.06459087142271325,-0.6615054298429981,-0.06997161694422184,-0.2682044735294431,-0.01977401517048611,-0.7966968010579741,-0.0965548204562583,-0.4490661876007652,-0.06739070333323971,-0.45406967934478465,-0.053317334366355384,-0.9199799553080534,-0.1195285819734718,K01_si_frac_adm,-0.16469939804298608,sharpness_c2,-0.9199799553080534
3501,0.0019880715705765406,31.65973472595215,rare,,,,,,,,,,,,,,,,,,,,,,,,,,,,,,,,,,,,
3502,0.0,0.0,rare,,,,,,,,,,,,,,,,,,,,,,,,,,,,,,,,,,,,
3503,0.0,0.0,rare,,,,,,,,,,,,,,,,,,,,,,,,,,,,,,,,,,,,
3504,0.0,0.0,rare,,,,,,,,,,,,,,,,,,,,,,,,,,,,,,,,,,,,
3505,0.005301524188204109,57.5093994140625,rare,,,,,,,,,,,,,,,,,,,,,,,,,,,,,,,,,,,,
3506,0.0,0.0,rare,,,,,,,,,,,,,,,,,,,,,,,,,,,,,,,,,,,,
3507,0.0,0.0,rare,,,,,,,,,,,,,,,,,,,,,,,,,,,,,,,,,,,,
3508,0.0,0.0,rare,,,,,,,,,,,,,,,,,,,,,,,,,,,,,,,,,,,,
3509,0.0,0.0,rare,,,,,,,,,,,,,,,,,,,,,,,,,,,,,,,,,,,,
3510,0.0,0.0,rare,,,,,,,,,,,,,,,,,,,,,,,,,,,,,,,,,,,,
3511,0.0,0.0,rare,,,,,,,,,,,,,,,,,,,,,,,,,,,,,,,,,,,,
3512,0.0,0.0,rare,,,,,,,,,,,,,,,,,,,,,,,,,,,,,,,,,,,,
3513,0.0,0.0,rare,,,,,,,,,,,,,,,,,,,,,,,,,,,,,,,,,,,,
3514,0.0,0.0,rare,,,,,,,,,,,,,,,,,,,,,,,,,,,,,,,,,,,,
3515,0.0,0.0,rare,,,,,,,,,,,,,,,,,,,,,,,,,,,,,,,,,,,,
3516,0.0,0.0,rare,,,,,,,,,,,,,,,,,,,,,,,,,,,,,,,,,,,,
3517,0.0,0.0,rare,,,,,,,,,,,,,,,,,,,,,,,,,,,,,,,,,,,,
3518,0.0,0.0,rare,,,,,,,,,,,,,,,,,,,,,,,,,,,,,,,,,,,,
3519,0.0,0.0,rare,,,,,,,,,,,,,,,,,,,,,,,,,,,,,,,,,,,,
3520,0.013916500994035786,142.51531982421875,imaging,0.4986659861848721,0.49265559446454116,0.5063173229736889,0.014688811070917684,-0.22002826945410323,-0.009501865475314775,0.24364075373183275,0.019898199371740997,-0.10521277289786282,-0.01372367005710669,-0.22066670263067786,-0.009553793738126691,-0.259443550822413,-0.022983961290657696,-0.25862951640424164,0.022813983350173123,0.044367933816542075,0.014239865210306929,-0.3764134943812358,0.003370793411839527,-0.42764906174734485,-0.043599502308667715,-0.28859001216100943,-0.03919894425773558,-0.5419234970819069,-0.056725936545854345,-0.2346770855289901,-0.03445340035523965,-0.3749647909474608,-0.03525492801374631,-0.5168299300803845,-0.07821546457592894,K04_agglom_frac,-0.259443550822413,noise_sigma_c2,-0.5419234970819069
3521,0.0,0.0,rare,,,,,,,,,,,,,,,,,,,,,,,,,,,,,,,,,,,,
3522,0.0,0.0,rare,,,,,,,,,,,,,,,,,,,,,,,,,,,,,,,,,,,,
3523,0.0,0.0,rare,,,,,,,,,,,,,,,,,,,,,,,,,,,,,,,,,,,,
3524,0.0,0.0,rare,,,,,,,,,,,,,,,,,,,,,,,,,,,,,,,,,,,,
3525,0.0,0.0,rare,,,,,,,,,,,,,,,,,,,,,,,,,,,,,,,,,,,,
3526,0.0,0.0,rare,,,,,,,,,,,,,,,,,,,,,,,,,,,,,,,,,,,,
3527,0.0,0.0,rare,,,,,,,,,,,,,,,,,,,,,,,,,,,,,,,,,,,,
3528,0.05036447978793903,420.0501403808594,imaging,0.46942632352866864,0.47220469444671903,0.5417481900052975,0.083496380010595,-0.320381003825339,-0.06814620674261569,0.12610464907217023,0.015021291999869292,0.5934225120258866,0.11362777681919231,-0.3209168974955517,-0.06825727483177188,-0.26445276802859896,-0.05091620649440895,0.28064064174931747,0.09094389934338833,0.0028683569158206496,0.01132874377028801,0.21623209347111938,0.06331473199257115,-0.8306805098317002,-0.1974202768224434,-0.7990961837442776,-0.19006771854220586,-0.8676303198650834,-0.1916495875569736,-0.28430662406939206,-0.059467780338604115,-0.7507959571888708,-0.1818896217070949,-0.8779754534884671,-0.22994647854290634,frac_pore,0.5934225120258866,sharpness_c2,-0.8779754534884671
3529,0.0,0.0,rare,,,,,,,,,,,,,,,,,,,,,,,,,,,,,,,,,,,,
3530,0.0,0.0,rare,,,,,,,,,,,,,,,,,,,,,,,,,,,,,,,,,,,,
3531,0.0,0.0,rare,,,,,,,,,,,,,,,,,,,,,,,,,,,,,,,,,,,,
3532,0.0,0.0,rare,,,,,,,,,,,,,,,,,,,,,,,,,,,,,,,,,,,,
3533,0.0,0.0,rare,,,,,,,,,,,,,,,,,,,,,,,,,,,,,,,,,,,,
3534,0.0,0.0,rare,,,,,,,,,,,,,,,,,,,,,,,,,,,,,,,,,,,,
3535,0.0,0.0,rare,,,,,,,,,,,,,,,,,,,,,,,,,,,,,,,,,,,,
3536,0.0,0.0,rare,,,,,,,,,,,,,,,,,,,,,,,,,,,,,,,,,,,,
3537,0.0,0.0,rare,,,,,,,,,,,,,,,,,,,,,,,,,,,,,,,,,,,,
3538,0.0,0.0,rare,,,,,,,,,,,,,,,,,,,,,,,,,,,,,,,,,,,,
3539,0.0,0.0,rare,,,,,,,,,,,,,,,,,,,,,,,,,,,,,,,,,,,,
3540,0.0,0.0,rare,,,,,,,,,,,,,,,,,,,,,,,,,,,,,,,,,,,,
3541,0.0,0.0,rare,,,,,,,,,,,,,,,,,,,,,,,,,,,,,,,,,,,,
3542,0.0,0.0,rare,,,,,,,,,,,,,,,,,,,,,,,,,,,,,,,,,,,,
3543,0.005964214711729622,60.07758712768555,rare,,,,,,,,,,,,,,,,,,,,,,,,,,,,,,,,,,,,
3544,0.0,0.0,rare,,,,,,,,,,,,,,,,,,,,,,,,,,,,,,,,,,,,
3545,0.0,0.0,rare,,,,,,,,,,,,,,,,,,,,,,,,,,,,,,,,,,,,
3546,0.0,0.0,rare,,,,,,,,,,,,,,,,,,,,,,,,,,,,,,,,,,,,
3547,0.0,0.0,rare,,,,,,,,,,,,,,,,,,,,,,,,,,,,,,,,,,,,
3548,0.0,0.0,rare,,,,,,,,,,,,,,,,,,,,,,,,,,,,,,,,,,,,
3549,0.0,0.0,rare,,,,,,,,,,,,,,,,,,,,,,,,,,,,,,,,,,,,
3550,0.0,0.0,rare,,,,,,,,,,,,,,,,,,,,,,,,,,,,,,,,,,,,
3551,0.0,0.0,rare,,,,,,,,,,,,,,,,,,,,,,,,,,,,,,,,,,,,
3552,0.0,0.0,rare,,,,,,,,,,,,,,,,,,,,,,,,,,,,,,,,,,,,
3553,0.0,0.0,rare,,,,,,,,,,,,,,,,,,,,,,,,,,,,,,,,,,,,
3554,0.0,0.0,rare,,,,,,,,,,,,,,,,,,,,,,,,,,,,,,,,,,,,
3555,0.0,0.0,rare,,,,,,,,,,,,,,,,,,,,,,,,,,,,,,,,,,,,
3556,0.0,0.0,rare,,,,,,,,,,,,,,,,,,,,,,,,,,,,,,,,,,,,
3557,0.0,0.0,rare,,,,,,,,,,,,,,,,,,,,,,,,,,,,,,,,,,,,
3558,0.011928429423459244,99.47477722167969,material,0.4961040732899106,0.503097198071356,0.5004520572134911,0.007791853420178851,0.2038293618898036,0.031473818582571894,-0.39457631300091367,-0.045338086295433934,0.6441731879179954,0.04821042833238659,0.2030054726857582,0.031417785505529705,0.09093160162637688,0.0028938689124678725,-0.12932658994563423,-0.0222914855011441,-0.39411181289626046,-0.028932202673105614,-0.00384076392233612,-0.011066636934275008,0.06857974637788582,-0.003958084418318561,-0.08465441810573775,-0.024016127834782717,-0.14212321700672503,-0.02781789241161898,-0.37543159416137045,-0.035272976220709525,-0.30533889445254525,-0.02780686069202912,-0.505776772559176,-0.045846229430435516,frac_pore,0.6441731879179954,sharpness_c2,-0.505776772559176
3559,0.0,0.0,rare,,,,,,,,,,,,,,,,,,,,,,,,,,,,,,,,,,,,
3560,0.0,0.0,rare,,,,,,,,,,,,,,,,,,,,,,,,,,,,,,,,,,,,
3561,0.0,0.0,rare,,,,,,,,,,,,,,,,,,,,,,,,,,,,,,,,,,,,
3562,0.0,0.0,rare,,,,,,,,,,,,,,,,,,,,,,,,,,,,,,,,,,,,
3563,0.0,0.0,rare,,,,,,,,,,,,,,,,,,,,,,,,,,,,,,,,,,,,
3564,0.0,0.0,rare,,,,,,,,,,,,,,,,,,,,,,,,,,,,,,,,,,,,
3565,0.0,0.0,rare,,,,,,,,,,,,,,,,,,,,,,,,,,,,,,,,,,,,
3566,0.0,0.0,rare,,,,,,,,,,,,,,,,,,,,,,,,,,,,,,,,,,,,
3567,0.0,0.0,rare,,,,,,,,,,,,,,,,,,,,,,,,,,,,,,,,,,,,
3568,0.0,0.0,rare,,,,,,,,,,,,,,,,,,,,,,,,,,,,,,,,,,,,
3569,0.0,0.0,rare,,,,,,,,,,,,,,,,,,,,,,,,,,,,,,,,,,,,
3570,0.0,0.0,rare,,,,,,,,,,,,,,,,,,,,,,,,,,,,,,,,,,,,
3571,0.0,0.0,rare,,,,,,,,,,,,,,,,,,,,,,,,,,,,,,,,,,,,
3572,0.0,0.0,rare,,,,,,,,,,,,,,,,,,,,,,,,,,,,,,,,,,,,
3573,0.0,0.0,rare,,,,,,,,,,,,,,,,,,,,,,,,,,,,,,,,,,,,
3574,0.0,0.0,rare,,,,,,,,,,,,,,,,,,,,,,,,,,,,,,,,,,,,
3575,0.0,0.0,rare,,,,,,,,,,,,,,,,,,,,,,,,,,,,,,,,,,,,
3576,0.0,0.0,rare,,,,,,,,,,,,,,,,,,,,,,,,,,,,,,,,,,,,
3577,0.0,0.0,rare,,,,,,,,,,,,,,,,,,,,,,,,,,,,,,,,,,,,
3578,0.0,0.0,rare,,,,,,,,,,,,,,,,,,,,,,,,,,,,,,,,,,,,
3579,0.0,0.0,rare,,,,,,,,,,,,,,,,,,,,,,,,,,,,,,,,,,,,
3580,0.0,0.0,rare,,,,,,,,,,,,,,,,,,,,,,,,,,,,,,,,,,,,
3581,0.0,0.0,rare,,,,,,,,,,,,,,,,,,,,,,,,,,,,,,,,,,,,
3582,0.0,0.0,rare,,,,,,,,,,,,,,,,,,,,,,,,,,,,,,,,,,,,
3583,0.0,0.0,rare,,,,,,,,,,,,,,,,,,,,,,,,,,,,,,,,,,,,
3584,0.0,0.0,rare,,,,,,,,,,,,,,,,,,,,,,,,,,,,,,,,,,,,
3585,0.0,0.0,rare,,,,,,,,,,,,,,,,,,,,,,,,,,,,,,,,,,,,
3586,0.0,0.0,rare,,,,,,,,,,,,,,,,,,,,,,,,,,,,,,,,,,,,
3587,0.0,0.0,rare,,,,,,,,,,,,,,,,,,,,,,,,,,,,,,,,,,,,
3588,0.003976143141153081,54.9844856262207,rare,,,,,,,,,,,,,,,,,,,,,,,,,,,,,,,,,,,,
3589,0.0013253810470510272,12.745573997497559,rare,,,,,,,,,,,,,,,,,,,,,,,,,,,,,,,,,,,,
3590,0.0,0.0,rare,,,,,,,,,,,,,,,,,,,,,,,,,,,,,,,,,,,,
3591,0.0,0.0,rare,,,,,,,,,,,,,,,,,,,,,,,,,,,,,,,,,,,,
3592,0.0,0.0,rare,,,,,,,,,,,,,,,,,,,,,,,,,,,,,,,,,,,,
3593,0.007952286282306162,77.44682312011719,imaging,0.5101491164685016,0.4965800767796847,0.4954140914709517,0.02029823293700317,0.10330374874597345,0.028702382333943066,-0.2887193190704083,-0.0325197699059824,-0.085230803365046,-0.001063452323133156,0.10872777884627677,0.02957397026187593,-0.3368328748641467,-0.03115089719541056,-0.5892824883977978,-0.056858990465028736,-0.7556819333858094,-0.06878953169187624,-0.4916228264898701,-0.05425570562570237,0.6717108056910381,0.05490351863514569,0.32182442105060144,0.0066072409755693765,0.6930531181697425,0.05840741456194459,0.27101494006676924,0.03368446411058275,0.23754954841534187,0.02621403521874831,-0.30239066682548965,-0.04056106965720804,K04_agglom_frac,-0.3368328748641467,p1_c1,-0.7556819333858094
3594,0.0,0.0,rare,,,,,,,,,,,,,,,,,,,,,,,,,,,,,,,,,,,,
3595,0.0,0.0,rare,,,,,,,,,,,,,,,,,,,,,,,,,,,,,,,,,,,,
3596,0.0,0.0,rare,,,,,,,,,,,,,,,,,,,,,,,,,,,,,,,,,,,,
3597,0.0,0.0,rare,,,,,,,,,,,,,,,,,,,,,,,,,,,,,,,,,,,,
3598,0.0,0.0,rare,,,,,,,,,,,,,,,,,,,,,,,,,,,,,,,,,,,,
3599,0.0,0.0,rare,,,,,,,,,,,,,,,,,,,,,,,,,,,,,,,,,,,,
3600,0.0,0.0,rare,,,,,,,,,,,,,,,,,,,,,,,,,,,,,,,,,,,,
3601,0.0,0.0,rare,,,,,,,,,,,,,,,,,,,,,,,,,,,,,,,,,,,,
3602,0.0,0.0,rare,,,,,,,,,,,,,,,,,,,,,,,,,,,,,,,,,,,,
3603,0.0,0.0,rare,,,,,,,,,,,,,,,,,,,,,,,,,,,,,,,,,,,,
3604,0.0013253810470510272,19.4388484954834,rare,,,,,,,,,,,,,,,,,,,,,,,,,,,,,,,,,,,,
3605,0.0,0.0,rare,,,,,,,,,,,,,,,,,,,,,,,,,,,,,,,,,,,,
3606,0.0,0.0,rare,,,,,,,,,,,,,,,,,,,,,,,,,,,,,,,,,,,,
3607,0.0,0.0,rare,,,,,,,,,,,,,,,,,,,,,,,,,,,,,,,,,,,,
3608,0.0,0.0,rare,,,,,,,,,,,,,,,,,,,,,,,,,,,,,,,,,,,,
3609,0.0019880715705765406,26.35248374938965,rare,,,,,,,,,,,,,,,,,,,,,,,,,,,,,,,,,,,,
3610,0.0,0.0,rare,,,,,,,,,,,,,,,,,,,,,,,,,,,,,,,,,,,,
3611,0.0,0.0,rare,,,,,,,,,,,,,,,,,,,,,,,,,,,,,,,,,,,,
3612,0.0,0.0,rare,,,,,,,,,,,,,,,,,,,,,,,,,,,,,,,,,,,,
3613,0.0,0.0,rare,,,,,,,,,,,,,,,,,,,,,,,,,,,,,,,,,,,,
3614,0.0,0.0,rare,,,,,,,,,,,,,,,,,,,,,,,,,,,,,,,,,,,,
3615,0.0,0.0,rare,,,,,,,,,,,,,,,,,,,,,,,,,,,,,,,,,,,,
3616,0.0,0.0,rare,,,,,,,,,,,,,,,,,,,,,,,,,,,,,,,,,,,,
3617,0.0,0.0,rare,,,,,,,,,,,,,,,,,,,,,,,,,,,,,,,,,,,,
3618,0.0,0.0,rare,,,,,,,,,,,,,,,,,,,,,,,,,,,,,,,,,,,,
3619,0.011928429423459244,104.45841979980469,imaging,0.5018216362892182,0.49945088556744227,0.4991294366943316,0.0036432725784363296,-0.02065319782094026,0.01322216167345608,0.19111028573626854,0.015006408334896632,-0.5109612514766801,-0.05414844791541856,-0.021378866185425664,0.013166221506327647,0.030456105146465885,0.02054831891872095,-0.2133952456125008,-0.0037699108478795617,0.23696640831110394,0.012116261896355207,-0.33950138005719427,0.0022676361423851358,0.6160481138558123,0.0677655320098154,0.5758834219417573,0.06722750347166413,0.6243274765171581,0.06689744333605664,0.3516261668493018,0.037387110563320385,0.6001742431464655,0.08174008345856651,0.48165887155763093,0.06617154132950955,frac_pore,-0.5109612514766801,noise_sigma_c2,0.6243274765171581
3620,0.0,0.0,rare,,,,,,,,,,,,,,,,,,,,,,,,,,,,,,,,,,,,
3621,0.0,0.0,rare,,,,,,,,,,,,,,,,,,,,,,,,,,,,,,,,,,,,
3622,0.0,0.0,rare,,,,,,,,,,,,,,,,,,,,,,,,,,,,,,,,,,,,
3623,0.0,0.0,rare,,,,,,,,,,,,,,,,,,,,,,,,,,,,,,,,,,,,
3624,0.0,0.0,rare,,,,,,,,,,,,,,,,,,,,,,,,,,,,,,,,,,,,
3625,0.00728959575878065,72.70683288574219,imaging,0.4972069085745759,0.5061341862268613,0.4974545294013773,0.012268372453722698,-0.3939348431740061,-0.024416078625681834,0.36677529655556373,0.034528124442646614,0.07090615476001785,-0.015807004443724803,-0.3944971847717531,-0.02441607856172685,-0.32427923502348427,-0.0025937348862390833,-0.3562750134364139,0.016908200377957858,-0.03686376613717795,0.032975382149324696,-0.39701769279272087,0.016166927088836974,0.6852987102951816,0.03646526797596489,0.9579419471268645,0.04991064224780552,0.5402483454147093,0.02383639414762,0.08115757124029054,0.025359026506963603,0.7226532341415485,0.03726290160938276,0.1428678162449755,0.01409443158885241,K01_si_frac_adm,-0.3944971847717531,noise_sigma_c1,0.9579419471268645
3626,0.0,0.0,rare,,,,,,,,,,,,,,,,,,,,,,,,,,,,,,,,,,,,
3627,0.0,0.0,rare,,,,,,,,,,,,,,,,,,,,,,,,,,,,,,,,,,,,
3628,0.0,0.0,rare,,,,,,,,,,,,,,,,,,,,,,,,,,,,,,,,,,,,
3629,0.0,0.0,rare,,,,,,,,,,,,,,,,,,,,,,,,,,,,,,,,,,,,
3630,0.0,0.0,rare,,,,,,,,,,,,,,,,,,,,,,,,,,,,,,,,,,,,
3631,0.0,0.0,rare,,,,,,,,,,,,,,,,,,,,,,,,,,,,,,,,,,,,
3632,0.0,0.0,rare,,,,,,,,,,,,,,,,,,,,,,,,,,,,,,,,,,,,
3633,0.0,0.0,rare,,,,,,,,,,,,,,,,,,,,,,,,,,,,,,,,,,,,
3634,0.0,0.0,rare,,,,,,,,,,,,,,,,,,,,,,,,,,,,,,,,,,,,
3635,0.0,0.0,rare,,,,,,,,,,,,,,,,,,,,,,,,,,,,,,,,,,,,
3636,0.0,0.0,rare,,,,,,,,,,,,,,,,,,,,,,,,,,,,,,,,,,,,
3637,0.0,0.0,rare,,,,,,,,,,,,,,,,,,,,,,,,,,,,,,,,,,,,
3638,0.0,0.0,rare,,,,,,,,,,,,,,,,,,,,,,,,,,,,,,,,,,,,
3639,0.0,0.0,rare,,,,,,,,,,,,,,,,,,,,,,,,,,,,,,,,,,,,
3640,0.0,0.0,rare,,,,,,,,,,,,,,,,,,,,,,,,,,,,,,,,,,,,
3641,0.0,0.0,rare,,,,,,,,,,,,,,,,,,,,,,,,,,,,,,,,,,,,
3642,0.0,0.0,rare,,,,,,,,,,,,,,,,,,,,,,,,,,,,,,,,,,,,
3643,0.0,0.0,rare,,,,,,,,,,,,,,,,,,,,,,,,,,,,,,,,,,,,
3644,0.0,0.0,rare,,,,,,,,,,,,,,,,,,,,,,,,,,,,,,,,,,,,
3645,0.0,0.0,rare,,,,,,,,,,,,,,,,,,,,,,,,,,,,,,,,,,,,
3646,0.0,0.0,rare,,,,,,,,,,,,,,,,,,,,,,,,,,,,,,,,,,,,
3647,0.0,0.0,rare,,,,,,,,,,,,,,,,,,,,,,,,,,,,,,,,,,,,
3648,0.0,0.0,rare,,,,,,,,,,,,,,,,,,,,,,,,,,,,,,,,,,,,
3649,0.0,0.0,rare,,,,,,,,,,,,,,,,,,,,,,,,,,,,,,,,,,,,
3650,0.003976143141153081,55.35588836669922,rare,,,,,,,,,,,,,,,,,,,,,,,,,,,,,,,,,,,,
3651,0.0,0.0,rare,,,,,,,,,,,,,,,,,,,,,,,,,,,,,,,,,,,,
3652,0.0,0.0,rare,,,,,,,,,,,,,,,,,,,,,,,,,,,,,,,,,,,,
3653,0.0,0.0,rare,,,,,,,,,,,,,,,,,,,,,,,,,,,,,,,,,,,,
3654,0.0,0.0,rare,,,,,,,,,,,,,,,,,,,,,,,,,,,,,,,,,,,,
3655,0.0,0.0,rare,,,,,,,,,,,,,,,,,,,,,,,,,,,,,,,,,,,,
3656,0.0,0.0,rare,,,,,,,,,,,,,,,,,,,,,,,,,,,,,,,,,,,,
3657,0.0,0.0,rare,,,,,,,,,,,,,,,,,,,,,,,,,,,,,,,,,,,,
3658,0.0,0.0,rare,,,,,,,,,,,,,,,,,,,,,,,,,,,,,,,,,,,,
3659,0.01855533465871438,160.11395263671875,imaging,0.4918544307955068,0.5022398088696431,0.5040508564365177,0.01629113840898644,-0.6704279692002307,-0.131554359431868,0.41209499556127466,0.07172268844191947,0.6660794906655194,0.07166411317931187,-0.6701008904486819,-0.13141192902048968,-0.3368329140943753,-0.04133716002918112,-0.37262906681105923,-0.031731360332546206,-0.4593421680832553,-0.04207052600412446,-0.45845425809246887,-0.0728519142549946,-0.764495562589788,-0.06502390802914094,-0.4858494683870454,-0.02526198469025838,-0.8819109585071951,-0.07169249654842269,-0.02828336736869156,0.03143141667924026,-0.6077159887248506,-0.05538646569852584,-0.6143311475493716,-0.05163448446932192,frac_si,-0.6704279692002307,noise_sigma_c2,-0.8819109585071951
3660,0.003976143141153081,49.174617767333984,rare,,,,,,,,,,,,,,,,,,,,,,,,,,,,,,,,,,,,
3661,0.0,0.0,rare,,,,,,,,,,,,,,,,,,,,,,,,,,,,,,,,,,,,
3662,0.0,0.0,rare,,,,,,,,,,,,,,,,,,,,,,,,,,,,,,,,,,,,
3663,0.0,0.0,rare,,,,,,,,,,,,,,,,,,,,,,,,,,,,,,,,,,,,
3664,0.0,0.0,rare,,,,,,,,,,,,,,,,,,,,,,,,,,,,,,,,,,,,
3665,0.0,0.0,rare,,,,,,,,,,,,,,,,,,,,,,,,,,,,,,,,,,,,
3666,0.0,0.0,rare,,,,,,,,,,,,,,,,,,,,,,,,,,,,,,,,,,,,
3667,0.0,0.0,rare,,,,,,,,,,,,,,,,,,,,,,,,,,,,,,,,,,,,
3668,0.0006626905235255136,19.00258445739746,rare,,,,,,,,,,,,,,,,,,,,,,,,,,,,,,,,,,,,
3669,0.0,0.0,rare,,,,,,,,,,,,,,,,,,,,,,,,,,,,,,,,,,,,
3670,0.0,0.0,rare,,,,,,,,,,,,,,,,,,,,,,,,,,,,,,,,,,,,
3671,0.0,0.0,rare,,,,,,,,,,,,,,,,,,,,,,,,,,,,,,,,,,,,
3672,0.0,0.0,rare,,,,,,,,,,,,,,,,,,,,,,,,,,,,,,,,,,,,
3673,0.0,0.0,rare,,,,,,,,,,,,,,,,,,,,,,,,,,,,,,,,,,,,
3674,0.0,0.0,rare,,,,,,,,,,,,,,,,,,,,,,,,,,,,,,,,,,,,
3675,0.0,0.0,rare,,,,,,,,,,,,,,,,,,,,,,,,,,,,,,,,,,,,
3676,0.0,0.0,rare,,,,,,,,,,,,,,,,,,,,,,,,,,,,,,,,,,,,
3677,0.0,0.0,rare,,,,,,,,,,,,,,,,,,,,,,,,,,,,,,,,,,,,
3678,0.0,0.0,rare,,,,,,,,,,,,,,,,,,,,,,,,,,,,,,,,,,,,
3679,0.0,0.0,rare,,,,,,,,,,,,,,,,,,,,,,,,,,,,,,,,,,,,
3680,0.0,0.0,rare,,,,,,,,,,,,,,,,,,,,,,,,,,,,,,,,,,,,
3681,0.0,0.0,rare,,,,,,,,,,,,,,,,,,,,,,,,,,,,,,,,,,,,
3682,0.0,0.0,rare,,,,,,,,,,,,,,,,,,,,,,,,,,,,,,,,,,,,
3683,0.0,0.0,rare,,,,,,,,,,,,,,,,,,,,,,,,,,,,,,,,,,,,
3684,0.0,0.0,rare,,,,,,,,,,,,,,,,,,,,,,,,,,,,,,,,,,,,
3685,0.0,0.0,rare,,,,,,,,,,,,,,,,,,,,,,,,,,,,,,,,,,,,
3686,0.0,0.0,rare,,,,,,,,,,,,,,,,,,,,,,,,,,,,,,,,,,,,
3687,0.0,0.0,rare,,,,,,,,,,,,,,,,,,,,,,,,,,,,,,,,,,,,
3688,0.0,0.0,rare,,,,,,,,,,,,,,,,,,,,,,,,,,,,,,,,,,,,
3689,0.0,0.0,rare,,,,,,,,,,,,,,,,,,,,,,,,,,,,,,,,,,,,
3690,0.0006626905235255136,17.58767318725586,rare,,,,,,,,,,,,,,,,,,,,,,,,,,,,,,,,,,,,
3691,0.0,0.0,rare,,,,,,,,,,,,,,,,,,,,,,,,,,,,,,,,,,,,
3692,0.0,0.0,rare,,,,,,,,,,,,,,,,,,,,,,,,,,,,,,,,,,,,
3693,0.0,0.0,rare,,,,,,,,,,,,,,,,,,,,,,,,,,,,,,,,,,,,
3694,0.0,0.0,rare,,,,,,,,,,,,,,,,,,,,,,,,,,,,,,,,,,,,
3695,0.0,0.0,rare,,,,,,,,,,,,,,,,,,,,,,,,,,,,,,,,,,,,
3696,0.0,0.0,rare,,,,,,,,,,,,,,,,,,,,,,,,,,,,,,,,,,,,
3697,0.0,0.0,rare,,,,,,,,,,,,,,,,,,,,,,,,,,,,,,,,,,,,
3698,0.0026507620941020544,37.695560455322266,rare,,,,,,,,,,,,,,,,,,,,,,,,,,,,,,,,,,,,
3699,0.0,0.0,rare,,,,,,,,,,,,,,,,,,,,,,,,,,,,,,,,,,,,
3700,0.0,0.0,rare,,,,,,,,,,,,,,,,,,,,,,,,,,,,,,,,,,,,
3701,0.07952286282306163,659.6215209960938,imaging,0.4581301573024623,0.49008222266108564,0.5365354052622284,0.08373968539507537,0.49946946629373157,0.1539953468242653,-0.7886804094051053,-0.22571105085220622,0.6736274459709523,0.18068156297428653,0.504819028608018,0.15531282088629403,0.18772948451115035,0.0541765647489594,-0.21727641725388472,0.011308252757272754,-0.024874310401379784,0.0029123517906867345,-0.39276063280103146,-0.11869904324910163,-0.7934323627998731,-0.15008182889705846,-0.5615476480595551,-0.11550716835468886,-1.058310761052279,-0.21434475809544126,-0.9526483335380996,-0.31717111731711833,-0.7612921087887098,-0.18017986514009274,-1.1653213957014454,-0.27181903014889935,frac_graphite,-0.7886804094051053,sharpness_c2,-1.1653213957014454
3702,0.0,0.0,rare,,,,,,,,,,,,,,,,,,,,,,,,,,,,,,,,,,,,
3703,0.0066269052352551355,67.63742065429688,material,0.5090854425742425,0.4974470995679336,0.495521808228854,0.018170885148484972,1.496735675108962,0.06286524517846573,-1.401590689849573,-0.06300889958800251,-0.3101948544109624,-0.012585604454311113,1.4953460837211519,0.06279039274446041,0.8626035382909272,0.026254755284592046,-0.5631614370881691,-0.04964964042799409,-0.6281207125446729,-0.07120730065483222,-0.4773119369499098,-0.04310119948983331,1.1532577839623521,0.0975733063901191,0.6515775452008378,0.05332287114836028,1.0184584724761478,0.08456101889899068,0.2849078812418312,0.039014794815342674,0.524583591896726,0.04690523313673546,-0.04558487593934972,-0.009889675403713724,frac_si,1.496735675108962,noise_sigma_c0,1.1532577839623521
3704,0.0,0.0,rare,,,,,,,,,,,,,,,,,,,,,,,,,,,,,,,,,,,,
3705,0.0,0.0,rare,,,,,,,,,,,,,,,,,,,,,,,,,,,,,,,,,,,,
3706,0.0,0.0,rare,,,,,,,,,,,,,,,,,,,,,,,,,,,,,,,,,,,,
3707,0.0,0.0,rare,,,,,,,,,,,,,,,,,,,,,,,,,,,,,,,,,,,,
3708,0.0,0.0,rare,,,,,,,,,,,,,,,,,,,,,,,,,,,,,,,,,,,,
3709,0.0,0.0,rare,,,,,,,,,,,,,,,,,,,,,,,,,,,,,,,,,,,,
3710,0.0,0.0,rare,,,,,,,,,,,,,,,,,,,,,,,,,,,,,,,,,,,,
3711,0.0019880715705765406,20.003110885620117,rare,,,,,,,,,,,,,,,,,,,,,,,,,,,,,,,,,,,,
3712,0.0,0.0,rare,,,,,,,,,,,,,,,,,,,,,,,,,,,,,,,,,,,,
3713,0.0006626905235255136,15.015544891357422,rare,,,,,,,,,,,,,,,,,,,,,,,,,,,,,,,,,,,,
3714,0.0,0.0,rare,,,,,,,,,,,,,,,,,,,,,,,,,,,,,,,,,,,,
3715,0.003976143141153081,56.57577896118164,rare,,,,,,,,,,,,,,,,,,,,,,,,,,,,,,,,,,,,
3716,0.0,0.0,rare,,,,,,,,,,,,,,,,,,,,,,,,,,,,,,,,,,,,
3717,0.0,0.0,rare,,,,,,,,,,,,,,,,,,,,,,,,,,,,,,,,,,,,
3718,0.0,0.0,rare,,,,,,,,,,,,,,,,,,,,,,,,,,,,,,,,,,,,
3719,0.0,0.0,rare,,,,,,,,,,,,,,,,,,,,,,,,,,,,,,,,,,,,
3720,0.0,0.0,rare,,,,,,,,,,,,,,,,,,,,,,,,,,,,,,,,,,,,
3721,0.0,0.0,rare,,,,,,,,,,,,,,,,,,,,,,,,,,,,,,,,,,,,
3722,0.0,0.0,rare,,,,,,,,,,,,,,,,,,,,,,,,,,,,,,,,,,,,
3723,0.0,0.0,rare,,,,,,,,,,,,,,,,,,,,,,,,,,,,,,,,,,,,
3724,0.0,0.0,rare,,,,,,,,,,,,,,,,,,,,,,,,,,,,,,,,,,,,
3725,0.0,0.0,rare,,,,,,,,,,,,,,,,,,,,,,,,,,,,,,,,,,,,
3726,0.0,0.0,rare,,,,,,,,,,,,,,,,,,,,,,,,,,,,,,,,,,,,
3727,0.0,0.0,rare,,,,,,,,,,,,,,,,,,,,,,,,,,,,,,,,,,,,
3728,0.0,0.0,rare,,,,,,,,,,,,,,,,,,,,,,,,,,,,,,,,,,,,
3729,0.0,0.0,rare,,,,,,,,,,,,,,,,,,,,,,,,,,,,,,,,,,,,
3730,0.0,0.0,rare,,,,,,,,,,,,,,,,,,,,,,,,,,,,,,,,,,,,
3731,0.0,0.0,rare,,,,,,,,,,,,,,,,,,,,,,,,,,,,,,,,,,,,
3732,0.0,0.0,rare,,,,,,,,,,,,,,,,,,,,,,,,,,,,,,,,,,,,
3733,0.0,0.0,rare,,,,,,,,,,,,,,,,,,,,,,,,,,,,,,,,,,,,
3734,0.0,0.0,rare,,,,,,,,,,,,,,,,,,,,,,,,,,,,,,,,,,,,
3735,0.0,0.0,rare,,,,,,,,,,,,,,,,,,,,,,,,,,,,,,,,,,,,
3736,0.0,0.0,rare,,,,,,,,,,,,,,,,,,,,,,,,,,,,,,,,,,,,
3737,0.0,0.0,rare,,,,,,,,,,,,,,,,,,,,,,,,,,,,,,,,,,,,
3738,0.0,0.0,rare,,,,,,,,,,,,,,,,,,,,,,,,,,,,,,,,,,,,
3739,0.0,0.0,rare,,,,,,,,,,,,,,,,,,,,,,,,,,,,,,,,,,,,
3740,0.0026507620941020544,41.90544891357422,rare,,,,,,,,,,,,,,,,,,,,,,,,,,,,,,,,,,,,
3741,0.0,0.0,rare,,,,,,,,,,,,,,,,,,,,,,,,,,,,,,,,,,,,
3742,0.0006626905235255136,8.326037406921387,rare,,,,,,,,,,,,,,,,,,,,,,,,,,,,,,,,,,,,
3743,0.0,0.0,rare,,,,,,,,,,,,,,,,,,,,,,,,,,,,,,,,,,,,
3744,0.0,0.0,rare,,,,,,,,,,,,,,,,,,,,,,,,,,,,,,,,,,,,
3745,0.0,0.0,rare,,,,,,,,,,,,,,,,,,,,,,,,,,,,,,,,,,,,
3746,0.0,0.0,rare,,,,,,,,,,,,,,,,,,,,,,,,,,,,,,,,,,,,
3747,0.0,0.0,rare,,,,,,,,,,,,,,,,,,,,,,,,,,,,,,,,,,,,
3748,0.0,0.0,rare,,,,,,,,,,,,,,,,,,,,,,,,,,,,,,,,,,,,
3749,0.0,0.0,rare,,,,,,,,,,,,,,,,,,,,,,,,,,,,,,,,,,,,
3750,0.0,0.0,rare,,,,,,,,,,,,,,,,,,,,,,,,,,,,,,,,,,,,
3751,0.0,0.0,rare,,,,,,,,,,,,,,,,,,,,,,,,,,,,,,,,,,,,
3752,0.0,0.0,rare,,,,,,,,,,,,,,,,,,,,,,,,,,,,,,,,,,,,
3753,0.0,0.0,rare,,,,,,,,,,,,,,,,,,,,,,,,,,,,,,,,,,,,
3754,0.005301524188204109,61.216217041015625,rare,,,,,,,,,,,,,,,,,,,,,,,,,,,,,,,,,,,,
3755,0.0026507620941020544,48.23641586303711,rare,,,,,,,,,,,,,,,,,,,,,,,,,,,,,,,,,,,,
3756,0.0013253810470510272,20.895217895507812,rare,,,,,,,,,,,,,,,,,,,,,,,,,,,,,,,,,,,,
3757,0.0,0.0,rare,,,,,,,,,,,,,,,,,,,,,,,,,,,,,,,,,,,,
3758,0.0,0.0,rare,,,,,,,,,,,,,,,,,,,,,,,,,,,,,,,,,,,,
3759,0.0,0.0,rare,,,,,,,,,,,,,,,,,,,,,,,,,,,,,,,,,,,,
3760,0.0,0.0,rare,,,,,,,,,,,,,,,,,,,,,,,,,,,,,,,,,,,,
3761,0.004638833664678595,55.95637130737305,rare,,,,,,,,,,,,,,,,,,,,,,,,,,,,,,,,,,,,
3762,0.0,0.0,rare,,,,,,,,,,,,,,,,,,,,,,,,,,,,,,,,,,,,
3763,0.0,0.0,rare,,,,,,,,,,,,,,,,,,,,,,,,,,,,,,,,,,,,
3764,0.0,0.0,rare,,,,,,,,,,,,,,,,,,,,,,,,,,,,,,,,,,,,
3765,0.0,0.0,rare,,,,,,,,,,,,,,,,,,,,,,,,,,,,,,,,,,,,
3766,0.0,0.0,rare,,,,,,,,,,,,,,,,,,,,,,,,,,,,,,,,,,,,
3767,0.0,0.0,rare,,,,,,,,,,,,,,,,,,,,,,,,,,,,,,,,,,,,
3768,0.0,0.0,rare,,,,,,,,,,,,,,,,,,,,,,,,,,,,,,,,,,,,
3769,0.0013253810470510272,25.58344268798828,rare,,,,,,,,,,,,,,,,,,,,,,,,,,,,,,,,,,,,
3770,0.0,0.0,rare,,,,,,,,,,,,,,,,,,,,,,,,,,,,,,,,,,,,
3771,0.0,0.0,rare,,,,,,,,,,,,,,,,,,,,,,,,,,,,,,,,,,,,
3772,0.0,0.0,rare,,,,,,,,,,,,,,,,,,,,,,,,,,,,,,,,,,,,
3773,0.0,0.0,rare,,,,,,,,,,,,,,,,,,,,,,,,,,,,,,,,,,,,
3774,0.0,0.0,rare,,,,,,,,,,,,,,,,,,,,,,,,,,,,,,,,,,,,
3775,0.0006626905235255136,11.484027862548828,rare,,,,,,,,,,,,,,,,,,,,,,,,,,,,,,,,,,,,
3776,0.0,0.0,rare,,,,,,,,,,,,,,,,,,,,,,,,,,,,,,,,,,,,
3777,0.0,0.0,rare,,,,,,,,,,,,,,,,,,,,,,,,,,,,,,,,,,,,
3778,0.0019880715705765406,35.85390090942383,rare,,,,,,,,,,,,,,,,,,,,,,,,,,,,,,,,,,,,
3779,0.0,0.0,rare,,,,,,,,,,,,,,,,,,,,,,,,,,,,,,,,,,,,
3780,0.005964214711729622,15.320093154907227,rare,,,,,,,,,,,,,,,,,,,,,,,,,,,,,,,,,,,,
3781,0.0,0.0,rare,,,,,,,,,,,,,,,,,,,,,,,,,,,,,,,,,,,,
3782,0.0,0.0,rare,,,,,,,,,,,,,,,,,,,,,,,,,,,,,,,,,,,,
3783,0.0,0.0,rare,,,,,,,,,,,,,,,,,,,,,,,,,,,,,,,,,,,,
3784,0.0006626905235255136,17.463716506958008,rare,,,,,,,,,,,,,,,,,,,,,,,,,,,,,,,,,,,,
3785,0.0,0.0,rare,,,,,,,,,,,,,,,,,,,,,,,,,,,,,,,,,,,,
3786,0.032471835652750164,263.3023681640625,imaging,0.5306557890641187,0.5094637945734007,0.4716351757019248,0.0613115781282374,0.5673166928133982,0.07358511917430911,-0.43468348383241495,-0.045314796961262095,-0.3687587417524678,-0.06100559300825171,0.5663337622309518,0.07343897298822169,0.5483363871043065,0.10423389543406433,-0.4076311716231575,-0.05942219484321033,-0.16793293425667438,-0.04174631022922159,-0.392125029535189,-0.05216167836972838,0.8729190754167895,0.17942969032032827,0.7525032664818183,0.1392867486947386,0.8449554636701159,0.1681716920882352,0.322365171151414,0.08457726919014229,0.7484302085883379,0.14671920781209918,0.3636359626229655,0.09470941798390282,frac_si,0.5673166928133982,noise_sigma_c0,0.8729190754167895
3787,0.0,0.0,rare,,,,,,,,,,,,,,,,,,,,,,,,,,,,,,,,,,,,
3788,0.0,0.0,rare,,,,,,,,,,,,,,,,,,,,,,,,,,,,,,,,,,,,
3789,0.0,0.0,rare,,,,,,,,,,,,,,,,,,,,,,,,,,,,,,,,,,,,
3790,0.0006626905235255136,16.42267417907715,rare,,,,,,,,,,,,,,,,,,,,,,,,,,,,,,,,,,,,
3791,0.0,0.0,rare,,,,,,,,,,,,,,,,,,,,,,,,,,,,,,,,,,,,
3792,0.0,0.0,rare,,,,,,,,,,,,,,,,,,,,,,,,,,,,,,,,,,,,
3793,0.0,0.0,rare,,,,,,,,,,,,,,,,,,,,,,,,,,,,,,,,,,,,
3794,0.0,0.0,rare,,,,,,,,,,,,,,,,,,,,,,,,,,,,,,,,,,,,
3795,0.0,0.0,rare,,,,,,,,,,,,,,,,,,,,,,,,,,,,,,,,,,,,
3796,0.0006626905235255136,15.915111541748047,rare,,,,,,,,,,,,,,,,,,,,,,,,,,,,,,,,,,,,
3797,0.0,0.0,rare,,,,,,,,,,,,,,,,,,,,,,,,,,,,,,,,,,,,
3798,0.0,0.0,rare,,,,,,,,,,,,,,,,,,,,,,,,,,,,,,,,,,,,
3799,0.0,0.0,rare,,,,,,,,,,,,,,,,,,,,,,,,,,,,,,,,,,,,
3800,0.0,0.0,rare,,,,,,,,,,,,,,,,,,,,,,,,,,,,,,,,,,,,
3801,0.0,0.0,rare,,,,,,,,,,,,,,,,,,,,,,,,,,,,,,,,,,,,
3802,0.0,0.0,rare,,,,,,,,,,,,,,,,,,,,,,,,,,,,,,,,,,,,
3803,0.0,0.0,rare,,,,,,,,,,,,,,,,,,,,,,,,,,,,,,,,,,,,
3804,0.0,0.0,rare,,,,,,,,,,,,,,,,,,,,,,,,,,,,,,,,,,,,
3805,0.07620941020543406,656.5343017578125,imaging,0.5774233321037499,0.5244705140000098,0.4279454352816528,0.1548466642074997,0.2858176296349822,0.06527582602460892,-0.06303037235226382,-0.007921978638342786,-0.701655696552935,-0.162456410808075,0.28495786710768534,0.0650643953163493,0.1870004647082435,0.05290126479431935,-0.45551903168630703,-0.15120955791689278,-0.19713502556869866,-0.07360513506444107,-0.4028293849500409,-0.13159471339881884,1.08801257045307,0.3422907409913606,1.0638771933811333,0.3102937092505335,1.2518495555854063,0.3628684788634623,0.42469858781271635,0.1356340081704356,0.9649819504383951,0.2698779445824428,1.037875260449642,0.2876496230625847,frac_pore,-0.701655696552935,noise_sigma_c2,1.2518495555854063
3806,0.0,0.0,rare,,,,,,,,,,,,,,,,,,,,,,,,,,,,,,,,,,,,
3807,0.0,0.0,rare,,,,,,,,,,,,,,,,,,,,,,,,,,,,,,,,,,,,
3808,0.0,0.0,rare,,,,,,,,,,,,,,,,,,,,,,,,,,,,,,,,,,,,
3809,0.0,0.0,rare,,,,,,,,,,,,,,,,,,,,,,,,,,,,,,,,,,,,
3810,0.0,0.0,rare,,,,,,,,,,,,,,,,,,,,,,,,,,,,,,,,,,,,
3811,0.0,0.0,rare,,,,,,,,,,,,,,,,,,,,,,,,,,,,,,,,,,,,
3812,0.013916500994035786,122.43757629394531,imaging,0.502425479663869,0.5017557211462041,0.49701748190005307,0.005965036199893858,-0.4728081559930104,-0.04854371064277738,0.7181222129772512,0.09731488685182481,-0.7633533309499524,-0.10033080845592546,-0.47333598708646674,-0.04862147385796062,-0.17338105113599447,-0.021457099677681633,-0.24506824527008048,-0.015672264355705942,0.8004897172169312,0.06195874696949054,-0.3587965253048186,-0.017783348063522424,0.3814109242748464,0.04939126876561026,0.3718022131486553,0.058340755874819454,0.4090349573873321,0.06368160008950684,0.46122136211892995,0.05600526818237264,0.4916815428074962,0.04952248005403793,0.5178813371792402,0.07725332846456462,frac_pore,-0.7633533309499524,p1_c1,0.8004897172169312
3813,0.0,0.0,rare,,,,,,,,,,,,,,,,,,,,,,,,,,,,,,,,,,,,
3814,0.0,0.0,rare,,,,,,,,,,,,,,,,,,,,,,,,,,,,,,,,,,,,
3815,0.0,0.0,rare,,,,,,,,,,,,,,,,,,,,,,,,,,,,,,,,,,,,
3816,0.0,0.0,rare,,,,,,,,,,,,,,,,,,,,,,,,,,,,,,,,,,,,
3817,0.0,0.0,rare,,,,,,,,,,,,,,,,,,,,,,,,,,,,,,,,,,,,
3818,0.0,0.0,rare,,,,,,,,,,,,,,,,,,,,,,,,,,,,,,,,,,,,
3819,0.0,0.0,rare,,,,,,,,,,,,,,,,,,,,,,,,,,,,,,,,,,,,
3820,0.0,0.0,rare,,,,,,,,,,,,,,,,,,,,,,,,,,,,,,,,,,,,
3821,0.0,0.0,rare,,,,,,,,,,,,,,,,,,,,,,,,,,,,,,,,,,,,
3822,0.0,0.0,rare,,,,,,,,,,,,,,,,,,,,,,,,,,,,,,,,,,,,
3823,0.0019880715705765406,29.694313049316406,rare,,,,,,,,,,,,,,,,,,,,,,,,,,,,,,,,,,,,
3824,0.0,0.0,rare,,,,,,,,,,,,,,,,,,,,,,,,,,,,,,,,,,,,
3825,0.0,0.0,rare,,,,,,,,,,,,,,,,,,,,,,,,,,,,,,,,,,,,
3826,0.0,0.0,rare,,,,,,,,,,,,,,,,,,,,,,,,,,,,,,,,,,,,
3827,0.0,0.0,rare,,,,,,,,,,,,,,,,,,,,,,,,,,,,,,,,,,,,
3828,0.0006626905235255136,18.279949188232422,rare,,,,,,,,,,,,,,,,,,,,,,,,,,,,,,,,,,,,
3829,0.0,0.0,rare,,,,,,,,,,,,,,,,,,,,,,,,,,,,,,,,,,,,
3830,0.0006626905235255136,15.324195861816406,rare,,,,,,,,,,,,,,,,,,,,,,,,,,,,,,,,,,,,
3831,0.0,0.0,rare,,,,,,,,,,,,,,,,,,,,,,,,,,,,,,,,,,,,
3832,0.0,0.0,rare,,,,,,,,,,,,,,,,,,,,,,,,,,,,,,,,,,,,
3833,0.0,0.0,rare,,,,,,,,,,,,,,,,,,,,,,,,,,,,,,,,,,,,
3834,0.0,0.0,rare,,,,,,,,,,,,,,,,,,,,,,,,,,,,,,,,,,,,
3835,0.0,0.0,rare,,,,,,,,,,,,,,,,,,,,,,,,,,,,,,,,,,,,
3836,0.0,0.0,rare,,,,,,,,,,,,,,,,,,,,,,,,,,,,,,,,,,,,
3837,0.0,0.0,rare,,,,,,,,,,,,,,,,,,,,,,,,,,,,,,,,,,,,
3838,0.0,0.0,rare,,,,,,,,,,,,,,,,,,,,,,,,,,,,,,,,,,,,
3839,0.0066269052352551355,71.2835922241211,imaging,0.49573014517506403,0.4974519163612016,0.5048525516510682,0.009705103302136475,-0.45793754829407873,-0.022498835231229145,0.6642191243540456,0.05215794949157067,-0.6960098325204653,-0.06609472018192444,-0.45847188592831767,-0.022555073779703352,-0.3368328830203467,-0.028417121248368652,0.8038671281073992,0.07906347383713372,0.7478064613715384,0.0654702913134031,0.6889811900120766,0.09559270882386557,-0.8639342111331872,-0.06236891577407667,-0.950531606754487,-0.059131071121366854,-0.7777189077307587,-0.049686247712813186,-0.09816250952655252,-0.014278404622933196,-0.5553525234765615,-0.03136610389403463,0.08558674780625401,0.015039854261707538,frac_pore,-0.6960098325204653,noise_sigma_c1,-0.950531606754487
3840,0.0,0.0,rare,,,,,,,,,,,,,,,,,,,,,,,,,,,,,,,,,,,,
3841,0.0,0.0,rare,,,,,,,,,,,,,,,,,,,,,,,,,,,,,,,,,,,,
3842,0.0,0.0,rare,,,,,,,,,,,,,,,,,,,,,,,,,,,,,,,,,,,,
3843,0.0,0.0,rare,,,,,,,,,,,,,,,,,,,,,,,,,,,,,,,,,,,,
3844,0.0,0.0,rare,,,,,,,,,,,,,,,,,,,,,,,,,,,,,,,,,,,,
3845,0.0,0.0,rare,,,,,,,,,,,,,,,,,,,,,,,,,,,,,,,,,,,,
3846,0.0,0.0,rare,,,,,,,,,,,,,,,,,,,,,,,,,,,,,,,,,,,,
3847,0.0,0.0,rare,,,,,,,,,,,,,,,,,,,,,,,,,,,,,,,,,,,,
3848,0.0,0.0,rare,,,,,,,,,,,,,,,,,,,,,,,,,,,,,,,,,,,,
3849,0.0,0.0,rare,,,,,,,,,,,,,,,,,,,,,,,,,,,,,,,,,,,,
3850,0.0,0.0,rare,,,,,,,,,,,,,,,,,,,,,,,,,,,,,,,,,,,,
3851,0.0,0.0,rare,,,,,,,,,,,,,,,,,,,,,,,,,,,,,,,,,,,,
3852,0.0,0.0,rare,,,,,,,,,,,,,,,,,,,,,,,,,,,,,,,,,,,,
3853,0.0,0.0,rare,,,,,,,,,,,,,,,,,,,,,,,,,,,,,,,,,,,,
3854,0.0,0.0,rare,,,,,,,,,,,,,,,,,,,,,,,,,,,,,,,,,,,,
3855,0.0,0.0,rare,,,,,,,,,,,,,,,,,,,,,,,,,,,,,,,,,,,,
3856,0.0,0.0,rare,,,,,,,,,,,,,,,,,,,,,,,,,,,,,,,,,,,,
3857,0.0,0.0,rare,,,,,,,,,,,,,,,,,,,,,,,,,,,,,,,,,,,,
3858,0.0,0.0,rare,,,,,,,,,,,,,,,,,,,,,,,,,,,,,,,,,,,,
3859,0.0,0.0,rare,,,,,,,,,,,,,,,,,,,,,,,,,,,,,,,,,,,,
3860,0.0,0.0,rare,,,,,,,,,,,,,,,,,,,,,,,,,,,,,,,,,,,,
3861,0.0,0.0,rare,,,,,,,,,,,,,,,,,,,,,,,,,,,,,,,,,,,,
3862,0.0,0.0,rare,,,,,,,,,,,,,,,,,,,,,,,,,,,,,,,,,,,,
3863,0.0,0.0,rare,,,,,,,,,,,,,,,,,,,,,,,,,,,,,,,,,,,,
3864,0.0,0.0,rare,,,,,,,,,,,,,,,,,,,,,,,,,,,,,,,,,,,,
3865,0.0,0.0,rare,,,,,,,,,,,,,,,,,,,,,,,,,,,,,,,,,,,,
3866,0.0,0.0,rare,,,,,,,,,,,,,,,,,,,,,,,,,,,,,,,,,,,,
3867,0.005301524188204109,59.60538101196289,rare,,,,,,,,,,,,,,,,,,,,,,,,,,,,,,,,,,,,
3868,0.0,0.0,rare,,,,,,,,,,,,,,,,,,,,,,,,,,,,,,,,,,,,
3869,0.0,0.0,rare,,,,,,,,,,,,,,,,,,,,,,,,,,,,,,,,,,,,
3870,0.0,0.0,rare,,,,,,,,,,,,,,,,,,,,,,,,,,,,,,,,,,,,
3871,0.0,0.0,rare,,,,,,,,,,,,,,,,,,,,,,,,,,,,,,,,,,,,
3872,0.0,0.0,rare,,,,,,,,,,,,,,,,,,,,,,,,,,,,,,,,,,,,
3873,0.0,0.0,rare,,,,,,,,,,,,,,,,,,,,,,,,,,,,,,,,,,,,
3874,0.0,0.0,rare,,,,,,,,,,,,,,,,,,,,,,,,,,,,,,,,,,,,
3875,0.0,0.0,rare,,,,,,,,,,,,,,,,,,,,,,,,,,,,,,,,,,,,
3876,0.0026507620941020544,42.82377243041992,rare,,,,,,,,,,,,,,,,,,,,,,,,,,,,,,,,,,,,
3877,0.0,0.0,rare,,,,,,,,,,,,,,,,,,,,,,,,,,,,,,,,,,,,
3878,0.06295559973492379,537.2896118164062,imaging,0.5133578239404948,0.5256217275910735,0.4718779798693273,0.05624404026134544,-0.5156731714500494,-0.1440193461756522,0.7590516262295182,0.2142675922684569,-0.7714911142297783,-0.19141349653771725,-0.5161822472834787,-0.14416979127529542,-0.20042027223824102,-0.028055121128663173,-0.019494263164649424,0.0027718626056873704,0.7982350697487556,0.0903639392583727,-0.0876758523939428,0.007919110758530285,0.54395641163546,0.13630827524843,0.5028122129797273,0.12095071293970548,0.5782447726538165,0.15540692143881274,1.3823976846114816,0.1883718727685094,0.9978189025399312,0.13697759628286846,1.4256673204065076,0.23719404089379903,frac_pore,-0.7714911142297783,sharpness_c2,1.4256673204065076
3879,0.005964214711729622,53.77043914794922,rare,,,,,,,,,,,,,,,,,,,,,,,,,,,,,,,,,,,,
3880,0.0,0.0,rare,,,,,,,,,,,,,,,,,,,,,,,,,,,,,,,,,,,,
3881,0.0,0.0,rare,,,,,,,,,,,,,,,,,,,,,,,,,,,,,,,,,,,,
3882,0.0,0.0,rare,,,,,,,,,,,,,,,,,,,,,,,,,,,,,,,,,,,,
3883,0.0,0.0,rare,,,,,,,,,,,,,,,,,,,,,,,,,,,,,,,,,,,,
3884,0.0,0.0,rare,,,,,,,,,,,,,,,,,,,,,,,,,,,,,,,,,,,,
3885,0.0,0.0,rare,,,,,,,,,,,,,,,,,,,,,,,,,,,,,,,,,,,,
3886,0.0,0.0,rare,,,,,,,,,,,,,,,,,,,,,,,,,,,,,,,,,,,,
3887,0.0,0.0,rare,,,,,,,,,,,,,,,,,,,,,,,,,,,,,,,,,,,,
3888,0.0,0.0,rare,,,,,,,,,,,,,,,,,,,,,,,,,,,,,,,,,,,,
3889,0.0,0.0,rare,,,,,,,,,,,,,,,,,,,,,,,,,,,,,,,,,,,,
3890,0.0,0.0,rare,,,,,,,,,,,,,,,,,,,,,,,,,,,,,,,,,,,,
3891,0.0006626905235255136,19.989517211914062,rare,,,,,,,,,,,,,,,,,,,,,,,,,,,,,,,,,,,,
3892,0.0,0.0,rare,,,,,,,,,,,,,,,,,,,,,,,,,,,,,,,,,,,,
3893,0.0,0.0,rare,,,,,,,,,,,,,,,,,,,,,,,,,,,,,,,,,,,,
3894,0.0,0.0,rare,,,,,,,,,,,,,,,,,,,,,,,,,,,,,,,,,,,,
3895,0.0,0.0,rare,,,,,,,,,,,,,,,,,,,,,,,,,,,,,,,,,,,,
3896,0.004638833664678595,53.53327178955078,rare,,,,,,,,,,,,,,,,,,,,,,,,,,,,,,,,,,,,
3897,0.0,0.0,rare,,,,,,,,,,,,,,,,,,,,,,,,,,,,,,,,,,,,
3898,0.0,0.0,rare,,,,,,,,,,,,,,,,,,,,,,,,,,,,,,,,,,,,
3899,0.0,0.0,rare,,,,,,,,,,,,,,,,,,,,,,,,,,,,,,,,,,,,
3900,0.0,0.0,rare,,,,,,,,,,,,,,,,,,,,,,,,,,,,,,,,,,,,
3901,0.0,0.0,rare,,,,,,,,,,,,,,,,,,,,,,,,,,,,,,,,,,,,
3902,0.0,0.0,rare,,,,,,,,,,,,,,,,,,,,,,,,,,,,,,,,,,,,
3903,0.0,0.0,rare,,,,,,,,,,,,,,,,,,,,,,,,,,,,,,,,,,,,
3904,0.0,0.0,rare,,,,,,,,,,,,,,,,,,,,,,,,,,,,,,,,,,,,
3905,0.0,0.0,rare,,,,,,,,,,,,,,,,,,,,,,,,,,,,,,,,,,,,
3906,0.0,0.0,rare,,,,,,,,,,,,,,,,,,,,,,,,,,,,,,,,,,,,
3907,0.0,0.0,rare,,,,,,,,,,,,,,,,,,,,,,,,,,,,,,,,,,,,
3908,0.0,0.0,rare,,,,,,,,,,,,,,,,,,,,,,,,,,,,,,,,,,,,
3909,0.0,0.0,rare,,,,,,,,,,,,,,,,,,,,,,,,,,,,,,,,,,,,
3910,0.0,0.0,rare,,,,,,,,,,,,,,,,,,,,,,,,,,,,,,,,,,,,
3911,0.0,0.0,rare,,,,,,,,,,,,,,,,,,,,,,,,,,,,,,,,,,,,
3912,0.0,0.0,rare,,,,,,,,,,,,,,,,,,,,,,,,,,,,,,,,,,,,
3913,0.0,0.0,rare,,,,,,,,,,,,,,,,,,,,,,,,,,,,,,,,,,,,
3914,0.0,0.0,rare,,,,,,,,,,,,,,,,,,,,,,,,,,,,,,,,,,,,
3915,0.0,0.0,rare,,,,,,,,,,,,,,,,,,,,,,,,,,,,,,,,,,,,
3916,0.0,0.0,rare,,,,,,,,,,,,,,,,,,,,,,,,,,,,,,,,,,,,
3917,0.0,0.0,rare,,,,,,,,,,,,,,,,,,,,,,,,,,,,,,,,,,,,
3918,0.0,0.0,rare,,,,,,,,,,,,,,,,,,,,,,,,,,,,,,,,,,,,
3919,0.0,0.0,rare,,,,,,,,,,,,,,,,,,,,,,,,,,,,,,,,,,,,
3920,0.0,0.0,rare,,,,,,,,,,,,,,,,,,,,,,,,,,,,,,,,,,,,
3921,0.0,0.0,rare,,,,,,,,,,,,,,,,,,,,,,,,,,,,,,,,,,,,
3922,0.0,0.0,rare,,,,,,,,,,,,,,,,,,,,,,,,,,,,,,,,,,,,
3923,0.0,0.0,rare,,,,,,,,,,,,,,,,,,,,,,,,,,,,,,,,,,,,
3924,0.0,0.0,rare,,,,,,,,,,,,,,,,,,,,,,,,,,,,,,,,,,,,
3925,0.0,0.0,rare,,,,,,,,,,,,,,,,,,,,,,,,,,,,,,,,,,,,
3926,0.0,0.0,rare,,,,,,,,,,,,,,,,,,,,,,,,,,,,,,,,,,,,
3927,0.0,0.0,rare,,,,,,,,,,,,,,,,,,,,,,,,,,,,,,,,,,,,
3928,0.0,0.0,rare,,,,,,,,,,,,,,,,,,,,,,,,,,,,,,,,,,,,
3929,0.0,0.0,rare,,,,,,,,,,,,,,,,,,,,,,,,,,,,,,,,,,,,
3930,0.019880715705765408,202.45606994628906,imaging,0.48719043552519214,0.4905374096249163,0.5158908705633056,0.03178174112661125,1.362969090912538,0.1419652438008726,-1.049163474647542,-0.11193413123128575,-0.6333376939936954,-0.08811567326089181,1.361638028214797,0.14186704033732456,1.128264000465491,0.16784183940436367,1.805188986648666,0.16978950190297676,0.5306274876402778,0.08576363949107173,1.8454539713419125,0.16611005306363266,-1.0152207279183263,-0.10497666835649311,-1.2856768119209516,-0.14084484254925678,-0.7677076864306579,-0.08892920947658282,-0.7190082676867083,-0.11462320352052173,-0.7605133192152148,-0.10821669040595985,-0.252625483965013,-0.05791786197697003,frac_si,1.362969090912538,p1_c2,1.8454539713419125
3931,0.0,0.0,rare,,,,,,,,,,,,,,,,,,,,,,,,,,,,,,,,,,,,
3932,0.0,0.0,rare,,,,,,,,,,,,,,,,,,,,,,,,,,,,,,,,,,,,
3933,0.0,0.0,rare,,,,,,,,,,,,,,,,,,,,,,,,,,,,,,,,,,,,
3934,0.0,0.0,rare,,,,,,,,,,,,,,,,,,,,,,,,,,,,,,,,,,,,
3935,0.0,0.0,rare,,,,,,,,,,,,,,,,,,,,,,,,,,,,,,,,,,,,
3936,0.0,0.0,rare,,,,,,,,,,,,,,,,,,,,,,,,,,,,,,,,,,,,
3937,0.0,0.0,rare,,,,,,,,,,,,,,,,,,,,,,,,,,,,,,,,,,,,
3938,0.0,0.0,rare,,,,,,,,,,,,,,,,,,,,,,,,,,,,,,,,,,,,
3939,0.0,0.0,rare,,,,,,,,,,,,,,,,,,,,,,,,,,,,,,,,,,,,
3940,0.0,0.0,rare,,,,,,,,,,,,,,,,,,,,,,,,,,,,,,,,,,,,
3941,0.0,0.0,rare,,,,,,,,,,,,,,,,,,,,,,,,,,,,,,,,,,,,
3942,0.0,0.0,rare,,,,,,,,,,,,,,,,,,,,,,,,,,,,,,,,,,,,
3943,0.0,0.0,rare,,,,,,,,,,,,,,,,,,,,,,,,,,,,,,,,,,,,
3944,0.0,0.0,rare,,,,,,,,,,,,,,,,,,,,,,,,,,,,,,,,,,,,
3945,0.0,0.0,rare,,,,,,,,,,,,,,,,,,,,,,,,,,,,,,,,,,,,
3946,0.0,0.0,rare,,,,,,,,,,,,,,,,,,,,,,,,,,,,,,,,,,,,
3947,0.0,0.0,rare,,,,,,,,,,,,,,,,,,,,,,,,,,,,,,,,,,,,
3948,0.0,0.0,rare,,,,,,,,,,,,,,,,,,,,,,,,,,,,,,,,,,,,
3949,0.0,0.0,rare,,,,,,,,,,,,,,,,,,,,,,,,,,,,,,,,,,,,
3950,0.0,0.0,rare,,,,,,,,,,,,,,,,,,,,,,,,,,,,,,,,,,,,
3951,0.0,0.0,rare,,,,,,,,,,,,,,,,,,,,,,,,,,,,,,,,,,,,
3952,0.0,0.0,rare,,,,,,,,,,,,,,,,,,,,,,,,,,,,,,,,,,,,
3953,0.0013253810470510272,23.788820266723633,rare,,,,,,,,,,,,,,,,,,,,,,,,,,,,,,,,,,,,
3954,0.0,0.0,rare,,,,,,,,,,,,,,,,,,,,,,,,,,,,,,,,,,,,
3955,0.0,0.0,rare,,,,,,,,,,,,,,,,,,,,,,,,,,,,,,,,,,,,
3956,0.0,0.0,rare,,,,,,,,,,,,,,,,,,,,,,,,,,,,,,,,,,,,
3957,0.017892644135188866,184.69039916992188,material,0.5170225721201218,0.4918499857904599,0.4940782270881159,0.03404514424024363,0.2123622462819839,0.034154470795554,-0.7625964995728487,-0.09754429540225151,1.4999597524400594,0.13363834017234294,0.21153462361695152,0.03411967821331355,0.2747750539527636,0.05554213917794702,-0.4547286318906656,-0.05272500114958205,-0.447134253576327,-0.06475048660668166,-0.4936145789153027,-0.09072112218383634,-0.3518013714472558,0.001187026888592249,-0.16878728769447593,0.006034809380057911,-0.7430257013896366,-0.03203907936912131,-0.23869304367221159,-0.010896820286155967,-0.3193337483003133,-0.016981486149129716,-1.179187261620813,-0.12642287692046247,frac_pore,1.4999597524400594,sharpness_c2,-1.179187261620813
3958,0.013253810470510271,117.9096450805664,material,0.4914602903501281,0.5185639212550636,0.4923574077344164,0.03712784251012713,-0.38375525034333013,-0.01977363835352222,0.008911893246280566,-0.04344308265889733,1.3121273311127595,0.11678133560765117,-0.3843220459538441,-0.01986658932821362,-0.33320456823906364,-0.0177374764417058,-0.5794985864572894,-0.08867357994589083,-0.6820788090334305,-0.08958266861033706,-0.49233692928330886,-0.07573511598671481,0.21389371871422008,0.006704457899581553,0.26739804359969355,0.018903491547514178,0.1373474615684216,-0.0033077998407663204,0.45071927008807333,0.016334748729965813,-0.29910761332391517,-0.04270181881456057,-0.10482610204161888,-0.009415479634374963,frac_pore,1.3121273311127595,p1_c1,-0.6820788090334305
3959,0.0006626905235255136,16.497514724731445,rare,,,,,,,,,,,,,,,,,,,,,,,,,,,,,,,,,,,,
3960,0.007952286282306162,96.50751495361328,imaging,0.49487617421007685,0.4965848935729527,0.5060851138972275,0.01217022779445509,-0.24511550590266046,-0.009924693662866241,0.4271401509663072,0.031037095585258734,-0.5018319499561301,-0.04474600445816161,-0.24574296236381288,-0.009976020939965071,-0.3368328751859415,-0.029814417850313527,0.03290162766677777,0.06185935083868558,1.206892078341528,0.09437124471252209,-0.37426817616537544,-0.013177922341827516,-1.1089043511701204,-0.07436441654455063,-0.5995655686394217,-0.05772401489806136,-1.2231660947410983,-0.09105332910857923,-0.5995092474399699,-0.07873345261679854,-0.6174828438186865,-0.07031911269942254,-1.4320490280837528,-0.11280934208543936,frac_pore,-0.5018319499561301,sharpness_c2,-1.4320490280837528
3961,0.0,0.0,rare,,,,,,,,,,,,,,,,,,,,,,,,,,,,,,,,,,,,
3962,0.0,0.0,rare,,,,,,,,,,,,,,,,,,,,,,,,,,,,,,,,,,,,
3963,0.0,0.0,rare,,,,,,,,,,,,,,,,,,,,,,,,,,,,,,,,,,,,
3964,0.0,0.0,rare,,,,,,,,,,,,,,,,,,,,,,,,,,,,,,,,,,,,
3965,0.0,0.0,rare,,,,,,,,,,,,,,,,,,,,,,,,,,,,,,,,,,,,
3966,0.0,0.0,rare,,,,,,,,,,,,,,,,,,,,,,,,,,,,,,,,,,,,
3967,0.0,0.0,rare,,,,,,,,,,,,,,,,,,,,,,,,,,,,,,,,,,,,
3968,0.0,0.0,rare,,,,,,,,,,,,,,,,,,,,,,,,,,,,,,,,,,,,
3969,0.0,0.0,rare,,,,,,,,,,,,,,,,,,,,,,,,,,,,,,,,,,,,
3970,0.0,0.0,rare,,,,,,,,,,,,,,,,,,,,,,,,,,,,,,,,,,,,
3971,0.0,0.0,rare,,,,,,,,,,,,,,,,,,,,,,,,,,,,,,,,,,,,
3972,0.0,0.0,rare,,,,,,,,,,,,,,,,,,,,,,,,,,,,,,,,,,,,
3973,0.015241882041086813,111.93643188476562,mixed,0.5111862616789372,0.4935840313669578,0.49688592618753313,0.02237252335787443,0.011731479344788642,0.009933815574928565,-0.08498087900496903,-0.018411292083925404,0.2982783077156198,0.05444205141719076,0.010991641303059052,0.009884048096511904,0.021315625280010554,-0.006413463740255425,-0.44261440521991896,-0.04927982964599364,-0.34354179930013196,-0.043538183382176014,-0.46339354434085656,-0.07049285157439308,0.031195097616162654,0.01649980088343333,0.19136620227748746,0.03073925122901821,-0.07900762940717364,0.002823765689051093,-0.48762550729042026,-0.04543081777054346,-0.08460267922528167,0.010841374926827735,-0.024654208004018328,0.02175765409608901,frac_pore,0.2982783077156198,sharpness_c0,-0.48762550729042026
3974,0.0,0.0,rare,,,,,,,,,,,,,,,,,,,,,,,,,,,,,,,,,,,,
3975,0.0,0.0,rare,,,,,,,,,,,,,,,,,,,,,,,,,,,,,,,,,,,,
3976,0.0,0.0,rare,,,,,,,,,,,,,,,,,,,,,,,,,,,,,,,,,,,,
3977,0.013253810470510271,117.8913803100586,imaging,0.5067155468193371,0.5076635180894672,0.4896874448172347,0.020625110365530608,-0.4882230544622127,-0.032624514498066005,0.6680645723278089,0.05873915222876942,-0.5438370139732075,-0.04824379787823786,-0.4887441408929757,-0.032743876789186395,-0.15849183712352125,0.0004796358881185886,-0.33894313146040944,-0.04853051105451964,0.22268027617059638,0.001007904737324218,-0.3665260893287025,-0.03934862004569199,0.6315113354479757,0.06979072088939443,0.5633200382302322,0.07436959860736811,0.6893063487956561,0.08582197645034578,0.925136192175646,0.05809296032728245,0.7234706626103491,0.07623756042921363,1.2863753465178307,0.15621201418498948,frac_graphite,0.6680645723278089,sharpness_c2,1.2863753465178307
3978,0.0,0.0,rare,,,,,,,,,,,,,,,,,,,,,,,,,,,,,,,,,,,,
3979,0.0,0.0,rare,,,,,,,,,,,,,,,,,,,,,,,,,,,,,,,,,,,,
3980,0.013253810470510271,118.94969177246094,imaging,0.5239010808543753,0.49128160418482997,0.4896874448172347,0.04780216170875051,0.5281440828820468,0.06327992003003526,-0.6936623041930688,-0.07284273216731112,0.19609950594704162,0.013771369112943863,0.5271782920593859,0.06321357412970845,0.4804728788903463,0.05221611046835718,-0.5813150072604424,-0.07390498957355628,-0.9421076730288277,-0.10302150756501616,-0.4687977042336083,-0.0546899204913676,0.9187033034747034,0.11833754126544509,0.4955306736071616,0.04760890779946496,0.9261902335946083,0.11689259026988547,0.734815892048306,0.10485533498020742,0.2996677770934226,0.05318379093185444,-0.10668174739499552,-0.015857735279735965,frac_graphite,-0.6936623041930688,p1_c1,-0.9421076730288277
3981,0.0,0.0,rare,,,,,,,,,,,,,,,,,,,,,,,,,,,,,,,,,,,,
3982,0.0,0.0,rare,,,,,,,,,,,,,,,,,,,,,,,,,,,,,,,,,,,,
3983,0.0,0.0,rare,,,,,,,,,,,,,,,,,,,,,,,,,,,,,,,,,,,,
3984,0.0,0.0,rare,,,,,,,,,,,,,,,,,,,,,,,,,,,,,,,,,,,,
3985,0.0013253810470510272,20.634143829345703,rare,,,,,,,,,,,,,,,,,,,,,,,,,,,,,,,,,,,,
3986,0.0,0.0,rare,,,,,,,,,,,,,,,,,,,,,,,,,,,,,,,,,,,,
3987,0.0,0.0,rare,,,,,,,,,,,,,,,,,,,,,,,,,,,,,,,,,,,,
3988,0.0,0.0,rare,,,,,,,,,,,,,,,,,,,,,,,,,,,,,,,,,,,,
3989,0.0,0.0,rare,,,,,,,,,,,,,,,,,,,,,,,,,,,,,,,,,,,,
3990,0.0,0.0,rare,,,,,,,,,,,,,,,,,,,,,,,,,,,,,,,,,,,,
3991,0.0,0.0,rare,,,,,,,,,,,,,,,,,,,,,,,,,,,,,,,,,,,,
3992,0.0,0.0,rare,,,,,,,,,,,,,,,,,,,,,,,,,,,,,,,,,,,,
3993,0.0,0.0,rare,,,,,,,,,,,,,,,,,,,,,,,,,,,,,,,,,,,,
3994,0.0,0.0,rare,,,,,,,,,,,,,,,,,,,,,,,,,,,,,,,,,,,,
3995,0.0,0.0,rare,,,,,,,,,,,,,,,,,,,,,,,,,,,,,,,,,,,,
3996,0.0,0.0,rare,,,,,,,,,,,,,,,,,,,,,,,,,,,,,,,,,,,,
3997,0.0,0.0,rare,,,,,,,,,,,,,,,,,,,,,,,,,,,,,,,,,,,,
3998,0.0,0.0,rare,,,,,,,,,,,,,,,,,,,,,,,,,,,,,,,,,,,,
3999,0.0,0.0,rare,,,,,,,,,,,,,,,,,,,,,,,,,,,,,,,,,,,,
4000,0.0066269052352551355,66.59175109863281,imaging,0.5071551650084134,0.5011078624516515,0.4941868267702631,0.0143103300168268,-0.3615793100308141,-0.01391599865355453,0.4842733921519297,0.02716553346049093,-0.43532921321460943,-0.019370537217435643,-0.36215580859141755,-0.01393476138713967,-0.1534030696083791,-0.0034011214091624205,-0.6275114916479843,-0.0678300898965765,-0.623779125774279,-0.05243902576588011,-0.43225628245481656,-0.04426694075040277,0.6696398228652382,0.06440127881256275,0.4492090473583263,0.05369292260134773,0.7733169647709304,0.07445795071931811,0.4568621168179149,0.035310353878270986,0.016611134024086493,0.027984920582405218,0.7071957680567053,0.08991678741990608,frac_graphite,0.4842733921519297,noise_sigma_c2,0.7733169647709304
4001,0.0,0.0,rare,,,,,,,,,,,,,,,,,,,,,,,,,,,,,,,,,,,,
4002,0.0,0.0,rare,,,,,,,,,,,,,,,,,,,,,,,,,,,,,,,,,,,,
4003,0.0,0.0,rare,,,,,,,,,,,,,,,,,,,,,,,,,,,,,,,,,,,,
4004,0.0,0.0,rare,,,,,,,,,,,,,,,,,,,,,,,,,,,,,,,,,,,,
4005,0.017892644135188866,136.08419799804688,imaging,0.4979749771348011,0.504548257043356,0.49808052269115305,0.009096514086712082,0.41214938386058275,0.10569880242181497,-0.3074371686266398,-0.08324343834635163,-0.2802329525837635,-0.023281728659541267,0.4112343456437319,0.10560086983331365,-0.21982045943051334,-0.015027117428044735,-0.3571233822065152,-0.03935993333619506,-0.040557645672078625,-0.010378101201966382,-0.39170384427036253,-0.043548730512334675,0.3382087537583018,0.07369592759780429,0.45901502834314295,0.07856365718195664,0.32782264913242165,0.07482496089772367,-0.6484807146718693,-0.08670668246749712,0.37754518244028484,0.06598571674893913,0.20407865724564864,0.061226491111768845,frac_si,0.41214938386058275,sharpness_c0,-0.6484807146718693
4006,0.0,0.0,rare,,,,,,,,,,,,,,,,,,,,,,,,,,,,,,,,,,,,
4007,0.003976143141153081,47.37630081176758,rare,,,,,,,,,,,,,,,,,,,,,,,,,,,,,,,,,,,,
4008,0.0,0.0,rare,,,,,,,,,,,,,,,,,,,,,,,,,,,,,,,,,,,,
4009,0.0,0.0,rare,,,,,,,,,,,,,,,,,,,,,,,,,,,,,,,,,,,,
4010,0.0,0.0,rare,,,,,,,,,,,,,,,,,,,,,,,,,,,,,,,,,,,,
4011,0.003976143141153081,60.20054626464844,rare,,,,,,,,,,,,,,,,,,,,,,,,,,,,,,,,,,,,
4012,0.0,0.0,rare,,,,,,,,,,,,,,,,,,,,,,,,,,,,,,,,,,,,
4013,0.0,0.0,rare,,,,,,,,,,,,,,,,,,,,,,,,,,,,,,,,,,,,
4014,0.0,0.0,rare,,,,,,,,,,,,,,,,,,,,,,,,,,,,,,,,,,,,
4015,0.0,0.0,rare,,,,,,,,,,,,,,,,,,,,,,,,,,,,,,,,,,,,
4016,0.0,0.0,rare,,,,,,,,,,,,,,,,,,,,,,,,,,,,,,,,,,,,
4017,0.0,0.0,rare,,,,,,,,,,,,,,,,,,,,,,,,,,,,,,,,,,,,
4018,0.0,0.0,rare,,,,,,,,,,,,,,,,,,,,,,,,,,,,,,,,,,,,
4019,0.0,0.0,rare,,,,,,,,,,,,,,,,,,,,,,,,,,,,,,,,,,,,
4020,0.0,0.0,rare,,,,,,,,,,,,,,,,,,,,,,,,,,,,,,,,,,,,
4021,0.0,0.0,rare,,,,,,,,,,,,,,,,,,,,,,,,,,,,,,,,,,,,
4022,0.0,0.0,rare,,,,,,,,,,,,,,,,,,,,,,,,,,,,,,,,,,,,
4023,0.0026507620941020544,40.28571319580078,rare,,,,,,,,,,,,,,,,,,,,,,,,,,,,,,,,,,,,
4024,0.0,0.0,rare,,,,,,,,,,,,,,,,,,,,,,,,,,,,,,,,,,,,
4025,0.010603048376408217,95.88343811035156,imaging,0.5027286646218525,0.5002841908028148,0.4978845135087409,0.005457329243705011,-0.7516355888604351,-0.10909210204646876,0.8215613928149395,0.11075791743561579,-0.23606908876290628,-0.012934105452957029,-0.7520414209469517,-0.10910684652107189,-0.3368329066805633,-0.03367006446576788,-0.5065819180003299,-0.052480450389963545,-0.005303734501123258,0.0035417027820493596,-0.4023665903064245,-0.028803504828477842,0.499302269883489,0.0307585487621287,0.7294542931947662,0.07947679254944379,0.39397126648613756,0.024529794286925217,0.932284584498988,0.10451982447041717,0.488899737187848,0.0605514894456428,0.29550089889194464,0.04271413910039277,frac_graphite,0.8215613928149395,sharpness_c0,0.932284584498988
4026,0.0,0.0,rare,,,,,,,,,,,,,,,,,,,,,,,,,,,,,,,,,,,,
4027,0.0,0.0,rare,,,,,,,,,,,,,,,,,,,,,,,,,,,,,,,,,,,,
4028,0.0026507620941020544,43.74547576904297,rare,,,,,,,,,,,,,,,,,,,,,,,,,,,,,,,,,,,,
4029,0.008614976805831677,88.13301086425781,imaging,0.49826173957422726,0.49976758972481666,0.5013853081405616,0.0034765208515454837,0.20280602888342503,0.04585559040007846,-0.309985491000142,-0.05714489995326642,0.5107285318662171,0.04282757017316586,0.20198258745626801,0.04577297714743829,-0.022408603289690618,0.012671817984372722,-0.2285845114428805,0.007354676851145176,0.16398611241056005,0.011146932663800214,-0.4664493493731153,-0.04155533109194418,-0.6136040066585794,-0.03418595555166863,-0.25878625862826776,-0.0077916813098695414,-0.8884049701919988,-0.05672981798141609,-0.9687167048912753,-0.09067040615885776,-0.5141878588574648,-0.03924403756989826,-1.0923797432128937,-0.0800366394697429,frac_pore,0.5107285318662171,sharpness_c2,-1.0923797432128937
4030,0.0,0.0,rare,,,,,,,,,,,,,,,,,,,,,,,,,,,,,,,,,,,,
4031,0.00728959575878065,79.4113998413086,imaging,0.4972094351158924,0.5042929670001493,0.49880275472364477,0.0085859340002985,-0.02160407573800987,0.005106060254653756,-0.26974575745128854,-0.03357481556377776,0.7565231212473233,0.06697631625337684,-0.02232932805382981,0.005052551386549527,-0.336832893009137,-0.028417121248368652,-0.6399898958118526,-0.0720195598416933,-0.3974456722226516,-0.033962074869100606,-0.4930367510833479,-0.050999845940214984,0.7001093070576403,0.050645086258100186,0.9171658578187285,0.08790022539772915,0.6457954896313396,0.048510253276874436,0.20067734199930468,0.01254205314081124,0.5596750476178877,0.061994676728862316,-0.2191088405213107,-0.0072395343312326435,frac_pore,0.7565231212473233,noise_sigma_c1,0.9171658578187285
4032,0.0,0.0,rare,,,,,,,,,,,,,,,,,,,,,,,,,,,,,,,,,,,,
4033,0.0,0.0,rare,,,,,,,,,,,,,,,,,,,,,,,,,,,,,,,,,,,,
4034,0.0,0.0,rare,,,,,,,,,,,,,,,,,,,,,,,,,,,,,,,,,,,,
4035,0.0,0.0,rare,,,,,,,,,,,,,,,,,,,,,,,,,,,,,,,,,,,,
4036,0.0,0.0,rare,,,,,,,,,,,,,,,,,,,,,,,,,,,,,,,,,,,,
4037,0.0,0.0,rare,,,,,,,,,,,,,,,,,,,,,,,,,,,,,,,,,,,,
4038,0.0,0.0,rare,,,,,,,,,,,,,,,,,,,,,,,,,,,,,,,,,,,,
4039,0.0,0.0,rare,,,,,,,,,,,,,,,,,,,,,,,,,,,,,,,,,,,,
4040,0.0,0.0,rare,,,,,,,,,,,,,,,,,,,,,,,,,,,,,,,,,,,,
4041,0.0,0.0,rare,,,,,,,,,,,,,,,,,,,,,,,,,,,,,,,,,,,,
4042,0.0,0.0,rare,,,,,,,,,,,,,,,,,,,,,,,,,,,,,,,,,,,,
4043,0.0026507620941020544,39.66593933105469,rare,,,,,,,,,,,,,,,,,,,,,,,,,,,,,,,,,,,,
4044,0.0,0.0,rare,,,,,,,,,,,,,,,,,,,,,,,,,,,,,,,,,,,,
4045,0.0,0.0,rare,,,,,,,,,,,,,,,,,,,,,,,,,,,,,,,,,,,,
4046,0.0,0.0,rare,,,,,,,,,,,,,,,,,,,,,,,,,,,,,,,,,,,,
4047,0.0,0.0,rare,,,,,,,,,,,,,,,,,,,,,,,,,,,,,,,,,,,,
4048,0.0,0.0,rare,,,,,,,,,,,,,,,,,,,,,,,,,,,,,,,,,,,,
4049,0.0,0.0,rare,,,,,,,,,,,,,,,,,,,,,,,,,,,,,,,,,,,,
4050,0.0,0.0,rare,,,,,,,,,,,,,,,,,,,,,,,,,,,,,,,,,,,,
4051,0.0,0.0,rare,,,,,,,,,,,,,,,,,,,,,,,,,,,,,,,,,,,,
4052,0.0,0.0,rare,,,,,,,,,,,,,,,,,,,,,,,,,,,,,,,,,,,,
4053,0.0,0.0,rare,,,,,,,,,,,,,,,,,,,,,,,,,,,,,,,,,,,,
4054,0.0,0.0,rare,,,,,,,,,,,,,,,,,,,,,,,,,,,,,,,,,,,,
4055,0.0,0.0,rare,,,,,,,,,,,,,,,,,,,,,,,,,,,,,,,,,,,,
4056,0.0,0.0,rare,,,,,,,,,,,,,,,,,,,,,,,,,,,,,,,,,,,,
4057,0.01126573889993373,119.6136245727539,imaging,0.5194670008438649,0.49620195850814286,0.4891788804520572,0.03893400168772976,0.25331655905992456,0.02729878018231229,-0.05304293031481847,-0.00825006383018057,-0.5867729500678885,-0.05088209819064516,0.2524710171090212,0.027241237332768734,-0.009911563863038693,0.022878452886031152,-0.3794871655371421,-0.011301891020209358,0.19944154548355394,0.014099526398605655,-0.38223155088152866,-0.023650576081786712,0.8839224772765332,0.10291300821515507,1.0860933664723762,0.1257577133169421,0.921882962173812,0.10596907355512736,0.33595540407906604,0.04522913792968685,1.2951384650637578,0.11143947270329146,0.3644188955869239,0.04785418866803717,frac_pore,-0.5867729500678885,sharpness_c1,1.2951384650637578
4058,0.0,0.0,rare,,,,,,,,,,,,,,,,,,,,,,,,,,,,,,,,,,,,
4059,0.0,0.0,rare,,,,,,,,,,,,,,,,,,,,,,,,,,,,,,,,,,,,
4060,0.019218025182239893,196.904541015625,imaging,0.5086142426187096,0.5182424003044214,0.4806039201836482,0.03879215963270355,-0.250165042743833,0.002529617633403557,0.33626006223283633,0.021089284865039633,-0.2950142086973085,-0.03251084140310778,-0.2507902898469997,0.0023856015613782445,-0.33683290639100355,-0.04871169672373329,-0.3607284570971794,-0.03511098665960122,-0.2936391496744555,-0.03983316336061214,-0.32186047930725414,0.0036919962702183073,0.7694536668579142,0.11958630027090504,1.0137598900717881,0.15479087602433095,0.6656441148971004,0.10329520730263991,-0.028263319309805923,0.01929288709937353,0.7603185005269334,0.11928053589336665,0.21496507584729588,0.04404950611501995,K04_agglom_frac,-0.33683290639100355,noise_sigma_c1,1.0137598900717881
4061,0.0,0.0,rare,,,,,,,,,,,,,,,,,,,,,,,,,,,,,,,,,,,,
4062,0.0,0.0,rare,,,,,,,,,,,,,,,,,,,,,,,,,,,,,,,,,,,,
4063,0.0,0.0,rare,,,,,,,,,,,,,,,,,,,,,,,,,,,,,,,,,,,,
4064,0.0,0.0,rare,,,,,,,,,,,,,,,,,,,,,,,,,,,,,,,,,,,,
4065,0.0,0.0,rare,,,,,,,,,,,,,,,,,,,,,,,,,,,,,,,,,,,,
4066,0.0,0.0,rare,,,,,,,,,,,,,,,,,,,,,,,,,,,,,,,,,,,,
4067,0.0,0.0,rare,,,,,,,,,,,,,,,,,,,,,,,,,,,,,,,,,,,,
4068,0.0,0.0,rare,,,,,,,,,,,,,,,,,,,,,,,,,,,,,,,,,,,,
4069,0.0,0.0,rare,,,,,,,,,,,,,,,,,,,,,,,,,,,,,,,,,,,,
4070,0.0,0.0,rare,,,,,,,,,,,,,,,,,,,,,,,,,,,,,,,,,,,,
4071,0.0013253810470510272,0.9707976579666138,rare,,,,,,,,,,,,,,,,,,,,,,,,,,,,,,,,,,,,
4072,0.0,0.0,rare,,,,,,,,,,,,,,,,,,,,,,,,,,,,,,,,,,,,
4073,0.0,0.0,rare,,,,,,,,,,,,,,,,,,,,,,,,,,,,,,,,,,,,
4074,0.0,0.0,rare,,,,,,,,,,,,,,,,,,,,,,,,,,,,,,,,,,,,
4075,0.0145791915175613,122.60816955566406,imaging,0.5077893268788625,0.5103729643027451,0.48695037965742544,0.026099240685149128,-0.5106941187122748,-0.06919638452496778,0.43671216012193526,0.042206151475831025,0.31550308680690464,0.04015832400479628,-0.5112053730930256,-0.06926022294516714,-0.3368328800640708,-0.04032698302125703,-0.4858949652224439,-0.06899998364640235,-0.17075419595296726,-0.028457108119987917,-0.44774582192786905,-0.061944318273240095,0.4755244596564458,0.03666033070581616,0.3996806367867829,0.03410744447096258,0.40788821366360806,0.03060983982233345,0.430915099189278,0.06752703190896772,0.2044965286449783,0.025328352006138435,0.720910880409886,0.10146601095429525,K01_si_frac_adm,-0.5112053730930256,sharpness_c2,0.720910880409886
4076,0.0,0.0,rare,,,,,,,,,,,,,,,,,,,,,,,,,,,,,,,,,,,,
4077,0.0019880715705765406,32.63567352294922,rare,,,,,,,,,,,,,,,,,,,,,,,,,,,,,,,,,,,,
4078,0.0,0.0,rare,,,,,,,,,,,,,,,,,,,,,,,,,,,,,,,,,,,,
4079,0.0,0.0,rare,,,,,,,,,,,,,,,,,,,,,,,,,,,,,,,,,,,,
4080,0.01126573889993373,103.80326843261719,material,0.4927412467976089,0.49801186857861246,0.5065309906410029,0.014517506404782221,-0.059468129001850056,0.004793507333851276,-0.14136878553251453,-0.03630058460627133,0.7327082010426386,0.08613569025071624,-0.06017681416666176,0.004750168744941179,0.2714723722199722,0.02645816379067694,-0.3231408616769228,-0.020885678025355993,-0.3968380853257256,-0.028050579307065972,-0.2464146629441324,-0.028418916011758704,-0.5347960207550851,-0.05671511641683078,-0.43466279205394287,-0.04612777055926407,-0.565705430234624,-0.06260974829016945,-0.45667518370962273,-0.06265097470260653,-0.58404938746162,-0.058622363302279476,-0.6932529973938436,-0.0801779789456217,frac_pore,0.7327082010426386,sharpness_c2,-0.6932529973938436
4081,0.0,0.0,rare,,,,,,,,,,,,,,,,,,,,,,,,,,,,,,,,,,,,
4082,0.0,0.0,rare,,,,,,,,,,,,,,,,,,,,,,,,,,,,,,,,,,,,
4083,0.0,0.0,rare,,,,,,,,,,,,,,,,,,,,,,,,,,,,,,,,,,,,
4084,0.0,0.0,rare,,,,,,,,,,,,,,,,,,,,,,,,,,,,,,,,,,,,
4085,0.0019880715705765406,29.003536224365234,rare,,,,,,,,,,,,,,,,,,,,,,,,,,,,,,,,,,,,
4086,0.0,0.0,rare,,,,,,,,,,,,,,,,,,,,,,,,,,,,,,,,,,,,
4087,0.0,0.0,rare,,,,,,,,,,,,,,,,,,,,,,,,,,,,,,,,,,,,
4088,0.0,0.0,rare,,,,,,,,,,,,,,,,,,,,,,,,,,,,,,,,,,,,
4089,0.0,0.0,rare,,,,,,,,,,,,,,,,,,,,,,,,,,,,,,,,,,,,
4090,0.0,0.0,rare,,,,,,,,,,,,,,,,,,,,,,,,,,,,,,,,,,,,
4091,0.0,0.0,rare,,,,,,,,,,,,,,,,,,,,,,,,,,,,,,,,,,,,
4092,0.004638833664678595,72.95576477050781,rare,,,,,,,,,,,,,,,,,,,,,,,,,,,,,,,,,,,,
4093,0.0,0.0,rare,,,,,,,,,,,,,,,,,,,,,,,,,,,,,,,,,,,,
4094,0.0,0.0,rare,,,,,,,,,,,,,,,,,,,,,,,,,,,,,,,,,,,,
4095,0.0,0.0,rare,,,,,,,,,,,,,,,,,,,,,,,,,,,,,,,,,,,,
4096,0.0,0.0,rare,,,,,,,,,,,,,,,,,,,,,,,,,,,,,,,,,,,,
4097,0.0,0.0,rare,,,,,,,,,,,,,,,,,,,,,,,,,,,,,,,,,,,,
4098,0.0,0.0,rare,,,,,,,,,,,,,,,,,,,,,,,,,,,,,,,,,,,,
4099,0.0,0.0,rare,,,,,,,,,,,,,,,,,,,,,,,,,,,,,,,,,,,,
4100,0.0,0.0,rare,,,,,,,,,,,,,,,,,,,,,,,,,,,,,,,,,,,,
4101,0.0,0.0,rare,,,,,,,,,,,,,,,,,,,,,,,,,,,,,,,,,,,,
4102,0.0,0.0,rare,,,,,,,,,,,,,,,,,,,,,,,,,,,,,,,,,,,,
4103,0.0,0.0,rare,,,,,,,,,,,,,,,,,,,,,,,,,,,,,,,,,,,,
4104,0.0006626905235255136,15.644147872924805,rare,,,,,,,,,,,,,,,,,,,,,,,,,,,,,,,,,,,,
4105,0.0,0.0,rare,,,,,,,,,,,,,,,,,,,,,,,,,,,,,,,,,,,,
4106,0.0,0.0,rare,,,,,,,,,,,,,,,,,,,,,,,,,,,,,,,,,,,,
4107,0.0033134526176275677,41.2575569152832,rare,,,,,,,,,,,,,,,,,,,,,,,,,,,,,,,,,,,,
4108,0.0,0.0,rare,,,,,,,,,,,,,,,,,,,,,,,,,,,,,,,,,,,,
4109,0.0,0.0,rare,,,,,,,,,,,,,,,,,,,,,,,,,,,,,,,,,,,,
4110,0.0,0.0,rare,,,,,,,,,,,,,,,,,,,,,,,,,,,,,,,,,,,,
4111,0.0,0.0,rare,,,,,,,,,,,,,,,,,,,,,,,,,,,,,,,,,,,,
4112,0.0,0.0,rare,,,,,,,,,,,,,,,,,,,,,,,,,,,,,,,,,,,,
4113,0.0,0.0,rare,,,,,,,,,,,,,,,,,,,,,,,,,,,,,,,,,,,,
4114,0.0,0.0,rare,,,,,,,,,,,,,,,,,,,,,,,,,,,,,,,,,,,,
4115,0.0,0.0,rare,,,,,,,,,,,,,,,,,,,,,,,,,,,,,,,,,,,,
4116,0.0,0.0,rare,,,,,,,,,,,,,,,,,,,,,,,,,,,,,,,,,,,,
4117,0.0,0.0,rare,,,,,,,,,,,,,,,,,,,,,,,,,,,,,,,,,,,,
4118,0.0006626905235255136,11.295269012451172,rare,,,,,,,,,,,,,,,,,,,,,,,,,,,,,,,,,,,,
4119,0.0,0.0,rare,,,,,,,,,,,,,,,,,,,,,,,,,,,,,,,,,,,,
4120,0.0,0.0,rare,,,,,,,,,,,,,,,,,,,,,,,,,,,,,,,,,,,,
4121,0.0,0.0,rare,,,,,,,,,,,,,,,,,,,,,,,,,,,,,,,,,,,,
4122,0.0,0.0,rare,,,,,,,,,,,,,,,,,,,,,,,,,,,,,,,,,,,,
4123,0.0,0.0,rare,,,,,,,,,,,,,,,,,,,,,,,,,,,,,,,,,,,,
4124,0.0,0.0,rare,,,,,,,,,,,,,,,,,,,,,,,,,,,,,,,,,,,,
4125,0.0013253810470510272,25.26100730895996,rare,,,,,,,,,,,,,,,,,,,,,,,,,,,,,,,,,,,,
4126,0.0,0.0,rare,,,,,,,,,,,,,,,,,,,,,,,,,,,,,,,,,,,,
4127,0.0,0.0,rare,,,,,,,,,,,,,,,,,,,,,,,,,,,,,,,,,,,,
4128,0.0,0.0,rare,,,,,,,,,,,,,,,,,,,,,,,,,,,,,,,,,,,,
4129,0.005964214711729622,61.144935607910156,rare,,,,,,,,,,,,,,,,,,,,,,,,,,,,,,,,,,,,
4130,0.0,0.0,rare,,,,,,,,,,,,,,,,,,,,,,,,,,,,,,,,,,,,
4131,0.0,0.0,rare,,,,,,,,,,,,,,,,,,,,,,,,,,,,,,,,,,,,
4132,0.0,0.0,rare,,,,,,,,,,,,,,,,,,,,,,,,,,,,,,,,,,,,
4133,0.0,0.0,rare,,,,,,,,,,,,,,,,,,,,,,,,,,,,,,,,,,,,
4134,0.0,0.0,rare,,,,,,,,,,,,,,,,,,,,,,,,,,,,,,,,,,,,
4135,0.0,0.0,rare,,,,,,,,,,,,,,,,,,,,,,,,,,,,,,,,,,,,
4136,0.0,0.0,rare,,,,,,,,,,,,,,,,,,,,,,,,,,,,,,,,,,,,
4137,0.0,0.0,rare,,,,,,,,,,,,,,,,,,,,,,,,,,,,,,,,,,,,
4138,0.0,0.0,rare,,,,,,,,,,,,,,,,,,,,,,,,,,,,,,,,,,,,
4139,0.0,0.0,rare,,,,,,,,,,,,,,,,,,,,,,,,,,,,,,,,,,,,
4140,0.0,0.0,rare,,,,,,,,,,,,,,,,,,,,,,,,,,,,,,,,,,,,
4141,0.0,0.0,rare,,,,,,,,,,,,,,,,,,,,,,,,,,,,,,,,,,,,
4142,0.0,0.0,rare,,,,,,,,,,,,,,,,,,,,,,,,,,,,,,,,,,,,
4143,0.0,0.0,rare,,,,,,,,,,,,,,,,,,,,,,,,,,,,,,,,,,,,
4144,0.0,0.0,rare,,,,,,,,,,,,,,,,,,,,,,,,,,,,,,,,,,,,
4145,0.0,0.0,rare,,,,,,,,,,,,,,,,,,,,,,,,,,,,,,,,,,,,
4146,0.0,0.0,rare,,,,,,,,,,,,,,,,,,,,,,,,,,,,,,,,,,,,
4147,0.0,0.0,rare,,,,,,,,,,,,,,,,,,,,,,,,,,,,,,,,,,,,
4148,0.0,0.0,rare,,,,,,,,,,,,,,,,,,,,,,,,,,,,,,,,,,,,
4149,0.0,0.0,rare,,,,,,,,,,,,,,,,,,,,,,,,,,,,,,,,,,,,
4150,0.0,0.0,rare,,,,,,,,,,,,,,,,,,,,,,,,,,,,,,,,,,,,
4151,0.0,0.0,rare,,,,,,,,,,,,,,,,,,,,,,,,,,,,,,,,,,,,
4152,0.0,0.0,rare,,,,,,,,,,,,,,,,,,,,,,,,,,,,,,,,,,,,
4153,0.0,0.0,rare,,,,,,,,,,,,,,,,,,,,,,,,,,,,,,,,,,,,
4154,0.0,0.0,rare,,,,,,,,,,,,,,,,,,,,,,,,,,,,,,,,,,,,
4155,0.0,0.0,rare,,,,,,,,,,,,,,,,,,,,,,,,,,,,,,,,,,,,
4156,0.0,0.0,rare,,,,,,,,,,,,,,,,,,,,,,,,,,,,,,,,,,,,
4157,0.0,0.0,rare,,,,,,,,,,,,,,,,,,,,,,,,,,,,,,,,,,,,
4158,0.0,0.0,rare,,,,,,,,,,,,,,,,,,,,,,,,,,,,,,,,,,,,
4159,0.0,0.0,rare,,,,,,,,,,,,,,,,,,,,,,,,,,,,,,,,,,,,
4160,0.0,0.0,rare,,,,,,,,,,,,,,,,,,,,,,,,,,,,,,,,,,,,
4161,0.0,0.0,rare,,,,,,,,,,,,,,,,,,,,,,,,,,,,,,,,,,,,
4162,0.0,0.0,rare,,,,,,,,,,,,,,,,,,,,,,,,,,,,,,,,,,,,
4163,0.0,0.0,rare,,,,,,,,,,,,,,,,,,,,,,,,,,,,,,,,,,,,
4164,0.0,0.0,rare,,,,,,,,,,,,,,,,,,,,,,,,,,,,,,,,,,,,
4165,0.0,0.0,rare,,,,,,,,,,,,,,,,,,,,,,,,,,,,,,,,,,,,
4166,0.0,0.0,rare,,,,,,,,,,,,,,,,,,,,,,,,,,,,,,,,,,,,
4167,0.0,0.0,rare,,,,,,,,,,,,,,,,,,,,,,,,,,,,,,,,,,,,
4168,0.0,0.0,rare,,,,,,,,,,,,,,,,,,,,,,,,,,,,,,,,,,,,
4169,0.0,0.0,rare,,,,,,,,,,,,,,,,,,,,,,,,,,,,,,,,,,,,
4170,0.0,0.0,rare,,,,,,,,,,,,,,,,,,,,,,,,,,,,,,,,,,,,
4171,0.0,0.0,rare,,,,,,,,,,,,,,,,,,,,,,,,,,,,,,,,,,,,
4172,0.0,0.0,rare,,,,,,,,,,,,,,,,,,,,,,,,,,,,,,,,,,,,
4173,0.0,0.0,rare,,,,,,,,,,,,,,,,,,,,,,,,,,,,,,,,,,,,
4174,0.0,0.0,rare,,,,,,,,,,,,,,,,,,,,,,,,,,,,,,,,,,,,
4175,0.0,0.0,rare,,,,,,,,,,,,,,,,,,,,,,,,,,,,,,,,,,,,
4176,0.0,0.0,rare,,,,,,,,,,,,,,,,,,,,,,,,,,,,,,,,,,,,
4177,0.0,0.0,rare,,,,,,,,,,,,,,,,,,,,,,,,,,,,,,,,,,,,
4178,0.0,0.0,rare,,,,,,,,,,,,,,,,,,,,,,,,,,,,,,,,,,,,
4179,0.0,0.0,rare,,,,,,,,,,,,,,,,,,,,,,,,,,,,,,,,,,,,
4180,0.0,0.0,rare,,,,,,,,,,,,,,,,,,,,,,,,,,,,,,,,,,,,
4181,0.0,0.0,rare,,,,,,,,,,,,,,,,,,,,,,,,,,,,,,,,,,,,
4182,0.0,0.0,rare,,,,,,,,,,,,,,,,,,,,,,,,,,,,,,,,,,,,
4183,0.0,0.0,rare,,,,,,,,,,,,,,,,,,,,,,,,,,,,,,,,,,,,
4184,0.0,0.0,rare,,,,,,,,,,,,,,,,,,,,,,,,,,,,,,,,,,,,
4185,0.0,0.0,rare,,,,,,,,,,,,,,,,,,,,,,,,,,,,,,,,,,,,
4186,0.0,0.0,rare,,,,,,,,,,,,,,,,,,,,,,,,,,,,,,,,,,,,
4187,0.0,0.0,rare,,,,,,,,,,,,,,,,,,,,,,,,,,,,,,,,,,,,
4188,0.0066269052352551355,92.20453643798828,imaging,0.4995452225630246,0.502902117944,0.4981900052975455,0.005804235887999942,-0.8313425829816745,-0.10541868585417367,0.9050295544420852,0.08640019872063809,-0.19993123902042004,0.007343712835663744,-0.8317135398944705,-0.10541868557804208,-0.33683289483194107,-0.023750872783347407,0.10344008222977477,-0.02932735866346748,0.4349872659655708,0.015141637040325014,0.2416132615579214,-0.036819113170627256,-0.06578438921927421,0.0005622217500300669,-0.009942263704074479,0.00863479069338482,-0.0775521263860975,-0.0002933622592516924,2.093310249872768,0.10878727436391869,-0.38427181051403964,-0.02285792740741706,1.3090613087425451,0.03081680449729601,frac_graphite,0.9050295544420852,sharpness_c0,2.093310249872768
4189,0.0006626905235255136,14.25880241394043,rare,,,,,,,,,,,,,,,,,,,,,,,,,,,,,,,,,,,,
4190,0.0,0.0,rare,,,,,,,,,,,,,,,,,,,,,,,,,,,,,,,,,,,,
4191,0.032471835652750164,273.9237060546875,imaging,0.5040588886250057,0.5238322888919931,0.4796892106657249,0.04766457778398614,-0.14881668366729603,0.003466024068881838,0.24856977350567006,0.023755614829053952,-0.22389875285395358,-0.01705103094117997,-0.1494862749958179,0.0032851883680554616,-0.29541236076972405,-0.0515778922511135,-0.5304908661899029,-0.09876639855478164,-0.3593542687951834,-0.04721517164546188,-0.44396280956898754,-0.07448106968154923,0.6218897212060509,0.09946365473585878,0.5520910429945401,0.09837304573504951,0.5985768436378711,0.10685795044417885,-0.016555760013191832,0.011437304842284524,0.5965968771596201,0.11053039255226359,0.8695420985411273,0.17929472814224537,K04_agglom_frac,-0.29541236076972405,sharpness_c2,0.8695420985411273
4192,0.0,0.0,rare,,,,,,,,,,,,,,,,,,,,,,,,,,,,,,,,,,,,
4193,0.0,0.0,rare,,,,,,,,,,,,,,,,,,,,,,,,,,,,,,,,,,,,
4194,0.0,0.0,rare,,,,,,,,,,,,,,,,,,,,,,,,,,,,,,,,,,,,
4195,0.0,0.0,rare,,,,,,,,,,,,,,,,,,,,,,,,,,,,,,,,,,,,
4196,0.0026507620941020544,39.795989990234375,rare,,,,,,,,,,,,,,,,,,,,,,,,,,,,,,,,,,,,
4197,0.0,0.0,rare,,,,,,,,,,,,,,,,,,,,,,,,,,,,,,,,,,,,
4198,0.0,0.0,rare,,,,,,,,,,,,,,,,,,,,,,,,,,,,,,,,,,,,
4199,0.0,0.0,rare,,,,,,,,,,,,,,,,,,,,,,,,,,,,,,,,,,,,
4200,0.0,0.0,rare,,,,,,,,,,,,,,,,,,,,,,,,,,,,,,,,,,,,
4201,0.0,0.0,rare,,,,,,,,,,,,,,,,,,,,,,,,,,,,,,,,,,,,
4202,0.0,0.0,rare,,,,,,,,,,,,,,,,,,,,,,,,,,,,,,,,,,,,
4203,0.0,0.0,rare,,,,,,,,,,,,,,,,,,,,,,,,,,,,,,,,,,,,
4204,0.0,0.0,rare,,,,,,,,,,,,,,,,,,,,,,,,,,,,,,,,,,,,
4205,0.0,0.0,rare,,,,,,,,,,,,,,,,,,,,,,,,,,,,,,,,,,,,
4206,0.0,0.0,rare,,,,,,,,,,,,,,,,,,,,,,,,,,,,,,,,,,,,
4207,0.0,0.0,rare,,,,,,,,,,,,,,,,,,,,,,,,,,,,,,,,,,,,
4208,0.0,0.0,rare,,,,,,,,,,,,,,,,,,,,,,,,,,,,,,,,,,,,
4209,0.0,0.0,rare,,,,,,,,,,,,,,,,,,,,,,,,,,,,,,,,,,,,
4210,0.0,0.0,rare,,,,,,,,,,,,,,,,,,,,,,,,,,,,,,,,,,,,
4211,0.0013253810470510272,24.728984832763672,rare,,,,,,,,,,,,,,,,,,,,,,,,,,,,,,,,,,,,
4212,0.0,0.0,rare,,,,,,,,,,,,,,,,,,,,,,,,,,,,,,,,,,,,
4213,0.0,0.0,rare,,,,,,,,,,,,,,,,,,,,,,,,,,,,,,,,,,,,
4214,0.0,0.0,rare,,,,,,,,,,,,,,,,,,,,,,,,,,,,,,,,,,,,
4215,0.0,0.0,rare,,,,,,,,,,,,,,,,,,,,,,,,,,,,,,,,,,,,
4216,0.0,0.0,rare,,,,,,,,,,,,,,,,,,,,,,,,,,,,,,,,,,,,
4217,0.01126573889993373,96.16130828857422,material,0.4927412467976089,0.4998916221514688,0.5051527458944023,0.014517506404782221,-0.11010501503219215,0.005295941566677175,-0.2017668664079741,-0.029656994588584125,0.883425959510932,0.06743342283777674,-0.10955414042900498,0.00560820951187564,-0.336832878314846,-0.03714108944052332,0.0667884165918663,0.03135287106630647,-0.5391700680801815,-0.03257382684481531,0.12666784658845498,0.02160957269571845,-0.5049770195292864,-0.07673014804069189,-0.5903907204021505,-0.08815408620076709,-0.5352062189959075,-0.07656186091755664,-0.5509499629586619,-0.05525618278761304,-0.7190027797348222,-0.08912226690934207,-0.4833911888735365,-0.0789324751526432,frac_pore,0.883425959510932,sharpness_c1,-0.7190027797348222
4218,0.0006626905235255136,0.5742158889770508,rare,,,,,,,,,,,,,,,,,,,,,,,,,,,,,,,,,,,,
4219,0.0,0.0,rare,,,,,,,,,,,,,,,,,,,,,,,,,,,,,,,,,,,,
4220,0.0,0.0,rare,,,,,,,,,,,,,,,,,,,,,,,,,,,,,,,,,,,,
4221,0.0,0.0,rare,,,,,,,,,,,,,,,,,,,,,,,,,,,,,,,,,,,,
4222,0.0,0.0,rare,,,,,,,,,,,,,,,,,,,,,,,,,,,,,,,,,,,,
4223,0.0,0.0,rare,,,,,,,,,,,,,,,,,,,,,,,,,,,,,,,,,,,,
4224,0.0,0.0,rare,,,,,,,,,,,,,,,,,,,,,,,,,,,,,,,,,,,,
4225,0.0,0.0,rare,,,,,,,,,,,,,,,,,,,,,,,,,,,,,,,,,,,,
4226,0.0,0.0,rare,,,,,,,,,,,,,,,,,,,,,,,,,,,,,,,,,,,,
4227,0.0,0.0,rare,,,,,,,,,,,,,,,,,,,,,,,,,,,,,,,,,,,,
4228,0.0,0.0,rare,,,,,,,,,,,,,,,,,,,,,,,,,,,,,,,,,,,,
4229,0.0,0.0,rare,,,,,,,,,,,,,,,,,,,,,,,,,,,,,,,,,,,,
4230,0.0,0.0,rare,,,,,,,,,,,,,,,,,,,,,,,,,,,,,,,,,,,,
4231,0.0,0.0,rare,,,,,,,,,,,,,,,,,,,,,,,,,,,,,,,,,,,,
4232,0.0,0.0,rare,,,,,,,,,,,,,,,,,,,,,,,,,,,,,,,,,,,,
4233,0.0,0.0,rare,,,,,,,,,,,,,,,,,,,,,,,,,,,,,,,,,,,,
4234,0.0,0.0,rare,,,,,,,,,,,,,,,,,,,,,,,,,,,,,,,,,,,,
4235,0.0,0.0,rare,,,,,,,,,,,,,,,,,,,,,,,,,,,,,,,,,,,,
4236,0.008614976805831677,81.8180923461914,imaging,0.49444918872758326,0.4943330427201395,0.5080346106304079,0.01606922126081578,-0.31559810511280506,-0.03086652126344654,0.44351174117210806,0.05289846176342348,-0.3565826702482397,-0.02369477037362048,-0.3161947223853701,-0.03094878523018364,-0.33683288427514774,-0.03243408064992298,0.27858008460489253,0.05260344296574305,0.9297194489963003,0.07163060934158896,-0.008386122397698655,0.030747589966367127,-1.0470133659698595,-0.08034586588191484,-0.7049448659337495,-0.05982448129565328,-1.1491864269209704,-0.08557826743318563,-0.6958671650519715,-0.049276369005154495,-0.6187003978453147,-0.05137178190904675,-1.0908460859268252,-0.06591357962376035,frac_graphite,0.44351174117210806,noise_sigma_c2,-1.1491864269209704
4237,0.0,0.0,rare,,,,,,,,,,,,,,,,,,,,,,,,,,,,,,,,,,,,
4238,0.0,0.0,rare,,,,,,,,,,,,,,,,,,,,,,,,,,,,,,,,,,,,
4239,0.004638833664678595,55.88673400878906,rare,,,,,,,,,,,,,,,,,,,,,,,,,,,,,,,,,,,,
4240,0.0,0.0,rare,,,,,,,,,,,,,,,,,,,,,,,,,,,,,,,,,,,,
4241,0.0,0.0,rare,,,,,,,,,,,,,,,,,,,,,,,,,,,,,,,,,,,,
4242,0.0,0.0,rare,,,,,,,,,,,,,,,,,,,,,,,,,,,,,,,,,,,,
4243,0.0026507620941020544,21.09343719482422,rare,,,,,,,,,,,,,,,,,,,,,,,,,,,,,,,,,,,,
4244,0.0066269052352551355,65.62260437011719,material,0.49573014517506403,0.5010982288651153,0.5021790570369061,0.00853970964987194,-0.612574745707806,-0.05657203813230656,0.5672959638466977,0.05702352629006564,0.16800432130846585,0.006890535748081741,-0.6130414229559612,-0.056590676497404124,-0.33683287802475015,-0.026949546314957697,-0.05595098904958312,-0.0006048588010923458,-0.1612468946819371,0.007468155236909762,0.06099228404718798,0.009061592321721027,-0.45344421645187916,-0.038328518512381705,-0.34044196252905795,-0.024349813038244347,-0.37234019259139406,-0.028745401044719513,0.2558131452864946,0.012648871084101242,-0.6062232338966961,-0.04224590487973609,-0.20801166489532336,-0.011262899044881812,K01_si_frac_adm,-0.6130414229559612,sharpness_c1,-0.6062232338966961
4245,0.0,0.0,rare,,,,,,,,,,,,,,,,,,,,,,,,,,,,,,,,,,,,
4246,0.0,0.0,rare,,,,,,,,,,,,,,,,,,,,,,,,,,,,,,,,,,,,
4247,0.0,0.0,rare,,,,,,,,,,,,,,,,,,,,,,,,,,,,,,,,,,,,
4248,0.0013253810470510272,24.77228355407715,rare,,,,,,,,,,,,,,,,,,,,,,,,,,,,,,,,,,,,
4249,0.0,0.0,rare,,,,,,,,,,,,,,,,,,,,,,,,,,,,,,,,,,,,
4250,0.0013253810470510272,22.989727020263672,rare,,,,,,,,,,,,,,,,,,,,,,,,,,,,,,,,,,,,
4251,0.0,0.0,rare,,,,,,,,,,,,,,,,,,,,,,,,,,,,,,,,,,,,
4252,0.0006626905235255136,17.525096893310547,rare,,,,,,,,,,,,,,,,,,,,,,,,,,,,,,,,,,,,
4253,0.0,0.0,rare,,,,,,,,,,,,,,,,,,,,,,,,,,,,,,,,,,,,
4254,0.0,0.0,rare,,,,,,,,,,,,,,,,,,,,,,,,,,,,,,,,,,,,
4255,0.0,0.0,rare,,,,,,,,,,,,,,,,,,,,,,,,,,,,,,,,,,,,
4256,0.0,0.0,rare,,,,,,,,,,,,,,,,,,,,,,,,,,,,,,,,,,,,
4257,0.0013253810470510272,24.817678451538086,rare,,,,,,,,,,,,,,,,,,,,,,,,,,,,,,,,,,,,
4258,0.0,0.0,rare,,,,,,,,,,,,,,,,,,,,,,,,,,,,,,,,,,,,
4259,0.0,0.0,rare,,,,,,,,,,,,,,,,,,,,,,,,,,,,,,,,,,,,
4260,0.0,0.0,rare,,,,,,,,,,,,,,,,,,,,,,,,,,,,,,,,,,,,
4261,0.005301524188204109,79.0433578491211,rare,,,,,,,,,,,,,,,,,,,,,,,,,,,,,,,,,,,,
4262,0.0,0.0,rare,,,,,,,,,,,,,,,,,,,,,,,,,,,,,,,,,,,,
4263,0.0,0.0,rare,,,,,,,,,,,,,,,,,,,,,,,,,,,,,,,,,,,,
4264,0.0,0.0,rare,,,,,,,,,,,,,,,,,,,,,,,,,,,,,,,,,,,,
4265,0.0,0.0,rare,,,,,,,,,,,,,,,,,,,,,,,,,,,,,,,,,,,,
4266,0.0,0.0,rare,,,,,,,,,,,,,,,,,,,,,,,,,,,,,,,,,,,,
4267,0.0,0.0,rare,,,,,,,,,,,,,,,,,,,,,,,,,,,,,,,,,,,,
4268,0.0,0.0,rare,,,,,,,,,,,,,,,,,,,,,,,,,,,,,,,,,,,,
4269,0.0,0.0,rare,,,,,,,,,,,,,,,,,,,,,,,,,,,,,,,,,,,,
4270,0.0,0.0,rare,,,,,,,,,,,,,,,,,,,,,,,,,,,,,,,,,,,,
4271,0.0,0.0,rare,,,,,,,,,,,,,,,,,,,,,,,,,,,,,,,,,,,,
4272,0.0,0.0,rare,,,,,,,,,,,,,,,,,,,,,,,,,,,,,,,,,,,,
4273,0.0,0.0,rare,,,,,,,,,,,,,,,,,,,,,,,,,,,,,,,,,,,,
4274,0.0,0.0,rare,,,,,,,,,,,,,,,,,,,,,,,,,,,,,,,,,,,,
4275,0.0,0.0,rare,,,,,,,,,,,,,,,,,,,,,,,,,,,,,,,,,,,,
4276,0.0,0.0,rare,,,,,,,,,,,,,,,,,,,,,,,,,,,,,,,,,,,,
4277,0.0,0.0,rare,,,,,,,,,,,,,,,,,,,,,,,,,,,,,,,,,,,,
4278,0.0,0.0,rare,,,,,,,,,,,,,,,,,,,,,,,,,,,,,,,,,,,,
4279,0.0,0.0,rare,,,,,,,,,,,,,,,,,,,,,,,,,,,,,,,,,,,,
4280,0.01855533465871438,160.7338409423828,mixed,0.4918140061344423,0.5058668542004846,0.5014197421861205,0.016371987731115367,-0.0523676290931442,-0.0064015166044950975,-0.0011994599681351408,-0.01184194925789714,0.3077927703804157,0.05943876275943012,-0.05307942107620836,-0.006491549482142434,0.05655423159014461,0.009391055166161028,0.054199338680468286,-0.022744277361918953,-0.09769369945590517,-0.015734481319374882,0.11013461217109553,-0.024847815016784312,-0.3544319435428887,-0.03232014252553411,-0.3213940095187532,-0.01031319361874731,-0.3510637917007737,-0.03580352638673068,-0.3317400345361497,-0.0415145590220906,-0.26354787939269814,0.0003187520438538674,0.005844732886128679,0.014068387019942254,frac_pore,0.3077927703804157,noise_sigma_c0,-0.3544319435428887
4281,0.0,0.0,rare,,,,,,,,,,,,,,,,,,,,,,,,,,,,,,,,,,,,
4282,0.0,0.0,rare,,,,,,,,,,,,,,,,,,,,,,,,,,,,,,,,,,,,
4283,0.0013253810470510272,19.251617431640625,rare,,,,,,,,,,,,,,,,,,,,,,,,,,,,,,,,,,,,
4284,0.0006626905235255136,17.72872543334961,rare,,,,,,,,,,,,,,,,,,,,,,,,,,,,,,,,,,,,
4285,0.0,0.0,rare,,,,,,,,,,,,,,,,,,,,,,,,,,,,,,,,,,,,
4286,0.0,0.0,rare,,,,,,,,,,,,,,,,,,,,,,,,,,,,,,,,,,,,
4287,0.01656726308813784,138.38783264160156,material,0.4950088176291947,0.5037354231793726,0.5007496026840897,0.009982364741610628,-0.502922069022479,-0.05866639986306414,0.36843753352105485,0.030480020892517314,0.40051011429874295,0.05599932097276947,-0.503436724032987,-0.05873798713854245,-0.1260288601617249,-0.026877408657141496,-0.40958470483933895,-0.04377748082108741,-0.463431619473024,-0.037775391223348796,-0.3302114045384003,-0.044962491250341706,0.20538042381262042,-0.0019283381332415278,0.07961418449857217,0.007312935003152855,0.059218238434598156,-0.01622118238449742,0.3716511252231352,0.019238537712107127,-0.16909701457808268,-0.005746023047308117,0.03589296972031706,0.010679403865085622,K01_si_frac_adm,-0.503436724032987,p1_c1,-0.463431619473024
4288,0.0,0.0,rare,,,,,,,,,,,,,,,,,,,,,,,,,,,,,,,,,,,,
4289,0.0,0.0,rare,,,,,,,,,,,,,,,,,,,,,,,,,,,,,,,,,,,,
4290,0.0,0.0,rare,,,,,,,,,,,,,,,,,,,,,,,,,,,,,,,,,,,,
4291,0.0,0.0,rare,,,,,,,,,,,,,,,,,,,,,,,,,,,,,,,,,,,,
4292,0.0,0.0,rare,,,,,,,,,,,,,,,,,,,,,,,,,,,,,,,,,,,,
4293,0.0,0.0,rare,,,,,,,,,,,,,,,,,,,,,,,,,,,,,,,,,,,,
4294,0.0,0.0,rare,,,,,,,,,,,,,,,,,,,,,,,,,,,,,,,,,,,,
4295,0.0,0.0,rare,,,,,,,,,,,,,,,,,,,,,,,,,,,,,,,,,,,,
4296,0.0,0.0,rare,,,,,,,,,,,,,,,,,,,,,,,,,,,,,,,,,,,,
4297,0.0,0.0,rare,,,,,,,,,,,,,,,,,,,,,,,,,,,,,,,,,,,,
4298,0.0,0.0,rare,,,,,,,,,,,,,,,,,,,,,,,,,,,,,,,,,,,,
4299,0.0,0.0,rare,,,,,,,,,,,,,,,,,,,,,,,,,,,,,,,,,,,,
4300,0.0,0.0,rare,,,,,,,,,,,,,,,,,,,,,,,,,,,,,,,,,,,,
4301,0.0,0.0,rare,,,,,,,,,,,,,,,,,,,,,,,,,,,,,,,,,,,,
4302,0.0,0.0,rare,,,,,,,,,,,,,,,,,,,,,,,,,,,,,,,,,,,,
4303,0.0,0.0,rare,,,,,,,,,,,,,,,,,,,,,,,,,,,,,,,,,,,,
4304,0.003976143141153081,45.06792068481445,rare,,,,,,,,,,,,,,,,,,,,,,,,,,,,,,,,,,,,
4305,0.0,0.0,rare,,,,,,,,,,,,,,,,,,,,,,,,,,,,,,,,,,,,
4306,0.0,0.0,rare,,,,,,,,,,,,,,,,,,,,,,,,,,,,,,,,,,,,
4307,0.0,0.0,rare,,,,,,,,,,,,,,,,,,,,,,,,,,,,,,,,,,,,
4308,0.0,0.0,rare,,,,,,,,,,,,,,,,,,,,,,,,,,,,,,,,,,,,
4309,0.0,0.0,rare,,,,,,,,,,,,,,,,,,,,,,,,,,,,,,,,,,,,
4310,0.00927766732935719,93.13821411132812,imaging,0.4978398071743667,0.4957034204048996,0.5046600741656365,0.009320148331273037,0.21589915571682872,0.00606400748818447,-0.05560868631453465,0.0069485479903962435,-0.2718712672479008,-0.012477375941546133,0.2150699855143618,0.006000640603216042,0.42901313011379894,0.011721150151195322,0.5009974653754078,0.047309169102022784,0.2602005896154177,0.02446189248543116,0.4436741170617384,0.038501869319175396,-0.616245494346454,-0.055173110195899204,-0.7186277285120262,-0.054608796446945385,-0.6094356952968148,-0.05973870304618032,-0.3243432312391234,-0.034312641051553135,-0.5815603852936505,-0.061646324365337776,-0.29835154927478447,-0.045726192170679386,K04_agglom_frac,0.42901313011379894,noise_sigma_c1,-0.7186277285120262
4311,0.0019880715705765406,34.82041549682617,rare,,,,,,,,,,,,,,,,,,,,,,,,,,,,,,,,,,,,
4312,0.0,0.0,rare,,,,,,,,,,,,,,,,,,,,,,,,,,,,,,,,,,,,
4313,0.0,0.0,rare,,,,,,,,,,,,,,,,,,,,,,,,,,,,,,,,,,,,
4314,0.0,0.0,rare,,,,,,,,,,,,,,,,,,,,,,,,,,,,,,,,,,,,
4315,0.0,0.0,rare,,,,,,,,,,,,,,,,,,,,,,,,,,,,,,,,,,,,
4316,0.0,0.0,rare,,,,,,,,,,,,,,,,,,,,,,,,,,,,,,,,,,,,
4317,0.0,0.0,rare,,,,,,,,,,,,,,,,,,,,,,,,,,,,,,,,,,,,
4318,0.0,0.0,rare,,,,,,,,,,,,,,,,,,,,,,,,,,,,,,,,,,,,
4319,0.0,0.0,rare,,,,,,,,,,,,,,,,,,,,,,,,,,,,,,,,,,,,
4320,0.0,0.0,rare,,,,,,,,,,,,,,,,,,,,,,,,,,,,,,,,,,,,
4321,0.0,0.0,rare,,,,,,,,,,,,,,,,,,,,,,,,,,,,,,,,,,,,
4322,0.0,0.0,rare,,,,,,,,,,,,,,,,,,,,,,,,,,,,,,,,,,,,
4323,0.0026507620941020544,41.877227783203125,rare,,,,,,,,,,,,,,,,,,,,,,,,,,,,,,,,,,,,
4324,0.0,0.0,rare,,,,,,,,,,,,,,,,,,,,,,,,,,,,,,,,,,,,
4325,0.0,0.0,rare,,,,,,,,,,,,,,,,,,,,,,,,,,,,,,,,,,,,
4326,0.0,0.0,rare,,,,,,,,,,,,,,,,,,,,,,,,,,,,,,,,,,,,
4327,0.0,0.0,rare,,,,,,,,,,,,,,,,,,,,,,,,,,,,,,,,,,,,
4328,0.0,0.0,rare,,,,,,,,,,,,,,,,,,,,,,,,,,,,,,,,,,,,
4329,0.0,0.0,rare,,,,,,,,,,,,,,,,,,,,,,,,,,,,,,,,,,,,
4330,0.0,0.0,rare,,,,,,,,,,,,,,,,,,,,,,,,,,,,,,,,,,,,
4331,0.0,0.0,rare,,,,,,,,,,,,,,,,,,,,,,,,,,,,,,,,,,,,
4332,0.0,0.0,rare,,,,,,,,,,,,,,,,,,,,,,,,,,,,,,,,,,,,
4333,0.0,0.0,rare,,,,,,,,,,,,,,,,,,,,,,,,,,,,,,,,,,,,
4334,0.0,0.0,rare,,,,,,,,,,,,,,,,,,,,,,,,,,,,,,,,,,,,
4335,0.0,0.0,rare,,,,,,,,,,,,,,,,,,,,,,,,,,,,,,,,,,,,
4336,0.0,0.0,rare,,,,,,,,,,,,,,,,,,,,,,,,,,,,,,,,,,,,
4337,0.0,0.0,rare,,,,,,,,,,,,,,,,,,,,,,,,,,,,,,,,,,,,
4338,0.0,0.0,rare,,,,,,,,,,,,,,,,,,,,,,,,,,,,,,,,,,,,
4339,0.0,0.0,rare,,,,,,,,,,,,,,,,,,,,,,,,,,,,,,,,,,,,
4340,0.0,0.0,rare,,,,,,,,,,,,,,,,,,,,,,,,,,,,,,,,,,,,
4341,0.0,0.0,rare,,,,,,,,,,,,,,,,,,,,,,,,,,,,,,,,,,,,
4342,0.0,0.0,rare,,,,,,,,,,,,,,,,,,,,,,,,,,,,,,,,,,,,
4343,0.0,0.0,rare,,,,,,,,,,,,,,,,,,,,,,,,,,,,,,,,,,,,
4344,0.0,0.0,rare,,,,,,,,,,,,,,,,,,,,,,,,,,,,,,,,,,,,
4345,0.0,0.0,rare,,,,,,,,,,,,,,,,,,,,,,,,,,,,,,,,,,,,
4346,0.0,0.0,rare,,,,,,,,,,,,,,,,,,,,,,,,,,,,,,,,,,,,
4347,0.0,0.0,rare,,,,,,,,,,,,,,,,,,,,,,,,,,,,,,,,,,,,
4348,0.0,0.0,rare,,,,,,,,,,,,,,,,,,,,,,,,,,,,,,,,,,,,
4349,0.0,0.0,rare,,,,,,,,,,,,,,,,,,,,,,,,,,,,,,,,,,,,
4350,0.0,0.0,rare,,,,,,,,,,,,,,,,,,,,,,,,,,,,,,,,,,,,
4351,0.0019880715705765406,36.061859130859375,rare,,,,,,,,,,,,,,,,,,,,,,,,,,,,,,,,,,,,
4352,0.0,0.0,rare,,,,,,,,,,,,,,,,,,,,,,,,,,,,,,,,,,,,
4353,0.0,0.0,rare,,,,,,,,,,,,,,,,,,,,,,,,,,,,,,,,,,,,
4354,0.0,0.0,rare,,,,,,,,,,,,,,,,,,,,,,,,,,,,,,,,,,,,
4355,0.0,0.0,rare,,,,,,,,,,,,,,,,,,,,,,,,,,,,,,,,,,,,
4356,0.01126573889993373,104.4162826538086,imaging,0.4946424691382978,0.4925893635571055,0.5091779975278121,0.01835599505562424,1.0740189601407344,0.08717176387198909,-0.8650619999299175,-0.06916317655882309,-0.32027144443210315,-0.026200069951990524,1.072814325582405,0.08711420176110746,0.9554210188937163,0.06930162717794328,0.05293715753758239,0.07380214125772318,0.5878905957769494,0.06893803956979433,-0.4263189317270284,-0.04527201818211414,-0.9400218127017008,-0.08190220971893991,-0.6699625205227429,-0.07795444633674137,-1.2337393798451164,-0.11585144388970509,-1.1445561338219998,-0.14627793085960564,-0.8902886151381685,-0.10892533018431252,-1.2648504546733303,-0.12979290604214616,frac_si,1.0740189601407344,sharpness_c2,-1.2648504546733303
4357,0.0,0.0,rare,,,,,,,,,,,,,,,,,,,,,,,,,,,,,,,,,,,,
4358,0.01126573889993373,117.07890319824219,imaging,0.4927412467976089,0.4943968652309411,0.5091815292247925,0.01836305844958508,0.5577422860055222,0.052541471120711544,-0.4699951544591761,-0.03990942903870182,-0.01968521672551705,0.0030920103743422313,0.5571448981098525,0.05254145187857749,0.11665044207301045,0.021086340439940607,-0.29845666748166927,-0.007017030535148897,-0.16830190156165434,-0.0003909886594845307,-0.28665622882816394,-0.014155336191895766,-0.6030595393570676,-0.06822852819549227,-0.5086207831510068,-0.061733505537967706,-0.6036893436772487,-0.07091781604379159,-0.7904675965260447,-0.09903452543773712,-0.6205856631932039,-0.06185372695291975,-0.409039480401773,-0.07005652216449625,frac_si,0.5577422860055222,sharpness_c0,-0.7904675965260447
4359,0.0,0.0,rare,,,,,,,,,,,,,,,,,,,,,,,,,,,,,,,,,,,,
4360,0.0,0.0,rare,,,,,,,,,,,,,,,,,,,,,,,,,,,,,,,,,,,,
4361,0.0,0.0,rare,,,,,,,,,,,,,,,,,,,,,,,,,,,,,,,,,,,,
4362,0.0,0.0,rare,,,,,,,,,,,,,,,,,,,,,,,,,,,,,,,,,,,,
4363,0.0,0.0,rare,,,,,,,,,,,,,,,,,,,,,,,,,,,,,,,,,,,,
4364,0.0,0.0,rare,,,,,,,,,,,,,,,,,,,,,,,,,,,,,,,,,,,,
4365,0.0026507620941020544,39.8607292175293,rare,,,,,,,,,,,,,,,,,,,,,,,,,,,,,,,,,,,,
4366,0.0,0.0,rare,,,,,,,,,,,,,,,,,,,,,,,,,,,,,,,,,,,,
4367,0.0,0.0,rare,,,,,,,,,,,,,,,,,,,,,,,,,,,,,,,,,,,,
4368,0.0,0.0,rare,,,,,,,,,,,,,,,,,,,,,,,,,,,,,,,,,,,,
4369,0.02584493041749503,217.78790283203125,material,0.5119214852020475,0.49759401176260915,0.4934319265407029,0.023842970404095,0.1718277559103321,0.03757969003530858,-0.7395414692268201,-0.13269455259962953,1.6523210477774943,0.16868332651142792,0.17923091052178114,0.03872492554224743,0.13484258736081714,0.025002989521077223,-0.5174573037877763,-0.11387238946807114,-0.7852150808539863,-0.12528909544965605,-0.4151772109831757,-0.09895642490886862,0.3396115058951635,0.025233190586124263,0.5083578120021576,0.07533847314254613,0.13673368302225652,-0.007860112940903729,-0.11923226728880769,-0.02531310998273663,0.11405016511153622,0.03515253723141584,-0.2002761210671589,-0.03531155654525142,frac_pore,1.6523210477774943,p1_c1,-0.7852150808539863
4370,0.0,0.0,rare,,,,,,,,,,,,,,,,,,,,,,,,,,,,,,,,,,,,
4371,0.0,0.0,rare,,,,,,,,,,,,,,,,,,,,,,,,,,,,,,,,,,,,
4372,0.0019880715705765406,31.9904842376709,rare,,,,,,,,,,,,,,,,,,,,,,,,,,,,,,,,,,,,
4373,0.0019880715705765406,32.599876403808594,rare,,,,,,,,,,,,,,,,,,,,,,,,,,,,,,,,,,,,
4374,0.0,0.0,rare,,,,,,,,,,,,,,,,,,,,,,,,,,,,,,,,,,,,
4375,0.0,0.0,rare,,,,,,,,,,,,,,,,,,,,,,,,,,,,,,,,,,,,
4376,0.0,0.0,rare,,,,,,,,,,,,,,,,,,,,,,,,,,,,,,,,,,,,
4377,0.0,0.0,rare,,,,,,,,,,,,,,,,,,,,,,,,,,,,,,,,,,,,
4378,0.004638833664678595,55.774471282958984,rare,,,,,,,,,,,,,,,,,,,,,,,,,,,,,,,,,,,,
4379,0.0,0.0,rare,,,,,,,,,,,,,,,,,,,,,,,,,,,,,,,,,,,,
4380,0.005964214711729622,58.96837615966797,rare,,,,,,,,,,,,,,,,,,,,,,,,,,,,,,,,,,,,
4381,0.0,0.0,rare,,,,,,,,,,,,,,,,,,,,,,,,,,,,,,,,,,,,
4382,0.0,0.0,rare,,,,,,,,,,,,,,,,,,,,,,,,,,,,,,,,,,,,
4383,0.0,0.0,rare,,,,,,,,,,,,,,,,,,,,,,,,,,,,,,,,,,,,
4384,0.0,0.0,rare,,,,,,,,,,,,,,,,,,,,,,,,,,,,,,,,,,,,
4385,0.0,0.0,rare,,,,,,,,,,,,,,,,,,,,,,,,,,,,,,,,,,,,
4386,0.0,0.0,rare,,,,,,,,,,,,,,,,,,,,,,,,,,,,,,,,,,,,
4387,0.0,0.0,rare,,,,,,,,,,,,,,,,,,,,,,,,,,,,,,,,,,,,
4388,0.0026507620941020544,41.16926956176758,rare,,,,,,,,,,,,,,,,,,,,,,,,,,,,,,,,,,,,
4389,0.0,0.0,rare,,,,,,,,,,,,,,,,,,,,,,,,,,,,,,,,,,,,
4390,0.0,0.0,rare,,,,,,,,,,,,,,,,,,,,,,,,,,,,,,,,,,,,
4391,0.0,0.0,rare,,,,,,,,,,,,,,,,,,,,,,,,,,,,,,,,,,,,
4392,0.0,0.0,rare,,,,,,,,,,,,,,,,,,,,,,,,,,,,,,,,,,,,
4393,0.02186878727634195,184.258056640625,imaging,0.4915424029429153,0.49290004672289467,0.5111168991700511,0.022233798340102195,-0.3658436952196911,-0.024589674298308543,0.5843380174161253,0.06479503323268859,-0.703680244709967,-0.09274525041468444,-0.36641832790154794,-0.02467200047446902,-0.19280885885069335,-0.005587712458498176,0.9635450420651894,0.09697330309243819,0.7448243773355852,0.08102579692492409,0.8027954621262636,0.11733014244809278,-0.44082518501057205,-0.07030980717410729,-0.7244240769930854,-0.08042110368984844,-0.2641738651505991,-0.03746083746839467,0.3171823840527376,0.005148304157606762,-0.3217298056643131,-0.03208565290899561,0.03498303285730607,0.003426075339797101,frac_pore,-0.703680244709967,p1_c0,0.9635450420651894
4394,0.0,0.0,rare,,,,,,,,,,,,,,,,,,,,,,,,,,,,,,,,,,,,
4395,0.0,0.0,rare,,,,,,,,,,,,,,,,,,,,,,,,,,,,,,,,,,,,
4396,0.0,0.0,rare,,,,,,,,,,,,,,,,,,,,,,,,,,,,,,,,,,,,
4397,0.0,0.0,rare,,,,,,,,,,,,,,,,,,,,,,,,,,,,,,,,,,,,
4398,0.0,0.0,rare,,,,,,,,,,,,,,,,,,,,,,,,,,,,,,,,,,,,
4399,0.0,0.0,rare,,,,,,,,,,,,,,,,,,,,,,,,,,,,,,,,,,,,
4400,0.003976143141153081,51.431243896484375,rare,,,,,,,,,,,,,,,,,,,,,,,,,,,,,,,,,,,,
4401,0.11862160371106693,1093.5738525390625,imaging,0.4253394408258758,0.45816735466530517,0.5828536111601624,0.16570722232032487,-0.3315884419017371,-0.08563195715060143,0.4574005799451205,0.1349292808377264,-0.39534816643639387,-0.09986236166239017,-0.3321780627286736,-0.08586005067275673,-0.14367109625568958,-0.05616763196036305,1.0983863082831715,0.29409827937331345,0.5233935127826717,0.16764914805135586,0.9501335383311531,0.3004751789769241,-0.738174939088402,-0.28878387252366366,-1.0604883056256167,-0.33040115212697857,-0.6128636932055181,-0.24362930551009168,0.10169376245072087,-0.008183377506523943,-0.6459466166790293,-0.23025765325574685,-0.1752783278011617,-0.09178064338315714,frac_graphite,0.4574005799451205,p1_c0,1.0983863082831715
4402,0.0,0.0,rare,,,,,,,,,,,,,,,,,,,,,,,,,,,,,,,,,,,,
4403,0.0,0.0,rare,,,,,,,,,,,,,,,,,,,,,,,,,,,,,,,,,,,,
4404,0.0,0.0,rare,,,,,,,,,,,,,,,,,,,,,,,,,,,,,,,,,,,,
4405,0.0,0.0,rare,,,,,,,,,,,,,,,,,,,,,,,,,,,,,,,,,,,,
4406,0.0013253810470510272,24.357898712158203,rare,,,,,,,,,,,,,,,,,,,,,,,,,,,,,,,,,,,,
4407,0.0,0.0,rare,,,,,,,,,,,,,,,,,,,,,,,,,,,,,,,,,,,,
4408,0.0,0.0,rare,,,,,,,,,,,,,,,,,,,,,,,,,,,,,,,,,,,,
4409,0.0,0.0,rare,,,,,,,,,,,,,,,,,,,,,,,,,,,,,,,,,,,,
4410,0.0,0.0,rare,,,,,,,,,,,,,,,,,,,,,,,,,,,,,,,,,,,,
4411,0.0,0.0,rare,,,,,,,,,,,,,,,,,,,,,,,,,,,,,,,,,,,,
4412,0.0,0.0,rare,,,,,,,,,,,,,,,,,,,,,,,,,,,,,,,,,,,,
4413,0.0,0.0,rare,,,,,,,,,,,,,,,,,,,,,,,,,,,,,,,,,,,,
4414,0.0,0.0,rare,,,,,,,,,,,,,,,,,,,,,,,,,,,,,,,,,,,,
4415,0.0,0.0,rare,,,,,,,,,,,,,,,,,,,,,,,,,,,,,,,,,,,,
4416,0.0,0.0,rare,,,,,,,,,,,,,,,,,,,,,,,,,,,,,,,,,,,,
4417,0.0,0.0,rare,,,,,,,,,,,,,,,,,,,,,,,,,,,,,,,,,,,,
4418,0.0,0.0,rare,,,,,,,,,,,,,,,,,,,,,,,,,,,,,,,,,,,,
4419,0.0,0.0,rare,,,,,,,,,,,,,,,,,,,,,,,,,,,,,,,,,,,,
4420,0.0,0.0,rare,,,,,,,,,,,,,,,,,,,,,,,,,,,,,,,,,,,,
4421,0.0,0.0,rare,,,,,,,,,,,,,,,,,,,,,,,,,,,,,,,,,,,,
4422,0.0,0.0,rare,,,,,,,,,,,,,,,,,,,,,,,,,,,,,,,,,,,,
4423,0.0,0.0,rare,,,,,,,,,,,,,,,,,,,,,,,,,,,,,,,,,,,,
4424,0.0,0.0,rare,,,,,,,,,,,,,,,,,,,,,,,,,,,,,,,,,,,,
4425,0.0,0.0,rare,,,,,,,,,,,,,,,,,,,,,,,,,,,,,,,,,,,,
4426,0.00927766732935719,79.82438659667969,imaging,0.4959322684803864,0.49937863366842156,0.5032986049796927,0.008135463039227186,-0.3288630767292067,-0.01972833780319007,0.4602021909543976,0.03602366042681205,-0.48462209492481295,-0.034041060719056895,-0.3294516906914307,-0.01975988448355081,-0.137052683634538,-0.005197991219861358,-0.038991800811154546,0.009534707821543057,0.35414184271837146,0.027244449602696882,-0.21765710781636616,0.006841921311671795,-0.35742420446995904,-0.029885597676483192,-0.2775848220485459,-0.02671052603476589,-0.41879133213919734,-0.02875787456400066,-0.018983242786777703,-0.014678402304260383,-0.35387240625076005,-0.028704498937995815,-0.6357176516191986,-0.057081320323280234,frac_pore,-0.48462209492481295,sharpness_c2,-0.6357176516191986
4427,0.0,0.0,rare,,,,,,,,,,,,,,,,,,,,,,,,,,,,,,,,,,,,
4428,0.0,0.0,rare,,,,,,,,,,,,,,,,,,,,,,,,,,,,,,,,,,,,
4429,0.0,0.0,rare,,,,,,,,,,,,,,,,,,,,,,,,,,,,,,,,,,,,
4430,0.0,0.0,rare,,,,,,,,,,,,,,,,,,,,,,,,,,,,,,,,,,,,
4431,0.0,0.0,rare,,,,,,,,,,,,,,,,,,,,,,,,,,,,,,,,,,,,
4432,0.0,0.0,rare,,,,,,,,,,,,,,,,,,,,,,,,,,,,,,,,,,,,
4433,0.0,0.0,rare,,,,,,,,,,,,,,,,,,,,,,,,,,,,,,,,,,,,
4434,0.0,0.0,rare,,,,,,,,,,,,,,,,,,,,,,,,,,,,,,,,,,,,
4435,0.0006626905235255136,12.076860427856445,rare,,,,,,,,,,,,,,,,,,,,,,,,,,,,,,,,,,,,
4436,0.0,0.0,rare,,,,,,,,,,,,,,,,,,,,,,,,,,,,,,,,,,,,
4437,0.0,0.0,rare,,,,,,,,,,,,,,,,,,,,,,,,,,,,,,,,,,,,
4438,0.0,0.0,rare,,,,,,,,,,,,,,,,,,,,,,,,,,,,,,,,,,,,
4439,0.0,0.0,rare,,,,,,,,,,,,,,,,,,,,,,,,,,,,,,,,,,,,
4440,0.0,0.0,rare,,,,,,,,,,,,,,,,,,,,,,,,,,,,,,,,,,,,
4441,0.0,0.0,rare,,,,,,,,,,,,,,,,,,,,,,,,,,,,,,,,,,,,
4442,0.0,0.0,rare,,,,,,,,,,,,,,,,,,,,,,,,,,,,,,,,,,,,
4443,0.0,0.0,rare,,,,,,,,,,,,,,,,,,,,,,,,,,,,,,,,,,,,
4444,0.0,0.0,rare,,,,,,,,,,,,,,,,,,,,,,,,,,,,,,,,,,,,
4445,0.0,0.0,rare,,,,,,,,,,,,,,,,,,,,,,,,,,,,,,,,,,,,
4446,0.0,0.0,rare,,,,,,,,,,,,,,,,,,,,,,,,,,,,,,,,,,,,
4447,0.005964214711729622,54.30890655517578,rare,,,,,,,,,,,,,,,,,,,,,,,,,,,,,,,,,,,,
4448,0.0006626905235255136,20.19135856628418,rare,,,,,,,,,,,,,,,,,,,,,,,,,,,,,,,,,,,,
4449,0.0,0.0,rare,,,,,,,,,,,,,,,,,,,,,,,,,,,,,,,,,,,,
4450,0.0,0.0,rare,,,,,,,,,,,,,,,,,,,,,,,,,,,,,,,,,,,,
4451,0.0,0.0,rare,,,,,,,,,,,,,,,,,,,,,,,,,,,,,,,,,,,,
4452,0.0013253810470510272,26.180225372314453,rare,,,,,,,,,,,,,,,,,,,,,,,,,,,,,,,,,,,,
4453,0.0,0.0,rare,,,,,,,,,,,,,,,,,,,,,,,,,,,,,,,,,,,,
4454,0.0,0.0,rare,,,,,,,,,,,,,,,,,,,,,,,,,,,,,,,,,,,,
4455,0.0,0.0,rare,,,,,,,,,,,,,,,,,,,,,,,,,,,,,,,,,,,,
4456,0.0,0.0,rare,,,,,,,,,,,,,,,,,,,,,,,,,,,,,,,,,,,,
4457,0.0,0.0,rare,,,,,,,,,,,,,,,,,,,,,,,,,,,,,,,,,,,,
4458,0.0,0.0,rare,,,,,,,,,,,,,,,,,,,,,,,,,,,,,,,,,,,,
4459,0.0,0.0,rare,,,,,,,,,,,,,,,,,,,,,,,,,,,,,,,,,,,,
4460,0.0,0.0,rare,,,,,,,,,,,,,,,,,,,,,,,,,,,,,,,,,,,,
4461,0.0,0.0,rare,,,,,,,,,,,,,,,,,,,,,,,,,,,,,,,,,,,,
4462,0.0,0.0,rare,,,,,,,,,,,,,,,,,,,,,,,,,,,,,,,,,,,,
4463,0.0,0.0,rare,,,,,,,,,,,,,,,,,,,,,,,,,,,,,,,,,,,,
4464,0.0,0.0,rare,,,,,,,,,,,,,,,,,,,,,,,,,,,,,,,,,,,,
4465,0.0,0.0,rare,,,,,,,,,,,,,,,,,,,,,,,,,,,,,,,,,,,,
4466,0.0,0.0,rare,,,,,,,,,,,,,,,,,,,,,,,,,,,,,,,,,,,,
4467,0.0,0.0,rare,,,,,,,,,,,,,,,,,,,,,,,,,,,,,,,,,,,,
4468,0.0,0.0,rare,,,,,,,,,,,,,,,,,,,,,,,,,,,,,,,,,,,,
4469,0.0,0.0,rare,,,,,,,,,,,,,,,,,,,,,,,,,,,,,,,,,,,,
4470,0.0,0.0,rare,,,,,,,,,,,,,,,,,,,,,,,,,,,,,,,,,,,,
4471,0.0,0.0,rare,,,,,,,,,,,,,,,,,,,,,,,,,,,,,,,,,,,,
4472,0.0,0.0,rare,,,,,,,,,,,,,,,,,,,,,,,,,,,,,,,,,,,,
4473,0.0,0.0,rare,,,,,,,,,,,,,,,,,,,,,,,,,,,,,,,,,,,,
4474,0.0,0.0,rare,,,,,,,,,,,,,,,,,,,,,,,,,,,,,,,,,,,,
4475,0.0,0.0,rare,,,,,,,,,,,,,,,,,,,,,,,,,,,,,,,,,,,,
4476,0.0,0.0,rare,,,,,,,,,,,,,,,,,,,,,,,,,,,,,,,,,,,,
4477,0.0,0.0,rare,,,,,,,,,,,,,,,,,,,,,,,,,,,,,,,,,,,,
4478,0.0,0.0,rare,,,,,,,,,,,,,,,,,,,,,,,,,,,,,,,,,,,,
4479,0.0,0.0,rare,,,,,,,,,,,,,,,,,,,,,,,,,,,,,,,,,,,,
4480,0.0,0.0,rare,,,,,,,,,,,,,,,,,,,,,,,,,,,,,,,,,,,,
4481,0.0,0.0,rare,,,,,,,,,,,,,,,,,,,,,,,,,,,,,,,,,,,,
4482,0.0,0.0,rare,,,,,,,,,,,,,,,,,,,,,,,,,,,,,,,,,,,,
4483,0.0,0.0,rare,,,,,,,,,,,,,,,,,,,,,,,,,,,,,,,,,,,,
4484,0.0,0.0,rare,,,,,,,,,,,,,,,,,,,,,,,,,,,,,,,,,,,,
4485,0.0,0.0,rare,,,,,,,,,,,,,,,,,,,,,,,,,,,,,,,,,,,,
4486,0.0006626905235255136,0.5820550322532654,rare,,,,,,,,,,,,,,,,,,,,,,,,,,,,,,,,,,,,
4487,0.0,0.0,rare,,,,,,,,,,,,,,,,,,,,,,,,,,,,,,,,,,,,
4488,0.0,0.0,rare,,,,,,,,,,,,,,,,,,,,,,,,,,,,,,,,,,,,
4489,0.0,0.0,rare,,,,,,,,,,,,,,,,,,,,,,,,,,,,,,,,,,,,
4490,0.0,0.0,rare,,,,,,,,,,,,,,,,,,,,,,,,,,,,,,,,,,,,
4491,0.0006626905235255136,15.709989547729492,rare,,,,,,,,,,,,,,,,,,,,,,,,,,,,,,,,,,,,
4492,0.0,0.0,rare,,,,,,,,,,,,,,,,,,,,,,,,,,,,,,,,,,,,
4493,0.0,0.0,rare,,,,,,,,,,,,,,,,,,,,,,,,,,,,,,,,,,,,
4494,0.0,0.0,rare,,,,,,,,,,,,,,,,,,,,,,,,,,,,,,,,,,,,
4495,0.0013253810470510272,24.082853317260742,rare,,,,,,,,,,,,,,,,,,,,,,,,,,,,,,,,,,,,
4496,0.0,0.0,rare,,,,,,,,,,,,,,,,,,,,,,,,,,,,,,,,,,,,
4497,0.0,0.0,rare,,,,,,,,,,,,,,,,,,,,,,,,,,,,,,,,,,,,
4498,0.0,0.0,rare,,,,,,,,,,,,,,,,,,,,,,,,,,,,,,,,,,,,
4499,0.0,0.0,rare,,,,,,,,,,,,,,,,,,,,,,,,,,,,,,,,,,,,
4500,0.0,0.0,rare,,,,,,,,,,,,,,,,,,,,,,,,,,,,,,,,,,,,
4501,0.0,0.0,rare,,,,,,,,,,,,,,,,,,,,,,,,,,,,,,,,,,,,
4502,0.013916500994035786,125.78138732910156,material,0.4948483822555951,0.5017171868000598,0.5023415150980045,0.010303235488809848,-0.4619118261893702,-0.057031128529511164,0.030109185545254814,-0.02939972656397715,1.0972948970516276,0.10711252641198897,-0.46165876891735314,-0.05668342228002887,-0.33683288317719684,-0.04133716002918112,0.19706229885160134,-0.002979605191886804,-0.292143681696057,-0.0416990999430422,0.20976438438042935,-0.025613806655851355,-0.6870024702440001,-0.08086111090134028,-0.695241020063305,-0.07417509875051147,-0.9306437032858554,-0.10150515321178348,-0.08737284308592465,-0.0076606867178669125,-0.6900034751164568,-0.08917343086902024,-0.7610149704193971,-0.09786518547274593,frac_pore,1.0972948970516276,noise_sigma_c2,-0.9306437032858554
4503,0.02385685884691849,190.0924072265625,imaging,0.4960560690048965,0.5206953522761757,0.4875825534169168,0.04139070455235139,-0.7026874172878984,-0.14377996400948542,0.7539767084193738,0.13751725408477236,-0.1725563386941377,-0.012225363948690107,-0.7031146663691318,-0.14381958556628405,-0.33683290015722905,-0.04871169672373329,-0.42074242885087065,-0.06627675452235693,-0.03227331256868137,0.0075707793480480545,-0.3989952697827807,-0.051130801676466484,0.45905905779108835,0.05306936247460102,0.3804298808543716,0.04266008102454516,0.48329804826347067,0.059968888181204966,1.1602776149487353,0.15717908700306232,0.014575028603672956,0.01352224714395978,0.6600576305161888,0.10802464613676831,frac_graphite,0.7539767084193738,sharpness_c0,1.1602776149487353
4504,0.0,0.0,rare,,,,,,,,,,,,,,,,,,,,,,,,,,,,,,,,,,,,
4505,0.007952286282306162,94.04837036132812,mixed,0.49487617421007685,0.5056982664361028,0.4994031432103126,0.011396532872205656,-0.2210017232284893,0.005519103919165488,0.23960369103748716,-0.010001573498715246,-0.061038899282683974,0.0020715834237445816,-0.22163973052296493,0.00543347516199513,-0.33683289870535066,-0.03115089719541056,-0.3033243779080419,-0.00732274932296709,-0.08249268233050266,-0.004022985157082409,-0.3071125998204359,0.003749668755574075,0.03873936665870849,-0.0004665641356603612,0.3738699465671154,0.02224309839748602,0.20861000771159774,0.01857096874366086,-0.15425638769399078,-0.02945011025893677,0.1381752326715382,0.015589366722310833,-0.4684606715225034,-0.036925147359765334,K04_agglom_frac,-0.33683289870535066,sharpness_c2,-0.4684606715225034
4506,0.0,0.0,rare,,,,,,,,,,,,,,,,,,,,,,,,,,,,,,,,,,,,
4507,0.009940357852882704,90.81466674804688,imaging,0.4935952177625961,0.4934612031386225,0.5092707045735476,0.018541409147095234,0.09056535849727498,0.02909880060570404,0.2075703139358585,0.006899949749153565,-0.7406759563604824,-0.07942925261678148,0.08979102717191034,0.029052775063579353,-0.3368329062341535,-0.034863871151342034,0.44151648898368906,0.09826489836030673,1.3533427893771892,0.11379728420290104,-0.16150176891783358,0.030517770320083133,-1.2690560479743014,-0.10577828154976023,-0.9760438830065954,-0.10441842783425812,-1.61847450721316,-0.14445902184709092,-1.0489013778066871,-0.12945061406086253,-1.0445295486796247,-0.11860126537220042,-1.3785031394652836,-0.14649994043873027,frac_pore,-0.7406759563604824,noise_sigma_c2,-1.61847450721316
4508,0.0,0.0,rare,,,,,,,,,,,,,,,,,,,,,,,,,,,,,,,,,,,,
4509,0.0,0.0,rare,,,,,,,,,,,,,,,,,,,,,,,,,,,,,,,,,,,,
4510,0.0,0.0,rare,,,,,,,,,,,,,,,,,,,,,,,,,,,,,,,,,,,,
4511,0.0,0.0,rare,,,,,,,,,,,,,,,,,,,,,,,,,,,,,,,,,,,,
4512,0.0006626905235255136,7.829586029052734,rare,,,,,,,,,,,,,,,,,,,,,,,,,,,,,,,,,,,,
4513,0.0,0.0,rare,,,,,,,,,,,,,,,,,,,,,,,,,,,,,,,,,,,,
4514,0.0,0.0,rare,,,,,,,,,,,,,,,,,,,,,,,,,,,,,,,,,,,,
4515,0.0,0.0,rare,,,,,,,,,,,,,,,,,,,,,,,,,,,,,,,,,,,,
4516,0.0,0.0,rare,,,,,,,,,,,,,,,,,,,,,,,,,,,,,,,,,,,,
4517,0.0,0.0,rare,,,,,,,,,,,,,,,,,,,,,,,,,,,,,,,,,,,,
4518,0.0,0.0,rare,,,,,,,,,,,,,,,,,,,,,,,,,,,,,,,,,,,,
4519,0.0,0.0,rare,,,,,,,,,,,,,,,,,,,,,,,,,,,,,,,,,,,,
4520,0.0,0.0,rare,,,,,,,,,,,,,,,,,,,,,,,,,,,,,,,,,,,,
4521,0.0,0.0,rare,,,,,,,,,,,,,,,,,,,,,,,,,,,,,,,,,,,,
4522,0.0,0.0,rare,,,,,,,,,,,,,,,,,,,,,,,,,,,,,,,,,,,,
4523,0.0,0.0,rare,,,,,,,,,,,,,,,,,,,,,,,,,,,,,,,,,,,,
4524,0.0,0.0,rare,,,,,,,,,,,,,,,,,,,,,,,,,,,,,,,,,,,,
4525,0.0,0.0,rare,,,,,,,,,,,,,,,,,,,,,,,,,,,,,,,,,,,,
4526,0.0,0.0,rare,,,,,,,,,,,,,,,,,,,,,,,,,,,,,,,,,,,,
4527,0.0,0.0,rare,,,,,,,,,,,,,,,,,,,,,,,,,,,,,,,,,,,,
4528,0.0,0.0,rare,,,,,,,,,,,,,,,,,,,,,,,,,,,,,,,,,,,,
4529,0.0,0.0,rare,,,,,,,,,,,,,,,,,,,,,,,,,,,,,,,,,,,,
4530,0.0,0.0,rare,,,,,,,,,,,,,,,,,,,,,,,,,,,,,,,,,,,,
4531,0.0,0.0,rare,,,,,,,,,,,,,,,,,,,,,,,,,,,,,,,,,,,,
4532,0.0,0.0,rare,,,,,,,,,,,,,,,,,,,,,,,,,,,,,,,,,,,,
4533,0.0,0.0,rare,,,,,,,,,,,,,,,,,,,,,,,,,,,,,,,,,,,,
4534,0.0,0.0,rare,,,,,,,,,,,,,,,,,,,,,,,,,,,,,,,,,,,,
4535,0.0,0.0,rare,,,,,,,,,,,,,,,,,,,,,,,,,,,,,,,,,,,,
4536,0.0,0.0,rare,,,,,,,,,,,,,,,,,,,,,,,,,,,,,,,,,,,,
4537,0.0,0.0,rare,,,,,,,,,,,,,,,,,,,,,,,,,,,,,,,,,,,,
4538,0.008614976805831677,80.43681335449219,material,0.5021071354579861,0.5015919501750905,0.4973600565071517,0.005279886985696591,0.262180193846084,-0.013388700139821233,-0.9914185971360492,-0.06384473358659527,2.2594744143212164,0.13662849825877746,0.2613307736637103,-0.013421710449268051,0.2716913852127515,0.024334348933010657,-0.5670524423949053,-0.05621665448372144,-0.9005505434551387,-0.07981547845849707,-0.499931774354211,-0.0676933134292609,0.06496314576856209,-0.015227949240101296,-0.029815311545776907,-0.021436442281460875,-0.04092008373215124,-0.026811746682028022,-0.1437556458507791,-0.020729695315396507,-0.3587872752753814,-0.04661673011302757,-0.4974137634787405,-0.05453560580494796,frac_pore,2.2594744143212164,p1_c1,-0.9005505434551387
4539,0.0,0.0,rare,,,,,,,,,,,,,,,,,,,,,,,,,,,,,,,,,,,,
4540,0.0,0.0,rare,,,,,,,,,,,,,,,,,,,,,,,,,,,,,,,,,,,,
4541,0.0,0.0,rare,,,,,,,,,,,,,,,,,,,,,,,,,,,,,,,,,,,,
4542,0.0,0.0,rare,,,,,,,,,,,,,,,,,,,,,,,,,,,,,,,,,,,,
4543,0.0,0.0,rare,,,,,,,,,,,,,,,,,,,,,,,,,,,,,,,,,,,,
4544,0.0026507620941020544,34.976806640625,rare,,,,,,,,,,,,,,,,,,,,,,,,,,,,,,,,,,,,
4545,0.0006626905235255136,0.23708905279636383,rare,,,,,,,,,,,,,,,,,,,,,,,,,,,,,,,,,,,,
4546,0.0,0.0,rare,,,,,,,,,,,,,,,,,,,,,,,,,,,,,,,,,,,,
4547,0.0,0.0,rare,,,,,,,,,,,,,,,,,,,,,,,,,,,,,,,,,,,,
4548,0.0,0.0,rare,,,,,,,,,,,,,,,,,,,,,,,,,,,,,,,,,,,,
4549,0.003976143141153081,60.03422927856445,rare,,,,,,,,,,,,,,,,,,,,,,,,,,,,,,,,,,,,
4550,0.0,0.0,rare,,,,,,,,,,,,,,,,,,,,,,,,,,,,,,,,,,,,
4551,0.0,0.0,rare,,,,,,,,,,,,,,,,,,,,,,,,,,,,,,,,,,,,
4552,0.0,0.0,rare,,,,,,,,,,,,,,,,,,,,,,,,,,,,,,,,,,,,
4553,0.0,0.0,rare,,,,,,,,,,,,,,,,,,,,,,,,,,,,,,,,,,,,
4554,0.003976143141153081,48.05802536010742,rare,,,,,,,,,,,,,,,,,,,,,,,,,,,,,,,,,,,,
4555,0.0,0.0,rare,,,,,,,,,,,,,,,,,,,,,,,,,,,,,,,,,,,,
4556,0.0,0.0,rare,,,,,,,,,,,,,,,,,,,,,,,,,,,,,,,,,,,,
4557,0.0,0.0,rare,,,,,,,,,,,,,,,,,,,,,,,,,,,,,,,,,,,,
4558,0.0,0.0,rare,,,,,,,,,,,,,,,,,,,,,,,,,,,,,,,,,,,,
4559,0.0,0.0,rare,,,,,,,,,,,,,,,,,,,,,,,,,,,,,,,,,,,,
4560,0.0,0.0,rare,,,,,,,,,,,,,,,,,,,,,,,,,,,,,,,,,,,,
4561,0.0,0.0,rare,,,,,,,,,,,,,,,,,,,,,,,,,,,,,,,,,,,,
4562,0.0,0.0,rare,,,,,,,,,,,,,,,,,,,,,,,,,,,,,,,,,,,,
4563,0.0013253810470510272,22.289230346679688,rare,,,,,,,,,,,,,,,,,,,,,,,,,,,,,,,,,,,,
4564,0.0006626905235255136,16.157224655151367,rare,,,,,,,,,,,,,,,,,,,,,,,,,,,,,,,,,,,,
4565,0.0,0.0,rare,,,,,,,,,,,,,,,,,,,,,,,,,,,,,,,,,,,,
4566,0.0,0.0,rare,,,,,,,,,,,,,,,,,,,,,,,,,,,,,,,,,,,,
4567,0.0,0.0,rare,,,,,,,,,,,,,,,,,,,,,,,,,,,,,,,,,,,,
4568,0.0,0.0,rare,,,,,,,,,,,,,,,,,,,,,,,,,,,,,,,,,,,,
4569,0.0927766732935719,684.8306274414062,imaging,0.5016750968928595,0.5177306160196911,0.4858290658661487,0.03546123203938212,-0.6010920530043558,-0.2499928623913758,0.5651732058521306,0.1866029073928371,0.11737970292263813,0.05428315166484779,-0.6015568820037438,-0.2501028393988556,-0.15990617435726248,-0.04193024688250489,-0.30517956405935937,-0.09274989699107293,-0.07304616366575613,-0.03615116183450199,-0.2783810573802632,-0.096414630182,0.27050843918291795,0.010778338014504257,0.2125667400906236,0.02778267680748044,0.1881248518092331,-0.009512099089402648,0.9816466611786274,0.2090753392964528,0.21995649786480176,0.023483449992522734,0.6317236600446718,0.1386078016542446,K01_si_frac_adm,-0.6015568820037438,sharpness_c0,0.9816466611786274
4570,0.027170311464546057,217.02947998046875,imaging,0.48436955214528615,0.48576637589291305,0.5213605862616988,0.04272117252339758,0.02454925821472532,0.033229719536718896,-0.09157772754365825,-0.03739822707661604,0.1862649463646761,0.0419322333174996,0.02380381179507478,0.0330710718453374,-0.04946472633675486,-0.016910291774768632,1.3139104576848335,0.1580818611417528,0.11132653244245463,0.021369148088604482,1.3864920539484182,0.16328914641220968,-1.13904194994909,-0.17296935918864975,-1.2838081522400355,-0.1770781135218271,-1.0442504652396747,-0.15405279812877562,-0.43781853239953444,-0.0849724188403415,-0.7957970315157329,-0.13414007106359854,-0.3976205739576424,-0.09156545676417448,frac_pore,0.1862649463646761,p1_c2,1.3864920539484182
4571,0.0,0.0,rare,,,,,,,,,,,,,,,,,,,,,,,,,,,,,,,,,,,,
4572,0.0,0.0,rare,,,,,,,,,,,,,,,,,,,,,,,,,,,,,,,,,,,,
4573,0.0,0.0,rare,,,,,,,,,,,,,,,,,,,,,,,,,,,,,,,,,,,,
4574,0.0,0.0,rare,,,,,,,,,,,,,,,,,,,,,,,,,,,,,,,,,,,,
4575,0.0,0.0,rare,,,,,,,,,,,,,,,,,,,,,,,,,,,,,,,,,,,,
4576,0.0,0.0,rare,,,,,,,,,,,,,,,,,,,,,,,,,,,,,,,,,,,,
4577,0.0006626905235255136,15.16814136505127,rare,,,,,,,,,,,,,,,,,,,,,,,,,,,,,,,,,,,,
4578,0.0,0.0,rare,,,,,,,,,,,,,,,,,,,,,,,,,,,,,,,,,,,,
4579,0.0,0.0,rare,,,,,,,,,,,,,,,,,,,,,,,,,,,,,,,,,,,,
4580,0.003976143141153081,45.89098358154297,rare,,,,,,,,,,,,,,,,,,,,,,,,,,,,,,,,,,,,
4581,0.0,0.0,rare,,,,,,,,,,,,,,,,,,,,,,,,,,,,,,,,,,,,
4582,0.0013253810470510272,17.74605941772461,rare,,,,,,,,,,,,,,,,,,,,,,,,,,,,,,,,,,,,
4583,0.0,0.0,rare,,,,,,,,,,,,,,,,,,,,,,,,,,,,,,,,,,,,
4584,0.0,0.0,rare,,,,,,,,,,,,,,,,,,,,,,,,,,,,,,,,,,,,
4585,0.0,0.0,rare,,,,,,,,,,,,,,,,,,,,,,,,,,,,,,,,,,,,
4586,0.0,0.0,rare,,,,,,,,,,,,,,,,,,,,,,,,,,,,,,,,,,,,
4587,0.0,0.0,rare,,,,,,,,,,,,,,,,,,,,,,,,,,,,,,,,,,,,
4588,0.0,0.0,rare,,,,,,,,,,,,,,,,,,,,,,,,,,,,,,,,,,,,
4589,0.0033134526176275677,51.768699645996094,rare,,,,,,,,,,,,,,,,,,,,,,,,,,,,,,,,,,,,
4590,0.0,0.0,rare,,,,,,,,,,,,,,,,,,,,,,,,,,,,,,,,,,,,
4591,0.0,0.0,rare,,,,,,,,,,,,,,,,,,,,,,,,,,,,,,,,,,,,
4592,0.0,0.0,rare,,,,,,,,,,,,,,,,,,,,,,,,,,,,,,,,,,,,
4593,0.0006626905235255136,14.652990341186523,rare,,,,,,,,,,,,,,,,,,,,,,,,,,,,,,,,,,,,
4594,0.0,0.0,rare,,,,,,,,,,,,,,,,,,,,,,,,,,,,,,,,,,,,
4595,0.0,0.0,rare,,,,,,,,,,,,,,,,,,,,,,,,,,,,,,,,,,,,
4596,0.0013253810470510272,27.94842529296875,rare,,,,,,,,,,,,,,,,,,,,,,,,,,,,,,,,,,,,
4597,0.02054340622929092,184.94842529296875,imaging,0.505790832697487,0.493803195460654,0.5004962034257461,0.012393609078692025,0.3678645946189413,0.016695111150028034,-0.311701251970862,-0.014567517790282897,-0.06682820800003746,-0.039455584572412,0.3669689330175484,0.016652299675920246,0.4271126767763372,0.0789097930512727,-0.15585487212188512,0.014395183097565762,0.5091483284528382,0.03240634790456526,-0.2877971439351807,0.0004348639800953679,0.4364726484030096,0.06839996246926337,0.2488122129619134,0.030881840475076326,0.4086868779137567,0.05729440655194009,0.6482646378750819,0.07543470487912056,0.5422983022621397,0.03730719038150228,0.46870204366762663,0.04728152886981179,K04_agglom_frac,0.4271126767763372,sharpness_c0,0.6482646378750819
4598,0.0,0.0,rare,,,,,,,,,,,,,,,,,,,,,,,,,,,,,,,,,,,,
4599,0.0,0.0,rare,,,,,,,,,,,,,,,,,,,,,,,,,,,,,,,,,,,,
4600,0.0,0.0,rare,,,,,,,,,,,,,,,,,,,,,,,,,,,,,,,,,,,,
4601,0.0,0.0,rare,,,,,,,,,,,,,,,,,,,,,,,,,,,,,,,,,,,,
4602,0.0,0.0,rare,,,,,,,,,,,,,,,,,,,,,,,,,,,,,,,,,,,,
4603,0.0,0.0,rare,,,,,,,,,,,,,,,,,,,,,,,,,,,,,,,,,,,,
4604,0.0006626905235255136,1.2795360088348389,rare,,,,,,,,,,,,,,,,,,,,,,,,,,,,,,,,,,,,
4605,0.0,0.0,rare,,,,,,,,,,,,,,,,,,,,,,,,,,,,,,,,,,,,
4606,0.0,0.0,rare,,,,,,,,,,,,,,,,,,,,,,,,,,,,,,,,,,,,
4607,0.0,0.0,rare,,,,,,,,,,,,,,,,,,,,,,,,,,,,,,,,,,,,
4608,0.0,0.0,rare,,,,,,,,,,,,,,,,,,,,,,,,,,,,,,,,,,,,
4609,0.0026507620941020544,38.74684143066406,rare,,,,,,,,,,,,,,,,,,,,,,,,,,,,,,,,,,,,
4610,0.0,0.0,rare,,,,,,,,,,,,,,,,,,,,,,,,,,,,,,,,,,,,
4611,0.0,0.0,rare,,,,,,,,,,,,,,,,,,,,,,,,,,,,,,,,,,,,
4612,0.0,0.0,rare,,,,,,,,,,,,,,,,,,,,,,,,,,,,,,,,,,,,
4613,0.0,0.0,rare,,,,,,,,,,,,,,,,,,,,,,,,,,,,,,,,,,,,
4614,0.0,0.0,rare,,,,,,,,,,,,,,,,,,,,,,,,,,,,,,,,,,,,
4615,0.0,0.0,rare,,,,,,,,,,,,,,,,,,,,,,,,,,,,,,,,,,,,
4616,0.0,0.0,rare,,,,,,,,,,,,,,,,,,,,,,,,,,,,,,,,,,,,
4617,0.0,0.0,rare,,,,,,,,,,,,,,,,,,,,,,,,,,,,,,,,,,,,
4618,0.0,0.0,rare,,,,,,,,,,,,,,,,,,,,,,,,,,,,,,,,,,,,
4619,0.0,0.0,rare,,,,,,,,,,,,,,,,,,,,,,,,,,,,,,,,,,,,
4620,0.0,0.0,rare,,,,,,,,,,,,,,,,,,,,,,,,,,,,,,,,,,,,
4621,0.0,0.0,rare,,,,,,,,,,,,,,,,,,,,,,,,,,,,,,,,,,,,
4622,0.0,0.0,rare,,,,,,,,,,,,,,,,,,,,,,,,,,,,,,,,,,,,
4623,0.0033134526176275677,47.05733871459961,rare,,,,,,,,,,,,,,,,,,,,,,,,,,,,,,,,,,,,
4624,0.0,0.0,rare,,,,,,,,,,,,,,,,,,,,,,,,,,,,,,,,,,,,
4625,0.0,0.0,rare,,,,,,,,,,,,,,,,,,,,,,,,,,,,,,,,,,,,
4626,0.0,0.0,rare,,,,,,,,,,,,,,,,,,,,,,,,,,,,,,,,,,,,
4627,0.0013253810470510272,22.258312225341797,rare,,,,,,,,,,,,,,,,,,,,,,,,,,,,,,,,,,,,
4628,0.0,0.0,rare,,,,,,,,,,,,,,,,,,,,,,,,,,,,,,,,,,,,
4629,0.0,0.0,rare,,,,,,,,,,,,,,,,,,,,,,,,,,,,,,,,,,,,
4630,0.0,0.0,rare,,,,,,,,,,,,,,,,,,,,,,,,,,,,,,,,,,,,
4631,0.025182239893969515,215.71002197265625,imaging,0.4875365716855568,0.5071095868636414,0.5034981458590853,0.024926856628886385,0.4010479556297851,0.049707437150345986,-0.2591703507343397,-0.04059080015438458,-0.36550183096264655,-0.033693291306557606,0.4001386916221523,0.049581163989605936,0.25199505200990674,0.0011494204665656572,0.007996609713459921,0.025146705894282105,0.8895876744690788,0.08976830718007198,-0.17948177581868313,-0.0016866444449369362,0.10467102415856483,0.008460057649547053,0.34125540049967523,0.03322401478340939,-0.09486034611987544,-0.031186394072200165,-0.38937475989095166,-0.04672207300268113,0.5446452189901807,0.015691350975621937,-0.9701283391613137,-0.15777765817211728,frac_si,0.4010479556297851,sharpness_c2,-0.9701283391613137
4632,0.0006626905235255136,6.88480281829834,rare,,,,,,,,,,,,,,,,,,,,,,,,,,,,,,,,,,,,
4633,0.0,0.0,rare,,,,,,,,,,,,,,,,,,,,,,,,,,,,,,,,,,,,
4634,0.0,0.0,rare,,,,,,,,,,,,,,,,,,,,,,,,,,,,,,,,,,,,
4635,0.0,0.0,rare,,,,,,,,,,,,,,,,,,,,,,,,,,,,,,,,,,,,
4636,0.0026507620941020544,35.78578567504883,rare,,,,,,,,,,,,,,,,,,,,,,,,,,,,,,,,,,,,
4637,0.0,0.0,rare,,,,,,,,,,,,,,,,,,,,,,,,,,,,,,,,,,,,
4638,0.0,0.0,rare,,,,,,,,,,,,,,,,,,,,,,,,,,,,,,,,,,,,
4639,0.0,0.0,rare,,,,,,,,,,,,,,,,,,,,,,,,,,,,,,,,,,,,
4640,0.0,0.0,rare,,,,,,,,,,,,,,,,,,,,,,,,,,,,,,,,,,,,
4641,0.0,0.0,rare,,,,,,,,,,,,,,,,,,,,,,,,,,,,,,,,,,,,
4642,0.0,0.0,rare,,,,,,,,,,,,,,,,,,,,,,,,,,,,,,,,,,,,
4643,0.0,0.0,rare,,,,,,,,,,,,,,,,,,,,,,,,,,,,,,,,,,,,
4644,0.0,0.0,rare,,,,,,,,,,,,,,,,,,,,,,,,,,,,,,,,,,,,
4645,0.0,0.0,rare,,,,,,,,,,,,,,,,,,,,,,,,,,,,,,,,,,,,
4646,0.0,0.0,rare,,,,,,,,,,,,,,,,,,,,,,,,,,,,,,,,,,,,
4647,0.04440026507620941,384.06787109375,imaging,0.542381467314135,0.5123972216736431,0.46128906939784564,0.08476293462826989,0.3749136786737832,0.09964065370467438,-0.31554261351363483,-0.07889686921147754,-0.04250721422601943,0.0008268191169959308,0.3740149327224773,0.09944050493749965,0.1978478069017275,0.020418153749311923,-0.48695366530332623,-0.10964988733814092,-0.28390970715177993,-0.06794181049412824,-0.3939049274959228,-0.06827255074762716,0.8385580059298549,0.18610656494561104,1.1685573902350705,0.259323576397162,0.8434627045047726,0.1918290073412335,-0.2687910005221468,-0.036698405559997815,0.9774947980663408,0.19444049131907104,0.3819651835557507,0.10273066336008367,frac_si,0.3749136786737832,noise_sigma_c1,1.1685573902350705
4648,0.0,0.0,rare,,,,,,,,,,,,,,,,,,,,,,,,,,,,,,,,,,,,
4649,0.0,0.0,rare,,,,,,,,,,,,,,,,,,,,,,,,,,,,,,,,,,,,
4650,0.0,0.0,rare,,,,,,,,,,,,,,,,,,,,,,,,,,,,,,,,,,,,
4651,0.0291583830351226,232.72933959960938,imaging,0.5173194407248141,0.5099683536682288,0.4805862616987462,0.03882747660250763,-0.5364070690048012,-0.09850864984591776,0.4776314534192735,0.08789728838228196,0.14566238408435983,0.008754464075604516,-0.5357870116450238,-0.09836046267455444,-0.27809095263002137,-0.04140065157366179,-0.5353993156051574,-0.09186106204955359,-0.38936183251651313,-0.07316138682171205,-0.46091304303358044,-0.0809582291904695,0.4009430313503314,0.07528387629552272,0.5957758815016718,0.11009492419174156,0.4056506872163551,0.08750224973052083,0.6792857123562608,0.12996269636017488,0.32631807937403967,0.07181468046465617,0.39923409011333943,0.09699886025442465,frac_si,-0.5364070690048012,sharpness_c0,0.6792857123562608
4652,0.0,0.0,rare,,,,,,,,,,,,,,,,,,,,,,,,,,,,,,,,,,,,
4653,0.0,0.0,rare,,,,,,,,,,,,,,,,,,,,,,,,,,,,,,,,,,,,
4654,0.0033134526176275677,61.26915740966797,rare,,,,,,,,,,,,,,,,,,,,,,,,,,,,,,,,,,,,
4655,0.0,0.0,rare,,,,,,,,,,,,,,,,,,,,,,,,,,,,,,,,,,,,
4656,0.0,0.0,rare,,,,,,,,,,,,,,,,,,,,,,,,,,,,,,,,,,,,
4657,0.0,0.0,rare,,,,,,,,,,,,,,,,,,,,,,,,,,,,,,,,,,,,
4658,0.0,0.0,rare,,,,,,,,,,,,,,,,,,,,,,,,,,,,,,,,,,,,
4659,0.0,0.0,rare,,,,,,,,,,,,,,,,,,,,,,,,,,,,,,,,,,,,
4660,0.0,0.0,rare,,,,,,,,,,,,,,,,,,,,,,,,,,,,,,,,,,,,
4661,0.0,0.0,rare,,,,,,,,,,,,,,,,,,,,,,,,,,,,,,,,,,,,
4662,0.0006626905235255136,14.0890474319458,rare,,,,,,,,,,,,,,,,,,,,,,,,,,,,,,,,,,,,
4663,0.0,0.0,rare,,,,,,,,,,,,,,,,,,,,,,,,,,,,,,,,,,,,
4664,0.0,0.0,rare,,,,,,,,,,,,,,,,,,,,,,,,,,,,,,,,,,,,
4665,0.004638833664678595,51.16267395019531,rare,,,,,,,,,,,,,,,,,,,,,,,,,,,,,,,,,,,,
4666,0.0,0.0,rare,,,,,,,,,,,,,,,,,,,,,,,,,,,,,,,,,,,,
4667,0.0,0.0,rare,,,,,,,,,,,,,,,,,,,,,,,,,,,,,,,,,,,,
4668,0.0,0.0,rare,,,,,,,,,,,,,,,,,,,,,,,,,,,,,,,,,,,,
4669,0.0,0.0,rare,,,,,,,,,,,,,,,,,,,,,,,,,,,,,,,,,,,,
4670,0.0,0.0,rare,,,,,,,,,,,,,,,,,,,,,,,,,,,,,,,,,,,,
4671,0.0,0.0,rare,,,,,,,,,,,,,,,,,,,,,,,,,,,,,,,,,,,,
4672,0.0,0.0,rare,,,,,,,,,,,,,,,,,,,,,,,,,,,,,,,,,,,,
4673,0.0,0.0,rare,,,,,,,,,,,,,,,,,,,,,,,,,,,,,,,,,,,,
4674,0.0,0.0,rare,,,,,,,,,,,,,,,,,,,,,,,,,,,,,,,,,,,,
4675,0.0,0.0,rare,,,,,,,,,,,,,,,,,,,,,,,,,,,,,,,,,,,,
4676,0.0,0.0,rare,,,,,,,,,,,,,,,,,,,,,,,,,,,,,,,,,,,,
4677,0.0,0.0,rare,,,,,,,,,,,,,,,,,,,,,,,,,,,,,,,,,,,,
4678,0.0,0.0,rare,,,,,,,,,,,,,,,,,,,,,,,,,,,,,,,,,,,,
4679,0.0,0.0,rare,,,,,,,,,,,,,,,,,,,,,,,,,,,,,,,,,,,,
4680,0.005301524188204109,57.980499267578125,rare,,,,,,,,,,,,,,,,,,,,,,,,,,,,,,,,,,,,
4681,0.0,0.0,rare,,,,,,,,,,,,,,,,,,,,,,,,,,,,,,,,,,,,
4682,0.0,0.0,rare,,,,,,,,,,,,,,,,,,,,,,,,,,,,,,,,,,,,
4683,0.0,0.0,rare,,,,,,,,,,,,,,,,,,,,,,,,,,,,,,,,,,,,
4684,0.0,0.0,rare,,,,,,,,,,,,,,,,,,,,,,,,,,,,,,,,,,,,
4685,0.0,0.0,rare,,,,,,,,,,,,,,,,,,,,,,,,,,,,,,,,,,,,
4686,0.0,0.0,rare,,,,,,,,,,,,,,,,,,,,,,,,,,,,,,,,,,,,
4687,0.0,0.0,rare,,,,,,,,,,,,,,,,,,,,,,,,,,,,,,,,,,,,
4688,0.0,0.0,rare,,,,,,,,,,,,,,,,,,,,,,,,,,,,,,,,,,,,
4689,0.0,0.0,rare,,,,,,,,,,,,,,,,,,,,,,,,,,,,,,,,,,,,
4690,0.0,0.0,rare,,,,,,,,,,,,,,,,,,,,,,,,,,,,,,,,,,,,
4691,0.031146454605699137,319.32952880859375,imaging,0.49340193735188154,0.4920390449262308,0.5104485255165108,0.02089705103302153,-0.02073313142758991,0.01717055792625909,0.12573945035020845,0.014313428735577801,-0.3249978667056423,-0.044288398567195984,-0.02145876482811522,0.01698719885853177,0.1031063759736125,0.013890678883319152,0.706906405551795,0.11756482644077805,0.34733259085979123,0.059718595114566654,0.583473240694022,0.11031772239018858,-0.39605272714537565,-0.06413054727210003,-0.5653973416016471,-0.09215562260598463,-0.2559597279370222,-0.045951368430491094,0.0216001579824848,0.00031315079359121336,-0.3343075881549207,-0.06242014784749618,-0.14600893267705425,-0.03762224085868133,frac_pore,-0.3249978667056423,p1_c0,0.706906405551795
4692,0.0,0.0,rare,,,,,,,,,,,,,,,,,,,,,,,,,,,,,,,,,,,,
4693,0.0,0.0,rare,,,,,,,,,,,,,,,,,,,,,,,,,,,,,,,,,,,,
4694,0.0,0.0,rare,,,,,,,,,,,,,,,,,,,,,,,,,,,,,,,,,,,,
4695,0.07422133863485753,631.3972778320312,imaging,0.4746613171365191,0.4849113950878342,0.5287727352993113,0.057545470598622694,-0.1321617244501309,-0.01110365707777997,0.021469624155326893,-0.018134292272971204,0.2101361067268941,0.06121787867600325,-0.12989209582876876,-0.010225793295326548,-0.09459054064052627,0.006511047023813455,-0.10341565197698863,0.05671389126850619,0.3674170974841326,0.0876017798902876,-0.38512505175957584,-0.09433368621738422,-0.9654655413043651,-0.17614704246904106,-0.6146108467710678,-0.13334347103530916,-1.2287887513059141,-0.24300091514690408,-0.6108918758228621,-0.16938983057220922,-0.8425173356221085,-0.20397281351735805,-1.3819458745235562,-0.3263115791623099,frac_pore,0.2101361067268941,sharpness_c2,-1.3819458745235562
4696,0.0,0.0,rare,,,,,,,,,,,,,,,,,,,,,,,,,,,,,,,,,,,,
4697,0.0,0.0,rare,,,,,,,,,,,,,,,,,,,,,,,,,,,,,,,,,,,,
4698,0.0,0.0,rare,,,,,,,,,,,,,,,,,,,,,,,,,,,,,,,,,,,,
4699,0.0019880715705765406,25.45698356628418,rare,,,,,,,,,,,,,,,,,,,,,,,,,,,,,,,,,,,,
4700,0.0,0.0,rare,,,,,,,,,,,,,,,,,,,,,,,,,,,,,,,,,,,,
4701,0.0,0.0,rare,,,,,,,,,,,,,,,,,,,,,,,,,,,,,,,,,,,,
4702,0.0,0.0,rare,,,,,,,,,,,,,,,,,,,,,,,,,,,,,,,,,,,,
4703,0.0,0.0,rare,,,,,,,,,,,,,,,,,,,,,,,,,,,,,,,,,,,,
4704,0.0,0.0,rare,,,,,,,,,,,,,,,,,,,,,,,,,,,,,,,,,,,,
4705,0.0,0.0,rare,,,,,,,,,,,,,,,,,,,,,,,,,,,,,,,,,,,,
4706,0.0,0.0,rare,,,,,,,,,,,,,,,,,,,,,,,,,,,,,,,,,,,,
4707,0.0,0.0,rare,,,,,,,,,,,,,,,,,,,,,,,,,,,,,,,,,,,,
4708,0.0,0.0,rare,,,,,,,,,,,,,,,,,,,,,,,,,,,,,,,,,,,,
4709,0.0,0.0,rare,,,,,,,,,,,,,,,,,,,,,,,,,,,,,,,,,,,,
4710,0.0,0.0,rare,,,,,,,,,,,,,,,,,,,,,,,,,,,,,,,,,,,,
4711,0.0,0.0,rare,,,,,,,,,,,,,,,,,,,,,,,,,,,,,,,,,,,,
4712,0.0,0.0,rare,,,,,,,,,,,,,,,,,,,,,,,,,,,,,,,,,,,,
4713,0.0,0.0,rare,,,,,,,,,,,,,,,,,,,,,,,,,,,,,,,,,,,,
4714,0.0,0.0,rare,,,,,,,,,,,,,,,,,,,,,,,,,,,,,,,,,,,,
4715,0.0,0.0,rare,,,,,,,,,,,,,,,,,,,,,,,,,,,,,,,,,,,,
4716,0.0,0.0,rare,,,,,,,,,,,,,,,,,,,,,,,,,,,,,,,,,,,,
4717,0.0,0.0,rare,,,,,,,,,,,,,,,,,,,,,,,,,,,,,,,,,,,,
4718,0.0,0.0,rare,,,,,,,,,,,,,,,,,,,,,,,,,,,,,,,,,,,,
4719,0.0,0.0,rare,,,,,,,,,,,,,,,,,,,,,,,,,,,,,,,,,,,,
4720,0.0,0.0,rare,,,,,,,,,,,,,,,,,,,,,,,,,,,,,,,,,,,,
4721,0.0,0.0,rare,,,,,,,,,,,,,,,,,,,,,,,,,,,,,,,,,,,,
4722,0.0,0.0,rare,,,,,,,,,,,,,,,,,,,,,,,,,,,,,,,,,,,,
4723,0.0,0.0,rare,,,,,,,,,,,,,,,,,,,,,,,,,,,,,,,,,,,,
4724,0.0,0.0,rare,,,,,,,,,,,,,,,,,,,,,,,,,,,,,,,,,,,,
4725,0.0,0.0,rare,,,,,,,,,,,,,,,,,,,,,,,,,,,,,,,,,,,,
4726,0.0,0.0,rare,,,,,,,,,,,,,,,,,,,,,,,,,,,,,,,,,,,,
4727,0.0,0.0,rare,,,,,,,,,,,,,,,,,,,,,,,,,,,,,,,,,,,,
4728,0.0,0.0,rare,,,,,,,,,,,,,,,,,,,,,,,,,,,,,,,,,,,,
4729,0.0,0.0,rare,,,,,,,,,,,,,,,,,,,,,,,,,,,,,,,,,,,,
4730,0.0,0.0,rare,,,,,,,,,,,,,,,,,,,,,,,,,,,,,,,,,,,,
4731,0.0,0.0,rare,,,,,,,,,,,,,,,,,,,,,,,,,,,,,,,,,,,,
4732,0.0,0.0,rare,,,,,,,,,,,,,,,,,,,,,,,,,,,,,,,,,,,,
4733,0.0,0.0,rare,,,,,,,,,,,,,,,,,,,,,,,,,,,,,,,,,,,,
4734,0.00728959575878065,83.58988952636719,imaging,0.49719680240930975,0.4952048823016565,0.5054750132438637,0.01095002648772736,-0.6980149937094178,-0.07101768696686843,0.8819977252228707,0.09201454244827587,-0.6294016223903692,-0.047522268568785206,-0.6984442871371348,-0.07101768678084613,-0.3368328838931525,-0.028417121248368652,0.24608545238486254,0.053147730455043764,0.9196619758750462,0.07428182113034903,-0.38154410463329536,-0.019358772582939287,-1.1122092030017174,-0.06585199787545584,-0.7517034528493722,-0.05818265028159631,-1.4663467053387915,-0.10641225928498584,-0.2384297940633267,-0.015251305567529443,-1.0185906480821219,-0.0851903685684119,-1.439262117071386,-0.10987809340435008,frac_graphite,0.8819977252228707,noise_sigma_c2,-1.4663467053387915
4735,0.0,0.0,rare,,,,,,,,,,,,,,,,,,,,,,,,,,,,,,,,,,,,
4736,0.0,0.0,rare,,,,,,,,,,,,,,,,,,,,,,,,,,,,,,,,,,,,
4737,0.0,0.0,rare,,,,,,,,,,,,,,,,,,,,,,,,,,,,,,,,,,,,
4738,0.0,0.0,rare,,,,,,,,,,,,,,,,,,,,,,,,,,,,,,,,,,,,
4739,0.0,0.0,rare,,,,,,,,,,,,,,,,,,,,,,,,,,,,,,,,,,,,
4740,0.0033134526176275677,46.56365966796875,rare,,,,,,,,,,,,,,,,,,,,,,,,,,,,,,,,,,,,
4741,0.0,0.0,rare,,,,,,,,,,,,,,,,,,,,,,,,,,,,,,,,,,,,
4742,0.0,0.0,rare,,,,,,,,,,,,,,,,,,,,,,,,,,,,,,,,,,,,
4743,0.038436050364479786,329.15533447265625,imaging,0.484588097969166,0.49283502001377605,0.5160250750485609,0.032050150097121755,-0.25457443521218276,-0.04172738222167032,0.20591058822059,0.02341333032438339,0.14686739793529485,0.02517130023878888,-0.25494176551434167,-0.041661097109084,-0.07298732554757521,-0.003918463699531963,-0.10051826979415862,0.04878133981975306,0.49634583195742626,0.09822009385496053,-0.3132759336131492,-0.025659152264115092,-0.7922036385677312,-0.10779829755255466,-0.4633713752379342,-0.078074647841934,-0.9035275621277312,-0.13425049348296592,-0.3065973371159369,-0.07368123965592081,-0.5788562024870507,-0.09970657663554067,-1.0619147729287257,-0.18578161780636218,K01_si_frac_adm,-0.25494176551434167,sharpness_c2,-1.0619147729287257
4744,0.0,0.0,rare,,,,,,,,,,,,,,,,,,,,,,,,,,,,,,,,,,,,
4745,0.0,0.0,rare,,,,,,,,,,,,,,,,,,,,,,,,,,,,,,,,,,,,
4746,0.0,0.0,rare,,,,,,,,,,,,,,,,,,,,,,,,,,,,,,,,,,,,
4747,0.0,0.0,rare,,,,,,,,,,,,,,,,,,,,,,,,,,,,,,,,,,,,
4748,0.0,0.0,rare,,,,,,,,,,,,,,,,,,,,,,,,,,,,,,,,,,,,
4749,0.0,0.0,rare,,,,,,,,,,,,,,,,,,,,,,,,,,,,,,,,,,,,
4750,0.0,0.0,rare,,,,,,,,,,,,,,,,,,,,,,,,,,,,,,,,,,,,
4751,0.0,0.0,rare,,,,,,,,,,,,,,,,,,,,,,,,,,,,,,,,,,,,
4752,0.0,0.0,rare,,,,,,,,,,,,,,,,,,,,,,,,,,,,,,,,,,,,
4753,0.0145791915175613,142.06573486328125,imaging,0.49626577193416843,0.4958623745827453,0.5056436517746778,0.011287303549355698,-0.5173186241143278,-0.07409656493376367,0.7607625285521229,0.11894230112648355,-0.7515524850326671,-0.11783850846000232,-0.5178269800297661,-0.07418514815871241,-0.33683290999855714,-0.04232457615854792,0.486393515415205,0.08419107364360018,1.452376464922596,0.14686789640893663,0.1482268026181171,0.07412720041268892,-0.9061570513626152,-0.06415454422457563,-0.6983555244166364,-0.05877088371179872,-0.9940709052150489,-0.0749957947421699,0.13642345704177108,0.024747360759407602,-0.5778744817271265,-0.05145812171307878,-0.5765627307436529,-0.06224556091408331,frac_graphite,0.7607625285521229,p1_c1,1.452376464922596
4754,0.0026507620941020544,39.759857177734375,rare,,,,,,,,,,,,,,,,,,,,,,,,,,,,,,,,,,,,
4755,0.0,0.0,rare,,,,,,,,,,,,,,,,,,,,,,,,,,,,,,,,,,,,
4756,0.0,0.0,rare,,,,,,,,,,,,,,,,,,,,,,,,,,,,,,,,,,,,
4757,0.0,0.0,rare,,,,,,,,,,,,,,,,,,,,,,,,,,,,,,,,,,,,
4758,0.02253147779986746,202.84544372558594,imaging,0.4873672934173492,0.48882263122149067,0.5170245452940136,0.0340490905880273,-0.18269178237381786,0.01590525654260874,0.3673744358477386,0.03817369492546357,-0.5370670964844649,-0.0919808472641244,-0.1833465519044013,0.015823036044838177,-0.09936537682098306,-0.010511668881991131,1.6432341939414667,0.18270128116859524,0.5974309183936738,0.11052305533723217,1.6419414819928564,0.1973094784326947,-1.2459028240172707,-0.16880313031011251,-1.367256612995138,-0.18283663557599406,-1.0065564945334524,-0.13609694343161127,-0.23205327174606924,-0.049172927917320246,-1.010464486484768,-0.16124902453070264,-0.22323995134747238,-0.05428915160408041,frac_pore,-0.5370670964844649,p1_c0,1.6432341939414667
4759,0.0,0.0,rare,,,,,,,,,,,,,,,,,,,,,,,,,,,,,,,,,,,,
4760,0.0,0.0,rare,,,,,,,,,,,,,,,,,,,,,,,,,,,,,,,,,,,,
4761,0.0,0.0,rare,,,,,,,,,,,,,,,,,,,,,,,,,,,,,,,,,,,,
4762,0.0,0.0,rare,,,,,,,,,,,,,,,,,,,,,,,,,,,,,,,,,,,,
4763,0.0,0.0,rare,,,,,,,,,,,,,,,,,,,,,,,,,,,,,,,,,,,,
4764,0.0,0.0,rare,,,,,,,,,,,,,,,,,,,,,,,,,,,,,,,,,,,,
4765,0.0,0.0,rare,,,,,,,,,,,,,,,,,,,,,,,,,,,,,,,,,,,,
4766,0.0006626905235255136,12.910301208496094,rare,,,,,,,,,,,,,,,,,,,,,,,,,,,,,,,,,,,,
4767,0.0,0.0,rare,,,,,,,,,,,,,,,,,,,,,,,,,,,,,,,,,,,,
4768,0.0,0.0,rare,,,,,,,,,,,,,,,,,,,,,,,,,,,,,,,,,,,,
4769,0.0,0.0,rare,,,,,,,,,,,,,,,,,,,,,,,,,,,,,,,,,,,,
4770,0.0,0.0,rare,,,,,,,,,,,,,,,,,,,,,,,,,,,,,,,,,,,,
4771,0.0006626905235255136,14.335945129394531,rare,,,,,,,,,,,,,,,,,,,,,,,,,,,,,,,,,,,,
4772,0.0,0.0,rare,,,,,,,,,,,,,,,,,,,,,,,,,,,,,,,,,,,,
4773,0.0,0.0,rare,,,,,,,,,,,,,,,,,,,,,,,,,,,,,,,,,,,,
4774,0.0,0.0,rare,,,,,,,,,,,,,,,,,,,,,,,,,,,,,,,,,,,,
4775,0.0,0.0,rare,,,,,,,,,,,,,,,,,,,,,,,,,,,,,,,,,,,,
4776,0.0,0.0,rare,,,,,,,,,,,,,,,,,,,,,,,,,,,,,,,,,,,,
4777,0.0006626905235255136,13.312207221984863,rare,,,,,,,,,,,,,,,,,,,,,,,,,,,,,,,,,,,,
4778,0.0,0.0,rare,,,,,,,,,,,,,,,,,,,,,,,,,,,,,,,,,,,,
4779,0.0,0.0,rare,,,,,,,,,,,,,,,,,,,,,,,,,,,,,,,,,,,,
4780,0.0,0.0,rare,,,,,,,,,,,,,,,,,,,,,,,,,,,,,,,,,,,,
4781,0.007952286282306162,72.53716278076172,imaging,0.5101541695511347,0.4965752599864166,0.4954140914709517,0.020308339102269368,0.14883192125392986,0.01378052962402985,-0.07658827561250059,-0.009887741648494102,-0.17231828360170562,0.00501842032149782,0.1480320958243775,0.013660622106752625,0.10927045095347708,-0.007282043038309754,-0.5776661472833445,-0.055216033614698845,-0.10941734373502354,0.0031740154999368555,-0.48907549574583037,-0.054212778815702356,0.47788430901230033,0.032227702583151975,0.545988966620004,0.03984207555143912,0.3006067919617196,0.014641165295291986,-0.17424735950645714,-0.019415542219654067,0.1320730769128651,0.023386115832325687,0.3447429497980534,0.03969129858523708,frac_pore,-0.17231828360170562,p1_c0,-0.5776661472833445
4782,0.0,0.0,rare,,,,,,,,,,,,,,,,,,,,,,,,,,,,,,,,,,,,
4783,0.0,0.0,rare,,,,,,,,,,,,,,,,,,,,,,,,,,,,,,,,,,,,
4784,0.0,0.0,rare,,,,,,,,,,,,,,,,,,,,,,,,,,,,,,,,,,,,
4785,0.0,0.0,rare,,,,,,,,,,,,,,,,,,,,,,,,,,,,,,,,,,,,
4786,0.0,0.0,rare,,,,,,,,,,,,,,,,,,,,,,,,,,,,,,,,,,,,
4787,0.0,0.0,rare,,,,,,,,,,,,,,,,,,,,,,,,,,,,,,,,,,,,
4788,0.0,0.0,rare,,,,,,,,,,,,,,,,,,,,,,,,,,,,,,,,,,,,
4789,0.0,0.0,rare,,,,,,,,,,,,,,,,,,,,,,,,,,,,,,,,,,,,
4790,0.0,0.0,rare,,,,,,,,,,,,,,,,,,,,,,,,,,,,,,,,,,,,
4791,0.0,0.0,rare,,,,,,,,,,,,,,,,,,,,,,,,,,,,,,,,,,,,
4792,0.0,0.0,rare,,,,,,,,,,,,,,,,,,,,,,,,,,,,,,,,,,,,
4793,0.0,0.0,rare,,,,,,,,,,,,,,,,,,,,,,,,,,,,,,,,,,,,
4794,0.0013253810470510272,18.91429901123047,rare,,,,,,,,,,,,,,,,,,,,,,,,,,,,,,,,,,,,
4795,0.0,0.0,rare,,,,,,,,,,,,,,,,,,,,,,,,,,,,,,,,,,,,
4796,0.0,0.0,rare,,,,,,,,,,,,,,,,,,,,,,,,,,,,,,,,,,,,
4797,0.0026507620941020544,40.966087341308594,rare,,,,,,,,,,,,,,,,,,,,,,,,,,,,,,,,,,,,
4798,0.017229953611663355,156.5879364013672,material,0.5251795107605395,0.4922666384081462,0.4880716934487021,0.05035902152107896,1.1990284913259694,0.04481483221115445,-1.2876067172915524,-0.06758602570924964,0.22240760263616288,0.012088581221861773,1.2007276471641106,0.04499772805199434,0.9528313782829002,0.0756131631064281,-0.3912152501204056,-0.04742000499069701,-0.7966638184031816,-0.10276659628283404,-0.32977796548480853,-0.043265239130849294,0.8772386957565613,0.10398271075802715,0.24027339466906295,0.01131900737014526,0.9296870400789162,0.11500204885813954,0.7073649806215182,0.11232278235263043,0.26481732824489945,0.041434404160782964,0.001507315892073187,-0.0034224200401472824,frac_graphite,-1.2876067172915524,noise_sigma_c2,0.9296870400789162
4799,0.019880715705765408,163.96487426757812,imaging,0.5004749897675076,0.4887166617695935,0.5079410206604272,0.022566676460813007,-0.06425075212798023,0.006069200959130197,0.2909270717964598,0.03927535218958956,-0.7475852865641146,-0.11993532284140956,-0.06495734465561878,0.005948667805987548,-0.1879457667589202,-0.0031953974507223726,1.053249073031233,0.141935155220005,0.5788075209799821,0.0667285191083033,0.8874670680143841,0.12592939084628105,-0.3701011535144205,-0.03561450550821937,-0.7744959073992784,-0.0937813854980804,-0.22206874891092832,-0.015496458883379709,0.31279666371446874,0.053372578560228534,-0.24590043718832705,-0.034238905017337166,0.16246057342392006,0.025063858946033298,frac_pore,-0.7475852865641146,p1_c0,1.053249073031233
4800,0.0,0.0,rare,,,,,,,,,,,,,,,,,,,,,,,,,,,,,,,,,,,,
4801,0.0,0.0,rare,,,,,,,,,,,,,,,,,,,,,,,,,,,,,,,,,,,,
4802,0.0,0.0,rare,,,,,,,,,,,,,,,,,,,,,,,,,,,,,,,,,,,,
4803,0.0,0.0,rare,,,,,,,,,,,,,,,,,,,,,,,,,,,,,,,,,,,,
4804,0.0,0.0,rare,,,,,,,,,,,,,,,,,,,,,,,,,,,,,,,,,,,,
4805,0.0,0.0,rare,,,,,,,,,,,,,,,,,,,,,,,,,,,,,,,,,,,,
4806,0.005964214711729622,57.62882995605469,rare,,,,,,,,,,,,,,,,,,,,,,,,,,,,,,,,,,,,
4807,0.0,0.0,rare,,,,,,,,,,,,,,,,,,,,,,,,,,,,,,,,,,,,
4808,0.0,0.0,rare,,,,,,,,,,,,,,,,,,,,,,,,,,,,,,,,,,,,
4809,0.0,0.0,rare,,,,,,,,,,,,,,,,,,,,,,,,,,,,,,,,,,,,
4810,0.0,0.0,rare,,,,,,,,,,,,,,,,,,,,,,,,,,,,,,,,,,,,
4811,0.0,0.0,rare,,,,,,,,,,,,,,,,,,,,,,,,,,,,,,,,,,,,
4812,0.0,0.0,rare,,,,,,,,,,,,,,,,,,,,,,,,,,,,,,,,,,,,
4813,0.0,0.0,rare,,,,,,,,,,,,,,,,,,,,,,,,,,,,,,,,,,,,
4814,0.0,0.0,rare,,,,,,,,,,,,,,,,,,,,,,,,,,,,,,,,,,,,
4815,0.0,0.0,rare,,,,,,,,,,,,,,,,,,,,,,,,,,,,,,,,,,,,
4816,0.0,0.0,rare,,,,,,,,,,,,,,,,,,,,,,,,,,,,,,,,,,,,
4817,0.011928429423459244,97.11798095703125,imaging,0.4961192325378097,0.4939717832250357,0.507132262051916,0.014264524103831944,-0.2458772603375873,-0.020584538735493218,0.2963237366051791,0.026254881561423308,-0.2390403426953777,-0.02055965759023775,-0.24650438351890042,-0.020626493780945422,-0.14887084880298304,-0.016948360147046367,0.9675841070214903,0.07216955076748377,0.15840237695628498,0.024535889130212336,0.989244716547317,0.08493530812008772,-0.8965487489748727,-0.08237702604741341,-0.8921772764704621,-0.07719052058326997,-0.7498045724464542,-0.0688525277686212,0.06616714346546008,0.00988382645111572,-0.4853773436448448,-0.05208609689622167,-0.2583308286386183,-0.03312674960292819,frac_graphite,0.2963237366051791,p1_c2,0.989244716547317
4818,0.0,0.0,rare,,,,,,,,,,,,,,,,,,,,,,,,,,,,,,,,,,,,
4819,0.0,0.0,rare,,,,,,,,,,,,,,,,,,,,,,,,,,,,,,,,,,,,
4820,0.0,0.0,rare,,,,,,,,,,,,,,,,,,,,,,,,,,,,,,,,,,,,
4821,0.0,0.0,rare,,,,,,,,,,,,,,,,,,,,,,,,,,,,,,,,,,,,
4822,0.0,0.0,rare,,,,,,,,,,,,,,,,,,,,,,,,,,,,,,,,,,,,
4823,0.0066269052352551355,63.954959869384766,imaging,0.5052552059383827,0.5029262019103401,0.4941815292247925,0.011636941550414948,0.039283788493445215,0.011363516381383302,0.04885100967586398,-0.011818039166187991,-0.17257915168101717,0.016879554276821213,0.03853189512200885,0.011325916257491958,0.16911165080019933,0.02852419532962746,-0.5702595749986378,-0.06557330735945417,-0.22121885126185697,-0.032969842003583646,-0.40550817624086016,-0.044247092616723695,0.8513111356812403,0.07684836239841449,1.043461030460433,0.08025981376931669,0.6601287126153479,0.06109293278327995,0.3974024607661862,0.02711676213031221,0.8454652102277385,0.07402115034397994,0.5267875692430387,0.05307337033659518,frac_pore,-0.17257915168101717,noise_sigma_c1,1.043461030460433
4824,0.0,0.0,rare,,,,,,,,,,,,,,,,,,,,,,,,,,,,,,,,,,,,
4825,0.0,0.0,rare,,,,,,,,,,,,,,,,,,,,,,,,,,,,,,,,,,,,
4826,0.0,0.0,rare,,,,,,,,,,,,,,,,,,,,,,,,,,,,,,,,,,,,
4827,0.0,0.0,rare,,,,,,,,,,,,,,,,,,,,,,,,,,,,,,,,,,,,
4828,0.0,0.0,rare,,,,,,,,,,,,,,,,,,,,,,,,,,,,,,,,,,,,
4829,0.0,0.0,rare,,,,,,,,,,,,,,,,,,,,,,,,,,,,,,,,,,,,
4830,0.0,0.0,rare,,,,,,,,,,,,,,,,,,,,,,,,,,,,,,,,,,,,
4831,0.0,0.0,rare,,,,,,,,,,,,,,,,,,,,,,,,,,,,,,,,,,,,
4832,0.0,0.0,rare,,,,,,,,,,,,,,,,,,,,,,,,,,,,,,,,,,,,
4833,0.0,0.0,rare,,,,,,,,,,,,,,,,,,,,,,,,,,,,,,,,,,,,
4834,0.0,0.0,rare,,,,,,,,,,,,,,,,,,,,,,,,,,,,,,,,,,,,
4835,0.0,0.0,rare,,,,,,,,,,,,,,,,,,,,,,,,,,,,,,,,,,,,
4836,0.0,0.0,rare,,,,,,,,,,,,,,,,,,,,,,,,,,,,,,,,,,,,
4837,0.00927766732935719,102.053955078125,material,0.49402220324508966,0.5084293882190869,0.4979975278121137,0.016858776438173795,-0.5172592640496899,-0.046664609663522975,0.23513755198575417,0.010037562663205069,0.8624632830542519,0.07520270094775286,-0.517767645925396,-0.04668044600077309,-0.33683290435195196,-0.03367006446576788,-0.5284999181921939,-0.05060589341912117,-0.2806402318047866,-0.02760150675446181,-0.4609354135904395,-0.03026448265101667,-0.02657111595651506,-0.033184476351840235,0.24255885389126006,0.008948051458349177,-0.003178044793114926,-0.029938931215224535,-0.07318190121628128,-0.010272052999232208,0.0295504217161488,0.007897784018364128,-0.18378139785793748,-0.02076517951326463,frac_pore,0.8624632830542519,p1_c0,-0.5284999181921939
4838,0.0,0.0,rare,,,,,,,,,,,,,,,,,,,,,,,,,,,,,,,,,,,,
4839,0.0,0.0,rare,,,,,,,,,,,,,,,,,,,,,,,,,,,,,,,,,,,,
4840,0.0,0.0,rare,,,,,,,,,,,,,,,,,,,,,,,,,,,,,,,,,,,,
4841,0.0,0.0,rare,,,,,,,,,,,,,,,,,,,,,,,,,,,,,,,,,,,,
4842,0.0,0.0,rare,,,,,,,,,,,,,,,,,,,,,,,,,,,,,,,,,,,,
4843,0.0,0.0,rare,,,,,,,,,,,,,,,,,,,,,,,,,,,,,,,,,,,,
4844,0.0,0.0,rare,,,,,,,,,,,,,,,,,,,,,,,,,,,,,,,,,,,,
4845,0.0,0.0,rare,,,,,,,,,,,,,,,,,,,,,,,,,,,,,,,,,,,,
4846,0.10139165009940358,1049.0067138671875,imaging,0.5547450972465753,0.567420655372892,0.41230443227971036,0.17539113544057927,-0.12693576317456756,0.004030544504616331,0.34135490848919786,0.0918091745626301,-0.657014807589039,-0.23341810631809756,-0.12761356485054104,0.003798874769268104,-0.09279903434917067,-0.0267996746985011,-0.3671286214229653,-0.1170900720320673,0.1044629411734273,0.005393378426726205,-0.32975740730998826,-0.0974289000537448,0.9200328624536868,0.35388625908499405,1.0699349614187184,0.359950474904532,1.0748470440008853,0.3971826730488653,0.6200121110527215,0.16490836058526748,1.0011890189007135,0.3117141126433537,0.9467052301597156,0.32288661229247784,frac_pore,-0.657014807589039,noise_sigma_c2,1.0748470440008853
4847,0.0,0.0,rare,,,,,,,,,,,,,,,,,,,,,,,,,,,,,,,,,,,,
4848,0.0,0.0,rare,,,,,,,,,,,,,,,,,,,,,,,,,,,,,,,,,,,,
4849,0.0,0.0,rare,,,,,,,,,,,,,,,,,,,,,,,,,,,,,,,,,,,,
4850,0.0,0.0,rare,,,,,,,,,,,,,,,,,,,,,,,,,,,,,,,,,,,,
4851,0.0,0.0,rare,,,,,,,,,,,,,,,,,,,,,,,,,,,,,,,,,,,,
4852,0.0,0.0,rare,,,,,,,,,,,,,,,,,,,,,,,,,,,,,,,,,,,,
4853,0.0,0.0,rare,,,,,,,,,,,,,,,,,,,,,,,,,,,,,,,,,,,,
4854,0.0,0.0,rare,,,,,,,,,,,,,,,,,,,,,,,,,,,,,,,,,,,,
4855,0.0,0.0,rare,,,,,,,,,,,,,,,,,,,,,,,,,,,,,,,,,,,,
4856,0.0,0.0,rare,,,,,,,,,,,,,,,,,,,,,,,,,,,,,,,,,,,,
4857,0.0,0.0,rare,,,,,,,,,,,,,,,,,,,,,,,,,,,,,,,,,,,,
4858,0.0,0.0,rare,,,,,,,,,,,,,,,,,,,,,,,,,,,,,,,,,,,,
4859,0.0,0.0,rare,,,,,,,,,,,,,,,,,,,,,,,,,,,,,,,,,,,,
4860,0.0,0.0,rare,,,,,,,,,,,,,,,,,,,,,,,,,,,,,,,,,,,,
4861,0.0,0.0,rare,,,,,,,,,,,,,,,,,,,,,,,,,,,,,,,,,,,,
4862,0.0,0.0,rare,,,,,,,,,,,,,,,,,,,,,,,,,,,,,,,,,,,,
4863,0.0,0.0,rare,,,,,,,,,,,,,,,,,,,,,,,,,,,,,,,,,,,,
4864,0.0,0.0,rare,,,,,,,,,,,,,,,,,,,,,,,,,,,,,,,,,,,,
4865,0.0,0.0,rare,,,,,,,,,,,,,,,,,,,,,,,,,,,,,,,,,,,,
4866,0.0,0.0,rare,,,,,,,,,,,,,,,,,,,,,,,,,,,,,,,,,,,,
4867,0.0,0.0,rare,,,,,,,,,,,,,,,,,,,,,,,,,,,,,,,,,,,,
4868,0.0,0.0,rare,,,,,,,,,,,,,,,,,,,,,,,,,,,,,,,,,,,,
4869,0.0,0.0,rare,,,,,,,,,,,,,,,,,,,,,,,,,,,,,,,,,,,,
4870,0.004638833664678595,37.69010543823242,rare,,,,,,,,,,,,,,,,,,,,,,,,,,,,,,,,,,,,
4871,0.0,0.0,rare,,,,,,,,,,,,,,,,,,,,,,,,,,,,,,,,,,,,
4872,0.0006626905235255136,7.8275580406188965,rare,,,,,,,,,,,,,,,,,,,,,,,,,,,,,,,,,,,,
4873,0.0,0.0,rare,,,,,,,,,,,,,,,,,,,,,,,,,,,,,,,,,,,,
4874,0.0,0.0,rare,,,,,,,,,,,,,,,,,,,,,,,,,,,,,,,,,,,,
4875,0.0,0.0,rare,,,,,,,,,,,,,,,,,,,,,,,,,,,,,,,,,,,,
4876,0.0,0.0,rare,,,,,,,,,,,,,,,,,,,,,,,,,,,,,,,,,,,,
4877,0.0026507620941020544,48.55017852783203,rare,,,,,,,,,,,,,,,,,,,,,,,,,,,,,,,,,,,,
4878,0.0,0.0,rare,,,,,,,,,,,,,,,,,,,,,,,,,,,,,,,,,,,,
4879,0.0,0.0,rare,,,,,,,,,,,,,,,,,,,,,,,,,,,,,,,,,,,,
4880,0.0,0.0,rare,,,,,,,,,,,,,,,,,,,,,,,,,,,,,,,,,,,,
4881,0.0066269052352551355,69.1056137084961,imaging,0.5014451816330553,0.4974591415511037,0.5008529048207665,0.005081716897792576,-0.3029951872474452,-0.01335071739560552,0.6891372404816998,0.05617883924551979,-1.2151582009016069,-0.11610787885122431,-0.30359731886937025,-0.01346309517004515,-0.3368328980779505,-0.028417121248368652,0.7889064538326983,0.07370142922671301,1.3551220433324018,0.07066533779036252,0.3206021401137777,0.08034272611377075,0.1835959590327064,0.005943288266318548,-0.09771166521199123,-0.024169074053785426,0.2889775788523915,0.011852158332588387,0.93310051951716,0.0628497763478761,0.35460507340474207,0.007125534438312136,0.26197226961554654,0.02120028775124384,frac_pore,-1.2151582009016069,p1_c1,1.3551220433324018
4882,0.026507620941020542,216.77920532226562,imaging,0.4829205807002562,0.49350696267466904,0.5166978633233269,0.03415883859948765,-0.57525149902558,-0.10960823836943162,0.717543318216647,0.12928498614850986,-0.4497026559089321,-0.07353206225882097,-0.5757345067497386,-0.10969302923320635,-0.21229929218204957,-0.026854661465345212,0.9516053697271029,0.13283611455849217,0.6615737273031526,0.09828066375326511,0.8238709018236836,0.14240551544743177,-0.6067292175139704,-0.11217701211634161,-1.0017706515436504,-0.14148963402114595,-0.48689675685687156,-0.09145935202002595,0.607222442915468,0.08969848978764364,-0.6255013274857935,-0.09538851730966118,0.1542652608454751,0.032268585420683664,frac_graphite,0.717543318216647,noise_sigma_c1,-1.0017706515436504
4883,0.0006626905235255136,19.970460891723633,rare,,,,,,,,,,,,,,,,,,,,,,,,,,,,,,,,,,,,
4884,0.0,0.0,rare,,,,,,,,,,,,,,,,,,,,,,,,,,,,,,,,,,,,
4885,0.0,0.0,rare,,,,,,,,,,,,,,,,,,,,,,,,,,,,,,,,,,,,
4886,0.0,0.0,rare,,,,,,,,,,,,,,,,,,,,,,,,,,,,,,,,,,,,
4887,0.0,0.0,rare,,,,,,,,,,,,,,,,,,,,,,,,,,,,,,,,,,,,
4888,0.008614976805831677,86.7141342163086,imaging,0.49444918872758326,0.4943330427201395,0.5080346106304079,0.01606922126081578,0.030711373088080827,-0.0020088911018601037,0.19412273446063055,0.032799533565453926,-0.5798229010089613,-0.0538689998437288,0.029963230558571113,-0.0020746281541191717,0.04229594801563257,-0.008651177228930657,1.9143375734790433,0.12974326374841508,0.6437501445196896,0.07425884060228984,1.960209180783498,0.148149912303782,-1.3883953790043706,-0.11510792689762586,-1.5110774959958524,-0.12129370812764592,-1.1026377876822433,-0.09430997631462187,-0.28829948047338033,-0.028404523604637518,-1.216296802704663,-0.11848541761937777,-0.6205431460589829,-0.07196609047696186,frac_pore,-0.5798229010089613,p1_c2,1.960209180783498
4889,0.0,0.0,rare,,,,,,,,,,,,,,,,,,,,,,,,,,,,,,,,,,,,
4890,0.0,0.0,rare,,,,,,,,,,,,,,,,,,,,,,,,,,,,,,,,,,,,
4891,0.0,0.0,rare,,,,,,,,,,,,,,,,,,,,,,,,,,,,,,,,,,,,
4892,0.0,0.0,rare,,,,,,,,,,,,,,,,,,,,,,,,,,,,,,,,,,,,
4893,0.0,0.0,rare,,,,,,,,,,,,,,,,,,,,,,,,,,,,,,,,,,,,
4894,0.0,0.0,rare,,,,,,,,,,,,,,,,,,,,,,,,,,,,,,,,,,,,
4895,0.0,0.0,rare,,,,,,,,,,,,,,,,,,,,,,,,,,,,,,,,,,,,
4896,0.0,0.0,rare,,,,,,,,,,,,,,,,,,,,,,,,,,,,,,,,,,,,
4897,0.005301524188204109,55.60951232910156,rare,,,,,,,,,,,,,,,,,,,,,,,,,,,,,,,,,,,,
4898,0.0,0.0,rare,,,,,,,,,,,,,,,,,,,,,,,,,,,,,,,,,,,,
4899,0.0,0.0,rare,,,,,,,,,,,,,,,,,,,,,,,,,,,,,,,,,,,,
4900,0.0,0.0,rare,,,,,,,,,,,,,,,,,,,,,,,,,,,,,,,,,,,,
4901,0.0,0.0,rare,,,,,,,,,,,,,,,,,,,,,,,,,,,,,,,,,,,,
4902,0.0,0.0,rare,,,,,,,,,,,,,,,,,,,,,,,,,,,,,,,,,,,,
4903,0.0,0.0,rare,,,,,,,,,,,,,,,,,,,,,,,,,,,,,,,,,,,,
4904,0.0,0.0,rare,,,,,,,,,,,,,,,,,,,,,,,,,,,,,,,,,,,,
4905,0.0,0.0,rare,,,,,,,,,,,,,,,,,,,,,,,,,,,,,,,,,,,,
4906,0.0,0.0,rare,,,,,,,,,,,,,,,,,,,,,,,,,,,,,,,,,,,,
4907,0.0,0.0,rare,,,,,,,,,,,,,,,,,,,,,,,,,,,,,,,,,,,,
4908,0.0,0.0,rare,,,,,,,,,,,,,,,,,,,,,,,,,,,,,,,,,,,,
4909,0.0,0.0,rare,,,,,,,,,,,,,,,,,,,,,,,,,,,,,,,,,,,,
4910,0.0,0.0,rare,,,,,,,,,,,,,,,,,,,,,,,,,,,,,,,,,,,,
4911,0.0,0.0,rare,,,,,,,,,,,,,,,,,,,,,,,,,,,,,,,,,,,,
4912,0.0,0.0,rare,,,,,,,,,,,,,,,,,,,,,,,,,,,,,,,,,,,,
4913,0.0,0.0,rare,,,,,,,,,,,,,,,,,,,,,,,,,,,,,,,,,,,,
4914,0.0,0.0,rare,,,,,,,,,,,,,,,,,,,,,,,,,,,,,,,,,,,,
4915,0.0,0.0,rare,,,,,,,,,,,,,,,,,,,,,,,,,,,,,,,,,,,,
4916,0.0,0.0,rare,,,,,,,,,,,,,,,,,,,,,,,,,,,,,,,,,,,,
4917,0.0,0.0,rare,,,,,,,,,,,,,,,,,,,,,,,,,,,,,,,,,,,,
4918,0.0,0.0,rare,,,,,,,,,,,,,,,,,,,,,,,,,,,,,,,,,,,,
4919,0.0,0.0,rare,,,,,,,,,,,,,,,,,,,,,,,,,,,,,,,,,,,,
4920,0.0,0.0,rare,,,,,,,,,,,,,,,,,,,,,,,,,,,,,,,,,,,,
4921,0.0,0.0,rare,,,,,,,,,,,,,,,,,,,,,,,,,,,,,,,,,,,,
4922,0.0,0.0,rare,,,,,,,,,,,,,,,,,,,,,,,,,,,,,,,,,,,,
4923,0.0,0.0,rare,,,,,,,,,,,,,,,,,,,,,,,,,,,,,,,,,,,,
4924,0.0,0.0,rare,,,,,,,,,,,,,,,,,,,,,,,,,,,,,,,,,,,,
4925,0.0,0.0,rare,,,,,,,,,,,,,,,,,,,,,,,,,,,,,,,,,,,,
4926,0.0,0.0,rare,,,,,,,,,,,,,,,,,,,,,,,,,,,,,,,,,,,,
4927,0.0,0.0,rare,,,,,,,,,,,,,,,,,,,,,,,,,,,,,,,,,,,,
4928,0.0,0.0,rare,,,,,,,,,,,,,,,,,,,,,,,,,,,,,,,,,,,,
4929,0.0,0.0,rare,,,,,,,,,,,,,,,,,,,,,,,,,,,,,,,,,,,,
4930,0.0,0.0,rare,,,,,,,,,,,,,,,,,,,,,,,,,,,,,,,,,,,,
4931,0.0,0.0,rare,,,,,,,,,,,,,,,,,,,,,,,,,,,,,,,,,,,,
4932,0.0019880715705765406,29.696073532104492,rare,,,,,,,,,,,,,,,,,,,,,,,,,,,,,,,,,,,,
4933,0.0,0.0,rare,,,,,,,,,,,,,,,,,,,,,,,,,,,,,,,,,,,,
4934,0.0,0.0,rare,,,,,,,,,,,,,,,,,,,,,,,,,,,,,,,,,,,,
4935,0.010603048376408217,104.95048522949219,imaging,0.5046058848200345,0.5003203167523252,0.49654600035316976,0.00921176964006909,-0.46374942760348054,-0.06451815000815075,0.5671630499269232,0.08037236548035412,-0.35786691157490474,-0.049113401238073284,-0.46428122228478563,-0.06456260066543573,-0.3368328952070209,-0.03367006446576788,-0.21840806529200274,0.0021133373432875233,0.44061811585045485,0.05140491548781348,-0.383499696972749,-0.028374050735426717,0.27927884634207506,0.03139109957945259,0.6755804248610717,0.06316271780101337,0.19913895069618703,0.021227529804459428,0.5379633730187952,0.06840877730107726,0.5746679122213203,0.055093437920376964,-0.04561195146302527,-0.017555297997112487,frac_graphite,0.5671630499269232,noise_sigma_c1,0.6755804248610717
4936,0.0,0.0,rare,,,,,,,,,,,,,,,,,,,,,,,,,,,,,,,,,,,,
4937,0.0,0.0,rare,,,,,,,,,,,,,,,,,,,,,,,,,,,,,,,,,,,,
4938,0.0,0.0,rare,,,,,,,,,,,,,,,,,,,,,,,,,,,,,,,,,,,,
4939,0.0,0.0,rare,,,,,,,,,,,,,,,,,,,,,,,,,,,,,,,,,,,,
4940,0.0,0.0,rare,,,,,,,,,,,,,,,,,,,,,,,,,,,,,,,,,,,,
4941,0.0,0.0,rare,,,,,,,,,,,,,,,,,,,,,,,,,,,,,,,,,,,,
4942,0.0,0.0,rare,,,,,,,,,,,,,,,,,,,,,,,,,,,,,,,,,,,,
4943,0.028495692511597084,237.12167358398438,material,0.4816396242527754,0.5011042498567004,0.5120227794455235,0.0367207514944492,-0.38741672744202316,-0.057301249155769764,0.14321766195143643,0.007940128937161981,0.8021552935733908,0.11729077319601647,-0.38797359130156706,-0.05736953694971942,-0.33683291467597964,-0.05888692822122616,-0.5050510300160248,-0.09377437394467013,-0.4069652648302727,-0.05235070268219374,-0.4178621384231695,-0.06126311883239065,-0.020069942289758815,-0.06293747684746331,0.22819172992982537,0.01604781110222511,0.04085949081607409,-0.04453025885104201,-0.19637153807941155,-0.02793691021051488,0.0829522177893644,0.03618745059827389,-0.23373362716597434,-0.044958495640669956,frac_pore,0.8021552935733908,p1_c0,-0.5050510300160248
4944,0.024519549370444003,196.0592041015625,material,0.4861482372321234,0.49467985183543917,0.5135820236623698,0.02770352553575317,0.7853857737228599,0.1309602516142919,-0.6205660617388785,-0.11601447172700743,-0.19764538253507521,0.006451926568307807,0.7843074285842029,0.13079279336329866,0.7430545885634706,0.0880696558544997,-0.23619693085075086,0.006140279810919699,0.3128186261005562,0.04211241216942512,-0.278420389367739,0.005341014752812719,0.24992224259614162,-0.002584805254147152,0.474406331386062,0.05929337560001093,0.29538341496023457,0.02068455587859925,-0.6951872914627985,-0.13803296945168142,0.7171334768221806,0.09408434178183636,0.12838718718448397,0.024532072736606684,frac_si,0.7853857737228599,sharpness_c1,0.7171334768221806
4945,0.0,0.0,rare,,,,,,,,,,,,,,,,,,,,,,,,,,,,,,,,,,,,
4946,0.0,0.0,rare,,,,,,,,,,,,,,,,,,,,,,,,,,,,,,,,,,,,
4947,0.0,0.0,rare,,,,,,,,,,,,,,,,,,,,,,,,,,,,,,,,,,,,
4948,0.0,0.0,rare,,,,,,,,,,,,,,,,,,,,,,,,,,,,,,,,,,,,
4949,0.0,0.0,rare,,,,,,,,,,,,,,,,,,,,,,,,,,,,,,,,,,,,
4950,0.0,0.0,rare,,,,,,,,,,,,,,,,,,,,,,,,,,,,,,,,,,,,
4951,0.10868124585818423,877.099365234375,imaging,0.4534990070692626,0.44881193794043556,0.5700317852728236,0.14006357054564722,0.26690458288728736,0.1503056402874294,-0.2609960783630797,-0.11846058705742758,-0.10705508975062696,-0.03474074131871009,0.26605309562780277,0.1499708920019644,-0.06637839046736572,-0.02217064412443989,1.458953767819217,0.37078121718480883,0.2172759968329038,0.1103388652795506,1.5022839487490467,0.37057236059612725,-0.979030237853007,-0.2913123721596175,-1.1842191040293264,-0.35499302979686304,-0.8324133466102807,-0.2393726211819765,-0.44615128022756106,-0.15422676861699075,-0.7218458081028188,-0.2466178083978594,-0.6009669427113485,-0.24221439452873889,frac_si,0.26690458288728736,p1_c2,1.5022839487490467
4952,0.0,0.0,rare,,,,,,,,,,,,,,,,,,,,,,,,,,,,,,,,,,,,
4953,0.0,0.0,rare,,,,,,,,,,,,,,,,,,,,,,,,,,,,,,,,,,,,
4954,0.0,0.0,rare,,,,,,,,,,,,,,,,,,,,,,,,,,,,,,,,,,,,
4955,0.0,0.0,rare,,,,,,,,,,,,,,,,,,,,,,,,,,,,,,,,,,,,
4956,0.0,0.0,rare,,,,,,,,,,,,,,,,,,,,,,,,,,,,,,,,,,,,
4957,0.0,0.0,rare,,,,,,,,,,,,,,,,,,,,,,,,,,,,,,,,,,,,
4958,0.0,0.0,rare,,,,,,,,,,,,,,,,,,,,,,,,,,,,,,,,,,,,
4959,0.0,0.0,rare,,,,,,,,,,,,,,,,,,,,,,,,,,,,,,,,,,,,
4960,0.0,0.0,rare,,,,,,,,,,,,,,,,,,,,,,,,,,,,,,,,,,,,
4961,0.0,0.0,rare,,,,,,,,,,,,,,,,,,,,,,,,,,,,,,,,,,,,
4962,0.0,0.0,rare,,,,,,,,,,,,,,,,,,,,,,,,,,,,,,,,,,,,
4963,0.0,0.0,rare,,,,,,,,,,,,,,,,,,,,,,,,,,,,,,,,,,,,
4964,0.0,0.0,rare,,,,,,,,,,,,,,,,,,,,,,,,,,,,,,,,,,,,
4965,0.0,0.0,rare,,,,,,,,,,,,,,,,,,,,,,,,,,,,,,,,,,,,
4966,0.0,0.0,rare,,,,,,,,,,,,,,,,,,,,,,,,,,,,,,,,,,,,
4967,0.0,0.0,rare,,,,,,,,,,,,,,,,,,,,,,,,,,,,,,,,,,,,
4968,0.0,0.0,rare,,,,,,,,,,,,,,,,,,,,,,,,,,,,,,,,,,,,
4969,0.0,0.0,rare,,,,,,,,,,,,,,,,,,,,,,,,,,,,,,,,,,,,
4970,0.0,0.0,rare,,,,,,,,,,,,,,,,,,,,,,,,,,,,,,,,,,,,
4971,0.0006626905235255136,17.848751068115234,rare,,,,,,,,,,,,,,,,,,,,,,,,,,,,,,,,,,,,
4972,0.0,0.0,rare,,,,,,,,,,,,,,,,,,,,,,,,,,,,,,,,,,,,
4973,0.0,0.0,rare,,,,,,,,,,,,,,,,,,,,,,,,,,,,,,,,,,,,
4974,0.0,0.0,rare,,,,,,,,,,,,,,,,,,,,,,,,,,,,,,,,,,,,
4975,0.0,0.0,rare,,,,,,,,,,,,,,,,,,,,,,,,,,,,,,,,,,,,
4976,0.0,0.0,rare,,,,,,,,,,,,,,,,,,,,,,,,,,,,,,,,,,,,
4977,0.0,0.0,rare,,,,,,,,,,,,,,,,,,,,,,,,,,,,,,,,,,,,
4978,0.0066269052352551355,90.26747131347656,imaging,0.5071753773389457,0.495640802092415,0.49818117605509443,0.014350754677891375,-0.21432979065359745,-0.02345458091776694,0.24111037599250948,0.03411146009929749,-0.44706499578777714,-0.03856373994830706,-0.21497071722639827,-0.023548320152459497,-0.10761145050263882,0.00033539835770930975,-0.29469243080081564,-0.0026691597269333962,-0.6004091626986781,-0.022530824358192456,-0.32858554346599567,-0.014973759230447206,0.7374662650848469,0.045581661190932175,-0.0727279083196392,-0.0072801305090283396,0.6943108465839526,0.04490187084178971,1.0779306766237002,0.07615271728911453,0.1534952311004606,0.014698828401164467,-0.1810304638385323,-0.01699140289205863,frac_pore,-0.44706499578777714,sharpness_c0,1.0779306766237002
4979,0.0,0.0,rare,,,,,,,,,,,,,,,,,,,,,,,,,,,,,,,,,,,,
4980,0.0,0.0,rare,,,,,,,,,,,,,,,,,,,,,,,,,,,,,,,,,,,,
4981,0.0,0.0,rare,,,,,,,,,,,,,,,,,,,,,,,,,,,,,,,,,,,,
4982,0.0,0.0,rare,,,,,,,,,,,,,,,,,,,,,,,,,,,,,,,,,,,,
4983,0.0006626905235255136,11.75195598602295,rare,,,,,,,,,,,,,,,,,,,,,,,,,,,,,,,,,,,,
4984,0.0,0.0,rare,,,,,,,,,,,,,,,,,,,,,,,,,,,,,,,,,,,,
4985,0.0,0.0,rare,,,,,,,,,,,,,,,,,,,,,,,,,,,,,,,,,,,,
4986,0.0,0.0,rare,,,,,,,,,,,,,,,,,,,,,,,,,,,,,,,,,,,,
4987,0.0,0.0,rare,,,,,,,,,,,,,,,,,,,,,,,,,,,,,,,,,,,,
4988,0.0,0.0,rare,,,,,,,,,,,,,,,,,,,,,,,,,,,,,,,,,,,,
4989,0.0,0.0,rare,,,,,,,,,,,,,,,,,,,,,,,,,,,,,,,,,,,,
4990,0.0,0.0,rare,,,,,,,,,,,,,,,,,,,,,,,,,,,,,,,,,,,,
4991,0.0,0.0,rare,,,,,,,,,,,,,,,,,,,,,,,,,,,,,,,,,,,,
4992,0.0,0.0,rare,,,,,,,,,,,,,,,,,,,,,,,,,,,,,,,,,,,,
4993,0.0,0.0,rare,,,,,,,,,,,,,,,,,,,,,,,,,,,,,,,,,,,,
4994,0.0,0.0,rare,,,,,,,,,,,,,,,,,,,,,,,,,,,,,,,,,,,,
4995,0.0,0.0,rare,,,,,,,,,,,,,,,,,,,,,,,,,,,,,,,,,,,,
4996,0.0,0.0,rare,,,,,,,,,,,,,,,,,,,,,,,,,,,,,,,,,,,,
4997,0.0,0.0,rare,,,,,,,,,,,,,,,,,,,,,,,,,,,,,,,,,,,,
4998,0.0,0.0,rare,,,,,,,,,,,,,,,,,,,,,,,,,,,,,,,,,,,,
4999,0.0006626905235255136,13.29140853881836,rare,,,,,,,,,,,,,,,,,,,,,,,,,,,,,,,,,,,,
5000,0.0,0.0,rare,,,,,,,,,,,,,,,,,,,,,,,,,,,,,,,,,,,,
5001,0.0,0.0,rare,,,,,,,,,,,,,,,,,,,,,,,,,,,,,,,,,,,,
5002,0.0,0.0,rare,,,,,,,,,,,,,,,,,,,,,,,,,,,,,,,,,,,,
5003,0.0,0.0,rare,,,,,,,,,,,,,,,,,,,,,,,,,,,,,,,,,,,,
5004,0.0013253810470510272,40.51704025268555,rare,,,,,,,,,,,,,,,,,,,,,,,,,,,,,,,,,,,,
5005,0.0,0.0,rare,,,,,,,,,,,,,,,,,,,,,,,,,,,,,,,,,,,,
5006,0.0,0.0,rare,,,,,,,,,,,,,,,,,,,,,,,,,,,,,,,,,,,,
5007,0.0,0.0,rare,,,,,,,,,,,,,,,,,,,,,,,,,,,,,,,,,,,,
5008,0.0,0.0,rare,,,,,,,,,,,,,,,,,,,,,,,,,,,,,,,,,,,,
5009,0.0,0.0,rare,,,,,,,,,,,,,,,,,,,,,,,,,,,,,,,,,,,,
5010,0.0,0.0,rare,,,,,,,,,,,,,,,,,,,,,,,,,,,,,,,,,,,,
5011,0.0,0.0,rare,,,,,,,,,,,,,,,,,,,,,,,,,,,,,,,,,,,,
5012,0.0,0.0,rare,,,,,,,,,,,,,,,,,,,,,,,,,,,,,,,,,,,,
5013,0.0033134526176275677,40.53509521484375,rare,,,,,,,,,,,,,,,,,,,,,,,,,,,,,,,,,,,,
5014,0.0,0.0,rare,,,,,,,,,,,,,,,,,,,,,,,,,,,,,,,,,,,,
5015,0.0,0.0,rare,,,,,,,,,,,,,,,,,,,,,,,,,,,,,,,,,,,,
5016,0.0,0.0,rare,,,,,,,,,,,,,,,,,,,,,,,,,,,,,,,,,,,,
5017,0.0,0.0,rare,,,,,,,,,,,,,,,,,,,,,,,,,,,,,,,,,,,,
5018,0.0,0.0,rare,,,,,,,,,,,,,,,,,,,,,,,,,,,,,,,,,,,,
5019,0.0,0.0,rare,,,,,,,,,,,,,,,,,,,,,,,,,,,,,,,,,,,,
5020,0.0019880715705765406,31.614070892333984,rare,,,,,,,,,,,,,,,,,,,,,,,,,,,,,,,,,,,,
5021,0.0,0.0,rare,,,,,,,,,,,,,,,,,,,,,,,,,,,,,,,,,,,,
5022,0.0,0.0,rare,,,,,,,,,,,,,,,,,,,,,,,,,,,,,,,,,,,,
5023,0.0,0.0,rare,,,,,,,,,,,,,,,,,,,,,,,,,,,,,,,,,,,,
5024,0.0,0.0,rare,,,,,,,,,,,,,,,,,,,,,,,,,,,,,,,,,,,,
5025,0.0,0.0,rare,,,,,,,,,,,,,,,,,,,,,,,,,,,,,,,,,,,,
5026,0.0013253810470510272,22.464923858642578,rare,,,,,,,,,,,,,,,,,,,,,,,,,,,,,,,,,,,,
5027,0.0019880715705765406,34.22381591796875,rare,,,,,,,,,,,,,,,,,,,,,,,,,,,,,,,,,,,,
5028,0.0,0.0,rare,,,,,,,,,,,,,,,,,,,,,,,,,,,,,,,,,,,,
5029,0.0,0.0,rare,,,,,,,,,,,,,,,,,,,,,,,,,,,,,,,,,,,,
5030,0.0,0.0,rare,,,,,,,,,,,,,,,,,,,,,,,,,,,,,,,,,,,,
5031,0.0,0.0,rare,,,,,,,,,,,,,,,,,,,,,,,,,,,,,,,,,,,,
5032,0.0,0.0,rare,,,,,,,,,,,,,,,,,,,,,,,,,,,,,,,,,,,,
5033,0.0,0.0,rare,,,,,,,,,,,,,,,,,,,,,,,,,,,,,,,,,,,,
5034,0.0,0.0,rare,,,,,,,,,,,,,,,,,,,,,,,,,,,,,,,,,,,,
5035,0.0,0.0,rare,,,,,,,,,,,,,,,,,,,,,,,,,,,,,,,,,,,,
5036,0.0,0.0,rare,,,,,,,,,,,,,,,,,,,,,,,,,,,,,,,,,,,,
5037,0.0,0.0,rare,,,,,,,,,,,,,,,,,,,,,,,,,,,,,,,,,,,,
5038,0.008614976805831677,82.8266372680664,imaging,0.5097145513620583,0.4943330427201395,0.49736535405262233,0.019429102724116687,-0.001214990002497485,0.002899592234220012,-0.19772567583647566,-0.02292095283973294,0.13821076213184955,0.02410411057961543,-0.0019491634623443794,0.002850185798892861,-0.2711170134393162,-0.010018785176166525,-0.42748730945387076,-0.0378137842836624,-0.7823212971080606,-0.08137600479783001,-0.37875323512990344,-0.026462549604983565,0.6008766453840811,0.04529180321768668,0.3172583701330671,0.012711813087327446,0.45988298009742223,0.025173949929682346,0.7201782483832799,0.08315451630413483,0.19743110886016757,0.021162799822306018,-0.20717501217433862,-0.031115083884021157,K04_agglom_frac,-0.2711170134393162,p1_c1,-0.7823212971080606
5039,0.0,0.0,rare,,,,,,,,,,,,,,,,,,,,,,,,,,,,,,,,,,,,
5040,0.0,0.0,rare,,,,,,,,,,,,,,,,,,,,,,,,,,,,,,,,,,,,
5041,0.0019880715705765406,31.99613380432129,rare,,,,,,,,,,,,,,,,,,,,,,,,,,,,,,,,,,,,
5042,0.0,0.0,rare,,,,,,,,,,,,,,,,,,,,,,,,,,,,,,,,,,,,
5043,0.0,0.0,rare,,,,,,,,,,,,,,,,,,,,,,,,,,,,,,,,,,,,
5044,0.0,0.0,rare,,,,,,,,,,,,,,,,,,,,,,,,,,,,,,,,,,,,
5045,0.0,0.0,rare,,,,,,,,,,,,,,,,,,,,,,,,,,,,,,,,,,,,
5046,0.0006626905235255136,15.141683578491211,rare,,,,,,,,,,,,,,,,,,,,,,,,,,,,,,,,,,,,
5047,0.013253810470510271,108.9506607055664,imaging,0.5009525060763318,0.5076153501567866,0.4937506621931838,0.015230700313573209,0.4147022593719146,0.014691992322601268,-0.348159789495326,-0.018297106033682557,-0.08308771695918112,0.007487381746208725,0.4137861041620996,0.014638905117814337,0.653684339588799,0.041222686678894414,-0.4153874230192279,-0.05177161906463479,0.050692016350363765,0.009856612003920046,-0.416709205640044,-0.045973388759454295,0.5485651140599117,0.05616378511940444,0.6767535973560416,0.08604436880920145,0.40871475572885785,0.03677806141571826,-0.23045967316830548,-0.0030006219377742057,0.6871344273758434,0.07910487741809709,0.3169328856282641,0.04213071086463096,K04_agglom_frac,0.653684339588799,sharpness_c1,0.6871344273758434
5048,0.0,0.0,rare,,,,,,,,,,,,,,,,,,,,,,,,,,,,,,,,,,,,
5049,0.0,0.0,rare,,,,,,,,,,,,,,,,,,,,,,,,,,,,,,,,,,,,
5050,0.0,0.0,rare,,,,,,,,,,,,,,,,,,,,,,,,,,,,,,,,,,,,
5051,0.0,0.0,rare,,,,,,,,,,,,,,,,,,,,,,,,,,,,,,,,,,,,
5052,0.0,0.0,rare,,,,,,,,,,,,,,,,,,,,,,,,,,,,,,,,,,,,
5053,0.0,0.0,rare,,,,,,,,,,,,,,,,,,,,,,,,,,,,,,,,,,,,
5054,0.0,0.0,rare,,,,,,,,,,,,,,,,,,,,,,,,,,,,,,,,,,,,
5055,0.0006626905235255136,18.469451904296875,rare,,,,,,,,,,,,,,,,,,,,,,,,,,,,,,,,,,,,
5056,0.0,0.0,rare,,,,,,,,,,,,,,,,,,,,,,,,,,,,,,,,,,,,
5057,0.0,0.0,rare,,,,,,,,,,,,,,,,,,,,,,,,,,,,,,,,,,,,
5058,0.0,0.0,rare,,,,,,,,,,,,,,,,,,,,,,,,,,,,,,,,,,,,
5059,0.0,0.0,rare,,,,,,,,,,,,,,,,,,,,,,,,,,,,,,,,,,,,
5060,0.0,0.0,rare,,,,,,,,,,,,,,,,,,,,,,,,,,,,,,,,,,,,
5061,0.0,0.0,rare,,,,,,,,,,,,,,,,,,,,,,,,,,,,,,,,,,,,
5062,0.01855533465871438,159.8799285888672,imaging,0.48994941864284297,0.5096311781394653,0.4999629171817058,0.020101162714314058,-0.20970250451447703,0.008638854953611596,0.20107754459774208,0.0034785061100126523,0.142576034542019,0.018121876280579916,-0.21034545567118748,0.008537063674817918,-0.3368328838045977,-0.04784788494296183,-0.5842868561492198,-0.0694845405941117,-0.2515923708907667,-0.013212285402530884,-0.4818041509178717,-0.06180295757828997,0.3820787874001617,0.021173845945596122,0.46062221183806756,0.050038034989781016,0.34963969176822796,0.02234576579211541,-0.19998012850663727,-0.033309506410887514,0.1766037301141212,0.04335017338178208,0.14286893149270471,0.017105831794993136,K04_agglom_frac,-0.3368328838045977,p1_c0,-0.5842868561492198
5063,0.0,0.0,rare,,,,,,,,,,,,,,,,,,,,,,,,,,,,,,,,,,,,
5064,0.0,0.0,rare,,,,,,,,,,,,,,,,,,,,,,,,,,,,,,,,,,,,
5065,0.0,0.0,rare,,,,,,,,,,,,,,,,,,,,,,,,,,,,,,,,,,,,
5066,0.0,0.0,rare,,,,,,,,,,,,,,,,,,,,,,,,,,,,,,,,,,,,
5067,0.0,0.0,rare,,,,,,,,,,,,,,,,,,,,,,,,,,,,,,,,,,,,
5068,0.0,0.0,rare,,,,,,,,,,,,,,,,,,,,,,,,,,,,,,,,,,,,
5069,0.0,0.0,rare,,,,,,,,,,,,,,,,,,,,,,,,,,,,,,,,,,,,
5070,0.0019880715705765406,31.86559295654297,rare,,,,,,,,,,,,,,,,,,,,,,,,,,,,,,,,,,,,
5071,0.0,0.0,rare,,,,,,,,,,,,,,,,,,,,,,,,,,,,,,,,,,,,
5072,0.0,0.0,rare,,,,,,,,,,,,,,,,,,,,,,,,,,,,,,,,,,,,
5073,0.0019880715705765406,28.757705688476562,rare,,,,,,,,,,,,,,,,,,,,,,,,,,,,,,,,,,,,
5074,0.0,0.0,rare,,,,,,,,,,,,,,,,,,,,,,,,,,,,,,,,,,,,
5075,0.0,0.0,rare,,,,,,,,,,,,,,,,,,,,,,,,,,,,,,,,,,,,
5076,0.0,0.0,rare,,,,,,,,,,,,,,,,,,,,,,,,,,,,,,,,,,,,
5077,0.0,0.0,rare,,,,,,,,,,,,,,,,,,,,,,,,,,,,,,,,,,,,
5078,0.0,0.0,rare,,,,,,,,,,,,,,,,,,,,,,,,,,,,,,,,,,,,
5079,0.0,0.0,rare,,,,,,,,,,,,,,,,,,,,,,,,,,,,,,,,,,,,
5080,0.005301524188204109,60.60863494873047,rare,,,,,,,,,,,,,,,,,,,,,,,,,,,,,,,,,,,,
5081,0.0,0.0,rare,,,,,,,,,,,,,,,,,,,,,,,,,,,,,,,,,,,,
5082,0.0,0.0,rare,,,,,,,,,,,,,,,,,,,,,,,,,,,,,,,,,,,,
5083,0.0,0.0,rare,,,,,,,,,,,,,,,,,,,,,,,,,,,,,,,,,,,,
5084,0.0,0.0,rare,,,,,,,,,,,,,,,,,,,,,,,,,,,,,,,,,,,,
5085,0.0,0.0,rare,,,,,,,,,,,,,,,,,,,,,,,,,,,,,,,,,,,,
5086,0.0,0.0,rare,,,,,,,,,,,,,,,,,,,,,,,,,,,,,,,,,,,,
5087,0.0,0.0,rare,,,,,,,,,,,,,,,,,,,,,,,,,,,,,,,,,,,,
5088,0.0,0.0,rare,,,,,,,,,,,,,,,,,,,,,,,,,,,,,,,,,,,,
5089,0.0,0.0,rare,,,,,,,,,,,,,,,,,,,,,,,,,,,,,,,,,,,,
5090,0.0,0.0,rare,,,,,,,,,,,,,,,,,,,,,,,,,,,,,,,,,,,,
5091,0.0,0.0,rare,,,,,,,,,,,,,,,,,,,,,,,,,,,,,,,,,,,,
5092,0.0,0.0,rare,,,,,,,,,,,,,,,,,,,,,,,,,,,,,,,,,,,,
5093,0.0,0.0,rare,,,,,,,,,,,,,,,,,,,,,,,,,,,,,,,,,,,,
5094,0.0,0.0,rare,,,,,,,,,,,,,,,,,,,,,,,,,,,,,,,,,,,,
5095,0.0,0.0,rare,,,,,,,,,,,,,,,,,,,,,,,,,,,,,,,,,,,,
5096,0.0,0.0,rare,,,,,,,,,,,,,,,,,,,,,,,,,,,,,,,,,,,,
5097,0.0,0.0,rare,,,,,,,,,,,,,,,,,,,,,,,,,,,,,,,,,,,,
5098,0.015241882041086813,129.95257568359375,imaging,0.4958602620528654,0.5100032754194223,0.4955588910471481,0.020006550838844506,-0.6766120498973648,-0.10446344220056927,0.5901857707427988,0.07581454856129939,0.2525980216661268,0.044284122664950985,-0.6770507080402646,-0.10452519866143614,-0.33683288100154524,-0.03929228768412859,-0.4217661542680378,-0.03669960025461204,0.04232763619154464,-0.0005384652483169631,-0.4261092704055605,-0.03809646089947011,0.2806190655241561,0.016353917403782267,0.31636152520864524,0.04312558067000075,0.15639345303676222,0.0007386909427379438,0.812221068408445,0.08142054947025472,0.2189205722875662,0.042622069135479106,0.04714982396467937,0.006682852336822396,K01_si_frac_adm,-0.6770507080402646,sharpness_c0,0.812221068408445
5099,0.0,0.0,rare,,,,,,,,,,,,,,,,,,,,,,,,,,,,,,,,,,,,
5100,0.0,0.0,rare,,,,,,,,,,,,,,,,,,,,,,,,,,,,,,,,,,,,
5101,0.0,0.0,rare,,,,,,,,,,,,,,,,,,,,,,,,,,,,,,,,,,,,
5102,0.0,0.0,rare,,,,,,,,,,,,,,,,,,,,,,,,,,,,,,,,,,,,
5103,0.0,0.0,rare,,,,,,,,,,,,,,,,,,,,,,,,,,,,,,,,,,,,
5104,0.0,0.0,rare,,,,,,,,,,,,,,,,,,,,,,,,,,,,,,,,,,,,
5105,0.0,0.0,rare,,,,,,,,,,,,,,,,,,,,,,,,,,,,,,,,,,,,
5106,0.0,0.0,rare,,,,,,,,,,,,,,,,,,,,,,,,,,,,,,,,,,,,
5107,0.0,0.0,rare,,,,,,,,,,,,,,,,,,,,,,,,,,,,,,,,,,,,
5108,0.0,0.0,rare,,,,,,,,,,,,,,,,,,,,,,,,,,,,,,,,,,,,
5109,0.0,0.0,rare,,,,,,,,,,,,,,,,,,,,,,,,,,,,,,,,,,,,
5110,0.0,0.0,rare,,,,,,,,,,,,,,,,,,,,,,,,,,,,,,,,,,,,
5111,0.0,0.0,rare,,,,,,,,,,,,,,,,,,,,,,,,,,,,,,,,,,,,
5112,0.0,0.0,rare,,,,,,,,,,,,,,,,,,,,,,,,,,,,,,,,,,,,
5113,0.0,0.0,rare,,,,,,,,,,,,,,,,,,,,,,,,,,,,,,,,,,,,
5114,0.00927766732935719,81.5827865600586,imaging,0.4959246888564368,0.493897122929381,0.5073229736888575,0.014645947377714963,-0.14241106839107712,0.006100990773805761,0.29673521100746175,0.015770048508933068,-0.38030191425771875,-0.03002707802792816,-0.14308346246476944,0.006100990757824949,-0.33683289059421717,-0.03243408064992298,-0.07710800280162627,0.03609809873333357,0.731016558816463,0.06960903633123645,-0.295411286332897,-0.016347515226942312,-0.9464067506426687,-0.06329775114717015,-0.5452457057627588,-0.05177841612770334,-1.171751226536278,-0.0912226251947461,-0.8396946176401787,-0.08002516334165602,-0.8052490682095822,-0.07673736778773887,-1.0659197636846858,-0.09624195297540993,frac_pore,-0.38030191425771875,noise_sigma_c2,-1.171751226536278
5115,0.0,0.0,rare,,,,,,,,,,,,,,,,,,,,,,,,,,,,,,,,,,,,
5116,0.0,0.0,rare,,,,,,,,,,,,,,,,,,,,,,,,,,,,,,,,,,,,
5117,0.0,0.0,rare,,,,,,,,,,,,,,,,,,,,,,,,,,,,,,,,,,,,
5118,0.0,0.0,rare,,,,,,,,,,,,,,,,,,,,,,,,,,,,,,,,,,,,
5119,0.0,0.0,rare,,,,,,,,,,,,,,,,,,,,,,,,,,,,,,,,,,,,
5120,0.0,0.0,rare,,,,,,,,,,,,,,,,,,,,,,,,,,,,,,,,,,,,
5121,0.0,0.0,rare,,,,,,,,,,,,,,,,,,,,,,,,,,,,,,,,,,,,
5122,0.0,0.0,rare,,,,,,,,,,,,,,,,,,,,,,,,,,,,,,,,,,,,
5123,0.0,0.0,rare,,,,,,,,,,,,,,,,,,,,,,,,,,,,,,,,,,,,
5124,0.0,0.0,rare,,,,,,,,,,,,,,,,,,,,,,,,,,,,,,,,,,,,
5125,0.0,0.0,rare,,,,,,,,,,,,,,,,,,,,,,,,,,,,,,,,,,,,
5126,0.0,0.0,rare,,,,,,,,,,,,,,,,,,,,,,,,,,,,,,,,,,,,
5127,0.0,0.0,rare,,,,,,,,,,,,,,,,,,,,,,,,,,,,,,,,,,,,
5128,0.0,0.0,rare,,,,,,,,,,,,,,,,,,,,,,,,,,,,,,,,,,,,
5129,0.0,0.0,rare,,,,,,,,,,,,,,,,,,,,,,,,,,,,,,,,,,,,
5130,0.0,0.0,rare,,,,,,,,,,,,,,,,,,,,,,,,,,,,,,,,,,,,
5131,0.0,0.0,rare,,,,,,,,,,,,,,,,,,,,,,,,,,,,,,,,,,,,
5132,0.0,0.0,rare,,,,,,,,,,,,,,,,,,,,,,,,,,,,,,,,,,,,
5133,0.0,0.0,rare,,,,,,,,,,,,,,,,,,,,,,,,,,,,,,,,,,,,
5134,0.0,0.0,rare,,,,,,,,,,,,,,,,,,,,,,,,,,,,,,,,,,,,
5135,0.0,0.0,rare,,,,,,,,,,,,,,,,,,,,,,,,,,,,,,,,,,,,
5136,0.0,0.0,rare,,,,,,,,,,,,,,,,,,,,,,,,,,,,,,,,,,,,
5137,0.0,0.0,rare,,,,,,,,,,,,,,,,,,,,,,,,,,,,,,,,,,,,
5138,0.0,0.0,rare,,,,,,,,,,,,,,,,,,,,,,,,,,,,,,,,,,,,
5139,0.0,0.0,rare,,,,,,,,,,,,,,,,,,,,,,,,,,,,,,,,,,,,
5140,0.0,0.0,rare,,,,,,,,,,,,,,,,,,,,,,,,,,,,,,,,,,,,
5141,0.0006626905235255136,15.719307899475098,rare,,,,,,,,,,,,,,,,,,,,,,,,,,,,,,,,,,,,
5142,0.0,0.0,rare,,,,,,,,,,,,,,,,,,,,,,,,,,,,,,,,,,,,
5143,0.0,0.0,rare,,,,,,,,,,,,,,,,,,,,,,,,,,,,,,,,,,,,
5144,0.0,0.0,rare,,,,,,,,,,,,,,,,,,,,,,,,,,,,,,,,,,,,
5145,0.0,0.0,rare,,,,,,,,,,,,,,,,,,,,,,,,,,,,,,,,,,,,
5146,0.0,0.0,rare,,,,,,,,,,,,,,,,,,,,,,,,,,,,,,,,,,,,
5147,0.0,0.0,rare,,,,,,,,,,,,,,,,,,,,,,,,,,,,,,,,,,,,
5148,0.0,0.0,rare,,,,,,,,,,,,,,,,,,,,,,,,,,,,,,,,,,,,
5149,0.0,0.0,rare,,,,,,,,,,,,,,,,,,,,,,,,,,,,,,,,,,,,
5150,0.0,0.0,rare,,,,,,,,,,,,,,,,,,,,,,,,,,,,,,,,,,,,
5151,0.0,0.0,rare,,,,,,,,,,,,,,,,,,,,,,,,,,,,,,,,,,,,
5152,0.0,0.0,rare,,,,,,,,,,,,,,,,,,,,,,,,,,,,,,,,,,,,
5153,0.0,0.0,rare,,,,,,,,,,,,,,,,,,,,,,,,,,,,,,,,,,,,
5154,0.0,0.0,rare,,,,,,,,,,,,,,,,,,,,,,,,,,,,,,,,,,,,
5155,0.0,0.0,rare,,,,,,,,,,,,,,,,,,,,,,,,,,,,,,,,,,,,
5156,0.0,0.0,rare,,,,,,,,,,,,,,,,,,,,,,,,,,,,,,,,,,,,
5157,0.0,0.0,rare,,,,,,,,,,,,,,,,,,,,,,,,,,,,,,,,,,,,
5158,0.0013253810470510272,28.336868286132812,rare,,,,,,,,,,,,,,,,,,,,,,,,,,,,,,,,,,,,
5159,0.0,0.0,rare,,,,,,,,,,,,,,,,,,,,,,,,,,,,,,,,,,,,
5160,0.0,0.0,rare,,,,,,,,,,,,,,,,,,,,,,,,,,,,,,,,,,,,
5161,0.0,0.0,rare,,,,,,,,,,,,,,,,,,,,,,,,,,,,,,,,,,,,
5162,0.0006626905235255136,0.7164798378944397,rare,,,,,,,,,,,,,,,,,,,,,,,,,,,,,,,,,,,,
5163,0.0033134526176275677,46.06269073486328,rare,,,,,,,,,,,,,,,,,,,,,,,,,,,,,,,,,,,,
5164,0.0,0.0,rare,,,,,,,,,,,,,,,,,,,,,,,,,,,,,,,,,,,,
5165,0.0,0.0,rare,,,,,,,,,,,,,,,,,,,,,,,,,,,,,,,,,,,,
5166,0.0,0.0,rare,,,,,,,,,,,,,,,,,,,,,,,,,,,,,,,,,,,,
5167,0.0,0.0,rare,,,,,,,,,,,,,,,,,,,,,,,,,,,,,,,,,,,,
5168,0.0,0.0,rare,,,,,,,,,,,,,,,,,,,,,,,,,,,,,,,,,,,,
5169,0.0033134526176275677,43.7227783203125,rare,,,,,,,,,,,,,,,,,,,,,,,,,,,,,,,,,,,,
5170,0.0,0.0,rare,,,,,,,,,,,,,,,,,,,,,,,,,,,,,,,,,,,,
5171,0.0,0.0,rare,,,,,,,,,,,,,,,,,,,,,,,,,,,,,,,,,,,,
5172,0.005301524188204109,56.16716384887695,rare,,,,,,,,,,,,,,,,,,,,,,,,,,,,,,,,,,,,
5173,0.0,0.0,rare,,,,,,,,,,,,,,,,,,,,,,,,,,,,,,,,,,,,
5174,0.0,0.0,rare,,,,,,,,,,,,,,,,,,,,,,,,,,,,,,,,,,,,
5175,0.0,0.0,rare,,,,,,,,,,,,,,,,,,,,,,,,,,,,,,,,,,,,
5176,0.005301524188204109,60.39529800415039,rare,,,,,,,,,,,,,,,,,,,,,,,,,,,,,,,,,,,,
5177,0.0,0.0,rare,,,,,,,,,,,,,,,,,,,,,,,,,,,,,,,,,,,,
5178,0.0,0.0,rare,,,,,,,,,,,,,,,,,,,,,,,,,,,,,,,,,,,,
5179,0.0,0.0,rare,,,,,,,,,,,,,,,,,,,,,,,,,,,,,,,,,,,,
5180,0.0,0.0,rare,,,,,,,,,,,,,,,,,,,,,,,,,,,,,,,,,,,,
5181,0.0,0.0,rare,,,,,,,,,,,,,,,,,,,,,,,,,,,,,,,,,,,,
5182,0.0,0.0,rare,,,,,,,,,,,,,,,,,,,,,,,,,,,,,,,,,,,,
5183,0.0,0.0,rare,,,,,,,,,,,,,,,,,,,,,,,,,,,,,,,,,,,,
5184,0.01855533465871438,172.2657928466797,imaging,0.4880444064901793,0.4895885013511105,0.5159897580787568,0.0319795161575136,-0.13991724901896832,-0.031797142710301284,0.3584750576933066,0.07306235100876457,-0.5585757695559506,-0.08923619993835849,-0.14059073421488757,-0.03188754903990782,-0.005905877098054773,-0.010532031215285339,0.4381601471054585,0.11662917238187274,0.7220540129033804,0.10877422662719494,0.29622547871277843,0.11243286101411724,-0.7629701903223474,-0.10742671481561344,-0.6784082022891161,-0.10008179212780653,-0.6030299348348853,-0.09100529966593982,-0.19314562825177037,-0.012281104643464614,-0.5268470643410447,-0.07330304970405442,-0.47568695932580873,-0.0870363847748302,frac_pore,-0.5585757695559506,noise_sigma_c0,-0.7629701903223474
5185,0.0,0.0,rare,,,,,,,,,,,,,,,,,,,,,,,,,,,,,,,,,,,,
5186,0.0,0.0,rare,,,,,,,,,,,,,,,,,,,,,,,,,,,,,,,,,,,,
5187,0.0,0.0,rare,,,,,,,,,,,,,,,,,,,,,,,,,,,,,,,,,,,,
5188,0.0,0.0,rare,,,,,,,,,,,,,,,,,,,,,,,,,,,,,,,,,,,,
5189,0.0,0.0,rare,,,,,,,,,,,,,,,,,,,,,,,,,,,,,,,,,,,,
5190,0.0,0.0,rare,,,,,,,,,,,,,,,,,,,,,,,,,,,,,,,,,,,,
5191,0.013253810470510271,140.0618896484375,material,0.5028423589810964,0.5095011247212282,0.4910471481546883,0.01900224944245643,-0.5157650001951481,-0.06216962953653131,-0.026543880352419315,-0.039421437272177694,1.8120816448609327,0.15176654162080325,-0.5162740358448432,-0.06220921113667125,-0.21825775174390813,-0.016422755158198025,-0.41376444722043026,-0.08157699288576051,-1.045101119218779,-0.12968088205881015,-0.2451953711678821,-0.057715806711036835,0.2269827757459852,0.01053079125140257,0.40554317685522007,0.0388136902212896,0.015209754750882435,-0.018756170273485473,0.42813052120129075,0.042044955637623345,-0.04993049259891337,0.004506962571060282,-0.12578203850679417,-0.011865550899088572,frac_pore,1.8120816448609327,p1_c1,-1.045101119218779
5192,0.0,0.0,rare,,,,,,,,,,,,,,,,,,,,,,,,,,,,,,,,,,,,
5193,0.0,0.0,rare,,,,,,,,,,,,,,,,,,,,,,,,,,,,,,,,,,,,
5194,0.0,0.0,rare,,,,,,,,,,,,,,,,,,,,,,,,,,,,,,,,,,,,
5195,0.0,0.0,rare,,,,,,,,,,,,,,,,,,,,,,,,,,,,,,,,,,,,
5196,0.0,0.0,rare,,,,,,,,,,,,,,,,,,,,,,,,,,,,,,,,,,,,
5197,0.0,0.0,rare,,,,,,,,,,,,,,,,,,,,,,,,,,,,,,,,,,,,
5198,0.0,0.0,rare,,,,,,,,,,,,,,,,,,,,,,,,,,,,,,,,,,,,
5199,0.0,0.0,rare,,,,,,,,,,,,,,,,,,,,,,,,,,,,,,,,,,,,
5200,0.0,0.0,rare,,,,,,,,,,,,,,,,,,,,,,,,,,,,,,,,,,,,
5201,0.0145791915175613,145.5719757080078,imaging,0.503974249490902,0.5121913037614337,0.488283595267526,0.024382607522867472,0.518450068285827,0.07136815861242947,-0.5717105408762605,-0.07355187533489525,0.2919673130543959,0.032856073469945325,0.5174885189791361,0.07124127184558278,0.04713358580286603,-0.006830003164103924,-0.5057366012247692,-0.06440135835253405,-0.24992302613141007,-0.03374751388547093,-0.3811286480025634,-0.03967457828916582,0.7414950319869756,0.09539139842670721,0.9182429727260083,0.12159413889573573,0.6088704163162918,0.07654269928603666,-0.39663709974682454,-0.03401649164456131,0.7515367327438892,0.09924107302286006,0.5191483772721477,0.08150604565489909,frac_graphite,-0.5717105408762605,noise_sigma_c1,0.9182429727260083
5202,0.0,0.0,rare,,,,,,,,,,,,,,,,,,,,,,,,,,,,,,,,,,,,
5203,0.0,0.0,rare,,,,,,,,,,,,,,,,,,,,,,,,,,,,,,,,,,,,
5204,0.0,0.0,rare,,,,,,,,,,,,,,,,,,,,,,,,,,,,,,,,,,,,
5205,0.0,0.0,rare,,,,,,,,,,,,,,,,,,,,,,,,,,,,,,,,,,,,
5206,0.005301524188204109,62.26210403442383,rare,,,,,,,,,,,,,,,,,,,,,,,,,,,,,,,,,,,,
5207,0.0,0.0,rare,,,,,,,,,,,,,,,,,,,,,,,,,,,,,,,,,,,,
5208,0.0,0.0,rare,,,,,,,,,,,,,,,,,,,,,,,,,,,,,,,,,,,,
5209,0.0,0.0,rare,,,,,,,,,,,,,,,,,,,,,,,,,,,,,,,,,,,,
5210,0.0026507620941020544,43.41116714477539,rare,,,,,,,,,,,,,,,,,,,,,,,,,,,,,,,,,,,,
5211,0.005964214711729622,71.89460754394531,rare,,,,,,,,,,,,,,,,,,,,,,,,,,,,,,,,,,,,
5212,0.0013253810470510272,19.806211471557617,rare,,,,,,,,,,,,,,,,,,,,,,,,,,,,,,,,,,,,
5213,0.0,0.0,rare,,,,,,,,,,,,,,,,,,,,,,,,,,,,,,,,,,,,
5214,0.0,0.0,rare,,,,,,,,,,,,,,,,,,,,,,,,,,,,,,,,,,,,
5215,0.0,0.0,rare,,,,,,,,,,,,,,,,,,,,,,,,,,,,,,,,,,,,
5216,0.005964214711729622,67.84882354736328,rare,,,,,,,,,,,,,,,,,,,,,,,,,,,,,,,,,,,,
5217,0.0,0.0,rare,,,,,,,,,,,,,,,,,,,,,,,,,,,,,,,,,,,,
5218,0.0,0.0,rare,,,,,,,,,,,,,,,,,,,,,,,,,,,,,,,,,,,,
5219,0.0,0.0,rare,,,,,,,,,,,,,,,,,,,,,,,,,,,,,,,,,,,,
5220,0.0,0.0,rare,,,,,,,,,,,,,,,,,,,,,,,,,,,,,,,,,,,,
5221,0.0,0.0,rare,,,,,,,,,,,,,,,,,,,,,,,,,,,,,,,,,,,,
5222,0.0,0.0,rare,,,,,,,,,,,,,,,,,,,,,,,,,,,,,,,,,,,,
5223,0.0,0.0,rare,,,,,,,,,,,,,,,,,,,,,,,,,,,,,,,,,,,,
5224,0.0,0.0,rare,,,,,,,,,,,,,,,,,,,,,,,,,,,,,,,,,,,,
5225,0.0,0.0,rare,,,,,,,,,,,,,,,,,,,,,,,,,,,,,,,,,,,,
5226,0.0,0.0,rare,,,,,,,,,,,,,,,,,,,,,,,,,,,,,,,,,,,,
5227,0.0,0.0,rare,,,,,,,,,,,,,,,,,,,,,,,,,,,,,,,,,,,,
5228,0.011928429423459244,105.78792572021484,imaging,0.5018367955371174,0.5103055291969925,0.49116016245806104,0.020611058393984916,-0.5672786501075264,-0.06956320788469587,0.7363248821062068,0.09018819539858527,-0.6059196147773889,-0.061684200767099656,-0.5677651463274487,-0.06963300286115359,-0.33683286634025406,-0.03714108944052332,-0.40556135769400875,-0.0487281534072229,0.15756555104531172,0.008779476190483616,-0.45069091631198355,-0.05098519514981829,0.6922617172108052,0.09022444164169821,0.9404665956751345,0.11716510797604729,0.7684440427426789,0.09819890764482678,1.2542166852616126,0.09573918704274123,0.8026243459295296,0.09480945823064088,0.3909777019130994,0.057266046401212425,frac_graphite,0.7363248821062068,sharpness_c0,1.2542166852616126
5229,0.0,0.0,rare,,,,,,,,,,,,,,,,,,,,,,,,,,,,,,,,,,,,
5230,0.0,0.0,rare,,,,,,,,,,,,,,,,,,,,,,,,,,,,,,,,,,,,
5231,0.0,0.0,rare,,,,,,,,,,,,,,,,,,,,,,,,,,,,,,,,,,,,
5232,0.0,0.0,rare,,,,,,,,,,,,,,,,,,,,,,,,,,,,,,,,,,,,
5233,0.0,0.0,rare,,,,,,,,,,,,,,,,,,,,,,,,,,,,,,,,,,,,
5234,0.0,0.0,rare,,,,,,,,,,,,,,,,,,,,,,,,,,,,,,,,,,,,
5235,0.0,0.0,rare,,,,,,,,,,,,,,,,,,,,,,,,,,,,,,,,,,,,
5236,0.0,0.0,rare,,,,,,,,,,,,,,,,,,,,,,,,,,,,,,,,,,,,
5237,0.0033134526176275677,38.88006591796875,rare,,,,,,,,,,,,,,,,,,,,,,,,,,,,,,,,,,,,
5238,0.0,0.0,rare,,,,,,,,,,,,,,,,,,,,,,,,,,,,,,,,,,,,
5239,0.0,0.0,rare,,,,,,,,,,,,,,,,,,,,,,,,,,,,,,,,,,,,
5240,0.0033134526176275677,45.8465461730957,rare,,,,,,,,,,,,,,,,,,,,,,,,,,,,,,,,,,,,
5241,0.0,0.0,rare,,,,,,,,,,,,,,,,,,,,,,,,,,,,,,,,,,,,
5242,0.0,0.0,rare,,,,,,,,,,,,,,,,,,,,,,,,,,,,,,,,,,,,
5243,0.0,0.0,rare,,,,,,,,,,,,,,,,,,,,,,,,,,,,,,,,,,,,
5244,0.0,0.0,rare,,,,,,,,,,,,,,,,,,,,,,,,,,,,,,,,,,,,
5245,0.0026507620941020544,24.6649169921875,rare,,,,,,,,,,,,,,,,,,,,,,,,,,,,,,,,,,,,
5246,0.0,0.0,rare,,,,,,,,,,,,,,,,,,,,,,,,,,,,,,,,,,,,
5247,0.0,0.0,rare,,,,,,,,,,,,,,,,,,,,,,,,,,,,,,,,,,,,
5248,0.0,0.0,rare,,,,,,,,,,,,,,,,,,,,,,,,,,,,,,,,,,,,
5249,0.0,0.0,rare,,,,,,,,,,,,,,,,,,,,,,,,,,,,,,,,,,,,
5250,0.0,0.0,rare,,,,,,,,,,,,,,,,,,,,,,,,,,,,,,,,,,,,
5251,0.0,0.0,rare,,,,,,,,,,,,,,,,,,,,,,,,,,,,,,,,,,,,
5252,0.0,0.0,rare,,,,,,,,,,,,,,,,,,,,,,,,,,,,,,,,,,,,
5253,0.0,0.0,rare,,,,,,,,,,,,,,,,,,,,,,,,,,,,,,,,,,,,
5254,0.0,0.0,rare,,,,,,,,,,,,,,,,,,,,,,,,,,,,,,,,,,,,
5255,0.0,0.0,rare,,,,,,,,,,,,,,,,,,,,,,,,,,,,,,,,,,,,
5256,0.0,0.0,rare,,,,,,,,,,,,,,,,,,,,,,,,,,,,,,,,,,,,
5257,0.0,0.0,rare,,,,,,,,,,,,,,,,,,,,,,,,,,,,,,,,,,,,
5258,0.0,0.0,rare,,,,,,,,,,,,,,,,,,,,,,,,,,,,,,,,,,,,
5259,0.0,0.0,rare,,,,,,,,,,,,,,,,,,,,,,,,,,,,,,,,,,,,
5260,0.0,0.0,rare,,,,,,,,,,,,,,,,,,,,,,,,,,,,,,,,,,,,
5261,0.0,0.0,rare,,,,,,,,,,,,,,,,,,,,,,,,,,,,,,,,,,,,
5262,0.0,0.0,rare,,,,,,,,,,,,,,,,,,,,,,,,,,,,,,,,,,,,
5263,0.0,0.0,rare,,,,,,,,,,,,,,,,,,,,,,,,,,,,,,,,,,,,
5264,0.0,0.0,rare,,,,,,,,,,,,,,,,,,,,,,,,,,,,,,,,,,,,
5265,0.0,0.0,rare,,,,,,,,,,,,,,,,,,,,,,,,,,,,,,,,,,,,
5266,0.0013253810470510272,29.388736724853516,rare,,,,,,,,,,,,,,,,,,,,,,,,,,,,,,,,,,,,
5267,0.0,0.0,rare,,,,,,,,,,,,,,,,,,,,,,,,,,,,,,,,,,,,
5268,0.0,0.0,rare,,,,,,,,,,,,,,,,,,,,,,,,,,,,,,,,,,,,
5269,0.0,0.0,rare,,,,,,,,,,,,,,,,,,,,,,,,,,,,,,,,,,,,
5270,0.0,0.0,rare,,,,,,,,,,,,,,,,,,,,,,,,,,,,,,,,,,,,
5271,0.0,0.0,rare,,,,,,,,,,,,,,,,,,,,,,,,,,,,,,,,,,,,
5272,0.0,0.0,rare,,,,,,,,,,,,,,,,,,,,,,,,,,,,,,,,,,,,
5273,0.0,0.0,rare,,,,,,,,,,,,,,,,,,,,,,,,,,,,,,,,,,,,
5274,0.0,0.0,rare,,,,,,,,,,,,,,,,,,,,,,,,,,,,,,,,,,,,
5275,0.0,0.0,rare,,,,,,,,,,,,,,,,,,,,,,,,,,,,,,,,,,,,
5276,0.0,0.0,rare,,,,,,,,,,,,,,,,,,,,,,,,,,,,,,,,,,,,
5277,0.0,0.0,rare,,,,,,,,,,,,,,,,,,,,,,,,,,,,,,,,,,,,
5278,0.0,0.0,rare,,,,,,,,,,,,,,,,,,,,,,,,,,,,,,,,,,,,
5279,0.0,0.0,rare,,,,,,,,,,,,,,,,,,,,,,,,,,,,,,,,,,,,
5280,0.0,0.0,rare,,,,,,,,,,,,,,,,,,,,,,,,,,,,,,,,,,,,
5281,0.0,0.0,rare,,,,,,,,,,,,,,,,,,,,,,,,,,,,,,,,,,,,
5282,0.0,0.0,rare,,,,,,,,,,,,,,,,,,,,,,,,,,,,,,,,,,,,
5283,0.0,0.0,rare,,,,,,,,,,,,,,,,,,,,,,,,,,,,,,,,,,,,
5284,0.0,0.0,rare,,,,,,,,,,,,,,,,,,,,,,,,,,,,,,,,,,,,
5285,0.0,0.0,rare,,,,,,,,,,,,,,,,,,,,,,,,,,,,,,,,,,,,
5286,0.0,0.0,rare,,,,,,,,,,,,,,,,,,,,,,,,,,,,,,,,,,,,
5287,0.0,0.0,rare,,,,,,,,,,,,,,,,,,,,,,,,,,,,,,,,,,,,
5288,0.0,0.0,rare,,,,,,,,,,,,,,,,,,,,,,,,,,,,,,,,,,,,
5289,0.0006626905235255136,15.848333358764648,rare,,,,,,,,,,,,,,,,,,,,,,,,,,,,,,,,,,,,
5290,0.0,0.0,rare,,,,,,,,,,,,,,,,,,,,,,,,,,,,,,,,,,,,
5291,0.0,0.0,rare,,,,,,,,,,,,,,,,,,,,,,,,,,,,,,,,,,,,
5292,0.0,0.0,rare,,,,,,,,,,,,,,,,,,,,,,,,,,,,,,,,,,,,
5293,0.0,0.0,rare,,,,,,,,,,,,,,,,,,,,,,,,,,,,,,,,,,,,
5294,0.0,0.0,rare,,,,,,,,,,,,,,,,,,,,,,,,,,,,,,,,,,,,
5295,0.0,0.0,rare,,,,,,,,,,,,,,,,,,,,,,,,,,,,,,,,,,,,
5296,0.0,0.0,rare,,,,,,,,,,,,,,,,,,,,,,,,,,,,,,,,,,,,
5297,0.0,0.0,rare,,,,,,,,,,,,,,,,,,,,,,,,,,,,,,,,,,,,
5298,0.0,0.0,rare,,,,,,,,,,,,,,,,,,,,,,,,,,,,,,,,,,,,
5299,0.0,0.0,rare,,,,,,,,,,,,,,,,,,,,,,,,,,,,,,,,,,,,
5300,0.0,0.0,rare,,,,,,,,,,,,,,,,,,,,,,,,,,,,,,,,,,,,
5301,0.0,0.0,rare,,,,,,,,,,,,,,,,,,,,,,,,,,,,,,,,,,,,
5302,0.0,0.0,rare,,,,,,,,,,,,,,,,,,,,,,,,,,,,,,,,,,,,
5303,0.003976143141153081,36.63793182373047,rare,,,,,,,,,,,,,,,,,,,,,,,,,,,,,,,,,,,,
5304,0.0,0.0,rare,,,,,,,,,,,,,,,,,,,,,,,,,,,,,,,,,,,,
5305,0.0,0.0,rare,,,,,,,,,,,,,,,,,,,,,,,,,,,,,,,,,,,,
5306,0.0,0.0,rare,,,,,,,,,,,,,,,,,,,,,,,,,,,,,,,,,,,,
5307,0.005964214711729622,60.91929244995117,rare,,,,,,,,,,,,,,,,,,,,,,,,,,,,,,,,,,,,
5308,0.0,0.0,rare,,,,,,,,,,,,,,,,,,,,,,,,,,,,,,,,,,,,
5309,0.0006626905235255136,13.374475479125977,rare,,,,,,,,,,,,,,,,,,,,,,,,,,,,,,,,,,,,
5310,0.0,0.0,rare,,,,,,,,,,,,,,,,,,,,,,,,,,,,,,,,,,,,
5311,0.0,0.0,rare,,,,,,,,,,,,,,,,,,,,,,,,,,,,,,,,,,,,
5312,0.0,0.0,rare,,,,,,,,,,,,,,,,,,,,,,,,,,,,,,,,,,,,
5313,0.005301524188204109,54.870330810546875,rare,,,,,,,,,,,,,,,,,,,,,,,,,,,,,,,,,,,,
5314,0.0,0.0,rare,,,,,,,,,,,,,,,,,,,,,,,,,,,,,,,,,,,,
5315,0.0,0.0,rare,,,,,,,,,,,,,,,,,,,,,,,,,,,,,,,,,,,,
5316,0.0,0.0,rare,,,,,,,,,,,,,,,,,,,,,,,,,,,,,,,,,,,,
5317,0.008614976805831677,86.62930297851562,imaging,0.5020919762100869,0.5034139022287302,0.4960347872152569,0.0079304255694862,-0.7472503689293576,-0.0932662396626946,1.0801670787855382,0.12649023460389158,-1.0753441364410878,-0.10216564621075175,-0.7476581197931637,-0.0933157112995529,-0.33683288666138755,-0.03115089719541056,0.016181470094991154,-0.011482033619438248,1.0195704386255775,0.06145651476269542,0.012370128130105185,0.005423405733638252,0.8173223300814126,0.08014249668237416,1.022095334520593,0.1017834207713551,1.0050906994902962,0.09916308559779845,2.710363477832613,0.11824333376633554,1.6953692660071806,0.11965130794226206,1.7422966386379029,0.12895804233493727,frac_graphite,1.0801670787855382,sharpness_c0,2.710363477832613
5318,0.0,0.0,rare,,,,,,,,,,,,,,,,,,,,,,,,,,,,,,,,,,,,
5319,0.0,0.0,rare,,,,,,,,,,,,,,,,,,,,,,,,,,,,,,,,,,,,
5320,0.0,0.0,rare,,,,,,,,,,,,,,,,,,,,,,,,,,,,,,,,,,,,
5321,0.0,0.0,rare,,,,,,,,,,,,,,,,,,,,,,,,,,,,,,,,,,,,
5322,0.0,0.0,rare,,,,,,,,,,,,,,,,,,,,,,,,,,,,,,,,,,,,
5323,0.0,0.0,rare,,,,,,,,,,,,,,,,,,,,,,,,,,,,,,,,,,,,
5324,0.0,0.0,rare,,,,,,,,,,,,,,,,,,,,,,,,,,,,,,,,,,,,
5325,0.0,0.0,rare,,,,,,,,,,,,,,,,,,,,,,,,,,,,,,,,,,,,
5326,0.0,0.0,rare,,,,,,,,,,,,,,,,,,,,,,,,,,,,,,,,,,,,
5327,0.025182239893969515,196.4948272705078,imaging,0.4856416656981591,0.4870669100752865,0.5195179233621755,0.03903584672435101,0.6263359118402629,0.10071860827928705,-0.733121892043703,-0.10637907456545576,0.39717718430681537,0.05361635860179482,0.6278180293681717,0.10114812676470836,0.14560174773334097,0.027491713820852096,-0.1448493934868296,0.02747360257895603,-0.2872260186937143,-0.02083770680373509,-0.13976375908267616,-0.0020225340639979774,-0.5176144143881122,-0.09515225367913363,-0.47935677027211904,-0.09934751098516777,-0.5744536825538716,-0.10907528955006879,-0.834533861005062,-0.16104821228961452,-0.6982180670023096,-0.11584204375824836,-0.6632074067320204,-0.12941564756993393,frac_graphite,-0.733121892043703,sharpness_c0,-0.834533861005062
5328,0.0,0.0,rare,,,,,,,,,,,,,,,,,,,,,,,,,,,,,,,,,,,,
5329,0.0,0.0,rare,,,,,,,,,,,,,,,,,,,,,,,,,,,,,,,,,,,,
5330,0.0,0.0,rare,,,,,,,,,,,,,,,,,,,,,,,,,,,,,,,,,,,,
5331,0.0,0.0,rare,,,,,,,,,,,,,,,,,,,,,,,,,,,,,,,,,,,,
5332,0.0,0.0,rare,,,,,,,,,,,,,,,,,,,,,,,,,,,,,,,,,,,,
5333,0.0,0.0,rare,,,,,,,,,,,,,,,,,,,,,,,,,,,,,,,,,,,,
5334,0.0,0.0,rare,,,,,,,,,,,,,,,,,,,,,,,,,,,,,,,,,,,,
5335,0.0,0.0,rare,,,,,,,,,,,,,,,,,,,,,,,,,,,,,,,,,,,,
5336,0.0,0.0,rare,,,,,,,,,,,,,,,,,,,,,,,,,,,,,,,,,,,,
5337,0.0,0.0,rare,,,,,,,,,,,,,,,,,,,,,,,,,,,,,,,,,,,,
5338,0.0,0.0,rare,,,,,,,,,,,,,,,,,,,,,,,,,,,,,,,,,,,,
5339,0.0,0.0,rare,,,,,,,,,,,,,,,,,,,,,,,,,,,,,,,,,,,,
5340,0.0,0.0,rare,,,,,,,,,,,,,,,,,,,,,,,,,,,,,,,,,,,,
5341,0.0,0.0,rare,,,,,,,,,,,,,,,,,,,,,,,,,,,,,,,,,,,,
5342,0.0,0.0,rare,,,,,,,,,,,,,,,,,,,,,,,,,,,,,,,,,,,,
5343,0.0,0.0,rare,,,,,,,,,,,,,,,,,,,,,,,,,,,,,,,,,,,,
5344,0.0033134526176275677,42.81622314453125,rare,,,,,,,,,,,,,,,,,,,,,,,,,,,,,,,,,,,,
5345,0.0,0.0,rare,,,,,,,,,,,,,,,,,,,,,,,,,,,,,,,,,,,,
5346,0.0,0.0,rare,,,,,,,,,,,,,,,,,,,,,,,,,,,,,,,,,,,,
5347,0.0,0.0,rare,,,,,,,,,,,,,,,,,,,,,,,,,,,,,,,,,,,,
5348,0.0,0.0,rare,,,,,,,,,,,,,,,,,,,,,,,,,,,,,,,,,,,,
5349,0.0,0.0,rare,,,,,,,,,,,,,,,,,,,,,,,,,,,,,,,,,,,,
5350,0.0,0.0,rare,,,,,,,,,,,,,,,,,,,,,,,,,,,,,,,,,,,,
5351,0.0,0.0,rare,,,,,,,,,,,,,,,,,,,,,,,,,,,,,,,,,,,,
5352,0.0,0.0,rare,,,,,,,,,,,,,,,,,,,,,,,,,,,,,,,,,,,,
5353,0.0,0.0,rare,,,,,,,,,,,,,,,,,,,,,,,,,,,,,,,,,,,,
5354,0.0,0.0,rare,,,,,,,,,,,,,,,,,,,,,,,,,,,,,,,,,,,,
5355,0.0,0.0,rare,,,,,,,,,,,,,,,,,,,,,,,,,,,,,,,,,,,,
5356,0.0,0.0,rare,,,,,,,,,,,,,,,,,,,,,,,,,,,,,,,,,,,,
5357,0.0,0.0,rare,,,,,,,,,,,,,,,,,,,,,,,,,,,,,,,,,,,,
5358,0.0,0.0,rare,,,,,,,,,,,,,,,,,,,,,,,,,,,,,,,,,,,,
5359,0.0,0.0,rare,,,,,,,,,,,,,,,,,,,,,,,,,,,,,,,,,,,,
5360,0.0,0.0,rare,,,,,,,,,,,,,,,,,,,,,,,,,,,,,,,,,,,,
5361,0.0,0.0,rare,,,,,,,,,,,,,,,,,,,,,,,,,,,,,,,,,,,,
5362,0.00927766732935719,84.74087524414062,mixed,0.49975997857492954,0.493897122929381,0.5046424156807345,0.012205754141238034,-0.20609728647271594,-0.028641604074087865,0.1332722651488506,0.02375795965241969,0.1714150931842699,0.023715608439886654,-0.20674181512469644,-0.02867342413611236,0.06598754225262914,-0.00868531655775073,-0.18409884831356704,0.01378744300016235,-0.050826812947070754,0.01679641971410106,-0.2301558407909101,-0.00910952188678492,-0.1957237828426784,-0.03727582955078698,-0.15562652221337717,-0.021192773377697472,-0.2102439836254596,-0.033504120191917064,-0.14728918070238511,-0.014610410421331436,-0.002144484380038683,0.0007530211444954865,-0.3670207536100091,-0.03379057779704395,K01_si_frac_adm,-0.20674181512469644,sharpness_c2,-0.3670207536100091
5363,0.0,0.0,rare,,,,,,,,,,,,,,,,,,,,,,,,,,,,,,,,,,,,
5364,0.0,0.0,rare,,,,,,,,,,,,,,,,,,,,,,,,,,,,,,,,,,,,
5365,0.0,0.0,rare,,,,,,,,,,,,,,,,,,,,,,,,,,,,,,,,,,,,
5366,0.0,0.0,rare,,,,,,,,,,,,,,,,,,,,,,,,,,,,,,,,,,,,
5367,0.0,0.0,rare,,,,,,,,,,,,,,,,,,,,,,,,,,,,,,,,,,,,
5368,0.0,0.0,rare,,,,,,,,,,,,,,,,,,,,,,,,,,,,,,,,,,,,
5369,0.0,0.0,rare,,,,,,,,,,,,,,,,,,,,,,,,,,,,,,,,,,,,
5370,0.0006626905235255136,0.02772539108991623,rare,,,,,,,,,,,,,,,,,,,,,,,,,,,,,,,,,,,,
5371,0.0019880715705765406,28.91393280029297,rare,,,,,,,,,,,,,,,,,,,,,,,,,,,,,,,,,,,,
5372,0.0,0.0,rare,,,,,,,,,,,,,,,,,,,,,,,,,,,,,,,,,,,,
5373,0.0006626905235255136,19.974853515625,rare,,,,,,,,,,,,,,,,,,,,,,,,,,,,,,,,,,,,
5374,0.00927766732935719,100.68843078613281,imaging,0.49593479502170296,0.49752657665685646,0.504654776620166,0.009309553240332002,-0.36351312954054893,-0.027253316518132727,0.6648940978804435,0.07634898020072134,-1.0002890467182515,-0.11184651810513986,-0.36408878191163196,-0.027300888918657364,-0.10018549366909345,-0.009968623348057553,1.6787390666674575,0.1164097374827904,1.0224950186545072,0.10392133045842801,1.53016652005232,0.12978275001329506,-0.6435501988438969,-0.054697272167908643,-0.9028931020214611,-0.06133688033025689,-0.4486941228013758,-0.03496254923533082,0.48760238489099783,0.03617313282859993,-0.44306529482392654,-0.03264403233662935,0.0678337101785973,0.010842738967422721,frac_pore,-1.0002890467182515,p1_c0,1.6787390666674575
5375,0.0,0.0,rare,,,,,,,,,,,,,,,,,,,,,,,,,,,,,,,,,,,,
5376,0.0,0.0,rare,,,,,,,,,,,,,,,,,,,,,,,,,,,,,,,,,,,,
5377,0.0,0.0,rare,,,,,,,,,,,,,,,,,,,,,,,,,,,,,,,,,,,,
5378,0.0,0.0,rare,,,,,,,,,,,,,,,,,,,,,,,,,,,,,,,,,,,,
5379,0.0,0.0,rare,,,,,,,,,,,,,,,,,,,,,,,,,,,,,,,,,,,,
5380,0.0,0.0,rare,,,,,,,,,,,,,,,,,,,,,,,,,,,,,,,,,,,,
5381,0.0,0.0,rare,,,,,,,,,,,,,,,,,,,,,,,,,,,,,,,,,,,,
5382,0.0,0.0,rare,,,,,,,,,,,,,,,,,,,,,,,,,,,,,,,,,,,,
5383,0.0,0.0,rare,,,,,,,,,,,,,,,,,,,,,,,,,,,,,,,,,,,,
5384,0.0,0.0,rare,,,,,,,,,,,,,,,,,,,,,,,,,,,,,,,,,,,,
5385,0.0,0.0,rare,,,,,,,,,,,,,,,,,,,,,,,,,,,,,,,,,,,,
5386,0.0,0.0,rare,,,,,,,,,,,,,,,,,,,,,,,,,,,,,,,,,,,,
5387,0.0,0.0,rare,,,,,,,,,,,,,,,,,,,,,,,,,,,,,,,,,,,,
5388,0.0,0.0,rare,,,,,,,,,,,,,,,,,,,,,,,,,,,,,,,,,,,,
5389,0.0,0.0,rare,,,,,,,,,,,,,,,,,,,,,,,,,,,,,,,,,,,,
5390,0.0,0.0,rare,,,,,,,,,,,,,,,,,,,,,,,,,,,,,,,,,,,,
5391,0.0,0.0,rare,,,,,,,,,,,,,,,,,,,,,,,,,,,,,,,,,,,,
5392,0.0,0.0,rare,,,,,,,,,,,,,,,,,,,,,,,,,,,,,,,,,,,,
5393,0.0,0.0,rare,,,,,,,,,,,,,,,,,,,,,,,,,,,,,,,,,,,,
5394,0.0,0.0,rare,,,,,,,,,,,,,,,,,,,,,,,,,,,,,,,,,,,,
5395,0.01126573889993373,119.3904800415039,imaging,0.49463994259698124,0.4925893635571055,0.5091797633763023,0.01835952675260466,-0.6357724320501469,-0.06470354421685358,0.5848225011771995,0.048886500070044095,0.14549464043847674,0.023976680058154145,-0.6359939134069464,-0.06430487117483046,-0.3368329024402649,-0.036019696756253675,0.44747801381996827,0.03693903741136637,0.04092046904343077,0.0021880677210415504,0.30774470757691114,0.0038571502782594243,-0.6897221781287523,-0.07967099252775808,-0.9388897547212574,-0.0895900090233872,-0.6856565142793594,-0.08484924860099195,0.32474182763426207,0.0027344401904424004,-0.9799161470292442,-0.1093172294543469,-0.36175922318304693,-0.076696907029474,K01_si_frac_adm,-0.6359939134069464,sharpness_c1,-0.9799161470292442
5396,0.0,0.0,rare,,,,,,,,,,,,,,,,,,,,,,,,,,,,,,,,,,,,
5397,0.0,0.0,rare,,,,,,,,,,,,,,,,,,,,,,,,,,,,,,,,,,,,
5398,0.0,0.0,rare,,,,,,,,,,,,,,,,,,,,,,,,,,,,,,,,,,,,
5399,0.0,0.0,rare,,,,,,,,,,,,,,,,,,,,,,,,,,,,,,,,,,,,
5400,0.0026507620941020544,43.56206512451172,rare,,,,,,,,,,,,,,,,,,,,,,,,,,,,,,,,,,,,
5401,0.0,0.0,rare,,,,,,,,,,,,,,,,,,,,,,,,,,,,,,,,,,,,
5402,0.00927766732935719,83.29751586914062,material,0.5016649907275934,0.4993352825290091,0.4993236800282535,0.0033299814551868145,-0.39439661859517855,-0.04948671722545889,0.19067324380755404,0.016735331419482025,0.7999901778803408,0.0753965399035755,-0.39495875815099885,-0.04956617279825761,0.3259758322025709,0.015461995937362067,-0.5262912296516288,-0.0662308513934419,-0.40872757636395257,-0.04018804840038273,-0.4933143482833329,-0.06034304619066644,0.005912588470680398,-0.01059632360634366,0.16354504622696753,0.02198369163726811,-0.14240522665563468,-0.019943409384762117,0.1322157508623425,0.01286434606000267,-0.15917527807782608,-0.0018448029602620812,-0.23131095973518262,-0.013317407963478798,frac_pore,0.7999901778803408,p1_c0,-0.5262912296516288
5403,0.0,0.0,rare,,,,,,,,,,,,,,,,,,,,,,,,,,,,,,,,,,,,
5404,0.0,0.0,rare,,,,,,,,,,,,,,,,,,,,,,,,,,,,,,,,,,,,
5405,0.0,0.0,rare,,,,,,,,,,,,,,,,,,,,,,,,,,,,,,,,,,,,
5406,0.0,0.0,rare,,,,,,,,,,,,,,,,,,,,,,,,,,,,,,,,,,,,
5407,0.0,0.0,rare,,,,,,,,,,,,,,,,,,,,,,,,,,,,,,,,,,,,
5408,0.0,0.0,rare,,,,,,,,,,,,,,,,,,,,,,,,,,,,,,,,,,,,
5409,0.0,0.0,rare,,,,,,,,,,,,,,,,,,,,,,,,,,,,,,,,,,,,
5410,0.0,0.0,rare,,,,,,,,,,,,,,,,,,,,,,,,,,,,,,,,,,,,
5411,0.0,0.0,rare,,,,,,,,,,,,,,,,,,,,,,,,,,,,,,,,,,,,
5412,0.0,0.0,rare,,,,,,,,,,,,,,,,,,,,,,,,,,,,,,,,,,,,
5413,0.0,0.0,rare,,,,,,,,,,,,,,,,,,,,,,,,,,,,,,,,,,,,
5414,0.0,0.0,rare,,,,,,,,,,,,,,,,,,,,,,,,,,,,,,,,,,,,
5415,0.0,0.0,rare,,,,,,,,,,,,,,,,,,,,,,,,,,,,,,,,,,,,
5416,0.0033134526176275677,44.36756896972656,rare,,,,,,,,,,,,,,,,,,,,,,,,,,,,,,,,,,,,
5417,0.0,0.0,rare,,,,,,,,,,,,,,,,,,,,,,,,,,,,,,,,,,,,
5418,0.0,0.0,rare,,,,,,,,,,,,,,,,,,,,,,,,,,,,,,,,,,,,
5419,0.0,0.0,rare,,,,,,,,,,,,,,,,,,,,,,,,,,,,,,,,,,,,
5420,0.0,0.0,rare,,,,,,,,,,,,,,,,,,,,,,,,,,,,,,,,,,,,
5421,0.01855533465871438,198.43701171875,mixed,0.5070616829797017,0.5005346640527535,0.4946724351050681,0.014123365959403333,-0.366512151143135,-0.051439994050087055,0.18973593856442508,0.006847492087912133,0.38477035582402397,0.06229093316674535,-0.366555924849738,-0.05134852670996771,-0.3368328654572868,-0.04696941131118338,-0.45847648201604063,-0.06479660480308898,-0.18059260695499074,-0.05235917011556259,-0.4758555486347449,-0.0836585510029455,0.06229597547538442,0.01900734798826756,0.2348603069844979,0.04535721314345056,-0.00470995558056292,0.012836765576907926,0.133107707513283,0.024458000451406343,0.11196886551986625,0.024682165235375572,-0.06911059654842511,0.005512774392006708,frac_pore,0.38477035582402397,p1_c2,-0.4758555486347449
5422,0.0,0.0,rare,,,,,,,,,,,,,,,,,,,,,,,,,,,,,,,,,,,,
5423,0.0,0.0,rare,,,,,,,,,,,,,,,,,,,,,,,,,,,,,,,,,,,,
5424,0.0,0.0,rare,,,,,,,,,,,,,,,,,,,,,,,,,,,,,,,,,,,,
5425,0.0033134526176275677,39.62019729614258,rare,,,,,,,,,,,,,,,,,,,,,,,,,,,,,,,,,,,,
5426,0.005964214711729622,73.91470336914062,rare,,,,,,,,,,,,,,,,,,,,,,,,,,,,,,,,,,,,
5427,0.0,0.0,rare,,,,,,,,,,,,,,,,,,,,,,,,,,,,,,,,,,,,
5428,0.0,0.0,rare,,,,,,,,,,,,,,,,,,,,,,,,,,,,,,,,,,,,
5429,0.0,0.0,rare,,,,,,,,,,,,,,,,,,,,,,,,,,,,,,,,,,,,
5430,0.003976143141153081,34.529205322265625,rare,,,,,,,,,,,,,,,,,,,,,,,,,,,,,,,,,,,,
5431,0.0,0.0,rare,,,,,,,,,,,,,,,,,,,,,,,,,,,,,,,,,,,,
5432,0.0,0.0,rare,,,,,,,,,,,,,,,,,,,,,,,,,,,,,,,,,,,,
5433,0.0,0.0,rare,,,,,,,,,,,,,,,,,,,,,,,,,,,,,,,,,,,,
5434,0.0,0.0,rare,,,,,,,,,,,,,,,,,,,,,,,,,,,,,,,,,,,,
5435,0.003976143141153081,55.304527282714844,rare,,,,,,,,,,,,,,,,,,,,,,,,,,,,,,,,,,,,
5436,0.0,0.0,rare,,,,,,,,,,,,,,,,,,,,,,,,,,,,,,,,,,,,
5437,0.0,0.0,rare,,,,,,,,,,,,,,,,,,,,,,,,,,,,,,,,,,,,
5438,0.024519549370444003,221.03436279296875,material,0.48987741221532194,0.5129017807684711,0.4976152216139855,0.0258035615369423,1.6507265820683552,0.17838359015822083,-1.6098893293008156,-0.17878450207746713,-0.00793218305718239,0.019871980890202024,1.6619331763983387,0.17905092486961702,0.7527965717385487,0.12173130156351326,-0.13982201869361835,-0.035638098435131195,-0.06302321736758489,-0.004195670790327344,-0.06016765923241262,0.004000186859755575,0.3439063352577599,0.05430433920946067,0.41387416602418725,0.07039785938260962,0.3754852617787605,0.06823660864386008,-0.6957086651529167,-0.1234759256952175,0.5436603618805188,0.07665054275654903,0.3601912628445212,0.07872181280736087,K01_si_frac_adm,1.6619331763983387,sharpness_c0,-0.6957086651529167
5439,0.0019880715705765406,27.481979370117188,rare,,,,,,,,,,,,,,,,,,,,,,,,,,,,,,,,,,,,
5440,0.0,0.0,rare,,,,,,,,,,,,,,,,,,,,,,,,,,,,,,,,,,,,
5441,0.0,0.0,rare,,,,,,,,,,,,,,,,,,,,,,,,,,,,,,,,,,,,
5442,0.0,0.0,rare,,,,,,,,,,,,,,,,,,,,,,,,,,,,,,,,,,,,
5443,0.0,0.0,rare,,,,,,,,,,,,,,,,,,,,,,,,,,,,,,,,,,,,
5444,0.0006626905235255136,16.801374435424805,rare,,,,,,,,,,,,,,,,,,,,,,,,,,,,,,,,,,,,
5445,0.0,0.0,rare,,,,,,,,,,,,,,,,,,,,,,,,,,,,,,,,,,,,
5446,0.0026507620941020544,32.258705139160156,rare,,,,,,,,,,,,,,,,,,,,,,,,,,,,,,,,,,,,
5447,0.0,0.0,rare,,,,,,,,,,,,,,,,,,,,,,,,,,,,,,,,,,,,
5448,0.0,0.0,rare,,,,,,,,,,,,,,,,,,,,,,,,,,,,,,,,,,,,
5449,0.0,0.0,rare,,,,,,,,,,,,,,,,,,,,,,,,,,,,,,,,,,,,
5450,0.009940357852882704,108.73609924316406,imaging,0.4935952177625961,0.5025902305798937,0.5025772558714462,0.012809564474807855,-0.3408816241801722,-0.011971321271902077,0.43047416472478106,0.02941046450430724,-0.27391649991868594,-0.01657754422399148,-0.3414671788080042,-0.012063433146694495,-0.1303385420145462,-0.012706963564370715,-0.267502138401052,-0.0039818642901597225,0.02108630938341006,0.011580580615000122,-0.20955362167933217,0.028023608060077535,0.08111776914989509,-0.03085303574453136,0.19633479876109072,-0.004364984202333278,0.2853688247929884,0.004024675284625206,-0.34568648512873024,-0.04361162230762865,0.2681828149181069,0.03609591489997654,0.6948813739529132,0.08456210163952584,frac_graphite,0.43047416472478106,sharpness_c2,0.6948813739529132
5451,0.0,0.0,rare,,,,,,,,,,,,,,,,,,,,,,,,,,,,,,,,,,,,
5452,0.0,0.0,rare,,,,,,,,,,,,,,,,,,,,,,,,,,,,,,,,,,,,
5453,0.0,0.0,rare,,,,,,,,,,,,,,,,,,,,,,,,,,,,,,,,,,,,
5454,0.0,0.0,rare,,,,,,,,,,,,,,,,,,,,,,,,,,,,,,,,,,,,
5455,0.0,0.0,rare,,,,,,,,,,,,,,,,,,,,,,,,,,,,,,,,,,,,
5456,0.0,0.0,rare,,,,,,,,,,,,,,,,,,,,,,,,,,,,,,,,,,,,
5457,0.0,0.0,rare,,,,,,,,,,,,,,,,,,,,,,,,,,,,,,,,,,,,
5458,0.0,0.0,rare,,,,,,,,,,,,,,,,,,,,,,,,,,,,,,,,,,,,
5459,0.0,0.0,rare,,,,,,,,,,,,,,,,,,,,,,,,,,,,,,,,,,,,
5460,0.02584493041749503,190.9709014892578,imaging,0.48718285590124255,0.4902098676826889,0.5161363235034434,0.03227264700688681,-0.45339266461780703,-0.05860399922000917,0.5033936088803905,0.07413135197779153,-0.1296762446398625,-0.00454344233931878,-0.4539289908152001,-0.0587479150910699,-0.3368328742367442,-0.056685729110993795,0.16542819724753305,0.05831209301365925,0.1350473643581633,0.04036486488401166,0.18455419008323357,0.05988543272254929,-0.6590406765691508,-0.11794690141709442,-0.7037795768142856,-0.1247934733925175,-0.6213669618627975,-0.11103448783231389,-0.15401794936027224,-0.03236765678356232,-0.5523968388414106,-0.0977783021440098,-0.17190257106182832,-0.03427505632034908,frac_graphite,0.5033936088803905,noise_sigma_c1,-0.7037795768142856
5461,0.0,0.0,rare,,,,,,,,,,,,,,,,,,,,,,,,,,,,,,,,,,,,
5462,0.0,0.0,rare,,,,,,,,,,,,,,,,,,,,,,,,,,,,,,,,,,,,
5463,0.0,0.0,rare,,,,,,,,,,,,,,,,,,,,,,,,,,,,,,,,,,,,
5464,0.0,0.0,rare,,,,,,,,,,,,,,,,,,,,,,,,,,,,,,,,,,,,
5465,0.0,0.0,rare,,,,,,,,,,,,,,,,,,,,,,,,,,,,,,,,,,,,
5466,0.0,0.0,rare,,,,,,,,,,,,,,,,,,,,,,,,,,,,,,,,,,,,
5467,0.0,0.0,rare,,,,,,,,,,,,,,,,,,,,,,,,,,,,,,,,,,,,
5468,0.0,0.0,rare,,,,,,,,,,,,,,,,,,,,,,,,,,,,,,,,,,,,
5469,0.0,0.0,rare,,,,,,,,,,,,,,,,,,,,,,,,,,,,,,,,,,,,
5470,0.0006626905235255136,10.506354331970215,rare,,,,,,,,,,,,,,,,,,,,,,,,,,,,,,,,,,,,
5471,0.0,0.0,rare,,,,,,,,,,,,,,,,,,,,,,,,,,,,,,,,,,,,
5472,0.0,0.0,rare,,,,,,,,,,,,,,,,,,,,,,,,,,,,,,,,,,,,
5473,0.0,0.0,rare,,,,,,,,,,,,,,,,,,,,,,,,,,,,,,,,,,,,
5474,0.0,0.0,rare,,,,,,,,,,,,,,,,,,,,,,,,,,,,,,,,,,,,
5475,0.015904572564612324,134.4204559326172,imaging,0.5145503514418971,0.5004190610143204,0.4895232209076461,0.029100702883794183,0.2700429296829625,0.06370415871044452,-0.450689542366119,-0.06993929617146602,0.5310006935859682,0.04631410529905819,0.26919006917676963,0.06354602496180474,-0.33683291313555397,-0.0442371946856946,-0.6282252831782874,-0.10577162341705583,-0.7361736980223652,-0.09660518464026967,-0.4999318004276842,-0.0923143255834596,0.7705755700410948,0.10879300824237723,1.1672463603804506,0.16088073899706698,0.7158568083313186,0.10243997165883979,-0.3075394502965547,-0.0204480913403455,0.6788232242212632,0.10441641065926746,0.26302846108752825,0.05648170128802303,frac_pore,0.5310006935859682,noise_sigma_c1,1.1672463603804506
5476,0.0,0.0,rare,,,,,,,,,,,,,,,,,,,,,,,,,,,,,,,,,,,,
5477,0.0,0.0,rare,,,,,,,,,,,,,,,,,,,,,,,,,,,,,,,,,,,,
5478,0.0,0.0,rare,,,,,,,,,,,,,,,,,,,,,,,,,,,,,,,,,,,,
5479,0.0,0.0,rare,,,,,,,,,,,,,,,,,,,,,,,,,,,,,,,,,,,,
5480,0.005301524188204109,62.894432067871094,rare,,,,,,,,,,,,,,,,,,,,,,,,,,,,,,,,,,,,
5481,0.0,0.0,rare,,,,,,,,,,,,,,,,,,,,,,,,,,,,,,,,,,,,
5482,0.0,0.0,rare,,,,,,,,,,,,,,,,,,,,,,,,,,,,,,,,,,,,
5483,0.0,0.0,rare,,,,,,,,,,,,,,,,,,,,,,,,,,,,,,,,,,,,
5484,0.0,0.0,rare,,,,,,,,,,,,,,,,,,,,,,,,,,,,,,,,,,,,
5485,0.0,0.0,rare,,,,,,,,,,,,,,,,,,,,,,,,,,,,,,,,,,,,
5486,0.0,0.0,rare,,,,,,,,,,,,,,,,,,,,,,,,,,,,,,,,,,,,
5487,0.0,0.0,rare,,,,,,,,,,,,,,,,,,,,,,,,,,,,,,,,,,,,
5488,0.0,0.0,rare,,,,,,,,,,,,,,,,,,,,,,,,,,,,,,,,,,,,
5489,0.0,0.0,rare,,,,,,,,,,,,,,,,,,,,,,,,,,,,,,,,,,,,
5490,0.0,0.0,rare,,,,,,,,,,,,,,,,,,,,,,,,,,,,,,,,,,,,
5491,0.017229953611663355,158.3059844970703,imaging,0.4926578709341634,0.530502343369925,0.4827670845841427,0.061004686739849934,-0.4415754041490016,-0.08184568586326099,0.24552445757071892,0.02334866350316598,0.6506556658058299,0.1002333774987552,-0.4421169009143182,-0.08189278864048992,-0.29054581263559054,-0.026964486098782076,-0.5253162532804366,-0.09605993143715917,-0.6464224999780868,-0.08317494940951987,-0.24664392160605045,-0.0747397920844019,0.3878692730533064,0.01590564551676373,0.26139745613605253,0.016236922413144932,0.3469591893018801,0.017139725977407667,0.9285550168027547,0.08720890615233849,-0.4449964045355752,-0.04759473544267081,0.5243348301143719,0.055655450564187886,frac_pore,0.6506556658058299,sharpness_c0,0.9285550168027547
5492,0.0,0.0,rare,,,,,,,,,,,,,,,,,,,,,,,,,,,,,,,,,,,,
5493,0.0,0.0,rare,,,,,,,,,,,,,,,,,,,,,,,,,,,,,,,,,,,,
5494,0.0,0.0,rare,,,,,,,,,,,,,,,,,,,,,,,,,,,,,,,,,,,,
5495,0.0,0.0,rare,,,,,,,,,,,,,,,,,,,,,,,,,,,,,,,,,,,,
5496,0.0,0.0,rare,,,,,,,,,,,,,,,,,,,,,,,,,,,,,,,,,,,,
5497,0.0,0.0,rare,,,,,,,,,,,,,,,,,,,,,,,,,,,,,,,,,,,,
5498,0.0,0.0,rare,,,,,,,,,,,,,,,,,,,,,,,,,,,,,,,,,,,,
5499,0.0,0.0,rare,,,,,,,,,,,,,,,,,,,,,,,,,,,,,,,,,,,,
5500,0.0,0.0,rare,,,,,,,,,,,,,,,,,,,,,,,,,,,,,,,,,,,,
5501,0.0,0.0,rare,,,,,,,,,,,,,,,,,,,,,,,,,,,,,,,,,,,,
5502,0.0,0.0,rare,,,,,,,,,,,,,,,,,,,,,,,,,,,,,,,,,,,,
5503,0.0,0.0,rare,,,,,,,,,,,,,,,,,,,,,,,,,,,,,,,,,,,,
5504,0.0,0.0,rare,,,,,,,,,,,,,,,,,,,,,,,,,,,,,,,,,,,,
5505,0.0,0.0,rare,,,,,,,,,,,,,,,,,,,,,,,,,,,,,,,,,,,,
5506,0.004638833664678595,48.68622589111328,rare,,,,,,,,,,,,,,,,,,,,,,,,,,,,,,,,,,,,
5507,0.0,0.0,rare,,,,,,,,,,,,,,,,,,,,,,,,,,,,,,,,,,,,
5508,0.0,0.0,rare,,,,,,,,,,,,,,,,,,,,,,,,,,,,,,,,,,,,
5509,0.00728959575878065,80.25074005126953,imaging,0.49530315969257044,0.4952048823016565,0.5067985166872683,0.013597033374536549,0.6120283071372239,0.029460950349285277,-0.5391348977753142,-0.014157557083850478,-0.43372058978373096,-0.031096806045711484,0.6110258132968838,0.029443019176389227,0.28994901259859557,-0.0020389661330385556,2.167680526479349,0.13747196387131844,0.5488046938514768,0.062462181680948685,2.26183434931678,0.15059887570843508,-1.406354746867394,-0.1115191887704695,-1.6908219992975695,-0.12670123681340334,-1.1905642929967832,-0.09592491425820138,-0.595276334439522,-0.04033669176053811,-1.1276091055476105,-0.11405970611540985,-1.020644854341689,-0.09039101591247485,frac_si,0.6120283071372239,p1_c2,2.26183434931678
5510,0.0,0.0,rare,,,,,,,,,,,,,,,,,,,,,,,,,,,,,,,,,,,,
5511,0.0,0.0,rare,,,,,,,,,,,,,,,,,,,,,,,,,,,,,,,,,,,,
5512,0.0006626905235255136,10.760313987731934,rare,,,,,,,,,,,,,,,,,,,,,,,,,,,,,,,,,,,,
5513,0.0,0.0,rare,,,,,,,,,,,,,,,,,,,,,,,,,,,,,,,,,,,,
5514,0.0,0.0,rare,,,,,,,,,,,,,,,,,,,,,,,,,,,,,,,,,,,,
5515,0.0,0.0,rare,,,,,,,,,,,,,,,,,,,,,,,,,,,,,,,,,,,,
5516,0.0,0.0,rare,,,,,,,,,,,,,,,,,,,,,,,,,,,,,,,,,,,,
5517,0.0,0.0,rare,,,,,,,,,,,,,,,,,,,,,,,,,,,,,,,,,,,,
5518,0.0,0.0,rare,,,,,,,,,,,,,,,,,,,,,,,,,,,,,,,,,,,,
5519,0.0,0.0,rare,,,,,,,,,,,,,,,,,,,,,,,,,,,,,,,,,,,,
5520,0.0,0.0,rare,,,,,,,,,,,,,,,,,,,,,,,,,,,,,,,,,,,,
5521,0.0,0.0,rare,,,,,,,,,,,,,,,,,,,,,,,,,,,,,,,,,,,,
5522,0.0006626905235255136,14.093463897705078,rare,,,,,,,,,,,,,,,,,,,,,,,,,,,,,,,,,,,,
5523,0.0,0.0,rare,,,,,,,,,,,,,,,,,,,,,,,,,,,,,,,,,,,,
5524,0.0,0.0,rare,,,,,,,,,,,,,,,,,,,,,,,,,,,,,,,,,,,,
5525,0.0,0.0,rare,,,,,,,,,,,,,,,,,,,,,,,,,,,,,,,,,,,,
5526,0.0,0.0,rare,,,,,,,,,,,,,,,,,,,,,,,,,,,,,,,,,,,,
5527,0.0,0.0,rare,,,,,,,,,,,,,,,,,,,,,,,,,,,,,,,,,,,,
5528,0.0013253810470510272,25.39383316040039,rare,,,,,,,,,,,,,,,,,,,,,,,,,,,,,,,,,,,,
5529,0.0,0.0,rare,,,,,,,,,,,,,,,,,,,,,,,,,,,,,,,,,,,,
5530,0.0,0.0,rare,,,,,,,,,,,,,,,,,,,,,,,,,,,,,,,,,,,,
5531,0.0,0.0,rare,,,,,,,,,,,,,,,,,,,,,,,,,,,,,,,,,,,,
5532,0.0,0.0,rare,,,,,,,,,,,,,,,,,,,,,,,,,,,,,,,,,,,,
5533,0.0,0.0,rare,,,,,,,,,,,,,,,,,,,,,,,,,,,,,,,,,,,,
5534,0.0,0.0,rare,,,,,,,,,,,,,,,,,,,,,,,,,,,,,,,,,,,,
5535,0.005301524188204109,66.65802764892578,rare,,,,,,,,,,,,,,,,,,,,,,,,,,,,,,,,,,,,
5536,0.0,0.0,rare,,,,,,,,,,,,,,,,,,,,,,,,,,,,,,,,,,,,
5537,0.0019880715705765406,35.919822692871094,rare,,,,,,,,,,,,,,,,,,,,,,,,,,,,,,,,,,,,
5538,0.0,0.0,rare,,,,,,,,,,,,,,,,,,,,,,,,,,,,,,,,,,,,
5539,0.0,0.0,rare,,,,,,,,,,,,,,,,,,,,,,,,,,,,,,,,,,,,
5540,0.0,0.0,rare,,,,,,,,,,,,,,,,,,,,,,,,,,,,,,,,,,,,
5541,0.0,0.0,rare,,,,,,,,,,,,,,,,,,,,,,,,,,,,,,,,,,,,
5542,0.0,0.0,rare,,,,,,,,,,,,,,,,,,,,,,,,,,,,,,,,,,,,
5543,0.0,0.0,rare,,,,,,,,,,,,,,,,,,,,,,,,,,,,,,,,,,,,
5544,0.0,0.0,rare,,,,,,,,,,,,,,,,,,,,,,,,,,,,,,,,,,,,
5545,0.0,0.0,rare,,,,,,,,,,,,,,,,,,,,,,,,,,,,,,,,,,,,
5546,0.0,0.0,rare,,,,,,,,,,,,,,,,,,,,,,,,,,,,,,,,,,,,
5547,0.0,0.0,rare,,,,,,,,,,,,,,,,,,,,,,,,,,,,,,,,,,,,
5548,0.0,0.0,rare,,,,,,,,,,,,,,,,,,,,,,,,,,,,,,,,,,,,
5549,0.0,0.0,rare,,,,,,,,,,,,,,,,,,,,,,,,,,,,,,,,,,,,
5550,0.0,0.0,rare,,,,,,,,,,,,,,,,,,,,,,,,,,,,,,,,,,,,
5551,0.0,0.0,rare,,,,,,,,,,,,,,,,,,,,,,,,,,,,,,,,,,,,
5552,0.0,0.0,rare,,,,,,,,,,,,,,,,,,,,,,,,,,,,,,,,,,,,
5553,0.0033134526176275677,44.37469482421875,rare,,,,,,,,,,,,,,,,,,,,,,,,,,,,,,,,,,,,
5554,0.0,0.0,rare,,,,,,,,,,,,,,,,,,,,,,,,,,,,,,,,,,,,
5555,0.005964214711729622,68.38517761230469,rare,,,,,,,,,,,,,,,,,,,,,,,,,,,,,,,,,,,,
5556,0.0,0.0,rare,,,,,,,,,,,,,,,,,,,,,,,,,,,,,,,,,,,,
5557,0.0,0.0,rare,,,,,,,,,,,,,,,,,,,,,,,,,,,,,,,,,,,,
5558,0.0033134526176275677,45.85753631591797,rare,,,,,,,,,,,,,,,,,,,,,,,,,,,,,,,,,,,,
5559,0.0,0.0,rare,,,,,,,,,,,,,,,,,,,,,,,,,,,,,,,,,,,,
5560,0.0,0.0,rare,,,,,,,,,,,,,,,,,,,,,,,,,,,,,,,,,,,,
5561,0.0013253810470510272,22.500144958496094,rare,,,,,,,,,,,,,,,,,,,,,,,,,,,,,,,,,,,,
5562,0.0,0.0,rare,,,,,,,,,,,,,,,,,,,,,,,,,,,,,,,,,,,,
5563,0.0,0.0,rare,,,,,,,,,,,,,,,,,,,,,,,,,,,,,,,,,,,,
5564,0.0,0.0,rare,,,,,,,,,,,,,,,,,,,,,,,,,,,,,,,,,,,,
5565,0.0,0.0,rare,,,,,,,,,,,,,,,,,,,,,,,,,,,,,,,,,,,,
5566,0.0,0.0,rare,,,,,,,,,,,,,,,,,,,,,,,,,,,,,,,,,,,,
5567,0.0,0.0,rare,,,,,,,,,,,,,,,,,,,,,,,,,,,,,,,,,,,,
5568,0.0,0.0,rare,,,,,,,,,,,,,,,,,,,,,,,,,,,,,,,,,,,,
5569,0.0,0.0,rare,,,,,,,,,,,,,,,,,,,,,,,,,,,,,,,,,,,,
5570,0.0,0.0,rare,,,,,,,,,,,,,,,,,,,,,,,,,,,,,,,,,,,,
5571,0.0,0.0,rare,,,,,,,,,,,,,,,,,,,,,,,,,,,,,,,,,,,,
5572,0.0,0.0,rare,,,,,,,,,,,,,,,,,,,,,,,,,,,,,,,,,,,,
5573,0.0,0.0,rare,,,,,,,,,,,,,,,,,,,,,,,,,,,,,,,,,,,,
5574,0.0,0.0,rare,,,,,,,,,,,,,,,,,,,,,,,,,,,,,,,,,,,,
5575,0.0,0.0,rare,,,,,,,,,,,,,,,,,,,,,,,,,,,,,,,,,,,,
5576,0.0,0.0,rare,,,,,,,,,,,,,,,,,,,,,,,,,,,,,,,,,,,,
5577,0.0,0.0,rare,,,,,,,,,,,,,,,,,,,,,,,,,,,,,,,,,,,,
5578,0.0,0.0,rare,,,,,,,,,,,,,,,,,,,,,,,,,,,,,,,,,,,,
5579,0.0,0.0,rare,,,,,,,,,,,,,,,,,,,,,,,,,,,,,,,,,,,,
5580,0.0,0.0,rare,,,,,,,,,,,,,,,,,,,,,,,,,,,,,,,,,,,,
5581,0.0,0.0,rare,,,,,,,,,,,,,,,,,,,,,,,,,,,,,,,,,,,,
5582,0.0,0.0,rare,,,,,,,,,,,,,,,,,,,,,,,,,,,,,,,,,,,,
5583,0.0,0.0,rare,,,,,,,,,,,,,,,,,,,,,,,,,,,,,,,,,,,,
5584,0.0,0.0,rare,,,,,,,,,,,,,,,,,,,,,,,,,,,,,,,,,,,,
5585,0.0,0.0,rare,,,,,,,,,,,,,,,,,,,,,,,,,,,,,,,,,,,,
5586,0.0,0.0,rare,,,,,,,,,,,,,,,,,,,,,,,,,,,,,,,,,,,,
5587,0.0,0.0,rare,,,,,,,,,,,,,,,,,,,,,,,,,,,,,,,,,,,,
5588,0.0,0.0,rare,,,,,,,,,,,,,,,,,,,,,,,,,,,,,,,,,,,,
5589,0.0,0.0,rare,,,,,,,,,,,,,,,,,,,,,,,,,,,,,,,,,,,,
5590,0.0,0.0,rare,,,,,,,,,,,,,,,,,,,,,,,,,,,,,,,,,,,,
5591,0.0,0.0,rare,,,,,,,,,,,,,,,,,,,,,,,,,,,,,,,,,,,,
5592,0.0,0.0,rare,,,,,,,,,,,,,,,,,,,,,,,,,,,,,,,,,,,,
5593,0.005301524188204109,62.47676467895508,rare,,,,,,,,,,,,,,,,,,,,,,,,,,,,,,,,,,,,
5594,0.0,0.0,rare,,,,,,,,,,,,,,,,,,,,,,,,,,,,,,,,,,,,
5595,0.0,0.0,rare,,,,,,,,,,,,,,,,,,,,,,,,,,,,,,,,,,,,
5596,0.0,0.0,rare,,,,,,,,,,,,,,,,,,,,,,,,,,,,,,,,,,,,
5597,0.0,0.0,rare,,,,,,,,,,,,,,,,,,,,,,,,,,,,,,,,,,,,
5598,0.0,0.0,rare,,,,,,,,,,,,,,,,,,,,,,,,,,,,,,,,,,,,
5599,0.0,0.0,rare,,,,,,,,,,,,,,,,,,,,,,,,,,,,,,,,,,,,
5600,0.0,0.0,rare,,,,,,,,,,,,,,,,,,,,,,,,,,,,,,,,,,,,
5601,0.003976143141153081,54.427608489990234,rare,,,,,,,,,,,,,,,,,,,,,,,,,,,,,,,,,,,,
5602,0.0,0.0,rare,,,,,,,,,,,,,,,,,,,,,,,,,,,,,,,,,,,,
5603,0.0,0.0,rare,,,,,,,,,,,,,,,,,,,,,,,,,,,,,,,,,,,,
5604,0.0,0.0,rare,,,,,,,,,,,,,,,,,,,,,,,,,,,,,,,,,,,,
5605,0.0,0.0,rare,,,,,,,,,,,,,,,,,,,,,,,,,,,,,,,,,,,,
5606,0.0,0.0,rare,,,,,,,,,,,,,,,,,,,,,,,,,,,,,,,,,,,,
5607,0.0,0.0,rare,,,,,,,,,,,,,,,,,,,,,,,,,,,,,,,,,,,,
5608,0.0,0.0,rare,,,,,,,,,,,,,,,,,,,,,,,,,,,,,,,,,,,,
5609,0.0,0.0,rare,,,,,,,,,,,,,,,,,,,,,,,,,,,,,,,,,,,,
5610,0.0,0.0,rare,,,,,,,,,,,,,,,,,,,,,,,,,,,,,,,,,,,,
5611,0.0,0.0,rare,,,,,,,,,,,,,,,,,,,,,,,,,,,,,,,,,,,,
5612,0.0,0.0,rare,,,,,,,,,,,,,,,,,,,,,,,,,,,,,,,,,,,,
5613,0.0,0.0,rare,,,,,,,,,,,,,,,,,,,,,,,,,,,,,,,,,,,,
5614,0.0,0.0,rare,,,,,,,,,,,,,,,,,,,,,,,,,,,,,,,,,,,,
5615,0.0,0.0,rare,,,,,,,,,,,,,,,,,,,,,,,,,,,,,,,,,,,,
5616,0.0,0.0,rare,,,,,,,,,,,,,,,,,,,,,,,,,,,,,,,,,,,,
5617,0.0,0.0,rare,,,,,,,,,,,,,,,,,,,,,,,,,,,,,,,,,,,,
5618,0.0,0.0,rare,,,,,,,,,,,,,,,,,,,,,,,,,,,,,,,,,,,,
5619,0.0,0.0,rare,,,,,,,,,,,,,,,,,,,,,,,,,,,,,,,,,,,,
5620,0.0,0.0,rare,,,,,,,,,,,,,,,,,,,,,,,,,,,,,,,,,,,,
5621,0.0,0.0,rare,,,,,,,,,,,,,,,,,,,,,,,,,,,,,,,,,,,,
5622,0.0,0.0,rare,,,,,,,,,,,,,,,,,,,,,,,,,,,,,,,,,,,,
5623,0.0,0.0,rare,,,,,,,,,,,,,,,,,,,,,,,,,,,,,,,,,,,,
5624,0.0,0.0,rare,,,,,,,,,,,,,,,,,,,,,,,,,,,,,,,,,,,,
5625,0.0,0.0,rare,,,,,,,,,,,,,,,,,,,,,,,,,,,,,,,,,,,,
5626,0.0006626905235255136,11.702964782714844,rare,,,,,,,,,,,,,,,,,,,,,,,,,,,,,,,,,,,,
5627,0.0,0.0,rare,,,,,,,,,,,,,,,,,,,,,,,,,,,,,,,,,,,,
5628,0.0,0.0,rare,,,,,,,,,,,,,,,,,,,,,,,,,,,,,,,,,,,,
5629,0.0,0.0,rare,,,,,,,,,,,,,,,,,,,,,,,,,,,,,,,,,,,,
5630,0.0,0.0,rare,,,,,,,,,,,,,,,,,,,,,,,,,,,,,,,,,,,,
5631,0.0,0.0,rare,,,,,,,,,,,,,,,,,,,,,,,,,,,,,,,,,,,,
5632,0.03578528827037773,283.9977722167969,imaging,0.4978777052941147,0.5037595071457127,0.49872682323856615,0.00751901429142543,-0.5897123997038998,-0.13470712385325045,0.7473271232187415,0.1742545000935481,-0.5147493750538424,-0.10426106537974836,-0.5901890801643126,-0.13475604654105602,-0.28767928608820886,-0.051422745550430436,-0.24312627364971393,-0.02495605926891213,0.4832798536264016,0.07150065436377363,-0.31687343893914355,-0.04249138438597121,0.30464971697602433,0.0567571676695729,0.35961659981483773,0.05281446577100717,0.29372222199076964,0.06178441661040874,0.8156191820807044,0.12827827554071883,0.4076040182382635,0.051465862904640676,0.4581450265895339,0.09991287172733905,frac_graphite,0.7473271232187415,sharpness_c0,0.8156191820807044
5633,0.0,0.0,rare,,,,,,,,,,,,,,,,,,,,,,,,,,,,,,,,,,,,
5634,0.0,0.0,rare,,,,,,,,,,,,,,,,,,,,,,,,,,,,,,,,,,,,
5635,0.0,0.0,rare,,,,,,,,,,,,,,,,,,,,,,,,,,,,,,,,,,,,
5636,0.0,0.0,rare,,,,,,,,,,,,,,,,,,,,,,,,,,,,,,,,,,,,
5637,0.0,0.0,rare,,,,,,,,,,,,,,,,,,,,,,,,,,,,,,,,,,,,
5638,0.0,0.0,rare,,,,,,,,,,,,,,,,,,,,,,,,,,,,,,,,,,,,
5639,0.0,0.0,rare,,,,,,,,,,,,,,,,,,,,,,,,,,,,,,,,,,,,
5640,0.02584493041749503,245.91632080078125,material,0.5482114614020284,0.48662376509462596,0.4761116016245806,0.09642292280405673,0.5193333147489647,0.07961295621849704,-1.284698304656794,-0.14592965394241744,1.5812955371965394,0.17314010263563337,0.5343088740138807,0.08033925132451186,0.1954232782222294,0.02471042841707311,-0.5131655162758845,-0.12228196591373088,-1.066777301077137,-0.1792023152351103,-0.36270244337949803,-0.08990441683742109,0.627404537301852,0.1083237902335264,0.2812840162972937,0.04975646417468232,0.5629751446585937,0.0913484545636465,0.41813986503332945,0.10131909450490534,0.14850714440235233,0.05063228062726861,-0.27560744504822593,-0.06192690834922065,frac_pore,1.5812955371965394,p1_c1,-1.066777301077137
5641,0.0,0.0,rare,,,,,,,,,,,,,,,,,,,,,,,,,,,,,,,,,,,,
5642,0.0006626905235255136,17.992568969726562,rare,,,,,,,,,,,,,,,,,,,,,,,,,,,,,,,,,,,,
5643,0.0,0.0,rare,,,,,,,,,,,,,,,,,,,,,,,,,,,,,,,,,,,,
5644,0.0,0.0,rare,,,,,,,,,,,,,,,,,,,,,,,,,,,,,,,,,,,,
5645,0.0,0.0,rare,,,,,,,,,,,,,,,,,,,,,,,,,,,,,,,,,,,,
5646,0.0,0.0,rare,,,,,,,,,,,,,,,,,,,,,,,,,,,,,,,,,,,,
5647,0.0,0.0,rare,,,,,,,,,,,,,,,,,,,,,,,,,,,,,,,,,,,,
5648,0.0,0.0,rare,,,,,,,,,,,,,,,,,,,,,,,,,,,,,,,,,,,,
5649,0.0,0.0,rare,,,,,,,,,,,,,,,,,,,,,,,,,,,,,,,,,,,,
5650,0.0,0.0,rare,,,,,,,,,,,,,,,,,,,,,,,,,,,,,,,,,,,,
5651,0.0,0.0,rare,,,,,,,,,,,,,,,,,,,,,,,,,,,,,,,,,,,,
5652,0.0,0.0,rare,,,,,,,,,,,,,,,,,,,,,,,,,,,,,,,,,,,,
5653,0.0,0.0,rare,,,,,,,,,,,,,,,,,,,,,,,,,,,,,,,,,,,,
5654,0.0,0.0,rare,,,,,,,,,,,,,,,,,,,,,,,,,,,,,,,,,,,,
5655,0.038436050364479786,288.8836669921875,imaging,0.4790448663206989,0.4856435476645778,0.5251721702277944,0.050344340455588776,-0.3294206683814665,-0.03289320028263341,0.33736992641047964,0.04578644461438993,-0.06994302287852558,-0.0027992932562224005,-0.33001123765403895,-0.03310754774645093,-0.27285238032357995,-0.046566017335865614,1.2520038090923182,0.19973032403749177,0.1586943287108355,0.04591440167862556,1.3029809782369937,0.22263227247383024,-1.0064095466184926,-0.2024794819232692,-1.1503476105519619,-0.2073923976269013,-0.8453090625048642,-0.1656494835891862,-0.1721173427935405,-0.03352397433022243,-0.6876973984072969,-0.1362731510693052,-0.2508906238077054,-0.07398547240433652,frac_graphite,0.33736992641047964,p1_c2,1.3029809782369937
5656,0.0,0.0,rare,,,,,,,,,,,,,,,,,,,,,,,,,,,,,,,,,,,,
5657,0.0,0.0,rare,,,,,,,,,,,,,,,,,,,,,,,,,,,,,,,,,,,,
5658,0.0,0.0,rare,,,,,,,,,,,,,,,,,,,,,,,,,,,,,,,,,,,,
5659,0.0,0.0,rare,,,,,,,,,,,,,,,,,,,,,,,,,,,,,,,,,,,,
5660,0.0,0.0,rare,,,,,,,,,,,,,,,,,,,,,,,,,,,,,,,,,,,,
5661,0.0,0.0,rare,,,,,,,,,,,,,,,,,,,,,,,,,,,,,,,,,,,,
5662,0.04108681245858184,368.22467041015625,imaging,0.4735269000853971,0.48736795965453955,0.5277644358114073,0.05552887162281461,-0.5277552672635301,-0.10665549061111225,0.5606250945466748,0.10750633634733871,-0.15013659592306064,-0.03564086144611011,-0.52800709804438,-0.1066140766593244,-0.3368329022674121,-0.06896050307938281,0.15165773472833521,0.10766952105653162,0.830053429250346,0.13872158037358648,-0.2321848702519216,0.020551270543441087,-1.1083193728936795,-0.16559760303278834,-0.7362730918878037,-0.1407217290111111,-1.2790474192247954,-0.20760899135161395,-0.17106132793522383,-0.0616056895209017,-0.830045742022578,-0.16951273414214396,-1.2950659431033686,-0.2328242592666738,frac_graphite,0.5606250945466748,sharpness_c2,-1.2950659431033686
5663,0.0,0.0,rare,,,,,,,,,,,,,,,,,,,,,,,,,,,,,,,,,,,,
5664,0.0,0.0,rare,,,,,,,,,,,,,,,,,,,,,,,,,,,,,,,,,,,,
5665,0.05765407554671968,454.2628479003906,imaging,0.5339731378127227,0.5329023106157308,0.4521313791276709,0.09573724174465825,-0.3971974139069566,-0.07205974409305217,0.44930067893282477,0.08495879191131969,-0.12646662334035427,0.00027339320734014156,-0.3977583280110179,-0.0722020918368579,-0.12529745400071224,-0.04088271626802972,-0.5318313965922628,-0.13920798600080428,-0.462408810400693,-0.09848881712051201,-0.45180128681685044,-0.11802224321744885,0.6278362186103292,0.12398228602431467,0.5067554516672979,0.09594527000453651,0.565313378607692,0.11542997866814068,0.5586769188167626,0.09291880057651206,0.4311745112890543,0.12160780251709828,1.0302108230918399,0.24881283534805565,frac_graphite,0.44930067893282477,sharpness_c2,1.0302108230918399
5666,0.0,0.0,rare,,,,,,,,,,,,,,,,,,,,,,,,,,,,,,,,,,,,
5667,0.0,0.0,rare,,,,,,,,,,,,,,,,,,,,,,,,,,,,,,,,,,,,
5668,0.0,0.0,rare,,,,,,,,,,,,,,,,,,,,,,,,,,,,,,,,,,,,
5669,0.0,0.0,rare,,,,,,,,,,,,,,,,,,,,,,,,,,,,,,,,,,,,
5670,0.0013253810470510272,23.022056579589844,rare,,,,,,,,,,,,,,,,,,,,,,,,,,,,,,,,,,,,
5671,0.05168986083499006,445.660400390625,material,0.5356166529391256,0.5022518508528133,0.4734557654953205,0.07123330587825127,-0.15581216114119725,-0.08661388090666593,-0.052031927738684286,0.022213175316545063,0.6814475655307172,0.12897592264730212,-0.15601121413948832,-0.08651288323876154,0.10716899764458117,-0.0032667951666886922,-0.4821316130880155,-0.12740805712462383,-0.30679365889563437,-0.07822319717473054,-0.461164883961032,-0.11837246203941994,0.25231079715080895,0.03933357454924324,0.39624878055466545,0.0888657575446988,0.10812770282537573,0.004383297749122398,0.14555353165113208,0.054666036671002644,0.12697600640397846,0.034937268975135174,0.1355379569216387,0.051981525430772016,frac_pore,0.6814475655307172,p1_c0,-0.4821316130880155
5672,0.0,0.0,rare,,,,,,,,,,,,,,,,,,,,,,,,,,,,,,,,,,,,
5673,0.0,0.0,rare,,,,,,,,,,,,,,,,,,,,,,,,,,,,,,,,,,,,
5674,0.0,0.0,rare,,,,,,,,,,,,,,,,,,,,,,,,,,,,,,,,,,,,
5675,0.0,0.0,rare,,,,,,,,,,,,,,,,,,,,,,,,,,,,,,,,,,,,
5676,0.0,0.0,rare,,,,,,,,,,,,,,,,,,,,,,,,,,,,,,,,,,,,
5677,0.0,0.0,rare,,,,,,,,,,,,,,,,,,,,,,,,,,,,,,,,,,,,
5678,0.0,0.0,rare,,,,,,,,,,,,,,,,,,,,,,,,,,,,,,,,,,,,
5679,0.0,0.0,rare,,,,,,,,,,,,,,,,,,,,,,,,,,,,,,,,,,,,
5680,0.0,0.0,rare,,,,,,,,,,,,,,,,,,,,,,,,,,,,,,,,,,,,
5681,0.0,0.0,rare,,,,,,,,,,,,,,,,,,,,,,,,,,,,,,,,,,,,
5682,0.0,0.0,rare,,,,,,,,,,,,,,,,,,,,,,,,,,,,,,,,,,,,
5683,0.0,0.0,rare,,,,,,,,,,,,,,,,,,,,,,,,,,,,,,,,,,,,
5684,0.0,0.0,rare,,,,,,,,,,,,,,,,,,,,,,,,,,,,,,,,,,,,
5685,0.0,0.0,rare,,,,,,,,,,,,,,,,,,,,,,,,,,,,,,,,,,,,
5686,0.0,0.0,rare,,,,,,,,,,,,,,,,,,,,,,,,,,,,,,,,,,,,
5687,0.0,0.0,rare,,,,,,,,,,,,,,,,,,,,,,,,,,,,,,,,,,,,
5688,0.0,0.0,rare,,,,,,,,,,,,,,,,,,,,,,,,,,,,,,,,,,,,
5689,0.053015241882041084,508.5376281738281,imaging,0.5245099773116588,0.5439363797945155,0.45065512978986405,0.0986897404202719,0.4521615967107203,0.11010456976149538,-0.47791052363038095,-0.11449604564934587,0.056890682719525056,0.02686080108084712,0.4512290515390802,0.10991501887126372,0.20688008620834195,0.03733952577981699,-0.6353593022705741,-0.2026599862891297,-0.7259939119124896,-0.1680170071756241,-0.48971858097848175,-0.14926486148692716,0.9997802941559341,0.2550127097245907,1.083718945012298,0.26895303512679297,0.9913825532833491,0.2424037982572345,-0.11244064621509572,0.02131659820017082,0.6849471933898081,0.18652783666727002,0.4247275315213351,0.11784285008094086,frac_graphite,-0.47791052363038095,noise_sigma_c1,1.083718945012298
5690,0.0,0.0,rare,,,,,,,,,,,,,,,,,,,,,,,,,,,,,,,,,,,,
5691,0.0,0.0,rare,,,,,,,,,,,,,,,,,,,,,,,,,,,,,,,,,,,,
5692,0.0,0.0,rare,,,,,,,,,,,,,,,,,,,,,,,,,,,,,,,,,,,,
5693,0.0,0.0,rare,,,,,,,,,,,,,,,,,,,,,,,,,,,,,,,,,,,,
5694,0.003976143141153081,51.296966552734375,rare,,,,,,,,,,,,,,,,,,,,,,,,,,,,,,,,,,,,
5695,0.0,0.0,rare,,,,,,,,,,,,,,,,,,,,,,,,,,,,,,,,,,,,
5696,0.0,0.0,rare,,,,,,,,,,,,,,,,,,,,,,,,,,,,,,,,,,,,
5697,0.0,0.0,rare,,,,,,,,,,,,,,,,,,,,,,,,,,,,,,,,,,,,
5698,0.0,0.0,rare,,,,,,,,,,,,,,,,,,,,,,,,,,,,,,,,,,,,
5699,0.0,0.0,rare,,,,,,,,,,,,,,,,,,,,,,,,,,,,,,,,,,,,
5700,0.0,0.0,rare,,,,,,,,,,,,,,,,,,,,,,,,,,,,,,,,,,,,
5701,0.0,0.0,rare,,,,,,,,,,,,,,,,,,,,,,,,,,,,,,,,,,,,
5702,0.0,0.0,rare,,,,,,,,,,,,,,,,,,,,,,,,,,,,,,,,,,,,
5703,0.0,0.0,rare,,,,,,,,,,,,,,,,,,,,,,,,,,,,,,,,,,,,
5704,0.0,0.0,rare,,,,,,,,,,,,,,,,,,,,,,,,,,,,,,,,,,,,
5705,0.0,0.0,rare,,,,,,,,,,,,,,,,,,,,,,,,,,,,,,,,,,,,
5706,0.02253147779986746,207.37808227539062,imaging,0.49121016275979157,0.4996676412645045,0.5063870739890517,0.017579674480416863,0.178933521672684,0.06393304139022436,0.01451951871860077,-0.027157313893189036,-0.6424528715799881,-0.09179470823955145,0.1781205255764754,0.06384086247280948,-0.09204120532602801,-0.02004381725853143,-0.014579869360260322,0.042411362693152856,0.22312563178414763,0.05439691148999187,-0.13778552274297923,0.01960208938584935,0.3442435882645388,0.030725232766687986,-0.12335628388412834,-0.020205211752424568,0.23417596765109575,0.017113632379220537,-0.2607132351706848,-0.047485986971808405,-0.058705290027073864,0.010697037436292033,-0.9287755630817951,-0.10636692895680723,frac_pore,-0.6424528715799881,sharpness_c2,-0.9287755630817951
5707,0.0,0.0,rare,,,,,,,,,,,,,,,,,,,,,,,,,,,,,,,,,,,,
5708,0.0,0.0,rare,,,,,,,,,,,,,,,,,,,,,,,,,,,,,,,,,,,,
5709,0.0,0.0,rare,,,,,,,,,,,,,,,,,,,,,,,,,,,,,,,,,,,,
5710,0.0,0.0,rare,,,,,,,,,,,,,,,,,,,,,,,,,,,,,,,,,,,,
5711,0.0,0.0,rare,,,,,,,,,,,,,,,,,,,,,,,,,,,,,,,,,,,,
5712,0.0,0.0,rare,,,,,,,,,,,,,,,,,,,,,,,,,,,,,,,,,,,,
5713,0.0,0.0,rare,,,,,,,,,,,,,,,,,,,,,,,,,,,,,,,,,,,,
5714,0.0,0.0,rare,,,,,,,,,,,,,,,,,,,,,,,,,,,,,,,,,,,,
5715,0.0,0.0,rare,,,,,,,,,,,,,,,,,,,,,,,,,,,,,,,,,,,,
5716,0.0,0.0,rare,,,,,,,,,,,,,,,,,,,,,,,,,,,,,,,,,,,,
5717,0.0,0.0,rare,,,,,,,,,,,,,,,,,,,,,,,,,,,,,,,,,,,,
5718,0.003976143141153081,46.652706146240234,rare,,,,,,,,,,,,,,,,,,,,,,,,,,,,,,,,,,,,
5719,0.0,0.0,rare,,,,,,,,,,,,,,,,,,,,,,,,,,,,,,,,,,,,
5720,0.0,0.0,rare,,,,,,,,,,,,,,,,,,,,,,,,,,,,,,,,,,,,
5721,0.0,0.0,rare,,,,,,,,,,,,,,,,,,,,,,,,,,,,,,,,,,,,
5722,0.0,0.0,rare,,,,,,,,,,,,,,,,,,,,,,,,,,,,,,,,,,,,
5723,0.0,0.0,rare,,,,,,,,,,,,,,,,,,,,,,,,,,,,,,,,,,,,
5724,0.0026507620941020544,33.780296325683594,rare,,,,,,,,,,,,,,,,,,,,,,,,,,,,,,,,,,,,
5725,0.0,0.0,rare,,,,,,,,,,,,,,,,,,,,,,,,,,,,,,,,,,,,
5726,0.0,0.0,rare,,,,,,,,,,,,,,,,,,,,,,,,,,,,,,,,,,,,
5727,0.0,0.0,rare,,,,,,,,,,,,,,,,,,,,,,,,,,,,,,,,,,,,
5728,0.0,0.0,rare,,,,,,,,,,,,,,,,,,,,,,,,,,,,,,,,,,,,
5729,0.015241882041086813,112.87612915039062,imaging,0.5149887063603152,0.506287119413122,0.48491435634822533,0.030171287303549343,-0.07401986517183345,0.01928234517170592,0.03065326397523873,-0.025931072100790997,0.09984119600804356,0.043659108604967016,-0.07472218334667843,0.019170327209579445,-0.2729142108370721,-0.026869891282342684,-0.6110234568833143,-0.09433032117596425,-0.5046731029646755,-0.07163693827928055,-0.46885366732193,-0.06392384695598377,0.6658080039708022,0.0683250201716605,0.5102967795014041,0.05158597494453352,0.6593464322766823,0.07011372815506567,-0.2785568829532665,-0.017940862055162522,0.17454925016193926,0.024895996209201854,0.41568584113142154,0.07335381595176531,K04_agglom_frac,-0.2729142108370721,noise_sigma_c0,0.6658080039708022
5730,0.0,0.0,rare,,,,,,,,,,,,,,,,,,,,,,,,,,,,,,,,,,,,
5731,0.0,0.0,rare,,,,,,,,,,,,,,,,,,,,,,,,,,,,,,,,,,,,
5732,0.0,0.0,rare,,,,,,,,,,,,,,,,,,,,,,,,,,,,,,,,,,,,
5733,0.0,0.0,rare,,,,,,,,,,,,,,,,,,,,,,,,,,,,,,,,,,,,
5734,0.0,0.0,rare,,,,,,,,,,,,,,,,,,,,,,,,,,,,,,,,,,,,
5735,0.0,0.0,rare,,,,,,,,,,,,,,,,,,,,,,,,,,,,,,,,,,,,
5736,0.0,0.0,rare,,,,,,,,,,,,,,,,,,,,,,,,,,,,,,,,,,,,
5737,0.0,0.0,rare,,,,,,,,,,,,,,,,,,,,,,,,,,,,,,,,,,,,
5738,0.0,0.0,rare,,,,,,,,,,,,,,,,,,,,,,,,,,,,,,,,,,,,
5739,0.0,0.0,rare,,,,,,,,,,,,,,,,,,,,,,,,,,,,,,,,,,,,
5740,0.0,0.0,rare,,,,,,,,,,,,,,,,,,,,,,,,,,,,,,,,,,,,
5741,0.0,0.0,rare,,,,,,,,,,,,,,,,,,,,,,,,,,,,,,,,,,,,
5742,0.0,0.0,rare,,,,,,,,,,,,,,,,,,,,,,,,,,,,,,,,,,,,
5743,0.0,0.0,rare,,,,,,,,,,,,,,,,,,,,,,,,,,,,,,,,,,,,
5744,0.0437375745526839,358.77069091796875,material,0.5083476925098156,0.5111821855717773,0.48596680204838427,0.028066395903231456,0.7524607836603013,0.13178021993272138,-0.9269037413504045,-0.14753710602658288,0.34201220402394383,0.051255835265928425,0.7579503240975715,0.13277831505184867,0.7065221678975819,0.10406785497283876,-0.39392687113537,-0.0833710100464593,-0.17653364748602635,-0.061465488521650014,-0.3883108802533407,-0.07869252647645751,0.4372794183299111,0.09548855106876208,0.5267052107889614,0.10322029703749458,0.30522029986672333,0.06711599597238807,-0.4209591725461499,-0.07828777500792256,0.4021887687177558,0.05528998817695412,-0.43182315047412423,-0.08431410102497251,frac_graphite,-0.9269037413504045,noise_sigma_c1,0.5267052107889614
5745,0.0,0.0,rare,,,,,,,,,,,,,,,,,,,,,,,,,,,,,,,,,,,,
5746,0.0,0.0,rare,,,,,,,,,,,,,,,,,,,,,,,,,,,,,,,,,,,,
5747,0.0006626905235255136,19.371841430664062,rare,,,,,,,,,,,,,,,,,,,,,,,,,,,,,,,,,,,,
5748,0.0,0.0,rare,,,,,,,,,,,,,,,,,,,,,,,,,,,,,,,,,,,,
5749,0.0,0.0,rare,,,,,,,,,,,,,,,,,,,,,,,,,,,,,,,,,,,,
5750,0.0,0.0,rare,,,,,,,,,,,,,,,,,,,,,,,,,,,,,,,,,,,,
5751,0.0,0.0,rare,,,,,,,,,,,,,,,,,,,,,,,,,,,,,,,,,,,,
5752,0.0,0.0,rare,,,,,,,,,,,,,,,,,,,,,,,,,,,,,,,,,,,,
5753,0.0,0.0,rare,,,,,,,,,,,,,,,,,,,,,,,,,,,,,,,,,,,,
5754,0.0,0.0,rare,,,,,,,,,,,,,,,,,,,,,,,,,,,,,,,,,,,,
5755,0.0,0.0,rare,,,,,,,,,,,,,,,,,,,,,,,,,,,,,,,,,,,,
5756,0.0,0.0,rare,,,,,,,,,,,,,,,,,,,,,,,,,,,,,,,,,,,,
5757,0.0,0.0,rare,,,,,,,,,,,,,,,,,,,,,,,,,,,,,,,,,,,,
5758,0.0,0.0,rare,,,,,,,,,,,,,,,,,,,,,,,,,,,,,,,,,,,,
5759,0.0,0.0,rare,,,,,,,,,,,,,,,,,,,,,,,,,,,,,,,,,,,,
5760,0.0,0.0,rare,,,,,,,,,,,,,,,,,,,,,,,,,,,,,,,,,,,,
5761,0.0,0.0,rare,,,,,,,,,,,,,,,,,,,,,,,,,,,,,,,,,,,,
5762,0.0,0.0,rare,,,,,,,,,,,,,,,,,,,,,,,,,,,,,,,,,,,,
5763,0.0,0.0,rare,,,,,,,,,,,,,,,,,,,,,,,,,,,,,,,,,,,,
5764,0.0,0.0,rare,,,,,,,,,,,,,,,,,,,,,,,,,,,,,,,,,,,,
5765,0.0,0.0,rare,,,,,,,,,,,,,,,,,,,,,,,,,,,,,,,,,,,,
5766,0.0,0.0,rare,,,,,,,,,,,,,,,,,,,,,,,,,,,,,,,,,,,,
5767,0.0,0.0,rare,,,,,,,,,,,,,,,,,,,,,,,,,,,,,,,,,,,,
5768,0.0,0.0,rare,,,,,,,,,,,,,,,,,,,,,,,,,,,,,,,,,,,,
5769,0.0,0.0,rare,,,,,,,,,,,,,,,,,,,,,,,,,,,,,,,,,,,,
5770,0.013916500994035786,150.95059204101562,imaging,0.49292442104305734,0.5236143289966139,0.48763111425039735,0.04722865799322773,-0.4103474947849041,-0.03770322013862154,0.3177884974961497,0.00645080973756013,0.3807319161301694,0.062370651483183374,-0.410902655112696,-0.03779371157867174,-0.18797819457296788,-0.01457039943272191,-0.6371389009726709,-0.09789760524216017,-0.6345512304012824,-0.07826129233878454,-0.49754071012007445,-0.0781888720223247,0.5982156862807357,0.05304833606288698,0.5264784869028234,0.051454772802837584,0.5764967380210211,0.06065607177208338,0.8868196080376719,0.046207455495167145,-0.06561859876691649,0.006316104040921106,0.890510267156817,0.10485863670950767,K01_si_frac_adm,-0.410902655112696,sharpness_c2,0.890510267156817
5771,0.039761431411530816,331.5994567871094,imaging,0.5587749306464409,0.48096644140130146,0.47287656719053495,0.11754986129288181,0.7439229488050239,0.14289983116781962,-0.8722951052132372,-0.13944699867170549,-0.14871945507392656,-0.0584881685625467,0.74527235352354,0.14293634027170454,0.2833072266669909,0.07467868132387778,-0.40265414083152157,-0.06590697322764465,-0.7111656018109259,-0.11909144353494579,-0.3957021409235242,-0.10079136688542083,0.9086752617450261,0.20164090941801285,0.3308831106529087,0.03911981169081307,0.9681366106160455,0.20013005195619438,0.5447034730114635,0.12315327777600493,0.40166607678864236,0.08680306678571892,-0.13720983310071933,-0.03965475030456046,frac_graphite,-0.8722951052132372,noise_sigma_c2,0.9681366106160455
5772,0.0,0.0,rare,,,,,,,,,,,,,,,,,,,,,,,,,,,,,,,,,,,,
5773,0.0,0.0,rare,,,,,,,,,,,,,,,,,,,,,,,,,,,,,,,,,,,,
5774,0.0,0.0,rare,,,,,,,,,,,,,,,,,,,,,,,,,,,,,,,,,,,,
5775,0.0,0.0,rare,,,,,,,,,,,,,,,,,,,,,,,,,,,,,,,,,,,,
5776,0.0,0.0,rare,,,,,,,,,,,,,,,,,,,,,,,,,,,,,,,,,,,,
5777,0.0,0.0,rare,,,,,,,,,,,,,,,,,,,,,,,,,,,,,,,,,,,,
5778,0.0,0.0,rare,,,,,,,,,,,,,,,,,,,,,,,,,,,,,,,,,,,,
5779,0.0,0.0,rare,,,,,,,,,,,,,,,,,,,,,,,,,,,,,,,,,,,,
5780,0.0,0.0,rare,,,,,,,,,,,,,,,,,,,,,,,,,,,,,,,,,,,,
5781,0.0,0.0,rare,,,,,,,,,,,,,,,,,,,,,,,,,,,,,,,,,,,,
5782,0.0,0.0,rare,,,,,,,,,,,,,,,,,,,,,,,,,,,,,,,,,,,,
5783,0.0,0.0,rare,,,,,,,,,,,,,,,,,,,,,,,,,,,,,,,,,,,,
5784,0.005964214711729622,57.78741455078125,rare,,,,,,,,,,,,,,,,,,,,,,,,,,,,,,,,,,,,
5785,0.0,0.0,rare,,,,,,,,,,,,,,,,,,,,,,,,,,,,,,,,,,,,
5786,0.0,0.0,rare,,,,,,,,,,,,,,,,,,,,,,,,,,,,,,,,,,,,
5787,0.0,0.0,rare,,,,,,,,,,,,,,,,,,,,,,,,,,,,,,,,,,,,
5788,0.0,0.0,rare,,,,,,,,,,,,,,,,,,,,,,,,,,,,,,,,,,,,
5789,0.0,0.0,rare,,,,,,,,,,,,,,,,,,,,,,,,,,,,,,,,,,,,
5790,0.0,0.0,rare,,,,,,,,,,,,,,,,,,,,,,,,,,,,,,,,,,,,
5791,0.0,0.0,rare,,,,,,,,,,,,,,,,,,,,,,,,,,,,,,,,,,,,
5792,0.0,0.0,rare,,,,,,,,,,,,,,,,,,,,,,,,,,,,,,,,,,,,
5793,0.0,0.0,rare,,,,,,,,,,,,,,,,,,,,,,,,,,,,,,,,,,,,
5794,0.0,0.0,rare,,,,,,,,,,,,,,,,,,,,,,,,,,,,,,,,,,,,
5795,0.0,0.0,rare,,,,,,,,,,,,,,,,,,,,,,,,,,,,,,,,,,,,
5796,0.0026507620941020544,42.777069091796875,rare,,,,,,,,,,,,,,,,,,,,,,,,,,,,,,,,,,,,
5797,0.0,0.0,rare,,,,,,,,,,,,,,,,,,,,,,,,,,,,,,,,,,,,
5798,0.0,0.0,rare,,,,,,,,,,,,,,,,,,,,,,,,,,,,,,,,,,,,
5799,0.0,0.0,rare,,,,,,,,,,,,,,,,,,,,,,,,,,,,,,,,,,,,
5800,0.0,0.0,rare,,,,,,,,,,,,,,,,,,,,,,,,,,,,,,,,,,,,
5801,0.0,0.0,rare,,,,,,,,,,,,,,,,,,,,,,,,,,,,,,,,,,,,
5802,0.0,0.0,rare,,,,,,,,,,,,,,,,,,,,,,,,,,,,,,,,,,,,
5803,0.0,0.0,rare,,,,,,,,,,,,,,,,,,,,,,,,,,,,,,,,,,,,
5804,0.0,0.0,rare,,,,,,,,,,,,,,,,,,,,,,,,,,,,,,,,,,,,
5805,0.0,0.0,rare,,,,,,,,,,,,,,,,,,,,,,,,,,,,,,,,,,,,
5806,0.0,0.0,rare,,,,,,,,,,,,,,,,,,,,,,,,,,,,,,,,,,,,
5807,0.0,0.0,rare,,,,,,,,,,,,,,,,,,,,,,,,,,,,,,,,,,,,
5808,0.0,0.0,rare,,,,,,,,,,,,,,,,,,,,,,,,,,,,,,,,,,,,
5809,0.0,0.0,rare,,,,,,,,,,,,,,,,,,,,,,,,,,,,,,,,,,,,
5810,0.0,0.0,rare,,,,,,,,,,,,,,,,,,,,,,,,,,,,,,,,,,,,
5811,0.0,0.0,rare,,,,,,,,,,,,,,,,,,,,,,,,,,,,,,,,,,,,
5812,0.0,0.0,rare,,,,,,,,,,,,,,,,,,,,,,,,,,,,,,,,,,,,
5813,0.0,0.0,rare,,,,,,,,,,,,,,,,,,,,,,,,,,,,,,,,,,,,
5814,0.0,0.0,rare,,,,,,,,,,,,,,,,,,,,,,,,,,,,,,,,,,,,
5815,0.0,0.0,rare,,,,,,,,,,,,,,,,,,,,,,,,,,,,,,,,,,,,
5816,0.0,0.0,rare,,,,,,,,,,,,,,,,,,,,,,,,,,,,,,,,,,,,
5817,0.0,0.0,rare,,,,,,,,,,,,,,,,,,,,,,,,,,,,,,,,,,,,
5818,0.0,0.0,rare,,,,,,,,,,,,,,,,,,,,,,,,,,,,,,,,,,,,
5819,0.0,0.0,rare,,,,,,,,,,,,,,,,,,,,,,,,,,,,,,,,,,,,
5820,0.0,0.0,rare,,,,,,,,,,,,,,,,,,,,,,,,,,,,,,,,,,,,
5821,0.03578528827037773,321.24468994140625,material,0.49011364382841754,0.5001589541778457,0.5067932191417976,0.01977271234316491,-0.5093401556225186,-0.1114801885507823,0.6492144693900851,0.13503557525520435,-0.4691658494835471,-0.07566979289442269,-0.5098439588914323,-0.1115988277176103,-0.33683288158782404,-0.06376026002061881,0.1602134324520042,0.06465307204154386,0.44082605346854437,0.06294438247127337,0.031733719447231336,0.060133688130189926,-0.08518093891208701,-0.06282851223196902,-0.21158015081013976,-0.06544017544510054,0.039645387181801765,-0.03784026409963549,0.4214408405299446,0.08712506274516717,-0.056652016342985986,-0.00898732521124555,0.21799160726739664,0.04628544596658981,frac_graphite,0.6492144693900851,p1_c1,0.44082605346854437
5822,0.0,0.0,rare,,,,,,,,,,,,,,,,,,,,,,,,,,,,,,,,,,,,
5823,0.0,0.0,rare,,,,,,,,,,,,,,,,,,,,,,,,,,,,,,,,,,,,
5824,0.0,0.0,rare,,,,,,,,,,,,,,,,,,,,,,,,,,,,,,,,,,,,
5825,0.0,0.0,rare,,,,,,,,,,,,,,,,,,,,,,,,,,,,,,,,,,,,
5826,0.0,0.0,rare,,,,,,,,,,,,,,,,,,,,,,,,,,,,,,,,,,,,
5827,0.0019880715705765406,24.53587532043457,rare,,,,,,,,,,,,,,,,,,,,,,,,,,,,,,,,,,,,
5828,0.0,0.0,rare,,,,,,,,,,,,,,,,,,,,,,,,,,,,,,,,,,,,
5829,0.0,0.0,rare,,,,,,,,,,,,,,,,,,,,,,,,,,,,,,,,,,,,
5830,0.043074884029158385,314.21331787109375,imaging,0.5276492048974477,0.4953963498340615,0.4840508564365177,0.05529840979489542,-0.4630711599301156,-0.08559822397966539,0.5877890621195198,0.13029483684813092,-0.4155659322213825,-0.0837101994385149,-0.4636032513735825,-0.08575076909474166,-0.3368328757658086,-0.07265122189878588,-0.38909658202462505,-0.06676609801269207,0.19853964176813876,0.03804208743542725,-0.36687980388548946,-0.03735817091577969,0.5384468797982921,0.09228093225238902,0.6442291367403633,0.1188951205486391,0.4921862162327352,0.09167145732453265,0.4174772396030986,0.10385621861513288,0.6017256219656167,0.13055089327359518,0.6142686827488646,0.16687682822212646,frac_graphite,0.5877890621195198,noise_sigma_c1,0.6442291367403633
5831,0.0,0.0,rare,,,,,,,,,,,,,,,,,,,,,,,,,,,,,,,,,,,,
5832,0.0,0.0,rare,,,,,,,,,,,,,,,,,,,,,,,,,,,,,,,,,,,,
5833,0.0,0.0,rare,,,,,,,,,,,,,,,,,,,,,,,,,,,,,,,,,,,,
5834,0.0,0.0,rare,,,,,,,,,,,,,,,,,,,,,,,,,,,,,,,,,,,,
5835,0.0,0.0,rare,,,,,,,,,,,,,,,,,,,,,,,,,,,,,,,,,,,,
5836,0.0,0.0,rare,,,,,,,,,,,,,,,,,,,,,,,,,,,,,,,,,,,,
5837,0.0,0.0,rare,,,,,,,,,,,,,,,,,,,,,,,,,,,,,,,,,,,,
5838,0.0,0.0,rare,,,,,,,,,,,,,,,,,,,,,,,,,,,,,,,,,,,,
5839,0.0,0.0,rare,,,,,,,,,,,,,,,,,,,,,,,,,,,,,,,,,,,,
5840,0.0,0.0,rare,,,,,,,,,,,,,,,,,,,,,,,,,,,,,,,,,,,,
5841,0.0,0.0,rare,,,,,,,,,,,,,,,,,,,,,,,,,,,,,,,,,,,,
5842,0.0,0.0,rare,,,,,,,,,,,,,,,,,,,,,,,,,,,,,,,,,,,,
5843,0.0,0.0,rare,,,,,,,,,,,,,,,,,,,,,,,,,,,,,,,,,,,,
5844,0.0,0.0,rare,,,,,,,,,,,,,,,,,,,,,,,,,,,,,,,,,,,,
5845,0.0,0.0,rare,,,,,,,,,,,,,,,,,,,,,,,,,,,,,,,,,,,,
5846,0.0006626905235255136,15.195108413696289,rare,,,,,,,,,,,,,,,,,,,,,,,,,,,,,,,,,,,,
5847,0.0,0.0,rare,,,,,,,,,,,,,,,,,,,,,,,,,,,,,,,,,,,,
5848,0.0,0.0,rare,,,,,,,,,,,,,,,,,,,,,,,,,,,,,,,,,,,,
5849,0.0,0.0,rare,,,,,,,,,,,,,,,,,,,,,,,,,,,,,,,,,,,,
5850,0.0,0.0,rare,,,,,,,,,,,,,,,,,,,,,,,,,,,,,,,,,,,,
5851,0.0,0.0,rare,,,,,,,,,,,,,,,,,,,,,,,,,,,,,,,,,,,,
5852,0.0,0.0,rare,,,,,,,,,,,,,,,,,,,,,,,,,,,,,,,,,,,,
5853,0.0,0.0,rare,,,,,,,,,,,,,,,,,,,,,,,,,,,,,,,,,,,,
5854,0.015241882041086813,172.9750518798828,material,0.4978297010091006,0.4990185783716348,0.5022364471128378,0.004472894225675539,-0.5037696181791925,-0.08686323774713652,0.5496176527425055,0.09283062869152287,-0.14227919014627824,-0.02434462142882787,-0.5042839023565213,-0.08692519174399546,-0.33683284305073824,-0.04133716002918112,-0.061297737042633034,0.021681450185868978,0.3760084044312284,0.047239159476196155,-0.3459620970618387,-0.026503649487533528,-0.24043120525451908,-0.024224318376746778,-0.25800498376121733,-0.015571129793442828,-0.31429665283329256,-0.030121511341924624,0.5336990122437529,0.053439400318882606,-0.3748553504125783,-0.02593559599974294,-0.12708876045699644,-0.014131640255149897,frac_graphite,0.5496176527425055,sharpness_c0,0.5336990122437529
5855,0.0,0.0,rare,,,,,,,,,,,,,,,,,,,,,,,,,,,,,,,,,,,,
5856,0.0006626905235255136,9.400745391845703,rare,,,,,,,,,,,,,,,,,,,,,,,,,,,,,,,,,,,,
5857,0.0,0.0,rare,,,,,,,,,,,,,,,,,,,,,,,,,,,,,,,,,,,,
5858,0.0,0.0,rare,,,,,,,,,,,,,,,,,,,,,,,,,,,,,,,,,,,,
5859,0.0,0.0,rare,,,,,,,,,,,,,,,,,,,,,,,,,,,,,,,,,,,,
5860,0.0,0.0,rare,,,,,,,,,,,,,,,,,,,,,,,,,,,,,,,,,,,,
5861,0.0,0.0,rare,,,,,,,,,,,,,,,,,,,,,,,,,,,,,,,,,,,,
5862,0.0,0.0,rare,,,,,,,,,,,,,,,,,,,,,,,,,,,,,,,,,,,,
5863,0.0,0.0,rare,,,,,,,,,,,,,,,,,,,,,,,,,,,,,,,,,,,,
5864,0.0,0.0,rare,,,,,,,,,,,,,,,,,,,,,,,,,,,,,,,,,,,,
5865,0.0,0.0,rare,,,,,,,,,,,,,,,,,,,,,,,,,,,,,,,,,,,,
5866,0.003976143141153081,44.4137077331543,rare,,,,,,,,,,,,,,,,,,,,,,,,,,,,,,,,,,,,
5867,0.0,0.0,rare,,,,,,,,,,,,,,,,,,,,,,,,,,,,,,,,,,,,
5868,0.0,0.0,rare,,,,,,,,,,,,,,,,,,,,,,,,,,,,,,,,,,,,
5869,0.019880715705765408,199.92474365234375,material,0.4947700594747826,0.5087352545916082,0.4972505739007593,0.017470509183216354,-0.028913036968474404,0.03997671081492563,0.2691960600219423,0.013921122098801064,-0.7915321228945698,-0.10232570140430837,-0.02963509132674111,0.039911439380407886,-0.17705622693813414,-0.01830611637404107,0.2918368749687993,0.03984370496068567,0.5467045432625403,0.06830631365686834,0.2739542275978604,0.047141688306517146,0.16227900739061488,0.02213949655113243,0.013620512115508647,0.006856669449860829,0.3854043290712239,0.05456265400551664,-0.10033479075659447,-0.013335096075298083,0.23904590683776147,0.034180481608722786,0.25784911725649484,0.031004255807738967,frac_pore,-0.7915321228945698,p1_c1,0.5467045432625403
5870,0.0,0.0,rare,,,,,,,,,,,,,,,,,,,,,,,,,,,,,,,,,,,,
5871,0.0013253810470510272,22.211658477783203,rare,,,,,,,,,,,,,,,,,,,,,,,,,,,,,,,,,,,,
5872,0.0,0.0,rare,,,,,,,,,,,,,,,,,,,,,,,,,,,,,,,,,,,,
5873,0.0,0.0,rare,,,,,,,,,,,,,,,,,,,,,,,,,,,,,,,,,,,,
5874,0.0,0.0,rare,,,,,,,,,,,,,,,,,,,,,,,,,,,,,,,,,,,,
5875,0.0,0.0,rare,,,,,,,,,,,,,,,,,,,,,,,,,,,,,,,,,,,,
5876,0.0,0.0,rare,,,,,,,,,,,,,,,,,,,,,,,,,,,,,,,,,,,,
5877,0.0,0.0,rare,,,,,,,,,,,,,,,,,,,,,,,,,,,,,,,,,,,,
5878,0.0,0.0,rare,,,,,,,,,,,,,,,,,,,,,,,,,,,,,,,,,,,,
5879,0.0,0.0,rare,,,,,,,,,,,,,,,,,,,,,,,,,,,,,,,,,,,,
5880,0.0,0.0,rare,,,,,,,,,,,,,,,,,,,,,,,,,,,,,,,,,,,,
5881,0.0,0.0,rare,,,,,,,,,,,,,,,,,,,,,,,,,,,,,,,,,,,,
5882,0.0,0.0,rare,,,,,,,,,,,,,,,,,,,,,,,,,,,,,,,,,,,,
5883,0.0,0.0,rare,,,,,,,,,,,,,,,,,,,,,,,,,,,,,,,,,,,,
5884,0.0,0.0,rare,,,,,,,,,,,,,,,,,,,,,,,,,,,,,,,,,,,,
5885,0.0,0.0,rare,,,,,,,,,,,,,,,,,,,,,,,,,,,,,,,,,,,,
5886,0.0,0.0,rare,,,,,,,,,,,,,,,,,,,,,,,,,,,,,,,,,,,,
5887,0.0,0.0,rare,,,,,,,,,,,,,,,,,,,,,,,,,,,,,,,,,,,,
5888,0.0,0.0,rare,,,,,,,,,,,,,,,,,,,,,,,,,,,,,,,,,,,,
5889,0.0,0.0,rare,,,,,,,,,,,,,,,,,,,,,,,,,,,,,,,,,,,,
5890,0.0,0.0,rare,,,,,,,,,,,,,,,,,,,,,,,,,,,,,,,,,,,,
5891,0.0006626905235255136,14.592884063720703,rare,,,,,,,,,,,,,,,,,,,,,,,,,,,,,,,,,,,,
5892,0.0,0.0,rare,,,,,,,,,,,,,,,,,,,,,,,,,,,,,,,,,,,,
5893,0.0,0.0,rare,,,,,,,,,,,,,,,,,,,,,,,,,,,,,,,,,,,,
5894,0.0,0.0,rare,,,,,,,,,,,,,,,,,,,,,,,,,,,,,,,,,,,,
5895,0.0,0.0,rare,,,,,,,,,,,,,,,,,,,,,,,,,,,,,,,,,,,,
5896,0.0,0.0,rare,,,,,,,,,,,,,,,,,,,,,,,,,,,,,,,,,,,,
5897,0.005964214711729622,60.25835418701172,rare,,,,,,,,,,,,,,,,,,,,,,,,,,,,,,,,,,,,
5898,0.0006626905235255136,14.644876480102539,rare,,,,,,,,,,,,,,,,,,,,,,,,,,,,,,,,,,,,
5899,0.0,0.0,rare,,,,,,,,,,,,,,,,,,,,,,,,,,,,,,,,,,,,
5900,0.0,0.0,rare,,,,,,,,,,,,,,,,,,,,,,,,,,,,,,,,,,,,
5901,0.0,0.0,rare,,,,,,,,,,,,,,,,,,,,,,,,,,,,,,,,,,,,
5902,0.0013253810470510272,29.418109893798828,rare,,,,,,,,,,,,,,,,,,,,,,,,,,,,,,,,,,,,
5903,0.0,0.0,rare,,,,,,,,,,,,,,,,,,,,,,,,,,,,,,,,,,,,
5904,0.0,0.0,rare,,,,,,,,,,,,,,,,,,,,,,,,,,,,,,,,,,,,
5905,0.0,0.0,rare,,,,,,,,,,,,,,,,,,,,,,,,,,,,,,,,,,,,
5906,0.0,0.0,rare,,,,,,,,,,,,,,,,,,,,,,,,,,,,,,,,,,,,
5907,0.0,0.0,rare,,,,,,,,,,,,,,,,,,,,,,,,,,,,,,,,,,,,
5908,0.0,0.0,rare,,,,,,,,,,,,,,,,,,,,,,,,,,,,,,,,,,,,
5909,0.0,0.0,rare,,,,,,,,,,,,,,,,,,,,,,,,,,,,,,,,,,,,
5910,0.0,0.0,rare,,,,,,,,,,,,,,,,,,,,,,,,,,,,,,,,,,,,
5911,0.0,0.0,rare,,,,,,,,,,,,,,,,,,,,,,,,,,,,,,,,,,,,
5912,0.0,0.0,rare,,,,,,,,,,,,,,,,,,,,,,,,,,,,,,,,,,,,
5913,0.0,0.0,rare,,,,,,,,,,,,,,,,,,,,,,,,,,,,,,,,,,,,
5914,0.0,0.0,rare,,,,,,,,,,,,,,,,,,,,,,,,,,,,,,,,,,,,
5915,0.0,0.0,rare,,,,,,,,,,,,,,,,,,,,,,,,,,,,,,,,,,,,
5916,0.0,0.0,rare,,,,,,,,,,,,,,,,,,,,,,,,,,,,,,,,,,,,
5917,0.0,0.0,rare,,,,,,,,,,,,,,,,,,,,,,,,,,,,,,,,,,,,
5918,0.0,0.0,rare,,,,,,,,,,,,,,,,,,,,,,,,,,,,,,,,,,,,
5919,0.0,0.0,rare,,,,,,,,,,,,,,,,,,,,,,,,,,,,,,,,,,,,
5920,0.0,0.0,rare,,,,,,,,,,,,,,,,,,,,,,,,,,,,,,,,,,,,
5921,0.0,0.0,rare,,,,,,,,,,,,,,,,,,,,,,,,,,,,,,,,,,,,
5922,0.0,0.0,rare,,,,,,,,,,,,,,,,,,,,,,,,,,,,,,,,,,,,
5923,0.012591119946984758,119.11367797851562,imaging,0.4918872758326217,0.4953397525131619,0.5090870563305668,0.018174112661133668,-0.3144130292501175,-0.009819276593910608,0.16736776975175321,0.00026398779546273104,0.4208789640824342,0.03548962961750907,-0.31501016502113804,-0.009887513080163413,-0.33683287360934483,-0.03929228768412859,1.091150683941518,0.08975676728445449,0.08238713639101095,0.031855752187423717,1.1870874276319692,0.10742646348848764,-1.1403611748744666,-0.11137602561306648,-1.308943521231729,-0.11694320387888336,-0.985068524450866,-0.09516489035261923,-0.427693997785832,-0.04752999661490629,-0.9131315592408759,-0.0996941911585014,-0.2888896019233951,-0.046074863221020015,frac_pore,0.4208789640824342,noise_sigma_c1,-1.308943521231729
5924,0.0019880715705765406,26.123245239257812,rare,,,,,,,,,,,,,,,,,,,,,,,,,,,,,,,,,,,,
5925,0.0,0.0,rare,,,,,,,,,,,,,,,,,,,,,,,,,,,,,,,,,,,,
5926,0.0,0.0,rare,,,,,,,,,,,,,,,,,,,,,,,,,,,,,,,,,,,,
5927,0.0,0.0,rare,,,,,,,,,,,,,,,,,,,,,,,,,,,,,,,,,,,,
5928,0.0013253810470510272,14.050694465637207,rare,,,,,,,,,,,,,,,,,,,,,,,,,,,,,,,,,,,,
5929,0.0,0.0,rare,,,,,,,,,,,,,,,,,,,,,,,,,,,,,,,,,,,,
5930,0.0,0.0,rare,,,,,,,,,,,,,,,,,,,,,,,,,,,,,,,,,,,,
5931,0.0006626905235255136,0.5778201222419739,rare,,,,,,,,,,,,,,,,,,,,,,,,,,,,,,,,,,,,
5932,0.0,0.0,rare,,,,,,,,,,,,,,,,,,,,,,,,,,,,,,,,,,,,
5933,0.0,0.0,rare,,,,,,,,,,,,,,,,,,,,,,,,,,,,,,,,,,,,
5934,0.0,0.0,rare,,,,,,,,,,,,,,,,,,,,,,,,,,,,,,,,,,,,
5935,0.0,0.0,rare,,,,,,,,,,,,,,,,,,,,,,,,,,,,,,,,,,,,
5936,0.0,0.0,rare,,,,,,,,,,,,,,,,,,,,,,,,,,,,,,,,,,,,
5937,0.0,0.0,rare,,,,,,,,,,,,,,,,,,,,,,,,,,,,,,,,,,,,
5938,0.0,0.0,rare,,,,,,,,,,,,,,,,,,,,,,,,,,,,,,,,,,,,
5939,0.05964214711729622,452.3494567871094,material,0.5126680781610823,0.5065436136546456,0.48634822532226735,0.027303549355465306,-0.3964562093040806,-0.09838242880737061,0.1888841776520255,0.012579552780869648,0.7100584248568312,0.18910148247321742,-0.3970106351797251,-0.09849111986536249,-0.20404938104141992,-0.04776919188993219,-0.576625439990111,-0.1734809111599219,-0.6935679148581602,-0.17539563913694214,-0.4845776338521613,-0.16001732340192812,0.2530758031016639,0.0406696852958241,0.32278346225896704,0.07098622005468294,0.15880303664142342,0.0207450148900941,0.2028184290417595,0.04588603802176613,0.055452425782073496,0.027256906863995158,0.4950154206139399,0.15919566749386196,frac_pore,0.7100584248568312,p1_c1,-0.6935679148581602
5940,0.0,0.0,rare,,,,,,,,,,,,,,,,,,,,,,,,,,,,,,,,,,,,
5941,0.0019880715705765406,29.948822021484375,rare,,,,,,,,,,,,,,,,,,,,,,,,,,,,,,,,,,,,
5942,0.0,0.0,rare,,,,,,,,,,,,,,,,,,,,,,,,,,,,,,,,,,,,
5943,0.0,0.0,rare,,,,,,,,,,,,,,,,,,,,,,,,,,,,,,,,,,,,
5944,0.0,0.0,rare,,,,,,,,,,,,,,,,,,,,,,,,,,,,,,,,,,,,
5945,0.0,0.0,rare,,,,,,,,,,,,,,,,,,,,,,,,,,,,,,,,,,,,
5946,0.0,0.0,rare,,,,,,,,,,,,,,,,,,,,,,,,,,,,,,,,,,,,
5947,0.0,0.0,rare,,,,,,,,,,,,,,,,,,,,,,,,,,,,,,,,,,,,
5948,0.0,0.0,rare,,,,,,,,,,,,,,,,,,,,,,,,,,,,,,,,,,,,
5949,0.0,0.0,rare,,,,,,,,,,,,,,,,,,,,,,,,,,,,,,,,,,,,
5950,0.0,0.0,rare,,,,,,,,,,,,,,,,,,,,,,,,,,,,,,,,,,,,
5951,0.0,0.0,rare,,,,,,,,,,,,,,,,,,,,,,,,,,,,,,,,,,,,
5952,0.0019880715705765406,33.140018463134766,rare,,,,,,,,,,,,,,,,,,,,,,,,,,,,,,,,,,,,
5953,0.0,0.0,rare,,,,,,,,,,,,,,,,,,,,,,,,,,,,,,,,,,,,
5954,0.0,0.0,rare,,,,,,,,,,,,,,,,,,,,,,,,,,,,,,,,,,,,
5955,0.0,0.0,rare,,,,,,,,,,,,,,,,,,,,,,,,,,,,,,,,,,,,
5956,0.0,0.0,rare,,,,,,,,,,,,,,,,,,,,,,,,,,,,,,,,,,,,
5957,0.0019880715705765406,32.11944580078125,rare,,,,,,,,,,,,,,,,,,,,,,,,,,,,,,,,,,,,
5958,0.0,0.0,rare,,,,,,,,,,,,,,,,,,,,,,,,,,,,,,,,,,,,
5959,0.0,0.0,rare,,,,,,,,,,,,,,,,,,,,,,,,,,,,,,,,,,,,
5960,0.0,0.0,rare,,,,,,,,,,,,,,,,,,,,,,,,,,,,,,,,,,,,
5961,0.0,0.0,rare,,,,,,,,,,,,,,,,,,,,,,,,,,,,,,,,,,,,
5962,0.0,0.0,rare,,,,,,,,,,,,,,,,,,,,,,,,,,,,,,,,,,,,
5963,0.0,0.0,rare,,,,,,,,,,,,,,,,,,,,,,,,,,,,,,,,,,,,
5964,0.0,0.0,rare,,,,,,,,,,,,,,,,,,,,,,,,,,,,,,,,,,,,
5965,0.0,0.0,rare,,,,,,,,,,,,,,,,,,,,,,,,,,,,,,,,,,,,
5966,0.0,0.0,rare,,,,,,,,,,,,,,,,,,,,,,,,,,,,,,,,,,,,
5967,0.0,0.0,rare,,,,,,,,,,,,,,,,,,,,,,,,,,,,,,,,,,,,
5968,0.0,0.0,rare,,,,,,,,,,,,,,,,,,,,,,,,,,,,,,,,,,,,
5969,0.0,0.0,rare,,,,,,,,,,,,,,,,,,,,,,,,,,,,,,,,,,,,
5970,0.0,0.0,rare,,,,,,,,,,,,,,,,,,,,,,,,,,,,,,,,,,,,
5971,0.0,0.0,rare,,,,,,,,,,,,,,,,,,,,,,,,,,,,,,,,,,,,
5972,0.0,0.0,rare,,,,,,,,,,,,,,,,,,,,,,,,,,,,,,,,,,,,
5973,0.0,0.0,rare,,,,,,,,,,,,,,,,,,,,,,,,,,,,,,,,,,,,
5974,0.0,0.0,rare,,,,,,,,,,,,,,,,,,,,,,,,,,,,,,,,,,,,
5975,0.0,0.0,rare,,,,,,,,,,,,,,,,,,,,,,,,,,,,,,,,,,,,
5976,0.0,0.0,rare,,,,,,,,,,,,,,,,,,,,,,,,,,,,,,,,,,,,
5977,0.0013253810470510272,32.065025329589844,rare,,,,,,,,,,,,,,,,,,,,,,,,,,,,,,,,,,,,
5978,0.0,0.0,rare,,,,,,,,,,,,,,,,,,,,,,,,,,,,,,,,,,,,
5979,0.0,0.0,rare,,,,,,,,,,,,,,,,,,,,,,,,,,,,,,,,,,,,
5980,0.0,0.0,rare,,,,,,,,,,,,,,,,,,,,,,,,,,,,,,,,,,,,
5981,0.0,0.0,rare,,,,,,,,,,,,,,,,,,,,,,,,,,,,,,,,,,,,
5982,0.0,0.0,rare,,,,,,,,,,,,,,,,,,,,,,,,,,,,,,,,,,,,
5983,0.0,0.0,rare,,,,,,,,,,,,,,,,,,,,,,,,,,,,,,,,,,,,
5984,0.0,0.0,rare,,,,,,,,,,,,,,,,,,,,,,,,,,,,,,,,,,,,
5985,0.0,0.0,rare,,,,,,,,,,,,,,,,,,,,,,,,,,,,,,,,,,,,
5986,0.0,0.0,rare,,,,,,,,,,,,,,,,,,,,,,,,,,,,,,,,,,,,
5987,0.0,0.0,rare,,,,,,,,,,,,,,,,,,,,,,,,,,,,,,,,,,,,
5988,0.0,0.0,rare,,,,,,,,,,,,,,,,,,,,,,,,,,,,,,,,,,,,
5989,0.0,0.0,rare,,,,,,,,,,,,,,,,,,,,,,,,,,,,,,,,,,,,
5990,0.0,0.0,rare,,,,,,,,,,,,,,,,,,,,,,,,,,,,,,,,,,,,
5991,0.0,0.0,rare,,,,,,,,,,,,,,,,,,,,,,,,,,,,,,,,,,,,
5992,0.0,0.0,rare,,,,,,,,,,,,,,,,,,,,,,,,,,,,,,,,,,,,
5993,0.0,0.0,rare,,,,,,,,,,,,,,,,,,,,,,,,,,,,,,,,,,,,
5994,0.0,0.0,rare,,,,,,,,,,,,,,,,,,,,,,,,,,,,,,,,,,,,
5995,0.0,0.0,rare,,,,,,,,,,,,,,,,,,,,,,,,,,,,,,,,,,,,
5996,0.0,0.0,rare,,,,,,,,,,,,,,,,,,,,,,,,,,,,,,,,,,,,
5997,0.0,0.0,rare,,,,,,,,,,,,,,,,,,,,,,,,,,,,,,,,,,,,
5998,0.0,0.0,rare,,,,,,,,,,,,,,,,,,,,,,,,,,,,,,,,,,,,
5999,0.0,0.0,rare,,,,,,,,,,,,,,,,,,,,,,,,,,,,,,,,,,,,
6000,0.0,0.0,rare,,,,,,,,,,,,,,,,,,,,,,,,,,,,,,,,,,,,
6001,0.0,0.0,rare,,,,,,,,,,,,,,,,,,,,,,,,,,,,,,,,,,,,
6002,0.0,0.0,rare,,,,,,,,,,,,,,,,,,,,,,,,,,,,,,,,,,,,
6003,0.0,0.0,rare,,,,,,,,,,,,,,,,,,,,,,,,,,,,,,,,,,,,
6004,0.0,0.0,rare,,,,,,,,,,,,,,,,,,,,,,,,,,,,,,,,,,,,
6005,0.0033134526176275677,44.238460540771484,rare,,,,,,,,,,,,,,,,,,,,,,,,,,,,,,,,,,,,
6006,0.0,0.0,rare,,,,,,,,,,,,,,,,,,,,,,,,,,,,,,,,,,,,
6007,0.0,0.0,rare,,,,,,,,,,,,,,,,,,,,,,,,,,,,,,,,,,,,
6008,0.0006626905235255136,19.788131713867188,rare,,,,,,,,,,,,,,,,,,,,,,,,,,,,,,,,,,,,
6009,0.0019880715705765406,25.294723510742188,rare,,,,,,,,,,,,,,,,,,,,,,,,,,,,,,,,,,,,
6010,0.0,0.0,rare,,,,,,,,,,,,,,,,,,,,,,,,,,,,,,,,,,,,
6011,0.0,0.0,rare,,,,,,,,,,,,,,,,,,,,,,,,,,,,,,,,,,,,
6012,0.0,0.0,rare,,,,,,,,,,,,,,,,,,,,,,,,,,,,,,,,,,,,
6013,0.0,0.0,rare,,,,,,,,,,,,,,,,,,,,,,,,,,,,,,,,,,,,
6014,0.015904572564612324,162.47103881835938,imaging,0.5108363357065978,0.5058427702341444,0.4881423273883101,0.023715345223379813,-0.06896337638328115,0.015121338458811353,-0.06908222033453248,-0.0304539538729928,0.4642041352337424,0.04334511892245122,-0.069667907018102,0.015023963459859077,-0.17643868777806912,-0.010866294774577949,-0.548488880310289,-0.07907770121295318,-0.5780234930812831,-0.05535043768721804,-0.42397892815905425,-0.04084422608050016,0.7759732700538942,0.08217705218807823,1.1282134651278117,0.14508845327343844,0.7485606149920295,0.08810891543128327,-0.16649212441432928,-0.007817392471028388,0.8984285843796842,0.12073413948965603,0.03256443868699739,0.007216091779201508,frac_pore,0.4642041352337424,noise_sigma_c1,1.1282134651278117
6015,0.004638833664678595,55.26832580566406,rare,,,,,,,,,,,,,,,,,,,,,,,,,,,,,,,,,,,,
6016,0.0,0.0,rare,,,,,,,,,,,,,,,,,,,,,,,,,,,,,,,,,,,,
6017,0.0,0.0,rare,,,,,,,,,,,,,,,,,,,,,,,,,,,,,,,,,,,,
6018,0.0,0.0,rare,,,,,,,,,,,,,,,,,,,,,,,,,,,,,,,,,,,,
6019,0.0,0.0,rare,,,,,,,,,,,,,,,,,,,,,,,,,,,,,,,,,,,,
6020,0.0,0.0,rare,,,,,,,,,,,,,,,,,,,,,,,,,,,,,,,,,,,,
6021,0.0,0.0,rare,,,,,,,,,,,,,,,,,,,,,,,,,,,,,,,,,,,,
6022,0.0,0.0,rare,,,,,,,,,,,,,,,,,,,,,,,,,,,,,,,,,,,,
6023,0.0,0.0,rare,,,,,,,,,,,,,,,,,,,,,,,,,,,,,,,,,,,,
6024,0.0,0.0,rare,,,,,,,,,,,,,,,,,,,,,,,,,,,,,,,,,,,,
6025,0.0,0.0,rare,,,,,,,,,,,,,,,,,,,,,,,,,,,,,,,,,,,,
6026,0.0,0.0,rare,,,,,,,,,,,,,,,,,,,,,,,,,,,,,,,,,,,,
6027,0.0,0.0,rare,,,,,,,,,,,,,,,,,,,,,,,,,,,,,,,,,,,,
6028,0.0,0.0,rare,,,,,,,,,,,,,,,,,,,,,,,,,,,,,,,,,,,,
6029,0.011928429423459244,107.99152374267578,imaging,0.49423695925699473,0.49944606877417425,0.504434045558891,0.011526081486010531,-0.12850072493962425,-0.03749856343905003,0.2356163390787027,0.04722511406280448,-0.2890870182443163,-0.011445105545630267,-0.12917920539645716,-0.037568878527289344,0.15673127219181845,-0.016219852900358284,0.6228521536010873,0.0615890209476379,0.12676392038202003,0.023514909913299038,0.7236998716051172,0.06722967574899151,-0.40005990489806603,-0.06267322338378695,-0.5169862221906609,-0.06987179179981697,-0.3575710668934871,-0.05220466002393483,-0.1356040940821585,0.013068390460393788,-0.25901660479882044,-0.046479401847904944,-0.3100991219810702,-0.06124645426211398,frac_pore,-0.2890870182443163,p1_c2,0.7236998716051172
6030,0.0,0.0,rare,,,,,,,,,,,,,,,,,,,,,,,,,,,,,,,,,,,,
6031,0.0,0.0,rare,,,,,,,,,,,,,,,,,,,,,,,,,,,,,,,,,,,,
6032,0.00728959575878065,65.492431640625,material,0.5029408940924411,0.5006683300659418,0.49745452940137735,0.005881788184882275,1.0283043752935037,0.08851844236758209,-1.2721430893522794,-0.09117919874363735,-0.06149670500073154,0.010627213598834818,1.0624871581992454,0.08887893656388311,1.1650427668866794,0.0723757450867679,-0.6173574656051558,-0.071105937930027,-0.2563294689574717,-0.0442981692422107,-0.48227964376756566,-0.05092514477446971,0.9201190657334247,0.08530729091822671,1.0320348032445221,0.09829068824319781,0.92501473090046,0.09314852573886495,-0.21098143413145207,-0.009249481099836828,0.9823227313079405,0.07797905154283222,0.3280238237235629,0.04418940279844106,frac_graphite,-1.2721430893522794,noise_sigma_c1,1.0320348032445221
6033,0.0,0.0,rare,,,,,,,,,,,,,,,,,,,,,,,,,,,,,,,,,,,,
6034,0.0,0.0,rare,,,,,,,,,,,,,,,,,,,,,,,,,,,,,,,,,,,,
6035,0.0,0.0,rare,,,,,,,,,,,,,,,,,,,,,,,,,,,,,,,,,,,,
6036,0.0,0.0,rare,,,,,,,,,,,,,,,,,,,,,,,,,,,,,,,,,,,,
6037,0.0,0.0,rare,,,,,,,,,,,,,,,,,,,,,,,,,,,,,,,,,,,,
6038,0.0,0.0,rare,,,,,,,,,,,,,,,,,,,,,,,,,,,,,,,,,,,,
6039,0.0,0.0,rare,,,,,,,,,,,,,,,,,,,,,,,,,,,,,,,,,,,,
6040,0.0,0.0,rare,,,,,,,,,,,,,,,,,,,,,,,,,,,,,,,,,,,,
6041,0.0,0.0,rare,,,,,,,,,,,,,,,,,,,,,,,,,,,,,,,,,,,,
6042,0.0,0.0,rare,,,,,,,,,,,,,,,,,,,,,,,,,,,,,,,,,,,,
6043,0.0,0.0,rare,,,,,,,,,,,,,,,,,,,,,,,,,,,,,,,,,,,,
6044,0.0,0.0,rare,,,,,,,,,,,,,,,,,,,,,,,,,,,,,,,,,,,,
6045,0.0,0.0,rare,,,,,,,,,,,,,,,,,,,,,,,,,,,,,,,,,,,,
6046,0.0,0.0,rare,,,,,,,,,,,,,,,,,,,,,,,,,,,,,,,,,,,,
6047,0.0,0.0,rare,,,,,,,,,,,,,,,,,,,,,,,,,,,,,,,,,,,,
6048,0.0,0.0,rare,,,,,,,,,,,,,,,,,,,,,,,,,,,,,,,,,,,,
6049,0.0,0.0,rare,,,,,,,,,,,,,,,,,,,,,,,,,,,,,,,,,,,,
6050,0.0,0.0,rare,,,,,,,,,,,,,,,,,,,,,,,,,,,,,,,,,,,,
6051,0.0019880715705765406,26.38214111328125,rare,,,,,,,,,,,,,,,,,,,,,,,,,,,,,,,,,,,,
6052,0.0,0.0,rare,,,,,,,,,,,,,,,,,,,,,,,,,,,,,,,,,,,,
6053,0.0,0.0,rare,,,,,,,,,,,,,,,,,,,,,,,,,,,,,,,,,,,,
6054,0.0,0.0,rare,,,,,,,,,,,,,,,,,,,,,,,,,,,,,,,,,,,,
6055,0.0,0.0,rare,,,,,,,,,,,,,,,,,,,,,,,,,,,,,,,,,,,,
6056,0.0,0.0,rare,,,,,,,,,,,,,,,,,,,,,,,,,,,,,,,,,,,,
6057,0.0,0.0,rare,,,,,,,,,,,,,,,,,,,,,,,,,,,,,,,,,,,,
6058,0.0,0.0,rare,,,,,,,,,,,,,,,,,,,,,,,,,,,,,,,,,,,,
6059,0.0,0.0,rare,,,,,,,,,,,,,,,,,,,,,,,,,,,,,,,,,,,,
6060,0.0,0.0,rare,,,,,,,,,,,,,,,,,,,,,,,,,,,,,,,,,,,,
6061,0.0,0.0,rare,,,,,,,,,,,,,,,,,,,,,,,,,,,,,,,,,,,,
6062,0.0,0.0,rare,,,,,,,,,,,,,,,,,,,,,,,,,,,,,,,,,,,,
6063,0.0,0.0,rare,,,,,,,,,,,,,,,,,,,,,,,,,,,,,,,,,,,,
6064,0.0,0.0,rare,,,,,,,,,,,,,,,,,,,,,,,,,,,,,,,,,,,,
6065,0.0,0.0,rare,,,,,,,,,,,,,,,,,,,,,,,,,,,,,,,,,,,,
6066,0.0,0.0,rare,,,,,,,,,,,,,,,,,,,,,,,,,,,,,,,,,,,,
6067,0.0,0.0,rare,,,,,,,,,,,,,,,,,,,,,,,,,,,,,,,,,,,,
6068,0.0,0.0,rare,,,,,,,,,,,,,,,,,,,,,,,,,,,,,,,,,,,,
6069,0.0,0.0,rare,,,,,,,,,,,,,,,,,,,,,,,,,,,,,,,,,,,,
6070,0.0,0.0,rare,,,,,,,,,,,,,,,,,,,,,,,,,,,,,,,,,,,,
6071,0.0,0.0,rare,,,,,,,,,,,,,,,,,,,,,,,,,,,,,,,,,,,,
6072,0.0,0.0,rare,,,,,,,,,,,,,,,,,,,,,,,,,,,,,,,,,,,,
6073,0.0,0.0,rare,,,,,,,,,,,,,,,,,,,,,,,,,,,,,,,,,,,,
6074,0.0,0.0,rare,,,,,,,,,,,,,,,,,,,,,,,,,,,,,,,,,,,,
6075,0.0,0.0,rare,,,,,,,,,,,,,,,,,,,,,,,,,,,,,,,,,,,,
6076,0.0,0.0,rare,,,,,,,,,,,,,,,,,,,,,,,,,,,,,,,,,,,,
6077,0.0,0.0,rare,,,,,,,,,,,,,,,,,,,,,,,,,,,,,,,,,,,,
6078,0.0,0.0,rare,,,,,,,,,,,,,,,,,,,,,,,,,,,,,,,,,,,,
6079,0.0,0.0,rare,,,,,,,,,,,,,,,,,,,,,,,,,,,,,,,,,,,,
6080,0.0,0.0,rare,,,,,,,,,,,,,,,,,,,,,,,,,,,,,,,,,,,,
6081,0.0,0.0,rare,,,,,,,,,,,,,,,,,,,,,,,,,,,,,,,,,,,,
6082,0.0,0.0,rare,,,,,,,,,,,,,,,,,,,,,,,,,,,,,,,,,,,,
6083,0.0,0.0,rare,,,,,,,,,,,,,,,,,,,,,,,,,,,,,,,,,,,,
6084,0.0,0.0,rare,,,,,,,,,,,,,,,,,,,,,,,,,,,,,,,,,,,,
6085,0.0,0.0,rare,,,,,,,,,,,,,,,,,,,,,,,,,,,,,,,,,,,,
6086,0.0,0.0,rare,,,,,,,,,,,,,,,,,,,,,,,,,,,,,,,,,,,,
6087,0.0,0.0,rare,,,,,,,,,,,,,,,,,,,,,,,,,,,,,,,,,,,,
6088,0.0,0.0,rare,,,,,,,,,,,,,,,,,,,,,,,,,,,,,,,,,,,,
6089,0.0,0.0,rare,,,,,,,,,,,,,,,,,,,,,,,,,,,,,,,,,,,,
6090,0.0,0.0,rare,,,,,,,,,,,,,,,,,,,,,,,,,,,,,,,,,,,,
6091,0.0,0.0,rare,,,,,,,,,,,,,,,,,,,,,,,,,,,,,,,,,,,,
6092,0.0,0.0,rare,,,,,,,,,,,,,,,,,,,,,,,,,,,,,,,,,,,,
6093,0.0,0.0,rare,,,,,,,,,,,,,,,,,,,,,,,,,,,,,,,,,,,,
6094,0.0026507620941020544,45.20793914794922,rare,,,,,,,,,,,,,,,,,,,,,,,,,,,,,,,,,,,,
6095,0.0,0.0,rare,,,,,,,,,,,,,,,,,,,,,,,,,,,,,,,,,,,,
6096,0.0,0.0,rare,,,,,,,,,,,,,,,,,,,,,,,,,,,,,,,,,,,,
6097,0.0,0.0,rare,,,,,,,,,,,,,,,,,,,,,,,,,,,,,,,,,,,,
6098,0.0,0.0,rare,,,,,,,,,,,,,,,,,,,,,,,,,,,,,,,,,,,,
6099,0.0,0.0,rare,,,,,,,,,,,,,,,,,,,,,,,,,,,,,,,,,,,,
6100,0.0,0.0,rare,,,,,,,,,,,,,,,,,,,,,,,,,,,,,,,,,,,,
6101,0.0,0.0,rare,,,,,,,,,,,,,,,,,,,,,,,,,,,,,,,,,,,,
6102,0.0,0.0,rare,,,,,,,,,,,,,,,,,,,,,,,,,,,,,,,,,,,,
6103,0.0,0.0,rare,,,,,,,,,,,,,,,,,,,,,,,,,,,,,,,,,,,,
6104,0.0,0.0,rare,,,,,,,,,,,,,,,,,,,,,,,,,,,,,,,,,,,,
6105,0.0,0.0,rare,,,,,,,,,,,,,,,,,,,,,,,,,,,,,,,,,,,,
6106,0.0,0.0,rare,,,,,,,,,,,,,,,,,,,,,,,,,,,,,,,,,,,,
6107,0.0,0.0,rare,,,,,,,,,,,,,,,,,,,,,,,,,,,,,,,,,,,,
6108,0.0,0.0,rare,,,,,,,,,,,,,,,,,,,,,,,,,,,,,,,,,,,,
6109,0.0,0.0,rare,,,,,,,,,,,,,,,,,,,,,,,,,,,,,,,,,,,,
6110,0.0,0.0,rare,,,,,,,,,,,,,,,,,,,,,,,,,,,,,,,,,,,,
6111,0.0,0.0,rare,,,,,,,,,,,,,,,,,,,,,,,,,,,,,,,,,,,,
6112,0.0,0.0,rare,,,,,,,,,,,,,,,,,,,,,,,,,,,,,,,,,,,,
6113,0.0006626905235255136,16.815006256103516,rare,,,,,,,,,,,,,,,,,,,,,,,,,,,,,,,,,,,,
6114,0.0,0.0,rare,,,,,,,,,,,,,,,,,,,,,,,,,,,,,,,,,,,,
6115,0.0,0.0,rare,,,,,,,,,,,,,,,,,,,,,,,,,,,,,,,,,,,,
6116,0.0,0.0,rare,,,,,,,,,,,,,,,,,,,,,,,,,,,,,,,,,,,,
6117,0.019880715705765408,151.53323364257812,imaging,0.4890853415125897,0.4923099895475586,0.513266819706869,0.026533639413738097,1.0980364477054485,0.13243994830741213,-0.7814708189637412,-0.09485192698094466,-0.8045145661791333,-0.12449431416916194,1.096821304405998,0.13234178820008005,0.49565703223818947,0.07350596827075068,1.1559415667817012,0.1381000520879644,0.5870183294360354,0.09315072836825637,1.0883190229882234,0.1424469010342195,-0.455386859133171,-0.06093188885000526,-0.656168961823803,-0.0791403637524025,-0.2651827341412358,-0.025892965830606803,-0.5935094617009196,-0.09676467683867587,-0.20730868441045178,-0.03227651399592345,0.14359286029614343,0.019752051742252568,frac_si,1.0980364477054485,p1_c0,1.1559415667817012
6118,0.0,0.0,rare,,,,,,,,,,,,,,,,,,,,,,,,,,,,,,,,,,,,
6119,0.008614976805831677,102.47474670410156,material,0.5001503292083336,0.5034307610051684,0.4973794808405439,0.00686152201033674,1.8512516450977705,0.11597869309060208,-1.7238383847245045,-0.11821036519439627,0.018480006469728923,0.01908935079848,1.8497069377156912,0.11596223125016872,1.770498979901296,0.1734217538491482,-0.3644372764335778,-0.05029629551633619,-0.19124851200787343,-0.03549184647745882,-0.3220455084855617,-0.03798303849302697,1.0726114629864891,0.10881741200569163,0.9998427971768242,0.10096805678452914,0.9772015998404817,0.09209550685106384,-0.3081111722600113,-0.012062205415704106,0.8933487132162821,0.08729462798823544,0.28223333133676254,0.0346538366745268,frac_si,1.8512516450977705,noise_sigma_c0,1.0726114629864891
6120,0.0019880715705765406,35.770538330078125,rare,,,,,,,,,,,,,,,,,,,,,,,,,,,,,,,,,,,,
6121,0.0,0.0,rare,,,,,,,,,,,,,,,,,,,,,,,,,,,,,,,,,,,,
6122,0.0,0.0,rare,,,,,,,,,,,,,,,,,,,,,,,,,,,,,,,,,,,,
6123,0.0,0.0,rare,,,,,,,,,,,,,,,,,,,,,,,,,,,,,,,,,,,,
6124,0.0,0.0,rare,,,,,,,,,,,,,,,,,,,,,,,,,,,,,,,,,,,,
6125,0.0013253810470510272,29.601932525634766,rare,,,,,,,,,,,,,,,,,,,,,,,,,,,,,,,,,,,,
6126,0.0,0.0,rare,,,,,,,,,,,,,,,,,,,,,,,,,,,,,,,,,,,,
6127,0.0,0.0,rare,,,,,,,,,,,,,,,,,,,,,,,,,,,,,,,,,,,,
6128,0.0,0.0,rare,,,,,,,,,,,,,,,,,,,,,,,,,,,,,,,,,,,,
6129,0.0,0.0,rare,,,,,,,,,,,,,,,,,,,,,,,,,,,,,,,,,,,,
6130,0.0,0.0,rare,,,,,,,,,,,,,,,,,,,,,,,,,,,,,,,,,,,,
6131,0.0,0.0,rare,,,,,,,,,,,,,,,,,,,,,,,,,,,,,,,,,,,,
6132,0.0033134526176275677,46.996009826660156,rare,,,,,,,,,,,,,,,,,,,,,,,,,,,,,,,,,,,,
6133,0.0,0.0,rare,,,,,,,,,,,,,,,,,,,,,,,,,,,,,,,,,,,,
6134,0.005301524188204109,59.89414596557617,rare,,,,,,,,,,,,,,,,,,,,,,,,,,,,,,,,,,,,
6135,0.0,0.0,rare,,,,,,,,,,,,,,,,,,,,,,,,,,,,,,,,,,,,
6136,0.0,0.0,rare,,,,,,,,,,,,,,,,,,,,,,,,,,,,,,,,,,,,
6137,0.0,0.0,rare,,,,,,,,,,,,,,,,,,,,,,,,,,,,,,,,,,,,
6138,0.0,0.0,rare,,,,,,,,,,,,,,,,,,,,,,,,,,,,,,,,,,,,
6139,0.0,0.0,rare,,,,,,,,,,,,,,,,,,,,,,,,,,,,,,,,,,,,
6140,0.0,0.0,rare,,,,,,,,,,,,,,,,,,,,,,,,,,,,,,,,,,,,
6141,0.0,0.0,rare,,,,,,,,,,,,,,,,,,,,,,,,,,,,,,,,,,,,
6142,0.0,0.0,rare,,,,,,,,,,,,,,,,,,,,,,,,,,,,,,,,,,,,
6143,0.0,0.0,rare,,,,,,,,,,,,,,,,,,,,,,,,,,,,,,,,,,,,
