feature,freq,mass,kind,auc_Batch_1,auc_Batch_2,auc_Batch_3,batch_selectivity,d_frac_si,rho_frac_si,d_frac_graphite,rho_frac_graphite,d_frac_pore,rho_frac_pore,d_K01_si_frac_adm,rho_K01_si_frac_adm,d_K04_agglom_frac,rho_K04_agglom_frac,d_p1_c0,rho_p1_c0,d_p1_c1,rho_p1_c1,d_p1_c2,rho_p1_c2,d_noise_sigma_c0,rho_noise_sigma_c0,d_noise_sigma_c1,rho_noise_sigma_c1,d_noise_sigma_c2,rho_noise_sigma_c2,d_sharpness_c0,rho_sharpness_c0,d_sharpness_c1,rho_sharpness_c1,d_sharpness_c2,rho_sharpness_c2,best_kpi,best_kpi_d,best_img,best_img_d
0,0.0026507620941020544,23.137348175048828,rare,,,,,,,,,,,,,,,,,,,,,,,,,,,,,,,,,,,,
1,0.0033134526176275677,31.454355239868164,rare,,,,,,,,,,,,,,,,,,,,,,,,,,,,,,,,,,,,
2,0.005964214711729622,48.55046844482422,rare,,,,,,,,,,,,,,,,,,,,,,,,,,,,,,,,,,,,
3,0.009940357852882704,58.85514831542969,mixed,0.4993317298217777,0.5007225189902075,0.4999373123785979,0.0014450379804149538,-0.035769744153543954,-0.03929228789880748,-0.12395472605422939,0.01145424939289448,0.40187251250948747,0.06686560777391828,-0.0364887983890319,-0.03935350603536606,-0.11088709390779566,-0.012801639093755496,-0.24131178772828135,-0.02501739901305742,-0.4098093724133195,-0.04060783091824536,-0.24168899966224874,-0.056117309950416916,-0.012212687119349717,-0.010204003564417296,-0.042603377897621,-0.01464780512423392,-0.15140397788630355,-0.019988291424228116,0.1670846433648023,0.016326840627348956,-0.29456003327617303,-0.033717166946766276,-0.18217677449778244,-0.01727471193346519,frac_pore,0.40187251250948747,p1_c1,-0.4098093724133195
4,0.017229953611663355,88.66781616210938,material,0.49839311972268685,0.5051250680372049,0.4973653540526222,0.010250136074409832,1.3771938622191868,0.13832208773697682,-1.1738303598513604,-0.120379306906952,-0.34800162286259106,-0.039587159256198705,1.375856575587041,0.13824005999386804,1.1388462507511614,0.11929510733641155,0.4750684780186438,0.048428772989417085,0.16367929937380327,0.0377831311653714,0.5168889749630641,0.06883822539972055,0.19037742283971165,0.014787754440728407,-0.003917535202430739,-0.0051549575316667895,0.23162796675554792,0.020490920164858515,-0.4714272341601856,-0.07012032582203782,0.38728238492426864,0.012998152586617583,-0.006898025413280764,-0.01722595000835299,frac_si,1.3771938622191868,p1_c2,0.5168889749630641
5,0.003976143141153081,36.87539291381836,rare,,,,,,,,,,,,,,,,,,,,,,,,,,,,,,,,,,,,
6,0.0,0.0,rare,,,,,,,,,,,,,,,,,,,,,,,,,,,,,,,,,,,,
7,0.017229953611663355,93.93235778808594,mixed,0.49842849130111827,0.4977361071640166,0.5027582553416918,0.0055165106833836575,-0.2345973090642502,-0.012877431131183937,0.22178680051074431,0.024135572107962945,0.03540906482949219,-0.00600399074364106,-0.23495877896967995,-0.012982498658681195,-0.3368328946272497,-0.04607543549339335,0.07448852677805692,0.02103173810207308,0.272544325943331,0.05158573236303922,0.11735189767900185,0.02509653591846922,0.012770712158288271,-0.014678118997152167,0.032529570358194475,0.0024548206272927563,0.0418419887470531,-0.008991268414337417,-0.06542900899304208,0.004162381813711839,0.07815398174429322,0.0033882712954566288,0.09364093279826068,0.01740287583213819,K04_agglom_frac,-0.3368328946272497,p1_c1,0.272544325943331
8,0.0033134526176275677,25.195884704589844,rare,,,,,,,,,,,,,,,,,,,,,,,,,,,,,,,,,,,,
9,0.005964214711729622,39.463584899902344,rare,,,,,,,,,,,,,,,,,,,,,,,,,,,,,,,,,,,,
10,0.0066269052352551355,53.58003616333008,material,0.4976402104103608,0.5011078624516515,0.5008370121843547,0.004719579179278455,-0.5639705350978724,-0.05752364606888509,0.5079921407568116,0.046825813598098405,0.04538821546992909,0.018795803005269996,-0.5644584787578231,-0.05752364591820882,-0.3368328841762375,-0.026949546314957697,-0.19377259539091424,-0.012537259099177312,0.0520786232118009,0.015205676879914767,-0.1677848854413371,-0.009294876658777726,-0.13915501269441802,-0.022946395842778158,-0.09717025630338702,-0.020019135003913644,-0.20921222046463298,-0.03397380983851377,0.07555193818337441,0.028265633846319416,-0.12926625534680056,-0.013772295705362678,-0.14037779559444422,-0.014473830358363549,K01_si_frac_adm,-0.5644584787578231,noise_sigma_c2,-0.20921222046463298
11,0.0033134526176275677,27.674516677856445,rare,,,,,,,,,,,,,,,,,,,,,,,,,,,,,,,,,,,,
12,0.0066269052352551355,48.37065124511719,mixed,0.5014451816330553,0.4992678474232565,0.4995267526046265,0.002890363266110585,-0.21762521497154275,-0.0015172619647941387,0.1419087952323056,0.005298985086116561,0.22697393500642704,0.016374687764904347,-0.21826469964061712,-0.0015922881896145193,-0.3368329018423514,-0.028417121248368652,0.3418252885563736,0.025882314664064078,0.10690177386714989,0.02452179615786258,0.3482902065049414,0.028217791975134576,-0.24411681165782861,-0.025000279568831676,-0.3368338341688728,-0.021940142150434126,-0.24589692881622766,-0.02109974190618392,-0.36546727779346977,-0.029049946109279398,-0.042263790716549454,0.005570975396402023,0.1566252573151562,0.02245748357466977,K04_agglom_frac,-0.3368329018423514,sharpness_c0,-0.36546727779346977
13,0.005301524188204109,37.332313537597656,rare,,,,,,,,,,,,,,,,,,,,,,,,,,,,,,,,,,,,
14,0.0,0.0,rare,,,,,,,,,,,,,,,,,,,,,,,,,,,,,,,,,,,,
15,0.005964214711729622,41.58555603027344,rare,,,,,,,,,,,,,,,,,,,,,,,,,,,,,,,,,,,,
16,0.015241882041086813,89.75959777832031,material,0.49587794784208106,0.5026817496519868,0.5009147095179234,0.008244104315837886,0.9886732317768676,0.08260133595548372,-0.8679591429623245,-0.06731160400924117,-0.26593464019867913,-0.03899232955141427,0.9875059395703484,0.08243991243990369,0.33856799292108136,0.028822379740852534,0.28084002716870266,0.024956026765409804,-0.016966181924409372,0.005748193746711705,0.3339651044986147,0.04031001743520368,0.11707088566226621,0.012566534099794887,0.0076630851657851105,-0.009904878526124308,0.17842299163817987,0.02373454022551584,-0.31936839105945614,-0.031394077068066975,-0.013136440464526224,-0.017895819121725064,0.17106699093492975,0.012863847072192368,frac_si,0.9886732317768676,p1_c2,0.3339651044986147
17,0.007952286282306162,67.25621795654297,material,0.4967811863627405,0.5002287976802324,0.5020819353699453,0.00643762727451902,0.7451045348055727,0.05854561102959089,-0.9813906201869685,-0.08975111899876975,0.8337500166410367,0.06619810809703122,0.7449472618507967,0.05876656118186674,0.4860575935893294,0.03971607423402605,0.08506206406043253,-0.005903728463443605,-0.3595527244441798,-0.01786569504511805,0.236697756317769,0.010452321172812574,-0.06646665277287848,-0.007762108097456605,0.11633077136014432,0.012890227481817774,-0.062324430235167,-0.004619127952387411,-0.4519276717453747,-0.0601591695947478,0.17708448994121975,0.012476714501339555,0.04028894944611219,-0.0014692014497985836,frac_graphite,-0.9813906201869685,sharpness_c0,-0.4519276717453747
18,0.003976143141153081,27.355924606323242,rare,,,,,,,,,,,,,,,,,,,,,,,,,,,,,,,,,,,,
19,0.005964214711729622,39.16388702392578,rare,,,,,,,,,,,,,,,,,,,,,,,,,,,,,,,,,,,,
20,0.007952286282306162,49.76964569091797,material,0.49487617421007685,0.5111123420693908,0.4954335158043439,0.022224684138781647,-0.6928270367256119,-0.07985070968642113,0.5726834752574775,0.0645826120231172,0.4133190876365922,0.02720059611363841,-0.6932586000860089,-0.07988498821572886,-0.3368328839705838,-0.029814417850313527,-0.5119001035681598,-0.038549705073055086,-0.15548702354335345,-0.010583241482939917,-0.43016583493463756,-0.0456316089903056,0.018486809341248828,-0.001241810172586211,-0.09433467489920676,-0.028176156127160425,0.01987768604662462,0.0017587694987105404,0.41264014082255007,0.05377207842619851,-0.1996176322713632,-0.012000548038970691,0.28128444826526655,0.04092956747298006,K01_si_frac_adm,-0.6932586000860089,p1_c0,-0.5119001035681598
21,0.011928429423459244,63.319313049316406,material,0.503721595359249,0.49944606877417425,0.497805050326682,0.007443190718497972,-0.6275709813677498,-0.0988823563084726,0.6486175288250035,0.10035673934764502,-0.10802249573200175,-0.005662115091676671,-0.628031097088321,-0.09898047415038141,-0.33683288503829584,-0.034863871151342034,-0.3509805921093039,-0.016427955431434684,-0.12551774262966678,-0.008673514086515463,-0.3688382283672949,-0.01555472608037548,0.16200985924663763,0.016309357400400085,0.13709041396998023,0.014137520092765902,0.13931709760458463,0.01617519384690635,0.5605298546012822,0.07897151185180211,-0.08340234942067139,0.003270013406303172,-0.012855385487902708,0.015566907800228848,frac_graphite,0.6486175288250035,sharpness_c0,0.5605298546012822
22,0.0026507620941020544,25.736127853393555,rare,,,,,,,,,,,,,,,,,,,,,,,,,,,,,,,,,,,,
23,0.003976143141153081,36.48972702026367,rare,,,,,,,,,,,,,,,,,,,,,,,,,,,,,,,,,,,,
24,0.007952286282306162,57.550384521484375,material,0.49487617421007685,0.5002215724903304,0.5034186826770263,0.010247651579846306,-0.2910442745460806,-0.03783524848672189,0.531951515015868,0.07451717353223171,-0.6796962996649379,-0.07084034637543556,-0.291651635209661,-0.03790378316339981,-0.010195710815932901,-0.007490276495771463,0.5373393020936267,0.050404506734994525,0.5460439179177003,0.05171440987784797,0.5207771513936141,0.07011166051806977,-0.34239014392839506,-0.04344113221485634,-0.43188162698351595,-0.04559514072389944,-0.19037963930418547,-0.023134525781675703,0.11794051753857868,0.023818447557908018,-0.13091631758917782,-0.01941976451952061,0.1785895578028539,0.007226647825883867,frac_pore,-0.6796962996649379,p1_c1,0.5460439179177003
25,0.010603048376408217,57.29574966430664,mixed,0.5026857134194715,0.5003203167523252,0.4978880452057213,0.005371426838943094,0.18745218911268843,0.002085989877380086,-0.13456478835172248,0.012473917534296053,-0.2284985823117271,-0.016824796926452973,0.1866354656762069,0.0020268139712051833,-0.08917300647155954,-0.015141248551247719,0.1567745433960786,-0.0012725873404150231,0.04436653863183865,0.0056613937097538865,0.1688686975047678,0.008654128422008056,-0.10602456024253684,0.003231200207175735,-0.09369883927382339,0.0033430132513550086,-0.10308063133063616,0.009292018542851336,-0.010421079237275171,0.03046460640819491,-0.12163881799636879,-0.011095732285369414,-0.3236005045403051,-0.027819617599372654,frac_pore,-0.2284985823117271,sharpness_c2,-0.3236005045403051
26,0.00728959575878065,44.94767379760742,material,0.5010245125038529,0.5024637897566073,0.4974774854317499,0.005045029136500179,-0.302546395635981,-0.021733856908779242,0.637349240181806,0.07031988889259234,-1.0648947571824676,-0.11151838150843744,-0.30314872362492984,-0.02175176424487245,-0.3368328987053507,-0.029814417850313527,0.5776829801867782,0.05991430364434044,0.7820423436253457,0.06745636830876031,0.45413794599168933,0.04136974722936045,0.19524683770667117,0.030920656293053784,0.139895781204464,0.018707445543246423,0.34354297937403244,0.042536729072054254,0.4903353458190106,0.042937199123555564,0.5033053032419517,0.039791674679616786,0.7819138687399887,0.07597996031894794,frac_pore,-1.0648947571824676,p1_c1,0.7820423436253457
27,0.004638833664678595,34.57640075683594,rare,,,,,,,,,,,,,,,,,,,,,,,,,,,,,,,,,,,,
28,0.013916500994035786,71.87281036376953,material,0.5044100778680034,0.4926844952241494,0.5022814762493377,0.014631009551701157,-0.00459461880738363,0.0053380799673376006,0.23096615014954294,0.0372102177986506,-0.8176498913602928,-0.1073372216790702,-0.005327313571049486,0.005208112932993998,-0.15728165018973106,-0.02375114695268425,0.46619165034923365,0.08234260656875068,0.5533649812537936,0.06262566193817054,0.2144971147294911,0.05501330931571462,0.21940059862617575,0.008465725515349557,-0.12177179988289355,-0.030666421192520613,0.3400526928274048,0.023946769373650933,0.24740572202842454,0.05150252591353292,0.08516558826886036,-0.001493547597857028,-0.0688845942290847,-0.007621788887565427,frac_pore,-0.8176498913602928,p1_c1,0.5533649812537936
29,0.00927766732935719,58.56068801879883,material,0.49783475409173367,0.5011825227473062,0.500646300547413,0.004330491816532667,-0.09066959818678665,-0.027963906659121872,-0.1629185785177243,-0.019692316067400843,0.9164391666090453,0.06828491942563661,-0.09136463136254425,-0.028011247715083593,-0.33683287779219334,-0.029814417850313527,-0.22316444194965368,-0.057818101793630665,-0.6678362953456823,-0.060089834195241054,-0.0491539600400973,-0.03866681356934558,-0.12425753077854892,-0.01614103747886701,0.09213463508317178,0.008276755169115644,-0.1200742594109403,-0.015320108559692175,0.21211550286478115,0.010966945605399327,-0.0853675943464873,-0.0018714697426790022,-0.21667191476368333,-0.019301955496356347,frac_pore,0.9164391666090453,p1_c1,-0.6678362953456823
30,0.005964214711729622,33.58046340942383,rare,,,,,,,,,,,,,,,,,,,,,,,,,,,,,,,,,,,,
31,0.007952286282306162,52.3819580078125,material,0.502521488233897,0.4965776683830506,0.5007469539113544,0.006844663233898762,0.21312429066168165,0.021764796971913743,-0.5011308932409724,-0.06201237760422927,0.9943030787726763,0.07371851413156867,0.2122963345274235,0.021730563578739027,0.4161967000021401,0.04470073907465204,-0.06814060963046632,-0.047390794958315226,-0.7511959122068476,-0.06518453780838186,0.10749887911957212,-0.029398345158902352,-0.01995060952468884,0.011559771723747874,0.07000449129836496,0.017875696698970094,-0.034747544814661566,0.006760197193315438,-0.24033668342049602,-0.018081204659678773,-0.09337891967571424,0.0035267100143355073,-0.10032112515392784,-0.0029248052779839457,frac_pore,0.9943030787726763,p1_c1,-0.7511959122068476
32,0.0145791915175613,75.57842254638672,material,0.5001718048095241,0.5048649612007301,0.4963129083524633,0.0097299224014602,0.7199901709370536,0.06082536074563614,-0.73830863159213,-0.04796327906757197,-0.04473922740892973,-0.021453921808216515,0.7189404391707349,0.06077467660576551,0.1808692839320652,0.02577704246972703,-0.19296367827094948,-0.0188709674516192,-0.1638248364835693,0.001798467993794974,-0.29874775000994197,-0.0363005917410816,0.18522290445043052,0.04366694485777694,0.13160534329622564,0.026141763301396437,0.10706009677920329,0.0314735468362783,-0.17919851182001295,-0.009880501418823823,-0.04302242041344308,0.014562292690903464,-0.33869985175833023,-0.039141961804963495,frac_graphite,-0.73830863159213,sharpness_c2,-0.33869985175833023
33,0.00927766732935719,64.3753662109375,material,0.4978271744677841,0.501165663970868,0.5006639590323151,0.004345651064431855,-0.43841775561928953,-0.052653062728281526,0.04829885236032615,-0.02101273198452914,1.3159244326468242,0.12389419701453147,-0.43896063403346125,-0.05270095052959494,-0.3368328964880963,-0.03115089719541056,-0.3340933297136099,-0.032268002666654874,-0.4958511652364653,-0.04782114106643617,-0.2971006359379088,-0.053195604952789945,-0.4444695133622424,-0.040195358524522266,-0.14921575683094898,-0.01766121230722312,-0.6273657148510956,-0.05266128010709006,-0.05749865341521599,-0.006051277580676361,-0.609188627821505,-0.059530247882681485,-0.6900730278539324,-0.060196370647881456,frac_pore,1.3159244326468242,sharpness_c2,-0.6900730278539324
34,0.009940357852882704,60.36283874511719,material,0.5031442806684217,0.49890056693656765,0.4986085113897227,0.006288561336843301,-0.6967058557674708,-0.09741287343473176,0.5024458415691777,0.06075027278821304,0.49260791971136886,0.03574438592628185,-0.6963775929978081,-0.09705511130842608,-0.3368329040230418,-0.03243408064992298,-0.3720380863735476,-0.0427747038187217,-0.3012275257302036,-0.032559127018519526,-0.24500844618508005,-0.02035721377692864,-0.05432907925212347,-0.019545863426772888,0.2423121894749662,0.02693435129571671,-0.10480492669152128,-0.02021258963348673,0.3689235487634424,0.05643355952454412,-0.060140246216541876,0.002854131707700943,-0.05131482309634722,0.015152730147948715,frac_si,-0.6967058557674708,p1_c0,-0.3720380863735476
35,0.0033134526176275677,29.313446044921875,rare,,,,,,,,,,,,,,,,,,,,,,,,,,,,,,,,,,,,
36,0.00927766732935719,52.448612213134766,mixed,0.49976503165756264,0.5029864118261909,0.49797457178174115,0.00597282365238172,-0.13616489144406668,-0.0014756614883484544,0.05200569398920371,-0.012046562058343648,0.22792867262151684,0.023695334950311623,-0.13684001850829522,-0.001602542440734952,0.35824897617609097,0.0227819917171579,-0.2088078914550049,-0.02330188184179062,-0.462686629233966,-0.031781411061564464,-0.10094536519240711,-0.006680860841290959,0.23619335556624774,0.020327680260807886,0.09387429029528103,0.00978002142082031,0.26837761806785443,0.028609314508012386,0.057809082577767255,-0.00038077978110471095,-0.05643395295134111,0.006532099857015532,0.28032121225240775,0.038117536641800925,K04_agglom_frac,0.35824897617609097,p1_c1,-0.462686629233966
37,0.005301524188204109,46.27967071533203,rare,,,,,,,,,,,,,,,,,,,,,,,,,,,,,,,,,,,,
38,0.01126573889993373,68.56198120117188,mixed,0.4984676526915244,0.4980528113213909,0.5024986756136324,0.004997351227264746,-0.35682384857354826,-0.014048734010584984,0.2006233879568017,0.0029760103610768185,0.37827917665262395,0.011561714371130022,-0.35145340119501095,-0.013248579866032888,-0.33683287172714643,-0.03714108944052332,0.2833252806511722,-0.00014331389328344402,-0.2856465920300474,-0.03040684156362974,0.3279944284820118,0.0006137700841827737,-0.34349508852590427,-0.034083984272088204,-0.3527073947527641,-0.027517455406305957,-0.3693694406614485,-0.033440399443726634,0.05956515119638398,0.0022166933801257074,-0.426784669087211,-0.0320615020340466,-0.10607696965906527,-0.02481271236977154,frac_pore,0.37827917665262395,sharpness_c1,-0.426784669087211
39,0.007952286282306162,47.426002502441406,material,0.49868872505672085,0.502032686759117,0.49942609924068515,0.0040653735182341055,-0.5702570462787907,-0.05389741408128286,0.7366759946155343,0.08302645903217591,-0.5280222590617557,-0.057552663167058024,-0.5707422393235054,-0.053965926014736564,-0.3368328955683499,-0.03115089719541056,0.11007884527394687,0.021477782695180553,0.6031635044573358,0.06943703026146887,0.07136667624423668,0.0001016966016328076,-0.3520572000805886,-0.010980317817901215,-0.13297059782233547,0.003806880040963868,-0.281656563216776,-0.004618923647555159,0.17893850640559394,0.02744481292930871,0.028759966369643786,-0.005287749566737738,-0.3069940591838947,-0.015121826463970396,frac_graphite,0.7366759946155343,p1_c1,0.6031635044573358
40,0.00927766732935719,59.14201354980469,mixed,0.49784486025699975,0.501158438780966,0.5006568956383542,0.00431027948600049,-0.4382479316679207,-0.04141095359886651,0.3015520945529105,0.025861302260628764,0.36426415147585256,0.02465422473991058,-0.4387908843819097,-0.04145852596230692,-0.33683289281291884,-0.03115089719541056,0.07461363014339314,-4.929685419717863e-06,-0.4054489164503144,-0.027230781989811197,0.1642970960174361,-0.0009230041576967204,-0.3900140553320671,-0.038086916142562474,-0.2938385377138097,-0.029376236869524893,-0.41192146418528597,-0.04434307365394937,0.2743534871005942,0.018215073807011796,-0.40855585567800645,-0.037520962022857075,-0.10263486034882227,-0.01361192028285306,K01_si_frac_adm,-0.4387908843819097,noise_sigma_c2,-0.41192146418528597
41,0.004638833664678595,38.18968200683594,rare,,,,,,,,,,,,,,,,,,,,,,,,,,,,,,,,,,,,
42,0.015241882041086813,87.65221405029297,material,0.5072953880514808,0.4972351606641395,0.49692830655129794,0.014590776102961556,-0.5693412330837151,-0.07893810008209591,0.3168391431822439,0.041130549370596084,0.6636536036913675,0.055081123911834916,-0.5691219581671608,-0.07878271236088853,-0.33683287144453095,-0.04133716002918112,-0.3661720278295324,-0.029161964315669045,-0.11637550708907718,-0.008495875418322665,-0.38488933965820993,-0.03441561764673585,-0.20217675549184863,-0.025562473658757842,-0.08263996018100206,-0.015182801120130084,-0.33832402834664915,-0.039121194767819764,0.290890202679817,0.04373053343276811,-0.11727037640995265,-0.010328104364345394,-0.40734520671799357,-0.03315433087951646,frac_pore,0.6636536036913675,sharpness_c2,-0.40734520671799357
43,0.0026507620941020544,24.914186477661133,rare,,,,,,,,,,,,,,,,,,,,,,,,,,,,,,,,,,,,
44,0.0066269052352551355,50.96064758300781,material,0.5052779448102315,0.495640802092415,0.49950732827123434,0.010555889620462944,0.4015082017076726,0.05690678583171409,-0.6024912018730472,-0.061062768271325236,0.463335015603349,0.030929385928841202,0.4005978195141247,0.056831759453858925,-0.20456277201823792,0.00032550984226838116,0.28549843627483157,0.01091378432044687,-0.2580169197370071,-0.01171566151282726,0.34451939768227074,0.0008873606898071953,0.025366441609498257,0.004958232221877165,0.06232374785058528,0.00973676917913298,0.050210438544135386,0.008693214638450531,-0.20272651702568956,-0.027966381976272076,0.02700640713254747,0.0047167581749265755,-0.2086372918839096,-0.0233180377191532,frac_graphite,-0.6024912018730472,p1_c2,0.34451939768227074
45,0.008614976805831677,59.69080352783203,mixed,0.5021020823753531,0.4961453611872432,0.5013570545647184,0.007709277625513655,-0.29219246170654856,-0.020256749966682745,0.21805736253036054,0.012377492343796306,0.19901301491224693,0.026410354757430504,-0.29279931996964587,-0.020289891164991553,-0.3368328905491488,-0.03243408064992298,-0.44246662684883603,-0.020132633756547082,-0.25344667114680425,-0.0048494860375096595,-0.47316592367830174,-0.04424695861565522,0.0629307969381019,-0.011577645009800408,0.11951780567471959,-0.0049512322219885194,-0.06663502838940796,-0.02048180808231559,-0.27856276742224684,-0.021496843250021387,-0.16617274394220538,-0.018082328608501768,-0.2288882411931053,-0.038281603715249864,K04_agglom_frac,-0.3368328905491488,p1_c2,-0.47316592367830174
46,0.008614976805831677,53.42991638183594,material,0.4982491068676446,0.49796249644761503,0.5027176408264171,0.005435281652834245,-0.6313112372494367,-0.07644481276906183,0.5208471303203657,0.06151009472421606,0.39007510088811265,0.01992981570836785,-0.6317697164223698,-0.07646129592327364,-0.33683287988334626,-0.03243408064992298,0.17875993462080514,0.04361820865195098,-0.1062761265953434,0.002671036026947674,0.17651148719719278,0.044922034129326126,-0.5476462004953918,-0.04896101206756618,-0.5317402647293318,-0.04989124366541849,-0.463510572260384,-0.041024660741128316,0.35709496963998244,0.039670509642477855,-0.3789512354491189,-0.031589848369065504,-0.004183496881700144,0.011473304153695945,K01_si_frac_adm,-0.6317697164223698,noise_sigma_c0,-0.5476462004953918
47,0.010603048376408217,66.82209014892578,imaging,0.49890853415125896,0.5021049386581377,0.49921949496733176,0.004209877316275312,-0.22336253778965146,-0.013867151862944712,0.16494867794728077,0.02475306775110526,0.01457488489575845,-0.018342649582420118,-0.2239995120720433,-0.013956073165114767,-0.3368328739230466,-0.036019696756253675,-0.26556956349144684,0.002569697037671803,-0.053275649232696044,0.017488862859340856,-0.264701715041547,-0.01882937388370585,0.47637742691119256,0.04034937193314559,0.4001877114985543,0.033451392740796636,0.5314817977111058,0.054301356657673834,0.37421905643442177,0.023147151156262393,0.40284670194107125,0.04282105048388907,0.00971176296642153,-0.00013567174646593916,K04_agglom_frac,-0.3368328739230466,noise_sigma_c2,0.5314817977111058
48,0.010603048376408217,60.91963195800781,material,0.4988883218207267,0.5003082747691551,0.5005509447289422,0.0022233563585466465,0.4641290620800959,0.06337447630997853,-0.21016785637166016,-0.029454688589383313,-0.7072676323312425,-0.07969033043941835,0.4631912805434688,0.06327025883913188,-0.19058018200261412,0.004898149326233614,0.6071720308937086,0.06590307195869563,0.3703989600499667,0.05020579501650993,0.5985469637529742,0.07995059509957562,-0.18217306784932769,-0.017606165074710998,-0.2768397365072529,-0.023541252776147496,-0.11118601812654022,-0.012396169204012247,-0.47258240169706334,-0.04000692475608316,0.017174067255187612,0.010707536284163913,0.16365679928500715,0.029779731809922064,frac_pore,-0.7072676323312425,p1_c0,0.6071720308937086
49,0.011928429423459244,67.25736236572266,mixed,0.49804698356232213,0.49578048909718847,0.5044587674377538,0.008917534875507505,0.030502761309804505,0.030090154631079637,-0.1377241596840074,-0.024874300760558955,0.40095377011828015,0.013401648370888461,0.029754710026139573,0.029963899233305225,-0.3368328745504467,-0.0382310813155339,-0.17011261533520838,-0.0027833541233813295,-0.20542593307758134,-0.03452276849781428,-0.21591720025155367,-0.015021527401190666,0.004435873685543176,0.0023599336860377603,-0.03790184409583049,-0.018135682707754838,-0.0373070531933333,0.0017241240540807226,-0.3936997090075119,-0.04498001657961009,-0.22704772792887706,-0.016190905689958564,-0.1633746988977898,-0.010252516177206208,frac_pore,0.40095377011828015,sharpness_c0,-0.3936997090075119
50,0.00728959575878065,42.077388763427734,material,0.4972144881985255,0.5006466544962357,0.5014727176408265,0.005571023602949032,-0.7419390581350014,-0.08314845842665584,0.96630165025018,0.11107697509948679,-0.7592969664298368,-0.07905269211086156,-0.7423491329040911,-0.08314845820885845,-0.33683288378206294,-0.028417121248368652,0.01596776522892729,0.032364179806907145,0.42415198912520485,0.04690087364194028,-0.20309942977002574,-0.0006215454573520649,-0.027559283788463926,-0.01002662434063542,-0.14939077715389437,-0.02546607687318079,0.010144773604934855,-0.009865438454440887,0.8169033835313222,0.07880550691633917,-0.15978454366549324,-0.016959726545403644,-0.2624454949221848,-0.015799285406289172,frac_graphite,0.96630165025018,sharpness_c0,0.8169033835313222
51,0.00728959575878065,54.44763946533203,mixed,0.49911571053921444,0.49702201756202824,0.5028015186297016,0.00595596487594352,-0.10695742594510164,-0.020230447708575384,0.14784679713541402,0.025419592955968753,-0.022367375601846366,0.005610682603351013,-0.10764533248185364,-0.02028409872653887,-0.33683287568194453,-0.028417121248368652,-0.14024094174431467,-0.013983983798724781,0.054588743432626964,0.026834297490244265,-0.15939287952282108,-0.018859455354640297,-0.2345905626535721,-0.009450083515810117,0.0384646745902646,0.023729260824183335,-0.2874302514323244,-0.01618451503146973,-0.0778885789983881,-8.926196815541609e-05,-0.054174594896494614,0.014185660828212526,-0.1250110358930032,0.003149198263658395,K04_agglom_frac,-0.33683287568194453,noise_sigma_c2,-0.2874302514323244
52,0.0033134526176275677,26.375003814697266,rare,,,,,,,,,,,,,,,,,,,,,,,,,,,,,,,,,,,,
53,0.00927766732935719,57.61897277832031,material,0.5035497905497248,0.501168072367502,0.49666254635352286,0.007099581099449637,-0.09151161946539627,-0.013958188124697663,0.33738354180609714,0.04740285886938085,-0.808916838702294,-0.08778798485092708,-0.09220628420279636,-0.014053438187732168,-0.22626749679294794,-0.009269980824828257,-0.035900238817560166,0.008399465276687024,0.2974377747106311,0.023232356141063247,-0.20544851762557445,0.01833095053885651,0.5370320565345875,0.054740468990568086,0.30942215012501534,0.036570926353376006,0.5846317700596757,0.05996905104918705,0.1161916905928098,0.04251902788157807,0.45310167345750696,0.04977716664188963,0.30418726774431565,0.043212637622029544,frac_pore,-0.808916838702294,noise_sigma_c2,0.5846317700596757
54,0.011928429423459244,72.77415466308594,material,0.4980621428102213,0.49761087053904735,0.503106127494261,0.006212254988521959,0.7896038522548647,0.050382994919275,-0.6119543202477901,-0.04033270319315977,-0.19422096253870183,-0.018858357991752686,0.7885236615231649,0.050326813213333314,1.2759029399056983,0.10914285095116234,-0.14924755519271296,0.014844363604960893,-0.049077115823229586,0.007050678693707767,-0.20240859836736236,-0.01652467984826068,0.12166214148120136,-0.0015520923743570295,0.09476750008204653,-0.007525137085677963,0.04930414204195323,-0.007171193462877616,-0.45700301002726046,-0.051420702200152255,-0.06869301718139682,-0.02933854252659798,-0.010061008323236134,-0.0014795690312538255,K04_agglom_frac,1.2759029399056983,sharpness_c0,-0.45700301002726046
55,0.007952286282306162,59.51292037963867,imaging,0.49868872505672085,0.4984056414282756,0.5020854670669257,0.0041709341338513894,-0.4283433582251332,-0.03351306277312567,0.30679367165857224,0.029562479955696403,0.38602214498697435,0.023936235375088002,-0.42889064451933556,-0.03353013395112185,-0.33683284976814387,-0.03115089719541056,0.5699024175773698,0.033247397772904155,-0.1573824816594675,0.0049431332906221224,0.7620115238912714,0.06070514805185329,-0.5840539753275505,-0.048293190380784286,-0.34531082947926056,-0.025861087270764374,-0.5236103738689504,-0.04548738127515492,-0.1597289465299383,0.001981870375529818,-0.3065624283396239,-0.029163084670159503,-0.09165956200384748,-0.0172951077667835,K01_si_frac_adm,-0.42889064451933556,p1_c2,0.7620115238912714
56,0.003976143141153081,31.142112731933594,rare,,,,,,,,,,,,,,,,,,,,,,,,,,,,,,,,,,,,
57,0.003976143141153081,32.52247619628906,rare,,,,,,,,,,,,,,,,,,,,,,,,,,,,,,,,,,,,
58,0.005964214711729622,46.30032730102539,rare,,,,,,,,,,,,,,,,,,,,,,,,,,,,,,,,,,,,
59,0.0033134526176275677,24.673362731933594,rare,,,,,,,,,,,,,,,,,,,,,,,,,,,,,,,,,,,,
60,0.0013253810470510272,19.336490631103516,rare,,,,,,,,,,,,,,,,,,,,,,,,,,,,,,,,,,,,
61,0.00927766732935719,58.66144943237305,imaging,0.5035321047605091,0.5047878925084415,0.49402083701218436,0.01195832597563129,-0.10546560540500804,0.0037645136061156587,-0.006318892270200466,-0.018065063886630435,0.46768609424034785,0.039210422010053765,-0.10615416474522513,0.0037328617084447604,-0.032415716564393515,-0.012068294886641235,-0.6001214169090167,-0.06940641100512171,-0.5659403146776187,-0.04739157696445915,-0.47275340910663743,-0.05607597286596008,0.47301565232588616,0.05697473736569802,0.5035140522441861,0.04691429406804653,0.4370109155618377,0.05328965297131339,-0.07171104237077094,0.008660836752144213,0.1874791438821527,0.03832302649274393,0.1451914570140691,0.02312893320138156,frac_pore,0.46768609424034785,p1_c0,-0.6001214169090167
62,0.007952286282306162,55.685035705566406,imaging,0.49487617421007685,0.5002143473004282,0.5034239802224969,0.010247651579846306,0.019666025289069303,0.021362112598476275,-0.03617252480397303,-0.02607895747257535,0.14566072111695422,0.02644734670628673,0.01892271555978561,0.02125938983287614,0.03880664051621653,-0.005018386334217419,-0.18284223558918927,0.0009431129403336721,0.02287231747806797,-0.008217502695577564,-0.22516131785232013,0.007054054510682837,-0.3152586361358616,-0.03318959243477151,-0.12028127050837559,-0.021244660682270076,-0.3412790254393719,-0.0318688524674323,-0.6373807503056731,-0.05801317433730881,-0.27234857999957063,-0.027283389411292647,-0.43736166681129807,-0.034536460662147786,frac_pore,0.14566072111695422,sharpness_c0,-0.6373807503056731
63,0.008614976805831677,50.92584991455078,mixed,0.503955300431028,0.4997964904844249,0.4973847783860145,0.007910600862055972,-0.08187098365795216,-0.01924438182395884,0.14834197536195648,0.022644915921842507,-0.2685235392146838,-0.02928890289391834,-0.08256986660917526,-0.01932690763484277,-0.3368328926219101,-0.03115089719541056,-0.25838419537972956,0.00010709854670370425,0.007099599299084533,0.004520230395976626,-0.2618868501495695,0.002563708377961496,-0.05767726817525386,0.014830014088567505,0.026764709521139483,0.013213489111009826,-0.07611809614500058,0.021321301912460296,0.04212267942242011,0.03663725088883793,-0.04603390580201483,0.026089989469848567,-0.11772134454471195,0.015325123116626751,K04_agglom_frac,-0.3368328926219101,p1_c2,-0.2618868501495695
64,0.007952286282306162,47.86772918701172,material,0.49487617421007685,0.5020399119490191,0.5020854670669257,0.010247651579846306,-0.5692094725703976,-0.0716715529540932,0.21258618015211578,0.02378263910128806,1.125953444733859,0.06548264374297763,-0.569695123983298,-0.0716886694344404,-0.33683287724503647,-0.028417121248368652,-0.46351217512185566,-0.014594772144092513,-0.44074681877219285,-0.020868770558131994,-0.4751621690373537,-0.03783791998902181,-0.5188784878576528,-0.056142014529339146,-0.22178183569520551,-0.037084391626237376,-0.6645697349465487,-0.07077214731467307,0.14328677858728306,0.004909218113648455,-0.5830887576962566,-0.06503274786543674,-0.7564186537787307,-0.07622461197727984,frac_pore,1.125953444733859,sharpness_c2,-0.7564186537787307
65,0.008614976805831677,58.33301544189453,mixed,0.5020869231274538,0.49976036453491457,0.49871711107187006,0.004173846254907687,0.2275364281187032,0.02398295352012822,-0.21334042904710798,-0.019609180704553367,-0.12994100489462443,0.006446493271426435,0.22670216609887509,0.023917041857317283,-0.33683288490254726,-0.03243408064992298,0.30174677649786125,0.00690780092784856,0.09872127681777028,0.009475811377835017,0.3239773193139427,0.01912672436278326,0.013624022934556774,0.017335252529747245,-0.06784015428761939,0.01542474053488476,0.06369831390103055,0.014935118524252652,-0.09777576469596028,-0.002868582390737725,0.025591996188097727,0.006988076803648272,0.06530626214965765,0.015400141621374925,K04_agglom_frac,-0.33683288490254726,p1_c2,0.3239773193139427
66,0.007952286282306162,53.19630813598633,material,0.496778659821424,0.5002432480600366,0.5020731061274942,0.006442680357152009,-0.6611843125534279,-0.0683092967764211,0.8308726343171287,0.09710159876052193,-0.5981917138956199,-0.0570958601466211,-0.6616297209736735,-0.06832634516212142,-0.33683288398069783,-0.029814417850313527,0.1725615876190445,0.04334969273418037,0.6398528374026347,0.061210675825148934,0.180786086235351,0.05760043940832501,-0.053457817675093305,-0.008229489452446687,0.09400648126332267,0.0053463396525202525,0.020370233547757972,0.0015082690738325662,0.5447125490703114,0.05566085389983213,0.49103141485036306,0.024396607532644506,0.2629984367045037,0.024693961865718955,frac_graphite,0.8308726343171287,p1_c1,0.6398528374026347
67,0.00927766732935719,51.47221374511719,material,0.4959297419390699,0.5011777059540382,0.5019812820060039,0.008140516121860175,0.7619003887638875,0.04334900605546616,-0.6673458408963571,-0.031842769225291584,-0.037999920464297156,-0.011767561954625437,0.7608323195735242,0.043253629655394206,0.642654308028626,0.036910176225948055,-0.05484754950286243,0.0359489167952904,-0.23013805260902506,0.01191703969734688,-0.12751938782923042,0.02385571917673377,-0.14009405048465634,-0.02485430348827584,-0.20284879942336978,-0.02866266910343173,-0.17270140236659068,-0.023819283201080184,-0.49096961614276713,-0.044471885990150985,-0.41022031669258624,-0.029138906712131398,-0.18774422120168494,-0.010157457338830157,frac_si,0.7619003887638875,sharpness_c0,-0.49096961614276713
68,0.009940357852882704,55.7469482421875,imaging,0.4974052420679236,0.5043880986671934,0.4985961504502913,0.008776197334386726,-0.707298940181958,-0.08658832202390142,0.9521934713338692,0.1301230095578824,-0.8376664496605737,-0.09915273448905407,-0.7077241715243775,-0.08666467183580773,-0.33683289977633873,-0.03367006446576788,0.5829717524861636,0.057873433398489535,0.7224853071611584,0.06866680209492385,0.4531959621351653,0.06035747755377516,-0.0710548426082313,-0.0069412836833502856,-0.09113120040775839,-0.009731495679652195,-0.03526964801750616,-0.0011706451980774246,1.100490837142012,0.10401713606253767,-0.13174905571939266,-0.009354775902766267,0.7556057555476954,0.05817428922974365,frac_graphite,0.9521934713338692,sharpness_c0,1.100490837142012
69,0.021206096752816435,109.2377700805664,imaging,0.5016700438102264,0.5060258083783302,0.49441462122549884,0.012051616756660444,-0.536408753395041,-0.11014061804675135,0.5281654881143877,0.09730481636404195,-0.0037978561233024816,0.004432410185447194,-0.536908756499413,-0.11021448041370843,-0.3368328931383653,-0.04784788494296183,-0.34356939834242395,-0.025397328843437175,-0.05601551070879273,0.0021485591692655495,-0.385930731918545,-0.029081735569451265,0.24998684890570383,0.005189095955593605,0.23165785511212822,0.01631062441028931,0.24636859050649781,0.013092997844889953,0.69546283431605,0.11471433173379901,0.13440737207042436,0.032671263596268124,0.06139116813109313,0.017712381559496553,K01_si_frac_adm,-0.536908756499413,sharpness_c0,0.69546283431605
70,0.017892644135188866,102.28764343261719,material,0.4979168666845209,0.5027624309392265,0.4994305138619106,0.0055248618784529135,0.3069854066704099,0.04084515463061897,-0.7415447887383613,-0.10229817145338123,1.280550413335689,0.11284973667808236,0.3173015043903847,0.041033163268205046,0.09688599579207946,0.004857649732282851,0.000560488546078472,-0.03674245931176694,-0.3071736597555488,-0.05645486677445604,0.10756870208386954,-0.028882401017870287,-0.25155404194442166,-0.025519637012066974,-0.17619307336413093,-0.007143705470561116,-0.2947943433774903,-0.02742423676804623,-0.526597631777832,-0.06237022438168594,-0.19854443471369093,-0.0257429188987082,-0.30243318577362915,-0.02366724355002809,frac_pore,1.280550413335689,sharpness_c0,-0.526597631777832
71,0.005964214711729622,43.03062438964844,rare,,,,,,,,,,,,,,,,,,,,,,,,,,,,,,,,,,,,
72,0.0033134526176275677,28.401296615600586,rare,,,,,,,,,,,,,,,,,,,,,,,,,,,,,,,,,,,,
73,0.005301524188204109,36.127967834472656,rare,,,,,,,,,,,,,,,,,,,,,,,,,,,,,,,,,,,,
74,0.0066269052352551355,40.97804260253906,material,0.49762757770377813,0.4974470995679336,0.5035299311319089,0.007059862263817829,-0.7015522724196854,-0.07071036939853736,0.8640533124859368,0.09169835130896871,-0.5957147439325314,-0.06443213481833053,-0.7019051717840611,-0.07067269456514094,-0.3368328793104479,-0.025399510963926338,0.11494997242980688,0.04096542371396929,0.35727157423245254,0.058316810513207785,-0.09693766344601122,0.01815810346068053,-0.5926449149370417,-0.045298487709602944,-0.4086863379715142,-0.036767647364678246,-0.5925964559419424,-0.0478016468102405,0.34028054794322427,0.03938536813257784,-0.4931135099446924,-0.042415436208208354,-0.26922707155500875,0.004545238792177301,frac_graphite,0.8640533124859368,noise_sigma_c0,-0.5926449149370417
75,0.007952286282306162,72.15868377685547,imaging,0.5005987902920176,0.502032686759117,0.49809111778209425,0.0040653735182341055,0.15032805622049664,0.030890796026405522,-0.18475760617797224,-0.02595730528684694,0.16942613425428527,0.02298970219705053,0.14952757623042287,0.03078789162663572,-0.33683286545314567,-0.03115089719541056,0.24179746555830264,-0.009858771389352457,-0.5969443769399589,-0.04423602183815654,0.40995318588816476,-0.0014873359417995587,-0.12088897920764592,-0.0046579004735081905,-0.15456959489480765,-0.0014484758595934557,-0.08504579535206538,-0.004923587553516853,-0.6185318561683187,-0.05677617667963319,-0.1801346499536431,-0.010009688250821783,0.18071417720872476,0.021159533668831703,K04_agglom_frac,-0.33683286545314567,sharpness_c0,-0.6185318561683187
76,0.007952286282306162,62.77013397216797,material,0.5024987493620483,0.49839119104847146,0.499433162634646,0.004997498724096605,0.13449387672441032,0.04728179914902289,-0.42106062662006993,-0.06294122688759222,0.6694621789220465,0.04893302875411691,0.1377888736481694,0.0481153398987059,-0.19473516985304426,-0.00628677085668442,0.10415286443216654,-0.0021824274399277538,-0.35393771069128716,-0.025917737402803686,0.225578047642718,-0.011063876133268691,-0.3227112211993404,-0.018804648087101365,-0.28863244383295306,-0.023232387796324454,-0.32559191532505216,-0.022940844800700723,-0.5941946697229792,-0.04851733544013795,-0.14437509790306136,-0.001852250309734328,-0.45897955103464444,-0.06039387044593161,frac_pore,0.6694621789220465,sharpness_c0,-0.5941946697229792
77,0.010603048376408217,67.96650695800781,imaging,0.49505555864355044,0.5057295755923452,0.4992548119371358,0.01145915118469043,-0.5002691406730692,-0.05971841552459402,0.39111831392151686,0.046435351374787305,0.41383953687962965,0.054169192831483776,-0.5007849563977723,-0.059748239549664815,-0.336832879632732,-0.034863871151342034,0.07725760669263751,-0.013603664463820997,-0.5008673379510035,-0.04759443308257451,0.17122157869912655,-0.012189085613648315,-0.23360597201126226,-0.02321923909521691,-0.07527957870501217,-0.0036262270378328767,-0.17801029689944295,-0.018320075616120285,0.12458436245690789,0.034560763209758906,-0.16917166182328386,-0.013739008464774587,0.0357992247446839,0.012272308694905502,K01_si_frac_adm,-0.5007849563977723,p1_c1,-0.5008673379510035
78,0.00728959575878065,42.55059814453125,imaging,0.502925734844542,0.5024950989128497,0.49612572841250213,0.007748543174995737,-0.6378292316119338,-0.07471936791972165,0.7871529315903689,0.0906760157686881,-0.5620771125763031,-0.05125839603497041,-0.6382848589405108,-0.07473732252243408,-0.3368329058571823,-0.028417121248368652,-0.13113797768648056,0.020990415961298296,-0.2097794053948084,-0.010081961657511065,-0.20559750814388025,0.025014734756198302,0.3324112917909535,0.01806900679794024,0.13357324825939232,0.001176013394313118,0.4014675225370265,0.03136657502280001,1.3082649269759596,0.09215069260095342,-0.14048485439571928,-0.012882639930882735,0.43702166725997177,0.03879365192520359,frac_graphite,0.7871529315903689,sharpness_c0,1.3082649269759596
79,0.011928429423459244,67.16995239257812,material,0.49803940393837254,0.4994316183943701,0.501787038672082,0.003921192123254924,0.7181678831623144,0.04319710228964891,-0.8115858507971887,-0.07348125851477298,0.4718859495739094,0.07409498131843509,0.7171189487547883,0.04311283910175564,1.5017161825374106,0.11514231889408202,-0.328649782390565,-0.02894895345635276,-0.28315622741804153,-0.03251834277510386,-0.3761211829063596,-0.05710486230043214,0.037570669290212286,-0.004954802141323791,-0.004191492917595805,-0.014906750385176838,-0.07283813776537426,-0.012423369158920448,-0.46701004401966256,-0.049198590723374055,-0.30271871426891517,-0.03514798720919487,-0.18158629212257985,-0.006415687818239237,K04_agglom_frac,1.5017161825374106,sharpness_c0,-0.46701004401966256
80,0.009940357852882704,67.19429016113281,material,0.5088479476904885,0.49891260891973777,0.4946132791806463,0.017695895380976934,-0.06172668007025578,0.022820983949357804,0.2620037366870902,0.014566295801967973,-0.6053547867916969,-0.06984823002546023,-0.06243437697656051,0.022713801158539215,-0.33683286294354237,-0.034863871151342034,-0.2882146972033913,-0.006249158336299788,0.2833165716657009,0.031063250131650257,-0.30177158914038005,-0.01785286896725663,0.3495198534538851,0.04809288147539851,0.421718179526775,0.04520206448941727,0.32064881996542677,0.04140285605731204,-0.22501579304148575,0.003389858102939063,0.35665879490530183,0.039893659987476245,0.11545814285093241,0.012825504119391453,frac_pore,-0.6053547867916969,noise_sigma_c1,0.421718179526775
81,0.0066269052352551355,51.6284065246582,imaging,0.49764779003431037,0.4992774810097926,0.5021737594914356,0.004704419931379267,-0.44581994523513474,-0.04953521653265656,0.26591971838984313,0.03805738777649361,0.6141778397288973,0.03155157252358735,-0.4463595848397642,-0.04959145501031221,-0.3368328817655467,-0.028417121248368652,-0.40412323814829665,-0.014221187912169265,-0.6386569161512465,-0.027849161556512004,-0.3766287409320218,-0.022635906118016403,0.24047909265797573,-0.0057039762325142,0.3467063785008003,0.007237263088680252,0.06193444646395498,-0.016355126120700704,0.2924656732253899,0.03393024659916874,0.014404749549794212,-0.0012302576879724084,0.06226631962924789,0.002848757525566942,frac_pore,0.6141778397288973,p1_c1,-0.6386569161512465
82,0.004638833664678595,34.153350830078125,rare,,,,,,,,,,,,,,,,,,,,,,,,,,,,,,,,,,,,
83,0.0145791915175613,86.16789245605469,material,0.5001465393963588,0.5013342517352498,0.4989193007239979,0.002668503470499628,0.7699560494044595,0.04131633455641328,-0.6422415685747,-0.021658364060353246,-0.47533896440725854,-0.06434242932320496,0.7688844554907107,0.04121537020947896,0.24682234050879645,0.0283506759462507,-0.1857254358110664,-0.010867541165651395,0.21397057522193286,0.028463067980128355,-0.11301052101289993,0.009960571721846142,0.6395784352902694,0.07212310184521113,0.4696523269006299,0.038330484960424224,0.6081579022085282,0.06119609616720905,0.2622720199520984,0.008420344373708935,0.43203216884923695,0.03587432129351428,0.1925627185071157,0.004313841924067534,frac_si,0.7699560494044595,noise_sigma_c0,0.6395784352902694
84,0.005301524188204109,41.247840881347656,rare,,,,,,,,,,,,,,,,,,,,,,,,,,,,,,,,,,,,
85,0.007952286282306162,49.92076873779297,mixed,0.5006190026225498,0.5002119389037942,0.4994119724527636,0.0012380052450995382,-0.22914265421522312,-0.011005518180369482,0.3242642738426021,0.027431466905639617,-0.3214157262137307,-0.014921566118354053,-0.22977709948131264,-0.011074052927324657,-0.3368328892943485,-0.03115089719541056,0.13947097446742499,0.01200515089224864,-0.08908143407166234,0.0012552953161645082,0.21107842851356448,0.026870622565990362,0.08885078021460571,0.0010008439730029514,0.017733899965441773,0.008215347010762463,0.11577941732634575,-0.0010405926122706245,0.06455631680686304,0.006675592292226158,0.17139597798325606,0.015001286612941665,0.25839295329788775,0.025932911769569442,K04_agglom_frac,-0.3368328892943485,sharpness_c2,0.25839295329788775
86,0.0066269052352551355,53.055145263671875,material,0.5052526793970662,0.4992822978030606,0.4968550238389546,0.010505358794132391,1.1737325304622537,0.056788393995041674,-1.2024829891467952,-0.05588379954512201,-0.15077871309159202,-0.00994472218312558,1.1724842668862503,0.05675089315756949,0.5120433721764774,0.026552492304196255,-0.4469214642445506,-0.021656052212697008,-0.42116808223096863,-0.03006717235905096,-0.42381669536170236,-0.016034063614587236,0.9240667510016938,0.07676464046260069,0.7036305074754341,0.052480159791013045,0.9617925506542037,0.08552728782965427,-0.12299047875345562,0.0029601382664365813,0.5789116735083893,0.04907643691401799,0.310398217120021,0.030902589039349112,frac_graphite,-1.2024829891467952,noise_sigma_c2,0.9617925506542037
87,0.0,0.0,rare,,,,,,,,,,,,,,,,,,,,,,,,,,,,,,,,,,,,
88,0.0033134526176275677,32.993316650390625,rare,,,,,,,,,,,,,,,,,,,,,,,,,,,,,,,,,,,,
89,0.004638833664678595,35.59556579589844,rare,,,,,,,,,,,,,,,,,,,,,,,,,,,,,,,,,,,,
90,0.0066269052352551355,42.539772033691406,mixed,0.5014224427612065,0.4992774810097926,0.4995355818470775,0.002844885522413021,-0.15421591040236776,-0.007475050325065907,0.24288899605595765,0.02034062963414486,-0.17458187348918555,-0.016191799150292605,-0.15488313936988596,-0.007531338615595192,-0.33683290058755183,-0.028417121248368652,-0.2344812945975647,-0.0307441406213701,0.19758578722303427,-0.002667761286497133,-0.36263972579065823,-0.01741228558851038,-0.10703859770247791,0.01531748605486575,0.10843125666677121,0.032249719468131405,-0.08496191671141612,0.021982040394322173,-0.29085103745643176,0.002423984878604708,-0.11815141147642608,0.007671926305670624,-0.21533191649641628,0.021131202865117642,K04_agglom_frac,-0.33683290058755183,p1_c2,-0.36263972579065823
91,0.00728959575878065,49.755096435546875,material,0.49721196165720893,0.5024686065498755,0.5001386191064807,0.005576076685582132,-0.2674335279754603,-0.010449360876257944,0.5204304103344977,0.0566189046741625,-0.7165414008383569,-0.0656883991682911,-0.26805121928482395,-0.010520871907455851,-0.33683286608054314,-0.029814417850313527,0.14434825574364057,0.021141000949744918,0.32214911304618543,0.036687040121499724,-0.00429640621468722,0.03956228969784976,0.10985736911810162,-0.0031549578676507792,0.2120225466750027,0.011493402780455403,0.19419637070083298,0.0056785757364914554,-0.26744576868579417,0.003867880358035572,0.16952885772613535,0.018356275782176152,0.3663537117110513,0.04146566841140874,frac_pore,-0.7165414008383569,sharpness_c2,0.3663537117110513
92,0.007952286282306162,58.038307189941406,material,0.4967736067387909,0.49838637425520343,0.5034381070104184,0.006876214020836713,1.96922987512583,0.11604018145226569,-1.653172562214979,-0.10761911009787037,-0.5041958284662843,-0.04275532576854401,1.967633547192026,0.11595464321020385,2.0816789206958153,0.18415391160084013,0.16927855113861662,0.01605696810506403,0.510089583057103,0.029784273453560713,0.10864391535289693,0.021039492832861783,0.3202835290579616,0.03957831804755669,0.21080661224398026,0.028501409420105747,0.3265835585723833,0.040584610113990865,-0.6819052536775132,-0.06779025018634313,0.5101353475894045,0.03492922535188396,0.12329645497425036,-0.003721026610344158,K04_agglom_frac,2.0816789206958153,sharpness_c0,-0.6819052536775132
93,0.013253810470510271,81.63807678222656,material,0.5047928488774577,0.5040123887922854,0.49370828182941906,0.01258343634116188,-0.11323389091895492,-0.006816067759385522,-0.2542364094954736,-0.03786013314300512,0.9778926504504404,0.09773136421484338,-0.11305556792606744,-0.006569999645713594,-0.33683287843486326,-0.03929228768412859,-0.6023325723451572,-0.09057728103428316,-0.8195024120406148,-0.0964323596533176,-0.475876284663798,-0.0744962020695673,0.3218562165818842,0.023736796501944726,0.21819685898573132,0.01779248180550929,0.27743432036691623,0.015660413630749697,-0.1297227145025408,-0.001512317405892075,-0.012237569242075213,0.005738918212997778,0.11425117357263018,0.008403659634792945,frac_pore,0.9778926504504404,p1_c1,-0.8195024120406148
94,0.005301524188204109,36.85662078857422,rare,,,,,,,,,,,,,,,,,,,,,,,,,,,,,,,,,,,,
95,0.017229953611663355,94.23786926269531,mixed,0.49458562195867584,0.5013366601318838,0.5028041674024369,0.010828756082648328,-0.30190693913623073,-0.0237735539364075,0.3177307521195861,0.02719713743012698,0.0008949985548397238,0.009278916618067169,-0.30250954690809095,-0.023902420841652783,-0.3368328828564024,-0.045165035222829594,0.10647005465306435,0.015741236653244155,0.25408559395205527,0.025129205866676316,0.03696347728832107,0.01785536613813823,-0.3585594841552014,-0.026171929525063812,-0.13729036579337733,0.003963377060169748,-0.3627066373817299,-0.0223231459609786,-0.24573180414165524,-0.01627416995499445,-0.098685720373732,-0.011508421346480674,-0.16975426470954463,-0.007360123565855863,K04_agglom_frac,-0.3368328828564024,noise_sigma_c2,-0.3627066373817299
96,0.0019880715705765406,20.683874130249023,rare,,,,,,,,,,,,,,,,,,,,,,,,,,,,,,,,,,,,
97,0.01656726308813784,85.83818054199219,material,0.5026111804506339,0.4963536874960864,0.5008484901995408,0.007292625007827236,1.0328236069346213,0.13011253011367876,-0.8554436848190248,-0.1125904099233037,-0.21653405006000465,-0.021945018241219343,1.03163699715279,0.1300290716568225,1.6691232442348116,0.2037261673291327,-0.043269201658110545,0.015674679227571854,0.028843982503194934,0.012425354702321433,-0.18913337104408964,-0.02317218889282669,-0.0196089014427471,0.044229140313000945,-0.012857902506619142,0.02297016840041219,-0.12343614305471282,0.028771649669555806,-0.6805289568958285,-0.08349724959789073,0.07694985490834269,0.03665195339934504,-0.23236683525714902,-0.0003634401100008727,K04_agglom_frac,1.6691232442348116,sharpness_c0,-0.6805289568958285
98,0.008614976805831677,63.11996841430664,imaging,0.49635799069222175,0.4997748149147187,0.5027105774324563,0.007284018615556498,0.8322641859132897,0.061311407918798966,-0.828445973153766,-0.06921193326079797,0.1155153530167331,0.03199692215539875,0.8311653294192194,0.06122888189690883,0.6354794841041538,0.047022182209862165,0.29105551621300574,0.006820430600956975,0.0032709631400293883,-0.0007230167902518835,0.3352537358041004,0.004325515150954767,-0.5527259327433006,-0.042133051822256934,-0.4058067403294477,-0.02132756345408098,-0.6123068771853059,-0.045861603465625685,-0.8678432284718567,-0.09316684135031034,-0.3669306516002454,-0.03299473540861807,-0.7207164415163303,-0.06063019116342994,frac_si,0.8322641859132897,sharpness_c0,-0.8678432284718567
99,0.01126573889993373,73.83741760253906,imaging,0.4984575465262583,0.49981455345918,0.5012140208370122,0.0030849069474834234,-0.48053159645415194,-0.056996637617339446,0.2693784515600765,0.02839278790128407,0.6521201902012312,0.07046473504150036,-0.4810560482632033,-0.05705461964976485,-0.33683293056012764,-0.034863871151342034,0.24640901561728623,-0.006968689701648044,-0.42200311888225434,-0.04430079739589075,0.35651230664226974,-0.0024897926414431675,-0.7073222587577024,-0.055821469928107305,-0.611605886628276,-0.043259774368197196,-0.7404593603664665,-0.05741149504486556,-0.19601363008348271,0.0010966359436198844,-0.6422933092312086,-0.05913525769889875,-0.25777151637456197,0.00020309452762676475,frac_pore,0.6521201902012312,noise_sigma_c2,-0.7404593603664665
100,0.008614976805831677,55.45047378540039,mixed,0.5020793435035042,0.4997868568978889,0.4987029842839485,0.004158687007008499,-0.17536153558536732,0.026794679984153948,0.23114803910503962,-0.0023605031763280497,-0.1339373079571594,-0.01772050545560097,-0.17601951247169895,0.02672885558521271,-0.33683291909585533,-0.03243408064992298,-0.37000846460364617,-0.00015064391762646995,-0.13571765964680388,0.010717280985919845,-0.386595995493212,0.0010936200443584963,0.373871285496954,0.020196504337671048,0.33138117546402246,0.01288484544479662,0.26693509489438305,0.018164164993934483,-0.4311384369418259,-0.03461673649499379,0.27220452869827455,0.024706319674986304,0.12820395051923977,0.027533536620034764,K04_agglom_frac,-0.33683291909585533,sharpness_c0,-0.4311384369418259
101,0.005964214711729622,38.919227600097656,rare,,,,,,,,,,,,,,,,,,,,,,,,,,,,,,,,,,,,
102,0.00728959575878065,50.264068603515625,material,0.49720438203325934,0.5006346125130655,0.5014886102772382,0.00559123593348132,-0.484469809104218,-0.03895670402770629,0.1305175837791274,0.005284801882215024,0.9768960610832135,0.05409421227151439,-0.48174993447438963,-0.038776752995384155,-0.3368328920329007,-0.028417121248368652,0.12696311248541103,-0.005259248904599017,-0.40225893285077063,-0.027477693963593626,0.2301496076115207,-0.00748832929867072,-0.6208557764391726,-0.05081412936947571,-0.5259832331308403,-0.04667817863785664,-0.6922476350674615,-0.05170824223661566,0.07957246741982814,0.011511677070802676,-0.44807502674280053,-0.028445746133325747,-0.16449878815303037,-0.00883705335769973,frac_pore,0.9768960610832135,noise_sigma_c2,-0.6922476350674615
103,0.010603048376408217,65.66631317138672,imaging,0.506500790807432,0.4966330615056333,0.4979251280240155,0.013001581614864088,0.5037282627323263,0.06905388634847322,-0.3696310017345683,-0.04964530141599396,-0.35821953006635426,-0.029825980381954675,0.5027731549083381,0.06894957043310815,0.3631198922823729,0.02886492046231777,-0.2681476194109749,-0.016506867656757303,0.3487121625949812,0.03924331672395374,-0.22286714513253725,0.004535621467365591,0.5342774832862326,0.06151264862484822,0.6384755575651497,0.0713063100500347,0.6123910566555167,0.06598269009131208,-0.4099978158757084,-0.02833456786283791,0.8183472111597021,0.07599324525890996,0.24480434484803384,0.04006916997696611,frac_si,0.5037282627323263,sharpness_c1,0.8183472111597021
104,0.011928429423459244,75.00234985351562,material,0.5056771383382432,0.5030201293790671,0.49381776443581143,0.01236447112837713,0.688828555818111,0.0795920553164149,-0.6905208640108998,-0.0638163664582922,-0.07180748620371406,-0.017079492755939576,0.6877924585673952,0.07952212994231488,0.4990270320765413,0.04465585755158516,-0.22750295208529317,-0.02034720934538328,-0.08191949528424061,-0.002129475731413098,-0.2463129093411792,-0.04378086759610318,0.3268848863350514,0.06619977070342938,0.17040695609682005,0.024066624881188114,0.294357628659086,0.054878681993608444,-0.15562001345174714,0.0014529740439597706,0.19121652600887779,0.025929016868512022,-0.393995499025666,-0.03586107459197597,frac_graphite,-0.6905208640108998,sharpness_c2,-0.393995499025666
105,0.026507620941020542,126.51612091064453,material,0.4924153229677765,0.5081066630701278,0.49935723114956737,0.016213326140255502,-0.5030282436329814,-0.10080608604216187,0.1462283499417594,0.002871538714446719,1.163466145614754,0.1304445004898352,-0.5035418892605549,-0.10087212648798993,-0.3368328966385788,-0.053625601164628944,-0.31945889817903883,-0.0512299358347718,-0.4935385359804588,-0.08132682771320002,-0.29703910150890317,-0.06728808186628298,-0.07486773770761317,-0.04704235337610936,0.04317815993812829,-0.015401187879170103,-0.16456515447475004,-0.0618036087435424,0.34950582851684575,0.05651094427087193,-0.29781609934970465,-0.050881609304809235,-0.20802143783646507,-0.05701214731359582,frac_pore,1.163466145614754,p1_c1,-0.4935385359804588
106,0.00927766732935719,63.85380554199219,mixed,0.5016649907275934,0.501151213591064,0.49799223026664313,0.004015539466713736,-0.1935069759146506,0.006234391388361266,0.034122454591507353,-0.024506248966789122,0.4222368016804931,0.024515506962693896,-0.19415701330532525,0.006154704326906192,-0.3368329047472812,-0.03243408064992298,-0.38734646563229724,-0.020107591671386236,-0.35122081393270377,-0.022950982736018966,-0.39173900492125036,-0.020585748117503185,0.12919353528009125,0.0015101011933113559,0.10158257934866935,-0.004000627249517732,0.09910507308893687,0.000387088956755402,-0.12183199210339873,-0.015689468732869135,-0.07855489625882663,-0.0032684894764260326,-0.004916341987110617,-0.0017021735293854573,frac_pore,0.4222368016804931,p1_c2,-0.39173900492125036
107,0.005964214711729622,45.03857421875,rare,,,,,,,,,,,,,,,,,,,,,,,,,,,,,,,,,,,,
108,0.007952286282306162,53.72380065917969,material,0.49678371290405704,0.5020326867591169,0.5007575490022954,0.00643257419188592,-0.5928874210369195,-0.0578106272025143,0.4243502869713921,0.033957622013472105,0.49636957198369347,0.03618157776502881,-0.5933627123565219,-0.05782765291456333,-0.3368329101759469,-0.029814417850313527,-0.1974487618114641,-0.03099948041912921,-0.3527451187809421,-0.029988341963107536,-0.15879848455509113,-0.02484044629859607,-0.045807523338284556,-0.010533707454208228,-0.12858606773757797,-0.01591480161955149,-0.05144242920924304,-0.008394999059922796,0.38223868225211033,0.03425324876357256,-0.3982649585511498,-0.0335144597896121,-0.18559399486670514,-0.025943058909571295,K01_si_frac_adm,-0.5933627123565219,sharpness_c1,-0.3982649585511498
109,0.007952286282306162,56.334716796875,imaging,0.504398708432079,0.4984104582215437,0.4980911177820943,0.008797416864158025,-0.15764320683362545,0.0011904483774310554,0.2640911956499824,0.012658728279453161,-0.2698695916707459,-0.03219150337740282,-0.15830893612379054,0.001087702963516865,0.07161958263451769,-0.0024032856494074152,0.43471901971477644,0.036217716269632876,0.21277650463397538,0.03231975604666458,0.5181529283996992,0.04499069558308422,-0.15310563133043315,0.006824825627876463,-0.2001898143852553,-0.003719369471149225,-0.08209490338982017,0.011072845196787804,-0.02584436542850186,0.009621304764710568,0.18229885657490744,0.01718371623213228,0.10402258526581629,0.0065721459454958515,frac_pore,-0.2698695916707459,p1_c2,0.5181529283996992
110,0.00728959575878065,52.389190673828125,mixed,0.4990954982086822,0.5006707384625759,0.5001403849549708,0.0018090035826355821,0.14210127953259835,0.04772459506367413,-0.24885804253723703,-0.04998226147771555,0.31131105617878707,0.025482105941710884,0.1413043990308329,0.04765322609632173,-0.3368329024697515,-0.029814417850313527,0.3837084189376287,0.003104226293329013,-0.08168964590084801,-0.01413287758652942,0.49306884404266,0.02129394011111874,-0.26186046171873334,-0.011676347161655512,-0.2611695370359862,-0.012235455108661905,-0.1788433585816081,-0.008022757142361598,-0.4823048683808503,-0.040896890012623414,-0.3814648148323465,-0.031011838101292304,-0.17239721725984813,-0.02701745983458826,K04_agglom_frac,-0.3368329024697515,p1_c2,0.49306884404266
111,0.00728959575878065,58.57950210571289,material,0.4990954982086822,0.5043026005866853,0.49747748543174986,0.008605201173370602,-0.5164700202883913,-0.04091972644056317,0.5395984458881944,0.04718585044802958,-0.024623257354484843,0.004688263269102682,-0.5169787474621214,-0.04097344851244618,-0.3368328905491488,-0.029814417850313527,-0.13445785736761617,0.0002578428593618692,0.16409217129953374,0.023609910601360317,-0.14796423612250043,0.005290319988505301,0.0976646079273169,0.005842202931491502,0.08342645646023619,0.009420372971955936,0.04903843134732768,0.00023645177756729445,0.37791575497419666,0.02507922365670479,0.11980457887935411,-0.0011737854004186389,0.10928269547453184,0.010430507480412526,frac_graphite,0.5395984458881944,sharpness_c0,0.37791575497419666
112,0.007952286282306162,47.000911712646484,material,0.498698831221987,0.5002191640936964,0.5007487197598446,0.002602337556026013,0.3672047470312786,0.04156664808669389,-0.12391559103508133,-0.00879078352739803,-0.7324330906631937,-0.07253542994848906,0.3663093740844841,0.04151520716896317,0.038066883833912525,-0.007621586839145984,0.2902110189645064,0.040088311994028965,0.19392089615844568,0.030883450037249943,0.1974883497720033,0.038789861013122505,0.27379051632989126,0.003283995876487219,0.14626949767432473,-0.0074561048530398764,0.40051411072901016,0.01572625095991973,-0.20661975374264321,-0.024236409843621954,0.32110589304553416,0.012931519758469614,0.3200436382241237,0.02472710464961763,frac_pore,-0.7324330906631937,noise_sigma_c2,0.40051411072901016
113,0.005964214711729622,42.45695495605469,rare,,,,,,,,,,,,,,,,,,,,,,,,,,,,,,,,,,,,
114,0.017229953611663355,94.142333984375,material,0.5060940176554708,0.4958864585490855,0.4987568426628995,0.012188035310941592,1.633137982371032,0.14646621050274988,-1.3244569198241298,-0.12987760891454425,-0.8140587348613754,-0.10779033083311494,1.6316887091570456,0.146314240993524,0.9492621422490972,0.0871239122334388,0.19665616883013945,0.03865018301156715,0.0007685474588405114,-0.0029767693944771777,0.17261558978416625,0.026558580029619534,0.5906356278810144,0.09137587426562384,0.13855449891456506,0.03193731908620458,0.6036011253355793,0.08969270053306659,0.09780903698497453,-0.012746158401658958,0.30651992905519254,0.05695943990262262,0.6108572775393074,0.044364285886515004,frac_si,1.633137982371032,sharpness_c2,0.6108572775393074
115,0.005964214711729622,42.01634979248047,rare,,,,,,,,,,,,,,,,,,,,,,,,,,,,,,,,,,,,
116,0.005964214711729622,35.33789825439453,rare,,,,,,,,,,,,,,,,,,,,,,,,,,,,,,,,,,,,
117,0.00728959575878065,47.646209716796875,imaging,0.4991283432457971,0.5061052854672531,0.49613279180646297,0.01221057093450617,-0.18674821287580326,-0.02385862657551461,0.2877675868023271,0.0349946521750909,-0.4130147403762499,-0.035214631626710444,-0.187401207547818,-0.023930303490517946,-0.33683289494095064,-0.029814417850313527,-0.0888956285809185,0.010763045754884803,0.20234384385011547,0.013775848776556918,-0.07491156406409424,0.03105258420136433,0.42899093280950557,0.010692403431631345,0.2910357539135404,0.011454531397615552,0.552983024602317,0.031571301589433685,0.006490529151412752,0.02698895810418282,0.3323280155760076,0.025135148673662486,0.6603152095959804,0.07827223420748926,frac_pore,-0.4130147403762499,sharpness_c2,0.6603152095959804
118,0.0026507620941020544,26.54623794555664,rare,,,,,,,,,,,,,,,,,,,,,,,,,,,,,,,,,,,,
119,0.0033134526176275677,29.507274627685547,rare,,,,,,,,,,,,,,,,,,,,,,,,,,,,,,,,,,,,
120,0.005301524188204109,48.05250549316406,rare,,,,,,,,,,,,,,,,,,,,,,,,,,,,,,,,,,,,
121,0.009940357852882704,53.54146957397461,material,0.5012380052450998,0.4988788913668614,0.4999567367119901,0.0024760104901995206,-0.512250154045973,-0.05614370589797628,0.480084201754666,0.04173798009395628,0.07856662654185566,0.027574093946859186,-0.5127607275668918,-0.0561744164945581,-0.3368328693212487,-0.03243408064992298,-0.187917352507203,-0.00403298353680011,0.08854350187507787,-0.0007706607337378393,-0.2710174073570068,-0.008527648542143244,-0.15094330633123265,-0.015606275530250444,0.06472706989876764,0.003193810574259412,-0.1134734450441478,-0.007385286819684317,0.31763218508426405,0.03577986295152818,-0.15152918383997363,-0.009217323130999683,-0.2976941373202304,-0.0028958878395351066,K01_si_frac_adm,-0.5127607275668918,sharpness_c0,0.31763218508426405
122,0.007952286282306162,50.48947525024414,imaging,0.5005937372093845,0.49839841623837355,0.5007593148507857,0.0032031675232528922,-0.5912709326015888,-0.05552107988073347,0.2852484259056854,0.019474905466939717,0.4106371041197054,0.0316205506780777,-0.591661229780893,-0.05542631377918962,-0.33683290097804947,-0.029814417850313527,-0.2049040937189525,-0.009324876472597403,-0.3484586990418645,-0.012448144905750995,-0.2018464497897023,-0.023611438239279643,-0.4500081267443818,-0.05061109680631866,-0.27339933719594556,-0.03321953441398775,-0.5940526642345816,-0.06675787516843643,-0.22048434509709414,-0.011647986000114343,-0.5090895141764149,-0.047369800598451806,-0.5097274062595761,-0.04935248819331064,K01_si_frac_adm,-0.591661229780893,noise_sigma_c2,-0.5940526642345816
123,0.003976143141153081,37.17660140991211,rare,,,,,,,,,,,,,,,,,,,,,,,,,,,,,,,,,,,,
124,0.0145791915175613,76.929443359375,imaging,0.4963264089257652,0.49582624863323493,0.505627759138266,0.011255518276531928,-0.41359240677247444,-0.059420978797099476,0.240992705752109,0.018837816968735526,0.43814929255326523,0.07239512076775337,-0.41321152016331975,-0.05918418705427953,-0.33683287472914775,-0.04032698302125703,0.17803000651276696,-0.0021316045654193034,-0.22579253707212932,-0.030998963144699267,0.23318800944266155,-0.004714606787614217,-0.6196749665217985,-0.07660471952509204,-0.5050808253855805,-0.05161472811474251,-0.6022429762422444,-0.07467023509686377,-0.2593138517618602,-0.007360736376544321,-0.4224973808864,-0.04649213439845253,-0.3031043948041062,-0.050233412552398625,frac_pore,0.43814929255326523,noise_sigma_c0,-0.6196749665217985
125,0.0026507620941020544,26.082162857055664,rare,,,,,,,,,,,,,,,,,,,,,,,,,,,,,,,,,,,,
126,0.010603048376408217,62.03504180908203,material,0.5007705951015418,0.4984875269138324,0.5005703690623344,0.0030249461723351745,1.3029057756212037,0.11142292581575479,-1.0297623385711954,-0.09635369908926533,-0.4237017695768787,-0.048521116747519286,1.3016009931690289,0.11137841563982818,1.0770882294731394,0.1166022297508331,0.46772548040176226,0.037973253223991955,0.4797908200163639,0.06248563626612542,0.34471588013240295,0.02856329586049427,0.039775186275689316,0.03431882972781449,-0.18949841982937335,0.007817720210281168,0.10533549738796112,0.041080408748869084,-0.4595147503631018,-0.04710595085845299,-0.0038351549961418985,0.027570439861884868,0.19124394467625086,0.04543375524392953,frac_si,1.3029057756212037,p1_c1,0.4797908200163639
127,0.01126573889993373,62.68489074707031,mixed,0.4965689568921521,0.4998747633750307,0.5024898463711813,0.0068620862156958395,-0.27551355983116377,-0.004560432335876962,0.22103680459554992,0.004246034214017715,0.19691733049910612,0.0337825270723788,-0.2761277158457172,-0.004647071267623658,-0.33683289682315076,-0.03714108944052332,0.25840022989145484,0.0020484109425983102,-0.357856638379907,-0.023426502292297396,0.3690586770377693,0.031952470595305656,-0.24592859594611194,-0.038976439938771895,-0.13843322164940275,-0.017582912072485572,-0.1887775920315509,-0.030419609533164062,-0.22252005544543244,-0.019551263122455684,-0.29092957571614525,-0.023877552909527183,-0.26233394044730945,-0.03293706659457017,K04_agglom_frac,-0.33683289682315076,p1_c2,0.3690586770377693
128,0.0033134526176275677,33.32470703125,rare,,,,,,,,,,,,,,,,,,,,,,,,,,,,,,,,,,,,
129,0.01656726308813784,82.05026245117188,material,0.5026187600745835,0.4964307561883752,0.5007866855023839,0.007138487623249645,-0.13003577257444174,-0.022680680980792935,-0.43315545675738537,-0.06360543152995349,1.4451249142637148,0.14640659557674623,-0.12733234515728004,-0.02177134523571038,-0.3368328890406773,-0.0442371946856946,-0.39795119103823706,-0.06795232245324634,-0.6725088344314645,-0.09171674258452542,-0.3035738488782159,-0.06625442149953394,-0.07073717336660457,-0.021765338155149704,0.02261178112599313,-0.007211740728533332,-0.18155550543643292,-0.037638686426927484,0.014732011470551726,0.011443324680417541,-0.33773581940094616,-0.039507806992646256,-0.4047886911712607,-0.07579115513287615,frac_pore,1.4451249142637148,p1_c1,-0.6725088344314645
130,0.0,0.0,rare,,,,,,,,,,,,,,,,,,,,,,,,,,,,,,,,,,,,
131,0.011928429423459244,68.08157348632812,material,0.49800655890125767,0.5030707057083817,0.499141797633763,0.006141411416763498,-0.45267544520253616,-0.05677136921034148,0.5092050256210118,0.06474809181589558,-0.12816066958133765,-0.0021287881271614493,-0.4532120852622043,-0.0568414056617808,-0.3368328731152499,-0.03714108944052332,-0.3401207652129496,-0.012540454272967703,0.12105060014070146,0.016489209532427464,-0.4313671704284003,-0.046163599869919025,0.048158658595822565,-0.011439818936990821,0.039849471398958364,-0.008198239127925474,0.11160893221077929,-0.004383771358834231,-0.0315824111984988,0.0187421858502562,-0.17501901971587824,-0.025313692064722476,0.1459769020993443,0.024511292325867975,frac_graphite,0.5092050256210118,p1_c2,-0.4313671704284003
132,0.008614976805831677,50.994110107421875,imaging,0.4982566864915942,0.4997627729315486,0.5013923715345224,0.003486627016811572,-0.5408977228940519,-0.043993533150948505,0.24652632192109686,0.007413976685616594,0.6442409783640899,0.0425338503443469,-0.541341214125739,-0.043952095562597236,-0.33683288992174865,-0.03243408064992298,-0.34165136363514664,-0.03991903055699973,-0.2697500725350642,-0.047826949452224196,-0.3546610427364445,-0.041049482014368664,-0.6342582022040172,-0.039429702131125025,-0.35685924095975,-0.02137215784806245,-0.7733750317713692,-0.04363683627508171,-0.2753947236666208,-0.0010223766616269125,-0.6651719404990597,-0.04450547790872898,-0.4435170250334888,-0.0025922345965272453,frac_pore,0.6442409783640899,noise_sigma_c2,-0.7733750317713692
133,0.005964214711729622,48.057716369628906,rare,,,,,,,,,,,,,,,,,,,,,,,,,,,,,,,,,,,,
134,0.0,0.0,rare,,,,,,,,,,,,,,,,,,,,,,,,,,,,,,,,,,,,
135,0.005301524188204109,42.6662712097168,rare,,,,,,,,,,,,,,,,,,,,,,,,,,,,,,,,,,,,
136,0.003976143141153081,27.52214813232422,rare,,,,,,,,,,,,,,,,,,,,,,,,,,,,,,,,,,,,
137,0.017229953611663355,83.48355102539062,material,0.5022486217717118,0.49406571069376276,0.5027794455235741,0.011868578612474479,-0.5214745762747635,-0.06642570806180546,0.21755714636384244,-0.00028282723619681594,1.030691450070778,0.11206719879446819,-0.5216426081304133,-0.06589787548244369,-0.2045246850954332,-0.02690143638304373,-0.2235571856461085,-0.034494895098326095,-0.5476905285737418,-0.06838975165143504,-0.15823179602163895,-0.04069349941434186,-0.36695249004765235,-0.05922602414820937,-0.2284383643571953,-0.037010638806721154,-0.4111256039502542,-0.07216044991954593,-0.1391366414406444,-0.0037171156499550186,-0.38624988151090933,-0.04624486841229911,-0.1754868353217059,-0.036821581192059014,frac_pore,1.030691450070778,p1_c1,-0.5476905285737418
138,0.007952286282306162,53.764312744140625,imaging,0.49676855365615785,0.5002263892835984,0.5020925304608864,0.006462892687684296,-0.23050621195735002,-0.004557993923370536,0.2703355611797096,0.014549217774017251,-0.12332177019321351,-0.005074819819797056,-0.2311400606260024,-0.004626574089516831,-0.3368328974505504,-0.03115089719541056,0.23072730650026407,0.02114415140170579,0.30183134528506955,0.026815226447107165,0.4560731013003494,0.01793313112363724,0.07856145024770786,0.0009700620449167621,-0.011022314665804694,0.003263406486636402,0.0993863792759921,0.008274323005672563,0.3563354829858192,-0.006403412854592545,0.13614767829687097,0.02525341659803592,0.8299521378849193,0.06663322652022574,K04_agglom_frac,-0.3368328974505504,sharpness_c2,0.8299521378849193
139,0.003976143141153081,33.444183349609375,rare,,,,,,,,,,,,,,,,,,,,,,,,,,,,,,,,,,,,
140,0.0145791915175613,89.30196380615234,material,0.5077969065028121,0.5013053509756416,0.493593501677556,0.015593813005624124,0.2633530000237299,-0.006704550307076295,-0.7578407181416504,-0.05390970529117966,1.6604605770246363,0.12417519869992373,0.2625030666693353,-0.0067806856018115345,-0.11589916562094792,-0.00277639353350571,-0.49050080303779864,-0.06416832567392959,-0.6732302191424577,-0.0946316385503239,-0.46064497755225836,-0.07014048069171562,0.25089041153847064,0.004866977084697983,0.23616867639269787,0.0006913558655617472,0.08698237202039838,-0.009970545894452825,0.07697984960199963,0.030384737043916244,-0.19082313337643952,-0.040020791177135605,-0.28208898193789644,-0.04516247708095388,frac_pore,1.6604605770246363,p1_c1,-0.6732302191424577
141,0.00728959575878065,48.934852600097656,mixed,0.4991056043739483,0.5006586964794058,0.500142150803461,0.0017887912521034055,-0.4390331224454192,-0.04714506987016364,0.3147448174431186,0.03773355014565092,0.24268538810364967,0.0006639660513088284,-0.4395757315416817,-0.04718086083001347,-0.33683286545314295,-0.029814417850313527,-0.25269026053131727,-0.013358749510013737,-0.1478324948889743,-0.0202738789819071,-0.12489705662353132,0.0029710904317451097,0.08441524593621655,-0.019213366088506975,0.18012617739522455,-0.0064247996277344305,0.13479352125848376,-0.012734442783805798,0.38450293410371217,0.03754516947416312,0.1273274867293934,-0.008240673906891843,0.24076443824523247,0.008899745313560345,K01_si_frac_adm,-0.4395757315416817,sharpness_c0,0.38450293410371217
142,0.01656726308813784,91.04141998291016,mixed,0.5046260971505666,0.4981804563429941,0.49810082994879035,0.00925219430113322,0.2701560834936778,-0.010706020896437553,-0.1673416864221606,0.007099904683018875,-0.32677664142925533,-0.02960882598219749,0.2693031735058744,-0.010765832386591347,0.2809276460456174,0.021652924661573304,-0.06991770404850926,0.012234585212536855,0.054441449651863,-0.0018022259881329227,-0.1512878170466842,-0.010132294802108,0.06795129280032526,0.018545973369003165,0.05085115473299717,0.001599735135843078,-0.03262601728825442,0.0023822631244368123,0.20164718909795676,0.046719729370154554,0.06198922118366851,-0.0057184597898022925,-0.34976911658722154,-0.03285457367988353,frac_pore,-0.32677664142925533,sharpness_c2,-0.34976911658722154
143,0.009940357852882704,59.271812438964844,material,0.49741534823318967,0.5025083450943368,0.4999673318029313,0.005169303533620662,-0.309121322201512,-0.03304962295078064,0.599472084015192,0.08231244871453591,-0.9013288107800633,-0.11228943132230482,-0.3097207733961282,-0.033126298099416404,-0.33683290748895384,-0.034863871151342034,0.5951389566241038,0.06101842011218815,0.7882472951868401,0.08504618456683756,0.38126399566929214,0.053685965733731286,0.0839654291500799,0.016335559736552478,-0.03173131103599865,0.018117933776055452,0.2264048659485329,0.034093561535962075,0.3039043276563041,0.05429728980489311,0.38439870028054174,0.052512639437297066,0.33101666046149664,0.0497134034765341,frac_pore,-0.9013288107800633,p1_c1,0.7882472951868401
144,0.0019880715705765406,16.983734130859375,rare,,,,,,,,,,,,,,,,,,,,,,,,,,,,,,,,,,,,
145,0.0,0.0,rare,,,,,,,,,,,,,,,,,,,,,,,,,,,,,,,,,,,,
146,0.013916500994035786,84.30453491210938,mixed,0.49675718422023357,0.4981190422288266,0.5036455942080169,0.0072911884160338225,-0.28430354089498927,-0.031662877634978145,0.32324664180426005,0.048259065503573485,-0.16802466626808393,-0.017744945126201953,-0.2849138509239064,-0.03174069253006419,-0.33683288738054373,-0.04032698302125703,0.4185910269597239,0.042532451365985775,-0.06380160513650938,0.013790002186582785,0.44842662801968824,0.046318017029615875,-0.30431732683175017,-0.04041716926149164,-0.2750549394818428,-0.02807296859717173,-0.2392464278269098,-0.02478255638225277,-0.06790860857719454,0.005013973354434863,-0.21591105347453024,-0.019622561261323297,-0.05694144574364492,-0.002399677718158941,K04_agglom_frac,-0.33683288738054373,p1_c2,0.44842662801968824
147,0.0026507620941020544,28.416751861572266,rare,,,,,,,,,,,,,,,,,,,,,,,,,,,,,,,,,,,,
148,0.005964214711729622,51.61344909667969,rare,,,,,,,,,,,,,,,,,,,,,,,,,,,,,,,,,,,,
149,0.013916500994035786,86.57649230957031,material,0.498698831221987,0.4998976431430539,0.5009844605332862,0.002602337556026013,0.4162683766602704,0.05243067293718037,-0.2664383968902759,-0.03437907516888539,-0.30357314360620563,-0.03968080121214279,0.41535153626965493,0.05234002635397882,0.9760863815189962,0.09791598328209566,0.09634972496996075,0.0036077255853630757,0.01579054434849763,0.025761446110007535,0.13490946839434376,0.005133704544333721,0.12466498875745441,0.020460129670724827,0.02553417541075449,0.00698779728222455,0.11225899350138523,0.011144847992831814,-0.45586514152975277,-0.044520881717296325,0.09762950476727195,0.022942689008992486,0.16344205388569044,0.02069831862345543,K04_agglom_frac,0.9760863815189962,sharpness_c0,-0.45586514152975277
150,0.0026507620941020544,22.718957901000977,rare,,,,,,,,,,,,,,,,,,,,,,,,,,,,,,,,,,,,
151,0.004638833664678595,33.93593978881836,rare,,,,,,,,,,,,,,,,,,,,,,,,,,,,,,,,,,,,
152,0.004638833664678595,31.381919860839844,rare,,,,,,,,,,,,,,,,,,,,,,,,,,,,,,,,,,,,
153,0.011928429423459244,57.31744384765625,imaging,0.50376454656163,0.5012282822833526,0.4964683030196009,0.007529093123259889,-0.46183226373680836,-0.05347586950718632,0.6115671448841847,0.07951543311339326,-0.5217971114766693,-0.06373655614424947,-0.46236489729817676,-0.053545924539678956,-0.3368328980779505,-0.0382310813155339,-0.28024085561749823,0.005058485661368388,0.012533150936429155,0.010948134320091991,-0.32289401697637177,0.011979313119927256,0.39196132899847663,0.03791941892451518,0.09023548228832774,-0.0026592201506279766,0.37335480723839604,0.03766087921395004,0.63928673273685,0.06171052936162784,0.09560416250508959,0.013104234263101559,0.6367443086867488,0.0675219612395044,frac_graphite,0.6115671448841847,sharpness_c0,0.63928673273685
154,0.010603048376408217,59.20249938964844,mixed,0.49891106069257546,0.49666677905850964,0.5032050150097123,0.0066664418829807115,-0.3952304176993747,-0.050587215737087105,0.3035228569659606,0.03069070513618165,0.3498987627468611,0.043702927939351384,-0.39579219243423586,-0.05063186329014629,-0.3368328893919849,-0.03367006446576788,-0.38957734253854737,-0.03772260593670155,-0.44219858743542384,-0.03482358272384114,-0.33871680855515274,-0.039138763454038654,-0.019313685336665914,-0.022127359099290745,0.23385053395501565,0.008051484283015213,-0.08599614483419385,-0.025337938832436853,-0.1235989699428322,0.015941804232264222,0.009901224280365856,0.00016815264920372203,-0.2651457480319808,-0.020527280912224024,K01_si_frac_adm,-0.39579219243423586,p1_c1,-0.44219858743542384
155,0.0026507620941020544,22.076221466064453,rare,,,,,,,,,,,,,,,,,,,,,,,,,,,,,,,,,,,,
156,0.0019880715705765406,24.172470092773438,rare,,,,,,,,,,,,,,,,,,,,,,,,,,,,,,,,,,,,
157,0.00927766732935719,50.96730041503906,imaging,0.49782212138515103,0.501153621987698,0.5006763199717464,0.004355757229697943,0.28081299210433625,0.014462588824554505,-0.2791345061963536,-0.02736075156448669,-0.0010923131692304189,0.010337997026609565,0.2799554192868102,0.014398969543730709,0.4207313484835708,0.016449888634576006,0.7457903275913389,0.03891184863152065,0.29316898445666456,0.02759538535255162,0.7505290780756733,0.05031657247178711,-0.522850114693197,-0.027040622128418658,-0.40592416811245424,-0.014071606820762415,-0.42063710248308384,-0.025212475368265794,-0.2801386757041155,0.0007172901797270725,-0.2524142626268141,-0.011300070079755817,-0.19601219711737689,-0.021565792872751833,K04_agglom_frac,0.4207313484835708,p1_c2,0.7505290780756733
158,0.013253810470510271,80.67356872558594,material,0.5009929307373963,0.4985405116397809,0.5003761257284125,0.002918976720438171,2.8716222951158983,0.15065734084647958,-2.5266503905678768,-0.14235446239758814,-0.5902378720321962,-0.07062130741130462,2.8696311316566816,0.15059102997942778,1.1185604851789634,0.07190590098814453,0.3387942718025867,0.04362410939963123,0.43160655108238416,0.035650355457235466,0.17874979316553166,0.03749590333303572,0.5012175679470394,0.06554520244729523,0.21095398637761567,0.028045538242814083,0.5687595124156826,0.06884556211862378,-0.220174425957129,-0.012156508652235498,0.4683932974789259,0.059677545552973915,0.31325563155412134,0.02802806632053519,frac_si,2.8716222951158983,noise_sigma_c2,0.5687595124156826
159,0.012591119946984758,83.29326629638672,material,0.5014262325731812,0.4990197825699519,0.49972187886279357,0.002852465146362393,1.118186798309742,0.11030170888820329,-0.9652194211842271,-0.09131878333802108,-0.4070588852017136,-0.06716183750665242,1.1169628383368493,0.11024711577308614,0.9905338292471069,0.08237173866270547,0.05992264748427474,0.02019093766804584,0.45618608384269155,0.0728947598696656,0.12313023262616465,0.021951760961790082,0.2853384250514581,0.03562571022787393,0.1349153708965121,0.016974202511132894,0.23946182444921607,0.02813145180016242,-0.48835414160858337,-0.0487471269178805,0.5204369938554245,0.040719658056049705,0.010782916452018378,0.009536949489400124,frac_si,1.118186798309742,sharpness_c1,0.5204369938554245
160,0.01855533465871438,94.13141632080078,material,0.49379734106791845,0.4950314777440067,0.5079781034787214,0.01595620695744282,0.008690216496637884,-0.007866239446110552,-0.3109951658093541,-0.03986737491520962,0.8118877408712961,0.10413031316843756,0.008693061409859478,-0.00766858838663756,0.028206717077097612,-0.02938997997191434,0.10738948247462345,0.003061957615618979,-0.34717646439573746,-0.04047654599043353,0.13207615750989113,-0.026540808035052425,-0.2791862183295083,-0.04795532247400666,-0.3508327700128249,-0.04430662373769662,-0.3047913297219727,-0.05512356062631133,-0.3352977681369044,-0.04087110868111575,-0.1993881863489362,-0.031677244948730365,-0.24247089692255983,-0.04111369489794514,frac_pore,0.8118877408712961,noise_sigma_c1,-0.3508327700128249
161,0.003976143141153081,28.961145401000977,rare,,,,,,,,,,,,,,,,,,,,,,,,,,,,,,,,,,,,
162,0.003976143141153081,37.73677062988281,rare,,,,,,,,,,,,,,,,,,,,,,,,,,,,,,,,,,,,
163,0.0033134526176275677,27.742141723632812,rare,,,,,,,,,,,,,,,,,,,,,,,,,,,,,,,,,,,,
164,0.0026507620941020544,22.835111618041992,rare,,,,,,,,,,,,,,,,,,,,,,,,,,,,,,,,,,,,
165,0.003976143141153081,34.9163818359375,rare,,,,,,,,,,,,,,,,,,,,,,,,,,,,,,,,,,,,
166,0.011928429423459244,70.52830505371094,mixed,0.4961318652443924,0.5012523662496928,0.5017852728235918,0.007736269511215199,0.17412442158842012,0.01562487580352888,-0.09888654595809737,0.002201580372725068,-0.28657135079281254,-0.02159455943974522,0.173313529610445,0.015540668405121189,-0.33683288992174876,-0.0382310813155339,0.1737055812694117,0.02510306209238947,-0.010855454759259338,0.0257253135142482,0.14655591532756604,0.04672855330993756,-0.05935004358670274,-0.01600136070370338,-0.09487686036057008,-0.011176357691141591,-0.04790148245701618,-0.01747351952550467,-0.2933243735669494,-0.03666886018719589,-0.2714646308428216,-0.017338390246488228,-0.025617181435379298,-0.0067767073419886335,K04_agglom_frac,-0.33683288992174876,sharpness_c0,-0.2933243735669494
167,0.010603048376408217,61.91898727416992,imaging,0.5007554358536426,0.4984754849306623,0.5005897933957266,0.0030490301386754126,-0.13819956079456772,-0.012771551202002863,-0.008240378205802782,-0.016347275295632624,0.5337932813016282,0.059734915042037956,-0.1388737975978678,-0.012801178490761532,-0.3368328663736965,-0.034863871151342034,0.49020131764659003,0.0136535185309022,-0.2486302241555654,-0.030594692431626384,0.5344873696139231,0.016111730400612395,-0.41048033750608426,-0.0343740078917257,-0.38197864236338075,-0.026041337387968037,-0.3618919741921146,-0.0298171931177463,-0.1100432572209415,-0.005973119901104679,-0.40749926776114637,-0.04046628346237781,0.058545619479105235,0.012021890777494996,frac_pore,0.5337932813016282,p1_c2,0.5344873696139231
168,0.010603048376408217,72.96858215332031,material,0.5007908074320739,0.4984658513441262,0.5005721349108246,0.0030682973117476253,0.5290690634559396,0.04172039796841889,-0.6967497477003197,-0.05543530816659565,0.42454359650090157,0.031702865216765824,0.5281028678870776,0.0416460244217169,0.30772110968014926,0.030465426733233974,-0.07636696736462406,-0.00813868958986042,-0.3660027680159478,-0.024456950139854747,-0.03048524695216781,-0.015558662612063564,0.05763514457723994,0.00584837355430209,-0.07971628782325771,-0.01002752397860393,0.0982021036131525,0.011740389620434211,-0.4673962631408967,-0.033450211617060716,-0.14360840474304015,-0.00769756055554697,-0.004740915702611592,0.012107443506766756,frac_graphite,-0.6967497477003197,sharpness_c0,-0.4673962631408967
169,0.015904572564612324,99.37553405761719,material,0.4954977033739433,0.502232583679741,0.5015098004591206,0.009004593252113446,1.012023629400152,0.08895704583513986,-1.0285113631688667,-0.10052866398167726,0.2812561549083561,0.05799223602654665,1.010846120427512,0.0888357056370665,1.2604356234359946,0.13681789855369483,-0.05461081443255868,-0.016388195358171983,-0.17356661841810506,-0.026294276271241573,0.045667324319162435,-0.014796908273137536,0.15801726402601649,0.013647129280672554,0.21857564801656237,0.022676099684918797,0.10996501843357559,0.004176760212826579,-0.47365991752429065,-0.0580317294443284,0.19218156102347914,0.01508784321229288,0.11218797669255468,-0.0008684863520825108,K04_agglom_frac,1.2604356234359946,sharpness_c0,-0.47365991752429065
170,0.013916500994035786,91.11796569824219,material,0.4967268657244352,0.5053394153376332,0.49837277061628116,0.010678830675266315,-0.43634280225196626,-0.05701113261025542,0.13891869042917604,-0.00812204394430489,1.037838913820988,0.10976060875684135,-0.4368865885859024,-0.05708915398168669,-0.33683288803954814,-0.03929228768412859,-0.29318686069541033,-0.0763447426223016,-0.600604460942449,-0.08026702972459633,-0.15355785591715482,-0.05196942860497559,-0.003976362372477657,-0.009312157793735294,0.1181394961652422,0.023132410594573584,0.001169224625990097,-0.012537200991902298,-0.027559594432855793,0.017661353311237585,-0.15749299356994845,-0.004780947812642024,0.06154857844691303,0.02267783092864098,frac_pore,1.037838913820988,p1_c1,-0.600604460942449
171,0.005301524188204109,37.15253448486328,rare,,,,,,,,,,,,,,,,,,,,,,,,,,,,,,,,,,,,
172,0.008614976805831677,43.54582977294922,material,0.5001402230430674,0.5016064005548946,0.4987241744658309,0.003212801109789165,-0.6131294555346148,-0.06448901358071793,0.7622105705731235,0.08557121001092283,-0.4779558577303246,-0.04070345617907852,-0.6135958900870198,-0.06453833256829405,-0.3368329106259534,-0.03243408064992298,0.23113826282804587,0.021699620569347645,0.2587591319493002,0.02987883268023492,0.22721015312398946,0.01760201508140753,-0.12110754217297749,-0.011568427235106857,-0.06438363957522392,-0.005074804945819739,0.021113666407292314,0.006848730231065291,0.6345256422431581,0.056390963857089714,-0.0692089386663301,0.006143019582864977,0.32520929035588714,0.05155437020808338,frac_graphite,0.7622105705731235,sharpness_c0,0.6345256422431581
173,0.005964214711729622,42.979759216308594,rare,,,,,,,,,,,,,,,,,,,,,,,,,,,,,,,,,,,,
174,0.005964214711729622,40.813453674316406,rare,,,,,,,,,,,,,,,,,,,,,,,,,,,,,,,,,,,,
175,0.025182239893969515,121.08982849121094,material,0.49902728159313586,0.49974711835342744,0.5008652657601977,0.001945436813728274,0.3690110147012795,0.06337280286190912,-0.6579015193863674,-0.1024387044650036,0.5010771856764829,0.09101927270881702,0.37684472806480296,0.06443366729594015,0.17015066316184543,0.028957641875282006,-0.0388756909852343,-0.037434234689503056,-0.27282477819298534,-0.057278284817984276,0.017560488075529415,-0.028336990982891542,-0.1839485443595918,-0.010378646766004125,-0.1473813869920725,0.00265938242564235,-0.22888906254263902,-0.01637781090818772,-0.30926942243520394,-0.07739040522916954,-0.2516156445489528,-0.016410185752424346,-0.32173815615880097,-0.0448208358264735,frac_graphite,-0.6579015193863674,sharpness_c2,-0.32173815615880097
176,0.0019880715705765406,20.730037689208984,rare,,,,,,,,,,,,,,,,,,,,,,,,,,,,,,,,,,,,
177,0.00728959575878065,45.88018798828125,imaging,0.5048193775612813,0.5006827804457461,0.49613102595797276,0.009638755122562515,0.9697831596672051,0.0556862978709576,-0.6443311937137335,-0.031966286818237676,-0.870072442310824,-0.09312391110431238,0.9686241327203348,0.05563245703250574,0.8730134692110694,0.07115428119756546,-0.14153773445358894,0.0002988349825352609,0.4330117233785439,0.03877359282789964,-0.28281173724562114,-0.0013244889502065996,0.8917811622779226,0.07769894063359556,0.6910138176715596,0.05103203423860984,0.812202687629617,0.06596300642865112,-0.2403948510986766,-0.006510660349891359,1.2061209528204253,0.06988659848508003,0.5508170881144182,0.0482995656414699,frac_si,0.9697831596672051,sharpness_c1,1.2061209528204253
178,0.0,0.0,rare,,,,,,,,,,,,,,,,,,,,,,,,,,,,,,,,,,,,
179,0.009940357852882704,74.46876525878906,material,0.4935952177625961,0.5007056602137693,0.5039590323150274,0.012809564474807855,1.5326461291590736,0.11666715815173641,-1.3276750550492318,-0.10543910780697974,-0.25626127385416886,-0.017067022956785655,1.5312408253958227,0.11660579733319588,0.95759252187049,0.0741909530466043,0.0029009051399803793,0.01743389322966312,0.0799781175324202,0.02659385646130713,-0.002718244962397819,0.01232456147040056,0.22618284339342437,0.03244900611844539,0.20369358540661958,0.027743255674884254,0.2962078021366135,0.042065862946885246,-0.7103683573459587,-0.07471955436369848,0.35111563807783985,0.045164119150826666,-0.07856877034296769,-0.023524981931370592,frac_si,1.5326461291590736,sharpness_c0,-0.7103683573459587
180,0.005964214711729622,43.39973831176758,rare,,,,,,,,,,,,,,,,,,,,,,,,,,,,,,,,,,,,
181,0.0145791915175613,91.03173065185547,material,0.51739523696431,0.49583829061640505,0.49089351933604103,0.03479047392862,0.5046408118601524,0.03975601483791595,-1.1088995019980183,-0.09763001873423591,1.637898738928334,0.14711090172449878,0.5036853047224136,0.039616091285329454,0.1417910896325016,0.011046371212303839,-0.5787103929779402,-0.09213583982457799,-0.7714221807832276,-0.0959340115003894,-0.4405502861521075,-0.06788151035440179,0.541077727832508,0.048478411617454344,0.39465432667144723,0.02653504554316854,0.42214635587163496,0.034758849723855005,0.21942860844187717,0.04736061866460709,0.20217067406627545,0.018908313782144224,-0.16988262940151524,-0.03664741190726981,frac_pore,1.637898738928334,p1_c1,-0.7714221807832276
182,0.00728959575878065,49.417903900146484,material,0.501029565586486,0.49882951923586394,0.5001386191064807,0.002340961528272123,0.0719479813893992,0.020225754573131666,0.15180103648861376,0.013066675498024366,-0.7264886353540558,-0.06603010596764164,0.07118179605440669,0.02013612274422375,0.0056654311218218515,-0.003976444486016696,0.26877144050397844,0.04642385792137755,0.6450588627161363,0.049799830296044276,0.12005063349588126,0.04526069069419898,0.06179519471955172,0.0084060787588334,-0.07668488320206576,-0.0005305114185445036,0.11665423154243976,0.015757664584175282,-0.39796566450353166,-0.016248913535845268,0.3244082660556316,0.03415731514110566,0.3163126076761878,0.025906698218908137,frac_pore,-0.7264886353540558,p1_c1,0.6450588627161363
183,0.004638833664678595,39.383087158203125,rare,,,,,,,,,,,,,,,,,,,,,,,,,,,,,,,,,,,,
184,0.0006626905235255136,9.190691947937012,rare,,,,,,,,,,,,,,,,,,,,,,,,,,,,,,,,,,,,
185,0.00927766732935719,54.8453483581543,mixed,0.49975239895097995,0.4975554774164648,0.5019653893695921,0.004889045167070449,-0.0755520425770217,0.013277388614406598,0.23455774083904213,0.011089302316717202,-0.4297691453015835,-0.037204334979895747,-0.07625369032201057,0.013261510057836243,-0.3368328767463456,-0.03367006446576788,-0.06044407040228042,0.008458576584316627,0.2014298663796006,0.026596815834739936,-0.04803296751500305,0.022935434890056717,0.1435391831852595,0.001397692713703401,0.3024863513982709,0.01904824251285656,0.254558703826207,0.013646852085372385,-0.2918110558117539,-0.02591239428436796,0.47205974473080153,0.033496507119965234,0.319711622096078,0.01670842163104125,frac_pore,-0.4297691453015835,sharpness_c1,0.47205974473080153
186,0.0026507620941020544,26.05670738220215,rare,,,,,,,,,,,,,,,,,,,,,,,,,,,,,,,,,,,,
187,0.00927766732935719,46.94847106933594,imaging,0.49785243988094935,0.4993545497020813,0.5019742186120432,0.004295120238101302,-0.7335815984611782,-0.09467676953625759,1.0483255189433163,0.13906250595293065,-1.0394629169157368,-0.12106346897143652,-0.7339953299869619,-0.09470835808260931,-0.33683290448715336,-0.03115089719541056,0.4869203697616643,0.07594711537413301,1.182773202636149,0.09866362669534161,0.47730007509324546,0.07389080950132784,0.18918404738412328,0.0027712423152290787,-0.15356948447776536,-0.022113807869770866,0.21473145802774227,0.003917493345027125,1.9482011226900717,0.10658431122197633,0.5039993200469892,0.016988086357050885,1.9685718058311368,0.06603338862346035,frac_graphite,1.0483255189433163,sharpness_c2,1.9685718058311368
188,0.009940357852882704,65.05345916748047,mixed,0.49551665243381715,0.5043302971479767,0.4999585025604803,0.008966695132365698,-0.1621740972551034,-0.005475602641059075,0.05155444743444979,-0.005266851975685205,0.30018664442588705,0.04211490077219794,-0.1628378441882441,-0.005536841190977098,-0.3368329074889561,-0.034863871151342034,-0.39231746563639486,-0.028902223009520438,-0.1489883932870961,-0.004803932285382895,-0.40060543027512163,-0.057611918798662363,0.14366849518822014,-0.0015345861162930777,-0.07908805284068499,-0.009391979406938783,0.08009316728288134,-0.0004914805451514933,-0.31818418733537107,-0.012188481758681698,-0.3207634237681374,-0.030222100463958845,-0.1490209869579757,-0.00028176497137158744,K04_agglom_frac,-0.3368329074889561,p1_c2,-0.40060543027512163
189,0.013253810470510271,85.23597717285156,material,0.49718795951470196,0.49673180576762826,0.5043616457707929,0.008723291541585798,1.0167575197022405,0.08631129616549682,-0.818135195791393,-0.07334516897401826,-0.27749845762886927,-0.03855863816141792,1.0155779395530977,0.08623139190830041,0.9997221359067776,0.09694651164194208,0.560022439267918,0.05874681366729353,0.5147082603134873,0.04937601570735275,0.3927972941722767,0.06198433520605995,-0.11268289560621537,-0.010611010470815668,-0.22462265662055683,-0.017140960699662387,-0.11745600314970907,-0.015553272488783151,-0.6330405806342569,-0.07550529118609393,0.028675139225273722,0.000420137142185737,0.010732507389896125,0.013474660286122053,frac_si,1.0167575197022405,sharpness_c0,-0.6330405806342569
190,0.010603048376408217,63.411373138427734,material,0.4988580033249283,0.500293824389351,0.5005827300017658,0.0022839933501433984,-0.38375550082017307,-0.030010607316383664,0.5194613277075748,0.06329238002460649,-0.4717830225332321,-0.0488444592950754,-0.384322296301335,-0.030084823187767864,-0.33683288615734774,-0.036019696756253675,0.320310516602394,0.029849983393020023,0.12025058284712443,0.020518741349927327,0.3478857754119155,0.049373034770706925,-0.02745973447697514,-0.00433777535092913,-0.10118380058502155,-0.005485178000400786,0.05899682555251433,0.006189245859382328,0.07811921522523196,0.024449812524607876,-0.08620640675776112,-0.011103921409938454,0.3417738881042904,0.04078873024228379,frac_graphite,0.5194613277075748,p1_c2,0.3478857754119155
191,0.0019880715705765406,24.809904098510742,rare,,,,,,,,,,,,,,,,,,,,,,,,,,,,,,,,,,,,
192,0.004638833664678595,38.846187591552734,rare,,,,,,,,,,,,,,,,,,,,,,,,,,,,,,,,,,,,
193,0.0066269052352551355,46.523094177246094,material,0.49573014517506403,0.5010813700886773,0.5021914179763376,0.00853970964987194,-0.5217711113032749,-0.059919440572328446,0.43261833978653863,0.02913205476025318,0.32901179647009027,0.04416150579829453,-0.5222775190282613,-0.059975877833592206,-0.3368328936861495,-0.028417121248368652,0.21223811436018344,-0.012685873055219657,-0.2188297897733484,-0.02935054971786179,0.32941182708658334,-0.006894236927875866,-0.3223679240793118,-0.029185108974918723,-0.013564763253064244,0.011113968928855092,-0.23629749142702053,-0.025107485373892367,0.005817526761551669,0.023126538390919944,-0.09262172340617228,-0.006306555478896737,-0.06829565506292723,-0.02360188216855369,K01_si_frac_adm,-0.5222775190282613,p1_c2,0.32941182708658334
194,0.00927766732935719,62.90483093261719,imaging,0.5016321456904785,0.49753621024339256,0.5006657248808053,0.004927579513214875,-0.017016735830860493,-0.0008465881031558055,0.07065983104622124,0.03156792048440476,-0.20286371991849148,-0.03632452021187574,-0.017743995275315772,-0.0009418171693798778,-0.33683286859014605,-0.03367006446576788,0.5895228685860624,0.034162742417348305,0.27165363717594676,0.04695554317391154,0.7067524702731106,0.046112252207273274,-0.30453460695264667,-0.003930385097371576,-0.2430903773708261,0.007317297797329543,-0.19671855162995855,0.010338825108202023,-0.3006068892232466,0.0030632730230945532,0.052999684784690325,0.02192453260025013,-0.038139655413176723,0.019001386368357426,K04_agglom_frac,-0.33683286859014605,p1_c2,0.7067524702731106
195,0.0019880715705765406,22.341976165771484,rare,,,,,,,,,,,,,,,,,,,,,,,,,,,,,,,,,,,,
196,0.015241882041086813,70.52629089355469,material,0.5035535803616996,0.4954372925768399,0.5008617340632174,0.009125414846320234,-0.7073640670450703,-0.1185614761298254,0.6680311548721581,0.09884296381113612,-0.00786282247342376,-0.008199967727646,-0.7077754112582881,-0.11854391979088039,-0.3368328691716176,-0.03929228768412859,-0.22540695666387472,-0.0012176466381243292,-0.2435796966627828,-0.011556830419890597,-0.25724489483285806,-0.00839611189652441,-0.11491299491671168,-0.023692007012196786,-0.009977126041569466,-0.011740341035348437,-0.22220149842793704,-0.038320403164019974,0.5819510726559534,0.07853015743263894,-0.2741968403590428,-0.031172071524745344,0.01206199916450516,0.016790539262733523,K01_si_frac_adm,-0.7077754112582881,sharpness_c0,0.5819510726559534
197,0.004638833664678595,36.39866638183594,rare,,,,,,,,,,,,,,,,,,,,,,,,,,,,,,,,,,,,
198,0.00728959575878065,55.580055236816406,material,0.49911823708053094,0.5006466544962357,0.500142150803461,0.0017635258389381292,-0.27596712763106834,-0.0161944934432024,-0.05561712797781243,0.0052064724850806815,0.9866089087743708,0.03312996357577818,-0.276581085183336,-0.016283840744261462,-0.33683289368614955,-0.029814417850313527,0.08309145135038501,0.00837521344869781,-0.41095079354274844,-0.009583979293602291,0.13717916056616225,0.022544929189742706,-0.33612007401201954,-0.035824672326617374,-0.3143683964327328,-0.024142838116361733,-0.4157632676871281,-0.037375273088677725,-0.2902291092992895,-0.0024391555711380016,-0.48019931246766523,-0.02862837052648493,-0.2682601389740579,-0.02561612278114889,frac_pore,0.9866089087743708,sharpness_c1,-0.48019931246766523
199,0.0033134526176275677,30.28113555908203,rare,,,,,,,,,,,,,,,,,,,,,,,,,,,,,,,,,,,,
200,0.0033134526176275677,31.62479019165039,rare,,,,,,,,,,,,,,,,,,,,,,,,,,,,,,,,,,,,
201,0.0,0.0,rare,,,,,,,,,,,,,,,,,,,,,,,,,,,,,,,,,,,,
202,0.004638833664678595,37.37456512451172,rare,,,,,,,,,,,,,,,,,,,,,,,,,,,,,,,,,,,,
203,0.008614976805831677,55.90874099731445,mixed,0.5001705415388658,0.49797213003415114,0.5013676496556595,0.004055739931697722,-0.29319781483423973,-0.010067167848184932,0.322602397720498,0.022374856922148596,0.004116121416969404,0.0010597007368804434,-0.29380423319015675,-0.010116574249547212,-0.33683288051074606,-0.03243408064992298,0.16322666571211947,0.007264964999492897,-0.01693993947017569,-0.004249118944532751,0.15802805282875393,0.014810945022414625,-0.0909166466033062,-0.016123687859523266,-0.09923337907720639,-0.0038994895846771386,-0.054451403772355286,-0.017476344464650417,-0.3885736267296026,-0.021879353627947035,-0.06588657204038484,-0.00455361342046592,0.30439279482549125,0.018409685058841732,K04_agglom_frac,-0.33683288051074606,sharpness_c0,-0.3885736267296026
204,0.0033134526176275677,32.274261474609375,rare,,,,,,,,,,,,,,,,,,,,,,,,,,,,,,,,,,,,
205,0.01126573889993373,62.142478942871094,imaging,0.4965386383963537,0.501653364289258,0.5012069574430514,0.0069227232072925915,0.2790007878336245,0.0461467194462687,-0.16235952217307664,-0.024151009101540572,-0.16949152263431352,-0.010941140171940434,0.27814400792665867,0.04608887087522753,0.02769642193782578,0.0075885080016282165,-0.25660269747032494,-0.004182078835270504,0.4208459190044449,0.03535804153842828,-0.2566627957272284,-0.017205311310215316,0.10994411009151003,0.007460309058417468,0.08461150347273443,-0.006961943240390583,0.05527352546508087,0.0008713139225405995,-0.5707642665625936,-0.0459414970956553,0.13534650837930529,-0.0020904828640156306,-0.14263539949564918,-0.005537186700471809,frac_si,0.2790007878336245,sharpness_c0,-0.5707642665625936
206,0.0019880715705765406,17.49258804321289,rare,,,,,,,,,,,,,,,,,,,,,,,,,,,,,,,,,,,,
207,0.011928429423459244,60.95419692993164,imaging,0.50561397480533,0.5030803392949178,0.49381776443581143,0.01236447112837713,-0.4809665710224977,-0.06536777222629805,0.6786016077849861,0.09555553593145856,-0.6952124835313819,-0.09788847503934345,-0.4814908324703903,-0.06543793866216817,-0.3368328842751471,-0.0382310813155339,-0.11186447800681133,0.03646632410951027,0.6388160818288905,0.06583434187388669,-0.1821228373596669,0.03382573384572277,0.43099140440326,0.05960870825302657,0.5520679520599145,0.0625420127248556,0.47123569141897875,0.06466764308501885,0.990191710382762,0.07208775597157119,0.8767787071177354,0.0807523545449862,0.44028989930148427,0.055064661185481825,frac_pore,-0.6952124835313819,sharpness_c0,0.990191710382762
208,0.02385685884691849,118.43790435791016,material,0.4960510159222634,0.49345879474198845,0.5075560656895639,0.015112131379127813,-0.28243969781913075,-0.03482656317129114,0.012675431147416732,-0.014149675303658567,0.8298467206883076,0.0918156285493938,-0.28305082336101994,-0.03493615425634606,-0.2980475684213813,-0.038257210748217016,0.0324292364509673,-0.009289020569605318,-0.38555570054861055,-0.042089817146089045,0.10114132074840516,-0.026132753604610277,-0.37855030735502154,-0.06452113889569074,-0.2778088144107167,-0.03619795689504688,-0.3894929568366568,-0.05405635652286415,-0.2745496302225608,-0.03211976937733893,-0.3309025604727232,-0.047690490343963304,-0.24087744145428513,-0.028440974407601193,frac_pore,0.8298467206883076,noise_sigma_c2,-0.3894929568366568
209,0.011928429423459244,70.48561096191406,material,0.49611417945517666,0.4939790084149378,0.5071304962034258,0.014260992406851525,0.7715320937935563,0.05720730108064425,-1.111284340066174,-0.09113531687768829,1.0546384732145033,0.08491516950559949,0.7776591601707857,0.05757143181980343,0.8916672021951254,0.07104665952596818,-0.3601462965449842,-0.03263254083875218,-0.5061206902630716,-0.04057425875647853,-0.32984692929121534,-0.057031074406433506,-0.2593654874062163,-0.03467145038263747,-0.10124202905475596,-0.022932084951853955,-0.35272753125676526,-0.042760189448807565,-0.5708231942472279,-0.06294065895548889,-0.3348534290581862,-0.030989641797131054,-0.31850335485596687,-0.03792099750448114,frac_graphite,-1.111284340066174,sharpness_c0,-0.5708231942472279
210,0.01126573889993373,72.3117904663086,material,0.5003663484908969,0.49441372400737926,0.503839837541939,0.011172551985241475,0.6391260811628843,0.07233020233038485,-0.5299239171511952,-0.05167333314784191,-0.3211407843823935,-0.030478619952750852,0.638111730937043,0.07225820680259953,0.13987492090072917,0.0025076388650098745,0.2538818721857935,0.0032190160008154335,0.12008669607928454,0.022386742052524545,0.31545010712656507,-0.0026786347018325366,0.05573246234709419,0.020159944947222768,-0.03698537392977756,0.008189900017695578,0.20466747465757457,0.03050405872509089,-0.448802004658892,-0.04843032682664577,0.20304304623068203,0.022638964761267033,0.046139472500662984,0.005467227885668949,frac_si,0.6391260811628843,sharpness_c0,-0.448802004658892
211,0.00927766732935719,57.448219299316406,imaging,0.4978398071743667,0.49932564894247305,0.5020042380363764,0.004320385651266578,-0.5154223284267326,-0.04760973924224236,0.7410601587388106,0.08768602283174315,-0.6733892985293274,-0.07237722003707386,-0.5159315140162402,-0.04765745880752864,-0.3368328930587488,-0.03367006446576788,0.49191241770117905,0.037859804353805135,0.7530639397073211,0.06903310739875854,0.49005789917071313,0.04424401936021462,-0.27748274476375107,-0.01429913673779612,-0.23997593223756405,0.00113939506134381,-0.16798684931319263,-0.005125469145693948,0.2395114815907936,0.043241659830022726,0.07312935432714313,0.016897717931147492,0.05216123170798855,0.026649032602757153,frac_graphite,0.7410601587388106,p1_c1,0.7530639397073211
212,0.013916500994035786,78.92540740966797,mixed,0.49673949843101783,0.5017436791630341,0.501000353169698,0.006521003137964332,-0.3481357601365434,-0.03150024674014911,0.4008919914157136,0.0659949584357146,-0.2531556567605487,-0.05799557818274981,-0.3487181408003721,-0.031558891887425514,-0.18617445697071916,-0.022184275168815458,0.3131646350536527,0.04128634725987751,0.14566549384356564,0.03938730108970022,0.2711238837847143,0.030540884605658992,-0.2351189568544752,-0.013598363073829159,-0.2559250110783717,-0.011421263547983082,-0.20573664115427517,-0.01524016991212214,-0.1006460751068457,0.009038797259161081,-0.13898702336471652,-0.003967991765055639,-0.03394816256785127,-0.013540412179379227,frac_graphite,0.4008919914157136,p1_c0,0.3131646350536527
213,0.005964214711729622,42.33338928222656,rare,,,,,,,,,,,,,,,,,,,,,,,,,,,,,,,,,,,,
214,0.007952286282306162,58.853294372558594,material,0.4986659861848721,0.4984225002047138,0.502088998763906,0.004177997527812005,-0.16932167132550513,-0.019581309429296874,-0.14321020462717782,-0.018197568867060674,0.8285284362787655,0.05469715055252388,-0.16998229085163155,-0.019632613979950052,-0.3368328911765489,-0.03115089719541056,-0.15181104465511705,-0.007635253664778765,-0.1635902661721758,-0.006269151395111683,-0.12081370502455505,-0.03561769406466197,-0.3629734522363419,-0.031018513082143817,-0.2984905006690507,-0.027636223856592,-0.3887653532971144,-0.03633559171549657,-0.3566802145241365,-0.024278700943898134,-0.3480618915708575,-0.03500633907579066,-0.7814476421897767,-0.06371493629633694,frac_pore,0.8285284362787655,sharpness_c2,-0.7814476421897767
215,0.013253810470510271,73.37326049804688,material,0.5029055225140098,0.4985332864498788,0.4990446759668021,0.005811045028019546,0.5391043677671958,0.05418145673513772,-0.527192548887721,-0.04675939830706952,-0.1142320263900424,-0.022225040085784662,0.5381337813034671,0.05410194044574773,0.5557595014802247,0.03342489007304781,-0.15931407902389705,-0.022654204871238117,0.041275356460679834,0.00900289019204561,-0.21066905661834967,-0.024360414636980292,0.29505987457750965,0.036341845200197904,0.2711318505090048,0.03377347259347105,0.3271970344149083,0.033162149250283955,-0.4455759438066652,-0.03495364717008754,0.2897904367717107,0.04796858962228205,0.007713307374526718,0.01621630637490061,K04_agglom_frac,0.5557595014802247,sharpness_c0,-0.4455759438066652
216,0.00927766732935719,61.06156539916992,material,0.5073926598921672,0.49752416826022244,0.49664841956560124,0.014785319784334394,0.6228316882751622,0.049227329478395934,-0.33053101884160524,-0.012343587553172254,-1.0749129207002113,-0.12238689250745534,0.6218244674766912,0.04916392041805699,0.18470903597978294,0.01317142773039288,0.25133695154334823,0.038445437506445516,-0.04493859884812393,0.014894943414536257,0.17196293755751485,0.04245052170784051,0.5836630923358977,0.04955001533114034,0.03751639513403571,-0.01061870014006668,0.6593074460526314,0.04910118053208908,0.5967291923174484,0.04200529273892779,0.018610479180339506,0.006744424648246789,0.3327827921637973,0.04473468418658777,frac_pore,-1.0749129207002113,noise_sigma_c2,0.6593074460526314
217,0.005301524188204109,33.828269958496094,rare,,,,,,,,,,,,,,,,,,,,,,,,,,,,,,,,,,,,
218,0.010603048376408217,65.6958999633789,mixed,0.5027185584565865,0.500301049579253,0.4978792159632703,0.005437116913173057,-0.22075216827037272,-0.034840087237800806,0.0524175072312974,0.02620948200222771,0.4551513916702722,0.028225645897473325,-0.22139028478462688,-0.034870029443607675,-0.21975158477794005,-0.016619098336716338,-0.18159001367251826,-0.02275835534486193,-0.3833445478141337,-0.030277999360703845,-0.09714580151931211,-0.02150662703044687,0.2519466390567735,0.02857774157961875,0.33496124692739604,0.03952240811421343,0.18693061526405852,0.022039847653837978,0.3227607568070404,0.05763877925667882,0.19119080859955517,0.03156442946029184,0.3304362194317864,0.05067711784479642,frac_pore,0.4551513916702722,p1_c1,-0.3833445478141337
219,0.0026507620941020544,27.428192138671875,rare,,,,,,,,,,,,,,,,,,,,,,,,,,,,,,,,,,,,
220,0.0,0.0,rare,,,,,,,,,,,,,,,,,,,,,,,,,,,,,,,,,,,,
221,0.01656726308813784,97.09676361083984,material,0.5065121602433564,0.5036414957106456,0.49277856259932895,0.014442874801342098,1.760700931183877,0.1049068244967472,-1.7198305530042766,-0.10633675258855273,-0.04481322821482883,0.0025688488655112363,1.7591958437180029,0.10487108579334935,1.1526340148655894,0.11163831457526878,-0.301436681724979,-0.02668893538940767,-0.21900372964928708,-0.03841193004808938,-0.3781918574034279,-0.0489397094666249,0.8254707189122465,0.09308554343609278,0.3621718096313858,0.037394431737849364,0.7458240826263837,0.07552080617365498,0.05060529093248275,0.014775003814753414,0.3091375190512226,0.03171787757679375,-0.06226399728315965,-0.004482243741775289,frac_si,1.760700931183877,noise_sigma_c0,0.8254707189122465
222,0.0,0.0,rare,,,,,,,,,,,,,,,,,,,,,,,,,,,,,,,,,,,,
223,0.0066269052352551355,45.48878479003906,material,0.4976250511624616,0.5065532472411817,0.4968550238389546,0.01310649448236334,1.4599515709036677,0.07891767720963833,-1.3569183435322474,-0.08121878220243746,-0.28910563407253187,-0.001184383636442105,1.4585780741611243,0.07889893908423758,1.3141103826749907,0.12773891541759347,-0.2797018844625224,-0.029387666737593594,0.22862069534886012,0.01676135236779507,-0.19653896980096755,-0.0391067734447592,0.8558004556426885,0.0762067427306269,0.7499015916552485,0.0516996745325363,0.8784907398936911,0.06527843315403178,-0.27738527479999175,0.002277365875675018,0.7031530190711063,0.0517770098439121,-0.3341264173708124,-0.025848656859041176,frac_si,1.4599515709036677,noise_sigma_c2,0.8784907398936911
224,0.005301524188204109,45.64501953125,rare,,,,,,,,,,,,,,,,,,,,,,,,,,,,,,,,,,,,
225,0.004638833664678595,41.14280700683594,rare,,,,,,,,,,,,,,,,,,,,,,,,,,,,,,,,,,,,
226,0.008614976805831677,51.11962127685547,mixed,0.496340304903006,0.5016039921582606,0.5013817764435812,0.0073193901939879735,0.09009836038844961,0.016770995028761174,-0.1440321708985111,-0.03404145152508685,0.3112803323663793,0.04822120240735232,0.08932423345644905,0.0166719203156635,-0.3368328893736477,-0.03115089719541056,-0.18993180723953512,-0.029643237495315153,-0.1503767650561572,-0.04238494121622946,-0.09783529464817128,-0.00523806309934021,0.15751248954700567,-0.007616238156439893,0.2376072342074777,0.007502526808581216,0.20610738666698394,-9.926834276695871e-05,-0.3083429432812611,-0.03280112941439522,0.22574951365383472,0.0031002703393121687,0.09333837422573837,0.0012386180197224534,K04_agglom_frac,-0.3368328893736477,sharpness_c0,-0.3083429432812611
227,0.008614976805831677,57.664955139160156,material,0.5040007781747254,0.49796249644761503,0.49869768673847786,0.008001556349450878,0.8763916988822905,0.06595976843033594,-0.8886999562164687,-0.056516318582318904,0.11949518500314865,0.008332483177073852,0.8752735347155162,0.06586095540209823,1.3719819829937712,0.11101393032470483,-0.1123809490848181,0.015827198787983582,-0.6348104246943026,-0.04594909083507295,-0.16439598676942158,-0.016116986218634815,0.15012783871240015,0.01798777280056872,-0.10840488542452659,-0.025221947809701536,0.0728981014174851,0.009458374967708587,-0.14321438442299472,-0.005950329911806124,-0.28401082571381886,-0.03488337562710948,-0.1804189158377136,-0.021861768950085462,K04_agglom_frac,1.3719819829937712,p1_c1,-0.6348104246943026
228,0.0033134526176275677,27.022741317749023,rare,,,,,,,,,,,,,,,,,,,,,,,,,,,,,,,,,,,,
229,0.00728959575878065,50.3773307800293,material,0.5029181552205924,0.49883915282240004,0.49881158396609576,0.005836310441184711,-0.01556251538397247,0.009699353982348728,0.23533634110574875,0.01899319299575175,-0.5915773555008369,-0.05423329008529969,-0.016290411130283056,0.00960991180264705,0.12574190072363514,-0.0044078412355281,0.2713058095871947,0.005206695711799538,-0.057186694854821134,0.000514492366682069,0.33012159212945885,0.0008094996658778695,0.07201782103650223,0.0012135100585754415,0.1574342131753924,0.013998319724574606,0.19166350458001785,0.013840144009097928,-0.2323580181132792,-0.00188798780494415,0.1536977185548418,0.009203131716212848,0.3708229943141938,0.03535553736817545,frac_pore,-0.5915773555008369,sharpness_c2,0.3708229943141938
230,0.004638833664678595,35.10963439941406,rare,,,,,,,,,,,,,,,,,,,,,,,,,,,,,,,,,,,,
231,0.00728959575878065,50.40550231933594,material,0.5010320921278025,0.5006586964794058,0.49879569132968393,0.0024086173406321354,-0.1612761698922019,0.007711982966539521,-0.13356690822113243,-0.025907328110483085,0.877346065985039,0.05079515687821133,-0.16194030970038653,0.007640305968840764,-0.33683290435195196,-0.029814417850313527,-0.5515488673545751,-0.03967276277056221,-0.7134457673098888,-0.03941723909235724,-0.4460551048141376,-0.022476234494810593,0.13888389236078952,-0.0043131710138819826,0.21459707199948835,0.0009207777320503464,0.17358312426767436,0.0022098381144455828,-0.29219649532103475,-0.0407208903459909,0.04313320174182764,-0.0024487312044717212,0.018032665395478972,0.0006944941393844523,frac_pore,0.877346065985039,p1_c1,-0.7134457673098888
232,0.00728959575878065,51.02689743041992,mixed,0.4991283432457971,0.5006490628928697,0.5001333215610101,0.0017433135084058415,0.24645901368485518,0.0381483884813145,-0.17485141909623775,-0.042894360603776674,-0.04434615711790428,0.013765687476498102,0.24561647222860672,0.038058969929798195,0.001383188779354949,0.025707183812307063,-0.13034985547983083,-0.010317346587920512,0.28489277058053486,-0.000901228476313292,-0.4210641279894837,-0.02520001021682123,0.056353032101251185,0.017361737246139094,0.0648047185390099,0.00947873930137248,-0.08030186207805684,0.007244559168526576,-0.3301067281149204,-0.024207722513022768,-0.07677847095087685,-0.008974560874495706,-0.277177362990135,-0.017264298051191507,frac_si,0.24645901368485518,p1_c2,-0.4210641279894837
233,0.0019880715705765406,18.63589859008789,rare,,,,,,,,,,,,,,,,,,,,,,,,,,,,,,,,,,,,
234,0.012591119946984758,67.62387084960938,material,0.5052135180066599,0.4953686532727702,0.49975189828712696,0.010427036013319846,-0.7352256007575324,-0.11298159912413272,0.8584415364291439,0.12780447253654098,-0.38895693243681817,-0.052936596917680885,-0.7356386129437298,-0.11303613740513846,-0.3368328903856933,-0.036019696756253675,-0.061989299736278904,0.03705303088674255,0.7008886662800439,0.07994473956612752,-0.21970512557485863,-0.0022608188553184393,-0.19078950306052628,-0.018782977195462236,-0.11928845424795143,-0.01160632144837127,-0.26799902816779064,-0.03185055297909874,0.7514451615222136,0.07670549213650438,-0.04213537680612844,-0.009732196288832063,-0.2958254940125655,-0.030974532713122366,frac_graphite,0.8584415364291439,sharpness_c0,0.7514451615222136
235,0.0,0.0,rare,,,,,,,,,,,,,,,,,,,,,,,,,,,,,,,,,,,,
236,0.00728959575878065,45.00091552734375,material,0.502925734844542,0.5006611048760398,0.49747042203778913,0.005851469689083899,-0.22536485966787964,-0.006566644593933674,-0.0036117938885038645,-0.0036673433839340777,0.5883172743285595,0.022074275829492705,-0.22600095790091607,-0.006638345256935481,-0.3368328919231532,-0.028417121248368652,-0.3232312607751901,-0.018918529273809093,-0.1556370550687815,0.0017942554779059885,-0.3720187513684207,-0.008863403779507227,0.390168774699037,0.0231312341002127,0.43497714900583273,0.03585466725569558,0.3054315768382201,0.012754696196389123,-0.024302949241485853,0.012045305310593179,0.016219727109482274,0.014694141179470663,0.21047671291371942,0.02800180649881939,frac_pore,0.5883172743285595,noise_sigma_c1,0.43497714900583273
237,0.005964214711729622,42.48448944091797,rare,,,,,,,,,,,,,,,,,,,,,,,,,,,,,,,,,,,,
238,0.017892644135188866,98.00838470458984,material,0.4980381406677144,0.5009404788855867,0.5006816175172171,0.003923718664571196,-0.053992209245635685,0.013448720612880969,-0.23703743976494135,-0.05018715440519526,0.9492683387925829,0.11987759377238712,-0.05470329042716606,0.013391311063342643,-0.2035606412958195,-0.029606674269986612,-0.39053543471699564,-0.0754912620081904,-0.6974036545253061,-0.10070806339081684,-0.31709555686276436,-0.07084703934397056,0.3186509419017089,0.03294087640369155,0.40098491950285087,0.05784857750942929,0.2751670456017514,0.02768982368222451,-0.26468122019356277,-0.02535071355247551,0.16866280985616974,0.03664350351662795,0.21786665659481672,0.04294501770332732,frac_pore,0.9492683387925829,p1_c1,-0.6974036545253061
239,0.00927766732935719,59.022518157958984,material,0.49975745203361305,0.5011777059540382,0.4993060215433515,0.0023554119080764213,1.2605454278951527,0.09632117449471264,-1.0725432456337958,-0.08087697072460517,-0.2619863327918681,-0.028906883606544493,1.259259180024537,0.09624190782037989,1.91163266264628,0.15226808539239925,-0.2428310649918725,-0.008685443177789427,-0.0811982014979945,-0.004986493996041289,-0.24896212728136016,-0.008898058040841421,0.47434105163928497,0.043363048407401406,0.2756960359486416,0.019905049596805915,0.38073398474599357,0.03875560460594082,-0.4852302943953731,-0.04151734109410334,0.28165230742836306,0.01960119969746863,0.2901984725617302,0.02665942171199529,K04_agglom_frac,1.91163266264628,sharpness_c0,-0.4852302943953731
240,0.027833001988071572,165.58892822265625,material,0.5086053997241017,0.49435230989321166,0.4981264347518982,0.017210799448203362,1.9431340219533635,0.22623091985495142,-1.6920760944666662,-0.21536535036210347,-0.2930078211626132,-0.025578412836428338,1.9415491120969828,0.226101885748373,2.739308041963258,0.40675058744602455,0.2023270614380587,0.012617780029776678,-0.12649749535261037,-0.02296025103704047,0.2266374356094337,0.013789292352297597,0.36067361048496555,0.08141199973247792,0.0025970274489415276,0.022909287727725478,0.36992382396715934,0.07368975875442597,-0.40066108851561644,-0.0879953618850842,0.0979584507132028,0.03428554903986409,0.24033154034272516,0.04294156629205794,K04_agglom_frac,2.739308041963258,sharpness_c0,-0.40066108851561644
241,0.00728959575878065,61.61951446533203,material,0.502925734844542,0.49701479237212615,0.5001439166519512,0.0059704152557477075,1.2117386316046275,0.09587489662155561,-1.1576026612157913,-0.09307030350026317,-0.028721405609799314,-0.014398171255017477,1.2104737387118671,0.09574990015982877,0.4597584077689531,0.04654575418339063,0.869128918403828,0.03518998491661374,-0.29306822786179126,-0.024186035950297308,0.9052874013502284,0.035674818939699746,-0.18843775165931953,0.0067363395458395784,-0.6383101489953548,-0.04401688733502651,-0.015121624917058138,0.014690550316970518,-0.20828011375591465,-0.01640362875016669,-0.5334295272697727,-0.03706654187088474,-0.06050426956715911,-0.0037750867825367793,frac_si,1.2117386316046275,p1_c2,0.9052874013502284
242,0.0033134526176275677,29.882814407348633,rare,,,,,,,,,,,,,,,,,,,,,,,,,,,,,,,,,,,,
243,0.0,0.0,rare,,,,,,,,,,,,,,,,,,,,,,,,,,,,,,,,,,,,
244,0.00927766732935719,55.92560577392578,material,0.49594237464565255,0.5066110487603982,0.4979886985696627,0.013222097520796394,-0.47791841995623485,-0.04365921558797345,0.5600893381355315,0.05790166436563587,-0.24104039498911112,-0.014748564084606649,-0.47844401510968465,-0.04372277162309009,-0.33683288803954825,-0.03367006446576788,-0.3601219794829854,-0.01731367280839557,0.21885217908248178,0.012419670119020879,-0.4106315214488866,-0.02347063689736818,0.09543601484036043,-0.006438808185348903,0.14330668932853108,0.007732441555145018,0.06396132061055536,-0.007515363851590238,-0.2167454957133767,0.0012886070654826549,0.18655998894740994,0.00118467391193027,0.14375771859073802,0.014697561167652983,frac_graphite,0.5600893381355315,p1_c2,-0.4106315214488866
245,0.005301524188204109,33.24822998046875,rare,,,,,,,,,,,,,,,,,,,,,,,,,,,,,,,,,,,,
246,0.0033134526176275677,27.721555709838867,rare,,,,,,,,,,,,,,,,,,,,,,,,,,,,,,,,,,,,
247,0.00927766732935719,57.89502716064453,imaging,0.4959221623151203,0.5066279075368364,0.497990464418153,0.013255815073672794,0.600801193566568,0.056504256238683874,-0.3360582788775389,-0.02713671272167796,-0.5999619657141539,-0.054283793054973196,0.5998036121183882,0.05645659949414758,0.48392309061778555,0.012273321354840213,0.464889544972301,0.032454679410202456,0.6247849793639363,0.03483537847455857,0.42589724989281763,0.05139403344905566,0.25822592673771105,0.019402670987266956,0.24244719457639158,0.026226486078844872,0.30980164664872134,0.027448951952922778,-0.4004521249312097,-0.02802868107287928,0.6155934616603571,0.03876079916055989,0.3914496617264296,0.030454727355254035,frac_si,0.600801193566568,p1_c1,0.6247849793639363
248,0.0066269052352551355,43.3121337890625,imaging,0.49763010424509463,0.49925580544008635,0.5022020130672787,0.004739791509810742,-0.6096172727944332,-0.05476448753523482,0.5938863166624293,0.054858187123549756,0.0465755706042524,0.006971051966757202,-0.610085244069812,-0.05478329986452435,-0.33683287879573676,-0.026949546314957697,0.11565239021550286,0.004995591786847351,0.2582310735827348,0.025733776623492837,0.07460119531084189,-0.011034823992369392,-0.708968333952249,-0.031392197133828306,-0.580136371971284,-0.018655429172596754,-0.5905836899362489,-0.025695874887852747,0.06637820921332686,0.012264431088283904,-0.5360020551537722,-0.020799620262390385,-0.2665377004909308,0.0010271779435755573,K01_si_frac_adm,-0.610085244069812,noise_sigma_c0,-0.708968333952249
249,0.0026507620941020544,30.51180648803711,rare,,,,,,,,,,,,,,,,,,,,,,,,,,,,,,,,,,,,
250,0.0066269052352551355,45.20245361328125,mixed,0.501462867422271,0.4974687751376398,0.5008334804873743,0.005062449724720364,0.4149802885294626,0.014683221990596747,-0.34431261534490076,-0.004062539493925252,-0.44650650930191205,-0.027685998805252424,0.41406401173423857,0.014626834236622364,0.2719718185663251,-0.000858485373729058,0.09230392551650166,0.029721636796489113,0.2719922639357135,0.03176836232567191,0.035601304177387945,0.020977957201024536,0.050870583014982804,-0.007487633680728842,-0.07056681328337738,-0.024274018468933237,-0.03818936342965196,-0.024581321958802478,-0.2896647804901578,-0.033604777263343294,0.14771205103756568,-0.009040701675393895,-0.23338344434736263,-0.026326684509948888,frac_pore,-0.44650650930191205,sharpness_c0,-0.2896647804901578
251,0.00728959575878065,50.65192413330078,material,0.4991056043739483,0.4988536032022042,0.5014656542468656,0.002931308493731244,-0.3709280473235451,-0.03541035282155283,0.5041193222617795,0.05760413430818399,-0.3485032193720783,-0.027384765806872234,-0.3715004553802839,-0.035481792679255816,-0.33683288663770916,-0.028417121248368652,-0.09083443884353515,0.006646678506097188,0.28123296337783815,0.048278614341668254,-0.12713194482107842,0.012647549431692018,0.06571728696327109,-0.005669651914832242,0.21444548370046196,0.012382159025788287,-0.061459324681834626,-0.013644364971136235,-0.11776271103052192,0.013356159739647712,0.1061820503531595,0.010301283834532726,-0.3795115166801024,-0.03697682956353788,frac_graphite,0.5041193222617795,sharpness_c2,-0.3795115166801024
252,0.009940357852882704,65.4150390625,material,0.4993039378672959,0.5025541046303833,0.4986138089351933,0.005108209260766605,1.2502658583613042,0.06877432240807685,-1.6229723835336043,-0.09850275227719495,1.316309106151696,0.10053197777864563,1.2554554927849437,0.06912635759211185,1.8874667007692258,0.12301079845727242,-0.47764472724075757,-0.055711058336856266,-0.6460541900469402,-0.055414140384263955,-0.3747023088220449,-0.04537649015836505,0.5285094691957694,0.03400555764701356,0.32043176924543354,0.017100330034639625,0.292416606653625,0.0055381089565478495,-0.48331903455863534,-0.03171826870195931,0.43782262926796595,0.025047998478036387,0.012237107786475576,-0.0038943969662718412,K04_agglom_frac,1.8874667007692258,p1_c1,-0.6460541900469402
253,0.013253810470510271,71.64861297607422,material,0.49718795951470196,0.5022036829201327,0.5003496380010596,0.005624080970596079,0.4094157991529196,0.02753645957142879,-0.20176690562183208,0.004366235441709147,-0.5860667208448199,-0.07568463122377284,0.4085019570177861,0.027469690618931834,0.36178222754106815,0.03574884794853925,0.572178085838267,0.06158622043252539,0.4360922766392094,0.06659175237634803,0.5642384360813929,0.06447990098697307,-0.06579899561183207,0.002403667533776832,-0.16074347958613955,-0.0077457915137892274,-0.006517710098623011,0.008941357602160995,-0.3584002039227448,-0.01206181471221537,0.1888842051430874,0.019500604628989063,0.09394973741146324,0.006280512542448204,frac_pore,-0.5860667208448199,p1_c0,0.572178085838267
254,0.01126573889993373,66.50843811035156,imaging,0.5003436096190481,0.49620918369804495,0.502539290128907,0.007581632603910093,-0.6907981717082136,-0.09036417492518604,0.5431496042513188,0.06212370883768439,0.46913398099811804,0.03660819431343845,-0.6912306228391594,-0.09041472044047771,-0.3368329031231215,-0.036019696756253675,-0.1947785761525061,0.00024939545015032014,-0.006730603402525813,0.004598958327900611,-0.2727479026274381,-0.029742401925210098,-0.5851341496901686,-0.04486770956436639,-0.32995079173467395,-0.02699336607099894,-0.7093232019665029,-0.05600344494501919,-0.004878433733157783,0.017797583618618763,-0.32528424012411233,-0.021488742123075322,-0.4677965168030558,-0.030895547259320172,K01_si_frac_adm,-0.6912306228391594,noise_sigma_c2,-0.7093232019665029
255,0.0066269052352551355,48.03676223754883,material,0.5014376020091057,0.5010958204684813,0.49819177114603563,0.003616457707928733,1.9500008676933218,0.09871215113640754,-1.8941292418255566,-0.10821621323687315,-0.019708605061949477,0.015797282104125236,1.9484129533289132,0.09865603652719092,1.4136179640299193,0.1307614534680194,0.01899203436806421,-0.030900026045975942,-0.3906836954792661,-0.05279416939041709,0.05843366291774,-0.027099289562263755,-0.10396592544480311,0.010539098193179866,-0.2592418677347662,-0.0082845452311321,-0.2026986532018277,-0.002323936047114042,-0.5780818875673703,-0.04522840875678907,-0.15450957202871968,-0.012748994467627296,-0.34144603235472515,-0.03006636370908063,frac_si,1.9500008676933218,sharpness_c0,-0.5780818875673703
256,0.0066269052352551355,49.34368133544922,imaging,0.49763010424509463,0.5011006372617495,0.5008493731237861,0.004739791509810742,-0.06665106876141655,0.02748682446591227,0.2857410463555894,0.008026806973091775,-0.5504761044855133,-0.06134310772323021,-0.06735661109583638,0.027449447961947235,-0.33683289054914906,-0.028417121248368652,-0.045319865409281214,0.027050553049589095,0.6380467918982786,0.05980400639851996,-0.2568038346505707,0.035486103247382286,0.4006515298446558,0.030477393957462198,0.22728356859403975,0.014456956747687405,0.46304116283198954,0.03732651427262499,-0.2878491301574535,-0.006755259329218513,0.52491618969193,0.06798357860876302,0.2820834030044416,0.020530189206498232,frac_pore,-0.5504761044855133,p1_c1,0.6380467918982786
257,0.011928429423459244,66.56897735595703,imaging,0.5018570078676496,0.5084799645484016,0.49248454882571074,0.016959929096803217,-0.39066065739685224,-0.04725403411698065,0.4886007831666126,0.06593083524127792,-0.34264302034430255,-0.043079135950182,-0.3912244315794626,-0.047310252712016165,-0.3368328941932872,-0.034863871151342034,-0.38172735173918204,-0.023789100940976565,0.042193910496886075,0.010120727707393189,-0.3604148891582069,-0.013535837367744372,0.4300120156694736,0.049378682660193976,0.43572807584282547,0.036349627480074725,0.40590235107725947,0.04323379194251266,0.6508588927625103,0.07583371193331064,0.2730472016888632,0.033697000360514755,0.3465398987082566,0.051721492992201495,frac_graphite,0.4886007831666126,sharpness_c0,0.6508588927625103
258,0.005301524188204109,39.048988342285156,rare,,,,,,,,,,,,,,,,,,,,,,,,,,,,,,,,,,,,
259,0.008614976805831677,52.305267333984375,imaging,0.49444918872758326,0.4979504544644449,0.5053823061981282,0.01110162254483349,-0.6060996597252504,-0.07643563838049229,0.6564943251461234,0.07600247198501021,-0.12414928500089079,-0.009052680641130469,-0.6065691700503402,-0.07650137523779944,-0.33683287711769055,-0.029814417850313527,-0.022682733816595392,0.029949260802285622,0.42557899164893187,0.03447539888137144,-0.15828460550179901,0.019100942258639692,-0.7112179684196258,-0.061653767825885976,-0.5803176616939187,-0.05641862808975531,-0.7275315902166122,-0.06321702599845502,-0.09159349266532699,0.00813678606720751,-0.6808584764385399,-0.06169782764419313,-0.5438169513193072,-0.0306405812055951,frac_graphite,0.6564943251461234,noise_sigma_c2,-0.7275315902166122
260,0.010603048376408217,67.34432220458984,material,0.5027059257500038,0.5003058663725211,0.4978845135087409,0.0054118515000076695,0.9055408550678855,0.06875981794955942,-0.8424095557703792,-0.06100205298761607,0.11705051646266956,-0.006828038681332077,0.9044099368914733,0.06868542464610253,1.5060327033207432,0.11617704346071497,-0.4032293326261095,-0.01392257072467778,-0.17093746759402195,0.0030205724147587547,-0.4906029557642208,-0.0634133785378763,0.08144501632776775,0.028746386363859674,0.04824048641290825,-0.0022824625634774013,-0.1204461423223327,-0.002609712579909463,-0.5122124978819406,-0.049192681533492946,-0.20301806272947598,-0.013154470327868085,-0.3324133310143281,-0.023157978123841655,K04_agglom_frac,1.5060327033207432,sharpness_c0,-0.5122124978819406
261,0.0013253810470510272,19.012527465820312,rare,,,,,,,,,,,,,,,,,,,,,,,,,,,,,,,,,,,,
262,0.009940357852882704,53.220726013183594,imaging,0.5031038560073572,0.506207642324199,0.4932791806463005,0.013441638707399006,-0.590337480698486,-0.07293153273935131,0.7477813010629534,0.09602045219770049,-0.5293099351451772,-0.04746120116046683,-0.5908138877144715,-0.0729546875547328,-0.33683290737213617,-0.03367006446576788,-0.31063500936154875,-0.03768349598768092,0.08763440051632237,0.006226494023470008,-0.1749488386894289,-0.018122576291502327,0.4976254031133535,0.044857396063402624,0.3905277892661361,0.030844936511687217,0.4904888752692913,0.043363697180259925,0.7916730884989049,0.0870018527709791,0.3173622085446098,0.03483279445252192,0.8902163404059834,0.09068514195367272,frac_graphite,0.7477813010629534,sharpness_c2,0.8902163404059834
263,0.003976143141153081,34.084938049316406,rare,,,,,,,,,,,,,,,,,,,,,,,,,,,,,,,,,,,,
264,0.0013253810470510272,14.862781524658203,rare,,,,,,,,,,,,,,,,,,,,,,,,,,,,,,,,,,,,
265,0.011928429423459244,71.78662109375,mixed,0.4980040323599411,0.5049203543233127,0.49778739184177995,0.009840708646625451,-0.45375068428612997,-0.07158820539870346,0.3406978790732563,0.05559669476947842,0.39030107833068806,0.030997412734457313,-0.45428685381465844,-0.0716162309946975,-0.3368328955084688,-0.03714108944052332,-0.4595705688650091,-0.03947031129245135,-0.18803618736780614,-0.011519103134516566,-0.41576724651551183,-0.039551836710105814,0.07329689710586418,-0.0005889712519502282,0.2956413796702842,0.030331843015728728,0.03205535273620262,-0.007238999537326355,0.16675623337615142,0.031905441670355326,0.08985230419125924,0.00827325110675277,0.05379512122879586,0.01615794053461852,K01_si_frac_adm,-0.45428685381465844,p1_c0,-0.4595705688650091
266,0.008614976805831677,51.18354797363281,imaging,0.5058868412675154,0.5016088089515286,0.4947059862263818,0.01177368253503075,-0.5886397337025984,-0.059922518941975415,0.7486771165766253,0.07819969508913831,-0.585423661873896,-0.06259332581336328,-0.5891168835546318,-0.059971794305895575,-0.33683289221497537,-0.03115089719541056,-0.402038048559743,-0.005592854209376375,0.5872807550444022,0.04504052285577278,-0.4236391647676073,-0.02996403515328021,0.5964370782603161,0.06289170951292533,0.8274007888425509,0.08136292998076404,0.6766505037474545,0.06442090009820906,0.8084163842322715,0.07740006137724337,1.0657407837486197,0.07343488014859452,0.4602529010017055,0.05793181580040572,frac_graphite,0.7486771165766253,sharpness_c1,1.0657407837486197
267,0.010603048376408217,70.28597259521484,imaging,0.49697825658542993,0.4984634429474922,0.503238566131026,0.006477132262052043,-0.41934604249521984,-0.06282690236768457,-0.11572900869611805,-0.013499743255092189,1.1056094385451793,0.09675698219764355,-0.41435990325203975,-0.06194994330859977,-0.22086269535048333,-0.009973505190085358,-0.14273629514469832,-0.008487636526179588,-0.42303921991987437,-0.04727516157662964,-0.2340993570051962,-0.048466454060976875,-1.0129769531618251,-0.06929127364626181,-0.8504324897820098,-0.07081149794626687,-1.1608167643538427,-0.0764497692682384,-0.18605314565844622,-0.007467556393372271,-1.129627599625589,-0.10697638467256909,-1.0263332917333166,-0.07051237836014529,frac_pore,1.1056094385451793,noise_sigma_c2,-1.1608167643538427
268,0.00927766732935719,59.34126281738281,mixed,0.5035422109257752,0.4957299127678739,0.500655129789864,0.008540174464252148,-0.0843389734932251,-0.012199478840196717,0.006406618913223021,0.004661976393360445,0.19791425917429406,0.0009085635857057576,-0.08502283208388053,-0.012247471903246895,-0.3368328842751473,-0.03367006446576788,-0.48368826033197326,-0.0322240734425958,-0.4610238207531676,-0.03692882404885519,-0.4655890021648285,-0.04765510516901515,0.1469297931626097,0.014110786813873044,0.0812764148132767,-0.0029906123501840937,0.08153626863579008,0.005374723645067252,-0.013271350737698848,-0.002929876019253441,-0.19227498940209253,-0.00743704595117966,-0.26114360036471346,-0.020414326255329702,K04_agglom_frac,-0.3368328842751473,p1_c0,-0.48368826033197326
269,0.013916500994035786,75.48878479003906,material,0.5043342816285075,0.5017557211462041,0.49568338336570716,0.008668563257014927,-0.5509398529090082,-0.055391643875440544,0.43896466963104624,0.049596096758117124,0.21401357373371382,-0.003254974708893023,-0.5514334980316273,-0.05545659281673904,-0.33683289003397554,-0.04032698302125703,-0.09882143616903293,-0.03302573812538268,-0.3254638297099406,-0.020793574599270455,0.021219684832168885,-0.0058765425678087915,0.011422241555899312,0.014096014342111947,-0.011737410705969151,0.016527679489386653,0.03466662470853927,0.023790110943826097,0.25584231531539336,0.04761842265506554,-0.05206115297022801,0.026730434080317018,0.03121565952236329,0.01808040858701875,K01_si_frac_adm,-0.5514334980316273,p1_c1,-0.3254638297099406
270,0.0033134526176275677,31.842687606811523,rare,,,,,,,,,,,,,,,,,,,,,,,,,,,,,,,,,,,,
271,0.005964214711729622,41.23887634277344,rare,,,,,,,,,,,,,,,,,,,,,,,,,,,,,,,,,,,,
272,0.015904572564612324,88.59778594970703,material,0.49740271552660703,0.500385343461444,0.5015327564894932,0.005194568946785938,0.4141421320740918,0.05174268765128561,-0.20727758841727018,-0.015396818487327825,-0.4853658467347015,-0.07237107152039289,0.4132262220060133,0.05162083182763565,0.5046266405348713,0.043055678446038526,0.18411507342571692,0.032234946457651084,0.4436000903418898,0.053221044953290005,0.08674738758257822,0.041744335078310206,0.05715168168535903,0.019101897221521835,0.01647864857660289,0.022055637176936305,0.1670282484577962,0.036726594047502135,-0.46207113044074843,-0.03939364810908757,0.2505091018892984,0.035677335540821205,0.31774775809773637,0.0667609117157237,K04_agglom_frac,0.5046266405348713,sharpness_c0,-0.46207113044074843
273,0.0066269052352551355,43.804054260253906,material,0.5014552877983214,0.4974543247578357,0.5008493731237861,0.005091350484328627,-0.4829602120259292,-0.04573064863767545,0.6722335758207564,0.07295048874472868,-0.7916293821510834,-0.0734761936331059,-0.48348360117277267,-0.04574946099062802,-0.33683288552994745,-0.028417121248368652,-0.10716267931725473,0.026821594673561357,0.5712142473399013,0.043145666508818625,-0.3330143207394105,-0.0021088243913181537,0.30029058379479073,0.01964070888943217,0.23239307190478098,0.0065364739560332605,0.25205326447746895,0.01994314162917483,0.4246352941538231,0.0463021817224821,0.310349777231209,0.007493523284987194,-0.4065630520654821,-0.033240814226579186,frac_pore,-0.7916293821510834,p1_c1,0.5712142473399013
274,0.0033134526176275677,28.01754379272461,rare,,,,,,,,,,,,,,,,,,,,,,,,,,,,,,,,,,,,
275,0.013916500994035786,80.46281433105469,imaging,0.49865082693697294,0.5108076798951866,0.4930187179939961,0.021615359790373212,-0.4382545381322157,-0.06679656836206518,0.6522075062426568,0.10421493644035129,-0.7676342749806261,-0.11436209846772707,-0.4387974879118003,-0.06686160333296566,-0.3368328794213291,-0.0382310813155339,-0.14025366671592596,-0.013134813278760149,0.6694498205433311,0.07186801602816117,-0.17611113113054996,-0.0049400926929688525,0.5750554155755832,0.08753816443843063,0.5021503250123375,0.07819269385491617,0.6004036379854798,0.08628902766644506,0.6533505871108138,0.09034499565255646,0.7957067970025092,0.0877119567697326,0.5038313366272651,0.08498817062572973,frac_pore,-0.7676342749806261,sharpness_c1,0.7957067970025092
276,0.013916500994035786,67.25936126708984,material,0.5024128469572863,0.5036089823560862,0.4956674907292954,0.00866501854140922,-0.6443214935355762,-0.10266006926373544,0.8346826228430414,0.13198799349406815,-0.6212191946173778,-0.08982631332559544,-0.6447742801830527,-0.10269901090763164,-0.3368328651747944,-0.0382310813155339,-0.3180675706642436,0.004165514139762952,0.8102291204663336,0.09129663111031831,-0.328377365747778,-0.023882830775258927,0.3618666692119448,0.029533108836470503,0.44579403002739504,0.04162618607997764,0.4396490406304104,0.03960959175028565,0.7391150139845929,0.10392866015385942,0.6662925577558281,0.05054600933384711,0.09002626777672142,0.023720542346446185,frac_graphite,0.8346826228430414,p1_c1,0.8102291204663336
277,0.0145791915175613,82.49302673339844,material,0.4944011844425692,0.5031285072275984,0.501619283065513,0.011197631114861606,0.8247367380838008,0.09426539965805143,-0.6567323587205798,-0.07235814253534494,-0.15398811387277977,-0.021671698961198263,0.8236411752680003,0.09418956689062308,0.6802810953329377,0.050397402102763195,-0.09298732993873463,0.03003471924389216,0.09535555456342437,0.02808942864630987,-0.11834905844451916,0.024564458887842585,0.18612531533512228,0.005764040758341102,0.06229974405325225,-0.003471363404096864,0.187777051870993,0.013108662314300449,-0.6676336454916425,-0.09058065490430205,0.10063292184718338,0.009200146690392912,0.14541485903256615,0.013472877331359887,frac_si,0.8247367380838008,sharpness_c0,-0.6676336454916425
278,0.011928429423459244,93.38650512695312,material,0.5037342280658316,0.4994412519809062,0.49779975278121136,0.007468456131663137,1.0178114297130856,0.10610325795205237,-1.1990155409908643,-0.10594106490529595,0.6581970287867672,0.05373675480744073,1.0167193661049234,0.1060891983513194,1.0787081436306152,0.08313268502800863,-0.527554176756835,-0.07706603985997408,-0.27041914611147744,-0.02781207446665821,-0.4712016619249008,-0.06962176675129837,0.611741922510504,0.05886728012196495,0.35809184674752553,0.0297037407320102,0.6252372166609536,0.057537010692148366,-0.4311983333823526,-0.044922480776092635,0.13934502198692528,0.015471708145990493,0.029331064755197825,0.015441343059240649,frac_graphite,-1.1990155409908643,noise_sigma_c2,0.6252372166609536
279,0.008614976805831677,51.37828063964844,imaging,0.49635293760958865,0.5034500281782406,0.5000194243333921,0.007294124780822697,-0.693187933437366,-0.08340079927399599,0.7523282076276039,0.08014602562107484,-0.2518084181366076,-0.010507993095971517,-0.693619338831066,-0.08341712968532672,-0.33683287153521124,-0.03115089719541056,-0.28156292802917354,0.001869660923906854,0.28100236240695703,0.024085490324350166,-0.3574012937257317,-0.004370235058979978,0.047447978876867164,-0.010912590747117519,0.09552274783743706,-0.011089124758578718,0.04003466171401841,-0.0073783322940315635,0.9066263819965934,0.08698479076410248,-0.19012588396211907,-0.025390703992405363,-0.18328886996498928,-0.006534169579194081,frac_graphite,0.7523282076276039,sharpness_c0,0.9066263819965934
280,0.0066269052352551355,49.79375457763672,material,0.503345140703086,0.49926543902662246,0.4982006003884866,0.006690281406172005,0.6846358331117253,0.06322563947221539,-0.6409584319369607,-0.06061543117746461,-0.17492508875503132,0.005842781176540153,0.683601570401526,0.06316952495595143,-0.05592670814830084,-0.0035603162072244537,-0.2946368665990643,-0.025481614285084903,0.10745602554784847,-0.005754469083478894,-0.40909837739301086,-0.0323892587399472,0.22660087273772667,0.026904164599553637,0.3261224804405553,0.04026326805062821,0.14045470221261852,0.020513514401249787,-0.6218226789222638,-0.05017483690206753,0.13411998776658948,0.026309164781632716,-0.04045727129692817,0.018498422586069676,frac_si,0.6846358331117253,sharpness_c0,-0.6218226789222638
281,0.0019880715705765406,19.99416160583496,rare,,,,,,,,,,,,,,,,,,,,,,,,,,,,,,,,,,,,
282,0.0066269052352551355,44.35554504394531,material,0.5014451816330553,0.502899709547366,0.49686385308140557,0.006272293837188858,-0.5906646606443258,-0.06620760279421295,0.399808873538777,0.03778709935355182,0.48856684088702146,0.04082651905062003,-0.591140924462573,-0.06622643994487966,-0.3368328706805214,-0.026949546314957697,-0.4189274459534012,-0.028329429217746352,-0.3798781761956681,-0.03140814290469617,-0.429569370710941,-0.032433138895440486,-0.052956461311870304,-0.017271917365624882,0.06483609120026185,-0.007644739663432476,-0.16689395311817448,-0.028108726662506182,0.2229433380431985,0.0436309574438524,-0.3505739397234835,-0.024266985726928304,-0.35264516283026626,-0.029611869650677053,K01_si_frac_adm,-0.591140924462573,p1_c2,-0.429569370710941
283,0.012591119946984758,82.2579345703125,imaging,0.5090538608077858,0.4989956986036116,0.49440844075578316,0.018107721615571615,0.13228150549949722,0.04894834129316242,-0.17195836085830904,-0.04157672159080108,-0.01200065469629983,-0.027637171138342544,0.13148892160182185,0.048770720086676767,-0.3368328886669483,-0.03929228768412859,-0.22999296128575866,-0.033010305380307456,-0.36285584408175897,-0.03381108674253219,-0.14277747232550328,-0.01865221511415633,0.5388725784627482,0.07275018714819012,0.32608965343644,0.02469336315992229,0.658213623042386,0.08044103943390175,0.30589948867836503,0.028905612818979725,0.31229779569509614,0.03479321473248208,0.30669965975709435,0.03313399215111827,K04_agglom_frac,-0.3368328886669483,noise_sigma_c2,0.658213623042386
284,0.0066269052352551355,51.314064025878906,material,0.5033552468683521,0.4992895229929627,0.49817587850962386,0.006710493736704182,-0.4338437759567954,-0.025331454358750876,0.19583334390545365,0.01098540470152784,0.7537494138271567,0.051907377265694374,-0.4343886556744474,-0.025369029535173112,-0.33683289243134945,-0.028417121248368652,-0.14557810507371663,-0.01106405691439147,-0.6140606179487867,-0.03945155922841343,-0.005589227741030918,0.009348615734063469,-0.011529440660531196,-0.016633354331290876,0.1619335895028177,-0.000524572971668274,-0.009820746903398164,-0.01311114340486363,-0.09139199007327803,0.011868286422910653,-0.25633663464452805,-0.019725052074986538,0.1152239238534984,0.01330299064259536,frac_pore,0.7537494138271567,p1_c1,-0.6140606179487867
285,0.003976143141153081,33.673912048339844,rare,,,,,,,,,,,,,,,,,,,,,,,,,,,,,,,,,,,,
286,0.005301524188204109,34.24946975708008,rare,,,,,,,,,,,,,,,,,,,,,,,,,,,,,,,,,,,,
287,0.00927766732935719,51.945518493652344,imaging,0.5016574111036438,0.5029960454127269,0.4966448878686209,0.0067102242627582465,0.2440362126044758,0.0360195329550447,-0.25996056102967907,-0.03076059831245867,0.07780929177210803,0.007220064719633533,0.24319473121434185,0.03595601877352854,0.04871514338002248,0.01171744518179922,-0.5234772442939077,-0.04807729045000674,-0.42729316445445437,-0.03545451606120945,-0.42677058250766786,-0.026099625019630514,0.5810927617554312,0.05160676453389035,0.6286091663391994,0.06524183944632464,0.6128374900686133,0.06551050517611656,-0.22882194748091084,-0.012991581102291608,0.3585024066172845,0.04277360311908345,0.3210853965207743,0.04676363095350802,frac_graphite,-0.25996056102967907,noise_sigma_c1,0.6286091663391994
288,0.011928429423459244,64.50691223144531,mixed,0.5037519138550474,0.4957732639072864,0.5004767790923539,0.008453472185427247,-0.41090999521493915,-0.04231011131197958,0.267764327670621,0.031979155820594546,0.10690440769981849,0.01962673417113092,-0.4049585854277494,-0.041657866342894055,-0.3368329062939831,-0.03714108944052332,-0.30162320649980656,-0.03387984302003787,-0.1732496340132239,-0.007918581862105544,-0.250837343978021,-0.014768701080522051,0.10590288999714857,0.0018619462629054988,-0.05788635523845936,-0.008272563945768217,0.10168437684051453,0.0030419688190240516,0.1831481342124467,0.039274426065273225,0.05045355907688899,0.009589665833971488,-0.01689850010669004,-0.002210931181840338,frac_si,-0.41090999521493915,p1_c0,-0.30162320649980656
289,0.009940357852882704,63.25231170654297,imaging,0.4954888604793353,0.5007345609733777,0.5026143386897405,0.00902227904132935,0.08981630185438988,0.03376396785765971,-0.01708338069215707,-0.012959792286116333,-0.14507040346577613,-0.004691270592797987,0.08904229826398176,0.03365650049124744,-0.05670130103990976,0.010600488840101696,0.9014846132327388,0.05999016414394205,0.08889543974398434,0.021695995516333964,0.9205560425450079,0.06472244651150419,-0.6101078716380356,-0.04703525932294419,-0.702347409971689,-0.049356682742590405,-0.47038588722136304,-0.036612018250539134,-0.5976370876687629,-0.059720749776443864,-0.4532309038661806,-0.04237837847920359,-0.15085649833755957,-0.025981490390980234,frac_pore,-0.14507040346577613,p1_c2,0.9205560425450079
290,0.0066269052352551355,42.65081787109375,imaging,0.49953258985644194,0.4974519163612016,0.5021949496733179,0.005096167277596764,-0.4581210412432144,-0.02023018024004777,0.1914251458119809,-0.005324407331937317,0.4699256107719856,0.04643217499302399,-0.45704683547828473,-0.0198086515706892,-0.33683289180394904,-0.028417121248368652,0.1106553866727293,-0.01254344250127693,-0.45635048667683625,-0.04180272550657065,0.24165770993426403,-0.010051856391682065,-0.6167533703187662,-0.03764999558704486,-0.5446352572856294,-0.028452486097680148,-0.5620605925733801,-0.035032548143736915,-0.26511183898574087,-0.02748288717610257,-0.5837762596990073,-0.04900929038081189,-0.28864470025691746,-0.02352839871233961,frac_pore,0.4699256107719856,noise_sigma_c0,-0.6167533703187662
291,0.004638833664678595,34.64057540893555,rare,,,,,,,,,,,,,,,,,,,,,,,,,,,,,,,,,,,,
292,0.003976143141153081,36.08015823364258,rare,,,,,,,,,,,,,,,,,,,,,,,,,,,,,,,,,,,,
293,0.005964214711729622,45.27867126464844,rare,,,,,,,,,,,,,,,,,,,,,,,,,,,,,,,,,,,,
294,0.01126573889993373,78.41985321044922,mixed,0.5022372523357874,0.49987235497839666,0.4985299311319088,0.0044745046715748416,-0.3576937691327404,-0.03846058899923793,0.3222588924417424,0.04450184251224518,0.05656367371794911,0.01463445358972073,-0.3582719676917422,-0.03851801704948484,-0.07252818718067575,-0.015909905435633944,0.12352703393209374,-0.01788448649353765,-0.11514160865852756,0.000695682166107008,0.2011237166111551,-0.008037172846355953,-0.0655038231393194,-0.0076046779180370195,0.13178914228659072,0.024797964088769955,-0.026816809554243315,-0.002582429734575015,0.07064445902975981,0.019344357348637445,0.11899260947407791,0.021338737586256082,-0.13605454050123786,-0.018557397098069,K01_si_frac_adm,-0.3582719676917422,p1_c2,0.2011237166111551
295,0.007952286282306162,45.23027038574219,material,0.5025139086099475,0.49838396585856937,0.49942786508917536,0.005027817219894981,-0.5059060190874538,-0.05592932603625467,0.6607461503478982,0.07184753345532836,-0.6102419980032495,-0.05581169044696814,-0.5064193684665995,-0.05596360462822157,-0.3368328800600387,-0.029814417850313527,0.00931865922769298,0.012141318519892436,0.2613843222232292,0.01598771337472366,-0.004269052820308093,0.012551846852295608,-0.0384460910180322,0.004427626226822125,-0.09564329943210828,-0.007163517632717973,-0.07464251139126367,-0.0006804258935471138,0.6534788224416292,0.04681495407512898,-0.02000003518568977,-0.005809544108309565,0.5872048361447804,0.015370397343210433,frac_graphite,0.6607461503478982,sharpness_c0,0.6534788224416292
296,0.007952286282306162,49.45995330810547,material,0.4987064108459366,0.5002215724903304,0.5007416563658837,0.002587178308126825,0.09111856991753196,0.00859954800382788,-0.47159835602140904,-0.052861132226265574,0.8961244529323887,0.08701541376027604,0.10057684339266268,0.008995070140449084,-0.3368329093711569,-0.03115089719541056,-0.4626449158925735,-0.05008864486844925,-0.43051409787121037,-0.04795416306920961,-0.499931794840517,-0.06501602599903876,0.12161281781644032,-0.00471953243129138,0.13804365727857892,0.02140572099169547,0.04130643225669784,-0.010596156622069855,-0.30485399284295117,-0.013425097532653736,0.016233219611575103,0.01649212167442205,-0.22039795722853173,-0.011390312205570628,frac_pore,0.8961244529323887,p1_c2,-0.499931794840517
297,0.012591119946984758,63.74393081665039,material,0.5014009671600159,0.49535179449633204,0.5024289245982695,0.009296411007335914,-0.7005639285034143,-0.10414756572280598,0.6727770261857815,0.08309595409339578,0.10216440961376572,0.04034519588505583,-0.7009921066548738,-0.1041886773381638,-0.3368328959812356,-0.03714108944052332,-0.16852700440649365,-0.033869647776986964,0.04557457931675758,0.007683157772621291,-0.15534132012924773,-0.0333075574637197,-0.26867256179738774,-0.0439099473988809,-0.0014824409295125032,-0.002748753065843783,-0.29773040093913883,-0.04603481027721434,0.24565571548610465,0.04126237092396827,-0.12855654480604398,-0.023989281230820055,-0.0941136635803262,-0.011539452018938594,K01_si_frac_adm,-0.7009921066548738,noise_sigma_c2,-0.29773040093913883
298,0.010603048376408217,61.1885871887207,mixed,0.5008236524691889,0.5039401368932648,0.49653540526222856,0.007880273786529557,-0.14422978944679737,-0.05078414392215434,0.05315595610527121,0.031674945455907336,-0.03414476938912342,-0.009020303319156625,-0.14372179522774692,-0.05057433116445513,-0.3368328940289677,-0.03115089719541056,-0.3693110819472907,-0.015881500257418628,-0.46069713444916965,-0.02201208990655658,-0.3316252269542669,-0.024767166175926576,0.3446200657234463,0.009780964407270318,0.4333347453052159,0.027215000358955525,0.3212360796589345,0.007166310784526033,0.46117309075636914,0.0657798714604591,0.11667530936944909,0.0002558904573869331,0.26801823449630574,0.01869740527895533,K04_agglom_frac,-0.3368328940289677,sharpness_c0,0.46117309075636914
299,0.010603048376408217,66.92605590820312,imaging,0.49698330966806303,0.5057657015418555,0.4978809818117605,0.011531403083711034,-0.364109996334636,-0.06229459486288945,0.31056717997847033,0.04765341483956139,0.25645671995694763,0.029588210270806974,-0.3646853875822706,-0.06236883033563801,0.11315734843080505,-0.014247463802055937,-0.0433138653619826,0.0010693345267634856,-0.391110906043421,-0.02450782730600414,-0.016388534919016998,0.0026753838608734866,-0.33158966093824255,-0.048107996592613486,-0.37121724985546845,-0.04502823609459721,-0.38211801725157074,-0.05353791764556674,0.10413566349467776,0.02840521874764148,-0.6501160727496021,-0.07281708542064916,-0.210749465583229,-0.035462492125946564,K01_si_frac_adm,-0.3646853875822706,sharpness_c1,-0.6501160727496021
300,0.0,0.0,rare,,,,,,,,,,,,,,,,,,,,,,,,,,,,,,,,,,,,
301,0.005301524188204109,45.940101623535156,rare,,,,,,,,,,,,,,,,,,,,,,,,,,,,,,,,,,,,
302,0.004638833664678595,34.97180938720703,rare,,,,,,,,,,,,,,,,,,,,,,,,,,,,,,,,,,,,
303,0.005964214711729622,51.08760070800781,rare,,,,,,,,,,,,,,,,,,,,,,,,,,,,,,,,,,,,
304,0.0,0.0,rare,,,,,,,,,,,,,,,,,,,,,,,,,,,,,,,,,,,,
305,0.0066269052352551355,49.69813537597656,imaging,0.4976452634929938,0.49926543902662246,0.5021843545823768,0.004709473014012366,-0.05057849939351766,0.009603369736547634,0.2069635806547474,0.013326251796791604,-0.40133252392324603,-0.029088969064987535,-0.05129107417186469,0.009509630415263754,-0.33683289180394904,-0.028417121248368652,0.2657180547778087,0.03400243526208243,0.5531542216649386,0.054171568440724745,0.0423000255318197,0.019303431979829495,-0.26055776600711616,-0.021193602937241086,-0.2960268042870876,-0.020878222958367776,-0.31005963948660176,-0.025207658458775345,-0.5255422719943266,-0.039382112693699234,-0.22599393357217995,-0.011015659644856814,-0.12436667789750568,-0.00802391131541573,frac_pore,-0.40133252392324603,p1_c1,0.5531542216649386
306,0.0013253810470510272,17.674121856689453,rare,,,,,,,,,,,,,,,,,,,,,,,,,,,,,,,,,,,,
307,0.005964214711729622,48.41071319580078,rare,,,,,,,,,,,,,,,,,,,,,,,,,,,,,,,,,,,,
308,0.007952286282306162,55.96387481689453,imaging,0.4967862394453736,0.49839600784173954,0.5034222143740067,0.006844428748013387,-0.32836129934557823,-0.023858456058590594,0.35208743527695274,0.031788074799341065,-0.03053634007582131,0.007572083819958333,-0.32895233219639497,-0.023944016635356054,-0.33683289588205,-0.03115089719541056,0.5854455516437339,0.028635710280502966,0.13367797665622713,0.019314076788363953,0.6491553726380346,0.031607026072439634,-0.5884635136994509,-0.0581583216211323,-0.5408867219394019,-0.042597330519190756,-0.4918205710576418,-0.04825766399834554,-0.3806243543069013,-0.01891869556815391,-0.2738608028690173,-0.01618802528188328,-0.341860047022046,-0.03754873110887254,frac_graphite,0.35208743527695274,p1_c2,0.6491553726380346
309,0.005964214711729622,41.893310546875,rare,,,,,,,,,,,,,,,,,,,,,,,,,,,,,,,,,,,,
310,0.0033134526176275677,31.244001388549805,rare,,,,,,,,,,,,,,,,,,,,,,,,,,,,,,,,,,,,
311,0.005964214711729622,40.444801330566406,rare,,,,,,,,,,,,,,,,,,,,,,,,,,,,,,,,,,,,
312,0.010603048376408217,67.87824249267578,material,0.5026806603368384,0.4984754849306623,0.4992442168461946,0.005361320673676895,0.5821021762985314,0.07448834437949137,-0.5920845583718519,-0.06387322718990118,0.04683034030986177,-0.020151422931155093,0.5811127764311179,0.07438446154031575,-0.33683291470405435,-0.036019696756253675,0.02531649583694326,-0.0036091275330530355,-0.29096609265835066,-0.007642254187769592,0.08547909652770719,0.020754359882885594,0.1486922582744823,0.01672792083470577,0.017729169909059005,-0.0039045982169934757,0.14558229233296202,0.016359508641472117,-0.48526242892993815,-0.044701320729890325,-0.06644610401983647,-0.0021067507223637948,0.013390997998822304,-0.004955640858796932,frac_graphite,-0.5920845583718519,sharpness_c0,-0.48526242892993815
313,0.005301524188204109,41.7546272277832,rare,,,,,,,,,,,,,,,,,,,,,,,,,,,,,,,,,,,,
314,0.01656726308813784,99.0680923461914,material,0.5083982233361461,0.5000240839663403,0.4941126611336747,0.016796446672292298,1.3363066595484039,0.10583415971607499,-1.345330676376812,-0.09844342092371686,0.036603339111075855,-0.01726500101446976,1.3349872627767285,0.1057630932773952,1.3359097832547164,0.1289643640323009,-0.07537632635545073,0.007644688040241708,-0.18276409267202418,-0.018415484642570822,-0.16916927228240913,-0.017781250052867955,0.4033982508851477,0.058481113559016015,0.2535787213953751,0.03334422823636022,0.3455812937632207,0.043950001084332134,-0.08464450876068277,-0.0037826266635815975,0.18722305428981242,0.033785058707478444,-0.38342588658970933,-0.04899627279116072,frac_graphite,-1.345330676376812,noise_sigma_c0,0.4033982508851477
315,0.00927766732935719,57.01812744140625,material,0.4997195539138651,0.5048047512848797,0.49667314144446406,0.009609502569759343,-0.508370808810274,-0.04559687896821029,0.6100285355309776,0.0672346077282791,-0.31313558839611433,-0.03560378083301083,-0.5088830797104111,-0.04570786025208004,-0.33683287800114525,-0.03367006446576788,-0.101053572219751,0.019947214069644982,0.43546584354735757,0.0466673306853538,-0.14760581057379393,0.017214259710214206,0.17291454305544676,0.01231168331433671,0.22740589657863575,0.01941844390945361,0.24715043936640538,0.019516130979111812,0.3332393701094578,0.0429219949303877,0.30622928324993365,0.02744531366163088,0.3448227900307306,0.04729627259252487,frac_graphite,0.6100285355309776,p1_c1,0.43546584354735757
316,0.0145791915175613,91.80370330810547,material,0.4981960494999975,0.5031646331771087,0.49894049090588033,0.006329266354217378,1.7347124341173914,0.14773818520856444,-1.5873860049655935,-0.14171165395385033,-0.14125122784963387,-0.015413126907539335,1.7332187176657006,0.14766230183577297,1.7536633382632578,0.20591995803182564,-0.10845265754756998,0.004237458323763679,0.14800158328597945,0.01838732505001545,-0.1688928645212117,-0.0036574174109030135,0.4610922066921197,0.06797483207773411,0.3923235650634462,0.048617187387559116,0.39660307669856537,0.06262166859773526,-0.5610037549886425,-0.057443648663026134,0.4086503936389879,0.054867498587623444,0.12953389475298638,0.04053554010273305,K04_agglom_frac,1.7536633382632578,sharpness_c0,-0.5610037549886425
317,0.01126573889993373,72.70695495605469,material,0.4965613772682025,0.5034825415327999,0.499849902878333,0.006965083065599842,0.9211426782449539,0.08119940809397762,-0.9072323550226075,-0.060660366911143786,-0.11114897396257929,-0.021844263392262007,0.9279561460452086,0.08147385369068139,0.45624854669025994,0.045414535656061863,0.23408652503993863,0.023896692773604237,0.15605031722938004,0.029743439786333585,0.21367399408654128,0.002566417911703705,0.14527148382994332,0.037745331001887816,0.01064848834482758,0.006100420113204017,0.18821484776693015,0.03505932894750567,-0.41640724931258905,-0.03336784248615666,0.264820214187616,0.042585145584324774,-0.3927576527275382,-0.017361812033402854,K01_si_frac_adm,0.9279561460452086,sharpness_c0,-0.41640724931258905
318,0.0013253810470510272,17.790019989013672,rare,,,,,,,,,,,,,,,,,,,,,,,,,,,,,,,,,,,,
319,0.0066269052352551355,43.1272087097168,material,0.5014401285504222,0.49927507261315857,0.4995249867561363,0.0028802571008443856,1.5795451075027103,0.08717453861484611,-1.2544062379207572,-0.07742195860630148,-0.5555869284804255,-0.03754047572661259,1.5781192834381557,0.0871369382923769,1.6918672095030414,0.10483308357133374,0.9656152350726355,0.02892993575298317,0.3089935904982375,0.019231793626640972,0.8641072904435445,0.019636391298928847,-0.45458558644286645,-0.00020422287578443645,-0.6340633485090339,-0.017236927595269708,-0.4047513524919881,-0.005009648271287477,-0.7790950106307661,-0.06672727740976174,-0.5430397127005555,-0.010556468808223795,-0.1885903549487376,0.024952814751140775,K04_agglom_frac,1.6918672095030414,p1_c0,0.9656152350726355
320,0.005964214711729622,45.85813903808594,rare,,,,,,,,,,,,,,,,,,,,,,,,,,,,,,,,,,,,
321,0.005301524188204109,30.57221794128418,rare,,,,,,,,,,,,,,,,,,,,,,,,,,,,,,,,,,,,
322,0.00927766732935719,74.29220581054688,material,0.501634672231795,0.5011801143506722,0.49799223026664313,0.004015539466713736,1.5123495189024976,0.10791981427496354,-1.377357751736819,-0.1125353647940811,-0.09246022506591288,0.007568215635784775,1.5109530957939006,0.10787217842690508,2.5461100903204725,0.22371892145678507,-0.3050367195504131,-0.012811601103445033,-0.2927509206860023,-0.015617965413259566,-0.35510926472119814,-0.030599872151752656,0.2324254118284856,0.03034917487311521,0.15902796982410203,0.01574597791611383,0.07449378368482805,0.01620804091018494,-0.6687598353837633,-0.07586415684709771,-0.008593621013519103,0.0032450193430054617,-0.1054267451097687,0.0012016666250161314,K04_agglom_frac,2.5461100903204725,sharpness_c0,-0.6687598353837633
323,0.013253810470510271,64.54942321777344,material,0.4933526697962092,0.50212420583121,0.503088469009359,0.013294660407581649,-0.5311584364247826,-0.07938798739319733,0.5745135444397507,0.08157082184690927,-0.15086832735157946,-0.018317649071836823,-0.531638796832916,-0.07942786867650792,-0.3368328552597629,-0.0382310813155339,0.03337256055163935,-0.003303475209087565,-0.08751270425704774,0.001488618184048197,0.03469715495391566,-0.0059530068952275556,-0.3580944215341986,-0.0268937136907117,-0.32499634120802523,-0.03481470042994629,-0.32119524435550073,-0.02441779594635139,0.40568344541879464,0.048446343557613535,-0.4049748295021101,-0.03057949589118358,0.04863351950847336,0.021624368792251828,frac_graphite,0.5745135444397507,sharpness_c0,0.40568344541879464
324,0.005301524188204109,42.04098892211914,rare,,,,,,,,,,,,,,,,,,,,,,,,,,,,,,,,,,,,
325,0.02253147779986746,120.90779113769531,material,0.5180824562024063,0.49242318418935777,0.4929171817058096,0.03616491240481268,1.3138741419376128,0.11760013469234716,-1.2630368324110561,-0.12526208498180497,-0.18277430304762107,-0.005786299663007144,1.312564560342266,0.11746710353397465,1.2109193723476974,0.14521215027155446,-0.2812517633608808,-0.02515425267009076,-0.35215644426251297,-0.04164842398085816,-0.27063403525508867,-0.04216319765652951,0.6965965109022352,0.07854828463923062,0.33103910151250765,0.01632379666779051,0.6629735183327181,0.06198250655313055,0.12272255042044797,-0.001641470949017978,0.2296623104750382,0.009132676645654435,-0.1020994691930092,-0.0269865719794463,frac_si,1.3138741419376128,noise_sigma_c0,0.6965965109022352
326,0.003976143141153081,29.696491241455078,rare,,,,,,,,,,,,,,,,,,,,,,,,,,,,,,,,,,,,
327,0.013916500994035786,72.24403381347656,material,0.4967622373028666,0.5017677631293743,0.5009668020483842,0.006475525394266768,-0.6314977947436322,-0.08352832053953643,0.8140369488907933,0.1222451147144506,-0.6100248122140753,-0.10071893489179791,-0.6319561923662642,-0.08356715896217495,-0.33683291501775436,-0.04133716002918112,-0.09607840905954328,0.022273122960882186,0.4782645208864071,0.07355185507505607,-0.11761720325451532,0.04399314573131753,0.16386094882601282,0.007391732323786779,-0.028364808930783674,-0.01486284374676839,0.2260793347845974,0.016692375656711837,0.5795482576865031,0.07277946697415229,0.10161376920123893,0.02521099188702256,0.35284037971227494,0.04947068225744841,frac_graphite,0.8140369488907933,sharpness_c0,0.5795482576865031
328,0.005301524188204109,37.230796813964844,rare,,,,,,,,,,,,,,,,,,,,,,,,,,,,,,,,,,,,
329,0.00728959575878065,59.729957580566406,imaging,0.49910813091526485,0.49884396961566807,0.5014709517923363,0.0029419035846725006,-0.4523067793832409,-0.02546518994466324,0.2313225382589718,0.006841932701229403,0.6059296964108968,0.05572587453386135,-0.45284358069670866,-0.02555470314036822,-0.3368328717271464,-0.029814417850313527,0.049258260376051556,0.0022940971532744493,-0.19790634051470235,-0.007683473383583582,0.04238168335480633,-0.013892711543228273,-0.6518468716613824,-0.052814346443084935,-0.5280033346972746,-0.0353183014276624,-0.7262773164063167,-0.0580668183011461,-0.4799203832451336,-0.034972192056980114,-0.6798124348271845,-0.053635148828525075,-0.7996834323591654,-0.060175294544424225,frac_pore,0.6059296964108968,sharpness_c2,-0.7996834323591654
330,0.00728959575878065,49.940093994140625,material,0.497222067822475,0.5024397057902672,0.5001527458944023,0.005555864355049955,0.2999451213296929,0.051866897437391084,-0.1554614980912977,-0.02483025297713621,-0.6318757096040871,-0.06327748399233687,0.29907917738863554,0.0518311536235997,-0.33683288490254726,-0.029814417850313527,0.6053464609658857,0.05090697748181743,0.6248741550689961,0.045468660638393645,0.4858198157904498,0.05968792290788292,-0.35595187165768266,-0.010339029378420779,-0.4357237455652438,-0.026159374058398525,-0.34164568992310057,-0.013898664401922072,-0.4036124066200312,-0.029901100187674882,-0.1839982098443739,-0.009248153784325223,-0.46604425780051983,-0.024819555708715767,frac_pore,-0.6318757096040871,p1_c1,0.6248741550689961
331,0.005301524188204109,44.216705322265625,rare,,,,,,,,,,,,,,,,,,,,,,,,,,,,,,,,,,,,
332,0.007952286282306162,50.743019104003906,material,0.5025139086099475,0.5002023053172582,0.49809464947907467,0.005027817219894981,-0.5605719875722462,-0.06829854778125112,0.7685525956397912,0.09743327632829164,-0.6907167133456007,-0.0648380164323705,-0.5610614182636099,-0.06831561886813091,-0.3368329080538552,-0.029814417850313527,0.4782646925687394,0.019175526773244026,0.5033535537009248,0.04922045186004128,0.37356628826684707,0.00038037702896806833,-0.1063454883162029,0.0005074932037572634,-0.028656461273386058,0.012350476815544681,-0.017176143802676513,0.004686366942735265,0.38451401704117655,0.06366821859136196,0.46311417945962363,0.03916684808084597,0.09345082038318875,0.01195101546741802,frac_graphite,0.7685525956397912,p1_c1,0.5033535537009248
333,0.013916500994035786,77.2402114868164,material,0.5005950004800429,0.498159984971605,0.5009332509270704,0.0036800300567899624,-0.5087014133854807,-0.05537345520518144,0.3940223975173898,0.03798857892695585,0.3971316519922749,0.028978559617062652,-0.5092135396544606,-0.05542540055973342,-0.336832887700425,-0.03929228768412859,-0.06454439476789643,-0.008325390152873173,-0.06262257502173012,-0.00012798195982375297,-0.020295525213454818,0.008980669106193578,-0.15722784552882269,-0.026774951465673675,-0.07970645759406517,-0.004995746450767043,-0.18061451323945596,-0.03282586177999454,0.07924250371229666,0.023218132118386216,-0.10740385471815493,0.00506125315082344,-0.013085532651827525,-0.003951847444337589,K01_si_frac_adm,-0.5092135396544606,noise_sigma_c2,-0.18061451323945596
334,0.01126573889993373,69.66862487792969,imaging,0.4984676526915244,0.5016943070320364,0.4998287126964506,0.00338861406407287,0.3975577891558863,0.05657024410260266,-0.26011994322378185,-0.04027072851617656,-0.32715937755923663,-0.028761175507374857,0.39664913545983227,0.05645500556228449,-0.33683288929434846,-0.03714108944052332,0.06489565585655281,0.0023444437193504246,-0.19681885227145673,-0.007988336835687795,0.11172089046075012,0.012987176434492466,0.20448450152027203,0.013591438842401974,0.12691152230920727,0.0008699097792068992,0.26837200790776944,0.023736326656542437,-0.5043860608914159,-0.04925561923502469,0.05234297210708853,-0.008114248213594175,0.1530068188209226,0.01861739318159942,frac_si,0.3975577891558863,sharpness_c0,-0.5043860608914159
335,0.0019880715705765406,18.79564666748047,rare,,,,,,,,,,,,,,,,,,,,,,,,,,,,,,,,,,,,
336,0.01656726308813784,94.75129699707031,material,0.49691509305251674,0.5036342705207435,0.4994914356348225,0.007268541041486998,1.2433223282559782,0.10985029427154358,-1.2302926590697298,-0.12033011393141062,0.3555163557770292,0.04453452326047223,1.2420436161112927,0.10979097214131388,1.0340613574687938,0.13310924223745194,0.15346294288267706,0.0040259810010086225,-0.04452406156895581,-0.004238858448855991,0.21247281299286858,0.0070700386199775865,0.15294757290242283,0.02722951307811376,0.09325938330648534,0.022621086457215205,0.18523898761480712,0.03356598214588702,-0.543261704636508,-0.07401807948822567,0.18190227821238827,0.03135962630925171,0.29481821353647486,0.04300024546982771,frac_si,1.2433223282559782,sharpness_c0,-0.543261704636508
337,0.0006626905235255136,10.293980598449707,rare,,,,,,,,,,,,,,,,,,,,,,,,,,,,,,,,,,,,
338,0.0066269052352551355,43.008399963378906,material,0.49763010424509463,0.5010885952785792,0.5008582023662371,0.004739791509810742,-0.033556196285134746,0.021031201414595125,0.3325346641959686,0.017305466960084406,-0.8966867646346414,-0.08496590773946358,-0.03427621908144924,0.020993874630241903,-0.04961972194601512,0.0006315902967758753,0.5555374290740277,0.0592607438091105,0.5265470892880063,0.034562120593546894,0.34660605239165904,0.05342162096384991,-0.37030549189164674,-0.010100359464538565,-0.48433974639741323,-0.028271598009150453,-0.3511239490818753,-0.01283005738077249,-0.4433217670062724,-0.02615605975162427,-0.3439519199015524,-0.018637263326640553,-0.4003637853760833,-0.03559688220094544,frac_pore,-0.8966867646346414,p1_c0,0.5555374290740277
339,0.0,0.0,rare,,,,,,,,,,,,,,,,,,,,,,,,,,,,,,,,,,,,
340,0.009940357852882704,56.928199768066406,material,0.4974077686092401,0.5025372458539451,0.49995143916651946,0.00518446278151985,-0.5754295087934176,-0.05341132875331128,0.5888374939424836,0.06586792457653533,-0.18941171245603688,-0.026368648278618605,-0.5759124386603167,-0.05348773962646286,-0.33683289431355,-0.034863871151342034,0.1528021509163139,0.021648227733580837,0.338722708860513,0.03707260871482409,0.10504507776850598,0.020980368056252287,-0.07300882921422806,-0.011419331584601018,-0.27039516646143297,-0.015968829304760106,-0.09835584376086305,-0.011627522831113516,0.37435545725599745,0.05269447016664938,0.003156942584766969,-0.007451177975394397,0.0566776207242529,0.0010910656730364575,frac_graphite,0.5888374939424836,sharpness_c0,0.37435545725599745
341,0.00728959575878065,48.05899429321289,material,0.5029383675511246,0.49884396961566807,0.4987939254811937,0.005876735102249286,0.8946029128375208,0.0648815190363747,-0.812218527465089,-0.04939024316561236,-0.2556997313385143,-0.04373858290169501,0.8934783227336689,0.06482793890358324,0.09783619793776645,-0.006348021344509785,-0.1331047500849737,0.020889055691308885,0.3359654541440799,0.033724035837761145,-0.2511481931069483,-0.008722099827630293,0.5181968894303802,0.03393261961626703,0.5082084171825297,0.01555182402059437,0.44718011329651125,0.02548892566163056,-0.17954870363012104,-0.01187889312832574,0.6507875090302186,0.02691405958602798,-0.3962649245052751,-0.04433776585995694,frac_si,0.8946029128375208,sharpness_c1,0.6507875090302186
342,0.0033134526176275677,35.547889709472656,rare,,,,,,,,,,,,,,,,,,,,,,,,,,,,,,,,,,,,
343,0.009940357852882704,61.365142822265625,imaging,0.5031013294660407,0.5007634617329859,0.49727264700688684,0.006202658932081384,-0.27508159242597974,-0.009898452775633528,0.5112924994156325,0.05237550530361528,-0.6935138352205154,-0.08721117893649533,-0.2756959373791859,-0.009975148309691704,-0.12155430321433909,-0.011170297480776688,-0.16294486950548923,0.010958048897514122,0.5889611854200678,0.06656356611449156,-0.22882156267026632,-0.01797139502939112,0.4167186280125783,0.037862558032289335,0.46287449938871666,0.04972299651339256,0.4936092333318564,0.05056585251983145,0.12328130730537308,0.04037807786248299,0.8811253173843371,0.07795646246901379,0.39502891843399013,0.05153628372194959,frac_pore,-0.6935138352205154,sharpness_c1,0.8811253173843371
344,0.00728959575878065,45.12045669555664,material,0.4991030778326318,0.5042977837934173,0.4974757195832597,0.008595567586834552,0.1243418864853246,0.03162086520076395,0.12117106612131132,0.004421851198134101,-0.7711372376931791,-0.08871767875101749,0.12355277651148279,0.03154928295125555,-0.33683287562587283,-0.028417121248368652,0.1719319075173549,0.03162952983406657,0.46280860715282945,0.06344365257708089,0.09080951931773971,0.032412587273252406,0.38268106329429474,0.04792099633774891,0.361406779218668,0.04415131358367055,0.43040626937914067,0.04558258634230914,-0.0398641319586932,-0.0014292580833084826,0.7014726044966855,0.051322657080494494,0.0689053162192255,0.015063194146853537,frac_pore,-0.7711372376931791,sharpness_c1,0.7014726044966855
345,0.012591119946984758,78.78318786621094,material,0.49569730013794916,0.502608293554649,0.5010948260639237,0.008605399724101681,-0.47259119365544366,-0.056925842363007614,0.061989472470172384,-0.00805844942034597,1.1093548327645173,0.09388095967866719,-0.4711047392857316,-0.05653080823422026,-0.33683285540202795,-0.0382310813155339,0.196781901829656,-0.01325565035079829,-0.5211695199153047,-0.04620069216543651,0.31683016847571877,-0.008477526875459012,-0.553120834234098,-0.0585433627614318,-0.5354251848230746,-0.056672664202179666,-0.5279413871450731,-0.06611015942930837,0.03778137044338893,0.014011017014535358,-0.5691952590922724,-0.0644287404648649,-0.30356307364276713,-0.03740767742036974,frac_pore,1.1093548327645173,sharpness_c1,-0.5691952590922724
346,0.008614976805831677,60.06844711303711,mixed,0.49825163340896117,0.4997964904844249,0.5013711813526399,0.0034967331820776604,0.1645869851276639,0.03174356444754359,-0.11653791194172178,-0.027467088722225922,-0.42945631395003286,-0.04175433184895874,0.17010867896688356,0.03251385300837515,-0.3368328849025475,-0.03243408064992298,0.2055352718647236,0.01340850855457847,-0.07457752788249876,-0.0037425292714058835,0.2679954991615262,0.012273673310274487,-0.10960309295843039,-0.00704027450431586,0.022673845529286918,0.013078015094655665,-0.008783814437116552,0.0008245272184659972,-0.31034139660200266,-0.026370907971269963,0.09275927690585721,0.019033962940145855,-0.049426118596943555,0.004393638668083782,frac_pore,-0.42945631395003286,sharpness_c0,-0.31034139660200266
347,0.008614976805831677,54.441131591796875,material,0.5020667107969217,0.4961574031704133,0.5013729472011301,0.007685193659173417,0.080328886704162,0.0035397812867808665,-0.6203416158045816,-0.06020422503935116,1.4350168627111386,0.09577911212445107,0.0843023550522071,0.00457151272277512,0.26701193842570814,0.016257947163152247,-0.09536007061063308,-0.04093709872938277,-0.5613842500317378,-0.06175977769030855,-0.016092248751752553,-0.051212943799969594,-0.4730116407943226,-0.041763048164335966,-0.47751111465886187,-0.0411374557591734,-0.5825622261795599,-0.04770888914703693,-0.21610687884789515,-0.025877511581890892,-0.5801356496393796,-0.04985300899053957,-0.6193985138135137,-0.08113956530092928,frac_pore,1.4350168627111386,sharpness_c2,-0.6193985138135137
348,0.005301524188204109,41.0615234375,rare,,,,,,,,,,,,,,,,,,,,,,,,,,,,,,,,,,,,
349,0.0066269052352551355,43.866477966308594,mixed,0.5033704061162513,0.4992606222333544,0.49818647360056506,0.006740812232502558,0.06263146260897796,-0.010068214258998837,0.05553468726818717,0.020850155555147666,-0.49400320376603024,-0.04385392887281732,0.06186935360285941,-0.010105913732156503,-0.3368328933292044,-0.026949546314957697,-0.09129984764962348,0.010735792569879724,-0.33909955200224723,-0.003209961104608932,-0.18592375436651426,-0.015524222824086697,0.4171825692053699,0.03764410597624407,-0.07299896589242014,-0.006841267527377776,0.4638209111157545,0.038893399251052584,0.4971532957420196,0.05681685168953171,0.30250239967081677,0.019752835133507788,0.21631369159095537,0.02022400399715981,frac_pore,-0.49400320376603024,sharpness_c0,0.4971532957420196
350,0.01656726308813784,86.16409301757812,material,0.49887442584348585,0.5036414957106456,0.4981167225852022,0.007282991421291296,-0.2928021394446928,-0.026009666251787984,0.5226544641622826,0.0796635653225465,-0.8532877082217459,-0.12418254864352317,-0.29340873095094794,-0.026093092707719815,-0.3368328921176494,-0.045165035222829594,0.5219571537056509,0.07957665879949337,0.5254636085140943,0.08149218932935372,0.434497602464221,0.08011030623044745,-0.03478657576277376,0.005286308985190232,-0.06105916255561733,-0.0016950455632299816,0.12100587847218205,0.016325859580767394,0.4276903070233976,0.03780400278971027,0.16589100245309418,0.01252150612022347,-0.037963188507364715,-0.010874771286553122,frac_pore,-0.8532877082217459,p1_c1,0.5254636085140943
351,0.003976143141153081,37.610355377197266,rare,,,,,,,,,,,,,,,,,,,,,,,,,,,,,,,,,,,,
352,0.009940357852882704,58.14921188354492,imaging,0.49932415019782816,0.49890779212646974,0.5012731767614339,0.002546353522867806,-0.7018817776207944,-0.09807843886779381,0.3322137463556633,0.026391055944845535,0.7606589910832247,0.0627966602001364,-0.6972909100093777,-0.09761285377811083,-0.33683288803954814,-0.03115089719541056,0.07072185021345903,0.0034118312430777603,-0.3343156492343525,-0.039163620403963186,0.06351621315074049,-0.016088653436244733,-0.78140668388143,-0.07000117250024648,-0.571909536106269,-0.05147844096156992,-1.0004211327320633,-0.0787108166131641,0.1541132970919264,0.04426848111743558,-0.6483699240912467,-0.05793683108115059,-0.6062360635742355,-0.033689861342911714,frac_pore,0.7606589910832247,noise_sigma_c2,-1.0004211327320633
353,0.00927766732935719,58.9107551574707,material,0.49976755819887914,0.4975121262770523,0.5019865795514745,0.004975747445895351,1.348024139532236,0.0007776269467428307,-1.7472391536586782,-0.05843247638032586,1.0033929359779303,0.06399289129293999,1.3471610443594577,0.0009978021031677665,1.2520996678597398,0.06215779250628366,-0.03349308789368769,0.009188091420972596,-0.5980090025411607,-0.03525586601508255,0.029467606875290975,-0.0046446820846034855,0.017861772759143052,-0.039494493231460585,-0.10198071001057266,-0.035320153311212,-0.025972089259327688,-0.03987123510566703,-0.07139692613973404,-0.00581272764932373,-0.04873457537391867,-0.028795266945023757,-0.2653512843291628,-0.03130570896701925,frac_graphite,-1.7472391536586782,p1_c1,-0.5980090025411607
354,0.0,0.0,rare,,,,,,,,,,,,,,,,,,,,,,,,,,,,,,,,,,,,
355,0.004638833664678595,35.817161560058594,rare,,,,,,,,,,,,,,,,,,,,,,,,,,,,,,,,,,,,
356,0.00728959575878065,58.747318267822266,imaging,0.49911571053921444,0.500680372049112,0.5001191947730885,0.0017685789215711178,-0.28715256021933955,-0.00038150687643627836,0.258527209711992,0.006691537177463101,0.0685615195267105,0.014946204562654998,-0.2877616236590949,-0.00041727425607344194,-0.33683289180394904,-0.029814417850313527,-0.447776581540977,-0.029289150434899842,-0.5564803000997769,-0.03271261974567666,-0.31104294088742573,-0.006252563516762869,0.09946036754037096,-0.00951164962374589,0.11410803382060872,-0.014583547354878745,0.14352205136824128,-0.007598893154968263,-0.21119538524898462,-0.03721818766808557,-0.15534129955280906,-0.026409122693144577,0.24429456256555565,0.004946596784935524,K04_agglom_frac,-0.33683289180394904,p1_c1,-0.5564803000997769
357,0.0066269052352551355,56.81201171875,material,0.4995452225630246,0.5028948927540979,0.49819530284301605,0.005789785508195866,1.734348286818822,0.10471844933403963,-1.7710072582117746,-0.1061758978423262,0.25961202590592214,0.002825895619345656,1.7464048356783537,0.10514827802735818,2.0297346031176127,0.15899671873710725,-0.4486357894535345,-0.020237465656756732,-0.1964570412621916,-0.007377389520739516,-0.3742121947801038,-0.002852933963142476,0.593780974852553,0.04864227075306544,0.48335883818702463,0.03833055623455181,0.537835879304514,0.04414320447900319,-0.5873323570794453,-0.046453770861104325,0.38809347928000393,0.04162053755622327,0.2676062253626091,0.021519047403884366,K04_agglom_frac,2.0297346031176127,noise_sigma_c0,0.593780974852553
358,0.010603048376408217,60.08328628540039,imaging,0.4970161547051779,0.5057223504024431,0.4978898110542115,0.011444700804886132,-0.2948374033767225,-0.032251820739448274,0.2958081005252287,0.04764527492791991,-0.12081985472534842,-0.023064793321060366,-0.2954431044050017,-0.03231137058831863,-0.21654573901001872,-0.014132650039423522,-0.37947314892306205,-0.034581862777084214,-0.5056915114929114,-0.020571821546766293,-0.3445355763515712,-0.04612964030235581,0.41537186780057983,0.02586954296316473,0.31734859967357765,0.022349636724374032,0.36365624866066676,0.02304462961598459,0.2790159711947503,0.03286750422194489,0.1635040140322594,0.011498337996153131,-0.06618713038181678,-0.002462682360183099,frac_graphite,0.2958081005252287,p1_c1,-0.5056915114929114
359,0.003976143141153081,32.88097381591797,rare,,,,,,,,,,,,,,,,,,,,,,,,,,,,,,,,,,,,
360,0.005964214711729622,41.726806640625,rare,,,,,,,,,,,,,,,,,,,,,,,,,,,,,,,,,,,,
361,0.024519549370444003,141.19180297851562,material,0.5185422867220149,0.49834061471915686,0.48825710754017304,0.03708457344402971,2.6342226650765808,0.20571054895955754,-2.475098939306544,-0.20221990053999625,-0.11900161977999955,-0.015970578915867797,2.6323353742115656,0.20564224467943285,2.17362591754158,0.3364965002897769,-0.16598803333338408,-0.05853308150736909,-0.39063496557102745,-0.07579845984738094,-0.16415755847027322,-0.056057974573748316,0.8686568380489911,0.16282743005762207,0.3493067086088057,0.05670367208756382,0.8549369137343549,0.15492909394392518,0.0020090533194470975,0.01541552665456393,0.4449348069637283,0.08212519463631558,0.3130440771890935,0.06486972749237375,frac_si,2.6342226650765808,noise_sigma_c0,0.8686568380489911
362,0.013253810470510271,72.4756088256836,material,0.499118237080531,0.4985284696566108,0.5016952145505915,0.0033904291011830345,1.3670219704653523,0.11777014096388334,-1.0553065949269602,-0.09125980561103082,-0.716979876961689,-0.09594508449811336,1.3656891344156936,0.1176840481170201,0.5783998187037438,0.07429111566486239,0.08974175510657514,0.04232929103762934,-0.003962364428237178,0.00694541611301619,-0.13201464297949184,0.02652693996748398,0.4896506880490958,0.051633285696515485,0.14801291959387644,0.0003467409641362521,0.4682485855255682,0.04322241510220053,-0.39229531466215406,-0.04801319503435633,0.08267569142835723,0.009080198558716291,-0.03960940336291771,-0.01898286449816966,frac_si,1.3670219704653523,noise_sigma_c0,0.4896506880490958
363,0.0,0.0,rare,,,,,,,,,,,,,,,,,,,,,,,,,,,,,,,,,,,,
364,0.005301524188204109,40.17228317260742,rare,,,,,,,,,,,,,,,,,,,,,,,,,,,,,,,,,,,,
365,0.009940357852882704,55.414329528808594,imaging,0.4935952177625961,0.5043567895109511,0.5012820060038848,0.012809564474807855,0.36933220519990606,0.060461563296354784,-0.5262946353852942,-0.06973718073639021,0.7243982927261424,0.0829641758139632,0.36908422195579255,0.060384765954093485,0.13467142317493042,0.008085596612150116,-0.15102255174721138,-0.020289104733980223,-0.32791687293011046,-0.024291895425046096,-0.05201300349939964,-0.017475658782899032,-0.2552858574521336,-0.0368706288743538,-0.23495490847500283,-0.02548488813970939,-0.2222795651466192,-0.0283451577650613,-0.8618788695851743,-0.10192759174911041,-0.30241143260395575,-0.024000822981050492,-0.06378149619441553,0.006442598192379332,frac_pore,0.7243982927261424,sharpness_c0,-0.8618788695851743
366,0.004638833664678595,31.705402374267578,rare,,,,,,,,,,,,,,,,,,,,,,,,,,,,,,,,,,,,
367,0.013253810470510271,74.35637664794922,material,0.4991333963284302,0.49670290500801995,0.5030231326152217,0.006594189983960108,-0.5205338037484628,-0.07194722420445526,0.3078125068578292,0.028422570534124166,0.5595821068134984,0.0684325386783855,-0.5205671742453002,-0.07177606154158109,-0.1555901786454461,-0.016429489158777153,-0.3045969385362512,-0.027557339896987894,-0.5386237970846405,-0.041524117953215194,-0.23184618685518316,-0.03748936073199592,-0.23171902461013238,-0.0337406797112858,-0.03047362082181689,-0.0034938907990445596,-0.32538099512604873,-0.04375961941283417,0.13597420265999974,0.023512429495427263,-0.30350515964028063,-0.022981960073098915,-0.2941109825740108,-0.04604468591406829,frac_pore,0.5595821068134984,p1_c1,-0.5386237970846405
368,0.01126573889993373,67.65092468261719,imaging,0.5022423054184205,0.4998771717716647,0.498522867737948,0.004484610836841041,-0.17786103633247147,-0.01075677891829417,-0.007901849296363957,-0.003245997531583324,0.47595150979864165,0.022430975758916696,-0.17851791955701646,-0.010886622678608498,-0.22508756565998111,-0.01605839186771648,-0.3536515252118123,-0.011431194334296046,0.0879749621763061,0.015489730669326917,-0.3849232990107658,-0.0287857768826713,-0.029712868950037982,0.00964530891949019,0.13849006876828343,0.017614376345555016,-0.1419973860275251,0.006936563588433839,-0.0898887930163975,0.027902610967540386,0.15371464652361452,0.02018268823082929,-0.5001689905392827,-0.03587896657456791,frac_pore,0.47595150979864165,sharpness_c2,-0.5001689905392827
369,0.003976143141153081,36.811214447021484,rare,,,,,,,,,,,,,,,,,,,,,,,,,,,,,,,,,,,,
370,0.0,0.0,rare,,,,,,,,,,,,,,,,,,,,,,,,,,,,,,,,,,,,
371,0.005301524188204109,40.765419006347656,rare,,,,,,,,,,,,,,,,,,,,,,,,,,,,,,,,,,,,
372,0.013916500994035786,79.52011108398438,mixed,0.4948408026316455,0.49993136069593025,0.5036561892989581,0.010318394736709036,-0.13726422261408588,-0.007356480191397632,0.165281436784649,0.021013043966791798,-0.030217314823731217,-0.00016189504833264594,-0.13793886867085284,-0.007447419220211661,0.07652957582685976,0.002044721111070215,0.1697458971644461,0.023136238819026298,0.24490030709584146,0.04665812664532551,0.17983124261818806,0.0059667584010854365,-0.32063785807066586,-0.04028432284403848,-0.23760444175084824,-0.03675845824061876,-0.31948619016351487,-0.03676385402371589,-0.28582692568665935,-0.04372292543037709,-0.07331063441742758,-0.012285036340686782,-0.1408772302044185,-0.013206071558794486,frac_graphite,0.165281436784649,noise_sigma_c0,-0.32063785807066586
373,0.005301524188204109,41.973976135253906,rare,,,,,,,,,,,,,,,,,,,,,,,,,,,,,,,,,,,,
374,0.007952286282306162,53.16831588745117,mixed,0.49487617421007685,0.5020399119490191,0.5020854670669257,0.010247651579846306,-0.14249561581742734,0.0010841842879048395,0.09870285236090894,-0.013304286192822161,0.19938122060522598,0.032417555381453446,-0.14316797288018954,0.000981234563907271,-0.33683288302034675,-0.03115089719541056,0.19433971173182216,0.011277828611959698,-0.4519775483393159,-0.03755375503179624,0.3285437762929736,0.021457440738974036,-0.32053043256276476,-0.05227470565572603,-0.18963796156989648,-0.026196987115523724,-0.2615702248776303,-0.04576062763802363,-0.4652157393938597,-0.034952084792559276,-0.18567060386107315,-0.02152807688567755,0.03863680669492559,0.004293534151388337,K04_agglom_frac,-0.33683288302034675,sharpness_c0,-0.4652157393938597
375,0.0033134526176275677,33.04259490966797,rare,,,,,,,,,,,,,,,,,,,,,,,,,,,,,,,,,,,,
376,0.02054340622929092,110.36489868164062,mixed,0.4944365560210006,0.4991558569797743,0.5045073282712343,0.011126887957998766,0.03128359152854773,0.03030587335901453,-0.002083521828413998,-0.017248752867031106,0.01898097232016852,0.012346985808391026,0.030535198498139054,0.030198432508642774,0.08261892218817657,0.012342490353047287,0.28237083035576943,0.03838992625188514,0.04092571828882922,0.016126158528172146,0.3524333682164986,0.037693207284775765,-0.364914737786322,-0.046018021831504094,-0.26650669529220383,-0.02319873274478439,-0.29198533332839444,-0.03649973635205525,-0.48443127265824193,-0.06263974938423188,-0.2521606975740998,-0.030963154407526006,-0.08678135383515871,-0.01770407274462857,K04_agglom_frac,0.08261892218817657,sharpness_c0,-0.48443127265824193
377,0.009940357852882704,71.84718322753906,material,0.4974128216918732,0.5043760566840233,0.4985996821472717,0.008752113368046599,-0.41454269356344664,-0.040681552719092066,0.19931928504893162,0.015076149486777386,0.6173544122017178,0.07017135488826373,-0.4150960182509118,-0.0407275984032162,-0.33683289747729095,-0.03243408064992298,-0.24031512955462914,-0.03873912660822516,-0.2949708153430927,-0.027001485832631386,-0.1763006944169187,-0.028494491781279146,0.09520013728940138,-0.004704002535503164,0.28548112047242286,0.023565732013788455,-0.006642792726361799,-0.021678474767844992,-0.08177481573924228,-0.0024115207751049363,0.05590503133077805,0.005671151370267214,0.11027636711924996,0.008171255304583248,frac_pore,0.6173544122017178,p1_c1,-0.2949708153430927
378,0.009940357852882704,57.07198715209961,mixed,0.5031341745031556,0.4971075156425362,0.49993024898463706,0.006268349006311125,-0.393711071461436,-0.022740233595409883,0.24084383213111776,0.014561026744813112,0.36474988352393906,0.04547100626178706,-0.3942735108554435,-0.022832365766775137,-0.3368328420040735,-0.034863871151342034,-0.3125838604953048,-0.028227292682314078,-0.48849908988445956,-0.0457315633114351,-0.24555083503367017,-0.0301042344817993,0.12510819489115693,-0.00025346348043733347,0.05306133557482226,-0.0012587710620992954,0.18497305108384698,0.004633528261678522,0.31744950853281334,0.03648251225294979,0.07613254831800854,-0.004541937116333835,0.03538765423041514,-0.0050285398461335645,K01_si_frac_adm,-0.3942735108554435,p1_c1,-0.48849908988445956
379,0.012591119946984758,72.39117431640625,material,0.49763389405706954,0.5026516446940614,0.49970951792336216,0.005303289388122856,0.5498091677482017,0.07420382994957894,-0.4535771742979334,-0.051047927945451606,-0.3548828642331734,-0.04313803954319083,0.5488338974701065,0.07406737481434704,0.010051158775425069,0.0021931432503958076,0.41542489787660747,0.02551753292902571,-0.22615890394112775,-0.01055089890452585,0.5045233248883412,0.03127303065273414,-0.04848091440336768,-0.007853360620636428,-0.2352327596807175,-0.037108681742795566,0.04932443154381414,-0.004987604129021996,-0.4705794008350568,-0.0536302769476278,-0.3142055196459081,-0.0581255101480337,-0.3055834827106349,-0.048645882478888194,frac_si,0.5498091677482017,p1_c2,0.5045233248883412
380,0.007952286282306162,57.025909423828125,imaging,0.4986659861848721,0.5002047137138922,0.5007822708811583,0.0026680276302557537,-0.16146832282761128,0.009103479512340527,0.1930142002307407,-0.004633929022074479,-0.11529907558487952,-0.007339664313684744,-0.16213237853324258,0.00901803235499175,-0.26454818753120346,-0.0076087898440195525,1.01984452168944,0.048339641144854666,0.12485932354654722,-0.0009200797803293464,1.0671874512184767,0.07188895740751575,-0.7517371910558632,-0.027725845600546778,-0.798741901480163,-0.03292197577608105,-0.6727922509521521,-0.018857313316330615,-0.18561901031317993,-0.01871863573630528,-0.3351574269853289,-0.02081330507977517,-0.0529434640206492,0.009138918355226474,K04_agglom_frac,-0.26454818753120346,p1_c2,1.0671874512184767
381,0.0026507620941020544,27.663654327392578,rare,,,,,,,,,,,,,,,,,,,,,,,,,,,,,,,,,,,,
382,0.00728959575878065,44.344173431396484,imaging,0.5048496960570796,0.5024734233431436,0.4947969274236271,0.01040614515274585,-0.5211208275666903,-0.05092560379441785,0.7393725361247353,0.08509910964552181,-0.7036843450334943,-0.06740817979665575,-0.5216275197709155,-0.05092560366102435,-0.3368328717271434,-0.029814417850313527,-0.20880321936144444,-0.00715157515874951,-0.14510641728048515,-0.009089702164465767,-0.11677431565340933,0.006472911243743091,0.740029892061501,0.06451847242225757,0.6127399807766418,0.0402097198106155,0.8277106522538621,0.07623519598121072,1.011001322624285,0.0762307281423904,0.36002937263486723,0.03325555831437787,1.2456040270806834,0.11179810269601169,frac_graphite,0.7393725361247353,sharpness_c2,1.2456040270806834
383,0.004638833664678595,32.38544845581055,rare,,,,,,,,,,,,,,,,,,,,,,,,,,,,,,,,,,,,
384,0.0066269052352551355,38.61552810668945,imaging,0.4976402104103608,0.4974543247578357,0.5035158043439872,0.007031608687974478,-0.014236038310713746,0.031106709545143787,0.14820674093038325,-0.015615446753308117,-0.41810281545207967,-0.018752637365813427,-0.014964514488917413,0.031013019870236573,-0.33683289556835083,-0.028417121248368652,0.9586006233379001,0.022328318058137134,0.05257621683662705,0.0009537633519582318,0.9983724259063702,0.017057118364915247,-0.7378839702431592,-0.02787582612829195,-0.7763295981660597,-0.021812856975348387,-0.5805558556076553,-0.013231420688622899,-0.5769758360462257,-0.047856517108286055,-0.426902202661365,-0.014994153864014707,-0.35348225529104477,-0.02887544464511461,frac_pore,-0.41810281545207967,p1_c2,0.9983724259063702
385,0.005301524188204109,44.079795837402344,rare,,,,,,,,,,,,,,,,,,,,,,,,,,,,,,,,,,,,
386,0.009940357852882704,54.590213775634766,imaging,0.5050682418809594,0.49889093335003154,0.4972708811583966,0.01013648376191889,-0.4529204270003792,-0.05858936136050098,0.2907322688321456,0.03935953175909847,0.5060389527138217,0.04176614196699667,-0.4534569598754358,-0.05863544764727919,-0.3368328913367065,-0.03367006446576788,-0.39273051709755624,-0.0482661892960224,-0.5127495199209503,-0.04688550173067119,-0.31088958116690024,-0.05749079381832814,0.006458663694632089,-0.003738002014819479,0.1170175891905407,0.013831675481076583,-0.09246610705812891,-0.010690596123192803,0.2114664175725105,0.04015050745209257,-0.06603278135033269,-0.011589740086367978,-0.23836889881541823,-0.02196148967940047,frac_pore,0.5060389527138217,p1_c1,-0.5127495199209503
387,0.013253810470510271,75.64280700683594,material,0.49716269410153663,0.5021627401773544,0.5003973159102949,0.005674611796926743,-0.6249225856107826,-0.08683575893420137,0.5255981080401654,0.06283548964761816,0.29350255769407074,0.04657978638732898,-0.6253838601212756,-0.08691568036893471,-0.3368328873649631,-0.03929228768412859,-0.1656880757516282,-0.02506639867698816,-0.33986406546960474,-0.02656656037190897,-0.09902719040777208,-0.037711100471160906,-0.24743864275044328,-0.024980547014801194,-0.06103751418289405,0.0029247927372479422,-0.3138461475330632,-0.0337780036570691,0.1484391689341219,0.035776379009789486,-0.28394487352180287,-0.016896653507918042,-0.17481936697107067,-0.02191083074299601,K01_si_frac_adm,-0.6253838601212756,p1_c1,-0.33986406546960474
388,0.013253810470510271,80.17697143554688,material,0.4953132658578366,0.5057295755923451,0.49907469539113547,0.011459151184690208,-0.401450981622568,-0.05534210157847844,0.044582479364214896,-0.0015416195655299104,1.1293715938943165,0.10434473530600591,-0.4020100345866944,-0.055408605847762575,-0.33683289431355035,-0.04032698302125703,0.0625463307198549,-0.051659433417819055,-0.6215341381797054,-0.07566242607532987,0.2531058932734676,-0.01959544959775411,-0.22333454504631883,-0.024848211748666093,-0.12485208031860612,0.0073031753595897775,-0.21686287991681188,-0.020412423878655953,0.038565747653207895,0.026272429036367603,-0.3409551732108547,-0.026422394900044978,-0.23674227422441244,-0.016955345767520908,frac_pore,1.1293715938943165,p1_c1,-0.6215341381797054
389,0.003976143141153081,32.55522155761719,rare,,,,,,,,,,,,,,,,,,,,,,,,,,,,,,,,,,,,
390,0.009940357852882704,62.04689025878906,material,0.501258217575632,0.495261479622556,0.5025949143563482,0.009477040754887978,-0.4639253424229998,-0.05556116211311174,0.5130494601503055,0.0620781412449921,-0.16316850087193152,-0.03260510446522395,-0.4644570600765195,-0.05560698418567279,-0.3368328954589013,-0.03243408064992298,0.15801600490390696,0.028677962478404078,0.21002543561711254,0.03716501252539615,0.1839621692713819,0.029657658637882747,-0.23653901118707138,-0.03462650354183525,-0.24673759806171286,-0.027213098118839395,-0.17918673872771237,-0.02844413676824085,0.13341101835952687,0.025705812526683035,-0.10311406143039364,-0.023075968866125396,0.12832201266566487,0.008739927277676408,frac_graphite,0.5130494601503055,noise_sigma_c1,-0.24673759806171286
391,0.0145791915175613,67.08184051513672,imaging,0.5058742085609325,0.4994605191539784,0.4962899523220907,0.011748417121864918,-0.789053374818239,-0.1478018471816406,0.9440434262985222,0.16275939598673847,-0.5587871820515594,-0.09535052996270017,-0.7894428350381747,-0.1478527494579936,-0.33683290308672637,-0.04032698302125703,0.08789767746129284,0.022296300827734518,0.7934530583761874,0.09290598890436379,0.1633193815667602,0.015793085571958836,0.29025633470923345,0.03653117668293496,0.42436296804728885,0.050969563568081806,0.3262203496582195,0.049436738461185244,1.9500447887998706,0.14823268596301137,0.8207428192700279,0.07366289091172591,0.9181605515808833,0.056166608405076826,frac_graphite,0.9440434262985222,sharpness_c0,1.9500447887998706
392,0.003976143141153081,36.43439483642578,rare,,,,,,,,,,,,,,,,,,,,,,,,,,,,,,,,,,,,
393,0.0066269052352551355,46.04454803466797,imaging,0.49953511639775844,0.5010837784853113,0.49953028430160695,0.0021675569706225417,-0.3444170435778862,-0.03365301625656499,0.3552237021048655,0.03663492241783967,-0.17534059665062213,-0.00030295469810880614,-0.3450010513677088,-0.03367170438439827,-0.336832904351952,-0.028417121248368652,0.659000426472363,0.01380958033034484,0.3886946423707375,0.038984785495956714,0.7805027295720064,0.033894416115838384,-0.5282372224335556,-0.027210871673407556,-0.4126028295020028,-0.0006653520651592386,-0.3535714531088927,-0.015554188753849195,-0.1567355062773806,0.00770169741846889,-0.2000187922485755,0.002358677295604839,-0.001524914905186081,0.009228423700500822,frac_graphite,0.3552237021048655,p1_c2,0.7805027295720064
394,0.005964214711729622,40.920196533203125,rare,,,,,,,,,,,,,,,,,,,,,,,,,,,,,,,,,,,,
395,0.009940357852882704,66.40727233886719,mixed,0.49931657057387857,0.497088248469464,0.5026125728412503,0.005823503061072044,0.1754161722490499,0.024155544622234668,-0.3236506715773901,-0.03204221882406503,0.49997432671000736,0.036312250155482444,0.17460471504032501,0.02406339200325086,-0.3368329056067522,-0.034863871151342034,-0.08382611190560105,-0.0009141831604634005,-0.37766766820169767,-0.02687411759105972,-0.014389694275200399,0.009476745052271482,0.06039267563127527,-0.01322690768592851,0.1400137344163187,0.005275723139084209,0.15291710955344015,0.00692936351602412,-0.359561885411397,-0.031458860384283305,0.12581307261151253,0.01146688011219542,0.007271549702341421,0.00011364293558078633,frac_pore,0.49997432671000736,p1_c1,-0.37766766820169767
396,0.005301524188204109,42.624290466308594,rare,,,,,,,,,,,,,,,,,,,,,,,,,,,,,,,,,,,,
397,0.00728959575878065,49.81365203857422,imaging,0.4991056043739483,0.49886082839210627,0.501460356701395,0.0029207134027899873,-0.35025797327912844,-0.007199779378806939,0.25519381906546623,0.012540839275080217,0.33626215916382685,0.009383352733999348,-0.35083942541069374,-0.007307223718082602,-0.33683290435195196,-0.029814417850313527,0.8277940435243264,0.043945264574332885,0.05539288183190551,-0.002046550444637236,0.8844666149341881,0.05848116078561424,-0.5787122631107575,-0.04841412960383466,-0.7187684189619268,-0.046236111466304144,-0.5380967300850554,-0.04442575976775752,-0.21128414244518082,-0.008831542628120298,-0.4635799663759491,-0.03674478636963414,-0.003565066256074556,0.0009533680682727833,K01_si_frac_adm,-0.35083942541069374,p1_c2,0.8844666149341881
398,0.01126573889993373,76.5943603515625,material,0.5022751504555354,0.5053358027426821,0.49449761610453824,0.01100476779092352,1.2050811108765584,0.11982608213378028,-1.299559283945504,-0.12183011311970839,0.47876761369127396,0.06048508942559096,1.203819130967268,0.11969660101707147,1.7267132299546082,0.1569291924270309,-0.5127727377244045,-0.04900718521598887,-0.35547379971080845,-0.028114953132628937,-0.479851922213659,-0.05697070480516455,0.4823543612755819,0.04095054129173689,0.3461570002659018,0.03233961793407392,0.3554770205885574,0.028870046620468912,-0.7138507317982705,-0.0978557518850935,0.14207400627813332,0.02368320800974851,0.1999881429618933,0.027514637567643087,K04_agglom_frac,1.7267132299546082,sharpness_c0,-0.7138507317982705
399,0.0066269052352551355,42.35496520996094,material,0.49954269602170803,0.49926543902662246,0.5008582023662371,0.0017164047324742526,-0.2422765271751119,0.002135215661413842,0.5136322160873947,0.02901075859031075,-0.8669022508028291,-0.06318419555557284,-0.24290522582265317,0.00204145150834085,0.026854713489103628,-0.0006719168988084123,0.8193064526674995,0.05031661190125021,0.5391009626053799,0.034652374988699976,0.5216699138915362,0.05071179334747457,-0.19774151331688505,-0.012400960726584776,-0.46890778892444596,-0.041535001520954795,-0.05482707290954446,-0.004048200372245654,0.03286478678510363,0.001979058331409257,-0.3377175915275099,-0.04045710334263695,0.22976706658708976,0.007020540321807401,frac_pore,-0.8669022508028291,p1_c0,0.8193064526674995
400,0.0,0.0,rare,,,,,,,,,,,,,,,,,,,,,,,,,,,,,,,,,,,,
401,0.008614976805831677,59.032623291015625,imaging,0.49827689882212645,0.5015895417784564,0.5000388486667843,0.0034462023557471078,0.1202263140094559,0.011099717463980962,-0.17120033120839717,-0.016758204612254253,0.10901335640129897,0.023328437369910308,0.11943900479358106,0.011050485549643921,-0.0820266761892922,-0.007632513918124587,-0.18445787092449528,-0.03485969451175413,-0.5070550973605464,-0.05198331470005413,-0.003104662954551651,-0.02132589272595859,0.18925078528742295,0.026437570504533256,0.28576782408393736,0.03654352411949136,0.1932718451180032,0.026906869753338777,-0.04937415153540563,-0.0043538440621042375,-0.001305758450509645,0.01087114893163703,0.38112454911903226,0.04649008116143149,frac_graphite,-0.17120033120839717,p1_c1,-0.5070550973605464
402,0.011928429423459244,73.11665344238281,imaging,0.5037317015245151,0.49939308404822574,0.49783683559950553,0.007463403049030148,-0.2334637121110476,-0.014318510269052646,0.47161898621836545,0.056128325259209536,-0.7424141954143589,-0.07813775470879626,-0.23409626677408568,-0.014416479753097122,-0.33683291031225604,-0.0382310813155339,0.8590100669171661,0.031231938892635085,0.3523236992391315,0.026970678134717943,0.9055031468038769,0.049019396935112584,-0.335040125036165,-0.0014403079967992953,-0.280717784825559,-0.0031861054785136886,-0.16349966135841104,0.017979864311527795,0.09648413335172348,0.017297179159333546,0.0049982721595368184,0.006885613072081049,0.2767493039012953,0.04814101282430984,frac_pore,-0.7424141954143589,p1_c2,0.9055031468038769
403,0.008614976805831677,53.5391731262207,material,0.5001604353735997,0.5015895417784564,0.4987224086173407,0.003179083556912765,-0.4941749153144192,-0.03482146817803408,0.6544925282287858,0.06066876273540938,-0.502745667096116,-0.04535008303554576,-0.4946933974840819,-0.03488727059777056,-0.3368328848012252,-0.03115089719541056,0.1972050997414438,0.004086339312161703,0.5932944407515829,0.058539522406557874,0.11325518328310318,0.02067250036223538,-0.10114255765484348,0.004550264481446415,0.02808181566240581,0.01207026687782551,-0.13090680919271924,0.004058591648331654,0.27800303613771105,0.039753316894120046,0.03863627323794214,0.012639652638162234,-0.07612510375367496,0.00015460771670726436,frac_graphite,0.6544925282287858,p1_c1,0.5932944407515829
404,0.01855533465871438,103.09706115722656,material,0.5052627855623323,0.5005081716897792,0.4959491435634822,0.010525571124664568,1.7210582219741433,0.153360547639322,-1.632322661052777,-0.154746426221809,0.124823171453295,0.03307862688039807,1.719570479810602,0.15334923709803858,1.4923785235518137,0.2037606705770969,-0.15716809539316254,-0.025438746136156,-0.17981061292037953,-0.023920894369641593,-0.14203011890098963,-0.034950922359861386,0.47410516040657047,0.060556897310834155,0.33247002215250676,0.03960525893095842,0.4864956705158567,0.058480922791333746,-0.430171681516862,-0.06663354976757628,0.23304039267221713,0.02842401691755662,0.2691802341064562,0.04565691626038089,frac_si,1.7210582219741433,noise_sigma_c2,0.4864956705158567
405,0.0033134526176275677,26.95838165283203,rare,,,,,,,,,,,,,,,,,,,,,,,,,,,,,,,,,,,,
406,0.004638833664678595,36.966880798339844,rare,,,,,,,,,,,,,,,,,,,,,,,,,,,,,,,,,,,,
407,0.0019880715705765406,22.405858993530273,rare,,,,,,,,,,,,,,,,,,,,,,,,,,,,,,,,,,,,
408,0.0,0.0,rare,,,,,,,,,,,,,,,,,,,,,,,,,,,,,,,,,,,,
409,0.004638833664678595,30.070068359375,rare,,,,,,,,,,,,,,,,,,,,,,,,,,,,,,,,,,,,
410,0.005964214711729622,45.53752136230469,rare,,,,,,,,,,,,,,,,,,,,,,,,,,,,,,,,,,,,
411,0.008614976805831677,49.73899841308594,imaging,0.5020566046316556,0.4997748149147187,0.49872770616281126,0.004113209263311157,-0.2955642041672512,-0.008451662746570153,0.2919875904928311,0.012603066032531404,0.04623981604661419,0.01898525536974126,-0.2961695871273059,-0.008517879773743884,-0.3368328811381466,-0.03243408064992298,-0.4376120632754118,-0.04517610312606636,0.12274286144254676,-0.008307710420119735,-0.45785380710070994,-0.05449363234891595,0.4510354841027604,0.04023393933737598,0.4466390181861241,0.03912137026062195,0.4422641948392048,0.04140030960393304,-0.18507723562626247,0.010038091180858532,0.6137913110624534,0.050965927107657225,0.2199165921297802,0.021228829633159696,K04_agglom_frac,-0.3368328811381466,sharpness_c1,0.6137913110624534
412,0.00927766732935719,61.62031555175781,material,0.4959221623151203,0.49753139345012454,0.5046600741656365,0.009320148331273037,-0.6260893364268878,-0.0739859409361051,0.6659286124677534,0.08178580753977269,-0.22725777073854886,-0.024762879287513674,-0.6265501004322894,-0.0740019454510278,-0.33683289180394904,-0.03367006446576788,-0.022175474139012497,0.018543455265663,0.17451081224275944,0.026845756363801432,-0.06816573001872622,0.029184767366236323,-0.42599604964309257,-0.03543407602381474,-0.3945930092883596,-0.038083467093287186,-0.3262065749278105,-0.025511761630549076,-0.005570055749339484,0.022047035760801047,-0.4199151957475414,-0.025618029179092217,-0.18719045240189333,-0.01726974898868324,frac_graphite,0.6659286124677534,noise_sigma_c0,-0.42599604964309257
413,0.011928429423459244,66.49524688720703,imaging,0.4923142613151153,0.5030586637252116,0.5031290835246336,0.015371477369769404,-0.7196571629697418,-0.10778939235513592,0.6018751513370326,0.09358360663280277,0.3754204566087233,0.011791592631182922,-0.720076987021276,-0.1078591315142013,-0.33683288598505384,-0.034863871151342034,-0.3167170765770385,-0.013399206652479373,-0.24630552192640212,0.008175979647776093,-0.2739071930972634,-0.007228086822809091,0.14588544394209985,-0.008044333646327425,0.375123276638548,0.02979777035538296,0.08324848664341675,-0.012988475495082115,0.7654339336565034,0.08835354363692755,0.126872414896315,0.0258588335884951,0.015381456445256465,0.00011094864112757296,K01_si_frac_adm,-0.720076987021276,sharpness_c0,0.7654339336565034
414,0.023194168323392977,131.49234008789062,material,0.5041359481351598,0.49745552895615275,0.49897492495143914,0.008271896270319656,1.462748544844126,0.15479759650364686,-1.4843391720842705,-0.1656373133300941,0.153307710533841,0.035853702748765474,1.4670869317950836,0.15500566525530923,1.4205810683062103,0.183878142175243,0.04578008435315522,-0.017121816255700167,-0.09935558200101344,-0.013096735590352933,0.1385049683620253,0.012474928333867248,0.20359802316714617,0.025715754410782596,-0.02130136508099179,-0.008842339880767207,0.21177182819206786,0.01967096565408059,-0.4524927901267659,-0.07105736916487972,0.07739451484370528,0.004263763612812068,0.22405321351898738,0.017756607089724614,frac_graphite,-1.4843391720842705,sharpness_c0,-0.4524927901267659
415,0.01126573889993373,65.55825805664062,imaging,0.4946424691382978,0.4998265954423502,0.5038716228147625,0.010715061723404418,-0.07092702346732871,0.015307830940728068,0.20073341990380547,0.008032388166459096,-0.40362036705149196,-0.036160941116038896,-0.07163069489838819,0.015192477881443942,-0.3368328955683499,-0.03714108944052332,0.9660730434176628,0.0801264259214414,0.510896115847469,0.05348892063999899,0.9632002437472976,0.08694863066383705,-0.7082246260302344,-0.053203736015999474,-0.6894368951043072,-0.046925113828905525,-0.5631012600426469,-0.03967713608424518,-0.3963187122757813,-0.04711151146845536,-0.2807760602537997,-0.021043896142165435,-0.16228845531449848,-0.013815385364267555,frac_pore,-0.40362036705149196,p1_c0,0.9660730434176628
416,0.010603048376408217,58.783103942871094,material,0.49890348106862586,0.49846103455085816,0.5018947554299841,0.003789510859968148,-0.7944902045958142,-0.12639708633516755,0.6516173181317964,0.08276007617608795,0.31049385283315767,0.02041854397459747,-0.7948523290306705,-0.12633087238397878,-0.336832914747709,-0.03367006446576788,0.14569824198158643,0.017491545920338827,-0.07230520763671461,0.0021311407598534862,0.08697770548389394,0.008348196280362976,-0.6608318793132313,-0.07064167210011305,-0.6701986957252902,-0.07221805883258206,-0.7055006603082645,-0.0783965564659675,0.46687164225717914,0.0818907929263114,-0.6776210959987701,-0.07720795227972065,-0.2789141212722055,-0.027930466061988686,K01_si_frac_adm,-0.7948523290306705,noise_sigma_c2,-0.7055006603082645
417,0.012591119946984758,73.75232696533203,imaging,0.4994921651953775,0.4953397525131619,0.5037718523750662,0.009320494973676152,-0.1896561891350319,0.0009235527563293574,0.10881535996271754,-0.0038789922556775533,0.23088889070602742,0.03299231889544681,-0.19030791133410344,0.0008686886814770043,-0.3368328453763434,-0.03929228768412859,-0.04140176714203458,0.020542973323832286,-0.08351504203609143,0.011651723465030718,-0.0323010262100718,0.0021571826505772957,-0.21238065582205345,-0.03449265494071611,-0.2138966469911064,-0.03203202988385437,-0.26730968014909057,-0.03723443713678949,-0.5257421224318333,-0.058982263411019135,-0.23852679173731134,-0.033460717485273024,-0.19174394456728847,-0.027676213476559852,K04_agglom_frac,-0.3368328453763434,sharpness_c0,-0.5257421224318333
418,0.0026507620941020544,24.115345001220703,rare,,,,,,,,,,,,,,,,,,,,,,,,,,,,,,,,,,,,
419,0.01656726308813784,112.66265106201172,material,0.5216916204730696,0.49270737499217276,0.4901862970157161,0.04338324094613921,2.979427075610824,0.13992582480616228,-2.693945445815014,-0.13165898079453434,-0.39925696019598406,-0.07077800101069184,2.979803412734161,0.14020937826590854,1.8431461443102024,0.1659558670489593,0.15761069857082335,0.001758833296977112,-0.20389641618551632,-0.05103748011680109,0.043685198473295925,-0.004383492774847431,0.8385322429101288,0.12974190382953005,0.16570841384135776,0.03817889468291557,0.8746282945930106,0.1331870107887854,0.26955499374083974,0.07087875872059808,0.37817667178819125,0.07373834796455839,0.33875966301184574,0.06099665169554913,K01_si_frac_adm,2.979803412734161,noise_sigma_c2,0.8746282945930106
420,0.0,0.0,rare,,,,,,,,,,,,,,,,,,,,,,,,,,,,,,,,,,,,
421,0.005301524188204109,37.07122802734375,rare,,,,,,,,,,,,,,,,,,,,,,,,,,,,,,,,,,,,
422,0.003976143141153081,37.041316986083984,rare,,,,,,,,,,,,,,,,,,,,,,,,,,,,,,,,,,,,
423,0.007952286282306162,56.686866760253906,mixed,0.5024709574075664,0.5002456564566706,0.4980928836305845,0.004941914815132842,-0.17788640499445865,-0.00871220246746254,0.266207822410014,0.029818530679511217,-0.3266130348672456,-0.022611965166783154,-0.1785432770985943,-0.008815129464648349,-0.33683289933275085,-0.03115089719541056,0.0277717099352286,-0.004217196517744353,0.09708809589508924,0.008252852697538364,-0.034210644875833016,-0.008343128365137915,0.1020529906307321,0.012464093013695901,-0.09055323202173801,0.0036285219224077973,0.16137729023159378,0.020969121565172763,-0.19859108938728984,-0.0003371937753636094,-0.28849365659227066,-0.00918658948275196,0.16306292046261506,0.04058068292110425,K04_agglom_frac,-0.33683289933275085,sharpness_c1,-0.28849365659227066
424,0.0013253810470510272,17.276050567626953,rare,,,,,,,,,,,,,,,,,,,,,,,,,,,,,,,,,,,,
425,0.004638833664678595,33.168357849121094,rare,,,,,,,,,,,,,,,,,,,,,,,,,,,,,,,,,,,,
426,0.00728959575878065,47.53434753417969,material,0.4972018554919428,0.5024830569296797,0.5001350874095003,0.00559628901611442,-0.5290743544545136,-0.05387469425859739,0.5920323011638076,0.05028800625669564,-0.24643057182260883,-0.0024662061767820806,-0.5295312187622208,-0.053856644508231466,-0.07745747701230675,-0.0008998162781110642,-0.09881075197202974,0.006333219751309116,0.09410343211361977,-0.0047786347436212335,-0.17802113022913638,-0.015466586400001472,-0.014114275110219943,-0.018362539068278495,-0.11288551743396097,-0.02049659574670144,-0.02090102637188542,-0.02206691665621198,0.3747328132731654,0.04591219907734719,-0.10828950176582211,-0.015337071481435543,0.03800450236880086,0.0008649001192180593,frac_graphite,0.5920323011638076,sharpness_c0,0.3747328132731654
427,0.00728959575878065,54.092041015625,imaging,0.5029383675511246,0.5006683300659418,0.4974562952498675,0.005876735102249286,-0.44527898229691537,-0.03342166037998106,0.30080603180831006,0.019009494090502985,0.41405457887795466,0.030557412142125727,-0.44581885857422837,-0.03343942546923428,-0.3368328717271444,-0.029814417850313527,-0.30782018581673687,-0.02312072813092086,-0.560989178638519,-0.036368211508866155,-0.2750949639511209,-0.027712717173659557,-0.055573501445825305,-0.014887632981379195,0.1282948480564572,-0.0030576727485144384,-0.16649785993920058,-0.022055018220732952,-0.10913010292087305,0.003685955175726253,-0.4016692205274242,-0.04219437647831107,-0.4783732180158128,-0.05225679092488037,K01_si_frac_adm,-0.44581885857422837,p1_c1,-0.560989178638519
428,0.015904572564612324,87.44925689697266,imaging,0.5050177110546289,0.4985910879690954,0.4975260462652305,0.010035422109257786,0.2696492427816566,0.06093963332443631,-0.3458058070143004,-0.06874056252336326,0.3847258509382051,0.06357913166445611,0.26879655458312235,0.06080630263871978,-0.21601326778349544,-0.027162162480891,-0.2394203393595124,-0.045077702061192826,-0.29604346654393443,-0.030456340641189097,-0.13794300226696707,-0.04743315200436908,0.19313661597396653,0.026910393717435026,0.29533018829557645,0.04137650124141594,0.18392064441418782,0.0265474795324529,-0.5522901580121531,-0.06314052103960047,0.28953133649424667,0.0473329252021386,0.017717834319992146,0.009646854378656047,frac_pore,0.3847258509382051,sharpness_c0,-0.5522901580121531
429,0.00927766732935719,56.96485900878906,mixed,0.5016523580210107,0.49752898505349047,0.5006568956383542,0.004942029893019062,-0.3203492618221867,-0.02083732110853754,0.19631331071282712,0.010638869205361015,0.3046423552179921,0.02849642956501356,-0.3209438001824689,-0.02089266453752649,-0.3368328491407438,-0.03367006446576788,-0.30442161117553057,-0.008991779893620643,-0.16482019270435205,-0.015305816132404743,-0.25388693028431814,0.007799928494157657,-0.27245924700256763,-0.025474516485865774,-0.10743554891327198,-0.005281642273634055,-0.318273841624871,-0.020818723383953498,-0.23301900724389235,-0.020547702228585308,-0.22466652389209849,-0.01569891146575967,-0.30370575261403676,-0.0153540939858639,K04_agglom_frac,-0.3368328491407438,noise_sigma_c2,-0.318273841624871
430,0.0,0.0,rare,,,,,,,,,,,,,,,,,,,,,,,,,,,,,,,,,,,,
431,0.0066269052352551355,46.60704803466797,imaging,0.5052501528557497,0.4992678474232565,0.496867384778386,0.010500305711499403,-0.3743609172468935,-0.008415748518508584,0.6490458238915204,0.047584653967973865,-0.8641031001033721,-0.06952218875299424,-0.37493182327795704,-0.008453075225729065,-0.33683289305874936,-0.028417121248368652,0.6429593369605189,0.02025263224173498,0.9609025278977383,0.06169468445135838,0.5510542871650934,0.03332177357194627,0.1161896405577641,0.03422358403762188,0.07766314235724725,0.019470183516673505,0.23478510404654407,0.04332087067799533,0.0413213731882834,0.027527991157512303,0.5963282166728054,0.04288615775964804,0.49143442352532934,0.05635597100676323,frac_pore,-0.8641031001033721,p1_c1,0.9609025278977383
432,0.003976143141153081,29.209848403930664,rare,,,,,,,,,,,,,,,,,,,,,,,,,,,,,,,,,,,,
433,0.00728959575878065,42.055599212646484,imaging,0.497222067822475,0.4952048823016565,0.5054573547589617,0.010914709517923393,-0.31457599152349996,-0.04668268344111206,0.6141931174780787,0.06743744529486086,-0.866431808446674,-0.08168985538386961,-0.31517023559248436,-0.046700495901038024,-0.33683290026064233,-0.028417121248368652,0.45713820884751466,0.06217468575712896,1.3504618756679159,0.08153503527739399,0.028850838641839533,0.0716521914086467,-0.5923209135741879,-0.0557295223931487,-0.4164496885060606,-0.05826571416035379,-0.8616589612512007,-0.08177581386171476,0.31285429044604907,0.026966050060576282,-0.27573265057719487,-0.047149008262504344,-0.7397539630785057,-0.08504594004930544,frac_pore,-0.866431808446674,p1_c1,1.3504618756679159
434,0.0066269052352551355,47.940277099609375,material,0.5014477081743718,0.49927507261315857,0.49951968921066575,0.0028954163487435736,0.9571741566515649,0.051095918659185245,-0.8629978378010598,-0.048804387477746354,-0.25072328118400367,-0.002531725638305299,0.9560206466755151,0.05103975447199155,0.4763110312714926,0.024852620448021414,-0.4164484376896855,-0.036963011033891005,-0.11431339303798728,-0.017511111105145867,-0.3919014872600494,-0.03106093940409247,0.2583802823558541,0.01903296069641876,0.1611650529087147,0.009132201873493407,0.32098837600421504,0.02458984574151517,-0.4218570619125738,-0.030351351289690406,-0.038479847264295965,-0.0035276035091314053,0.05333362779563904,0.01941121285668161,frac_si,0.9571741566515649,sharpness_c0,-0.4218570619125738
435,0.004638833664678595,34.368717193603516,rare,,,,,,,,,,,,,,,,,,,,,,,,,,,,,,,,,,,,
436,0.01126573889993373,63.081329345703125,mixed,0.49848281193942356,0.4962356760610192,0.5038204132085466,0.007640826417093294,-0.3194149139222731,-0.018972562745967553,0.17661409753244994,-0.0006709895198797088,0.4438947373553644,0.038421225601741577,-0.3200098612081061,-0.019073539573202875,-0.33683288445367265,-0.034863871151342034,-0.20274558471103646,-0.013984730774705871,-0.3690073152561698,-0.007621580039202802,-0.12293400427546362,-0.001031458494569573,-0.23340484786854418,-0.027362369231787607,-0.043591172150374516,0.006768992931950144,-0.2666132270235834,-0.03348677438172061,-0.11295299208011256,0.0019091382300680186,-0.2585827338200495,-0.007191649627389381,-0.376875020788,-0.033186469196222645,frac_pore,0.4438947373553644,sharpness_c2,-0.376875020788
437,0.0019880715705765406,22.2358341217041,rare,,,,,,,,,,,,,,,,,,,,,,,,,,,,,,,,,,,,
438,0.0066269052352551355,55.137062072753906,material,0.5014325489264726,0.4992822978030606,0.4995249867561363,0.0028650978529451976,-0.053749522296231186,0.012884009021821316,-0.19767369873542884,-0.0410751301237502,0.6983244816319496,0.07614920783970729,-0.05446070962372361,0.012846309488543057,-0.33683289556834994,-0.028417121248368652,0.3347945059372297,-0.008096567939806286,-0.43008382209790386,-0.05470776959031801,0.5395213842515121,0.011665852767572772,-0.5274007337860533,-0.030836113501383874,-0.40752564480480125,-0.027117010637096838,-0.5010392360653426,-0.031926635797438374,-0.4862793855331998,-0.02504349487685102,-0.5346082808071437,-0.0421073374966283,-0.2562578441983576,-0.022914586954311922,frac_pore,0.6983244816319496,p1_c2,0.5395213842515121
439,0.00927766732935719,55.25348663330078,material,0.5035801090455232,0.4975482522265627,0.49929542645241026,0.007160218091046389,0.7759277681260938,0.07866947394232267,-0.5758566605354036,-0.060439288594421346,-0.4142766680818406,-0.03870197593047839,0.774853561211253,0.07863773772382847,0.33732902179960383,0.03085314354300536,-0.09181348124419235,0.016367779592804423,-0.19879489307855489,-0.0042655828255628745,-0.08364045315457337,0.0027639770362023986,0.24238233095161735,-0.0007436204734251965,0.06770921765234442,-0.020461687133880888,0.2390050394669977,-0.006479796790871302,-0.3214647766205923,-0.058515963774490885,0.06505855056374343,-0.012724345452313834,0.13375397523845198,0.011643036868127387,frac_si,0.7759277681260938,sharpness_c0,-0.3214647766205923
440,0.009940357852882704,61.6485595703125,material,0.49929888478466283,0.5025589214236513,0.4986138089351933,0.005117842847302656,1.1741577837445438,0.09380980808840897,-1.2646939700234716,-0.09871410904717637,0.6188079592033594,0.0533759348565386,1.1729093341224452,0.093733213906603,1.1188793513904973,0.11667277634440289,-0.05163621161133684,-0.016573960173000866,-0.5099874639737931,-0.04037200970268918,0.05080289856788701,-0.016201975741892725,0.28850346852678654,0.02649883354274698,-0.07454886144491302,-0.009830992950712866,0.22420903190203953,0.0207259796992599,-0.527870382821686,-0.05403905013047847,0.15310124626646116,0.033441255353816805,0.052007205189299244,0.018428061211274483,frac_graphite,-1.2646939700234716,sharpness_c0,-0.527870382821686
441,0.0066269052352551355,38.58261489868164,material,0.49956038181092377,0.4992871145963287,0.5008299487903939,0.0016598975807877725,-0.6365235244746885,-0.06170089725073813,0.6821121638304368,0.06575900010975613,-0.21859044397881333,-0.012726246904803016,-0.6369797230872036,-0.061757284804633494,-0.3368328980779506,-0.028417121248368652,-0.24710056163650773,-0.005762492876438725,0.10111061564231455,0.02604408612469483,-0.221826539026914,-0.0005321500348473405,0.22749150416456854,-0.00800564607373524,0.29396999617482106,0.002850521923737791,0.1413008806884236,-0.009068857494092088,0.3548248637540729,0.04652621058882298,0.049002948150158446,0.0036579453176680526,0.09793524251105558,0.0012073453624298369,frac_graphite,0.6821121638304368,sharpness_c0,0.3548248637540729
442,0.0,0.0,rare,,,,,,,,,,,,,,,,,,,,,,,,,,,,,,,,,,,,
443,0.013916500994035786,74.087646484375,material,0.4986331411477572,0.5054092588400199,0.49698922832420983,0.010818517680039719,-0.5590017260674875,-0.08722081423595283,0.3244914074280048,0.035113379337906654,0.7402662331145169,0.10113744381102657,-0.5594918438295604,-0.0872730521093022,-0.3368328992506805,-0.0382310813155339,-0.4759172504580416,-0.06738735844859417,-0.7320338525630322,-0.09054980191525715,-0.391642041554142,-0.06526720232288644,0.15621103929218208,0.003085785534226209,0.3271004285691352,0.033194315453525094,0.056400770510869946,-0.00482845135761198,0.3186773729617048,0.059707154038449846,-0.05890964375991493,0.0022551705574459873,0.19802092461214146,0.04278524676010056,frac_pore,0.7402662331145169,p1_c1,-0.7320338525630322
444,0.0145791915175613,85.29556274414062,mixed,0.4982187883718463,0.4995110954832929,0.5016033904291012,0.003562423256307401,0.18334171629466406,0.04167408305196378,-0.22915340299555267,-0.032216092172037886,0.1519407610658117,0.023595805062756006,0.18252679134788025,0.04159821677876034,-0.3368328781068232,-0.04133716002918112,-0.09858966253960165,-0.01477247546446636,-0.18745801204466558,-0.013323613454803361,-0.04948229975042735,-0.012593049901926575,0.0013405140358636533,0.004161609066792584,0.06711831695141678,0.0058955497595607476,0.015893982214982845,0.005214824962296689,-0.3542862759902649,-0.05932819055320811,-0.13474928886973397,-0.012278799777277987,0.10716135291766321,0.016723780638764483,K04_agglom_frac,-0.3368328781068232,sharpness_c0,-0.3542862759902649
445,0.00927766732935719,66.8671646118164,mixed,0.49402220324508966,0.4957178707847038,0.507317676143387,0.014635352286773928,-0.4448714797836743,-0.03750571002076628,0.38357652366210804,0.02975694509601423,0.199017637160677,0.027262890774268266,-0.4454115343827799,-0.03758522871841189,-0.33683287836652687,-0.03243408064992298,0.30438467413034254,0.03165193797076293,-0.0678606204721185,0.006120853094846961,0.3194834716781144,0.04646010165768044,-0.25234031160803094,-0.05421968860131986,-0.17456447517114992,-0.03128560372727905,-0.24780717661450616,-0.04977479018572786,0.03730523934494785,0.012648425038650518,-0.20752603387567575,-0.02776291756388667,-0.2258009109245616,-0.03552021727109541,K01_si_frac_adm,-0.4454115343827799,p1_c2,0.3194834716781144
446,0.00927766732935719,56.13085174560547,imaging,0.5016296191491619,0.4993545497020813,0.4993342751191947,0.0032592382983238632,-0.12387269943304674,-0.00629326810607341,0.2731147636082817,0.03325973656712042,-0.4599521216603771,-0.04305714841218853,-0.12455320485306048,-0.006372450387001198,-0.3368328965094507,-0.03367006446576788,0.2753912618271636,0.00972003704288024,0.11369092588321188,0.022299475598232643,0.32185511514934984,0.028359458035164948,-0.06508582587232561,-0.008556819483720604,0.012830146800308686,-0.006088081105305392,0.020448629115580614,-0.006429575752691801,-0.18165947049574094,0.006802132574865111,0.09181274126529107,0.00807406238604444,0.5584724717791935,0.05930599874947043,frac_pore,-0.4599521216603771,sharpness_c2,0.5584724717791935
447,0.0,0.0,rare,,,,,,,,,,,,,,,,,,,,,,,,,,,,,,,,,,,,
448,0.0019880715705765406,23.057064056396484,rare,,,,,,,,,,,,,,,,,,,,,,,,,,,,,,,,,,,,
449,0.005964214711729622,36.94645690917969,rare,,,,,,,,,,,,,,,,,,,,,,,,,,,,,,,,,,,,
450,0.008614976805831677,51.21756362915039,mixed,0.4982718457394934,0.4961381359973411,0.5040393784213315,0.008078756842663015,-0.4824802704198535,-0.06033594459953613,0.4999735362960311,0.059228738966637794,-0.15363991758529877,-0.010090744146373155,-0.48300386957823815,-0.0603855690473121,-0.3368328850211755,-0.029814417850313527,0.27956449779792514,0.022718422652476575,0.2053787761131183,0.02467001434359409,0.2781704220162199,0.019504139542221847,-0.38702191127897306,-0.038010252097190986,-0.3637893203948445,-0.02136043109328503,-0.19973127642287086,-0.030562257392291056,0.1475627466666515,0.030350215848697192,-0.010697193954670406,-0.003697113068741687,-0.12882279227435994,-0.00495224672263438,frac_graphite,0.4999735362960311,noise_sigma_c0,-0.38702191127897306
451,0.013916500994035786,79.24079895019531,mixed,0.49675718422023357,0.4981094086422905,0.5036526576019777,0.007305315203955498,0.1717681082413593,0.0492452158556941,-0.1062398332247205,-0.03779422745347806,-0.1429635294663997,-0.013403442727219324,0.17095824721635644,0.04912854489535294,-0.33683290623415235,-0.04133716002918112,0.33222932173673986,0.03956215574589884,0.10860593492700307,0.020917673999133298,0.38440156351653443,0.04269116506347767,-0.08504924384989937,-0.013261303047114899,-0.0651895595143626,-0.0064314464346226135,-0.011976498603624238,-0.002821719176930062,-0.3614673041526233,-0.048356035670729464,0.20851236123167907,0.018570564277390813,0.031532667805946345,-0.01789690032742829,K04_agglom_frac,-0.33683290623415235,p1_c2,0.38440156351653443
452,0.005301524188204109,36.806373596191406,rare,,,,,,,,,,,,,,,,,,,,,,,,,,,,,,,,,,,,
453,0.013253810470510271,61.35692596435547,imaging,0.504823167373256,0.49855496201958505,0.49768850432632883,0.009646334746512109,-0.44141621455312,-0.06283368634054144,0.6602410981995935,0.10903194293264547,-0.6986765103619943,-0.09724204448312881,-0.44195778101786715,-0.0629003492698757,-0.3368328893439417,-0.03929228768412859,0.25248938808543836,0.050930890394653025,0.2338011962520825,0.04249784338140292,0.2291252717807377,0.032748522176038936,0.1253907988328405,0.012958771379370756,-0.002077898033223287,-0.00488358739822653,0.14732895763211792,0.018778508240717928,0.6758466194739577,0.06645719794571252,0.08643309960578947,-0.0017961347669875846,0.7559672791437909,0.05713586570283029,frac_pore,-0.6986765103619943,sharpness_c2,0.7559672791437909
454,0.009940357852882704,62.03345489501953,material,0.5107516965724941,0.4934612031386225,0.4972797104008477,0.02150339314498817,-0.1305919622783577,-0.030704991811009035,0.32203599757313345,0.060262724948061126,-0.6585783661788741,-0.08428404184867659,-0.13126952774727996,-0.030781687290566986,-0.20005114048285497,-0.011830196118097642,-0.19058710466814072,0.018696236388155794,0.3519961317471481,0.036715345259566365,-0.23547425025877372,0.01842273062326802,0.3240686936830904,0.03575628687521273,0.20643995669124487,0.008488740111291191,0.31163290561610724,0.032490447196374186,0.46676360711269105,0.0685929979576522,0.28777163814447554,0.021808651465045195,-0.07010572173728385,-0.010421950442694398,frac_pore,-0.6585783661788741,sharpness_c0,0.46676360711269105
455,0.01126573889993373,66.97290802001953,imaging,0.49844744036099214,0.49986272139186055,0.501185767261169,0.003105119278015711,-0.3114395311408761,-0.047727951814698126,0.39241531687947045,0.04805490806329685,-0.21243474259440676,-0.009674492715182732,-0.31203796800009925,-0.04781455242435673,-0.3368328873720335,-0.036019696756253675,0.5334684388961365,0.022183204548193152,0.15049040958338367,0.014584844355835964,0.5388973715130685,0.03250855748765685,-0.5443791218811909,-0.03682470967794099,-0.5635632343791066,-0.04155975797489584,-0.5104619392882718,-0.032545186428526725,0.08000614118071456,0.021672789971740197,-0.2460825837866265,-0.009784338205096329,0.0035052461946270407,0.012206848431556996,frac_graphite,0.39241531687947045,noise_sigma_c1,-0.5635632343791066
456,0.0026507620941020544,28.012937545776367,rare,,,,,,,,,,,,,,,,,,,,,,,,,,,,,,,,,,,,
457,0.0066269052352551355,47.19512176513672,material,0.49954269602170803,0.5065315716714754,0.495530637471305,0.01306314334295089,-0.5539192192556259,-0.04817233116093736,0.5380093412970556,0.04548475906770331,0.0754604366813462,0.009954973090595835,-0.5544115607758072,-0.04820985657482859,-0.33683288302034675,-0.028417121248368652,-0.14150974050940857,-0.025838420470618715,-0.038686398476606605,-0.008205168362564217,-0.15658148686517057,-0.024015242830300806,0.15736812814314963,0.0006974839930204159,0.07987913445100878,0.011894976051579548,0.12417949907088092,-0.0011903723490398405,0.2292328974736956,0.03165891943836015,0.16994188846828753,0.02554627380350754,0.06949299956112115,0.012876851208317677,K01_si_frac_adm,-0.5544115607758072,sharpness_c0,0.2292328974736956
458,0.003976143141153081,35.68368148803711,rare,,,,,,,,,,,,,,,,,,,,,,,,,,,,,,,,,,,,
459,0.003976143141153081,31.867467880249023,rare,,,,,,,,,,,,,,,,,,,,,,,,,,,,,,,,,,,,
460,0.010603048376408217,67.50877380371094,material,0.4969580442548977,0.5057632931452215,0.4979004061451527,0.011526586290443008,-0.10753128626099845,-0.018819619622239353,-0.32681145670301925,-0.03362466591205926,1.5271696447637946,0.0814891626608503,-0.10821894177141794,-0.01886426725850993,0.13841051293162746,0.011233282171061365,-0.28128616910272863,-0.027348955261154988,-0.46170334167870275,-0.04363342341896304,-0.21674981909757673,-0.02102810131637017,-0.34555687683251846,-0.042670457244814046,-0.1611448439491186,-0.028004522520230835,-0.44857160718321687,-0.0536016392711196,-0.19301134143388438,-0.014461757764179253,-0.43167914635564686,-0.05624688399008464,-0.7626862016265379,-0.0689710315701661,frac_pore,1.5271696447637946,sharpness_c2,-0.7626862016265379
461,0.003976143141153081,34.09652328491211,rare,,,,,,,,,,,,,,,,,,,,,,,,,,,,,,,,,,,,
462,0.007952286282306162,47.467655181884766,imaging,0.49676855365615785,0.5020158279826789,0.5007805050326681,0.006462892687684296,-0.5668844839236926,-0.05917652142824772,0.5756619041131273,0.06117948349703237,-0.04084839777375831,0.01487261239805528,-0.5673711526041878,-0.05917652127324193,-0.3368328930587497,-0.03115089719541056,0.6176400556766513,0.02123125310833284,0.41114987099412625,0.03091950635571785,0.5335445840592726,0.012847983653383185,-0.8342618212140097,-0.04293881473352065,-0.635120555314211,-0.020944219076174924,-0.8584621598882757,-0.054587209305810507,-0.058580428601334805,0.018222379298764968,-0.589288270895876,-0.03502150303445115,-0.5390791895190967,-0.041906893688863286,frac_graphite,0.5756619041131273,noise_sigma_c2,-0.8584621598882757
463,0.01126573889993373,69.64933776855469,material,0.4965462180203033,0.5053358027426821,0.4985016775560656,0.010671605485364166,-0.10938269971943021,0.018671986744993832,0.30931270661594007,0.02371718609347781,-0.5869276647834346,-0.06255605331303084,-0.11006954516631844,0.018614386604523178,-0.3368329093711557,-0.03714108944052332,0.28332367649249124,0.0163343411182741,0.36441973231416364,0.04257693163672581,0.2214218960847903,0.03545716132432526,-0.046897723391603564,-0.0008811906866231874,-0.05086793410698694,0.007270233894099258,0.023691934232958754,0.00693490154122252,-0.306887435974249,-0.02439965542977699,0.10303440477115403,0.015561919975494897,0.09125287155944675,0.014404113052902116,frac_pore,-0.5869276647834346,p1_c1,0.36441973231416364
464,0.0291583830351226,133.029052734375,material,0.49852702641246294,0.5027046294200099,0.49904644181529223,0.005409258840019859,-0.6582788553338063,-0.148290388135161,0.2502869198473563,0.03024429789860657,1.1443369061033168,0.13087555762057976,-0.6581979896130803,-0.14821646803553756,-0.3368328856877681,-0.05742782065674832,-0.18028786330869798,-0.03384815566003337,-0.47865085131470003,-0.07071437732232425,-0.10302064906155813,-0.03226988179667339,-0.20753954106579503,-0.06874417788700643,-0.07331551152516545,-0.039482937240836735,-0.2812866836609016,-0.06857279753600373,0.43820948898596346,0.09411739955556918,-0.24127760218500316,-0.053557365403797984,-0.3237460321265454,-0.07612200169953585,frac_pore,1.1443369061033168,p1_c1,-0.47865085131470003
465,0.004638833664678595,36.49732208251953,rare,,,,,,,,,,,,,,,,,,,,,,,,,,,,,,,,,,,,
466,0.003976143141153081,28.85995864868164,rare,,,,,,,,,,,,,,,,,,,,,,,,,,,,,,,,,,,,
467,0.0066269052352551355,50.17732238769531,mixed,0.5033678795749347,0.4974470995679336,0.49951792336217554,0.006735759149869347,-0.4322373859441696,-0.03598553922009064,0.33312827116828836,0.01870883457102256,0.34741643510134335,0.049928107200652695,-0.4327829685033596,-0.03602291555779745,-0.33683288943927914,-0.026949546314957697,-0.48999005169214993,-0.04920403740372498,-0.274069858701512,-0.030160220312932,-0.46630803761532086,-0.04578130557561555,0.0621522321642784,-0.007935542309730871,0.0645434175827559,-0.004419568911191634,0.010341537858935554,-0.015779286199363963,0.019803313879495382,0.011280393922519524,-0.08721491924169367,-0.0008809317008228075,0.12570556789832585,0.020590750309911733,K01_si_frac_adm,-0.4327829685033596,p1_c0,-0.48999005169214993
468,0.013253810470510271,84.3042984008789,material,0.5009979838200294,0.498545328433049,0.5003690623344518,0.0029093431339020093,-0.06825354603166614,0.0036331298125941384,-0.2924246717970532,-0.04727663600153126,0.9565195476810124,0.0920513043090154,-0.05540213358909246,0.0038758039169915215,-0.3368328776874458,-0.04032698302125703,-0.3354629589680972,-0.029348619990643834,-0.5220185296305885,-0.05821550349682711,-0.3085745120444239,-0.036581849585884466,-0.3299665344258923,-0.044053962279194,-0.06399467310709957,-0.01502377274932599,-0.4506708894557456,-0.05636345158884375,-0.4240900860778049,-0.043313071635357026,-0.4824100397679115,-0.04904730010937782,-0.595089754589842,-0.057169240424196535,frac_pore,0.9565195476810124,sharpness_c2,-0.595089754589842
469,0.005301524188204109,36.429046630859375,rare,,,,,,,,,,,,,,,,,,,,,,,,,,,,,,,,,,,,
470,0.005964214711729622,49.927677154541016,rare,,,,,,,,,,,,,,,,,,,,,,,,,,,,,,,,,,,,
471,0.00927766732935719,64.0273666381836,material,0.5016599376449604,0.4993473245121793,0.4993183824827829,0.0033198752899208372,0.9091544633531607,0.10034024919787697,-1.0764166128563792,-0.10509897027813954,0.5735351523920523,0.05471867412777112,0.9080219641646832,0.10024510399122491,0.16548360257705352,0.05414222156692957,0.11563001675601997,0.017522044659530615,-0.4129612053088015,-0.01961043872635692,0.22959542374357558,0.018084238634698675,-0.07390447465732848,-0.023702584502822137,-0.07722241623697958,-0.025390709580397818,-0.05356182616061316,-0.024573839578317335,-0.6392880658061494,-0.08984190416476336,-0.1303718080430199,-0.026451113762594975,-0.02532414022823889,-0.007682094333452502,frac_graphite,-1.0764166128563792,sharpness_c0,-0.6392880658061494
472,0.003976143141153081,29.74060821533203,rare,,,,,,,,,,,,,,,,,,,,,,,,,,,,,,,,,,,,
473,0.023194168323392977,128.26901245117188,material,0.4983514317909641,0.4920209819514756,0.5070024721878863,0.015958036097048822,1.7600830593461598,0.15016941646513843,-1.7462268709086919,-0.16141242299910655,0.32244184401045634,0.05474950555663675,1.7585782421572245,0.15006895619065658,0.8143242093425499,0.13186473013653632,0.2374069276350516,-0.005166361252952477,-0.15694529061272436,-0.021856684731418788,0.31299319917272256,0.009447896554807263,0.031709455665042054,0.015781672870294368,-0.12203789486658037,0.012186297624340337,0.09315043610427269,0.020472171797535525,-0.6238596638434026,-0.10105608787830565,-0.06327854960026083,0.012340901197084348,0.049425156985094,0.004053935389392417,frac_si,1.7600830593461598,sharpness_c0,-0.6238596638434026
474,0.00728959575878065,54.42806625366211,material,0.5010371452104356,0.5006707384625759,0.4987833303902525,0.0024333392194949566,1.0604107482536989,0.06302988155651729,-0.9742229609201155,-0.06171833863667454,-0.37721002910187196,-0.025582762702086273,1.0592120678726769,0.06297625402316757,-0.029358244828085883,-0.0051193609597706335,0.221777266206749,0.01913173514075585,0.11455478656901436,0.0007725027918661757,0.34183036777122966,0.038569371744508425,0.4624614154432111,0.029233104979919933,0.35750900592921075,0.019569371053594728,0.571905298426366,0.03984512283102159,-0.004389812144263122,-0.0037938232631068414,0.6407452829849567,0.03358617838708097,-0.00040501869549142144,0.003918069475818125,frac_si,1.0604107482536989,sharpness_c1,0.6407452829849567
475,0.008614976805831677,54.56637191772461,material,0.4982895315287091,0.49977481491471876,0.5013605862616988,0.0034209369425818315,-0.49254109729595213,-0.07077908783660254,0.3338354549206494,0.04001676256385789,0.6015467329539685,0.05520492299599388,-0.4930602943505096,-0.07079561464127236,-0.33683290832890317,-0.026949546314957697,-0.33002811651161207,-0.010002923881425237,-0.41342860915972457,-0.02029743000794178,-0.34479913870336915,-0.007098670555873055,-0.04720440800849335,-0.03256075824140906,0.13788471975319253,-0.012673600229666715,-0.1993565957836351,-0.04262249925835801,-0.00540867665277468,0.01657337343818033,-0.2942266443873699,-0.035744915756235736,-0.22615299561461175,-0.02650410208832321,frac_pore,0.6015467329539685,p1_c1,-0.41342860915972457
476,0.017229953611663355,93.10572814941406,mixed,0.5022789402675102,0.49955685501933944,0.4987321207840367,0.0045578805350203755,0.03411471243412088,-0.011233761388429513,-0.18378660621528659,-0.013748496278943105,0.4986286256103113,0.056250573355926876,0.033365080708830125,-0.011363170630701034,-0.2768618892046148,-0.027220577747634794,-0.4424719337011729,-0.035516494622018814,-0.37928492589739876,-0.03932701819505115,-0.4368549968730151,-0.07634813357699233,0.015581956272887144,-0.014782842847227324,0.23781525087550218,0.006012952489012381,-0.15302701775806735,-0.04252459198924206,-0.1253991320936144,-0.01002962886031455,-0.12229364373356788,-0.04046815272469255,-0.4636144515701249,-0.05595815656465128,frac_pore,0.4986286256103113,sharpness_c2,-0.4636144515701249
477,0.005301524188204109,36.35650634765625,rare,,,,,,,,,,,,,,,,,,,,,,,,,,,,,,,,,,,,
478,0.00927766732935719,63.202667236328125,imaging,0.49971197428991554,0.4957082371981677,0.5033480487374183,0.008583525603664599,0.12467027011964976,0.04384238643023596,-0.08594098213115993,-0.032352361377746136,-0.016132012619865507,0.0012779553986109191,0.12388101643098372,0.04373108944477044,-0.17528133391856715,-0.01142079699982841,-0.12905242656921997,-0.013450989162928667,-0.017310866576891425,0.004676729951103195,-0.10728775830848747,0.0067351602483142255,0.052547654379590525,0.0005615797251583194,0.13515267199409461,0.015950247993097702,0.0824088659707011,0.005657311622461706,-0.6614406720779211,-0.0671996818036616,0.08777866863760131,0.020975443307116665,-0.14962174518249416,-0.004388746704962747,K04_agglom_frac,-0.17528133391856715,sharpness_c0,-0.6614406720779211
479,0.008614976805831677,58.07069778442383,material,0.50592726592858,0.4961501779805112,0.4986800282535759,0.0118545318571599,1.5389970585977755,0.09738471105368815,-2.0371245089461603,-0.11739850826939799,1.3438351734601752,0.0699723199529976,1.5375889760786876,0.09731899555888815,1.6095750440429604,0.13229292876060167,-0.5815193848579955,-0.05723273061265135,-0.8432013538082904,-0.06546585803810898,-0.4712984197649113,-0.03524489260541874,0.6372579159254173,0.048034816611523624,0.5327027420349106,0.03285087267186964,0.5666973462763383,0.04560519660884136,-0.13683561212661607,-0.021912657611514896,0.17828534383300493,0.019718903596628777,-0.030000211068355626,-0.01757236204190698,frac_graphite,-2.0371245089461603,p1_c1,-0.8432013538082904
480,0.005964214711729622,40.6873893737793,rare,,,,,,,,,,,,,,,,,,,,,,,,,,,,,,,,,,,,
481,0.0026507620941020544,26.0875244140625,rare,,,,,,,,,,,,,,,,,,,,,,,,,,,,,,,,,,,,
482,0.0066269052352551355,52.910072326660156,material,0.5033400876204529,0.4974470995679336,0.49953734769556773,0.006680175240905806,-0.30561118917037244,-0.016633916370043193,0.01865278102041765,-0.01721965756143429,0.5888299528973693,0.07079131322452378,-0.2986584496968864,-0.016130278846263075,-0.33683288153560464,-0.026949546314957697,-0.5885892071649151,-0.0638370717415766,-0.372332622018485,-0.034121760956562636,-0.4417783545298198,-0.033892143207751135,0.20239542346370737,0.004705252314906422,0.3199871853016909,0.020385185497668615,0.07505214440060837,-0.00651048014636132,-0.05304187256066757,0.013506393445812224,0.2162941993840489,0.019817894209723033,-0.2964788961146319,-0.016298242917699678,frac_pore,0.5888299528973693,p1_c0,-0.5885892071649151
483,0.010603048376408217,63.52599334716797,material,0.5046614687289982,0.4966354699022673,0.4992088998763906,0.009322937457996394,-0.16377980543457965,-0.02653489916432684,-0.1675275951474522,-0.007476425179762977,0.8781031521658362,0.058714266391726576,-0.16333062891566474,-0.02634211479819449,-0.11280620138696702,-0.014716488891009346,-0.36205496912870766,-0.036912653407273684,-0.5442738127383814,-0.02611461712455446,-0.2939954954563828,-0.03933362790472027,0.033652213165778266,-0.027225886406491942,0.23621525393798476,-0.0005241236578142238,0.08136302866938716,-0.015385416211063804,0.07880570668648426,-0.002310415825227493,-0.008425785608570005,-0.013952476894646416,0.036330952965959895,-0.005667563190622336,frac_pore,0.8781031521658362,p1_c1,-0.5442738127383814
484,0.009940357852882704,63.600616455078125,material,0.4974254543984558,0.5007345609733775,0.5012608158220024,0.005149091203088374,-0.3046316231893935,-0.035385316268214305,0.07532396663029535,-0.002588626299381263,0.7432974062098332,0.08112476642065432,-0.30523303880286534,-0.035416169192635176,0.08637192692721916,-0.00779163484278397,-0.24131088117603824,-0.019520997493143812,-0.37066079187787876,-0.030091039036544892,-0.22385869501274372,-0.014906861985890814,-0.09895828002558578,-0.03166188931382852,-0.1683954574631905,-0.027344514594108166,-0.08566373451023457,-0.03227881098279953,0.1578927696218491,0.006997632606718185,-0.42732394778220434,-0.029387496095156698,-0.22540775183385067,-0.030607234472326564,frac_pore,0.7432974062098332,sharpness_c1,-0.42732394778220434
485,0.00927766732935719,49.9970703125,material,0.4959246888564368,0.5011873395405743,0.5019777503090235,0.008150622287126374,-0.284912083082009,-0.046625281404147484,0.5315304906502175,0.08359809733984776,-0.7556963990993514,-0.09148586724635305,-0.2855221267859329,-0.046680835077134886,-0.33683287994129363,-0.03243408064992298,0.2605647335302585,0.056282937115431066,0.6231110594701376,0.06714135146326147,0.16654605100368558,0.06579100910141623,-0.02266198536401541,-0.011963458879285536,-0.13717822596393947,-0.02044059345662208,0.07319344816148,-0.0012739487473875492,0.19150212101453987,0.03073975488056676,0.10372664872677373,0.010744841591909497,0.16539882373014686,0.02026982510234337,frac_pore,-0.7556963990993514,p1_c1,0.6231110594701376
486,0.0,0.0,rare,,,,,,,,,,,,,,,,,,,,,,,,,,,,,,,,,,,,
487,0.008614976805831677,55.73661422729492,imaging,0.4963655703161713,0.5034066770388281,0.5000423803637647,0.007268859367657421,-0.33287452714114507,-0.02522571772300523,0.3740871181131663,0.032076003654392254,-0.007948608290355022,-0.0068020758381418965,-0.3334635852488275,-0.02527494954219216,-0.3368328905491489,-0.03243408064992298,0.034384746746701736,0.010943948899555276,0.34939801647724733,0.03286444733396852,-0.11157116270871155,-0.005990592959893504,-0.40995955077016144,-0.03412679816449333,-0.3923745375953946,-0.04044311188165037,-0.463156376724944,-0.026758905379570534,-0.12418188695006939,-0.004554300662838922,-0.6137575967537511,-0.06011059229500403,-0.2799249122655665,-0.024597517207870078,frac_graphite,0.3740871181131663,sharpness_c1,-0.6137575967537511
488,0.013253810470510271,87.41301727294922,imaging,0.49716016756022013,0.49677274851040665,0.5043510506798516,0.008702101359703285,0.7080008796564927,0.07357479280365306,-0.4973775488062187,-0.04636207513084832,-0.5252673844365242,-0.0657020432488991,0.7069563937241101,0.07348140080757601,0.4520183938545685,0.01996221655345934,0.7264519860989113,0.06741099674337662,0.2875992441929722,0.03762463304550371,0.757167831427021,0.08775588720482709,-0.3044491069786627,-0.022480246175177507,-0.3607434651587883,-0.029147450596427534,-0.15894978987377895,-0.010353268754391812,-0.5473367549326529,-0.06916984170134398,0.031648568625656286,-0.011613821225730285,0.16994646014127018,0.020678064093566255,frac_si,0.7080008796564927,p1_c2,0.757167831427021
489,0.008614976805831677,53.86060333251953,mixed,0.49825415995027766,0.503397043452292,0.49872947201130147,0.00679408690458394,-0.24243602055211638,-0.015948349096271776,0.344983948608537,0.033953375409176735,-0.26682119871631177,-0.02341126645981476,-0.24306464941580588,-0.016030460377424546,-0.33683289745055034,-0.03243408064992298,0.10790732603962286,-0.012148954623355551,-0.07087592083126082,-0.00654148142165864,0.02970136151549625,-0.007483590952219096,0.15039910799710995,0.014278289365874323,0.17623679351334573,0.02179714634980508,0.26795747278314763,0.024500201506131174,0.11369843520011882,0.008186398421372799,0.004271452362331309,0.01154963169153555,0.24038968838738192,0.033946915170716914,frac_graphite,0.344983948608537,noise_sigma_c2,0.26795747278314763
490,0.007952286282306162,61.98447799682617,imaging,0.4967963456106397,0.5038510262178058,0.499415504149744,0.007702052435611506,0.2951821774496757,0.052192455458804396,-0.22148557042939357,-0.04672992108695386,-0.07129400239583913,-0.00436332806071321,0.29431831747292186,0.05208923318711922,-0.336832898077951,-0.03115089719541056,0.043577443721118776,0.01446991343549729,-0.09380547935074304,-0.0022347626440999274,0.14612538746357576,0.03046855311517499,0.04447703946703662,-0.009729790639131304,-0.12327297523313117,-0.020083732523802973,0.02365334079490081,-0.008365488361930828,-0.5764538318563144,-0.05065422778227326,-0.012317211783353788,-0.008176460991023815,-0.015513083618074495,-0.005842959298651239,K04_agglom_frac,-0.336832898077951,sharpness_c0,-0.5764538318563144
491,0.004638833664678595,35.51344299316406,rare,,,,,,,,,,,,,,,,,,,,,,,,,,,,,,,,,,,,
492,0.005964214711729622,40.79869079589844,rare,,,,,,,,,,,,,,,,,,,,,,,,,,,,,,,,,,,,
493,0.008614976805831677,62.289241790771484,material,0.5039628800549775,0.499803715674327,0.49737418329507327,0.007925760109954938,-0.4990754716560739,-0.05383583575349253,0.5087415328709208,0.045510534838123125,0.02398495625962776,0.02492576358833902,-0.4995918097102691,-0.05390985798283938,-0.33683289618738155,-0.03115089719541056,-0.12201663748711859,-0.01777321555290522,-0.22180249443172198,-0.03395985299932019,-0.18355897054458564,-0.009869894050596706,0.10561634139887777,0.003800101250527923,0.19671244071525135,0.014824428867762944,0.07192146901555027,0.002932408662554151,0.2147546517729553,0.04058464017605239,-0.047163379973463766,-0.007502079555608308,0.07960203690771775,0.016388952492815693,frac_graphite,0.5087415328709208,p1_c1,-0.22180249443172198
494,0.0145791915175613,97.91484832763672,material,0.5001288536071431,0.5031333240208664,0.49761257284125027,0.006266648041732825,1.2322762191522185,0.09025834567745467,-1.3259025381669591,-0.09504183283258497,0.2608672113647507,0.034179347436271254,1.2310023402571846,0.09016977884376384,0.6340728168681878,0.07854337146823204,-0.009559574035025081,-0.006306199304000767,-0.19579345462980655,-0.022393034844376426,0.06601661409642795,-0.00724397465622698,0.2256432575868133,0.02925680090864765,0.14335242725683928,0.016942457676533403,0.13909045035607254,0.016264289718480183,-0.5199253378420294,-0.0623025851570092,0.2749813814127132,0.017546914651547903,-0.12116319806193901,-0.015560603832250388,frac_graphite,-1.3259025381669591,sharpness_c0,-0.5199253378420294
495,0.004638833664678595,37.31806564331055,rare,,,,,,,,,,,,,,,,,,,,,,,,,,,,,,,,,,,,
496,0.005964214711729622,44.748291015625,rare,,,,,,,,,,,,,,,,,,,,,,,,,,,,,,,,,,,,
497,0.00927766732935719,58.820552825927734,imaging,0.4997397662443973,0.49937863366842156,0.5006374713049621,0.0012749426099241123,0.14766518511671928,0.012972510479627492,-0.23453060459404082,-0.0010481013619692908,-0.0963662415242359,-0.01949735561987592,0.15998151657438292,0.013323772791299445,-0.33683289556834994,-0.03367006446576788,0.20438169009001672,0.02175580223368676,0.03843812020173154,0.025201864434960957,0.38426706149813655,0.030011987958024223,0.12523894104899683,0.014546729821130911,0.09829544752415324,0.011548062743998982,0.19859044142219578,0.02751240122938323,0.34768764067455,0.015312705793595364,0.06511694610628115,0.017990172725650157,0.5933315784279728,0.041355763105689135,K04_agglom_frac,-0.33683289556834994,sharpness_c2,0.5933315784279728
498,0.012591119946984758,75.97176361083984,mixed,0.4938061839625263,0.5025938431748448,0.5024271587497793,0.012387632074947419,-0.2429944144633906,-0.03615778367047312,0.3956983951769833,0.06705281415521033,-0.437677087703178,-0.048101332886740476,-0.24362279903033215,-0.03625366912094249,-0.10641505339418515,-0.017428582151322373,0.2509647750337706,0.039015404820853736,0.17184346503301184,0.03183962644658422,0.2993090301049536,0.0537665588816143,-0.3097766532331496,-0.027718662388157206,-0.2749598252893518,-0.030371080414845666,-0.27892918253782256,-0.024295844473623422,0.11434212421681977,0.019986337587361108,-0.35693838347518014,-0.04316526548919364,0.023387923414242215,-0.001870969747036231,frac_pore,-0.437677087703178,sharpness_c1,-0.35693838347518014
499,0.0026507620941020544,26.631784439086914,rare,,,,,,,,,,,,,,,,,,,,,,,,,,,,,,,,,,,,
500,0.010603048376408217,64.33297729492188,mixed,0.5007554358536426,0.5003082747691551,0.4992459826946848,0.001510871707285144,-0.04553825249300743,0.0062827739019642925,-0.10976331052503138,-0.02280759934069594,0.33877015916156367,0.04300893882659723,-0.04625303259161891,0.006134420729234079,-0.33683288960804864,-0.036019696756253675,-0.05513905819034725,-0.016200227829862933,-0.3049122498581351,-0.026552447246219496,-0.03462667127388625,-0.013435337354730669,-0.04886334200818282,0.0022813011271288373,0.009002201758422384,0.008602321022656814,0.04047177770622926,0.004573980408930184,-0.4328645506589922,-0.029297597100919767,-0.08918129070404973,-0.0040226318490030185,-0.34920153239344753,-0.036444931164088694,frac_pore,0.33877015916156367,sharpness_c0,-0.4328645506589922
501,0.0019880715705765406,17.381141662597656,rare,,,,,,,,,,,,,,,,,,,,,,,,,,,,,,,,,,,,
502,0.009940357852882704,63.032161712646484,material,0.4973900828200244,0.49708584007282997,0.5039607981635176,0.007921596327035152,-0.6099457115187842,-0.06836361448212314,0.6864369367542842,0.08471473737356978,-0.2859249457479644,-0.03018826828977244,-0.6104135390524974,-0.06840941619636899,-0.3368328905491489,-0.034863871151342034,0.1988417963811882,0.02549390245029538,0.27377672470946945,0.03308431255947215,0.15994112070836186,0.021948704849180437,-0.27364046134373654,-0.020291640746247473,-0.1773357452058955,-0.014385022984272949,-0.2616291559505172,-0.01804925820074874,0.24396343591778066,0.04335001897304436,0.08329935303057297,0.010718907776463666,-0.06787402892093657,0.005667350739138964,frac_graphite,0.6864369367542842,p1_c1,0.27377672470946945
503,0.004638833664678595,36.27877426147461,rare,,,,,,,,,,,,,,,,,,,,,,,,,,,,,,,,,,,,
504,0.005301524188204109,39.574649810791016,rare,,,,,,,,,,,,,,,,,,,,,,,,,,,,,,,,,,,,
505,0.0066269052352551355,53.31282043457031,material,0.5014603408809545,0.495640802092415,0.5021755253399257,0.008718395815169977,1.349031417623146,0.08393034383597044,-1.243886993365587,-0.08084731423515626,-0.04562377757692455,0.010450272088873796,1.347706453215037,0.08385551619813865,1.425698994656569,0.08091437417862077,0.14883913501166912,-0.003561042499735739,-0.23794937270465513,-0.02414711009347416,0.25015636884166975,-0.00034184827174629334,0.32538964710027757,0.016414370152486733,0.15214087819763802,0.002820353200084123,0.38658607613719476,0.017507278126264975,-0.4658799322700522,-0.03964615115236499,0.32799901680021554,0.013988968770878605,0.4959636963318275,0.027909573325306435,K04_agglom_frac,1.425698994656569,sharpness_c2,0.4959636963318275
506,0.005301524188204109,34.107845306396484,rare,,,,,,,,,,,,,,,,,,,,,,,,,,,,,,,,,,,,
507,0.004638833664678595,30.45409393310547,rare,,,,,,,,,,,,,,,,,,,,,,,,,,,,,,,,,,,,
508,0.005301524188204109,40.3938102722168,rare,,,,,,,,,,,,,,,,,,,,,,,,,,,,,,,,,,,,
509,0.012591119946984758,83.59943389892578,imaging,0.49381123704515933,0.5008176506572514,0.503725940314321,0.01237752590968133,0.1373372584181209,0.04458794046370185,-0.15030920773137918,-0.03653002771995801,0.10805347823092452,0.0008560482593458288,0.13654246238347084,0.04447844728211571,-0.33683290121495124,-0.03929228768412859,0.052713859109896094,0.014039942401146074,-0.22930870324063843,-0.005791092021751971,0.13641466529602472,0.019807229976377873,-0.3298154203488942,-0.03281919231579328,-0.3560713958340549,-0.04241915961363344,-0.3524760254494298,-0.03168723099785593,-0.5351425604715571,-0.06726221047957079,-0.450307779860669,-0.03956540092942418,-0.4332180338786719,-0.045854119965260315,K04_agglom_frac,-0.33683290121495124,sharpness_c0,-0.5351425604715571
510,0.00927766732935719,59.30364227294922,imaging,0.5054623823263382,0.49572509597460584,0.4993166166342927,0.010924764652676444,0.3129699005569454,-0.012295938231440423,-0.21949026999083074,0.01722858280587422,-0.2082469207517136,-0.029294046268714072,0.31209825771822897,-0.012375435963965304,0.3578539457688077,0.014161310118144355,-0.2962979398057146,-0.03040774825519596,-0.30957335350953546,-0.008296832053518916,-0.18471222989350003,-0.028159081951711535,0.5222186175186224,0.05337697200892129,0.4829876700166591,0.05638657493121163,0.5584761270419082,0.058387529988828304,0.5579265292476545,0.0373486374052512,0.30312118559337403,0.044130727832132614,0.5663377159730804,0.07122949950585653,K04_agglom_frac,0.3578539457688077,sharpness_c2,0.5663377159730804
511,0.0033134526176275677,28.506271362304688,rare,,,,,,,,,,,,,,,,,,,,,,,,,,,,,,,,,,,,
512,0.008614976805831677,53.022098541259766,mixed,0.5039755127615602,0.49613572760070707,0.500054741303196,0.007951025523120325,-0.2298474916438376,-0.038519854025353115,-0.14680874762698334,0.007056632444226531,0.4420859323639136,0.02633289815887044,-0.22502778426131745,-0.0375364107442264,-0.3368328918039493,-0.03243408064992298,-0.26119615283695985,-0.016908097874778587,-0.1722642377392939,-0.010357428613532059,-0.3223525638963748,-0.026018197550281435,-0.04713794749751793,0.0007592391936936812,0.08893527421570573,0.0007426581072059944,-0.1500407494728482,-0.0067658138933321425,0.03575067968850543,0.02172621857346763,-0.14436047503407462,-0.024830143296826715,-0.08753724539733526,0.024014212062327792,frac_pore,0.4420859323639136,p1_c2,-0.3223525638963748
513,0.003976143141153081,36.23816680908203,rare,,,,,,,,,,,,,,,,,,,,,,,,,,,,,,,,,,,,
514,0.00927766732935719,59.208335876464844,imaging,0.49593732156301945,0.5011825227473062,0.501972452763553,0.008125356873961098,-0.2576076217228558,-0.011711629659125181,0.27263823853509955,0.022629700208279604,-0.03076944392702529,0.004138231421843742,-0.2582296123584217,-0.011790980175097752,-0.3368328817284673,-0.03243408064992298,0.47417512888397084,0.02751311333632956,-0.15142394384543914,-0.004320496022353773,0.5297706726270507,0.03545775781961853,-0.3028517894303428,-0.03557975488971638,-0.30147212048517674,-0.02688987486792954,-0.20624971731667383,-0.026151659255627673,-0.356323736630224,-0.022382999364200355,-0.3379046701139039,-0.037896547249342716,-0.06971495128812939,-0.01338049971998571,K04_agglom_frac,-0.3368328817284673,p1_c2,0.5297706726270507
515,0.009940357852882704,61.48812484741211,material,0.4955040197272345,0.4989246509029079,0.5039307787391842,0.008991960545530975,-0.48714519054191235,-0.04511898588385973,0.5578020663180988,0.059576050444554364,-0.2626174248288817,-0.020125556229025853,-0.48766674863792503,-0.04519600652215321,-0.33683290751357525,-0.03367006446576788,0.18345058830119176,0.023657380707682932,0.491125565608834,0.050631515186500144,0.2045565515821026,0.01821355026866734,-0.30375477043324656,-0.04780866743398758,-0.20690071332154908,-0.03643322599366634,-0.2305912106049975,-0.04214600138826861,0.01258536737682101,0.0033144653694083593,0.019303248414973113,-0.013281478233628229,0.0008728370849295849,-0.023593291670525922,frac_graphite,0.5578020663180988,p1_c1,0.491125565608834
516,0.00927766732935719,57.11531066894531,material,0.5016371987731115,0.501151213591064,0.4980116546000353,0.00397669079992935,-0.36464732517734444,-0.016100652889853552,0.5140659973878752,0.05005153511257086,-0.5608199021405861,-0.07130222035541708,-0.36522248128626045,-0.01619558747995576,-0.3368328761189454,-0.03367006446576788,0.362745340798529,0.053779005032118736,0.559458858452768,0.05785946974683943,0.3194182024797979,0.06251477743817192,0.05850971413692403,0.015359225462136283,0.008018203810853733,0.01582095195342954,0.07846767940665625,0.016374960667316727,0.16458266848487824,0.03262426358625719,0.2295838953561856,0.025688039998229384,-0.11317371611657923,-0.011650734062421229,frac_pore,-0.5608199021405861,p1_c1,0.559458858452768
517,0.005964214711729622,39.27836990356445,rare,,,,,,,,,,,,,,,,,,,,,,,,,,,,,,,,,,,,
518,0.00728959575878065,51.40879821777344,material,0.5010219859625364,0.5024806485330456,0.49746689034080865,0.005066219318382692,0.000654405059181011,-0.00010795396655767326,-0.36770370436812183,-0.016630381605622895,0.9843834588554646,0.054200095338044554,-8.058629223646474e-05,-0.00021513759466333017,-0.336832878628546,-0.029814417850313527,-0.29963678540001587,-0.05062503798691307,-0.6960556031599353,-0.03976983708386212,-0.1098585770684146,-0.03016284637020998,0.22598061649788884,0.023205267493143358,0.11243603096423982,0.029072191650677752,0.034500143339606715,0.019611098534990802,-0.1358941057329053,0.0168734865902434,0.08334905247213167,0.0377987933961618,-0.30369808792147907,-0.003482804796262612,frac_pore,0.9843834588554646,p1_c1,-0.6960556031599353
519,0.015241882041086813,89.47293090820312,material,0.5035788457748649,0.49722552707760337,0.4995329330743422,0.007157691549729783,-0.5527004665010835,-0.07794328178564619,0.18689973214104472,0.008318650315708042,1.1302673142926778,0.12475924354777179,-0.5531933413095503,-0.07801780110015048,-0.3368328796007188,-0.04232457615854792,-0.2776933600757469,-0.05743247076581437,-0.6822507822611109,-0.09107745972431848,-0.21496168760853981,-0.04803259348456256,-0.1274647051287609,-0.029041291474270124,-0.05057071781413406,-0.004771185478573003,-0.18526941201781377,-0.03272826620095268,0.3176711797281134,0.04432668990473446,-0.39095226992503945,-0.04559797198133055,-0.3918595900298612,-0.061920283615019195,frac_pore,1.1302673142926778,p1_c1,-0.6822507822611109
520,0.008614976805831677,54.52564239501953,material,0.5001604353735997,0.5015799081919203,0.49872947201130147,0.0031598163838406634,0.42811291020092124,0.07130501157040992,-0.5146457623811491,-0.07355374542653911,0.1190138370138433,-0.003546596981515314,0.42719088735072114,0.0712061112569363,-0.02717035064236576,0.041148359115103186,0.021833635004078065,0.010292772028543838,-0.3298493937852426,-0.01799242701345257,0.09771070676553008,0.004298042625390891,-0.049112679080107025,0.03729738540080178,-0.17397820905520645,0.016166515044754037,-0.13058415761949013,0.02517942605144817,-0.28769514692405507,-0.020476910116831813,-0.22438932092662994,0.024914499570960442,-0.20483869482477532,0.0021997973843249003,frac_graphite,-0.5146457623811491,p1_c1,-0.3298493937852426
521,0.007952286282306162,49.89570999145508,imaging,0.49679129252800663,0.5020495455355551,0.5007398905173935,0.006417414943986732,-0.3855926570536114,-0.03582073696426917,0.5835739213553902,0.07797455634529003,-0.623170774665925,-0.079890360377129,-0.38615864873402495,-0.03590634291200349,-0.09735161533611492,-0.006935112736610106,0.2795164407119845,0.05421941845713001,0.6882607804231807,0.0753402869214929,0.22988712859907479,0.06650490921032999,-0.24052767376855894,-0.026543079524532966,-0.2858663426771647,-0.03322396101868655,-0.1168780727126318,-0.01634032318405875,0.18240397292363167,0.019144634012087797,-0.12110480842820454,-0.005669459094995385,0.11634091748951864,0.003068681280963247,frac_pore,-0.623170774665925,p1_c1,0.6882607804231807
522,0.010603048376408217,65.05970001220703,imaging,0.4969732035027969,0.5020808546917974,0.5005897933957266,0.0060535929944062206,-0.4880042462177581,-0.055335884922291835,0.6666256744097987,0.08624966712375907,-0.5940243345273806,-0.07600966250492434,-0.48852542835918006,-0.055410258214766556,-0.33683287149691005,-0.034863871151342034,1.0224884983707208,0.06077806755609802,0.49052237648417035,0.04924151959252742,0.9554008395399325,0.07184245870304727,-0.4597002621968124,-0.023767201767579522,-0.5464124033521595,-0.025313430514916527,-0.25865624963348166,-0.005478563707479637,0.46697733015028786,0.05547064947083842,-0.25597967130585836,-0.016137201468976486,-0.08178707456949777,0.0033259460133709734,frac_graphite,0.6666256744097987,p1_c0,1.0224884983707208
523,0.005301524188204109,45.012184143066406,rare,,,,,,,,,,,,,,,,,,,,,,,,,,,,,,,,,,,,
524,0.005301524188204109,37.65940856933594,rare,,,,,,,,,,,,,,,,,,,,,,,,,,,,,,,,,,,,
525,0.007952286282306162,49.43880844116211,mixed,0.5005684717962192,0.49840804982490966,0.500769909941727,0.0031839003501806795,-0.2678906616652597,-0.02581262792072272,0.3347669801180007,0.037081011803835495,-0.18193011463114028,-0.019030591349645975,-0.2685081529712663,-0.02584674768351758,-0.33683287172714443,-0.03115089719541056,0.2739704386611833,0.018490858390202595,0.18047229862224967,0.010416858376708056,0.2239374073000555,0.014399299849890093,-0.4512865611309148,-0.017323483453054397,-0.46870289993863445,-0.024801539710168137,-0.43733240295553405,-0.014768447205785035,0.04214479038339829,0.023206304879406937,-0.434461511462582,-0.019957313233712765,-0.23593498124605453,-0.005669958506807557,K04_agglom_frac,-0.33683287172714443,noise_sigma_c1,-0.46870289993863445
526,0.005301524188204109,36.39552688598633,rare,,,,,,,,,,,,,,,,,,,,,,,,,,,,,,,,,,,,
527,0.005964214711729622,35.58457946777344,rare,,,,,,,,,,,,,,,,,,,,,,,,,,,,,,,,,,,,
528,0.013253810470510271,69.5383071899414,material,0.5029131021379593,0.4967173553878241,0.500370828182942,0.006565289224351845,-0.5559043109885226,-0.07543026949219446,0.5351979483313642,0.07368031784331082,0.04008815986668682,0.0035519139983574695,-0.5563957839784358,-0.07545689221760217,-0.3368328964952581,-0.0382310813155339,-0.20256813684696665,-0.013334756700562764,0.059260584766055946,-0.001960085610050552,-0.18905001086900694,0.0029802318058201275,-0.252238858782037,-0.03878310116821402,-0.060713454081005036,-0.02385053146671118,-0.3408597433741949,-0.053276192894179036,0.23869896189147008,0.031633840892316245,-0.1123682367017867,-0.03085717780429417,-0.2716671530513795,-0.027002194734619896,K01_si_frac_adm,-0.5563957839784358,noise_sigma_c2,-0.3408597433741949
529,0.004638833664678595,37.84769058227539,rare,,,,,,,,,,,,,,,,,,,,,,,,,,,,,,,,,,,,
530,0.009940357852882704,62.12105941772461,imaging,0.497397662443974,0.49529278877879834,0.5052701748190004,0.010540349638000768,-0.009345799957156098,0.0028933798954322793,-0.0616160590016215,-0.02207593694474085,0.26891904190203736,0.03778387725888494,-0.0096613975152853,0.003044311709360222,0.3258074904079171,0.03851672018127827,0.3331831658201868,0.04388464423011868,0.3538719517022907,0.023351721458811734,0.16706580659324144,0.022374785351849814,-0.5984634820089759,-0.06647431891765083,-0.5920340383458655,-0.06774818066295729,-0.7250469900240891,-0.08102328725028228,-0.3329313319673774,-0.054985986521985615,-0.38697335148895573,-0.04916991322519442,-0.32097361395838275,-0.025532457001504402,K04_agglom_frac,0.3258074904079171,noise_sigma_c2,-0.7250469900240891
531,0.0013253810470510272,16.97359848022461,rare,,,,,,,,,,,,,,,,,,,,,,,,,,,,,,,,,,,,
532,0.005964214711729622,42.581687927246094,rare,,,,,,,,,,,,,,,,,,,,,,,,,,,,,,,,,,,,
533,0.008614976805831677,54.655189514160156,mixed,0.5059095801393642,0.4979504544644449,0.4973724174465831,0.011819160278728313,-0.377757871743423,-0.024792388769433647,0.49635760273735036,0.05656024209987056,-0.46426401794618655,-0.05621105153999658,-0.3783272913894582,-0.02480880660551674,-0.33683286043394506,-0.03243408064992298,-0.11014507142491237,0.03413938441341761,0.27285164667549827,0.051759874805647865,-0.14510610776450056,0.02093213256947853,0.15835260516625385,0.016400493815557422,0.16466607155576854,0.0074444275565398055,0.02341396220674305,0.011395994841037765,0.21331202111559214,0.017461628750980892,0.1993203882981091,0.019278337601098098,0.17116699367702398,0.01455641525090125,frac_graphite,0.49635760273735036,p1_c1,0.27285164667549827
534,0.0066269052352551355,51.071407318115234,mixed,0.49573014517506403,0.5028924843574638,0.5008634999117076,0.00853970964987194,-0.2685493640655199,-0.016507360864532222,0.13447507859299493,0.013866182524990592,0.025082556231245872,0.0025866829276882555,-0.2624888442046625,-0.015959960111899298,-0.3368329081163552,-0.028417121248368652,-0.1690762782800739,-0.019395633941292935,-0.46740218633984054,-0.025917964430873762,-0.14116653236263857,-0.015420363953908918,-0.3063201672443934,-0.005862076249031672,-0.29250860519083105,-0.006985625118567363,-0.2943227765877933,0.002405197765686938,-0.10192621091099127,-0.0003793207560540307,-0.4534666981082139,-0.02122389589578337,-0.3740151302889435,-0.005727385566646002,K04_agglom_frac,-0.3368329081163552,p1_c1,-0.46740218633984054
535,0.0066269052352551355,41.12971878051758,imaging,0.49573014517506403,0.5010693281055071,0.5022002472187885,0.00853970964987194,-0.5096460698757452,-0.04388049039913124,0.47933805396069734,0.03576683845790747,0.12112406773170248,0.016769055706963052,-0.5101577828161489,-0.04393685314835397,-0.336832893479902,-0.026949546314957697,0.24179865734103934,-0.005064285934207281,-0.21746149086790675,-0.02787210864606315,0.265526335750092,0.009626981827704162,-0.6149221662852106,-0.03569479390525271,-0.5015433370273672,-0.034544282013302584,-0.6154550129014352,-0.034432205453436,-0.04687379974021717,0.007916829741920131,-0.7377852144342292,-0.06220770936843638,-0.46906535148500633,-0.03836194264145015,K01_si_frac_adm,-0.5101577828161489,sharpness_c1,-0.7377852144342292
536,0.00728959575878065,55.77203369140625,material,0.4991030778326318,0.5061221442436912,0.49613808935193354,0.012244288487382349,1.4711502248647867,0.09824877578440021,-1.300645558397223,-0.09683278697046617,0.04067700747718145,0.026699882679909956,1.4697718282528651,0.09817728817118479,2.6256283124248085,0.20885941978392988,-0.5510731660286601,-0.06732263959189569,-0.3647442326893022,-0.032571029819155106,-0.42882742948925007,-0.04784953484658619,0.8313638467692296,0.07616901988863374,0.698029660590384,0.06362446611370529,0.6556906170090657,0.05809565186042944,-0.44597744004614226,-0.05102987735090348,0.34619527543439266,0.03772134690626594,0.23786687905268755,0.022376406340011597,K04_agglom_frac,2.6256283124248085,noise_sigma_c0,0.8313638467692296
537,0.013253810470510271,77.99903106689453,material,0.4952905269859878,0.49851161088017265,0.5043828359526752,0.0094189460280244,-0.5407762821765262,-0.05969717982942765,0.6568146966340117,0.0830026115967545,-0.3611344958588873,-0.033281560928638855,-0.5412743743345695,-0.0597769426555738,-0.336832880679936,-0.03929228768412859,-0.06598337801193338,0.014563084568022439,0.3642471547110375,0.0404786894131346,-0.21445161440474816,0.02605849178722664,-0.24821393784904047,-0.034750154842260676,-0.08989792652528224,-0.008333771945677367,-0.2308830182686711,-0.03259056527421759,-0.018404956280925637,0.001009457499495869,-0.17538235225444593,-0.012361746439570123,-0.18285027561668413,-0.019512998939142507,frac_graphite,0.6568146966340117,p1_c1,0.3642471547110375
538,0.003976143141153081,31.75506019592285,rare,,,,,,,,,,,,,,,,,,,,,,,,,,,,,,,,,,,,
539,0.0066269052352551355,38.709877014160156,material,0.49573014517506403,0.5011006372617495,0.5021772911884159,0.00853970964987194,-0.6787646831762786,-0.0629830654340627,0.6494505863617961,0.0627808573213611,0.12008952788996932,-0.014219251195482941,-0.6792023994335168,-0.06300182803912255,-0.3368328845888472,-0.028417121248368652,-0.07484798551556052,0.021122833299879004,0.2723996308528644,0.0273753041572808,-0.22852610343681734,0.008877095884371486,-0.4734090296334868,-0.0492176882133707,-0.43354081672419514,-0.059886034733062435,-0.5444674503692929,-0.057967661758459,0.2688820509784736,0.02046786370491388,-0.5324915415192953,-0.061960594221803694,-0.2771278781137985,-0.033109279585476326,K01_si_frac_adm,-0.6792023994335168,noise_sigma_c2,-0.5444674503692929
540,0.005301524188204109,41.148834228515625,rare,,,,,,,,,,,,,,,,,,,,,,,,,,,,,,,,,,,,
541,0.0066269052352551355,44.84190368652344,material,0.5014552877983214,0.4974687751376398,0.5008387780328449,0.005062449724720364,-0.1311033414909299,-0.010196447230709511,0.445628150931099,0.04336307012091779,-0.9101421001759976,-0.09193326937953149,-0.1317780551993587,-0.010252810068163549,-0.3368328748617684,-0.026949546314957697,0.2713074697675886,0.0371861310045028,0.6818166467766111,0.057557137136621576,0.06731275927686574,0.042036566446342405,-0.01153308428942483,-0.0028963962787086437,0.006737367587942633,-0.013106869088168051,-0.09000488849613832,-0.01125422615809834,0.12827135866992193,0.017011034928044132,-0.013375439921166438,-0.0011683794986003869,0.030199752808890645,0.014160960316518667,frac_pore,-0.9101421001759976,p1_c1,0.6818166467766111
542,0.009940357852882704,62.07805633544922,mixed,0.49933678290441075,0.4971171492290723,0.5025772558714463,0.005765701541855406,-0.024514953816348828,-0.03738391801559645,0.0652282492747859,0.038555342545970074,-0.0903518567604989,0.006880897055226501,-0.025238932551037263,-0.03749112097349624,0.4522035964986765,0.014022001527987323,-0.39366890291657797,-0.006770378227371039,-0.05181718478193474,0.01926654894242294,-0.4235824626664368,-0.046286472653582815,0.15429098354043744,-0.01162917926606325,0.2186872272300044,0.0006860850534562467,0.10972339524719571,-0.018373165464336507,0.10362721868427625,0.022159620441719933,0.15417587068476024,0.0003528794543541809,-0.07173944923071651,-0.0009481964938063517,K04_agglom_frac,0.4522035964986765,p1_c2,-0.4235824626664368
543,0.0033134526176275677,26.035459518432617,rare,,,,,,,,,,,,,,,,,,,,,,,,,,,,,,,,,,,,
544,0.02054340622929092,109.04972839355469,material,0.5096008570028145,0.49556975439171125,0.4965380540349638,0.01920171400562909,-0.34870830285424004,-0.07846557012826913,0.5336053717168883,0.11906442771171766,-0.6950092745499714,-0.11678074787410096,-0.3492904330063181,-0.07852982970917033,-0.12071352980039028,-0.018667345956193078,0.17907274866847217,0.04929033312925056,0.5437793636258386,0.08577453635519908,-0.014955205406385225,0.01886514698638574,-0.10480789884640539,0.0035312291445548038,-0.2270134027787889,-0.03313379295091864,-0.17677163489688347,-0.010646987065507102,0.5500771996261625,0.09392597778958126,-0.20789602498782717,-0.018710874538377817,-0.2648512663984347,-0.020761993966586144,frac_pore,-0.6950092745499714,sharpness_c0,0.5500771996261625
545,0.008614976805831677,52.74924850463867,material,0.5059095801393642,0.497960088050981,0.49736535405262233,0.011819160278728313,0.5764363366959703,0.0003937459940893155,-0.5977169604640713,-0.009238578040262952,0.1692859354329097,0.04100419024532782,0.5754494159026735,0.00032781257525880345,0.3704215304412455,-0.006964151773370302,-0.42237275834062016,-0.03210695257051173,-0.5631160824377156,-0.04187345738003511,-0.40157515152169165,-0.03693662950404993,0.49577159194298526,0.026285177235339283,0.35249691203645284,0.023758307001561847,0.40193996284240363,0.017238940404910048,0.3411575480754164,0.030761928573170887,0.14430637095291815,0.019317128615040875,0.003431318013646073,-0.004954810245771767,frac_graphite,-0.5977169604640713,p1_c1,-0.5631160824377156
546,0.010603048376408217,72.81590270996094,material,0.5007655420189087,0.49850920248353864,0.5005580081229031,0.0029815950329227237,0.6734355766104526,0.08152769772590975,-0.5940655140635139,-0.0620834013705278,-0.4341011756038955,-0.06613914673385157,0.6724062144680748,0.08142363769493997,-0.1469610382755881,0.0058153333976960755,0.30669189444857725,0.03633822271657417,-0.15683757776522256,0.009952848097740307,0.29790146447055676,0.03539797839276366,0.1629888384870075,0.02215396391146556,-0.14431396166035987,-0.019728841266742524,0.15380718800284188,0.02388533380581641,-0.48468241856365835,-0.02794286786121584,-0.0316797303208589,0.005345864455749095,-0.401768247258099,-0.02488659208215086,frac_si,0.6734355766104526,sharpness_c0,-0.48468241856365835
547,0.005964214711729622,41.617454528808594,rare,,,,,,,,,,,,,,,,,,,,,,,,,,,,,,,,,,,,
548,0.005301524188204109,46.3712272644043,rare,,,,,,,,,,,,,,,,,,,,,,,,,,,,,,,,,,,,
549,0.005964214711729622,41.074188232421875,rare,,,,,,,,,,,,,,,,,,,,,,,,,,,,,,,,,,,,
550,0.007952286282306162,53.4555778503418,imaging,0.49487617421007685,0.5020375035523851,0.5020872329154159,0.010247651579846306,-0.3984137566958197,-0.03264248496896297,0.3763950645422986,0.03364987081326311,0.05302571834539326,-0.0010452805387143437,-0.3989741386149535,-0.032728090925022324,-0.3368329118807551,-0.03115089719541056,0.32720773944987624,0.023841528591750958,0.16198748870220717,0.018148586198418255,0.18688094735134567,0.014313327209159938,-0.690975243342133,-0.047731147786768076,-0.5841499680011581,-0.041801313491662793,-0.7268314648561145,-0.05017129655990316,-0.3266487250995045,-0.015570093966468386,-0.2890519768923036,-0.025183181136815037,-0.6268942538589966,-0.04195474642068411,K01_si_frac_adm,-0.3989741386149535,noise_sigma_c2,-0.7268314648561145
551,0.007952286282306162,51.62401580810547,material,0.5024861166554656,0.5002432480600366,0.4980840543881335,0.004972233310931218,0.9683359088754231,0.07493822593395498,-0.7188685967275896,-0.06025746707575268,-0.41790883843533416,-0.03521495460671569,0.9671775151863578,0.07483541222341343,1.1896959431226644,0.09701176176021799,-0.16169754700747513,-0.01432073994489624,-0.2569075338418815,-0.026185898439270088,-0.25634717869076146,-0.014627846100789725,0.7434748265856371,0.05167164319146518,0.5846769543232442,0.034103379818847195,0.6699924428726286,0.04645855564553368,-0.36052000457081257,-0.025475586752841603,0.4574038970297757,0.026786928668920077,0.45803408015289837,0.04350233282445674,K04_agglom_frac,1.1896959431226644,noise_sigma_c0,0.7434748265856371
552,0.015241882041086813,82.60993194580078,material,0.501705415388658,0.4990258035615369,0.499522337983401,0.003410830777315965,1.5368931388224005,0.15099943758541068,-1.6652525774601163,-0.15716738290063723,0.6456007245750053,0.05155766958260731,1.535485976880706,0.15088825861030156,2.1761163936080434,0.2501019573861729,-0.21469485380373565,-0.0013445966845342923,-0.45799046769040863,-0.03264959892338579,-0.15451932087622405,-0.004154647098362503,0.39693455500029323,0.03200722546742071,0.22335043012655595,0.013343602861585417,0.3379438081848444,0.025329713413906822,-0.5042647765459262,-0.09201707647465553,0.16191837444625914,0.022105992148922022,0.27925552199996634,0.031821450081745216,K04_agglom_frac,2.1761163936080434,sharpness_c0,-0.5042647765459262
553,0.010603048376408217,61.989295959472656,material,0.500795860514707,0.4966932714214839,0.501868267702631,0.00661345715703221,-0.7017054650202719,-0.09126158221235535,0.7794729779504848,0.10804528942041772,-0.3164111678759788,-0.04040235556234344,-0.7021331437024032,-0.09127648422109043,-0.33683288667438166,-0.03367006446576788,0.3448026016842123,0.05530124669149849,0.04283342722219258,0.02792926239471317,0.3514806088687872,0.04399960625832042,-0.3556266253540846,-0.04865030955643435,-0.42501730840501584,-0.04818650190825883,-0.333964125814175,-0.04368962919388858,0.4520587255081028,0.06658835065769593,-0.21189391506376573,-0.026304137419210095,-0.05776883454857004,-0.0030911779854613988,frac_graphite,0.7794729779504848,sharpness_c0,0.4520587255081028
554,0.010603048376408217,59.57563018798828,mixed,0.4989161137752085,0.505703083229371,0.49657601977750315,0.011406166458741929,-0.056841266585093475,-0.007270288972851493,0.11547057942868391,0.022723355684420927,-0.2811755670430938,-0.02246180981528024,-0.05755110112490583,-0.0073297798293728315,-0.3368328880395482,-0.036019696756253675,0.07143360088902487,-0.010297949855154644,-0.08402960302139137,-0.004349721092054211,0.14743025191837608,-0.009621168488140727,0.10624736100283519,0.019088435993792757,0.0005431609499770146,0.011080633586945245,0.21782393540678735,0.03245062659935215,-0.03734764035742166,0.01706469856800278,0.18686107615387698,0.020278752792790986,-0.03947128941411632,0.018126056357099928,K04_agglom_frac,-0.3368328880395482,noise_sigma_c2,0.21782393540678735
555,0.004638833664678595,35.717918395996094,rare,,,,,,,,,,,,,,,,,,,,,,,,,,,,,,,,,,,,
556,0.00728959575878065,51.19585037231445,mixed,0.49720438203325934,0.5006707384625759,0.5014621225498852,0.00559123593348132,-0.4903520528301203,-0.04622895442479187,0.4710190991010331,0.043158691950835146,0.05178526733751698,0.011043155277444957,-0.4908722077365272,-0.04631804091743309,-0.10008584812869456,-0.0010853031966553584,0.09580188521551777,0.01481038196450932,-0.04060936194746357,0.0015016727738597913,0.14044452224710438,0.02098656759724211,-0.30275438124993626,-0.028743562576337464,-0.3202031822989644,-0.03472541803110383,-0.24255826597485233,-0.0216838913228632,0.16010411594077467,0.019544175760936946,-0.2784501653826938,-0.024897594750179313,-0.35855598485222806,-0.03479896553168435,K01_si_frac_adm,-0.4908722077365272,sharpness_c2,-0.35855598485222806
557,0.00728959575878065,44.161197662353516,imaging,0.5086470876558243,0.49703165114856435,0.49613279180646297,0.017294175311648674,0.13054236054072563,0.03334567543579569,-0.034787526960593534,-0.022786702468178488,-0.47520998058347835,-0.05573892844821392,0.1297505376109642,0.03329204798020019,0.2984509106736413,0.08071044929899389,-0.33782474421547665,0.006512697921973967,-0.2858646540191346,-0.0294387444803242,-0.43184537506743953,-0.029106315058164686,0.47539180768525025,0.057542410213987795,0.19999438891685445,0.003733987405802448,0.5346629504266327,0.05406147783043996,0.4356604785872166,0.051865244699988336,0.2646939069302898,0.025373366254901473,-0.04360282723068554,0.00903059255073559,frac_pore,-0.47520998058347835,noise_sigma_c2,0.5346629504266327
558,0.005301524188204109,40.0286865234375,rare,,,,,,,,,,,,,,,,,,,,,,,,,,,,,,,,,,,,
559,0.00927766732935719,70.16941833496094,material,0.5035624232563074,0.4957034204048996,0.5006604273353347,0.008593159190200761,0.8494685773572297,0.06113901799704488,-0.7931484090867982,-0.05135762919998426,-0.07165882391600661,-0.029762986383386238,0.8483621932127063,0.06102780509089168,0.009245092487480705,0.008404025669052635,0.1892406438249159,0.01958213661479203,0.11408166931399785,0.019673900777539638,0.22155307447034875,0.022296645002243962,-0.0577178300303766,0.004512006970531089,-0.0767920733822086,-0.007818540772191448,-0.13507646603386253,-0.003962330553318037,-0.26947840087467323,-0.015622149828676261,-0.03284754184376257,-0.004671608079968731,-0.06145038022572756,-0.004964101463134772,frac_si,0.8494685773572297,sharpness_c0,-0.26947840087467323
560,0.00927766732935719,56.504425048828125,mixed,0.503570002880257,0.4957058288015337,0.5006533639413738,0.008588342396932624,-0.2358956467400944,-0.011469035289127115,0.27133697440393734,0.032084726128184145,-0.08501094846222045,-0.010279006219288038,-0.23652713725379756,-0.01158024800509225,-0.33683287674634554,-0.03367006446576788,0.1670909918157832,0.020350471320459307,0.06208540809359823,0.024521248975677555,0.15762693450692417,0.01324970465225391,0.03102029549467907,0.0032472485879038115,0.24738025544237593,0.04162756239272091,0.1173643824716071,0.0136223304226767,-0.1504165369791278,0.000410012294952913,0.33341285857425057,0.05103294496340319,0.021655555645842914,0.007189579051574052,K04_agglom_frac,-0.33683287674634554,sharpness_c1,0.33341285857425057
561,0.003976143141153081,31.46522331237793,rare,,,,,,,,,,,,,,,,,,,,,,,,,,,,,,,,,,,,
562,0.008614976805831677,56.645103454589844,material,0.4982667926568603,0.49797694682741916,0.5026946847960445,0.005389369592089022,0.2923735229474814,-0.017288775265461326,-0.6373379100973436,-0.012148455171434569,0.7501554316464197,0.03949730187358064,0.3137361513005214,-0.01698989305921237,1.692166176990118,0.08732941981421173,-0.49349379553521694,-0.022918063849423846,-0.40141888788159574,-0.010940042047864853,-0.4453813728472032,-0.029228994163962588,0.20607343149096688,-0.005654122999674204,0.09069658808274494,-0.009651031912940155,0.1182590392527419,-0.009523193922952684,-0.06070284453990071,0.009562595819004798,0.054317385574825496,0.0007646280459238685,-0.000667760791356633,0.005694348490776514,K04_agglom_frac,1.692166176990118,p1_c0,-0.49349379553521694
563,0.0033134526176275677,36.519813537597656,rare,,,,,,,,,,,,,,,,,,,,,,,,,,,,,,,,,,,,
564,0.005964214711729622,46.651615142822266,rare,,,,,,,,,,,,,,,,,,,,,,,,,,,,,,,,,,,,
565,0.00728959575878065,41.60078811645508,mixed,0.49530315969257044,0.5006514712895037,0.5028050503266819,0.009393680614859123,-0.21490480414511118,-0.010515621786020153,0.2580526319969929,0.028049005165816834,-0.0823394959064177,-0.005517586802900213,-0.21554547910422175,-0.010569320234838859,-0.33683289870535194,-0.029814417850313527,-0.21072452865061872,-0.01346991802188625,-0.36019269026005385,-0.023655991113423532,-0.14211311325505116,-0.001476252446085759,-0.05963594918958011,-0.018067193590141556,0.03531499560110032,-0.005338984433053664,-0.03157048913946569,-0.014435279101613687,-0.4108439778899981,-0.021907757305132957,0.006487231019463207,-0.006800418066487207,0.13372527698855677,0.0016443424513452123,K04_agglom_frac,-0.33683289870535194,sharpness_c0,-0.4108439778899981
566,0.0026507620941020544,20.3157958984375,rare,,,,,,,,,,,,,,,,,,,,,,,,,,,,,,,,,,,,
567,0.012591119946984758,81.91215515136719,imaging,0.4937733389254114,0.5044880471275053,0.5010612749426099,0.01245332214917716,0.09012972054680904,0.03671016307356781,-0.10521389399211123,-0.04015901002563435,0.20582211887286087,0.02044047354536582,0.08935557986465038,0.036641962631601806,-0.16388228753922793,-0.019960378997646563,-0.009093260231405892,-0.004115024103287273,-0.11637096108437542,-0.006855958085871631,0.047708068522385336,-0.003358295503441981,-0.05881159895329313,-0.003869466985572485,0.16788911953811525,0.023985176482177215,-0.024350315341389143,-0.0019622506772082543,-0.5408359695818176,-0.052923301803623125,0.22140693989813298,0.02022954846509758,-0.02650253467017662,0.0050501156535078685,frac_pore,0.20582211887286087,sharpness_c0,-0.5408359695818176
568,0.003976143141153081,33.57088088989258,rare,,,,,,,,,,,,,,,,,,,,,,,,,,,,,,,,,,,,
569,0.009940357852882704,67.68801879882812,mixed,0.5031013294660407,0.5025613298202853,0.49595444110895287,0.00809111778209426,0.3017818852074803,0.05102664763305784,-0.20476344973482197,-0.03053238751788397,-0.4024297045224141,-0.0417472048602937,0.30091513765103195,0.05091903794796312,-0.3368328629435455,-0.034863871151342034,0.2291040516494582,-0.002611541829242288,-0.08895352934501989,-0.00188883404874401,0.2920757529060113,0.01866165941512087,0.22647095813448068,0.04155972866773278,0.15017663485169652,0.0327155583748581,0.32819036085384384,0.05053810994501829,-0.28699994575794746,-0.0012386602358885849,0.10105601328870159,0.023485461464905988,0.1914981562739007,0.03711475841946094,frac_pore,-0.4024297045224141,noise_sigma_c2,0.32819036085384384
570,0.007952286282306162,64.11565399169922,material,0.5024936962794152,0.502037503552385,0.49676319971746424,0.006473600565071513,-0.6495972354359504,-0.07284102546766563,0.6235795496052933,0.06541058011346336,0.0689183977253015,0.014965911628487906,-0.6500477136931685,-0.07292685832994278,-0.336832878927024,-0.029814417850313527,-0.34114851481667485,-0.026869276518760633,-0.3328598304106671,-0.020203135603388992,-0.25058462763068395,-0.024935424841239347,-0.02083379701188556,-0.013097483395304201,0.058610405470762794,0.00904870642151872,0.013867942726656443,-0.012970496580355928,0.16085677956315458,0.04818402345658713,-0.3082694757146084,-0.01701221367572511,-0.08854978282763033,0.009395865732588847,K01_si_frac_adm,-0.6500477136931685,p1_c0,-0.34114851481667485
571,0.00728959575878065,49.83622741699219,material,0.49721954128115853,0.49883915282240004,0.5027944552357407,0.0055889104714814675,-0.5931488268018787,-0.06756292893565634,0.22024527060946536,0.005118407465017848,0.9569131100817582,0.06560710107255023,-0.5920250289624917,-0.06724263411684063,-0.3368328813233515,-0.028417121248368652,-0.3989707738782333,-0.020369895956589133,-0.17716057387526377,-0.01199169794372003,-0.4596644262508366,-0.049296762921064455,-0.4187944817446417,-0.04563512200414279,-0.28012834620018195,-0.020182484160673916,-0.5549816327110857,-0.05297819875646888,-0.04411213186762699,0.012793520175103561,-0.621094850784791,-0.043634419000151345,-0.5939039199758784,-0.05170591943447036,frac_pore,0.9569131100817582,sharpness_c1,-0.621094850784791
572,0.005964214711729622,43.131805419921875,rare,,,,,,,,,,,,,,,,,,,,,,,,,,,,,,,,,,,,
573,0.00927766732935719,64.94143676757812,imaging,0.49784486025699975,0.4993352825290091,0.5019936429454354,0.00431027948600049,-0.28066412094414495,-0.010963025705932184,-0.06005488977395847,-0.026052596479551906,0.6234929175990797,0.05550988701655919,-0.2756915314322226,-0.010062040494668882,-0.22864537082216096,-0.010948500577575945,-0.24056730390280298,-0.046608648451593945,-0.6948879180340418,-0.06317865138255835,-0.11958230671511036,-0.037412389452401024,-0.3465907941540834,-0.02967855156203224,-0.19541465718088027,-0.01639199544157359,-0.3960279718986398,-0.028949315983828133,-0.44363031800170744,-0.04095317460741854,-0.39178861355906947,-0.038063088455935465,-0.3595634315643392,-0.031162070068038512,frac_pore,0.6234929175990797,p1_c1,-0.6948879180340418
574,0.017892644135188866,105.00201416015625,material,0.5037140157352993,0.49551556546744574,0.5006922126081582,0.00896886906510852,-0.35736673865176655,-0.047608419788510756,-0.060578874697891597,-0.025225682442486134,1.2817784249009345,0.11100786008517237,-0.3576942391010037,-0.047530522504568205,-0.3368328893273154,-0.04607543549339335,-0.31803483670890037,-0.05548967050231852,-0.6000477895429556,-0.07680263009449427,-0.2771868262315729,-0.05651281348006375,-0.23414170156992378,-0.039047124440775544,-0.03531529895940656,-0.002913083269553133,-0.3143537118312583,-0.04388889157307493,-0.08667220086245091,-0.007437688374246372,-0.26120184306227506,-0.02687087999877059,-0.30024826435082547,-0.045346562507380624,frac_pore,1.2817784249009345,p1_c1,-0.6000477895429556
575,0.0066269052352551355,46.60247039794922,imaging,0.49573014517506403,0.4974567331544697,0.5048490199540879,0.00969803990817586,0.21836930316763295,0.013630643014471616,-0.0865645526385633,0.001580602661958317,-0.3183113062161887,-0.0386935102242093,0.2175390521118139,0.01359309258734389,0.37146421584818023,0.02531727766837588,0.8278879708816367,0.05512764373143748,0.5374800189712459,0.05095234120158511,0.7993456757317663,0.06638414607951484,-0.7861877722898498,-0.0341493550609891,-0.9358995919253972,-0.04881930694396486,-0.7042022430167174,-0.03392957563085025,-0.6056326688538731,-0.03476900669864041,-0.5341403408114945,-0.03894618209210727,-0.055053159498646725,0.005427363325566316,K04_agglom_frac,0.37146421584818023,noise_sigma_c1,-0.9358995919253972
576,0.008614976805831677,47.830955505371094,imaging,0.49634535798563906,0.4997964904844249,0.5027035140384954,0.007309284028721885,-0.6952707942942365,-0.08087164615969308,0.9120262550749542,0.12145897647855783,-0.7974127491910359,-0.09589424161409306,-0.6957012884369436,-0.08097087334168827,-0.3368328936861495,-0.03243408064992298,-0.05134564862876437,0.030371981742540945,0.5724509112743672,0.05860853886493788,-0.06447805328402606,0.030639021697402694,0.34569130487732747,0.03313716914650639,0.2964831194686406,0.020254298131024636,0.3729853475810952,0.0381904077432134,0.9354106130348591,0.08565409317500684,0.6221676261515003,0.04573168193130102,0.9839342844917621,0.0815823239268881,frac_graphite,0.9120262550749542,sharpness_c2,0.9839342844917621
577,0.013253810470510271,78.33104705810547,mixed,0.49527789427940516,0.498545328433049,0.5043669433162634,0.009444211441189676,0.026791751381854186,0.026104278543971647,-0.04427561900196862,-0.013163631005480413,0.10297258278806808,-0.002950974924512573,0.02604532384193655,0.02601132744910856,-0.25941330673199714,-0.022674636649405285,-0.05462097953383581,0.015936669172107676,0.36787913470936107,0.04982174468906878,-0.06599083354182425,0.004336337367966139,-0.16130254014118384,-0.021908626937416756,-0.23369369680254623,-0.027008929622925174,-0.13984468326282307,-0.013913961887961833,-0.2762811537068624,-0.03937952662251952,-0.14895942662757203,-0.00985213664656607,-0.20137401616085304,-0.013635345553175382,K04_agglom_frac,-0.25941330673199714,p1_c1,0.36787913470936107
578,0.011928429423459244,71.09547424316406,material,0.5018570078676496,0.4958238402366009,0.5017640826417094,0.008352319526798158,-0.32153546744541545,-0.02253953679401465,0.49813849385823783,0.06360267794927589,-0.5420277892959421,-0.07104263930743128,-0.32212948692514,-0.022609629052383583,-0.336832911253355,-0.0382310813155339,0.04694451194239249,0.013376715943724757,0.2594524433866636,0.04721417468775473,-0.030182265205512517,0.012629869172455635,-0.10359149895248501,-0.019090687917603318,0.03876488235412137,-0.009470972702828817,-0.093203644060569,-0.019236291741986877,-0.2518286095296171,-0.0067701328828391255,-0.0008776218880383366,-0.009113110405224665,-0.09875977505204624,-0.0014613685511224194,frac_pore,-0.5420277892959421,p1_c1,0.2594524433866636
579,0.009940357852882704,58.856346130371094,material,0.4993393094457273,0.49890779212646974,0.5012625816704926,0.0025251633409852925,-0.6575049189701361,-0.07419551561104919,0.7907075552539425,0.09601416692894392,-0.44602478029584974,-0.05292584449271717,-0.6579519373231971,-0.07422604323732014,-0.336832899960151,-0.034863871151342034,0.07137515784721657,0.027789330802117474,0.3569211810721463,0.0529580217021079,0.03194857009377616,0.041164146963978986,0.014482179493377125,-0.012431254704438593,0.10225369150703753,0.0031831505152927447,0.04249297278814338,-0.0005883966389218553,0.5842822695056996,0.04939962784191656,0.004254155187904361,0.004468576805866367,0.14820839744042597,0.02841316264075715,frac_graphite,0.7907075552539425,sharpness_c0,0.5842822695056996
580,0.010603048376408217,55.76881790161133,imaging,0.5026882399607882,0.49666437066187563,0.500566837365354,0.006671258676248737,-0.793616611714901,-0.11536411758854508,0.818183825162573,0.10558467385705576,-0.12294182293885597,-0.004523104653173146,-0.7940040753112516,-0.11540884371564246,-0.33683291190495607,-0.034863871151342034,-0.1243586646675365,0.0016441961718695643,0.15404431592411327,0.0226468689960574,-0.08084050528976446,-0.011117250858819287,-0.23564909862351047,-0.029759987384119443,-0.053017973620590714,-0.0063973598616513215,-0.3338051540389472,-0.04184327688450381,0.8946230277053053,0.08581450566243118,-0.22000291532942612,-0.008245720081387154,0.4517916442901422,0.0015088855726370046,frac_graphite,0.818183825162573,sharpness_c0,0.8946230277053053
581,0.005301524188204109,37.73015594482422,rare,,,,,,,,,,,,,,,,,,,,,,,,,,,,,,,,,,,,
582,0.003976143141153081,26.49776840209961,rare,,,,,,,,,,,,,,,,,,,,,,,,,,,,,,,,,,,,
583,0.009940357852882704,67.26109313964844,material,0.4993165705738785,0.49709306526273206,0.5026090411442699,0.005813869474535882,0.13288814592275,0.007318023691908544,0.10286562375908767,0.02369695196226489,-0.6181500591461746,-0.072307193260658,0.13209529655408087,0.007241043565824022,0.6921059599610191,0.058461729442090306,0.6016377032304417,0.07126732172364714,0.5958110805897313,0.0669503269835331,0.4867745389717418,0.07820364498253042,-0.1625232870511191,-0.016181156556303703,-0.12958492409337427,-0.011435357230484645,-0.01773179266797239,0.0025714927944121644,-0.11983001497516588,-0.006707575349248599,0.18732340201727207,0.004719774134366901,0.07884209179522075,0.007100747590831413,K04_agglom_frac,0.6921059599610191,p1_c0,0.6016377032304417
584,0.003976143141153081,30.97256088256836,rare,,,,,,,,,,,,,,,,,,,,,,,,,,,,,,,,,,,,
585,0.008614976805831677,47.439247131347656,material,0.5039780393028767,0.49796490484424905,0.4987118135263995,0.007956078605753314,-0.7643067912536904,-0.10394386434459817,0.8796451695263876,0.1058684840074477,-0.417355375719504,-0.021239040033088998,-0.7647070791435326,-0.10397678714561194,-0.3368328794596978,-0.029814417850313527,-0.11234189044294912,-0.02641898119859272,0.20692791056512239,0.00017645264428526106,-0.12917861509707865,-0.03837100291892311,0.02333271078684273,-0.006347534191725004,0.13594339434861674,0.01744060786125431,-0.05216902771894984,-0.010301839531563974,0.6793430140990395,0.0895909011113989,0.41017088925727785,0.034669730517978614,0.4507541119194475,0.04829376513228893,frac_graphite,0.8796451695263876,sharpness_c0,0.6793430140990395
586,0.019880715705765408,105.26687622070312,mixed,0.5005558390896366,0.5032368850761295,0.4972382129613279,0.0064737701522590285,0.14836568215368448,-0.005835053242773264,-0.25047709228996035,-0.020643959798706386,0.1963660853783863,0.03608401786663755,0.14818424849977624,-0.005679219552505524,0.3496076689588451,0.059017940262686745,-0.47132199776192857,-0.056870958239648606,-0.40467000301130523,-0.047449636295739,-0.4378643104609998,-0.041592992495864414,0.14501656915072386,0.021182941419095026,0.0993031726683477,0.004449350591026604,0.0661734336820258,0.005547060721583202,0.11125342514224612,0.01860646185902436,-0.22220845376770584,-0.027570331500822453,-0.26103660139480833,-0.03525449017845462,K04_agglom_frac,0.3496076689588451,p1_c0,-0.47132199776192857
587,0.008614976805831677,57.169532775878906,imaging,0.5001629619149162,0.49976758972481666,0.5000565071516863,0.0004648205503666736,0.029782352219954882,0.012225238217213299,-0.08768040268371657,-0.015525122626597951,0.1727931108049992,0.03540268350340802,0.029034616212659844,0.01212655623657874,-0.3368328441215485,-0.03243408064992298,0.5565224711687947,0.007876201981737963,-0.0331115209219079,-0.0004123578734842083,0.7493029849072385,0.028772396086414843,-0.43445038508852546,-0.02673426285496545,-0.3642458297624388,-0.010664507149545328,-0.41660080536578464,-0.031201021906473697,-0.23989231386488086,-0.021264806225955894,-0.299151755957916,-0.018662088456088095,0.08243135814481643,0.003732064252282932,K04_agglom_frac,-0.3368328441215485,p1_c2,0.7493029849072385
588,0.004638833664678595,37.79811096191406,rare,,,,,,,,,,,,,,,,,,,,,,,,,,,,,,,,,,,,
589,0.005301524188204109,40.01441955566406,rare,,,,,,,,,,,,,,,,,,,,,,,,,,,,,,,,,,,,
590,0.010603048376408217,65.41999053955078,imaging,0.49700604853991176,0.49665232867870546,0.5045470598622638,0.00909411972452756,-0.5219581160186441,-0.07631866326136381,0.6302138836107867,0.09724453220043279,-0.45266033274680006,-0.06174926302923925,-0.5224644419182777,-0.07639307587073342,-0.3368328924313495,-0.036019696756253675,0.44569034152112236,0.07738954151173623,0.7386719817396311,0.08963178546459347,0.22231266676184983,0.05923491681933534,-0.2484837212603287,-0.029044383882692308,-0.3647230019467542,-0.041630654926642724,-0.14752465622189592,-0.022696749304965142,0.5570847276917104,0.0721045922123514,-0.10885376172345214,-0.027142479361570077,-0.061525693883441805,-0.013912200575251566,frac_graphite,0.6302138836107867,p1_c1,0.7386719817396311
591,0.012591119946984758,66.76180267333984,material,0.5014312856558143,0.4953662448761362,0.5023971393254458,0.00926751024772765,-0.6949608954659064,-0.10647677525884545,0.49995449071303677,0.05864638328847182,0.5278897715885111,0.054086374373975434,-0.69478466240645,-0.10629888265543284,-0.33683289898153723,-0.034863871151342034,-0.44010096615548344,-0.03413032052242169,-0.19027591417370607,-0.01251582087955382,-0.460953091883026,-0.05174846554078489,-0.28496739073247984,-0.03970592079538355,-0.061016032094039746,-0.020254222163437464,-0.4327185913321037,-0.057079332680607504,0.2143104202435903,0.04403233487156558,-0.2838046544168819,-0.03725636228097205,-0.4297877761505996,-0.055161944916980225,frac_si,-0.6949608954659064,p1_c2,-0.460953091883026
592,0.009940357852882704,69.6773910522461,material,0.49932920328046115,0.4971075156425362,0.5025896168108777,0.0057849687149276185,0.5405322775368708,0.0406264014265077,-0.5211337572503243,-0.03671337772094446,-0.0729537427315359,0.016815419079748452,0.539561066368872,0.04051899501646222,0.06370788326722551,0.006588767839306594,-0.3229574984027045,-0.026365604708312375,-0.474641254701483,-0.059130610527843665,-0.3051331647772724,-0.03303534060414745,0.2873587426690338,0.014071765629822304,0.11484129248347712,-0.001151225395708214,0.30269190889509645,0.008411792574117114,-0.09710324286209847,-0.022478070649382915,-0.040600647171067795,-0.004679684589444589,-0.094606953760282,-0.014361863523467388,frac_si,0.5405322775368708,p1_c1,-0.474641254701483
593,0.015241882041086813,81.46956634521484,material,0.4940070439971905,0.49898967761202656,0.5049293660603921,0.011985912005619048,-0.484777362981915,-0.07286892303999867,0.5994981223134188,0.1021011010971738,-0.5137950248833556,-0.08788268167000764,-0.4852999570182295,-0.07293092644598666,-0.3368328821932699,-0.04232457615854792,0.5867091070036315,0.06921050802479717,0.5476089225255607,0.07879178762678861,0.4267910273263331,0.06289619977858346,-0.44394055544644884,-0.03878982396272767,-0.4072160384152135,-0.030243285249842225,-0.33981019142137536,-0.02562488698136544,0.13747985245906105,0.04919277493598087,-0.19088739383880318,-0.01174088411784878,-0.10680377174960876,-0.002990993956542774,frac_graphite,0.5994981223134188,p1_c0,0.5867091070036315
594,0.005964214711729622,46.74248504638672,rare,,,,,,,,,,,,,,,,,,,,,,,,,,,,,,,,,,,,
595,0.005964214711729622,41.71352005004883,rare,,,,,,,,,,,,,,,,,,,,,,,,,,,,,,,,,,,,
596,0.005964214711729622,48.04425811767578,rare,,,,,,,,,,,,,,,,,,,,,,,,,,,,,,,,,,,,
597,0.004638833664678595,40.204017639160156,rare,,,,,,,,,,,,,,,,,,,,,,,,,,,,,,,,,,,,
598,0.0019880715705765406,17.458507537841797,rare,,,,,,,,,,,,,,,,,,,,,,,,,,,,,,,,,,,,
599,0.007952286282306162,55.1920166015625,imaging,0.49868619851540436,0.5020375035523851,0.499424333392195,0.004075007104770156,0.4591782932658489,0.04659594061349399,-0.2516548727402803,-0.011843234135003202,-0.5214698636721756,-0.04811966830973711,0.4582426779431045,0.046544408877984424,0.07912711867967229,-0.006938359033167913,0.41636771010216467,0.02596758113082672,0.2815467807090261,0.039418704023414235,0.39333109615124096,0.028835139063929916,-0.04751018778080867,0.0012734320205390589,-0.07892417064527926,0.00986479072368122,0.001665933229371093,0.011832972675450148,-0.5354435129251459,-0.034536960073959955,0.21470213496855084,0.02262698717728769,0.027465230436715518,0.01564625426782458,frac_pore,-0.5214698636721756,sharpness_c0,-0.5354435129251459
600,0.0033134526176275677,32.543087005615234,rare,,,,,,,,,,,,,,,,,,,,,,,,,,,,,,,,,,,,
601,0.0,0.0,rare,,,,,,,,,,,,,,,,,,,,,,,,,,,,,,,,,,,,
602,0.01656726308813784,106.55059814453125,material,0.5046639952703146,0.4999470152740515,0.4967790923538761,0.00932799054062916,1.221773602994591,0.09229050363180812,-1.523562511764024,-0.10718750167259772,0.6668186222414099,0.07220398926427453,1.2291531376549705,0.09256790467801229,0.858486140423416,0.0777480359269212,-0.4931112586892816,-0.053106149574679365,-0.7441434018244928,-0.07434460437332618,-0.41512031427722595,-0.05623339187431613,0.30067337414193973,0.029748944874194695,0.16227630833273818,0.015385462837364508,0.26761088863618465,0.018904611611647592,-0.21975680904707717,-0.0377208075591755,-0.053463329246883094,0.0006013054938290765,-0.36666494343478523,-0.0478273379439051,frac_graphite,-1.523562511764024,p1_c1,-0.7441434018244928
603,0.003976143141153081,36.308197021484375,rare,,,,,,,,,,,,,,,,,,,,,,,,,,,,,,,,,,,,
604,0.0,0.0,rare,,,,,,,,,,,,,,,,,,,,,,,,,,,,,,,,,,,,
605,0.008614976805831677,63.36170196533203,imaging,0.5059020005154146,0.5015967669683584,0.4947042203778916,0.011804001030829125,0.15389367340962465,0.009617590081564193,-0.23214203520424911,-0.015547763446336797,-0.08254397651469252,0.01526836404837366,0.161913278282833,0.009963718682008897,-0.3368329041238852,-0.03115089719541056,-0.25130994178100075,-0.043638082488974585,-0.39406923409543276,-0.04643878086458762,-0.14740454974575384,-0.03338059291262575,0.5023596214220216,0.04960508907494055,0.40733568580854573,0.030799694177858706,0.4868436752525984,0.039337687978981156,0.1695051354401599,0.03128731991302638,0.47151539879561427,0.0431402982062832,0.3194854492939142,0.03262533717882493,K04_agglom_frac,-0.3368329041238852,noise_sigma_c0,0.5023596214220216
606,0.011928429423459244,74.00872802734375,imaging,0.4942116938438294,0.5012379158698888,0.5031379127670846,0.011576612312341195,0.3721251975029549,0.056591643890431816,-0.35457557780051874,-0.037873428147494,-0.2592545796520563,-0.018852656411324165,0.3712276716622558,0.05652166285931515,0.0542146580046336,-0.0009852172997818847,0.46113107151036153,0.039507766057427625,0.10590231732578731,0.03569814724101277,0.43230884741561965,0.04776599811635113,-0.21236780914347028,-0.019936750237593368,-0.242431216204351,-0.02274571574969205,-0.20527067239093547,-0.017865238430536938,-0.5037221939607246,-0.052511616692926553,-0.23319378053163456,-0.024314931431552306,-0.427620355978528,-0.04495739598287534,frac_si,0.3721251975029549,sharpness_c0,-0.5037221939607246
607,0.00927766732935719,57.68000030517578,imaging,0.49593479502170296,0.499328057339107,0.5033339219494968,0.008130409956594087,-0.18278270365908378,-0.027970089818617268,-0.09550635221451706,-0.017047078325177628,0.5391023571754218,0.06093407597683056,-0.18024651986413492,-0.027043804083712528,-0.33683288931605804,-0.03243408064992298,-0.3168907392199463,-0.013968437691722742,-0.06920219123896484,-0.008127448641007451,-0.47256172327663176,-0.057607051971621345,-0.7101239589036752,-0.043353206093377734,-0.5531130350072563,-0.037383506116014015,-0.8359869735119818,-0.053309211415830525,-0.5857797340884698,-0.026144298550701866,-0.6743483194636546,-0.05040015567622437,-0.971099254625934,-0.07681734710440413,frac_pore,0.5391023571754218,sharpness_c2,-0.971099254625934
608,0.00927766732935719,64.54733276367188,material,0.5016321456904785,0.5029864118261909,0.49666960974748364,0.006660780505032715,-0.6727208819756033,-0.08975089453389892,0.49672018402871976,0.05742602609581669,0.4707960681158481,0.042202917357932024,-0.6731612426814326,-0.08979840367725457,-0.336832888709067,-0.03243408064992298,-0.34838250065336834,-0.019215689179025164,-0.297524758417494,-0.025129885191810097,-0.2419911173516356,-0.00042461842252084544,0.07365620646216563,-0.002451472262387366,0.1701496478710279,0.00985871787176993,0.07429571119621677,-0.0015626355945776722,0.5313661792035971,0.07157677756425608,0.2495026436788012,0.02516944679032808,-0.09344937746969893,-0.002413638236928392,K01_si_frac_adm,-0.6731612426814326,sharpness_c0,0.5313661792035971
609,0.0066269052352551355,48.72612762451172,material,0.49953511639775844,0.4992702558198905,0.5008599682147272,0.0017199364294544495,-0.6562616888293845,-0.06528535672896701,0.559228684947628,0.05134381635830207,0.33771908798554245,0.012547682309342362,-0.6567092510780044,-0.06534159516536706,-0.3368328673353434,-0.028417121248368652,-0.06828291699957272,0.0021309781695118346,-0.24127518302862072,-0.0004834477861142677,-0.03782690507273152,-0.015409231047417881,-0.27184630601312254,-0.026620195896512905,-0.16072173730708514,-0.01051976435613445,-0.2567309089144543,-0.028275077104135224,0.3910916538144938,0.04745408522126175,-0.24801008743142072,0.0010104534369701876,0.199863415493842,0.03269047110134513,K01_si_frac_adm,-0.6567092510780044,sharpness_c0,0.3910916538144938
610,0.007952286282306162,44.428466796875,material,0.4986811454327713,0.5002336144735005,0.5007504856083348,0.0026377091344573778,0.9081412922196513,0.10026658154324466,-0.5873885919827851,-0.0786474457069921,-0.5873492826814781,-0.03891893405489098,0.9070092362194817,0.10021516317290782,1.337004964343932,0.12559774357858283,-0.0405612727395883,0.007917552405015902,0.35651796396071217,0.03339560140121565,-0.018816478999856678,-0.0005271428137432177,0.4215017863529479,0.03770867912491167,0.40726224310608095,0.03080819258052713,0.492997884418204,0.0387873859057431,-0.6578944674162304,-0.0713381171010852,0.5329515438784396,0.0404079999367774,0.2567085562591734,0.021199554715416197,K04_agglom_frac,1.337004964343932,sharpness_c0,-0.6578944674162304
611,0.010603048376408217,74.05094146728516,imaging,0.5103310274432918,0.4984971605003685,0.4938813349814586,0.02066205488658368,0.10051550740547276,0.015783055318674286,-0.2505501652447366,-0.024013841724597685,0.023242279576275268,-0.0010691141065887052,0.09973682247518809,0.015693681162486327,-0.33683286038485494,-0.034863871151342034,-0.3297891783302017,-0.04777753955088688,-0.6790963065310625,-0.06728100181740275,-0.22827314481443106,-0.04665235226457729,0.4348071006794188,0.05180729582213836,0.10265798662435305,0.004820953382110926,0.3843634919850046,0.039332404675895195,0.22396495507744216,0.04330452379979207,-0.027469898016973443,0.011200655443910251,0.015496765426518566,-0.0021429718502653226,K04_agglom_frac,-0.33683286038485494,p1_c1,-0.6790963065310625
612,0.0033134526176275677,23.201412200927734,rare,,,,,,,,,,,,,,,,,,,,,,,,,,,,,,,,,,,,
613,0.005301524188204109,34.33319091796875,rare,,,,,,,,,,,,,,,,,,,,,,,,,,,,,,,,,,,,
614,0.012591119946984758,62.28166961669922,imaging,0.49568972051399957,0.4989932902069776,0.5037506621931838,0.008620558972000869,-0.4719657384106135,-0.05510872764282379,0.48842757665084574,0.05592326663123037,-0.04224435263382649,-0.006907470962863892,-0.4724939381021425,-0.055177108675106654,-0.33683289071510547,-0.0382310813155339,0.5875960029553479,0.045857649212277835,0.35723434898903755,0.050671474409567936,0.6420234235245472,0.05688663754058445,-0.7408207931286984,-0.0749270149187978,-0.715085125901707,-0.0703485022702672,-0.7164558995487534,-0.0720480128691475,-0.01436828288402335,0.010500308680243948,-0.37944994894804235,-0.04211159278691079,-0.22760973675996993,-0.02502154414282483,frac_graphite,0.48842757665084574,noise_sigma_c0,-0.7408207931286984
615,0.01126573889993373,64.46977233886719,imaging,0.4927412467976089,0.5071505296064198,0.4998304785449408,0.014517506404782221,0.27839725852999986,0.05870116570447188,-0.2668239736869285,-0.05384059510090723,0.16962374225405968,0.0013491623905666434,0.27754074270540907,0.05864379471324538,0.2202664915585753,0.027025817521433005,-0.03405229570583013,-0.00758400251397237,0.022316466080173715,0.002855500951707159,0.016646447983329177,0.014822515814492527,0.15855619269990728,0.008466726405726929,0.3626256251304689,0.028706879433895664,0.18889431562652276,0.019424832910449854,-0.507653775249839,-0.058561755891039145,0.41589480609338286,0.03385931175694267,0.247412343720954,0.0405085417697232,frac_si,0.27839725852999986,sharpness_c0,-0.507653775249839
616,0.0019880715705765406,28.557735443115234,rare,,,,,,,,,,,,,,,,,,,,,,,,,,,,,,,,,,,,
617,0.013253810470510271,66.31080627441406,imaging,0.49909802474999876,0.5021627401773544,0.4990446759668021,0.0043254803547088105,-0.6139038249659212,-0.09337002040835705,0.8364612013821022,0.12939784988408454,-0.7839440454282884,-0.10820855228677177,-0.6143699206011921,-0.09343673615092955,-0.3368328660805457,-0.04032698302125703,0.7246807134423123,0.06881453643080225,0.8070173190189337,0.09596986396416857,0.590464658505359,0.05533834669049511,-0.17287681558987644,-0.011773818909754437,-0.2504434084851111,-0.015975454780297195,-0.053471178335581446,0.0035877737315724266,0.9991782266191465,0.11045916755395102,0.017798685928549586,-0.008189095261297335,0.09061959504404517,0.011364154332297965,frac_graphite,0.8364612013821022,sharpness_c0,0.9991782266191465
618,0.0066269052352551355,47.592872619628906,mixed,0.5014552877983214,0.49927266421652455,0.49951615751368533,0.0029105755966427616,-0.44716395232177925,-0.03200084873228803,0.4049943327442262,0.03471666113898055,0.13789134824402474,0.010894366251170032,-0.44770300382711675,-0.03204783012760984,-0.33683286419834546,-0.028417121248368652,-0.42420055038251053,-0.03449648378220071,-0.09553179146557564,0.0043732413611646025,-0.46782613680684976,-0.04440587768615635,0.21582766453770272,0.015196338997254515,0.25108608915091035,0.021683931655484115,0.07244652813291011,0.006037447481824601,-0.11301446907132927,0.004534702104509134,0.08132360683148109,0.020077658351693208,0.016248604995976256,0.0023440899473472585,K01_si_frac_adm,-0.44770300382711675,p1_c2,-0.46782613680684976
619,0.011928429423459244,64.77439880371094,mixed,0.496139444868342,0.504855327614194,0.49913826593678257,0.009710655228388099,-0.2544929355609425,-0.0001708198439463908,0.21606911225029685,0.007052250097251942,0.14879787409032355,0.021588662854122895,-0.2551162890181403,-0.00024111645754010358,-0.3368329034108536,-0.0382310813155339,0.23928134282599267,0.01710866628317721,-0.15647151173435453,-0.010367416507448518,0.31962182191762367,0.024591373659901695,-0.4826975282658151,-0.040305093289618406,-0.21650585958181107,-0.006532226606835743,-0.3913165711734785,-0.030725567687959147,-0.3750228807195972,-0.043078140693552126,-0.32536799793013654,-0.027989181215957712,-0.20593848722935126,-0.015533961216807302,K04_agglom_frac,-0.3368329034108536,noise_sigma_c0,-0.4826975282658151
620,0.00728959575878065,57.99127197265625,imaging,0.4990980247499987,0.49702924275193033,0.5028085820236623,0.005941514496139333,0.2770437365107653,0.026270098227317483,-0.2962061946250669,-0.03058628152605133,0.21329693262606536,0.02336735404004419,0.2761878129158151,0.02623440188598224,-0.33683289359425933,-0.028417121248368652,-0.13272450206252623,-0.012076888230667727,-0.19676484873618838,-0.00788607181458945,-0.04155795937897787,0.0014569350836314834,-0.3324058793356823,-0.010879069026645084,-0.22791603187457024,-0.004063126099586352,-0.3780374382807785,-0.0012331709185315954,-0.39433481267486903,-0.019388512464107235,-0.4031797502951948,-0.01655858098511518,-0.5128160408754598,-0.023952297234258336,K04_agglom_frac,-0.33683289359425933,sharpness_c2,-0.5128160408754598
621,0.011928429423459244,70.6445083618164,imaging,0.49991915067787107,0.5030779308982838,0.49779975278121136,0.006155861796567574,0.6586740653808855,0.03090167657522071,-0.416750166962923,-0.004318769941958906,-0.5686847753583478,-0.06801406935814898,0.6576511620688357,0.030859238511956738,0.3260120974643114,0.044939404891984995,0.059763653848496065,0.010288815014098673,0.6922696302376817,0.06823385367164418,0.03111241921607448,0.02429072585954482,0.4313493406571496,0.053220544012429094,0.4941240179963774,0.06836464346958851,0.40372409835160955,0.04832931350599589,0.017406083445531993,0.011868941675897108,0.768068630574201,0.07569739405151012,0.5733671524196032,0.06967266368964457,frac_si,0.6586740653808855,sharpness_c1,0.768068630574201
622,0.007952286282306162,58.450767517089844,material,0.5024936962794152,0.49476896251089797,0.5020925304608864,0.010462074978204061,1.5807143212211163,0.10838691959239329,-1.3012933777849076,-0.10029043420333075,-0.4518430443461698,-0.02230692662446237,1.5792879856176367,0.10828431010459863,0.6856731821420132,0.060426140697051135,0.36447145637335004,0.023919624374634078,0.35919851951144266,0.006870295095874633,0.26641292878553163,0.04137349690014419,0.31628605091644807,0.025493066188525086,0.05569384400029047,0.004568233348619725,0.4017500472907515,0.027845954117167223,-0.5687630167462479,-0.05477174197040796,0.30105408545529033,0.012419736153678137,0.230059090849107,0.019197140353976586,frac_si,1.5807143212211163,sharpness_c0,-0.5687630167462479
623,0.012591119946984758,87.0230484008789,material,0.5033805122815174,0.49354429282249634,0.5023706515980929,0.012911414355007311,1.4717638925640895,0.14135269893301708,-1.562174202065842,-0.13707120543450657,0.5395728729221579,0.043500319868150776,1.4766646141926267,0.14161013836737352,2.1966811368339614,0.20261788381492157,-0.44126919710040863,-0.036532066778695714,-0.6618633018922261,-0.05461617817989663,-0.36850274237936637,-0.016379055354807166,0.3694645195298465,0.02741351862864893,0.2341718284739294,0.00597691184102209,0.30644004099213595,0.024853276572358158,-0.6071849208415068,-0.07915677750389434,0.10956974934347145,0.00876681184755653,0.20407334876400643,0.002854635689976565,K04_agglom_frac,2.1966811368339614,p1_c1,-0.6618633018922261
624,0.00927766732935719,54.151275634765625,material,0.4997448193270304,0.4993376909256431,0.5006639590323151,0.0013279180646301736,0.1560144825059802,-0.0053598318493929395,-0.45881542846842194,-0.006364297254259059,0.25452190616552944,-0.008691964227021325,0.16700533065243975,-0.004014963101894741,0.5597820300046326,0.03866082292077973,-0.07108595185574818,-0.004945608640504105,-0.34734713583171417,-0.017414544103194398,-0.03422442170190376,-0.009827457570935737,-0.3483060895324428,-0.01678419484525999,-0.46007078697867104,-0.03587487706500626,-0.4593505528798382,-0.02663912719698557,-0.12225253815187617,-0.006136956186012747,-0.4960463740203068,-0.02824386602373885,-0.46781229158593884,-0.03549973348081617,K04_agglom_frac,0.5597820300046326,sharpness_c1,-0.4960463740203068
625,0.0066269052352551355,40.88023376464844,material,0.5033628264923017,0.4974615499477377,0.49951085996821476,0.00672565298460337,-0.12062776624269886,0.01068414257050334,-0.3087293681207808,-0.04702470601689256,1.3162789468042766,0.09325254253293977,-0.12130969147234383,0.010646592151093617,0.04524159998232698,0.001123363680566016,-0.08782388563410329,-0.04844787101863702,-0.5162309103369328,-0.037929369031535765,0.07454876586601519,-0.04057705543477664,-0.07545356149760146,-0.013748364514006552,-0.013186260549241852,0.009845118137230175,-0.11698737662059372,-0.016479429214370928,-0.2546367153952811,-0.04462431361404027,0.033772615831589047,0.02265112006125081,-0.08810544433261314,-0.013214919838123694,frac_pore,1.3162789468042766,p1_c1,-0.5162309103369328
626,0.0,0.0,rare,,,,,,,,,,,,,,,,,,,,,,,,,,,,,,,,,,,,
627,0.02253147779986746,136.72100830078125,material,0.5082794758942694,0.49783725982264565,0.4957990464418153,0.016558951788538723,-0.38365566832751835,-0.06510410550199665,-0.13105943431898273,-0.03310725421825104,1.55597083013439,0.13323615100912456,-0.383125849140933,-0.06499493770504969,-0.33683288195166,-0.050398343901328996,-0.6130329552091585,-0.11117290944882345,-0.6000280145475889,-0.09347232537219248,-0.4693967498809291,-0.07544593550430807,0.07941685723229959,-0.0010741216838737798,0.31667915823878967,0.05362025222631883,-0.07630115082968715,-0.01909969444298804,0.19060354481649225,0.03744588026466394,-0.04073574822790463,0.024667629328858073,-0.16009883171619418,-0.01601642927290748,frac_pore,1.55597083013439,p1_c0,-0.6130329552091585
628,0.015241882041086813,86.9999008178711,mixed,0.4996930252300416,0.4990811966841195,0.5008882217905704,0.001837606631761024,-0.12489736201500203,0.009287340645555846,0.1265944000201909,0.0012368334514851172,-0.04886437701270831,-0.011828224663282304,-0.12557741910050058,0.009138054721530965,-0.3368329045448366,-0.04232457615854792,0.06590986468565059,-0.009637711497295394,-0.059398810164190935,-0.0036736225417267287,0.212046738583424,0.017478160799144344,0.04015230213799771,0.01840893335834795,-0.0060359217753118005,0.014003316443137263,0.04852065986344704,0.01872538586952024,-0.010729254542478799,0.006582719443691152,0.13099349939891064,0.021687621139113083,-0.07080848862802752,-0.009780734803659761,K04_agglom_frac,-0.3368329045448366,p1_c2,0.212046738583424
629,0.005964214711729622,40.34355545043945,rare,,,,,,,,,,,,,,,,,,,,,,,,,,,,,,,,,,,,
630,0.0026507620941020544,23.95720863342285,rare,,,,,,,,,,,,,,,,,,,,,,,,,,,,,,,,,,,,
631,0.0,0.0,rare,,,,,,,,,,,,,,,,,,,,,,,,,,,,,,,,,,,,
632,0.005964214711729622,43.861351013183594,rare,,,,,,,,,,,,,,,,,,,,,,,,,,,,,,,,,,,,
633,0.0066269052352551355,46.1724853515625,material,0.5052855244341811,0.495640802092415,0.4995020307257637,0.010571048868362132,0.833823462719929,0.04039707651450228,-0.7874711945569195,-0.022544561906975142,-0.3371621514140775,-0.027172533956402928,0.8327239240168518,0.04032219928799858,-0.044396914999185494,0.0006743632763263503,-0.1099379947423913,0.024705809627234204,-0.15665610518346523,-0.0007337082459093151,-0.27992809278236763,-0.00061883903883738,0.3552040828427398,0.0249068410177305,0.01574775269683297,-0.007828684385413079,0.3461091012332307,0.022779622919581223,0.12012137686230094,0.013201798679895412,-0.020019964518805694,0.005644086092439168,-0.15252954300135924,-0.0008983023250682064,frac_si,0.833823462719929,noise_sigma_c0,0.3552040828427398
634,0.01656726308813784,92.73918914794922,material,0.4988542135129536,0.49998073282692784,0.500814939078227,0.0022915729740927704,1.3792279671738823,0.09689504673459762,-1.178401262771222,-0.07731258119966573,-0.4076392397010348,-0.0536413863652346,1.377889790470279,0.0968353929225012,0.5282153022293921,0.07414248455516824,0.3125458201935332,0.019768626374513674,-0.26935200454921543,-0.023810533757138087,0.27650748807972386,-0.0138785122849782,0.03568498742827786,0.017825016484512186,-0.1762457185017385,-0.01112374095119886,0.0735785241317623,0.018198502557044218,-0.26756782480226615,-0.0312850949450447,-0.23956247120702956,-0.023606634817569614,-0.29320933814583916,-0.03024556524799909,frac_si,1.3792279671738823,p1_c0,0.3125458201935332
635,0.010603048376408217,57.41175079345703,material,0.4969656238788473,0.5039136445302905,0.49925128024015536,0.007827289060581055,-0.5434880891841387,-0.05951630009738502,0.5163818904355881,0.04949969837740578,0.06800605813189266,0.017266793226125895,-0.5439849947783693,-0.05951629994148923,-0.3368328704110204,-0.03367006446576788,-0.2550856771926945,-0.03425802681825967,-0.2784838396217115,-0.032494920010591344,-0.18528670588568036,-0.020612099200758398,-0.11135916002430807,-0.005446378090430955,-0.00580125241642887,-0.0022002366660618137,-0.1591525395058218,-0.004962924455168435,0.1124385691416428,0.019282848944059367,-0.15629183421482445,-0.00202537129695895,0.1139249375266693,0.029426142734178998,K01_si_frac_adm,-0.5439849947783693,p1_c1,-0.2784838396217115
636,0.007952286282306162,56.131103515625,material,0.49677613328010745,0.5020350951557511,0.5007610806992759,0.006447733439785108,-0.6573144142462005,-0.08018591488743461,0.48039103893238416,0.054285261858242534,0.4592951217436763,0.04287344804240196,-0.6577615159655978,-0.08020314485123599,-0.33683290880813915,-0.028417121248368652,0.16415337715246897,0.019507012644777097,-0.06923811423230515,0.004419319855186243,0.1454175695727955,-0.006445501517531093,-0.4931387259291009,-0.03897044306946526,-0.4627719808844353,-0.027719353222781677,-0.5070603580465154,-0.037457089041339015,0.3715365313573061,0.04777425606470019,-0.5413302326162368,-0.03293845636588272,-0.3332874903294298,-0.01359750811053758,K01_si_frac_adm,-0.6577615159655978,sharpness_c1,-0.5413302326162368
637,0.004638833664678595,35.659584045410156,rare,,,,,,,,,,,,,,,,,,,,,,,,,,,,,,,,,,,,
638,0.013253810470510271,78.7372817993164,material,0.49912329016316404,0.5003154999590572,0.5003814232738832,0.0017534196736719299,0.94352020888257,0.028723436425092095,-1.0559076024395284,-0.05685638939032985,0.5066604163487649,0.04656953419218623,0.9475026947891954,0.029349321875125543,0.23723830885043418,0.015964134510818635,0.07493257365693298,-0.010187458371618944,-0.10210945291258325,-0.03309561357285033,0.0790899792868529,-0.005514303412947045,0.01175019886747126,-0.00323117726616653,0.03907262162192256,0.0105263835927939,-0.07043426889769248,-0.01402801422421024,-0.37212845232613656,-0.04087810979283616,0.08609069358219829,0.0124963736832852,-0.1731777027323928,-0.020093451105830756,frac_graphite,-1.0559076024395284,sharpness_c0,-0.37212845232613656
639,0.0066269052352551355,42.97581481933594,material,0.4976326307864112,0.5010910036752133,0.5008546706692567,0.004734738427177643,-0.11508202197655414,-0.0054085113724354865,-0.05599821980115062,-0.02156204056482927,0.5962194178542881,0.04965970737972544,-0.11576637370264373,-0.005464749965675738,-0.22959875571038904,-0.00298165779453407,-0.5362653536065887,-0.03600945346933109,-0.4368026245012152,-0.014264659139652882,-0.4840797679766547,-0.044425725819835435,0.20029793267136342,0.01528503106876518,0.4131555385579849,0.02777339160733106,0.1822324348505639,0.010664320752751736,-0.1890973716317949,-0.00010342852376158778,0.1420970928794526,0.02179230546425977,0.01994847750675405,0.015853763682716553,frac_pore,0.5962194178542881,p1_c0,-0.5362653536065887
640,0.010603048376408217,76.83354187011719,material,0.5122537253851712,0.493025283347864,0.4965495320501501,0.024507450770342443,2.5260393209698835,0.12565350944644263,-2.2298983154267624,-0.11828659750159957,-0.4518957811033364,-0.05455247742386705,2.524199364956834,0.1256386856132381,2.0598183132121997,0.19303093423234965,0.20766043679704338,0.017454378730543525,-0.4060251158563913,-0.025383932107096687,0.21142163369985806,-0.002805947171314287,0.7982015914779119,0.08770302416575997,0.15142004721389732,0.01618080462022751,0.8553680836811357,0.07932432916053218,0.26659667707543533,0.027771152155408763,0.21099326749044064,0.024901060847915872,0.3127317653355506,0.0237520833630091,frac_si,2.5260393209698835,noise_sigma_c2,0.8553680836811357
641,0.01126573889993373,69.0670166015625,imaging,0.5003890873627457,0.49619232492160675,0.5025198657955147,0.007615350156786493,0.3088836376939187,0.03396582363358942,-0.2658759878525722,-0.017618785806688513,-0.14056359190543863,-0.02178969760429146,0.30801378275473923,0.033908013303470624,-0.18811041293058375,-0.017839694501551418,0.9309538144733998,0.053758883096192464,0.10869022453102563,0.027232683224604225,0.9971313522588627,0.06623032059784112,-0.5429929438567322,-0.037673385371964935,-0.6741859810544065,-0.05141256488350213,-0.3860377224912872,-0.0325363030727421,-0.4059863363948093,-0.035239852109843095,-0.2688624797915339,-0.017464228528803766,-0.40274691522562794,-0.042025092986083194,frac_si,0.3088836376939187,p1_c2,0.9971313522588627
642,0.00927766732935719,57.23276138305664,material,0.49783728063305016,0.49752416826022244,0.5033268585555359,0.006653717111071877,0.729612011413864,0.06893163918728841,-0.5368377935546731,-0.051252907392252536,-0.4525915029412828,-0.04844852965074095,0.7285580697313873,0.06882055244765152,1.0878924901591254,0.0786347608264581,0.4885994566958749,0.03204764909719901,0.15976304119641668,0.025620652758747794,0.4685092941202471,0.0325593309430115,0.08882425750009246,0.022549582651651676,-0.06986238904003714,0.0001872563333125122,0.20125321890365094,0.031093279022860482,-0.5131916165436616,-0.044388058076338804,0.0908945787729839,0.02094282486900259,0.16729082067897877,0.0077472470873386386,K04_agglom_frac,1.0878924901591254,sharpness_c0,-0.5131916165436616
643,0.004638833664678595,37.69611358642578,rare,,,,,,,,,,,,,,,,,,,,,,,,,,,,,,,,,,,,
644,0.0033134526176275677,25.277021408081055,rare,,,,,,,,,,,,,,,,,,,,,,,,,,,,,,,,,,,,
645,0.008614976805831677,55.660152435302734,imaging,0.49825415995027766,0.4961549947737793,0.5040393784213315,0.008078756842663015,-0.3970915876691825,-0.02963041694668332,0.4786099251104582,0.051792203275856215,-0.318512990975804,-0.0354950576286959,-0.39765254808051365,-0.029696023019739108,-0.3368329056067522,-0.03243408064992298,0.49236310274903966,0.03432897802277234,0.5769252708287758,0.06423339938350185,0.5161750976190103,0.049000385519754455,-0.33661275801795926,-0.03722477769860027,-0.27168948501781476,-0.027309266525645106,-0.28183702127315835,-0.03009294721179434,-0.08704852741143411,0.00720035833664223,0.13466810350076014,0.00333449999380581,-0.04167833178740359,-0.008717691318748836,frac_graphite,0.4786099251104582,p1_c1,0.5769252708287758
646,0.00927766732935719,54.85771560668945,mixed,0.4997700847401957,0.5011488051944298,0.49931838248278293,0.002297610388859672,-0.4092524214942691,-0.03690291506342908,0.3536980074278057,0.038776101586027435,0.13736162832039078,0.010494811627248772,-0.4098080610089402,-0.03698247582496302,-0.33683290184235304,-0.03367006446576788,-0.12928742685372743,0.012558985606401816,0.008498815693509786,0.014040923414934868,-0.1547917902574292,0.00797151315015063,0.01500999736847654,-0.01750829893532201,0.11322770380494593,0.0033286579815481237,0.07240890636702568,-0.009581997427730618,0.03520116623239526,0.013489017541177597,0.06387027668413625,0.0008224010460675864,-0.2558150434676887,-0.027192147473354147,K01_si_frac_adm,-0.4098080610089402,sharpness_c2,-0.2558150434676887
647,0.0033134526176275677,26.53186798095703,rare,,,,,,,,,,,,,,,,,,,,,,,,,,,,,,,,,,,,
648,0.01656726308813784,95.771484375,material,0.49885926659558666,0.4945269186491785,0.5048101712873035,0.010946162701642947,-0.581599496663246,-0.09649483161911739,0.306279476185106,0.045793926936667416,0.84402277415761,0.07473445490184527,-0.5805395840817843,-0.0964215853582057,-0.3368329082571398,-0.04133716002918112,-0.4248117515847012,-0.02685489305566411,-0.11400747895386427,-0.0030800043246966,-0.4373923189455711,-0.04138061569582371,-0.4851291462414268,-0.06179604939942308,-0.22155939845036707,-0.028817804304760403,-0.6967084881891359,-0.07769472582158644,-0.03800692723681931,0.016026691616778672,-0.4397671073287069,-0.06105426601173968,-0.5747739111049082,-0.06065805010842958,frac_pore,0.84402277415761,noise_sigma_c2,-0.6967084881891359
649,0.010603048376408217,59.636878967285156,material,0.5045831459481858,0.4984875269138324,0.4979057036906233,0.009166291896371526,-0.10481648192334042,-0.025076713230564398,-0.0927452366669976,-0.0032280999772004723,0.4611327113711149,0.05419326807641764,-0.09934097156318591,-0.024734926076341802,0.6418380627947833,0.04203815211182024,-0.4362601934201124,-0.03052768547504841,-0.3434744367943551,-0.03292985556726963,-0.4621639638835858,-0.04233992123619272,-0.12235836757741665,0.009061640366071792,-0.10596167049600973,-0.0026171930302369526,-0.2843905498067222,-0.009910317133209529,0.20495194403277123,0.029420315857081793,-0.1263399548540864,0.0027480615401768195,-0.3134819802381034,-0.011453534035770591,K04_agglom_frac,0.6418380627947833,p1_c2,-0.4621639638835858
650,0.012591119946984758,65.65535736083984,material,0.5014287591144978,0.49714002899709553,0.5010983577609041,0.005719942005808942,-0.5108703725959818,-0.07566587430157416,0.523412332103132,0.07338207932206534,-0.007772724467563837,0.009607718158650283,-0.5113815499155457,-0.07569316147493277,-0.3368329048652203,-0.03714108944052332,-0.26307631545849164,-0.01126647341123015,0.09416497920809708,0.0018908179797013798,-0.3565432005896275,-0.022003763413986122,-0.31951118020500274,-0.030696838357068195,-0.1210151254793166,-0.022001326147462922,-0.4346247924575501,-0.046006284986535584,-0.03670152586219005,0.026507065334483323,-0.27896458618666686,-0.01815109904437003,-0.47044636396306944,-0.04061732866146899,frac_graphite,0.523412332103132,sharpness_c2,-0.47044636396306944
651,0.007952286282306162,57.923091888427734,material,0.5024911697380987,0.5002263892835984,0.4980928836305845,0.004982339476197417,0.5617842011018139,0.04535209912805915,-0.5442219728668424,-0.028853281082691355,-0.14225203897023747,-0.023187673629800634,0.5608036912487672,0.04519800359422216,-0.33683290309715164,-0.03115089719541056,-0.1996387364479428,-0.003890231789625125,-0.2622820410322771,-0.0043498388168494995,-0.13799888881588152,0.01048216892702392,0.34934734924830046,0.025062005692633754,0.28709511250976316,0.022343729877638628,0.27441741771786826,0.018744219241410627,-0.3568055175376511,-0.025327783556975677,0.11698168037408492,0.010440272035061511,-1.3627212615729706e-05,-0.00815966259370531,frac_si,0.5617842011018139,sharpness_c0,-0.3568055175376511
652,0.005964214711729622,36.237464904785156,rare,,,,,,,,,,,,,,,,,,,,,,,,,,,,,,,,,,,,
653,0.007952286282306162,58.34716796875,mixed,0.49676855365615785,0.5038534346144398,0.499433162634646,0.0077068692288795315,0.07342490104060607,0.02530869641221007,-0.2537163775919099,-0.035344874620684044,0.3763823484681008,0.055154384883271804,0.0897973231221913,0.02556885153984576,-0.07285475737593768,-0.005671527087315516,-0.30931700521440675,-0.0447947495616742,-0.3686754367320491,-0.03385338563543825,-0.17625900665744387,-0.034276687498293754,0.055781606799842454,0.0035482074258936774,0.06336682572144259,0.0005599995452029677,0.03649234498196633,-0.004742913980195258,-0.45880026361861537,-0.04316709129526798,-0.2385627942998686,-0.014730083298395476,0.0637425505888106,0.007278949862940401,frac_pore,0.3763823484681008,sharpness_c0,-0.45880026361861537
654,0.007952286282306162,54.218406677246094,material,0.4986811454327713,0.4984152750148117,0.5020837012184355,0.0041674024368709706,0.7526827480094229,0.06973521284635603,-0.9482498322975625,-0.063537762988108,0.4453515904138435,0.01722370760387211,0.7516187118835129,0.06966676869251544,0.1116968322634618,-0.008109754564998376,-0.3295225550996995,0.0012379205813833787,-0.6024724580326536,-0.025504268833301515,-0.32394420049674044,-0.0035269809695019235,0.250211064583164,-0.0029544975828507598,0.10269259613847934,-0.018682110572405996,0.17817455712001778,-0.00841231956959039,-0.6345292994164182,-0.07890091447763449,-0.051950911596241094,-0.01566927261225832,-0.0993316388798082,-0.028380665264244768,frac_graphite,-0.9482498322975625,sharpness_c0,-0.6345292994164182
655,0.003976143141153081,39.215003967285156,rare,,,,,,,,,,,,,,,,,,,,,,,,,,,,,,,,,,,,
656,0.013253810470510271,79.23470306396484,material,0.49525010232492334,0.4949182831022076,0.5070457354758962,0.014091470951792306,0.6657944970469034,0.0412525718998191,-0.8995586106752267,-0.0724942721958688,0.8520585952615034,0.0892586698222966,0.6664739861749738,0.041984993086673986,-0.0034968317627806847,-0.004123692745110814,-0.21030323302017806,-0.02098203906718186,-0.29436953089570395,-0.020332866657789852,-0.24663582393042513,-0.03403170392753733,-0.4166268997286442,-0.04599837918948027,-0.2324176066489841,-0.024306070848993815,-0.506781375522019,-0.05994574220454461,-0.7430757794517061,-0.09348040835274055,-0.3787085195116185,-0.03234091601138292,-0.4903770037899942,-0.05778326124882527,frac_graphite,-0.8995586106752267,sharpness_c0,-0.7430757794517061
657,0.005301524188204109,37.71118927001953,rare,,,,,,,,,,,,,,,,,,,,,,,,,,,,,,,,,,,,
658,0.004638833664678595,39.31623077392578,rare,,,,,,,,,,,,,,,,,,,,,,,,,,,,,,,,,,,,
659,0.0,0.0,rare,,,,,,,,,,,,,,,,,,,,,,,,,,,,,,,,,,,,
660,0.0145791915175613,76.92664337158203,material,0.496273351558118,0.4958527409962092,0.5056454176231681,0.011290835246336117,-0.747347241593085,-0.12168580328407196,0.4974112534866718,0.07055625203050203,0.6955116789668029,0.06846953051622973,-0.7477549500476647,-0.12173615051055929,-0.33683288572363723,-0.03929228768412859,-0.18086132972642865,0.012082221196066124,-0.19884354320370037,-0.01349595977863785,-0.2602077431922167,-0.018877683162815163,-0.5856349014232614,-0.0548013740635102,-0.3403132689638335,-0.021041743783928434,-0.6514460577957691,-0.05976059916343027,0.4174344381856481,0.06660251585721252,-0.5432312398492393,-0.04243777801166371,-0.47054568968473626,-0.03469476053047812,K01_si_frac_adm,-0.7477549500476647,noise_sigma_c2,-0.6514460577957691
661,0.007952286282306162,48.02299499511719,material,0.49487617421007685,0.502032686759117,0.5020907646123962,0.010247651579846306,-0.5591583812947051,-0.0534719945047562,0.6138198799035751,0.05555514133123004,-0.13277508901427226,-0.005754678372650278,-0.5596484304613677,-0.05350636390776501,-0.3368328853286487,-0.029814417850313527,0.2499979714182772,0.02266959488635946,0.4392935649519691,0.029142687436664722,0.09383786967397284,0.02175046977655268,-0.4682066092003334,-0.04242560099445533,-0.4646784958826644,-0.04625518153529518,-0.4562934982968518,-0.04010058926584876,0.012345606822051824,0.013609266988660532,-0.4492520081213216,-0.03972716543356578,-0.5731464745929535,-0.060038992952309744,frac_graphite,0.6138198799035751,sharpness_c2,-0.5731464745929535
662,0.0066269052352551355,49.707035064697266,material,0.49573014517506403,0.5083619531133343,0.49685325799046437,0.01672390622666864,-0.5600206437830046,-0.04980672996917303,0.8018264179998192,0.08383960948591192,-0.7617288145702682,-0.06881278868002541,-0.5605103156836471,-0.04984425537878314,-0.3368328905491489,-0.028417121248368652,-0.033627416332917846,0.013977155834885803,0.6018456693706212,0.0400340661081716,-0.06637082132620965,0.021026252878598144,0.27369970560494217,0.0249614876597176,0.2571949531303277,0.012576033745527187,0.34455918322741524,0.035845587790999736,0.378806313069294,0.044760768689478744,0.27736528760407964,0.029393307933597963,0.5203366923148703,0.04569724165666559,frac_graphite,0.8018264179998192,p1_c1,0.6018456693706212
663,0.005964214711729622,50.74388122558594,rare,,,,,,,,,,,,,,,,,,,,,,,,,,,,,,,,,,,,
664,0.011928429423459244,77.32505798339844,material,0.4999317833844537,0.4994195764112,0.5004732473953735,0.0011608471776000107,1.7251206408120927,0.11412258798283033,-1.5311588528661955,-0.10661507701803886,-0.25216999745042024,-0.0234242746013345,1.7236311211441686,0.11410862122319743,1.4448678706020488,0.16007364656034284,-0.123599055030602,-0.009310955093647091,0.001195580857441055,0.0015354112978810317,-0.07777121409397507,0.0013854813128868651,0.28783042454974683,0.031155767635327857,0.22816255197714683,0.027948434426765565,0.36098719116362565,0.04149733613454698,-0.556429196113228,-0.07071374972507953,0.4878329961124099,0.06072280044804752,0.011448682188163709,0.023717175662665114,frac_si,1.7251206408120927,sharpness_c0,-0.556429196113228
665,0.0033134526176275677,28.04012680053711,rare,,,,,,,,,,,,,,,,,,,,,,,,,,,,,,,,,,,,
666,0.01126573889993373,59.89025115966797,material,0.49653358531372066,0.5052948599999036,0.49854052622285,0.01058971999980729,-0.545055038528978,-0.06061906248954499,0.528919239508574,0.05627494041765671,0.12297342550047247,0.022677694312525667,-0.5455512585112909,-0.060647738197239585,-0.33683284196432123,-0.034863871151342034,-0.416346134272081,-0.039727040665119485,-0.24135929829982944,-0.02701640366084297,-0.33352921931264673,-0.014004367159058553,0.06685320557577104,0.003028183157698147,0.3614544518466352,0.05113991272488213,0.12776749629968828,0.012326659110703948,0.47861336256317527,0.03866064138259635,0.11678809884399473,0.034061288701099764,0.07108680745485217,0.013079776641331578,K01_si_frac_adm,-0.5455512585112909,sharpness_c0,0.47861336256317527
667,0.004638833664678595,29.30455207824707,rare,,,,,,,,,,,,,,,,,,,,,,,,,,,,,,,,,,,,
668,0.011928429423459244,63.689056396484375,material,0.49422432655041204,0.5048890451670704,0.5004520572134911,0.011551346899175918,-0.3583696000403337,-0.060743582938389565,0.5519258399901615,0.0840544103082121,-0.48586313214147275,-0.05277544420369224,-0.3589475029475831,-0.06079993150503885,0.02668682489318416,0.0049869663169693455,0.23223163993394247,0.027129129855649456,0.37175881623349716,0.03833736695960383,0.190606308068267,0.02969718216376723,-0.011905906423007182,-0.014227315331141915,0.0735505126892141,0.006580866461391001,0.018426814291268533,-0.00659134102342581,0.5162460097793327,0.06855116124709842,0.10359009120147399,0.009079179510122545,0.2804036059423803,0.03186985787450657,frac_graphite,0.5519258399901615,sharpness_c0,0.5162460097793327
669,0.017892644135188866,99.4279556274414,material,0.5150960843662676,0.49733510912445145,0.4914029666254635,0.030192168732535274,-0.32091972669252145,-0.04982950408895864,0.5141027372313853,0.09048404353921813,-0.6229030583028398,-0.1012872693301546,-0.32151401552512554,-0.04988708078090926,-0.3368329001988668,-0.04607543549339335,-0.3510201803006327,-0.011344877916467518,0.12363466199608439,0.03849513749906511,-0.3279516010531745,-0.02615672170697829,0.3988071240759877,0.06179168846945052,0.4456226237295916,0.06272335672468166,0.484060140346032,0.07831042031784782,0.26363318799397356,0.03490266357715839,0.3115089806441467,0.06441397515512495,0.4326784979830383,0.05647143285602595,frac_pore,-0.6229030583028398,noise_sigma_c2,0.484060140346032
670,0.0026507620941020544,33.32646942138672,rare,,,,,,,,,,,,,,,,,,,,,,,,,,,,,,,,,,,,
671,0.004638833664678595,30.252910614013672,rare,,,,,,,,,,,,,,,,,,,,,,,,,,,,,,,,,,,,
672,0.005964214711729622,52.50450134277344,rare,,,,,,,,,,,,,,,,,,,,,,,,,,,,,,,,,,,,
673,0.013253810470510271,69.54547882080078,material,0.4952804208207217,0.49670772180128797,0.5057125198657956,0.011425039731591147,-0.5313606328594672,-0.053169053969327695,0.6228569279342185,0.07820331575490684,-0.3710952818097447,-0.03404496600117762,-0.5318628446915245,-0.05323525851603181,-0.33683286419834546,-0.04032698302125703,0.4510558128362656,0.04347508709627526,0.5243914385498488,0.04167640743518705,0.37987799661049815,0.03870692132487071,-0.4917045896805127,-0.050962476716245264,-0.36605427006232955,-0.02703512869104469,-0.40931602346467777,-0.03779672208719151,-0.07419176769741834,-0.009418952862113554,-0.08767776934575906,-0.023041022575252597,-0.17936058374229494,-0.013403573716365741,frac_graphite,0.6228569279342185,p1_c1,0.5243914385498488
674,0.0066269052352551355,45.26353454589844,imaging,0.4995578552696072,0.49927507261315857,0.500840543881335,0.0016810877626700638,-0.2955065817947019,-0.020863889693269137,0.2142957484563187,0.003222710757353946,0.33120913970465127,0.03872918338220578,-0.29611199000944916,-0.020938841313360226,-0.08137674110245302,0.0002186261485062086,-0.6161225325696068,-0.05961606385508388,-0.2740070844577067,-0.01628891669041649,-0.48986201987114625,-0.04751664918454642,0.1859400290479653,0.009897553077427734,0.3492121542903727,0.029059389367095217,0.14137785178165552,0.010005131655851238,0.1521976345608997,0.017123235741303037,0.03893863462371482,0.019841576906297943,-0.028488621082509373,-0.00788981705443122,frac_pore,0.33120913970465127,p1_c0,-0.6161225325696068
675,0.005301524188204109,39.95073699951172,rare,,,,,,,,,,,,,,,,,,,,,,,,,,,,,,,,,,,,
676,0.00927766732935719,62.021385192871094,mixed,0.5016371987731115,0.49754584382992867,0.500655129789864,0.004908312340142662,-0.0022812557082470325,0.0047746609997331,-0.16675867786685142,-0.036115921611774224,0.4494889312776449,0.060782340263880526,-0.003014962577562538,0.0046952263159579085,-0.33683287544910623,-0.03243408064992298,0.27708693711678956,0.018434665305876608,-0.15820264733060674,-0.02687794649453605,0.36363681982349466,0.017801016750186745,-0.29951834466072946,-0.036224741917049656,-0.2940543550317814,-0.028604834993300392,-0.29039807834509035,-0.033590745173601055,-0.2517504168276311,-0.02463752019121831,-0.0887876960896288,-0.0216878333604217,-0.19882177732679923,-0.009873901954502592,frac_pore,0.4494889312776449,p1_c2,0.36363681982349466
677,0.009940357852882704,67.51795196533203,material,0.49549896664460147,0.4989294676961759,0.5039307787391842,0.009002066710797063,0.07233884247816902,0.001490949698412298,-0.4303939385794551,-0.047742484828147996,0.6735524036907063,0.06495675554795326,0.08787556675355009,0.0031453055446776625,0.6321080963756011,0.018998694750159334,-0.370571581869984,-0.02722328593530095,-0.08722465845604684,-0.015920168325274233,-0.4655844490125851,-0.06044999667365118,-0.24991201959888834,-0.023927035882629948,-0.010883302398829174,-0.0052569537120952334,-0.45852293102002345,-0.049572007804024834,-0.3495369252828538,-0.04546202156132034,-0.3372063326076048,-0.03768124553776112,-0.6383594359392506,-0.05754055939439635,frac_pore,0.6735524036907063,sharpness_c2,-0.6383594359392506
678,0.023194168323392977,120.30427551269531,material,0.5156898215756522,0.49376827370946064,0.49360321384425215,0.03137964315130448,1.8646653943288043,0.08873563056824349,-1.5840550183622852,-0.0788001070338941,-0.7751456863208177,-0.11860760831969727,1.8631148178741057,0.08861527939821609,0.8293723340058861,0.07945848488288448,0.14794883315240798,0.04775321159235473,-0.20373230910396156,-0.0006443398814417683,-0.02250164273413713,0.006984286896034227,0.5808041718302448,0.06560772220295893,0.025435615844258616,-0.002552362001976007,0.5964274377086665,0.0622062493281295,0.44027058089156756,0.05703267868229712,0.2025082013240195,0.039596094625865656,0.004979463929588618,0.0010464153794284808,frac_si,1.8646653943288043,noise_sigma_c2,0.5964274377086665
679,0.005964214711729622,43.05859375,rare,,,,,,,,,,,,,,,,,,,,,,,,,,,,,,,,,,,,
680,0.015241882041086813,88.24577331542969,imaging,0.49780696213725184,0.5026672992721826,0.4995770792865972,0.005334598544365132,0.30060641376665387,0.05803351945904696,-0.10583271172276065,-0.015754684536687852,-0.5926670118348869,-0.10270983334767257,0.2997401804587574,0.05797120301784918,-0.33683289541149986,-0.04329079070060326,0.2585180140084,0.03924874172088544,0.5997247316480929,0.0912319841697924,0.19418704583009422,0.027523904864752126,0.23907815489893464,0.035911478479879175,0.14054277516746078,0.027462743990704714,0.3510579709066298,0.05032927381021936,-0.26114619263653244,-0.025972402181925217,0.41334670833592385,0.04361931671951624,0.39283812372833554,0.06079906510749488,frac_pore,-0.5926670118348869,p1_c1,0.5997247316480929
681,0.015904572564612324,81.17184448242188,imaging,0.5011419966750716,0.4949688594315221,0.5028906939784568,0.010062281136955842,0.2722137962512432,0.03748155107613971,0.009277435338814893,0.01481112601325917,-0.85052955531837,-0.1389181500850421,0.2713605897118332,0.03739626327772177,0.18477059812375754,0.025939942024876345,1.0000760749247026,0.08874835983466949,0.6111630274063303,0.09790564222176525,0.9160749397524403,0.09912705589740493,-0.42898899998202517,-0.00607447300163581,-0.5903119973925899,-0.033470439037428606,-0.31940679302004854,0.002420545112959451,-0.2427893059901342,-0.00511198254531313,-0.2812360257145576,-0.016380677572107524,-0.28800910213257336,-0.024225483204852228,frac_pore,-0.85052955531837,p1_c0,1.0000760749247026
682,0.0066269052352551355,58.63151168823242,material,0.49573014517506403,0.4974591415511037,0.5048472541055977,0.00969450821119544,0.9431873926061961,0.06911021575212675,-1.068294188916262,-0.06741219160851057,0.39939829535569493,0.028965883623290143,0.9420400024991687,0.06903521419365723,-0.031345682533457625,-0.003260158561444599,0.547882226941062,0.04350068492032918,0.018166776700727784,0.02231756608029864,0.642560144152851,0.045219347147445646,-0.6433029600817963,-0.04249336797296733,-0.5408511847191181,-0.04199742294578796,-0.5496071143897596,-0.03712467706215127,-0.8172496123473203,-0.07000351630624337,-0.31824033948976055,-0.029317115753431454,-0.7223269063873495,-0.055743302379944834,frac_graphite,-1.068294188916262,sharpness_c0,-0.8172496123473203
683,0.017892644135188866,101.44190216064453,material,0.5018001606880278,0.499125752021849,0.49938283595267524,0.003600321376055593,0.4216488593568833,0.047103909629632894,-0.5114779044609278,-0.05260403807729752,0.26166730485943346,0.011001437283083774,0.42204241424657885,0.04715134897508972,-0.05074144571580993,-0.029622974423064358,-0.17674595152479958,0.005736443547543012,-0.08851915013629794,0.005688695992426205,-0.11210592837701282,0.019490282808884297,0.07450360898365906,0.015264608666194796,0.008877706698236846,0.011305603901570557,0.02954021086713167,0.018897363713259716,-0.4284288044553213,-0.02580396951567714,-0.08902748176525126,0.007165181173391246,-0.09138258410584066,-0.002936140752195114,frac_graphite,-0.5114779044609278,sharpness_c0,-0.4284288044553213
684,0.00728959575878065,44.28717041015625,imaging,0.4991207636218475,0.49883915282240004,0.5014656542468656,0.002931308493731244,-0.5843181255904387,-0.06091640030268632,0.638306283734885,0.053845881656466026,-0.2198088308476799,-0.0030852982864695033,-0.5847971663649555,-0.06097007491678205,-0.33683289974280206,-0.026949546314957697,0.1373313316452915,0.019225463965770403,0.3466319649282385,0.024036286180906533,0.17556211627589774,0.008486749731596053,-0.1426363413495177,-0.033006662982706714,-0.3571321411230445,-0.04236013685385406,-0.11601610353684359,-0.02501573768174348,0.7680311660104117,0.04929468489320146,-0.2665389898614209,-0.03626240198941666,0.13591333256070967,0.002706111903409497,frac_graphite,0.638306283734885,sharpness_c0,0.7680311660104117
685,0.00728959575878065,51.324317932128906,material,0.5010371452104356,0.4988536032022042,0.5001156630761081,0.0022927935955916467,-0.6394734487277093,-0.06488247307022121,0.5066714760102671,0.033342813832481825,0.3976465379000464,0.04677254250729724,-0.639928356552914,-0.06495396025613391,-0.3368328947156209,-0.028417121248368652,-0.26506460488541556,-0.025838212282850034,-0.3891265836806558,-0.03814100874109273,-0.2173902495877918,-0.006072652455935145,0.17215181688450285,-0.007124638588479737,0.2022685401142864,0.009913091451513764,0.25047767830724554,0.0021768803962511837,0.5047162377315233,0.04440774620010003,-0.20126605399072414,-0.024307200070204996,0.13835054516854745,-0.0018047224586536623,K01_si_frac_adm,-0.639928356552914,sharpness_c0,0.5047162377315233
686,0.0066269052352551355,47.99048614501953,material,0.5052501528557496,0.495640802092415,0.49952675260462653,0.01050030571149918,0.19791991837801903,0.016752308206715607,0.02049127568934038,-0.0003241522722247702,-0.8090233941031986,-0.0718379867912776,0.19709861483050056,0.016639681839914305,0.18962434700769176,0.0011607238585703832,0.7247115917219207,0.04785092060306264,0.6686332533643319,0.0485013550838804,0.7243671003905949,0.053478689777097875,-0.021853739754490564,0.02011918385296996,-0.37595654184073324,-0.019064322236021353,0.12184001383337631,0.026452081033471464,0.582390577326872,0.036590685683345656,0.20580360108940177,0.006678023420556568,-0.008077869556582379,-0.0162061214526386,frac_pore,-0.8090233941031986,p1_c0,0.7247115917219207
687,0.0033134526176275677,31.01136016845703,rare,,,,,,,,,,,,,,,,,,,,,,,,,,,,,,,,,,,,
688,0.0006626905235255136,10.149417877197266,rare,,,,,,,,,,,,,,,,,,,,,,,,,,,,,,,,,,,,
689,0.008614976805831677,51.63825607299805,material,0.5001579088322832,0.5016064005548946,0.4987118135263995,0.003212801109789165,1.5366362152546649,0.09020445929285308,-1.158754634496452,-0.059821289199258464,-0.6904221236623179,-0.059832781585744337,1.5352291657322,0.090155139900076,0.08411286019608764,0.01116016920010859,0.29186841665343455,0.027516212711827994,0.7304454936930915,0.046998177133854215,0.052001162601111726,0.037180285322380845,0.3543457589832317,0.03491541424250622,0.36787607893539775,0.03149564162091876,0.2517537323078879,0.029006231573723524,-0.5479842430068552,-0.056481658033107784,0.6100555276649,0.024684218832959286,0.1956317961505597,0.030525091761103466,frac_si,1.5366362152546649,p1_c1,0.7304454936930915
690,0.017892644135188866,97.17206573486328,mixed,0.49988377909943965,0.5009717880418291,0.49936870916475373,0.0019435760836581384,0.047694354735415355,0.036507424347659134,0.01682686918909492,-0.013414315038473531,-0.22276536671080152,-0.028639967307624747,0.04693878133803073,0.03643285424374292,-0.25086872112622105,-0.03137016481577818,0.25387265155124955,-0.0006626307321560091,-0.0932026084436934,0.0017758486527798445,0.3232853544073723,0.02349624657994429,-0.028578457586263317,0.010829647886581882,-0.06602018586849145,0.006935404841587997,0.03329135060537343,0.019128987989747003,-0.40004506135568096,-0.03669936011623393,-0.10794459611762372,-0.0025033110417561366,0.00017502765406570003,0.0069303172901739206,K04_agglom_frac,-0.25086872112622105,sharpness_c0,-0.40004506135568096
691,0.007952286282306162,48.19944763183594,material,0.5024936962794152,0.5020519539321892,0.496752604626523,0.006494790746954027,0.6793934954882017,0.05521784925141358,-0.36423562279178634,-0.025841316885469947,-0.6826517260951941,-0.06705024106831588,0.6783615265497145,0.05515798617079187,0.56302834443112,0.04650393919307385,-0.2735322853902804,-0.0034693048530766027,-0.10122441608305367,0.0014715876581650649,-0.32396588228983014,-0.000565480713370462,0.596298790229242,0.0431345841640629,0.4719212188281486,0.025323379652813803,0.5424507606187351,0.034325618075263624,-0.5192586291744123,-0.042001872735323596,0.3654673977291655,0.03224259410723211,0.3578146168718989,0.03381558241181476,frac_pore,-0.6826517260951941,noise_sigma_c0,0.596298790229242
692,0.0026507620941020544,22.412059783935547,rare,,,,,,,,,,,,,,,,,,,,,,,,,,,,,,,,,,,,
693,0.003976143141153081,28.108522415161133,rare,,,,,,,,,,,,,,,,,,,,,,,,,,,,,,,,,,,,
694,0.0033134526176275677,24.82023811340332,rare,,,,,,,,,,,,,,,,,,,,,,,,,,,,,,,,,,,,
695,0.0019880715705765406,18.810108184814453,rare,,,,,,,,,,,,,,,,,,,,,,,,,,,,,,,,,,,,
696,0.0019880715705765406,22.101112365722656,rare,,,,,,,,,,,,,,,,,,,,,,,,,,,,,,,,,,,,
697,0.00927766732935719,53.77499008178711,imaging,0.49785243988094935,0.4975121262770523,0.5033250927070457,0.0066501854140914585,-0.6039026840688768,-0.07552295030284839,0.47399019897451217,0.0454337229518114,0.4611207144536775,0.04710777690786548,-0.6043731557133163,-0.07557077495079283,-0.33683290113215136,-0.03115089719541056,-0.3903918446010125,-0.018996267645764828,-0.13952032117933563,-0.011789176276412468,-0.48226537022330973,-0.057674240136809864,-0.6639715228704883,-0.06594524949719563,-0.4668726009523612,-0.04892729965115604,-0.841863901936191,-0.08286717357468083,-0.34556778499051044,-0.02380144926457423,-0.7176711153951536,-0.08172193201056739,-0.7362883502792955,-0.08112443204586144,K01_si_frac_adm,-0.6043731557133163,noise_sigma_c2,-0.841863901936191
698,0.012591119946984758,65.82974243164062,imaging,0.49565940201820124,0.4989643894473693,0.5037930425569486,0.00868119596359751,-0.13998136747632253,-0.012394158369242087,0.23310025024691977,0.03727354783598216,-0.2857020731842518,-0.029787639553260647,-0.14065482463510406,-0.012489664137224027,-0.33683288490254787,-0.03929228768412859,0.5380631799237643,0.051256629967461866,0.13711144559053884,0.01644229357878147,0.5433736276311872,0.03742625386012085,-0.4714585377565425,-0.0299640593520126,-0.38793321763585165,-0.017692452151960518,-0.3053785620091776,-0.013538925714126071,-0.30783866674954763,-0.009855700399980027,-0.19956281582018992,-0.016692774072794486,-0.14423643855469145,-0.015845821575291075,K04_agglom_frac,-0.33683288490254787,p1_c2,0.5433736276311872
699,0.009940357852882704,56.511680603027344,imaging,0.4993039378672959,0.4971002904526341,0.5026125728412503,0.005799419094731806,0.6777263521118534,0.05790268356142751,-0.48461888705412287,-0.041467296890667076,-0.6810214103098462,-0.07299256714017241,0.6766951125806949,0.057795317755690294,0.07495163289170309,0.007943131757583108,1.4008718114506733,0.07619389638811157,0.38289551077693723,0.03912647834577033,1.393725210724097,0.06134954205546088,-0.5808097453841918,-0.01798282846862734,-0.8437259532655985,-0.04718953035449354,-0.33624794975395245,-0.005019536211963434,-0.30289335779583376,-0.015861019423370808,-0.48282279474989537,-0.02915624699902182,-0.4368179462962616,-0.028071034704407475,frac_pore,-0.6810214103098462,p1_c0,1.4008718114506733
700,0.02385685884691849,100.75009155273438,material,0.5018165832065852,0.5041544841936929,0.4956842662899524,0.00863146742009524,-0.6827964967911515,-0.1294302710657469,0.9181053378499746,0.19041586997188326,-0.7627747127833616,-0.13984627070598996,-0.683232448991047,-0.1295198329429941,-0.3368328826245176,-0.05283562820801307,-0.12671792933903087,0.006593458113528522,0.5804840753470055,0.08508021175975058,-0.15351183568031293,0.03889608971258407,0.3697382045292235,0.06069955557097535,0.4385881325941903,0.07127873497889145,0.4292872867040131,0.07373538690225029,0.9033417553634091,0.14402235848649467,0.6295349137697093,0.09072406965581836,0.46903488022725714,0.08235166250289365,frac_graphite,0.9181053378499746,sharpness_c0,0.9033417553634091
701,0.009940357852882704,64.32054901123047,material,0.497397662443974,0.5062148675141012,0.49726205191594564,0.012429735028202327,1.313361154021216,0.12087509913578055,-1.255473038281301,-0.11751340887077295,0.09866453289805183,0.0220883591389115,1.3120517968736716,0.12078292593867081,1.317361310614841,0.14267050608090429,-0.11287561715590971,-0.008453629047591917,-0.03343795935111247,0.0001929979473088363,-0.077114779495639,-0.001736663446042419,0.49541660368157253,0.04692474631878431,0.44268954147194883,0.028091745095421842,0.44284291193446096,0.03661341046033745,-0.6459602661647588,-0.07460938687155583,0.4905432608426232,0.04578332732338717,0.09422428470548477,0.008533931038102223,K04_agglom_frac,1.317361310614841,sharpness_c0,-0.6459602661647588
702,0.012591119946984758,70.05906677246094,imaging,0.5033249283725537,0.5062618312484646,0.49308493731237857,0.013830125375242863,-0.40890434141244014,-0.03375671196422249,0.2554118756172694,0.014583291407447296,0.5327958304308754,0.05327328584619718,-0.4094601332161875,-0.03382534621558998,-0.33683290566267693,-0.0382310813155339,-0.5674472408809688,-0.0738013272429629,-0.5945059894063529,-0.045855594959181636,-0.49691820134140596,-0.07348059212051047,0.40770785738423665,0.03739061652638688,0.4907347681877591,0.0557674947960612,0.3106366783636403,0.03426989544570644,0.11205762252008095,0.03154415247963363,-0.012413583196751607,0.01923911963232279,0.2795128615061621,0.06341380067708849,frac_pore,0.5327958304308754,p1_c1,-0.5945059894063529
703,0.004638833664678595,39.47882080078125,rare,,,,,,,,,,,,,,,,,,,,,,,,,,,,,,,,,,,,
704,0.0026507620941020544,21.987911224365234,rare,,,,,,,,,,,,,,,,,,,,,,,,,,,,,,,,,,,,
705,0.009940357852882704,68.27210235595703,mixed,0.5031139621726233,0.49709547365936607,0.49995320501500967,0.006227924345246549,0.3131703015897209,0.059677804181995066,-0.3067006276129343,-0.05420988410903414,0.0428662784261169,-0.006573620015284967,0.31229857098618213,0.059585732769087775,0.45515878826580564,0.031418555364771644,-0.05793389903958424,-0.0008298887653292953,-0.000988913683946454,-0.0158946283791765,-0.09699365760355742,-0.007306524033659286,0.08995048996024652,0.022573340500180374,-0.013918046953461757,-0.0015309125102664649,0.13128772232009342,0.019294554297938787,-0.2875421010135273,-0.032476708016466724,0.19114962866824164,0.0071966982836467385,0.019337075395028266,0.005150200690698813,K04_agglom_frac,0.45515878826580564,sharpness_c0,-0.2875421010135273
706,0.0019880715705765406,29.135387420654297,rare,,,,,,,,,,,,,,,,,,,,,,,,,,,,,,,,,,,,
707,0.0,0.0,rare,,,,,,,,,,,,,,,,,,,,,,,,,,,,,,,,,,,,
708,0.00728959575878065,53.71092224121094,material,0.5048143244786482,0.4970196091653942,0.49882041320854675,0.009628648957296315,2.5075729367050625,0.109712896835489,-2.2015146374691272,-0.10393868363675675,-0.44812778989083873,-0.030058128064346823,2.5057410605539068,0.10965922177445037,1.9573510777727772,0.15362624285539675,-0.1292939704387642,0.0002862804329248859,0.3205517094129514,0.006136011520620189,-0.21723206494869865,0.008220317875101074,0.29176462494039707,0.053631486906661356,0.15225494665681624,0.02971560784492813,0.25093861304362386,0.05273340385282863,-0.5116608477564769,-0.02636682636224353,0.36341806174228736,0.04612912035524373,0.06910423344347395,0.03270789845346468,frac_si,2.5075729367050625,sharpness_c0,-0.5116608477564769
709,0.008614976805831677,68.88823699951172,material,0.5058893678088319,0.497960088050981,0.4973794808405439,0.011778735617663738,1.999325969775858,0.12212899700933177,-2.2780178293815028,-0.1218179515571201,1.1333329775071752,0.07475089737860538,1.9977164735300112,0.1221126442418318,1.556443954449855,0.15384364007978305,-0.2870714858029615,-0.01864147856279995,-0.5968371412177709,-0.03621692713737116,-0.24744591318690792,-0.041014059424155154,0.29907783016817024,0.058073824124311,0.25953451689545487,0.03744995317504465,0.11115660400298197,0.03277252704134742,-0.673235497073247,-0.056757296767727075,0.08272459785679749,0.03344920988074521,-0.08131866133184182,0.00930742163504824,frac_graphite,-2.2780178293815028,sharpness_c0,-0.673235497073247
710,0.011928429423459244,79.23023986816406,material,0.49802929777310645,0.4994268016011021,0.5017976337630232,0.003941404453787101,-0.03612137990973146,0.011711778092146347,0.2298429328407503,0.021427974608258012,-0.5519746023924882,-0.06917422025785167,-0.036840280231957685,0.01161380853991866,-0.3368328604339451,-0.0382310813155339,-0.0005319693284266873,0.0157844811808269,0.3544311693522943,0.044109361081950293,-0.04628682312893176,0.015982587672174565,0.235278781180586,0.024732836763265327,0.15860977104852989,0.019571904881226315,0.28050507227589033,0.03979644555051155,-0.08153063907553153,-7.861493101657453e-05,0.3463563217332499,0.046432693472873834,0.04451011997311848,0.012497062531534141,frac_pore,-0.5519746023924882,p1_c1,0.3544311693522943
711,0.00728959575878065,52.37886047363281,mixed,0.49530315969257044,0.5079320543141609,0.4974668903408087,0.01586410862832177,0.23826234790919248,0.05078774294075859,-0.040455931575701154,-0.020203787783053394,-0.41063158718563836,-0.03734079014895303,0.23742339281569744,0.05064431774461732,-0.336832894940949,-0.029814417850313527,-0.08579560276499221,-0.032864982309560524,-0.37032745678402573,-0.019032101961357906,0.030727134228002533,-0.015402814249540375,0.3749748968552315,0.043601887957153584,0.37226575234962944,0.03385207997756199,0.430044613055573,0.042730374924372296,-0.4232410867398399,-0.03822847623994976,0.06902896805813157,0.02397012118541417,0.042372223978065275,-0.00240959909894209,frac_pore,-0.41063158718563836,noise_sigma_c2,0.430044613055573
712,0.00927766732935719,52.753013610839844,mixed,0.4978398071743667,0.4993617748919834,0.5019777503090236,0.004320385651266578,0.21590230922012024,0.018332857592311718,-0.1466638507259844,-0.011432984168700712,-0.07657884278821647,-0.026018237316261142,0.21507313759817354,0.01831704211596324,0.12653363791384598,0.013738309841934056,-0.2664782015067125,0.01198807413391007,0.2580637442338546,0.018126062087983036,-0.37198419385439374,0.0012945728436627947,0.4493249266518347,0.029213838713782105,0.2457602476539847,0.00920597055894943,0.35450447596586027,0.021332269251334253,-0.2473373977817477,-0.013510342554876934,0.37589866302982267,0.030269805416932277,-0.1168935142573886,-0.011192204206714502,frac_si,0.21590230922012024,noise_sigma_c0,0.4493249266518347
713,0.015904572564612324,88.25897979736328,imaging,0.5088075230294241,0.5004094274277843,0.4935440579198304,0.017615046058848227,0.33696721567228916,0.07031341559874525,-0.37497980484820703,-0.08087905012812455,0.18044397442594567,0.0554120380025832,0.33608507301452417,0.070203792032665,-0.1087075573493068,-0.006550307269338226,-0.16196113858589659,-0.05805129027243577,-0.5142800500603955,-0.06951421897438152,-0.06167104958050923,-0.03036538682839857,0.2583285701278546,0.05146325552520844,0.25885140933759276,0.05759896893194257,0.2283693423714411,0.044627692551425624,-0.45342633688375217,-0.04432020100201507,-0.03675976160254211,0.01994654812707477,0.2522234518459614,0.05147294114176518,frac_graphite,-0.37497980484820703,p1_c1,-0.5142800500603955
714,0.0033134526176275677,29.647018432617188,rare,,,,,,,,,,,,,,,,,,,,,,,,,,,,,,,,,,,,
715,0.008614976805831677,60.78461837768555,material,0.5001654884562328,0.49796731324088306,0.5013747130496203,0.0040653735182338835,-0.6023152365384409,-0.07715862601717068,0.3241738055136665,0.033731254295458424,0.8396313427777521,0.053789568786420855,-0.6027864026979487,-0.07717500008046936,-0.33683288659026306,-0.029814417850313527,-0.30985512250066505,-0.024415684447360957,-0.393256751159513,-0.024290021450037107,-0.24412171419064035,-0.012461202053476986,-0.29425585440632496,-0.03405162693915219,-0.0905644225264385,-0.014765620556130343,-0.35445842689585966,-0.03345307152836494,0.1593131742340817,0.03069020446836948,-0.4076895376163593,-0.03894235998536857,-0.10643083527120771,0.008511791322075614,frac_pore,0.8396313427777521,sharpness_c1,-0.4076895376163593
716,0.0019880715705765406,19.377723693847656,rare,,,,,,,,,,,,,,,,,,,,,,,,,,,,,,,,,,,,
717,0.007952286282306162,54.292510986328125,imaging,0.49867103926750517,0.5002119389037942,0.5007734416387074,0.0026579214649896654,-0.5626684206837906,-0.047292434638436055,0.4414921918202237,0.03565117298643015,0.3593589641523575,0.035190494771973314,-0.5631569340146534,-0.047326826758782775,-0.3368328660805457,-0.03115089719541056,0.2967430815743502,-0.007401208736687786,-0.08616962006709732,-0.02160503716358622,0.284852675027097,-0.017063406975004834,-0.7079751548271048,-0.04461549909220357,-0.6172255639202883,-0.036880972114925054,-0.7958791393126193,-0.060975594404964056,-0.020719502544219354,0.004846428428536315,-0.5842782777936691,-0.04067021383870449,-0.2804709168014142,-0.024318858193704128,K01_si_frac_adm,-0.5631569340146534,noise_sigma_c2,-0.7958791393126193
718,0.009940357852882704,65.82255554199219,mixed,0.5031240683378895,0.5007369693700117,0.49727617870386726,0.006248136675778948,0.2755267080765082,0.026103913673975663,-0.09872413217536613,-0.0011562099930183852,-0.47234640200989675,-0.04534945716960878,0.2746714481879767,0.025965796558326572,-0.23466426415495226,-0.014408517113440038,0.10309762994920679,0.01206380578920409,0.15887684814982148,0.028314783723844713,0.06497756530609652,0.005892398768387626,0.14773923287104385,0.024847164614736367,0.28311676966200294,0.03505553785813716,0.1647359385623274,0.02626823479885675,-0.2571093801505542,-0.004277183526001525,0.13663685338781187,0.01632163762430707,0.09621318879173135,0.008081483177880157,frac_pore,-0.47234640200989675,noise_sigma_c1,0.28311676966200294
719,0.00728959575878065,48.293060302734375,material,0.5010219859625364,0.5024734233431436,0.49747218788627934,0.005055624227441324,1.5029551376696444,0.10274177151901388,-1.3536276271489156,-0.10052328727126242,-0.2602033985889172,-0.013567692245369403,1.5015628251305266,0.10272384015416752,0.8539641733320811,0.04343451021538172,0.03894421047224602,-0.017062727646851687,0.1716633280698621,-0.016380099502194663,0.12571204397890376,-0.018689064895250903,0.48852251584098305,0.057219967352637166,0.49369564229087337,0.05334433637013876,0.5745434102323117,0.05733664070635592,-0.35158432133722006,-0.03222431711908049,0.7828469443221008,0.0525341880157744,0.17359408275836888,0.015543540149678197,frac_si,1.5029551376696444,sharpness_c1,0.7828469443221008
720,0.003976143141153081,33.82129669189453,rare,,,,,,,,,,,,,,,,,,,,,,,,,,,,,,,,,,,,
721,0.003976143141153081,35.303131103515625,rare,,,,,,,,,,,,,,,,,,,,,,,,,,,,,,,,,,,,
722,0.004638833664678595,36.311824798583984,rare,,,,,,,,,,,,,,,,,,,,,,,,,,,,,,,,,,,,
723,0.008614976805831677,57.391441345214844,material,0.49825163340896117,0.5015823165885543,0.5000618046971568,0.0034967331820776604,0.5339178432208551,0.05764813783462542,-0.5895189297755731,-0.056087582943780745,0.2633546382707242,0.007037860029336391,0.5329495261266883,0.0575657427291828,0.1344021503059863,-0.006319727823912601,0.23521718440513156,0.016815747439254184,-0.5580786920876175,-0.04293574259062363,0.35697857207544426,0.025720874029339615,-0.12059848836589601,0.006933631941707391,-0.12294739404615769,0.0019131191373011997,-0.11049466608113206,0.013098774177763964,-0.2553833366478124,-0.029670129523261663,-0.23850785516521805,-0.012621402535145846,0.5072301396566531,0.04929770624454484,frac_graphite,-0.5895189297755731,p1_c1,-0.5580786920876175
724,0.0033134526176275677,30.837841033935547,rare,,,,,,,,,,,,,,,,,,,,,,,,,,,,,,,,,,,,
725,0.008614976805831677,58.52030563354492,material,0.49444918872758326,0.5070264971797676,0.49872770616281126,0.01405299435953511,1.2083316556926074,0.08953761433248046,-1.2306030692657637,-0.1042166586698737,0.32954503472871366,0.016305609407726337,1.2158393939313152,0.08986573212252762,1.0086237434618386,0.08837507876924448,0.20124482445159658,0.013305335847896428,-0.07925841611189194,-0.0007474547588572882,0.28793439387431496,0.01938347776963769,-0.22939568301980412,-0.0028332057739153776,-0.2772095726683045,-0.01225380422585343,-0.2443372129346816,-0.012191057906337437,-0.5460782779119284,-0.06244558007184662,-0.039734149495998565,-0.008954888114916393,-0.21763106696717643,-0.026664087749314447,frac_graphite,-1.2306030692657637,sharpness_c0,-0.5460782779119284
726,0.008614976805831677,59.31745910644531,material,0.5039830923855098,0.4961477695838772,0.5000406145152745,0.007966184771019513,-0.5101399726911442,-0.03873030315387791,0.6824197533688543,0.06976036362088972,-0.5814385667752807,-0.07797362312810197,-0.5106514695298514,-0.03876316067228476,-0.3368328850308028,-0.03115089719541056,0.26783504758094934,0.027248777965901312,0.2380878451725702,0.03761390959809347,0.18338160585362034,0.005934504014571559,-0.1705228596211978,0.00010983878507617349,-0.25137055086575466,-0.014810684020302904,-0.1294730007067737,0.006127365728813265,0.5220659019956317,0.04892319187708603,-0.06628164693710399,-0.0014238571107692366,0.015733438193801713,-0.0031805467936442617,frac_graphite,0.6824197533688543,sharpness_c0,0.5220659019956317
727,0.012591119946984758,74.52339172363281,imaging,0.5033224018312371,0.49898606501707554,0.49842133144976164,0.006644803662474219,-0.5142400284359718,-0.06614390618929024,0.5029233510554426,0.063587239734365,-0.05800480634031659,-0.01833923048213028,-0.5147497313155294,-0.06621197978026458,-0.3368328852162478,-0.03929228768412859,0.21335520472167085,0.021196871069894718,0.014156621627000193,0.0032133601333751115,0.258138700282073,0.04866624706882833,-0.14935984138472372,-0.02650666754057666,-0.1676394532731208,-0.02446997080426754,-0.11609600267459981,-0.01794816714285348,0.6146288395564493,0.060755930724367635,-0.04986726151103685,-0.0036766974980224107,0.04647985428061495,0.013814766631184139,K01_si_frac_adm,-0.5147497313155294,sharpness_c0,0.6146288395564493
728,0.0066269052352551355,42.34644317626953,mixed,0.4976452634929938,0.5028924843574638,0.4995249867561363,0.0057849687149276185,-0.055150718627466115,-0.0075600792228775505,0.12027798665132979,0.01772238682140877,-0.11472319548629693,-0.003870531429947808,-0.05586129281375076,-0.007616342661833071,-0.33683286921754607,-0.028417121248368652,0.059009347303277,0.008522851149789892,-0.02618282077265287,0.01689599192148757,0.15589173258449646,0.004639063314557827,-0.08454549806000917,-0.0053111864083904715,0.05131297058209076,0.009066123919461195,-0.026874481973805407,0.0013615935236475625,-0.37094313067738793,-0.01632463433822702,0.11014072766047316,0.018901475740055546,0.2163033777042629,0.020605039450027764,K04_agglom_frac,-0.33683286921754607,sharpness_c0,-0.37094313067738793
729,0.00927766732935719,55.892364501953125,mixed,0.5016447783970611,0.501153621987698,0.49800459120607454,0.0039908175878509144,-0.23702813342154527,-0.023795163743205786,0.3810310356645062,0.05774374568820691,-0.4243174079257984,-0.04937451708096219,-0.23765912848069468,-0.023890497905092282,0.22209481561134062,-0.009294340711904676,-0.2791583970853531,-0.015139479409968433,0.2019508772731999,0.023405644585827765,-0.34460397697140027,-0.027788407637747425,0.20465238118801485,0.017162577139947795,0.26118209118670754,0.01766110715429561,0.28826261325986613,0.023214212225593403,-0.23382175425002721,0.00314421974669292,0.20585982157961766,0.014505425738503934,0.2588554002100785,0.053314658337475625,frac_pore,-0.4243174079257984,p1_c2,-0.34460397697140027
730,0.004638833664678595,41.88263702392578,rare,,,,,,,,,,,,,,,,,,,,,,,,,,,,,,,,,,,,
731,0.00927766732935719,54.636573791503906,imaging,0.49594237464565255,0.4993328741323751,0.5033250927070457,0.008115250708694899,-0.38476074587977604,-0.025360701871362367,0.6317112669414972,0.07355910459672989,-0.7542554456160562,-0.08394886100738295,-0.3853271015119902,-0.025424194860945697,-0.10325841036313857,-0.009431032288683201,1.3393090297428072,0.1018952837914131,0.6260764166423811,0.069016389639059,1.1364345697174778,0.10510204004894265,-0.7218732449929646,-0.061307626839349615,-0.8207678361929618,-0.0646691345419259,-0.5688352188541189,-0.04725145641481946,-0.027380218289299697,0.01779139163148238,-0.4258960778432509,-0.04324668613995778,-0.23822016779344773,-0.028901786860592922,frac_pore,-0.7542554456160562,p1_c0,1.3393090297428072
732,0.008614976805831677,55.71266555786133,material,0.4963554641509052,0.499801307277693,0.5026929189475543,0.0072890716981895975,-0.5059929822448592,-0.057656406784132815,0.49329579278100394,0.05395276254228627,0.06368360874218448,0.0039690329760563295,-0.5065062935273503,-0.057755066763912136,-0.3368328773670472,-0.029814417850313527,-0.043210164329874005,0.011066779929787924,0.09203282423945876,0.022699161153705388,0.0027048423217895298,0.005830396932964478,-0.23495290297036306,-0.02771127061221814,-0.019862630682762138,-0.005222005716951315,-0.24994711725035232,-0.030625745497225527,0.4189750658913371,0.030174183623726824,-0.18303377211452304,-0.008803149362401183,0.09550055723724499,0.01949456805058454,K01_si_frac_adm,-0.5065062935273503,sharpness_c0,0.4189750658913371
733,0.008614976805831677,58.44727325439453,mixed,0.500190753869398,0.5015726830020183,0.4987135793748897,0.003145366004036587,-0.28190760957779437,-0.038908156476165134,-0.0109228390477294,0.014449140985662906,0.46631148775161385,0.03497991479620507,-0.26633852004125746,-0.03798951208576965,-0.3368329019490658,-0.03115089719541056,-0.177064109220965,-0.02050731849107741,-0.3372485827443764,-0.02649177621695062,-0.1472000741268281,-0.021853723636965847,-0.1129193015842066,-0.01445704874327459,0.0010265473235164272,-0.0034945183806243283,-0.14550163930881413,-0.0174724609998125,0.09687505363310242,0.0283125422127462,-0.2373132474508692,-0.019079571834773178,-0.13205102070513913,0.012656735520005426,frac_pore,0.46631148775161385,p1_c1,-0.3372485827443764
734,0.009940357852882704,50.737457275390625,material,0.4935952177625961,0.49529519717543236,0.5079260109482606,0.01585202189652124,-0.5914296172556724,-0.06649791139491641,0.18296878805847797,-0.002081318224634129,1.270042920032542,0.10908745467487505,-0.5919055463834108,-0.06652868293871876,-0.3368328824480803,-0.03243408064992298,-0.5011480364628048,-0.04276359117493447,-0.575350968725894,-0.05616146939807425,-0.4694701288580014,-0.05335386661243073,-0.44915516175525294,-0.06888499623928925,-0.1711142910249303,-0.04143129981808202,-0.4856787460735982,-0.0721173313325702,-0.294909737794286,-0.02622046269475541,-0.5339966304430538,-0.0683496152958298,-0.5081750896742145,-0.0706287338704803,frac_pore,1.270042920032542,p1_c1,-0.575350968725894
735,0.003976143141153081,31.203493118286133,rare,,,,,,,,,,,,,,,,,,,,,,,,,,,,,,,,,,,,
736,0.012591119946984758,83.14384460449219,imaging,0.4995022713606436,0.49896679784400333,0.5011054211548649,0.002210842309729788,0.2200691450885586,0.040949556435109245,-0.1726952333696496,-0.030700918072563334,-0.17703222087626455,-0.012399092605719355,0.22167399103228133,0.04155476997591244,-0.02309475267536986,-0.019939783551798228,-0.22745941136465617,-0.0019810037608508106,-0.12999503285584504,-0.013867923866533498,-0.23744120082988907,-0.010867580225569516,0.019340858496719605,0.005838525760817191,0.05370265057923202,0.01028951989200796,-0.030869547000480498,0.002095456099575966,-0.5968169858954552,-0.0661688103201588,-0.03666105721722681,0.0005768347211742353,-0.034449277071681314,0.0006938019749019951,K01_si_frac_adm,0.22167399103228133,sharpness_c0,-0.5968169858954552
737,0.007952286282306162,50.741455078125,material,0.5005785779614853,0.4984128666181777,0.5007593148507857,0.0031742667636446287,0.36758871052167835,0.023076015474591427,-0.23511429865968278,0.008623333005280917,-0.32792340817610277,-0.043772922995454794,0.36669316956337517,0.023007435236061167,0.8355417217283638,0.044995599250042206,0.03029880650337384,0.012239026125948751,0.22242634492866012,0.029901761229977637,0.030733599137455807,0.028908072322448113,-0.04846178607263751,-0.004249631316701321,-0.0818983026141054,-0.004590116666207614,0.0658119909823041,0.0031603914501075175,-0.4360942782435402,-0.01645714014703311,-0.16583211547892723,-0.007292502083479789,-0.0026849200796093533,0.010864431567353757,K04_agglom_frac,0.8355417217283638,sharpness_c0,-0.4360942782435402
738,0.00927766732935719,66.39067077636719,mixed,0.49594237464565255,0.5029575110665825,0.5006674907292954,0.008115250708694899,-0.21024240549671602,-0.02730259251370321,0.08540191038071102,0.0032479217878245746,0.3738119339966798,0.05978884463704536,-0.21088512046421107,-0.02736612756050937,-0.3368328866924114,-0.03115089719541056,-0.024638818602094072,-0.01792472921340552,-0.26843574526892344,-0.034020524893041186,0.10343318219383874,-0.00021245623131553988,-0.07947425394499212,-0.027399971743210263,0.024237366391992407,-0.002042995198035791,-0.04386340075821653,-0.022797133653911717,-0.13667198770459799,0.008301213740054821,-0.12233769283196627,-0.022739699124904925,0.14586022144650723,0.019786857706282964,frac_pore,0.3738119339966798,p1_c1,-0.26843574526892344
739,0.009940357852882704,68.87702941894531,material,0.5012304256211502,0.4970978820560001,0.5012678792159633,0.005804235887999831,0.5031088415195142,0.04261958661981807,-0.5913194104000978,-0.04883168582814968,0.3197498876332391,0.03158611333617633,0.5021540047928778,0.042558246320016965,0.4910725780416863,0.050477252547086286,-0.3503423215060685,-0.01866628976654362,-0.33706625990508854,-0.027680946315557373,-0.3474820039681387,-0.03304324984039997,0.10923678155694429,-0.01625795166181509,0.14653903270988058,-0.008153044793936663,0.05406990064900765,-0.014302486283674976,-0.3370589083658363,-0.03238826712687005,-0.06778283676611459,-0.019237839532359215,-0.15205823889109207,-0.023134390867078084,frac_graphite,-0.5913194104000978,p1_c0,-0.3503423215060685
740,0.007952286282306162,47.92422103881836,material,0.5005937372093845,0.49839600784173954,0.5007610806992758,0.0032079843165209176,1.2646544960866233,0.08290361727448124,-1.3009560878701327,-0.08092070033118105,0.29662370712048647,0.03176031791938517,1.2633664502146509,0.08281803371691406,0.8983978581540418,0.06730941854623276,0.3274436914041183,0.005902867870461345,0.02709140069418861,-0.0008545290515886319,0.26699558936459056,-9.009869270797376e-05,-0.031326867714381895,0.006426635509469496,-0.294300551776575,-0.014555652372726031,-0.04549719522322744,0.0007465979586598727,-0.3053626830313134,-0.03788481255792722,-0.1942194053789787,-0.009908216850803247,-0.30999675927420844,-0.040686694428506164,frac_graphite,-1.3009560878701327,p1_c0,0.3274436914041183
741,0.005964214711729622,41.05677032470703,rare,,,,,,,,,,,,,,,,,,,,,,,,,,,,,,,,,,,,
742,0.004638833664678595,36.75156021118164,rare,,,,,,,,,,,,,,,,,,,,,,,,,,,,,,,,,,,,
743,0.00927766732935719,65.10017395019531,material,0.4997372397030808,0.49753380184675855,0.5019918770969451,0.0049323963064829,0.968738526727706,0.09124599932481028,-0.911060259740841,-0.07827393085510286,0.16699778225655942,0.0001955739795673972,0.967579956828096,0.09119865795659253,1.2283612043214853,0.10824694666417682,-0.25615095022337353,0.010496097542553819,0.4396801925481828,0.053132892586733066,-0.4190987033382186,-0.01346992844314814,0.23011010029183246,0.023727779144275894,0.1856800939363132,0.013715432824695398,0.10844708276277362,0.0030672267731689865,-0.6521264632867044,-0.0704787706951808,0.2677995929130227,0.02972094919649316,-0.4321881088551136,-0.030875318034714605,K04_agglom_frac,1.2283612043214853,sharpness_c0,-0.6521264632867044
744,0.005964214711729622,45.5882453918457,rare,,,,,,,,,,,,,,,,,,,,,,,,,,,,,,,,,,,,
745,0.0019880715705765406,20.68343734741211,rare,,,,,,,,,,,,,,,,,,,,,,,,,,,,,,,,,,,,
746,0.012591119946984758,74.60568237304688,material,0.5147954259496006,0.49535661128960007,0.49306374713049617,0.029590851899201187,1.1510742117237214,0.05297548899357876,-0.9462118552555852,-0.03214150864027881,-0.4596300704091443,-0.05009492120436407,1.149835862124158,0.052907107678182276,0.3859259369359348,0.021010428153036918,-0.26727066715116576,-0.025558480892333684,-0.30740909600637484,-0.03596247110354757,-0.3159510887194535,-0.01963459426553239,0.8274064694404789,0.0746538411839894,0.3684135099016682,0.022565313186211005,0.7621757144463526,0.06660991709722225,0.1833895644265325,0.03229235593599809,0.49047001765454307,0.021902423404282282,0.3107290484330824,0.03253934607570088,frac_si,1.1510742117237214,noise_sigma_c0,0.8274064694404789
747,0.0145791915175613,82.73460388183594,imaging,0.4963339885497148,0.4994821947236846,0.5029419035846723,0.007332022900570445,-0.08719733260745663,0.016939181833330874,0.1703267274943984,0.0021044974927103962,-0.30738947471303685,-0.027419458146159335,-0.08789388506739719,0.016825264790534894,-0.336832890862849,-0.04232457615854792,0.26747794982514117,0.03212538478641383,0.25885382483128716,0.015108093504897625,0.19499034798138953,0.02788049120840163,-0.22515741078041823,-0.013667567192149491,-0.1251393745349256,-0.011190275947196082,-0.2088171857839649,-0.025146698672994846,-0.268893030388601,-0.015608712780559551,0.008630079724778411,-0.016458777711609744,-0.5605107357084477,-0.08048159419688347,K04_agglom_frac,-0.336832890862849,sharpness_c2,-0.5605107357084477
748,0.00927766732935719,64.83848571777344,imaging,0.4978398071743667,0.5029647362564846,0.4993360409676849,0.005929472512969269,0.03289611706134337,0.03090527138404642,0.1484086750057578,-0.0056696569672063536,-0.44727439314970274,-0.028625652030463515,0.03214701854795011,0.030794395055561943,-0.17625650163746756,-0.010822618793858985,0.09387453538642966,0.010960622136534386,0.18457834555604052,-2.0812766494648155e-05,0.0014081813919848106,-0.0002669271617364435,0.3209562799823688,0.030314663682275797,0.2873954960923107,0.026294583114701325,0.5287158291480953,0.05606979122179042,-0.24728565209132128,-0.01792089797700557,0.5287852361821542,0.03742003624303152,0.19834963202994468,0.02540688210064909,frac_pore,-0.44727439314970274,sharpness_c1,0.5287852361821542
749,0.003976143141153081,29.67266273498535,rare,,,,,,,,,,,,,,,,,,,,,,,,,,,,,,,,,,,,
750,0.015241882041086813,94.2236328125,material,0.4939464070055938,0.515399288077955,0.49294013773618217,0.030798576155909974,0.439689292984563,0.06196486431692901,-0.5708584926717208,-0.07246482781093268,0.6393294787308141,0.09075727156005167,0.43876220493522505,0.06187772996919893,0.1669732946705007,0.029653155282807774,-0.24213555927108305,-0.06431807625769645,-0.3578527153899655,-0.04314416256406304,-0.12456624572801933,-0.05652430024439654,0.2654495401853721,0.054353161358730896,0.4328729617445773,0.07605324866232901,0.16549142054097923,0.03592394466046527,-0.4275725135129256,-0.040817101531501455,0.3633765296844182,0.052374571877643814,0.0008004578739240758,0.011558992622847862,frac_pore,0.6393294787308141,noise_sigma_c1,0.4328729617445773
751,0.005964214711729622,33.92215347290039,rare,,,,,,,,,,,,,,,,,,,,,,,,,,,,,,,,,,,,
752,0.005964214711729622,46.45966339111328,rare,,,,,,,,,,,,,,,,,,,,,,,,,,,,,,,,,,,,
753,0.007952286282306162,48.453887939453125,imaging,0.5005861575854349,0.4965848935729527,0.5020942963093766,0.006830212854094575,-0.6042003629071127,-0.07127500924209919,0.5057905457940702,0.04921726448957247,-0.04506262636068801,0.022374948800615985,-0.6029987588531885,-0.0710673616244372,-0.33683289080373363,-0.029814417850313527,-0.2147146852027493,0.0002066392839657676,-0.06615073539653653,-0.0075240821608209075,-0.2862820056778443,-0.023560404795105256,-0.7829618035943189,-0.057384891627161386,-0.4876411333037701,-0.040313202494612434,-0.91282520748422,-0.06555588173868666,-0.13992575322347842,0.008641821997820232,-0.6890853918694402,-0.06234954440185934,-0.8437160838503285,-0.05829858818796497,frac_si,-0.6042003629071127,noise_sigma_c2,-0.91282520748422
754,0.008614976805831677,52.66655731201172,imaging,0.4982440537850116,0.49614295279060916,0.5040552710577432,0.008110542115486341,-0.1999547664570081,-0.010908364372544138,0.25924759687212695,0.036498970423095176,-0.17840778203213015,-0.037109444916084255,-0.2006019827123102,-0.01100691538573099,-0.3368329037245537,-0.03243408064992298,0.9519551659256038,0.081771094648345,0.39739786781884406,0.050024707866744796,0.9512875825592045,0.09990947924690759,-0.9378562093494657,-0.05461340605269727,-0.95732621342011,-0.05918930571386299,-0.791656849925432,-0.043961280126793234,-0.35762474185799453,-0.01682954030556456,-0.6282425853285521,-0.03183329579824465,-0.2194788191722632,0.009910013201470964,K04_agglom_frac,-0.3368329037245537,noise_sigma_c1,-0.95732621342011
755,0.0033134526176275677,28.560470581054688,rare,,,,,,,,,,,,,,,,,,,,,,,,,,,,,,,,,,,,
756,0.007952286282306162,53.566062927246094,material,0.49487617421007685,0.49840082463500757,0.5047536641356172,0.010247651579846306,-0.31359861636281944,-0.01011046853503838,0.5740649654237614,0.056248097968950764,-0.7500473987545776,-0.0771732643216126,-0.31419610847865254,-0.010196210757025467,-0.33683287549154534,-0.03115089719541056,0.35129661194889694,0.04663027318255571,0.5525218196773427,0.07054178902400463,0.3575035448625488,0.07318468319833249,-0.5935270007775444,-0.052095621119832264,-0.5156662675400892,-0.042277820462085405,-0.48178470778614335,-0.043170836883859275,-0.3315132504764772,-0.02843948235539645,-0.34349040251187607,-0.021504400225673223,-0.2476283772890937,-0.03126667532463773,frac_pore,-0.7500473987545776,noise_sigma_c0,-0.5935270007775444
757,0.010603048376408217,61.30402374267578,material,0.4988933749033597,0.5021217974345759,0.4992177291188416,0.004243594869151712,-0.5611749571945223,-0.05623270692089385,0.4125060685690327,0.03006275081597025,0.35700255604263464,0.031561110647044865,-0.5616641240661859,-0.05624766807916799,-0.3368329332813629,-0.03367006446576788,-0.301854636999817,-0.00692099112532523,-0.35381516889560916,-0.025998883920391326,-0.3968184858716679,-0.046205891110535066,-0.20089697700563577,-0.02152987781425648,-0.11450692112537844,-0.03779153033541038,-0.24681052514311447,-0.02743333108154022,0.02805132360323563,0.009296132790531453,-0.34567280362161346,-0.04964125264299953,-0.42733320171207756,-0.04551706383810304,K01_si_frac_adm,-0.5616641240661859,sharpness_c2,-0.42733320171207756
758,0.00728959575878065,48.56269073486328,material,0.5010219859625364,0.4988247024425959,0.5001474483489317,0.002350595114808174,-0.5727930252081326,-0.06742066530468056,-0.22455512866413224,-0.026796819181111,1.7545797291414331,0.10478264465975566,-0.5707028470168296,-0.06713251135313152,-0.33683289459008836,-0.026949546314957697,-0.4753150270827171,-0.04635506734233804,-0.7091439394049377,-0.07464287038768276,-0.49993178180377473,-0.06222743115172892,-0.43348946069440075,-0.03686059468020387,-0.19663026535487968,-0.01603387657193395,-0.6551627989961184,-0.048178294037628376,0.27077499556826656,0.04148632475905808,-0.584730594899929,-0.0528102103870314,-0.8645966080755125,-0.06095427468632859,frac_pore,1.7545797291414331,sharpness_c2,-0.8645966080755125
759,0.005301524188204109,40.92775344848633,rare,,,,,,,,,,,,,,,,,,,,,,,,,,,,,,,,,,,,
760,0.0033134526176275677,30.078439712524414,rare,,,,,,,,,,,,,,,,,,,,,,,,,,,,,,,,,,,,
761,0.005301524188204109,46.99927520751953,rare,,,,,,,,,,,,,,,,,,,,,,,,,,,,,,,,,,,,
762,0.00728959575878065,53.60600280761719,material,0.49530315969257044,0.5043026005866853,0.5001280240155395,0.009393680614859123,-0.632781394318316,-0.06103993287161968,0.5393816670271957,0.04701842499103352,0.21038440209764006,0.032616138278833966,-0.6332392302848602,-0.06107558157884839,-0.3368329030971517,-0.029814417850313527,-0.35386700973842955,-0.02020394683182498,-0.26588176922749074,-0.00799408267927454,-0.22353267129883148,-0.028454509415095294,-0.09566998347918802,-0.03542208094015228,-0.1018468931165097,-0.031675175879248105,-0.09828247961450536,-0.03474410710754847,0.48922508035381673,0.027494700867198272,-0.35648701668352567,-0.03669888732520159,0.1296336268260987,0.0011902820360628686,K01_si_frac_adm,-0.6332392302848602,sharpness_c0,0.48922508035381673
763,0.009940357852882704,60.301719665527344,imaging,0.49931909711519507,0.49709547365936607,0.5026055094472894,0.005809052681267857,-0.04118116457963113,0.0063763257874806635,0.0027253184494128307,-0.009976347455239109,0.143955816240706,0.02944437077328331,-0.041897851121245375,0.006330158031409845,-0.33683290309715164,-0.034863871151342034,0.5507759923999247,0.02552027327490766,0.029140500638987255,-0.0022707653792562723,0.6491356679201726,0.04764755985928388,-0.5641969034368882,-0.042327059833811784,-0.46525894061096074,-0.03520564246347239,-0.48490808818598735,-0.03740202109521858,-0.36232905960717715,-0.022644922420759196,-0.28610044015292374,-0.02461596630748452,-0.2190863206823759,-0.01694688209336538,K04_agglom_frac,-0.33683290309715164,p1_c2,0.6491356679201726
764,0.008614976805831677,55.75022888183594,mixed,0.5001680149975493,0.5034283526085344,0.4973688857496027,0.006856705217068715,0.39335558800619963,0.03588454090823866,-0.42959182931778506,-0.03534973201272808,-0.04669487395825019,0.008149087594369565,0.39244877291714764,0.03586816654883698,-0.07992225611475932,-0.010200085360145437,0.28453267065658333,-0.010593593888720023,-0.08685962656421899,-0.02721313424723668,0.4143312189804963,0.01881132095860544,0.18515178081437017,0.028878459060603816,0.11571959372646975,0.024284036508299297,0.24640585177495128,0.03615401041452655,-0.013384633588722763,0.010487918585511092,0.3254234167751112,0.015874447944837274,-0.14306362728219282,-0.013328607662792213,frac_graphite,-0.42959182931778506,p1_c2,0.4143312189804963
765,0.009940357852882704,61.79864501953125,material,0.5012683237408981,0.49526388801919,0.5025860851138972,0.009472223961619952,0.58246925067646,-0.02192183597344489,-0.7048404803584246,0.009168530366692611,0.14767258299340544,0.027140496700386253,0.5983851188798318,-0.021598112971362673,0.9800690255088012,0.06224581780583361,-0.23042643389233652,0.008243997270211098,-0.35159446900154695,-0.00385601167814964,-0.22257159417582945,-0.027365483826754165,-0.33887632526862543,-0.04861972618231027,-0.4228750070401402,-0.0546279955236274,-0.39231865791920045,-0.0579952022715267,-0.17020274335824526,-0.011779690345857923,-0.5165467629305105,-0.06847504628517735,-0.5534639256800238,-0.07145170261724541,K04_agglom_frac,0.9800690255088012,sharpness_c2,-0.5534639256800238
766,0.004638833664678595,33.33968734741211,rare,,,,,,,,,,,,,,,,,,,,,,,,,,,,,,,,,,,,
767,0.0026507620941020544,29.559324264526367,rare,,,,,,,,,,,,,,,,,,,,,,,,,,,,,,,,,,,,
768,0.0019880715705765406,21.41217803955078,rare,,,,,,,,,,,,,,,,,,,,,,,,,,,,,,,,,,,,
769,0.0006626905235255136,10.31721305847168,rare,,,,,,,,,,,,,,,,,,,,,,,,,,,,,,,,,,,,
770,0.01126573889993373,71.64012145996094,mixed,0.4984651261502079,0.4998843969615668,0.5011575136853258,0.0030697476995842354,-0.1985662370826993,-0.015227778275952506,0.09958180302910859,0.001304253431059066,0.34966040298984946,0.04213366211930604,-0.19921406088076177,-0.015285722208770447,-0.33683290435195196,-0.03714108944052332,-0.45555021808764007,-0.030336968916060213,-0.38453884009078143,-0.033697936018582196,-0.45761197536056236,-0.045264683969608456,0.19770068103704333,-0.007601019503769831,0.2216175768272638,0.002187999185741792,0.13828455475501722,-0.01701245735118005,-0.21238416454044606,-0.011022572929524188,-0.11915912040795847,-0.010623089375088738,0.005124004621354945,-0.004810021941528967,frac_pore,0.34966040298984946,p1_c2,-0.45761197536056236
771,0.005964214711729622,43.52734375,rare,,,,,,,,,,,,,,,,,,,,,,,,,,,,,,,,,,,,
772,0.011928429423459244,65.45252990722656,imaging,0.5017938443347364,0.501264408232863,0.49781917711460355,0.004361645770792899,-0.18331227326418711,-0.01951041204185717,0.3712408718572588,0.05679384071865199,-0.5908710203058515,-0.08062106227830299,-0.18396677127762812,-0.01959450791370532,-0.336832875707464,-0.03714108944052332,0.5857657449257162,0.04018393513465092,0.35756260785568206,0.06280676531228878,0.6149672155965065,0.05964291700918116,-0.1700090212361085,0.011357601053713185,-0.1635853264353682,0.014717056809603182,0.0002786677529628065,0.028873780266099564,0.07005245543735547,0.01576079862938383,0.11744072090840958,0.03551543261674576,0.30171919859807694,0.0443136747156971,frac_pore,-0.5908710203058515,p1_c2,0.6149672155965065
773,0.005301524188204109,40.16849899291992,rare,,,,,,,,,,,,,,,,,,,,,,,,,,,,,,,,,,,,
774,0.0006626905235255136,11.027851104736328,rare,,,,,,,,,,,,,,,,,,,,,,,,,,,,,,,,,,,,
775,0.0066269052352551355,46.06548309326172,imaging,0.49573014517506403,0.4992822978030606,0.5035105067985167,0.00853970964987194,-0.7268579959316089,-0.0733370205280866,0.5964133052520483,0.05588689345480401,0.41849673738786614,0.045875482378006,-0.7272746693093356,-0.07335578310602552,-0.33683288659224875,-0.026949546314957697,0.37833610597964784,0.009684282485364041,-0.2037354991104479,-0.006030046169246132,0.49052005424680045,0.014238408317175655,-0.7425460380353053,-0.0634001195284635,-0.3970308210267658,-0.024292706179137157,-0.7101750571702706,-0.06377156256409153,0.29256629449084554,0.027233759124514416,-0.4404444054579977,-0.038760547523991204,-0.38904493118938877,-0.04120048653816894,K01_si_frac_adm,-0.7272746693093356,noise_sigma_c0,-0.7425460380353053
776,0.0033134526176275677,27.189708709716797,rare,,,,,,,,,,,,,,,,,,,,,,,,,,,,,,,,,,,,
777,0.003976143141153081,33.202239990234375,rare,,,,,,,,,,,,,,,,,,,,,,,,,,,,,,,,,,,,
778,0.0033134526176275677,24.462364196777344,rare,,,,,,,,,,,,,,,,,,,,,,,,,,,,,,,,,,,,
779,0.005964214711729622,44.17869186401367,rare,,,,,,,,,,,,,,,,,,,,,,,,,,,,,,,,,,,,
780,0.005964214711729622,39.913795471191406,rare,,,,,,,,,,,,,,,,,,,,,,,,,,,,,,,,,,,,
781,0.005301524188204109,40.017059326171875,rare,,,,,,,,,,,,,,,,,,,,,,,,,,,,,,,,,,,,
782,0.005964214711729622,41.35997772216797,rare,,,,,,,,,,,,,,,,,,,,,,,,,,,,,,,,,,,,
783,0.011928429423459244,66.71392822265625,material,0.496139444868342,0.4994340267910041,0.5031131908882218,0.007721110263316011,0.2466897183859813,0.002498659257969191,-0.20469583841074404,-0.001333101687940644,-0.07124706450758173,0.003565140668990965,0.24584707593996302,0.0024564998554207074,1.0711013377463292,0.09155883263033204,0.06222967921717622,0.016227740524134972,0.1629464970516499,0.01951763423822989,0.035972003690384544,0.012518267687617534,-0.3132956554861947,-0.03527039475483169,-0.20090462781250887,-0.02366504428743159,-0.3499548398236181,-0.04304838848011283,-0.12350732477611065,-0.022590361651427547,-0.13446303814518692,-0.02487743769912377,-0.28864215552095335,-0.03424554054537313,K04_agglom_frac,1.0711013377463292,noise_sigma_c2,-0.3499548398236181
784,0.0066269052352551355,47.807132720947266,imaging,0.4976452634929938,0.5047324993858588,0.49817587850962386,0.009464998771717692,0.5013653202250269,0.056233314216721966,-0.30940494549220654,-0.03878182237966444,-0.34411491604011823,-0.022409241675863802,0.5004112462449745,0.05619581338070375,0.17884527255481694,0.027772925669539823,0.2314631667240235,0.0030297608759875722,-0.39881193169252493,-0.02953287930983885,0.4235916408546358,0.03033557770470754,0.04430617256815078,-0.002211884339857062,-0.05478653483614912,-0.007440839846646356,0.1113164203281691,0.007283758708083887,-0.4839536769415688,-0.044437337109287225,-0.16452297385751477,-0.01884769887186235,0.5141280197785821,0.04684556665774661,frac_si,0.5013653202250269,sharpness_c2,0.5141280197785821
785,0.008614976805831677,59.319969177246094,mixed,0.49636809685748784,0.5015847249851884,0.5013764788981105,0.007263806285024321,0.4088744632760401,0.030529796112464248,-0.28408497118429593,-0.012108976912395842,-0.2801415306799024,-0.027451499945525554,0.4079608579984918,0.03048034596914576,-0.1073599902271964,-0.008198886577009495,0.4825261603310436,0.031148593279526404,0.35636130642147035,0.04387397116891666,0.473987192316126,0.038585355980979445,-0.3694206903626095,-0.027664058152012592,-0.35493206407119526,-0.03096791583871687,-0.3726122061892559,-0.029384825760983974,-0.4690640289669044,-0.03448055341904844,-0.03972491083738182,-0.004643696714374662,0.06666408765441907,0.01123144938144471,frac_si,0.4088744632760401,p1_c0,0.4825261603310436
786,0.005964214711729622,46.83259582519531,rare,,,,,,,,,,,,,,,,,,,,,,,,,,,,,,,,,,,,
787,0.00728959575878065,50.76774978637695,material,0.49530315969257044,0.5006586964794058,0.5027997527812114,0.009393680614859123,-0.48725850577231766,-0.03881705361987532,0.5950185196632436,0.052934235081194395,-0.3311722177974768,-0.009854152850683038,-0.4877800142360347,-0.0389065904833109,-0.3368328880395482,-0.029814417850313527,0.4071614332504274,0.02034933028812456,-0.15081360069771027,-0.008912136370950098,0.5816904463120923,0.044108608168298376,-0.24991515157237904,-0.03812547895974208,-0.2997223862494658,-0.03088451062042908,-0.1387567832974466,-0.02790637014332874,0.10019819110819995,0.01637497295635365,-0.27242361802080106,-0.030910037741964762,0.12437032419578771,-0.0007180895428094964,frac_graphite,0.5950185196632436,p1_c2,0.5816904463120923
788,0.003976143141153081,29.18126678466797,rare,,,,,,,,,,,,,,,,,,,,,,,,,,,,,,,,,,,,
789,0.007952286282306162,53.61661148071289,material,0.5005861575854349,0.4984104582215437,0.5007557831538053,0.003179083556912654,-0.12440651750384915,-0.020523690975218053,-0.09051954545815498,-0.0029310708283385566,0.7291622067269468,0.05521179455572049,-0.12508678938763013,-0.020575290638369718,-0.28385661475901924,-0.006066940474468307,-0.5001944718297214,-0.03042171950233473,-0.5752385842463381,-0.03771406609450729,-0.43993604320041163,-0.04668155697340509,0.21994427446378362,-0.003089452274939547,0.31456716976350074,0.01781717471479833,0.19554774723396848,0.005537909483561959,-0.23569706005176808,-0.0008070267879326565,-0.0242853800155899,0.012577799992230502,-0.1656170990303002,-0.019172986982697003,frac_pore,0.7291622067269468,p1_c1,-0.5752385842463381
790,0.011928429423459244,72.44827270507812,mixed,0.49612933870307585,0.5048649612007302,0.49913826593678257,0.009729922401460422,-0.023446707018894813,-0.011740203182786188,0.11464164034738474,0.020722306658246006,-0.2415576096274459,-0.022134603109096006,-0.02417115317397814,-0.011782213968668508,0.01943557903602443,0.006636195219014605,0.08567355297163574,0.016792655958713616,0.2508478308240686,0.010047433135697737,0.06558916914312235,0.018807106027463435,0.2606478750570786,0.013613476280296553,0.1399488829446191,0.006905856463247612,0.3635634420708852,0.026277426059598947,0.02757899931038242,0.018867639159733395,0.1298597555321015,0.006959603595390766,0.4544500208302924,0.06978210800537354,frac_pore,-0.2415576096274459,sharpness_c2,0.4544500208302924
791,0.00927766732935719,56.77458572387695,imaging,0.4978271744677841,0.49752416826022244,0.5033339219494968,0.006667843898993553,-0.20312681333438704,-0.0032084919369341322,-0.13606356471490139,-0.02065337182997228,0.566356440292601,0.026594622719562783,-0.18677855874282817,-0.0022983056158055112,-0.3368328811381461,-0.03367006446576788,0.7696404815839878,0.051595188079238984,-0.32278491175212887,-0.022456067391580053,0.8509138408926382,0.05163013540590254,-1.0916494406604105,-0.07144209775707396,-0.9704459491959404,-0.05565605651320361,-1.1156299539807124,-0.06659692419258008,-0.4763128797035505,-0.04108287022821125,-0.8527202678815456,-0.06954732606328376,-0.4934086840146574,-0.03011537782758886,frac_pore,0.566356440292601,noise_sigma_c2,-1.1156299539807124
792,0.003976143141153081,35.72856903076172,rare,,,,,,,,,,,,,,,,,,,,,,,,,,,,,,,,,,,,
793,0.009940357852882704,58.36542892456055,material,0.5031821787881696,0.5025059366977028,0.49593854847254104,0.008122903054917918,-0.7781317152820136,-0.11048631102438225,0.938470952607009,0.12677854539338204,-0.5280826844823242,-0.04891746314160752,-0.7785259542023932,-0.11051696050427805,-0.3368328686767044,-0.03367006446576788,-0.15853558130926693,0.004528738761224154,0.5468130760923271,0.04058695731613314,-0.2664511062169532,-0.0009393402067269265,0.06287930515815941,-0.006921467558466442,0.2426081188379126,0.012446853540595451,0.010282459145015556,-0.01061379085563315,0.7880314365593903,0.09932004376955647,0.14886198852845328,-0.008274065425236992,0.09048438571036921,-0.0005355841256236933,frac_graphite,0.938470952607009,sharpness_c0,0.7880314365593903
794,0.013253810470510271,77.56209564208984,mixed,0.4972233310931334,0.498550145226317,0.5030037082818295,0.006007416563658996,0.09584469640225382,0.016365860124415113,0.04856480340934102,0.009060347130675384,-0.4278431639028575,-0.038473394200084776,0.09506805523365139,0.016232445738333497,-0.0639440622326601,-0.020906768106807198,0.07486494374720284,0.036105524689940716,0.12666350433505857,0.01892855094784274,-0.01197385568050442,0.018938796360270443,0.18648857138752808,-0.009764406801145886,0.1050938993539897,-0.008464679133286645,0.1960669861546013,-0.007912224355679004,-0.29107912791575313,-0.025434869864035436,0.42269958646796996,0.01291455382913092,0.2094465102879307,0.008680195559055779,frac_pore,-0.4278431639028575,sharpness_c1,0.42269958646796996
795,0.005301524188204109,43.594703674316406,rare,,,,,,,,,,,,,,,,,,,,,,,,,,,,,,,,,,,,
796,0.015241882041086813,84.32228088378906,material,0.4958653151354984,0.5045350108618688,0.4995647183471658,0.009070021723737609,0.34575284439514387,0.019552992724173792,-0.5896587066227933,-0.054942035215895,0.6745173035613751,0.07103297916215043,0.3501329072982715,0.0201252525455502,0.04673329142156175,-0.008033504219385304,-0.1132076555830461,-0.032686407619766336,-0.4062972106853794,-0.06391454401629819,-0.025845070356924942,-0.017617607924491626,-0.23074724025641452,-0.03003682341218673,-0.12960247879888054,-0.008741982550960115,-0.23294072260637572,-0.026931025080256205,-0.22796008479937802,-0.029888858090187195,-0.275943970799431,-0.030699704948766032,-0.37729685045690886,-0.042876330487911965,frac_pore,0.6745173035613751,p1_c1,-0.4062972106853794
797,0.00927766732935719,64.29338836669922,mixed,0.4997372397030808,0.49753380184675855,0.5019918770969451,0.0049323963064829,-0.448969523408611,-0.05220367952924088,0.43868911231497126,0.04517495209465003,-0.012888076675758253,-0.0013048114631205772,-0.44950778497343236,-0.0522593383433898,-0.3368328983916506,-0.03367006446576788,0.40605899233390386,0.02007572277111025,-0.00045941018343211015,0.007887869635212059,0.38100759658820965,0.03612456727960236,-0.24967454722414753,-0.024800675495198144,-0.46070544027104066,-0.05465775564999475,-0.21431546415012545,-0.02360180591640086,0.06210238892243966,0.026979486192754854,-0.158186414485751,-0.022085816160467297,-0.0027254091876264333,-0.005140842503696131,K01_si_frac_adm,-0.44950778497343236,noise_sigma_c1,-0.46070544027104066
798,0.011928429423459244,69.98428344726562,imaging,0.4999166241365545,0.5031188736410622,0.4977714992053682,0.006237747282124451,-0.6592393006865188,-0.08781520838360381,0.4223825495637566,0.04056828799559953,0.767042437979967,0.07797838903564604,-0.6596855601660533,-0.08782926747639065,-0.33683290162577284,-0.03367006446576788,-0.276871350029505,-0.039166944554258544,-0.323662666773828,-0.039378822800883215,-0.18466919854342975,-0.03319697876187581,0.009752758694462165,-0.006469602103297381,-0.007752527142381329,-0.0009816744681488535,-0.024468008600528855,-0.0031723808307411285,0.9776272604548691,0.07370793299779939,-0.25989646988834775,-0.018308141542959164,-0.09146178751477957,0.0021824604307776377,frac_pore,0.767042437979967,sharpness_c0,0.9776272604548691
799,0.003976143141153081,33.27523422241211,rare,,,,,,,,,,,,,,,,,,,,,,,,,,,,,,,,,,,,
800,0.009940357852882704,60.50181579589844,material,0.501248111410366,0.5007490113531817,0.4985784919653893,0.002843016069221438,0.7295213927035245,0.06841838468506829,-0.6272644706066328,-0.05222710792341773,-0.21546885191279486,-0.031346312759077684,0.728467490640529,0.0683418312193335,0.5616920193252846,0.03267169425480319,-0.2411258212156535,-0.007832916267613106,0.20668971533174557,0.02295785652728735,-0.11865703311420996,0.018862255643549274,0.5777451115688546,0.03199470875283914,0.397830686212886,0.012460176073774957,0.6072283694626431,0.047114269728461944,-0.29009177814711684,-0.02858940420668557,0.4251843792270893,0.02563095838526409,-0.006741991877677361,-0.002032250307274648,frac_si,0.7295213927035245,noise_sigma_c2,0.6072283694626431
801,0.010603048376408217,72.84322357177734,material,0.4950884036806653,0.4985019772936366,0.504531167225852,0.009823192638669376,0.16029309408782771,0.03519101844098979,0.01896922173270742,-0.013695996820049244,-0.6197718254035032,-0.05594690261807188,0.15990137743294214,0.03536746332488295,-0.3368328867847479,-0.036019696756253675,0.5236093476141093,0.044559823729824116,0.37484477196461197,0.037581796905312624,0.45338836296188256,0.03868551323721374,-0.38788710445688546,-0.03449338013074017,-0.3853639306916115,-0.02748581234620624,-0.3155709267622032,-0.030120820659459976,-0.5894917476821171,-0.0655398277465291,-0.33636647614364945,-0.02254946317509599,-0.11270182137805335,-0.011558772160641008,frac_pore,-0.6197718254035032,sharpness_c0,-0.5894917476821171
802,0.01126573889993373,61.099021911621094,material,0.49656643035083553,0.49985067940869043,0.5025092707045735,0.006867139298328939,-0.23865799015610542,-0.053105751422159765,0.12345775689630901,0.02873482577857036,0.5152752436535197,0.059759892193466335,-0.23928827208172473,-0.05319237112223985,0.11809313965775749,-0.008367030459935679,-0.4737729665842421,-0.03866009451174214,-0.33591506763483686,-0.010657748584300582,-0.4529169104675124,-0.054503788451741794,-0.017699827510398166,-0.022351487925196332,0.09294487535057586,-0.006881343502637097,-0.1789698970201192,-0.04243640191090722,-0.20349994715431372,-0.010345221826943569,-0.2802045216369948,-0.0387649491730998,-0.13679094736231445,-0.01910459271041153,frac_pore,0.5152752436535197,p1_c0,-0.4737729665842421
803,0.005301524188204109,46.4857177734375,rare,,,,,,,,,,,,,,,,,,,,,,,,,,,,,,,,,,,,
804,0.00728959575878065,54.77696990966797,mixed,0.5010144063385868,0.4952048823016565,0.5028068161751722,0.009590235396687019,-0.4102727943860866,-0.026430375913531774,0.36035767169514443,0.025995132407838153,0.12718875568061574,0.013354006244742023,-0.41082798740809895,-0.02650214763261552,-0.33683288552994745,-0.029814417850313527,0.20922354068361104,0.009826301703966332,0.076740065687773,0.004883422113528541,0.16403154194483766,0.016149128604059586,-0.18528351160721426,-0.019111980515188295,-0.16468320665559488,-0.002699392368631998,-0.11290879051022175,-0.011117476214887435,-0.22988426535832931,-0.005151904052105523,-0.09819842198662344,-0.00470155300963686,-0.0907108243819027,-0.007214504953013812,K01_si_frac_adm,-0.41082798740809895,sharpness_c0,-0.22988426535832931
805,0.013916500994035786,70.15252685546875,material,0.5024835901141491,0.5017749883192764,0.4969627405968568,0.0060745188062864,-0.5110379316377494,-0.08323542141583971,0.7130376914793461,0.11430401884210285,-0.6653481884945768,-0.08736894227196432,-0.51154903552259,-0.0833006284626322,-0.33683287655452954,-0.03929228768412859,0.010588898026284474,-0.008216698834337104,0.45488198890151765,0.044725423710569256,-0.06302928050796155,0.004182299746978405,0.2528371108763578,0.03736381866587921,0.13514411731379528,0.02006265750946887,0.22284635486887422,0.035926810580772454,0.7096231093130768,0.09915228197570634,0.21035459802091405,0.03131569654711269,0.4242427832081694,0.06479864767061828,frac_graphite,0.7130376914793461,sharpness_c0,0.7096231093130768
806,0.00728959575878065,47.511417388916016,material,0.49910813091526485,0.5024926905162157,0.49879569132968393,0.004985381032431402,-0.48536959904695604,-0.06472831660738237,0.16885078622980773,0.020132847504477684,0.962432394058327,0.07871082532254711,-0.48589193403796843,-0.06476408381847079,-0.3368329106259561,-0.029814417850313527,-0.36298354758802304,-0.030727475319924348,-0.6573937281423781,-0.04743139427140119,-0.2767492992119507,-0.03322834885755274,-0.26004328558097856,-0.033278975981387786,-0.1866769244747315,-0.022877882731739744,-0.2927822523871304,-0.03107306052926507,0.12222900649843181,0.0172071997821298,-0.6314979274382039,-0.05431123831621737,-0.07679790886134655,-0.0024831465995226146,frac_pore,0.962432394058327,p1_c1,-0.6573937281423781
807,0.0,0.0,rare,,,,,,,,,,,,,,,,,,,,,,,,,,,,,,,,,,,,
808,0.004638833664678595,34.293209075927734,rare,,,,,,,,,,,,,,,,,,,,,,,,,,,,,,,,,,,,
809,0.005301524188204109,34.20594024658203,rare,,,,,,,,,,,,,,,,,,,,,,,,,,,,,,,,,,,,
810,0.0066269052352551355,47.667388916015625,material,0.49762757770377813,0.5010837784853112,0.5008634999117078,0.004744844592443731,0.8234999882798437,0.05766698866206865,-0.6572431438800882,-0.044805453299733344,-0.32672515553224657,-0.009983526527403894,0.8224049665571049,0.05759198713357329,-0.024377885435051178,0.027034119659122526,0.10244451425993964,0.005362867294820215,-0.09279059707643432,0.005905209013590158,0.11355304552821158,0.020237539295201796,-0.16920566740499327,0.0024733631788694545,-0.19059568211502648,-0.002251297513967689,-0.11658088964817834,0.0020138244305785173,-0.7181343093851825,-0.060168760901932114,-0.13776852121569247,0.013316583963714433,0.004862810825803851,0.006254890918372869,frac_si,0.8234999882798437,sharpness_c0,-0.7181343093851825
811,0.011928429423459244,63.58891296386719,material,0.49992925684313716,0.4994412519809062,0.5004591206074519,0.0011174960381875598,-0.5851764693556478,-0.05642541143452073,0.6896242803879116,0.08268558553257,-0.3568610770796827,-0.043146357026276554,-0.5856551345103298,-0.05649498357633757,-0.2733555364899514,-0.01620155258643499,-0.12325894516328166,-0.01230095995765342,0.4270167296067444,0.034772421142452416,-0.19625746330229513,-0.019225727903503746,0.3483837521495028,0.02914730750723661,0.41173337137453764,0.042891307193427694,0.32844510354905837,0.029769095313216747,0.6623752717645899,0.058190909370665386,0.5713826842340116,0.05219539263660262,0.3968528771778521,0.04448286489324517,frac_graphite,0.6896242803879116,sharpness_c0,0.6623752717645899
812,0.0,0.0,rare,,,,,,,,,,,,,,,,,,,,,,,,,,,,,,,,,,,,
813,0.008614976805831677,66.92152404785156,material,0.5039906720094594,0.49614295279060916,0.5000388486667843,0.007981344018918701,0.7873629719742974,0.04993252068325653,-1.1069209743180866,-0.07160274055528286,1.0037351666213246,0.07770015513721368,0.7862837617214765,0.04991601538020585,1.1268671996526178,0.08569699538068555,-0.2685821334725344,-0.03659464204097108,-0.5221052157428697,-0.04874806488314704,-0.20431329627021855,-0.039441293876687815,0.0818410643352071,0.003398882607653589,-0.002671280816818663,-0.012372151725928015,0.0236074738152411,-0.007259123013838451,-0.3273478031187122,-0.037601539207032526,-0.05108485485308248,-0.006744182121496222,0.05727679332823729,-0.0025844894840696036,K04_agglom_frac,1.1268671996526178,p1_c1,-0.5221052157428697
814,0.011928429423459244,63.230831146240234,material,0.4999039914299719,0.5067194266089294,0.49514038495497087,0.01343885321785887,0.07313262904621134,0.023793054503978853,0.18520878997264034,0.024361808634163592,-0.8702501361837617,-0.11890598625272217,0.07236592528858961,0.023736947157370913,-0.02433428676907688,0.001081567964052966,0.273202018322672,0.028900312836228684,0.6795297711464209,0.07564818118323613,0.3629354815617433,0.03104380040990291,0.2610815401661891,0.05593505276680581,0.1646961884538826,0.03348689624650801,0.306045643462591,0.05782307395282597,0.2770511886388058,0.01772418470951854,0.5081298498411763,0.05948483350457887,0.8077047233443614,0.08916792226321547,frac_pore,-0.8702501361837617,sharpness_c2,0.8077047233443614
815,0.02054340622929092,100.22882843017578,material,0.5039704596789272,0.504645797107034,0.49381864736005643,0.012362705279887143,0.008264768198989792,-0.003951099184760752,-0.48792939704976307,-0.06825045451712061,1.2225032764679966,0.1374438655963319,0.02268576551246354,-0.003774509130917557,0.33309304960778824,0.020640634833509603,-0.4345034138226037,-0.06914634455384322,-0.6195092303112216,-0.09480958026529471,-0.319440694623968,-0.05989289382081185,0.22131698822496698,0.008182887812026031,0.24265900183024264,0.012995283972586985,0.1891140546723596,0.006062393563828278,0.054772218053688274,0.012156326301945287,-0.1338921940894446,-0.02661486308797307,-0.035865718568839675,-0.01765370103048739,frac_pore,1.2225032764679966,p1_c1,-0.6195092303112216
816,0.005964214711729622,45.740882873535156,rare,,,,,,,,,,,,,,,,,,,,,,,,,,,,,,,,,,,,
817,0.0066269052352551355,41.15723419189453,material,0.49763010424509463,0.5010958204684813,0.5008529048207665,0.004739791509810742,-0.5102278829120501,-0.050024750872432286,0.6759134822896933,0.06818832805178901,-0.49056486015190626,-0.03321413303649649,-0.5107393413362002,-0.050062102322014024,-0.3368328924332646,-0.026949546314957697,0.5731818018188128,0.0397004004895717,0.2982783115512951,0.032035309310368826,0.5667048538044459,0.026157132967295854,-0.5223124440654674,-0.029122460414459664,-0.5026981896329559,-0.028402014369722485,-0.5106558618759768,-0.028893163178858487,0.1931964557552769,0.01727845307898081,-0.347596894157375,-0.02000382698598065,0.11416734574692071,0.01831564584597682,frac_graphite,0.6759134822896933,p1_c0,0.5731818018188128
818,0.013916500994035786,84.34297180175781,material,0.5024810635728326,0.4999530362656365,0.498300370828183,0.0049621271456652405,1.1070682529205542,0.10534867486927983,-0.881571324656371,-0.07940422044842703,-0.495460956150398,-0.06317840988433406,1.1058491578254481,0.10521918950603501,0.4198232307898316,0.030969780914883602,-0.3567322224758873,-0.022024719139594404,-0.22565380767991433,-0.02075750004604079,-0.3218219968548043,-0.01729332994870576,0.6665925519569577,0.0628552277876299,0.5577074972239577,0.03067411470143423,0.6669524184065917,0.05425489163594979,-0.3166386260031485,-0.042365279278564545,0.5749764799478593,0.04065162331663205,0.10225071516804969,0.0013864064502345727,frac_si,1.1070682529205542,noise_sigma_c2,0.6669524184065917
819,0.003976143141153081,33.52726364135742,rare,,,,,,,,,,,,,,,,,,,,,,,,,,,,,,,,,,,,
820,0.005964214711729622,38.839683532714844,rare,,,,,,,,,,,,,,,,,,,,,,,,,,,,,,,,,,,,
821,0.013253810470510271,75.42021179199219,material,0.512481114103659,0.4930758596771785,0.49635352286773793,0.024962228207318082,0.625411900993934,0.07752207310833123,-0.7702995644968639,-0.07326679214672452,0.30561107157009293,-0.011618998758136889,0.6244035513165604,0.07738904644570445,-0.02783707715825647,-0.02079143053685524,-0.07375396652230323,0.0011681823528582073,-0.5007646802629657,-0.027935192635377314,-0.06153572350388334,-0.00862681490289825,0.3897694796537371,0.04537787911967055,0.05419874774611707,0.0022533490560477073,0.4980814094978743,0.05375417602728007,0.1364602651866152,-0.0060491462093846945,0.16925983478431236,0.02387775310949485,-0.034355888801781094,-0.0018839175127258467,frac_graphite,-0.7702995644968639,p1_c1,-0.5007646802629657
822,0.013253810470510271,70.97865295410156,mixed,0.5048155877493065,0.4985910879690954,0.4976673141444464,0.00963117549861292,-0.018069714092272544,0.01804018633417566,-0.12053358181763359,-0.01701913444371228,0.33349040392498863,0.002124434665720653,-0.018796512902348943,0.01793357117744484,-0.1579822893117283,-0.019949024186424146,-0.24409706514447785,0.0017286022354282725,-0.257920613646032,-0.026798418719287113,-0.25364463480289384,-0.036825199423303326,0.2200645113980414,0.017809530608993533,0.1661059455387077,-0.0009198411716011942,0.18103640244923547,0.017322873206295726,0.023285246695375815,0.019978146997148647,0.07949388712452088,-0.004096293059816791,-0.09212162236567165,-0.010044116224462024,frac_pore,0.33349040392498863,p1_c1,-0.257920613646032
823,0.0033134526176275677,28.443981170654297,rare,,,,,,,,,,,,,,,,,,,,,,,,,,,,,,,,,,,,
824,0.010603048376408217,64.72830200195312,material,0.49886052986624485,0.5021121638480397,0.499247748543175,0.0042243276960793885,-0.22475044017737628,-0.013506574554824157,-0.08404832937363593,-0.02505866385345677,1.1715813199768967,0.0703886046332834,-0.22538680724197566,-0.013566065395010292,-0.3368328890481687,-0.034863871151342034,-0.008653513483779997,-0.01343725299638907,-0.49442374257194227,-0.04652164604830366,0.0648992233970335,-0.004766564282091705,-0.16887742354964003,-0.03052494217235549,-0.046417736349417066,-0.002834067033547349,-0.08991569640526527,-0.01611729953402625,-0.23200614373538034,-0.012897851510844004,-0.2708556033396222,-0.022438398173128375,-0.17049039813078326,-0.019684608182832342,frac_pore,1.1715813199768967,p1_c1,-0.49442374257194227
825,0.005301524188204109,36.35136413574219,rare,,,,,,,,,,,,,,,,,,,,,,,,,,,,,,,,,,,,
826,0.011928429423459244,67.57038879394531,mixed,0.5018292159131678,0.4994388435842722,0.499132968391312,0.0036584318263355176,0.040755509050976566,0.018742767442790662,-0.06923984194476565,-0.009259429903791406,0.06760396922915975,0.008946587571006418,0.040002971756556024,0.01860250846919457,-0.3368328709428942,-0.0382310813155339,0.020567168298330676,0.0016833125351318375,-0.08488207833327031,0.005505313351756194,0.07166695329810323,0.011040389217142944,0.04514375538384324,0.0013347080681079385,0.14145276284749714,0.007991867969537528,0.10253356872548464,0.014740494570751992,-0.29364722267758314,-0.016502301047472127,0.17293465689256698,0.015303297989019478,0.12591361049604738,0.03653939534332239,K04_agglom_frac,-0.3368328709428942,sharpness_c0,-0.29364722267758314
827,0.009940357852882704,64.01675415039062,imaging,0.5012253725385172,0.49890297533320166,0.4999479074695391,0.0024507450770343553,-0.1502698465841293,-0.04100189666979975,0.3550623454193693,0.06738989961135683,-0.56650591893255,-0.055817246492947496,-0.15093880206358914,-0.04106325707534514,-0.3368328726682465,-0.034863871151342034,0.4653005693334502,0.02884594354596518,0.9522406656232759,0.06319267571680258,0.412836352407916,0.038908765493650854,-0.0651736227209369,-0.00039768422113040694,-0.29451940387944153,-0.013680707095939486,-0.039171884195847384,0.0014112840887644516,0.09775007478657742,0.04592942805528782,0.17533494679829748,0.008468913824309334,-0.12777727740972133,-0.005838775462407523,frac_pore,-0.56650591893255,p1_c1,0.9522406656232759
828,0.0026507620941020544,28.467731475830078,rare,,,,,,,,,,,,,,,,,,,,,,,,,,,,,,,,,,,,
829,0.005301524188204109,37.667518615722656,rare,,,,,,,,,,,,,,,,,,,,,,,,,,,,,,,,,,,,
830,0.0026507620941020544,28.701505661010742,rare,,,,,,,,,,,,,,,,,,,,,,,,,,,,,,,,,,,,
831,0.008614976805831677,51.801734924316406,mixed,0.49444918872758326,0.5052165871092978,0.500054741303196,0.01110162254483349,-0.40229685745916766,-0.030853414214854026,0.485838071166482,0.048607380087778936,-0.22436965132050135,-0.021621354153183996,-0.4028555403161917,-0.03090292965081258,-0.3368328828325412,-0.03115089719541056,-0.24031832763101763,-0.002031989166582958,0.024567196101960138,0.00587184604535642,-0.20984229952797026,0.007246201132085261,0.2489447413625619,0.0158154542006582,0.3553344590370431,0.025184727635468473,0.24196091463811775,0.023835638131438217,0.06771290351466155,0.022670565954236076,0.3042987044356159,0.021017835316038975,0.09944280750410747,0.01807173634907026,frac_graphite,0.485838071166482,noise_sigma_c1,0.3553344590370431
832,0.013916500994035786,72.57939147949219,mixed,0.4986609331022391,0.501738862369766,0.4996609570898818,0.0034777247395318955,-0.4075222663997927,-0.04806649363629188,0.2813903035794386,0.02905200403309938,0.3683970305397266,0.04196377741370953,-0.40807866295234624,-0.04810536657560873,-0.3368328820498033,-0.04032698302125703,-0.16185705269697415,-0.03095681215674385,-0.3935758741938785,-0.04311183783707158,-0.07027461061947494,-0.01856896027368915,-0.06785110575438283,-0.01839166869692004,0.03621428846287123,0.003269216339690518,-0.0650382302148847,-0.014650015817302452,-0.024677153423929017,0.012565591244593586,-0.1406689673703879,-0.0044724931817800425,-0.03704971340563278,0.0018855465067205192,K01_si_frac_adm,-0.40807866295234624,p1_c1,-0.3935758741938785
833,0.019218025182239893,109.91453552246094,mixed,0.5009183977685587,0.5000614141141676,0.4993130849373124,0.0018367955371174638,-0.06126601558103484,0.013195665695448888,0.14769178001491237,0.023360408232296324,-0.3013394429230981,-0.047122749348269016,-0.06197391411802541,0.013062201325764999,-0.2671746439076604,-0.032525227904295705,0.44106077710732466,0.03980785919374768,-0.012012069210374711,0.003814123398366111,0.4792868322610587,0.04469596212268177,-0.07192701940802755,0.004417743783148154,-0.13475357815084327,-0.009005764526400435,0.04121928109661281,0.019435320588883562,-0.21639310724805663,0.0039956639629438045,0.07946345207338304,-0.0015716292450111858,0.16893630449659455,0.024735853889946115,frac_pore,-0.3013394429230981,p1_c2,0.4792868322610587
834,0.003976143141153081,28.420759201049805,rare,,,,,,,,,,,,,,,,,,,,,,,,,,,,,,,,,,,,
835,0.009940357852882704,66.78207397460938,material,0.49737997665475825,0.49709306526273206,0.5039625640120078,0.00792512802401557,0.6739101138743583,0.06949684295801545,-0.4404857748838811,-0.050416605009581034,-0.3698856125740457,-0.03522309976446686,0.6728805441240739,0.06942020819033295,1.4290996995322018,0.104435879401,0.4280825952964387,0.042020850931024485,0.5884052901033219,0.05939330784482457,0.41856116271233773,0.0305029582623707,-0.28980150556799084,-0.013042902263737876,-0.15123826806020801,-0.0009313680308427656,-0.21103703302988872,-0.004931969264283952,-0.7058571244958762,-0.06962730821664782,0.29616070919253706,0.017876400619220603,-0.060115349281799985,0.004303848916591168,K04_agglom_frac,1.4290996995322018,sharpness_c0,-0.7058571244958762
836,0.0145791915175613,86.56491088867188,material,0.4944517152688998,0.4958214318399669,0.5069415504149744,0.013883100829948702,0.5599661951748058,0.06485101118844344,-0.4856212496062399,-0.044528182172193675,-0.09588999387583606,-0.008177312155772715,0.5589864808405867,0.06478755931773789,0.8184167998253432,0.05414865577546769,0.49476380594788,0.04253473762931906,0.25405426691452776,0.04635426421950133,0.5796474293073883,0.04669230214980587,-0.29019247024764006,-0.022457643980468314,-0.3578672714177515,-0.020589099137057358,-0.17016221856570485,-0.011073468766406282,-0.6216881968845681,-0.07459862677764974,0.05430912184495326,0.0051955140977306335,-0.1488498634468711,-0.02665477963200233,K04_agglom_frac,0.8184167998253432,sharpness_c0,-0.6216881968845681
837,0.010603048376408217,71.70932006835938,material,0.4969504646309481,0.49849956889700253,0.5032315027370652,0.006463005474130368,-0.6221336688084955,-0.07956936125144548,0.2921617282092066,0.023146119269457057,0.9308507055767552,0.07767499818218705,-0.6195657123750739,-0.0788018460673356,-0.3368328832117673,-0.034863871151342034,0.1539112784728871,0.013841320052415984,-0.21298932610905127,-0.015532057895805492,0.14180978848498849,-0.004739866751419225,-0.8674701916721705,-0.08465623674471345,-0.7347173125499449,-0.07447067833633189,-0.9072432287474133,-0.08928000144520101,0.04531899065161088,0.01826009421573118,-0.882786222633448,-0.08649499041748553,-0.6194251708884074,-0.05645517516091402,frac_pore,0.9308507055767552,noise_sigma_c2,-0.9072432287474133
838,0.01126573889993373,80.36013793945312,material,0.49843228111309296,0.5071119952602754,0.4958811583966096,0.014223990520550789,-0.5911387975933977,-0.08762252996284602,0.4868618829666878,0.05874908890226397,0.33254177158404463,0.05295458562174918,-0.5916148539980524,-0.08765132022685615,-0.3368328915990208,-0.036019696756253675,-0.248212391751198,-0.048549502895348165,-0.27897209839783893,-0.032485825155211846,-0.1648770441448854,-0.03361069263855025,-0.10929740909754693,-0.020768760482856703,0.11278376053850461,0.010929994989454647,-0.11612464738483208,-0.025204993719624612,0.21483377135325415,0.04585192803415798,-0.18476729492215357,-0.008751910775007962,-0.06283457267317244,0.0017720097831387628,K01_si_frac_adm,-0.5916148539980524,p1_c1,-0.27897209839783893
839,0.0026507620941020544,23.251934051513672,rare,,,,,,,,,,,,,,,,,,,,,,,,,,,,,,,,,,,,
840,0.054340622929092114,304.3172607421875,material,0.5421199702878741,0.4931794207324415,0.4755624227441285,0.08423994057574813,2.2540422717010475,0.30088792477344156,-2.07768957895362,-0.28876842038503137,-0.40958574559494165,-0.10244641402122892,2.253463511418684,0.30095081292345255,1.3702189462889773,0.2943939677913769,-0.13110479098324848,0.011636472146614762,-0.23821803139028447,-0.04992335156300959,-0.19481865013962946,-0.0060526140477564746,0.8944118991777803,0.19542383772451374,0.3997706924322905,0.0658581557461027,0.9132659562454947,0.1907327644422584,0.09057265796994553,0.017417764174937993,0.4109383197333446,0.083413304618099,0.09357523973421396,0.005477003544715768,frac_si,2.2540422717010475,noise_sigma_c2,0.9132659562454947
841,0.0066269052352551355,51.144256591796875,imaging,0.5014679205049041,0.4974519163612016,0.5008423097298252,0.005096167277596764,0.3112953633309998,0.03504492800637683,-0.00935869437351603,-0.007880299788110086,-0.7939682076214889,-0.06693293377943164,0.31042445315800427,0.034913613375676916,0.08338735570056308,-0.001233939944376817,0.47248550675394474,0.031024928114567606,0.8072478075333295,0.04208695763589686,0.37527270795963114,0.03629402797110843,-0.0341532824968417,-0.004917501959841307,-0.09311121475509762,-0.017365554706992428,-0.10627060778997213,-0.013749184574392405,-0.4837532625972611,-0.03439835882936985,0.10007973351110196,-0.0060515129658344664,-2.107627092326307e-06,-0.008688443308185701,frac_pore,-0.7939682076214889,p1_c1,0.8072478075333295
842,0.00728959575878065,44.42512512207031,imaging,0.4991283432457971,0.49883674442576603,0.5014621225498852,0.002924245099770406,0.000971635671806229,-0.008024224615448482,0.24946974370788208,0.04624966631064785,-0.8689713759397513,-0.08993204239131956,0.00023650554707398575,-0.00814924450772826,0.037528364921589785,-0.0025446857340656447,1.2522228481594841,0.06634139776231786,0.7105102086058146,0.06435749550436037,1.1581683382018853,0.06379454700283996,-0.3230991027411865,0.0009718556780329272,-0.3577263820688247,-0.00680567992440821,-0.21687545279447254,0.00571601314453752,0.3611489950360237,0.03866660886909285,0.15919366209542604,0.01735273044715217,-0.278676083664045,-0.026632953122320273,frac_pore,-0.8689713759397513,p1_c0,1.2522228481594841
843,0.0033134526176275677,25.36054801940918,rare,,,,,,,,,,,,,,,,,,,,,,,,,,,,,,,,,,,,
844,0.00728959575878065,48.11924362182617,imaging,0.4990980247499987,0.5006490628928697,0.5001545117428925,0.0018039505000025935,-0.4084011067654077,-0.03949877302280799,0.4743744126394649,0.0460857132060779,-0.1790312656054396,0.00035124688201400615,-0.4089571187060328,-0.03957047359954806,-0.33683286899721515,-0.028417121248368652,0.4212736403440846,-0.008219540830267952,-0.18818143600986745,-0.026057637460648073,0.4794573141670541,0.000630707051339493,-0.47705769357860744,-0.011766616467554796,-0.6383379529069548,0.0031643083286342515,-0.38673322818505007,-0.006115641772812717,-0.12066708218584099,0.015013526474450544,-0.366254147829762,-0.0006486543501086756,0.2300723772515318,0.03655104570906526,frac_graphite,0.4743744126394649,noise_sigma_c1,-0.6383379529069548
845,0.004638833664678595,35.172607421875,rare,,,,,,,,,,,,,,,,,,,,,,,,,,,,,,,,,,,,
846,0.013253810470510271,78.29948425292969,material,0.4990500204649847,0.5003853434614439,0.5003814232738831,0.001899959070030599,-0.5353207408471632,-0.05867551193377197,0.4701913057265631,0.052579223734131424,0.16338175917233094,0.023968151273181873,-0.5358212199881374,-0.05871541090241121,-0.3368328764326448,-0.04032698302125703,-0.1777111686221715,-0.026131056186510574,-0.06017724128867349,0.001318739143038453,-0.1504957611335035,-0.02073434491376269,-0.14150161093227057,-0.02052064050499577,-0.32403296167755735,-0.03627440813242745,-0.09168583919606535,-0.016139595644491456,-0.11140837229489195,0.006511173651605402,-0.5076143176668,-0.04171524583082454,-0.03294996917896172,-0.010941072880303373,K01_si_frac_adm,-0.5358212199881374,sharpness_c1,-0.5076143176668
847,0.0013253810470510272,15.671854972839355,rare,,,,,,,,,,,,,,,,,,,,,,,,,,,,,,,,,,,,
848,0.00927766732935719,64.48036193847656,mixed,0.5016700438102264,0.4993400993222772,0.4993166166342927,0.003340087620452792,-0.373434496625257,-0.023052248717371653,0.23827918182342794,0.006002066424583135,0.4636236402448396,0.042384306203974154,-0.3740058079518634,-0.02313134682978254,-0.2611329883957539,-0.011766078353607459,-0.4174886015761885,-0.011815085970149812,-0.42136782460813293,-0.02271150927163582,-0.4243669903234581,-0.024653695029224612,0.060077969022893286,-0.012955303353611142,0.2453820648970692,0.006118743698967751,0.00962488908529412,-0.015919732613533858,0.09437277139798955,0.01227077881478565,0.0012878768424883108,-0.003911815086941503,-0.27335645105708156,-0.04210415752137412,frac_pore,0.4636236402448396,p1_c2,-0.4243669903234581
849,0.005964214711729622,41.13191223144531,rare,,,,,,,,,,,,,,,,,,,,,,,,,,,,,,,,,,,,
850,0.004638833664678595,39.739933013916016,rare,,,,,,,,,,,,,,,,,,,,,,,,,,,,,,,,,,,,
851,0.0066269052352551355,50.937782287597656,imaging,0.4995452225630246,0.5010837784853113,0.4995232209076461,0.0021675569706225417,-0.1844475966301237,-0.011086461093570033,0.032363007640369444,0.013680871002912999,0.41289861944433004,0.009334488767756879,-0.18510159792491696,-0.011123986604603233,-0.33683289682315026,-0.028417121248368652,-0.5103849835230914,-0.02321927199371421,-0.1757146586003445,0.004731515268026221,-0.48197274889981806,-0.03412674496287114,0.17422811115798878,0.006623153128293555,0.27345614013721115,0.013936658092714705,0.24007151398112658,0.009614205632955146,-0.44879370821152376,-0.005228334241758879,0.10296136227765199,0.01067883354897393,-0.07146926485642172,-0.0028810882582468622,frac_pore,0.41289861944433004,p1_c0,-0.5103849835230914
852,0.00728959575878065,54.848365783691406,material,0.506733232608553,0.4952048823016565,0.49880981811760555,0.013466465217105927,-0.37112551538195715,-0.023080988254112884,0.039143012193721224,-0.004127957451325029,0.9807963993828399,0.05619962555810182,-0.3716978370160213,-0.023161488502791275,-0.33683288176554677,-0.029814417850313527,-0.24091935819810015,-0.03704892518097373,-0.2867796363774461,-0.018815455754217125,-0.1009601109024783,-0.01887447843566263,0.09027082971156691,0.012513409208954754,0.22908953101797402,0.03326647311425454,0.07068563919275667,0.007907482160385,0.014821935166998534,0.015958895096559636,0.17376447989342184,0.032078430923117504,0.20634567892368127,0.02551188110936251,frac_pore,0.9807963993828399,p1_c1,-0.2867796363774461
853,0.00728959575878065,39.75126266479492,imaging,0.49912329016316404,0.49702201756202824,0.5027962210842309,0.00595596487594352,-0.8103827836978813,-0.09710090122243842,0.9776816632151808,0.11775255486213163,-0.5558665659606905,-0.06400068743891696,-0.8107629114541406,-0.09713669205143495,-0.33683292380135643,-0.029814417850313527,0.017387711473246765,0.05434021650319173,0.27016024546827894,0.06127556686346949,-0.16852477416281625,0.04263784439381775,0.07590375879673934,-0.016839403038772544,-0.05664929350769746,-0.02257572883634802,0.15160677644950507,-0.013830141738635478,1.1026158971857802,0.09190176168737077,0.2855766060151198,-0.0025200151580637062,0.2881381244431455,0.02237037416505261,frac_graphite,0.9776816632151808,sharpness_c0,1.1026158971857802
854,0.0066269052352551355,45.46324157714844,mixed,0.4976326307864112,0.5029165683238042,0.49951615751368533,0.005833136647608317,-0.2374341192713227,-0.02388778967025929,0.11353405984751602,0.006543569276065737,0.40711595301475517,0.04045165889611077,-0.23806493667810105,-0.023962865539184846,-0.336832896307292,-0.026949546314957697,-0.4912922099564122,-0.04198334969824005,-0.4273301697112112,-0.020393539920145125,-0.427254314353575,-0.027564005164815573,0.2501864307240752,0.004408038200233527,0.20086003682984427,0.0023142442825136045,0.30712319470294436,0.00967069122510077,0.14998276250505124,0.015408041913810299,-0.2116167017885849,-0.013513028576961754,-0.10726524291120662,-1.18289229482258e-05,frac_pore,0.40711595301475517,p1_c0,-0.4912922099564122
855,0.011928429423459244,74.70970916748047,imaging,0.4980191916078403,0.5048745947872663,0.49781034787215256,0.009749189574532524,-0.39550993016183655,-0.044613806578448115,0.026088422246120152,-0.00422119307542217,0.6538200052873077,0.06811243554948335,-0.39602038877183404,-0.04462051110562165,-0.3368328668933392,-0.03714108944052332,-0.17974042347768923,-0.04221822370812148,-0.6745941403884251,-0.06746479192400304,-0.03288037514320473,-0.02456708424318221,-0.03693755553723265,-0.02637379576772931,0.05092973526231739,-0.00048179270976422795,-0.08181983742272113,-0.031388640894215884,0.06720097347962352,0.01791640406600839,-0.2482767433070423,-0.028503734789958473,0.07472886368051919,0.01086108080266123,frac_pore,0.6538200052873077,p1_c1,-0.6745941403884251
856,0.0033134526176275677,27.745460510253906,rare,,,,,,,,,,,,,,,,,,,,,,,,,,,,,,,,,,,,
857,0.011928429423459244,72.82965087890625,mixed,0.4980697224341709,0.49937622527178754,0.5018064630054742,0.003860555131658172,-0.2680485860665218,-0.011408574029917828,0.15526262320577278,0.0005170051029024826,0.39363951601933944,0.046947593269200893,-0.26866600826901266,-0.011478517738073802,-0.33683288256654853,-0.03714108944052332,0.1887711674359801,-0.007560884423005513,-0.027096925884919916,-0.008094995856644131,0.2658851716705233,-0.009460343725696348,-0.2808162633466872,-0.023233637212846565,-0.2435852132460265,-0.014656438067614498,-0.28297257421783767,-0.031118308048508996,-0.24417274461950134,-0.012838767260042046,-0.09415192473872193,-0.00755680220672291,-0.018294484264860807,0.0023192611824592087,frac_pore,0.39363951601933944,noise_sigma_c2,-0.28297257421783767
858,0.0019880715705765406,22.807039260864258,rare,,,,,,,,,,,,,,,,,,,,,,,,,,,,,,,,,,,,
859,0.009940357852882704,63.98017501831055,material,0.5031695460815869,0.5007008434205013,0.4972708811583966,0.006339092163173854,0.14121025760847014,0.005583308735486085,-0.44651634416851305,-0.030505473153612704,0.59939672554034,0.06091613487781211,0.15372207082853517,0.005991374424247689,0.2325964914853516,0.011480871988889316,-0.3519530443012158,-0.04487423926722024,-0.5677950468720062,-0.05715762929247573,-0.3081152538666031,-0.04304611894581338,-0.03860800941626298,-0.008918963433103746,-0.19127920549461433,-0.02568107793800347,-0.15568407178244648,-0.023676570205541977,-0.11908104075193635,-0.0017656878604160587,-0.31455890496776784,-0.03296382901414758,-0.45267698399621736,-0.05920245140897299,frac_pore,0.59939672554034,p1_c1,-0.5677950468720062
860,0.004638833664678595,35.09296798706055,rare,,,,,,,,,,,,,,,,,,,,,,,,,,,,,,,,,,,,
861,0.004638833664678595,40.925086975097656,rare,,,,,,,,,,,,,,,,,,,,,,,,,,,,,,,,,,,,
862,0.005301524188204109,35.439422607421875,rare,,,,,,,,,,,,,,,,,,,,,,,,,,,,,,,,,,,,
863,0.00927766732935719,62.24309539794922,material,0.49782970100910057,0.49750490108715023,0.5033462828889281,0.006692565777856263,-0.1999514105201093,-0.017872990362630074,-0.17458193274841968,-0.02377617214072086,0.9393619292291371,0.08631366682559204,-0.190537770948624,-0.01746141061850777,-0.11968714709940459,-0.008574040176458452,-0.5237125159852961,-0.046616385474952005,-0.556497294939777,-0.04668690861732519,-0.470452434562055,-0.05013568879730798,-0.03909555062358743,-0.013772678090457312,0.1556301571053638,0.013993015522740305,-0.07114622697975156,-0.01889169083437741,-0.027358699523551373,0.009707970634889419,-0.12092954299742537,0.012200200169839918,0.09194463634335834,0.03314479160802471,frac_pore,0.9393619292291371,p1_c1,-0.556497294939777
864,0.0019880715705765406,26.15750503540039,rare,,,,,,,,,,,,,,,,,,,,,,,,,,,,,,,,,,,,
865,0.003976143141153081,34.32992935180664,rare,,,,,,,,,,,,,,,,,,,,,,,,,,,,,,,,,,,,
866,0.013253810470510271,83.54061889648438,material,0.5028928898074271,0.5003227251489593,0.49774147978103483,0.0057857796148541585,1.4893165144130018,0.13607018289507217,-1.191212941097234,-0.11987175522295851,-0.616968611131421,-0.07597669977877693,1.487930169227468,0.1360035018136583,1.2107306705108536,0.16843740150884107,-0.10499367880928451,-0.005655862401241873,0.11321858814500468,0.01243808329366405,-0.246208122207146,-0.0033470693862553743,0.5060961102664373,0.08661210939059767,0.1784739361171201,0.03435433026390542,0.4086295405933811,0.07591578439136085,-0.20736309606468892,-0.032051756579197094,0.035088623518394084,0.02573108153528439,0.03599840371241366,0.032699240278180365,frac_si,1.4893165144130018,noise_sigma_c0,0.5060961102664373
867,0.01126573889993373,64.4690170288086,material,0.5022271461705213,0.4998843969615668,0.4985281652834186,0.004454292341042665,0.04381768116219011,-0.011816611053550238,-0.33929548739042414,-0.033790257936336145,1.1039468496115195,0.09522605441467466,0.043063803988741545,-0.011867042147539938,-0.013304475030020328,0.005751523540978218,-0.41788377148608763,-0.04012322332651211,-0.499721692249467,-0.04512905253986427,-0.359563732169676,-0.054086578601503316,-0.252147283693756,-0.022142413848224473,0.05127549338324828,0.00916167227656628,-0.3587577756166631,-0.03669090529328348,-0.058286998830182415,-0.021186306842588133,-0.3525248189705377,-0.028191062126663374,-0.6146329944085667,-0.05317145022486876,frac_pore,1.1039468496115195,sharpness_c2,-0.6146329944085667
868,0.00728959575878065,50.1658935546875,imaging,0.5028954163487436,0.5006731468592099,0.4974827829772205,0.005790832697487147,-0.4135142519808016,-0.025401802987792703,0.636267642661629,0.06291883634456648,-0.6788481836433907,-0.0680176962705766,-0.41406802673922266,-0.025437404382962815,-0.336832889415417,-0.028417121248368652,0.34180520686882154,0.02856552366035628,0.29628659735902024,0.039869569157531204,0.2171741333790248,0.031321128678628074,0.33778772650228345,0.04663104712687593,0.5722506595245452,0.06199774614598289,0.3429334096101411,0.04535444213772073,0.3319452067001329,0.0446857713956558,0.6808894279290606,0.06964055922314766,0.24774019067481956,0.019588948957390898,frac_pore,-0.6788481836433907,sharpness_c1,0.6808894279290606
869,0.005964214711729622,50.32978820800781,rare,,,,,,,,,,,,,,,,,,,,,,,,,,,,,,,,,,,,
870,0.00728959575878065,52.994415283203125,mixed,0.4972144881985255,0.5006490628928697,0.5014709517923363,0.005571023602949032,-0.07625444662663308,0.009669654493909432,0.07991094018371991,-0.011394394124920292,0.058883036643672934,0.02118386613906305,-0.07695578708339623,0.009598072301899586,-0.3368328968231502,-0.029814417850313527,0.2234114439565628,-0.00026634755425921996,-0.18129947859778173,-0.016909091647969415,0.26327750554955304,-0.002507453020874172,-0.24145418733735363,-0.012018202012380312,-0.19762677534686712,-0.007483997405994981,-0.18891191823159503,-0.007800965090578724,-0.4785893818699344,-0.048532473960662466,-0.10077264640120642,-0.011117547321075555,0.18558001389621565,0.012510564950504689,K04_agglom_frac,-0.3368328968231502,sharpness_c0,-0.4785893818699344
871,0.00728959575878065,47.84137725830078,material,0.5029383675511246,0.4952048823016565,0.5014621225498852,0.009590235396687019,-0.1188213157844833,0.006458684701699935,0.22780986020265276,0.01725423771565353,-0.5415575724820036,-0.04408017711621908,-0.11950403141946421,0.006351501056393758,-0.336832904351952,-0.029814417850313527,0.25500616962525935,0.043643417512354815,0.21609859164769396,0.040635345431696876,0.1677220690204885,0.041660260201023584,0.016876143631608366,-0.00918227390904734,0.04748293263105266,-0.0048684392331584435,0.13157274978944378,-0.004821343234559184,-0.22578510141721894,-0.011408205716054278,0.3493499811636873,0.01825817294463094,0.06973899350052627,0.00041879174597399016,frac_pore,-0.5415575724820036,sharpness_c1,0.3493499811636873
872,0.011928429423459244,63.29230499267578,imaging,0.49803940393837254,0.5012114235069144,0.5004820766378245,0.003921192123254924,-0.41038659562629115,-0.046654404926259996,0.5253219943621609,0.0717518413446358,-0.3913803939292547,-0.04959295944072475,-0.4109417387862516,-0.046724534266305226,-0.3368328538462444,-0.0382310813155339,0.361352686946108,0.02980142866715117,0.3140123750383344,0.044913597513413735,0.38171690065631375,0.0309365374801225,-0.37065244035762973,-0.013948662265703096,-0.28074859513363826,-0.006172377113951937,-0.37166228500142495,-0.01699568263438125,0.006189049386293869,0.02119956639061058,-0.31710149964325396,-0.01793523599136885,-0.6056748571486869,-0.06045486337982731,frac_graphite,0.5253219943621609,sharpness_c2,-0.6056748571486869
873,0.0145791915175613,88.35601806640625,mixed,0.49446182143416595,0.4976662636616299,0.5055818470775209,0.011163694155041703,0.00384502051046788,0.019613573464336728,-0.03189119794250975,-0.007100469138065404,0.05231525018603351,0.0054962468850048634,0.0031086331178216704,0.019524704023905857,-0.15756893973261665,-0.02343955726351342,0.1986016910496337,0.04331554305681734,0.15097277439684878,0.04390833255282933,0.1716599566884262,0.03428860793581789,-0.13174860563627783,-0.039757319023956544,-0.15951132425568618,-0.03189712425843671,-0.0891126573112215,-0.036237241069657714,-0.29008954956055366,-0.053937179183712054,-0.018631562562433195,-0.0097258631105,-0.14006425886541068,-0.03587856026378488,K04_agglom_frac,-0.15756893973261665,sharpness_c0,-0.29008954956055366
874,0.005964214711729622,39.032657623291016,rare,,,,,,,,,,,,,,,,,,,,,,,,,,,,,,,,,,,,
875,0.010603048376408217,62.907798767089844,material,0.49697573004411344,0.5057584763519535,0.4978915769027017,0.011516952703906957,0.37617807561830985,0.0678933713385276,-0.19070920662770935,-0.03703358610300295,-0.6268601359565757,-0.07294670275585931,0.375278776489444,0.0678190567810538,-0.3368328792559462,-0.036019696756253675,0.35096536118537336,0.02652431874865472,0.3403323683341282,0.04331620675778693,0.38686823400000037,0.048778601864831794,0.1470527781509512,0.022897855326392658,-0.017725638705042707,0.0006218222761703549,0.3135854064418274,0.03175441321321447,-0.4279821032137761,-0.03772393068692459,0.13625298084007287,0.002064978312903446,0.3191146004713252,0.0323926727947097,frac_pore,-0.6268601359565757,sharpness_c0,-0.4279821032137761
876,0.0033134526176275677,31.43580436706543,rare,,,,,,,,,,,,,,,,,,,,,,,,,,,,,,,,,,,,
877,0.003976143141153081,31.382686614990234,rare,,,,,,,,,,,,,,,,,,,,,,,,,,,,,,,,,,,,
878,0.005301524188204109,43.650962829589844,rare,,,,,,,,,,,,,,,,,,,,,,,,,,,,,,,,,,,,
879,0.005301524188204109,37.75505828857422,rare,,,,,,,,,,,,,,,,,,,,,,,,,,,,,,,,,,,,
880,0.013253810470510271,78.87185668945312,mixed,0.5010207226918781,0.49312161921322495,0.5043298604979692,0.013756761573550103,-0.0698938140436303,-0.01039156158822039,0.15335285727469222,0.02764892222494052,-0.34311565518282394,-0.04039763337853804,-0.07059793747508866,-0.010458207023845657,-0.04208706994764737,-0.02122923194813275,0.35075574089362294,0.05012877761149161,0.4196028117948168,0.06524794722689391,0.29624539774505715,0.03166411429883114,-0.31786431823719197,-0.03981186417304339,-0.3396023346566104,-0.0503249895216397,-0.3516566639822762,-0.04991213381628663,-0.13343364180952597,-0.009644465836754667,-0.18353793095412976,-0.04643576783131394,-0.36589498389551467,-0.04636684982506955,frac_pore,-0.34311565518282394,p1_c1,0.4196028117948168
881,0.004638833664678595,39.51873779296875,rare,,,,,,,,,,,,,,,,,,,,,,,,,,,,,,,,,,,,
882,0.0026507620941020544,22.90179443359375,rare,,,,,,,,,,,,,,,,,,,,,,,,,,,,,,,,,,,,
883,0.0019880715705765406,21.62270164489746,rare,,,,,,,,,,,,,,,,,,,,,,,,,,,,,,,,,,,,
884,0.004638833664678595,38.30802917480469,rare,,,,,,,,,,,,,,,,,,,,,,,,,,,,,,,,,,,,
885,0.005301524188204109,39.11150360107422,rare,,,,,,,,,,,,,,,,,,,,,,,,,,,,,,,,,,,,
886,0.00927766732935719,61.74903106689453,material,0.5073901333508507,0.4993473245121793,0.49531343810701045,0.014780266701701406,1.3694705885674063,0.08500721242510705,-1.1425414073830904,-0.07261213932741685,-0.7049184149243108,-0.07719768382594447,1.368136681220578,0.08491234066362902,0.5079305547169289,0.03772440157895311,-0.035364191865097414,0.026555305778528108,-0.2522243520392716,-0.0006530585965463205,-0.22934181875258472,0.000571810001035631,0.7902019381340862,0.06384637603164774,0.286830269977004,0.011597989353981453,0.7766869571155165,0.05238605283462141,0.2855574419913933,0.008115029966602925,0.23271937591894665,0.01422811643807056,0.23194080880646784,0.009260565958913409,frac_si,1.3694705885674063,noise_sigma_c0,0.7902019381340862
887,0.008614976805831677,58.07734298706055,material,0.4963655703161713,0.49797453843078515,0.5040252516334098,0.008050503266819664,-0.5367253486242527,-0.0695685649005713,0.591258877323636,0.08185147768465999,-0.20870020530435365,-0.02670672537893309,-0.5372252132333176,-0.06963445450052659,-0.07706585482125049,-0.006045956814204131,0.2476484760777,0.05495034973857403,0.503237630857025,0.05375990136800479,0.18560025462750937,0.03731760346542601,-0.4819394369937902,-0.05873696938040056,-0.44902545258530707,-0.049588507945806555,-0.4455813822751796,-0.056328293897837375,0.22334919743057147,0.04078392955561389,-0.2973034198120707,-0.040308761452033014,-0.20642560774874583,-0.03232634311213267,frac_graphite,0.591258877323636,p1_c1,0.503237630857025
888,0.01855533465871438,115.5512924194336,material,0.5167004381022642,0.5005105800864132,0.48795338159985874,0.03340087620452836,2.0413668638338818,0.10307875969500306,-1.9818941332499802,-0.10339623784240481,-0.15397823022752694,-0.02612799289727753,2.0451871720859085,0.1032474702520398,2.0758300063645425,0.21167555345482106,-0.4302388327416236,-0.04597382251833414,-0.4282203740599378,-0.04140340479798429,-0.38880642938499477,-0.03582038795386958,0.9006775388780566,0.12005442029810236,0.43312427113399987,0.05358558761734198,0.8433563214407654,0.1092444903217115,0.20873671935111088,0.06153589257915428,0.32870886080482153,0.0681864929920573,0.1852880616840811,0.016799988200442748,K04_agglom_frac,2.0758300063645425,noise_sigma_c0,0.9006775388780566
889,0.009940357852882704,61.52978515625,imaging,0.5030785905941919,0.49891983410963986,0.4986402966625463,0.00615718118838382,0.12192555780316798,0.045190097210533596,-0.05284028412943074,-0.017231082079839314,-0.2543938988013591,-0.04697672218967849,0.12113750512917557,0.04514388870323336,-0.33683286545314567,-0.034863871151342034,0.12871718957386297,0.04423293445444234,0.21696605093658808,0.03862254379431236,0.10389515588779037,0.03955991586447013,-0.09575555930878447,0.012833298473043446,-0.11686349494225254,-0.004033729729371918,-0.14280144781922702,0.010276591545211829,-0.5664384895902305,-0.03734120083505127,-0.16054109301210073,0.007001362103039221,-0.3861659213461808,-0.004127109407012251,K04_agglom_frac,-0.33683286545314567,sharpness_c0,-0.5664384895902305
890,0.0013253810470510272,17.08955955505371,rare,,,,,,,,,,,,,,,,,,,,,,,,,,,,,,,,,,,,
891,0.005301524188204109,40.89728546142578,rare,,,,,,,,,,,,,,,,,,,,,,,,,,,,,,,,,,,,
892,0.0019880715705765406,19.337074279785156,rare,,,,,,,,,,,,,,,,,,,,,,,,,,,,,,,,,,,,
893,0.004638833664678595,34.49820327758789,rare,,,,,,,,,,,,,,,,,,,,,,,,,,,,,,,,,,,,
894,0.004638833664678595,32.49851608276367,rare,,,,,,,,,,,,,,,,,,,,,,,,,,,,,,,,,,,,
895,0.013916500994035786,76.50555419921875,imaging,0.4986457738543399,0.4998976431430539,0.5010215433515803,0.002708452291320218,-0.29549658165008424,-0.050475117645491764,0.5328361205115145,0.08542554905726242,-0.6398289784538317,-0.09397581357582858,-0.2961019942362199,-0.0505531562459385,0.1508455686933934,-0.0028174259750310135,0.580291494950168,0.08780556990607882,0.9815549507603153,0.11213395900765769,0.3217428868253736,0.08177403770595691,-0.17149630460269008,0.008775453792252889,-0.046454726798754106,0.021666143112215607,-0.19229164734563636,0.0036242106754795873,0.15443552432426058,0.050911597304393076,0.3798994925525962,0.053788806129505436,-0.12190280095684297,0.011551554068063722,frac_pore,-0.6398289784538317,p1_c1,0.9815549507603153
896,0.003976143141153081,30.987957000732422,rare,,,,,,,,,,,,,,,,,,,,,,,,,,,,,,,,,,,,
897,0.008614976805831677,65.512451171875,material,0.507772904360305,0.4943330427201395,0.4987224086173407,0.015545808720609955,2.076756560291867,0.10367468712943351,-2.131587945453338,-0.1094709815036776,-0.17130140307555394,-0.0016049295208998568,2.0925628487619092,0.10403786610098213,2.4519895201138433,0.2117036754376792,-0.08379523496838458,-0.010279637356067803,-0.22337298032466768,-0.02257133262168563,-0.0767380025819831,-0.010365606954618113,0.33628936825064965,0.050935753939370665,-0.03398021443844024,0.006478481129762725,0.286592156244367,0.046527879491946596,-0.23594096924648866,-0.011849313000600813,0.04321980038374956,0.014188740581345172,-0.2370951454290073,-0.025028559987660588,K04_agglom_frac,2.4519895201138433,noise_sigma_c0,0.33628936825064965
898,0.00728959575878065,56.498748779296875,material,0.49530315969257044,0.5042833334136131,0.500142150803461,0.009393680614859123,0.6731708953921995,0.05971288364247134,-0.6526353224029983,-0.06135687622994242,0.09469800370533737,0.003953327298501687,0.672668089090595,0.05967718721353674,-0.3368329093711557,-0.029814417850313527,-0.24130198262244756,-0.018266894994687526,-0.5184083013604571,-0.025358014198315022,-0.1374810263443264,-0.01403828906456882,0.1521186090876529,0.02066717951004944,0.1660467276747582,0.010342833550458496,0.16984279372496755,0.020292627646074403,-0.4144617703400978,-0.03220646946586195,-0.15197478396278113,-0.0036623123681757937,0.12880496493297225,0.01564872990397287,frac_si,0.6731708953921995,p1_c1,-0.5184083013604571
899,0.0033134526176275677,29.593521118164062,rare,,,,,,,,,,,,,,,,,,,,,,,,,,,,,,,,,,,,
900,0.010603048376408217,62.59993362426758,imaging,0.5007832278081243,0.4984730765340283,0.5005721349108246,0.003053846931943438,-0.03262697235168224,0.038451500337502054,0.182720085116101,-0.006729777758602826,-0.569498276796223,-0.06923952842945731,-0.0333474017180064,0.038332971262005744,-0.3368329018423522,-0.036019696756253675,0.7001768012244995,0.05917904801933598,0.5457562575145136,0.050812695394773164,0.7015240845398834,0.0724122697883237,-0.31937012238964363,-0.014869639173965785,-0.38475169757187694,-0.03174327127930563,-0.13228113164501068,0.0034594326809254615,-0.3308703526006248,-0.024383177460506424,-0.1399331719688747,-0.012773262642100106,0.002862492600273625,-0.003652920434264655,frac_pore,-0.569498276796223,p1_c2,0.7015240845398834
901,0.01126573889993373,71.5089111328125,mixed,0.49652095260713797,0.5016678146690622,0.5012087232915415,0.006958094785724067,-0.26807433026657995,-0.01117015271080804,0.3106326755571763,0.02285524261903962,-0.20132355880371647,-0.018735455829622844,-0.26869174128082624,-0.01125661968466954,-0.33683287038455056,-0.036019696756253675,0.039605511511881956,0.009259360746636844,0.19340916695382146,0.03862627031850284,0.039647765177219435,-0.011507173529275045,0.026694828091077157,0.005513383132580799,-0.015064095375259486,0.009539587425236458,0.028142377085441535,0.008425948929684693,0.031149629923040278,0.008438328315810376,-0.028662821048639625,0.007500255496948479,-0.32807620564824713,-0.03144478699869271,K04_agglom_frac,-0.33683287038455056,sharpness_c2,-0.32807620564824713
902,0.0066269052352551355,44.204124450683594,material,0.5033754591988844,0.4992702558198905,0.49817587850962386,0.006750918397768757,-0.6008560769022324,-0.04719851854214499,0.7011401534111633,0.07362607933601223,-0.5283481597912915,-0.045445888590276776,-0.6013278814713323,-0.04726431237039684,-0.33683285792434126,-0.028417121248368652,-0.2570490296219506,-0.011377287364957151,0.04686816853119235,0.011369372471758387,-0.29902371492639884,-0.009558229977345328,0.514428480241509,0.040896786432382926,0.36095997360283016,0.028706211524783903,0.5088027847058936,0.038742356827356536,0.6871179530156216,0.06322283473295755,0.3428503634884198,0.021917751689139276,0.6340532849413926,0.07256512424217428,frac_graphite,0.7011401534111633,sharpness_c0,0.6871179530156216
903,0.007952286282306162,51.92063522338867,material,0.4967736067387909,0.5002456564566706,0.5020748719759844,0.006452786522418208,0.38041179863773994,0.02292387235816231,-0.41301132559229603,-0.02634071738181854,0.26180884759109674,0.005316989209153568,0.3795420818778189,0.02287236338581019,1.0920308875144378,0.06900008038398389,-0.17890293731601892,-0.018808902041773316,-0.5498890402194425,-0.03192747697237577,-0.07644707590232962,-0.023405796866667137,0.20100078271559618,0.01416708729468847,0.14539493333129194,0.018221085368160705,0.2463914575057242,0.020974819399938904,0.130917846657793,-0.009020330750372597,0.09847014496779605,0.020475725395283976,0.4141781892434281,0.030511837071077026,K04_agglom_frac,1.0920308875144378,p1_c1,-0.5498890402194425
904,0.008614976805831677,49.28290939331055,mixed,0.4982667926568603,0.5052695718352465,0.4973476955677203,0.010539143670492912,-0.3391829449757647,-0.021161992668558945,0.4985228892151054,0.057727681525768494,-0.47736730343132344,-0.05776958673462703,-0.3397692429255302,-0.02124425666071589,-0.3368329118807565,-0.03243408064992298,-0.0331987996647101,0.013713401871987803,0.10203486918301738,0.02460949971434585,-0.12931809331304905,0.01663963783092948,0.23345289105433753,0.010739634749761006,0.3908672784820059,0.02639848493506281,0.32482494684427377,0.023038578790674114,-0.09650758683123989,0.014825497911454282,0.15058156322729557,0.013650302545011732,0.269357176255299,0.03086412042317537,frac_graphite,0.4985228892151054,noise_sigma_c1,0.3908672784820059
905,0.0033134526176275677,37.982086181640625,rare,,,,,,,,,,,,,,,,,,,,,,,,,,,,,,,,,,,,
906,0.005964214711729622,46.28706359863281,rare,,,,,,,,,,,,,,,,,,,,,,,,,,,,,,,,,,,,
907,0.00728959575878065,51.47956085205078,material,0.50101945942122,0.500677963652478,0.49879039378421336,0.002419212431573281,-0.6246032477135055,-0.06221929647619249,0.164217059624292,0.006975873066826247,1.2758733920338594,0.08474514685132804,-0.6250646619111299,-0.06225515850466979,-0.3368328754915453,-0.029814417850313527,-0.4355528650788111,-0.032946783046865616,-0.5966034947446633,-0.04262842273694841,-0.35371916985575524,-0.02852950054839706,0.14304462700801535,-0.02250649513083017,0.26711147376408223,0.0011746979298328669,0.12353187530349528,-0.02236717438658713,0.48381409313767126,0.04566587539066234,-0.19348502172380255,-0.017875467589128707,0.2198644557666553,0.006323058523563658,frac_pore,1.2758733920338594,p1_c1,-0.5966034947446633
908,0.008614976805831677,49.34189987182617,material,0.49635799069222175,0.49798417201732126,0.5040234857849196,0.008046971569839245,-0.5807147047185328,-0.04395661741858306,0.6516399805959203,0.06096439151658624,-0.22576797438905488,-0.02274732470715513,-0.5811953221037909,-0.04400578373528064,-0.33683290309715175,-0.03243408064992298,-0.06981768641711204,-0.0008074998598858615,0.14932330745965317,0.03729725615273643,-0.007099047093592116,0.014551840277494354,-0.2505024524506311,-0.016913580244801423,-0.13667722156696652,-0.004727954811026528,-0.19545483822932502,-0.008850198193429084,0.30752485247573,0.02274699166955754,-0.18343239929773003,-0.00569862466554186,0.054370658001031164,0.0214820511760882,frac_graphite,0.6516399805959203,sharpness_c0,0.30752485247573
909,0.009940357852882704,57.606693267822266,material,0.5012026336666684,0.5007201105935735,0.4986314674200953,0.0027370651598094264,-0.7795824992590875,-0.09968711985874155,0.7561680699790488,0.08500349390019539,0.06775982716762154,0.02499507545081415,-0.7799761033921632,-0.09971766774302103,-0.33683291275508953,-0.03115089719541056,-0.563177663407508,-0.05803282495671704,-0.326779344871009,-0.03839892137090191,-0.48703473940576664,-0.06304543978231554,0.11825946952040126,0.0056919227389429766,0.23736969057692975,0.024230080302583404,0.08902122059492157,0.00707291355698041,0.6906805051812857,0.07432049825734761,0.10335790948255554,0.010474844252915089,0.393711206447513,0.0513242511858776,K01_si_frac_adm,-0.7799761033921632,sharpness_c0,0.6906805051812857
910,0.01126573889993373,63.5146369934082,imaging,0.5080091359734005,0.4980407693382208,0.4958387780328448,0.016018271946800944,0.15365946284822138,-0.029587753379119338,-0.1806587439399258,0.02290528552674468,-0.04707731945843905,0.013006048092715404,0.152857525132607,-0.029631244714035693,0.08435643353406232,-0.017276020207175165,-0.47760639358319773,-0.03993398615143487,-0.5261423052612983,-0.04663140887126549,-0.45980736502830993,-0.05340987785781608,0.5727734496673327,0.04296893524772266,0.5851937558063912,0.05290279080035411,0.572087353679804,0.04147804065367268,0.25525748674221166,0.047304232529004585,0.2951506073043157,0.03791745792725477,0.3349825981623341,0.04467817883113019,frac_graphite,-0.1806587439399258,noise_sigma_c1,0.5851937558063912
911,0.01656726308813784,97.0921859741211,material,0.508378011005614,0.49089505652506893,0.5008202366236977,0.018209886949862142,0.6186361170249728,0.009924976294923647,-0.6245402426312788,-0.022139753740621427,0.07522374629926633,0.012186437937604601,0.617630732031169,0.00988945898418695,0.6461261454789683,0.07964612313411312,-0.022149582798765555,0.01295314471307301,-0.020501093413985885,-0.00442403619015713,-0.12548420736296023,-0.04813659693212894,-0.14818296238008616,0.004294521376568888,-0.25605831302690546,-0.025886297862276288,-0.23787040713820945,-0.012857856839609737,0.11069830605646808,0.04345368080025233,-0.35829566778989297,-0.03728967556376419,-0.41502675435292863,-0.04477820984123925,K04_agglom_frac,0.6461261454789683,sharpness_c2,-0.41502675435292863
912,0.00927766732935719,65.6590805053711,imaging,0.4978246479264675,0.4957154623880698,0.5046618400141268,0.009323680028253678,0.016332425576790623,0.009235221703330862,-0.07289149981302712,-0.027022096022784915,0.3413548861596583,0.04180022360442307,0.015590574365660095,0.009187375802217903,0.07708098112883528,0.015292361908132266,-0.11550589126718327,-0.0075122341946553435,-0.14854511803293707,-0.018094368001885963,-0.19692639708015913,-0.003801277035081442,-0.3928494505989301,-0.031145540055026233,-0.3338670564961654,-0.02879913657275618,-0.4372607689030462,-0.03373289090101113,-0.4880405629021358,-0.047604370670133615,-0.5658432207667248,-0.04230396911423151,-0.49128508458627224,-0.03686060163808474,frac_pore,0.3413548861596583,sharpness_c1,-0.5658432207667248
913,0.012591119946984758,75.24391174316406,mixed,0.5014186529492316,0.5007863415010091,0.49843192654070284,0.003136146918594318,-0.07258800683729826,-3.172676840350006e-05,0.12138177264298664,0.021676573311064658,-0.060854170596487046,-0.019812650272675713,-0.07329095145229153,-0.00012744956575785023,-0.33683286918845995,-0.0382310813155339,0.16634325087960258,0.004470323237403855,-0.05121791847308921,0.012860568709881667,0.22925212623253385,0.011158737072778344,0.032685568758401555,0.02408249701948402,-0.005994256372061134,0.025951721775256287,0.09271055197688913,0.02889528765829663,-0.166899247620915,-0.0005554339721927396,-0.010402829515427358,0.029334866456239745,0.4308672753632503,0.06728334903095175,K04_agglom_frac,-0.33683286918845995,sharpness_c2,0.4308672753632503
914,0.0066269052352551355,45.0587158203125,imaging,0.49573014517506403,0.5011006372617495,0.5021772911884159,0.00853970964987194,-0.2970738509419568,-0.01484488002954596,0.11797441172947555,-0.0003217666069278078,0.5672333755448619,0.06773754925112115,-0.29767857334875114,-0.014901044044015656,-0.33683287298194475,-0.028417121248368652,-0.014722154709373856,-0.015911074552506132,-0.6820771032655594,-0.056605144701356955,0.10185102269603483,-0.021990385744116624,-0.3618497497905117,-0.044222726688693655,-0.4122675471707547,-0.040484712446408964,-0.3437625304413886,-0.035913107084382785,-0.5327745368198894,-0.03790849231154201,-0.7593125290419337,-0.06040891785859526,-0.19330747299128512,-0.026812018260324623,frac_pore,0.5672333755448619,sharpness_c1,-0.7593125290419337
915,0.005301524188204109,41.04444122314453,rare,,,,,,,,,,,,,,,,,,,,,,,,,,,,,,,,,,,,
916,0.0033134526176275677,24.57668113708496,rare,,,,,,,,,,,,,,,,,,,,,,,,,,,,,,,,,,,,
917,0.005301524188204109,40.24655532836914,rare,,,,,,,,,,,,,,,,,,,,,,,,,,,,,,,,,,,,
918,0.007952286282306162,57.595947265625,material,0.49868872505672085,0.5002071221105262,0.5007646123962565,0.002622549886558301,-0.008924321082294575,0.019101384388349695,0.23366813411262097,0.009922132964295284,-0.6052612770127149,-0.05842960783149666,-0.009655121376458485,0.019015732894450885,-0.33683290058755183,-0.03115089719541056,0.19589026461122305,0.01311055227539189,0.44958289863750167,0.0566322183040296,0.259598906596549,0.04324299518186376,-0.06999677631758479,-0.00023156817729145837,-0.11607213696584996,-0.0007549063551714575,-0.020715607992601495,-0.0006741378448211329,-0.3421652351378972,-0.03721212754746877,0.12068435506564634,0.022029554446708757,0.03745307562088356,0.009551591415838771,frac_pore,-0.6052612770127149,p1_c1,0.44958289863750167
919,0.0006626905235255136,9.43056583404541,rare,,,,,,,,,,,,,,,,,,,,,,,,,,,,,,,,,,,,
920,0.01126573889993373,79.101806640625,imaging,0.49464752222093084,0.5016774482555982,0.5025110365530637,0.01070495555813833,-0.19162571849113363,0.0026611146848636966,0.07404318686534055,-0.012015962182917738,0.36921266697840927,0.045144891247457124,-0.19227657900404363,0.0025315765615305003,-0.33683287643264553,-0.03714108944052332,0.019571572744190618,0.006672835436097928,-0.27882758629388815,-0.017150550441910273,0.05864875366017561,-0.0100431300485389,-0.35578007157472163,-0.03593426310770186,-0.30452050731653296,-0.026863019540851508,-0.40777348906476407,-0.03817029924727548,-0.5764685086470122,-0.054082701040458335,-0.40736142177277146,-0.03485967313824715,-0.3239024014989331,-0.030686530494503653,frac_pore,0.36921266697840927,sharpness_c0,-0.5764685086470122
921,0.010603048376408217,76.81980895996094,mixed,0.4950732444327662,0.5075840410005442,0.4978827476602507,0.015168082001088434,-0.33010784299782703,-0.01170468215360719,0.34511988113242786,0.01719233001617793,-0.036141996585905486,-0.004921300936510953,-0.3306981116017438,-0.011823368585152452,-0.3368328689038438,-0.036019696756253675,-0.31903946126886795,-0.040166821664481836,-0.338716920005499,-0.03345461155008972,-0.16658419794468834,-0.008944326451933786,0.23500697274829574,0.01609442511839232,0.3640704932918272,0.024442233647302393,0.3492921221196337,0.02258111729121863,0.02475346396463054,0.003884519113482846,0.0929559153165524,0.007889020713139502,0.2124070552957053,0.01547323276082941,frac_graphite,0.34511988113242786,noise_sigma_c1,0.3640704932918272
922,0.010603048376408217,69.25788116455078,material,0.5026882399607882,0.5002649236297426,0.49792689387250566,0.005376479921576305,-0.40338359406279123,-0.025870302220470213,0.5938944686404689,0.06148668777528624,-0.6297830784178426,-0.06863319840557518,-0.4039418014011229,-0.025944399987129163,-0.33683288302034703,-0.036019696756253675,0.4964871257524737,0.050096568279102104,0.6089569430600413,0.05479217890318062,0.3461299982233075,0.06802137462554861,-0.07330736895059661,0.005661283554369115,-0.1144126933056924,0.008021464054727262,0.03259540465406091,0.01349252762648381,0.3140238812560075,0.05265435834951665,0.11291603532095754,0.018069263990797807,0.07294220861069393,0.02366229827368363,frac_pore,-0.6297830784178426,p1_c1,0.6089569430600413
923,0.004638833664678595,36.59775924682617,rare,,,,,,,,,,,,,,,,,,,,,,,,,,,,,,,,,,,,
924,0.00728959575878065,53.91075897216797,mixed,0.4991207636218475,0.5024710149465095,0.49880275472364477,0.004942029893018951,-0.04108684024548499,0.019535081473664315,0.12406970204280005,-0.003789171994652141,-0.4544112953658116,-0.038300889846963476,-0.04180356804437214,0.019409705968633263,-0.3368328968231502,-0.029814417850313527,-0.013289780234514888,-0.012979392025567176,0.18603109608008467,0.02615644173877226,-0.005069867646808286,-0.0011925675199791872,0.32005719492226775,0.030010354871925268,0.2817897435513863,0.029119702435374387,0.3966861664270034,0.03370060009480011,-0.22968186301700325,-0.002023883581476035,0.3841086042104767,0.03295944844497648,0.05076177267996101,0.017270496140589446,frac_pore,-0.4544112953658116,noise_sigma_c2,0.3966861664270034
925,0.0,0.0,rare,,,,,,,,,,,,,,,,,,,,,,,,,,,,,,,,,,,,
926,0.00927766732935719,68.14688873291016,material,0.4997397662443973,0.5029719614463867,0.49800282535758433,0.005943922892773346,-0.34912499275913483,-0.012726319782167815,-0.0103255975705338,-0.020386136161562388,1.029984897187633,0.07155877253314091,-0.3497069406266754,-0.012853453078940858,-0.3368328853967347,-0.03243408064992298,-0.06582188803620996,-0.006403279562253891,-0.38343372253008307,-0.039066903086390097,-0.031465550947423856,-0.00044275089598529377,-0.1650486216404412,-0.031952378468526554,-0.19460903879628144,-0.018123843127102798,-0.23039610055340254,-0.026927456524222154,-0.20353731558838623,-0.010876009353687367,-0.2316406719518162,-0.012934104512113812,-0.33853780712394793,-0.025741773144187772,frac_pore,1.029984897187633,p1_c1,-0.38343372253008307
927,0.009940357852882704,64.65665435791016,material,0.49932667673914466,0.5043399307345129,0.4972885396432986,0.008679861469025774,-0.44547103933682763,-0.05838851187705942,0.5310030702190544,0.06811694820179949,-0.2999352135207787,-0.0258999205905722,-0.44601083167397326,-0.05844993321140478,-0.33683290753927636,-0.03243408064992298,0.11514279743081128,-0.018179319390894736,-0.07604087110892452,-0.007991468513333095,0.19833295188803812,-0.018968681047824374,0.055779185867543324,0.030758355316047894,0.07780732205415812,0.03839877217600562,0.12992931012670444,0.032250418032606136,0.4878329228607397,0.05225826136670257,0.15475330301878418,0.030930003578998923,0.30282435715008854,0.04152366328419073,frac_graphite,0.5310030702190544,sharpness_c0,0.4878329228607397
928,0.005964214711729622,45.33304977416992,rare,,,,,,,,,,,,,,,,,,,,,,,,,,,,,,,,,,,,
929,0.005964214711729622,48.09544372558594,rare,,,,,,,,,,,,,,,,,,,,,,,,,,,,,,,,,,,,
930,0.008614976805831677,63.306915283203125,material,0.4982592130329107,0.4961622199636813,0.5040305491788805,0.00806109835776092,-0.28551626569350513,0.0019090473546749078,-0.03245660880494434,-0.030268981524515428,0.7543770498669605,0.06248474149084137,-0.28099721249306175,0.0023250584164795285,-0.3368329012149521,-0.03243408064992298,0.15405292587915453,0.0012572007570853063,-0.4833966341392748,-0.0444367013814809,0.2904114147152166,0.010869003014643852,-0.5629905971375849,-0.06449814401552466,-0.625606882787466,-0.06147369936172171,-0.5885896742542429,-0.060340240333677665,-0.5203802342309233,-0.06109173441425083,-0.5128499244898431,-0.05237941013117686,-0.26520433754857003,-0.03251322940315284,frac_pore,0.7543770498669605,noise_sigma_c1,-0.625606882787466
931,0.010603048376408217,74.56909942626953,material,0.5045957786547683,0.4984851185171984,0.4978986402966625,0.009191557309536691,0.2329531357606317,0.05211060146581559,-0.8653273827060894,-0.09147739003839599,1.1166964350373378,0.08551273058839659,0.26213930893869586,0.05319939065617062,-0.0754361176953938,0.008042083898558431,-0.40132836434611263,-0.05168621192975061,-0.7260206906618032,-0.07112127947178865,-0.3256050498538362,-0.06039187862321154,0.045075652592225054,0.01196966543342223,0.12765535973517256,0.018938472633456473,-0.05661683998714029,-0.0005965659136172789,-0.4731521481768598,-0.04354911484010537,-0.20432425041242278,-0.004725991033743008,-0.1867999341056105,-0.007746852786126006,frac_pore,1.1166964350373378,p1_c1,-0.7260206906618032
932,0.009940357852882704,69.00125885009766,material,0.5012556910343154,0.49707620648629386,0.5012661133674731,0.005847587027412282,0.9974120272323925,0.059974698416904254,-0.9848865673458395,-0.06971573359053615,0.12307303133528807,0.024343739585199184,0.9962409115250969,0.05992859149478105,0.0007810159884081688,-0.012227717540361727,-0.15224847629965227,0.013808534272564293,-0.19931397348111857,-0.0033262464903128734,-0.168535621603312,-0.009474708542338199,0.2465861708722354,-0.0032812962278811965,0.199017128367582,-0.0066670691575983244,0.24009432335923,-0.010998965512462136,-0.37564225025540965,-0.048308267467535936,0.06620087327381304,-0.015978615421809585,0.06386496386909517,-0.013395222790362179,frac_si,0.9974120272323925,sharpness_c0,-0.37564225025540965
933,0.004638833664678595,40.77539825439453,rare,,,,,,,,,,,,,,,,,,,,,,,,,,,,,,,,,,,,
934,0.010603048376408217,59.775230407714844,imaging,0.49890348106862586,0.4966378782989013,0.5032315027370652,0.00672424340219735,-0.20157086686627773,-0.00692489935851605,0.4021670661658909,0.03887485970732193,-0.6321207523835748,-0.07565159491070973,-0.2022173759581107,-0.00699915466222725,-0.3368328808244465,-0.036019696756253675,0.7114753508294139,0.06930451100103446,0.6046030209618583,0.06819209825393242,0.5938445345286967,0.07073565798128509,-0.2687028288425371,-0.016790697561324695,-0.29278723716090127,-0.017168952423093263,-0.21789818399315333,-0.013072992475485247,0.08677862987414592,0.005773824956063884,0.03595100468678869,0.007349995210857095,-0.12084228044069108,-0.0075545855273139294,frac_pore,-0.6321207523835748,p1_c0,0.7114753508294139
935,0.005964214711729622,38.810726165771484,rare,,,,,,,,,,,,,,,,,,,,,,,,,,,,,,,,,,,,
936,0.008614976805831677,56.14710998535156,material,0.4963655703161713,0.4979528628610789,0.5040411442698216,0.008082288539643212,1.5378753532324525,0.09664089286412803,-1.3903260699513371,-0.08158826383764549,-0.10447578493316025,-0.004881047471178386,1.5364677614581548,0.09659152981887414,1.6258422315424483,0.13278681858714106,0.25887915775065673,0.024958265826734615,0.16657439229005222,0.02389816541177406,0.3321681358105323,0.03083554907493284,0.10355830679588926,0.00671098722987854,0.0924429833627159,0.0070133847767492995,0.20411575295921486,0.01776394994344721,-0.7361102829763998,-0.08574720906224408,0.21736122526562268,0.011446348980621532,0.16055546893676043,0.018712344418190006,K04_agglom_frac,1.6258422315424483,sharpness_c0,-0.7361102829763998
937,0.005301524188204109,42.04277420043945,rare,,,,,,,,,,,,,,,,,,,,,,,,,,,,,,,,,,,,
938,0.0019880715705765406,21.718585968017578,rare,,,,,,,,,,,,,,,,,,,,,,,,,,,,,,,,,,,,
939,0.00728959575878065,47.63237380981445,imaging,0.49530315969257044,0.5006514712895037,0.502805050326682,0.009393680614859123,0.050000148813345066,0.03023703021788183,0.010037444467458696,-0.016765204873116477,-0.058024902230394186,0.0073598419459054015,0.049243566622767763,0.030147635389792572,-0.247470231299792,-0.0033030686442605674,0.41701444353851663,0.03519523707194469,-0.26478851189670627,-0.003967783069232651,0.5064077605497378,0.033608827715613895,-0.6485155726166344,-0.05356855793011873,-0.6352468362221966,-0.05197376459409336,-0.6077082307786811,-0.05100702856245371,-0.5877464163778896,-0.04829047590042169,-0.6017668470736668,-0.053038686420497715,-0.3033214603881656,-0.037892949840266255,K04_agglom_frac,-0.247470231299792,noise_sigma_c0,-0.6485155726166344
940,0.011928429423459244,64.9259262084961,imaging,0.49994946917366945,0.49763013771211956,0.5017729118841604,0.004739724575760884,-0.19451398388349267,-0.007468806321698433,0.2913995171001458,0.027825843111977052,-0.2774705668189682,-0.017685587470222048,-0.19516358068876744,-0.007524635000102483,-0.33683289149024903,-0.0382310813155339,0.5342435606581036,0.019410374143678542,0.09047112912773875,0.01711225999316869,0.6667330131598398,0.04238514036890302,-0.2269715025003178,-0.009443950569654549,-0.08451694164640787,0.012326033734054427,-0.09800257995808975,0.00995114965568342,-0.16769936684832704,0.004337341562580645,0.12431267261560644,0.013712408878268053,0.175825467815716,0.02500216670377941,K04_agglom_frac,-0.33683289149024903,p1_c2,0.6667330131598398
941,0.00728959575878065,55.97264099121094,imaging,0.4991333963284301,0.5024710149465095,0.4987939254811937,0.004942029893018951,-0.3565434517017689,-0.010838849638354187,0.12931494805255273,-0.003587834809098719,0.56561226308975,0.04083353292239328,-0.35712215362755106,-0.010928339169666908,-0.33683287861738537,-0.028417121248368652,-0.2683425079656335,-0.03956839674902798,-0.6926802665180485,-0.05285287832689657,-0.14613975591539222,-0.009123076630340043,0.09478473318854466,-0.005706378261029154,-0.014313493018224113,-0.0005420187699888623,0.10030981477948284,0.006316931540353841,-0.01936518145163428,-0.0051736032905139884,-0.3044492511113893,-0.017934284257736688,-0.21051958258781814,-0.004964586650530309,frac_pore,0.56561226308975,p1_c1,-0.6926802665180485
942,0.00927766732935719,56.31214141845703,mixed,0.501639725314428,0.4957202791813378,0.5019918770969451,0.008559441637324361,-0.34942881317088004,-0.014248018468255822,0.33296234518998197,0.024894810091330016,0.07897149782305396,-0.008416821006990115,-0.35001062806285294,-0.014311532518102178,-0.3368328892943485,-0.03367006446576788,0.2882519139546817,0.01804809487176775,0.2043494983405655,0.02503617497187806,0.403948716708171,0.033147460170165136,-0.4268421662364225,-0.03537085808373962,-0.3028527514499642,-0.01968233569633652,-0.33635328372193557,-0.022680939669011486,-0.3247543107113675,-0.017720266191313592,-0.049142305463561256,0.00902851447848099,-0.12820824021533242,-0.00189691675113679,K01_si_frac_adm,-0.35001062806285294,noise_sigma_c0,-0.4268421662364225
943,0.0033134526176275677,28.066287994384766,rare,,,,,,,,,,,,,,,,,,,,,,,,,,,,,,,,,,,,
944,0.0,0.0,rare,,,,,,,,,,,,,,,,,,,,,,,,,,,,,,,,,,,,
945,0.00927766732935719,49.35834884643555,material,0.4959246888564368,0.5048577360108282,0.4992865972099593,0.009715472021656346,-0.8102353821105159,-0.12303297032486138,0.4589954035383642,0.020323706864192846,1.1676313308834874,0.11342684082363147,-0.8106155743147876,-0.12303297000259131,-0.33683289905472386,-0.026949546314957697,-0.29451040838509135,-0.032207858258663964,-0.812076471372705,-0.06742189109114902,-0.15124456233528177,-0.02386085262699161,-0.12045790306048046,-0.056501612283239626,0.037871085652942206,-0.03154596237579757,-0.18103764977653725,-0.0553409762812081,1.122720918537785,0.07276517388982026,-0.5118549020240335,-0.0739924347373927,0.4502706641962248,0.0034701096996366185,frac_pore,1.1676313308834874,sharpness_c0,1.122720918537785
946,0.013253810470510271,78.8283920288086,mixed,0.5009752449481806,0.5003492175119335,0.4990623344517041,0.0019504898963611517,0.192404214458017,0.011396823768706908,-0.1799903257765921,-0.011978079014806887,0.0726834616088675,-0.010705936319356886,0.1915853242657352,0.011290173367227927,-0.006956796676537441,-0.020155570608814448,0.049083584285315306,-0.016456345622654706,-0.23789665995266843,-0.032264498060443604,0.12701971968465262,0.008551754732727436,0.09483086762861549,0.02848335889931884,0.026930728371434114,0.030183036641652287,0.12889666284017914,0.030251531513552896,-0.18010919989340762,0.0078585215552133,0.01529806625205957,0.025209462672980264,0.144963839560112,0.03290504224464004,frac_si,0.192404214458017,p1_c1,-0.23789665995266843
947,0.005301524188204109,35.4242057800293,rare,,,,,,,,,,,,,,,,,,,,,,,,,,,,,,,,,,,,
948,0.0,0.0,rare,,,,,,,,,,,,,,,,,,,,,,,,,,,,,,,,,,,,
949,0.00927766732935719,62.250526428222656,material,0.5016548845623272,0.499323240545839,0.49933957266466533,0.003309769124654416,-0.14775131914295112,-0.002148374519639585,-0.3737705419196583,-0.041177111121967175,1.105371185968992,0.08831475909042426,-0.13964937947642878,-0.0013817258320550354,-0.3368328660805431,-0.03367006446576788,-0.3874365773287284,-0.04662184293990412,-0.40230308901592077,-0.04962943485313015,-0.30967909941767047,-0.053150249265786306,0.03978654754698555,-0.019334174370226147,0.20533063635389803,0.008904097534649361,-0.039830829990636696,-0.030751342733178526,-0.39853760475608835,-0.025233190494985562,0.012193289754879093,-0.0014378401002070021,-0.2938238695548326,-0.03521851249147936,frac_pore,1.105371185968992,p1_c1,-0.40230308901592077
950,0.00728959575878065,49.53213119506836,material,0.49911823708053094,0.4970172007687602,0.5028032844781918,0.005965598462479571,-0.6129629707568897,-0.056956976143696714,0.7411570261216,0.08107535832007653,-0.38334020000526753,-0.028653276823185986,-0.6134294781070249,-0.05699264856432444,-0.3368328892943485,-0.029814417850313527,0.14593626141981272,0.03177488797877419,0.4236629282111861,0.030700510736940054,-0.04060498607149797,0.009311341518390664,-0.4528742309276052,-0.03225962136964811,-0.31815049016893643,-0.02839656435320825,-0.49708990643210893,-0.03287281740578156,0.16163696525615479,0.019893603420398233,-0.25803791029601264,-0.01670713366313273,-0.3256249955733121,-0.011548782649970838,frac_graphite,0.7411570261216,noise_sigma_c2,-0.49708990643210893
951,0.003976143141153081,38.539554595947266,rare,,,,,,,,,,,,,,,,,,,,,,,,,,,,,,,,,,,,
952,0.0013253810470510272,18.391071319580078,rare,,,,,,,,,,,,,,,,,,,,,,,,,,,,,,,,,,,,
953,0.005964214711729622,34.04499053955078,rare,,,,,,,,,,,,,,,,,,,,,,,,,,,,,,,,,,,,
954,0.015241882041086813,82.6917724609375,material,0.5034727310395707,0.49903784554470704,0.4982782977220555,0.0069454620791413735,-0.15570287182444872,-0.011242420621906783,-0.11380078903200419,-0.020304115755671717,0.7512096005494124,0.09013731804283384,-0.15636945017684165,-0.01130460522171759,-0.33683289807795047,-0.04329079070060326,-0.17299861854410886,-0.046536075964184735,-0.48417681394476125,-0.07181238257619146,-0.13233804292159856,-0.03159794203324732,-0.11680717418581466,-0.013788864695722795,-0.013960486279419534,0.0015988431095296548,-0.16026464324158302,-0.021184430516978,-0.21308074216911613,-0.00395164929998869,-0.32412893871545945,-0.03669155886060779,-0.18722647572649811,0.0007857663212903185,frac_pore,0.7512096005494124,p1_c1,-0.48417681394476125
955,0.011928429423459244,75.83965301513672,material,0.5018822732808149,0.5030538469319435,0.4964453469892283,0.00710930602154336,0.12406085539661457,0.009478026563900378,-0.553794391352495,-0.06883515848664927,1.4993116790783154,0.12546890462229682,0.12327186838597537,0.009394060623068527,-0.13902941964362467,-0.015711923526190563,-0.42480305729739987,-0.0658920944746145,-0.568237892118927,-0.06698724013553262,-0.27497402218094613,-0.05090709033944056,0.1741350879711916,-0.008021675905735891,0.26911481710485513,0.006108972584188038,0.06512952971332617,-0.006472740751875645,-0.14847697329293327,-0.021848524938806225,-0.047137342086351564,-0.019987098691244393,-0.19572946355830212,-0.02973897166140742,frac_pore,1.4993116790783154,p1_c1,-0.568237892118927
956,0.012591119946984758,69.16226196289062,material,0.5109171850287266,0.497183380136508,0.4944349284831362,0.021834370057453256,-0.05027286479078471,-0.0029391699948701565,-0.1507066141726684,-0.011908866656242719,0.5568386893009798,0.051406103928036156,-0.05098557324953388,-0.0029664754418101667,0.09864618822776547,0.0014877258048788932,-0.2561606221643217,-0.04183717908321243,-0.404785746103247,-0.04188510996784843,-0.1765352157122541,-0.01999930142596572,0.25825709858580276,0.021935677312218804,0.10440822863574073,0.002733337655191713,0.23959792135212496,0.02135455699731874,0.03536626075616747,0.04063899160805102,0.0398516189263606,0.01605154723744779,0.026986774666850434,-0.0013180040488071365,frac_pore,0.5568386893009798,p1_c1,-0.404785746103247
957,0.0013253810470510272,17.02796173095703,rare,,,,,,,,,,,,,,,,,,,,,,,,,,,,,,,,,,,,
958,0.003976143141153081,31.772275924682617,rare,,,,,,,,,,,,,,,,,,,,,,,,,,,,,,,,,,,,
959,0.017892644135188866,96.9959716796875,mixed,0.5055773399562403,0.4954698059313992,0.49942345046794984,0.011154679912480647,-0.22103104416560054,-0.006061274330478172,0.22989038358338532,0.019515297228917018,-0.15448375283135357,-0.031133742675829832,-0.22166903861687653,-0.00616476962262347,-0.3368328846629713,-0.04607543549339335,-0.22380872986665137,-0.023630876065689668,-0.009783427008596732,-0.008558825699233854,-0.2794764710597121,-0.03312288808563433,0.13583027200602896,0.027883439639308023,0.1812434243432512,0.01468828565747757,0.14234394254675975,0.019843899231729186,0.022711141374255804,0.00844535055679112,0.20311936621318788,0.022628394449173726,-0.14791755738566514,-0.009947364558803082,K04_agglom_frac,-0.3368328846629713,p1_c2,-0.2794764710597121
960,0.004638833664678595,41.665794372558594,rare,,,,,,,,,,,,,,,,,,,,,,,,,,,,,,,,,,,,
961,0.008614976805831677,50.15522384643555,material,0.5058641023956666,0.5016280761246008,0.494707752074872,0.011728204791333185,-0.4918234620034236,-0.05396554808082447,0.5480336670457661,0.07215523982684778,-0.1998331208017247,-0.02096841373559201,-0.4923429731159056,-0.054047921076099785,-0.33683289765076396,-0.03115089719541056,-0.2720904472800586,-0.0032872037049035963,-0.02309430090012636,-0.00043097649607089775,-0.26670721153583365,0.009331259694422065,0.3944697145425091,0.033088462206853485,0.38977532477398663,0.0375748458405764,0.4369964552534018,0.04712393680152126,0.38671427044643625,0.07035617612946371,0.20341835095346814,0.030271302970502005,0.33000495197963453,0.05481796424276994,frac_graphite,0.5480336670457661,noise_sigma_c2,0.4369964552534018
962,0.00927766732935719,53.35533905029297,imaging,0.4978246479264675,0.501165663970868,0.5006657248808053,0.004350704147064954,0.028645181815300937,0.0050562155838986085,0.18954360178848345,0.022300760797750046,-0.5783062884026097,-0.05844895414839455,0.027897943243123405,0.004961175782605072,-0.3368329018423514,-0.03367006446576788,0.2735303999175135,0.04646620412460278,0.7302779604189076,0.06884096925776713,0.1564718879292607,0.062449880335508946,-0.30499507707508444,-0.02821505414623468,-0.22333196583758558,-0.02760014083209884,-0.3574437504100082,-0.029717584302812787,-0.14844200017568404,-0.024644986049071626,-0.11745544235600666,-0.0197068573590322,-0.3292371828984778,-0.0249414121517266,frac_pore,-0.5783062884026097,p1_c1,0.7302779604189076
963,0.009940357852882704,60.13737869262695,imaging,0.49551665243381715,0.5043736482873892,0.4999267172876567,0.008966695132365698,-0.2298772259522059,-0.005047049557600638,0.17476460242399028,0.0040824675160094385,0.01791284881990235,0.01947450998377098,-0.22907307466009055,-0.004730028696156994,-0.33683289191978655,-0.03367006446576788,-0.15690531612612565,-0.026539315732826262,-0.5440474932487991,-0.051305942137717164,-0.005098860345551507,-0.0026512695292191784,-0.05402264217775084,-0.010919934751182213,0.13404163364155694,0.004683383599419677,0.027563639004069558,1.7031705269909493e-05,-0.3628212519266309,-0.02452082858389449,-0.10139755179943892,-0.016560965602118314,0.053985902801290876,0.003904305028705112,K04_agglom_frac,-0.33683289191978655,p1_c1,-0.5440474932487991
964,0.003976143141153081,33.11769104003906,rare,,,,,,,,,,,,,,,,,,,,,,,,,,,,,,,,,,,,
965,0.0066269052352551355,44.51403045654297,material,0.5071501119257804,0.49927507261315857,0.49553416916828535,0.014300223851560823,0.9450160862902406,0.038742846328083454,-0.7580690044801406,-0.029127221302958816,-0.6454041806820272,-0.04008550890661564,0.9438678959825575,0.03864933059263159,0.39791110973787014,0.02251014959623997,0.29083409348211375,0.0014542406362872222,0.13315604029233064,-0.025302371339931254,0.04133169129110512,-0.021912281673220457,0.29717759811948435,0.05307846477202174,0.07522743853425681,0.030199016630714302,0.2580493330261026,0.041994937877941695,0.3139243598975612,0.040082230858027736,0.06120496166010592,0.02757565475880368,-0.11228081019503372,0.008134124074397623,frac_si,0.9450160862902406,sharpness_c0,0.3139243598975612
966,0.015904572564612324,77.54554748535156,mixed,0.4954320132997135,0.49501221057093453,0.506849726293484,0.01369945258696803,-0.2351817906523331,-0.004490706863206051,0.3188932346570833,0.037425342166249195,-0.25429178578680484,-0.03783538627786628,-0.2358135935320781,-0.004563762245469202,-0.3368328763931007,-0.04329079070060326,0.03843262098942951,0.009468334478578274,0.29629688683709454,0.0384365308068172,0.053659533928729325,0.04269386543317044,-0.03438122376992062,-0.0019141832444797755,0.11682970803671873,0.01273395350019098,0.04912733889687078,0.00796029223877594,-0.2357117809684724,-0.0179507700354892,0.23996656484159426,0.03540025471225644,0.08663105253827058,0.03258306483964855,K04_agglom_frac,-0.3368328763931007,p1_c1,0.29629688683709454
967,0.005964214711729622,46.0570068359375,rare,,,,,,,,,,,,,,,,,,,,,,,,,,,,,,,,,,,,
968,0.013916500994035786,73.26274871826172,imaging,0.5120402326439245,0.5017460875596681,0.4903046088645594,0.024080465287849018,-0.4855686057435858,-0.05291907337257604,0.5470694849259244,0.06819629609688543,-0.3099532215227716,-0.04700613799907138,-0.4860908537084965,-0.05299702590714533,-0.3368329301606969,-0.04032698302125703,-0.3460181589076801,-0.025973774247384812,-0.28805035350157626,-0.015551388782596768,-0.3582489151021393,-0.03237256933086722,0.5594422540302061,0.06173877399985583,0.42616502642919696,0.042032806098062855,0.5892288560857368,0.06554595932671357,0.6629532712908486,0.08507154278943788,0.4177213726584182,0.05258079614434824,0.3617458849342202,0.05299319920269068,frac_graphite,0.5470694849259244,sharpness_c0,0.6629532712908486
969,0.0033134526176275677,27.54498291015625,rare,,,,,,,,,,,,,,,,,,,,,,,,,,,,,,,,,,,,
970,0.004638833664678595,43.47248840332031,rare,,,,,,,,,,,,,,,,,,,,,,,,,,,,,,,,,,,,
971,0.008614976805831677,56.542625427246094,mixed,0.49635041106827216,0.5034235358152662,0.5000406145152745,0.007299177863455686,-0.2585731835884287,-0.00026911721619067905,0.37082032167151957,0.014850016034650105,-0.31648891612249097,-0.022649081748682912,-0.2591947517456797,-0.00030186574629863493,-0.3368328974149643,-0.03115089719541056,-0.06686716374296046,-0.0041007612407872734,0.09968200151732011,0.015143328852351805,-0.041538596425807824,0.01740808053071755,-0.0706021089588939,-0.018485947161166465,-0.023842977259222235,-0.015965131212246252,-0.06904866031184376,-0.01746246871388123,-0.009417832265403346,-0.02495349784847603,-0.22431539903906567,-0.02871804793864468,-0.024066631755418656,-0.014732087491771484,frac_graphite,0.37082032167151957,sharpness_c1,-0.22431539903906567
972,0.0026507620941020544,22.381343841552734,rare,,,,,,,,,,,,,,,,,,,,,,,,,,,,,,,,,,,,
973,0.0066269052352551355,47.012962341308594,mixed,0.4995477491043411,0.4974543247578357,0.5021825887338865,0.005091350484328627,-0.4446564445756016,-0.028702987460697386,0.32912116587333257,0.027706619745318132,0.44689372028013163,0.019242046751799385,-0.4451965933138731,-0.02873111911489248,-0.33683290560675333,-0.028417121248368652,-0.02436916642122452,0.0017256601426127733,0.010584813928406248,0.0024970673654718272,-0.0754762084243706,0.0012440045798029578,-0.35747796517944147,-0.04422605667961056,-0.35842703432604706,-0.034127486434126865,-0.40005776301687074,-0.04556523485267194,-0.4670335102951955,-0.03310048244530055,-0.4725566399445459,-0.036712130948992665,-0.10204422553722506,-0.0029001984299846465,frac_pore,0.44689372028013163,sharpness_c1,-0.4725566399445459
974,0.0066269052352551355,53.57221603393555,material,0.49953258985644194,0.5010789616920431,0.49953558184707747,0.002157923384086269,0.7690824361056687,0.05853636347783505,-0.6369370077338853,-0.047944591219653075,-0.26702132019041785,-0.021825499090466716,0.7680112243628259,0.05849888748713531,0.2848011871580155,0.02617302052415062,0.22967182281254664,0.01293545161764827,0.0413972871740877,-0.006747579211270752,0.23555662015960038,0.018325980162462178,-0.29326172157931485,0.0061098623641991845,-0.2330109160432204,-0.00027708506485865056,-0.2785897733704537,0.007795061417453101,-0.7674107034267976,-0.06226002004660027,0.014788316464611616,-0.0013761063198697557,-0.1328016694626462,0.007421058706590079,frac_si,0.7690824361056687,sharpness_c0,-0.7674107034267976
975,0.005964214711729622,39.53129577636719,rare,,,,,,,,,,,,,,,,,,,,,,,,,,,,,,,,,,,,
976,0.005301524188204109,44.11119842529297,rare,,,,,,,,,,,,,,,,,,,,,,,,,,,,,,,,,,,,
977,0.0019880715705765406,20.8370418548584,rare,,,,,,,,,,,,,,,,,,,,,,,,,,,,,,,,,,,,
978,0.005964214711729622,49.8649787902832,rare,,,,,,,,,,,,,,,,,,,,,,,,,,,,,,,,,,,,
979,0.010603048376408217,61.82862854003906,mixed,0.502668027630256,0.5021097554514057,0.49658838071693456,0.006823238566130874,0.33020078003485165,0.01445900930124594,-0.3712725037550917,-0.014652835067211597,0.025949089055054886,0.010650953320562054,0.3339987835869175,0.01478461451878093,0.4866096076471925,0.02712612845264318,0.0672717333285518,-0.01024041218633691,-0.08155545112731405,-0.034724120333784414,-0.028029612837141893,-0.020889005805405172,-0.04649417960188673,0.011272093754379209,-0.13443845805037968,-0.00471189629049437,-0.12588175653168635,0.0022768325403361854,-0.018112560475335278,0.010159711410048906,-0.1561612400367867,-0.011232742638736061,0.1303703922947185,0.028800737716009685,K04_agglom_frac,0.4866096076471925,sharpness_c1,-0.1561612400367867
980,0.0,0.0,rare,,,,,,,,,,,,,,,,,,,,,,,,,,,,,,,,,,,,
981,0.007952286282306162,46.871803283691406,mixed,0.4986685127261886,0.5002119389037942,0.5007752074871976,0.002662974547622765,-0.10276295193465239,-0.009944795532397422,0.2451272130431336,0.030802621723271664,-0.45361157625701737,-0.03703035105599619,-0.10345269378708671,-0.01001321677637452,0.3135341468632062,0.025827657568646932,0.13726086305189056,0.01508613437387925,0.17199397552588422,0.019756754963095733,0.05146687965992087,0.021735288021198396,-0.06328593078782922,0.014199776067877343,0.016640338866807554,0.01045001056539886,-0.06534683555359888,0.01301696457942482,0.08055326018132497,0.025989890117230855,-0.08205686259066441,0.007807009752701293,0.06784826579864238,0.025116713964722356,frac_pore,-0.45361157625701737,p1_c1,0.17199397552588422
982,0.003976143141153081,33.75704574584961,rare,,,,,,,,,,,,,,,,,,,,,,,,,,,,,,,,,,,,
983,0.0066269052352551355,43.24845504760742,imaging,0.4976402104103608,0.495640802092415,0.5048454882571075,0.009690976514215022,-0.8280802360950805,-0.09613029456722816,0.8228494824663495,0.08444733286963294,-0.028934327912810177,-0.0023690530557591385,-0.828452620412801,-0.09613029431542641,-0.33683291050202085,-0.025399510963926338,-0.06226796966677912,0.030228901343412575,0.4859158726339812,0.04305208229143177,-0.30847690325401683,0.021113303810627555,-0.8831487104203684,-0.05709900634264871,-0.6289727104034463,-0.04729819691526549,-1.0238284604631245,-0.06681174486585634,0.399005569480576,0.05528833615865046,-0.8312301090306251,-0.05694751655688837,-0.892098400921574,-0.06246004315754622,K01_si_frac_adm,-0.828452620412801,noise_sigma_c2,-1.0238284604631245
984,0.0013253810470510272,15.717052459716797,rare,,,,,,,,,,,,,,,,,,,,,,,,,,,,,,,,,,,,
985,0.003976143141153081,28.466373443603516,rare,,,,,,,,,,,,,,,,,,,,,,,,,,,,,,,,,,,,
986,0.004638833664678595,33.08803939819336,rare,,,,,,,,,,,,,,,,,,,,,,,,,,,,,,,,,,,,
987,0.00927766732935719,63.576316833496094,mixed,0.4959171092324872,0.5066110487603983,0.4980063570545647,0.013222097520796616,-0.24181374751686224,-0.012348127041943258,0.3250039510727828,0.025874215041017817,-0.1667707034825625,-0.0013928034552180006,-0.24244264862032458,-0.012395720512664936,-0.33683288302034636,-0.03367006446576788,-0.15295728387877405,-0.017964301448984303,-0.08866626837747721,-0.007843405038233381,-0.06249789707597786,0.005393626748712761,0.15024415641388864,0.014289546790798696,0.3257426922067786,0.036430631317490136,0.1445060491406326,0.01739578528759855,-0.15259053771944972,-0.0030492456225645163,0.32840854028349586,0.03802106934610185,0.1823416805177757,0.0288668550580736,K04_agglom_frac,-0.33683288302034636,sharpness_c1,0.32840854028349586
988,0.004638833664678595,34.21299362182617,rare,,,,,,,,,,,,,,,,,,,,,,,,,,,,,,,,,,,,
989,0.009940357852882704,58.341224670410156,mixed,0.5012253725385172,0.4989270592995419,0.49993024898463706,0.0024507450770343553,-0.14591246041376096,0.021093794243010656,0.2879300055246,0.009250152482541876,-0.4251080567245786,-0.04223691732179953,-0.14658332242156366,0.0210325962730587,-0.3368328654531456,-0.034863871151342034,-0.08099901235966778,0.0030122698414369415,0.05023967831417641,0.005856705386979054,-0.12949683687691774,0.017144856160654833,0.18228329265898977,0.010913542780642757,0.36011844218854255,0.02473121485728526,0.19383623854104914,0.006732767233117397,-0.3159088332457694,-0.03282609170315214,0.14894811117948398,0.003619440612162091,0.21536047429511285,0.02631289729567134,frac_pore,-0.4251080567245786,noise_sigma_c1,0.36011844218854255
990,0.0066269052352551355,52.94145202636719,imaging,0.5014451816330553,0.4974567331544697,0.5008546706692567,0.005086533691060602,0.14396380183246807,0.0213957210326285,-0.17378638189034198,-0.021302027898140542,0.13541573689548445,0.02271625946093354,0.14316610642025981,0.021339382963773613,-0.3368328918039493,-0.028417121248368652,0.08021141954866548,0.005704546702685428,-0.275383441989655,-0.021943428750660354,0.07678233403454773,0.006394718325058176,-0.23665347259309663,-0.01911516674084501,-0.3386209762290961,-0.026151959389677935,-0.20318566771346086,-0.012868898991209625,-0.5985121864906306,-0.03939893660301846,-0.27911710750635976,-0.019853753738744647,-0.11941168346385478,0.006188440204163719,K04_agglom_frac,-0.3368328918039493,sharpness_c0,-0.5985121864906306
991,0.0,0.0,rare,,,,,,,,,,,,,,,,,,,,,,,,,,,,,,,,,,,,
992,0.005301524188204109,39.76240539550781,rare,,,,,,,,,,,,,,,,,,,,,,,,,,,,,,,,,,,,
993,0.012591119946984758,83.77290344238281,material,0.5052413099611418,0.502615518744551,0.49441903584672436,0.011161928306551272,-0.1892522392340963,-0.029494637896343014,-0.17975556029799303,-0.02497218038596493,1.1276138235361641,0.11762827472276928,-0.1899041383031768,-0.02958365631367027,-0.33683290118378817,-0.036019696756253675,-0.22403048185821256,-0.06165635056894038,-0.7324249629901053,-0.08158147049988879,-0.06603034024740234,-0.03898468934612434,0.1468391703381864,-0.0015106740800355256,0.12036110047736534,-0.004327688933664845,0.05926516870534669,-0.008311853804147635,0.1686838103481585,0.03571133127528897,-0.1212014352656111,-0.014840528850954991,0.0833082259859396,0.010147643866229494,frac_pore,1.1276138235361641,p1_c1,-0.7324249629901053
994,0.004638833664678595,33.56897735595703,rare,,,,,,,,,,,,,,,,,,,,,,,,,,,,,,,,,,,,
995,0.0026507620941020544,27.10342025756836,rare,,,,,,,,,,,,,,,,,,,,,,,,,,,,,,,,,,,,
996,0.0066269052352551355,46.97110366821289,imaging,0.4976452634929938,0.5010717365021411,0.5008599682147272,0.004709473014012366,0.03417320145114304,0.03490156056184216,-0.05371821757697163,-0.024183526391328418,0.1668566500209963,0.013735979928636748,0.03342354417612786,0.0348076969175375,-0.33683288176554677,-0.028417121248368652,0.030486095272023797,-0.013359492349188023,-0.17101866613394573,-0.003674065990780901,0.06614247038468435,0.0029726742356878362,-0.16685837737208445,-0.019816278932924144,-0.01585475200765419,0.0006911719200819415,-0.08317689174570014,-0.011174877941767072,-0.756518690923592,-0.07851942135386282,0.012124801650528283,0.006863608287315706,0.14516418989920055,0.019258629690920882,K04_agglom_frac,-0.33683288176554677,sharpness_c0,-0.756518690923592
997,0.008614976805831677,59.82578659057617,mixed,0.4982667926568603,0.49796731324088306,0.5027017481900053,0.005403496380010697,0.34273693316483794,0.03408023539880806,-0.2566628149136755,-0.026839423674505605,-0.1271258756142962,-0.003850101835178772,0.34185226598125945,0.0339975785413947,-0.3368328767463469,-0.03243408064992298,0.32317565625068645,0.032220231111670904,0.033640251598896824,0.01174112457116178,0.2758204982376862,0.01944316998167134,-0.17228803946101764,-0.029340536833673794,-0.26075447768712884,-0.03154318133935594,-0.11267564554152687,-0.020404182419993647,-0.4070562382241156,-0.04427350633631806,-0.2829909853146167,-0.03520823400596663,-0.007424289542351797,-0.010408405733815669,frac_si,0.34273693316483794,sharpness_c0,-0.4070562382241156
998,0.004638833664678595,42.326072692871094,rare,,,,,,,,,,,,,,,,,,,,,,,,,,,,,,,,,,,,
999,0.01656726308813784,95.01828002929688,material,0.4988289480997883,0.4963585042893544,0.5034884336923892,0.007282991421291185,1.658946965970048,0.15210154020769293,-1.8275248878112484,-0.1662758836260603,0.9237564983475027,0.10645141649640678,1.6574864002027587,0.1520539148977894,1.4133761071938309,0.18647398500234755,0.2957246525121611,-0.0013624814868406511,-0.2264662952987766,-0.03574703285679514,0.32664113592747274,-0.0002585835285772355,-0.0313706430836367,0.014853223455898443,-0.19504524266829337,-0.008481301210139014,-0.048440959147093135,0.0033880534988277276,-0.4320435491642984,-0.060930239250744984,-0.04837814236704976,0.010652338167815575,-0.05570029823891212,-0.01181172459721316,frac_graphite,-1.8275248878112484,sharpness_c0,-0.4320435491642984
1000,0.004638833664678595,38.05473327636719,rare,,,,,,,,,,,,,,,,,,,,,,,,,,,,,,,,,,,,
1001,0.01126573889993373,66.83226776123047,material,0.5023079954926503,0.4980383609415867,0.4998251809994702,0.004615990985300522,-0.7448997193144485,-0.10913080062683685,0.577861117992355,0.06663639657556057,0.30389791370482033,0.03417783650522975,-0.7433497370307546,-0.10827902107653803,-0.33683289898462043,-0.03367006446576788,-0.29256261622386537,-0.045337969064056446,-0.35103569650914807,-0.032143885046115296,-0.2484825328225421,-0.051634809233240264,-0.15830113302328985,-0.020618832361870305,0.006173749494138503,0.004610662244129936,-0.21989086809908004,-0.02643410628838115,0.4646759689596297,0.05981823492680964,0.007102891856880811,-0.005045918021590607,0.2826160943082544,0.024969107191558437,frac_si,-0.7448997193144485,sharpness_c0,0.4646759689596297
1002,0.005964214711729622,46.23695373535156,rare,,,,,,,,,,,,,,,,,,,,,,,,,,,,,,,,,,,,
1003,0.005301524188204109,36.05909729003906,rare,,,,,,,,,,,,,,,,,,,,,,,,,,,,,,,,,,,,
1004,0.012591119946984758,61.40522384643555,imaging,0.4995250102324924,0.5008152422606174,0.499734239802225,0.0016304845212347097,-0.6540536555097958,-0.08499283445121153,0.6743200716035165,0.10211262749719759,-0.059211708304677486,-0.04901932760527504,-0.6545021838872307,-0.08504731855628285,-0.3368328580416996,-0.0382310813155339,-0.14972217964422127,0.0031700298833337616,0.11876169576287869,0.030101358701200454,-0.17372460952029564,0.008202045030552971,0.04657846230040167,-0.010762587661843416,0.0857847860699276,-0.010406026039610642,0.013882732696851197,-0.016271666643744156,0.6984156595744727,0.06742960104427015,0.044427257101537346,-0.009353429251619645,0.24844120955694338,0.008724905437953982,frac_graphite,0.6743200716035165,sharpness_c0,0.6984156595744727
1005,0.004638833664678595,32.72662353515625,rare,,,,,,,,,,,,,,,,,,,,,,,,,,,,,,,,,,,,
1006,0.003976143141153081,38.361534118652344,rare,,,,,,,,,,,,,,,,,,,,,,,,,,,,,,,,,,,,
1007,0.00728959575878065,51.66339111328125,material,0.5048219041025978,0.49703405954519836,0.4988045205721349,0.009643808205195503,0.18161128472396898,0.011147049976186613,-0.11412748874566195,0.016058184144825724,-0.584489865411211,-0.06382667870134212,0.180797116889509,0.011057655198101268,0.12652650778345956,-0.005593936682502319,0.06422312087875243,0.025250078460049088,0.26192694229532726,0.03557152655875926,0.10025879958358921,0.0359355411969275,0.33955742693031493,0.024713038660485933,0.20667124882141322,0.01089837434722183,0.4357432480808441,0.03632968029441112,-0.13857938336036082,-0.0003252160024058588,0.559239424907521,0.04999047079500347,0.19162016160689754,0.03365420330705071,frac_pore,-0.584489865411211,sharpness_c1,0.559239424907521
1008,0.0033134526176275677,31.042879104614258,rare,,,,,,,,,,,,,,,,,,,,,,,,,,,,,,,,,,,,
1009,0.0026507620941020544,24.513832092285156,rare,,,,,,,,,,,,,,,,,,,,,,,,,,,,,,,,,,,,
1010,0.004638833664678595,33.306575775146484,rare,,,,,,,,,,,,,,,,,,,,,,,,,,,,,,,,,,,,
1011,0.005301524188204109,36.332664489746094,rare,,,,,,,,,,,,,,,,,,,,,,,,,,,,,,,,,,,,
1012,0.004638833664678595,32.809654235839844,rare,,,,,,,,,,,,,,,,,,,,,,,,,,,,,,,,,,,,
1013,0.008614976805831677,50.57706832885742,imaging,0.49444918872758326,0.505231037489102,0.5000441462122549,0.01110162254483349,-0.4615328492787619,-0.03285017461506212,0.5128805769888535,0.045188589035688766,-0.13221092992526903,-0.002707342927544673,-0.462065613778424,-0.032899755499216414,-0.3368328667079432,-0.03243408064992298,0.24568408635518518,-0.0016051909444060276,-0.29128622295557166,-0.019800803843520523,0.39356879510064435,0.010860773331413406,-0.3726783780262064,-0.02399179489158375,-0.38401774471985717,-0.020820520394723728,-0.28955093291054135,-0.015614975768897177,0.016961732825329937,0.012739728218002244,-0.5569939274989165,-0.04069731519939745,-0.2957209899491134,-0.025466606094490255,frac_graphite,0.5128805769888535,sharpness_c1,-0.5569939274989165
1014,0.005301524188204109,36.05055236816406,rare,,,,,,,,,,,,,,,,,,,,,,,,,,,,,,,,,,,,
1015,0.00927766732935719,60.98814010620117,mixed,0.5016447783970611,0.501156030384332,0.49800282535758433,0.003994349284831333,0.16518975660272345,0.02316598520223941,-0.11999803133181525,-0.01650644502638066,-0.2440150662280018,-0.025144647603131388,0.16438277395688533,0.023054982707098912,-0.3368328754915452,-0.03367006446576788,0.37195509433254603,0.012599568483638397,-0.06352198121157394,-0.003466011640538508,0.365429098063711,0.00829585164341032,-0.1927398442488747,0.005201032043944639,-0.2979217388578639,-0.007318517571288674,-0.18628981809741935,0.002128211130491126,-0.2736432145900285,-0.016515802498425654,-0.11653161538183843,0.012545312077932722,-0.2213038811964536,-0.01353067913105766,K04_agglom_frac,-0.3368328754915452,p1_c0,0.37195509433254603
1016,0.0019880715705765406,19.806629180908203,rare,,,,,,,,,,,,,,,,,,,,,,,,,,,,,,,,,,,,
1017,0.0066269052352551355,48.154544830322266,mixed,0.505275418268915,0.4974567331544697,0.49817764435811407,0.010550836537829955,0.4356119762607068,0.03956399709702726,-0.46631585096723027,-0.03668353034826528,0.08535689583153054,0.009956290176888984,0.43513804412529433,0.03954515966930457,0.45984694244161584,0.027187340145772333,-0.23144113862950297,-0.028083353698567307,-0.18050060957717165,-0.012293267193567162,-0.11369135014744029,-0.028837890523548966,0.4177933197546271,0.04235417932277645,0.4329005534338495,0.035507867070692194,0.4337559815044913,0.04246076384572424,-0.3125356814849902,-0.02253300478651779,0.4617177416422079,0.03265471097503737,0.0017236225404573874,-0.0008338893664929936,frac_graphite,-0.46631585096723027,sharpness_c1,0.4617177416422079
1018,0.004638833664678595,29.312061309814453,rare,,,,,,,,,,,,,,,,,,,,,,,,,,,,,,,,,,,,
1019,0.0,0.0,rare,,,,,,,,,,,,,,,,,,,,,,,,,,,,,,,,,,,,
1020,0.01126573889993373,79.83184051513672,imaging,0.5060523297237479,0.49988921375483486,0.49585113897227623,0.012104659447495836,0.4197211031026199,0.058892645412336395,-0.48909658664008465,-0.07367024294697902,0.25919869403228973,0.025113286615580373,0.41934266956633126,0.058991768997731744,-0.08428605350947568,0.0030905965973659125,-0.5357346075091833,-0.057953758634486145,-0.40186777394009576,-0.05020619109126496,-0.43818747821694837,-0.046457534091873476,0.37604748067068855,0.03691681001831758,0.3324688075986497,0.026507580237515996,0.32447525620155143,0.030801832631790014,-0.4136600083456424,-0.051071988485113816,0.3258242768192751,0.03695286876897551,0.1270072456359952,0.013728070573700523,frac_graphite,-0.48909658664008465,p1_c0,-0.5357346075091833
1021,0.0066269052352551355,39.12723159790039,material,0.49762757770377813,0.4992702558198905,0.5021931838248278,0.004744844592443731,-0.7163248433058551,-0.06928801474361979,0.8404539632220458,0.08264158304527378,-0.368331135559582,-0.021691479347467714,-0.7167461253832067,-0.06938170415555509,-0.33683288803954814,-0.028417121248368652,-0.14520769213818774,-0.006291465676226948,-0.11177685400426264,0.0030799109688266655,-0.09572698347127528,0.01489623424441403,0.22493332180656678,-0.0011181811290820762,0.4517884810040892,0.02456909542499885,0.3368029909506046,0.01419684469621875,0.7071607156389047,0.05084724655991017,0.281847732965589,0.02124449710822891,0.2737809249175086,0.02158542356605813,frac_graphite,0.8404539632220458,sharpness_c0,0.7071607156389047
1022,0.0,0.0,rare,,,,,,,,,,,,,,,,,,,,,,,,,,,,,,,,,,,,
1023,0.0066269052352551355,42.901710510253906,material,0.5014527612570049,0.4992943397862308,0.4995020307257637,0.002905522514009773,-0.23661141367273786,-0.021959287547351148,0.440710199509175,0.0538203233166504,-0.6478836617173396,-0.07197565958493873,-0.23724259108148557,-0.02201570005669592,-0.33683291062595344,-0.028417121248368652,0.2784645128084244,0.05400142859580407,0.4247342013699187,0.050320348424360124,0.1514890874797658,0.05446385790026456,0.26320641937591027,0.005241380852527917,0.1036466203320275,-0.004540591715304783,0.3585435161757927,0.015741513168100723,0.1440883241899672,0.023305488126529553,0.4573824507725037,0.019517399805752556,0.5816639469472695,0.04588618136501719,frac_pore,-0.6478836617173396,sharpness_c2,0.5816639469472695
