batch,site,kpi_id,curve,x,value
Batch_1,4ih2ggld,K08,g_obs_x,0.25,0.0
Batch_1,4ih2ggld,K08,g_obs_x,0.5,0.2664556514293846
Batch_1,4ih2ggld,K08,g_obs_x,0.75,0.6529172283693091
Batch_1,4ih2ggld,K08,g_obs_x,1.0,0.8985615636210105
Batch_1,4ih2ggld,K08,g_obs_x,1.25,0.7601697463140885
Batch_1,4ih2ggld,K08,g_obs_x,1.5,0.6237400776786589
Batch_1,4ih2ggld,K08,g_obs_x,1.75,0.655288049562131
Batch_1,4ih2ggld,K08,g_obs_x,2.0,0.6720657397834908
Batch_1,4ih2ggld,K08,g_obs_x,2.25,0.5817112887144489
Batch_1,4ih2ggld,K08,g_obs_x,2.5,0.6681607566422927
Batch_1,4ih2ggld,K08,g_obs_x,2.75,0.6239530194364105
Batch_1,4ih2ggld,K08,g_obs_x,3.0,0.6625836501907958
Batch_1,4ih2ggld,K08,g_obs_x,3.25,0.701476673246142
Batch_1,4ih2ggld,K08,g_obs_x,3.5,0.7261132354827712
Batch_1,4ih2ggld,K08,g_obs_x,3.75,0.6104575765623155
Batch_1,4ih2ggld,K08,g_obs_x,4.0,0.6485193048901872
Batch_1,4ih2ggld,K08,g_obs_x,4.25,0.6716273321282865
Batch_1,4ih2ggld,K08,g_obs_x,4.5,0.6270780574511094
Batch_1,4ih2ggld,K08,g_obs_x,4.75,0.7067739186854046
Batch_1,4ih2ggld,K08,g_obs_x,5.0,0.7557876731190131
Batch_1,4ih2ggld,K08,g_obs_x,5.25,0.6125738234894337
Batch_1,4ih2ggld,K08,g_obs_x,5.5,0.7099349414137321
Batch_1,4ih2ggld,K08,g_obs_x,5.75,0.877032461044191
Batch_1,4ih2ggld,K08,g_obs_x,6.0,0.7987849203494841
Batch_1,4ih2ggld,K08,g_obs_x,6.25,0.8881567973969224
Batch_1,4ih2ggld,K08,g_obs_x,6.5,0.850510652291315
Batch_1,4ih2ggld,K08,g_obs_x,6.75,0.8545049907355098
Batch_1,4ih2ggld,K08,g_obs_x,7.0,0.8903669326106446
Batch_1,4ih2ggld,K08,g_obs_x,7.25,0.8345212521248553
Batch_1,4ih2ggld,K08,g_obs_x,7.5,0.8553938649783178
Batch_1,4ih2ggld,K08,g_obs_x,7.75,0.8947250323678229
Batch_1,4ih2ggld,K08,g_obs_x,8.0,0.9303090325703188
Batch_1,4ih2ggld,K08,g_obs_x,8.25,0.9752171141594922
Batch_1,4ih2ggld,K08,g_obs_x,8.5,1.001519153393603
Batch_1,4ih2ggld,K08,g_obs_x,8.75,0.928884881442973
Batch_1,4ih2ggld,K08,g_obs_x,9.0,0.8962772730515745
Batch_1,4ih2ggld,K08,g_obs_x,9.25,0.8436376586314647
Batch_1,4ih2ggld,K08,g_obs_x,9.5,0.9692618692049815
Batch_1,4ih2ggld,K08,g_obs_x,9.75,0.961536106617226
Batch_1,4ih2ggld,K08,g_obs_x,10.0,0.9994395184359871
Batch_1,4ih2ggld,K08,env_lo_x,0.25,0.7030775099740398
Batch_1,4ih2ggld,K08,env_lo_x,0.5,0.7662291196091445
Batch_1,4ih2ggld,K08,env_lo_x,0.75,0.8048010295526146
Batch_1,4ih2ggld,K08,env_lo_x,1.0,0.8476752797244449
Batch_1,4ih2ggld,K08,env_lo_x,1.25,0.8210650134738804
Batch_1,4ih2ggld,K08,env_lo_x,1.5,0.8119878188547404
Batch_1,4ih2ggld,K08,env_lo_x,1.75,0.8476011578391363
Batch_1,4ih2ggld,K08,env_lo_x,2.0,0.8245083554678703
Batch_1,4ih2ggld,K08,env_lo_x,2.25,0.8525072826656943
Batch_1,4ih2ggld,K08,env_lo_x,2.5,0.821385586526292
Batch_1,4ih2ggld,K08,env_lo_x,2.75,0.8312614111365383
Batch_1,4ih2ggld,K08,env_lo_x,3.0,0.8421072169233682
Batch_1,4ih2ggld,K08,env_lo_x,3.25,0.844214207838391
Batch_1,4ih2ggld,K08,env_lo_x,3.5,0.845205734660317
Batch_1,4ih2ggld,K08,env_lo_x,3.75,0.8517352372943211
Batch_1,4ih2ggld,K08,env_lo_x,4.0,0.8650848159706478
Batch_1,4ih2ggld,K08,env_lo_x,4.25,0.830696905254732
Batch_1,4ih2ggld,K08,env_lo_x,4.5,0.8350007691968838
Batch_1,4ih2ggld,K08,env_lo_x,4.75,0.8817367392998041
Batch_1,4ih2ggld,K08,env_lo_x,5.0,0.8740589480255059
Batch_1,4ih2ggld,K08,env_lo_x,5.25,0.8671382619408821
Batch_1,4ih2ggld,K08,env_lo_x,5.5,0.8799352798433344
Batch_1,4ih2ggld,K08,env_lo_x,5.75,0.8489026499698724
Batch_1,4ih2ggld,K08,env_lo_x,6.0,0.8999569321946643
Batch_1,4ih2ggld,K08,env_lo_x,6.25,0.8759768515334343
Batch_1,4ih2ggld,K08,env_lo_x,6.5,0.8627492599630254
Batch_1,4ih2ggld,K08,env_lo_x,6.75,0.8658806554694514
Batch_1,4ih2ggld,K08,env_lo_x,7.0,0.8826431641556592
Batch_1,4ih2ggld,K08,env_lo_x,7.25,0.8700774984341277
Batch_1,4ih2ggld,K08,env_lo_x,7.5,0.8776295810522782
Batch_1,4ih2ggld,K08,env_lo_x,7.75,0.8935959930937926
Batch_1,4ih2ggld,K08,env_lo_x,8.0,0.890356464990808
Batch_1,4ih2ggld,K08,env_lo_x,8.25,0.8779278196404737
Batch_1,4ih2ggld,K08,env_lo_x,8.5,0.880165819806746
Batch_1,4ih2ggld,K08,env_lo_x,8.75,0.8831502564935109
Batch_1,4ih2ggld,K08,env_lo_x,9.0,0.8696475663015151
Batch_1,4ih2ggld,K08,env_lo_x,9.25,0.887285742775326
Batch_1,4ih2ggld,K08,env_lo_x,9.5,0.8822726126189515
Batch_1,4ih2ggld,K08,env_lo_x,9.75,0.8867389658481201
Batch_1,4ih2ggld,K08,env_lo_x,10.0,0.8682861741167841
Batch_1,4ih2ggld,K08,env_hi_x,0.25,1.3600124233002324
Batch_1,4ih2ggld,K08,env_hi_x,0.5,1.2053479688202986
Batch_1,4ih2ggld,K08,env_hi_x,0.75,1.1947219766670687
Batch_1,4ih2ggld,K08,env_hi_x,1.0,1.2033444160305857
Batch_1,4ih2ggld,K08,env_hi_x,1.25,1.2322847853319947
Batch_1,4ih2ggld,K08,env_hi_x,1.5,1.1743995029039962
Batch_1,4ih2ggld,K08,env_hi_x,1.75,1.1730075738498447
Batch_1,4ih2ggld,K08,env_hi_x,2.0,1.164133894804511
Batch_1,4ih2ggld,K08,env_hi_x,2.25,1.134478620774081
Batch_1,4ih2ggld,K08,env_hi_x,2.5,1.203369607755502
Batch_1,4ih2ggld,K08,env_hi_x,2.75,1.1837460850321728
Batch_1,4ih2ggld,K08,env_hi_x,3.0,1.185223500326849
Batch_1,4ih2ggld,K08,env_hi_x,3.25,1.1802673027507053
Batch_1,4ih2ggld,K08,env_hi_x,3.5,1.1417478793159033
Batch_1,4ih2ggld,K08,env_hi_x,3.75,1.132974213414059
Batch_1,4ih2ggld,K08,env_hi_x,4.0,1.1363620940559471
Batch_1,4ih2ggld,K08,env_hi_x,4.25,1.1414047726416163
Batch_1,4ih2ggld,K08,env_hi_x,4.5,1.1548346931904576
Batch_1,4ih2ggld,K08,env_hi_x,4.75,1.1070926108659458
Batch_1,4ih2ggld,K08,env_hi_x,5.0,1.119849025050208
Batch_1,4ih2ggld,K08,env_hi_x,5.25,1.1341052468886677
Batch_1,4ih2ggld,K08,env_hi_x,5.5,1.121834130857371
Batch_1,4ih2ggld,K08,env_hi_x,5.75,1.1549756669956945
Batch_1,4ih2ggld,K08,env_hi_x,6.0,1.1287607696708584
Batch_1,4ih2ggld,K08,env_hi_x,6.25,1.1297102012119569
Batch_1,4ih2ggld,K08,env_hi_x,6.5,1.1119200557182496
Batch_1,4ih2ggld,K08,env_hi_x,6.75,1.1300429402303365
Batch_1,4ih2ggld,K08,env_hi_x,7.0,1.120609983929015
Batch_1,4ih2ggld,K08,env_hi_x,7.25,1.1245428428813056
Batch_1,4ih2ggld,K08,env_hi_x,7.5,1.1124712327416664
Batch_1,4ih2ggld,K08,env_hi_x,7.75,1.1183968973658611
Batch_1,4ih2ggld,K08,env_hi_x,8.0,1.1230258798139572
Batch_1,4ih2ggld,K08,env_hi_x,8.25,1.1382078425390738
Batch_1,4ih2ggld,K08,env_hi_x,8.5,1.1418395379045563
Batch_1,4ih2ggld,K08,env_hi_x,8.75,1.135794990128836
Batch_1,4ih2ggld,K08,env_hi_x,9.0,1.1204509566891805
Batch_1,4ih2ggld,K08,env_hi_x,9.25,1.1223197668837128
Batch_1,4ih2ggld,K08,env_hi_x,9.5,1.123836021958711
Batch_1,4ih2ggld,K08,env_hi_x,9.75,1.1231911943861366
Batch_1,4ih2ggld,K08,env_hi_x,10.0,1.134155989802835
Batch_1,4ih2ggld,K08,g_obs_z,0.25,0.023145405234936155
Batch_1,4ih2ggld,K08,g_obs_z,0.5,0.1948798884404987
Batch_1,4ih2ggld,K08,g_obs_z,0.75,0.47845445856314356
Batch_1,4ih2ggld,K08,g_obs_z,1.0,0.5078099902460779
Batch_1,4ih2ggld,K08,g_obs_z,1.25,0.6359054082885793
Batch_1,4ih2ggld,K08,g_obs_z,1.5,0.5943851919855839
Batch_1,4ih2ggld,K08,g_obs_z,1.75,0.6164855073820642
Batch_1,4ih2ggld,K08,g_obs_z,2.0,0.7160213170715016
Batch_1,4ih2ggld,K08,g_obs_z,2.25,0.6232428502429348
Batch_1,4ih2ggld,K08,g_obs_z,2.5,0.556095036570621
Batch_1,4ih2ggld,K08,g_obs_z,2.75,0.6403915915086846
Batch_1,4ih2ggld,K08,g_obs_z,3.0,0.6943287312389788
Batch_1,4ih2ggld,K08,g_obs_z,3.25,0.714110273771195
Batch_1,4ih2ggld,K08,g_obs_z,3.5,0.706304371141077
Batch_1,4ih2ggld,K08,g_obs_z,3.75,0.6978923917564773
Batch_1,4ih2ggld,K08,g_obs_z,4.0,0.7427763332957398
Batch_1,4ih2ggld,K08,g_obs_z,4.25,0.8663176989146363
Batch_1,4ih2ggld,K08,g_obs_z,4.5,0.8711747687592062
Batch_1,4ih2ggld,K08,g_obs_z,4.75,0.8878883914620369
Batch_1,4ih2ggld,K08,g_obs_z,5.0,0.7896135069750481
Batch_1,4ih2ggld,K08,g_obs_z,5.25,0.7862972601041418
Batch_1,4ih2ggld,K08,g_obs_z,5.5,0.897438671138469
Batch_1,4ih2ggld,K08,g_obs_z,5.75,1.0820729998472163
Batch_1,4ih2ggld,K08,g_obs_z,6.0,1.1399296492265603
Batch_1,4ih2ggld,K08,g_obs_z,6.25,1.078622637828544
Batch_1,4ih2ggld,K08,g_obs_z,6.5,1.0337630891466625
Batch_1,4ih2ggld,K08,g_obs_z,6.75,1.1400027504427643
Batch_1,4ih2ggld,K08,g_obs_z,7.0,1.2044758185027593
Batch_1,4ih2ggld,K08,g_obs_z,7.25,1.1140178292085283
Batch_1,4ih2ggld,K08,g_obs_z,7.5,1.0860941766635461
Batch_1,4ih2ggld,K08,g_obs_z,7.75,1.093350948809143
Batch_1,4ih2ggld,K08,g_obs_z,8.0,1.0521397605709688
Batch_1,4ih2ggld,K08,g_obs_z,8.25,1.1564598997819464
Batch_1,4ih2ggld,K08,g_obs_z,8.5,1.0460688058566647
Batch_1,4ih2ggld,K08,g_obs_z,8.75,1.1398920593461885
Batch_1,4ih2ggld,K08,g_obs_z,9.0,1.0375105338859592
Batch_1,4ih2ggld,K08,g_obs_z,9.25,1.0143278317773083
Batch_1,4ih2ggld,K08,g_obs_z,9.5,1.0288661275018427
Batch_1,4ih2ggld,K08,g_obs_z,9.75,0.9323015001780787
Batch_1,4ih2ggld,K08,g_obs_z,10.0,1.0503388084533078
Batch_1,4ih2ggld,K08,env_lo_z,0.25,0.6569964598702056
Batch_1,4ih2ggld,K08,env_lo_z,0.5,0.7598607634005726
Batch_1,4ih2ggld,K08,env_lo_z,0.75,0.7540070016807415
Batch_1,4ih2ggld,K08,env_lo_z,1.0,0.8230587490263118
Batch_1,4ih2ggld,K08,env_lo_z,1.25,0.8405086582032175
Batch_1,4ih2ggld,K08,env_lo_z,1.5,0.8556236370740051
Batch_1,4ih2ggld,K08,env_lo_z,1.75,0.8439611076647252
Batch_1,4ih2ggld,K08,env_lo_z,2.0,0.8255670025622021
Batch_1,4ih2ggld,K08,env_lo_z,2.25,0.853574318346903
Batch_1,4ih2ggld,K08,env_lo_z,2.5,0.8225666115727367
Batch_1,4ih2ggld,K08,env_lo_z,2.75,0.8233587481027552
Batch_1,4ih2ggld,K08,env_lo_z,3.0,0.8172953905631101
Batch_1,4ih2ggld,K08,env_lo_z,3.25,0.8359351257242413
Batch_1,4ih2ggld,K08,env_lo_z,3.5,0.8319928656399944
Batch_1,4ih2ggld,K08,env_lo_z,3.75,0.8189295972278268
Batch_1,4ih2ggld,K08,env_lo_z,4.0,0.8479195207196957
Batch_1,4ih2ggld,K08,env_lo_z,4.25,0.8341991970901511
Batch_1,4ih2ggld,K08,env_lo_z,4.5,0.8195626281389699
Batch_1,4ih2ggld,K08,env_lo_z,4.75,0.8208848201002862
Batch_1,4ih2ggld,K08,env_lo_z,5.0,0.8188429715252666
Batch_1,4ih2ggld,K08,env_lo_z,5.25,0.8360661715530937
Batch_1,4ih2ggld,K08,env_lo_z,5.5,0.8517970334574625
Batch_1,4ih2ggld,K08,env_lo_z,5.75,0.8248683739900137
Batch_1,4ih2ggld,K08,env_lo_z,6.0,0.8749378687221293
Batch_1,4ih2ggld,K08,env_lo_z,6.25,0.8274234882915148
Batch_1,4ih2ggld,K08,env_lo_z,6.5,0.8228238224937034
Batch_1,4ih2ggld,K08,env_lo_z,6.75,0.8332424276897789
Batch_1,4ih2ggld,K08,env_lo_z,7.0,0.8444228159044997
Batch_1,4ih2ggld,K08,env_lo_z,7.25,0.8340607259996566
Batch_1,4ih2ggld,K08,env_lo_z,7.5,0.8562641907845057
Batch_1,4ih2ggld,K08,env_lo_z,7.75,0.8489449282231314
Batch_1,4ih2ggld,K08,env_lo_z,8.0,0.856576426271149
Batch_1,4ih2ggld,K08,env_lo_z,8.25,0.8791722422077438
Batch_1,4ih2ggld,K08,env_lo_z,8.5,0.8570992298249134
Batch_1,4ih2ggld,K08,env_lo_z,8.75,0.8521033671355916
Batch_1,4ih2ggld,K08,env_lo_z,9.0,0.8740860412858434
Batch_1,4ih2ggld,K08,env_lo_z,9.25,0.8755020701461164
Batch_1,4ih2ggld,K08,env_lo_z,9.5,0.8697056458778292
Batch_1,4ih2ggld,K08,env_lo_z,9.75,0.86561092694148
Batch_1,4ih2ggld,K08,env_lo_z,10.0,0.8543437935804904
Batch_1,4ih2ggld,K08,env_hi_z,0.25,1.412222660726204
Batch_1,4ih2ggld,K08,env_hi_z,0.5,1.2888350410660179
Batch_1,4ih2ggld,K08,env_hi_z,0.75,1.2391738233023633
Batch_1,4ih2ggld,K08,env_hi_z,1.0,1.2268030317864
Batch_1,4ih2ggld,K08,env_hi_z,1.25,1.1748695256443347
Batch_1,4ih2ggld,K08,env_hi_z,1.5,1.2049004417325881
Batch_1,4ih2ggld,K08,env_hi_z,1.75,1.207914882653927
Batch_1,4ih2ggld,K08,env_hi_z,2.0,1.148979969814708
Batch_1,4ih2ggld,K08,env_hi_z,2.25,1.1732623411891343
Batch_1,4ih2ggld,K08,env_hi_z,2.5,1.2126739969067422
Batch_1,4ih2ggld,K08,env_hi_z,2.75,1.1852583843112532
Batch_1,4ih2ggld,K08,env_hi_z,3.0,1.1619795973381175
Batch_1,4ih2ggld,K08,env_hi_z,3.25,1.1923550824201707
Batch_1,4ih2ggld,K08,env_hi_z,3.5,1.1865161841036862
Batch_1,4ih2ggld,K08,env_hi_z,3.75,1.1949111066830127
Batch_1,4ih2ggld,K08,env_hi_z,4.0,1.1658699470524683
Batch_1,4ih2ggld,K08,env_hi_z,4.25,1.1536881541606414
Batch_1,4ih2ggld,K08,env_hi_z,4.5,1.171823250063314
Batch_1,4ih2ggld,K08,env_hi_z,4.75,1.170347250648409
Batch_1,4ih2ggld,K08,env_hi_z,5.0,1.1572391801450976
Batch_1,4ih2ggld,K08,env_hi_z,5.25,1.1724702708489179
Batch_1,4ih2ggld,K08,env_hi_z,5.5,1.1815702027027666
Batch_1,4ih2ggld,K08,env_hi_z,5.75,1.1974886584646076
Batch_1,4ih2ggld,K08,env_hi_z,6.0,1.1632857288981966
Batch_1,4ih2ggld,K08,env_hi_z,6.25,1.1691028895349642
Batch_1,4ih2ggld,K08,env_hi_z,6.5,1.1484035761992666
Batch_1,4ih2ggld,K08,env_hi_z,6.75,1.1507895610742975
Batch_1,4ih2ggld,K08,env_hi_z,7.0,1.182708741755124
Batch_1,4ih2ggld,K08,env_hi_z,7.25,1.155827826729965
Batch_1,4ih2ggld,K08,env_hi_z,7.5,1.1699853914840967
Batch_1,4ih2ggld,K08,env_hi_z,7.75,1.1532416296254508
Batch_1,4ih2ggld,K08,env_hi_z,8.0,1.179854459453464
Batch_1,4ih2ggld,K08,env_hi_z,8.25,1.126246525636518
Batch_1,4ih2ggld,K08,env_hi_z,8.5,1.169208199191625
Batch_1,4ih2ggld,K08,env_hi_z,8.75,1.1773691435149063
Batch_1,4ih2ggld,K08,env_hi_z,9.0,1.1511643576366146
Batch_1,4ih2ggld,K08,env_hi_z,9.25,1.1544372606969249
Batch_1,4ih2ggld,K08,env_hi_z,9.5,1.1393510349336977
Batch_1,4ih2ggld,K08,env_hi_z,9.75,1.1397094910757701
Batch_1,4ih2ggld,K08,env_hi_z,10.0,1.1128333218702529
Batch_1,4ih2ggld,K10,cv,1.0,1.938199679717702
Batch_1,4ih2ggld,K10,cv,2.0,1.710643568891761
Batch_1,4ih2ggld,K10,cv,5.0,1.294797937082565
Batch_1,4ih2ggld,K10,cv,10.0,0.9013853852690126
Batch_1,4ih2ggld,K10,cv,20.0,0.5260637394300162
Batch_1,4ih2ggld,K12,band_si_frac,0.0,0.1309745277618775
Batch_1,4ih2ggld,K12,band_si_frac,1.0,0.1802868957621933
Batch_1,4ih2ggld,K12,band_si_frac,2.0,0.1086028339626874
Batch_1,4ih2ggld,K12,band_si_frac,3.0,0.1541883081350956
Batch_1,4ih2ggld,K12,band_si_frac,4.0,0.1632768109585511
Batch_1,4ih2ggld,K13,column_si_frac,5.0,0.13634715025906735
Batch_1,4ih2ggld,K13,column_si_frac,15.0,0.1466839378238342
Batch_1,4ih2ggld,K13,column_si_frac,25.0,0.11332037996545768
Batch_1,4ih2ggld,K13,column_si_frac,35.0,0.2319041450777202
Batch_1,4ih2ggld,K13,column_si_frac,45.0,0.1684153713298791
Batch_1,4ih2ggld,K13,column_si_frac,55.0,0.12251727115716753
Batch_1,4ih2ggld,K13,column_si_frac,65.0,0.11106025605043286
Batch_1,4ih2ggld,K13,column_si_frac,75.0,0.2068708091193563
Batch_1,4ih2ggld,K13,column_si_frac,85.0,0.20664813659311362
Batch_1,4ih2ggld,K13,column_si_frac,95.0,0.08640996205515586
Batch_1,4ih2ggld,K13,column_si_frac,105.0,0.21853009295275014
Batch_1,4ih2ggld,K13,column_si_frac,115.0,0.09629965457685664
Batch_1,4ih2ggld,K13,column_si_frac,125.0,0.08218480138169257
Batch_1,4ih2ggld,K13,column_si_frac,135.0,0.11329447322970639
Batch_1,4ih2ggld,K13,column_si_frac,145.0,0.09072538860103627
Batch_1,4ih2ggld,K13,column_si_frac,155.0,0.19821243523316062
Batch_1,4ih2ggld,K13,column_si_frac,165.0,0.18253454231433505
Batch_1,4ih2ggld,D01,band_graphite_frac,0.0,0.7795309200007895
Batch_1,4ih2ggld,D01,band_graphite_frac,1.0,0.7440131358190395
Batch_1,4ih2ggld,D01,band_graphite_frac,2.0,0.7752884254781596
Batch_1,4ih2ggld,D01,band_graphite_frac,3.0,0.7628525834020968
Batch_1,4ih2ggld,D01,band_graphite_frac,4.0,0.7455687796271654
Batch_1,4ih2ggld,D04,band_pore_frac,0.0,0.05729896571462408
Batch_1,4ih2ggld,D04,band_pore_frac,1.0,0.042452085348281786
Batch_1,4ih2ggld,D04,band_pore_frac,2.0,0.06915168056230606
Batch_1,4ih2ggld,D04,band_pore_frac,3.0,0.030953641867608933
Batch_1,4ih2ggld,D04,band_pore_frac,4.0,0.03803799711069316
Batch_1,5n1q8atc,K08,g_obs_x,0.25,0.0
Batch_1,5n1q8atc,K08,g_obs_x,0.5,0.40891418064220564
Batch_1,5n1q8atc,K08,g_obs_x,0.75,0.6400798896100636
Batch_1,5n1q8atc,K08,g_obs_x,1.0,0.574297963041744
Batch_1,5n1q8atc,K08,g_obs_x,1.25,0.7389291940333425
Batch_1,5n1q8atc,K08,g_obs_x,1.5,0.6960884653839238
Batch_1,5n1q8atc,K08,g_obs_x,1.75,0.5392450868662919
Batch_1,5n1q8atc,K08,g_obs_x,2.0,0.5709365071001425
Batch_1,5n1q8atc,K08,g_obs_x,2.25,0.5529348776163061
Batch_1,5n1q8atc,K08,g_obs_x,2.5,0.5828687215682729
Batch_1,5n1q8atc,K08,g_obs_x,2.75,0.6545508430791595
Batch_1,5n1q8atc,K08,g_obs_x,3.0,0.6167951036735219
Batch_1,5n1q8atc,K08,g_obs_x,3.25,0.6275428827974149
Batch_1,5n1q8atc,K08,g_obs_x,3.5,0.6553592971680386
Batch_1,5n1q8atc,K08,g_obs_x,3.75,0.6964643878098558
Batch_1,5n1q8atc,K08,g_obs_x,4.0,0.7117659238442912
Batch_1,5n1q8atc,K08,g_obs_x,4.25,0.6982271967015663
Batch_1,5n1q8atc,K08,g_obs_x,4.5,0.6756119424280894
Batch_1,5n1q8atc,K08,g_obs_x,4.75,0.7069814193479034
Batch_1,5n1q8atc,K08,g_obs_x,5.0,0.6570460545772868
Batch_1,5n1q8atc,K08,g_obs_x,5.25,0.7886517423916245
Batch_1,5n1q8atc,K08,g_obs_x,5.5,0.8275427854147179
Batch_1,5n1q8atc,K08,g_obs_x,5.75,0.8159021035633138
Batch_1,5n1q8atc,K08,g_obs_x,6.0,0.7584070594572073
Batch_1,5n1q8atc,K08,g_obs_x,6.25,0.7830795624207059
Batch_1,5n1q8atc,K08,g_obs_x,6.5,0.78311877545703
Batch_1,5n1q8atc,K08,g_obs_x,6.75,0.7991302703895824
Batch_1,5n1q8atc,K08,g_obs_x,7.0,0.8487476115061064
Batch_1,5n1q8atc,K08,g_obs_x,7.25,0.8936743195308052
Batch_1,5n1q8atc,K08,g_obs_x,7.5,0.8111493360415407
Batch_1,5n1q8atc,K08,g_obs_x,7.75,0.8466309359787649
Batch_1,5n1q8atc,K08,g_obs_x,8.0,0.8949822461781807
Batch_1,5n1q8atc,K08,g_obs_x,8.25,0.926277739044605
Batch_1,5n1q8atc,K08,g_obs_x,8.5,0.9138430177833035
Batch_1,5n1q8atc,K08,g_obs_x,8.75,0.9450655065111075
Batch_1,5n1q8atc,K08,g_obs_x,9.0,0.9638185386057183
Batch_1,5n1q8atc,K08,g_obs_x,9.25,0.9991712993058879
Batch_1,5n1q8atc,K08,g_obs_x,9.5,1.0185888076755094
Batch_1,5n1q8atc,K08,g_obs_x,9.75,0.9339067021764598
Batch_1,5n1q8atc,K08,g_obs_x,10.0,0.9393878678998473
Batch_1,5n1q8atc,K08,env_lo_x,0.25,0.6416529140852674
Batch_1,5n1q8atc,K08,env_lo_x,0.5,0.7846939799789525
Batch_1,5n1q8atc,K08,env_lo_x,0.75,0.7754253992625199
Batch_1,5n1q8atc,K08,env_lo_x,1.0,0.8229479651455159
Batch_1,5n1q8atc,K08,env_lo_x,1.25,0.8013034943557759
Batch_1,5n1q8atc,K08,env_lo_x,1.5,0.826833262552344
Batch_1,5n1q8atc,K08,env_lo_x,1.75,0.8392798122729851
Batch_1,5n1q8atc,K08,env_lo_x,2.0,0.8327228435351514
Batch_1,5n1q8atc,K08,env_lo_x,2.25,0.8611168446897904
Batch_1,5n1q8atc,K08,env_lo_x,2.5,0.845730931015104
Batch_1,5n1q8atc,K08,env_lo_x,2.75,0.8441532773913563
Batch_1,5n1q8atc,K08,env_lo_x,3.0,0.8279659995608728
Batch_1,5n1q8atc,K08,env_lo_x,3.25,0.8347933645456891
Batch_1,5n1q8atc,K08,env_lo_x,3.5,0.8646280745625814
Batch_1,5n1q8atc,K08,env_lo_x,3.75,0.8597012316096427
Batch_1,5n1q8atc,K08,env_lo_x,4.0,0.8469579039740139
Batch_1,5n1q8atc,K08,env_lo_x,4.25,0.8487705234409068
Batch_1,5n1q8atc,K08,env_lo_x,4.5,0.8329728583491842
Batch_1,5n1q8atc,K08,env_lo_x,4.75,0.8849239635479247
Batch_1,5n1q8atc,K08,env_lo_x,5.0,0.8298985712546026
Batch_1,5n1q8atc,K08,env_lo_x,5.25,0.8471176512446011
Batch_1,5n1q8atc,K08,env_lo_x,5.5,0.8429750237714652
Batch_1,5n1q8atc,K08,env_lo_x,5.75,0.8584361459713359
Batch_1,5n1q8atc,K08,env_lo_x,6.0,0.8269187830536521
Batch_1,5n1q8atc,K08,env_lo_x,6.25,0.8579812280507128
Batch_1,5n1q8atc,K08,env_lo_x,6.5,0.8513844764204823
Batch_1,5n1q8atc,K08,env_lo_x,6.75,0.8557036195026262
Batch_1,5n1q8atc,K08,env_lo_x,7.0,0.8705816932378501
Batch_1,5n1q8atc,K08,env_lo_x,7.25,0.8758420922070758
Batch_1,5n1q8atc,K08,env_lo_x,7.5,0.8464146778994618
Batch_1,5n1q8atc,K08,env_lo_x,7.75,0.855306284394291
Batch_1,5n1q8atc,K08,env_lo_x,8.0,0.8714008535025737
Batch_1,5n1q8atc,K08,env_lo_x,8.25,0.8729833468587669
Batch_1,5n1q8atc,K08,env_lo_x,8.5,0.8821798001420761
Batch_1,5n1q8atc,K08,env_lo_x,8.75,0.8727667224491139
Batch_1,5n1q8atc,K08,env_lo_x,9.0,0.8836813850313826
Batch_1,5n1q8atc,K08,env_lo_x,9.25,0.884673119437148
Batch_1,5n1q8atc,K08,env_lo_x,9.5,0.8742468080302327
Batch_1,5n1q8atc,K08,env_lo_x,9.75,0.8761622143306437
Batch_1,5n1q8atc,K08,env_lo_x,10.0,0.8590197799076005
Batch_1,5n1q8atc,K08,env_hi_x,0.25,1.39634858348994
Batch_1,5n1q8atc,K08,env_hi_x,0.5,1.232940913503913
Batch_1,5n1q8atc,K08,env_hi_x,0.75,1.2102647853202306
Batch_1,5n1q8atc,K08,env_hi_x,1.0,1.1907362647916362
Batch_1,5n1q8atc,K08,env_hi_x,1.25,1.1649427692508687
Batch_1,5n1q8atc,K08,env_hi_x,1.5,1.1990518566728048
Batch_1,5n1q8atc,K08,env_hi_x,1.75,1.1821552819257244
Batch_1,5n1q8atc,K08,env_hi_x,2.0,1.1493153265072964
Batch_1,5n1q8atc,K08,env_hi_x,2.25,1.1408118965691667
Batch_1,5n1q8atc,K08,env_hi_x,2.5,1.1612757418040323
Batch_1,5n1q8atc,K08,env_hi_x,2.75,1.1441594172325662
Batch_1,5n1q8atc,K08,env_hi_x,3.0,1.1903030934333585
Batch_1,5n1q8atc,K08,env_hi_x,3.25,1.1478725174269422
Batch_1,5n1q8atc,K08,env_hi_x,3.5,1.1484020502774985
Batch_1,5n1q8atc,K08,env_hi_x,3.75,1.1848657723133216
Batch_1,5n1q8atc,K08,env_hi_x,4.0,1.1677891900376793
Batch_1,5n1q8atc,K08,env_hi_x,4.25,1.1771766599009037
Batch_1,5n1q8atc,K08,env_hi_x,4.5,1.178116038212582
Batch_1,5n1q8atc,K08,env_hi_x,4.75,1.152930728375389
Batch_1,5n1q8atc,K08,env_hi_x,5.0,1.1929438241740629
Batch_1,5n1q8atc,K08,env_hi_x,5.25,1.1669664194334137
Batch_1,5n1q8atc,K08,env_hi_x,5.5,1.1457493421738323
Batch_1,5n1q8atc,K08,env_hi_x,5.75,1.2070751021706647
Batch_1,5n1q8atc,K08,env_hi_x,6.0,1.1731871321321536
Batch_1,5n1q8atc,K08,env_hi_x,6.25,1.1353667062333772
Batch_1,5n1q8atc,K08,env_hi_x,6.5,1.1579705085102954
Batch_1,5n1q8atc,K08,env_hi_x,6.75,1.1787387179715787
Batch_1,5n1q8atc,K08,env_hi_x,7.0,1.1485319194776895
Batch_1,5n1q8atc,K08,env_hi_x,7.25,1.1654970803346971
Batch_1,5n1q8atc,K08,env_hi_x,7.5,1.1421297679698255
Batch_1,5n1q8atc,K08,env_hi_x,7.75,1.180430576693874
Batch_1,5n1q8atc,K08,env_hi_x,8.0,1.152357850250465
Batch_1,5n1q8atc,K08,env_hi_x,8.25,1.1293913556444388
Batch_1,5n1q8atc,K08,env_hi_x,8.5,1.1375953765655493
Batch_1,5n1q8atc,K08,env_hi_x,8.75,1.129242452966336
Batch_1,5n1q8atc,K08,env_hi_x,9.0,1.1192083929506138
Batch_1,5n1q8atc,K08,env_hi_x,9.25,1.134791337456241
Batch_1,5n1q8atc,K08,env_hi_x,9.5,1.1300424817725951
Batch_1,5n1q8atc,K08,env_hi_x,9.75,1.1348540961467766
Batch_1,5n1q8atc,K08,env_hi_x,10.0,1.122680943617426
Batch_1,5n1q8atc,K08,g_obs_z,0.25,0.030680331516049993
Batch_1,5n1q8atc,K08,g_obs_z,0.5,0.4874276373411774
Batch_1,5n1q8atc,K08,g_obs_z,0.75,0.5819342235385774
Batch_1,5n1q8atc,K08,g_obs_z,1.0,0.5754606191480508
Batch_1,5n1q8atc,K08,g_obs_z,1.25,0.6662046769169655
Batch_1,5n1q8atc,K08,g_obs_z,1.5,0.6078852335909671
Batch_1,5n1q8atc,K08,g_obs_z,1.75,0.6361223245074199
Batch_1,5n1q8atc,K08,g_obs_z,2.0,0.6979175240988181
Batch_1,5n1q8atc,K08,g_obs_z,2.25,0.586585296417563
Batch_1,5n1q8atc,K08,g_obs_z,2.5,0.5663418396600879
Batch_1,5n1q8atc,K08,g_obs_z,2.75,0.5793796019897888
Batch_1,5n1q8atc,K08,g_obs_z,3.0,0.5459218796615892
Batch_1,5n1q8atc,K08,g_obs_z,3.25,0.5362225671167045
Batch_1,5n1q8atc,K08,g_obs_z,3.5,0.6149709849818878
Batch_1,5n1q8atc,K08,g_obs_z,3.75,0.6783801544330338
Batch_1,5n1q8atc,K08,g_obs_z,4.0,0.6395528723209147
Batch_1,5n1q8atc,K08,g_obs_z,4.25,0.615371610250735
Batch_1,5n1q8atc,K08,g_obs_z,4.5,0.7160732853353209
Batch_1,5n1q8atc,K08,g_obs_z,4.75,0.7683220486596525
Batch_1,5n1q8atc,K08,g_obs_z,5.0,0.8405591501367788
Batch_1,5n1q8atc,K08,g_obs_z,5.25,0.8284370586548363
Batch_1,5n1q8atc,K08,g_obs_z,5.5,0.7733413197589455
Batch_1,5n1q8atc,K08,g_obs_z,5.75,0.8222503682502978
Batch_1,5n1q8atc,K08,g_obs_z,6.0,0.8133152679782699
Batch_1,5n1q8atc,K08,g_obs_z,6.25,0.9498402168081845
Batch_1,5n1q8atc,K08,g_obs_z,6.5,1.022928146150418
Batch_1,5n1q8atc,K08,g_obs_z,6.75,0.826419855038585
Batch_1,5n1q8atc,K08,g_obs_z,7.0,0.8806828985511466
Batch_1,5n1q8atc,K08,g_obs_z,7.25,1.0125500737713715
Batch_1,5n1q8atc,K08,g_obs_z,7.5,1.0259285614069529
Batch_1,5n1q8atc,K08,g_obs_z,7.75,0.9268526235924625
Batch_1,5n1q8atc,K08,g_obs_z,8.0,0.8732550590687707
Batch_1,5n1q8atc,K08,g_obs_z,8.25,1.013838932071235
Batch_1,5n1q8atc,K08,g_obs_z,8.5,0.9534961897790865
Batch_1,5n1q8atc,K08,g_obs_z,8.75,0.9828760438306265
Batch_1,5n1q8atc,K08,g_obs_z,9.0,1.0121605423690976
Batch_1,5n1q8atc,K08,g_obs_z,9.25,1.0881271454878398
Batch_1,5n1q8atc,K08,g_obs_z,9.5,0.9354131920853519
Batch_1,5n1q8atc,K08,g_obs_z,9.75,1.0682925559600687
Batch_1,5n1q8atc,K08,g_obs_z,10.0,1.0089851651341148
Batch_1,5n1q8atc,K08,env_lo_z,0.25,0.7343782341672721
Batch_1,5n1q8atc,K08,env_lo_z,0.5,0.7879827001848339
Batch_1,5n1q8atc,K08,env_lo_z,0.75,0.7970247846122129
Batch_1,5n1q8atc,K08,env_lo_z,1.0,0.7899125676707117
Batch_1,5n1q8atc,K08,env_lo_z,1.25,0.8233656212786199
Batch_1,5n1q8atc,K08,env_lo_z,1.5,0.8025990226916085
Batch_1,5n1q8atc,K08,env_lo_z,1.75,0.7867897005298848
Batch_1,5n1q8atc,K08,env_lo_z,2.0,0.8351886623614551
Batch_1,5n1q8atc,K08,env_lo_z,2.25,0.8060919648353791
Batch_1,5n1q8atc,K08,env_lo_z,2.5,0.8480469450795399
Batch_1,5n1q8atc,K08,env_lo_z,2.75,0.8149985396959788
Batch_1,5n1q8atc,K08,env_lo_z,3.0,0.8267161586990699
Batch_1,5n1q8atc,K08,env_lo_z,3.25,0.8667030092366066
Batch_1,5n1q8atc,K08,env_lo_z,3.5,0.8165290658380302
Batch_1,5n1q8atc,K08,env_lo_z,3.75,0.8428881018204899
Batch_1,5n1q8atc,K08,env_lo_z,4.0,0.8571962622284284
Batch_1,5n1q8atc,K08,env_lo_z,4.25,0.8676632404157044
Batch_1,5n1q8atc,K08,env_lo_z,4.5,0.844021727759053
Batch_1,5n1q8atc,K08,env_lo_z,4.75,0.8292769490409089
Batch_1,5n1q8atc,K08,env_lo_z,5.0,0.8174377012759454
Batch_1,5n1q8atc,K08,env_lo_z,5.25,0.8422003189466754
Batch_1,5n1q8atc,K08,env_lo_z,5.5,0.8448353298995183
Batch_1,5n1q8atc,K08,env_lo_z,5.75,0.8550562373504151
Batch_1,5n1q8atc,K08,env_lo_z,6.0,0.8431895714791627
Batch_1,5n1q8atc,K08,env_lo_z,6.25,0.8646926960337084
Batch_1,5n1q8atc,K08,env_lo_z,6.5,0.8512841367190249
Batch_1,5n1q8atc,K08,env_lo_z,6.75,0.8605663945297862
Batch_1,5n1q8atc,K08,env_lo_z,7.0,0.85566261478002
Batch_1,5n1q8atc,K08,env_lo_z,7.25,0.872708458109225
Batch_1,5n1q8atc,K08,env_lo_z,7.5,0.834621879857429
Batch_1,5n1q8atc,K08,env_lo_z,7.75,0.8590931294222812
Batch_1,5n1q8atc,K08,env_lo_z,8.0,0.8438167199505352
Batch_1,5n1q8atc,K08,env_lo_z,8.25,0.8349216748366781
Batch_1,5n1q8atc,K08,env_lo_z,8.5,0.8319807627901659
Batch_1,5n1q8atc,K08,env_lo_z,8.75,0.8481235693198484
Batch_1,5n1q8atc,K08,env_lo_z,9.0,0.8536537969340372
Batch_1,5n1q8atc,K08,env_lo_z,9.25,0.8412998774813858
Batch_1,5n1q8atc,K08,env_lo_z,9.5,0.8404880769674916
Batch_1,5n1q8atc,K08,env_lo_z,9.75,0.8389128128346388
Batch_1,5n1q8atc,K08,env_lo_z,10.0,0.8352814071577521
Batch_1,5n1q8atc,K08,env_hi_z,0.25,1.3123834612290783
Batch_1,5n1q8atc,K08,env_hi_z,0.5,1.2819584370008787
Batch_1,5n1q8atc,K08,env_hi_z,0.75,1.233237297095257
Batch_1,5n1q8atc,K08,env_hi_z,1.0,1.230486824395981
Batch_1,5n1q8atc,K08,env_hi_z,1.25,1.19248425594042
Batch_1,5n1q8atc,K08,env_hi_z,1.5,1.2305767442614002
Batch_1,5n1q8atc,K08,env_hi_z,1.75,1.17551377017894
Batch_1,5n1q8atc,K08,env_hi_z,2.0,1.1804131948010088
Batch_1,5n1q8atc,K08,env_hi_z,2.25,1.1801246739324405
Batch_1,5n1q8atc,K08,env_hi_z,2.5,1.1670590280221889
Batch_1,5n1q8atc,K08,env_hi_z,2.75,1.1753248831241923
Batch_1,5n1q8atc,K08,env_hi_z,3.0,1.1787787880550433
Batch_1,5n1q8atc,K08,env_hi_z,3.25,1.2260565357364939
Batch_1,5n1q8atc,K08,env_hi_z,3.5,1.1741826177722658
Batch_1,5n1q8atc,K08,env_hi_z,3.75,1.1677249721406546
Batch_1,5n1q8atc,K08,env_hi_z,4.0,1.1469830946609763
Batch_1,5n1q8atc,K08,env_hi_z,4.25,1.1795361434171325
Batch_1,5n1q8atc,K08,env_hi_z,4.5,1.2144888115794499
Batch_1,5n1q8atc,K08,env_hi_z,4.75,1.1927580957111246
Batch_1,5n1q8atc,K08,env_hi_z,5.0,1.1915142402663161
Batch_1,5n1q8atc,K08,env_hi_z,5.25,1.1812887812675792
Batch_1,5n1q8atc,K08,env_hi_z,5.5,1.1745262631511948
Batch_1,5n1q8atc,K08,env_hi_z,5.75,1.1683630568243788
Batch_1,5n1q8atc,K08,env_hi_z,6.0,1.2528426067623766
Batch_1,5n1q8atc,K08,env_hi_z,6.25,1.175124831568246
Batch_1,5n1q8atc,K08,env_hi_z,6.5,1.1847163825300944
Batch_1,5n1q8atc,K08,env_hi_z,6.75,1.1625937982913201
Batch_1,5n1q8atc,K08,env_hi_z,7.0,1.1510207568155404
Batch_1,5n1q8atc,K08,env_hi_z,7.25,1.1527173756304228
Batch_1,5n1q8atc,K08,env_hi_z,7.5,1.1526329931294224
Batch_1,5n1q8atc,K08,env_hi_z,7.75,1.1623325035913477
Batch_1,5n1q8atc,K08,env_hi_z,8.0,1.1420443213692995
Batch_1,5n1q8atc,K08,env_hi_z,8.25,1.1572188451293233
Batch_1,5n1q8atc,K08,env_hi_z,8.5,1.1692337123831529
Batch_1,5n1q8atc,K08,env_hi_z,8.75,1.1583702060930483
Batch_1,5n1q8atc,K08,env_hi_z,9.0,1.1353796924869264
Batch_1,5n1q8atc,K08,env_hi_z,9.25,1.1718634924007993
Batch_1,5n1q8atc,K08,env_hi_z,9.5,1.1706440531157523
Batch_1,5n1q8atc,K08,env_hi_z,9.75,1.1517359963282139
Batch_1,5n1q8atc,K08,env_hi_z,10.0,1.1669784824679825
Batch_1,5n1q8atc,K10,cv,1.0,1.905315833094471
Batch_1,5n1q8atc,K10,cv,2.0,1.717911100590082
Batch_1,5n1q8atc,K10,cv,5.0,1.3276423942511544
Batch_1,5n1q8atc,K10,cv,10.0,0.912237398014181
Batch_1,5n1q8atc,K10,cv,20.0,0.575128402288231
Batch_1,5n1q8atc,K12,band_si_frac,0.0,0.17097249072832005
Batch_1,5n1q8atc,K12,band_si_frac,1.0,0.15080412096583287
Batch_1,5n1q8atc,K12,band_si_frac,2.0,0.15614150161761225
Batch_1,5n1q8atc,K12,band_si_frac,3.0,0.17417184265010352
Batch_1,5n1q8atc,K12,band_si_frac,4.0,0.17047931092553517
Batch_1,5n1q8atc,K13,column_si_frac,5.0,0.06781088082901554
Batch_1,5n1q8atc,K13,column_si_frac,15.0,0.09318652849740933
Batch_1,5n1q8atc,K13,column_si_frac,25.0,0.13427892918825562
Batch_1,5n1q8atc,K13,column_si_frac,35.0,0.25208981001727115
Batch_1,5n1q8atc,K13,column_si_frac,45.0,0.15178756476683938
Batch_1,5n1q8atc,K13,column_si_frac,55.0,0.1628929188255613
Batch_1,5n1q8atc,K13,column_si_frac,65.0,0.13205094991364422
Batch_1,5n1q8atc,K13,column_si_frac,75.0,0.06276338514680484
Batch_1,5n1q8atc,K13,column_si_frac,85.0,0.1868091537132988
Batch_1,5n1q8atc,K13,column_si_frac,95.0,0.16964162348877374
Batch_1,5n1q8atc,K13,column_si_frac,105.0,0.2333160621761658
Batch_1,5n1q8atc,K13,column_si_frac,115.0,0.23954231433506046
Batch_1,5n1q8atc,K13,column_si_frac,125.0,0.30197322970639034
Batch_1,5n1q8atc,K13,column_si_frac,135.0,0.16050949913644214
Batch_1,5n1q8atc,K13,column_si_frac,145.0,0.09720639032815198
Batch_1,5n1q8atc,K13,column_si_frac,155.0,0.24820811744386873
Batch_1,5n1q8atc,K13,column_si_frac,165.0,0.14079879101899828
Batch_1,5n1q8atc,D01,band_graphite_frac,0.0,0.7708785409926615
Batch_1,5n1q8atc,D01,band_graphite_frac,1.0,0.7771566519371893
Batch_1,5n1q8atc,D01,band_graphite_frac,2.0,0.7926016432573187
Batch_1,5n1q8atc,D01,band_graphite_frac,3.0,0.7661260364349609
Batch_1,5n1q8atc,D01,band_graphite_frac,4.0,0.7662312896866673
Batch_1,5n1q8atc,D04,band_pore_frac,0.0,0.025037234672137615
Batch_1,5n1q8atc,D04,band_pore_frac,1.0,0.043289621636550146
Batch_1,5n1q8atc,D04,band_pore_frac,2.0,0.022769865067466265
Batch_1,5n1q8atc,D04,band_pore_frac,3.0,0.03209357385558759
Batch_1,5n1q8atc,D04,band_pore_frac,4.0,0.034284079764628966
Batch_1,f1vzngrs,K08,g_obs_x,0.25,0.0
Batch_1,f1vzngrs,K08,g_obs_x,0.5,0.2087580507507771
Batch_1,f1vzngrs,K08,g_obs_x,0.75,0.4511817917377258
Batch_1,f1vzngrs,K08,g_obs_x,1.0,0.5843070148174708
Batch_1,f1vzngrs,K08,g_obs_x,1.25,0.5776298486989792
Batch_1,f1vzngrs,K08,g_obs_x,1.5,0.4869617028030408
Batch_1,f1vzngrs,K08,g_obs_x,1.75,0.6445248993458119
Batch_1,f1vzngrs,K08,g_obs_x,2.0,0.6077179061347053
Batch_1,f1vzngrs,K08,g_obs_x,2.25,0.4167764244547719
Batch_1,f1vzngrs,K08,g_obs_x,2.5,0.37927159806283167
Batch_1,f1vzngrs,K08,g_obs_x,2.75,0.6113707511055464
Batch_1,f1vzngrs,K08,g_obs_x,3.0,1.0511033356365747
Batch_1,f1vzngrs,K08,g_obs_x,3.25,1.0827245493616624
Batch_1,f1vzngrs,K08,g_obs_x,3.5,0.7496423671420837
Batch_1,f1vzngrs,K08,g_obs_x,3.75,0.8816937118474039
Batch_1,f1vzngrs,K08,g_obs_x,4.0,0.9267878230745685
Batch_1,f1vzngrs,K08,g_obs_x,4.25,0.7355283268356348
Batch_1,f1vzngrs,K08,g_obs_x,4.5,0.5857241876342081
Batch_1,f1vzngrs,K08,g_obs_x,4.75,0.6526324939771707
Batch_1,f1vzngrs,K08,g_obs_x,5.0,0.9458129756884713
Batch_1,f1vzngrs,K08,g_obs_x,5.25,1.0810137068310022
Batch_1,f1vzngrs,K08,g_obs_x,5.5,0.9243943006554098
Batch_1,f1vzngrs,K08,g_obs_x,5.75,1.2898767456640545
Batch_1,f1vzngrs,K08,g_obs_x,6.0,1.2661983132677395
Batch_1,f1vzngrs,K08,g_obs_x,6.25,0.7938546961458874
Batch_1,f1vzngrs,K08,g_obs_x,6.5,0.6564475186373796
Batch_1,f1vzngrs,K08,g_obs_x,6.75,0.8089681673130362
Batch_1,f1vzngrs,K08,g_obs_x,7.0,0.9841737254961754
Batch_1,f1vzngrs,K08,g_obs_x,7.25,1.0784713119517426
Batch_1,f1vzngrs,K08,g_obs_x,7.5,1.2916248204595475
Batch_1,f1vzngrs,K08,g_obs_x,7.75,1.284043901520721
Batch_1,f1vzngrs,K08,g_obs_x,8.0,1.2897303137809875
Batch_1,f1vzngrs,K08,g_obs_x,8.25,1.2716475761282875
Batch_1,f1vzngrs,K08,g_obs_x,8.5,0.8511111146777125
Batch_1,f1vzngrs,K08,g_obs_x,8.75,0.9441425007150109
Batch_1,f1vzngrs,K08,g_obs_x,9.0,1.0849913496773438
Batch_1,f1vzngrs,K08,g_obs_x,9.25,0.993357623598632
Batch_1,f1vzngrs,K08,g_obs_x,9.5,1.1034585575885
Batch_1,f1vzngrs,K08,g_obs_x,9.75,1.0729912266083064
Batch_1,f1vzngrs,K08,g_obs_x,10.0,1.0685910365287645
Batch_1,f1vzngrs,K08,env_lo_x,0.25,0.3478395447518453
Batch_1,f1vzngrs,K08,env_lo_x,0.5,0.4956238330859798
Batch_1,f1vzngrs,K08,env_lo_x,0.75,0.5368214705250595
Batch_1,f1vzngrs,K08,env_lo_x,1.0,0.49640816914230346
Batch_1,f1vzngrs,K08,env_lo_x,1.25,0.48564123537829745
Batch_1,f1vzngrs,K08,env_lo_x,1.5,0.5174669951749433
Batch_1,f1vzngrs,K08,env_lo_x,1.75,0.6187384833516744
Batch_1,f1vzngrs,K08,env_lo_x,2.0,0.60722015975182
Batch_1,f1vzngrs,K08,env_lo_x,2.25,0.6149679809382002
Batch_1,f1vzngrs,K08,env_lo_x,2.5,0.6256726201571519
Batch_1,f1vzngrs,K08,env_lo_x,2.75,0.5876021196349258
Batch_1,f1vzngrs,K08,env_lo_x,3.0,0.6664931980678213
Batch_1,f1vzngrs,K08,env_lo_x,3.25,0.6586466955148472
Batch_1,f1vzngrs,K08,env_lo_x,3.5,0.6006820185983551
Batch_1,f1vzngrs,K08,env_lo_x,3.75,0.6123096253527216
Batch_1,f1vzngrs,K08,env_lo_x,4.0,0.5740759262914162
Batch_1,f1vzngrs,K08,env_lo_x,4.25,0.6253298876739037
Batch_1,f1vzngrs,K08,env_lo_x,4.5,0.6241817600082633
Batch_1,f1vzngrs,K08,env_lo_x,4.75,0.6025634666839632
Batch_1,f1vzngrs,K08,env_lo_x,5.0,0.5910005669984841
Batch_1,f1vzngrs,K08,env_lo_x,5.25,0.6338867956122549
Batch_1,f1vzngrs,K08,env_lo_x,5.5,0.6170647397548663
Batch_1,f1vzngrs,K08,env_lo_x,5.75,0.5670013854619529
Batch_1,f1vzngrs,K08,env_lo_x,6.0,0.5464522819145747
Batch_1,f1vzngrs,K08,env_lo_x,6.25,0.6046863375263243
Batch_1,f1vzngrs,K08,env_lo_x,6.5,0.6193815491545974
Batch_1,f1vzngrs,K08,env_lo_x,6.75,0.7038075009760391
Batch_1,f1vzngrs,K08,env_lo_x,7.0,0.6302649882196703
Batch_1,f1vzngrs,K08,env_lo_x,7.25,0.6483006271604657
Batch_1,f1vzngrs,K08,env_lo_x,7.5,0.6415378648326971
Batch_1,f1vzngrs,K08,env_lo_x,7.75,0.6077221306934499
Batch_1,f1vzngrs,K08,env_lo_x,8.0,0.6284106645634784
Batch_1,f1vzngrs,K08,env_lo_x,8.25,0.675193654150913
Batch_1,f1vzngrs,K08,env_lo_x,8.5,0.6542898327537428
Batch_1,f1vzngrs,K08,env_lo_x,8.75,0.5754382260125513
Batch_1,f1vzngrs,K08,env_lo_x,9.0,0.5819366231145296
Batch_1,f1vzngrs,K08,env_lo_x,9.25,0.587156901611964
Batch_1,f1vzngrs,K08,env_lo_x,9.5,0.649553092608543
Batch_1,f1vzngrs,K08,env_lo_x,9.75,0.6062948961914654
Batch_1,f1vzngrs,K08,env_lo_x,10.0,0.6599233412351198
Batch_1,f1vzngrs,K08,env_hi_x,0.25,1.9934288194400565
Batch_1,f1vzngrs,K08,env_hi_x,0.5,1.5661243725564589
Batch_1,f1vzngrs,K08,env_hi_x,0.75,1.4888222075155753
Batch_1,f1vzngrs,K08,env_hi_x,1.0,1.5149449745350692
Batch_1,f1vzngrs,K08,env_hi_x,1.25,1.4625222965699947
Batch_1,f1vzngrs,K08,env_hi_x,1.5,1.4857751929723408
Batch_1,f1vzngrs,K08,env_hi_x,1.75,1.5195916723354237
Batch_1,f1vzngrs,K08,env_hi_x,2.0,1.3405868744679181
Batch_1,f1vzngrs,K08,env_hi_x,2.25,1.4805644785220218
Batch_1,f1vzngrs,K08,env_hi_x,2.5,1.4680613066899655
Batch_1,f1vzngrs,K08,env_hi_x,2.75,1.337275724469699
Batch_1,f1vzngrs,K08,env_hi_x,3.0,1.4241592715885154
Batch_1,f1vzngrs,K08,env_hi_x,3.25,1.493624401809758
Batch_1,f1vzngrs,K08,env_hi_x,3.5,1.4342246589108714
Batch_1,f1vzngrs,K08,env_hi_x,3.75,1.359824282283408
Batch_1,f1vzngrs,K08,env_hi_x,4.0,1.4043205865018882
Batch_1,f1vzngrs,K08,env_hi_x,4.25,1.3644002636093477
Batch_1,f1vzngrs,K08,env_hi_x,4.5,1.3824849495567515
Batch_1,f1vzngrs,K08,env_hi_x,4.75,1.4658632722410283
Batch_1,f1vzngrs,K08,env_hi_x,5.0,1.46819122872995
Batch_1,f1vzngrs,K08,env_hi_x,5.25,1.4068401812712545
Batch_1,f1vzngrs,K08,env_hi_x,5.5,1.4486386830994948
Batch_1,f1vzngrs,K08,env_hi_x,5.75,1.4304656491080852
Batch_1,f1vzngrs,K08,env_hi_x,6.0,1.446565982796038
Batch_1,f1vzngrs,K08,env_hi_x,6.25,1.3869863379089447
Batch_1,f1vzngrs,K08,env_hi_x,6.5,1.4909850015499295
Batch_1,f1vzngrs,K08,env_hi_x,6.75,1.3480561083545761
Batch_1,f1vzngrs,K08,env_hi_x,7.0,1.3306350548757901
Batch_1,f1vzngrs,K08,env_hi_x,7.25,1.3430722893902576
Batch_1,f1vzngrs,K08,env_hi_x,7.5,1.4150541227312303
Batch_1,f1vzngrs,K08,env_hi_x,7.75,1.5143016640784248
Batch_1,f1vzngrs,K08,env_hi_x,8.0,1.5165910740569728
Batch_1,f1vzngrs,K08,env_hi_x,8.25,1.4162427869224912
Batch_1,f1vzngrs,K08,env_hi_x,8.5,1.3874503559117959
Batch_1,f1vzngrs,K08,env_hi_x,8.75,1.4562430062023524
Batch_1,f1vzngrs,K08,env_hi_x,9.0,1.4139406132340138
Batch_1,f1vzngrs,K08,env_hi_x,9.25,1.4336542724393937
Batch_1,f1vzngrs,K08,env_hi_x,9.5,1.3384584082160602
Batch_1,f1vzngrs,K08,env_hi_x,9.75,1.4328418700385028
Batch_1,f1vzngrs,K08,env_hi_x,10.0,1.3350436624141924
Batch_1,f1vzngrs,K08,g_obs_z,0.25,0.0
Batch_1,f1vzngrs,K08,g_obs_z,0.5,0.19755485379008175
Batch_1,f1vzngrs,K08,g_obs_z,0.75,0.28000128703394783
Batch_1,f1vzngrs,K08,g_obs_z,1.0,0.3438918053090556
Batch_1,f1vzngrs,K08,g_obs_z,1.25,0.45960305719869676
Batch_1,f1vzngrs,K08,g_obs_z,1.5,0.4721403097471262
Batch_1,f1vzngrs,K08,g_obs_z,1.75,0.5114079859560074
Batch_1,f1vzngrs,K08,g_obs_z,2.0,0.6773002182144239
Batch_1,f1vzngrs,K08,g_obs_z,2.25,0.8791173824462403
Batch_1,f1vzngrs,K08,g_obs_z,2.5,0.8476242365973786
Batch_1,f1vzngrs,K08,g_obs_z,2.75,0.6919350374061741
Batch_1,f1vzngrs,K08,g_obs_z,3.0,0.6661223348856647
Batch_1,f1vzngrs,K08,g_obs_z,3.25,0.7707219844461517
Batch_1,f1vzngrs,K08,g_obs_z,3.5,1.0189620263854124
Batch_1,f1vzngrs,K08,g_obs_z,3.75,1.0484516931190373
Batch_1,f1vzngrs,K08,g_obs_z,4.0,1.117329814986333
Batch_1,f1vzngrs,K08,g_obs_z,4.25,1.024657155543573
Batch_1,f1vzngrs,K08,g_obs_z,4.5,0.7535500852824967
Batch_1,f1vzngrs,K08,g_obs_z,4.75,1.198407605342484
Batch_1,f1vzngrs,K08,g_obs_z,5.0,1.603818400450718
Batch_1,f1vzngrs,K08,g_obs_z,5.25,1.4409678775843924
Batch_1,f1vzngrs,K08,g_obs_z,5.5,1.0991380271828137
Batch_1,f1vzngrs,K08,g_obs_z,5.75,0.8401466506064038
Batch_1,f1vzngrs,K08,g_obs_z,6.0,1.6249669687031734
Batch_1,f1vzngrs,K08,g_obs_z,6.25,1.7325496229155237
Batch_1,f1vzngrs,K08,g_obs_z,6.5,1.4940590167600185
Batch_1,f1vzngrs,K08,g_obs_z,6.75,1.4632454256065437
Batch_1,f1vzngrs,K08,g_obs_z,7.0,1.1568938437177236
Batch_1,f1vzngrs,K08,g_obs_z,7.25,0.9476752375556443
Batch_1,f1vzngrs,K08,g_obs_z,7.5,0.8505761341430292
Batch_1,f1vzngrs,K08,g_obs_z,7.75,1.1288970818849522
Batch_1,f1vzngrs,K08,g_obs_z,8.0,1.545078179014477
Batch_1,f1vzngrs,K08,g_obs_z,8.25,1.1834711928414554
Batch_1,f1vzngrs,K08,g_obs_z,8.5,1.133667265475561
Batch_1,f1vzngrs,K08,g_obs_z,8.75,1.231356945564212
Batch_1,f1vzngrs,K08,g_obs_z,9.0,1.4582887321597715
Batch_1,f1vzngrs,K08,g_obs_z,9.25,1.3142957869832428
Batch_1,f1vzngrs,K08,g_obs_z,9.5,0.975553581961651
Batch_1,f1vzngrs,K08,g_obs_z,9.75,1.1808453806397534
Batch_1,f1vzngrs,K08,g_obs_z,10.0,1.2489741411372162
Batch_1,f1vzngrs,K08,env_lo_z,0.25,0.38769920564492466
Batch_1,f1vzngrs,K08,env_lo_z,0.5,0.3916018659789746
Batch_1,f1vzngrs,K08,env_lo_z,0.75,0.5432021589595818
Batch_1,f1vzngrs,K08,env_lo_z,1.0,0.4281638379344859
Batch_1,f1vzngrs,K08,env_lo_z,1.25,0.5438768616762171
Batch_1,f1vzngrs,K08,env_lo_z,1.5,0.6019385844342326
Batch_1,f1vzngrs,K08,env_lo_z,1.75,0.5969646479286759
Batch_1,f1vzngrs,K08,env_lo_z,2.0,0.6315341084683644
Batch_1,f1vzngrs,K08,env_lo_z,2.25,0.5152362247173592
Batch_1,f1vzngrs,K08,env_lo_z,2.5,0.6139485499635702
Batch_1,f1vzngrs,K08,env_lo_z,2.75,0.5873190208328565
Batch_1,f1vzngrs,K08,env_lo_z,3.0,0.5263501439929275
Batch_1,f1vzngrs,K08,env_lo_z,3.25,0.5214926343182785
Batch_1,f1vzngrs,K08,env_lo_z,3.5,0.5489586260306278
Batch_1,f1vzngrs,K08,env_lo_z,3.75,0.5571690578153563
Batch_1,f1vzngrs,K08,env_lo_z,4.0,0.4536495237657234
Batch_1,f1vzngrs,K08,env_lo_z,4.25,0.4708328903488905
Batch_1,f1vzngrs,K08,env_lo_z,4.5,0.5384842314621313
Batch_1,f1vzngrs,K08,env_lo_z,4.75,0.5440464591755981
Batch_1,f1vzngrs,K08,env_lo_z,5.0,0.44825959151210865
Batch_1,f1vzngrs,K08,env_lo_z,5.25,0.5534658907500861
Batch_1,f1vzngrs,K08,env_lo_z,5.5,0.4626626055379224
Batch_1,f1vzngrs,K08,env_lo_z,5.75,0.39509676767388663
Batch_1,f1vzngrs,K08,env_lo_z,6.0,0.39680160855366503
Batch_1,f1vzngrs,K08,env_lo_z,6.25,0.4106415237551968
Batch_1,f1vzngrs,K08,env_lo_z,6.5,0.47487730799835115
Batch_1,f1vzngrs,K08,env_lo_z,6.75,0.51313127507936
Batch_1,f1vzngrs,K08,env_lo_z,7.0,0.4753764233738155
Batch_1,f1vzngrs,K08,env_lo_z,7.25,0.4022178704136813
Batch_1,f1vzngrs,K08,env_lo_z,7.5,0.49990719990299787
Batch_1,f1vzngrs,K08,env_lo_z,7.75,0.4307432787839557
Batch_1,f1vzngrs,K08,env_lo_z,8.0,0.4638584217652938
Batch_1,f1vzngrs,K08,env_lo_z,8.25,0.4305280836833119
Batch_1,f1vzngrs,K08,env_lo_z,8.5,0.4132245627688697
Batch_1,f1vzngrs,K08,env_lo_z,8.75,0.5626801302296464
Batch_1,f1vzngrs,K08,env_lo_z,9.0,0.5044186609738243
Batch_1,f1vzngrs,K08,env_lo_z,9.25,0.4925376477363355
Batch_1,f1vzngrs,K08,env_lo_z,9.5,0.5427684925395769
Batch_1,f1vzngrs,K08,env_lo_z,9.75,0.5379543741787519
Batch_1,f1vzngrs,K08,env_lo_z,10.0,0.5555719915342888
Batch_1,f1vzngrs,K08,env_hi_z,0.25,1.7356208124719779
Batch_1,f1vzngrs,K08,env_hi_z,0.5,1.7657079560895876
Batch_1,f1vzngrs,K08,env_hi_z,0.75,1.4927524184513237
Batch_1,f1vzngrs,K08,env_hi_z,1.0,1.6119807486158144
Batch_1,f1vzngrs,K08,env_hi_z,1.25,1.5660426874046598
Batch_1,f1vzngrs,K08,env_hi_z,1.5,1.5511373855256274
Batch_1,f1vzngrs,K08,env_hi_z,1.75,1.477267003745767
Batch_1,f1vzngrs,K08,env_hi_z,2.0,1.416537098631475
Batch_1,f1vzngrs,K08,env_hi_z,2.25,1.4296942283737082
Batch_1,f1vzngrs,K08,env_hi_z,2.5,1.3586274864832408
Batch_1,f1vzngrs,K08,env_hi_z,2.75,1.524856289297297
Batch_1,f1vzngrs,K08,env_hi_z,3.0,1.48614355590639
Batch_1,f1vzngrs,K08,env_hi_z,3.25,1.5232462417764363
Batch_1,f1vzngrs,K08,env_hi_z,3.5,1.5291066197313257
Batch_1,f1vzngrs,K08,env_hi_z,3.75,1.5208370626291305
Batch_1,f1vzngrs,K08,env_hi_z,4.0,1.5778501789383004
Batch_1,f1vzngrs,K08,env_hi_z,4.25,1.5918089690522912
Batch_1,f1vzngrs,K08,env_hi_z,4.5,1.6110954080292905
Batch_1,f1vzngrs,K08,env_hi_z,4.75,1.5391482709432633
Batch_1,f1vzngrs,K08,env_hi_z,5.0,1.5616117034345476
Batch_1,f1vzngrs,K08,env_hi_z,5.25,1.8560256387703715
Batch_1,f1vzngrs,K08,env_hi_z,5.5,1.723053564870527
Batch_1,f1vzngrs,K08,env_hi_z,5.75,1.6717072733847824
Batch_1,f1vzngrs,K08,env_hi_z,6.0,1.6872613630324624
Batch_1,f1vzngrs,K08,env_hi_z,6.25,1.703783777479196
Batch_1,f1vzngrs,K08,env_hi_z,6.5,1.640339161168057
Batch_1,f1vzngrs,K08,env_hi_z,6.75,1.6015848381230904
Batch_1,f1vzngrs,K08,env_hi_z,7.0,1.5188716515829224
Batch_1,f1vzngrs,K08,env_hi_z,7.25,1.5818591061738223
Batch_1,f1vzngrs,K08,env_hi_z,7.5,1.5697051913211104
Batch_1,f1vzngrs,K08,env_hi_z,7.75,1.6327500158094534
Batch_1,f1vzngrs,K08,env_hi_z,8.0,1.7239662708217267
Batch_1,f1vzngrs,K08,env_hi_z,8.25,1.6041095932029545
Batch_1,f1vzngrs,K08,env_hi_z,8.5,1.6497048018970781
Batch_1,f1vzngrs,K08,env_hi_z,8.75,1.5970358439538468
Batch_1,f1vzngrs,K08,env_hi_z,9.0,1.5701893845480719
Batch_1,f1vzngrs,K08,env_hi_z,9.25,1.6098811274547626
Batch_1,f1vzngrs,K08,env_hi_z,9.5,1.634234646729757
Batch_1,f1vzngrs,K08,env_hi_z,9.75,1.5084475210162718
Batch_1,f1vzngrs,K08,env_hi_z,10.0,1.5206809400319774
Batch_1,f1vzngrs,K10,cv,1.0,2.968636322777069
Batch_1,f1vzngrs,K10,cv,2.0,2.586791773881135
Batch_1,f1vzngrs,K10,cv,5.0,1.826746607793146
Batch_1,f1vzngrs,K10,cv,10.0,1.2528710610706473
Batch_1,f1vzngrs,K10,cv,20.0,0.6439172849901764
Batch_1,f1vzngrs,K12,band_si_frac,0.0,0.04592091958916503
Batch_1,f1vzngrs,K12,band_si_frac,1.0,0.08545181203767761
Batch_1,f1vzngrs,K12,band_si_frac,2.0,0.05750891384173275
Batch_1,f1vzngrs,K12,band_si_frac,3.0,0.050309988824437234
Batch_1,f1vzngrs,K12,band_si_frac,4.0,0.14413000705746487
Batch_1,f1vzngrs,K13,column_si_frac,5.0,0.061094040968342644
Batch_1,f1vzngrs,K13,column_si_frac,15.0,0.1483705772811918
Batch_1,f1vzngrs,K13,column_si_frac,25.0,0.07920856610800744
Batch_1,f1vzngrs,K13,column_si_frac,35.0,0.07548882681564245
Batch_1,f1vzngrs,K13,column_si_frac,45.0,0.07102420856610801
Batch_1,f1vzngrs,K13,column_si_frac,55.0,0.06750931098696462
Batch_1,f1vzngrs,K13,column_si_frac,65.0,0.09644785847299814
Batch_1,f1vzngrs,K13,column_si_frac,75.0,0.055572625698324024
Batch_1,f1vzngrs,K13,column_si_frac,85.0,0.10835661080074488
Batch_1,f1vzngrs,K13,column_si_frac,95.0,0.03791899441340782
Batch_1,f1vzngrs,K13,column_si_frac,105.0,0.05264897579143389
Batch_1,f1vzngrs,K13,column_si_frac,115.0,0.11090782122905028
Batch_1,f1vzngrs,K13,column_si_frac,125.0,0.07863128491620111
Batch_1,f1vzngrs,K13,column_si_frac,135.0,0.05682029795158287
Batch_1,f1vzngrs,K13,column_si_frac,145.0,0.10247672253258845
Batch_1,f1vzngrs,K13,column_si_frac,155.0,0.05070297951582868
Batch_1,f1vzngrs,K13,column_si_frac,165.0,0.06454841713221601
Batch_1,f1vzngrs,D01,band_graphite_frac,0.0,0.9241738066095472
Batch_1,f1vzngrs,D01,band_graphite_frac,1.0,0.8812503326060348
Batch_1,f1vzngrs,D01,band_graphite_frac,2.0,0.9028165079027194
Batch_1,f1vzngrs,D01,band_graphite_frac,3.0,0.9019836623915705
Batch_1,f1vzngrs,D01,band_graphite_frac,4.0,0.8058609037832289
Batch_1,f1vzngrs,D04,band_pore_frac,0.0,0.019879197488159226
Batch_1,f1vzngrs,D04,band_pore_frac,1.0,0.024454526102921613
Batch_1,f1vzngrs,D04,band_pore_frac,2.0,0.0307461018572721
Batch_1,f1vzngrs,D04,band_pore_frac,3.0,0.03664786333883242
Batch_1,f1vzngrs,D04,band_pore_frac,4.0,0.027026882525289248
Batch_1,ffwubibz,K08,g_obs_x,0.25,0.0
Batch_1,ffwubibz,K08,g_obs_x,0.5,0.0
Batch_1,ffwubibz,K08,g_obs_x,0.75,0.44711519865115257
Batch_1,ffwubibz,K08,g_obs_x,1.0,0.8423265323681757
Batch_1,ffwubibz,K08,g_obs_x,1.25,0.7614531609627486
Batch_1,ffwubibz,K08,g_obs_x,1.5,0.8416321366879982
Batch_1,ffwubibz,K08,g_obs_x,1.75,0.7755078680657587
Batch_1,ffwubibz,K08,g_obs_x,2.0,0.42677148106867663
Batch_1,ffwubibz,K08,g_obs_x,2.25,0.7529326060343873
Batch_1,ffwubibz,K08,g_obs_x,2.5,1.0463103784211119
Batch_1,ffwubibz,K08,g_obs_x,2.75,0.7457513533101211
Batch_1,ffwubibz,K08,g_obs_x,3.0,0.6513835417573198
Batch_1,ffwubibz,K08,g_obs_x,3.25,0.6004911333727256
Batch_1,ffwubibz,K08,g_obs_x,3.5,0.6258984579738452
Batch_1,ffwubibz,K08,g_obs_x,3.75,0.7881954695328393
Batch_1,ffwubibz,K08,g_obs_x,4.0,0.7874051175620921
Batch_1,ffwubibz,K08,g_obs_x,4.25,0.8000837786108036
Batch_1,ffwubibz,K08,g_obs_x,4.5,1.0706635642827032
Batch_1,ffwubibz,K08,g_obs_x,4.75,1.1802018866811776
Batch_1,ffwubibz,K08,g_obs_x,5.0,1.0871883241233127
Batch_1,ffwubibz,K08,g_obs_x,5.25,1.1402063785404126
Batch_1,ffwubibz,K08,g_obs_x,5.5,0.7222265425284842
Batch_1,ffwubibz,K08,g_obs_x,5.75,0.6237481329100706
Batch_1,ffwubibz,K08,g_obs_x,6.0,0.9136487728305319
Batch_1,ffwubibz,K08,g_obs_x,6.25,0.7754363310208603
Batch_1,ffwubibz,K08,g_obs_x,6.5,0.7662167646509902
Batch_1,ffwubibz,K08,g_obs_x,6.75,0.9928979082201633
Batch_1,ffwubibz,K08,g_obs_x,7.0,0.8540331435662285
Batch_1,ffwubibz,K08,g_obs_x,7.25,0.6591145591858215
Batch_1,ffwubibz,K08,g_obs_x,7.5,0.7444997014945252
Batch_1,ffwubibz,K08,g_obs_x,7.75,0.874074528530644
Batch_1,ffwubibz,K08,g_obs_x,8.0,1.1779658763479706
Batch_1,ffwubibz,K08,g_obs_x,8.25,1.1244695018398216
Batch_1,ffwubibz,K08,g_obs_x,8.5,0.94552344576967
Batch_1,ffwubibz,K08,g_obs_x,8.75,1.163455140947969
Batch_1,ffwubibz,K08,g_obs_x,9.0,1.0041541590052256
Batch_1,ffwubibz,K08,g_obs_x,9.25,0.8526524815669425
Batch_1,ffwubibz,K08,g_obs_x,9.5,1.0170617836645415
Batch_1,ffwubibz,K08,g_obs_x,9.75,0.8720401008066527
Batch_1,ffwubibz,K08,g_obs_x,10.0,1.1981960792466504
Batch_1,ffwubibz,K08,env_lo_x,0.25,0.2425904934371654
Batch_1,ffwubibz,K08,env_lo_x,0.5,0.33259492830416787
Batch_1,ffwubibz,K08,env_lo_x,0.75,0.30444481439519133
Batch_1,ffwubibz,K08,env_lo_x,1.0,0.4299907272998528
Batch_1,ffwubibz,K08,env_lo_x,1.25,0.3523451167665348
Batch_1,ffwubibz,K08,env_lo_x,1.5,0.35254011608352526
Batch_1,ffwubibz,K08,env_lo_x,1.75,0.30922034611600113
Batch_1,ffwubibz,K08,env_lo_x,2.0,0.4734514543042723
Batch_1,ffwubibz,K08,env_lo_x,2.25,0.6046764594564923
Batch_1,ffwubibz,K08,env_lo_x,2.5,0.45066256607926425
Batch_1,ffwubibz,K08,env_lo_x,2.75,0.4473510880575984
Batch_1,ffwubibz,K08,env_lo_x,3.0,0.44221438487351333
Batch_1,ffwubibz,K08,env_lo_x,3.25,0.41422451389362297
Batch_1,ffwubibz,K08,env_lo_x,3.5,0.5205025777455942
Batch_1,ffwubibz,K08,env_lo_x,3.75,0.40554758986211104
Batch_1,ffwubibz,K08,env_lo_x,4.0,0.49809471597460947
Batch_1,ffwubibz,K08,env_lo_x,4.25,0.47595589996512755
Batch_1,ffwubibz,K08,env_lo_x,4.5,0.46359504721288985
Batch_1,ffwubibz,K08,env_lo_x,4.75,0.4957415272993523
Batch_1,ffwubibz,K08,env_lo_x,5.0,0.48877088800743285
Batch_1,ffwubibz,K08,env_lo_x,5.25,0.47383487906198674
Batch_1,ffwubibz,K08,env_lo_x,5.5,0.44997130654172657
Batch_1,ffwubibz,K08,env_lo_x,5.75,0.36686559422039516
Batch_1,ffwubibz,K08,env_lo_x,6.0,0.42625893814180055
Batch_1,ffwubibz,K08,env_lo_x,6.25,0.3933285595872482
Batch_1,ffwubibz,K08,env_lo_x,6.5,0.4665161858262461
Batch_1,ffwubibz,K08,env_lo_x,6.75,0.4449790216934851
Batch_1,ffwubibz,K08,env_lo_x,7.0,0.3773369141922448
Batch_1,ffwubibz,K08,env_lo_x,7.25,0.4130250249159995
Batch_1,ffwubibz,K08,env_lo_x,7.5,0.47811682396798655
Batch_1,ffwubibz,K08,env_lo_x,7.75,0.5092710030335433
Batch_1,ffwubibz,K08,env_lo_x,8.0,0.5263865045151543
Batch_1,ffwubibz,K08,env_lo_x,8.25,0.5285900771875587
Batch_1,ffwubibz,K08,env_lo_x,8.5,0.3550447822803059
Batch_1,ffwubibz,K08,env_lo_x,8.75,0.46689492697885987
Batch_1,ffwubibz,K08,env_lo_x,9.0,0.47396139281317123
Batch_1,ffwubibz,K08,env_lo_x,9.25,0.5534845863094047
Batch_1,ffwubibz,K08,env_lo_x,9.5,0.5059254432096368
Batch_1,ffwubibz,K08,env_lo_x,9.75,0.5136596795382031
Batch_1,ffwubibz,K08,env_lo_x,10.0,0.5048592019885747
Batch_1,ffwubibz,K08,env_hi_x,0.25,2.1865044782684917
Batch_1,ffwubibz,K08,env_hi_x,0.5,1.9183392370467687
Batch_1,ffwubibz,K08,env_hi_x,0.75,1.9690199500582137
Batch_1,ffwubibz,K08,env_hi_x,1.0,1.7470717377535832
Batch_1,ffwubibz,K08,env_hi_x,1.25,1.7800339436732338
Batch_1,ffwubibz,K08,env_hi_x,1.5,1.6410409217604218
Batch_1,ffwubibz,K08,env_hi_x,1.75,1.6899377780917977
Batch_1,ffwubibz,K08,env_hi_x,2.0,1.7229964064854573
Batch_1,ffwubibz,K08,env_hi_x,2.25,1.5563704558177887
Batch_1,ffwubibz,K08,env_hi_x,2.5,1.5187217402345263
Batch_1,ffwubibz,K08,env_hi_x,2.75,1.7295847963910496
Batch_1,ffwubibz,K08,env_hi_x,3.0,1.6797751142992883
Batch_1,ffwubibz,K08,env_hi_x,3.25,1.6407069027229577
Batch_1,ffwubibz,K08,env_hi_x,3.5,1.673808553413724
Batch_1,ffwubibz,K08,env_hi_x,3.75,1.647198004443292
Batch_1,ffwubibz,K08,env_hi_x,4.0,1.633439673546475
Batch_1,ffwubibz,K08,env_hi_x,4.25,1.7548991111975978
Batch_1,ffwubibz,K08,env_hi_x,4.5,1.705930912545979
Batch_1,ffwubibz,K08,env_hi_x,4.75,1.5894722768012115
Batch_1,ffwubibz,K08,env_hi_x,5.0,1.5735143395017455
Batch_1,ffwubibz,K08,env_hi_x,5.25,1.590804820388838
Batch_1,ffwubibz,K08,env_hi_x,5.5,1.7140288433401152
Batch_1,ffwubibz,K08,env_hi_x,5.75,1.7695321259005221
Batch_1,ffwubibz,K08,env_hi_x,6.0,1.8063066635074894
Batch_1,ffwubibz,K08,env_hi_x,6.25,1.7603166464348023
Batch_1,ffwubibz,K08,env_hi_x,6.5,1.685938885901464
Batch_1,ffwubibz,K08,env_hi_x,6.75,1.6265206468043887
Batch_1,ffwubibz,K08,env_hi_x,7.0,1.7831007918621355
Batch_1,ffwubibz,K08,env_hi_x,7.25,1.6944243874734723
Batch_1,ffwubibz,K08,env_hi_x,7.5,1.7820229744073215
Batch_1,ffwubibz,K08,env_hi_x,7.75,1.8187073696542253
Batch_1,ffwubibz,K08,env_hi_x,8.0,1.7241974098988158
Batch_1,ffwubibz,K08,env_hi_x,8.25,1.6500529623858193
Batch_1,ffwubibz,K08,env_hi_x,8.5,1.6098462268295683
Batch_1,ffwubibz,K08,env_hi_x,8.75,1.6322929693106678
Batch_1,ffwubibz,K08,env_hi_x,9.0,1.5598053647656973
Batch_1,ffwubibz,K08,env_hi_x,9.25,1.52187424957034
Batch_1,ffwubibz,K08,env_hi_x,9.5,1.6171181848264373
Batch_1,ffwubibz,K08,env_hi_x,9.75,1.6701257733218386
Batch_1,ffwubibz,K08,env_hi_x,10.0,1.5715080742555259
Batch_1,ffwubibz,K08,g_obs_z,0.25,0.0
Batch_1,ffwubibz,K08,g_obs_z,0.5,0.0
Batch_1,ffwubibz,K08,g_obs_z,0.75,0.3281350533525171
Batch_1,ffwubibz,K08,g_obs_z,1.0,0.7386750516609334
Batch_1,ffwubibz,K08,g_obs_z,1.25,0.8644937453166125
Batch_1,ffwubibz,K08,g_obs_z,1.5,0.9363300842176342
Batch_1,ffwubibz,K08,g_obs_z,1.75,1.1617272353510242
Batch_1,ffwubibz,K08,g_obs_z,2.0,0.9739134273426194
Batch_1,ffwubibz,K08,g_obs_z,2.25,0.7516986763321021
Batch_1,ffwubibz,K08,g_obs_z,2.5,0.6630608863402921
Batch_1,ffwubibz,K08,g_obs_z,2.75,0.9794528335216309
Batch_1,ffwubibz,K08,g_obs_z,3.0,1.2893154185102194
Batch_1,ffwubibz,K08,g_obs_z,3.25,0.6497399587489271
Batch_1,ffwubibz,K08,g_obs_z,3.5,0.36695279491950605
Batch_1,ffwubibz,K08,g_obs_z,3.75,0.8758416070445227
Batch_1,ffwubibz,K08,g_obs_z,4.0,0.7527436595035908
Batch_1,ffwubibz,K08,g_obs_z,4.25,0.52408873457099
Batch_1,ffwubibz,K08,g_obs_z,4.5,0.7315981933343367
Batch_1,ffwubibz,K08,g_obs_z,4.75,0.8233227296059052
Batch_1,ffwubibz,K08,g_obs_z,5.0,0.8102516015562312
Batch_1,ffwubibz,K08,g_obs_z,5.25,0.8891199976218506
Batch_1,ffwubibz,K08,g_obs_z,5.5,0.7615754115641706
Batch_1,ffwubibz,K08,g_obs_z,5.75,0.3886802407841659
Batch_1,ffwubibz,K08,g_obs_z,6.0,0.7502126485425157
Batch_1,ffwubibz,K08,g_obs_z,6.25,1.2051778942083107
Batch_1,ffwubibz,K08,g_obs_z,6.5,1.103078451816744
Batch_1,ffwubibz,K08,g_obs_z,6.75,1.160663791929587
Batch_1,ffwubibz,K08,g_obs_z,7.0,1.144768822232668
Batch_1,ffwubibz,K08,g_obs_z,7.25,1.0564501523935297
Batch_1,ffwubibz,K08,g_obs_z,7.5,1.008431837161499
Batch_1,ffwubibz,K08,g_obs_z,7.75,0.7570459054957976
Batch_1,ffwubibz,K08,g_obs_z,8.0,1.10074335150218
Batch_1,ffwubibz,K08,g_obs_z,8.25,1.3875449367560604
Batch_1,ffwubibz,K08,g_obs_z,8.5,1.3548478529765267
Batch_1,ffwubibz,K08,g_obs_z,8.75,1.0660970481828178
Batch_1,ffwubibz,K08,g_obs_z,9.0,1.4756635120043065
Batch_1,ffwubibz,K08,g_obs_z,9.25,1.929588792932001
Batch_1,ffwubibz,K08,g_obs_z,9.5,1.508305337201084
Batch_1,ffwubibz,K08,g_obs_z,9.75,1.2097040780876576
Batch_1,ffwubibz,K08,g_obs_z,10.0,1.0423478786309328
Batch_1,ffwubibz,K08,env_lo_z,0.25,0.15777972238797203
Batch_1,ffwubibz,K08,env_lo_z,0.5,0.3063518818209458
Batch_1,ffwubibz,K08,env_lo_z,0.75,0.39139233290381625
Batch_1,ffwubibz,K08,env_lo_z,1.0,0.5179254727714074
Batch_1,ffwubibz,K08,env_lo_z,1.25,0.5039858852026846
Batch_1,ffwubibz,K08,env_lo_z,1.5,0.44316532722820734
Batch_1,ffwubibz,K08,env_lo_z,1.75,0.3886670294995615
Batch_1,ffwubibz,K08,env_lo_z,2.0,0.43987663387798687
Batch_1,ffwubibz,K08,env_lo_z,2.25,0.41271846784607097
Batch_1,ffwubibz,K08,env_lo_z,2.5,0.3908578150727622
Batch_1,ffwubibz,K08,env_lo_z,2.75,0.40257772740020026
Batch_1,ffwubibz,K08,env_lo_z,3.0,0.4304198375096113
Batch_1,ffwubibz,K08,env_lo_z,3.25,0.3377928047163837
Batch_1,ffwubibz,K08,env_lo_z,3.5,0.29508384452999703
Batch_1,ffwubibz,K08,env_lo_z,3.75,0.39365156431717896
Batch_1,ffwubibz,K08,env_lo_z,4.0,0.25594722256479563
Batch_1,ffwubibz,K08,env_lo_z,4.25,0.31833054313749165
Batch_1,ffwubibz,K08,env_lo_z,4.5,0.37977774864043395
Batch_1,ffwubibz,K08,env_lo_z,4.75,0.31493169726470066
Batch_1,ffwubibz,K08,env_lo_z,5.0,0.37166826660567437
Batch_1,ffwubibz,K08,env_lo_z,5.25,0.41529681371856114
Batch_1,ffwubibz,K08,env_lo_z,5.5,0.4325475290471827
Batch_1,ffwubibz,K08,env_lo_z,5.75,0.3672514973978408
Batch_1,ffwubibz,K08,env_lo_z,6.0,0.3202276752421131
Batch_1,ffwubibz,K08,env_lo_z,6.25,0.42986554976405145
Batch_1,ffwubibz,K08,env_lo_z,6.5,0.3846099651499994
Batch_1,ffwubibz,K08,env_lo_z,6.75,0.38484430744163994
Batch_1,ffwubibz,K08,env_lo_z,7.0,0.3231953284290273
Batch_1,ffwubibz,K08,env_lo_z,7.25,0.3892200118416457
Batch_1,ffwubibz,K08,env_lo_z,7.5,0.4406496264257918
Batch_1,ffwubibz,K08,env_lo_z,7.75,0.3082938863412474
Batch_1,ffwubibz,K08,env_lo_z,8.0,0.2456315398211785
Batch_1,ffwubibz,K08,env_lo_z,8.25,0.3632260251582921
Batch_1,ffwubibz,K08,env_lo_z,8.5,0.362590433851083
Batch_1,ffwubibz,K08,env_lo_z,8.75,0.3373053796413011
Batch_1,ffwubibz,K08,env_lo_z,9.0,0.3687970781269843
Batch_1,ffwubibz,K08,env_lo_z,9.25,0.4556569717651828
Batch_1,ffwubibz,K08,env_lo_z,9.5,0.2387971951235798
Batch_1,ffwubibz,K08,env_lo_z,9.75,0.37155369596911486
Batch_1,ffwubibz,K08,env_lo_z,10.0,0.2928589330926029
Batch_1,ffwubibz,K08,env_hi_z,0.25,2.1147572099880496
Batch_1,ffwubibz,K08,env_hi_z,0.5,2.001590898165568
Batch_1,ffwubibz,K08,env_hi_z,0.75,1.9669618015426638
Batch_1,ffwubibz,K08,env_hi_z,1.0,1.8653964382110337
Batch_1,ffwubibz,K08,env_hi_z,1.25,1.5582274147404525
Batch_1,ffwubibz,K08,env_hi_z,1.5,1.6309558160545237
Batch_1,ffwubibz,K08,env_hi_z,1.75,1.7172203323372324
Batch_1,ffwubibz,K08,env_hi_z,2.0,1.6393377926942552
Batch_1,ffwubibz,K08,env_hi_z,2.25,1.8466711192317182
Batch_1,ffwubibz,K08,env_hi_z,2.5,1.785057610599957
Batch_1,ffwubibz,K08,env_hi_z,2.75,1.8031463716382314
Batch_1,ffwubibz,K08,env_hi_z,3.0,1.9598166550373197
Batch_1,ffwubibz,K08,env_hi_z,3.25,1.7537826194245205
Batch_1,ffwubibz,K08,env_hi_z,3.5,1.805274161882731
Batch_1,ffwubibz,K08,env_hi_z,3.75,1.980489942674751
Batch_1,ffwubibz,K08,env_hi_z,4.0,1.9079417743705651
Batch_1,ffwubibz,K08,env_hi_z,4.25,1.9185678433437139
Batch_1,ffwubibz,K08,env_hi_z,4.5,2.0825683481671096
Batch_1,ffwubibz,K08,env_hi_z,4.75,2.0293517332956
Batch_1,ffwubibz,K08,env_hi_z,5.0,1.7854397988820174
Batch_1,ffwubibz,K08,env_hi_z,5.25,2.0372441945530104
Batch_1,ffwubibz,K08,env_hi_z,5.5,1.7288585333165465
Batch_1,ffwubibz,K08,env_hi_z,5.75,1.5716227239444431
Batch_1,ffwubibz,K08,env_hi_z,6.0,1.8100416687706187
Batch_1,ffwubibz,K08,env_hi_z,6.25,1.905887712880575
Batch_1,ffwubibz,K08,env_hi_z,6.5,1.8910225829068026
Batch_1,ffwubibz,K08,env_hi_z,6.75,1.7763664027402106
Batch_1,ffwubibz,K08,env_hi_z,7.0,1.657185228461691
Batch_1,ffwubibz,K08,env_hi_z,7.25,1.8907571121152875
Batch_1,ffwubibz,K08,env_hi_z,7.5,1.9120006935256033
Batch_1,ffwubibz,K08,env_hi_z,7.75,1.7451361882615033
Batch_1,ffwubibz,K08,env_hi_z,8.0,1.7632507567367068
Batch_1,ffwubibz,K08,env_hi_z,8.25,1.7260541713799025
Batch_1,ffwubibz,K08,env_hi_z,8.5,1.9133198772418791
Batch_1,ffwubibz,K08,env_hi_z,8.75,2.0287944603761225
Batch_1,ffwubibz,K08,env_hi_z,9.0,1.6601810755479542
Batch_1,ffwubibz,K08,env_hi_z,9.25,1.8314631425222065
Batch_1,ffwubibz,K08,env_hi_z,9.5,1.8356762788924068
Batch_1,ffwubibz,K08,env_hi_z,9.75,1.8398841187697472
Batch_1,ffwubibz,K08,env_hi_z,10.0,1.7008909915880228
Batch_1,ffwubibz,K10,cv,1.0,3.7952469937324977
Batch_1,ffwubibz,K10,cv,2.0,3.286988413520473
Batch_1,ffwubibz,K10,cv,5.0,2.1647525615082377
Batch_1,ffwubibz,K10,cv,10.0,1.38596426744512
Batch_1,ffwubibz,K10,cv,20.0,0.6874011779217978
Batch_1,ffwubibz,K12,band_si_frac,0.0,0.08682587792642141
Batch_1,ffwubibz,K12,band_si_frac,1.0,0.050930458986093996
Batch_1,ffwubibz,K12,band_si_frac,2.0,0.04001963782784721
Batch_1,ffwubibz,K12,band_si_frac,3.0,0.01707033312797043
Batch_1,ffwubibz,K12,band_si_frac,4.0,0.04343012893856715
Batch_1,ffwubibz,K13,column_si_frac,5.0,0.05913461538461538
Batch_1,ffwubibz,K13,column_si_frac,15.0,0.036855769230769234
Batch_1,ffwubibz,K13,column_si_frac,25.0,0.025403846153846155
Batch_1,ffwubibz,K13,column_si_frac,35.0,0.07998557692307692
Batch_1,ffwubibz,K13,column_si_frac,45.0,0.01567307692307692
Batch_1,ffwubibz,K13,column_si_frac,55.0,0.019634615384615386
Batch_1,ffwubibz,K13,column_si_frac,65.0,0.03820673076923077
Batch_1,ffwubibz,K13,column_si_frac,75.0,0.09719230769230769
Batch_1,ffwubibz,K13,column_si_frac,85.0,0.05255288461538461
Batch_1,ffwubibz,K13,column_si_frac,95.0,0.01975
Batch_1,ffwubibz,K13,column_si_frac,105.0,0.0703125
Batch_1,ffwubibz,K13,column_si_frac,115.0,0.04998076923076923
Batch_1,ffwubibz,K13,column_si_frac,125.0,0.07236538461538461
Batch_1,ffwubibz,K13,column_si_frac,135.0,0.05129326923076923
Batch_1,ffwubibz,K13,column_si_frac,145.0,0.03496634615384615
Batch_1,ffwubibz,K13,column_si_frac,155.0,0.03310096153846154
Batch_1,ffwubibz,K13,column_si_frac,165.0,0.027706730769230768
Batch_1,ffwubibz,D01,band_graphite_frac,0.0,0.8720969569618024
Batch_1,ffwubibz,D01,band_graphite_frac,1.0,0.8984691295546559
Batch_1,ffwubibz,D01,band_graphite_frac,2.0,0.9262880104735082
Batch_1,ffwubibz,D01,band_graphite_frac,3.0,0.9368660337088541
Batch_1,ffwubibz,D01,band_graphite_frac,4.0,0.9093043148213342
Batch_1,ffwubibz,D04,band_pore_frac,0.0,0.02981979405034325
Batch_1,ffwubibz,D04,band_pore_frac,1.0,0.04274940591445168
Batch_1,ffwubibz,D04,band_pore_frac,2.0,0.029002926421404684
Batch_1,ffwubibz,D04,band_pore_frac,3.0,0.0414443429853899
Batch_1,ffwubibz,D04,band_pore_frac,4.0,0.03903224564337265
Batch_1,fzrt2k6r,K08,g_obs_x,0.25,0.0
Batch_1,fzrt2k6r,K08,g_obs_x,0.5,0.09238403560796461
Batch_1,fzrt2k6r,K08,g_obs_x,0.75,0.45674631250559683
Batch_1,fzrt2k6r,K08,g_obs_x,1.0,0.6871272614687163
Batch_1,fzrt2k6r,K08,g_obs_x,1.25,0.6420388217742623
Batch_1,fzrt2k6r,K08,g_obs_x,1.5,0.650412444474977
Batch_1,fzrt2k6r,K08,g_obs_x,1.75,0.9515918088960429
Batch_1,fzrt2k6r,K08,g_obs_x,2.0,0.8741886807643159
Batch_1,fzrt2k6r,K08,g_obs_x,2.25,0.6562352487383604
Batch_1,fzrt2k6r,K08,g_obs_x,2.5,0.7096215180929573
Batch_1,fzrt2k6r,K08,g_obs_x,2.75,0.834342474177002
Batch_1,fzrt2k6r,K08,g_obs_x,3.0,0.7652797254855345
Batch_1,fzrt2k6r,K08,g_obs_x,3.25,0.8059612351505505
Batch_1,fzrt2k6r,K08,g_obs_x,3.5,0.7704461697687074
Batch_1,fzrt2k6r,K08,g_obs_x,3.75,0.8442763123272182
Batch_1,fzrt2k6r,K08,g_obs_x,4.0,0.6995958446787534
Batch_1,fzrt2k6r,K08,g_obs_x,4.25,0.5671078706948871
Batch_1,fzrt2k6r,K08,g_obs_x,4.5,0.7199041594329093
Batch_1,fzrt2k6r,K08,g_obs_x,4.75,0.9676004014077658
Batch_1,fzrt2k6r,K08,g_obs_x,5.0,1.1562130127210057
Batch_1,fzrt2k6r,K08,g_obs_x,5.25,0.9521640921345912
Batch_1,fzrt2k6r,K08,g_obs_x,5.5,0.6413999979130648
Batch_1,fzrt2k6r,K08,g_obs_x,5.75,0.6968681688173565
Batch_1,fzrt2k6r,K08,g_obs_x,6.0,0.8430742789495328
Batch_1,fzrt2k6r,K08,g_obs_x,6.25,0.9542575614666143
Batch_1,fzrt2k6r,K08,g_obs_x,6.5,1.0596440049027163
Batch_1,fzrt2k6r,K08,g_obs_x,6.75,1.1769277669860332
Batch_1,fzrt2k6r,K08,g_obs_x,7.0,1.0454101697456855
Batch_1,fzrt2k6r,K08,g_obs_x,7.25,1.1615487241194515
Batch_1,fzrt2k6r,K08,g_obs_x,7.5,1.2212691254030867
Batch_1,fzrt2k6r,K08,g_obs_x,7.75,1.1498158456409493
Batch_1,fzrt2k6r,K08,g_obs_x,8.0,0.9774712042854491
Batch_1,fzrt2k6r,K08,g_obs_x,8.25,1.16145473531236
Batch_1,fzrt2k6r,K08,g_obs_x,8.5,1.1557559615984798
Batch_1,fzrt2k6r,K08,g_obs_x,8.75,0.8158944134753128
Batch_1,fzrt2k6r,K08,g_obs_x,9.0,0.7946793231190626
Batch_1,fzrt2k6r,K08,g_obs_x,9.25,0.6946249535352674
Batch_1,fzrt2k6r,K08,g_obs_x,9.5,0.7439362062716477
Batch_1,fzrt2k6r,K08,g_obs_x,9.75,0.8340173786076077
Batch_1,fzrt2k6r,K08,g_obs_x,10.0,0.7817519179780229
Batch_1,fzrt2k6r,K08,env_lo_x,0.25,0.26085614525287953
Batch_1,fzrt2k6r,K08,env_lo_x,0.5,0.40526693055705965
Batch_1,fzrt2k6r,K08,env_lo_x,0.75,0.5365893830150121
Batch_1,fzrt2k6r,K08,env_lo_x,1.0,0.5232713166472998
Batch_1,fzrt2k6r,K08,env_lo_x,1.25,0.47664910474022854
Batch_1,fzrt2k6r,K08,env_lo_x,1.5,0.6254812052329582
Batch_1,fzrt2k6r,K08,env_lo_x,1.75,0.6775279184136862
Batch_1,fzrt2k6r,K08,env_lo_x,2.0,0.5520322777457929
Batch_1,fzrt2k6r,K08,env_lo_x,2.25,0.6321128419896892
Batch_1,fzrt2k6r,K08,env_lo_x,2.5,0.640694075654614
Batch_1,fzrt2k6r,K08,env_lo_x,2.75,0.5823397971939909
Batch_1,fzrt2k6r,K08,env_lo_x,3.0,0.6402130781944773
Batch_1,fzrt2k6r,K08,env_lo_x,3.25,0.5214055809153051
Batch_1,fzrt2k6r,K08,env_lo_x,3.5,0.6081147887218129
Batch_1,fzrt2k6r,K08,env_lo_x,3.75,0.5256935297740812
Batch_1,fzrt2k6r,K08,env_lo_x,4.0,0.5294401578568927
Batch_1,fzrt2k6r,K08,env_lo_x,4.25,0.48156536649689846
Batch_1,fzrt2k6r,K08,env_lo_x,4.5,0.560986961944354
Batch_1,fzrt2k6r,K08,env_lo_x,4.75,0.5805825523034247
Batch_1,fzrt2k6r,K08,env_lo_x,5.0,0.5120939767560406
Batch_1,fzrt2k6r,K08,env_lo_x,5.25,0.4867989521064138
Batch_1,fzrt2k6r,K08,env_lo_x,5.5,0.5459510193990783
Batch_1,fzrt2k6r,K08,env_lo_x,5.75,0.5439015445248933
Batch_1,fzrt2k6r,K08,env_lo_x,6.0,0.5442969982401913
Batch_1,fzrt2k6r,K08,env_lo_x,6.25,0.5516036484778377
Batch_1,fzrt2k6r,K08,env_lo_x,6.5,0.5603518469786376
Batch_1,fzrt2k6r,K08,env_lo_x,6.75,0.47251971039828233
Batch_1,fzrt2k6r,K08,env_lo_x,7.0,0.6015699788560606
Batch_1,fzrt2k6r,K08,env_lo_x,7.25,0.5999493441506257
Batch_1,fzrt2k6r,K08,env_lo_x,7.5,0.5553741140696259
Batch_1,fzrt2k6r,K08,env_lo_x,7.75,0.5898723902890533
Batch_1,fzrt2k6r,K08,env_lo_x,8.0,0.5918540863742494
Batch_1,fzrt2k6r,K08,env_lo_x,8.25,0.5385252067782936
Batch_1,fzrt2k6r,K08,env_lo_x,8.5,0.6017545869062706
Batch_1,fzrt2k6r,K08,env_lo_x,8.75,0.6540998755099076
Batch_1,fzrt2k6r,K08,env_lo_x,9.0,0.666377987797276
Batch_1,fzrt2k6r,K08,env_lo_x,9.25,0.6291317628154893
Batch_1,fzrt2k6r,K08,env_lo_x,9.5,0.6940986854571553
Batch_1,fzrt2k6r,K08,env_lo_x,9.75,0.5708574330001179
Batch_1,fzrt2k6r,K08,env_lo_x,10.0,0.6322923229767958
Batch_1,fzrt2k6r,K08,env_hi_x,0.25,1.6223485448177213
Batch_1,fzrt2k6r,K08,env_hi_x,0.5,1.7681926472528013
Batch_1,fzrt2k6r,K08,env_hi_x,0.75,1.5598985548390827
Batch_1,fzrt2k6r,K08,env_hi_x,1.0,1.4593817863628344
Batch_1,fzrt2k6r,K08,env_hi_x,1.25,1.5238208253919603
Batch_1,fzrt2k6r,K08,env_hi_x,1.5,1.5803408304071047
Batch_1,fzrt2k6r,K08,env_hi_x,1.75,1.5287236250887053
Batch_1,fzrt2k6r,K08,env_hi_x,2.0,1.5852803874254964
Batch_1,fzrt2k6r,K08,env_hi_x,2.25,1.4181543232405611
Batch_1,fzrt2k6r,K08,env_hi_x,2.5,1.4049432287767516
Batch_1,fzrt2k6r,K08,env_hi_x,2.75,1.518534320573796
Batch_1,fzrt2k6r,K08,env_hi_x,3.0,1.3975485175930005
Batch_1,fzrt2k6r,K08,env_hi_x,3.25,1.497218715378716
Batch_1,fzrt2k6r,K08,env_hi_x,3.5,1.499172641514753
Batch_1,fzrt2k6r,K08,env_hi_x,3.75,1.4813446175162714
Batch_1,fzrt2k6r,K08,env_hi_x,4.0,1.4679445532507742
Batch_1,fzrt2k6r,K08,env_hi_x,4.25,1.4655793386001388
Batch_1,fzrt2k6r,K08,env_hi_x,4.5,1.4585507987669126
Batch_1,fzrt2k6r,K08,env_hi_x,4.75,1.5197963608282816
Batch_1,fzrt2k6r,K08,env_hi_x,5.0,1.4469642680801453
Batch_1,fzrt2k6r,K08,env_hi_x,5.25,1.4966273444267495
Batch_1,fzrt2k6r,K08,env_hi_x,5.5,1.5392387795859026
Batch_1,fzrt2k6r,K08,env_hi_x,5.75,1.445869204119778
Batch_1,fzrt2k6r,K08,env_hi_x,6.0,1.4855652533715817
Batch_1,fzrt2k6r,K08,env_hi_x,6.25,1.507402454679705
Batch_1,fzrt2k6r,K08,env_hi_x,6.5,1.5066521128673125
Batch_1,fzrt2k6r,K08,env_hi_x,6.75,1.4941756429118829
Batch_1,fzrt2k6r,K08,env_hi_x,7.0,1.4771539649409586
Batch_1,fzrt2k6r,K08,env_hi_x,7.25,1.4988710077437262
Batch_1,fzrt2k6r,K08,env_hi_x,7.5,1.54179505001094
Batch_1,fzrt2k6r,K08,env_hi_x,7.75,1.4768765886910886
Batch_1,fzrt2k6r,K08,env_hi_x,8.0,1.5556346665924492
Batch_1,fzrt2k6r,K08,env_hi_x,8.25,1.4231433798538018
Batch_1,fzrt2k6r,K08,env_hi_x,8.5,1.3984769106655348
Batch_1,fzrt2k6r,K08,env_hi_x,8.75,1.423356233074436
Batch_1,fzrt2k6r,K08,env_hi_x,9.0,1.460143327189268
Batch_1,fzrt2k6r,K08,env_hi_x,9.25,1.4782900715099387
Batch_1,fzrt2k6r,K08,env_hi_x,9.5,1.4138181416175117
Batch_1,fzrt2k6r,K08,env_hi_x,9.75,1.4728231761380488
Batch_1,fzrt2k6r,K08,env_hi_x,10.0,1.446185693739185
Batch_1,fzrt2k6r,K08,g_obs_z,0.25,0.0
Batch_1,fzrt2k6r,K08,g_obs_z,0.5,0.13797194302806629
Batch_1,fzrt2k6r,K08,g_obs_z,0.75,0.3643076192031984
Batch_1,fzrt2k6r,K08,g_obs_z,1.0,0.43945340472073996
Batch_1,fzrt2k6r,K08,g_obs_z,1.25,0.5217694285536746
Batch_1,fzrt2k6r,K08,g_obs_z,1.5,0.45683539831597814
Batch_1,fzrt2k6r,K08,g_obs_z,1.75,0.2005838804836553
Batch_1,fzrt2k6r,K08,g_obs_z,2.0,0.4071251943441629
Batch_1,fzrt2k6r,K08,g_obs_z,2.25,1.01251317146212
Batch_1,fzrt2k6r,K08,g_obs_z,2.5,1.1427582721324534
Batch_1,fzrt2k6r,K08,g_obs_z,2.75,0.9994102301378813
Batch_1,fzrt2k6r,K08,g_obs_z,3.0,0.6657977465330268
Batch_1,fzrt2k6r,K08,g_obs_z,3.25,0.5871945454956322
Batch_1,fzrt2k6r,K08,g_obs_z,3.5,1.243702912181695
Batch_1,fzrt2k6r,K08,g_obs_z,3.75,1.518094431634622
Batch_1,fzrt2k6r,K08,g_obs_z,4.0,0.8427877327509132
Batch_1,fzrt2k6r,K08,g_obs_z,4.25,0.9241699702177234
Batch_1,fzrt2k6r,K08,g_obs_z,4.5,0.8881596717431829
Batch_1,fzrt2k6r,K08,g_obs_z,4.75,1.0645854682124203
Batch_1,fzrt2k6r,K08,g_obs_z,5.0,0.9971647381802565
Batch_1,fzrt2k6r,K08,g_obs_z,5.25,0.6173660322670296
Batch_1,fzrt2k6r,K08,g_obs_z,5.5,0.9284120325025023
Batch_1,fzrt2k6r,K08,g_obs_z,5.75,1.1252020502468392
Batch_1,fzrt2k6r,K08,g_obs_z,6.0,1.3493369245334452
Batch_1,fzrt2k6r,K08,g_obs_z,6.25,1.7097651818414656
Batch_1,fzrt2k6r,K08,g_obs_z,6.5,1.3363795224490362
Batch_1,fzrt2k6r,K08,g_obs_z,6.75,1.2429861950088628
Batch_1,fzrt2k6r,K08,g_obs_z,7.0,1.6658599964142957
Batch_1,fzrt2k6r,K08,g_obs_z,7.25,1.2772046792676843
Batch_1,fzrt2k6r,K08,g_obs_z,7.5,1.3275244209936687
Batch_1,fzrt2k6r,K08,g_obs_z,7.75,1.1314884717666898
Batch_1,fzrt2k6r,K08,g_obs_z,8.0,0.9662423067573103
Batch_1,fzrt2k6r,K08,g_obs_z,8.25,1.1016625807759204
Batch_1,fzrt2k6r,K08,g_obs_z,8.5,1.0691526464733085
Batch_1,fzrt2k6r,K08,g_obs_z,8.75,0.9783726828038869
Batch_1,fzrt2k6r,K08,g_obs_z,9.0,1.0061442744162978
Batch_1,fzrt2k6r,K08,g_obs_z,9.25,0.8831679617429607
Batch_1,fzrt2k6r,K08,g_obs_z,9.5,0.9024406251835847
Batch_1,fzrt2k6r,K08,g_obs_z,9.75,1.113939027628204
Batch_1,fzrt2k6r,K08,g_obs_z,10.0,0.9206834780075458
Batch_1,fzrt2k6r,K08,env_lo_z,0.25,0.24393693557656318
Batch_1,fzrt2k6r,K08,env_lo_z,0.5,0.4348999330463325
Batch_1,fzrt2k6r,K08,env_lo_z,0.75,0.4997415993659446
Batch_1,fzrt2k6r,K08,env_lo_z,1.0,0.502257229855436
Batch_1,fzrt2k6r,K08,env_lo_z,1.25,0.4647227662168312
Batch_1,fzrt2k6r,K08,env_lo_z,1.5,0.5614690405586348
Batch_1,fzrt2k6r,K08,env_lo_z,1.75,0.5714719033794659
Batch_1,fzrt2k6r,K08,env_lo_z,2.0,0.5617496643994293
Batch_1,fzrt2k6r,K08,env_lo_z,2.25,0.6056966716343082
Batch_1,fzrt2k6r,K08,env_lo_z,2.5,0.5774534332605697
Batch_1,fzrt2k6r,K08,env_lo_z,2.75,0.48104306444696193
Batch_1,fzrt2k6r,K08,env_lo_z,3.0,0.48688203587763024
Batch_1,fzrt2k6r,K08,env_lo_z,3.25,0.5630048563437847
Batch_1,fzrt2k6r,K08,env_lo_z,3.5,0.403147135870193
Batch_1,fzrt2k6r,K08,env_lo_z,3.75,0.5272244561911513
Batch_1,fzrt2k6r,K08,env_lo_z,4.0,0.4878051994952027
Batch_1,fzrt2k6r,K08,env_lo_z,4.25,0.5591019199945783
Batch_1,fzrt2k6r,K08,env_lo_z,4.5,0.51141749924172
Batch_1,fzrt2k6r,K08,env_lo_z,4.75,0.4246045574549642
Batch_1,fzrt2k6r,K08,env_lo_z,5.0,0.43560876374877827
Batch_1,fzrt2k6r,K08,env_lo_z,5.25,0.48134983184612107
Batch_1,fzrt2k6r,K08,env_lo_z,5.5,0.505975542968266
Batch_1,fzrt2k6r,K08,env_lo_z,5.75,0.5433585827206158
Batch_1,fzrt2k6r,K08,env_lo_z,6.0,0.5491254882467463
Batch_1,fzrt2k6r,K08,env_lo_z,6.25,0.49549127396372
Batch_1,fzrt2k6r,K08,env_lo_z,6.5,0.5302774632578019
Batch_1,fzrt2k6r,K08,env_lo_z,6.75,0.5337422666171854
Batch_1,fzrt2k6r,K08,env_lo_z,7.0,0.519153294344858
Batch_1,fzrt2k6r,K08,env_lo_z,7.25,0.5719582792561321
Batch_1,fzrt2k6r,K08,env_lo_z,7.5,0.5569983034904697
Batch_1,fzrt2k6r,K08,env_lo_z,7.75,0.5460644962259149
Batch_1,fzrt2k6r,K08,env_lo_z,8.0,0.5401696525114295
Batch_1,fzrt2k6r,K08,env_lo_z,8.25,0.5916994331228947
Batch_1,fzrt2k6r,K08,env_lo_z,8.5,0.595372156695282
Batch_1,fzrt2k6r,K08,env_lo_z,8.75,0.6269237061927305
Batch_1,fzrt2k6r,K08,env_lo_z,9.0,0.5118447467325649
Batch_1,fzrt2k6r,K08,env_lo_z,9.25,0.5596189156850204
Batch_1,fzrt2k6r,K08,env_lo_z,9.5,0.5207965158838638
Batch_1,fzrt2k6r,K08,env_lo_z,9.75,0.5030684513179831
Batch_1,fzrt2k6r,K08,env_lo_z,10.0,0.613329622848822
Batch_1,fzrt2k6r,K08,env_hi_z,0.25,2.2203981320397213
Batch_1,fzrt2k6r,K08,env_hi_z,0.5,1.89465876127976
Batch_1,fzrt2k6r,K08,env_hi_z,0.75,1.6173893547223115
Batch_1,fzrt2k6r,K08,env_hi_z,1.0,1.54449913876905
Batch_1,fzrt2k6r,K08,env_hi_z,1.25,1.4816571068898294
Batch_1,fzrt2k6r,K08,env_hi_z,1.5,1.5752455005815482
Batch_1,fzrt2k6r,K08,env_hi_z,1.75,1.669148938247619
Batch_1,fzrt2k6r,K08,env_hi_z,2.0,1.5318170521732593
Batch_1,fzrt2k6r,K08,env_hi_z,2.25,1.4987096901391113
Batch_1,fzrt2k6r,K08,env_hi_z,2.5,1.4997258048620696
Batch_1,fzrt2k6r,K08,env_hi_z,2.75,1.7003894580120233
Batch_1,fzrt2k6r,K08,env_hi_z,3.0,1.7639303687050834
Batch_1,fzrt2k6r,K08,env_hi_z,3.25,1.6301910493427514
Batch_1,fzrt2k6r,K08,env_hi_z,3.5,1.6516118196101994
Batch_1,fzrt2k6r,K08,env_hi_z,3.75,1.6013653670475385
Batch_1,fzrt2k6r,K08,env_hi_z,4.0,1.6756692588363225
Batch_1,fzrt2k6r,K08,env_hi_z,4.25,1.5449074229548085
Batch_1,fzrt2k6r,K08,env_hi_z,4.5,1.48715648551515
Batch_1,fzrt2k6r,K08,env_hi_z,4.75,1.5391154236927043
Batch_1,fzrt2k6r,K08,env_hi_z,5.0,1.590959647992821
Batch_1,fzrt2k6r,K08,env_hi_z,5.25,1.6769902434745907
Batch_1,fzrt2k6r,K08,env_hi_z,5.5,1.5206350693705724
Batch_1,fzrt2k6r,K08,env_hi_z,5.75,1.521532777952614
Batch_1,fzrt2k6r,K08,env_hi_z,6.0,1.5673954716976908
Batch_1,fzrt2k6r,K08,env_hi_z,6.25,1.5786103885181235
Batch_1,fzrt2k6r,K08,env_hi_z,6.5,1.5543114366059185
Batch_1,fzrt2k6r,K08,env_hi_z,6.75,1.6959343592219054
Batch_1,fzrt2k6r,K08,env_hi_z,7.0,1.6968186843147084
Batch_1,fzrt2k6r,K08,env_hi_z,7.25,1.5011924372745538
Batch_1,fzrt2k6r,K08,env_hi_z,7.5,1.5059075611661987
Batch_1,fzrt2k6r,K08,env_hi_z,7.75,1.5897206083917585
Batch_1,fzrt2k6r,K08,env_hi_z,8.0,1.5785524922154581
Batch_1,fzrt2k6r,K08,env_hi_z,8.25,1.5547884828554295
Batch_1,fzrt2k6r,K08,env_hi_z,8.5,1.682872803608572
Batch_1,fzrt2k6r,K08,env_hi_z,8.75,1.5227909599967333
Batch_1,fzrt2k6r,K08,env_hi_z,9.0,1.5690256481470803
Batch_1,fzrt2k6r,K08,env_hi_z,9.25,1.5573982063876364
Batch_1,fzrt2k6r,K08,env_hi_z,9.5,1.5138282085295296
Batch_1,fzrt2k6r,K08,env_hi_z,9.75,1.5567316103652897
Batch_1,fzrt2k6r,K08,env_hi_z,10.0,1.4876846161452406
Batch_1,fzrt2k6r,K10,cv,1.0,3.2510115360299467
Batch_1,fzrt2k6r,K10,cv,2.0,2.8093364984907017
Batch_1,fzrt2k6r,K10,cv,5.0,2.020899030408273
Batch_1,fzrt2k6r,K10,cv,10.0,1.3371640791454433
Batch_1,fzrt2k6r,K10,cv,20.0,0.6476628454632508
Batch_1,fzrt2k6r,K12,band_si_frac,0.0,0.05848350495804729
Batch_1,fzrt2k6r,K12,band_si_frac,1.0,0.06733224213916433
Batch_1,fzrt2k6r,K12,band_si_frac,2.0,0.052484585558098144
Batch_1,fzrt2k6r,K12,band_si_frac,3.0,0.05915464850194242
Batch_1,fzrt2k6r,K12,band_si_frac,4.0,0.08994864562822628
Batch_1,fzrt2k6r,K13,column_si_frac,5.0,0.07734230055658627
Batch_1,fzrt2k6r,K13,column_si_frac,15.0,0.03570500927643785
Batch_1,fzrt2k6r,K13,column_si_frac,25.0,0.025004638218923934
Batch_1,fzrt2k6r,K13,column_si_frac,35.0,0.18342764378478665
Batch_1,fzrt2k6r,K13,column_si_frac,45.0,0.05608998144712431
Batch_1,fzrt2k6r,K13,column_si_frac,55.0,0.04042207792207792
Batch_1,fzrt2k6r,K13,column_si_frac,65.0,0.04769944341372913
Batch_1,fzrt2k6r,K13,column_si_frac,75.0,0.017230983302411875
Batch_1,fzrt2k6r,K13,column_si_frac,85.0,0.01567717996289425
Batch_1,fzrt2k6r,K13,column_si_frac,95.0,0.03684601113172542
Batch_1,fzrt2k6r,K13,column_si_frac,105.0,0.08766233766233766
Batch_1,fzrt2k6r,K13,column_si_frac,115.0,0.072569573283859
Batch_1,fzrt2k6r,K13,column_si_frac,125.0,0.08765769944341373
Batch_1,fzrt2k6r,K13,column_si_frac,135.0,0.10455936920222635
Batch_1,fzrt2k6r,K13,column_si_frac,145.0,0.1310343228200371
Batch_1,fzrt2k6r,K13,column_si_frac,155.0,0.050630797773654916
Batch_1,fzrt2k6r,K13,column_si_frac,165.0,0.047119666048237474
Batch_1,fzrt2k6r,D01,band_graphite_frac,0.0,0.9043748410882279
Batch_1,fzrt2k6r,D01,band_graphite_frac,1.0,0.8863065725908975
Batch_1,fzrt2k6r,D01,band_graphite_frac,2.0,0.8800586914145266
Batch_1,fzrt2k6r,D01,band_graphite_frac,3.0,0.889138417327444
Batch_1,fzrt2k6r,D01,band_graphite_frac,4.0,0.8773694853919429
Batch_1,fzrt2k6r,D04,band_pore_frac,0.0,0.03094277057377744
Batch_1,fzrt2k6r,D04,band_pore_frac,1.0,0.03973986142893465
Batch_1,fzrt2k6r,D04,band_pore_frac,2.0,0.05898672556996356
Batch_1,fzrt2k6r,D04,band_pore_frac,3.0,0.04050476291841839
Batch_1,fzrt2k6r,D04,band_pore_frac,4.0,0.022736948539194297
Batch_1,iv6g2oq0,K08,g_obs_x,0.25,0.0
Batch_1,iv6g2oq0,K08,g_obs_x,0.5,0.28813534601631147
Batch_1,iv6g2oq0,K08,g_obs_x,0.75,0.4202652310361707
Batch_1,iv6g2oq0,K08,g_obs_x,1.0,0.5308595277596875
Batch_1,iv6g2oq0,K08,g_obs_x,1.25,0.5081355964734324
Batch_1,iv6g2oq0,K08,g_obs_x,1.5,0.3931435310639051
Batch_1,iv6g2oq0,K08,g_obs_x,1.75,0.6086501983409965
Batch_1,iv6g2oq0,K08,g_obs_x,2.0,0.9258815557695437
Batch_1,iv6g2oq0,K08,g_obs_x,2.25,0.9696306147455942
Batch_1,iv6g2oq0,K08,g_obs_x,2.5,0.8233296923749085
Batch_1,iv6g2oq0,K08,g_obs_x,2.75,0.6908732842841786
Batch_1,iv6g2oq0,K08,g_obs_x,3.0,0.4837388899639514
Batch_1,iv6g2oq0,K08,g_obs_x,3.25,0.5573332896820976
Batch_1,iv6g2oq0,K08,g_obs_x,3.5,0.43180781254420736
Batch_1,iv6g2oq0,K08,g_obs_x,3.75,0.3320029916339039
Batch_1,iv6g2oq0,K08,g_obs_x,4.0,0.8867358837328285
Batch_1,iv6g2oq0,K08,g_obs_x,4.25,0.893123067240527
Batch_1,iv6g2oq0,K08,g_obs_x,4.5,0.4832875957281421
Batch_1,iv6g2oq0,K08,g_obs_x,4.75,0.7956880437789644
Batch_1,iv6g2oq0,K08,g_obs_x,5.0,1.149459372224016
Batch_1,iv6g2oq0,K08,g_obs_x,5.25,1.0289050561579887
Batch_1,iv6g2oq0,K08,g_obs_x,5.5,0.9993858759452499
Batch_1,iv6g2oq0,K08,g_obs_x,5.75,0.9152224028483372
Batch_1,iv6g2oq0,K08,g_obs_x,6.0,0.5606970246103387
Batch_1,iv6g2oq0,K08,g_obs_x,6.25,0.4863951836314831
Batch_1,iv6g2oq0,K08,g_obs_x,6.5,1.1857230449205176
Batch_1,iv6g2oq0,K08,g_obs_x,6.75,1.5892615464154423
Batch_1,iv6g2oq0,K08,g_obs_x,7.0,1.3422816694048152
Batch_1,iv6g2oq0,K08,g_obs_x,7.25,1.451903468891346
Batch_1,iv6g2oq0,K08,g_obs_x,7.5,1.260884510552006
Batch_1,iv6g2oq0,K08,g_obs_x,7.75,1.20811754375088
Batch_1,iv6g2oq0,K08,g_obs_x,8.0,1.0823442690357608
Batch_1,iv6g2oq0,K08,g_obs_x,8.25,0.7298827980596194
Batch_1,iv6g2oq0,K08,g_obs_x,8.5,0.6567979427001376
Batch_1,iv6g2oq0,K08,g_obs_x,8.75,0.9840412359927845
Batch_1,iv6g2oq0,K08,g_obs_x,9.0,0.9997091554743356
Batch_1,iv6g2oq0,K08,g_obs_x,9.25,0.6714015073531541
Batch_1,iv6g2oq0,K08,g_obs_x,9.5,0.7357072417483552
Batch_1,iv6g2oq0,K08,g_obs_x,9.75,0.7589159410066576
Batch_1,iv6g2oq0,K08,g_obs_x,10.0,0.5658040944231536
Batch_1,iv6g2oq0,K08,env_lo_x,0.25,0.14237749085664225
Batch_1,iv6g2oq0,K08,env_lo_x,0.5,0.35934062028858355
Batch_1,iv6g2oq0,K08,env_lo_x,0.75,0.34984562120940443
Batch_1,iv6g2oq0,K08,env_lo_x,1.0,0.3802031578883105
Batch_1,iv6g2oq0,K08,env_lo_x,1.25,0.48251522164121396
Batch_1,iv6g2oq0,K08,env_lo_x,1.5,0.5422633757957619
Batch_1,iv6g2oq0,K08,env_lo_x,1.75,0.4418708362261892
Batch_1,iv6g2oq0,K08,env_lo_x,2.0,0.37882380486138706
Batch_1,iv6g2oq0,K08,env_lo_x,2.25,0.5192024648409759
Batch_1,iv6g2oq0,K08,env_lo_x,2.5,0.47443894021061905
Batch_1,iv6g2oq0,K08,env_lo_x,2.75,0.45613153466995254
Batch_1,iv6g2oq0,K08,env_lo_x,3.0,0.5896006439873821
Batch_1,iv6g2oq0,K08,env_lo_x,3.25,0.5547956017642096
Batch_1,iv6g2oq0,K08,env_lo_x,3.5,0.5090343680009889
Batch_1,iv6g2oq0,K08,env_lo_x,3.75,0.5963602425301979
Batch_1,iv6g2oq0,K08,env_lo_x,4.0,0.5053534807238839
Batch_1,iv6g2oq0,K08,env_lo_x,4.25,0.4191107729383602
Batch_1,iv6g2oq0,K08,env_lo_x,4.5,0.4341987083278597
Batch_1,iv6g2oq0,K08,env_lo_x,4.75,0.5575011066992135
Batch_1,iv6g2oq0,K08,env_lo_x,5.0,0.5665765322439102
Batch_1,iv6g2oq0,K08,env_lo_x,5.25,0.47771390058383095
Batch_1,iv6g2oq0,K08,env_lo_x,5.5,0.5297194502638137
Batch_1,iv6g2oq0,K08,env_lo_x,5.75,0.4974823543880753
Batch_1,iv6g2oq0,K08,env_lo_x,6.0,0.4934153394983899
Batch_1,iv6g2oq0,K08,env_lo_x,6.25,0.504362156359597
Batch_1,iv6g2oq0,K08,env_lo_x,6.5,0.45817086193565054
Batch_1,iv6g2oq0,K08,env_lo_x,6.75,0.45756153007429556
Batch_1,iv6g2oq0,K08,env_lo_x,7.0,0.4644549328828927
Batch_1,iv6g2oq0,K08,env_lo_x,7.25,0.5569018592972084
Batch_1,iv6g2oq0,K08,env_lo_x,7.5,0.5295160580845111
Batch_1,iv6g2oq0,K08,env_lo_x,7.75,0.5454631466338291
Batch_1,iv6g2oq0,K08,env_lo_x,8.0,0.43325468521087285
Batch_1,iv6g2oq0,K08,env_lo_x,8.25,0.471529986154697
Batch_1,iv6g2oq0,K08,env_lo_x,8.5,0.4860830108414381
Batch_1,iv6g2oq0,K08,env_lo_x,8.75,0.5758289760896005
Batch_1,iv6g2oq0,K08,env_lo_x,9.0,0.5806289733518102
Batch_1,iv6g2oq0,K08,env_lo_x,9.25,0.5527288536325288
Batch_1,iv6g2oq0,K08,env_lo_x,9.5,0.47439011906586565
Batch_1,iv6g2oq0,K08,env_lo_x,9.75,0.5265866287711818
Batch_1,iv6g2oq0,K08,env_lo_x,10.0,0.5806872744217759
Batch_1,iv6g2oq0,K08,env_hi_x,0.25,2.1146504543471702
Batch_1,iv6g2oq0,K08,env_hi_x,0.5,1.8681750376462158
Batch_1,iv6g2oq0,K08,env_hi_x,0.75,1.7944267987339217
Batch_1,iv6g2oq0,K08,env_hi_x,1.0,1.7627722262168388
Batch_1,iv6g2oq0,K08,env_hi_x,1.25,1.9067437371468432
Batch_1,iv6g2oq0,K08,env_hi_x,1.5,1.676449857680756
Batch_1,iv6g2oq0,K08,env_hi_x,1.75,1.6722062901150827
Batch_1,iv6g2oq0,K08,env_hi_x,2.0,1.6026662327646422
Batch_1,iv6g2oq0,K08,env_hi_x,2.25,1.6494403699880396
Batch_1,iv6g2oq0,K08,env_hi_x,2.5,1.555731233205783
Batch_1,iv6g2oq0,K08,env_hi_x,2.75,1.4329796130824133
Batch_1,iv6g2oq0,K08,env_hi_x,3.0,1.4593663357361062
Batch_1,iv6g2oq0,K08,env_hi_x,3.25,1.5886722577801538
Batch_1,iv6g2oq0,K08,env_hi_x,3.5,1.5623466072262768
Batch_1,iv6g2oq0,K08,env_hi_x,3.75,1.635148232860679
Batch_1,iv6g2oq0,K08,env_hi_x,4.0,1.55128922815976
Batch_1,iv6g2oq0,K08,env_hi_x,4.25,1.5415269405513574
Batch_1,iv6g2oq0,K08,env_hi_x,4.5,1.6193726770998822
Batch_1,iv6g2oq0,K08,env_hi_x,4.75,1.4319371014269715
Batch_1,iv6g2oq0,K08,env_hi_x,5.0,1.6482091843434097
Batch_1,iv6g2oq0,K08,env_hi_x,5.25,1.645796476033183
Batch_1,iv6g2oq0,K08,env_hi_x,5.5,1.5529373012271173
Batch_1,iv6g2oq0,K08,env_hi_x,5.75,1.620618363723262
Batch_1,iv6g2oq0,K08,env_hi_x,6.0,1.7149182807878813
Batch_1,iv6g2oq0,K08,env_hi_x,6.25,1.6751392454011569
Batch_1,iv6g2oq0,K08,env_hi_x,6.5,1.6982384167819966
Batch_1,iv6g2oq0,K08,env_hi_x,6.75,1.636102811480692
Batch_1,iv6g2oq0,K08,env_hi_x,7.0,1.6160297782007798
Batch_1,iv6g2oq0,K08,env_hi_x,7.25,1.6052689141674004
Batch_1,iv6g2oq0,K08,env_hi_x,7.5,1.608039497831799
Batch_1,iv6g2oq0,K08,env_hi_x,7.75,1.5257588315859956
Batch_1,iv6g2oq0,K08,env_hi_x,8.0,1.5530372638228054
Batch_1,iv6g2oq0,K08,env_hi_x,8.25,1.5601789420596681
Batch_1,iv6g2oq0,K08,env_hi_x,8.5,1.5655531555284707
Batch_1,iv6g2oq0,K08,env_hi_x,8.75,1.396432658915281
Batch_1,iv6g2oq0,K08,env_hi_x,9.0,1.4407127808579125
Batch_1,iv6g2oq0,K08,env_hi_x,9.25,1.673984280308383
Batch_1,iv6g2oq0,K08,env_hi_x,9.5,1.6717596374772792
Batch_1,iv6g2oq0,K08,env_hi_x,9.75,1.6524491823563014
Batch_1,iv6g2oq0,K08,env_hi_x,10.0,1.4554161477022056
Batch_1,iv6g2oq0,K08,g_obs_z,0.25,0.0
Batch_1,iv6g2oq0,K08,g_obs_z,0.5,0.09162681236060292
Batch_1,iv6g2oq0,K08,g_obs_z,0.75,0.32638209902706594
Batch_1,iv6g2oq0,K08,g_obs_z,1.0,0.8294622135574383
Batch_1,iv6g2oq0,K08,g_obs_z,1.25,0.8248044205596873
Batch_1,iv6g2oq0,K08,g_obs_z,1.5,0.5623946637140723
Batch_1,iv6g2oq0,K08,g_obs_z,1.75,0.8155822742361585
Batch_1,iv6g2oq0,K08,g_obs_z,2.0,1.1445370369397252
Batch_1,iv6g2oq0,K08,g_obs_z,2.25,1.1042238642628743
Batch_1,iv6g2oq0,K08,g_obs_z,2.5,0.49800501934768443
Batch_1,iv6g2oq0,K08,g_obs_z,2.75,0.2602737289211286
Batch_1,iv6g2oq0,K08,g_obs_z,3.0,0.4999830475177015
Batch_1,iv6g2oq0,K08,g_obs_z,3.25,0.5387437644218679
Batch_1,iv6g2oq0,K08,g_obs_z,3.5,0.3429969752345397
Batch_1,iv6g2oq0,K08,g_obs_z,3.75,0.17800629089392414
Batch_1,iv6g2oq0,K08,g_obs_z,4.0,0.2612496455373451
Batch_1,iv6g2oq0,K08,g_obs_z,4.25,1.0528899873471886
Batch_1,iv6g2oq0,K08,g_obs_z,4.5,1.625425411784291
Batch_1,iv6g2oq0,K08,g_obs_z,4.75,0.9522684107378121
Batch_1,iv6g2oq0,K08,g_obs_z,5.0,0.5375370017598677
Batch_1,iv6g2oq0,K08,g_obs_z,5.25,0.6301288646078865
Batch_1,iv6g2oq0,K08,g_obs_z,5.5,0.611402387918921
Batch_1,iv6g2oq0,K08,g_obs_z,5.75,0.682990150201417
Batch_1,iv6g2oq0,K08,g_obs_z,6.0,0.9139911867723164
Batch_1,iv6g2oq0,K08,g_obs_z,6.25,1.0649000412269185
Batch_1,iv6g2oq0,K08,g_obs_z,6.5,0.8782221820645657
Batch_1,iv6g2oq0,K08,g_obs_z,6.75,0.7692473890565401
Batch_1,iv6g2oq0,K08,g_obs_z,7.0,0.9397609034568865
Batch_1,iv6g2oq0,K08,g_obs_z,7.25,0.8617887298278796
Batch_1,iv6g2oq0,K08,g_obs_z,7.5,0.7601157065495333
Batch_1,iv6g2oq0,K08,g_obs_z,7.75,0.8061336542983863
Batch_1,iv6g2oq0,K08,g_obs_z,8.0,1.099047310427041
Batch_1,iv6g2oq0,K08,g_obs_z,8.25,1.133641351405728
Batch_1,iv6g2oq0,K08,g_obs_z,8.5,0.9632288028671869
Batch_1,iv6g2oq0,K08,g_obs_z,8.75,0.8258604256811571
Batch_1,iv6g2oq0,K08,g_obs_z,9.0,0.8066560801138122
Batch_1,iv6g2oq0,K08,g_obs_z,9.25,0.8073233613701986
Batch_1,iv6g2oq0,K08,g_obs_z,9.5,0.9346596790070963
Batch_1,iv6g2oq0,K08,g_obs_z,9.75,1.2227359892190295
Batch_1,iv6g2oq0,K08,g_obs_z,10.0,1.1903476453647954
Batch_1,iv6g2oq0,K08,env_lo_z,0.25,0.0
Batch_1,iv6g2oq0,K08,env_lo_z,0.5,0.19730823586012655
Batch_1,iv6g2oq0,K08,env_lo_z,0.75,0.41755821812582156
Batch_1,iv6g2oq0,K08,env_lo_z,1.0,0.37905490391251495
Batch_1,iv6g2oq0,K08,env_lo_z,1.25,0.35121498327551254
Batch_1,iv6g2oq0,K08,env_lo_z,1.5,0.3339945919053142
Batch_1,iv6g2oq0,K08,env_lo_z,1.75,0.4599632536814815
Batch_1,iv6g2oq0,K08,env_lo_z,2.0,0.3938626121088956
Batch_1,iv6g2oq0,K08,env_lo_z,2.25,0.4289583134868594
Batch_1,iv6g2oq0,K08,env_lo_z,2.5,0.4377785927802454
Batch_1,iv6g2oq0,K08,env_lo_z,2.75,0.40074952054872853
Batch_1,iv6g2oq0,K08,env_lo_z,3.0,0.42985571645304216
Batch_1,iv6g2oq0,K08,env_lo_z,3.25,0.37992415582317174
Batch_1,iv6g2oq0,K08,env_lo_z,3.5,0.37862052609896246
Batch_1,iv6g2oq0,K08,env_lo_z,3.75,0.4580233398023249
Batch_1,iv6g2oq0,K08,env_lo_z,4.0,0.3542632172974984
Batch_1,iv6g2oq0,K08,env_lo_z,4.25,0.3635805755229399
Batch_1,iv6g2oq0,K08,env_lo_z,4.5,0.3997895298380399
Batch_1,iv6g2oq0,K08,env_lo_z,4.75,0.3268061087721415
Batch_1,iv6g2oq0,K08,env_lo_z,5.0,0.4187294249917729
Batch_1,iv6g2oq0,K08,env_lo_z,5.25,0.40580349515600295
Batch_1,iv6g2oq0,K08,env_lo_z,5.5,0.2552948468750351
Batch_1,iv6g2oq0,K08,env_lo_z,5.75,0.2919994038699719
Batch_1,iv6g2oq0,K08,env_lo_z,6.0,0.36813447605895294
Batch_1,iv6g2oq0,K08,env_lo_z,6.25,0.3439470528343861
Batch_1,iv6g2oq0,K08,env_lo_z,6.5,0.3929211696993501
Batch_1,iv6g2oq0,K08,env_lo_z,6.75,0.3573312866304412
Batch_1,iv6g2oq0,K08,env_lo_z,7.0,0.4285386118817736
Batch_1,iv6g2oq0,K08,env_lo_z,7.25,0.4142823637449219
Batch_1,iv6g2oq0,K08,env_lo_z,7.5,0.4394378244979091
Batch_1,iv6g2oq0,K08,env_lo_z,7.75,0.45296696687005505
Batch_1,iv6g2oq0,K08,env_lo_z,8.0,0.3740600207714784
Batch_1,iv6g2oq0,K08,env_lo_z,8.25,0.33827555152099015
Batch_1,iv6g2oq0,K08,env_lo_z,8.5,0.4329135264572328
Batch_1,iv6g2oq0,K08,env_lo_z,8.75,0.535885470360594
Batch_1,iv6g2oq0,K08,env_lo_z,9.0,0.5222606595931971
Batch_1,iv6g2oq0,K08,env_lo_z,9.25,0.5228694639719923
Batch_1,iv6g2oq0,K08,env_lo_z,9.5,0.4586484698108361
Batch_1,iv6g2oq0,K08,env_lo_z,9.75,0.5237919473588987
Batch_1,iv6g2oq0,K08,env_lo_z,10.0,0.5394266624277647
Batch_1,iv6g2oq0,K08,env_hi_z,0.25,2.3136901724896215
Batch_1,iv6g2oq0,K08,env_hi_z,0.5,1.7954357333283049
Batch_1,iv6g2oq0,K08,env_hi_z,0.75,1.8838555662452106
Batch_1,iv6g2oq0,K08,env_hi_z,1.0,1.7888761282530563
Batch_1,iv6g2oq0,K08,env_hi_z,1.25,1.8393474866434836
Batch_1,iv6g2oq0,K08,env_hi_z,1.5,1.6798108157343086
Batch_1,iv6g2oq0,K08,env_hi_z,1.75,1.6188146706013895
Batch_1,iv6g2oq0,K08,env_hi_z,2.0,1.6009162685834433
Batch_1,iv6g2oq0,K08,env_hi_z,2.25,1.6721143648859775
Batch_1,iv6g2oq0,K08,env_hi_z,2.5,1.6043616856471743
Batch_1,iv6g2oq0,K08,env_hi_z,2.75,1.8435910312433543
Batch_1,iv6g2oq0,K08,env_hi_z,3.0,1.6703659515159965
Batch_1,iv6g2oq0,K08,env_hi_z,3.25,1.8379205528425056
Batch_1,iv6g2oq0,K08,env_hi_z,3.5,1.988063949967915
Batch_1,iv6g2oq0,K08,env_hi_z,3.75,1.83245270759358
Batch_1,iv6g2oq0,K08,env_hi_z,4.0,1.810171900505185
Batch_1,iv6g2oq0,K08,env_hi_z,4.25,1.8952710421291088
Batch_1,iv6g2oq0,K08,env_hi_z,4.5,1.7268521960166157
Batch_1,iv6g2oq0,K08,env_hi_z,4.75,1.622176070462211
Batch_1,iv6g2oq0,K08,env_hi_z,5.0,1.7854841042656275
Batch_1,iv6g2oq0,K08,env_hi_z,5.25,1.8133568705230299
Batch_1,iv6g2oq0,K08,env_hi_z,5.5,1.738700996560947
Batch_1,iv6g2oq0,K08,env_hi_z,5.75,1.7305936536396573
Batch_1,iv6g2oq0,K08,env_hi_z,6.0,1.8782211737925811
Batch_1,iv6g2oq0,K08,env_hi_z,6.25,1.985169849307013
Batch_1,iv6g2oq0,K08,env_hi_z,6.5,1.7638200183814787
Batch_1,iv6g2oq0,K08,env_hi_z,6.75,1.8179375763103396
Batch_1,iv6g2oq0,K08,env_hi_z,7.0,1.7938218208179444
Batch_1,iv6g2oq0,K08,env_hi_z,7.25,1.7733223551315416
Batch_1,iv6g2oq0,K08,env_hi_z,7.5,1.758218134559545
Batch_1,iv6g2oq0,K08,env_hi_z,7.75,1.8260969713641244
Batch_1,iv6g2oq0,K08,env_hi_z,8.0,1.6607154467374314
Batch_1,iv6g2oq0,K08,env_hi_z,8.25,1.6025651866220587
Batch_1,iv6g2oq0,K08,env_hi_z,8.5,1.6008212405246194
Batch_1,iv6g2oq0,K08,env_hi_z,8.75,1.6310944130347853
Batch_1,iv6g2oq0,K08,env_hi_z,9.0,1.6260681185692738
Batch_1,iv6g2oq0,K08,env_hi_z,9.25,1.581579431575123
Batch_1,iv6g2oq0,K08,env_hi_z,9.5,1.6285027684184024
Batch_1,iv6g2oq0,K08,env_hi_z,9.75,1.6114578912116886
Batch_1,iv6g2oq0,K08,env_hi_z,10.0,1.5803572209405279
Batch_1,iv6g2oq0,K10,cv,1.0,3.447898526663938
Batch_1,iv6g2oq0,K10,cv,2.0,2.9935535449290533
Batch_1,iv6g2oq0,K10,cv,5.0,2.2118099075433846
Batch_1,iv6g2oq0,K10,cv,10.0,1.2640182797488713
Batch_1,iv6g2oq0,K10,cv,20.0,0.5974074046514459
Batch_1,iv6g2oq0,K12,band_si_frac,0.0,0.05832288178327149
Batch_1,iv6g2oq0,K12,band_si_frac,1.0,0.06027042577675489
Batch_1,iv6g2oq0,K12,band_si_frac,2.0,0.05916654814393401
Batch_1,iv6g2oq0,K12,band_si_frac,3.0,0.039342004887446505
Batch_1,iv6g2oq0,K12,band_si_frac,4.0,0.07448830503872461
Batch_1,iv6g2oq0,K13,column_si_frac,5.0,0.07913483146067415
Batch_1,iv6g2oq0,K13,column_si_frac,15.0,0.01195505617977528
Batch_1,iv6g2oq0,K13,column_si_frac,25.0,0.031286516853932585
Batch_1,iv6g2oq0,K13,column_si_frac,35.0,0.009365168539325843
Batch_1,iv6g2oq0,K13,column_si_frac,45.0,0.05404494382022472
Batch_1,iv6g2oq0,K13,column_si_frac,55.0,0.02541011235955056
Batch_1,iv6g2oq0,K13,column_si_frac,65.0,0.09859550561797753
Batch_1,iv6g2oq0,K13,column_si_frac,75.0,0.011769662921348314
Batch_1,iv6g2oq0,K13,column_si_frac,85.0,0.01898314606741573
Batch_1,iv6g2oq0,K13,column_si_frac,95.0,0.057707865168539325
Batch_1,iv6g2oq0,K13,column_si_frac,105.0,0.07775842696629214
Batch_1,iv6g2oq0,K13,column_si_frac,115.0,0.041735955056179774
Batch_1,iv6g2oq0,K13,column_si_frac,125.0,0.06725842696629214
Batch_1,iv6g2oq0,K13,column_si_frac,135.0,0.0783314606741573
Batch_1,iv6g2oq0,K13,column_si_frac,145.0,0.15718539325842695
Batch_1,iv6g2oq0,K13,column_si_frac,155.0,0.14780898876404494
Batch_1,iv6g2oq0,K13,column_si_frac,165.0,0.038365168539325846
Batch_1,iv6g2oq0,D01,band_graphite_frac,0.0,0.8858642246673821
Batch_1,iv6g2oq0,D01,band_graphite_frac,1.0,0.8439653611926404
Batch_1,iv6g2oq0,D01,band_graphite_frac,2.0,0.8966670330096586
Batch_1,iv6g2oq0,D01,band_graphite_frac,3.0,0.8948891920197567
Batch_1,iv6g2oq0,D01,band_graphite_frac,4.0,0.8742209824026066
Batch_1,iv6g2oq0,D04,band_pore_frac,0.0,0.04735037043741353
Batch_1,iv6g2oq0,D04,band_pore_frac,1.0,0.08496140468832832
Batch_1,iv6g2oq0,D04,band_pore_frac,2.0,0.0366025135439159
Batch_1,iv6g2oq0,D04,band_pore_frac,3.0,0.05550096326657271
Batch_1,iv6g2oq0,D04,band_pore_frac,4.0,0.042563129517332335
Batch_1,uhdslk0o,K08,g_obs_x,0.25,0.04379149555650635
Batch_1,uhdslk0o,K08,g_obs_x,0.5,0.4424340943370105
Batch_1,uhdslk0o,K08,g_obs_x,0.75,0.5979822462312144
Batch_1,uhdslk0o,K08,g_obs_x,1.0,0.5924770201219866
Batch_1,uhdslk0o,K08,g_obs_x,1.25,0.5140520016253303
Batch_1,uhdslk0o,K08,g_obs_x,1.5,0.5696951873390579
Batch_1,uhdslk0o,K08,g_obs_x,1.75,0.5265944836682409
Batch_1,uhdslk0o,K08,g_obs_x,2.0,0.325127079374441
Batch_1,uhdslk0o,K08,g_obs_x,2.25,0.4096415463041091
Batch_1,uhdslk0o,K08,g_obs_x,2.5,0.5083658923733104
Batch_1,uhdslk0o,K08,g_obs_x,2.75,0.7848680644391769
Batch_1,uhdslk0o,K08,g_obs_x,3.0,1.0233929574971967
Batch_1,uhdslk0o,K08,g_obs_x,3.25,0.8233916751843959
Batch_1,uhdslk0o,K08,g_obs_x,3.5,0.8339695651303961
Batch_1,uhdslk0o,K08,g_obs_x,3.75,0.7579573162724581
Batch_1,uhdslk0o,K08,g_obs_x,4.0,0.7501621669798499
Batch_1,uhdslk0o,K08,g_obs_x,4.25,1.0553155811421844
Batch_1,uhdslk0o,K08,g_obs_x,4.5,1.0009984448974016
Batch_1,uhdslk0o,K08,g_obs_x,4.75,0.6797752783040908
Batch_1,uhdslk0o,K08,g_obs_x,5.0,0.729177783707337
Batch_1,uhdslk0o,K08,g_obs_x,5.25,1.1385148043526099
Batch_1,uhdslk0o,K08,g_obs_x,5.5,0.9437942453952655
Batch_1,uhdslk0o,K08,g_obs_x,5.75,0.37426442970484114
Batch_1,uhdslk0o,K08,g_obs_x,6.0,0.21363624167297984
Batch_1,uhdslk0o,K08,g_obs_x,6.25,0.3580550489069353
Batch_1,uhdslk0o,K08,g_obs_x,6.5,0.5592785547058454
Batch_1,uhdslk0o,K08,g_obs_x,6.75,1.026558924747548
Batch_1,uhdslk0o,K08,g_obs_x,7.0,1.4127711971930839
Batch_1,uhdslk0o,K08,g_obs_x,7.25,1.257428857935579
Batch_1,uhdslk0o,K08,g_obs_x,7.5,1.0196039746508103
Batch_1,uhdslk0o,K08,g_obs_x,7.75,0.8454599909975087
Batch_1,uhdslk0o,K08,g_obs_x,8.0,0.999820878795941
Batch_1,uhdslk0o,K08,g_obs_x,8.25,0.7456798112814437
Batch_1,uhdslk0o,K08,g_obs_x,8.5,0.5778485075107579
Batch_1,uhdslk0o,K08,g_obs_x,8.75,0.7345160196124543
Batch_1,uhdslk0o,K08,g_obs_x,9.0,0.8969190657215631
Batch_1,uhdslk0o,K08,g_obs_x,9.25,1.0633579673798665
Batch_1,uhdslk0o,K08,g_obs_x,9.5,0.9354201652682042
Batch_1,uhdslk0o,K08,g_obs_x,9.75,1.0209038183928696
Batch_1,uhdslk0o,K08,g_obs_x,10.0,1.1330117599980405
Batch_1,uhdslk0o,K08,env_lo_x,0.25,0.20431488565153935
Batch_1,uhdslk0o,K08,env_lo_x,0.5,0.4503266659038388
Batch_1,uhdslk0o,K08,env_lo_x,0.75,0.46264415713382534
Batch_1,uhdslk0o,K08,env_lo_x,1.0,0.47353040389297496
Batch_1,uhdslk0o,K08,env_lo_x,1.25,0.4439020678954194
Batch_1,uhdslk0o,K08,env_lo_x,1.5,0.3817141847742017
Batch_1,uhdslk0o,K08,env_lo_x,1.75,0.621330326156683
Batch_1,uhdslk0o,K08,env_lo_x,2.0,0.5621545481064036
Batch_1,uhdslk0o,K08,env_lo_x,2.25,0.5552741728982129
Batch_1,uhdslk0o,K08,env_lo_x,2.5,0.5467063765751634
Batch_1,uhdslk0o,K08,env_lo_x,2.75,0.5714918227473135
Batch_1,uhdslk0o,K08,env_lo_x,3.0,0.5309690860937475
Batch_1,uhdslk0o,K08,env_lo_x,3.25,0.4726546502836893
Batch_1,uhdslk0o,K08,env_lo_x,3.5,0.45669954179445593
Batch_1,uhdslk0o,K08,env_lo_x,3.75,0.4894438725616768
Batch_1,uhdslk0o,K08,env_lo_x,4.0,0.5232393141982038
Batch_1,uhdslk0o,K08,env_lo_x,4.25,0.5101472315496786
Batch_1,uhdslk0o,K08,env_lo_x,4.5,0.4695084893692462
Batch_1,uhdslk0o,K08,env_lo_x,4.75,0.4117480191820855
Batch_1,uhdslk0o,K08,env_lo_x,5.0,0.5368487369831851
Batch_1,uhdslk0o,K08,env_lo_x,5.25,0.5037190815054395
Batch_1,uhdslk0o,K08,env_lo_x,5.5,0.49346875999353534
Batch_1,uhdslk0o,K08,env_lo_x,5.75,0.47190910285563475
Batch_1,uhdslk0o,K08,env_lo_x,6.0,0.4857432058741654
Batch_1,uhdslk0o,K08,env_lo_x,6.25,0.46093773592741166
Batch_1,uhdslk0o,K08,env_lo_x,6.5,0.38728821554596504
Batch_1,uhdslk0o,K08,env_lo_x,6.75,0.47268271351098284
Batch_1,uhdslk0o,K08,env_lo_x,7.0,0.47080972036876156
Batch_1,uhdslk0o,K08,env_lo_x,7.25,0.5670673448141986
Batch_1,uhdslk0o,K08,env_lo_x,7.5,0.5448595045752422
Batch_1,uhdslk0o,K08,env_lo_x,7.75,0.5206810932468723
Batch_1,uhdslk0o,K08,env_lo_x,8.0,0.5243086620313409
Batch_1,uhdslk0o,K08,env_lo_x,8.25,0.5830201025076215
Batch_1,uhdslk0o,K08,env_lo_x,8.5,0.5585357677092566
Batch_1,uhdslk0o,K08,env_lo_x,8.75,0.49938488318862995
Batch_1,uhdslk0o,K08,env_lo_x,9.0,0.5601745178274069
Batch_1,uhdslk0o,K08,env_lo_x,9.25,0.5864510048761495
Batch_1,uhdslk0o,K08,env_lo_x,9.5,0.6132544937849558
Batch_1,uhdslk0o,K08,env_lo_x,9.75,0.5402876859903634
Batch_1,uhdslk0o,K08,env_lo_x,10.0,0.5680302051262759
Batch_1,uhdslk0o,K08,env_hi_x,0.25,1.9620262148031207
Batch_1,uhdslk0o,K08,env_hi_x,0.5,1.7382458839868846
Batch_1,uhdslk0o,K08,env_hi_x,0.75,1.5718628071568261
Batch_1,uhdslk0o,K08,env_hi_x,1.0,1.6398733899666003
Batch_1,uhdslk0o,K08,env_hi_x,1.25,1.5313698369934254
Batch_1,uhdslk0o,K08,env_hi_x,1.5,1.5222393827829372
Batch_1,uhdslk0o,K08,env_hi_x,1.75,1.5954034566138247
Batch_1,uhdslk0o,K08,env_hi_x,2.0,1.5626057443183454
Batch_1,uhdslk0o,K08,env_hi_x,2.25,1.7672606662433228
Batch_1,uhdslk0o,K08,env_hi_x,2.5,1.7299829399857307
Batch_1,uhdslk0o,K08,env_hi_x,2.75,1.4342864289365915
Batch_1,uhdslk0o,K08,env_hi_x,3.0,1.4705942298776193
Batch_1,uhdslk0o,K08,env_hi_x,3.25,1.5632993131452797
Batch_1,uhdslk0o,K08,env_hi_x,3.5,1.782708932357936
Batch_1,uhdslk0o,K08,env_hi_x,3.75,1.5397607683849202
Batch_1,uhdslk0o,K08,env_hi_x,4.0,1.6313098680723543
Batch_1,uhdslk0o,K08,env_hi_x,4.25,1.5645723605126804
Batch_1,uhdslk0o,K08,env_hi_x,4.5,1.5529864387341643
Batch_1,uhdslk0o,K08,env_hi_x,4.75,1.4556098974528044
Batch_1,uhdslk0o,K08,env_hi_x,5.0,1.5791614345904608
Batch_1,uhdslk0o,K08,env_hi_x,5.25,1.5460283529215033
Batch_1,uhdslk0o,K08,env_hi_x,5.5,1.5386082410848057
Batch_1,uhdslk0o,K08,env_hi_x,5.75,1.6648930107136741
Batch_1,uhdslk0o,K08,env_hi_x,6.0,1.558098797449829
Batch_1,uhdslk0o,K08,env_hi_x,6.25,1.5756310606517316
Batch_1,uhdslk0o,K08,env_hi_x,6.5,1.4620722653459262
Batch_1,uhdslk0o,K08,env_hi_x,6.75,1.5395694031189262
Batch_1,uhdslk0o,K08,env_hi_x,7.0,1.4274396953968884
Batch_1,uhdslk0o,K08,env_hi_x,7.25,1.5071282274935454
Batch_1,uhdslk0o,K08,env_hi_x,7.5,1.5131629503876782
Batch_1,uhdslk0o,K08,env_hi_x,7.75,1.5143521963124862
Batch_1,uhdslk0o,K08,env_hi_x,8.0,1.5189280685833484
Batch_1,uhdslk0o,K08,env_hi_x,8.25,1.650287222961173
Batch_1,uhdslk0o,K08,env_hi_x,8.5,1.4535892836874331
Batch_1,uhdslk0o,K08,env_hi_x,8.75,1.4145252621471065
Batch_1,uhdslk0o,K08,env_hi_x,9.0,1.4520657773375445
Batch_1,uhdslk0o,K08,env_hi_x,9.25,1.4938320169443653
Batch_1,uhdslk0o,K08,env_hi_x,9.5,1.470488608702535
Batch_1,uhdslk0o,K08,env_hi_x,9.75,1.4538075022963066
Batch_1,uhdslk0o,K08,env_hi_x,10.0,1.5012488927236702
Batch_1,uhdslk0o,K08,g_obs_z,0.25,0.0
Batch_1,uhdslk0o,K08,g_obs_z,0.5,0.0
Batch_1,uhdslk0o,K08,g_obs_z,0.75,0.06650434841050587
Batch_1,uhdslk0o,K08,g_obs_z,1.0,0.4120790351634967
Batch_1,uhdslk0o,K08,g_obs_z,1.25,0.39842283585473504
Batch_1,uhdslk0o,K08,g_obs_z,1.5,0.1412816883627627
Batch_1,uhdslk0o,K08,g_obs_z,1.75,0.21451976170671694
Batch_1,uhdslk0o,K08,g_obs_z,2.0,0.25736444742594805
Batch_1,uhdslk0o,K08,g_obs_z,2.25,0.29582139060826695
Batch_1,uhdslk0o,K08,g_obs_z,2.5,0.3788743947979993
Batch_1,uhdslk0o,K08,g_obs_z,2.75,0.540416395392454
Batch_1,uhdslk0o,K08,g_obs_z,3.0,0.7096519732410133
Batch_1,uhdslk0o,K08,g_obs_z,3.25,0.6241686715908105
Batch_1,uhdslk0o,K08,g_obs_z,3.5,0.9546060552998049
Batch_1,uhdslk0o,K08,g_obs_z,3.75,1.176631660918099
Batch_1,uhdslk0o,K08,g_obs_z,4.0,0.5675841621020177
Batch_1,uhdslk0o,K08,g_obs_z,4.25,0.3886313691819964
Batch_1,uhdslk0o,K08,g_obs_z,4.5,0.6180174854113468
Batch_1,uhdslk0o,K08,g_obs_z,4.75,0.7635993871824951
Batch_1,uhdslk0o,K08,g_obs_z,5.0,0.6009572422734237
Batch_1,uhdslk0o,K08,g_obs_z,5.25,0.8545327415208418
Batch_1,uhdslk0o,K08,g_obs_z,5.5,1.162973332229477
Batch_1,uhdslk0o,K08,g_obs_z,5.75,1.04682993547502
Batch_1,uhdslk0o,K08,g_obs_z,6.0,0.7252327344052748
Batch_1,uhdslk0o,K08,g_obs_z,6.25,0.8473792038659588
Batch_1,uhdslk0o,K08,g_obs_z,6.5,1.6813234725021389
Batch_1,uhdslk0o,K08,g_obs_z,6.75,1.4483391513988386
Batch_1,uhdslk0o,K08,g_obs_z,7.0,0.7390002046141965
Batch_1,uhdslk0o,K08,g_obs_z,7.25,0.7606676102631583
Batch_1,uhdslk0o,K08,g_obs_z,7.5,0.8272863765340273
Batch_1,uhdslk0o,K08,g_obs_z,7.75,1.1014159950646996
Batch_1,uhdslk0o,K08,g_obs_z,8.0,1.2109806694424397
Batch_1,uhdslk0o,K08,g_obs_z,8.25,0.9597213188057532
Batch_1,uhdslk0o,K08,g_obs_z,8.5,0.7115672914120197
Batch_1,uhdslk0o,K08,g_obs_z,8.75,1.0752913828533084
Batch_1,uhdslk0o,K08,g_obs_z,9.0,1.3912686695736456
Batch_1,uhdslk0o,K08,g_obs_z,9.25,1.142470694053428
Batch_1,uhdslk0o,K08,g_obs_z,9.5,1.4704611086740371
Batch_1,uhdslk0o,K08,g_obs_z,9.75,1.2365685879207413
Batch_1,uhdslk0o,K08,g_obs_z,10.0,0.7526553670072166
Batch_1,uhdslk0o,K08,env_lo_z,0.25,0.2662746173723142
Batch_1,uhdslk0o,K08,env_lo_z,0.5,0.4295573606975903
Batch_1,uhdslk0o,K08,env_lo_z,0.75,0.4408823505125817
Batch_1,uhdslk0o,K08,env_lo_z,1.0,0.4962073952762328
Batch_1,uhdslk0o,K08,env_lo_z,1.25,0.4108391720897046
Batch_1,uhdslk0o,K08,env_lo_z,1.5,0.3366344558367833
Batch_1,uhdslk0o,K08,env_lo_z,1.75,0.38976652872452705
Batch_1,uhdslk0o,K08,env_lo_z,2.0,0.39578964765057356
Batch_1,uhdslk0o,K08,env_lo_z,2.25,0.5337805436167494
Batch_1,uhdslk0o,K08,env_lo_z,2.5,0.5066513890397752
Batch_1,uhdslk0o,K08,env_lo_z,2.75,0.461605237875354
Batch_1,uhdslk0o,K08,env_lo_z,3.0,0.4506221685921374
Batch_1,uhdslk0o,K08,env_lo_z,3.25,0.42221038227818314
Batch_1,uhdslk0o,K08,env_lo_z,3.5,0.4708439025154291
Batch_1,uhdslk0o,K08,env_lo_z,3.75,0.45145960254457596
Batch_1,uhdslk0o,K08,env_lo_z,4.0,0.49330607920118225
Batch_1,uhdslk0o,K08,env_lo_z,4.25,0.4583610035668453
Batch_1,uhdslk0o,K08,env_lo_z,4.5,0.45909776884107395
Batch_1,uhdslk0o,K08,env_lo_z,4.75,0.4771016749324465
Batch_1,uhdslk0o,K08,env_lo_z,5.0,0.4630136523748972
Batch_1,uhdslk0o,K08,env_lo_z,5.25,0.4489385737559065
Batch_1,uhdslk0o,K08,env_lo_z,5.5,0.42153944564653245
Batch_1,uhdslk0o,K08,env_lo_z,5.75,0.4248228811400049
Batch_1,uhdslk0o,K08,env_lo_z,6.0,0.4472327699981835
Batch_1,uhdslk0o,K08,env_lo_z,6.25,0.5387027676611547
Batch_1,uhdslk0o,K08,env_lo_z,6.5,0.4682699254689636
Batch_1,uhdslk0o,K08,env_lo_z,6.75,0.38642173388454665
Batch_1,uhdslk0o,K08,env_lo_z,7.0,0.4155985802880995
Batch_1,uhdslk0o,K08,env_lo_z,7.25,0.40645151131005586
Batch_1,uhdslk0o,K08,env_lo_z,7.5,0.4692815263115912
Batch_1,uhdslk0o,K08,env_lo_z,7.75,0.46158460386037725
Batch_1,uhdslk0o,K08,env_lo_z,8.0,0.4891533508420634
Batch_1,uhdslk0o,K08,env_lo_z,8.25,0.5205572063420743
Batch_1,uhdslk0o,K08,env_lo_z,8.5,0.5312159843452819
Batch_1,uhdslk0o,K08,env_lo_z,8.75,0.6078956173874048
Batch_1,uhdslk0o,K08,env_lo_z,9.0,0.5522545088044106
Batch_1,uhdslk0o,K08,env_lo_z,9.25,0.520862106428136
Batch_1,uhdslk0o,K08,env_lo_z,9.5,0.5650676366394021
Batch_1,uhdslk0o,K08,env_lo_z,9.75,0.5162011591909886
Batch_1,uhdslk0o,K08,env_lo_z,10.0,0.4477853894362744
Batch_1,uhdslk0o,K08,env_hi_z,0.25,1.9915500564959934
Batch_1,uhdslk0o,K08,env_hi_z,0.5,1.8099327980603146
Batch_1,uhdslk0o,K08,env_hi_z,0.75,1.7368740194891232
Batch_1,uhdslk0o,K08,env_hi_z,1.0,1.6526799683603965
Batch_1,uhdslk0o,K08,env_hi_z,1.25,1.5302797034761786
Batch_1,uhdslk0o,K08,env_hi_z,1.5,1.6272666320509868
Batch_1,uhdslk0o,K08,env_hi_z,1.75,1.539075762541263
Batch_1,uhdslk0o,K08,env_hi_z,2.0,1.5446417774577628
Batch_1,uhdslk0o,K08,env_hi_z,2.25,1.5390958070070007
Batch_1,uhdslk0o,K08,env_hi_z,2.5,1.6394679298902024
Batch_1,uhdslk0o,K08,env_hi_z,2.75,1.5705740804042423
Batch_1,uhdslk0o,K08,env_hi_z,3.0,1.6364780174894942
Batch_1,uhdslk0o,K08,env_hi_z,3.25,1.5779267974702138
Batch_1,uhdslk0o,K08,env_hi_z,3.5,1.517269422220857
Batch_1,uhdslk0o,K08,env_hi_z,3.75,1.572383240158631
Batch_1,uhdslk0o,K08,env_hi_z,4.0,1.74366370642648
Batch_1,uhdslk0o,K08,env_hi_z,4.25,1.6404437571316457
Batch_1,uhdslk0o,K08,env_hi_z,4.5,1.6722837769128296
Batch_1,uhdslk0o,K08,env_hi_z,4.75,1.5505222185252574
Batch_1,uhdslk0o,K08,env_hi_z,5.0,1.709171904854018
Batch_1,uhdslk0o,K08,env_hi_z,5.25,1.8700719668518915
Batch_1,uhdslk0o,K08,env_hi_z,5.5,1.6563842199504868
Batch_1,uhdslk0o,K08,env_hi_z,5.75,1.6217379563433805
Batch_1,uhdslk0o,K08,env_hi_z,6.0,1.5894548447359251
Batch_1,uhdslk0o,K08,env_hi_z,6.25,1.6612672756510154
Batch_1,uhdslk0o,K08,env_hi_z,6.5,1.7320647161020006
Batch_1,uhdslk0o,K08,env_hi_z,6.75,1.7090241370727413
Batch_1,uhdslk0o,K08,env_hi_z,7.0,1.6577787402549287
Batch_1,uhdslk0o,K08,env_hi_z,7.25,1.5529536899856098
Batch_1,uhdslk0o,K08,env_hi_z,7.5,1.702337582236035
Batch_1,uhdslk0o,K08,env_hi_z,7.75,1.7763915080189374
Batch_1,uhdslk0o,K08,env_hi_z,8.0,1.679634521337327
Batch_1,uhdslk0o,K08,env_hi_z,8.25,1.5543274644737957
Batch_1,uhdslk0o,K08,env_hi_z,8.5,1.5589327438556284
Batch_1,uhdslk0o,K08,env_hi_z,8.75,1.5705634056814115
Batch_1,uhdslk0o,K08,env_hi_z,9.0,1.654431818403715
Batch_1,uhdslk0o,K08,env_hi_z,9.25,1.5900921335825977
Batch_1,uhdslk0o,K08,env_hi_z,9.5,1.5641504805546371
Batch_1,uhdslk0o,K08,env_hi_z,9.75,1.4895902377727595
Batch_1,uhdslk0o,K08,env_hi_z,10.0,1.7293715739839224
Batch_1,uhdslk0o,K10,cv,1.0,3.3351905349857764
Batch_1,uhdslk0o,K10,cv,2.0,2.9878167224067718
Batch_1,uhdslk0o,K10,cv,5.0,2.2437674121242432
Batch_1,uhdslk0o,K10,cv,10.0,1.323975345097363
Batch_1,uhdslk0o,K10,cv,20.0,0.6579021589749218
Batch_1,uhdslk0o,K12,band_si_frac,0.0,0.036299844198841226
Batch_1,uhdslk0o,K12,band_si_frac,1.0,0.0821516383465602
Batch_1,uhdslk0o,K12,band_si_frac,2.0,0.07005726909781392
Batch_1,uhdslk0o,K12,band_si_frac,3.0,0.032899301329178635
Batch_1,uhdslk0o,K12,band_si_frac,4.0,0.09683102877452651
Batch_1,uhdslk0o,K13,column_si_frac,5.0,0.08555851063829788
Batch_1,uhdslk0o,K13,column_si_frac,15.0,0.04732446808510638
Batch_1,uhdslk0o,K13,column_si_frac,25.0,0.027143617021276597
Batch_1,uhdslk0o,K13,column_si_frac,35.0,0.03659574468085106
Batch_1,uhdslk0o,K13,column_si_frac,45.0,0.024436170212765958
Batch_1,uhdslk0o,K13,column_si_frac,55.0,0.08187234042553192
Batch_1,uhdslk0o,K13,column_si_frac,65.0,0.13779255319148936
Batch_1,uhdslk0o,K13,column_si_frac,75.0,0.05224468085106383
Batch_1,uhdslk0o,K13,column_si_frac,85.0,0.07528723404255319
Batch_1,uhdslk0o,K13,column_si_frac,95.0,0.028111702127659576
Batch_1,uhdslk0o,K13,column_si_frac,105.0,0.009968085106382979
Batch_1,uhdslk0o,K13,column_si_frac,115.0,0.038861702127659575
Batch_1,uhdslk0o,K13,column_si_frac,125.0,0.06436170212765957
Batch_1,uhdslk0o,K13,column_si_frac,135.0,0.19163829787234044
Batch_1,uhdslk0o,K13,column_si_frac,145.0,0.03945744680851064
Batch_1,uhdslk0o,K13,column_si_frac,155.0,0.06830851063829788
Batch_1,uhdslk0o,K13,column_si_frac,165.0,0.06188297872340426
Batch_1,uhdslk0o,D01,band_graphite_frac,0.0,0.9095622961195774
Batch_1,uhdslk0o,D01,band_graphite_frac,1.0,0.862712400798481
Batch_1,uhdslk0o,D01,band_graphite_frac,2.0,0.8753940673840012
Batch_1,uhdslk0o,D01,band_graphite_frac,3.0,0.9211226203807391
Batch_1,uhdslk0o,D01,band_graphite_frac,4.0,0.8619166585520229
Batch_1,uhdslk0o,D04,band_pore_frac,0.0,0.04280880276547057
Batch_1,uhdslk0o,D04,band_pore_frac,1.0,0.04181374458347534
Batch_1,uhdslk0o,D04,band_pore_frac,2.0,0.04373995812843858
Batch_1,uhdslk0o,D04,band_pore_frac,3.0,0.03969582258143045
Batch_1,uhdslk0o,D04,band_pore_frac,4.0,0.031138930814547935
Batch_2,3806gxp0,K08,g_obs_x,0.25,0.0
Batch_2,3806gxp0,K08,g_obs_x,0.5,0.0
Batch_2,3806gxp0,K08,g_obs_x,0.75,0.17195510653531224
Batch_2,3806gxp0,K08,g_obs_x,1.0,0.680883167966149
Batch_2,3806gxp0,K08,g_obs_x,1.25,0.9607555534951501
Batch_2,3806gxp0,K08,g_obs_x,1.5,0.6558551973819129
Batch_2,3806gxp0,K08,g_obs_x,1.75,0.44619837749031294
Batch_2,3806gxp0,K08,g_obs_x,2.0,0.6165163061275751
Batch_2,3806gxp0,K08,g_obs_x,2.25,0.6646634248017024
Batch_2,3806gxp0,K08,g_obs_x,2.5,0.7975182873847121
Batch_2,3806gxp0,K08,g_obs_x,2.75,1.1394405634402769
Batch_2,3806gxp0,K08,g_obs_x,3.0,1.2619463929870653
Batch_2,3806gxp0,K08,g_obs_x,3.25,1.1467092798878231
Batch_2,3806gxp0,K08,g_obs_x,3.5,0.9272533226152441
Batch_2,3806gxp0,K08,g_obs_x,3.75,0.9626279429461029
Batch_2,3806gxp0,K08,g_obs_x,4.0,0.9874977967167944
Batch_2,3806gxp0,K08,g_obs_x,4.25,0.7500075926198414
Batch_2,3806gxp0,K08,g_obs_x,4.5,0.8301468803659787
Batch_2,3806gxp0,K08,g_obs_x,4.75,0.9891719081359245
Batch_2,3806gxp0,K08,g_obs_x,5.0,1.0048494108083443
Batch_2,3806gxp0,K08,g_obs_x,5.25,1.2234853251811282
Batch_2,3806gxp0,K08,g_obs_x,5.5,1.3459081378482332
Batch_2,3806gxp0,K08,g_obs_x,5.75,1.0018291768989604
Batch_2,3806gxp0,K08,g_obs_x,6.0,0.9332536021665128
Batch_2,3806gxp0,K08,g_obs_x,6.25,1.2493329054434577
Batch_2,3806gxp0,K08,g_obs_x,6.5,1.157516363564181
Batch_2,3806gxp0,K08,g_obs_x,6.75,0.9373521415835782
Batch_2,3806gxp0,K08,g_obs_x,7.0,1.1759885895557953
Batch_2,3806gxp0,K08,g_obs_x,7.25,1.5641012230449018
Batch_2,3806gxp0,K08,g_obs_x,7.5,1.5012729529143147
Batch_2,3806gxp0,K08,g_obs_x,7.75,1.282373046779345
Batch_2,3806gxp0,K08,g_obs_x,8.0,0.9722913297827014
Batch_2,3806gxp0,K08,g_obs_x,8.25,1.0335887175895249
Batch_2,3806gxp0,K08,g_obs_x,8.5,1.2083074146875163
Batch_2,3806gxp0,K08,g_obs_x,8.75,0.8826707432372732
Batch_2,3806gxp0,K08,g_obs_x,9.0,0.7343674226681347
Batch_2,3806gxp0,K08,g_obs_x,9.25,0.9253916535491686
Batch_2,3806gxp0,K08,g_obs_x,9.5,0.9977355926129817
Batch_2,3806gxp0,K08,g_obs_x,9.75,0.9523424159144096
Batch_2,3806gxp0,K08,g_obs_x,10.0,1.1674074868884945
Batch_2,3806gxp0,K08,env_lo_x,0.25,0.06553711485665488
Batch_2,3806gxp0,K08,env_lo_x,0.5,0.2552649661648993
Batch_2,3806gxp0,K08,env_lo_x,0.75,0.40315766346041987
Batch_2,3806gxp0,K08,env_lo_x,1.0,0.46459570951023366
Batch_2,3806gxp0,K08,env_lo_x,1.25,0.3843688288238788
Batch_2,3806gxp0,K08,env_lo_x,1.5,0.46213949869725546
Batch_2,3806gxp0,K08,env_lo_x,1.75,0.42983182012804366
Batch_2,3806gxp0,K08,env_lo_x,2.0,0.5279673906190719
Batch_2,3806gxp0,K08,env_lo_x,2.25,0.446023103281497
Batch_2,3806gxp0,K08,env_lo_x,2.5,0.4656608041393765
Batch_2,3806gxp0,K08,env_lo_x,2.75,0.487223614002904
Batch_2,3806gxp0,K08,env_lo_x,3.0,0.4796490546890003
Batch_2,3806gxp0,K08,env_lo_x,3.25,0.3599304448462765
Batch_2,3806gxp0,K08,env_lo_x,3.5,0.5493455557492015
Batch_2,3806gxp0,K08,env_lo_x,3.75,0.3880071659569608
Batch_2,3806gxp0,K08,env_lo_x,4.0,0.5648805045056192
Batch_2,3806gxp0,K08,env_lo_x,4.25,0.45091840843107966
Batch_2,3806gxp0,K08,env_lo_x,4.5,0.5134448969629396
Batch_2,3806gxp0,K08,env_lo_x,4.75,0.4568536653464846
Batch_2,3806gxp0,K08,env_lo_x,5.0,0.5086995334454395
Batch_2,3806gxp0,K08,env_lo_x,5.25,0.4933972521767471
Batch_2,3806gxp0,K08,env_lo_x,5.5,0.4886707426085225
Batch_2,3806gxp0,K08,env_lo_x,5.75,0.400236381409163
Batch_2,3806gxp0,K08,env_lo_x,6.0,0.4645261129174878
Batch_2,3806gxp0,K08,env_lo_x,6.25,0.48250798327686734
Batch_2,3806gxp0,K08,env_lo_x,6.5,0.4901687757071654
Batch_2,3806gxp0,K08,env_lo_x,6.75,0.5585129318466436
Batch_2,3806gxp0,K08,env_lo_x,7.0,0.5273615769127091
Batch_2,3806gxp0,K08,env_lo_x,7.25,0.4661960321803961
Batch_2,3806gxp0,K08,env_lo_x,7.5,0.5258063170534324
Batch_2,3806gxp0,K08,env_lo_x,7.75,0.40645386560300145
Batch_2,3806gxp0,K08,env_lo_x,8.0,0.43246231007798697
Batch_2,3806gxp0,K08,env_lo_x,8.25,0.5892609651832685
Batch_2,3806gxp0,K08,env_lo_x,8.5,0.5725510258108116
Batch_2,3806gxp0,K08,env_lo_x,8.75,0.5793710776938401
Batch_2,3806gxp0,K08,env_lo_x,9.0,0.5108329604174547
Batch_2,3806gxp0,K08,env_lo_x,9.25,0.5259536259402602
Batch_2,3806gxp0,K08,env_lo_x,9.5,0.5029355479110088
Batch_2,3806gxp0,K08,env_lo_x,9.75,0.5545842195921675
Batch_2,3806gxp0,K08,env_lo_x,10.0,0.5614028422003348
Batch_2,3806gxp0,K08,env_hi_x,0.25,2.2362245440856445
Batch_2,3806gxp0,K08,env_hi_x,0.5,1.7629884343202262
Batch_2,3806gxp0,K08,env_hi_x,0.75,1.7541437670479578
Batch_2,3806gxp0,K08,env_hi_x,1.0,1.742356815653622
Batch_2,3806gxp0,K08,env_hi_x,1.25,1.7502627698433986
Batch_2,3806gxp0,K08,env_hi_x,1.5,1.7171634711029433
Batch_2,3806gxp0,K08,env_hi_x,1.75,1.911668138349506
Batch_2,3806gxp0,K08,env_hi_x,2.0,1.849287278805357
Batch_2,3806gxp0,K08,env_hi_x,2.25,1.7041415956135497
Batch_2,3806gxp0,K08,env_hi_x,2.5,1.4009511680909879
Batch_2,3806gxp0,K08,env_hi_x,2.75,1.5424229424004183
Batch_2,3806gxp0,K08,env_hi_x,3.0,1.706181101261633
Batch_2,3806gxp0,K08,env_hi_x,3.25,1.6643866521255766
Batch_2,3806gxp0,K08,env_hi_x,3.5,1.6794472978501556
Batch_2,3806gxp0,K08,env_hi_x,3.75,1.652773503904119
Batch_2,3806gxp0,K08,env_hi_x,4.0,1.6979698328562458
Batch_2,3806gxp0,K08,env_hi_x,4.25,1.5617364842152595
Batch_2,3806gxp0,K08,env_hi_x,4.5,1.5840684724819782
Batch_2,3806gxp0,K08,env_hi_x,4.75,1.66369710670333
Batch_2,3806gxp0,K08,env_hi_x,5.0,1.641258265671318
Batch_2,3806gxp0,K08,env_hi_x,5.25,1.7625325193755332
Batch_2,3806gxp0,K08,env_hi_x,5.5,1.5803457416353808
Batch_2,3806gxp0,K08,env_hi_x,5.75,1.6475732791514126
Batch_2,3806gxp0,K08,env_hi_x,6.0,1.6357333113993517
Batch_2,3806gxp0,K08,env_hi_x,6.25,1.6398051310846695
Batch_2,3806gxp0,K08,env_hi_x,6.5,1.6187597857691218
Batch_2,3806gxp0,K08,env_hi_x,6.75,1.600050032647788
Batch_2,3806gxp0,K08,env_hi_x,7.0,1.5083505332646823
Batch_2,3806gxp0,K08,env_hi_x,7.25,1.5272762914314926
Batch_2,3806gxp0,K08,env_hi_x,7.5,1.5938693193078521
Batch_2,3806gxp0,K08,env_hi_x,7.75,1.5429433720682995
Batch_2,3806gxp0,K08,env_hi_x,8.0,1.557226787817251
Batch_2,3806gxp0,K08,env_hi_x,8.25,1.4736067326617173
Batch_2,3806gxp0,K08,env_hi_x,8.5,1.5637707253186452
Batch_2,3806gxp0,K08,env_hi_x,8.75,1.4885587194614749
Batch_2,3806gxp0,K08,env_hi_x,9.0,1.5858846226674923
Batch_2,3806gxp0,K08,env_hi_x,9.25,1.5166380678262479
Batch_2,3806gxp0,K08,env_hi_x,9.5,1.4855156729306156
Batch_2,3806gxp0,K08,env_hi_x,9.75,1.4922382544797026
Batch_2,3806gxp0,K08,env_hi_x,10.0,1.457852328796716
Batch_2,3806gxp0,K08,g_obs_z,0.25,0.0
Batch_2,3806gxp0,K08,g_obs_z,0.5,0.12699483856469734
Batch_2,3806gxp0,K08,g_obs_z,0.75,0.24911179471521225
Batch_2,3806gxp0,K08,g_obs_z,1.0,0.5342380790669579
Batch_2,3806gxp0,K08,g_obs_z,1.25,0.9549407776000062
Batch_2,3806gxp0,K08,g_obs_z,1.5,0.6664192777501664
Batch_2,3806gxp0,K08,g_obs_z,1.75,0.19164690045497654
Batch_2,3806gxp0,K08,g_obs_z,2.0,0.23116460505275319
Batch_2,3806gxp0,K08,g_obs_z,2.25,0.3976018230731623
Batch_2,3806gxp0,K08,g_obs_z,2.5,0.5154674141533622
Batch_2,3806gxp0,K08,g_obs_z,2.75,0.5589676860234822
Batch_2,3806gxp0,K08,g_obs_z,3.0,0.5310892826534763
Batch_2,3806gxp0,K08,g_obs_z,3.25,0.45047880776090804
Batch_2,3806gxp0,K08,g_obs_z,3.5,0.38031191416681465
Batch_2,3806gxp0,K08,g_obs_z,3.75,0.12429370894928742
Batch_2,3806gxp0,K08,g_obs_z,4.0,0.028079436863676217
Batch_2,3806gxp0,K08,g_obs_z,4.25,0.3841033905951812
Batch_2,3806gxp0,K08,g_obs_z,4.5,0.8054335778604264
Batch_2,3806gxp0,K08,g_obs_z,4.75,0.6312593785055012
Batch_2,3806gxp0,K08,g_obs_z,5.0,0.3502942443787138
Batch_2,3806gxp0,K08,g_obs_z,5.25,0.7831795422043681
Batch_2,3806gxp0,K08,g_obs_z,5.5,1.091437781609386
Batch_2,3806gxp0,K08,g_obs_z,5.75,0.6653993365343117
Batch_2,3806gxp0,K08,g_obs_z,6.0,0.8048278804348273
Batch_2,3806gxp0,K08,g_obs_z,6.25,1.1800078375138097
Batch_2,3806gxp0,K08,g_obs_z,6.5,1.0783418021300364
Batch_2,3806gxp0,K08,g_obs_z,6.75,0.6671168075783577
Batch_2,3806gxp0,K08,g_obs_z,7.0,0.5286204931128382
Batch_2,3806gxp0,K08,g_obs_z,7.25,0.7872767663710522
Batch_2,3806gxp0,K08,g_obs_z,7.5,0.9651570221963175
Batch_2,3806gxp0,K08,g_obs_z,7.75,0.8739211449942417
Batch_2,3806gxp0,K08,g_obs_z,8.0,0.9207560676513874
Batch_2,3806gxp0,K08,g_obs_z,8.25,0.955001439995377
Batch_2,3806gxp0,K08,g_obs_z,8.5,0.529661584166762
Batch_2,3806gxp0,K08,g_obs_z,8.75,0.47855643504771694
Batch_2,3806gxp0,K08,g_obs_z,9.0,0.7044480425915042
Batch_2,3806gxp0,K08,g_obs_z,9.25,0.7712170176488948
Batch_2,3806gxp0,K08,g_obs_z,9.5,1.038925615604075
Batch_2,3806gxp0,K08,g_obs_z,9.75,0.9402130561641273
Batch_2,3806gxp0,K08,g_obs_z,10.0,0.6051707790397923
Batch_2,3806gxp0,K08,env_lo_z,0.25,0.21736252119542418
Batch_2,3806gxp0,K08,env_lo_z,0.5,0.20034379759434734
Batch_2,3806gxp0,K08,env_lo_z,0.75,0.42515442069701775
Batch_2,3806gxp0,K08,env_lo_z,1.0,0.41431498884528156
Batch_2,3806gxp0,K08,env_lo_z,1.25,0.42355162065565655
Batch_2,3806gxp0,K08,env_lo_z,1.5,0.4688656928949222
Batch_2,3806gxp0,K08,env_lo_z,1.75,0.3570528050470324
Batch_2,3806gxp0,K08,env_lo_z,2.0,0.3729316816863307
Batch_2,3806gxp0,K08,env_lo_z,2.25,0.43650338025026003
Batch_2,3806gxp0,K08,env_lo_z,2.5,0.40027525091685173
Batch_2,3806gxp0,K08,env_lo_z,2.75,0.429303112907462
Batch_2,3806gxp0,K08,env_lo_z,3.0,0.4816156569970424
Batch_2,3806gxp0,K08,env_lo_z,3.25,0.4712759522292073
Batch_2,3806gxp0,K08,env_lo_z,3.5,0.41808910175355146
Batch_2,3806gxp0,K08,env_lo_z,3.75,0.44094766412229836
Batch_2,3806gxp0,K08,env_lo_z,4.0,0.487655281574177
Batch_2,3806gxp0,K08,env_lo_z,4.25,0.4509163573029739
Batch_2,3806gxp0,K08,env_lo_z,4.5,0.44464507284043064
Batch_2,3806gxp0,K08,env_lo_z,4.75,0.41261431517424724
Batch_2,3806gxp0,K08,env_lo_z,5.0,0.3767267932753511
Batch_2,3806gxp0,K08,env_lo_z,5.25,0.4272429608636089
Batch_2,3806gxp0,K08,env_lo_z,5.5,0.4281714482868693
Batch_2,3806gxp0,K08,env_lo_z,5.75,0.36973089012450067
Batch_2,3806gxp0,K08,env_lo_z,6.0,0.41037373163769647
Batch_2,3806gxp0,K08,env_lo_z,6.25,0.44178979496689147
Batch_2,3806gxp0,K08,env_lo_z,6.5,0.3949205842386757
Batch_2,3806gxp0,K08,env_lo_z,6.75,0.46021445540099276
Batch_2,3806gxp0,K08,env_lo_z,7.0,0.3924024134300453
Batch_2,3806gxp0,K08,env_lo_z,7.25,0.3510550164137415
Batch_2,3806gxp0,K08,env_lo_z,7.5,0.4317157644266168
Batch_2,3806gxp0,K08,env_lo_z,7.75,0.4848588418086512
Batch_2,3806gxp0,K08,env_lo_z,8.0,0.3851838802887717
Batch_2,3806gxp0,K08,env_lo_z,8.25,0.461320454486709
Batch_2,3806gxp0,K08,env_lo_z,8.5,0.5614051748963744
Batch_2,3806gxp0,K08,env_lo_z,8.75,0.5164444478496019
Batch_2,3806gxp0,K08,env_lo_z,9.0,0.43291163293956536
Batch_2,3806gxp0,K08,env_lo_z,9.25,0.5948614019138971
Batch_2,3806gxp0,K08,env_lo_z,9.5,0.5194893710954115
Batch_2,3806gxp0,K08,env_lo_z,9.75,0.4736851083504075
Batch_2,3806gxp0,K08,env_lo_z,10.0,0.4294494745361051
Batch_2,3806gxp0,K08,env_hi_z,0.25,1.893523314356887
Batch_2,3806gxp0,K08,env_hi_z,0.5,1.851053622599645
Batch_2,3806gxp0,K08,env_hi_z,0.75,1.5115419813047608
Batch_2,3806gxp0,K08,env_hi_z,1.0,1.7500477584657401
Batch_2,3806gxp0,K08,env_hi_z,1.25,1.809274394977047
Batch_2,3806gxp0,K08,env_hi_z,1.5,1.8787548391903794
Batch_2,3806gxp0,K08,env_hi_z,1.75,1.6754925898343633
Batch_2,3806gxp0,K08,env_hi_z,2.0,1.7328810846200693
Batch_2,3806gxp0,K08,env_hi_z,2.25,1.5948308279624934
Batch_2,3806gxp0,K08,env_hi_z,2.5,1.5804690400764856
Batch_2,3806gxp0,K08,env_hi_z,2.75,1.77144365335943
Batch_2,3806gxp0,K08,env_hi_z,3.0,1.7923650546691732
Batch_2,3806gxp0,K08,env_hi_z,3.25,1.7094987288083778
Batch_2,3806gxp0,K08,env_hi_z,3.5,1.6924357211539427
Batch_2,3806gxp0,K08,env_hi_z,3.75,1.802869468646661
Batch_2,3806gxp0,K08,env_hi_z,4.0,1.7680945065213312
Batch_2,3806gxp0,K08,env_hi_z,4.25,1.8507245575596896
Batch_2,3806gxp0,K08,env_hi_z,4.5,1.6777397078432668
Batch_2,3806gxp0,K08,env_hi_z,4.75,1.701353713474141
Batch_2,3806gxp0,K08,env_hi_z,5.0,1.6140455482800242
Batch_2,3806gxp0,K08,env_hi_z,5.25,1.7055144548417196
Batch_2,3806gxp0,K08,env_hi_z,5.5,1.6664109849369062
Batch_2,3806gxp0,K08,env_hi_z,5.75,1.722531484188738
Batch_2,3806gxp0,K08,env_hi_z,6.0,1.6386577071278037
Batch_2,3806gxp0,K08,env_hi_z,6.25,1.6430186074332516
Batch_2,3806gxp0,K08,env_hi_z,6.5,1.7968552438659011
Batch_2,3806gxp0,K08,env_hi_z,6.75,1.7809004822912027
Batch_2,3806gxp0,K08,env_hi_z,7.0,1.6364191775346633
Batch_2,3806gxp0,K08,env_hi_z,7.25,1.67460548248657
Batch_2,3806gxp0,K08,env_hi_z,7.5,1.6745560011370164
Batch_2,3806gxp0,K08,env_hi_z,7.75,1.4536052063358722
Batch_2,3806gxp0,K08,env_hi_z,8.0,1.548943319159337
Batch_2,3806gxp0,K08,env_hi_z,8.25,1.627991553576119
Batch_2,3806gxp0,K08,env_hi_z,8.5,1.586747466951011
Batch_2,3806gxp0,K08,env_hi_z,8.75,1.797091185412864
Batch_2,3806gxp0,K08,env_hi_z,9.0,1.5246475110320536
Batch_2,3806gxp0,K08,env_hi_z,9.25,1.4898823406736186
Batch_2,3806gxp0,K08,env_hi_z,9.5,1.644768516363311
Batch_2,3806gxp0,K08,env_hi_z,9.75,1.5911846676510493
Batch_2,3806gxp0,K08,env_hi_z,10.0,1.5989748258101646
Batch_2,3806gxp0,K10,cv,1.0,3.469540254284965
Batch_2,3806gxp0,K10,cv,2.0,3.1030189142601214
Batch_2,3806gxp0,K10,cv,5.0,2.121419696721222
Batch_2,3806gxp0,K10,cv,10.0,1.258335991351899
Batch_2,3806gxp0,K10,cv,20.0,0.6995137053274629
Batch_2,3806gxp0,K12,band_si_frac,0.0,0.1138402076240442
Batch_2,3806gxp0,K12,band_si_frac,1.0,0.020412178378076688
Batch_2,3806gxp0,K12,band_si_frac,2.0,0.030256181280348272
Batch_2,3806gxp0,K12,band_si_frac,3.0,0.0722498186080259
Batch_2,3806gxp0,K12,band_si_frac,4.0,0.05653800421770539
Batch_2,3806gxp0,K13,column_si_frac,5.0,0.04978515625
Batch_2,3806gxp0,K13,column_si_frac,15.0,0.0603515625
Batch_2,3806gxp0,K13,column_si_frac,25.0,0.0829052734375
Batch_2,3806gxp0,K13,column_si_frac,35.0,0.084384765625
Batch_2,3806gxp0,K13,column_si_frac,45.0,0.035693359375
Batch_2,3806gxp0,K13,column_si_frac,55.0,0.11017578125
Batch_2,3806gxp0,K13,column_si_frac,65.0,0.0858056640625
Batch_2,3806gxp0,K13,column_si_frac,75.0,0.0658251953125
Batch_2,3806gxp0,K13,column_si_frac,85.0,0.0281494140625
Batch_2,3806gxp0,K13,column_si_frac,95.0,0.0179833984375
Batch_2,3806gxp0,K13,column_si_frac,105.0,0.0797216796875
Batch_2,3806gxp0,K13,column_si_frac,115.0,0.0620849609375
Batch_2,3806gxp0,K13,column_si_frac,125.0,0.0650439453125
Batch_2,3806gxp0,K13,column_si_frac,135.0,0.0235302734375
Batch_2,3806gxp0,K13,column_si_frac,145.0,0.0633349609375
Batch_2,3806gxp0,K13,column_si_frac,155.0,0.0431884765625
Batch_2,3806gxp0,K13,column_si_frac,165.0,0.0340283203125
Batch_2,3806gxp0,D01,band_graphite_frac,0.0,0.8272004241781549
Batch_2,3806gxp0,D01,band_graphite_frac,1.0,0.9056371044259641
Batch_2,3806gxp0,D01,band_graphite_frac,2.0,0.9220628453424122
Batch_2,3806gxp0,D01,band_graphite_frac,3.0,0.8763464865769939
Batch_2,3806gxp0,D01,band_graphite_frac,4.0,0.9025693229236775
Batch_2,3806gxp0,D04,band_pore_frac,0.0,0.04660657476139979
Batch_2,3806gxp0,D04,band_pore_frac,1.0,0.06694061505832449
Batch_2,3806gxp0,D04,band_pore_frac,2.0,0.0415499246525646
Batch_2,3806gxp0,D04,band_pore_frac,3.0,0.0420815426689736
Batch_2,3806gxp0,D04,band_pore_frac,4.0,0.03280499842957778
Batch_2,avn74qx1,K08,g_obs_x,0.25,0.0
Batch_2,avn74qx1,K08,g_obs_x,0.5,0.11154504200057488
Batch_2,avn74qx1,K08,g_obs_x,0.75,0.25215874243940156
Batch_2,avn74qx1,K08,g_obs_x,1.0,0.4831421639813042
Batch_2,avn74qx1,K08,g_obs_x,1.25,0.48868610987285727
Batch_2,avn74qx1,K08,g_obs_x,1.5,0.6043178334345611
Batch_2,avn74qx1,K08,g_obs_x,1.75,0.6886683478094762
Batch_2,avn74qx1,K08,g_obs_x,2.0,0.6032084417187348
Batch_2,avn74qx1,K08,g_obs_x,2.25,0.4908400471311835
Batch_2,avn74qx1,K08,g_obs_x,2.5,0.609914574515642
Batch_2,avn74qx1,K08,g_obs_x,2.75,0.7261304480000373
Batch_2,avn74qx1,K08,g_obs_x,3.0,0.6383350586054731
Batch_2,avn74qx1,K08,g_obs_x,3.25,0.40324172031273575
Batch_2,avn74qx1,K08,g_obs_x,3.5,0.2750761164515195
Batch_2,avn74qx1,K08,g_obs_x,3.75,0.2109926334753663
Batch_2,avn74qx1,K08,g_obs_x,4.0,0.23151540595271516
Batch_2,avn74qx1,K08,g_obs_x,4.25,0.44086559347509907
Batch_2,avn74qx1,K08,g_obs_x,4.5,1.1591818723482803
Batch_2,avn74qx1,K08,g_obs_x,4.75,1.2492121449904654
Batch_2,avn74qx1,K08,g_obs_x,5.0,0.897033574698675
Batch_2,avn74qx1,K08,g_obs_x,5.25,1.3342859903610802
Batch_2,avn74qx1,K08,g_obs_x,5.5,1.3855790386009623
Batch_2,avn74qx1,K08,g_obs_x,5.75,1.0671235602457043
Batch_2,avn74qx1,K08,g_obs_x,6.0,0.9576685186590981
Batch_2,avn74qx1,K08,g_obs_x,6.25,1.047113382397553
Batch_2,avn74qx1,K08,g_obs_x,6.5,1.0575658027326997
Batch_2,avn74qx1,K08,g_obs_x,6.75,0.910910270928827
Batch_2,avn74qx1,K08,g_obs_x,7.0,0.8777108858477474
Batch_2,avn74qx1,K08,g_obs_x,7.25,1.0802735264649583
Batch_2,avn74qx1,K08,g_obs_x,7.5,1.1270095816427337
Batch_2,avn74qx1,K08,g_obs_x,7.75,0.8611743213535807
Batch_2,avn74qx1,K08,g_obs_x,8.0,0.9498720054740728
Batch_2,avn74qx1,K08,g_obs_x,8.25,1.076051076085328
Batch_2,avn74qx1,K08,g_obs_x,8.5,0.8275004597855578
Batch_2,avn74qx1,K08,g_obs_x,8.75,0.5645460395036596
Batch_2,avn74qx1,K08,g_obs_x,9.0,0.7704835414582887
Batch_2,avn74qx1,K08,g_obs_x,9.25,1.1809262216294174
Batch_2,avn74qx1,K08,g_obs_x,9.5,1.0457521327863406
Batch_2,avn74qx1,K08,g_obs_x,9.75,0.8005015627517924
Batch_2,avn74qx1,K08,g_obs_x,10.0,0.7255348062907345
Batch_2,avn74qx1,K08,env_lo_x,0.25,0.0
Batch_2,avn74qx1,K08,env_lo_x,0.5,0.2251186939737916
Batch_2,avn74qx1,K08,env_lo_x,0.75,0.3646874001065321
Batch_2,avn74qx1,K08,env_lo_x,1.0,0.3661655443101884
Batch_2,avn74qx1,K08,env_lo_x,1.25,0.3619464887002697
Batch_2,avn74qx1,K08,env_lo_x,1.5,0.40071965454642644
Batch_2,avn74qx1,K08,env_lo_x,1.75,0.38800532049218794
Batch_2,avn74qx1,K08,env_lo_x,2.0,0.39630127708681195
Batch_2,avn74qx1,K08,env_lo_x,2.25,0.30588807711234933
Batch_2,avn74qx1,K08,env_lo_x,2.5,0.362550085769564
Batch_2,avn74qx1,K08,env_lo_x,2.75,0.4568123427939719
Batch_2,avn74qx1,K08,env_lo_x,3.0,0.39020085167569046
Batch_2,avn74qx1,K08,env_lo_x,3.25,0.3439514626295327
Batch_2,avn74qx1,K08,env_lo_x,3.5,0.4502805360619127
Batch_2,avn74qx1,K08,env_lo_x,3.75,0.39638452420551834
Batch_2,avn74qx1,K08,env_lo_x,4.0,0.36911257272543696
Batch_2,avn74qx1,K08,env_lo_x,4.25,0.4282818323060252
Batch_2,avn74qx1,K08,env_lo_x,4.5,0.47313873716753563
Batch_2,avn74qx1,K08,env_lo_x,4.75,0.40515695631244447
Batch_2,avn74qx1,K08,env_lo_x,5.0,0.3863485019090697
Batch_2,avn74qx1,K08,env_lo_x,5.25,0.3588143262191443
Batch_2,avn74qx1,K08,env_lo_x,5.5,0.43601819847536666
Batch_2,avn74qx1,K08,env_lo_x,5.75,0.3977435719246748
Batch_2,avn74qx1,K08,env_lo_x,6.0,0.38572333156433464
Batch_2,avn74qx1,K08,env_lo_x,6.25,0.38332054221375333
Batch_2,avn74qx1,K08,env_lo_x,6.5,0.45113333477466844
Batch_2,avn74qx1,K08,env_lo_x,6.75,0.48073842218706847
Batch_2,avn74qx1,K08,env_lo_x,7.0,0.42526669999434996
Batch_2,avn74qx1,K08,env_lo_x,7.25,0.313141198461907
Batch_2,avn74qx1,K08,env_lo_x,7.5,0.3796549304531643
Batch_2,avn74qx1,K08,env_lo_x,7.75,0.3769479139009882
Batch_2,avn74qx1,K08,env_lo_x,8.0,0.4502653146214535
Batch_2,avn74qx1,K08,env_lo_x,8.25,0.487106883856565
Batch_2,avn74qx1,K08,env_lo_x,8.5,0.4749273956976896
Batch_2,avn74qx1,K08,env_lo_x,8.75,0.4723675984848606
Batch_2,avn74qx1,K08,env_lo_x,9.0,0.4577143329197676
Batch_2,avn74qx1,K08,env_lo_x,9.25,0.47288258971966757
Batch_2,avn74qx1,K08,env_lo_x,9.5,0.4429404101150104
Batch_2,avn74qx1,K08,env_lo_x,9.75,0.3795208704641825
Batch_2,avn74qx1,K08,env_lo_x,10.0,0.5752504737376862
Batch_2,avn74qx1,K08,env_hi_x,0.25,2.4392887213765384
Batch_2,avn74qx1,K08,env_hi_x,0.5,1.8863130570933087
Batch_2,avn74qx1,K08,env_hi_x,0.75,1.7608487206133816
Batch_2,avn74qx1,K08,env_hi_x,1.0,1.8218367855661266
Batch_2,avn74qx1,K08,env_hi_x,1.25,1.6671924607125888
Batch_2,avn74qx1,K08,env_hi_x,1.5,1.6859673199192122
Batch_2,avn74qx1,K08,env_hi_x,1.75,1.8409606067669635
Batch_2,avn74qx1,K08,env_hi_x,2.0,1.893897883065728
Batch_2,avn74qx1,K08,env_hi_x,2.25,1.8491221834168226
Batch_2,avn74qx1,K08,env_hi_x,2.5,1.707637013169712
Batch_2,avn74qx1,K08,env_hi_x,2.75,1.8722769553084122
Batch_2,avn74qx1,K08,env_hi_x,3.0,1.8024615427664483
Batch_2,avn74qx1,K08,env_hi_x,3.25,1.8374878767556222
Batch_2,avn74qx1,K08,env_hi_x,3.5,2.018887300347059
Batch_2,avn74qx1,K08,env_hi_x,3.75,1.6563940748175896
Batch_2,avn74qx1,K08,env_hi_x,4.0,1.7415598915250452
Batch_2,avn74qx1,K08,env_hi_x,4.25,1.755974269012104
Batch_2,avn74qx1,K08,env_hi_x,4.5,1.5796787351366264
Batch_2,avn74qx1,K08,env_hi_x,4.75,1.7132386624109628
Batch_2,avn74qx1,K08,env_hi_x,5.0,1.7796253700843327
Batch_2,avn74qx1,K08,env_hi_x,5.25,1.7957138367046308
Batch_2,avn74qx1,K08,env_hi_x,5.5,1.8551209704523037
Batch_2,avn74qx1,K08,env_hi_x,5.75,1.8451875599953171
Batch_2,avn74qx1,K08,env_hi_x,6.0,1.6507123768001704
Batch_2,avn74qx1,K08,env_hi_x,6.25,1.5665561655524667
Batch_2,avn74qx1,K08,env_hi_x,6.5,1.4960611531435857
Batch_2,avn74qx1,K08,env_hi_x,6.75,1.536522152968598
Batch_2,avn74qx1,K08,env_hi_x,7.0,1.5257958681095332
Batch_2,avn74qx1,K08,env_hi_x,7.25,1.4876192716981358
Batch_2,avn74qx1,K08,env_hi_x,7.5,1.6104815816522429
Batch_2,avn74qx1,K08,env_hi_x,7.75,1.7022035917289635
Batch_2,avn74qx1,K08,env_hi_x,8.0,1.7382778511522647
Batch_2,avn74qx1,K08,env_hi_x,8.25,1.7127114910134638
Batch_2,avn74qx1,K08,env_hi_x,8.5,1.8614908368941518
Batch_2,avn74qx1,K08,env_hi_x,8.75,1.7359101663871215
Batch_2,avn74qx1,K08,env_hi_x,9.0,1.7253067239469129
Batch_2,avn74qx1,K08,env_hi_x,9.25,1.5994732106872906
Batch_2,avn74qx1,K08,env_hi_x,9.5,1.6422955859459536
Batch_2,avn74qx1,K08,env_hi_x,9.75,1.7778259615293697
Batch_2,avn74qx1,K08,env_hi_x,10.0,1.6008538329255302
Batch_2,avn74qx1,K08,g_obs_z,0.25,0.0
Batch_2,avn74qx1,K08,g_obs_z,0.5,0.0
Batch_2,avn74qx1,K08,g_obs_z,0.75,0.060806529631852825
Batch_2,avn74qx1,K08,g_obs_z,1.0,0.5349568146106782
Batch_2,avn74qx1,K08,g_obs_z,1.25,0.7662389239170376
Batch_2,avn74qx1,K08,g_obs_z,1.5,0.5480522341249399
Batch_2,avn74qx1,K08,g_obs_z,1.75,0.6826462846498004
Batch_2,avn74qx1,K08,g_obs_z,2.0,0.8997511494080698
Batch_2,avn74qx1,K08,g_obs_z,2.25,1.9192004893849453
Batch_2,avn74qx1,K08,g_obs_z,2.5,2.1249701821877425
Batch_2,avn74qx1,K08,g_obs_z,2.75,1.6219900764571418
Batch_2,avn74qx1,K08,g_obs_z,3.0,1.4704855169166935
Batch_2,avn74qx1,K08,g_obs_z,3.25,1.3907902553037683
Batch_2,avn74qx1,K08,g_obs_z,3.5,1.1825995605608393
Batch_2,avn74qx1,K08,g_obs_z,3.75,0.7193994850892317
Batch_2,avn74qx1,K08,g_obs_z,4.0,0.21504073625650985
Batch_2,avn74qx1,K08,g_obs_z,4.25,0.6307715714823339
Batch_2,avn74qx1,K08,g_obs_z,4.5,1.0283345220649978
Batch_2,avn74qx1,K08,g_obs_z,4.75,1.0186853373428342
Batch_2,avn74qx1,K08,g_obs_z,5.0,0.6844877517293653
Batch_2,avn74qx1,K08,g_obs_z,5.25,1.0858349608802838
Batch_2,avn74qx1,K08,g_obs_z,5.5,1.6505911659483594
Batch_2,avn74qx1,K08,g_obs_z,5.75,1.1654492545324846
Batch_2,avn74qx1,K08,g_obs_z,6.0,0.8794994430146474
Batch_2,avn74qx1,K08,g_obs_z,6.25,1.241115541047822
Batch_2,avn74qx1,K08,g_obs_z,6.5,1.632438104674688
Batch_2,avn74qx1,K08,g_obs_z,6.75,1.6256776559896615
Batch_2,avn74qx1,K08,g_obs_z,7.0,1.5196472866589605
Batch_2,avn74qx1,K08,g_obs_z,7.25,1.1180107645239201
Batch_2,avn74qx1,K08,g_obs_z,7.5,0.9579444735700469
Batch_2,avn74qx1,K08,g_obs_z,7.75,1.0246309598675758
Batch_2,avn74qx1,K08,g_obs_z,8.0,0.8870719874177128
Batch_2,avn74qx1,K08,g_obs_z,8.25,0.7287360069899863
Batch_2,avn74qx1,K08,g_obs_z,8.5,0.6329945175893539
Batch_2,avn74qx1,K08,g_obs_z,8.75,0.6633892693852094
Batch_2,avn74qx1,K08,g_obs_z,9.0,0.5639875096921043
Batch_2,avn74qx1,K08,g_obs_z,9.25,0.6556807199479102
Batch_2,avn74qx1,K08,g_obs_z,9.5,0.6183822276335027
Batch_2,avn74qx1,K08,g_obs_z,9.75,0.532257353953866
Batch_2,avn74qx1,K08,g_obs_z,10.0,0.7754776560007184
Batch_2,avn74qx1,K08,env_lo_z,0.25,0.017664072428237892
Batch_2,avn74qx1,K08,env_lo_z,0.5,0.1993322891613586
Batch_2,avn74qx1,K08,env_lo_z,0.75,0.21248316874382678
Batch_2,avn74qx1,K08,env_lo_z,1.0,0.24439870024388025
Batch_2,avn74qx1,K08,env_lo_z,1.25,0.3530572302809258
Batch_2,avn74qx1,K08,env_lo_z,1.5,0.26063886304660244
Batch_2,avn74qx1,K08,env_lo_z,1.75,0.25259741376716527
Batch_2,avn74qx1,K08,env_lo_z,2.0,0.3295172872868376
Batch_2,avn74qx1,K08,env_lo_z,2.25,0.284202665236119
Batch_2,avn74qx1,K08,env_lo_z,2.5,0.21776154461208885
Batch_2,avn74qx1,K08,env_lo_z,2.75,0.308760749375042
Batch_2,avn74qx1,K08,env_lo_z,3.0,0.32258987465824296
Batch_2,avn74qx1,K08,env_lo_z,3.25,0.24078894754590452
Batch_2,avn74qx1,K08,env_lo_z,3.5,0.20385620409408695
Batch_2,avn74qx1,K08,env_lo_z,3.75,0.2828412151539983
Batch_2,avn74qx1,K08,env_lo_z,4.0,0.2580504856661681
Batch_2,avn74qx1,K08,env_lo_z,4.25,0.3270709892897459
Batch_2,avn74qx1,K08,env_lo_z,4.5,0.2920703960681303
Batch_2,avn74qx1,K08,env_lo_z,4.75,0.3068255093513995
Batch_2,avn74qx1,K08,env_lo_z,5.0,0.3427540807422017
Batch_2,avn74qx1,K08,env_lo_z,5.25,0.3237359244616471
Batch_2,avn74qx1,K08,env_lo_z,5.5,0.19461287542995492
Batch_2,avn74qx1,K08,env_lo_z,5.75,0.3028155701870686
Batch_2,avn74qx1,K08,env_lo_z,6.0,0.32407464676307407
Batch_2,avn74qx1,K08,env_lo_z,6.25,0.3499072845645489
Batch_2,avn74qx1,K08,env_lo_z,6.5,0.25760803572038954
Batch_2,avn74qx1,K08,env_lo_z,6.75,0.3701619855605567
Batch_2,avn74qx1,K08,env_lo_z,7.0,0.281312166676399
Batch_2,avn74qx1,K08,env_lo_z,7.25,0.28614824252754634
Batch_2,avn74qx1,K08,env_lo_z,7.5,0.3667703852158235
Batch_2,avn74qx1,K08,env_lo_z,7.75,0.41810471047766395
Batch_2,avn74qx1,K08,env_lo_z,8.0,0.3812186646958723
Batch_2,avn74qx1,K08,env_lo_z,8.25,0.39895484934967024
Batch_2,avn74qx1,K08,env_lo_z,8.5,0.4232755886279209
Batch_2,avn74qx1,K08,env_lo_z,8.75,0.44043755640323357
Batch_2,avn74qx1,K08,env_lo_z,9.0,0.3776816187540565
Batch_2,avn74qx1,K08,env_lo_z,9.25,0.453067091884273
Batch_2,avn74qx1,K08,env_lo_z,9.5,0.4771517111511807
Batch_2,avn74qx1,K08,env_lo_z,9.75,0.4755780980943398
Batch_2,avn74qx1,K08,env_lo_z,10.0,0.354680296622845
Batch_2,avn74qx1,K08,env_hi_z,0.25,2.365921224556897
Batch_2,avn74qx1,K08,env_hi_z,0.5,2.2615034004159655
Batch_2,avn74qx1,K08,env_hi_z,0.75,1.6902549086113192
Batch_2,avn74qx1,K08,env_hi_z,1.0,1.9203081645553204
Batch_2,avn74qx1,K08,env_hi_z,1.25,1.835605047409418
Batch_2,avn74qx1,K08,env_hi_z,1.5,2.0286767862242967
Batch_2,avn74qx1,K08,env_hi_z,1.75,2.002351944067131
Batch_2,avn74qx1,K08,env_hi_z,2.0,1.8622996902301594
Batch_2,avn74qx1,K08,env_hi_z,2.25,1.8019237335538427
Batch_2,avn74qx1,K08,env_hi_z,2.5,1.8493289606037946
Batch_2,avn74qx1,K08,env_hi_z,2.75,1.712626088872101
Batch_2,avn74qx1,K08,env_hi_z,3.0,1.9759168060840224
Batch_2,avn74qx1,K08,env_hi_z,3.25,1.9594351020686211
Batch_2,avn74qx1,K08,env_hi_z,3.5,1.7643117539587636
Batch_2,avn74qx1,K08,env_hi_z,3.75,1.9879541118620576
Batch_2,avn74qx1,K08,env_hi_z,4.0,1.8925197281839143
Batch_2,avn74qx1,K08,env_hi_z,4.25,1.915452382337522
Batch_2,avn74qx1,K08,env_hi_z,4.5,1.953279169800791
Batch_2,avn74qx1,K08,env_hi_z,4.75,1.8959457749045086
Batch_2,avn74qx1,K08,env_hi_z,5.0,2.2467234142869676
Batch_2,avn74qx1,K08,env_hi_z,5.25,1.8564059613305883
Batch_2,avn74qx1,K08,env_hi_z,5.5,1.8169818161891795
Batch_2,avn74qx1,K08,env_hi_z,5.75,1.9728809497463358
Batch_2,avn74qx1,K08,env_hi_z,6.0,1.8817777502911315
Batch_2,avn74qx1,K08,env_hi_z,6.25,1.825812312278079
Batch_2,avn74qx1,K08,env_hi_z,6.5,1.8270740491013722
Batch_2,avn74qx1,K08,env_hi_z,6.75,1.7732267081354331
Batch_2,avn74qx1,K08,env_hi_z,7.0,1.7694018363269632
Batch_2,avn74qx1,K08,env_hi_z,7.25,1.9108307488245753
Batch_2,avn74qx1,K08,env_hi_z,7.5,1.744356405996731
Batch_2,avn74qx1,K08,env_hi_z,7.75,1.6745725145221149
Batch_2,avn74qx1,K08,env_hi_z,8.0,1.7716356294141784
Batch_2,avn74qx1,K08,env_hi_z,8.25,1.7154443585115702
Batch_2,avn74qx1,K08,env_hi_z,8.5,1.7032671669925503
Batch_2,avn74qx1,K08,env_hi_z,8.75,1.7906028299576906
Batch_2,avn74qx1,K08,env_hi_z,9.0,1.8286677250785093
Batch_2,avn74qx1,K08,env_hi_z,9.25,1.6099679709791597
Batch_2,avn74qx1,K08,env_hi_z,9.5,1.7233450250876605
Batch_2,avn74qx1,K08,env_hi_z,9.75,1.6597705064669706
Batch_2,avn74qx1,K08,env_hi_z,10.0,1.7188980223111157
Batch_2,avn74qx1,K10,cv,1.0,4.017079264099791
Batch_2,avn74qx1,K10,cv,2.0,3.521970918861125
Batch_2,avn74qx1,K10,cv,5.0,2.444781748050512
Batch_2,avn74qx1,K10,cv,10.0,1.5988073272422403
Batch_2,avn74qx1,K10,cv,20.0,0.8124749747096042
Batch_2,avn74qx1,K12,band_si_frac,0.0,0.04771585644918234
Batch_2,avn74qx1,K12,band_si_frac,1.0,0.047828877602277164
Batch_2,avn74qx1,K12,band_si_frac,2.0,0.01670899146062399
Batch_2,avn74qx1,K12,band_si_frac,3.0,0.04295641011330022
Batch_2,avn74qx1,K12,band_si_frac,4.0,0.06321370081213264
Batch_2,avn74qx1,K13,column_si_frac,5.0,0.0096728515625
Batch_2,avn74qx1,K13,column_si_frac,15.0,0.0020654296875
Batch_2,avn74qx1,K13,column_si_frac,25.0,0.0219921875
Batch_2,avn74qx1,K13,column_si_frac,35.0,0.1017138671875
Batch_2,avn74qx1,K13,column_si_frac,45.0,0.0353857421875
Batch_2,avn74qx1,K13,column_si_frac,55.0,0.0285693359375
Batch_2,avn74qx1,K13,column_si_frac,65.0,0.035517578125
Batch_2,avn74qx1,K13,column_si_frac,75.0,0.0041357421875
Batch_2,avn74qx1,K13,column_si_frac,85.0,0.0511279296875
Batch_2,avn74qx1,K13,column_si_frac,95.0,0.019150390625
Batch_2,avn74qx1,K13,column_si_frac,105.0,0.01345703125
Batch_2,avn74qx1,K13,column_si_frac,115.0,0.0213134765625
Batch_2,avn74qx1,K13,column_si_frac,125.0,0.07912109375
Batch_2,avn74qx1,K13,column_si_frac,135.0,0.0586865234375
Batch_2,avn74qx1,K13,column_si_frac,145.0,0.069375
Batch_2,avn74qx1,K13,column_si_frac,155.0,0.087216796875
Batch_2,avn74qx1,K13,column_si_frac,165.0,0.0801708984375
Batch_2,avn74qx1,D01,band_graphite_frac,0.0,0.8995479153876207
Batch_2,avn74qx1,D01,band_graphite_frac,1.0,0.898897694926606
Batch_2,avn74qx1,D01,band_graphite_frac,2.0,0.914304850142323
Batch_2,avn74qx1,D01,band_graphite_frac,3.0,0.8771976335323994
Batch_2,avn74qx1,D01,band_graphite_frac,4.0,0.8965736752366851
Batch_2,avn74qx1,D04,band_pore_frac,0.0,0.045240553664117875
Batch_2,avn74qx1,D04,band_pore_frac,1.0,0.04545822403304125
Batch_2,avn74qx1,D04,band_pore_frac,2.0,0.06269464754144109
Batch_2,avn74qx1,D04,band_pore_frac,3.0,0.07112658369146621
Batch_2,avn74qx1,D04,band_pore_frac,4.0,0.03428007358549827
Batch_2,b3esycq1,K08,g_obs_x,0.25,0.05609573291119245
Batch_2,b3esycq1,K08,g_obs_x,0.5,0.3917853484706194
Batch_2,b3esycq1,K08,g_obs_x,0.75,0.7067315561686585
Batch_2,b3esycq1,K08,g_obs_x,1.0,0.5534691205181823
Batch_2,b3esycq1,K08,g_obs_x,1.25,0.34232974243942554
Batch_2,b3esycq1,K08,g_obs_x,1.5,0.5766678499307273
Batch_2,b3esycq1,K08,g_obs_x,1.75,0.6815728227393677
Batch_2,b3esycq1,K08,g_obs_x,2.0,0.7129322486805068
Batch_2,b3esycq1,K08,g_obs_x,2.25,0.6519944104036903
Batch_2,b3esycq1,K08,g_obs_x,2.5,0.550196460940368
Batch_2,b3esycq1,K08,g_obs_x,2.75,0.7832917516407727
Batch_2,b3esycq1,K08,g_obs_x,3.0,0.71554857928073
Batch_2,b3esycq1,K08,g_obs_x,3.25,0.5089377540494333
Batch_2,b3esycq1,K08,g_obs_x,3.5,0.6136909465242877
Batch_2,b3esycq1,K08,g_obs_x,3.75,0.6337470117496734
Batch_2,b3esycq1,K08,g_obs_x,4.0,0.7445057187744432
Batch_2,b3esycq1,K08,g_obs_x,4.25,0.7141204738065008
Batch_2,b3esycq1,K08,g_obs_x,4.5,0.8341969005600572
Batch_2,b3esycq1,K08,g_obs_x,4.75,0.7236505535988929
Batch_2,b3esycq1,K08,g_obs_x,5.0,0.8167304678308358
Batch_2,b3esycq1,K08,g_obs_x,5.25,1.1847093662825945
Batch_2,b3esycq1,K08,g_obs_x,5.5,1.1089256255219688
Batch_2,b3esycq1,K08,g_obs_x,5.75,0.8116371461976124
Batch_2,b3esycq1,K08,g_obs_x,6.0,0.8063179429949594
Batch_2,b3esycq1,K08,g_obs_x,6.25,1.0495281497849416
Batch_2,b3esycq1,K08,g_obs_x,6.5,1.1666718814462909
Batch_2,b3esycq1,K08,g_obs_x,6.75,1.0695141599314044
Batch_2,b3esycq1,K08,g_obs_x,7.0,0.8894335633791918
Batch_2,b3esycq1,K08,g_obs_x,7.25,1.1134108451056812
Batch_2,b3esycq1,K08,g_obs_x,7.5,1.1748884923486291
Batch_2,b3esycq1,K08,g_obs_x,7.75,1.0994392265130588
Batch_2,b3esycq1,K08,g_obs_x,8.0,0.9867384672858597
Batch_2,b3esycq1,K08,g_obs_x,8.25,0.9200342118003192
Batch_2,b3esycq1,K08,g_obs_x,8.5,1.0282799020025606
Batch_2,b3esycq1,K08,g_obs_x,8.75,1.1319429468879796
Batch_2,b3esycq1,K08,g_obs_x,9.0,1.4033147404966066
Batch_2,b3esycq1,K08,g_obs_x,9.25,1.448184628336818
Batch_2,b3esycq1,K08,g_obs_x,9.5,1.1229543966484878
Batch_2,b3esycq1,K08,g_obs_x,9.75,1.0491222235523294
Batch_2,b3esycq1,K08,g_obs_x,10.0,1.3533955794627361
Batch_2,b3esycq1,K08,env_lo_x,0.25,0.3610558027866097
Batch_2,b3esycq1,K08,env_lo_x,0.5,0.5329054500212964
Batch_2,b3esycq1,K08,env_lo_x,0.75,0.5918758089591437
Batch_2,b3esycq1,K08,env_lo_x,1.0,0.5523916333952984
Batch_2,b3esycq1,K08,env_lo_x,1.25,0.5857862412996596
Batch_2,b3esycq1,K08,env_lo_x,1.5,0.597366782994088
Batch_2,b3esycq1,K08,env_lo_x,1.75,0.6152026866832279
Batch_2,b3esycq1,K08,env_lo_x,2.0,0.6387657009997644
Batch_2,b3esycq1,K08,env_lo_x,2.25,0.6550333201546961
Batch_2,b3esycq1,K08,env_lo_x,2.5,0.6154108051085876
Batch_2,b3esycq1,K08,env_lo_x,2.75,0.5859955569217666
Batch_2,b3esycq1,K08,env_lo_x,3.0,0.6295840263879753
Batch_2,b3esycq1,K08,env_lo_x,3.25,0.5824275607364992
Batch_2,b3esycq1,K08,env_lo_x,3.5,0.6600285070385085
Batch_2,b3esycq1,K08,env_lo_x,3.75,0.6253612495460307
Batch_2,b3esycq1,K08,env_lo_x,4.0,0.6083011835049112
Batch_2,b3esycq1,K08,env_lo_x,4.25,0.5990746679570352
Batch_2,b3esycq1,K08,env_lo_x,4.5,0.6452986555876619
Batch_2,b3esycq1,K08,env_lo_x,4.75,0.6933508561937821
Batch_2,b3esycq1,K08,env_lo_x,5.0,0.6829091892661189
Batch_2,b3esycq1,K08,env_lo_x,5.25,0.5765675994512512
Batch_2,b3esycq1,K08,env_lo_x,5.5,0.5634903000022713
Batch_2,b3esycq1,K08,env_lo_x,5.75,0.5413124878735847
Batch_2,b3esycq1,K08,env_lo_x,6.0,0.5319005399193057
Batch_2,b3esycq1,K08,env_lo_x,6.25,0.5897064290431471
Batch_2,b3esycq1,K08,env_lo_x,6.5,0.6391271300065844
Batch_2,b3esycq1,K08,env_lo_x,6.75,0.6647900831570328
Batch_2,b3esycq1,K08,env_lo_x,7.0,0.6145815376715801
Batch_2,b3esycq1,K08,env_lo_x,7.25,0.6310023178130587
Batch_2,b3esycq1,K08,env_lo_x,7.5,0.5945500141647462
Batch_2,b3esycq1,K08,env_lo_x,7.75,0.634077775966316
Batch_2,b3esycq1,K08,env_lo_x,8.0,0.6707032817396625
Batch_2,b3esycq1,K08,env_lo_x,8.25,0.6341157497439408
Batch_2,b3esycq1,K08,env_lo_x,8.5,0.6523457211653423
Batch_2,b3esycq1,K08,env_lo_x,8.75,0.7155873070679144
Batch_2,b3esycq1,K08,env_lo_x,9.0,0.6911229563493934
Batch_2,b3esycq1,K08,env_lo_x,9.25,0.6327395367035389
Batch_2,b3esycq1,K08,env_lo_x,9.5,0.7125360272874919
Batch_2,b3esycq1,K08,env_lo_x,9.75,0.6262112227917863
Batch_2,b3esycq1,K08,env_lo_x,10.0,0.6030139684312279
Batch_2,b3esycq1,K08,env_hi_x,0.25,1.6878763927438423
Batch_2,b3esycq1,K08,env_hi_x,0.5,1.6187175374534257
Batch_2,b3esycq1,K08,env_hi_x,0.75,1.5557448531148503
Batch_2,b3esycq1,K08,env_hi_x,1.0,1.393185674075011
Batch_2,b3esycq1,K08,env_hi_x,1.25,1.5448742597393355
Batch_2,b3esycq1,K08,env_hi_x,1.5,1.5053101257525898
Batch_2,b3esycq1,K08,env_hi_x,1.75,1.4440448686112917
Batch_2,b3esycq1,K08,env_hi_x,2.0,1.4096248803088711
Batch_2,b3esycq1,K08,env_hi_x,2.25,1.4703893923097542
Batch_2,b3esycq1,K08,env_hi_x,2.5,1.4151068272800944
Batch_2,b3esycq1,K08,env_hi_x,2.75,1.3685702148621657
Batch_2,b3esycq1,K08,env_hi_x,3.0,1.3348122013197388
Batch_2,b3esycq1,K08,env_hi_x,3.25,1.355122940169429
Batch_2,b3esycq1,K08,env_hi_x,3.5,1.3848566539694733
Batch_2,b3esycq1,K08,env_hi_x,3.75,1.3994340074944984
Batch_2,b3esycq1,K08,env_hi_x,4.0,1.4212409687455296
Batch_2,b3esycq1,K08,env_hi_x,4.25,1.403063287931696
Batch_2,b3esycq1,K08,env_hi_x,4.5,1.379829174847395
Batch_2,b3esycq1,K08,env_hi_x,4.75,1.4463937648670084
Batch_2,b3esycq1,K08,env_hi_x,5.0,1.4103527699382206
Batch_2,b3esycq1,K08,env_hi_x,5.25,1.4126132955007134
Batch_2,b3esycq1,K08,env_hi_x,5.5,1.4749019100813991
Batch_2,b3esycq1,K08,env_hi_x,5.75,1.511500485092673
Batch_2,b3esycq1,K08,env_hi_x,6.0,1.4943733488614113
Batch_2,b3esycq1,K08,env_hi_x,6.25,1.5174659447996508
Batch_2,b3esycq1,K08,env_hi_x,6.5,1.4314542281998728
Batch_2,b3esycq1,K08,env_hi_x,6.75,1.427550771548404
Batch_2,b3esycq1,K08,env_hi_x,7.0,1.4348334960716813
Batch_2,b3esycq1,K08,env_hi_x,7.25,1.423370769703026
Batch_2,b3esycq1,K08,env_hi_x,7.5,1.5007880468866959
Batch_2,b3esycq1,K08,env_hi_x,7.75,1.4179574749530988
Batch_2,b3esycq1,K08,env_hi_x,8.0,1.3718134825512767
Batch_2,b3esycq1,K08,env_hi_x,8.25,1.357551264238075
Batch_2,b3esycq1,K08,env_hi_x,8.5,1.372115168567679
Batch_2,b3esycq1,K08,env_hi_x,8.75,1.3915952575817871
Batch_2,b3esycq1,K08,env_hi_x,9.0,1.4237522515391698
Batch_2,b3esycq1,K08,env_hi_x,9.25,1.552087911492645
Batch_2,b3esycq1,K08,env_hi_x,9.5,1.3606165117572884
Batch_2,b3esycq1,K08,env_hi_x,9.75,1.3913998502976428
Batch_2,b3esycq1,K08,env_hi_x,10.0,1.4855645489768583
Batch_2,b3esycq1,K08,g_obs_z,0.25,0.0
Batch_2,b3esycq1,K08,g_obs_z,0.5,0.06902474527427262
Batch_2,b3esycq1,K08,g_obs_z,0.75,0.3713657988645847
Batch_2,b3esycq1,K08,g_obs_z,1.0,0.5859889425975231
Batch_2,b3esycq1,K08,g_obs_z,1.25,0.4950257645330205
Batch_2,b3esycq1,K08,g_obs_z,1.5,0.7511550773277781
Batch_2,b3esycq1,K08,g_obs_z,1.75,0.9307814365071434
Batch_2,b3esycq1,K08,g_obs_z,2.0,0.7017984282170922
Batch_2,b3esycq1,K08,g_obs_z,2.25,0.6415351638294736
Batch_2,b3esycq1,K08,g_obs_z,2.5,0.6738339677139296
Batch_2,b3esycq1,K08,g_obs_z,2.75,0.7360207948001715
Batch_2,b3esycq1,K08,g_obs_z,3.0,0.7718357501011687
Batch_2,b3esycq1,K08,g_obs_z,3.25,0.9943117939533169
Batch_2,b3esycq1,K08,g_obs_z,3.5,1.0001359189050696
Batch_2,b3esycq1,K08,g_obs_z,3.75,0.9469109049738771
Batch_2,b3esycq1,K08,g_obs_z,4.0,0.8436111758056192
Batch_2,b3esycq1,K08,g_obs_z,4.25,1.0314577677588368
Batch_2,b3esycq1,K08,g_obs_z,4.5,1.0278339110880506
Batch_2,b3esycq1,K08,g_obs_z,4.75,0.887725023313635
Batch_2,b3esycq1,K08,g_obs_z,5.0,0.8888761501792685
Batch_2,b3esycq1,K08,g_obs_z,5.25,0.8916594020678499
Batch_2,b3esycq1,K08,g_obs_z,5.5,1.0873304509771247
Batch_2,b3esycq1,K08,g_obs_z,5.75,1.1112212651761026
Batch_2,b3esycq1,K08,g_obs_z,6.0,0.8582968541015408
Batch_2,b3esycq1,K08,g_obs_z,6.25,1.1761229102332107
Batch_2,b3esycq1,K08,g_obs_z,6.5,1.1872678938969699
Batch_2,b3esycq1,K08,g_obs_z,6.75,0.8320232541467235
Batch_2,b3esycq1,K08,g_obs_z,7.0,1.0684301955530082
Batch_2,b3esycq1,K08,g_obs_z,7.25,1.271473748995849
Batch_2,b3esycq1,K08,g_obs_z,7.5,1.4983693910213456
Batch_2,b3esycq1,K08,g_obs_z,7.75,1.790678284945349
Batch_2,b3esycq1,K08,g_obs_z,8.0,1.6762204604221373
Batch_2,b3esycq1,K08,g_obs_z,8.25,1.5264586406260945
Batch_2,b3esycq1,K08,g_obs_z,8.5,1.4984416223129562
Batch_2,b3esycq1,K08,g_obs_z,8.75,1.1763119225773864
Batch_2,b3esycq1,K08,g_obs_z,9.0,0.850145991375343
Batch_2,b3esycq1,K08,g_obs_z,9.25,0.9674736389630864
Batch_2,b3esycq1,K08,g_obs_z,9.5,1.0447463334768041
Batch_2,b3esycq1,K08,g_obs_z,9.75,1.124795652730129
Batch_2,b3esycq1,K08,g_obs_z,10.0,1.4797453230733648
Batch_2,b3esycq1,K08,env_lo_z,0.25,0.32858188644904246
Batch_2,b3esycq1,K08,env_lo_z,0.5,0.5624974753019059
Batch_2,b3esycq1,K08,env_lo_z,0.75,0.46076556603212065
Batch_2,b3esycq1,K08,env_lo_z,1.0,0.6604966474327006
Batch_2,b3esycq1,K08,env_lo_z,1.25,0.49277941386765967
Batch_2,b3esycq1,K08,env_lo_z,1.5,0.5645167099171011
Batch_2,b3esycq1,K08,env_lo_z,1.75,0.6380461051643904
Batch_2,b3esycq1,K08,env_lo_z,2.0,0.5088168699115991
Batch_2,b3esycq1,K08,env_lo_z,2.25,0.5835993875802821
Batch_2,b3esycq1,K08,env_lo_z,2.5,0.6060287367915497
Batch_2,b3esycq1,K08,env_lo_z,2.75,0.5178719633025204
Batch_2,b3esycq1,K08,env_lo_z,3.0,0.474981497527881
Batch_2,b3esycq1,K08,env_lo_z,3.25,0.5866032971682287
Batch_2,b3esycq1,K08,env_lo_z,3.5,0.5571169272363973
Batch_2,b3esycq1,K08,env_lo_z,3.75,0.6335038229270175
Batch_2,b3esycq1,K08,env_lo_z,4.0,0.5082454490158954
Batch_2,b3esycq1,K08,env_lo_z,4.25,0.5513582199402296
Batch_2,b3esycq1,K08,env_lo_z,4.5,0.5553043066947457
Batch_2,b3esycq1,K08,env_lo_z,4.75,0.5677671965475136
Batch_2,b3esycq1,K08,env_lo_z,5.0,0.5779208171514782
Batch_2,b3esycq1,K08,env_lo_z,5.25,0.5541144092373587
Batch_2,b3esycq1,K08,env_lo_z,5.5,0.5186380290577399
Batch_2,b3esycq1,K08,env_lo_z,5.75,0.5328838590397303
Batch_2,b3esycq1,K08,env_lo_z,6.0,0.5671548674668685
Batch_2,b3esycq1,K08,env_lo_z,6.25,0.627450131625016
Batch_2,b3esycq1,K08,env_lo_z,6.5,0.6083501592179132
Batch_2,b3esycq1,K08,env_lo_z,6.75,0.6495600710198504
Batch_2,b3esycq1,K08,env_lo_z,7.0,0.6214716838778965
Batch_2,b3esycq1,K08,env_lo_z,7.25,0.5686522992329076
Batch_2,b3esycq1,K08,env_lo_z,7.5,0.5996409098466892
Batch_2,b3esycq1,K08,env_lo_z,7.75,0.510803234403159
Batch_2,b3esycq1,K08,env_lo_z,8.0,0.5704984279410636
Batch_2,b3esycq1,K08,env_lo_z,8.25,0.5597985515803353
Batch_2,b3esycq1,K08,env_lo_z,8.5,0.5506858175015497
Batch_2,b3esycq1,K08,env_lo_z,8.75,0.58287790724407
Batch_2,b3esycq1,K08,env_lo_z,9.0,0.6696188193361958
Batch_2,b3esycq1,K08,env_lo_z,9.25,0.6087201597229539
Batch_2,b3esycq1,K08,env_lo_z,9.5,0.550092716144211
Batch_2,b3esycq1,K08,env_lo_z,9.75,0.581323586882091
Batch_2,b3esycq1,K08,env_lo_z,10.0,0.5711684454478441
Batch_2,b3esycq1,K08,env_hi_z,0.25,1.875419528037216
Batch_2,b3esycq1,K08,env_hi_z,0.5,1.6911258763230494
Batch_2,b3esycq1,K08,env_hi_z,0.75,1.538651416883359
Batch_2,b3esycq1,K08,env_hi_z,1.0,1.4979314751476782
Batch_2,b3esycq1,K08,env_hi_z,1.25,1.464873225045685
Batch_2,b3esycq1,K08,env_hi_z,1.5,1.4804971269748786
Batch_2,b3esycq1,K08,env_hi_z,1.75,1.510740215123507
Batch_2,b3esycq1,K08,env_hi_z,2.0,1.4560733817025133
Batch_2,b3esycq1,K08,env_hi_z,2.25,1.523186221315003
Batch_2,b3esycq1,K08,env_hi_z,2.5,1.4761731089921264
Batch_2,b3esycq1,K08,env_hi_z,2.75,1.5394880069459465
Batch_2,b3esycq1,K08,env_hi_z,3.0,1.4984501818453693
Batch_2,b3esycq1,K08,env_hi_z,3.25,1.51587169943376
Batch_2,b3esycq1,K08,env_hi_z,3.5,1.4559510039505659
Batch_2,b3esycq1,K08,env_hi_z,3.75,1.5368541185316693
Batch_2,b3esycq1,K08,env_hi_z,4.0,1.509403302950416
Batch_2,b3esycq1,K08,env_hi_z,4.25,1.5799414865111312
Batch_2,b3esycq1,K08,env_hi_z,4.5,1.44154998326175
Batch_2,b3esycq1,K08,env_hi_z,4.75,1.4989619416465412
Batch_2,b3esycq1,K08,env_hi_z,5.0,1.4919768165705611
Batch_2,b3esycq1,K08,env_hi_z,5.25,1.5443667272730544
Batch_2,b3esycq1,K08,env_hi_z,5.5,1.416502271010823
Batch_2,b3esycq1,K08,env_hi_z,5.75,1.4517216136072508
Batch_2,b3esycq1,K08,env_hi_z,6.0,1.4464249452105333
Batch_2,b3esycq1,K08,env_hi_z,6.25,1.4465269607285371
Batch_2,b3esycq1,K08,env_hi_z,6.5,1.4904796884803793
Batch_2,b3esycq1,K08,env_hi_z,6.75,1.4262194492609088
Batch_2,b3esycq1,K08,env_hi_z,7.0,1.3682810215986783
Batch_2,b3esycq1,K08,env_hi_z,7.25,1.3963209346774417
Batch_2,b3esycq1,K08,env_hi_z,7.5,1.5140866626932832
Batch_2,b3esycq1,K08,env_hi_z,7.75,1.5174256084605022
Batch_2,b3esycq1,K08,env_hi_z,8.0,1.5322666934134606
Batch_2,b3esycq1,K08,env_hi_z,8.25,1.524255848177877
Batch_2,b3esycq1,K08,env_hi_z,8.5,1.4595069218022851
Batch_2,b3esycq1,K08,env_hi_z,8.75,1.4561236482041384
Batch_2,b3esycq1,K08,env_hi_z,9.0,1.440926793134374
Batch_2,b3esycq1,K08,env_hi_z,9.25,1.5060654723754998
Batch_2,b3esycq1,K08,env_hi_z,9.5,1.4761333016644096
Batch_2,b3esycq1,K08,env_hi_z,9.75,1.4496833789749448
Batch_2,b3esycq1,K08,env_hi_z,10.0,1.3575607244344001
Batch_2,b3esycq1,K10,cv,1.0,2.9074415127182758
Batch_2,b3esycq1,K10,cv,2.0,2.6200074189887697
Batch_2,b3esycq1,K10,cv,5.0,1.8741112347204676
Batch_2,b3esycq1,K10,cv,10.0,1.1370687431318927
Batch_2,b3esycq1,K10,cv,20.0,0.6143188840174827
Batch_2,b3esycq1,K12,band_si_frac,0.0,0.08395971056869227
Batch_2,b3esycq1,K12,band_si_frac,1.0,0.0950835346215781
Batch_2,b3esycq1,K12,band_si_frac,2.0,0.033838937621832356
Batch_2,b3esycq1,K12,band_si_frac,3.0,0.06968495556383375
Batch_2,b3esycq1,K12,band_si_frac,4.0,0.13630594433505402
Batch_2,b3esycq1,K13,column_si_frac,5.0,0.11997680890538033
Batch_2,b3esycq1,K13,column_si_frac,15.0,0.10234693877551021
Batch_2,b3esycq1,K13,column_si_frac,25.0,0.02448051948051948
Batch_2,b3esycq1,K13,column_si_frac,35.0,0.005575139146567718
Batch_2,b3esycq1,K13,column_si_frac,45.0,0.07297773654916512
Batch_2,b3esycq1,K13,column_si_frac,55.0,0.1323330241187384
Batch_2,b3esycq1,K13,column_si_frac,65.0,0.1317022263450835
Batch_2,b3esycq1,K13,column_si_frac,75.0,0.11541280148423005
Batch_2,b3esycq1,K13,column_si_frac,85.0,0.0987152133580705
Batch_2,b3esycq1,K13,column_si_frac,95.0,0.09305194805194805
Batch_2,b3esycq1,K13,column_si_frac,105.0,0.12592764378478663
Batch_2,b3esycq1,K13,column_si_frac,115.0,0.06611317254174397
Batch_2,b3esycq1,K13,column_si_frac,125.0,0.02548701298701299
Batch_2,b3esycq1,K13,column_si_frac,135.0,0.12700371057513915
Batch_2,b3esycq1,K13,column_si_frac,145.0,0.10881725417439703
Batch_2,b3esycq1,K13,column_si_frac,155.0,0.04976345083487941
Batch_2,b3esycq1,K13,column_si_frac,165.0,0.048492578849721704
Batch_2,b3esycq1,D01,band_graphite_frac,0.0,0.8718363314687685
Batch_2,b3esycq1,D01,band_graphite_frac,1.0,0.8582083227392152
Batch_2,b3esycq1,D01,band_graphite_frac,2.0,0.9209162323078227
Batch_2,b3esycq1,D01,band_graphite_frac,3.0,0.8870536427012932
Batch_2,b3esycq1,D01,band_graphite_frac,4.0,0.7980722154222766
Batch_2,b3esycq1,D04,band_pore_frac,0.0,0.033352932451902705
Batch_2,b3esycq1,D04,band_pore_frac,1.0,0.03799183193490974
Batch_2,b3esycq1,D04,band_pore_frac,2.0,0.03777332824815662
Batch_2,b3esycq1,D04,band_pore_frac,3.0,0.03308631791815231
Batch_2,b3esycq1,D04,band_pore_frac,4.0,0.04223431429939865
Batch_2,epqdaau9,K08,g_obs_x,0.25,0.08724033114005125
Batch_2,epqdaau9,K08,g_obs_x,0.5,0.615380775446656
Batch_2,epqdaau9,K08,g_obs_x,0.75,1.0383352811265478
Batch_2,epqdaau9,K08,g_obs_x,1.0,1.068034649263394
Batch_2,epqdaau9,K08,g_obs_x,1.25,0.9218262996021415
Batch_2,epqdaau9,K08,g_obs_x,1.5,0.7373792563958523
Batch_2,epqdaau9,K08,g_obs_x,1.75,0.7132699391615407
Batch_2,epqdaau9,K08,g_obs_x,2.0,0.7176380497536532
Batch_2,epqdaau9,K08,g_obs_x,2.25,0.6956120036560677
Batch_2,epqdaau9,K08,g_obs_x,2.5,0.8985576696406327
Batch_2,epqdaau9,K08,g_obs_x,2.75,0.8032322146530436
Batch_2,epqdaau9,K08,g_obs_x,3.0,0.6653810055861205
Batch_2,epqdaau9,K08,g_obs_x,3.25,0.6380055783265927
Batch_2,epqdaau9,K08,g_obs_x,3.5,0.6878017971109026
Batch_2,epqdaau9,K08,g_obs_x,3.75,0.6364104886910651
Batch_2,epqdaau9,K08,g_obs_x,4.0,0.45168483653347974
Batch_2,epqdaau9,K08,g_obs_x,4.25,0.7309797823640302
Batch_2,epqdaau9,K08,g_obs_x,4.5,0.7310955105080745
Batch_2,epqdaau9,K08,g_obs_x,4.75,0.9174887685919618
Batch_2,epqdaau9,K08,g_obs_x,5.0,1.2907114232869308
Batch_2,epqdaau9,K08,g_obs_x,5.25,1.0461059588717252
Batch_2,epqdaau9,K08,g_obs_x,5.5,0.7754371742987116
Batch_2,epqdaau9,K08,g_obs_x,5.75,0.7385754442522485
Batch_2,epqdaau9,K08,g_obs_x,6.0,0.9925492418573868
Batch_2,epqdaau9,K08,g_obs_x,6.25,0.9686026020042157
Batch_2,epqdaau9,K08,g_obs_x,6.5,0.8824633566157308
Batch_2,epqdaau9,K08,g_obs_x,6.75,0.9446217073601861
Batch_2,epqdaau9,K08,g_obs_x,7.0,1.1270613636787261
Batch_2,epqdaau9,K08,g_obs_x,7.25,0.9202137308613391
Batch_2,epqdaau9,K08,g_obs_x,7.5,0.6184969336915054
Batch_2,epqdaau9,K08,g_obs_x,7.75,0.7451080914828985
Batch_2,epqdaau9,K08,g_obs_x,8.0,0.7148370557391949
Batch_2,epqdaau9,K08,g_obs_x,8.25,0.7370175722365165
Batch_2,epqdaau9,K08,g_obs_x,8.5,0.6350440282730995
Batch_2,epqdaau9,K08,g_obs_x,8.75,0.5113098289201513
Batch_2,epqdaau9,K08,g_obs_x,9.0,0.8977890252929279
Batch_2,epqdaau9,K08,g_obs_x,9.25,0.9232790436353675
Batch_2,epqdaau9,K08,g_obs_x,9.5,0.6598194776045244
Batch_2,epqdaau9,K08,g_obs_x,9.75,0.859320019063844
Batch_2,epqdaau9,K08,g_obs_x,10.0,0.8946443070607926
Batch_2,epqdaau9,K08,env_lo_x,0.25,0.04675688852302342
Batch_2,epqdaau9,K08,env_lo_x,0.5,0.38077989476599045
Batch_2,epqdaau9,K08,env_lo_x,0.75,0.4604075457892301
Batch_2,epqdaau9,K08,env_lo_x,1.0,0.49166152430521476
Batch_2,epqdaau9,K08,env_lo_x,1.25,0.41558648116833175
Batch_2,epqdaau9,K08,env_lo_x,1.5,0.4647677311462515
Batch_2,epqdaau9,K08,env_lo_x,1.75,0.45626772537249594
Batch_2,epqdaau9,K08,env_lo_x,2.0,0.4049700730897555
Batch_2,epqdaau9,K08,env_lo_x,2.25,0.5166684949476538
Batch_2,epqdaau9,K08,env_lo_x,2.5,0.573410525248138
Batch_2,epqdaau9,K08,env_lo_x,2.75,0.5418041535098741
Batch_2,epqdaau9,K08,env_lo_x,3.0,0.553043806001866
Batch_2,epqdaau9,K08,env_lo_x,3.25,0.5707262435573813
Batch_2,epqdaau9,K08,env_lo_x,3.5,0.4968451110812886
Batch_2,epqdaau9,K08,env_lo_x,3.75,0.5016434824587981
Batch_2,epqdaau9,K08,env_lo_x,4.0,0.5502553287086357
Batch_2,epqdaau9,K08,env_lo_x,4.25,0.4781924648998373
Batch_2,epqdaau9,K08,env_lo_x,4.5,0.4278269355209745
Batch_2,epqdaau9,K08,env_lo_x,4.75,0.4035037093223247
Batch_2,epqdaau9,K08,env_lo_x,5.0,0.4548227871279818
Batch_2,epqdaau9,K08,env_lo_x,5.25,0.4734132233334578
Batch_2,epqdaau9,K08,env_lo_x,5.5,0.45558059432070813
Batch_2,epqdaau9,K08,env_lo_x,5.75,0.4280058608528653
Batch_2,epqdaau9,K08,env_lo_x,6.0,0.438298617120521
Batch_2,epqdaau9,K08,env_lo_x,6.25,0.5264118381349964
Batch_2,epqdaau9,K08,env_lo_x,6.5,0.5207180416995298
Batch_2,epqdaau9,K08,env_lo_x,6.75,0.5132379853744606
Batch_2,epqdaau9,K08,env_lo_x,7.0,0.5340219883388044
Batch_2,epqdaau9,K08,env_lo_x,7.25,0.5728742367462294
Batch_2,epqdaau9,K08,env_lo_x,7.5,0.495087057986726
Batch_2,epqdaau9,K08,env_lo_x,7.75,0.5268792238069112
Batch_2,epqdaau9,K08,env_lo_x,8.0,0.46553004659175923
Batch_2,epqdaau9,K08,env_lo_x,8.25,0.5354187590371398
Batch_2,epqdaau9,K08,env_lo_x,8.5,0.5135108320527649
Batch_2,epqdaau9,K08,env_lo_x,8.75,0.5283614629606337
Batch_2,epqdaau9,K08,env_lo_x,9.0,0.5194230762875001
Batch_2,epqdaau9,K08,env_lo_x,9.25,0.4372627410888916
Batch_2,epqdaau9,K08,env_lo_x,9.5,0.4989919041781482
Batch_2,epqdaau9,K08,env_lo_x,9.75,0.47438883290892564
Batch_2,epqdaau9,K08,env_lo_x,10.0,0.5510257323391409
Batch_2,epqdaau9,K08,env_hi_x,0.25,1.8964563248912674
Batch_2,epqdaau9,K08,env_hi_x,0.5,1.6714327509490272
Batch_2,epqdaau9,K08,env_hi_x,0.75,1.615034452393479
Batch_2,epqdaau9,K08,env_hi_x,1.0,1.6644953379329923
Batch_2,epqdaau9,K08,env_hi_x,1.25,1.6015914801681106
Batch_2,epqdaau9,K08,env_hi_x,1.5,1.5316862478817317
Batch_2,epqdaau9,K08,env_hi_x,1.75,1.4823779525689789
Batch_2,epqdaau9,K08,env_hi_x,2.0,1.6478378721957159
Batch_2,epqdaau9,K08,env_hi_x,2.25,1.55896058635149
Batch_2,epqdaau9,K08,env_hi_x,2.5,1.6245233413779572
Batch_2,epqdaau9,K08,env_hi_x,2.75,1.537506313321212
Batch_2,epqdaau9,K08,env_hi_x,3.0,1.5163938490535753
Batch_2,epqdaau9,K08,env_hi_x,3.25,1.616320412160465
Batch_2,epqdaau9,K08,env_hi_x,3.5,1.5988702409828417
Batch_2,epqdaau9,K08,env_hi_x,3.75,1.460956012603955
Batch_2,epqdaau9,K08,env_hi_x,4.0,1.5627106709032388
Batch_2,epqdaau9,K08,env_hi_x,4.25,1.8140496795938645
Batch_2,epqdaau9,K08,env_hi_x,4.5,1.62733003577973
Batch_2,epqdaau9,K08,env_hi_x,4.75,1.6035562517241067
Batch_2,epqdaau9,K08,env_hi_x,5.0,1.5599347452488053
Batch_2,epqdaau9,K08,env_hi_x,5.25,1.6250257561662196
Batch_2,epqdaau9,K08,env_hi_x,5.5,1.6887647449019645
Batch_2,epqdaau9,K08,env_hi_x,5.75,1.6771460401600307
Batch_2,epqdaau9,K08,env_hi_x,6.0,1.4745595633150548
Batch_2,epqdaau9,K08,env_hi_x,6.25,1.6455939640362458
Batch_2,epqdaau9,K08,env_hi_x,6.5,1.598344232418049
Batch_2,epqdaau9,K08,env_hi_x,6.75,1.6306329315390469
Batch_2,epqdaau9,K08,env_hi_x,7.0,1.586712711619463
Batch_2,epqdaau9,K08,env_hi_x,7.25,1.5520694296389899
Batch_2,epqdaau9,K08,env_hi_x,7.5,1.6626828040968318
Batch_2,epqdaau9,K08,env_hi_x,7.75,1.685019587001322
Batch_2,epqdaau9,K08,env_hi_x,8.0,1.5779339675442732
Batch_2,epqdaau9,K08,env_hi_x,8.25,1.6180472074398184
Batch_2,epqdaau9,K08,env_hi_x,8.5,1.6503071617527436
Batch_2,epqdaau9,K08,env_hi_x,8.75,1.7024236054824513
Batch_2,epqdaau9,K08,env_hi_x,9.0,1.5451877866890285
Batch_2,epqdaau9,K08,env_hi_x,9.25,1.593411253944094
Batch_2,epqdaau9,K08,env_hi_x,9.5,1.7110166810292964
Batch_2,epqdaau9,K08,env_hi_x,9.75,1.6101242663535322
Batch_2,epqdaau9,K08,env_hi_x,10.0,1.5816700843989704
Batch_2,epqdaau9,K08,g_obs_z,0.25,0.0
Batch_2,epqdaau9,K08,g_obs_z,0.5,0.13125524862903523
Batch_2,epqdaau9,K08,g_obs_z,0.75,0.2191066244271401
Batch_2,epqdaau9,K08,g_obs_z,1.0,0.4273722456768079
Batch_2,epqdaau9,K08,g_obs_z,1.25,0.46776712184498304
Batch_2,epqdaau9,K08,g_obs_z,1.5,0.3882331659025056
Batch_2,epqdaau9,K08,g_obs_z,1.75,0.3722149493566454
Batch_2,epqdaau9,K08,g_obs_z,2.0,0.33837660473686765
Batch_2,epqdaau9,K08,g_obs_z,2.25,0.49722043668571786
Batch_2,epqdaau9,K08,g_obs_z,2.5,0.7608823240789668
Batch_2,epqdaau9,K08,g_obs_z,2.75,0.8721594251733028
Batch_2,epqdaau9,K08,g_obs_z,3.0,0.8642052566544369
Batch_2,epqdaau9,K08,g_obs_z,3.25,0.8084792617453356
Batch_2,epqdaau9,K08,g_obs_z,3.5,0.5956957717135146
Batch_2,epqdaau9,K08,g_obs_z,3.75,0.3642199386410253
Batch_2,epqdaau9,K08,g_obs_z,4.0,0.29440892651510553
Batch_2,epqdaau9,K08,g_obs_z,4.25,0.46963775838668087
Batch_2,epqdaau9,K08,g_obs_z,4.5,0.9259143496929282
Batch_2,epqdaau9,K08,g_obs_z,4.75,0.903759931666229
Batch_2,epqdaau9,K08,g_obs_z,5.0,0.6920443847302337
Batch_2,epqdaau9,K08,g_obs_z,5.25,1.1036604019469793
Batch_2,epqdaau9,K08,g_obs_z,5.5,1.2675369541501504
Batch_2,epqdaau9,K08,g_obs_z,5.75,1.2621986713544864
Batch_2,epqdaau9,K08,g_obs_z,6.0,1.1190989725451155
Batch_2,epqdaau9,K08,g_obs_z,6.25,0.985787561648094
Batch_2,epqdaau9,K08,g_obs_z,6.5,0.6682786635121464
Batch_2,epqdaau9,K08,g_obs_z,6.75,0.35669876208580836
Batch_2,epqdaau9,K08,g_obs_z,7.0,0.7878823192856186
Batch_2,epqdaau9,K08,g_obs_z,7.25,0.9884615687371896
Batch_2,epqdaau9,K08,g_obs_z,7.5,1.1226513700245015
Batch_2,epqdaau9,K08,g_obs_z,7.75,1.3336975045813964
Batch_2,epqdaau9,K08,g_obs_z,8.0,1.12920254454361
Batch_2,epqdaau9,K08,g_obs_z,8.25,0.9027166624882458
Batch_2,epqdaau9,K08,g_obs_z,8.5,0.6057611653000354
Batch_2,epqdaau9,K08,g_obs_z,8.75,0.5234210637612486
Batch_2,epqdaau9,K08,g_obs_z,9.0,0.7179022702030496
Batch_2,epqdaau9,K08,g_obs_z,9.25,0.9410705167757285
Batch_2,epqdaau9,K08,g_obs_z,9.5,0.7559287633651415
Batch_2,epqdaau9,K08,g_obs_z,9.75,0.49679659983943336
Batch_2,epqdaau9,K08,g_obs_z,10.0,0.5618419773285568
Batch_2,epqdaau9,K08,env_lo_z,0.25,0.10679888378542278
Batch_2,epqdaau9,K08,env_lo_z,0.5,0.3392559476577251
Batch_2,epqdaau9,K08,env_lo_z,0.75,0.3590654258652534
Batch_2,epqdaau9,K08,env_lo_z,1.0,0.474909903250844
Batch_2,epqdaau9,K08,env_lo_z,1.25,0.4833629393592126
Batch_2,epqdaau9,K08,env_lo_z,1.5,0.4785395266900826
Batch_2,epqdaau9,K08,env_lo_z,1.75,0.5090568324008707
Batch_2,epqdaau9,K08,env_lo_z,2.0,0.42840395835371003
Batch_2,epqdaau9,K08,env_lo_z,2.25,0.40901192094724587
Batch_2,epqdaau9,K08,env_lo_z,2.5,0.419655229080896
Batch_2,epqdaau9,K08,env_lo_z,2.75,0.4856020089844245
Batch_2,epqdaau9,K08,env_lo_z,3.0,0.45827197709960343
Batch_2,epqdaau9,K08,env_lo_z,3.25,0.5721505278301948
Batch_2,epqdaau9,K08,env_lo_z,3.5,0.49720841558587736
Batch_2,epqdaau9,K08,env_lo_z,3.75,0.49561478205374027
Batch_2,epqdaau9,K08,env_lo_z,4.0,0.5471842266268837
Batch_2,epqdaau9,K08,env_lo_z,4.25,0.475495712865663
Batch_2,epqdaau9,K08,env_lo_z,4.5,0.45529250614137634
Batch_2,epqdaau9,K08,env_lo_z,4.75,0.5024275814122652
Batch_2,epqdaau9,K08,env_lo_z,5.0,0.5439527686421569
Batch_2,epqdaau9,K08,env_lo_z,5.25,0.4690018444990091
Batch_2,epqdaau9,K08,env_lo_z,5.5,0.42310759496942985
Batch_2,epqdaau9,K08,env_lo_z,5.75,0.4316136348193166
Batch_2,epqdaau9,K08,env_lo_z,6.0,0.38386433961028554
Batch_2,epqdaau9,K08,env_lo_z,6.25,0.3897788075043417
Batch_2,epqdaau9,K08,env_lo_z,6.5,0.3782146260578518
Batch_2,epqdaau9,K08,env_lo_z,6.75,0.417614669774054
Batch_2,epqdaau9,K08,env_lo_z,7.0,0.37071958871818994
Batch_2,epqdaau9,K08,env_lo_z,7.25,0.3990100974046362
Batch_2,epqdaau9,K08,env_lo_z,7.5,0.4754646336794537
Batch_2,epqdaau9,K08,env_lo_z,7.75,0.40177420203070907
Batch_2,epqdaau9,K08,env_lo_z,8.0,0.49972904862967904
Batch_2,epqdaau9,K08,env_lo_z,8.25,0.4671612752068806
Batch_2,epqdaau9,K08,env_lo_z,8.5,0.5253359839290022
Batch_2,epqdaau9,K08,env_lo_z,8.75,0.4641134041430739
Batch_2,epqdaau9,K08,env_lo_z,9.0,0.4338700785268235
Batch_2,epqdaau9,K08,env_lo_z,9.25,0.47985716791217436
Batch_2,epqdaau9,K08,env_lo_z,9.5,0.535712098591476
Batch_2,epqdaau9,K08,env_lo_z,9.75,0.5203489647365008
Batch_2,epqdaau9,K08,env_lo_z,10.0,0.5307629384809689
Batch_2,epqdaau9,K08,env_hi_z,0.25,2.155566652521134
Batch_2,epqdaau9,K08,env_hi_z,0.5,1.6384405295290796
Batch_2,epqdaau9,K08,env_hi_z,0.75,1.6373365493843255
Batch_2,epqdaau9,K08,env_hi_z,1.0,1.706046832656241
Batch_2,epqdaau9,K08,env_hi_z,1.25,1.6437192130005118
Batch_2,epqdaau9,K08,env_hi_z,1.5,1.59314420770544
Batch_2,epqdaau9,K08,env_hi_z,1.75,1.546951439191978
Batch_2,epqdaau9,K08,env_hi_z,2.0,1.5495772384821045
Batch_2,epqdaau9,K08,env_hi_z,2.25,1.6744914655233574
Batch_2,epqdaau9,K08,env_hi_z,2.5,1.7701101856782622
Batch_2,epqdaau9,K08,env_hi_z,2.75,1.699651585361655
Batch_2,epqdaau9,K08,env_hi_z,3.0,1.7985754324259342
Batch_2,epqdaau9,K08,env_hi_z,3.25,1.7031413786695662
Batch_2,epqdaau9,K08,env_hi_z,3.5,1.834873525738797
Batch_2,epqdaau9,K08,env_hi_z,3.75,1.7030203263466186
Batch_2,epqdaau9,K08,env_hi_z,4.0,1.7182122542407434
Batch_2,epqdaau9,K08,env_hi_z,4.25,1.67357969215959
Batch_2,epqdaau9,K08,env_hi_z,4.5,1.708636099845511
Batch_2,epqdaau9,K08,env_hi_z,4.75,1.6530321145001505
Batch_2,epqdaau9,K08,env_hi_z,5.0,1.5365404739776565
Batch_2,epqdaau9,K08,env_hi_z,5.25,1.6647564772463677
Batch_2,epqdaau9,K08,env_hi_z,5.5,1.672758938507236
Batch_2,epqdaau9,K08,env_hi_z,5.75,1.702996673304948
Batch_2,epqdaau9,K08,env_hi_z,6.0,1.7818538319335464
Batch_2,epqdaau9,K08,env_hi_z,6.25,1.7445761304859473
Batch_2,epqdaau9,K08,env_hi_z,6.5,1.7821000763120571
Batch_2,epqdaau9,K08,env_hi_z,6.75,1.8633708915193992
Batch_2,epqdaau9,K08,env_hi_z,7.0,1.8164946969698352
Batch_2,epqdaau9,K08,env_hi_z,7.25,1.8428149016924524
Batch_2,epqdaau9,K08,env_hi_z,7.5,1.7414135260657884
Batch_2,epqdaau9,K08,env_hi_z,7.75,1.552895416403708
Batch_2,epqdaau9,K08,env_hi_z,8.0,1.57555270457224
Batch_2,epqdaau9,K08,env_hi_z,8.25,1.5955934036032908
Batch_2,epqdaau9,K08,env_hi_z,8.5,1.6541786055884504
Batch_2,epqdaau9,K08,env_hi_z,8.75,1.5578709198457066
Batch_2,epqdaau9,K08,env_hi_z,9.0,1.6805000763976838
Batch_2,epqdaau9,K08,env_hi_z,9.25,1.6956577838687006
Batch_2,epqdaau9,K08,env_hi_z,9.5,1.660931953788235
Batch_2,epqdaau9,K08,env_hi_z,9.75,1.4525847872556719
Batch_2,epqdaau9,K08,env_hi_z,10.0,1.6207990430085502
Batch_2,epqdaau9,K10,cv,1.0,3.3467194464072274
Batch_2,epqdaau9,K10,cv,2.0,2.9536090512234097
Batch_2,epqdaau9,K10,cv,5.0,2.1537647462086262
Batch_2,epqdaau9,K10,cv,10.0,1.4124999685650317
Batch_2,epqdaau9,K10,cv,20.0,0.8712821472039799
Batch_2,epqdaau9,K12,band_si_frac,0.0,0.06256851684316961
Batch_2,epqdaau9,K12,band_si_frac,1.0,0.0702450641264435
Batch_2,epqdaau9,K12,band_si_frac,2.0,0.03861156936831462
Batch_2,epqdaau9,K12,band_si_frac,3.0,0.09138018200202225
Batch_2,epqdaau9,K12,band_si_frac,4.0,0.06755116662032977
Batch_2,epqdaau9,K13,column_si_frac,5.0,0.17201117318435755
Batch_2,epqdaau9,K13,column_si_frac,15.0,0.09115456238361266
Batch_2,epqdaau9,K13,column_si_frac,25.0,0.11171787709497207
Batch_2,epqdaau9,K13,column_si_frac,35.0,0.15842178770949722
Batch_2,epqdaau9,K13,column_si_frac,45.0,0.03281657355679702
Batch_2,epqdaau9,K13,column_si_frac,55.0,0.056759776536312846
Batch_2,epqdaau9,K13,column_si_frac,65.0,0.03254655493482309
Batch_2,epqdaau9,K13,column_si_frac,75.0,0.08847299813780261
Batch_2,epqdaau9,K13,column_si_frac,85.0,0.05143854748603352
Batch_2,epqdaau9,K13,column_si_frac,95.0,0.015716945996275607
Batch_2,epqdaau9,K13,column_si_frac,105.0,0.059073556797020484
Batch_2,epqdaau9,K13,column_si_frac,115.0,0.048482309124767226
Batch_2,epqdaau9,K13,column_si_frac,125.0,0.0113780260707635
Batch_2,epqdaau9,K13,column_si_frac,135.0,0.02036312849162011
Batch_2,epqdaau9,K13,column_si_frac,145.0,0.0364292364990689
Batch_2,epqdaau9,K13,column_si_frac,155.0,0.018212290502793296
Batch_2,epqdaau9,K13,column_si_frac,165.0,0.0933659217877095
Batch_2,epqdaau9,D01,band_graphite_frac,0.0,0.9119817997977755
Batch_2,epqdaau9,D01,band_graphite_frac,1.0,0.8935061997764887
Batch_2,epqdaau9,D01,band_graphite_frac,2.0,0.8968056516417434
Batch_2,epqdaau9,D01,band_graphite_frac,3.0,0.8575022617210367
Batch_2,epqdaau9,D01,band_graphite_frac,4.0,0.8804788917641524
Batch_2,epqdaau9,D04,band_pore_frac,0.0,0.01814964610717897
Batch_2,epqdaau9,D04,band_pore_frac,1.0,0.02823426108243308
Batch_2,epqdaau9,D04,band_pore_frac,2.0,0.05725081155872492
Batch_2,epqdaau9,D04,band_pore_frac,3.0,0.04092517694641051
Batch_2,epqdaau9,D04,band_pore_frac,4.0,0.03667475780063731
Batch_2,i9jiqjwl,K08,g_obs_x,0.25,0.018282420922545534
Batch_2,i9jiqjwl,K08,g_obs_x,0.5,0.1583870538602094
Batch_2,i9jiqjwl,K08,g_obs_x,0.75,0.2335728683049034
Batch_2,i9jiqjwl,K08,g_obs_x,1.0,0.18428862407003657
Batch_2,i9jiqjwl,K08,g_obs_x,1.25,0.522943100840415
Batch_2,i9jiqjwl,K08,g_obs_x,1.5,0.9477847571487935
Batch_2,i9jiqjwl,K08,g_obs_x,1.75,0.9547017619054669
Batch_2,i9jiqjwl,K08,g_obs_x,2.0,0.784917146420913
Batch_2,i9jiqjwl,K08,g_obs_x,2.25,0.4666982373784461
Batch_2,i9jiqjwl,K08,g_obs_x,2.5,0.610936012848387
Batch_2,i9jiqjwl,K08,g_obs_x,2.75,0.9430660838535316
Batch_2,i9jiqjwl,K08,g_obs_x,3.0,0.7764170388452951
Batch_2,i9jiqjwl,K08,g_obs_x,3.25,0.9408920588824549
Batch_2,i9jiqjwl,K08,g_obs_x,3.5,1.0605629536252972
Batch_2,i9jiqjwl,K08,g_obs_x,3.75,0.8516826501131324
Batch_2,i9jiqjwl,K08,g_obs_x,4.0,0.6186129462174663
Batch_2,i9jiqjwl,K08,g_obs_x,4.25,0.8590375986092381
Batch_2,i9jiqjwl,K08,g_obs_x,4.5,0.9936531540677008
Batch_2,i9jiqjwl,K08,g_obs_x,4.75,0.7678586541230633
Batch_2,i9jiqjwl,K08,g_obs_x,5.0,0.8108439122708706
Batch_2,i9jiqjwl,K08,g_obs_x,5.25,0.68020757711623
Batch_2,i9jiqjwl,K08,g_obs_x,5.5,0.5848608453545298
Batch_2,i9jiqjwl,K08,g_obs_x,5.75,0.9894069277957332
Batch_2,i9jiqjwl,K08,g_obs_x,6.0,1.1252795963858706
Batch_2,i9jiqjwl,K08,g_obs_x,6.25,0.9838792748072434
Batch_2,i9jiqjwl,K08,g_obs_x,6.5,1.168005466329786
Batch_2,i9jiqjwl,K08,g_obs_x,6.75,1.628317581806931
Batch_2,i9jiqjwl,K08,g_obs_x,7.0,1.4872899799089803
Batch_2,i9jiqjwl,K08,g_obs_x,7.25,1.1398095280070422
Batch_2,i9jiqjwl,K08,g_obs_x,7.5,1.2626015463941906
Batch_2,i9jiqjwl,K08,g_obs_x,7.75,1.212315100542989
Batch_2,i9jiqjwl,K08,g_obs_x,8.0,1.1727490587745133
Batch_2,i9jiqjwl,K08,g_obs_x,8.25,1.2386967883239959
Batch_2,i9jiqjwl,K08,g_obs_x,8.5,1.0848039378076433
Batch_2,i9jiqjwl,K08,g_obs_x,8.75,1.035093145447676
Batch_2,i9jiqjwl,K08,g_obs_x,9.0,1.303780719407841
Batch_2,i9jiqjwl,K08,g_obs_x,9.25,1.3854238200783846
Batch_2,i9jiqjwl,K08,g_obs_x,9.5,1.294555598873746
Batch_2,i9jiqjwl,K08,g_obs_x,9.75,1.7838054126381164
Batch_2,i9jiqjwl,K08,g_obs_x,10.0,1.6033806286446302
Batch_2,i9jiqjwl,K08,env_lo_x,0.25,0.30381492088176754
Batch_2,i9jiqjwl,K08,env_lo_x,0.5,0.479546099739473
Batch_2,i9jiqjwl,K08,env_lo_x,0.75,0.5163920422671135
Batch_2,i9jiqjwl,K08,env_lo_x,1.0,0.5248155681311801
Batch_2,i9jiqjwl,K08,env_lo_x,1.25,0.5780588634653767
Batch_2,i9jiqjwl,K08,env_lo_x,1.5,0.5537851818703226
Batch_2,i9jiqjwl,K08,env_lo_x,1.75,0.5609100624923713
Batch_2,i9jiqjwl,K08,env_lo_x,2.0,0.6270482313624852
Batch_2,i9jiqjwl,K08,env_lo_x,2.25,0.6153560379376946
Batch_2,i9jiqjwl,K08,env_lo_x,2.5,0.5668971254148745
Batch_2,i9jiqjwl,K08,env_lo_x,2.75,0.5913804224551666
Batch_2,i9jiqjwl,K08,env_lo_x,3.0,0.5861769665896828
Batch_2,i9jiqjwl,K08,env_lo_x,3.25,0.6990322043803165
Batch_2,i9jiqjwl,K08,env_lo_x,3.5,0.6557191614603282
Batch_2,i9jiqjwl,K08,env_lo_x,3.75,0.6642559129407988
Batch_2,i9jiqjwl,K08,env_lo_x,4.0,0.5543684995959482
Batch_2,i9jiqjwl,K08,env_lo_x,4.25,0.5825023919062263
Batch_2,i9jiqjwl,K08,env_lo_x,4.5,0.5602090635380814
Batch_2,i9jiqjwl,K08,env_lo_x,4.75,0.5907451712473453
Batch_2,i9jiqjwl,K08,env_lo_x,5.0,0.539921714865202
Batch_2,i9jiqjwl,K08,env_lo_x,5.25,0.5958150718983588
Batch_2,i9jiqjwl,K08,env_lo_x,5.5,0.6097421634408086
Batch_2,i9jiqjwl,K08,env_lo_x,5.75,0.6734528334408657
Batch_2,i9jiqjwl,K08,env_lo_x,6.0,0.6434445656079005
Batch_2,i9jiqjwl,K08,env_lo_x,6.25,0.6410298392266887
Batch_2,i9jiqjwl,K08,env_lo_x,6.5,0.6088943293396389
Batch_2,i9jiqjwl,K08,env_lo_x,6.75,0.6129713305565204
Batch_2,i9jiqjwl,K08,env_lo_x,7.0,0.5910811321694021
Batch_2,i9jiqjwl,K08,env_lo_x,7.25,0.5883538829997992
Batch_2,i9jiqjwl,K08,env_lo_x,7.5,0.6239270211426355
Batch_2,i9jiqjwl,K08,env_lo_x,7.75,0.6306524028108286
Batch_2,i9jiqjwl,K08,env_lo_x,8.0,0.6287449645726215
Batch_2,i9jiqjwl,K08,env_lo_x,8.25,0.660822200786363
Batch_2,i9jiqjwl,K08,env_lo_x,8.5,0.6144166705459141
Batch_2,i9jiqjwl,K08,env_lo_x,8.75,0.649527753680812
Batch_2,i9jiqjwl,K08,env_lo_x,9.0,0.6068121841226474
Batch_2,i9jiqjwl,K08,env_lo_x,9.25,0.6060559185688065
Batch_2,i9jiqjwl,K08,env_lo_x,9.5,0.5754297406595807
Batch_2,i9jiqjwl,K08,env_lo_x,9.75,0.5984646875489474
Batch_2,i9jiqjwl,K08,env_lo_x,10.0,0.6512975212031527
Batch_2,i9jiqjwl,K08,env_hi_x,0.25,1.9307302026973336
Batch_2,i9jiqjwl,K08,env_hi_x,0.5,1.6385918725130126
Batch_2,i9jiqjwl,K08,env_hi_x,0.75,1.4343039917811187
Batch_2,i9jiqjwl,K08,env_hi_x,1.0,1.5981453783430692
Batch_2,i9jiqjwl,K08,env_hi_x,1.25,1.5055066118483653
Batch_2,i9jiqjwl,K08,env_hi_x,1.5,1.4504246484583552
Batch_2,i9jiqjwl,K08,env_hi_x,1.75,1.4364630377236995
Batch_2,i9jiqjwl,K08,env_hi_x,2.0,1.5242621378334609
Batch_2,i9jiqjwl,K08,env_hi_x,2.25,1.4606621824599997
Batch_2,i9jiqjwl,K08,env_hi_x,2.5,1.5518589900659998
Batch_2,i9jiqjwl,K08,env_hi_x,2.75,1.4510792694510328
Batch_2,i9jiqjwl,K08,env_hi_x,3.0,1.3842099729128787
Batch_2,i9jiqjwl,K08,env_hi_x,3.25,1.4451178677313294
Batch_2,i9jiqjwl,K08,env_hi_x,3.5,1.4412510147472872
Batch_2,i9jiqjwl,K08,env_hi_x,3.75,1.404757244242781
Batch_2,i9jiqjwl,K08,env_hi_x,4.0,1.4224245476660076
Batch_2,i9jiqjwl,K08,env_hi_x,4.25,1.401391085005933
Batch_2,i9jiqjwl,K08,env_hi_x,4.5,1.44337173656828
Batch_2,i9jiqjwl,K08,env_hi_x,4.75,1.5146517528135552
Batch_2,i9jiqjwl,K08,env_hi_x,5.0,1.5279721922278586
Batch_2,i9jiqjwl,K08,env_hi_x,5.25,1.4441319966449502
Batch_2,i9jiqjwl,K08,env_hi_x,5.5,1.4983098617814892
Batch_2,i9jiqjwl,K08,env_hi_x,5.75,1.4692937808508633
Batch_2,i9jiqjwl,K08,env_hi_x,6.0,1.5901108920364946
Batch_2,i9jiqjwl,K08,env_hi_x,6.25,1.3788024711029951
Batch_2,i9jiqjwl,K08,env_hi_x,6.5,1.5397065434362736
Batch_2,i9jiqjwl,K08,env_hi_x,6.75,1.5741112071504584
Batch_2,i9jiqjwl,K08,env_hi_x,7.0,1.4844742366926156
Batch_2,i9jiqjwl,K08,env_hi_x,7.25,1.4086996473959275
Batch_2,i9jiqjwl,K08,env_hi_x,7.5,1.465131051340851
Batch_2,i9jiqjwl,K08,env_hi_x,7.75,1.4364317720108128
Batch_2,i9jiqjwl,K08,env_hi_x,8.0,1.4402085615973919
Batch_2,i9jiqjwl,K08,env_hi_x,8.25,1.4075411492735679
Batch_2,i9jiqjwl,K08,env_hi_x,8.5,1.347797340899621
Batch_2,i9jiqjwl,K08,env_hi_x,8.75,1.436039472811837
Batch_2,i9jiqjwl,K08,env_hi_x,9.0,1.5425925896335124
Batch_2,i9jiqjwl,K08,env_hi_x,9.25,1.4716549198667384
Batch_2,i9jiqjwl,K08,env_hi_x,9.5,1.3803917541816488
Batch_2,i9jiqjwl,K08,env_hi_x,9.75,1.466186352589692
Batch_2,i9jiqjwl,K08,env_hi_x,10.0,1.5390285537645485
Batch_2,i9jiqjwl,K08,g_obs_z,0.25,0.0
Batch_2,i9jiqjwl,K08,g_obs_z,0.5,0.34720135923721823
Batch_2,i9jiqjwl,K08,g_obs_z,0.75,0.7178409925660318
Batch_2,i9jiqjwl,K08,g_obs_z,1.0,0.6878864464173353
Batch_2,i9jiqjwl,K08,g_obs_z,1.25,0.5133103114762464
Batch_2,i9jiqjwl,K08,g_obs_z,1.5,0.5588192557379101
Batch_2,i9jiqjwl,K08,g_obs_z,1.75,0.5864124385952199
Batch_2,i9jiqjwl,K08,g_obs_z,2.0,0.5347704610813578
Batch_2,i9jiqjwl,K08,g_obs_z,2.25,0.5921530327009014
Batch_2,i9jiqjwl,K08,g_obs_z,2.5,0.5999872886016216
Batch_2,i9jiqjwl,K08,g_obs_z,2.75,0.39336154676925433
Batch_2,i9jiqjwl,K08,g_obs_z,3.0,0.3894060890955055
Batch_2,i9jiqjwl,K08,g_obs_z,3.25,0.4393169311519123
Batch_2,i9jiqjwl,K08,g_obs_z,3.5,0.6845197064590212
Batch_2,i9jiqjwl,K08,g_obs_z,3.75,0.7228505279085656
Batch_2,i9jiqjwl,K08,g_obs_z,4.0,0.48690932931001846
Batch_2,i9jiqjwl,K08,g_obs_z,4.25,0.5672067476272643
Batch_2,i9jiqjwl,K08,g_obs_z,4.5,0.6296690977475123
Batch_2,i9jiqjwl,K08,g_obs_z,4.75,0.44711731808498606
Batch_2,i9jiqjwl,K08,g_obs_z,5.0,0.20616131475533128
Batch_2,i9jiqjwl,K08,g_obs_z,5.25,0.4975117841245228
Batch_2,i9jiqjwl,K08,g_obs_z,5.5,0.7357156879597067
Batch_2,i9jiqjwl,K08,g_obs_z,5.75,0.6214885684954716
Batch_2,i9jiqjwl,K08,g_obs_z,6.0,0.6400306544063609
Batch_2,i9jiqjwl,K08,g_obs_z,6.25,0.5484624398281576
Batch_2,i9jiqjwl,K08,g_obs_z,6.5,0.4308857721191744
Batch_2,i9jiqjwl,K08,g_obs_z,6.75,0.5729848705967602
Batch_2,i9jiqjwl,K08,g_obs_z,7.0,1.025656860679073
Batch_2,i9jiqjwl,K08,g_obs_z,7.25,1.0138635672257585
Batch_2,i9jiqjwl,K08,g_obs_z,7.5,0.7972667055622753
Batch_2,i9jiqjwl,K08,g_obs_z,7.75,0.8515014985869066
Batch_2,i9jiqjwl,K08,g_obs_z,8.0,0.8176027665006574
Batch_2,i9jiqjwl,K08,g_obs_z,8.25,0.45813255075620657
Batch_2,i9jiqjwl,K08,g_obs_z,8.5,0.5824154112423796
Batch_2,i9jiqjwl,K08,g_obs_z,8.75,0.9279559287653188
Batch_2,i9jiqjwl,K08,g_obs_z,9.0,0.9657587927931622
Batch_2,i9jiqjwl,K08,g_obs_z,9.25,0.6538561136488341
Batch_2,i9jiqjwl,K08,g_obs_z,9.5,0.6226071767040788
Batch_2,i9jiqjwl,K08,g_obs_z,9.75,0.5749481835170858
Batch_2,i9jiqjwl,K08,g_obs_z,10.0,0.7951279292130862
Batch_2,i9jiqjwl,K08,env_lo_z,0.25,0.27214718048707903
Batch_2,i9jiqjwl,K08,env_lo_z,0.5,0.4593472355158886
Batch_2,i9jiqjwl,K08,env_lo_z,0.75,0.5417709815663024
Batch_2,i9jiqjwl,K08,env_lo_z,1.0,0.5263265918378568
Batch_2,i9jiqjwl,K08,env_lo_z,1.25,0.4722109422653301
Batch_2,i9jiqjwl,K08,env_lo_z,1.5,0.5133988312404322
Batch_2,i9jiqjwl,K08,env_lo_z,1.75,0.48120063646063
Batch_2,i9jiqjwl,K08,env_lo_z,2.0,0.44869672643092473
Batch_2,i9jiqjwl,K08,env_lo_z,2.25,0.46396396868287937
Batch_2,i9jiqjwl,K08,env_lo_z,2.5,0.5723298498919889
Batch_2,i9jiqjwl,K08,env_lo_z,2.75,0.5685384009178219
Batch_2,i9jiqjwl,K08,env_lo_z,3.0,0.49030072758478876
Batch_2,i9jiqjwl,K08,env_lo_z,3.25,0.5234774248352115
Batch_2,i9jiqjwl,K08,env_lo_z,3.5,0.47810512544624567
Batch_2,i9jiqjwl,K08,env_lo_z,3.75,0.43281617686741586
Batch_2,i9jiqjwl,K08,env_lo_z,4.0,0.4527043887972108
Batch_2,i9jiqjwl,K08,env_lo_z,4.25,0.38746286572041566
Batch_2,i9jiqjwl,K08,env_lo_z,4.5,0.4969587933737069
Batch_2,i9jiqjwl,K08,env_lo_z,4.75,0.400353264500124
Batch_2,i9jiqjwl,K08,env_lo_z,5.0,0.4500633730866776
Batch_2,i9jiqjwl,K08,env_lo_z,5.25,0.5322886853869061
Batch_2,i9jiqjwl,K08,env_lo_z,5.5,0.43749263783803166
Batch_2,i9jiqjwl,K08,env_lo_z,5.75,0.4951177318942763
Batch_2,i9jiqjwl,K08,env_lo_z,6.0,0.41775831095366517
Batch_2,i9jiqjwl,K08,env_lo_z,6.25,0.3894986741061391
Batch_2,i9jiqjwl,K08,env_lo_z,6.5,0.47732191950642017
Batch_2,i9jiqjwl,K08,env_lo_z,6.75,0.5052932211556529
Batch_2,i9jiqjwl,K08,env_lo_z,7.0,0.4691985695738104
Batch_2,i9jiqjwl,K08,env_lo_z,7.25,0.49829439234787687
Batch_2,i9jiqjwl,K08,env_lo_z,7.5,0.5145428708196301
Batch_2,i9jiqjwl,K08,env_lo_z,7.75,0.5237288845193168
Batch_2,i9jiqjwl,K08,env_lo_z,8.0,0.444490987892524
Batch_2,i9jiqjwl,K08,env_lo_z,8.25,0.5312907668416038
Batch_2,i9jiqjwl,K08,env_lo_z,8.5,0.5568685037362447
Batch_2,i9jiqjwl,K08,env_lo_z,8.75,0.5942563606693838
Batch_2,i9jiqjwl,K08,env_lo_z,9.0,0.5980441479353881
Batch_2,i9jiqjwl,K08,env_lo_z,9.25,0.54182631042046
Batch_2,i9jiqjwl,K08,env_lo_z,9.5,0.5700292324175503
Batch_2,i9jiqjwl,K08,env_lo_z,9.75,0.5424319340984793
Batch_2,i9jiqjwl,K08,env_lo_z,10.0,0.5974323788232324
Batch_2,i9jiqjwl,K08,env_hi_z,0.25,1.7678230513060744
Batch_2,i9jiqjwl,K08,env_hi_z,0.5,1.5952591646633993
Batch_2,i9jiqjwl,K08,env_hi_z,0.75,1.4315644982982472
Batch_2,i9jiqjwl,K08,env_hi_z,1.0,1.6347362832215793
Batch_2,i9jiqjwl,K08,env_hi_z,1.25,1.6249178941432407
Batch_2,i9jiqjwl,K08,env_hi_z,1.5,1.5594310737892019
Batch_2,i9jiqjwl,K08,env_hi_z,1.75,1.6080622005387584
Batch_2,i9jiqjwl,K08,env_hi_z,2.0,1.5948925357009647
Batch_2,i9jiqjwl,K08,env_hi_z,2.25,1.576372540852641
Batch_2,i9jiqjwl,K08,env_hi_z,2.5,1.5550323814191722
Batch_2,i9jiqjwl,K08,env_hi_z,2.75,1.4919850767121337
Batch_2,i9jiqjwl,K08,env_hi_z,3.0,1.4863849263174975
Batch_2,i9jiqjwl,K08,env_hi_z,3.25,1.5284247921876342
Batch_2,i9jiqjwl,K08,env_hi_z,3.5,1.5227147296519596
Batch_2,i9jiqjwl,K08,env_hi_z,3.75,1.5816743328896068
Batch_2,i9jiqjwl,K08,env_hi_z,4.0,1.656077306279661
Batch_2,i9jiqjwl,K08,env_hi_z,4.25,1.5609181684224414
Batch_2,i9jiqjwl,K08,env_hi_z,4.5,1.5443624817779877
Batch_2,i9jiqjwl,K08,env_hi_z,4.75,1.6077396517539333
Batch_2,i9jiqjwl,K08,env_hi_z,5.0,1.7136591497012317
Batch_2,i9jiqjwl,K08,env_hi_z,5.25,1.6111110339363979
Batch_2,i9jiqjwl,K08,env_hi_z,5.5,1.479775416623584
Batch_2,i9jiqjwl,K08,env_hi_z,5.75,1.5215822048251266
Batch_2,i9jiqjwl,K08,env_hi_z,6.0,1.5132643097289278
Batch_2,i9jiqjwl,K08,env_hi_z,6.25,1.406201544543897
Batch_2,i9jiqjwl,K08,env_hi_z,6.5,1.5050405821339639
Batch_2,i9jiqjwl,K08,env_hi_z,6.75,1.5175863808000232
Batch_2,i9jiqjwl,K08,env_hi_z,7.0,1.5619717824641866
Batch_2,i9jiqjwl,K08,env_hi_z,7.25,1.4332872536626189
Batch_2,i9jiqjwl,K08,env_hi_z,7.5,1.5688893745893404
Batch_2,i9jiqjwl,K08,env_hi_z,7.75,1.5032402016200368
Batch_2,i9jiqjwl,K08,env_hi_z,8.0,1.4578961577114466
Batch_2,i9jiqjwl,K08,env_hi_z,8.25,1.4720842929010676
Batch_2,i9jiqjwl,K08,env_hi_z,8.5,1.5468464017942012
Batch_2,i9jiqjwl,K08,env_hi_z,8.75,1.6085491602863196
Batch_2,i9jiqjwl,K08,env_hi_z,9.0,1.4818044249146032
Batch_2,i9jiqjwl,K08,env_hi_z,9.25,1.4624461351096154
Batch_2,i9jiqjwl,K08,env_hi_z,9.5,1.5046634296174854
Batch_2,i9jiqjwl,K08,env_hi_z,9.75,1.4535086280892813
Batch_2,i9jiqjwl,K08,env_hi_z,10.0,1.4618532573959142
Batch_2,i9jiqjwl,K10,cv,1.0,3.1316717576800897
Batch_2,i9jiqjwl,K10,cv,2.0,2.7315495276381294
Batch_2,i9jiqjwl,K10,cv,5.0,1.8986082240843665
Batch_2,i9jiqjwl,K10,cv,10.0,1.2986979483660088
Batch_2,i9jiqjwl,K10,cv,20.0,0.6413625401784976
Batch_2,i9jiqjwl,K12,band_si_frac,0.0,0.10773716327431852
Batch_2,i9jiqjwl,K12,band_si_frac,1.0,0.0866717406425468
Batch_2,i9jiqjwl,K12,band_si_frac,2.0,0.04373531991249912
Batch_2,i9jiqjwl,K12,band_si_frac,3.0,0.04496517101986915
Batch_2,i9jiqjwl,K12,band_si_frac,4.0,0.055009375094507
Batch_2,i9jiqjwl,K13,column_si_frac,5.0,0.008085387323943661
Batch_2,i9jiqjwl,K13,column_si_frac,15.0,0.04548855633802817
Batch_2,i9jiqjwl,K13,column_si_frac,25.0,0.024225352112676058
Batch_2,i9jiqjwl,K13,column_si_frac,35.0,0.10025528169014085
Batch_2,i9jiqjwl,K13,column_si_frac,45.0,0.11970070422535212
Batch_2,i9jiqjwl,K13,column_si_frac,55.0,0.05371038732394366
Batch_2,i9jiqjwl,K13,column_si_frac,65.0,0.04529049295774648
Batch_2,i9jiqjwl,K13,column_si_frac,75.0,0.07028609154929577
Batch_2,i9jiqjwl,K13,column_si_frac,85.0,0.05247799295774648
Batch_2,i9jiqjwl,K13,column_si_frac,95.0,0.10327464788732395
Batch_2,i9jiqjwl,K13,column_si_frac,105.0,0.06769806338028168
Batch_2,i9jiqjwl,K13,column_si_frac,115.0,0.04153609154929577
Batch_2,i9jiqjwl,K13,column_si_frac,125.0,0.06519366197183099
Batch_2,i9jiqjwl,K13,column_si_frac,135.0,0.10514524647887324
Batch_2,i9jiqjwl,K13,column_si_frac,145.0,0.06022007042253521
Batch_2,i9jiqjwl,K13,column_si_frac,155.0,0.13605193661971832
Batch_2,i9jiqjwl,K13,column_si_frac,165.0,0.07289172535211268
Batch_2,i9jiqjwl,D01,band_graphite_frac,0.0,0.8346957926853747
Batch_2,i9jiqjwl,D01,band_graphite_frac,1.0,0.862987530116231
Batch_2,i9jiqjwl,D01,band_graphite_frac,2.0,0.9107261665944213
Batch_2,i9jiqjwl,D01,band_graphite_frac,3.0,0.9117859050998498
Batch_2,i9jiqjwl,D01,band_graphite_frac,4.0,0.9054085726670632
Batch_2,i9jiqjwl,D04,band_pore_frac,0.0,0.033683859247661485
Batch_2,i9jiqjwl,D04,band_pore_frac,1.0,0.038812135202975835
Batch_2,i9jiqjwl,D04,band_pore_frac,2.0,0.03644820008266212
Batch_2,i9jiqjwl,D04,band_pore_frac,3.0,0.033791923305678484
Batch_2,i9jiqjwl,D04,band_pore_frac,4.0,0.029492484803274228
Batch_2,r17byphk,K08,g_obs_x,0.25,0.0
Batch_2,r17byphk,K08,g_obs_x,0.5,0.09352409307545644
Batch_2,r17byphk,K08,g_obs_x,0.75,0.5547250588492839
Batch_2,r17byphk,K08,g_obs_x,1.0,0.5136003374141199
Batch_2,r17byphk,K08,g_obs_x,1.25,0.3504142685239417
Batch_2,r17byphk,K08,g_obs_x,1.5,0.7998720604023118
Batch_2,r17byphk,K08,g_obs_x,1.75,0.916008364862474
Batch_2,r17byphk,K08,g_obs_x,2.0,0.9942589705751466
Batch_2,r17byphk,K08,g_obs_x,2.25,0.7582003770315665
Batch_2,r17byphk,K08,g_obs_x,2.5,0.8549845634021391
Batch_2,r17byphk,K08,g_obs_x,2.75,0.9837250961680587
Batch_2,r17byphk,K08,g_obs_x,3.0,1.1326591865667166
Batch_2,r17byphk,K08,g_obs_x,3.25,0.9470829232325259
Batch_2,r17byphk,K08,g_obs_x,3.5,0.8493398486442684
Batch_2,r17byphk,K08,g_obs_x,3.75,0.9178866009207216
Batch_2,r17byphk,K08,g_obs_x,4.0,1.0623616381078191
Batch_2,r17byphk,K08,g_obs_x,4.25,1.031052291772911
Batch_2,r17byphk,K08,g_obs_x,4.5,1.1758138881857436
Batch_2,r17byphk,K08,g_obs_x,4.75,1.4695579054276515
Batch_2,r17byphk,K08,g_obs_x,5.0,1.334797828270307
Batch_2,r17byphk,K08,g_obs_x,5.25,1.0557466604490842
Batch_2,r17byphk,K08,g_obs_x,5.5,0.7323246706679448
Batch_2,r17byphk,K08,g_obs_x,5.75,1.0206548378070195
Batch_2,r17byphk,K08,g_obs_x,6.0,1.0104915409526127
Batch_2,r17byphk,K08,g_obs_x,6.25,0.997138997801851
Batch_2,r17byphk,K08,g_obs_x,6.5,0.8691760884684536
Batch_2,r17byphk,K08,g_obs_x,6.75,1.2199265175892207
Batch_2,r17byphk,K08,g_obs_x,7.0,1.3490357854231798
Batch_2,r17byphk,K08,g_obs_x,7.25,1.6370966203541262
Batch_2,r17byphk,K08,g_obs_x,7.5,1.3947872705759805
Batch_2,r17byphk,K08,g_obs_x,7.75,1.2277481190185524
Batch_2,r17byphk,K08,g_obs_x,8.0,1.3689761937555305
Batch_2,r17byphk,K08,g_obs_x,8.25,1.5078293041131088
Batch_2,r17byphk,K08,g_obs_x,8.5,1.3803560862216624
Batch_2,r17byphk,K08,g_obs_x,8.75,1.1771377525445545
Batch_2,r17byphk,K08,g_obs_x,9.0,1.3678218292474478
Batch_2,r17byphk,K08,g_obs_x,9.25,1.7460640475534452
Batch_2,r17byphk,K08,g_obs_x,9.5,1.715933573342337
Batch_2,r17byphk,K08,g_obs_x,9.75,1.9821940199790071
Batch_2,r17byphk,K08,g_obs_x,10.0,1.7313723910175545
Batch_2,r17byphk,K08,env_lo_x,0.25,0.34334117531408753
Batch_2,r17byphk,K08,env_lo_x,0.5,0.48914260044002256
Batch_2,r17byphk,K08,env_lo_x,0.75,0.5427552085535248
Batch_2,r17byphk,K08,env_lo_x,1.0,0.5706685517765758
Batch_2,r17byphk,K08,env_lo_x,1.25,0.6382285123057528
Batch_2,r17byphk,K08,env_lo_x,1.5,0.6672278325337316
Batch_2,r17byphk,K08,env_lo_x,1.75,0.5634617393291417
Batch_2,r17byphk,K08,env_lo_x,2.0,0.5534484644665492
Batch_2,r17byphk,K08,env_lo_x,2.25,0.5882072032564665
Batch_2,r17byphk,K08,env_lo_x,2.5,0.5364422998723842
Batch_2,r17byphk,K08,env_lo_x,2.75,0.6094876721996312
Batch_2,r17byphk,K08,env_lo_x,3.0,0.5505347424982899
Batch_2,r17byphk,K08,env_lo_x,3.25,0.5898935011152935
Batch_2,r17byphk,K08,env_lo_x,3.5,0.5834799968121637
Batch_2,r17byphk,K08,env_lo_x,3.75,0.6224321789602668
Batch_2,r17byphk,K08,env_lo_x,4.0,0.6253536929734038
Batch_2,r17byphk,K08,env_lo_x,4.25,0.6085274508714456
Batch_2,r17byphk,K08,env_lo_x,4.5,0.6086842262187447
Batch_2,r17byphk,K08,env_lo_x,4.75,0.6320808450589229
Batch_2,r17byphk,K08,env_lo_x,5.0,0.5925690193605203
Batch_2,r17byphk,K08,env_lo_x,5.25,0.5990509535894847
Batch_2,r17byphk,K08,env_lo_x,5.5,0.6200503404554953
Batch_2,r17byphk,K08,env_lo_x,5.75,0.5990716681711151
Batch_2,r17byphk,K08,env_lo_x,6.0,0.6807816803129136
Batch_2,r17byphk,K08,env_lo_x,6.25,0.6137741683681683
Batch_2,r17byphk,K08,env_lo_x,6.5,0.503674744142486
Batch_2,r17byphk,K08,env_lo_x,6.75,0.5416874744198035
Batch_2,r17byphk,K08,env_lo_x,7.0,0.5646867077593026
Batch_2,r17byphk,K08,env_lo_x,7.25,0.5483585183795618
Batch_2,r17byphk,K08,env_lo_x,7.5,0.6307924952584623
Batch_2,r17byphk,K08,env_lo_x,7.75,0.5890882977610873
Batch_2,r17byphk,K08,env_lo_x,8.0,0.5997669528322535
Batch_2,r17byphk,K08,env_lo_x,8.25,0.6716084140544047
Batch_2,r17byphk,K08,env_lo_x,8.5,0.6832276560208027
Batch_2,r17byphk,K08,env_lo_x,8.75,0.5663155039582362
Batch_2,r17byphk,K08,env_lo_x,9.0,0.5986279101914994
Batch_2,r17byphk,K08,env_lo_x,9.25,0.6218282119810431
Batch_2,r17byphk,K08,env_lo_x,9.5,0.6643527155331819
Batch_2,r17byphk,K08,env_lo_x,9.75,0.6528237487563058
Batch_2,r17byphk,K08,env_lo_x,10.0,0.6679946683027244
Batch_2,r17byphk,K08,env_hi_x,0.25,1.7929713855337381
Batch_2,r17byphk,K08,env_hi_x,0.5,1.5194938712311854
Batch_2,r17byphk,K08,env_hi_x,0.75,1.567577243587213
Batch_2,r17byphk,K08,env_hi_x,1.0,1.4136525625521785
Batch_2,r17byphk,K08,env_hi_x,1.25,1.378615042836063
Batch_2,r17byphk,K08,env_hi_x,1.5,1.44079929893941
Batch_2,r17byphk,K08,env_hi_x,1.75,1.415466210845877
Batch_2,r17byphk,K08,env_hi_x,2.0,1.5027914005136387
Batch_2,r17byphk,K08,env_hi_x,2.25,1.537866562209566
Batch_2,r17byphk,K08,env_hi_x,2.5,1.5130009602906915
Batch_2,r17byphk,K08,env_hi_x,2.75,1.5651257761178319
Batch_2,r17byphk,K08,env_hi_x,3.0,1.6035605948076255
Batch_2,r17byphk,K08,env_hi_x,3.25,1.5622677911291813
Batch_2,r17byphk,K08,env_hi_x,3.5,1.3910875495350004
Batch_2,r17byphk,K08,env_hi_x,3.75,1.5396081797323433
Batch_2,r17byphk,K08,env_hi_x,4.0,1.391243345322755
Batch_2,r17byphk,K08,env_hi_x,4.25,1.41526313691456
Batch_2,r17byphk,K08,env_hi_x,4.5,1.3955827473087958
Batch_2,r17byphk,K08,env_hi_x,4.75,1.3973622567227864
Batch_2,r17byphk,K08,env_hi_x,5.0,1.5735677830039263
Batch_2,r17byphk,K08,env_hi_x,5.25,1.5433549432988025
Batch_2,r17byphk,K08,env_hi_x,5.5,1.3806703822208999
Batch_2,r17byphk,K08,env_hi_x,5.75,1.4059658070323275
Batch_2,r17byphk,K08,env_hi_x,6.0,1.4767242152791935
Batch_2,r17byphk,K08,env_hi_x,6.25,1.4122781413298537
Batch_2,r17byphk,K08,env_hi_x,6.5,1.5285780902306993
Batch_2,r17byphk,K08,env_hi_x,6.75,1.4769763779880818
Batch_2,r17byphk,K08,env_hi_x,7.0,1.5036834388286122
Batch_2,r17byphk,K08,env_hi_x,7.25,1.5329207900517101
Batch_2,r17byphk,K08,env_hi_x,7.5,1.5139344909476513
Batch_2,r17byphk,K08,env_hi_x,7.75,1.4813425906393065
Batch_2,r17byphk,K08,env_hi_x,8.0,1.3612095883591933
Batch_2,r17byphk,K08,env_hi_x,8.25,1.4265074380727574
Batch_2,r17byphk,K08,env_hi_x,8.5,1.4065800835404174
Batch_2,r17byphk,K08,env_hi_x,8.75,1.4728778225277912
Batch_2,r17byphk,K08,env_hi_x,9.0,1.421184178507295
Batch_2,r17byphk,K08,env_hi_x,9.25,1.4573998785789262
Batch_2,r17byphk,K08,env_hi_x,9.5,1.465668445067201
Batch_2,r17byphk,K08,env_hi_x,9.75,1.3663550717653004
Batch_2,r17byphk,K08,env_hi_x,10.0,1.4591848936615517
Batch_2,r17byphk,K08,g_obs_z,0.25,0.0
Batch_2,r17byphk,K08,g_obs_z,0.5,0.062074721126264644
Batch_2,r17byphk,K08,g_obs_z,0.75,0.23946565189705818
Batch_2,r17byphk,K08,g_obs_z,1.0,0.6000950385770685
Batch_2,r17byphk,K08,g_obs_z,1.25,0.6419976746419704
Batch_2,r17byphk,K08,g_obs_z,1.5,0.3556206830909184
Batch_2,r17byphk,K08,g_obs_z,1.75,0.6108609052941237
Batch_2,r17byphk,K08,g_obs_z,2.0,1.0093645270460003
Batch_2,r17byphk,K08,g_obs_z,2.25,1.2474890973905972
Batch_2,r17byphk,K08,g_obs_z,2.5,1.1696245801412646
Batch_2,r17byphk,K08,g_obs_z,2.75,1.1937257117254612
Batch_2,r17byphk,K08,g_obs_z,3.0,0.981939785860129
Batch_2,r17byphk,K08,g_obs_z,3.25,0.9841164897773619
Batch_2,r17byphk,K08,g_obs_z,3.5,1.2825417114314277
Batch_2,r17byphk,K08,g_obs_z,3.75,1.4362382915837748
Batch_2,r17byphk,K08,g_obs_z,4.0,1.050572680869185
Batch_2,r17byphk,K08,g_obs_z,4.25,0.9425985278592744
Batch_2,r17byphk,K08,g_obs_z,4.5,1.4034381285320612
Batch_2,r17byphk,K08,g_obs_z,4.75,1.592351527719135
Batch_2,r17byphk,K08,g_obs_z,5.0,1.281968088923287
Batch_2,r17byphk,K08,g_obs_z,5.25,1.872587818348622
Batch_2,r17byphk,K08,g_obs_z,5.5,1.6819903400347145
Batch_2,r17byphk,K08,g_obs_z,5.75,1.222164306421863
Batch_2,r17byphk,K08,g_obs_z,6.0,1.345394116829196
Batch_2,r17byphk,K08,g_obs_z,6.25,1.5657840481751977
Batch_2,r17byphk,K08,g_obs_z,6.5,1.8799358384756022
Batch_2,r17byphk,K08,g_obs_z,6.75,1.5434625656989402
Batch_2,r17byphk,K08,g_obs_z,7.0,1.455848195120157
Batch_2,r17byphk,K08,g_obs_z,7.25,1.7954113404555865
Batch_2,r17byphk,K08,g_obs_z,7.5,1.403629727551916
Batch_2,r17byphk,K08,g_obs_z,7.75,1.0303928396466722
Batch_2,r17byphk,K08,g_obs_z,8.0,1.5010329422470345
Batch_2,r17byphk,K08,g_obs_z,8.25,1.0695310737065784
Batch_2,r17byphk,K08,g_obs_z,8.5,0.9730424358813162
Batch_2,r17byphk,K08,g_obs_z,8.75,1.5150670828863242
Batch_2,r17byphk,K08,g_obs_z,9.0,2.073495830842027
Batch_2,r17byphk,K08,g_obs_z,9.25,2.040765051420175
Batch_2,r17byphk,K08,g_obs_z,9.5,1.8068169170189214
Batch_2,r17byphk,K08,g_obs_z,9.75,1.5504481547808173
Batch_2,r17byphk,K08,g_obs_z,10.0,1.431853373569125
Batch_2,r17byphk,K08,env_lo_z,0.25,0.38039471080515996
Batch_2,r17byphk,K08,env_lo_z,0.5,0.48904650423856927
Batch_2,r17byphk,K08,env_lo_z,0.75,0.441399889984809
Batch_2,r17byphk,K08,env_lo_z,1.0,0.43936259903592284
Batch_2,r17byphk,K08,env_lo_z,1.25,0.5023333633322469
Batch_2,r17byphk,K08,env_lo_z,1.5,0.49715007853916104
Batch_2,r17byphk,K08,env_lo_z,1.75,0.5530455787273691
Batch_2,r17byphk,K08,env_lo_z,2.0,0.5605609388286152
Batch_2,r17byphk,K08,env_lo_z,2.25,0.4730145514309043
Batch_2,r17byphk,K08,env_lo_z,2.5,0.4546075412135376
Batch_2,r17byphk,K08,env_lo_z,2.75,0.5337642119322885
Batch_2,r17byphk,K08,env_lo_z,3.0,0.5621097937802825
Batch_2,r17byphk,K08,env_lo_z,3.25,0.4732849460214124
Batch_2,r17byphk,K08,env_lo_z,3.5,0.5571308261930186
Batch_2,r17byphk,K08,env_lo_z,3.75,0.5323547352558617
Batch_2,r17byphk,K08,env_lo_z,4.0,0.49422517526394094
Batch_2,r17byphk,K08,env_lo_z,4.25,0.4410124047735354
Batch_2,r17byphk,K08,env_lo_z,4.5,0.47759227336343807
Batch_2,r17byphk,K08,env_lo_z,4.75,0.502843656189478
Batch_2,r17byphk,K08,env_lo_z,5.0,0.5323846607569541
Batch_2,r17byphk,K08,env_lo_z,5.25,0.5804299996296868
Batch_2,r17byphk,K08,env_lo_z,5.5,0.55862028512077
Batch_2,r17byphk,K08,env_lo_z,5.75,0.4483758744818582
Batch_2,r17byphk,K08,env_lo_z,6.0,0.5429415718732735
Batch_2,r17byphk,K08,env_lo_z,6.25,0.5134921083102806
Batch_2,r17byphk,K08,env_lo_z,6.5,0.5309377486031668
Batch_2,r17byphk,K08,env_lo_z,6.75,0.46706326854655905
Batch_2,r17byphk,K08,env_lo_z,7.0,0.5680175356760044
Batch_2,r17byphk,K08,env_lo_z,7.25,0.5215331086000223
Batch_2,r17byphk,K08,env_lo_z,7.5,0.49928364860833224
Batch_2,r17byphk,K08,env_lo_z,7.75,0.5299761396309689
Batch_2,r17byphk,K08,env_lo_z,8.0,0.6411621341151932
Batch_2,r17byphk,K08,env_lo_z,8.25,0.6088472618703314
Batch_2,r17byphk,K08,env_lo_z,8.5,0.5546338167535423
Batch_2,r17byphk,K08,env_lo_z,8.75,0.5555283537424633
Batch_2,r17byphk,K08,env_lo_z,9.0,0.5029058640152421
Batch_2,r17byphk,K08,env_lo_z,9.25,0.5610886570275457
Batch_2,r17byphk,K08,env_lo_z,9.5,0.5744711651585921
Batch_2,r17byphk,K08,env_lo_z,9.75,0.5061215679700848
Batch_2,r17byphk,K08,env_lo_z,10.0,0.6040744210901071
Batch_2,r17byphk,K08,env_hi_z,0.25,1.7737994039348435
Batch_2,r17byphk,K08,env_hi_z,0.5,1.9890196709348333
Batch_2,r17byphk,K08,env_hi_z,0.75,1.6995105818334946
Batch_2,r17byphk,K08,env_hi_z,1.0,1.671730339466064
Batch_2,r17byphk,K08,env_hi_z,1.25,1.4955187701987422
Batch_2,r17byphk,K08,env_hi_z,1.5,1.5883777764256652
Batch_2,r17byphk,K08,env_hi_z,1.75,1.519164327190923
Batch_2,r17byphk,K08,env_hi_z,2.0,1.6634068038748078
Batch_2,r17byphk,K08,env_hi_z,2.25,1.6708190279043091
Batch_2,r17byphk,K08,env_hi_z,2.5,1.671001892392202
Batch_2,r17byphk,K08,env_hi_z,2.75,1.7699319701798504
Batch_2,r17byphk,K08,env_hi_z,3.0,1.550485168022241
Batch_2,r17byphk,K08,env_hi_z,3.25,1.613555724741794
Batch_2,r17byphk,K08,env_hi_z,3.5,1.5603949740844643
Batch_2,r17byphk,K08,env_hi_z,3.75,1.557106081903971
Batch_2,r17byphk,K08,env_hi_z,4.0,1.5927437528598387
Batch_2,r17byphk,K08,env_hi_z,4.25,1.726682839082149
Batch_2,r17byphk,K08,env_hi_z,4.5,1.6082500067962588
Batch_2,r17byphk,K08,env_hi_z,4.75,1.628827978459724
Batch_2,r17byphk,K08,env_hi_z,5.0,1.6671433562049616
Batch_2,r17byphk,K08,env_hi_z,5.25,1.6065960032412685
Batch_2,r17byphk,K08,env_hi_z,5.5,1.6111002128898733
Batch_2,r17byphk,K08,env_hi_z,5.75,1.4888492998195024
Batch_2,r17byphk,K08,env_hi_z,6.0,1.4799509772421604
Batch_2,r17byphk,K08,env_hi_z,6.25,1.477097977646121
Batch_2,r17byphk,K08,env_hi_z,6.5,1.5642911311177181
Batch_2,r17byphk,K08,env_hi_z,6.75,1.6322737059114283
Batch_2,r17byphk,K08,env_hi_z,7.0,1.6015880133554274
Batch_2,r17byphk,K08,env_hi_z,7.25,1.4187329028091968
Batch_2,r17byphk,K08,env_hi_z,7.5,1.5077380096999564
Batch_2,r17byphk,K08,env_hi_z,7.75,1.4745432116337012
Batch_2,r17byphk,K08,env_hi_z,8.0,1.5193276565768097
Batch_2,r17byphk,K08,env_hi_z,8.25,1.603400322055818
Batch_2,r17byphk,K08,env_hi_z,8.5,1.4897567006394763
Batch_2,r17byphk,K08,env_hi_z,8.75,1.4853653881037747
Batch_2,r17byphk,K08,env_hi_z,9.0,1.4281521913768334
Batch_2,r17byphk,K08,env_hi_z,9.25,1.4331609486306764
Batch_2,r17byphk,K08,env_hi_z,9.5,1.4690309073287988
Batch_2,r17byphk,K08,env_hi_z,9.75,1.4353705170948154
Batch_2,r17byphk,K08,env_hi_z,10.0,1.368766490502888
Batch_2,r17byphk,K10,cv,1.0,3.640327185261401
Batch_2,r17byphk,K10,cv,2.0,3.147652653444507
Batch_2,r17byphk,K10,cv,5.0,2.2936906950217564
Batch_2,r17byphk,K10,cv,10.0,1.3653497022271193
Batch_2,r17byphk,K10,cv,20.0,0.9034424890519742
Batch_2,r17byphk,K12,band_si_frac,0.0,0.09485153362084141
Batch_2,r17byphk,K12,band_si_frac,1.0,0.044667807164231646
Batch_2,r17byphk,K12,band_si_frac,2.0,0.021938534148917443
Batch_2,r17byphk,K12,band_si_frac,3.0,0.034649489526491814
Batch_2,r17byphk,K12,band_si_frac,4.0,0.05167169072346418
Batch_2,r17byphk,K13,column_si_frac,5.0,0.014557692307692308
Batch_2,r17byphk,K13,column_si_frac,15.0,0.04221153846153846
Batch_2,r17byphk,K13,column_si_frac,25.0,0.019298076923076925
Batch_2,r17byphk,K13,column_si_frac,35.0,0.056240384615384616
Batch_2,r17byphk,K13,column_si_frac,45.0,0.06321153846153846
Batch_2,r17byphk,K13,column_si_frac,55.0,0.12861057692307692
Batch_2,r17byphk,K13,column_si_frac,65.0,0.030264423076923078
Batch_2,r17byphk,K13,column_si_frac,75.0,0.01164903846153846
Batch_2,r17byphk,K13,column_si_frac,85.0,0.025846153846153845
Batch_2,r17byphk,K13,column_si_frac,95.0,0.0438125
Batch_2,r17byphk,K13,column_si_frac,105.0,0.05244230769230769
Batch_2,r17byphk,K13,column_si_frac,115.0,0.05648076923076923
Batch_2,r17byphk,K13,column_si_frac,125.0,0.052355769230769234
Batch_2,r17byphk,K13,column_si_frac,135.0,0.04112019230769231
Batch_2,r17byphk,K13,column_si_frac,145.0,0.0698076923076923
Batch_2,r17byphk,K13,column_si_frac,155.0,0.04463942307692308
Batch_2,r17byphk,K13,column_si_frac,165.0,0.10123076923076924
Batch_2,r17byphk,D01,band_graphite_frac,0.0,0.8483706653758141
Batch_2,r17byphk,D01,band_graphite_frac,1.0,0.8779924309100511
Batch_2,r17byphk,D01,band_graphite_frac,2.0,0.9189912097342017
Batch_2,r17byphk,D01,band_graphite_frac,3.0,0.9168569023939447
Batch_2,r17byphk,D01,band_graphite_frac,4.0,0.885074700756909
Batch_2,r17byphk,D04,band_pore_frac,0.0,0.035748272751276185
Batch_2,r17byphk,D04,band_pore_frac,1.0,0.06595724784368949
Batch_2,r17byphk,D04,band_pore_frac,2.0,0.05213650765710262
Batch_2,r17byphk,D04,band_pore_frac,3.0,0.042973563193099806
Batch_2,r17byphk,D04,band_pore_frac,4.0,0.05480439183242387
Batch_2,rxax5ozo,K08,g_obs_x,0.25,0.0
Batch_2,rxax5ozo,K08,g_obs_x,0.5,0.2895441095168841
Batch_2,rxax5ozo,K08,g_obs_x,0.75,0.9147241179514225
Batch_2,rxax5ozo,K08,g_obs_x,1.0,0.9139464463211807
Batch_2,rxax5ozo,K08,g_obs_x,1.25,0.43489347978474385
Batch_2,rxax5ozo,K08,g_obs_x,1.5,0.3290674320732058
Batch_2,rxax5ozo,K08,g_obs_x,1.75,0.5534403438279456
Batch_2,rxax5ozo,K08,g_obs_x,2.0,0.8632463841074813
Batch_2,rxax5ozo,K08,g_obs_x,2.25,0.7912553920830832
Batch_2,rxax5ozo,K08,g_obs_x,2.5,0.6627068121166094
Batch_2,rxax5ozo,K08,g_obs_x,2.75,0.648161935861272
Batch_2,rxax5ozo,K08,g_obs_x,3.0,1.1282090779082903
Batch_2,rxax5ozo,K08,g_obs_x,3.25,1.6352509087746463
Batch_2,rxax5ozo,K08,g_obs_x,3.5,1.430066004031443
Batch_2,rxax5ozo,K08,g_obs_x,3.75,1.3409482256228078
Batch_2,rxax5ozo,K08,g_obs_x,4.0,1.3670222895184425
Batch_2,rxax5ozo,K08,g_obs_x,4.25,1.1888288957970967
Batch_2,rxax5ozo,K08,g_obs_x,4.5,1.365628185660463
Batch_2,rxax5ozo,K08,g_obs_x,4.75,1.25611428590038
Batch_2,rxax5ozo,K08,g_obs_x,5.0,0.9595411523230964
Batch_2,rxax5ozo,K08,g_obs_x,5.25,1.083013213335527
Batch_2,rxax5ozo,K08,g_obs_x,5.5,0.8803137942503731
Batch_2,rxax5ozo,K08,g_obs_x,5.75,0.647455659300833
Batch_2,rxax5ozo,K08,g_obs_x,6.0,0.7829244904215221
Batch_2,rxax5ozo,K08,g_obs_x,6.25,1.3214636993467646
Batch_2,rxax5ozo,K08,g_obs_x,6.5,1.4182194506514305
Batch_2,rxax5ozo,K08,g_obs_x,6.75,1.3817964502554243
Batch_2,rxax5ozo,K08,g_obs_x,7.0,0.9763650797741356
Batch_2,rxax5ozo,K08,g_obs_x,7.25,0.6715989035659502
Batch_2,rxax5ozo,K08,g_obs_x,7.5,0.7222793257121628
Batch_2,rxax5ozo,K08,g_obs_x,7.75,0.8899165889814699
Batch_2,rxax5ozo,K08,g_obs_x,8.0,1.0202931612659674
Batch_2,rxax5ozo,K08,g_obs_x,8.25,0.7275913536142339
Batch_2,rxax5ozo,K08,g_obs_x,8.5,0.8010033767028482
Batch_2,rxax5ozo,K08,g_obs_x,8.75,0.9740429183107617
Batch_2,rxax5ozo,K08,g_obs_x,9.0,0.9346806042715903
Batch_2,rxax5ozo,K08,g_obs_x,9.25,0.8663840589654256
Batch_2,rxax5ozo,K08,g_obs_x,9.5,0.8229895268036418
Batch_2,rxax5ozo,K08,g_obs_x,9.75,1.0376275691715022
Batch_2,rxax5ozo,K08,g_obs_x,10.0,1.2101914784228152
Batch_2,rxax5ozo,K08,env_lo_x,0.25,0.11797986060114353
Batch_2,rxax5ozo,K08,env_lo_x,0.5,0.3820438704763409
Batch_2,rxax5ozo,K08,env_lo_x,0.75,0.38791146719328673
Batch_2,rxax5ozo,K08,env_lo_x,1.0,0.4639694547844103
Batch_2,rxax5ozo,K08,env_lo_x,1.25,0.5740053852500333
Batch_2,rxax5ozo,K08,env_lo_x,1.5,0.5085519481624913
Batch_2,rxax5ozo,K08,env_lo_x,1.75,0.5492247095668272
Batch_2,rxax5ozo,K08,env_lo_x,2.0,0.6015115884135768
Batch_2,rxax5ozo,K08,env_lo_x,2.25,0.5249076041873628
Batch_2,rxax5ozo,K08,env_lo_x,2.5,0.5187970536879443
Batch_2,rxax5ozo,K08,env_lo_x,2.75,0.5127293596172728
Batch_2,rxax5ozo,K08,env_lo_x,3.0,0.4561348864728812
Batch_2,rxax5ozo,K08,env_lo_x,3.25,0.5725530422197681
Batch_2,rxax5ozo,K08,env_lo_x,3.5,0.6542689648778196
Batch_2,rxax5ozo,K08,env_lo_x,3.75,0.43855124306913096
Batch_2,rxax5ozo,K08,env_lo_x,4.0,0.4827099615559688
Batch_2,rxax5ozo,K08,env_lo_x,4.25,0.5274102281637526
Batch_2,rxax5ozo,K08,env_lo_x,4.5,0.5181408048703974
Batch_2,rxax5ozo,K08,env_lo_x,4.75,0.481557599697867
Batch_2,rxax5ozo,K08,env_lo_x,5.0,0.43453968093500744
Batch_2,rxax5ozo,K08,env_lo_x,5.25,0.4772764597513334
Batch_2,rxax5ozo,K08,env_lo_x,5.5,0.46561803352732384
Batch_2,rxax5ozo,K08,env_lo_x,5.75,0.45030069819957075
Batch_2,rxax5ozo,K08,env_lo_x,6.0,0.45963759668558546
Batch_2,rxax5ozo,K08,env_lo_x,6.25,0.48011220012217193
Batch_2,rxax5ozo,K08,env_lo_x,6.5,0.4612991671401635
Batch_2,rxax5ozo,K08,env_lo_x,6.75,0.5081010558148398
Batch_2,rxax5ozo,K08,env_lo_x,7.0,0.617672232343893
Batch_2,rxax5ozo,K08,env_lo_x,7.25,0.45718665851333284
Batch_2,rxax5ozo,K08,env_lo_x,7.5,0.5158014761235618
Batch_2,rxax5ozo,K08,env_lo_x,7.75,0.4496066635900747
Batch_2,rxax5ozo,K08,env_lo_x,8.0,0.5034889092645434
Batch_2,rxax5ozo,K08,env_lo_x,8.25,0.5224749890148578
Batch_2,rxax5ozo,K08,env_lo_x,8.5,0.5834627070841035
Batch_2,rxax5ozo,K08,env_lo_x,8.75,0.5413463118119431
Batch_2,rxax5ozo,K08,env_lo_x,9.0,0.5401318471380852
Batch_2,rxax5ozo,K08,env_lo_x,9.25,0.5172808766338532
Batch_2,rxax5ozo,K08,env_lo_x,9.5,0.5751308012994666
Batch_2,rxax5ozo,K08,env_lo_x,9.75,0.5793623598601636
Batch_2,rxax5ozo,K08,env_lo_x,10.0,0.6137252912505411
Batch_2,rxax5ozo,K08,env_hi_x,0.25,2.0206181380761294
Batch_2,rxax5ozo,K08,env_hi_x,0.5,1.6812308192572192
Batch_2,rxax5ozo,K08,env_hi_x,0.75,1.8090963219734009
Batch_2,rxax5ozo,K08,env_hi_x,1.0,1.5277082519879095
Batch_2,rxax5ozo,K08,env_hi_x,1.25,1.5542968943948292
Batch_2,rxax5ozo,K08,env_hi_x,1.5,1.4606660508300549
Batch_2,rxax5ozo,K08,env_hi_x,1.75,1.4181577757662465
Batch_2,rxax5ozo,K08,env_hi_x,2.0,1.512572879285631
Batch_2,rxax5ozo,K08,env_hi_x,2.25,1.4607056232248978
Batch_2,rxax5ozo,K08,env_hi_x,2.5,1.4584563910847734
Batch_2,rxax5ozo,K08,env_hi_x,2.75,1.5631837644976552
Batch_2,rxax5ozo,K08,env_hi_x,3.0,1.5368002806811523
Batch_2,rxax5ozo,K08,env_hi_x,3.25,1.3905390125472703
Batch_2,rxax5ozo,K08,env_hi_x,3.5,1.524109331137099
Batch_2,rxax5ozo,K08,env_hi_x,3.75,1.7430423883505584
Batch_2,rxax5ozo,K08,env_hi_x,4.0,1.7742345188919935
Batch_2,rxax5ozo,K08,env_hi_x,4.25,1.5745852291566151
Batch_2,rxax5ozo,K08,env_hi_x,4.5,1.4785879498668393
Batch_2,rxax5ozo,K08,env_hi_x,4.75,1.598433254020789
Batch_2,rxax5ozo,K08,env_hi_x,5.0,1.6065252995306876
Batch_2,rxax5ozo,K08,env_hi_x,5.25,1.6695374507497645
Batch_2,rxax5ozo,K08,env_hi_x,5.5,1.7054221068610405
Batch_2,rxax5ozo,K08,env_hi_x,5.75,1.598504180436358
Batch_2,rxax5ozo,K08,env_hi_x,6.0,1.5587636855588152
Batch_2,rxax5ozo,K08,env_hi_x,6.25,1.6598868559983015
Batch_2,rxax5ozo,K08,env_hi_x,6.5,1.684552176981714
Batch_2,rxax5ozo,K08,env_hi_x,6.75,1.7235077901033724
Batch_2,rxax5ozo,K08,env_hi_x,7.0,1.5870243268295423
Batch_2,rxax5ozo,K08,env_hi_x,7.25,1.5484202401694034
Batch_2,rxax5ozo,K08,env_hi_x,7.5,1.5275243135261911
Batch_2,rxax5ozo,K08,env_hi_x,7.75,1.7769645765314706
Batch_2,rxax5ozo,K08,env_hi_x,8.0,1.4126948202600353
Batch_2,rxax5ozo,K08,env_hi_x,8.25,1.6458882258377905
Batch_2,rxax5ozo,K08,env_hi_x,8.5,1.39805298430315
Batch_2,rxax5ozo,K08,env_hi_x,8.75,1.4506418239506556
Batch_2,rxax5ozo,K08,env_hi_x,9.0,1.5975087055985402
Batch_2,rxax5ozo,K08,env_hi_x,9.25,1.6700746777209945
Batch_2,rxax5ozo,K08,env_hi_x,9.5,1.5492795722618142
Batch_2,rxax5ozo,K08,env_hi_x,9.75,1.5117597184377138
Batch_2,rxax5ozo,K08,env_hi_x,10.0,1.6742568155062338
Batch_2,rxax5ozo,K08,g_obs_z,0.25,0.13174882066716082
Batch_2,rxax5ozo,K08,g_obs_z,0.5,0.3203869431510939
Batch_2,rxax5ozo,K08,g_obs_z,0.75,0.17960625655814097
Batch_2,rxax5ozo,K08,g_obs_z,1.0,0.28636291172907147
Batch_2,rxax5ozo,K08,g_obs_z,1.25,0.6396676331692996
Batch_2,rxax5ozo,K08,g_obs_z,1.5,1.1328229383137518
Batch_2,rxax5ozo,K08,g_obs_z,1.75,1.1758336249078511
Batch_2,rxax5ozo,K08,g_obs_z,2.0,0.6596997051486372
Batch_2,rxax5ozo,K08,g_obs_z,2.25,0.6737559295948273
Batch_2,rxax5ozo,K08,g_obs_z,2.5,0.7640321186271564
Batch_2,rxax5ozo,K08,g_obs_z,2.75,0.43737757170194747
Batch_2,rxax5ozo,K08,g_obs_z,3.0,0.706767836419566
Batch_2,rxax5ozo,K08,g_obs_z,3.25,0.863608808657915
Batch_2,rxax5ozo,K08,g_obs_z,3.5,0.49359527279073784
Batch_2,rxax5ozo,K08,g_obs_z,3.75,0.558091580254638
Batch_2,rxax5ozo,K08,g_obs_z,4.0,0.6414379299287852
Batch_2,rxax5ozo,K08,g_obs_z,4.25,0.5392825884313874
Batch_2,rxax5ozo,K08,g_obs_z,4.5,0.7378439477502334
Batch_2,rxax5ozo,K08,g_obs_z,4.75,0.8340983673700318
Batch_2,rxax5ozo,K08,g_obs_z,5.0,0.6192830030379874
Batch_2,rxax5ozo,K08,g_obs_z,5.25,0.6094675108377849
Batch_2,rxax5ozo,K08,g_obs_z,5.5,0.8561777391072473
Batch_2,rxax5ozo,K08,g_obs_z,5.75,0.7844079179898448
Batch_2,rxax5ozo,K08,g_obs_z,6.0,0.49218707623842517
Batch_2,rxax5ozo,K08,g_obs_z,6.25,0.8812352375523945
Batch_2,rxax5ozo,K08,g_obs_z,6.5,0.7657482038073726
Batch_2,rxax5ozo,K08,g_obs_z,6.75,0.4253100073695365
Batch_2,rxax5ozo,K08,g_obs_z,7.0,0.8551925897398142
Batch_2,rxax5ozo,K08,g_obs_z,7.25,0.7649023033725593
Batch_2,rxax5ozo,K08,g_obs_z,7.5,0.9337968826374103
Batch_2,rxax5ozo,K08,g_obs_z,7.75,1.2080193092886427
Batch_2,rxax5ozo,K08,g_obs_z,8.0,0.7398841646961314
Batch_2,rxax5ozo,K08,g_obs_z,8.25,1.1824277039126088
Batch_2,rxax5ozo,K08,g_obs_z,8.5,1.4588979648474354
Batch_2,rxax5ozo,K08,g_obs_z,8.75,1.0276262556497453
Batch_2,rxax5ozo,K08,g_obs_z,9.0,0.7739552914049864
Batch_2,rxax5ozo,K08,g_obs_z,9.25,0.9376940241778334
Batch_2,rxax5ozo,K08,g_obs_z,9.5,0.8837605228336425
Batch_2,rxax5ozo,K08,g_obs_z,9.75,0.6664101164799594
Batch_2,rxax5ozo,K08,g_obs_z,10.0,0.9230412507586321
Batch_2,rxax5ozo,K08,env_lo_z,0.25,0.07019425007540242
Batch_2,rxax5ozo,K08,env_lo_z,0.5,0.26862773754910674
Batch_2,rxax5ozo,K08,env_lo_z,0.75,0.4111049155078743
Batch_2,rxax5ozo,K08,env_lo_z,1.0,0.44516213202252924
Batch_2,rxax5ozo,K08,env_lo_z,1.25,0.5269877942234412
Batch_2,rxax5ozo,K08,env_lo_z,1.5,0.3704342756324845
Batch_2,rxax5ozo,K08,env_lo_z,1.75,0.4334152995812862
Batch_2,rxax5ozo,K08,env_lo_z,2.0,0.45486931009304843
Batch_2,rxax5ozo,K08,env_lo_z,2.25,0.4875178874625119
Batch_2,rxax5ozo,K08,env_lo_z,2.5,0.5092610544834756
Batch_2,rxax5ozo,K08,env_lo_z,2.75,0.37426284412232075
Batch_2,rxax5ozo,K08,env_lo_z,3.0,0.3728826837678897
Batch_2,rxax5ozo,K08,env_lo_z,3.25,0.4343009425623464
Batch_2,rxax5ozo,K08,env_lo_z,3.5,0.4385759160337959
Batch_2,rxax5ozo,K08,env_lo_z,3.75,0.4277384347782115
Batch_2,rxax5ozo,K08,env_lo_z,4.0,0.42971783258086005
Batch_2,rxax5ozo,K08,env_lo_z,4.25,0.4572247433728262
Batch_2,rxax5ozo,K08,env_lo_z,4.5,0.3741200705815028
Batch_2,rxax5ozo,K08,env_lo_z,4.75,0.4016563137451284
Batch_2,rxax5ozo,K08,env_lo_z,5.0,0.5034327122502449
Batch_2,rxax5ozo,K08,env_lo_z,5.25,0.4954008997751337
Batch_2,rxax5ozo,K08,env_lo_z,5.5,0.4463302259114705
Batch_2,rxax5ozo,K08,env_lo_z,5.75,0.423811831844007
Batch_2,rxax5ozo,K08,env_lo_z,6.0,0.42973579431305364
Batch_2,rxax5ozo,K08,env_lo_z,6.25,0.4080444437232004
Batch_2,rxax5ozo,K08,env_lo_z,6.5,0.4147468528299732
Batch_2,rxax5ozo,K08,env_lo_z,6.75,0.5100618692454711
Batch_2,rxax5ozo,K08,env_lo_z,7.0,0.4959953266188902
Batch_2,rxax5ozo,K08,env_lo_z,7.25,0.41724008121925177
Batch_2,rxax5ozo,K08,env_lo_z,7.5,0.45121278869066855
Batch_2,rxax5ozo,K08,env_lo_z,7.75,0.47633404013147856
Batch_2,rxax5ozo,K08,env_lo_z,8.0,0.47164033601434585
Batch_2,rxax5ozo,K08,env_lo_z,8.25,0.5378416801743835
Batch_2,rxax5ozo,K08,env_lo_z,8.5,0.5083867940730923
Batch_2,rxax5ozo,K08,env_lo_z,8.75,0.48207641523287564
Batch_2,rxax5ozo,K08,env_lo_z,9.0,0.47118792297078355
Batch_2,rxax5ozo,K08,env_lo_z,9.25,0.5051931450572733
Batch_2,rxax5ozo,K08,env_lo_z,9.5,0.39368811013460925
Batch_2,rxax5ozo,K08,env_lo_z,9.75,0.4738521006394597
Batch_2,rxax5ozo,K08,env_lo_z,10.0,0.5396776471912932
Batch_2,rxax5ozo,K08,env_hi_z,0.25,2.032079027817749
Batch_2,rxax5ozo,K08,env_hi_z,0.5,1.6226447430523079
Batch_2,rxax5ozo,K08,env_hi_z,0.75,1.6348954616003286
Batch_2,rxax5ozo,K08,env_hi_z,1.0,1.748549517943006
Batch_2,rxax5ozo,K08,env_hi_z,1.25,1.6211712271507583
Batch_2,rxax5ozo,K08,env_hi_z,1.5,1.6542182601611377
Batch_2,rxax5ozo,K08,env_hi_z,1.75,1.5268716688789967
Batch_2,rxax5ozo,K08,env_hi_z,2.0,1.7104185654354527
Batch_2,rxax5ozo,K08,env_hi_z,2.25,1.5960718046922777
Batch_2,rxax5ozo,K08,env_hi_z,2.5,1.6603774530192794
Batch_2,rxax5ozo,K08,env_hi_z,2.75,1.519811217207118
Batch_2,rxax5ozo,K08,env_hi_z,3.0,1.6148901080932367
Batch_2,rxax5ozo,K08,env_hi_z,3.25,1.546690650223408
Batch_2,rxax5ozo,K08,env_hi_z,3.5,1.6675430017100747
Batch_2,rxax5ozo,K08,env_hi_z,3.75,1.7262447583378244
Batch_2,rxax5ozo,K08,env_hi_z,4.0,1.584766587850592
Batch_2,rxax5ozo,K08,env_hi_z,4.25,1.595379223752337
Batch_2,rxax5ozo,K08,env_hi_z,4.5,1.7084199553839359
Batch_2,rxax5ozo,K08,env_hi_z,4.75,2.033503740595978
Batch_2,rxax5ozo,K08,env_hi_z,5.0,1.7804518799403095
Batch_2,rxax5ozo,K08,env_hi_z,5.25,1.6128750809641499
Batch_2,rxax5ozo,K08,env_hi_z,5.5,1.6651160027902792
Batch_2,rxax5ozo,K08,env_hi_z,5.75,1.742006883431895
Batch_2,rxax5ozo,K08,env_hi_z,6.0,1.7372856444614837
Batch_2,rxax5ozo,K08,env_hi_z,6.25,1.6541137784955653
Batch_2,rxax5ozo,K08,env_hi_z,6.5,1.5159251250781018
Batch_2,rxax5ozo,K08,env_hi_z,6.75,1.534003955469968
Batch_2,rxax5ozo,K08,env_hi_z,7.0,1.7377100553549425
Batch_2,rxax5ozo,K08,env_hi_z,7.25,1.8327041787384424
Batch_2,rxax5ozo,K08,env_hi_z,7.5,1.7644057252926497
Batch_2,rxax5ozo,K08,env_hi_z,7.75,1.633583226920455
Batch_2,rxax5ozo,K08,env_hi_z,8.0,1.79342533304398
Batch_2,rxax5ozo,K08,env_hi_z,8.25,1.8181676923569272
Batch_2,rxax5ozo,K08,env_hi_z,8.5,1.597563841818675
Batch_2,rxax5ozo,K08,env_hi_z,8.75,1.5989022174217336
Batch_2,rxax5ozo,K08,env_hi_z,9.0,1.5746629566400538
Batch_2,rxax5ozo,K08,env_hi_z,9.25,1.5014011996354022
Batch_2,rxax5ozo,K08,env_hi_z,9.5,1.4877696118684887
Batch_2,rxax5ozo,K08,env_hi_z,9.75,1.4920926508698662
Batch_2,rxax5ozo,K08,env_hi_z,10.0,1.5340168764214301
Batch_2,rxax5ozo,K10,cv,1.0,3.5016760457698086
Batch_2,rxax5ozo,K10,cv,2.0,3.103214845684098
Batch_2,rxax5ozo,K10,cv,5.0,2.200769457239694
Batch_2,rxax5ozo,K10,cv,10.0,1.427542245608361
Batch_2,rxax5ozo,K10,cv,20.0,0.8601919256380147
Batch_2,rxax5ozo,K12,band_si_frac,0.0,0.06494378668789175
Batch_2,rxax5ozo,K12,band_si_frac,1.0,0.06906996539868891
Batch_2,rxax5ozo,K12,band_si_frac,2.0,0.0400844581523121
Batch_2,rxax5ozo,K12,band_si_frac,3.0,0.030816447230236903
Batch_2,rxax5ozo,K12,band_si_frac,4.0,0.07910427451067517
Batch_2,rxax5ozo,K13,column_si_frac,5.0,0.014269825918762089
Batch_2,rxax5ozo,K13,column_si_frac,15.0,0.03156673114119923
Batch_2,rxax5ozo,K13,column_si_frac,25.0,0.032379110251450675
Batch_2,rxax5ozo,K13,column_si_frac,35.0,0.12423597678916828
Batch_2,rxax5ozo,K13,column_si_frac,45.0,0.1588394584139265
Batch_2,rxax5ozo,K13,column_si_frac,55.0,0.047253384912959384
Batch_2,rxax5ozo,K13,column_si_frac,65.0,0.0989458413926499
Batch_2,rxax5ozo,K13,column_si_frac,75.0,0.03676015473887814
Batch_2,rxax5ozo,K13,column_si_frac,85.0,0.04514023210831721
Batch_2,rxax5ozo,K13,column_si_frac,95.0,0.0635541586073501
Batch_2,rxax5ozo,K13,column_si_frac,105.0,0.06216634429400387
Batch_2,rxax5ozo,K13,column_si_frac,115.0,0.07278046421663444
Batch_2,rxax5ozo,K13,column_si_frac,125.0,0.056252417794970984
Batch_2,rxax5ozo,K13,column_si_frac,135.0,0.05649903288201161
Batch_2,rxax5ozo,K13,column_si_frac,145.0,0.02336073500967118
Batch_2,rxax5ozo,K13,column_si_frac,155.0,0.032190522243713736
Batch_2,rxax5ozo,K13,column_si_frac,165.0,0.016397485493230175
Batch_2,rxax5ozo,D01,band_graphite_frac,0.0,0.8951527763959363
Batch_2,rxax5ozo,D01,band_graphite_frac,1.0,0.8801667053582286
Batch_2,rxax5ozo,D01,band_graphite_frac,2.0,0.9168711792082601
Batch_2,rxax5ozo,D01,band_graphite_frac,3.0,0.928699742424745
Batch_2,rxax5ozo,D01,band_graphite_frac,4.0,0.8800529315056319
Batch_2,rxax5ozo,D04,band_pore_frac,0.0,0.032880918427132734
Batch_2,rxax5ozo,D04,band_pore_frac,1.0,0.04331243988989487
Batch_2,rxax5ozo,D04,band_pore_frac,2.0,0.03782376546280635
Batch_2,rxax5ozo,D04,band_pore_frac,3.0,0.03515404769011375
Batch_2,rxax5ozo,D04,band_pore_frac,4.0,0.027711281686698806
Batch_3,0grcilhi,K08,g_obs_x,0.25,0.13434499521350812
Batch_3,0grcilhi,K08,g_obs_x,0.5,0.4495384443468243
Batch_3,0grcilhi,K08,g_obs_x,0.75,0.7076973451083641
Batch_3,0grcilhi,K08,g_obs_x,1.0,0.4809120581320539
Batch_3,0grcilhi,K08,g_obs_x,1.25,0.5535008039479219
Batch_3,0grcilhi,K08,g_obs_x,1.5,0.816345358571048
Batch_3,0grcilhi,K08,g_obs_x,1.75,0.9147005340255638
Batch_3,0grcilhi,K08,g_obs_x,2.0,1.0202903465069737
Batch_3,0grcilhi,K08,g_obs_x,2.25,0.924099136996735
Batch_3,0grcilhi,K08,g_obs_x,2.5,0.7433221625803687
Batch_3,0grcilhi,K08,g_obs_x,2.75,0.621553673968379
Batch_3,0grcilhi,K08,g_obs_x,3.0,0.7644244905698596
Batch_3,0grcilhi,K08,g_obs_x,3.25,0.7446824896007607
Batch_3,0grcilhi,K08,g_obs_x,3.5,0.804669615735718
Batch_3,0grcilhi,K08,g_obs_x,3.75,1.0173015987204073
Batch_3,0grcilhi,K08,g_obs_x,4.0,0.961014315112765
Batch_3,0grcilhi,K08,g_obs_x,4.25,1.0169093136831857
Batch_3,0grcilhi,K08,g_obs_x,4.5,1.0237431245498683
Batch_3,0grcilhi,K08,g_obs_x,4.75,0.748297298809124
Batch_3,0grcilhi,K08,g_obs_x,5.0,0.7434942048381751
Batch_3,0grcilhi,K08,g_obs_x,5.25,0.9445817181747992
Batch_3,0grcilhi,K08,g_obs_x,5.5,1.1242987860820381
Batch_3,0grcilhi,K08,g_obs_x,5.75,0.9432964442834348
Batch_3,0grcilhi,K08,g_obs_x,6.0,0.5062865087495235
Batch_3,0grcilhi,K08,g_obs_x,6.25,0.3837635864087076
Batch_3,0grcilhi,K08,g_obs_x,6.5,0.8161410036428144
Batch_3,0grcilhi,K08,g_obs_x,6.75,1.023140306690215
Batch_3,0grcilhi,K08,g_obs_x,7.0,0.8595564073999487
Batch_3,0grcilhi,K08,g_obs_x,7.25,1.1522886827664978
Batch_3,0grcilhi,K08,g_obs_x,7.5,1.1269747892558355
Batch_3,0grcilhi,K08,g_obs_x,7.75,1.2001441592755442
Batch_3,0grcilhi,K08,g_obs_x,8.0,1.149731124449263
Batch_3,0grcilhi,K08,g_obs_x,8.25,1.4313605601139314
Batch_3,0grcilhi,K08,g_obs_x,8.5,1.2111535996651288
Batch_3,0grcilhi,K08,g_obs_x,8.75,1.286036276952529
Batch_3,0grcilhi,K08,g_obs_x,9.0,1.3542746726093422
Batch_3,0grcilhi,K08,g_obs_x,9.25,0.8790458228306988
Batch_3,0grcilhi,K08,g_obs_x,9.5,0.881323532461905
Batch_3,0grcilhi,K08,g_obs_x,9.75,1.0558794364900137
Batch_3,0grcilhi,K08,g_obs_x,10.0,1.2991805174496613
Batch_3,0grcilhi,K08,env_lo_x,0.25,0.338873964284685
Batch_3,0grcilhi,K08,env_lo_x,0.5,0.380326417230034
Batch_3,0grcilhi,K08,env_lo_x,0.75,0.481623084449741
Batch_3,0grcilhi,K08,env_lo_x,1.0,0.39501300314350757
Batch_3,0grcilhi,K08,env_lo_x,1.25,0.5746932733848084
Batch_3,0grcilhi,K08,env_lo_x,1.5,0.5729305580526548
Batch_3,0grcilhi,K08,env_lo_x,1.75,0.6037872453367298
Batch_3,0grcilhi,K08,env_lo_x,2.0,0.47966130813627694
Batch_3,0grcilhi,K08,env_lo_x,2.25,0.597367091469357
Batch_3,0grcilhi,K08,env_lo_x,2.5,0.4969930805308073
Batch_3,0grcilhi,K08,env_lo_x,2.75,0.5412003570512912
Batch_3,0grcilhi,K08,env_lo_x,3.0,0.5383710039634201
Batch_3,0grcilhi,K08,env_lo_x,3.25,0.5696963781492594
Batch_3,0grcilhi,K08,env_lo_x,3.5,0.5848026694989811
Batch_3,0grcilhi,K08,env_lo_x,3.75,0.582280700423941
Batch_3,0grcilhi,K08,env_lo_x,4.0,0.5337829673363547
Batch_3,0grcilhi,K08,env_lo_x,4.25,0.59008509054773
Batch_3,0grcilhi,K08,env_lo_x,4.5,0.5407683236656713
Batch_3,0grcilhi,K08,env_lo_x,4.75,0.6251234062431484
Batch_3,0grcilhi,K08,env_lo_x,5.0,0.6121764375819139
Batch_3,0grcilhi,K08,env_lo_x,5.25,0.5291966200673568
Batch_3,0grcilhi,K08,env_lo_x,5.5,0.601540011358145
Batch_3,0grcilhi,K08,env_lo_x,5.75,0.522802797995432
Batch_3,0grcilhi,K08,env_lo_x,6.0,0.6397787849357612
Batch_3,0grcilhi,K08,env_lo_x,6.25,0.5903847767403786
Batch_3,0grcilhi,K08,env_lo_x,6.5,0.5493434965497546
Batch_3,0grcilhi,K08,env_lo_x,6.75,0.6006146966703061
Batch_3,0grcilhi,K08,env_lo_x,7.0,0.617206596642384
Batch_3,0grcilhi,K08,env_lo_x,7.25,0.5243212246098211
Batch_3,0grcilhi,K08,env_lo_x,7.5,0.5561102335218451
Batch_3,0grcilhi,K08,env_lo_x,7.75,0.5722225660823823
Batch_3,0grcilhi,K08,env_lo_x,8.0,0.5726686969959331
Batch_3,0grcilhi,K08,env_lo_x,8.25,0.6388155183815932
Batch_3,0grcilhi,K08,env_lo_x,8.5,0.5700500702140247
Batch_3,0grcilhi,K08,env_lo_x,8.75,0.49520961598431334
Batch_3,0grcilhi,K08,env_lo_x,9.0,0.5321186341797189
Batch_3,0grcilhi,K08,env_lo_x,9.25,0.5487103237861282
Batch_3,0grcilhi,K08,env_lo_x,9.5,0.4736607560370251
Batch_3,0grcilhi,K08,env_lo_x,9.75,0.5303417406678669
Batch_3,0grcilhi,K08,env_lo_x,10.0,0.5812370694126121
Batch_3,0grcilhi,K08,env_hi_x,0.25,1.886656296313088
Batch_3,0grcilhi,K08,env_hi_x,0.5,1.727600089155734
Batch_3,0grcilhi,K08,env_hi_x,0.75,1.6292120215293364
Batch_3,0grcilhi,K08,env_hi_x,1.0,1.450855935518751
Batch_3,0grcilhi,K08,env_hi_x,1.25,1.552122241381601
Batch_3,0grcilhi,K08,env_hi_x,1.5,1.4999810964769296
Batch_3,0grcilhi,K08,env_hi_x,1.75,1.556006596757505
Batch_3,0grcilhi,K08,env_hi_x,2.0,1.5135675636889112
Batch_3,0grcilhi,K08,env_hi_x,2.25,1.4800500774461876
Batch_3,0grcilhi,K08,env_hi_x,2.5,1.5696500564064295
Batch_3,0grcilhi,K08,env_hi_x,2.75,1.5502402649590266
Batch_3,0grcilhi,K08,env_hi_x,3.0,1.5452676691273481
Batch_3,0grcilhi,K08,env_hi_x,3.25,1.5544289668016826
Batch_3,0grcilhi,K08,env_hi_x,3.5,1.6483894976035542
Batch_3,0grcilhi,K08,env_hi_x,3.75,1.4556531672608768
Batch_3,0grcilhi,K08,env_hi_x,4.0,1.5375025864443759
Batch_3,0grcilhi,K08,env_hi_x,4.25,1.380161921130768
Batch_3,0grcilhi,K08,env_hi_x,4.5,1.5499215357193776
Batch_3,0grcilhi,K08,env_hi_x,4.75,1.4052336967812322
Batch_3,0grcilhi,K08,env_hi_x,5.0,1.5193008036697457
Batch_3,0grcilhi,K08,env_hi_x,5.25,1.4753583428653971
Batch_3,0grcilhi,K08,env_hi_x,5.5,1.4734046134007412
Batch_3,0grcilhi,K08,env_hi_x,5.75,1.6280190942130277
Batch_3,0grcilhi,K08,env_hi_x,6.0,1.4677499001526666
Batch_3,0grcilhi,K08,env_hi_x,6.25,1.4295851640468769
Batch_3,0grcilhi,K08,env_hi_x,6.5,1.494092905107675
Batch_3,0grcilhi,K08,env_hi_x,6.75,1.4207673285162792
Batch_3,0grcilhi,K08,env_hi_x,7.0,1.4835874315537965
Batch_3,0grcilhi,K08,env_hi_x,7.25,1.4991746178125032
Batch_3,0grcilhi,K08,env_hi_x,7.5,1.484907322823445
Batch_3,0grcilhi,K08,env_hi_x,7.75,1.4350401520691078
Batch_3,0grcilhi,K08,env_hi_x,8.0,1.3999702161263738
Batch_3,0grcilhi,K08,env_hi_x,8.25,1.4900923182306889
Batch_3,0grcilhi,K08,env_hi_x,8.5,1.4348253946417817
Batch_3,0grcilhi,K08,env_hi_x,8.75,1.4642220956956808
Batch_3,0grcilhi,K08,env_hi_x,9.0,1.4416199465031052
Batch_3,0grcilhi,K08,env_hi_x,9.25,1.5194324390529308
Batch_3,0grcilhi,K08,env_hi_x,9.5,1.5573388028660249
Batch_3,0grcilhi,K08,env_hi_x,9.75,1.453282655900245
Batch_3,0grcilhi,K08,env_hi_x,10.0,1.4648583080175073
Batch_3,0grcilhi,K08,g_obs_z,0.25,0.16275009712339733
Batch_3,0grcilhi,K08,g_obs_z,0.5,0.5197833261747685
Batch_3,0grcilhi,K08,g_obs_z,0.75,0.6117798750569181
Batch_3,0grcilhi,K08,g_obs_z,1.0,0.7957175595627066
Batch_3,0grcilhi,K08,g_obs_z,1.25,0.8083244201623982
Batch_3,0grcilhi,K08,g_obs_z,1.5,0.3284775382446861
Batch_3,0grcilhi,K08,g_obs_z,1.75,0.23305059153824448
Batch_3,0grcilhi,K08,g_obs_z,2.0,0.6448015257362313
Batch_3,0grcilhi,K08,g_obs_z,2.25,0.5603655318653543
Batch_3,0grcilhi,K08,g_obs_z,2.5,0.4282190477689966
Batch_3,0grcilhi,K08,g_obs_z,2.75,0.6830567902626719
Batch_3,0grcilhi,K08,g_obs_z,3.0,0.5771628154671186
Batch_3,0grcilhi,K08,g_obs_z,3.25,0.47111990725235525
Batch_3,0grcilhi,K08,g_obs_z,3.5,0.6272597591014644
Batch_3,0grcilhi,K08,g_obs_z,3.75,0.20404136700494807
Batch_3,0grcilhi,K08,g_obs_z,4.0,0.14443777430336346
Batch_3,0grcilhi,K08,g_obs_z,4.25,0.3938654551894596
Batch_3,0grcilhi,K08,g_obs_z,4.5,0.5015741752661578
Batch_3,0grcilhi,K08,g_obs_z,4.75,0.2271049431999147
Batch_3,0grcilhi,K08,g_obs_z,5.0,0.19007396053042888
Batch_3,0grcilhi,K08,g_obs_z,5.25,0.3489255186275293
Batch_3,0grcilhi,K08,g_obs_z,5.5,0.5093304117795923
Batch_3,0grcilhi,K08,g_obs_z,5.75,0.4914891073824372
Batch_3,0grcilhi,K08,g_obs_z,6.0,0.6965515103462833
Batch_3,0grcilhi,K08,g_obs_z,6.25,0.746675619233511
Batch_3,0grcilhi,K08,g_obs_z,6.5,0.44883200127870937
Batch_3,0grcilhi,K08,g_obs_z,6.75,0.561929372505294
Batch_3,0grcilhi,K08,g_obs_z,7.0,0.6577573985930104
Batch_3,0grcilhi,K08,g_obs_z,7.25,0.5726937146781541
Batch_3,0grcilhi,K08,g_obs_z,7.5,0.7126316689933916
Batch_3,0grcilhi,K08,g_obs_z,7.75,1.0274967046198225
Batch_3,0grcilhi,K08,g_obs_z,8.0,0.9481199088851702
Batch_3,0grcilhi,K08,g_obs_z,8.25,0.5818439951992213
Batch_3,0grcilhi,K08,g_obs_z,8.5,0.7412156551726811
Batch_3,0grcilhi,K08,g_obs_z,8.75,0.780371617754217
Batch_3,0grcilhi,K08,g_obs_z,9.0,0.7459417644379966
Batch_3,0grcilhi,K08,g_obs_z,9.25,0.6261846892784818
Batch_3,0grcilhi,K08,g_obs_z,9.5,0.7190076935250722
Batch_3,0grcilhi,K08,g_obs_z,9.75,0.8913528224038245
Batch_3,0grcilhi,K08,g_obs_z,10.0,0.9112826904622547
Batch_3,0grcilhi,K08,env_lo_z,0.25,0.2589859930218485
Batch_3,0grcilhi,K08,env_lo_z,0.5,0.4230883264673463
Batch_3,0grcilhi,K08,env_lo_z,0.75,0.45907257033948484
Batch_3,0grcilhi,K08,env_lo_z,1.0,0.5251614176196727
Batch_3,0grcilhi,K08,env_lo_z,1.25,0.5136633579065415
Batch_3,0grcilhi,K08,env_lo_z,1.5,0.46845062152334505
Batch_3,0grcilhi,K08,env_lo_z,1.75,0.4570997992012598
Batch_3,0grcilhi,K08,env_lo_z,2.0,0.49145312709500333
Batch_3,0grcilhi,K08,env_lo_z,2.25,0.4810701504399697
Batch_3,0grcilhi,K08,env_lo_z,2.5,0.46382505819480124
Batch_3,0grcilhi,K08,env_lo_z,2.75,0.490405055524446
Batch_3,0grcilhi,K08,env_lo_z,3.0,0.45915747508411714
Batch_3,0grcilhi,K08,env_lo_z,3.25,0.3792462136574018
Batch_3,0grcilhi,K08,env_lo_z,3.5,0.3962365905349387
Batch_3,0grcilhi,K08,env_lo_z,3.75,0.4902968020999585
Batch_3,0grcilhi,K08,env_lo_z,4.0,0.49159207761098594
Batch_3,0grcilhi,K08,env_lo_z,4.25,0.46057625395703217
Batch_3,0grcilhi,K08,env_lo_z,4.5,0.5251631925420067
Batch_3,0grcilhi,K08,env_lo_z,4.75,0.3700782070057754
Batch_3,0grcilhi,K08,env_lo_z,5.0,0.4957951961025026
Batch_3,0grcilhi,K08,env_lo_z,5.25,0.4733034566556199
Batch_3,0grcilhi,K08,env_lo_z,5.5,0.4210408802383066
Batch_3,0grcilhi,K08,env_lo_z,5.75,0.4564321206873572
Batch_3,0grcilhi,K08,env_lo_z,6.0,0.43095209169822996
Batch_3,0grcilhi,K08,env_lo_z,6.25,0.49933860632284904
Batch_3,0grcilhi,K08,env_lo_z,6.5,0.47804534479784216
Batch_3,0grcilhi,K08,env_lo_z,6.75,0.5110842702731788
Batch_3,0grcilhi,K08,env_lo_z,7.0,0.5499807694040826
Batch_3,0grcilhi,K08,env_lo_z,7.25,0.5170000166647453
Batch_3,0grcilhi,K08,env_lo_z,7.5,0.5021687413326427
Batch_3,0grcilhi,K08,env_lo_z,7.75,0.5660028781274817
Batch_3,0grcilhi,K08,env_lo_z,8.0,0.5203272917210906
Batch_3,0grcilhi,K08,env_lo_z,8.25,0.5977148260754774
Batch_3,0grcilhi,K08,env_lo_z,8.5,0.5692988679067387
Batch_3,0grcilhi,K08,env_lo_z,8.75,0.5299890314695433
Batch_3,0grcilhi,K08,env_lo_z,9.0,0.5364090963772855
Batch_3,0grcilhi,K08,env_lo_z,9.25,0.5754073509744412
Batch_3,0grcilhi,K08,env_lo_z,9.5,0.5906916729682751
Batch_3,0grcilhi,K08,env_lo_z,9.75,0.5463537824355224
Batch_3,0grcilhi,K08,env_lo_z,10.0,0.5871673064262213
Batch_3,0grcilhi,K08,env_hi_z,0.25,1.951432667049007
Batch_3,0grcilhi,K08,env_hi_z,0.5,1.624269618772104
Batch_3,0grcilhi,K08,env_hi_z,0.75,1.7309699894609403
Batch_3,0grcilhi,K08,env_hi_z,1.0,1.522973443651712
Batch_3,0grcilhi,K08,env_hi_z,1.25,1.5412292217100605
Batch_3,0grcilhi,K08,env_hi_z,1.5,1.6024423565321266
Batch_3,0grcilhi,K08,env_hi_z,1.75,1.6120160878885184
Batch_3,0grcilhi,K08,env_hi_z,2.0,1.5977338496516356
Batch_3,0grcilhi,K08,env_hi_z,2.25,1.5963870702296252
Batch_3,0grcilhi,K08,env_hi_z,2.5,1.6724823065346177
Batch_3,0grcilhi,K08,env_hi_z,2.75,1.7266339053765811
Batch_3,0grcilhi,K08,env_hi_z,3.0,1.7631532880590115
Batch_3,0grcilhi,K08,env_hi_z,3.25,1.6692147033018996
Batch_3,0grcilhi,K08,env_hi_z,3.5,1.750704119211053
Batch_3,0grcilhi,K08,env_hi_z,3.75,1.6009822550458517
Batch_3,0grcilhi,K08,env_hi_z,4.0,1.5935472532658752
Batch_3,0grcilhi,K08,env_hi_z,4.25,1.6687962629354203
Batch_3,0grcilhi,K08,env_hi_z,4.5,1.5687519348974237
Batch_3,0grcilhi,K08,env_hi_z,4.75,1.6658773354205143
Batch_3,0grcilhi,K08,env_hi_z,5.0,1.6674199095964242
Batch_3,0grcilhi,K08,env_hi_z,5.25,1.6224361711353807
Batch_3,0grcilhi,K08,env_hi_z,5.5,1.598059286207129
Batch_3,0grcilhi,K08,env_hi_z,5.75,1.6829689078733239
Batch_3,0grcilhi,K08,env_hi_z,6.0,1.5556013555740966
Batch_3,0grcilhi,K08,env_hi_z,6.25,1.578986996461151
Batch_3,0grcilhi,K08,env_hi_z,6.5,1.4828569424690803
Batch_3,0grcilhi,K08,env_hi_z,6.75,1.7323067177555627
Batch_3,0grcilhi,K08,env_hi_z,7.0,1.703651412494394
Batch_3,0grcilhi,K08,env_hi_z,7.25,1.5431506437990525
Batch_3,0grcilhi,K08,env_hi_z,7.5,1.555536533290723
Batch_3,0grcilhi,K08,env_hi_z,7.75,1.4780985623674734
Batch_3,0grcilhi,K08,env_hi_z,8.0,1.5195849802956607
Batch_3,0grcilhi,K08,env_hi_z,8.25,1.5550822551373382
Batch_3,0grcilhi,K08,env_hi_z,8.5,1.592696960301716
Batch_3,0grcilhi,K08,env_hi_z,8.75,1.6582157485285587
Batch_3,0grcilhi,K08,env_hi_z,9.0,1.6454962000312783
Batch_3,0grcilhi,K08,env_hi_z,9.25,1.5008134795460646
Batch_3,0grcilhi,K08,env_hi_z,9.5,1.4327393566789692
Batch_3,0grcilhi,K08,env_hi_z,9.75,1.4606044708293981
Batch_3,0grcilhi,K08,env_hi_z,10.0,1.3677806016031235
Batch_3,0grcilhi,K10,cv,1.0,3.494326263389003
Batch_3,0grcilhi,K10,cv,2.0,3.0510967450733437
Batch_3,0grcilhi,K10,cv,5.0,2.1118365703549875
Batch_3,0grcilhi,K10,cv,10.0,1.3428125185191084
Batch_3,0grcilhi,K10,cv,20.0,0.6478608126855008
Batch_3,0grcilhi,K12,band_si_frac,0.0,0.07981897037152408
Batch_3,0grcilhi,K12,band_si_frac,1.0,0.08072351947476249
Batch_3,0grcilhi,K12,band_si_frac,2.0,0.05270534746477177
Batch_3,0grcilhi,K12,band_si_frac,3.0,0.036811525715358936
Batch_3,0grcilhi,K12,band_si_frac,4.0,0.020079550992815255
Batch_3,0grcilhi,K13,column_si_frac,5.0,0.02369747899159664
Batch_3,0grcilhi,K13,column_si_frac,15.0,0.058251050420168066
Batch_3,0grcilhi,K13,column_si_frac,25.0,0.15595588235294117
Batch_3,0grcilhi,K13,column_si_frac,35.0,0.05619747899159664
Batch_3,0grcilhi,K13,column_si_frac,45.0,0.06607760889328379
Batch_3,0grcilhi,K13,column_si_frac,55.0,0.07206970100724316
Batch_3,0grcilhi,K13,column_si_frac,65.0,0.0785110039175383
Batch_3,0grcilhi,K13,column_si_frac,75.0,0.043333555585189136
Batch_3,0grcilhi,K13,column_si_frac,85.0,0.09454574408790509
Batch_3,0grcilhi,K13,column_si_frac,95.0,0.02227941176470588
Batch_3,0grcilhi,K13,column_si_frac,105.0,0.052794117647058825
Batch_3,0grcilhi,K13,column_si_frac,115.0,0.03089810924369748
Batch_3,0grcilhi,K13,column_si_frac,125.0,0.008182773109243698
Batch_3,0grcilhi,K13,column_si_frac,135.0,0.02307247899159664
Batch_3,0grcilhi,K13,column_si_frac,145.0,0.03366596638655462
Batch_3,0grcilhi,K13,column_si_frac,155.0,0.03007878151260504
Batch_3,0grcilhi,K13,column_si_frac,165.0,0.04574579831932773
Batch_3,0grcilhi,D01,band_graphite_frac,0.0,0.867017803443277
Batch_3,0grcilhi,D01,band_graphite_frac,1.0,0.8603175506487594
Batch_3,0grcilhi,D01,band_graphite_frac,2.0,0.9033993737203421
Batch_3,0grcilhi,D01,band_graphite_frac,3.0,0.9141861375406479
Batch_3,0grcilhi,D01,band_graphite_frac,4.0,0.8731151391063471
Batch_3,0grcilhi,D04,band_pore_frac,0.0,0.04279984904213641
Batch_3,0grcilhi,D04,band_pore_frac,1.0,0.05140354870787257
Batch_3,0grcilhi,D04,band_pore_frac,2.0,0.03792153438516199
Batch_3,0grcilhi,D04,band_pore_frac,3.0,0.03809593049673749
Batch_3,0grcilhi,D04,band_pore_frac,4.0,0.058919615765560394
Batch_3,71vgq3fw,K08,g_obs_x,0.25,0.0
Batch_3,71vgq3fw,K08,g_obs_x,0.5,0.16416625292527243
Batch_3,71vgq3fw,K08,g_obs_x,0.75,0.8035016509621812
Batch_3,71vgq3fw,K08,g_obs_x,1.0,0.6069641932428744
Batch_3,71vgq3fw,K08,g_obs_x,1.25,0.4785598433812341
Batch_3,71vgq3fw,K08,g_obs_x,1.5,0.5547606207171226
Batch_3,71vgq3fw,K08,g_obs_x,1.75,0.35342784924798176
Batch_3,71vgq3fw,K08,g_obs_x,2.0,0.3361721884163253
Batch_3,71vgq3fw,K08,g_obs_x,2.25,0.3492552362460806
Batch_3,71vgq3fw,K08,g_obs_x,2.5,0.3613714829946346
Batch_3,71vgq3fw,K08,g_obs_x,2.75,0.6912088680063754
Batch_3,71vgq3fw,K08,g_obs_x,3.0,0.5870267991882429
Batch_3,71vgq3fw,K08,g_obs_x,3.25,0.23833618258824588
Batch_3,71vgq3fw,K08,g_obs_x,3.5,0.521799485853922
Batch_3,71vgq3fw,K08,g_obs_x,3.75,0.5360764406345159
Batch_3,71vgq3fw,K08,g_obs_x,4.0,0.4446510362263888
Batch_3,71vgq3fw,K08,g_obs_x,4.25,0.7330740215461559
Batch_3,71vgq3fw,K08,g_obs_x,4.5,0.8067405245138263
Batch_3,71vgq3fw,K08,g_obs_x,4.75,0.7298829119926821
Batch_3,71vgq3fw,K08,g_obs_x,5.0,0.6453283113284715
Batch_3,71vgq3fw,K08,g_obs_x,5.25,0.45931845639359176
Batch_3,71vgq3fw,K08,g_obs_x,5.5,0.46099859584125563
Batch_3,71vgq3fw,K08,g_obs_x,5.75,0.5669598002761821
Batch_3,71vgq3fw,K08,g_obs_x,6.0,0.8283323306638586
Batch_3,71vgq3fw,K08,g_obs_x,6.25,0.878215446514334
Batch_3,71vgq3fw,K08,g_obs_x,6.5,0.7108489868134902
Batch_3,71vgq3fw,K08,g_obs_x,6.75,0.8170762684277256
Batch_3,71vgq3fw,K08,g_obs_x,7.0,0.9176108156966173
Batch_3,71vgq3fw,K08,g_obs_x,7.25,0.8677561149136506
Batch_3,71vgq3fw,K08,g_obs_x,7.5,0.9090658982673812
Batch_3,71vgq3fw,K08,g_obs_x,7.75,0.9763161468393012
Batch_3,71vgq3fw,K08,g_obs_x,8.0,0.8988834310639636
Batch_3,71vgq3fw,K08,g_obs_x,8.25,1.2212106073731572
Batch_3,71vgq3fw,K08,g_obs_x,8.5,1.4002594091198142
Batch_3,71vgq3fw,K08,g_obs_x,8.75,0.9666784201490612
Batch_3,71vgq3fw,K08,g_obs_x,9.0,0.9665761235090213
Batch_3,71vgq3fw,K08,g_obs_x,9.25,1.2224341974189998
Batch_3,71vgq3fw,K08,g_obs_x,9.5,1.0410479342547692
Batch_3,71vgq3fw,K08,g_obs_x,9.75,0.8974255230355939
Batch_3,71vgq3fw,K08,g_obs_x,10.0,0.5889114302425769
Batch_3,71vgq3fw,K08,env_lo_x,0.25,0.4812792289963214
Batch_3,71vgq3fw,K08,env_lo_x,0.5,0.48483885855768827
Batch_3,71vgq3fw,K08,env_lo_x,0.75,0.6432821270833846
Batch_3,71vgq3fw,K08,env_lo_x,1.0,0.6301529307354365
Batch_3,71vgq3fw,K08,env_lo_x,1.25,0.5516655917073378
Batch_3,71vgq3fw,K08,env_lo_x,1.5,0.5736073283814627
Batch_3,71vgq3fw,K08,env_lo_x,1.75,0.6475894979878979
Batch_3,71vgq3fw,K08,env_lo_x,2.0,0.6527695333952892
Batch_3,71vgq3fw,K08,env_lo_x,2.25,0.609901969115954
Batch_3,71vgq3fw,K08,env_lo_x,2.5,0.6214695036975441
Batch_3,71vgq3fw,K08,env_lo_x,2.75,0.6445642649264363
Batch_3,71vgq3fw,K08,env_lo_x,3.0,0.6538043403884676
Batch_3,71vgq3fw,K08,env_lo_x,3.25,0.6296994349607303
Batch_3,71vgq3fw,K08,env_lo_x,3.5,0.6382336927021149
Batch_3,71vgq3fw,K08,env_lo_x,3.75,0.6490435682763175
Batch_3,71vgq3fw,K08,env_lo_x,4.0,0.6187689919295991
Batch_3,71vgq3fw,K08,env_lo_x,4.25,0.6247427124380878
Batch_3,71vgq3fw,K08,env_lo_x,4.5,0.6656558439779087
Batch_3,71vgq3fw,K08,env_lo_x,4.75,0.6090820984465597
Batch_3,71vgq3fw,K08,env_lo_x,5.0,0.6578801824028138
Batch_3,71vgq3fw,K08,env_lo_x,5.25,0.7063307241728888
Batch_3,71vgq3fw,K08,env_lo_x,5.5,0.6133180906865277
Batch_3,71vgq3fw,K08,env_lo_x,5.75,0.674413944526815
Batch_3,71vgq3fw,K08,env_lo_x,6.0,0.641937236861996
Batch_3,71vgq3fw,K08,env_lo_x,6.25,0.5886319372948565
Batch_3,71vgq3fw,K08,env_lo_x,6.5,0.6652717256859141
Batch_3,71vgq3fw,K08,env_lo_x,6.75,0.6028092462580528
Batch_3,71vgq3fw,K08,env_lo_x,7.0,0.618807524899879
Batch_3,71vgq3fw,K08,env_lo_x,7.25,0.7005924358586179
Batch_3,71vgq3fw,K08,env_lo_x,7.5,0.6535292693019039
Batch_3,71vgq3fw,K08,env_lo_x,7.75,0.622425744467153
Batch_3,71vgq3fw,K08,env_lo_x,8.0,0.6153254998787382
Batch_3,71vgq3fw,K08,env_lo_x,8.25,0.6303106962499941
Batch_3,71vgq3fw,K08,env_lo_x,8.5,0.6457952261225346
Batch_3,71vgq3fw,K08,env_lo_x,8.75,0.7076451734900154
Batch_3,71vgq3fw,K08,env_lo_x,9.0,0.6505274421037787
Batch_3,71vgq3fw,K08,env_lo_x,9.25,0.6675331324929494
Batch_3,71vgq3fw,K08,env_lo_x,9.5,0.6410613104734905
Batch_3,71vgq3fw,K08,env_lo_x,9.75,0.6772919512007802
Batch_3,71vgq3fw,K08,env_lo_x,10.0,0.6737786183164313
Batch_3,71vgq3fw,K08,env_hi_x,0.25,1.8101378019098284
Batch_3,71vgq3fw,K08,env_hi_x,0.5,1.487273450901755
Batch_3,71vgq3fw,K08,env_hi_x,0.75,1.4504097230486892
Batch_3,71vgq3fw,K08,env_hi_x,1.0,1.4909445912272499
Batch_3,71vgq3fw,K08,env_hi_x,1.25,1.4264561761825962
Batch_3,71vgq3fw,K08,env_hi_x,1.5,1.403992085653631
Batch_3,71vgq3fw,K08,env_hi_x,1.75,1.3579048511732723
Batch_3,71vgq3fw,K08,env_hi_x,2.0,1.390643382812945
Batch_3,71vgq3fw,K08,env_hi_x,2.25,1.4383804462245102
Batch_3,71vgq3fw,K08,env_hi_x,2.5,1.444052822163376
Batch_3,71vgq3fw,K08,env_hi_x,2.75,1.40740741958399
Batch_3,71vgq3fw,K08,env_hi_x,3.0,1.3841905497225853
Batch_3,71vgq3fw,K08,env_hi_x,3.25,1.494006678850144
Batch_3,71vgq3fw,K08,env_hi_x,3.5,1.4026987638167363
Batch_3,71vgq3fw,K08,env_hi_x,3.75,1.4383052721314091
Batch_3,71vgq3fw,K08,env_hi_x,4.0,1.4111220376542515
Batch_3,71vgq3fw,K08,env_hi_x,4.25,1.4209677250269295
Batch_3,71vgq3fw,K08,env_hi_x,4.5,1.4543838330345553
Batch_3,71vgq3fw,K08,env_hi_x,4.75,1.4113106900478343
Batch_3,71vgq3fw,K08,env_hi_x,5.0,1.4488521236407699
Batch_3,71vgq3fw,K08,env_hi_x,5.25,1.381846959195372
Batch_3,71vgq3fw,K08,env_hi_x,5.5,1.4490857668948642
Batch_3,71vgq3fw,K08,env_hi_x,5.75,1.4744950712834004
Batch_3,71vgq3fw,K08,env_hi_x,6.0,1.3960234738592086
Batch_3,71vgq3fw,K08,env_hi_x,6.25,1.3565118527411364
Batch_3,71vgq3fw,K08,env_hi_x,6.5,1.390584273877203
Batch_3,71vgq3fw,K08,env_hi_x,6.75,1.4988777654613625
Batch_3,71vgq3fw,K08,env_hi_x,7.0,1.4398453181432886
Batch_3,71vgq3fw,K08,env_hi_x,7.25,1.358624615677309
Batch_3,71vgq3fw,K08,env_hi_x,7.5,1.3631347886625287
Batch_3,71vgq3fw,K08,env_hi_x,7.75,1.3886123619715212
Batch_3,71vgq3fw,K08,env_hi_x,8.0,1.4740138702143113
Batch_3,71vgq3fw,K08,env_hi_x,8.25,1.3746297468946043
Batch_3,71vgq3fw,K08,env_hi_x,8.5,1.3985358648178563
Batch_3,71vgq3fw,K08,env_hi_x,8.75,1.4184883339296253
Batch_3,71vgq3fw,K08,env_hi_x,9.0,1.4526956614759972
Batch_3,71vgq3fw,K08,env_hi_x,9.25,1.4300637537338212
Batch_3,71vgq3fw,K08,env_hi_x,9.5,1.4324402616108562
Batch_3,71vgq3fw,K08,env_hi_x,9.75,1.3753815242153817
Batch_3,71vgq3fw,K08,env_hi_x,10.0,1.4015348964974506
Batch_3,71vgq3fw,K08,g_obs_z,0.25,0.0
Batch_3,71vgq3fw,K08,g_obs_z,0.5,0.016397615575887488
Batch_3,71vgq3fw,K08,g_obs_z,0.75,0.5062254699872921
Batch_3,71vgq3fw,K08,g_obs_z,1.0,0.5775364236256171
Batch_3,71vgq3fw,K08,g_obs_z,1.25,0.3429605143117717
Batch_3,71vgq3fw,K08,g_obs_z,1.5,0.4346724498636293
Batch_3,71vgq3fw,K08,g_obs_z,1.75,0.32938399609318875
Batch_3,71vgq3fw,K08,g_obs_z,2.0,0.44080231613143306
Batch_3,71vgq3fw,K08,g_obs_z,2.25,0.32984265097089016
Batch_3,71vgq3fw,K08,g_obs_z,2.5,0.4509102516730726
Batch_3,71vgq3fw,K08,g_obs_z,2.75,0.40629403108253187
Batch_3,71vgq3fw,K08,g_obs_z,3.0,0.4400746261161388
Batch_3,71vgq3fw,K08,g_obs_z,3.25,0.40540772259057756
Batch_3,71vgq3fw,K08,g_obs_z,3.5,0.4710963545334153
Batch_3,71vgq3fw,K08,g_obs_z,3.75,0.7996293275219575
Batch_3,71vgq3fw,K08,g_obs_z,4.0,1.0132253199408376
Batch_3,71vgq3fw,K08,g_obs_z,4.25,0.7295412504935833
Batch_3,71vgq3fw,K08,g_obs_z,4.5,0.6675019481287362
Batch_3,71vgq3fw,K08,g_obs_z,4.75,0.9744729891955615
Batch_3,71vgq3fw,K08,g_obs_z,5.0,0.9125339459111633
Batch_3,71vgq3fw,K08,g_obs_z,5.25,1.0471200996514738
Batch_3,71vgq3fw,K08,g_obs_z,5.5,1.150932129164444
Batch_3,71vgq3fw,K08,g_obs_z,5.75,0.8606551397869047
Batch_3,71vgq3fw,K08,g_obs_z,6.0,0.6800691882914223
Batch_3,71vgq3fw,K08,g_obs_z,6.25,0.5232235609865008
Batch_3,71vgq3fw,K08,g_obs_z,6.5,0.7349767731393365
Batch_3,71vgq3fw,K08,g_obs_z,6.75,1.0552026039957862
Batch_3,71vgq3fw,K08,g_obs_z,7.0,1.120397517834644
Batch_3,71vgq3fw,K08,g_obs_z,7.25,0.8468714696352092
Batch_3,71vgq3fw,K08,g_obs_z,7.5,0.5713256911705942
Batch_3,71vgq3fw,K08,g_obs_z,7.75,0.6724853621439438
Batch_3,71vgq3fw,K08,g_obs_z,8.0,1.0408238549243176
Batch_3,71vgq3fw,K08,g_obs_z,8.25,1.060935296095064
Batch_3,71vgq3fw,K08,g_obs_z,8.5,0.81598960239086
Batch_3,71vgq3fw,K08,g_obs_z,8.75,0.7042867268143215
Batch_3,71vgq3fw,K08,g_obs_z,9.0,0.6892917973206525
Batch_3,71vgq3fw,K08,g_obs_z,9.25,0.6076385609995594
Batch_3,71vgq3fw,K08,g_obs_z,9.5,0.649268522520916
Batch_3,71vgq3fw,K08,g_obs_z,9.75,0.7192660946798208
Batch_3,71vgq3fw,K08,g_obs_z,10.0,0.7739279903885304
Batch_3,71vgq3fw,K08,env_lo_z,0.25,0.4358177112932185
Batch_3,71vgq3fw,K08,env_lo_z,0.5,0.5445410969259897
Batch_3,71vgq3fw,K08,env_lo_z,0.75,0.5695275645420865
Batch_3,71vgq3fw,K08,env_lo_z,1.0,0.5382288619758873
Batch_3,71vgq3fw,K08,env_lo_z,1.25,0.5954484190684133
Batch_3,71vgq3fw,K08,env_lo_z,1.5,0.6086795057100687
Batch_3,71vgq3fw,K08,env_lo_z,1.75,0.6084384140831338
Batch_3,71vgq3fw,K08,env_lo_z,2.0,0.5688936867730244
Batch_3,71vgq3fw,K08,env_lo_z,2.25,0.5454092154618807
Batch_3,71vgq3fw,K08,env_lo_z,2.5,0.551801715407394
Batch_3,71vgq3fw,K08,env_lo_z,2.75,0.6230484617101162
Batch_3,71vgq3fw,K08,env_lo_z,3.0,0.5695854456014431
Batch_3,71vgq3fw,K08,env_lo_z,3.25,0.6771463929440565
Batch_3,71vgq3fw,K08,env_lo_z,3.5,0.6049816066589063
Batch_3,71vgq3fw,K08,env_lo_z,3.75,0.6674992915377297
Batch_3,71vgq3fw,K08,env_lo_z,4.0,0.5662314096468332
Batch_3,71vgq3fw,K08,env_lo_z,4.25,0.5542784588600375
Batch_3,71vgq3fw,K08,env_lo_z,4.5,0.5290754860716341
Batch_3,71vgq3fw,K08,env_lo_z,4.75,0.5596006480633922
Batch_3,71vgq3fw,K08,env_lo_z,5.0,0.5835087338810201
Batch_3,71vgq3fw,K08,env_lo_z,5.25,0.5987633594497443
Batch_3,71vgq3fw,K08,env_lo_z,5.5,0.6298025335694977
Batch_3,71vgq3fw,K08,env_lo_z,5.75,0.605690313072183
Batch_3,71vgq3fw,K08,env_lo_z,6.0,0.6171217826013695
Batch_3,71vgq3fw,K08,env_lo_z,6.25,0.6769643241573838
Batch_3,71vgq3fw,K08,env_lo_z,6.5,0.6426477154590459
Batch_3,71vgq3fw,K08,env_lo_z,6.75,0.6437503654764836
Batch_3,71vgq3fw,K08,env_lo_z,7.0,0.6322800525471782
Batch_3,71vgq3fw,K08,env_lo_z,7.25,0.6618924648059138
Batch_3,71vgq3fw,K08,env_lo_z,7.5,0.618758575694915
Batch_3,71vgq3fw,K08,env_lo_z,7.75,0.5848059007162622
Batch_3,71vgq3fw,K08,env_lo_z,8.0,0.6504576725242487
Batch_3,71vgq3fw,K08,env_lo_z,8.25,0.6651138090963916
Batch_3,71vgq3fw,K08,env_lo_z,8.5,0.6619503324766284
Batch_3,71vgq3fw,K08,env_lo_z,8.75,0.6168691996180784
Batch_3,71vgq3fw,K08,env_lo_z,9.0,0.5673851456371553
Batch_3,71vgq3fw,K08,env_lo_z,9.25,0.587784890534271
Batch_3,71vgq3fw,K08,env_lo_z,9.5,0.6285297221976295
Batch_3,71vgq3fw,K08,env_lo_z,9.75,0.6379645241959486
Batch_3,71vgq3fw,K08,env_lo_z,10.0,0.7213873004042469
Batch_3,71vgq3fw,K08,env_hi_z,0.25,1.660906671931249
Batch_3,71vgq3fw,K08,env_hi_z,0.5,1.558427847502747
Batch_3,71vgq3fw,K08,env_hi_z,0.75,1.6136145349729492
Batch_3,71vgq3fw,K08,env_hi_z,1.0,1.4327011913556336
Batch_3,71vgq3fw,K08,env_hi_z,1.25,1.530430507507032
Batch_3,71vgq3fw,K08,env_hi_z,1.5,1.4986538385800503
Batch_3,71vgq3fw,K08,env_hi_z,1.75,1.4407916886501777
Batch_3,71vgq3fw,K08,env_hi_z,2.0,1.507461687521098
Batch_3,71vgq3fw,K08,env_hi_z,2.25,1.537782614931022
Batch_3,71vgq3fw,K08,env_hi_z,2.5,1.4467281855326584
Batch_3,71vgq3fw,K08,env_hi_z,2.75,1.4809176321777322
Batch_3,71vgq3fw,K08,env_hi_z,3.0,1.5312810956349103
Batch_3,71vgq3fw,K08,env_hi_z,3.25,1.559739805190418
Batch_3,71vgq3fw,K08,env_hi_z,3.5,1.5221552821937308
Batch_3,71vgq3fw,K08,env_hi_z,3.75,1.439736682632762
Batch_3,71vgq3fw,K08,env_hi_z,4.0,1.494724110896235
Batch_3,71vgq3fw,K08,env_hi_z,4.25,1.4354999154175598
Batch_3,71vgq3fw,K08,env_hi_z,4.5,1.401725048593088
Batch_3,71vgq3fw,K08,env_hi_z,4.75,1.5403464628139718
Batch_3,71vgq3fw,K08,env_hi_z,5.0,1.520781410608332
Batch_3,71vgq3fw,K08,env_hi_z,5.25,1.3937215002388954
Batch_3,71vgq3fw,K08,env_hi_z,5.5,1.3842260763298913
Batch_3,71vgq3fw,K08,env_hi_z,5.75,1.4761025006167434
Batch_3,71vgq3fw,K08,env_hi_z,6.0,1.5417779961672244
Batch_3,71vgq3fw,K08,env_hi_z,6.25,1.4408840501423708
Batch_3,71vgq3fw,K08,env_hi_z,6.5,1.3662359520439797
Batch_3,71vgq3fw,K08,env_hi_z,6.75,1.4267231642949292
Batch_3,71vgq3fw,K08,env_hi_z,7.0,1.4405877640403935
Batch_3,71vgq3fw,K08,env_hi_z,7.25,1.438619034311082
Batch_3,71vgq3fw,K08,env_hi_z,7.5,1.3901595809683862
Batch_3,71vgq3fw,K08,env_hi_z,7.75,1.4355483649172733
Batch_3,71vgq3fw,K08,env_hi_z,8.0,1.4384794995401278
Batch_3,71vgq3fw,K08,env_hi_z,8.25,1.3350527274307
Batch_3,71vgq3fw,K08,env_hi_z,8.5,1.4310470968282594
Batch_3,71vgq3fw,K08,env_hi_z,8.75,1.5712101054094492
Batch_3,71vgq3fw,K08,env_hi_z,9.0,1.4472525611524725
Batch_3,71vgq3fw,K08,env_hi_z,9.25,1.3978082215756351
Batch_3,71vgq3fw,K08,env_hi_z,9.5,1.4086257664810213
Batch_3,71vgq3fw,K08,env_hi_z,9.75,1.492096186226013
Batch_3,71vgq3fw,K08,env_hi_z,10.0,1.3296233680515552
Batch_3,71vgq3fw,K10,cv,1.0,3.11963714606007
Batch_3,71vgq3fw,K10,cv,2.0,2.7219194567086498
Batch_3,71vgq3fw,K10,cv,5.0,1.9223138095810308
Batch_3,71vgq3fw,K10,cv,10.0,1.2045201097958183
Batch_3,71vgq3fw,K10,cv,20.0,0.46784784642724425
Batch_3,71vgq3fw,K12,band_si_frac,0.0,0.05432838639443691
Batch_3,71vgq3fw,K12,band_si_frac,1.0,0.08267701228588567
Batch_3,71vgq3fw,K12,band_si_frac,2.0,0.0945574415142965
Batch_3,71vgq3fw,K12,band_si_frac,3.0,0.052803759081113504
Batch_3,71vgq3fw,K12,band_si_frac,4.0,0.054608873386505524
Batch_3,71vgq3fw,K13,column_si_frac,5.0,0.05175728155339806
Batch_3,71vgq3fw,K13,column_si_frac,15.0,0.017072815533980584
Batch_3,71vgq3fw,K13,column_si_frac,25.0,0.051393203883495144
Batch_3,71vgq3fw,K13,column_si_frac,35.0,0.14266019417475728
Batch_3,71vgq3fw,K13,column_si_frac,45.0,0.07998058252427184
Batch_3,71vgq3fw,K13,column_si_frac,55.0,0.072
Batch_3,71vgq3fw,K13,column_si_frac,65.0,0.03620388349514563
Batch_3,71vgq3fw,K13,column_si_frac,75.0,0.11275728155339806
Batch_3,71vgq3fw,K13,column_si_frac,85.0,0.1635970873786408
Batch_3,71vgq3fw,K13,column_si_frac,95.0,0.08746601941747573
Batch_3,71vgq3fw,K13,column_si_frac,105.0,0.047888349514563104
Batch_3,71vgq3fw,K13,column_si_frac,115.0,0.046975728155339805
Batch_3,71vgq3fw,K13,column_si_frac,125.0,0.0634757281553398
Batch_3,71vgq3fw,K13,column_si_frac,135.0,0.05894660194174757
Batch_3,71vgq3fw,K13,column_si_frac,145.0,0.06533009708737864
Batch_3,71vgq3fw,K13,column_si_frac,155.0,0.05986893203883495
Batch_3,71vgq3fw,K13,column_si_frac,165.0,0.019286407766990293
Batch_3,71vgq3fw,D01,band_graphite_frac,0.0,0.9128407500388794
Batch_3,71vgq3fw,D01,band_graphite_frac,1.0,0.8698470929328387
Batch_3,71vgq3fw,D01,band_graphite_frac,2.0,0.8582138255093199
Batch_3,71vgq3fw,D01,band_graphite_frac,3.0,0.902648796960743
Batch_3,71vgq3fw,D01,band_graphite_frac,4.0,0.9070796583057474
Batch_3,71vgq3fw,D04,band_pore_frac,0.0,0.02547571704694408
Batch_3,71vgq3fw,D04,band_pore_frac,1.0,0.03796433094132545
Batch_3,71vgq3fw,D04,band_pore_frac,2.0,0.03655911888205105
Batch_3,71vgq3fw,D04,band_pore_frac,3.0,0.03918903157006065
Batch_3,71vgq3fw,D04,band_pore_frac,4.0,0.029122047943835952
Batch_3,9luzk4jm,K08,g_obs_x,0.25,0.2044370835456787
Batch_3,9luzk4jm,K08,g_obs_x,0.5,0.23973696444881887
Batch_3,9luzk4jm,K08,g_obs_x,0.75,0.19875548566242682
Batch_3,9luzk4jm,K08,g_obs_x,1.0,0.5221984522784245
Batch_3,9luzk4jm,K08,g_obs_x,1.25,0.9256430994436473
Batch_3,9luzk4jm,K08,g_obs_x,1.5,0.9716225940029873
Batch_3,9luzk4jm,K08,g_obs_x,1.75,0.6845957539783692
Batch_3,9luzk4jm,K08,g_obs_x,2.0,0.5302682775934755
Batch_3,9luzk4jm,K08,g_obs_x,2.25,0.5973357710973288
Batch_3,9luzk4jm,K08,g_obs_x,2.5,0.7609351588630358
Batch_3,9luzk4jm,K08,g_obs_x,2.75,0.9990780643033846
Batch_3,9luzk4jm,K08,g_obs_x,3.0,0.830221699758932
Batch_3,9luzk4jm,K08,g_obs_x,3.25,0.5749541145823758
Batch_3,9luzk4jm,K08,g_obs_x,3.5,0.7376686055312468
Batch_3,9luzk4jm,K08,g_obs_x,3.75,1.1305462666150816
Batch_3,9luzk4jm,K08,g_obs_x,4.0,1.3463555383302357
Batch_3,9luzk4jm,K08,g_obs_x,4.25,1.2231029551003465
Batch_3,9luzk4jm,K08,g_obs_x,4.5,0.921498979578332
Batch_3,9luzk4jm,K08,g_obs_x,4.75,0.9444201084495556
Batch_3,9luzk4jm,K08,g_obs_x,5.0,0.9817299605172579
Batch_3,9luzk4jm,K08,g_obs_x,5.25,1.5168481560568943
Batch_3,9luzk4jm,K08,g_obs_x,5.5,1.8027666502514805
Batch_3,9luzk4jm,K08,g_obs_x,5.75,1.5088371098587483
Batch_3,9luzk4jm,K08,g_obs_x,6.0,1.3393733782312063
Batch_3,9luzk4jm,K08,g_obs_x,6.25,1.5409809600266098
Batch_3,9luzk4jm,K08,g_obs_x,6.5,1.3025624798993005
Batch_3,9luzk4jm,K08,g_obs_x,6.75,1.195264487045597
Batch_3,9luzk4jm,K08,g_obs_x,7.0,1.0649122841422833
Batch_3,9luzk4jm,K08,g_obs_x,7.25,1.0534250876082367
Batch_3,9luzk4jm,K08,g_obs_x,7.5,1.1582546596102568
Batch_3,9luzk4jm,K08,g_obs_x,7.75,0.9919314096555829
Batch_3,9luzk4jm,K08,g_obs_x,8.0,0.7514840868086798
Batch_3,9luzk4jm,K08,g_obs_x,8.25,0.7448764374060726
Batch_3,9luzk4jm,K08,g_obs_x,8.5,0.8980579950296832
Batch_3,9luzk4jm,K08,g_obs_x,8.75,1.3776362060250198
Batch_3,9luzk4jm,K08,g_obs_x,9.0,1.175233644698051
Batch_3,9luzk4jm,K08,g_obs_x,9.25,0.9013325579010644
Batch_3,9luzk4jm,K08,g_obs_x,9.5,1.3841382250092953
Batch_3,9luzk4jm,K08,g_obs_x,9.75,1.6800057160474624
Batch_3,9luzk4jm,K08,g_obs_x,10.0,1.4751972315132351
Batch_3,9luzk4jm,K08,env_lo_x,0.25,0.10056475237953094
Batch_3,9luzk4jm,K08,env_lo_x,0.5,0.10005299838344245
Batch_3,9luzk4jm,K08,env_lo_x,0.75,0.2748235738520357
Batch_3,9luzk4jm,K08,env_lo_x,1.0,0.42769613199824486
Batch_3,9luzk4jm,K08,env_lo_x,1.25,0.36332177133537397
Batch_3,9luzk4jm,K08,env_lo_x,1.5,0.3464947963392496
Batch_3,9luzk4jm,K08,env_lo_x,1.75,0.4363084284821392
Batch_3,9luzk4jm,K08,env_lo_x,2.0,0.386170740298866
Batch_3,9luzk4jm,K08,env_lo_x,2.25,0.3795785214042401
Batch_3,9luzk4jm,K08,env_lo_x,2.5,0.3784777963038281
Batch_3,9luzk4jm,K08,env_lo_x,2.75,0.47054995971083613
Batch_3,9luzk4jm,K08,env_lo_x,3.0,0.4227566329239068
Batch_3,9luzk4jm,K08,env_lo_x,3.25,0.38234908093620323
Batch_3,9luzk4jm,K08,env_lo_x,3.5,0.34286532643625545
Batch_3,9luzk4jm,K08,env_lo_x,3.75,0.3703066554624534
Batch_3,9luzk4jm,K08,env_lo_x,4.0,0.4508049029059031
Batch_3,9luzk4jm,K08,env_lo_x,4.25,0.44121560803258725
Batch_3,9luzk4jm,K08,env_lo_x,4.5,0.41513040732403833
Batch_3,9luzk4jm,K08,env_lo_x,4.75,0.4593390369781506
Batch_3,9luzk4jm,K08,env_lo_x,5.0,0.4448197139644337
Batch_3,9luzk4jm,K08,env_lo_x,5.25,0.45985071559809354
Batch_3,9luzk4jm,K08,env_lo_x,5.5,0.4468965747999893
Batch_3,9luzk4jm,K08,env_lo_x,5.75,0.4318660141890065
Batch_3,9luzk4jm,K08,env_lo_x,6.0,0.46516033594875966
Batch_3,9luzk4jm,K08,env_lo_x,6.25,0.41626846645179105
Batch_3,9luzk4jm,K08,env_lo_x,6.5,0.4852066864371892
Batch_3,9luzk4jm,K08,env_lo_x,6.75,0.3940365161530307
Batch_3,9luzk4jm,K08,env_lo_x,7.0,0.4774538641536805
Batch_3,9luzk4jm,K08,env_lo_x,7.25,0.4658427081805744
Batch_3,9luzk4jm,K08,env_lo_x,7.5,0.42397097141690043
Batch_3,9luzk4jm,K08,env_lo_x,7.75,0.4699103785922371
Batch_3,9luzk4jm,K08,env_lo_x,8.0,0.40909149867993766
Batch_3,9luzk4jm,K08,env_lo_x,8.25,0.46605158858494095
Batch_3,9luzk4jm,K08,env_lo_x,8.5,0.4661367850545739
Batch_3,9luzk4jm,K08,env_lo_x,8.75,0.5353548507758981
Batch_3,9luzk4jm,K08,env_lo_x,9.0,0.5348254794945569
Batch_3,9luzk4jm,K08,env_lo_x,9.25,0.5051527561053776
Batch_3,9luzk4jm,K08,env_lo_x,9.5,0.5400805125572806
Batch_3,9luzk4jm,K08,env_lo_x,9.75,0.5592428554918054
Batch_3,9luzk4jm,K08,env_lo_x,10.0,0.4806742554022268
Batch_3,9luzk4jm,K08,env_hi_x,0.25,2.158652507719116
Batch_3,9luzk4jm,K08,env_hi_x,0.5,2.022986388706027
Batch_3,9luzk4jm,K08,env_hi_x,0.75,1.9160358616450275
Batch_3,9luzk4jm,K08,env_hi_x,1.0,1.7670310655281936
Batch_3,9luzk4jm,K08,env_hi_x,1.25,1.8065263574905048
Batch_3,9luzk4jm,K08,env_hi_x,1.5,1.755837544981148
Batch_3,9luzk4jm,K08,env_hi_x,1.75,1.8693230144434465
Batch_3,9luzk4jm,K08,env_hi_x,2.0,1.859619215222858
Batch_3,9luzk4jm,K08,env_hi_x,2.25,1.7402934938141454
Batch_3,9luzk4jm,K08,env_hi_x,2.5,1.5988675496005538
Batch_3,9luzk4jm,K08,env_hi_x,2.75,1.7650972188462009
Batch_3,9luzk4jm,K08,env_hi_x,3.0,1.7842651841010222
Batch_3,9luzk4jm,K08,env_hi_x,3.25,1.7702473506183296
Batch_3,9luzk4jm,K08,env_hi_x,3.5,1.686378649572528
Batch_3,9luzk4jm,K08,env_hi_x,3.75,1.648139260197978
Batch_3,9luzk4jm,K08,env_hi_x,4.0,1.6678319954434304
Batch_3,9luzk4jm,K08,env_hi_x,4.25,1.645803398687153
Batch_3,9luzk4jm,K08,env_hi_x,4.5,1.792792065942089
Batch_3,9luzk4jm,K08,env_hi_x,4.75,1.7707971062815562
Batch_3,9luzk4jm,K08,env_hi_x,5.0,1.6008478324835087
Batch_3,9luzk4jm,K08,env_hi_x,5.25,1.6153408007526375
Batch_3,9luzk4jm,K08,env_hi_x,5.5,1.7061610058266092
Batch_3,9luzk4jm,K08,env_hi_x,5.75,1.6981044082534233
Batch_3,9luzk4jm,K08,env_hi_x,6.0,1.5757644168524125
Batch_3,9luzk4jm,K08,env_hi_x,6.25,1.8240772170330368
Batch_3,9luzk4jm,K08,env_hi_x,6.5,1.6951534440774831
Batch_3,9luzk4jm,K08,env_hi_x,6.75,1.7384768107650272
Batch_3,9luzk4jm,K08,env_hi_x,7.0,1.7940140098023847
Batch_3,9luzk4jm,K08,env_hi_x,7.25,1.8051058522365375
Batch_3,9luzk4jm,K08,env_hi_x,7.5,1.8102925335867146
Batch_3,9luzk4jm,K08,env_hi_x,7.75,1.7521013826605352
Batch_3,9luzk4jm,K08,env_hi_x,8.0,1.6075326404882395
Batch_3,9luzk4jm,K08,env_hi_x,8.25,1.6476783301625193
Batch_3,9luzk4jm,K08,env_hi_x,8.5,1.6287094646014861
Batch_3,9luzk4jm,K08,env_hi_x,8.75,1.627932960054541
Batch_3,9luzk4jm,K08,env_hi_x,9.0,1.6058955520927947
Batch_3,9luzk4jm,K08,env_hi_x,9.25,1.6970444928968762
Batch_3,9luzk4jm,K08,env_hi_x,9.5,1.486583683755707
Batch_3,9luzk4jm,K08,env_hi_x,9.75,1.5182569889275748
Batch_3,9luzk4jm,K08,env_hi_x,10.0,1.5609652691093732
Batch_3,9luzk4jm,K08,g_obs_z,0.25,0.0
Batch_3,9luzk4jm,K08,g_obs_z,0.5,0.056095554086502346
Batch_3,9luzk4jm,K08,g_obs_z,0.75,0.19930720539349378
Batch_3,9luzk4jm,K08,g_obs_z,1.0,0.28394135230527584
Batch_3,9luzk4jm,K08,g_obs_z,1.25,0.26051764348110823
Batch_3,9luzk4jm,K08,g_obs_z,1.5,0.3367757980621947
Batch_3,9luzk4jm,K08,g_obs_z,1.75,0.41614618572945805
Batch_3,9luzk4jm,K08,g_obs_z,2.0,0.39422556087826516
Batch_3,9luzk4jm,K08,g_obs_z,2.25,0.19681459709471014
Batch_3,9luzk4jm,K08,g_obs_z,2.5,0.1422015302713288
Batch_3,9luzk4jm,K08,g_obs_z,2.75,0.624338687262352
Batch_3,9luzk4jm,K08,g_obs_z,3.0,0.7308590732963741
Batch_3,9luzk4jm,K08,g_obs_z,3.25,0.6453993750916868
Batch_3,9luzk4jm,K08,g_obs_z,3.5,0.8845366861766526
Batch_3,9luzk4jm,K08,g_obs_z,3.75,0.9820553780077399
Batch_3,9luzk4jm,K08,g_obs_z,4.0,0.6906829207662841
Batch_3,9luzk4jm,K08,g_obs_z,4.25,0.6675096309948337
Batch_3,9luzk4jm,K08,g_obs_z,4.5,0.851898556070079
Batch_3,9luzk4jm,K08,g_obs_z,4.75,0.8380816827793152
Batch_3,9luzk4jm,K08,g_obs_z,5.0,0.9814154380516646
Batch_3,9luzk4jm,K08,g_obs_z,5.25,1.274919294716562
Batch_3,9luzk4jm,K08,g_obs_z,5.5,0.957091150441696
Batch_3,9luzk4jm,K08,g_obs_z,5.75,0.7578361362481677
Batch_3,9luzk4jm,K08,g_obs_z,6.0,0.8025104361060709
Batch_3,9luzk4jm,K08,g_obs_z,6.25,0.8732133894239481
Batch_3,9luzk4jm,K08,g_obs_z,6.5,0.9900951138860974
Batch_3,9luzk4jm,K08,g_obs_z,6.75,1.069720205154813
Batch_3,9luzk4jm,K08,g_obs_z,7.0,0.8293905082814836
Batch_3,9luzk4jm,K08,g_obs_z,7.25,0.44882207553360876
Batch_3,9luzk4jm,K08,g_obs_z,7.5,0.38439373175480535
Batch_3,9luzk4jm,K08,g_obs_z,7.75,0.6690283767589779
Batch_3,9luzk4jm,K08,g_obs_z,8.0,0.6953337562344432
Batch_3,9luzk4jm,K08,g_obs_z,8.25,0.41463614625750655
Batch_3,9luzk4jm,K08,g_obs_z,8.5,0.1932608882715604
Batch_3,9luzk4jm,K08,g_obs_z,8.75,0.2488175399876024
Batch_3,9luzk4jm,K08,g_obs_z,9.0,0.5421244628668607
Batch_3,9luzk4jm,K08,g_obs_z,9.25,0.7783494453289985
Batch_3,9luzk4jm,K08,g_obs_z,9.5,0.6138725488520353
Batch_3,9luzk4jm,K08,g_obs_z,9.75,0.35428063191718917
Batch_3,9luzk4jm,K08,g_obs_z,10.0,0.3629066831143383
Batch_3,9luzk4jm,K08,env_lo_z,0.25,0.0
Batch_3,9luzk4jm,K08,env_lo_z,0.5,0.2066557103533222
Batch_3,9luzk4jm,K08,env_lo_z,0.75,0.28433379491753175
Batch_3,9luzk4jm,K08,env_lo_z,1.0,0.22223441963458807
Batch_3,9luzk4jm,K08,env_lo_z,1.25,0.3345927425827867
Batch_3,9luzk4jm,K08,env_lo_z,1.5,0.3029213281213356
Batch_3,9luzk4jm,K08,env_lo_z,1.75,0.3176787565387515
Batch_3,9luzk4jm,K08,env_lo_z,2.0,0.2883709730833177
Batch_3,9luzk4jm,K08,env_lo_z,2.25,0.39653125987643845
Batch_3,9luzk4jm,K08,env_lo_z,2.5,0.3985500129488929
Batch_3,9luzk4jm,K08,env_lo_z,2.75,0.3085136733707012
Batch_3,9luzk4jm,K08,env_lo_z,3.0,0.31832743155728543
Batch_3,9luzk4jm,K08,env_lo_z,3.25,0.3563540529334715
Batch_3,9luzk4jm,K08,env_lo_z,3.5,0.3542750944694738
Batch_3,9luzk4jm,K08,env_lo_z,3.75,0.3814403690956045
Batch_3,9luzk4jm,K08,env_lo_z,4.0,0.5152604108639853
Batch_3,9luzk4jm,K08,env_lo_z,4.25,0.40618207020365776
Batch_3,9luzk4jm,K08,env_lo_z,4.5,0.426556564467124
Batch_3,9luzk4jm,K08,env_lo_z,4.75,0.3800969397852891
Batch_3,9luzk4jm,K08,env_lo_z,5.0,0.2925018756749387
Batch_3,9luzk4jm,K08,env_lo_z,5.25,0.38248512724805805
Batch_3,9luzk4jm,K08,env_lo_z,5.5,0.3500639415065862
Batch_3,9luzk4jm,K08,env_lo_z,5.75,0.367907135692738
Batch_3,9luzk4jm,K08,env_lo_z,6.0,0.46689492132325106
Batch_3,9luzk4jm,K08,env_lo_z,6.25,0.4618620880212502
Batch_3,9luzk4jm,K08,env_lo_z,6.5,0.4031240683707959
Batch_3,9luzk4jm,K08,env_lo_z,6.75,0.4193472024584541
Batch_3,9luzk4jm,K08,env_lo_z,7.0,0.4612189467199916
Batch_3,9luzk4jm,K08,env_lo_z,7.25,0.44460971663014387
Batch_3,9luzk4jm,K08,env_lo_z,7.5,0.47707200129426863
Batch_3,9luzk4jm,K08,env_lo_z,7.75,0.42983121895218257
Batch_3,9luzk4jm,K08,env_lo_z,8.0,0.4855405836958009
Batch_3,9luzk4jm,K08,env_lo_z,8.25,0.5271165342764081
Batch_3,9luzk4jm,K08,env_lo_z,8.5,0.5319895293544609
Batch_3,9luzk4jm,K08,env_lo_z,8.75,0.45500974083985046
Batch_3,9luzk4jm,K08,env_lo_z,9.0,0.4591288848359417
Batch_3,9luzk4jm,K08,env_lo_z,9.25,0.4987564160803055
Batch_3,9luzk4jm,K08,env_lo_z,9.5,0.4801953925147157
Batch_3,9luzk4jm,K08,env_lo_z,9.75,0.4764177695910864
Batch_3,9luzk4jm,K08,env_lo_z,10.0,0.5885842679934504
Batch_3,9luzk4jm,K08,env_hi_z,0.25,2.2051347925095075
Batch_3,9luzk4jm,K08,env_hi_z,0.5,2.123441205738085
Batch_3,9luzk4jm,K08,env_hi_z,0.75,1.9546586397866013
Batch_3,9luzk4jm,K08,env_hi_z,1.0,1.8980128515755985
Batch_3,9luzk4jm,K08,env_hi_z,1.25,1.8406543800194384
Batch_3,9luzk4jm,K08,env_hi_z,1.5,1.759948625388012
Batch_3,9luzk4jm,K08,env_hi_z,1.75,1.7960242416008987
Batch_3,9luzk4jm,K08,env_hi_z,2.0,1.6582440171704214
Batch_3,9luzk4jm,K08,env_hi_z,2.25,1.604813609116847
Batch_3,9luzk4jm,K08,env_hi_z,2.5,1.7698090460098739
Batch_3,9luzk4jm,K08,env_hi_z,2.75,1.8042942570258036
Batch_3,9luzk4jm,K08,env_hi_z,3.0,1.6761817291035663
Batch_3,9luzk4jm,K08,env_hi_z,3.25,1.720328396225514
Batch_3,9luzk4jm,K08,env_hi_z,3.5,1.7854350414237314
Batch_3,9luzk4jm,K08,env_hi_z,3.75,1.7269462944072917
Batch_3,9luzk4jm,K08,env_hi_z,4.0,1.5983605015513531
Batch_3,9luzk4jm,K08,env_hi_z,4.25,1.5024644026314466
Batch_3,9luzk4jm,K08,env_hi_z,4.5,1.5249196633391666
Batch_3,9luzk4jm,K08,env_hi_z,4.75,1.7160421648198856
Batch_3,9luzk4jm,K08,env_hi_z,5.0,1.6800763675848434
Batch_3,9luzk4jm,K08,env_hi_z,5.25,1.7400618817966889
Batch_3,9luzk4jm,K08,env_hi_z,5.5,1.6836705396050522
Batch_3,9luzk4jm,K08,env_hi_z,5.75,1.7542945231432905
Batch_3,9luzk4jm,K08,env_hi_z,6.0,1.8435024776639426
Batch_3,9luzk4jm,K08,env_hi_z,6.25,1.8775246352212347
Batch_3,9luzk4jm,K08,env_hi_z,6.5,1.7034458196099185
Batch_3,9luzk4jm,K08,env_hi_z,6.75,1.8321644571439946
Batch_3,9luzk4jm,K08,env_hi_z,7.0,1.8573890742969956
Batch_3,9luzk4jm,K08,env_hi_z,7.25,1.7131479362583044
Batch_3,9luzk4jm,K08,env_hi_z,7.5,1.6758302675886052
Batch_3,9luzk4jm,K08,env_hi_z,7.75,1.687575557829939
Batch_3,9luzk4jm,K08,env_hi_z,8.0,1.5486095943741565
Batch_3,9luzk4jm,K08,env_hi_z,8.25,1.6515088524013977
Batch_3,9luzk4jm,K08,env_hi_z,8.5,1.78637224171273
Batch_3,9luzk4jm,K08,env_hi_z,8.75,1.7069553447353683
Batch_3,9luzk4jm,K08,env_hi_z,9.0,1.630576715481767
Batch_3,9luzk4jm,K08,env_hi_z,9.25,1.6264412927382403
Batch_3,9luzk4jm,K08,env_hi_z,9.5,1.663464126926092
Batch_3,9luzk4jm,K08,env_hi_z,9.75,1.6043129551382689
Batch_3,9luzk4jm,K08,env_hi_z,10.0,1.619884738773276
Batch_3,9luzk4jm,K10,cv,1.0,3.390622389854018
Batch_3,9luzk4jm,K10,cv,2.0,2.91772237869758
Batch_3,9luzk4jm,K10,cv,5.0,2.165242302405659
Batch_3,9luzk4jm,K10,cv,10.0,1.234886818214796
Batch_3,9luzk4jm,K10,cv,20.0,0.624919626744141
Batch_3,9luzk4jm,K12,band_si_frac,0.0,0.06497788313096033
Batch_3,9luzk4jm,K12,band_si_frac,1.0,0.1025546626082577
Batch_3,9luzk4jm,K12,band_si_frac,2.0,0.07093821510297482
Batch_3,9luzk4jm,K12,band_si_frac,3.0,0.02398913864649141
Batch_3,9luzk4jm,K12,band_si_frac,4.0,0.04161097358289445
Batch_3,9luzk4jm,K13,column_si_frac,5.0,0.07741379310344827
Batch_3,9luzk4jm,K13,column_si_frac,15.0,0.06104885057471264
Batch_3,9luzk4jm,K13,column_si_frac,25.0,0.006115900383141763
Batch_3,9luzk4jm,K13,column_si_frac,35.0,0.13130747126436781
Batch_3,9luzk4jm,K13,column_si_frac,45.0,0.046987547892720305
Batch_3,9luzk4jm,K13,column_si_frac,55.0,0.024458812260536398
Batch_3,9luzk4jm,K13,column_si_frac,65.0,0.04048850574712644
Batch_3,9luzk4jm,K13,column_si_frac,75.0,0.1292337164750958
Batch_3,9luzk4jm,K13,column_si_frac,85.0,0.049837164750957855
Batch_3,9luzk4jm,K13,column_si_frac,95.0,0.030627394636015326
Batch_3,9luzk4jm,K13,column_si_frac,105.0,0.08015325670498084
Batch_3,9luzk4jm,K13,column_si_frac,115.0,0.033299808429118775
Batch_3,9luzk4jm,K13,column_si_frac,125.0,0.024812167329605502
Batch_3,9luzk4jm,K13,column_si_frac,135.0,0.09512214280103684
Batch_3,9luzk4jm,K13,column_si_frac,145.0,0.01854689379457668
Batch_3,9luzk4jm,K13,column_si_frac,155.0,0.08461206896551725
Batch_3,9luzk4jm,K13,column_si_frac,165.0,0.11012452107279694
Batch_3,9luzk4jm,D01,band_graphite_frac,0.0,0.885066186372943
Batch_3,9luzk4jm,D01,band_graphite_frac,1.0,0.8492138657440356
Batch_3,9luzk4jm,D01,band_graphite_frac,2.0,0.8727130390986828
Batch_3,9luzk4jm,D01,band_graphite_frac,3.0,0.9281626027832218
Batch_3,9luzk4jm,D01,band_graphite_frac,4.0,0.8862573710614329
Batch_3,9luzk4jm,D04,band_pore_frac,0.0,0.04013198953280851
Batch_3,9luzk4jm,D04,band_pore_frac,1.0,0.03719356639987737
Batch_3,9luzk4jm,D04,band_pore_frac,2.0,0.04502069350618068
Batch_3,9luzk4jm,D04,band_pore_frac,3.0,0.040912101868984925
Batch_3,9luzk4jm,D04,band_pore_frac,4.0,0.04519870684516505
Batch_3,cfe5vt7s,K08,g_obs_x,0.25,0.5091905457674958
Batch_3,cfe5vt7s,K08,g_obs_x,0.5,1.0333076365708718
Batch_3,cfe5vt7s,K08,g_obs_x,0.75,0.9606295325575924
Batch_3,cfe5vt7s,K08,g_obs_x,1.0,0.6593863857024844
Batch_3,cfe5vt7s,K08,g_obs_x,1.25,0.4981390017328924
Batch_3,cfe5vt7s,K08,g_obs_x,1.5,0.5566759789721103
Batch_3,cfe5vt7s,K08,g_obs_x,1.75,0.7805452114562109
Batch_3,cfe5vt7s,K08,g_obs_x,2.0,0.8797877852404223
Batch_3,cfe5vt7s,K08,g_obs_x,2.25,0.7542241746592342
Batch_3,cfe5vt7s,K08,g_obs_x,2.5,0.7434887916723274
Batch_3,cfe5vt7s,K08,g_obs_x,2.75,0.9145586177461674
Batch_3,cfe5vt7s,K08,g_obs_x,3.0,0.8644040439927689
Batch_3,cfe5vt7s,K08,g_obs_x,3.25,0.888346032504524
Batch_3,cfe5vt7s,K08,g_obs_x,3.5,0.5241036727465546
Batch_3,cfe5vt7s,K08,g_obs_x,3.75,0.6035816956937813
Batch_3,cfe5vt7s,K08,g_obs_x,4.0,0.9208281416069379
Batch_3,cfe5vt7s,K08,g_obs_x,4.25,0.8222733193702368
Batch_3,cfe5vt7s,K08,g_obs_x,4.5,0.6892863236252461
Batch_3,cfe5vt7s,K08,g_obs_x,4.75,0.608680605299653
Batch_3,cfe5vt7s,K08,g_obs_x,5.0,0.8859393336280962
Batch_3,cfe5vt7s,K08,g_obs_x,5.25,1.126484065088197
Batch_3,cfe5vt7s,K08,g_obs_x,5.5,1.0347305857389293
Batch_3,cfe5vt7s,K08,g_obs_x,5.75,0.9924231037833047
Batch_3,cfe5vt7s,K08,g_obs_x,6.0,1.1281292137737824
Batch_3,cfe5vt7s,K08,g_obs_x,6.25,0.9174005074017534
Batch_3,cfe5vt7s,K08,g_obs_x,6.5,0.8711619851767001
Batch_3,cfe5vt7s,K08,g_obs_x,6.75,0.9246744326661497
Batch_3,cfe5vt7s,K08,g_obs_x,7.0,0.9221996135353283
Batch_3,cfe5vt7s,K08,g_obs_x,7.25,0.8503896200936787
Batch_3,cfe5vt7s,K08,g_obs_x,7.5,0.7078663453626938
Batch_3,cfe5vt7s,K08,g_obs_x,7.75,0.6474946536488064
Batch_3,cfe5vt7s,K08,g_obs_x,8.0,0.9407857679668661
Batch_3,cfe5vt7s,K08,g_obs_x,8.25,1.2172695608042736
Batch_3,cfe5vt7s,K08,g_obs_x,8.5,0.9862824517321144
Batch_3,cfe5vt7s,K08,g_obs_x,8.75,0.9522572501953976
Batch_3,cfe5vt7s,K08,g_obs_x,9.0,1.0576534804637463
Batch_3,cfe5vt7s,K08,g_obs_x,9.25,1.1977835581031073
Batch_3,cfe5vt7s,K08,g_obs_x,9.5,0.9662169227478168
Batch_3,cfe5vt7s,K08,g_obs_x,9.75,0.9422496750004142
Batch_3,cfe5vt7s,K08,g_obs_x,10.0,1.1498122182067954
Batch_3,cfe5vt7s,K08,env_lo_x,0.25,0.22247108923589337
Batch_3,cfe5vt7s,K08,env_lo_x,0.5,0.4441144841750638
Batch_3,cfe5vt7s,K08,env_lo_x,0.75,0.5486362704574481
Batch_3,cfe5vt7s,K08,env_lo_x,1.0,0.5546529216742293
Batch_3,cfe5vt7s,K08,env_lo_x,1.25,0.5553322592771439
Batch_3,cfe5vt7s,K08,env_lo_x,1.5,0.5612194952325142
Batch_3,cfe5vt7s,K08,env_lo_x,1.75,0.4995782291648127
Batch_3,cfe5vt7s,K08,env_lo_x,2.0,0.5255973390220608
Batch_3,cfe5vt7s,K08,env_lo_x,2.25,0.6187117028217043
Batch_3,cfe5vt7s,K08,env_lo_x,2.5,0.5519777977042637
Batch_3,cfe5vt7s,K08,env_lo_x,2.75,0.5794071213774026
Batch_3,cfe5vt7s,K08,env_lo_x,3.0,0.6434789251714607
Batch_3,cfe5vt7s,K08,env_lo_x,3.25,0.563321047849596
Batch_3,cfe5vt7s,K08,env_lo_x,3.5,0.5811211456420408
Batch_3,cfe5vt7s,K08,env_lo_x,3.75,0.5643705697636271
Batch_3,cfe5vt7s,K08,env_lo_x,4.0,0.5105730879576202
Batch_3,cfe5vt7s,K08,env_lo_x,4.25,0.5886988708289036
Batch_3,cfe5vt7s,K08,env_lo_x,4.5,0.6058351576699949
Batch_3,cfe5vt7s,K08,env_lo_x,4.75,0.5818593062867817
Batch_3,cfe5vt7s,K08,env_lo_x,5.0,0.6111048007762269
Batch_3,cfe5vt7s,K08,env_lo_x,5.25,0.5575217072092413
Batch_3,cfe5vt7s,K08,env_lo_x,5.5,0.4994571663980651
Batch_3,cfe5vt7s,K08,env_lo_x,5.75,0.5328160443076221
Batch_3,cfe5vt7s,K08,env_lo_x,6.0,0.5204472706812837
Batch_3,cfe5vt7s,K08,env_lo_x,6.25,0.4547789149937786
Batch_3,cfe5vt7s,K08,env_lo_x,6.5,0.5420122644736002
Batch_3,cfe5vt7s,K08,env_lo_x,6.75,0.5688666168030594
Batch_3,cfe5vt7s,K08,env_lo_x,7.0,0.6196830689768487
Batch_3,cfe5vt7s,K08,env_lo_x,7.25,0.5477698102343924
Batch_3,cfe5vt7s,K08,env_lo_x,7.5,0.543736945269536
Batch_3,cfe5vt7s,K08,env_lo_x,7.75,0.5592304298922305
Batch_3,cfe5vt7s,K08,env_lo_x,8.0,0.5903765785549809
Batch_3,cfe5vt7s,K08,env_lo_x,8.25,0.5971579228418551
Batch_3,cfe5vt7s,K08,env_lo_x,8.5,0.6671858546561438
Batch_3,cfe5vt7s,K08,env_lo_x,8.75,0.5865337539816442
Batch_3,cfe5vt7s,K08,env_lo_x,9.0,0.5768394347205649
Batch_3,cfe5vt7s,K08,env_lo_x,9.25,0.5921059794221764
Batch_3,cfe5vt7s,K08,env_lo_x,9.5,0.6166964531657723
Batch_3,cfe5vt7s,K08,env_lo_x,9.75,0.6138831350807887
Batch_3,cfe5vt7s,K08,env_lo_x,10.0,0.6684033044929675
Batch_3,cfe5vt7s,K08,env_hi_x,0.25,2.0004185166899986
Batch_3,cfe5vt7s,K08,env_hi_x,0.5,1.6379197507047145
Batch_3,cfe5vt7s,K08,env_hi_x,0.75,1.5440242948650222
Batch_3,cfe5vt7s,K08,env_hi_x,1.0,1.5419389465740023
Batch_3,cfe5vt7s,K08,env_hi_x,1.25,1.6010306228532278
Batch_3,cfe5vt7s,K08,env_hi_x,1.5,1.5227705967628233
Batch_3,cfe5vt7s,K08,env_hi_x,1.75,1.5867223502052532
Batch_3,cfe5vt7s,K08,env_hi_x,2.0,1.5684906284422222
Batch_3,cfe5vt7s,K08,env_hi_x,2.25,1.4572565445028955
Batch_3,cfe5vt7s,K08,env_hi_x,2.5,1.4775101566505473
Batch_3,cfe5vt7s,K08,env_hi_x,2.75,1.3757872170989942
Batch_3,cfe5vt7s,K08,env_hi_x,3.0,1.4464505717950378
Batch_3,cfe5vt7s,K08,env_hi_x,3.25,1.5340798815851042
Batch_3,cfe5vt7s,K08,env_hi_x,3.5,1.585854588287123
Batch_3,cfe5vt7s,K08,env_hi_x,3.75,1.4683324369781172
Batch_3,cfe5vt7s,K08,env_hi_x,4.0,1.4839016594732983
Batch_3,cfe5vt7s,K08,env_hi_x,4.25,1.4272296501593198
Batch_3,cfe5vt7s,K08,env_hi_x,4.5,1.4159813229664422
Batch_3,cfe5vt7s,K08,env_hi_x,4.75,1.5298789931146723
Batch_3,cfe5vt7s,K08,env_hi_x,5.0,1.481596502016197
Batch_3,cfe5vt7s,K08,env_hi_x,5.25,1.43894284747128
Batch_3,cfe5vt7s,K08,env_hi_x,5.5,1.5891023014602674
Batch_3,cfe5vt7s,K08,env_hi_x,5.75,1.523229009338703
Batch_3,cfe5vt7s,K08,env_hi_x,6.0,1.5294964751261855
Batch_3,cfe5vt7s,K08,env_hi_x,6.25,1.442851409573234
Batch_3,cfe5vt7s,K08,env_hi_x,6.5,1.4773651662117828
Batch_3,cfe5vt7s,K08,env_hi_x,6.75,1.487835956158804
Batch_3,cfe5vt7s,K08,env_hi_x,7.0,1.4633993482473053
Batch_3,cfe5vt7s,K08,env_hi_x,7.25,1.4470252771269796
Batch_3,cfe5vt7s,K08,env_hi_x,7.5,1.4612318687144927
Batch_3,cfe5vt7s,K08,env_hi_x,7.75,1.475473963280633
Batch_3,cfe5vt7s,K08,env_hi_x,8.0,1.4914188981913132
Batch_3,cfe5vt7s,K08,env_hi_x,8.25,1.4311173429327422
Batch_3,cfe5vt7s,K08,env_hi_x,8.5,1.387715687026462
Batch_3,cfe5vt7s,K08,env_hi_x,8.75,1.3767915457806332
Batch_3,cfe5vt7s,K08,env_hi_x,9.0,1.4087405252333007
Batch_3,cfe5vt7s,K08,env_hi_x,9.25,1.5182692743186545
Batch_3,cfe5vt7s,K08,env_hi_x,9.5,1.5130102964291328
Batch_3,cfe5vt7s,K08,env_hi_x,9.75,1.4988503041131995
Batch_3,cfe5vt7s,K08,env_hi_x,10.0,1.4423260457094886
Batch_3,cfe5vt7s,K08,g_obs_z,0.25,0.0
Batch_3,cfe5vt7s,K08,g_obs_z,0.5,0.00862268273663251
Batch_3,cfe5vt7s,K08,g_obs_z,0.75,0.3464906747066096
Batch_3,cfe5vt7s,K08,g_obs_z,1.0,0.7327116822737828
Batch_3,cfe5vt7s,K08,g_obs_z,1.25,0.5125657180851992
Batch_3,cfe5vt7s,K08,g_obs_z,1.5,0.3406983420119959
Batch_3,cfe5vt7s,K08,g_obs_z,1.75,0.5940087167554833
Batch_3,cfe5vt7s,K08,g_obs_z,2.0,0.5236252812747102
Batch_3,cfe5vt7s,K08,g_obs_z,2.25,0.2643603204786203
Batch_3,cfe5vt7s,K08,g_obs_z,2.5,0.2259895491754519
Batch_3,cfe5vt7s,K08,g_obs_z,2.75,0.2931246928818301
Batch_3,cfe5vt7s,K08,g_obs_z,3.0,0.2496620030398475
Batch_3,cfe5vt7s,K08,g_obs_z,3.25,0.47840659470212404
Batch_3,cfe5vt7s,K08,g_obs_z,3.5,0.7033971312266998
Batch_3,cfe5vt7s,K08,g_obs_z,3.75,0.7655357599768474
Batch_3,cfe5vt7s,K08,g_obs_z,4.0,0.9701620255299852
Batch_3,cfe5vt7s,K08,g_obs_z,4.25,1.1056335599980813
Batch_3,cfe5vt7s,K08,g_obs_z,4.5,1.176829098926029
Batch_3,cfe5vt7s,K08,g_obs_z,4.75,1.0113828005827301
Batch_3,cfe5vt7s,K08,g_obs_z,5.0,0.7511223673106093
Batch_3,cfe5vt7s,K08,g_obs_z,5.25,0.7515004713797916
Batch_3,cfe5vt7s,K08,g_obs_z,5.5,0.6889700336472417
Batch_3,cfe5vt7s,K08,g_obs_z,5.75,0.8566755960660558
Batch_3,cfe5vt7s,K08,g_obs_z,6.0,1.2684045512816584
Batch_3,cfe5vt7s,K08,g_obs_z,6.25,1.0182211017269571
Batch_3,cfe5vt7s,K08,g_obs_z,6.5,0.902614047406402
Batch_3,cfe5vt7s,K08,g_obs_z,6.75,1.419442724188969
Batch_3,cfe5vt7s,K08,g_obs_z,7.0,1.4056579568192058
Batch_3,cfe5vt7s,K08,g_obs_z,7.25,1.4137635788654708
Batch_3,cfe5vt7s,K08,g_obs_z,7.5,1.4066931993517595
Batch_3,cfe5vt7s,K08,g_obs_z,7.75,1.0368145649656346
Batch_3,cfe5vt7s,K08,g_obs_z,8.0,1.065077501763823
Batch_3,cfe5vt7s,K08,g_obs_z,8.25,1.0012711097053804
Batch_3,cfe5vt7s,K08,g_obs_z,8.5,1.1094451869143553
Batch_3,cfe5vt7s,K08,g_obs_z,8.75,1.050786704493794
Batch_3,cfe5vt7s,K08,g_obs_z,9.0,0.8089077338510223
Batch_3,cfe5vt7s,K08,g_obs_z,9.25,1.2103990472370616
Batch_3,cfe5vt7s,K08,g_obs_z,9.5,1.4671020560419283
Batch_3,cfe5vt7s,K08,g_obs_z,9.75,1.2625645250572828
Batch_3,cfe5vt7s,K08,g_obs_z,10.0,0.9882664717141386
Batch_3,cfe5vt7s,K08,env_lo_z,0.25,0.22613387549188263
Batch_3,cfe5vt7s,K08,env_lo_z,0.5,0.3999329668568652
Batch_3,cfe5vt7s,K08,env_lo_z,0.75,0.539987403324166
Batch_3,cfe5vt7s,K08,env_lo_z,1.0,0.4452375879506059
Batch_3,cfe5vt7s,K08,env_lo_z,1.25,0.5622318373678786
Batch_3,cfe5vt7s,K08,env_lo_z,1.5,0.4356211670929734
Batch_3,cfe5vt7s,K08,env_lo_z,1.75,0.5276045280346059
Batch_3,cfe5vt7s,K08,env_lo_z,2.0,0.5198513814108627
Batch_3,cfe5vt7s,K08,env_lo_z,2.25,0.5787497307730881
Batch_3,cfe5vt7s,K08,env_lo_z,2.5,0.4811980356444048
Batch_3,cfe5vt7s,K08,env_lo_z,2.75,0.5166035863351622
Batch_3,cfe5vt7s,K08,env_lo_z,3.0,0.500463478302889
Batch_3,cfe5vt7s,K08,env_lo_z,3.25,0.5214576804475491
Batch_3,cfe5vt7s,K08,env_lo_z,3.5,0.505827547552265
Batch_3,cfe5vt7s,K08,env_lo_z,3.75,0.4315634395182569
Batch_3,cfe5vt7s,K08,env_lo_z,4.0,0.5456099635412862
Batch_3,cfe5vt7s,K08,env_lo_z,4.25,0.49941775633084595
Batch_3,cfe5vt7s,K08,env_lo_z,4.5,0.4362405889734778
Batch_3,cfe5vt7s,K08,env_lo_z,4.75,0.534268912356647
Batch_3,cfe5vt7s,K08,env_lo_z,5.0,0.4802512359773552
Batch_3,cfe5vt7s,K08,env_lo_z,5.25,0.49289459427890575
Batch_3,cfe5vt7s,K08,env_lo_z,5.5,0.46595930291722576
Batch_3,cfe5vt7s,K08,env_lo_z,5.75,0.5289218340755547
Batch_3,cfe5vt7s,K08,env_lo_z,6.0,0.5488186899833621
Batch_3,cfe5vt7s,K08,env_lo_z,6.25,0.49849255390821046
Batch_3,cfe5vt7s,K08,env_lo_z,6.5,0.5260047764117155
Batch_3,cfe5vt7s,K08,env_lo_z,6.75,0.4520584826836182
Batch_3,cfe5vt7s,K08,env_lo_z,7.0,0.44678808968177497
Batch_3,cfe5vt7s,K08,env_lo_z,7.25,0.5388479325285773
Batch_3,cfe5vt7s,K08,env_lo_z,7.5,0.4461240179944838
Batch_3,cfe5vt7s,K08,env_lo_z,7.75,0.5089588487992392
Batch_3,cfe5vt7s,K08,env_lo_z,8.0,0.4572003028251615
Batch_3,cfe5vt7s,K08,env_lo_z,8.25,0.5194949371479677
Batch_3,cfe5vt7s,K08,env_lo_z,8.5,0.5446491021297494
Batch_3,cfe5vt7s,K08,env_lo_z,8.75,0.5335888317475531
Batch_3,cfe5vt7s,K08,env_lo_z,9.0,0.4804684632236292
Batch_3,cfe5vt7s,K08,env_lo_z,9.25,0.4854204555104416
Batch_3,cfe5vt7s,K08,env_lo_z,9.5,0.5501053366972384
Batch_3,cfe5vt7s,K08,env_lo_z,9.75,0.5412058596317243
Batch_3,cfe5vt7s,K08,env_lo_z,10.0,0.6071133518061437
Batch_3,cfe5vt7s,K08,env_hi_z,0.25,1.9796777009473143
Batch_3,cfe5vt7s,K08,env_hi_z,0.5,1.8094606524052292
Batch_3,cfe5vt7s,K08,env_hi_z,0.75,1.6687867809400823
Batch_3,cfe5vt7s,K08,env_hi_z,1.0,1.527730599150607
Batch_3,cfe5vt7s,K08,env_hi_z,1.25,1.645035170899753
Batch_3,cfe5vt7s,K08,env_hi_z,1.5,1.6070223266312622
Batch_3,cfe5vt7s,K08,env_hi_z,1.75,1.5597939213831131
Batch_3,cfe5vt7s,K08,env_hi_z,2.0,1.6469257984113792
Batch_3,cfe5vt7s,K08,env_hi_z,2.25,1.5874429258312823
Batch_3,cfe5vt7s,K08,env_hi_z,2.5,1.572905437562895
Batch_3,cfe5vt7s,K08,env_hi_z,2.75,1.4418175164457188
Batch_3,cfe5vt7s,K08,env_hi_z,3.0,1.5445571574522468
Batch_3,cfe5vt7s,K08,env_hi_z,3.25,1.5301980788959413
Batch_3,cfe5vt7s,K08,env_hi_z,3.5,1.5576007229782705
Batch_3,cfe5vt7s,K08,env_hi_z,3.75,1.5671530356690995
Batch_3,cfe5vt7s,K08,env_hi_z,4.0,1.5956906225618972
Batch_3,cfe5vt7s,K08,env_hi_z,4.25,1.4677047976434836
Batch_3,cfe5vt7s,K08,env_hi_z,4.5,1.506856594174343
Batch_3,cfe5vt7s,K08,env_hi_z,4.75,1.6979504408452857
Batch_3,cfe5vt7s,K08,env_hi_z,5.0,1.5234559702308528
Batch_3,cfe5vt7s,K08,env_hi_z,5.25,1.6217428129207347
Batch_3,cfe5vt7s,K08,env_hi_z,5.5,1.6588685752401457
Batch_3,cfe5vt7s,K08,env_hi_z,5.75,1.5996151850328297
Batch_3,cfe5vt7s,K08,env_hi_z,6.0,1.468816444762178
Batch_3,cfe5vt7s,K08,env_hi_z,6.25,1.7590891238564423
Batch_3,cfe5vt7s,K08,env_hi_z,6.5,1.71864057316832
Batch_3,cfe5vt7s,K08,env_hi_z,6.75,1.6036944238146578
Batch_3,cfe5vt7s,K08,env_hi_z,7.0,1.5417696549306588
Batch_3,cfe5vt7s,K08,env_hi_z,7.25,1.6155542701156502
Batch_3,cfe5vt7s,K08,env_hi_z,7.5,1.5894440021600482
Batch_3,cfe5vt7s,K08,env_hi_z,7.75,1.6316194274200284
Batch_3,cfe5vt7s,K08,env_hi_z,8.0,1.5904950677459666
Batch_3,cfe5vt7s,K08,env_hi_z,8.25,1.6263648822531012
Batch_3,cfe5vt7s,K08,env_hi_z,8.5,1.4504184000382316
Batch_3,cfe5vt7s,K08,env_hi_z,8.75,1.4880660811995168
Batch_3,cfe5vt7s,K08,env_hi_z,9.0,1.6000101093380454
Batch_3,cfe5vt7s,K08,env_hi_z,9.25,1.6019797673123883
Batch_3,cfe5vt7s,K08,env_hi_z,9.5,1.5357042433114747
Batch_3,cfe5vt7s,K08,env_hi_z,9.75,1.498991391548558
Batch_3,cfe5vt7s,K08,env_hi_z,10.0,1.5137510580271687
Batch_3,cfe5vt7s,K10,cv,1.0,3.1665465599809903
Batch_3,cfe5vt7s,K10,cv,2.0,2.7807095501232952
Batch_3,cfe5vt7s,K10,cv,5.0,1.8575729799714025
Batch_3,cfe5vt7s,K10,cv,10.0,1.1883615978804865
Batch_3,cfe5vt7s,K10,cv,20.0,0.7283047594353368
Batch_3,cfe5vt7s,K12,band_si_frac,0.0,0.07512156750572083
Batch_3,cfe5vt7s,K12,band_si_frac,1.0,0.08417312092941384
Batch_3,cfe5vt7s,K12,band_si_frac,2.0,0.05015759769406795
Batch_3,cfe5vt7s,K12,band_si_frac,3.0,0.06557081719767646
Batch_3,cfe5vt7s,K12,band_si_frac,4.0,0.06363728876958281
Batch_3,cfe5vt7s,K13,column_si_frac,5.0,0.03547115384615385
Batch_3,cfe5vt7s,K13,column_si_frac,15.0,0.11764423076923076
Batch_3,cfe5vt7s,K13,column_si_frac,25.0,0.017216346153846155
Batch_3,cfe5vt7s,K13,column_si_frac,35.0,0.029697115384615384
Batch_3,cfe5vt7s,K13,column_si_frac,45.0,0.12145192307692308
Batch_3,cfe5vt7s,K13,column_si_frac,55.0,0.09014423076923077
Batch_3,cfe5vt7s,K13,column_si_frac,65.0,0.09258173076923076
Batch_3,cfe5vt7s,K13,column_si_frac,75.0,0.11994711538461539
Batch_3,cfe5vt7s,K13,column_si_frac,85.0,0.033125
Batch_3,cfe5vt7s,K13,column_si_frac,95.0,0.06738942307692308
Batch_3,cfe5vt7s,K13,column_si_frac,105.0,0.08934615384615385
Batch_3,cfe5vt7s,K13,column_si_frac,115.0,0.0675576923076923
Batch_3,cfe5vt7s,K13,column_si_frac,125.0,0.059528846153846154
Batch_3,cfe5vt7s,K13,column_si_frac,135.0,0.06729807692307692
Batch_3,cfe5vt7s,K13,column_si_frac,145.0,0.08031730769230769
Batch_3,cfe5vt7s,K13,column_si_frac,155.0,0.046177884615384614
Batch_3,cfe5vt7s,K13,column_si_frac,165.0,0.03675
Batch_3,cfe5vt7s,D01,band_graphite_frac,0.0,0.8956320960218271
Batch_3,cfe5vt7s,D01,band_graphite_frac,1.0,0.8565200888928005
Batch_3,cfe5vt7s,D01,band_graphite_frac,2.0,0.9046300167224081
Batch_3,cfe5vt7s,D01,band_graphite_frac,3.0,0.8717339046822743
Batch_3,cfe5vt7s,D01,band_graphite_frac,4.0,0.8863605109135716
Batch_3,cfe5vt7s,D04,band_pore_frac,0.0,0.01952506160887168
Batch_3,cfe5vt7s,D04,band_pore_frac,1.0,0.04555205949656751
Batch_3,cfe5vt7s,D04,band_pore_frac,2.0,0.038993740098574196
Batch_3,cfe5vt7s,D04,band_pore_frac,3.0,0.05229052983629642
Batch_3,cfe5vt7s,D04,band_pore_frac,4.0,0.039462682626298186
Batch_3,hawkfj64,K08,g_obs_x,0.25,0.0
Batch_3,hawkfj64,K08,g_obs_x,0.5,0.09007407601618679
Batch_3,hawkfj64,K08,g_obs_x,0.75,0.4279580477575198
Batch_3,hawkfj64,K08,g_obs_x,1.0,0.8912691397595025
Batch_3,hawkfj64,K08,g_obs_x,1.25,0.7631030199960637
Batch_3,hawkfj64,K08,g_obs_x,1.5,0.8940017542327294
Batch_3,hawkfj64,K08,g_obs_x,1.75,1.0522640403811434
Batch_3,hawkfj64,K08,g_obs_x,2.0,0.8873742352346301
Batch_3,hawkfj64,K08,g_obs_x,2.25,0.9936620896025249
Batch_3,hawkfj64,K08,g_obs_x,2.5,0.6809907776444923
Batch_3,hawkfj64,K08,g_obs_x,2.75,0.4110520659873634
Batch_3,hawkfj64,K08,g_obs_x,3.0,0.8631281332075376
Batch_3,hawkfj64,K08,g_obs_x,3.25,1.2340225747153273
Batch_3,hawkfj64,K08,g_obs_x,3.5,1.1208613640992724
Batch_3,hawkfj64,K08,g_obs_x,3.75,0.6826573399757606
Batch_3,hawkfj64,K08,g_obs_x,4.0,0.8975687767225476
Batch_3,hawkfj64,K08,g_obs_x,4.25,1.3858878115333682
Batch_3,hawkfj64,K08,g_obs_x,4.5,1.230118533596292
Batch_3,hawkfj64,K08,g_obs_x,4.75,0.7584945351566882
Batch_3,hawkfj64,K08,g_obs_x,5.0,0.5928969742549222
Batch_3,hawkfj64,K08,g_obs_x,5.25,1.147924265448732
Batch_3,hawkfj64,K08,g_obs_x,5.5,1.2263539204763116
Batch_3,hawkfj64,K08,g_obs_x,5.75,1.3986622105946076
Batch_3,hawkfj64,K08,g_obs_x,6.0,1.305976288649408
Batch_3,hawkfj64,K08,g_obs_x,6.25,1.2414266519282091
Batch_3,hawkfj64,K08,g_obs_x,6.5,1.3505907915842539
Batch_3,hawkfj64,K08,g_obs_x,6.75,0.828774986067377
Batch_3,hawkfj64,K08,g_obs_x,7.0,0.6097780233895972
Batch_3,hawkfj64,K08,g_obs_x,7.25,1.0743319820991264
Batch_3,hawkfj64,K08,g_obs_x,7.5,1.928994869999621
Batch_3,hawkfj64,K08,g_obs_x,7.75,2.0694907214218716
Batch_3,hawkfj64,K08,g_obs_x,8.0,1.4580718505060102
Batch_3,hawkfj64,K08,g_obs_x,8.25,1.1239251658873333
Batch_3,hawkfj64,K08,g_obs_x,8.5,1.1756354016896773
Batch_3,hawkfj64,K08,g_obs_x,8.75,1.084200941851904
Batch_3,hawkfj64,K08,g_obs_x,9.0,0.9718468602722204
Batch_3,hawkfj64,K08,g_obs_x,9.25,0.8122448708553417
Batch_3,hawkfj64,K08,g_obs_x,9.5,1.0148175119536205
Batch_3,hawkfj64,K08,g_obs_x,9.75,1.3740036462416212
Batch_3,hawkfj64,K08,g_obs_x,10.0,1.0136883268402992
Batch_3,hawkfj64,K08,env_lo_x,0.25,0.26221010023456826
Batch_3,hawkfj64,K08,env_lo_x,0.5,0.2936888700882931
Batch_3,hawkfj64,K08,env_lo_x,0.75,0.36364885527702245
Batch_3,hawkfj64,K08,env_lo_x,1.0,0.41229112057541334
Batch_3,hawkfj64,K08,env_lo_x,1.25,0.40777557518666546
Batch_3,hawkfj64,K08,env_lo_x,1.5,0.4398774957211538
Batch_3,hawkfj64,K08,env_lo_x,1.75,0.4422835810348714
Batch_3,hawkfj64,K08,env_lo_x,2.0,0.42903324777555996
Batch_3,hawkfj64,K08,env_lo_x,2.25,0.41782140939201395
Batch_3,hawkfj64,K08,env_lo_x,2.5,0.40580246717929636
Batch_3,hawkfj64,K08,env_lo_x,2.75,0.46536914173437166
Batch_3,hawkfj64,K08,env_lo_x,3.0,0.42340054240153296
Batch_3,hawkfj64,K08,env_lo_x,3.25,0.3641248537580404
Batch_3,hawkfj64,K08,env_lo_x,3.5,0.45315771061591653
Batch_3,hawkfj64,K08,env_lo_x,3.75,0.5271514640707061
Batch_3,hawkfj64,K08,env_lo_x,4.0,0.438898080624611
Batch_3,hawkfj64,K08,env_lo_x,4.25,0.46681107002225075
Batch_3,hawkfj64,K08,env_lo_x,4.5,0.4787175625818219
Batch_3,hawkfj64,K08,env_lo_x,4.75,0.43313245130317396
Batch_3,hawkfj64,K08,env_lo_x,5.0,0.4009170761627626
Batch_3,hawkfj64,K08,env_lo_x,5.25,0.492516330904691
Batch_3,hawkfj64,K08,env_lo_x,5.5,0.5142224074160245
Batch_3,hawkfj64,K08,env_lo_x,5.75,0.42106433640829344
Batch_3,hawkfj64,K08,env_lo_x,6.0,0.4277942033932904
Batch_3,hawkfj64,K08,env_lo_x,6.25,0.5077077362055201
Batch_3,hawkfj64,K08,env_lo_x,6.5,0.5239488594123248
Batch_3,hawkfj64,K08,env_lo_x,6.75,0.44316565892659376
Batch_3,hawkfj64,K08,env_lo_x,7.0,0.5127344042803995
Batch_3,hawkfj64,K08,env_lo_x,7.25,0.5052596494148683
Batch_3,hawkfj64,K08,env_lo_x,7.5,0.3704410271611703
Batch_3,hawkfj64,K08,env_lo_x,7.75,0.43406899141403904
Batch_3,hawkfj64,K08,env_lo_x,8.0,0.4872768087797556
Batch_3,hawkfj64,K08,env_lo_x,8.25,0.37544782511531144
Batch_3,hawkfj64,K08,env_lo_x,8.5,0.45638065142612516
Batch_3,hawkfj64,K08,env_lo_x,8.75,0.5420252863717676
Batch_3,hawkfj64,K08,env_lo_x,9.0,0.5594708317449493
Batch_3,hawkfj64,K08,env_lo_x,9.25,0.438001819594588
Batch_3,hawkfj64,K08,env_lo_x,9.5,0.5942150804659521
Batch_3,hawkfj64,K08,env_lo_x,9.75,0.4969077958128625
Batch_3,hawkfj64,K08,env_lo_x,10.0,0.5720158866351426
Batch_3,hawkfj64,K08,env_hi_x,0.25,2.1131732515070505
Batch_3,hawkfj64,K08,env_hi_x,0.5,1.7532240306623685
Batch_3,hawkfj64,K08,env_hi_x,0.75,1.7526044202902737
Batch_3,hawkfj64,K08,env_hi_x,1.0,1.7160869055208183
Batch_3,hawkfj64,K08,env_hi_x,1.25,1.764718968968671
Batch_3,hawkfj64,K08,env_hi_x,1.5,1.6947656646287705
Batch_3,hawkfj64,K08,env_hi_x,1.75,1.5454825903328284
Batch_3,hawkfj64,K08,env_hi_x,2.0,1.6323987775503466
Batch_3,hawkfj64,K08,env_hi_x,2.25,1.5849141802490179
Batch_3,hawkfj64,K08,env_hi_x,2.5,1.7906729797390226
Batch_3,hawkfj64,K08,env_hi_x,2.75,1.9457724932701967
Batch_3,hawkfj64,K08,env_hi_x,3.0,1.6224787758000943
Batch_3,hawkfj64,K08,env_hi_x,3.25,1.601890575414953
Batch_3,hawkfj64,K08,env_hi_x,3.5,1.5870383145452938
Batch_3,hawkfj64,K08,env_hi_x,3.75,1.7772233742361943
Batch_3,hawkfj64,K08,env_hi_x,4.0,1.530025472873637
Batch_3,hawkfj64,K08,env_hi_x,4.25,1.6412838888321308
Batch_3,hawkfj64,K08,env_hi_x,4.5,1.6934903182309777
Batch_3,hawkfj64,K08,env_hi_x,4.75,1.595386672904339
Batch_3,hawkfj64,K08,env_hi_x,5.0,1.6363030992379162
Batch_3,hawkfj64,K08,env_hi_x,5.25,1.6202544979840887
Batch_3,hawkfj64,K08,env_hi_x,5.5,1.6228558381761091
Batch_3,hawkfj64,K08,env_hi_x,5.75,1.7006379973126446
Batch_3,hawkfj64,K08,env_hi_x,6.0,1.5614653537795218
Batch_3,hawkfj64,K08,env_hi_x,6.25,1.665909210537089
Batch_3,hawkfj64,K08,env_hi_x,6.5,1.6794045427334974
Batch_3,hawkfj64,K08,env_hi_x,6.75,1.6889869896579506
Batch_3,hawkfj64,K08,env_hi_x,7.0,1.6224422474276041
Batch_3,hawkfj64,K08,env_hi_x,7.25,1.5900836543245442
Batch_3,hawkfj64,K08,env_hi_x,7.5,1.6036703320135106
Batch_3,hawkfj64,K08,env_hi_x,7.75,1.577179867057304
Batch_3,hawkfj64,K08,env_hi_x,8.0,1.5038092445797044
Batch_3,hawkfj64,K08,env_hi_x,8.25,1.6968105423770548
Batch_3,hawkfj64,K08,env_hi_x,8.5,1.7306301602301482
Batch_3,hawkfj64,K08,env_hi_x,8.75,1.5399897115447234
Batch_3,hawkfj64,K08,env_hi_x,9.0,1.710826619585018
Batch_3,hawkfj64,K08,env_hi_x,9.25,1.574983650710079
Batch_3,hawkfj64,K08,env_hi_x,9.5,1.4742762645659537
Batch_3,hawkfj64,K08,env_hi_x,9.75,1.4370565280602485
Batch_3,hawkfj64,K08,env_hi_x,10.0,1.587423357881002
Batch_3,hawkfj64,K08,g_obs_z,0.25,0.0
Batch_3,hawkfj64,K08,g_obs_z,0.5,0.3243367619261471
Batch_3,hawkfj64,K08,g_obs_z,0.75,0.503170049832475
Batch_3,hawkfj64,K08,g_obs_z,1.0,0.3281021483623819
Batch_3,hawkfj64,K08,g_obs_z,1.25,0.8607815285185937
Batch_3,hawkfj64,K08,g_obs_z,1.5,0.9891213649950917
Batch_3,hawkfj64,K08,g_obs_z,1.75,0.6961043634320124
Batch_3,hawkfj64,K08,g_obs_z,2.0,0.5848781971449131
Batch_3,hawkfj64,K08,g_obs_z,2.25,0.4563513639456208
Batch_3,hawkfj64,K08,g_obs_z,2.5,0.8449060085453914
Batch_3,hawkfj64,K08,g_obs_z,2.75,0.7579139017248896
Batch_3,hawkfj64,K08,g_obs_z,3.0,1.028434945969989
Batch_3,hawkfj64,K08,g_obs_z,3.25,0.9399360803112619
Batch_3,hawkfj64,K08,g_obs_z,3.5,0.8827156742548509
Batch_3,hawkfj64,K08,g_obs_z,3.75,0.5786709252265252
Batch_3,hawkfj64,K08,g_obs_z,4.0,0.7201410580096491
Batch_3,hawkfj64,K08,g_obs_z,4.25,0.9331363444889081
Batch_3,hawkfj64,K08,g_obs_z,4.5,0.39399564222413236
Batch_3,hawkfj64,K08,g_obs_z,4.75,0.23068038450401274
Batch_3,hawkfj64,K08,g_obs_z,5.0,0.5625070829454936
Batch_3,hawkfj64,K08,g_obs_z,5.25,1.027120816325093
Batch_3,hawkfj64,K08,g_obs_z,5.5,0.8873990421767807
Batch_3,hawkfj64,K08,g_obs_z,5.75,0.7259236137218
Batch_3,hawkfj64,K08,g_obs_z,6.0,0.8398697239928572
Batch_3,hawkfj64,K08,g_obs_z,6.25,0.686388004719752
Batch_3,hawkfj64,K08,g_obs_z,6.5,1.0528348768161557
Batch_3,hawkfj64,K08,g_obs_z,6.75,1.014812332145619
Batch_3,hawkfj64,K08,g_obs_z,7.0,1.0343669315337494
Batch_3,hawkfj64,K08,g_obs_z,7.25,1.074069798839032
Batch_3,hawkfj64,K08,g_obs_z,7.5,0.6102269853812656
Batch_3,hawkfj64,K08,g_obs_z,7.75,0.8295595218907087
Batch_3,hawkfj64,K08,g_obs_z,8.0,0.9202413574184917
Batch_3,hawkfj64,K08,g_obs_z,8.25,0.6758892647251756
Batch_3,hawkfj64,K08,g_obs_z,8.5,0.6009948711508624
Batch_3,hawkfj64,K08,g_obs_z,8.75,0.8791603789378937
Batch_3,hawkfj64,K08,g_obs_z,9.0,0.7846037770571825
Batch_3,hawkfj64,K08,g_obs_z,9.25,0.9439344408006756
Batch_3,hawkfj64,K08,g_obs_z,9.5,1.1595392680746497
Batch_3,hawkfj64,K08,g_obs_z,9.75,1.3860867226452394
Batch_3,hawkfj64,K08,g_obs_z,10.0,1.3482350776243315
Batch_3,hawkfj64,K08,env_lo_z,0.25,0.30613934736608817
Batch_3,hawkfj64,K08,env_lo_z,0.5,0.3723300472068558
Batch_3,hawkfj64,K08,env_lo_z,0.75,0.3490426222568134
Batch_3,hawkfj64,K08,env_lo_z,1.0,0.3449628808017585
Batch_3,hawkfj64,K08,env_lo_z,1.25,0.272178904761985
Batch_3,hawkfj64,K08,env_lo_z,1.5,0.31664994059528473
Batch_3,hawkfj64,K08,env_lo_z,1.75,0.41402810467131307
Batch_3,hawkfj64,K08,env_lo_z,2.0,0.426052049781512
Batch_3,hawkfj64,K08,env_lo_z,2.25,0.38853747340272565
Batch_3,hawkfj64,K08,env_lo_z,2.5,0.4817303347932382
Batch_3,hawkfj64,K08,env_lo_z,2.75,0.390058076481235
Batch_3,hawkfj64,K08,env_lo_z,3.0,0.32095314710841255
Batch_3,hawkfj64,K08,env_lo_z,3.25,0.38527103098074283
Batch_3,hawkfj64,K08,env_lo_z,3.5,0.363624732465813
Batch_3,hawkfj64,K08,env_lo_z,3.75,0.46274679667234425
Batch_3,hawkfj64,K08,env_lo_z,4.0,0.3351132676572384
Batch_3,hawkfj64,K08,env_lo_z,4.25,0.4296828030050234
Batch_3,hawkfj64,K08,env_lo_z,4.5,0.3860972861108062
Batch_3,hawkfj64,K08,env_lo_z,4.75,0.414629062489192
Batch_3,hawkfj64,K08,env_lo_z,5.0,0.4453416288043097
Batch_3,hawkfj64,K08,env_lo_z,5.25,0.42011618136175416
Batch_3,hawkfj64,K08,env_lo_z,5.5,0.4311725036491634
Batch_3,hawkfj64,K08,env_lo_z,5.75,0.482512756642884
Batch_3,hawkfj64,K08,env_lo_z,6.0,0.5628673293600012
Batch_3,hawkfj64,K08,env_lo_z,6.25,0.47913800794495465
Batch_3,hawkfj64,K08,env_lo_z,6.5,0.3483522322838365
Batch_3,hawkfj64,K08,env_lo_z,6.75,0.40717928209668847
Batch_3,hawkfj64,K08,env_lo_z,7.0,0.47149291671396976
Batch_3,hawkfj64,K08,env_lo_z,7.25,0.44564754478609875
Batch_3,hawkfj64,K08,env_lo_z,7.5,0.420822409907272
Batch_3,hawkfj64,K08,env_lo_z,7.75,0.48173213337854
Batch_3,hawkfj64,K08,env_lo_z,8.0,0.43988703468996254
Batch_3,hawkfj64,K08,env_lo_z,8.25,0.4409105891369047
Batch_3,hawkfj64,K08,env_lo_z,8.5,0.3766747132564332
Batch_3,hawkfj64,K08,env_lo_z,8.75,0.42950497870275417
Batch_3,hawkfj64,K08,env_lo_z,9.0,0.49029403313014713
Batch_3,hawkfj64,K08,env_lo_z,9.25,0.4761234101093493
Batch_3,hawkfj64,K08,env_lo_z,9.5,0.41605672266100546
Batch_3,hawkfj64,K08,env_lo_z,9.75,0.4943746176148357
Batch_3,hawkfj64,K08,env_lo_z,10.0,0.4838923220506531
Batch_3,hawkfj64,K08,env_hi_z,0.25,2.2063301960943273
Batch_3,hawkfj64,K08,env_hi_z,0.5,1.6476773599354908
Batch_3,hawkfj64,K08,env_hi_z,0.75,1.8431629895224082
Batch_3,hawkfj64,K08,env_hi_z,1.0,1.9081556218380182
Batch_3,hawkfj64,K08,env_hi_z,1.25,1.8808487487862076
Batch_3,hawkfj64,K08,env_hi_z,1.5,1.679977724081892
Batch_3,hawkfj64,K08,env_hi_z,1.75,1.9571230064396359
Batch_3,hawkfj64,K08,env_hi_z,2.0,1.8918321505224793
Batch_3,hawkfj64,K08,env_hi_z,2.25,1.6131398832598771
Batch_3,hawkfj64,K08,env_hi_z,2.5,1.8384300110683356
Batch_3,hawkfj64,K08,env_hi_z,2.75,1.8168515423144405
Batch_3,hawkfj64,K08,env_hi_z,3.0,1.7786186038449674
Batch_3,hawkfj64,K08,env_hi_z,3.25,1.8432709293360374
Batch_3,hawkfj64,K08,env_hi_z,3.5,1.628645383528605
Batch_3,hawkfj64,K08,env_hi_z,3.75,1.7641141189117961
Batch_3,hawkfj64,K08,env_hi_z,4.0,1.8961225291225208
Batch_3,hawkfj64,K08,env_hi_z,4.25,1.7037324450993678
Batch_3,hawkfj64,K08,env_hi_z,4.5,1.70922557836976
Batch_3,hawkfj64,K08,env_hi_z,4.75,1.573108154801266
Batch_3,hawkfj64,K08,env_hi_z,5.0,1.6073955076742128
Batch_3,hawkfj64,K08,env_hi_z,5.25,1.6797040091102113
Batch_3,hawkfj64,K08,env_hi_z,5.5,1.8681904153752704
Batch_3,hawkfj64,K08,env_hi_z,5.75,1.7615739055047592
Batch_3,hawkfj64,K08,env_hi_z,6.0,1.7090158214526985
Batch_3,hawkfj64,K08,env_hi_z,6.25,1.6016327617367119
Batch_3,hawkfj64,K08,env_hi_z,6.5,1.6686672021342437
Batch_3,hawkfj64,K08,env_hi_z,6.75,1.6898315074351151
Batch_3,hawkfj64,K08,env_hi_z,7.0,1.5427465055131968
Batch_3,hawkfj64,K08,env_hi_z,7.25,1.672527889520959
Batch_3,hawkfj64,K08,env_hi_z,7.5,1.8121379520112741
Batch_3,hawkfj64,K08,env_hi_z,7.75,1.6991000399500535
Batch_3,hawkfj64,K08,env_hi_z,8.0,1.6692470469335257
Batch_3,hawkfj64,K08,env_hi_z,8.25,1.5389423510351157
Batch_3,hawkfj64,K08,env_hi_z,8.5,1.6449190455936182
Batch_3,hawkfj64,K08,env_hi_z,8.75,1.7500229041185487
Batch_3,hawkfj64,K08,env_hi_z,9.0,1.6533783906547976
Batch_3,hawkfj64,K08,env_hi_z,9.25,1.6419358993214754
Batch_3,hawkfj64,K08,env_hi_z,9.5,1.711647531986366
Batch_3,hawkfj64,K08,env_hi_z,9.75,1.6883603512691252
Batch_3,hawkfj64,K08,env_hi_z,10.0,1.5369465607482007
Batch_3,hawkfj64,K10,cv,1.0,3.7496440780394305
Batch_3,hawkfj64,K10,cv,2.0,3.1803575921785785
Batch_3,hawkfj64,K10,cv,5.0,2.146575757301988
Batch_3,hawkfj64,K10,cv,10.0,1.269538815427928
Batch_3,hawkfj64,K10,cv,20.0,0.6362766137487086
Batch_3,hawkfj64,K12,band_si_frac,0.0,0.032439467094779975
Batch_3,hawkfj64,K12,band_si_frac,1.0,0.0520520085782405
Batch_3,hawkfj64,K12,band_si_frac,2.0,0.04851409129230399
Batch_3,hawkfj64,K12,band_si_frac,3.0,0.048884439359267735
Batch_3,hawkfj64,K12,band_si_frac,4.0,0.04956943273515597
Batch_3,hawkfj64,K13,column_si_frac,5.0,0.038125
Batch_3,hawkfj64,K13,column_si_frac,15.0,0.07209033613445379
Batch_3,hawkfj64,K13,column_si_frac,25.0,0.021092436974789915
Batch_3,hawkfj64,K13,column_si_frac,35.0,0.01398109243697479
Batch_3,hawkfj64,K13,column_si_frac,45.0,0.017421218487394956
Batch_3,hawkfj64,K13,column_si_frac,55.0,0.08882878151260504
Batch_3,hawkfj64,K13,column_si_frac,65.0,0.11097689075630252
Batch_3,hawkfj64,K13,column_si_frac,75.0,0.020099789915966386
Batch_3,hawkfj64,K13,column_si_frac,85.0,0.054763655462184875
Batch_3,hawkfj64,K13,column_si_frac,95.0,0.10346113445378151
Batch_3,hawkfj64,K13,column_si_frac,105.0,0.015173319327731092
Batch_3,hawkfj64,K13,column_si_frac,115.0,0.030819327731092437
Batch_3,hawkfj64,K13,column_si_frac,125.0,0.03363970588235294
Batch_3,hawkfj64,K13,column_si_frac,135.0,0.06220588235294117
Batch_3,hawkfj64,K13,column_si_frac,145.0,0.08616071428571428
Batch_3,hawkfj64,K13,column_si_frac,155.0,0.011938025210084033
Batch_3,hawkfj64,K13,column_si_frac,165.0,0.020467436974789917
Batch_3,hawkfj64,D01,band_graphite_frac,0.0,0.9267629721926031
Batch_3,hawkfj64,D01,band_graphite_frac,1.0,0.9033540201516768
Batch_3,hawkfj64,D01,band_graphite_frac,2.0,0.8966457906780682
Batch_3,hawkfj64,D01,band_graphite_frac,3.0,0.907822473804649
Batch_3,hawkfj64,D01,band_graphite_frac,4.0,0.9067942310008431
Batch_3,hawkfj64,D04,band_pore_frac,0.0,0.032375070387099095
Batch_3,hawkfj64,D04,band_pore_frac,1.0,0.03609809864976578
Batch_3,hawkfj64,D04,band_pore_frac,2.0,0.045873479465253525
Batch_3,hawkfj64,D04,band_pore_frac,3.0,0.03759333975671444
Batch_3,hawkfj64,D04,band_pore_frac,4.0,0.03425418523425268
Batch_3,hzumfsms,K08,g_obs_x,0.25,0.0
Batch_3,hzumfsms,K08,g_obs_x,0.5,0.0
Batch_3,hzumfsms,K08,g_obs_x,0.75,0.2885636855339736
Batch_3,hzumfsms,K08,g_obs_x,1.0,0.8296086147745387
Batch_3,hzumfsms,K08,g_obs_x,1.25,0.9941104730454852
Batch_3,hzumfsms,K08,g_obs_x,1.5,0.7605554912989193
Batch_3,hzumfsms,K08,g_obs_x,1.75,0.9320762647925294
Batch_3,hzumfsms,K08,g_obs_x,2.0,1.1609743476144372
Batch_3,hzumfsms,K08,g_obs_x,2.25,0.8998922436560737
Batch_3,hzumfsms,K08,g_obs_x,2.5,0.9954831627794065
Batch_3,hzumfsms,K08,g_obs_x,2.75,1.6135243788906135
Batch_3,hzumfsms,K08,g_obs_x,3.0,1.4633379322312041
Batch_3,hzumfsms,K08,g_obs_x,3.25,0.7865930528545755
Batch_3,hzumfsms,K08,g_obs_x,3.5,0.6858450423625156
Batch_3,hzumfsms,K08,g_obs_x,3.75,0.8364779813471633
Batch_3,hzumfsms,K08,g_obs_x,4.0,1.343486062154363
Batch_3,hzumfsms,K08,g_obs_x,4.25,1.6062378754864646
Batch_3,hzumfsms,K08,g_obs_x,4.5,1.32754936846281
Batch_3,hzumfsms,K08,g_obs_x,4.75,1.193733231394501
Batch_3,hzumfsms,K08,g_obs_x,5.0,1.33394623368553
Batch_3,hzumfsms,K08,g_obs_x,5.25,1.4529462373384294
Batch_3,hzumfsms,K08,g_obs_x,5.5,1.5165045328359803
Batch_3,hzumfsms,K08,g_obs_x,5.75,1.253483448263267
Batch_3,hzumfsms,K08,g_obs_x,6.0,1.4160777672674265
Batch_3,hzumfsms,K08,g_obs_x,6.25,1.7394406483512475
Batch_3,hzumfsms,K08,g_obs_x,6.5,1.1706930590902935
Batch_3,hzumfsms,K08,g_obs_x,6.75,0.6679840735868746
Batch_3,hzumfsms,K08,g_obs_x,7.0,0.6230777007162116
Batch_3,hzumfsms,K08,g_obs_x,7.25,0.7130921884401319
Batch_3,hzumfsms,K08,g_obs_x,7.5,0.8441068677303641
Batch_3,hzumfsms,K08,g_obs_x,7.75,0.9982772838950652
Batch_3,hzumfsms,K08,g_obs_x,8.0,1.3007064265307684
Batch_3,hzumfsms,K08,g_obs_x,8.25,1.1017748229782778
Batch_3,hzumfsms,K08,g_obs_x,8.5,0.6403435647350694
Batch_3,hzumfsms,K08,g_obs_x,8.75,1.1243896541567566
Batch_3,hzumfsms,K08,g_obs_x,9.0,1.8967785017289245
Batch_3,hzumfsms,K08,g_obs_x,9.25,1.7264948982954538
Batch_3,hzumfsms,K08,g_obs_x,9.5,1.081011408768017
Batch_3,hzumfsms,K08,g_obs_x,9.75,0.8303015272740303
Batch_3,hzumfsms,K08,g_obs_x,10.0,0.8263266729770634
Batch_3,hzumfsms,K08,env_lo_x,0.25,0.009154020039238897
Batch_3,hzumfsms,K08,env_lo_x,0.5,0.33965606696744804
Batch_3,hzumfsms,K08,env_lo_x,0.75,0.39057773646512123
Batch_3,hzumfsms,K08,env_lo_x,1.0,0.2512459673106227
Batch_3,hzumfsms,K08,env_lo_x,1.25,0.3121621898480933
Batch_3,hzumfsms,K08,env_lo_x,1.5,0.27746035949825615
Batch_3,hzumfsms,K08,env_lo_x,1.75,0.31880988677508365
Batch_3,hzumfsms,K08,env_lo_x,2.0,0.4520288436859135
Batch_3,hzumfsms,K08,env_lo_x,2.25,0.5000091889834946
Batch_3,hzumfsms,K08,env_lo_x,2.5,0.47425503412804393
Batch_3,hzumfsms,K08,env_lo_x,2.75,0.4569292204651594
Batch_3,hzumfsms,K08,env_lo_x,3.0,0.4152410883256335
Batch_3,hzumfsms,K08,env_lo_x,3.25,0.44070152424151937
Batch_3,hzumfsms,K08,env_lo_x,3.5,0.39485287696896654
Batch_3,hzumfsms,K08,env_lo_x,3.75,0.4719161323386637
Batch_3,hzumfsms,K08,env_lo_x,4.0,0.49012010302765946
Batch_3,hzumfsms,K08,env_lo_x,4.25,0.4623029215480676
Batch_3,hzumfsms,K08,env_lo_x,4.5,0.4308190420030821
Batch_3,hzumfsms,K08,env_lo_x,4.75,0.5642705000902207
Batch_3,hzumfsms,K08,env_lo_x,5.0,0.5108460310423437
Batch_3,hzumfsms,K08,env_lo_x,5.25,0.37358106358563564
Batch_3,hzumfsms,K08,env_lo_x,5.5,0.3699136011670082
Batch_3,hzumfsms,K08,env_lo_x,5.75,0.35866647098606586
Batch_3,hzumfsms,K08,env_lo_x,6.0,0.44185437083252116
Batch_3,hzumfsms,K08,env_lo_x,6.25,0.3656781703944513
Batch_3,hzumfsms,K08,env_lo_x,6.5,0.3188703425709386
Batch_3,hzumfsms,K08,env_lo_x,6.75,0.3881750951319258
Batch_3,hzumfsms,K08,env_lo_x,7.0,0.3684776099044072
Batch_3,hzumfsms,K08,env_lo_x,7.25,0.46542278623924593
Batch_3,hzumfsms,K08,env_lo_x,7.5,0.49256672341545743
Batch_3,hzumfsms,K08,env_lo_x,7.75,0.4523838487787437
Batch_3,hzumfsms,K08,env_lo_x,8.0,0.45687065209719496
Batch_3,hzumfsms,K08,env_lo_x,8.25,0.487490127593385
Batch_3,hzumfsms,K08,env_lo_x,8.5,0.4166042788900629
Batch_3,hzumfsms,K08,env_lo_x,8.75,0.37396433616934704
Batch_3,hzumfsms,K08,env_lo_x,9.0,0.48744372882852566
Batch_3,hzumfsms,K08,env_lo_x,9.25,0.46711891781331333
Batch_3,hzumfsms,K08,env_lo_x,9.5,0.4672842636440501
Batch_3,hzumfsms,K08,env_lo_x,9.75,0.41372240116746
Batch_3,hzumfsms,K08,env_lo_x,10.0,0.420355066644737
Batch_3,hzumfsms,K08,env_hi_x,0.25,2.183746398505615
Batch_3,hzumfsms,K08,env_hi_x,0.5,1.9120098534991226
Batch_3,hzumfsms,K08,env_hi_x,0.75,1.8391637525149112
Batch_3,hzumfsms,K08,env_hi_x,1.0,1.6499539541621229
Batch_3,hzumfsms,K08,env_hi_x,1.25,1.8755715422337438
Batch_3,hzumfsms,K08,env_hi_x,1.5,1.8313665569461177
Batch_3,hzumfsms,K08,env_hi_x,1.75,1.8373716730631373
Batch_3,hzumfsms,K08,env_hi_x,2.0,1.878427357616387
Batch_3,hzumfsms,K08,env_hi_x,2.25,1.7588823431111995
Batch_3,hzumfsms,K08,env_hi_x,2.5,1.7294650093971757
Batch_3,hzumfsms,K08,env_hi_x,2.75,1.6508448242289546
Batch_3,hzumfsms,K08,env_hi_x,3.0,1.7071481635049903
Batch_3,hzumfsms,K08,env_hi_x,3.25,1.7052445598507386
Batch_3,hzumfsms,K08,env_hi_x,3.5,1.7256479494809165
Batch_3,hzumfsms,K08,env_hi_x,3.75,1.7377934923399057
Batch_3,hzumfsms,K08,env_hi_x,4.0,1.7371283302590483
Batch_3,hzumfsms,K08,env_hi_x,4.25,1.6251858514715005
Batch_3,hzumfsms,K08,env_hi_x,4.5,1.6898906672314762
Batch_3,hzumfsms,K08,env_hi_x,4.75,1.7190691903818411
Batch_3,hzumfsms,K08,env_hi_x,5.0,1.6342629201676568
Batch_3,hzumfsms,K08,env_hi_x,5.25,1.7647316536071922
Batch_3,hzumfsms,K08,env_hi_x,5.5,1.75884957573969
Batch_3,hzumfsms,K08,env_hi_x,5.75,1.9522513658460543
Batch_3,hzumfsms,K08,env_hi_x,6.0,1.8762648063527965
Batch_3,hzumfsms,K08,env_hi_x,6.25,1.74966683312196
Batch_3,hzumfsms,K08,env_hi_x,6.5,1.8092565726058805
Batch_3,hzumfsms,K08,env_hi_x,6.75,1.6460900945757841
Batch_3,hzumfsms,K08,env_hi_x,7.0,1.8273964341010585
Batch_3,hzumfsms,K08,env_hi_x,7.25,1.6903842504847948
Batch_3,hzumfsms,K08,env_hi_x,7.5,1.8595905496113962
Batch_3,hzumfsms,K08,env_hi_x,7.75,1.818652085516011
Batch_3,hzumfsms,K08,env_hi_x,8.0,1.711080835042813
Batch_3,hzumfsms,K08,env_hi_x,8.25,1.6714359320561656
Batch_3,hzumfsms,K08,env_hi_x,8.5,1.6900719135396025
Batch_3,hzumfsms,K08,env_hi_x,8.75,1.7823636026853622
Batch_3,hzumfsms,K08,env_hi_x,9.0,1.558514178325397
Batch_3,hzumfsms,K08,env_hi_x,9.25,1.712900208695987
Batch_3,hzumfsms,K08,env_hi_x,9.5,1.6860827626852417
Batch_3,hzumfsms,K08,env_hi_x,9.75,1.5549848246376667
Batch_3,hzumfsms,K08,env_hi_x,10.0,1.7350494754403936
Batch_3,hzumfsms,K08,g_obs_z,0.25,0.0
Batch_3,hzumfsms,K08,g_obs_z,0.5,0.07131417569426025
Batch_3,hzumfsms,K08,g_obs_z,0.75,0.36863012322322
Batch_3,hzumfsms,K08,g_obs_z,1.0,0.5858060847000016
Batch_3,hzumfsms,K08,g_obs_z,1.25,0.5153777902970075
Batch_3,hzumfsms,K08,g_obs_z,1.5,0.2625380423877321
Batch_3,hzumfsms,K08,g_obs_z,1.75,0.3866436807243695
Batch_3,hzumfsms,K08,g_obs_z,2.0,0.5634132309693844
Batch_3,hzumfsms,K08,g_obs_z,2.25,0.3056177240555785
Batch_3,hzumfsms,K08,g_obs_z,2.5,0.47614923052914004
Batch_3,hzumfsms,K08,g_obs_z,2.75,1.487741797437861
Batch_3,hzumfsms,K08,g_obs_z,3.0,1.3801112053031843
Batch_3,hzumfsms,K08,g_obs_z,3.25,0.6147538130642065
Batch_3,hzumfsms,K08,g_obs_z,3.5,0.8677817233724203
Batch_3,hzumfsms,K08,g_obs_z,3.75,0.9439665830484489
Batch_3,hzumfsms,K08,g_obs_z,4.0,1.049623051198384
Batch_3,hzumfsms,K08,g_obs_z,4.25,1.492263463102443
Batch_3,hzumfsms,K08,g_obs_z,4.5,1.3838338898594855
Batch_3,hzumfsms,K08,g_obs_z,4.75,1.0306867946459897
Batch_3,hzumfsms,K08,g_obs_z,5.0,0.9845207293259851
Batch_3,hzumfsms,K08,g_obs_z,5.25,1.1121636992630857
Batch_3,hzumfsms,K08,g_obs_z,5.5,0.962821193468474
Batch_3,hzumfsms,K08,g_obs_z,5.75,0.9425585028205085
Batch_3,hzumfsms,K08,g_obs_z,6.0,1.0848744574395077
Batch_3,hzumfsms,K08,g_obs_z,6.25,0.8258606130534518
Batch_3,hzumfsms,K08,g_obs_z,6.5,0.9568724736263988
Batch_3,hzumfsms,K08,g_obs_z,6.75,1.269435188442531
Batch_3,hzumfsms,K08,g_obs_z,7.0,1.341278485527188
Batch_3,hzumfsms,K08,g_obs_z,7.25,1.5281888985853316
Batch_3,hzumfsms,K08,g_obs_z,7.5,1.5668047263239147
Batch_3,hzumfsms,K08,g_obs_z,7.75,0.8923180387771453
Batch_3,hzumfsms,K08,g_obs_z,8.0,0.16219256000353727
Batch_3,hzumfsms,K08,g_obs_z,8.25,0.11268806958221883
Batch_3,hzumfsms,K08,g_obs_z,8.5,0.6036136123246573
Batch_3,hzumfsms,K08,g_obs_z,8.75,0.9617133646712787
Batch_3,hzumfsms,K08,g_obs_z,9.0,1.138932615446003
Batch_3,hzumfsms,K08,g_obs_z,9.25,1.1996467077807633
Batch_3,hzumfsms,K08,g_obs_z,9.5,0.6499739645109115
Batch_3,hzumfsms,K08,g_obs_z,9.75,0.3182207864412286
Batch_3,hzumfsms,K08,g_obs_z,10.0,0.35747792866992634
Batch_3,hzumfsms,K08,env_lo_z,0.25,0.0
Batch_3,hzumfsms,K08,env_lo_z,0.5,0.14903141029130157
Batch_3,hzumfsms,K08,env_lo_z,0.75,0.2626447190724876
Batch_3,hzumfsms,K08,env_lo_z,1.0,0.34949206007428074
Batch_3,hzumfsms,K08,env_lo_z,1.25,0.39261306509985167
Batch_3,hzumfsms,K08,env_lo_z,1.5,0.40055147426938753
Batch_3,hzumfsms,K08,env_lo_z,1.75,0.4382881102379001
Batch_3,hzumfsms,K08,env_lo_z,2.0,0.3618243801834553
Batch_3,hzumfsms,K08,env_lo_z,2.25,0.4352112365907909
Batch_3,hzumfsms,K08,env_lo_z,2.5,0.4639501930536217
Batch_3,hzumfsms,K08,env_lo_z,2.75,0.39819448148670866
Batch_3,hzumfsms,K08,env_lo_z,3.0,0.28558631185491135
Batch_3,hzumfsms,K08,env_lo_z,3.25,0.29773055682076155
Batch_3,hzumfsms,K08,env_lo_z,3.5,0.3289660586366014
Batch_3,hzumfsms,K08,env_lo_z,3.75,0.3620607565447289
Batch_3,hzumfsms,K08,env_lo_z,4.0,0.2521409116389747
Batch_3,hzumfsms,K08,env_lo_z,4.25,0.31942316897929196
Batch_3,hzumfsms,K08,env_lo_z,4.5,0.2920222693931836
Batch_3,hzumfsms,K08,env_lo_z,4.75,0.29313350533175997
Batch_3,hzumfsms,K08,env_lo_z,5.0,0.1915820717070741
Batch_3,hzumfsms,K08,env_lo_z,5.25,0.1430712614205556
Batch_3,hzumfsms,K08,env_lo_z,5.5,0.2890556930441791
Batch_3,hzumfsms,K08,env_lo_z,5.75,0.20826832617753377
Batch_3,hzumfsms,K08,env_lo_z,6.0,0.26670521247596424
Batch_3,hzumfsms,K08,env_lo_z,6.25,0.2737259709651589
Batch_3,hzumfsms,K08,env_lo_z,6.5,0.33293025435923
Batch_3,hzumfsms,K08,env_lo_z,6.75,0.22125327007534298
Batch_3,hzumfsms,K08,env_lo_z,7.0,0.3105044470241798
Batch_3,hzumfsms,K08,env_lo_z,7.25,0.41590302120538797
Batch_3,hzumfsms,K08,env_lo_z,7.5,0.4337468815945479
Batch_3,hzumfsms,K08,env_lo_z,7.75,0.4051463258556402
Batch_3,hzumfsms,K08,env_lo_z,8.0,0.382202486646022
Batch_3,hzumfsms,K08,env_lo_z,8.25,0.4336471981735325
Batch_3,hzumfsms,K08,env_lo_z,8.5,0.3066689804566777
Batch_3,hzumfsms,K08,env_lo_z,8.75,0.4315606357235174
Batch_3,hzumfsms,K08,env_lo_z,9.0,0.43198147734012904
Batch_3,hzumfsms,K08,env_lo_z,9.25,0.44227711273708803
Batch_3,hzumfsms,K08,env_lo_z,9.5,0.5201159407652275
Batch_3,hzumfsms,K08,env_lo_z,9.75,0.33895727083466515
Batch_3,hzumfsms,K08,env_lo_z,10.0,0.4062767077753664
Batch_3,hzumfsms,K08,env_hi_z,0.25,2.576168731548034
Batch_3,hzumfsms,K08,env_hi_z,0.5,1.9105878348926195
Batch_3,hzumfsms,K08,env_hi_z,0.75,1.9225186791883966
Batch_3,hzumfsms,K08,env_hi_z,1.0,1.8373722653383606
Batch_3,hzumfsms,K08,env_hi_z,1.25,1.7963399792000678
Batch_3,hzumfsms,K08,env_hi_z,1.5,1.8036855163049235
Batch_3,hzumfsms,K08,env_hi_z,1.75,1.65815641645801
Batch_3,hzumfsms,K08,env_hi_z,2.0,1.7856076772211538
Batch_3,hzumfsms,K08,env_hi_z,2.25,1.7047963288536818
Batch_3,hzumfsms,K08,env_hi_z,2.5,1.7740068069381454
Batch_3,hzumfsms,K08,env_hi_z,2.75,1.7882830520821473
Batch_3,hzumfsms,K08,env_hi_z,3.0,1.8793083888018969
Batch_3,hzumfsms,K08,env_hi_z,3.25,1.9977581886726512
Batch_3,hzumfsms,K08,env_hi_z,3.5,1.8059720620496411
Batch_3,hzumfsms,K08,env_hi_z,3.75,1.7760661142759184
Batch_3,hzumfsms,K08,env_hi_z,4.0,2.0039194301236813
Batch_3,hzumfsms,K08,env_hi_z,4.25,1.9315564510368628
Batch_3,hzumfsms,K08,env_hi_z,4.5,1.9463313176113293
Batch_3,hzumfsms,K08,env_hi_z,4.75,1.8507295135937238
Batch_3,hzumfsms,K08,env_hi_z,5.0,1.9271984632639394
Batch_3,hzumfsms,K08,env_hi_z,5.25,1.8071479678311098
Batch_3,hzumfsms,K08,env_hi_z,5.5,1.7247490993556958
Batch_3,hzumfsms,K08,env_hi_z,5.75,2.019225706329226
Batch_3,hzumfsms,K08,env_hi_z,6.0,1.944129337906621
Batch_3,hzumfsms,K08,env_hi_z,6.25,1.8723287324721818
Batch_3,hzumfsms,K08,env_hi_z,6.5,2.071854069461226
Batch_3,hzumfsms,K08,env_hi_z,6.75,1.9694709668442656
Batch_3,hzumfsms,K08,env_hi_z,7.0,1.879843382873061
Batch_3,hzumfsms,K08,env_hi_z,7.25,1.8117986000497377
Batch_3,hzumfsms,K08,env_hi_z,7.5,1.8230190534432915
Batch_3,hzumfsms,K08,env_hi_z,7.75,1.917959225863483
Batch_3,hzumfsms,K08,env_hi_z,8.0,1.948863028231841
Batch_3,hzumfsms,K08,env_hi_z,8.25,2.0628434228044883
Batch_3,hzumfsms,K08,env_hi_z,8.5,1.9586562761385955
Batch_3,hzumfsms,K08,env_hi_z,8.75,1.9172682664124387
Batch_3,hzumfsms,K08,env_hi_z,9.0,1.9211498303633692
Batch_3,hzumfsms,K08,env_hi_z,9.25,1.9740931820804315
Batch_3,hzumfsms,K08,env_hi_z,9.5,1.826732394512593
Batch_3,hzumfsms,K08,env_hi_z,9.75,1.6895058636827418
Batch_3,hzumfsms,K08,env_hi_z,10.0,1.7084659169951297
Batch_3,hzumfsms,K10,cv,1.0,3.722647932681123
Batch_3,hzumfsms,K10,cv,2.0,3.2302994244943184
Batch_3,hzumfsms,K10,cv,5.0,2.3804465330417655
Batch_3,hzumfsms,K10,cv,10.0,1.3445549055609674
Batch_3,hzumfsms,K10,cv,20.0,0.8162031435522582
Batch_3,hzumfsms,K12,band_si_frac,0.0,0.04321959204230672
Batch_3,hzumfsms,K12,band_si_frac,1.0,0.038585451041792125
Batch_3,hzumfsms,K12,band_si_frac,2.0,0.05908187621122705
Batch_3,hzumfsms,K12,band_si_frac,3.0,0.053075011222668694
Batch_3,hzumfsms,K12,band_si_frac,4.0,0.055676533092899584
Batch_3,hzumfsms,K13,column_si_frac,5.0,0.006942165199661843
Batch_3,hzumfsms,K13,column_si_frac,15.0,0.057494172552099126
Batch_3,hzumfsms,K13,column_si_frac,25.0,0.10420468259715182
Batch_3,hzumfsms,K13,column_si_frac,35.0,0.09573527080851411
Batch_3,hzumfsms,K13,column_si_frac,45.0,0.04670629685083337
Batch_3,hzumfsms,K13,column_si_frac,55.0,0.037724515807670896
Batch_3,hzumfsms,K13,column_si_frac,65.0,0.009439655172413793
Batch_3,hzumfsms,K13,column_si_frac,75.0,0.02757183908045977
Batch_3,hzumfsms,K13,column_si_frac,85.0,0.07075670498084291
Batch_3,hzumfsms,K13,column_si_frac,95.0,0.0011829501915708812
Batch_3,hzumfsms,K13,column_si_frac,105.0,0.03992816091954023
Batch_3,hzumfsms,K13,column_si_frac,115.0,0.02811302681992337
Batch_3,hzumfsms,K13,column_si_frac,125.0,0.10405172413793104
Batch_3,hzumfsms,K13,column_si_frac,135.0,0.07991379310344827
Batch_3,hzumfsms,K13,column_si_frac,145.0,0.06771072796934866
Batch_3,hzumfsms,K13,column_si_frac,155.0,0.03007183908045977
Batch_3,hzumfsms,K13,column_si_frac,165.0,0.05071360153256705
Batch_3,hzumfsms,D01,band_graphite_frac,0.0,0.9041392486833894
Batch_3,hzumfsms,D01,band_graphite_frac,1.0,0.9089020397884664
Batch_3,hzumfsms,D01,band_graphite_frac,2.0,0.9033071288581345
Batch_3,hzumfsms,D01,band_graphite_frac,3.0,0.894883284245563
Batch_3,hzumfsms,D01,band_graphite_frac,4.0,0.8596142844569618
Batch_3,hzumfsms,D04,band_pore_frac,0.0,0.043661655699473355
Batch_3,hzumfsms,D04,band_pore_frac,1.0,0.04597325172719609
Batch_3,hzumfsms,D04,band_pore_frac,2.0,0.030626936594659104
Batch_3,hzumfsms,D04,band_pore_frac,3.0,0.04687517107726671
Batch_3,hzumfsms,D04,band_pore_frac,4.0,0.025573275730222843
Batch_3,kbdh4tri,K08,g_obs_x,0.25,0.0
Batch_3,kbdh4tri,K08,g_obs_x,0.5,0.14110322981975587
Batch_3,kbdh4tri,K08,g_obs_x,0.75,0.7601483719782847
Batch_3,kbdh4tri,K08,g_obs_x,1.0,0.5230021865562849
Batch_3,kbdh4tri,K08,g_obs_x,1.25,0.5872205616721897
Batch_3,kbdh4tri,K08,g_obs_x,1.5,0.7865494074577666
Batch_3,kbdh4tri,K08,g_obs_x,1.75,0.7681658960149681
Batch_3,kbdh4tri,K08,g_obs_x,2.0,0.7416716703070465
Batch_3,kbdh4tri,K08,g_obs_x,2.25,0.8537423744754903
Batch_3,kbdh4tri,K08,g_obs_x,2.5,0.9975926728283907
Batch_3,kbdh4tri,K08,g_obs_x,2.75,0.837631439815972
Batch_3,kbdh4tri,K08,g_obs_x,3.0,0.6772471365761635
Batch_3,kbdh4tri,K08,g_obs_x,3.25,0.7859927003442438
Batch_3,kbdh4tri,K08,g_obs_x,3.5,0.7461862242714018
Batch_3,kbdh4tri,K08,g_obs_x,3.75,0.8426767392371963
Batch_3,kbdh4tri,K08,g_obs_x,4.0,0.6980598842627194
Batch_3,kbdh4tri,K08,g_obs_x,4.25,0.9639828222897978
Batch_3,kbdh4tri,K08,g_obs_x,4.5,0.9424449405514795
Batch_3,kbdh4tri,K08,g_obs_x,4.75,0.8812362431176268
Batch_3,kbdh4tri,K08,g_obs_x,5.0,0.9121985142945502
Batch_3,kbdh4tri,K08,g_obs_x,5.25,1.2241702265899348
Batch_3,kbdh4tri,K08,g_obs_x,5.5,1.0756305584791224
Batch_3,kbdh4tri,K08,g_obs_x,5.75,1.2448483043218255
Batch_3,kbdh4tri,K08,g_obs_x,6.0,1.3361125359056767
Batch_3,kbdh4tri,K08,g_obs_x,6.25,0.9533343520060833
Batch_3,kbdh4tri,K08,g_obs_x,6.5,1.131004621260051
Batch_3,kbdh4tri,K08,g_obs_x,6.75,1.1384183823838099
Batch_3,kbdh4tri,K08,g_obs_x,7.0,1.0749338251211886
Batch_3,kbdh4tri,K08,g_obs_x,7.25,0.9095134504908452
Batch_3,kbdh4tri,K08,g_obs_x,7.5,0.9593099485592937
Batch_3,kbdh4tri,K08,g_obs_x,7.75,1.0175416691575299
Batch_3,kbdh4tri,K08,g_obs_x,8.0,1.0816363063123973
Batch_3,kbdh4tri,K08,g_obs_x,8.25,1.1132004221806278
Batch_3,kbdh4tri,K08,g_obs_x,8.5,1.1648086422814987
Batch_3,kbdh4tri,K08,g_obs_x,8.75,1.0212901024381613
Batch_3,kbdh4tri,K08,g_obs_x,9.0,0.9746813844857171
Batch_3,kbdh4tri,K08,g_obs_x,9.25,1.2593114952417774
Batch_3,kbdh4tri,K08,g_obs_x,9.5,1.1022382788463556
Batch_3,kbdh4tri,K08,g_obs_x,9.75,1.2203574155624868
Batch_3,kbdh4tri,K08,g_obs_x,10.0,0.9836938318850471
Batch_3,kbdh4tri,K08,env_lo_x,0.25,0.5089185456300596
Batch_3,kbdh4tri,K08,env_lo_x,0.5,0.616970811590551
Batch_3,kbdh4tri,K08,env_lo_x,0.75,0.6756498181153643
Batch_3,kbdh4tri,K08,env_lo_x,1.0,0.5974487414858312
Batch_3,kbdh4tri,K08,env_lo_x,1.25,0.7149687106997299
Batch_3,kbdh4tri,K08,env_lo_x,1.5,0.7069164820786479
Batch_3,kbdh4tri,K08,env_lo_x,1.75,0.6642821462429648
Batch_3,kbdh4tri,K08,env_lo_x,2.0,0.6633225021400622
Batch_3,kbdh4tri,K08,env_lo_x,2.25,0.7149845124831239
Batch_3,kbdh4tri,K08,env_lo_x,2.5,0.6623879099734709
Batch_3,kbdh4tri,K08,env_lo_x,2.75,0.6996318221955974
Batch_3,kbdh4tri,K08,env_lo_x,3.0,0.688666539449915
Batch_3,kbdh4tri,K08,env_lo_x,3.25,0.6867967503127329
Batch_3,kbdh4tri,K08,env_lo_x,3.5,0.7209974969605322
Batch_3,kbdh4tri,K08,env_lo_x,3.75,0.732122567817137
Batch_3,kbdh4tri,K08,env_lo_x,4.0,0.6959323636939926
Batch_3,kbdh4tri,K08,env_lo_x,4.25,0.7018891250815429
Batch_3,kbdh4tri,K08,env_lo_x,4.5,0.6527180348329004
Batch_3,kbdh4tri,K08,env_lo_x,4.75,0.7289827553959879
Batch_3,kbdh4tri,K08,env_lo_x,5.0,0.7172814456790764
Batch_3,kbdh4tri,K08,env_lo_x,5.25,0.6881682123848691
Batch_3,kbdh4tri,K08,env_lo_x,5.5,0.6932744657597766
Batch_3,kbdh4tri,K08,env_lo_x,5.75,0.6923019828930654
Batch_3,kbdh4tri,K08,env_lo_x,6.0,0.6631784606486042
Batch_3,kbdh4tri,K08,env_lo_x,6.25,0.6450147536017259
Batch_3,kbdh4tri,K08,env_lo_x,6.5,0.660723943276048
Batch_3,kbdh4tri,K08,env_lo_x,6.75,0.6914297941606334
Batch_3,kbdh4tri,K08,env_lo_x,7.0,0.7230523655791421
Batch_3,kbdh4tri,K08,env_lo_x,7.25,0.6983841462641325
Batch_3,kbdh4tri,K08,env_lo_x,7.5,0.6646415702382104
Batch_3,kbdh4tri,K08,env_lo_x,7.75,0.6822986585761911
Batch_3,kbdh4tri,K08,env_lo_x,8.0,0.7748127776803644
Batch_3,kbdh4tri,K08,env_lo_x,8.25,0.699832303754982
Batch_3,kbdh4tri,K08,env_lo_x,8.5,0.7309353352942561
Batch_3,kbdh4tri,K08,env_lo_x,8.75,0.7352603677252229
Batch_3,kbdh4tri,K08,env_lo_x,9.0,0.7550705399592486
Batch_3,kbdh4tri,K08,env_lo_x,9.25,0.7561637322004832
Batch_3,kbdh4tri,K08,env_lo_x,9.5,0.6959248304625514
Batch_3,kbdh4tri,K08,env_lo_x,9.75,0.748101673717033
Batch_3,kbdh4tri,K08,env_lo_x,10.0,0.7402015330831292
Batch_3,kbdh4tri,K08,env_hi_x,0.25,1.3958782319186853
Batch_3,kbdh4tri,K08,env_hi_x,0.5,1.4214100645616132
Batch_3,kbdh4tri,K08,env_hi_x,0.75,1.4528209741015363
Batch_3,kbdh4tri,K08,env_hi_x,1.0,1.540629637931466
Batch_3,kbdh4tri,K08,env_hi_x,1.25,1.512350954062063
Batch_3,kbdh4tri,K08,env_hi_x,1.5,1.4110537539403127
Batch_3,kbdh4tri,K08,env_hi_x,1.75,1.4083655566653317
Batch_3,kbdh4tri,K08,env_hi_x,2.0,1.3444988886608218
Batch_3,kbdh4tri,K08,env_hi_x,2.25,1.2566368355588813
Batch_3,kbdh4tri,K08,env_hi_x,2.5,1.3905623654230086
Batch_3,kbdh4tri,K08,env_hi_x,2.75,1.3225701260253486
Batch_3,kbdh4tri,K08,env_hi_x,3.0,1.3133321465358112
Batch_3,kbdh4tri,K08,env_hi_x,3.25,1.367818654130608
Batch_3,kbdh4tri,K08,env_hi_x,3.5,1.3428148333389474
Batch_3,kbdh4tri,K08,env_hi_x,3.75,1.3930938453737132
Batch_3,kbdh4tri,K08,env_hi_x,4.0,1.3362917827489507
Batch_3,kbdh4tri,K08,env_hi_x,4.25,1.3316963891530935
Batch_3,kbdh4tri,K08,env_hi_x,4.5,1.3071916876456717
Batch_3,kbdh4tri,K08,env_hi_x,4.75,1.4103718510588723
Batch_3,kbdh4tri,K08,env_hi_x,5.0,1.410570759862726
Batch_3,kbdh4tri,K08,env_hi_x,5.25,1.3180763310180827
Batch_3,kbdh4tri,K08,env_hi_x,5.5,1.3298195886465647
Batch_3,kbdh4tri,K08,env_hi_x,5.75,1.3240051246816844
Batch_3,kbdh4tri,K08,env_hi_x,6.0,1.3468707001176992
Batch_3,kbdh4tri,K08,env_hi_x,6.25,1.3681593802319598
Batch_3,kbdh4tri,K08,env_hi_x,6.5,1.2812157006145115
Batch_3,kbdh4tri,K08,env_hi_x,6.75,1.4161182460474493
Batch_3,kbdh4tri,K08,env_hi_x,7.0,1.3353903503003222
Batch_3,kbdh4tri,K08,env_hi_x,7.25,1.2945176311605602
Batch_3,kbdh4tri,K08,env_hi_x,7.5,1.3372913625590115
Batch_3,kbdh4tri,K08,env_hi_x,7.75,1.3733222199906872
Batch_3,kbdh4tri,K08,env_hi_x,8.0,1.337559521802024
Batch_3,kbdh4tri,K08,env_hi_x,8.25,1.3842190549890432
Batch_3,kbdh4tri,K08,env_hi_x,8.5,1.3474443290190539
Batch_3,kbdh4tri,K08,env_hi_x,8.75,1.3204829476542488
Batch_3,kbdh4tri,K08,env_hi_x,9.0,1.2856930229951544
Batch_3,kbdh4tri,K08,env_hi_x,9.25,1.3384126477113136
Batch_3,kbdh4tri,K08,env_hi_x,9.5,1.3307545405602583
Batch_3,kbdh4tri,K08,env_hi_x,9.75,1.3919011754077992
Batch_3,kbdh4tri,K08,env_hi_x,10.0,1.3084897941490845
Batch_3,kbdh4tri,K08,g_obs_z,0.25,0.0
Batch_3,kbdh4tri,K08,g_obs_z,0.5,0.0
Batch_3,kbdh4tri,K08,g_obs_z,0.75,0.2505932542278266
Batch_3,kbdh4tri,K08,g_obs_z,1.0,0.5441800191933451
Batch_3,kbdh4tri,K08,g_obs_z,1.25,0.6782637488769141
Batch_3,kbdh4tri,K08,g_obs_z,1.5,0.7002012549694905
Batch_3,kbdh4tri,K08,g_obs_z,1.75,0.750103389190406
Batch_3,kbdh4tri,K08,g_obs_z,2.0,0.7131388677933558
Batch_3,kbdh4tri,K08,g_obs_z,2.25,0.38882261286956543
Batch_3,kbdh4tri,K08,g_obs_z,2.5,0.5713717250204445
Batch_3,kbdh4tri,K08,g_obs_z,2.75,0.5291990705495456
Batch_3,kbdh4tri,K08,g_obs_z,3.0,0.646797787095767
Batch_3,kbdh4tri,K08,g_obs_z,3.25,0.890473815220801
Batch_3,kbdh4tri,K08,g_obs_z,3.5,0.8966393976533941
Batch_3,kbdh4tri,K08,g_obs_z,3.75,0.6780640241522898
Batch_3,kbdh4tri,K08,g_obs_z,4.0,0.6940191479058696
Batch_3,kbdh4tri,K08,g_obs_z,4.25,0.8498323654745404
Batch_3,kbdh4tri,K08,g_obs_z,4.5,0.9648018501627754
Batch_3,kbdh4tri,K08,g_obs_z,4.75,0.9418251240072261
Batch_3,kbdh4tri,K08,g_obs_z,5.0,0.9937860757669968
Batch_3,kbdh4tri,K08,g_obs_z,5.25,1.1794998073829988
Batch_3,kbdh4tri,K08,g_obs_z,5.5,0.9534617578475765
Batch_3,kbdh4tri,K08,g_obs_z,5.75,1.3278438746213246
Batch_3,kbdh4tri,K08,g_obs_z,6.0,1.3636238155667977
Batch_3,kbdh4tri,K08,g_obs_z,6.25,0.8708945978337242
Batch_3,kbdh4tri,K08,g_obs_z,6.5,1.3972024239213112
Batch_3,kbdh4tri,K08,g_obs_z,6.75,1.243922120442336
Batch_3,kbdh4tri,K08,g_obs_z,7.0,1.1067264523702072
Batch_3,kbdh4tri,K08,g_obs_z,7.25,1.3479876688673227
Batch_3,kbdh4tri,K08,g_obs_z,7.5,1.3842157493779774
Batch_3,kbdh4tri,K08,g_obs_z,7.75,0.8429276059696491
Batch_3,kbdh4tri,K08,g_obs_z,8.0,1.2023124077271576
Batch_3,kbdh4tri,K08,g_obs_z,8.25,1.3839794878604081
Batch_3,kbdh4tri,K08,g_obs_z,8.5,1.1858541702200727
Batch_3,kbdh4tri,K08,g_obs_z,8.75,1.1854995567688915
Batch_3,kbdh4tri,K08,g_obs_z,9.0,1.2536135862534485
Batch_3,kbdh4tri,K08,g_obs_z,9.25,1.15350896469795
Batch_3,kbdh4tri,K08,g_obs_z,9.5,0.8523630722216032
Batch_3,kbdh4tri,K08,g_obs_z,9.75,0.9755018055974575
Batch_3,kbdh4tri,K08,g_obs_z,10.0,0.9628438094321623
Batch_3,kbdh4tri,K08,env_lo_z,0.25,0.46603528449308
Batch_3,kbdh4tri,K08,env_lo_z,0.5,0.5902281601515376
Batch_3,kbdh4tri,K08,env_lo_z,0.75,0.579289545991051
Batch_3,kbdh4tri,K08,env_lo_z,1.0,0.6809511991329606
Batch_3,kbdh4tri,K08,env_lo_z,1.25,0.5983266767873707
Batch_3,kbdh4tri,K08,env_lo_z,1.5,0.6562795721795205
Batch_3,kbdh4tri,K08,env_lo_z,1.75,0.6539808909479221
Batch_3,kbdh4tri,K08,env_lo_z,2.0,0.6048965198386081
Batch_3,kbdh4tri,K08,env_lo_z,2.25,0.6367980694730734
Batch_3,kbdh4tri,K08,env_lo_z,2.5,0.5817746591763262
Batch_3,kbdh4tri,K08,env_lo_z,2.75,0.6396489577696137
Batch_3,kbdh4tri,K08,env_lo_z,3.0,0.6985898536206383
Batch_3,kbdh4tri,K08,env_lo_z,3.25,0.62638265698851
Batch_3,kbdh4tri,K08,env_lo_z,3.5,0.5815590272760841
Batch_3,kbdh4tri,K08,env_lo_z,3.75,0.6155330825844478
Batch_3,kbdh4tri,K08,env_lo_z,4.0,0.5518552683447944
Batch_3,kbdh4tri,K08,env_lo_z,4.25,0.631551987771948
Batch_3,kbdh4tri,K08,env_lo_z,4.5,0.6273698179485995
Batch_3,kbdh4tri,K08,env_lo_z,4.75,0.565454822623446
Batch_3,kbdh4tri,K08,env_lo_z,5.0,0.6321684802540292
Batch_3,kbdh4tri,K08,env_lo_z,5.25,0.630304028254496
Batch_3,kbdh4tri,K08,env_lo_z,5.5,0.6461136667541456
Batch_3,kbdh4tri,K08,env_lo_z,5.75,0.5127648471265335
Batch_3,kbdh4tri,K08,env_lo_z,6.0,0.5593167018339488
Batch_3,kbdh4tri,K08,env_lo_z,6.25,0.6458061061742992
Batch_3,kbdh4tri,K08,env_lo_z,6.5,0.5839912474669318
Batch_3,kbdh4tri,K08,env_lo_z,6.75,0.6909969676724188
Batch_3,kbdh4tri,K08,env_lo_z,7.0,0.6959968247807173
Batch_3,kbdh4tri,K08,env_lo_z,7.25,0.6098228994831025
Batch_3,kbdh4tri,K08,env_lo_z,7.5,0.6338902599999281
Batch_3,kbdh4tri,K08,env_lo_z,7.75,0.6051545912229376
Batch_3,kbdh4tri,K08,env_lo_z,8.0,0.631190040022251
Batch_3,kbdh4tri,K08,env_lo_z,8.25,0.6565354944153737
Batch_3,kbdh4tri,K08,env_lo_z,8.5,0.6881626413320151
Batch_3,kbdh4tri,K08,env_lo_z,8.75,0.6489193739593
Batch_3,kbdh4tri,K08,env_lo_z,9.0,0.7003981029086144
Batch_3,kbdh4tri,K08,env_lo_z,9.25,0.7041825921780599
Batch_3,kbdh4tri,K08,env_lo_z,9.5,0.6618898875055789
Batch_3,kbdh4tri,K08,env_lo_z,9.75,0.6792669096542496
Batch_3,kbdh4tri,K08,env_lo_z,10.0,0.6908570832384783
Batch_3,kbdh4tri,K08,env_hi_z,0.25,1.4628367188724152
Batch_3,kbdh4tri,K08,env_hi_z,0.5,1.4178217281472405
Batch_3,kbdh4tri,K08,env_hi_z,0.75,1.4229112110438393
Batch_3,kbdh4tri,K08,env_hi_z,1.0,1.3714429488890167
Batch_3,kbdh4tri,K08,env_hi_z,1.25,1.3435628120469427
Batch_3,kbdh4tri,K08,env_hi_z,1.5,1.3643319310449242
Batch_3,kbdh4tri,K08,env_hi_z,1.75,1.4991995497285555
Batch_3,kbdh4tri,K08,env_hi_z,2.0,1.325924524238941
Batch_3,kbdh4tri,K08,env_hi_z,2.25,1.361274335275816
Batch_3,kbdh4tri,K08,env_hi_z,2.5,1.3803550958733546
Batch_3,kbdh4tri,K08,env_hi_z,2.75,1.4083653603515647
Batch_3,kbdh4tri,K08,env_hi_z,3.0,1.535941315594629
Batch_3,kbdh4tri,K08,env_hi_z,3.25,1.4170169625970475
Batch_3,kbdh4tri,K08,env_hi_z,3.5,1.4833412388134537
Batch_3,kbdh4tri,K08,env_hi_z,3.75,1.3298458293936901
Batch_3,kbdh4tri,K08,env_hi_z,4.0,1.4834180364598857
Batch_3,kbdh4tri,K08,env_hi_z,4.25,1.554074564472478
Batch_3,kbdh4tri,K08,env_hi_z,4.5,1.5279642214763864
Batch_3,kbdh4tri,K08,env_hi_z,4.75,1.4453207780011872
Batch_3,kbdh4tri,K08,env_hi_z,5.0,1.3975891482259182
Batch_3,kbdh4tri,K08,env_hi_z,5.25,1.3741906173919594
Batch_3,kbdh4tri,K08,env_hi_z,5.5,1.4573804444223368
Batch_3,kbdh4tri,K08,env_hi_z,5.75,1.3967903915538624
Batch_3,kbdh4tri,K08,env_hi_z,6.0,1.4920070051879648
Batch_3,kbdh4tri,K08,env_hi_z,6.25,1.4357304741751198
Batch_3,kbdh4tri,K08,env_hi_z,6.5,1.3607790983164934
Batch_3,kbdh4tri,K08,env_hi_z,6.75,1.498542734787895
Batch_3,kbdh4tri,K08,env_hi_z,7.0,1.4277809204882792
Batch_3,kbdh4tri,K08,env_hi_z,7.25,1.446567533161225
Batch_3,kbdh4tri,K08,env_hi_z,7.5,1.4142616843443532
Batch_3,kbdh4tri,K08,env_hi_z,7.75,1.5357612540042456
Batch_3,kbdh4tri,K08,env_hi_z,8.0,1.4505659482363262
Batch_3,kbdh4tri,K08,env_hi_z,8.25,1.4127837730714707
Batch_3,kbdh4tri,K08,env_hi_z,8.5,1.3181573251973413
Batch_3,kbdh4tri,K08,env_hi_z,8.75,1.3678858121820676
Batch_3,kbdh4tri,K08,env_hi_z,9.0,1.3758626700143644
Batch_3,kbdh4tri,K08,env_hi_z,9.25,1.4207373677390622
Batch_3,kbdh4tri,K08,env_hi_z,9.5,1.3590279631899513
Batch_3,kbdh4tri,K08,env_hi_z,9.75,1.381419131253408
Batch_3,kbdh4tri,K08,env_hi_z,10.0,1.4094978046201267
Batch_3,kbdh4tri,K10,cv,1.0,2.9788853560672086
Batch_3,kbdh4tri,K10,cv,2.0,2.5583726973083083
Batch_3,kbdh4tri,K10,cv,5.0,1.6073717653832327
Batch_3,kbdh4tri,K10,cv,10.0,1.0213712882572112
Batch_3,kbdh4tri,K10,cv,20.0,0.459386857951237
Batch_3,kbdh4tri,K12,band_si_frac,0.0,0.08372120148408167
Batch_3,kbdh4tri,K12,band_si_frac,1.0,0.04370876008086912
Batch_3,kbdh4tri,K12,band_si_frac,2.0,0.050911166159383264
Batch_3,kbdh4tri,K12,band_si_frac,3.0,0.08553186998733643
Batch_3,kbdh4tri,K12,band_si_frac,4.0,0.08166059407700339
Batch_3,kbdh4tri,K13,column_si_frac,5.0,0.05958252427184466
Batch_3,kbdh4tri,K13,column_si_frac,15.0,0.0879368932038835
Batch_3,kbdh4tri,K13,column_si_frac,25.0,0.11699029126213592
Batch_3,kbdh4tri,K13,column_si_frac,35.0,0.05450970873786408
Batch_3,kbdh4tri,K13,column_si_frac,45.0,0.03252912621359223
Batch_3,kbdh4tri,K13,column_si_frac,55.0,0.036359223300970876
Batch_3,kbdh4tri,K13,column_si_frac,65.0,0.09202912621359223
Batch_3,kbdh4tri,K13,column_si_frac,75.0,0.07049029126213592
Batch_3,kbdh4tri,K13,column_si_frac,85.0,0.10839320388349515
Batch_3,kbdh4tri,K13,column_si_frac,95.0,0.0505631067961165
Batch_3,kbdh4tri,K13,column_si_frac,105.0,0.09651456310679611
Batch_3,kbdh4tri,K13,column_si_frac,115.0,0.0884514563106796
Batch_3,kbdh4tri,K13,column_si_frac,125.0,0.04468932038834952
Batch_3,kbdh4tri,K13,column_si_frac,135.0,0.05303398058252427
Batch_3,kbdh4tri,K13,column_si_frac,145.0,0.10085436893203883
Batch_3,kbdh4tri,K13,column_si_frac,155.0,0.04899514563106796
Batch_3,kbdh4tri,K13,column_si_frac,165.0,0.0557621359223301
Batch_3,kbdh4tri,D01,band_graphite_frac,0.0,0.8759456021861323
Batch_3,kbdh4tri,D01,band_graphite_frac,1.0,0.9231396214258737
Batch_3,kbdh4tri,D01,band_graphite_frac,2.0,0.9037554708848948
Batch_3,kbdh4tri,D01,band_graphite_frac,3.0,0.8652051720690498
Batch_3,kbdh4tri,D01,band_graphite_frac,4.0,0.8698790295705494
Batch_3,kbdh4tri,D04,band_pore_frac,0.0,0.025865899446801892
Batch_3,kbdh4tri,D04,band_pore_frac,1.0,0.025582635355801915
Batch_3,kbdh4tri,D04,band_pore_frac,2.0,0.03480538090688943
Batch_3,kbdh4tri,D04,band_pore_frac,3.0,0.03735059207749217
Batch_3,kbdh4tri,D04,band_pore_frac,4.0,0.03570516096065406
Batch_3,mgxahqnk,K08,g_obs_x,0.25,0.10855158728720353
Batch_3,mgxahqnk,K08,g_obs_x,0.5,0.31238228734704343
Batch_3,mgxahqnk,K08,g_obs_x,0.75,0.302328508941372
Batch_3,mgxahqnk,K08,g_obs_x,1.0,0.3468331439321509
Batch_3,mgxahqnk,K08,g_obs_x,1.25,0.71922139555956
Batch_3,mgxahqnk,K08,g_obs_x,1.5,0.7894795129626713
Batch_3,mgxahqnk,K08,g_obs_x,1.75,0.7767546665537253
Batch_3,mgxahqnk,K08,g_obs_x,2.0,0.5244325523909342
Batch_3,mgxahqnk,K08,g_obs_x,2.25,0.46853950236874486
Batch_3,mgxahqnk,K08,g_obs_x,2.5,1.0356234019025754
Batch_3,mgxahqnk,K08,g_obs_x,2.75,0.9817323243804417
Batch_3,mgxahqnk,K08,g_obs_x,3.0,0.4955891869897538
Batch_3,mgxahqnk,K08,g_obs_x,3.25,0.538593371525499
Batch_3,mgxahqnk,K08,g_obs_x,3.5,0.5884971742611509
Batch_3,mgxahqnk,K08,g_obs_x,3.75,0.6333092423655122
Batch_3,mgxahqnk,K08,g_obs_x,4.0,0.9574540455404216
Batch_3,mgxahqnk,K08,g_obs_x,4.25,0.8544368641195621
Batch_3,mgxahqnk,K08,g_obs_x,4.5,0.7230585290530989
Batch_3,mgxahqnk,K08,g_obs_x,4.75,0.9401018959516189
Batch_3,mgxahqnk,K08,g_obs_x,5.0,0.7270711200233048
Batch_3,mgxahqnk,K08,g_obs_x,5.25,0.5642350519426343
Batch_3,mgxahqnk,K08,g_obs_x,5.5,0.5640792181265145
Batch_3,mgxahqnk,K08,g_obs_x,5.75,0.5186399683579974
Batch_3,mgxahqnk,K08,g_obs_x,6.0,0.964874561240542
Batch_3,mgxahqnk,K08,g_obs_x,6.25,1.0891678373054312
Batch_3,mgxahqnk,K08,g_obs_x,6.5,1.1790586097309892
Batch_3,mgxahqnk,K08,g_obs_x,6.75,1.4186433911899594
Batch_3,mgxahqnk,K08,g_obs_x,7.0,1.139714564775235
Batch_3,mgxahqnk,K08,g_obs_x,7.25,1.159292289411564
Batch_3,mgxahqnk,K08,g_obs_x,7.5,1.327477555320033
Batch_3,mgxahqnk,K08,g_obs_x,7.75,0.9050580375393157
Batch_3,mgxahqnk,K08,g_obs_x,8.0,0.7588436040944102
Batch_3,mgxahqnk,K08,g_obs_x,8.25,0.7638499523996957
Batch_3,mgxahqnk,K08,g_obs_x,8.5,0.7833839938629383
Batch_3,mgxahqnk,K08,g_obs_x,8.75,0.7300516946371346
Batch_3,mgxahqnk,K08,g_obs_x,9.0,0.6192822518422624
Batch_3,mgxahqnk,K08,g_obs_x,9.25,0.643610969716513
Batch_3,mgxahqnk,K08,g_obs_x,9.5,0.5515913187137584
Batch_3,mgxahqnk,K08,g_obs_x,9.75,0.7051710952577874
Batch_3,mgxahqnk,K08,g_obs_x,10.0,0.9832927116773529
Batch_3,mgxahqnk,K08,env_lo_x,0.25,0.19953373726953572
Batch_3,mgxahqnk,K08,env_lo_x,0.5,0.3032515302342829
Batch_3,mgxahqnk,K08,env_lo_x,0.75,0.38619507718073326
Batch_3,mgxahqnk,K08,env_lo_x,1.0,0.33203348517934916
Batch_3,mgxahqnk,K08,env_lo_x,1.25,0.5371247594493949
Batch_3,mgxahqnk,K08,env_lo_x,1.5,0.4924425707172911
Batch_3,mgxahqnk,K08,env_lo_x,1.75,0.544875049923956
Batch_3,mgxahqnk,K08,env_lo_x,2.0,0.5207528836278265
Batch_3,mgxahqnk,K08,env_lo_x,2.25,0.6177364655790998
Batch_3,mgxahqnk,K08,env_lo_x,2.5,0.5551378445984197
Batch_3,mgxahqnk,K08,env_lo_x,2.75,0.5079483757537031
Batch_3,mgxahqnk,K08,env_lo_x,3.0,0.5624395701110797
Batch_3,mgxahqnk,K08,env_lo_x,3.25,0.5445770647521939
Batch_3,mgxahqnk,K08,env_lo_x,3.5,0.5952566584907815
Batch_3,mgxahqnk,K08,env_lo_x,3.75,0.6001211792931818
Batch_3,mgxahqnk,K08,env_lo_x,4.0,0.5548508244266513
Batch_3,mgxahqnk,K08,env_lo_x,4.25,0.6307131563051956
Batch_3,mgxahqnk,K08,env_lo_x,4.5,0.4649163962626754
Batch_3,mgxahqnk,K08,env_lo_x,4.75,0.4721583154495375
Batch_3,mgxahqnk,K08,env_lo_x,5.0,0.5708912993866632
Batch_3,mgxahqnk,K08,env_lo_x,5.25,0.49851637527966586
Batch_3,mgxahqnk,K08,env_lo_x,5.5,0.4760286894684905
Batch_3,mgxahqnk,K08,env_lo_x,5.75,0.4709117494967419
Batch_3,mgxahqnk,K08,env_lo_x,6.0,0.49771223225367617
Batch_3,mgxahqnk,K08,env_lo_x,6.25,0.5443799836081608
Batch_3,mgxahqnk,K08,env_lo_x,6.5,0.49429185147136306
Batch_3,mgxahqnk,K08,env_lo_x,6.75,0.5234736368446169
Batch_3,mgxahqnk,K08,env_lo_x,7.0,0.5164680120882572
Batch_3,mgxahqnk,K08,env_lo_x,7.25,0.45747609236372205
Batch_3,mgxahqnk,K08,env_lo_x,7.5,0.43243050572082425
Batch_3,mgxahqnk,K08,env_lo_x,7.75,0.47981195259127024
Batch_3,mgxahqnk,K08,env_lo_x,8.0,0.4923414279805533
Batch_3,mgxahqnk,K08,env_lo_x,8.25,0.4762438400328423
Batch_3,mgxahqnk,K08,env_lo_x,8.5,0.47293616111377923
Batch_3,mgxahqnk,K08,env_lo_x,8.75,0.5464361264400102
Batch_3,mgxahqnk,K08,env_lo_x,9.0,0.4880815269968364
Batch_3,mgxahqnk,K08,env_lo_x,9.25,0.49997157320663593
Batch_3,mgxahqnk,K08,env_lo_x,9.5,0.4776342140209241
Batch_3,mgxahqnk,K08,env_lo_x,9.75,0.48152478370568896
Batch_3,mgxahqnk,K08,env_lo_x,10.0,0.5439613952779588
Batch_3,mgxahqnk,K08,env_hi_x,0.25,2.185684728272977
Batch_3,mgxahqnk,K08,env_hi_x,0.5,1.8678263996068722
Batch_3,mgxahqnk,K08,env_hi_x,0.75,1.7985201586124786
Batch_3,mgxahqnk,K08,env_hi_x,1.0,1.6068555973898278
Batch_3,mgxahqnk,K08,env_hi_x,1.25,1.589182946057369
Batch_3,mgxahqnk,K08,env_hi_x,1.5,1.5606928141310574
Batch_3,mgxahqnk,K08,env_hi_x,1.75,1.5400411311692446
Batch_3,mgxahqnk,K08,env_hi_x,2.0,1.5433469021426112
Batch_3,mgxahqnk,K08,env_hi_x,2.25,1.5237246427916125
Batch_3,mgxahqnk,K08,env_hi_x,2.5,1.5942889043826145
Batch_3,mgxahqnk,K08,env_hi_x,2.75,1.541818686434442
Batch_3,mgxahqnk,K08,env_hi_x,3.0,1.493902204757163
Batch_3,mgxahqnk,K08,env_hi_x,3.25,1.5281148626455696
Batch_3,mgxahqnk,K08,env_hi_x,3.5,1.4916393589485486
Batch_3,mgxahqnk,K08,env_hi_x,3.75,1.5073386418859627
Batch_3,mgxahqnk,K08,env_hi_x,4.0,1.3922811977257985
Batch_3,mgxahqnk,K08,env_hi_x,4.25,1.45837066084135
Batch_3,mgxahqnk,K08,env_hi_x,4.5,1.4996528734628387
Batch_3,mgxahqnk,K08,env_hi_x,4.75,1.5630101904733478
Batch_3,mgxahqnk,K08,env_hi_x,5.0,1.553529340795927
Batch_3,mgxahqnk,K08,env_hi_x,5.25,1.6162890149652143
Batch_3,mgxahqnk,K08,env_hi_x,5.5,1.6712138873684235
Batch_3,mgxahqnk,K08,env_hi_x,5.75,1.6040961499343338
Batch_3,mgxahqnk,K08,env_hi_x,6.0,1.5562248618789756
Batch_3,mgxahqnk,K08,env_hi_x,6.25,1.5912971008616816
Batch_3,mgxahqnk,K08,env_hi_x,6.5,1.6057330494724875
Batch_3,mgxahqnk,K08,env_hi_x,6.75,1.6674906079482519
Batch_3,mgxahqnk,K08,env_hi_x,7.0,1.6522263896432259
Batch_3,mgxahqnk,K08,env_hi_x,7.25,1.656875893217496
Batch_3,mgxahqnk,K08,env_hi_x,7.5,1.6242906546420979
Batch_3,mgxahqnk,K08,env_hi_x,7.75,1.5143762703409394
Batch_3,mgxahqnk,K08,env_hi_x,8.0,1.5577645262040682
Batch_3,mgxahqnk,K08,env_hi_x,8.25,1.556238794429001
Batch_3,mgxahqnk,K08,env_hi_x,8.5,1.6363089129851895
Batch_3,mgxahqnk,K08,env_hi_x,8.75,1.5996715407405677
Batch_3,mgxahqnk,K08,env_hi_x,9.0,1.5931248473543542
Batch_3,mgxahqnk,K08,env_hi_x,9.25,1.5138777143031188
Batch_3,mgxahqnk,K08,env_hi_x,9.5,1.684660679828283
Batch_3,mgxahqnk,K08,env_hi_x,9.75,1.479627314047131
Batch_3,mgxahqnk,K08,env_hi_x,10.0,1.4875508430746753
Batch_3,mgxahqnk,K08,g_obs_z,0.25,0.2616719215164281
Batch_3,mgxahqnk,K08,g_obs_z,0.5,0.6248667591029777
Batch_3,mgxahqnk,K08,g_obs_z,0.75,0.5741678219079728
Batch_3,mgxahqnk,K08,g_obs_z,1.0,0.44888997064409714
Batch_3,mgxahqnk,K08,g_obs_z,1.25,0.45473028017843076
Batch_3,mgxahqnk,K08,g_obs_z,1.5,0.48670009087563426
Batch_3,mgxahqnk,K08,g_obs_z,1.75,0.4745006719014942
Batch_3,mgxahqnk,K08,g_obs_z,2.0,0.2176127621254414
Batch_3,mgxahqnk,K08,g_obs_z,2.25,0.25453475805365944
Batch_3,mgxahqnk,K08,g_obs_z,2.5,0.44574081590416914
Batch_3,mgxahqnk,K08,g_obs_z,2.75,0.6250570811736541
Batch_3,mgxahqnk,K08,g_obs_z,3.0,0.5299811574610922
Batch_3,mgxahqnk,K08,g_obs_z,3.25,0.3863707050717677
Batch_3,mgxahqnk,K08,g_obs_z,3.5,0.4350391046694353
Batch_3,mgxahqnk,K08,g_obs_z,3.75,0.4239072743458731
Batch_3,mgxahqnk,K08,g_obs_z,4.0,0.708638529957695
Batch_3,mgxahqnk,K08,g_obs_z,4.25,0.8163935929069782
Batch_3,mgxahqnk,K08,g_obs_z,4.5,0.6470232285777879
Batch_3,mgxahqnk,K08,g_obs_z,4.75,0.6768154191058658
Batch_3,mgxahqnk,K08,g_obs_z,5.0,0.7215287030385987
Batch_3,mgxahqnk,K08,g_obs_z,5.25,0.6048635557839286
Batch_3,mgxahqnk,K08,g_obs_z,5.5,0.7455186137650492
Batch_3,mgxahqnk,K08,g_obs_z,5.75,0.8319864900729286
Batch_3,mgxahqnk,K08,g_obs_z,6.0,0.7866826359286198
Batch_3,mgxahqnk,K08,g_obs_z,6.25,0.7009815279357672
Batch_3,mgxahqnk,K08,g_obs_z,6.5,0.706158962802543
Batch_3,mgxahqnk,K08,g_obs_z,6.75,0.8106410554249078
Batch_3,mgxahqnk,K08,g_obs_z,7.0,0.8900883605776881
Batch_3,mgxahqnk,K08,g_obs_z,7.25,1.0531406872459717
Batch_3,mgxahqnk,K08,g_obs_z,7.5,0.830891749465567
Batch_3,mgxahqnk,K08,g_obs_z,7.75,0.593315504966478
Batch_3,mgxahqnk,K08,g_obs_z,8.0,0.733722530326611
Batch_3,mgxahqnk,K08,g_obs_z,8.25,0.9758053355270625
Batch_3,mgxahqnk,K08,g_obs_z,8.5,0.8321852769615086
Batch_3,mgxahqnk,K08,g_obs_z,8.75,0.5293925804605937
Batch_3,mgxahqnk,K08,g_obs_z,9.0,0.6658706008744495
Batch_3,mgxahqnk,K08,g_obs_z,9.25,0.697894698930396
Batch_3,mgxahqnk,K08,g_obs_z,9.5,0.4957372118395761
Batch_3,mgxahqnk,K08,g_obs_z,9.75,0.4163288280741059
Batch_3,mgxahqnk,K08,g_obs_z,10.0,0.604283279104457
Batch_3,mgxahqnk,K08,env_lo_z,0.25,0.00396876420367733
Batch_3,mgxahqnk,K08,env_lo_z,0.5,0.18392716189889075
Batch_3,mgxahqnk,K08,env_lo_z,0.75,0.3657960392480241
Batch_3,mgxahqnk,K08,env_lo_z,1.0,0.38320717750634264
Batch_3,mgxahqnk,K08,env_lo_z,1.25,0.40680960232906227
Batch_3,mgxahqnk,K08,env_lo_z,1.5,0.44266541637821943
Batch_3,mgxahqnk,K08,env_lo_z,1.75,0.4759218788167344
Batch_3,mgxahqnk,K08,env_lo_z,2.0,0.4445968760621168
Batch_3,mgxahqnk,K08,env_lo_z,2.25,0.49303004439437564
Batch_3,mgxahqnk,K08,env_lo_z,2.5,0.5121595109938087
Batch_3,mgxahqnk,K08,env_lo_z,2.75,0.5842504438354403
Batch_3,mgxahqnk,K08,env_lo_z,3.0,0.5386815775314924
Batch_3,mgxahqnk,K08,env_lo_z,3.25,0.5043979811236757
Batch_3,mgxahqnk,K08,env_lo_z,3.5,0.43981808139283357
Batch_3,mgxahqnk,K08,env_lo_z,3.75,0.4899880385231882
Batch_3,mgxahqnk,K08,env_lo_z,4.0,0.4710443910620905
Batch_3,mgxahqnk,K08,env_lo_z,4.25,0.5378658313145155
Batch_3,mgxahqnk,K08,env_lo_z,4.5,0.43785695522849477
Batch_3,mgxahqnk,K08,env_lo_z,4.75,0.40266855503276844
Batch_3,mgxahqnk,K08,env_lo_z,5.0,0.42521218886578716
Batch_3,mgxahqnk,K08,env_lo_z,5.25,0.41372845242374495
Batch_3,mgxahqnk,K08,env_lo_z,5.5,0.40487431151374204
Batch_3,mgxahqnk,K08,env_lo_z,5.75,0.4723743741821019
Batch_3,mgxahqnk,K08,env_lo_z,6.0,0.45338702489774435
Batch_3,mgxahqnk,K08,env_lo_z,6.25,0.4959782164854509
Batch_3,mgxahqnk,K08,env_lo_z,6.5,0.4776830338799466
Batch_3,mgxahqnk,K08,env_lo_z,6.75,0.4385592278321029
Batch_3,mgxahqnk,K08,env_lo_z,7.0,0.3973771427101067
Batch_3,mgxahqnk,K08,env_lo_z,7.25,0.44181529334426745
Batch_3,mgxahqnk,K08,env_lo_z,7.5,0.4547594636787069
Batch_3,mgxahqnk,K08,env_lo_z,7.75,0.44740289683349727
Batch_3,mgxahqnk,K08,env_lo_z,8.0,0.46290297539383607
Batch_3,mgxahqnk,K08,env_lo_z,8.25,0.5669917355086542
Batch_3,mgxahqnk,K08,env_lo_z,8.5,0.464330716048937
Batch_3,mgxahqnk,K08,env_lo_z,8.75,0.50143911717599
Batch_3,mgxahqnk,K08,env_lo_z,9.0,0.38037185761232006
Batch_3,mgxahqnk,K08,env_lo_z,9.25,0.3964119849497656
Batch_3,mgxahqnk,K08,env_lo_z,9.5,0.39969637632774585
Batch_3,mgxahqnk,K08,env_lo_z,9.75,0.4702014078051617
Batch_3,mgxahqnk,K08,env_lo_z,10.0,0.485849229075769
Batch_3,mgxahqnk,K08,env_hi_z,0.25,2.277635723086854
Batch_3,mgxahqnk,K08,env_hi_z,0.5,1.8909374701622768
Batch_3,mgxahqnk,K08,env_hi_z,0.75,1.8575952554845792
Batch_3,mgxahqnk,K08,env_hi_z,1.0,1.8856333762376747
Batch_3,mgxahqnk,K08,env_hi_z,1.25,1.5687037472508716
Batch_3,mgxahqnk,K08,env_hi_z,1.5,1.6676603106936623
Batch_3,mgxahqnk,K08,env_hi_z,1.75,1.6628397741244643
Batch_3,mgxahqnk,K08,env_hi_z,2.0,1.4792418165471741
Batch_3,mgxahqnk,K08,env_hi_z,2.25,1.6642175080868624
Batch_3,mgxahqnk,K08,env_hi_z,2.5,1.6566007633960251
Batch_3,mgxahqnk,K08,env_hi_z,2.75,1.5624208694359414
Batch_3,mgxahqnk,K08,env_hi_z,3.0,1.6474391841987095
Batch_3,mgxahqnk,K08,env_hi_z,3.25,1.6727455417253658
Batch_3,mgxahqnk,K08,env_hi_z,3.5,1.6173768767967505
Batch_3,mgxahqnk,K08,env_hi_z,3.75,1.6601483076117771
Batch_3,mgxahqnk,K08,env_hi_z,4.0,1.7004149810762714
Batch_3,mgxahqnk,K08,env_hi_z,4.25,1.6198679194855978
Batch_3,mgxahqnk,K08,env_hi_z,4.5,1.711974483480855
Batch_3,mgxahqnk,K08,env_hi_z,4.75,1.6727039233632655
Batch_3,mgxahqnk,K08,env_hi_z,5.0,1.734905545905289
Batch_3,mgxahqnk,K08,env_hi_z,5.25,1.4827451785786625
Batch_3,mgxahqnk,K08,env_hi_z,5.5,1.598545585579857
Batch_3,mgxahqnk,K08,env_hi_z,5.75,1.6237312999952023
Batch_3,mgxahqnk,K08,env_hi_z,6.0,1.6330260745571588
Batch_3,mgxahqnk,K08,env_hi_z,6.25,1.8697491117001699
Batch_3,mgxahqnk,K08,env_hi_z,6.5,1.699941252127882
Batch_3,mgxahqnk,K08,env_hi_z,6.75,1.7225027668731434
Batch_3,mgxahqnk,K08,env_hi_z,7.0,1.6594346015426529
Batch_3,mgxahqnk,K08,env_hi_z,7.25,1.5822051019328798
Batch_3,mgxahqnk,K08,env_hi_z,7.5,1.6287254003854277
Batch_3,mgxahqnk,K08,env_hi_z,7.75,1.718415629259101
Batch_3,mgxahqnk,K08,env_hi_z,8.0,1.5440169019639174
Batch_3,mgxahqnk,K08,env_hi_z,8.25,1.5869341099405418
Batch_3,mgxahqnk,K08,env_hi_z,8.5,1.6596602507007232
Batch_3,mgxahqnk,K08,env_hi_z,8.75,1.7020075285858154
Batch_3,mgxahqnk,K08,env_hi_z,9.0,1.608445427544183
Batch_3,mgxahqnk,K08,env_hi_z,9.25,1.5954161866879806
Batch_3,mgxahqnk,K08,env_hi_z,9.5,1.5522247103429005
Batch_3,mgxahqnk,K08,env_hi_z,9.75,1.5872548669145825
Batch_3,mgxahqnk,K08,env_hi_z,10.0,1.5669262605876342
Batch_3,mgxahqnk,K10,cv,1.0,3.2165137164141084
Batch_3,mgxahqnk,K10,cv,2.0,2.8765979764888736
Batch_3,mgxahqnk,K10,cv,5.0,2.203232513407704
Batch_3,mgxahqnk,K10,cv,10.0,1.4523762515483671
Batch_3,mgxahqnk,K10,cv,20.0,0.9307211082599012
Batch_3,mgxahqnk,K12,band_si_frac,0.0,0.05952352426707561
Batch_3,mgxahqnk,K12,band_si_frac,1.0,0.07891442126828567
Batch_3,mgxahqnk,K12,band_si_frac,2.0,0.07446706009875949
Batch_3,mgxahqnk,K12,band_si_frac,3.0,0.06107581597013128
Batch_3,mgxahqnk,K12,band_si_frac,4.0,0.0696796338672769
Batch_3,mgxahqnk,K13,column_si_frac,5.0,0.07277310924369748
Batch_3,mgxahqnk,K13,column_si_frac,15.0,0.027373949579831934
Batch_3,mgxahqnk,K13,column_si_frac,25.0,0.07284663865546219
Batch_3,mgxahqnk,K13,column_si_frac,35.0,0.05492121848739496
Batch_3,mgxahqnk,K13,column_si_frac,45.0,0.0076260504201680675
Batch_3,mgxahqnk,K13,column_si_frac,55.0,0.035131302521008406
Batch_3,mgxahqnk,K13,column_si_frac,65.0,0.017074579831932772
Batch_3,mgxahqnk,K13,column_si_frac,75.0,0.06261029411764706
Batch_3,mgxahqnk,K13,column_si_frac,85.0,0.011470588235294118
Batch_3,mgxahqnk,K13,column_si_frac,95.0,0.02123424369747899
Batch_3,mgxahqnk,K13,column_si_frac,105.0,0.1388077731092437
Batch_3,mgxahqnk,K13,column_si_frac,115.0,0.0665703781512605
Batch_3,mgxahqnk,K13,column_si_frac,125.0,0.21860819327731093
Batch_3,mgxahqnk,K13,column_si_frac,135.0,0.1642594537815126
Batch_3,mgxahqnk,K13,column_si_frac,145.0,0.0857405462184874
Batch_3,mgxahqnk,K13,column_si_frac,155.0,0.03291491596638656
Batch_3,mgxahqnk,K13,column_si_frac,165.0,0.07668067226890757
Batch_3,mgxahqnk,D01,band_graphite_frac,0.0,0.8957611990367451
Batch_3,mgxahqnk,D01,band_graphite_frac,1.0,0.8624411444043754
Batch_3,mgxahqnk,D01,band_graphite_frac,2.0,0.8778453570998435
Batch_3,mgxahqnk,D01,band_graphite_frac,3.0,0.9006262796579549
Batch_3,mgxahqnk,D01,band_graphite_frac,4.0,0.8968866674695893
Batch_3,mgxahqnk,D04,band_pore_frac,0.0,0.03339792972072795
Batch_3,mgxahqnk,D04,band_pore_frac,1.0,0.049658847209076644
Batch_3,mgxahqnk,D04,band_pore_frac,2.0,0.03983499939780802
Batch_3,mgxahqnk,D04,band_pore_frac,3.0,0.033290678068168135
Batch_3,mgxahqnk,D04,band_pore_frac,4.0,0.02744489943393954
Batch_3,pl8uabbv,K08,g_obs_x,0.25,0.0
Batch_3,pl8uabbv,K08,g_obs_x,0.5,0.10433192198997646
Batch_3,pl8uabbv,K08,g_obs_x,0.75,0.7518539208540529
Batch_3,pl8uabbv,K08,g_obs_x,1.0,0.9478051907424371
Batch_3,pl8uabbv,K08,g_obs_x,1.25,0.8824891116952027
Batch_3,pl8uabbv,K08,g_obs_x,1.5,1.1703979277952279
Batch_3,pl8uabbv,K08,g_obs_x,1.75,0.7231199007190718
Batch_3,pl8uabbv,K08,g_obs_x,2.0,0.7055072781605393
Batch_3,pl8uabbv,K08,g_obs_x,2.25,0.9850871329411205
Batch_3,pl8uabbv,K08,g_obs_x,2.5,1.0905277522138173
Batch_3,pl8uabbv,K08,g_obs_x,2.75,0.9666253372216684
Batch_3,pl8uabbv,K08,g_obs_x,3.0,0.8458047302255303
Batch_3,pl8uabbv,K08,g_obs_x,3.25,0.9194315618522132
Batch_3,pl8uabbv,K08,g_obs_x,3.5,1.0371198640609307
Batch_3,pl8uabbv,K08,g_obs_x,3.75,1.0494123082699074
Batch_3,pl8uabbv,K08,g_obs_x,4.0,0.945687607248538
Batch_3,pl8uabbv,K08,g_obs_x,4.25,1.0971019295207052
Batch_3,pl8uabbv,K08,g_obs_x,4.5,1.3177278427005914
Batch_3,pl8uabbv,K08,g_obs_x,4.75,1.2430726036342277
Batch_3,pl8uabbv,K08,g_obs_x,5.0,1.5485429574245164
Batch_3,pl8uabbv,K08,g_obs_x,5.25,1.449246285774493
Batch_3,pl8uabbv,K08,g_obs_x,5.5,1.1668184982431002
Batch_3,pl8uabbv,K08,g_obs_x,5.75,1.4567850512091798
Batch_3,pl8uabbv,K08,g_obs_x,6.0,1.7824527838215245
Batch_3,pl8uabbv,K08,g_obs_x,6.25,1.207648376600591
Batch_3,pl8uabbv,K08,g_obs_x,6.5,1.2156068975039103
Batch_3,pl8uabbv,K08,g_obs_x,6.75,1.3847568635792995
Batch_3,pl8uabbv,K08,g_obs_x,7.0,1.2990506460594258
Batch_3,pl8uabbv,K08,g_obs_x,7.25,1.5008355983967467
Batch_3,pl8uabbv,K08,g_obs_x,7.5,1.6069876574919428
Batch_3,pl8uabbv,K08,g_obs_x,7.75,1.4819739534021599
Batch_3,pl8uabbv,K08,g_obs_x,8.0,1.3522930318147297
Batch_3,pl8uabbv,K08,g_obs_x,8.25,1.690316575993151
Batch_3,pl8uabbv,K08,g_obs_x,8.5,1.5156028246776754
Batch_3,pl8uabbv,K08,g_obs_x,8.75,1.399982576515701
Batch_3,pl8uabbv,K08,g_obs_x,9.0,1.345284877995458
Batch_3,pl8uabbv,K08,g_obs_x,9.25,1.008752294049711
Batch_3,pl8uabbv,K08,g_obs_x,9.5,1.0477062128136323
Batch_3,pl8uabbv,K08,g_obs_x,9.75,1.3143693846760471
Batch_3,pl8uabbv,K08,g_obs_x,10.0,1.1659141515940326
Batch_3,pl8uabbv,K08,env_lo_x,0.25,0.2708448347395656
Batch_3,pl8uabbv,K08,env_lo_x,0.5,0.4444451776047019
Batch_3,pl8uabbv,K08,env_lo_x,0.75,0.6403905632011594
Batch_3,pl8uabbv,K08,env_lo_x,1.0,0.5083488247227208
Batch_3,pl8uabbv,K08,env_lo_x,1.25,0.6140775688046162
Batch_3,pl8uabbv,K08,env_lo_x,1.5,0.5533874191480056
Batch_3,pl8uabbv,K08,env_lo_x,1.75,0.6015665653095524
Batch_3,pl8uabbv,K08,env_lo_x,2.0,0.624940835818925
Batch_3,pl8uabbv,K08,env_lo_x,2.25,0.6303669744543657
Batch_3,pl8uabbv,K08,env_lo_x,2.5,0.5369565708012153
Batch_3,pl8uabbv,K08,env_lo_x,2.75,0.5840580163425003
Batch_3,pl8uabbv,K08,env_lo_x,3.0,0.5695731724568036
Batch_3,pl8uabbv,K08,env_lo_x,3.25,0.5547443048085426
Batch_3,pl8uabbv,K08,env_lo_x,3.5,0.5350552861081547
Batch_3,pl8uabbv,K08,env_lo_x,3.75,0.5493119396564444
Batch_3,pl8uabbv,K08,env_lo_x,4.0,0.5682987485494144
Batch_3,pl8uabbv,K08,env_lo_x,4.25,0.5383455116111786
Batch_3,pl8uabbv,K08,env_lo_x,4.5,0.5955424905233928
Batch_3,pl8uabbv,K08,env_lo_x,4.75,0.6146512788559837
Batch_3,pl8uabbv,K08,env_lo_x,5.0,0.6040465885040288
Batch_3,pl8uabbv,K08,env_lo_x,5.25,0.573808877195241
Batch_3,pl8uabbv,K08,env_lo_x,5.5,0.5980464173437463
Batch_3,pl8uabbv,K08,env_lo_x,5.75,0.5246436005307811
Batch_3,pl8uabbv,K08,env_lo_x,6.0,0.5747789528870912
Batch_3,pl8uabbv,K08,env_lo_x,6.25,0.5842848427821837
Batch_3,pl8uabbv,K08,env_lo_x,6.5,0.5911514549783765
Batch_3,pl8uabbv,K08,env_lo_x,6.75,0.6402031689266559
Batch_3,pl8uabbv,K08,env_lo_x,7.0,0.6224523064619836
Batch_3,pl8uabbv,K08,env_lo_x,7.25,0.60374361388018
Batch_3,pl8uabbv,K08,env_lo_x,7.5,0.609779035994684
Batch_3,pl8uabbv,K08,env_lo_x,7.75,0.598096190551798
Batch_3,pl8uabbv,K08,env_lo_x,8.0,0.6036858974013485
Batch_3,pl8uabbv,K08,env_lo_x,8.25,0.6702493113700515
Batch_3,pl8uabbv,K08,env_lo_x,8.5,0.6150879808826455
Batch_3,pl8uabbv,K08,env_lo_x,8.75,0.6351854744768697
Batch_3,pl8uabbv,K08,env_lo_x,9.0,0.6601080665485043
Batch_3,pl8uabbv,K08,env_lo_x,9.25,0.617795380280753
Batch_3,pl8uabbv,K08,env_lo_x,9.5,0.6517148797074456
Batch_3,pl8uabbv,K08,env_lo_x,9.75,0.5921313639117638
Batch_3,pl8uabbv,K08,env_lo_x,10.0,0.6221918111575965
Batch_3,pl8uabbv,K08,env_hi_x,0.25,1.7614923023201672
Batch_3,pl8uabbv,K08,env_hi_x,0.5,1.641016217394483
Batch_3,pl8uabbv,K08,env_hi_x,0.75,1.6111409372394352
Batch_3,pl8uabbv,K08,env_hi_x,1.0,1.6595303820203693
Batch_3,pl8uabbv,K08,env_hi_x,1.25,1.5033476669639871
Batch_3,pl8uabbv,K08,env_hi_x,1.5,1.4866628188931053
Batch_3,pl8uabbv,K08,env_hi_x,1.75,1.5874132100237452
Batch_3,pl8uabbv,K08,env_hi_x,2.0,1.546774507816306
Batch_3,pl8uabbv,K08,env_hi_x,2.25,1.4168825175415984
Batch_3,pl8uabbv,K08,env_hi_x,2.5,1.5498654448780738
Batch_3,pl8uabbv,K08,env_hi_x,2.75,1.5101719206762718
Batch_3,pl8uabbv,K08,env_hi_x,3.0,1.438763718569727
Batch_3,pl8uabbv,K08,env_hi_x,3.25,1.534682521362026
Batch_3,pl8uabbv,K08,env_hi_x,3.5,1.4792684927299702
Batch_3,pl8uabbv,K08,env_hi_x,3.75,1.4370051401666166
Batch_3,pl8uabbv,K08,env_hi_x,4.0,1.547198201733115
Batch_3,pl8uabbv,K08,env_hi_x,4.25,1.6077334938509158
Batch_3,pl8uabbv,K08,env_hi_x,4.5,1.5286064136602442
Batch_3,pl8uabbv,K08,env_hi_x,4.75,1.4354639271754417
Batch_3,pl8uabbv,K08,env_hi_x,5.0,1.4002660766160617
Batch_3,pl8uabbv,K08,env_hi_x,5.25,1.478617018417763
Batch_3,pl8uabbv,K08,env_hi_x,5.5,1.463196909299979
Batch_3,pl8uabbv,K08,env_hi_x,5.75,1.4728896792205604
Batch_3,pl8uabbv,K08,env_hi_x,6.0,1.4037698250052182
Batch_3,pl8uabbv,K08,env_hi_x,6.25,1.530232390335773
Batch_3,pl8uabbv,K08,env_hi_x,6.5,1.538512365474445
Batch_3,pl8uabbv,K08,env_hi_x,6.75,1.41724535630704
Batch_3,pl8uabbv,K08,env_hi_x,7.0,1.436969296742486
Batch_3,pl8uabbv,K08,env_hi_x,7.25,1.4385342307210722
Batch_3,pl8uabbv,K08,env_hi_x,7.5,1.4833338827739584
Batch_3,pl8uabbv,K08,env_hi_x,7.75,1.5151963441478284
Batch_3,pl8uabbv,K08,env_hi_x,8.0,1.443063580549109
Batch_3,pl8uabbv,K08,env_hi_x,8.25,1.4766324564968523
Batch_3,pl8uabbv,K08,env_hi_x,8.5,1.4464477337327823
Batch_3,pl8uabbv,K08,env_hi_x,8.75,1.4400416989266644
Batch_3,pl8uabbv,K08,env_hi_x,9.0,1.4613885444033403
Batch_3,pl8uabbv,K08,env_hi_x,9.25,1.4036307626106987
Batch_3,pl8uabbv,K08,env_hi_x,9.5,1.3683489329476415
Batch_3,pl8uabbv,K08,env_hi_x,9.75,1.3801946128372735
Batch_3,pl8uabbv,K08,env_hi_x,10.0,1.3886406919658374
Batch_3,pl8uabbv,K08,g_obs_z,0.25,0.0
Batch_3,pl8uabbv,K08,g_obs_z,0.5,0.09325968108337272
Batch_3,pl8uabbv,K08,g_obs_z,0.75,0.4886047836942575
Batch_3,pl8uabbv,K08,g_obs_z,1.0,0.5413988929177365
Batch_3,pl8uabbv,K08,g_obs_z,1.25,0.5616205837097492
Batch_3,pl8uabbv,K08,g_obs_z,1.5,0.5775266801927682
Batch_3,pl8uabbv,K08,g_obs_z,1.75,0.5560210384191061
Batch_3,pl8uabbv,K08,g_obs_z,2.0,0.6590973094364823
Batch_3,pl8uabbv,K08,g_obs_z,2.25,0.5272350880010428
Batch_3,pl8uabbv,K08,g_obs_z,2.5,0.8890532485917123
Batch_3,pl8uabbv,K08,g_obs_z,2.75,1.0026407689598547
Batch_3,pl8uabbv,K08,g_obs_z,3.0,0.8659652834602518
Batch_3,pl8uabbv,K08,g_obs_z,3.25,0.9473107629500604
Batch_3,pl8uabbv,K08,g_obs_z,3.5,0.9996388812685916
Batch_3,pl8uabbv,K08,g_obs_z,3.75,1.054630394697145
Batch_3,pl8uabbv,K08,g_obs_z,4.0,1.0529520448425145
Batch_3,pl8uabbv,K08,g_obs_z,4.25,0.6891431965439475
Batch_3,pl8uabbv,K08,g_obs_z,4.5,0.670933367469393
Batch_3,pl8uabbv,K08,g_obs_z,4.75,1.1103147242268867
Batch_3,pl8uabbv,K08,g_obs_z,5.0,1.1074719158653723
Batch_3,pl8uabbv,K08,g_obs_z,5.25,1.3772325293748917
Batch_3,pl8uabbv,K08,g_obs_z,5.5,1.7523667398609153
Batch_3,pl8uabbv,K08,g_obs_z,5.75,1.3136628221896043
Batch_3,pl8uabbv,K08,g_obs_z,6.0,1.757662996807249
Batch_3,pl8uabbv,K08,g_obs_z,6.25,1.6373800400178244
Batch_3,pl8uabbv,K08,g_obs_z,6.5,0.9979430403750256
Batch_3,pl8uabbv,K08,g_obs_z,6.75,1.3867824210402497
Batch_3,pl8uabbv,K08,g_obs_z,7.0,1.2243936115639065
Batch_3,pl8uabbv,K08,g_obs_z,7.25,1.058981977505562
Batch_3,pl8uabbv,K08,g_obs_z,7.5,1.199710654098596
Batch_3,pl8uabbv,K08,g_obs_z,7.75,1.0024507074567197
Batch_3,pl8uabbv,K08,g_obs_z,8.0,1.027261042927485
Batch_3,pl8uabbv,K08,g_obs_z,8.25,1.2791924522409854
Batch_3,pl8uabbv,K08,g_obs_z,8.5,1.1946461763940714
Batch_3,pl8uabbv,K08,g_obs_z,8.75,1.1597895450772269
Batch_3,pl8uabbv,K08,g_obs_z,9.0,1.2311607351237326
Batch_3,pl8uabbv,K08,g_obs_z,9.25,1.2519437064873096
Batch_3,pl8uabbv,K08,g_obs_z,9.5,1.398563932474242
Batch_3,pl8uabbv,K08,g_obs_z,9.75,1.2400413019033223
Batch_3,pl8uabbv,K08,g_obs_z,10.0,1.0091320730725972
Batch_3,pl8uabbv,K08,env_lo_z,0.25,0.3449590658649752
Batch_3,pl8uabbv,K08,env_lo_z,0.5,0.37789444889525237
Batch_3,pl8uabbv,K08,env_lo_z,0.75,0.4638876800328784
Batch_3,pl8uabbv,K08,env_lo_z,1.0,0.48482556616650024
Batch_3,pl8uabbv,K08,env_lo_z,1.25,0.5082017719058729
Batch_3,pl8uabbv,K08,env_lo_z,1.5,0.4868767028501683
Batch_3,pl8uabbv,K08,env_lo_z,1.75,0.5470984140496397
Batch_3,pl8uabbv,K08,env_lo_z,2.0,0.5796216688300792
Batch_3,pl8uabbv,K08,env_lo_z,2.25,0.5632556398827276
Batch_3,pl8uabbv,K08,env_lo_z,2.5,0.48204086848088107
Batch_3,pl8uabbv,K08,env_lo_z,2.75,0.4637729803409441
Batch_3,pl8uabbv,K08,env_lo_z,3.0,0.4573110568131707
Batch_3,pl8uabbv,K08,env_lo_z,3.25,0.5134503770183373
Batch_3,pl8uabbv,K08,env_lo_z,3.5,0.4374711837870363
Batch_3,pl8uabbv,K08,env_lo_z,3.75,0.48701431200534123
Batch_3,pl8uabbv,K08,env_lo_z,4.0,0.4549293385710962
Batch_3,pl8uabbv,K08,env_lo_z,4.25,0.4418168976275011
Batch_3,pl8uabbv,K08,env_lo_z,4.5,0.3995459820036985
Batch_3,pl8uabbv,K08,env_lo_z,4.75,0.5134144083667128
Batch_3,pl8uabbv,K08,env_lo_z,5.0,0.49803283621971156
Batch_3,pl8uabbv,K08,env_lo_z,5.25,0.6215696968748314
Batch_3,pl8uabbv,K08,env_lo_z,5.5,0.5314916705161868
Batch_3,pl8uabbv,K08,env_lo_z,5.75,0.44583476435255914
Batch_3,pl8uabbv,K08,env_lo_z,6.0,0.4605015025971957
Batch_3,pl8uabbv,K08,env_lo_z,6.25,0.4941388347702394
Batch_3,pl8uabbv,K08,env_lo_z,6.5,0.4462019222987403
Batch_3,pl8uabbv,K08,env_lo_z,6.75,0.4568411509390836
Batch_3,pl8uabbv,K08,env_lo_z,7.0,0.4889257789485181
Batch_3,pl8uabbv,K08,env_lo_z,7.25,0.5095039817857308
Batch_3,pl8uabbv,K08,env_lo_z,7.5,0.5033892636055934
Batch_3,pl8uabbv,K08,env_lo_z,7.75,0.5363020247038905
Batch_3,pl8uabbv,K08,env_lo_z,8.0,0.5694855627120423
Batch_3,pl8uabbv,K08,env_lo_z,8.25,0.579470080917706
Batch_3,pl8uabbv,K08,env_lo_z,8.5,0.5798302877802971
Batch_3,pl8uabbv,K08,env_lo_z,8.75,0.5473765250422157
Batch_3,pl8uabbv,K08,env_lo_z,9.0,0.6314087165240966
Batch_3,pl8uabbv,K08,env_lo_z,9.25,0.5468601979898354
Batch_3,pl8uabbv,K08,env_lo_z,9.5,0.5432348327758543
Batch_3,pl8uabbv,K08,env_lo_z,9.75,0.5344286824369866
Batch_3,pl8uabbv,K08,env_lo_z,10.0,0.5990417294392294
Batch_3,pl8uabbv,K08,env_hi_z,0.25,1.8302672121445858
Batch_3,pl8uabbv,K08,env_hi_z,0.5,1.5051260163763316
Batch_3,pl8uabbv,K08,env_hi_z,0.75,1.7556937633203122
Batch_3,pl8uabbv,K08,env_hi_z,1.0,1.631872808194002
Batch_3,pl8uabbv,K08,env_hi_z,1.25,1.667853779061545
Batch_3,pl8uabbv,K08,env_hi_z,1.5,1.6583076929960776
Batch_3,pl8uabbv,K08,env_hi_z,1.75,1.6174742294293056
Batch_3,pl8uabbv,K08,env_hi_z,2.0,1.5706530852081977
Batch_3,pl8uabbv,K08,env_hi_z,2.25,1.507003844661784
Batch_3,pl8uabbv,K08,env_hi_z,2.5,1.5982938711642953
Batch_3,pl8uabbv,K08,env_hi_z,2.75,1.6325453371474854
Batch_3,pl8uabbv,K08,env_hi_z,3.0,1.5172195231023653
Batch_3,pl8uabbv,K08,env_hi_z,3.25,1.5227979722252154
Batch_3,pl8uabbv,K08,env_hi_z,3.5,1.6357539020513747
Batch_3,pl8uabbv,K08,env_hi_z,3.75,1.5899471849510578
Batch_3,pl8uabbv,K08,env_hi_z,4.0,1.6014800583341668
Batch_3,pl8uabbv,K08,env_hi_z,4.25,1.7052542953977612
Batch_3,pl8uabbv,K08,env_hi_z,4.5,1.7002969585136982
Batch_3,pl8uabbv,K08,env_hi_z,4.75,1.532461060000844
Batch_3,pl8uabbv,K08,env_hi_z,5.0,1.4987882175891956
Batch_3,pl8uabbv,K08,env_hi_z,5.25,1.6256782383866855
Batch_3,pl8uabbv,K08,env_hi_z,5.5,1.4961368269506128
Batch_3,pl8uabbv,K08,env_hi_z,5.75,1.5134029408960898
Batch_3,pl8uabbv,K08,env_hi_z,6.0,1.5988732873040348
Batch_3,pl8uabbv,K08,env_hi_z,6.25,1.552246445229133
Batch_3,pl8uabbv,K08,env_hi_z,6.5,1.622297318355899
Batch_3,pl8uabbv,K08,env_hi_z,6.75,1.6521586134702322
Batch_3,pl8uabbv,K08,env_hi_z,7.0,1.4858725127350119
Batch_3,pl8uabbv,K08,env_hi_z,7.25,1.4871355855598296
Batch_3,pl8uabbv,K08,env_hi_z,7.5,1.5170022867013038
Batch_3,pl8uabbv,K08,env_hi_z,7.75,1.5658909529488487
Batch_3,pl8uabbv,K08,env_hi_z,8.0,1.5643726301072758
Batch_3,pl8uabbv,K08,env_hi_z,8.25,1.5579514594722754
Batch_3,pl8uabbv,K08,env_hi_z,8.5,1.523220838894165
Batch_3,pl8uabbv,K08,env_hi_z,8.75,1.504862382292729
Batch_3,pl8uabbv,K08,env_hi_z,9.0,1.5695966877236707
Batch_3,pl8uabbv,K08,env_hi_z,9.25,1.5553480448033454
Batch_3,pl8uabbv,K08,env_hi_z,9.5,1.507565643021878
Batch_3,pl8uabbv,K08,env_hi_z,9.75,1.476754384242456
Batch_3,pl8uabbv,K08,env_hi_z,10.0,1.4348725493997725
Batch_3,pl8uabbv,K10,cv,1.0,3.4334193232014445
Batch_3,pl8uabbv,K10,cv,2.0,2.9404721454689136
Batch_3,pl8uabbv,K10,cv,5.0,2.047623102351147
Batch_3,pl8uabbv,K10,cv,10.0,1.292036483182585
Batch_3,pl8uabbv,K10,cv,20.0,0.5245002861357491
Batch_3,pl8uabbv,K12,band_si_frac,0.0,0.08100862138182986
Batch_3,pl8uabbv,K12,band_si_frac,1.0,0.049366677083438344
Batch_3,pl8uabbv,K12,band_si_frac,2.0,0.053551447091200514
Batch_3,pl8uabbv,K12,band_si_frac,3.0,0.028922922610106958
Batch_3,pl8uabbv,K12,band_si_frac,4.0,0.07825935745320013
Batch_3,pl8uabbv,K13,column_si_frac,5.0,0.06262323943661972
Batch_3,pl8uabbv,K13,column_si_frac,15.0,0.05992517605633803
Batch_3,pl8uabbv,K13,column_si_frac,25.0,0.06272007042253522
Batch_3,pl8uabbv,K13,column_si_frac,35.0,0.07769366197183099
Batch_3,pl8uabbv,K13,column_si_frac,45.0,0.0526012323943662
Batch_3,pl8uabbv,K13,column_si_frac,55.0,0.047350352112676054
Batch_3,pl8uabbv,K13,column_si_frac,65.0,0.04470950704225352
Batch_3,pl8uabbv,K13,column_si_frac,75.0,0.051324823943661974
Batch_3,pl8uabbv,K13,column_si_frac,85.0,0.033525528169014086
Batch_3,pl8uabbv,K13,column_si_frac,95.0,0.05553257042253521
Batch_3,pl8uabbv,K13,column_si_frac,105.0,0.08369718309859155
Batch_3,pl8uabbv,K13,column_si_frac,115.0,0.04014084507042254
Batch_3,pl8uabbv,K13,column_si_frac,125.0,0.06694982394366197
Batch_3,pl8uabbv,K13,column_si_frac,135.0,0.02069982394366197
Batch_3,pl8uabbv,K13,column_si_frac,145.0,0.08126760563380282
Batch_3,pl8uabbv,K13,column_si_frac,155.0,0.14209507042253522
Batch_3,pl8uabbv,K13,column_si_frac,165.0,0.020787852112676055
Batch_3,pl8uabbv,D01,band_graphite_frac,0.0,0.8732850074270344
Batch_3,pl8uabbv,D01,band_graphite_frac,1.0,0.8887841611306566
Batch_3,pl8uabbv,D01,band_graphite_frac,2.0,0.8987225173640864
Batch_3,pl8uabbv,D01,band_graphite_frac,3.0,0.9024297119930644
Batch_3,pl8uabbv,D01,band_graphite_frac,4.0,0.8691796288269035
Batch_3,pl8uabbv,D04,band_pore_frac,0.0,0.032285017463567385
Batch_3,pl8uabbv,D04,band_pore_frac,1.0,0.053178459460276814
Batch_3,pl8uabbv,D04,band_pore_frac,2.0,0.03912463835320921
Batch_3,pl8uabbv,D04,band_pore_frac,3.0,0.060759181040131456
Batch_3,pl8uabbv,D04,band_pore_frac,4.0,0.03841394570509783
Batch_3,ptg8lmto,K08,g_obs_x,0.25,0.0
Batch_3,ptg8lmto,K08,g_obs_x,0.5,0.2977086730935486
Batch_3,ptg8lmto,K08,g_obs_x,0.75,0.36441688369771913
Batch_3,ptg8lmto,K08,g_obs_x,1.0,0.6118647671886874
Batch_3,ptg8lmto,K08,g_obs_x,1.25,0.30140068153871474
Batch_3,ptg8lmto,K08,g_obs_x,1.5,0.27393840983850015
Batch_3,ptg8lmto,K08,g_obs_x,1.75,0.5557921683641327
Batch_3,ptg8lmto,K08,g_obs_x,2.0,0.7887489058372589
Batch_3,ptg8lmto,K08,g_obs_x,2.25,0.724839203759506
Batch_3,ptg8lmto,K08,g_obs_x,2.5,0.6272607831249543
Batch_3,ptg8lmto,K08,g_obs_x,2.75,0.8769555531107585
Batch_3,ptg8lmto,K08,g_obs_x,3.0,0.9393423852014845
Batch_3,ptg8lmto,K08,g_obs_x,3.25,0.5308615649334752
Batch_3,ptg8lmto,K08,g_obs_x,3.5,0.90189341328638
Batch_3,ptg8lmto,K08,g_obs_x,3.75,0.79238826611742
Batch_3,ptg8lmto,K08,g_obs_x,4.0,0.4047056837095506
Batch_3,ptg8lmto,K08,g_obs_x,4.25,0.56993627135414
Batch_3,ptg8lmto,K08,g_obs_x,4.5,1.0858406862675571
Batch_3,ptg8lmto,K08,g_obs_x,4.75,0.9610952629729338
Batch_3,ptg8lmto,K08,g_obs_x,5.0,0.8422356090766812
Batch_3,ptg8lmto,K08,g_obs_x,5.25,0.8687614697695684
Batch_3,ptg8lmto,K08,g_obs_x,5.5,1.180732935753581
Batch_3,ptg8lmto,K08,g_obs_x,5.75,0.9240805241884541
Batch_3,ptg8lmto,K08,g_obs_x,6.0,0.871312747008409
Batch_3,ptg8lmto,K08,g_obs_x,6.25,1.1419960703921521
Batch_3,ptg8lmto,K08,g_obs_x,6.5,1.2051920498172706
Batch_3,ptg8lmto,K08,g_obs_x,6.75,1.1796454260967297
Batch_3,ptg8lmto,K08,g_obs_x,7.0,1.4316303454986152
Batch_3,ptg8lmto,K08,g_obs_x,7.25,1.6610951066096566
Batch_3,ptg8lmto,K08,g_obs_x,7.5,1.3271758588626426
Batch_3,ptg8lmto,K08,g_obs_x,7.75,0.9532943624177603
Batch_3,ptg8lmto,K08,g_obs_x,8.0,0.8764810172310027
Batch_3,ptg8lmto,K08,g_obs_x,8.25,0.8218850331870842
Batch_3,ptg8lmto,K08,g_obs_x,8.5,0.8314795020592343
Batch_3,ptg8lmto,K08,g_obs_x,8.75,1.1910611228217116
Batch_3,ptg8lmto,K08,g_obs_x,9.0,1.114761461836892
Batch_3,ptg8lmto,K08,g_obs_x,9.25,0.7890922497306351
Batch_3,ptg8lmto,K08,g_obs_x,9.5,0.6748443415214203
Batch_3,ptg8lmto,K08,g_obs_x,9.75,0.7143234053631476
Batch_3,ptg8lmto,K08,g_obs_x,10.0,1.1508121765211392
Batch_3,ptg8lmto,K08,env_lo_x,0.25,0.20572458306669605
Batch_3,ptg8lmto,K08,env_lo_x,0.5,0.3855190824777483
Batch_3,ptg8lmto,K08,env_lo_x,0.75,0.39500866883240543
Batch_3,ptg8lmto,K08,env_lo_x,1.0,0.43457347644040606
Batch_3,ptg8lmto,K08,env_lo_x,1.25,0.5425741261803281
Batch_3,ptg8lmto,K08,env_lo_x,1.5,0.48771882107696457
Batch_3,ptg8lmto,K08,env_lo_x,1.75,0.44054352310022227
Batch_3,ptg8lmto,K08,env_lo_x,2.0,0.517283724830561
Batch_3,ptg8lmto,K08,env_lo_x,2.25,0.5275750033604304
Batch_3,ptg8lmto,K08,env_lo_x,2.5,0.5342672400547627
Batch_3,ptg8lmto,K08,env_lo_x,2.75,0.4606706155532241
Batch_3,ptg8lmto,K08,env_lo_x,3.0,0.4134442908467477
Batch_3,ptg8lmto,K08,env_lo_x,3.25,0.42990130785921726
Batch_3,ptg8lmto,K08,env_lo_x,3.5,0.42869816817182527
Batch_3,ptg8lmto,K08,env_lo_x,3.75,0.38647339440425854
Batch_3,ptg8lmto,K08,env_lo_x,4.0,0.4466659459185556
Batch_3,ptg8lmto,K08,env_lo_x,4.25,0.5320786689739745
Batch_3,ptg8lmto,K08,env_lo_x,4.5,0.4868845499584208
Batch_3,ptg8lmto,K08,env_lo_x,4.75,0.4390745068408413
Batch_3,ptg8lmto,K08,env_lo_x,5.0,0.5070654965563256
Batch_3,ptg8lmto,K08,env_lo_x,5.25,0.48982003576097255
Batch_3,ptg8lmto,K08,env_lo_x,5.5,0.43255967495758585
Batch_3,ptg8lmto,K08,env_lo_x,5.75,0.5680284597917509
Batch_3,ptg8lmto,K08,env_lo_x,6.0,0.5670213749573416
Batch_3,ptg8lmto,K08,env_lo_x,6.25,0.44893798651459305
Batch_3,ptg8lmto,K08,env_lo_x,6.5,0.41897616571586
Batch_3,ptg8lmto,K08,env_lo_x,6.75,0.5048497585652534
Batch_3,ptg8lmto,K08,env_lo_x,7.0,0.5056669875751458
Batch_3,ptg8lmto,K08,env_lo_x,7.25,0.44753252121797404
Batch_3,ptg8lmto,K08,env_lo_x,7.5,0.5254334896679103
Batch_3,ptg8lmto,K08,env_lo_x,7.75,0.5384975667902586
Batch_3,ptg8lmto,K08,env_lo_x,8.0,0.5611318987944872
Batch_3,ptg8lmto,K08,env_lo_x,8.25,0.6005965012523009
Batch_3,ptg8lmto,K08,env_lo_x,8.5,0.44624237264484784
Batch_3,ptg8lmto,K08,env_lo_x,8.75,0.516912090553999
Batch_3,ptg8lmto,K08,env_lo_x,9.0,0.6034199147620327
Batch_3,ptg8lmto,K08,env_lo_x,9.25,0.4846323181638682
Batch_3,ptg8lmto,K08,env_lo_x,9.5,0.5888681676560956
Batch_3,ptg8lmto,K08,env_lo_x,9.75,0.5910611485219499
Batch_3,ptg8lmto,K08,env_lo_x,10.0,0.4639169742398033
Batch_3,ptg8lmto,K08,env_hi_x,0.25,2.0198980339637806
Batch_3,ptg8lmto,K08,env_hi_x,0.5,1.9229298404152113
Batch_3,ptg8lmto,K08,env_hi_x,0.75,1.6610868310618498
Batch_3,ptg8lmto,K08,env_hi_x,1.0,1.7262937531065983
Batch_3,ptg8lmto,K08,env_hi_x,1.25,1.6245803704342843
Batch_3,ptg8lmto,K08,env_hi_x,1.5,1.6908182902950768
Batch_3,ptg8lmto,K08,env_hi_x,1.75,1.6342886597569226
Batch_3,ptg8lmto,K08,env_hi_x,2.0,1.5721747310387424
Batch_3,ptg8lmto,K08,env_hi_x,2.25,1.5307196649216117
Batch_3,ptg8lmto,K08,env_hi_x,2.5,1.5121998041147002
Batch_3,ptg8lmto,K08,env_hi_x,2.75,1.653989168821045
Batch_3,ptg8lmto,K08,env_hi_x,3.0,1.7333005974452662
Batch_3,ptg8lmto,K08,env_hi_x,3.25,1.740569716999467
Batch_3,ptg8lmto,K08,env_hi_x,3.5,1.643336075714112
Batch_3,ptg8lmto,K08,env_hi_x,3.75,1.6254333384487187
Batch_3,ptg8lmto,K08,env_hi_x,4.0,1.7030263384170123
Batch_3,ptg8lmto,K08,env_hi_x,4.25,1.643677548066562
Batch_3,ptg8lmto,K08,env_hi_x,4.5,1.6425460032962569
Batch_3,ptg8lmto,K08,env_hi_x,4.75,1.5033846914653413
Batch_3,ptg8lmto,K08,env_hi_x,5.0,1.5725695580205925
Batch_3,ptg8lmto,K08,env_hi_x,5.25,1.601744274349561
Batch_3,ptg8lmto,K08,env_hi_x,5.5,1.7439638173955065
Batch_3,ptg8lmto,K08,env_hi_x,5.75,1.6760384517882863
Batch_3,ptg8lmto,K08,env_hi_x,6.0,1.5508195284781974
Batch_3,ptg8lmto,K08,env_hi_x,6.25,1.5154651188654742
Batch_3,ptg8lmto,K08,env_hi_x,6.5,1.6615815427715848
Batch_3,ptg8lmto,K08,env_hi_x,6.75,1.600157320319691
Batch_3,ptg8lmto,K08,env_hi_x,7.0,1.5065716989396944
Batch_3,ptg8lmto,K08,env_hi_x,7.25,1.669666129220239
Batch_3,ptg8lmto,K08,env_hi_x,7.5,1.6276533551211825
Batch_3,ptg8lmto,K08,env_hi_x,7.75,1.518224775915715
Batch_3,ptg8lmto,K08,env_hi_x,8.0,1.4806501268388563
Batch_3,ptg8lmto,K08,env_hi_x,8.25,1.553877011910067
Batch_3,ptg8lmto,K08,env_hi_x,8.5,1.6180214682592673
Batch_3,ptg8lmto,K08,env_hi_x,8.75,1.5683608513117444
Batch_3,ptg8lmto,K08,env_hi_x,9.0,1.4795928511177017
Batch_3,ptg8lmto,K08,env_hi_x,9.25,1.4305566890683628
Batch_3,ptg8lmto,K08,env_hi_x,9.5,1.5001424951827103
Batch_3,ptg8lmto,K08,env_hi_x,9.75,1.551034219541685
Batch_3,ptg8lmto,K08,env_hi_x,10.0,1.5518720426082038
Batch_3,ptg8lmto,K08,g_obs_z,0.25,0.0
Batch_3,ptg8lmto,K08,g_obs_z,0.5,0.20304297628417134
Batch_3,ptg8lmto,K08,g_obs_z,0.75,0.43564749056861407
Batch_3,ptg8lmto,K08,g_obs_z,1.0,0.4188080645961956
Batch_3,ptg8lmto,K08,g_obs_z,1.25,0.5781677491549988
Batch_3,ptg8lmto,K08,g_obs_z,1.5,0.7491792783615382
Batch_3,ptg8lmto,K08,g_obs_z,1.75,0.6858816114185337
Batch_3,ptg8lmto,K08,g_obs_z,2.0,0.6840666667583173
Batch_3,ptg8lmto,K08,g_obs_z,2.25,1.0083985659416919
Batch_3,ptg8lmto,K08,g_obs_z,2.5,0.8829967187136216
Batch_3,ptg8lmto,K08,g_obs_z,2.75,0.6719483934874684
Batch_3,ptg8lmto,K08,g_obs_z,3.0,0.8433938817211696
Batch_3,ptg8lmto,K08,g_obs_z,3.25,0.7027534480405941
Batch_3,ptg8lmto,K08,g_obs_z,3.5,1.0612027739022434
Batch_3,ptg8lmto,K08,g_obs_z,3.75,0.7405065282063863
Batch_3,ptg8lmto,K08,g_obs_z,4.0,0.6361854677339459
Batch_3,ptg8lmto,K08,g_obs_z,4.25,0.7976754013567462
Batch_3,ptg8lmto,K08,g_obs_z,4.5,0.5087335908587775
Batch_3,ptg8lmto,K08,g_obs_z,4.75,0.7840755449920978
Batch_3,ptg8lmto,K08,g_obs_z,5.0,0.8353631152151508
Batch_3,ptg8lmto,K08,g_obs_z,5.25,0.5843026239893339
Batch_3,ptg8lmto,K08,g_obs_z,5.5,0.6302271314583751
Batch_3,ptg8lmto,K08,g_obs_z,5.75,0.6727333375066726
Batch_3,ptg8lmto,K08,g_obs_z,6.0,0.7452135145412024
Batch_3,ptg8lmto,K08,g_obs_z,6.25,0.5145815110227158
Batch_3,ptg8lmto,K08,g_obs_z,6.5,0.37526339558340394
Batch_3,ptg8lmto,K08,g_obs_z,6.75,0.6559807507652361
Batch_3,ptg8lmto,K08,g_obs_z,7.0,0.6490871946387339
Batch_3,ptg8lmto,K08,g_obs_z,7.25,0.6040379005833466
Batch_3,ptg8lmto,K08,g_obs_z,7.5,0.7722991963389292
Batch_3,ptg8lmto,K08,g_obs_z,7.75,0.8009735463045778
Batch_3,ptg8lmto,K08,g_obs_z,8.0,0.7773110627789845
Batch_3,ptg8lmto,K08,g_obs_z,8.25,0.8811543489103923
Batch_3,ptg8lmto,K08,g_obs_z,8.5,0.6493497677856109
Batch_3,ptg8lmto,K08,g_obs_z,8.75,0.7552946844103796
Batch_3,ptg8lmto,K08,g_obs_z,9.0,0.8805802759146414
Batch_3,ptg8lmto,K08,g_obs_z,9.25,0.7367457627080032
Batch_3,ptg8lmto,K08,g_obs_z,9.5,0.709413779089921
Batch_3,ptg8lmto,K08,g_obs_z,9.75,0.5985024112908968
Batch_3,ptg8lmto,K08,g_obs_z,10.0,0.7490574195915912
Batch_3,ptg8lmto,K08,env_lo_z,0.25,0.30757152057308856
Batch_3,ptg8lmto,K08,env_lo_z,0.5,0.43896189995363794
Batch_3,ptg8lmto,K08,env_lo_z,0.75,0.36674487386315263
Batch_3,ptg8lmto,K08,env_lo_z,1.0,0.38296076828403963
Batch_3,ptg8lmto,K08,env_lo_z,1.25,0.3895095182754145
Batch_3,ptg8lmto,K08,env_lo_z,1.5,0.4748171660034632
Batch_3,ptg8lmto,K08,env_lo_z,1.75,0.5096270400124799
Batch_3,ptg8lmto,K08,env_lo_z,2.0,0.5107656537438341
Batch_3,ptg8lmto,K08,env_lo_z,2.25,0.48672740748829135
Batch_3,ptg8lmto,K08,env_lo_z,2.5,0.44829671307322577
Batch_3,ptg8lmto,K08,env_lo_z,2.75,0.3447339723055872
Batch_3,ptg8lmto,K08,env_lo_z,3.0,0.5125338460098134
Batch_3,ptg8lmto,K08,env_lo_z,3.25,0.41670424037152404
Batch_3,ptg8lmto,K08,env_lo_z,3.5,0.4517278791639843
Batch_3,ptg8lmto,K08,env_lo_z,3.75,0.45163630881796324
Batch_3,ptg8lmto,K08,env_lo_z,4.0,0.49744109595536873
Batch_3,ptg8lmto,K08,env_lo_z,4.25,0.43593351781892825
Batch_3,ptg8lmto,K08,env_lo_z,4.5,0.49093493211166317
Batch_3,ptg8lmto,K08,env_lo_z,4.75,0.36797166766773126
Batch_3,ptg8lmto,K08,env_lo_z,5.0,0.4844333904400189
Batch_3,ptg8lmto,K08,env_lo_z,5.25,0.4503334107133683
Batch_3,ptg8lmto,K08,env_lo_z,5.5,0.42643765782792087
Batch_3,ptg8lmto,K08,env_lo_z,5.75,0.47365480489808043
Batch_3,ptg8lmto,K08,env_lo_z,6.0,0.4833406174908714
Batch_3,ptg8lmto,K08,env_lo_z,6.25,0.3802032667907602
Batch_3,ptg8lmto,K08,env_lo_z,6.5,0.40952324180708943
Batch_3,ptg8lmto,K08,env_lo_z,6.75,0.46539546960009326
Batch_3,ptg8lmto,K08,env_lo_z,7.0,0.4131778727292803
Batch_3,ptg8lmto,K08,env_lo_z,7.25,0.4604396397823877
Batch_3,ptg8lmto,K08,env_lo_z,7.5,0.4337327809411689
Batch_3,ptg8lmto,K08,env_lo_z,7.75,0.44714570972656653
Batch_3,ptg8lmto,K08,env_lo_z,8.0,0.4484817528404275
Batch_3,ptg8lmto,K08,env_lo_z,8.25,0.4686117056451088
Batch_3,ptg8lmto,K08,env_lo_z,8.5,0.5356895450527565
Batch_3,ptg8lmto,K08,env_lo_z,8.75,0.4524151295637397
Batch_3,ptg8lmto,K08,env_lo_z,9.0,0.44893491561959065
Batch_3,ptg8lmto,K08,env_lo_z,9.25,0.5030210913497257
Batch_3,ptg8lmto,K08,env_lo_z,9.5,0.4287158196430588
Batch_3,ptg8lmto,K08,env_lo_z,9.75,0.41097552978460594
Batch_3,ptg8lmto,K08,env_lo_z,10.0,0.42345606545958697
Batch_3,ptg8lmto,K08,env_hi_z,0.25,2.101439464615537
Batch_3,ptg8lmto,K08,env_hi_z,0.5,1.9619979379592667
Batch_3,ptg8lmto,K08,env_hi_z,0.75,1.637735271383147
Batch_3,ptg8lmto,K08,env_hi_z,1.0,1.8138608208769345
Batch_3,ptg8lmto,K08,env_hi_z,1.25,1.6805320902180065
Batch_3,ptg8lmto,K08,env_hi_z,1.5,1.8310860951879575
Batch_3,ptg8lmto,K08,env_hi_z,1.75,1.7756576582123371
Batch_3,ptg8lmto,K08,env_hi_z,2.0,1.6743760508238068
Batch_3,ptg8lmto,K08,env_hi_z,2.25,1.59014872027389
Batch_3,ptg8lmto,K08,env_hi_z,2.5,1.608086870777201
Batch_3,ptg8lmto,K08,env_hi_z,2.75,1.7078926371608836
Batch_3,ptg8lmto,K08,env_hi_z,3.0,1.5938280126555753
Batch_3,ptg8lmto,K08,env_hi_z,3.25,1.5380015589015803
Batch_3,ptg8lmto,K08,env_hi_z,3.5,1.7481257720782728
Batch_3,ptg8lmto,K08,env_hi_z,3.75,1.7482197895754856
Batch_3,ptg8lmto,K08,env_hi_z,4.0,1.7291394372271671
Batch_3,ptg8lmto,K08,env_hi_z,4.25,1.778535936081442
Batch_3,ptg8lmto,K08,env_hi_z,4.5,1.7249361969767252
Batch_3,ptg8lmto,K08,env_hi_z,4.75,1.7492745093926991
Batch_3,ptg8lmto,K08,env_hi_z,5.0,1.747547199100339
Batch_3,ptg8lmto,K08,env_hi_z,5.25,1.6767432615940243
Batch_3,ptg8lmto,K08,env_hi_z,5.5,1.6721034912702069
Batch_3,ptg8lmto,K08,env_hi_z,5.75,1.595613288375876
Batch_3,ptg8lmto,K08,env_hi_z,6.0,1.617674296578752
Batch_3,ptg8lmto,K08,env_hi_z,6.25,1.6800672398956737
Batch_3,ptg8lmto,K08,env_hi_z,6.5,1.67743706567924
Batch_3,ptg8lmto,K08,env_hi_z,6.75,1.5029346964055554
Batch_3,ptg8lmto,K08,env_hi_z,7.0,1.6656480152884385
Batch_3,ptg8lmto,K08,env_hi_z,7.25,1.6218089664189463
Batch_3,ptg8lmto,K08,env_hi_z,7.5,1.5807889262832826
Batch_3,ptg8lmto,K08,env_hi_z,7.75,1.6363216972805175
Batch_3,ptg8lmto,K08,env_hi_z,8.0,1.6411523742076128
Batch_3,ptg8lmto,K08,env_hi_z,8.25,1.6267523849087941
Batch_3,ptg8lmto,K08,env_hi_z,8.5,1.535705778755169
Batch_3,ptg8lmto,K08,env_hi_z,8.75,1.860165780172771
Batch_3,ptg8lmto,K08,env_hi_z,9.0,1.6378368016927471
Batch_3,ptg8lmto,K08,env_hi_z,9.25,1.5797329767498711
Batch_3,ptg8lmto,K08,env_hi_z,9.5,1.704341268124716
Batch_3,ptg8lmto,K08,env_hi_z,9.75,1.7793849759044302
Batch_3,ptg8lmto,K08,env_hi_z,10.0,1.8280804771771748
Batch_3,ptg8lmto,K10,cv,1.0,3.516297919302581
Batch_3,ptg8lmto,K10,cv,2.0,3.0847878455118414
Batch_3,ptg8lmto,K10,cv,5.0,2.234466121956914
Batch_3,ptg8lmto,K10,cv,10.0,1.5822018697490605
Batch_3,ptg8lmto,K10,cv,20.0,0.7644877787186731
Batch_3,ptg8lmto,K12,band_si_frac,0.0,0.05694161934627228
Batch_3,ptg8lmto,K12,band_si_frac,1.0,0.05904529755390366
Batch_3,ptg8lmto,K12,band_si_frac,2.0,0.026321119433745044
Batch_3,ptg8lmto,K12,band_si_frac,3.0,0.05911103372798727
Batch_3,ptg8lmto,K12,band_si_frac,4.0,0.07119227653254118
Batch_3,ptg8lmto,K13,column_si_frac,5.0,0.015973945409429282
Batch_3,ptg8lmto,K13,column_si_frac,15.0,0.1013089330024814
Batch_3,ptg8lmto,K13,column_si_frac,25.0,0.07030397022332506
Batch_3,ptg8lmto,K13,column_si_frac,35.0,0.038945409429280396
Batch_3,ptg8lmto,K13,column_si_frac,45.0,0.03769230769230769
Batch_3,ptg8lmto,K13,column_si_frac,55.0,0.11007444168734491
Batch_3,ptg8lmto,K13,column_si_frac,65.0,0.010477667493796526
Batch_3,ptg8lmto,K13,column_si_frac,75.0,0.059106699751861044
Batch_3,ptg8lmto,K13,column_si_frac,85.0,0.17228908188585607
Batch_3,ptg8lmto,K13,column_si_frac,95.0,0.017320099255583126
Batch_3,ptg8lmto,K13,column_si_frac,105.0,0.03127171215880893
Batch_3,ptg8lmto,K13,column_si_frac,115.0,0.010955334987593051
Batch_3,ptg8lmto,K13,column_si_frac,125.0,0.062208436724565754
Batch_3,ptg8lmto,K13,column_si_frac,135.0,0.045384615384615384
Batch_3,ptg8lmto,K13,column_si_frac,145.0,0.0882196029776675
Batch_3,ptg8lmto,K13,column_si_frac,155.0,0.030483870967741935
Batch_3,ptg8lmto,K13,column_si_frac,165.0,0.011997518610421837
Batch_3,ptg8lmto,D01,band_graphite_frac,0.0,0.900254611972766
Batch_3,ptg8lmto,D01,band_graphite_frac,1.0,0.9070064101652998
Batch_3,ptg8lmto,D01,band_graphite_frac,2.0,0.9397323649388121
Batch_3,ptg8lmto,D01,band_graphite_frac,3.0,0.8897231263413733
Batch_3,ptg8lmto,D01,band_graphite_frac,4.0,0.886185809514334
Batch_3,ptg8lmto,D04,band_pore_frac,0.0,0.035142455575331244
Batch_3,ptg8lmto,D04,band_pore_frac,1.0,0.025176954674019644
Batch_3,ptg8lmto,D04,band_pore_frac,2.0,0.028529499552283354
Batch_3,ptg8lmto,D04,band_pore_frac,3.0,0.042007191892775415
Batch_3,ptg8lmto,D04,band_pore_frac,4.0,0.0332927071933141
Batch_3,tuy3zymq,K08,g_obs_x,0.25,0.009765042702083252
Batch_3,tuy3zymq,K08,g_obs_x,0.5,0.3892710567899731
Batch_3,tuy3zymq,K08,g_obs_x,0.75,0.5522059787284634
Batch_3,tuy3zymq,K08,g_obs_x,1.0,0.6317488338809185
Batch_3,tuy3zymq,K08,g_obs_x,1.25,0.6657087218903075
Batch_3,tuy3zymq,K08,g_obs_x,1.5,0.5428768690954213
Batch_3,tuy3zymq,K08,g_obs_x,1.75,0.41508127108529635
Batch_3,tuy3zymq,K08,g_obs_x,2.0,0.7339739512288854
Batch_3,tuy3zymq,K08,g_obs_x,2.25,0.7252402518103686
Batch_3,tuy3zymq,K08,g_obs_x,2.5,0.7130551726047996
Batch_3,tuy3zymq,K08,g_obs_x,2.75,0.8839425382321751
Batch_3,tuy3zymq,K08,g_obs_x,3.0,0.8928359322656385
Batch_3,tuy3zymq,K08,g_obs_x,3.25,0.7291105352460894
Batch_3,tuy3zymq,K08,g_obs_x,3.5,0.6599950087855689
Batch_3,tuy3zymq,K08,g_obs_x,3.75,0.98783599720454
Batch_3,tuy3zymq,K08,g_obs_x,4.0,0.6684801627905391
Batch_3,tuy3zymq,K08,g_obs_x,4.25,0.7230909117514336
Batch_3,tuy3zymq,K08,g_obs_x,4.5,0.708856389568557
Batch_3,tuy3zymq,K08,g_obs_x,4.75,0.9782326852819054
Batch_3,tuy3zymq,K08,g_obs_x,5.0,1.043510500370734
Batch_3,tuy3zymq,K08,g_obs_x,5.25,1.0187635761710172
Batch_3,tuy3zymq,K08,g_obs_x,5.5,0.8654313976460826
Batch_3,tuy3zymq,K08,g_obs_x,5.75,0.7280210315503072
Batch_3,tuy3zymq,K08,g_obs_x,6.0,1.058037728095857
Batch_3,tuy3zymq,K08,g_obs_x,6.25,1.0932853808260392
Batch_3,tuy3zymq,K08,g_obs_x,6.5,0.7930566789024347
Batch_3,tuy3zymq,K08,g_obs_x,6.75,1.1361656975448216
Batch_3,tuy3zymq,K08,g_obs_x,7.0,1.2759827620325974
Batch_3,tuy3zymq,K08,g_obs_x,7.25,1.099810551707288
Batch_3,tuy3zymq,K08,g_obs_x,7.5,0.9694072703350735
Batch_3,tuy3zymq,K08,g_obs_x,7.75,1.2569701880136408
Batch_3,tuy3zymq,K08,g_obs_x,8.0,1.2126761667478227
Batch_3,tuy3zymq,K08,g_obs_x,8.25,1.010778197917169
Batch_3,tuy3zymq,K08,g_obs_x,8.5,0.7575802675909754
Batch_3,tuy3zymq,K08,g_obs_x,8.75,0.8509605047748209
Batch_3,tuy3zymq,K08,g_obs_x,9.0,1.1135685185899162
Batch_3,tuy3zymq,K08,g_obs_x,9.25,1.177851686122959
Batch_3,tuy3zymq,K08,g_obs_x,9.5,0.8978690732830538
Batch_3,tuy3zymq,K08,g_obs_x,9.75,0.7798267442811316
Batch_3,tuy3zymq,K08,g_obs_x,10.0,1.137575831355577
Batch_3,tuy3zymq,K08,env_lo_x,0.25,0.5636620971764144
Batch_3,tuy3zymq,K08,env_lo_x,0.5,0.6723786093762054
Batch_3,tuy3zymq,K08,env_lo_x,0.75,0.6614968409380093
Batch_3,tuy3zymq,K08,env_lo_x,1.0,0.6490462216030477
Batch_3,tuy3zymq,K08,env_lo_x,1.25,0.6962949942847927
Batch_3,tuy3zymq,K08,env_lo_x,1.5,0.7304335360136543
Batch_3,tuy3zymq,K08,env_lo_x,1.75,0.6633844542966851
Batch_3,tuy3zymq,K08,env_lo_x,2.0,0.6535345163347243
Batch_3,tuy3zymq,K08,env_lo_x,2.25,0.7239586350085297
Batch_3,tuy3zymq,K08,env_lo_x,2.5,0.6848093911621732
Batch_3,tuy3zymq,K08,env_lo_x,2.75,0.7495856353098017
Batch_3,tuy3zymq,K08,env_lo_x,3.0,0.6927985978048729
Batch_3,tuy3zymq,K08,env_lo_x,3.25,0.6880746189710822
Batch_3,tuy3zymq,K08,env_lo_x,3.5,0.6983011693337662
Batch_3,tuy3zymq,K08,env_lo_x,3.75,0.7095480814456727
Batch_3,tuy3zymq,K08,env_lo_x,4.0,0.7397524123262881
Batch_3,tuy3zymq,K08,env_lo_x,4.25,0.6833256634128304
Batch_3,tuy3zymq,K08,env_lo_x,4.5,0.6872821889007316
Batch_3,tuy3zymq,K08,env_lo_x,4.75,0.6673152459821101
Batch_3,tuy3zymq,K08,env_lo_x,5.0,0.7362784116530485
Batch_3,tuy3zymq,K08,env_lo_x,5.25,0.7282500536061413
Batch_3,tuy3zymq,K08,env_lo_x,5.5,0.7879477225671352
Batch_3,tuy3zymq,K08,env_lo_x,5.75,0.681816350641285
Batch_3,tuy3zymq,K08,env_lo_x,6.0,0.7237607122426855
Batch_3,tuy3zymq,K08,env_lo_x,6.25,0.7427732858373682
Batch_3,tuy3zymq,K08,env_lo_x,6.5,0.7471088638960011
Batch_3,tuy3zymq,K08,env_lo_x,6.75,0.6585478930322941
Batch_3,tuy3zymq,K08,env_lo_x,7.0,0.6555804757319588
Batch_3,tuy3zymq,K08,env_lo_x,7.25,0.7120032262290977
Batch_3,tuy3zymq,K08,env_lo_x,7.5,0.6563728991527317
Batch_3,tuy3zymq,K08,env_lo_x,7.75,0.7105641360013134
Batch_3,tuy3zymq,K08,env_lo_x,8.0,0.7212220641942839
Batch_3,tuy3zymq,K08,env_lo_x,8.25,0.7410889516647476
Batch_3,tuy3zymq,K08,env_lo_x,8.5,0.7351062096742197
Batch_3,tuy3zymq,K08,env_lo_x,8.75,0.7670785029415959
Batch_3,tuy3zymq,K08,env_lo_x,9.0,0.6866552543722899
Batch_3,tuy3zymq,K08,env_lo_x,9.25,0.7015515354511761
Batch_3,tuy3zymq,K08,env_lo_x,9.5,0.6642730897649011
Batch_3,tuy3zymq,K08,env_lo_x,9.75,0.7310121077663801
Batch_3,tuy3zymq,K08,env_lo_x,10.0,0.746835586343801
Batch_3,tuy3zymq,K08,env_hi_x,0.25,1.5174097511838944
Batch_3,tuy3zymq,K08,env_hi_x,0.5,1.4314146325256296
Batch_3,tuy3zymq,K08,env_hi_x,0.75,1.3798760070063798
Batch_3,tuy3zymq,K08,env_hi_x,1.0,1.4673536840349275
Batch_3,tuy3zymq,K08,env_hi_x,1.25,1.323526199811859
Batch_3,tuy3zymq,K08,env_hi_x,1.5,1.311847117689892
Batch_3,tuy3zymq,K08,env_hi_x,1.75,1.330821385102288
Batch_3,tuy3zymq,K08,env_hi_x,2.0,1.3287317769640024
Batch_3,tuy3zymq,K08,env_hi_x,2.25,1.373313442762821
Batch_3,tuy3zymq,K08,env_hi_x,2.5,1.3608722903855492
Batch_3,tuy3zymq,K08,env_hi_x,2.75,1.3826718253823047
Batch_3,tuy3zymq,K08,env_hi_x,3.0,1.3244825279216783
Batch_3,tuy3zymq,K08,env_hi_x,3.25,1.3845767293512512
Batch_3,tuy3zymq,K08,env_hi_x,3.5,1.4097300820689196
Batch_3,tuy3zymq,K08,env_hi_x,3.75,1.3759071907767906
Batch_3,tuy3zymq,K08,env_hi_x,4.0,1.3780851576627742
Batch_3,tuy3zymq,K08,env_hi_x,4.25,1.4559916623040214
Batch_3,tuy3zymq,K08,env_hi_x,4.5,1.3764306635584007
Batch_3,tuy3zymq,K08,env_hi_x,4.75,1.3620132879856062
Batch_3,tuy3zymq,K08,env_hi_x,5.0,1.3948020924932718
Batch_3,tuy3zymq,K08,env_hi_x,5.25,1.3190388184132043
Batch_3,tuy3zymq,K08,env_hi_x,5.5,1.2937104624768152
Batch_3,tuy3zymq,K08,env_hi_x,5.75,1.278329136748616
Batch_3,tuy3zymq,K08,env_hi_x,6.0,1.4008459789072105
Batch_3,tuy3zymq,K08,env_hi_x,6.25,1.338555780418167
Batch_3,tuy3zymq,K08,env_hi_x,6.5,1.3434625526269066
Batch_3,tuy3zymq,K08,env_hi_x,6.75,1.3107475356658906
Batch_3,tuy3zymq,K08,env_hi_x,7.0,1.2942581237894106
Batch_3,tuy3zymq,K08,env_hi_x,7.25,1.3737685465969285
Batch_3,tuy3zymq,K08,env_hi_x,7.5,1.3395172546848844
Batch_3,tuy3zymq,K08,env_hi_x,7.75,1.339553281457154
Batch_3,tuy3zymq,K08,env_hi_x,8.0,1.324110745238191
Batch_3,tuy3zymq,K08,env_hi_x,8.25,1.2483569676853454
Batch_3,tuy3zymq,K08,env_hi_x,8.5,1.240333734736167
Batch_3,tuy3zymq,K08,env_hi_x,8.75,1.2765251317258521
Batch_3,tuy3zymq,K08,env_hi_x,9.0,1.2841515630978917
Batch_3,tuy3zymq,K08,env_hi_x,9.25,1.2517619273097589
Batch_3,tuy3zymq,K08,env_hi_x,9.5,1.3265032625968065
Batch_3,tuy3zymq,K08,env_hi_x,9.75,1.3894911050048404
Batch_3,tuy3zymq,K08,env_hi_x,10.0,1.3080988216615805
Batch_3,tuy3zymq,K08,g_obs_z,0.25,0.09100789765491374
Batch_3,tuy3zymq,K08,g_obs_z,0.5,0.5374154980989451
Batch_3,tuy3zymq,K08,g_obs_z,0.75,0.5789040276624791
Batch_3,tuy3zymq,K08,g_obs_z,1.0,0.5552592847738249
Batch_3,tuy3zymq,K08,g_obs_z,1.25,0.7703808593779077
Batch_3,tuy3zymq,K08,g_obs_z,1.5,0.7418638812039524
Batch_3,tuy3zymq,K08,g_obs_z,1.75,0.5881748951701066
Batch_3,tuy3zymq,K08,g_obs_z,2.0,0.6678327432007549
Batch_3,tuy3zymq,K08,g_obs_z,2.25,0.767338945730414
Batch_3,tuy3zymq,K08,g_obs_z,2.5,0.7111538295439346
Batch_3,tuy3zymq,K08,g_obs_z,2.75,0.6649867119393772
Batch_3,tuy3zymq,K08,g_obs_z,3.0,0.6139145853613528
Batch_3,tuy3zymq,K08,g_obs_z,3.25,0.9631188602761327
Batch_3,tuy3zymq,K08,g_obs_z,3.5,0.9116197603383147
Batch_3,tuy3zymq,K08,g_obs_z,3.75,0.7326485120441669
Batch_3,tuy3zymq,K08,g_obs_z,4.0,0.9594814745959778
Batch_3,tuy3zymq,K08,g_obs_z,4.25,0.8668818767930725
Batch_3,tuy3zymq,K08,g_obs_z,4.5,0.6047038100337863
Batch_3,tuy3zymq,K08,g_obs_z,4.75,0.9109924825155058
Batch_3,tuy3zymq,K08,g_obs_z,5.0,1.1450411255323578
Batch_3,tuy3zymq,K08,g_obs_z,5.25,0.8531173725192274
Batch_3,tuy3zymq,K08,g_obs_z,5.5,1.0536111867425964
Batch_3,tuy3zymq,K08,g_obs_z,5.75,1.0134635619244232
Batch_3,tuy3zymq,K08,g_obs_z,6.0,0.88661543073153
Batch_3,tuy3zymq,K08,g_obs_z,6.25,1.1269971981081872
Batch_3,tuy3zymq,K08,g_obs_z,6.5,1.177716846038605
Batch_3,tuy3zymq,K08,g_obs_z,6.75,1.112188334316724
Batch_3,tuy3zymq,K08,g_obs_z,7.0,0.8055802671876628
Batch_3,tuy3zymq,K08,g_obs_z,7.25,0.9159662738008083
Batch_3,tuy3zymq,K08,g_obs_z,7.5,1.0749538015787319
Batch_3,tuy3zymq,K08,g_obs_z,7.75,1.1857784931843294
Batch_3,tuy3zymq,K08,g_obs_z,8.0,1.5061920628272865
Batch_3,tuy3zymq,K08,g_obs_z,8.25,1.3655853847681365
Batch_3,tuy3zymq,K08,g_obs_z,8.5,1.1943683572056625
Batch_3,tuy3zymq,K08,g_obs_z,8.75,1.3615393302649483
Batch_3,tuy3zymq,K08,g_obs_z,9.0,1.3339824122460455
Batch_3,tuy3zymq,K08,g_obs_z,9.25,1.1538962208098635
Batch_3,tuy3zymq,K08,g_obs_z,9.5,1.1145319898579351
Batch_3,tuy3zymq,K08,g_obs_z,9.75,1.156692844468055
Batch_3,tuy3zymq,K08,g_obs_z,10.0,1.1527196342382118
Batch_3,tuy3zymq,K08,env_lo_z,0.25,0.5536248629015155
Batch_3,tuy3zymq,K08,env_lo_z,0.5,0.6362352239877008
Batch_3,tuy3zymq,K08,env_lo_z,0.75,0.6237371017654414
Batch_3,tuy3zymq,K08,env_lo_z,1.0,0.5892456843488135
Batch_3,tuy3zymq,K08,env_lo_z,1.25,0.6944776168395492
Batch_3,tuy3zymq,K08,env_lo_z,1.5,0.6683283411616365
Batch_3,tuy3zymq,K08,env_lo_z,1.75,0.6630878393627928
Batch_3,tuy3zymq,K08,env_lo_z,2.0,0.6163226232239323
Batch_3,tuy3zymq,K08,env_lo_z,2.25,0.6793691335110639
Batch_3,tuy3zymq,K08,env_lo_z,2.5,0.674318904016877
Batch_3,tuy3zymq,K08,env_lo_z,2.75,0.6678510656917575
Batch_3,tuy3zymq,K08,env_lo_z,3.0,0.6344671390043561
Batch_3,tuy3zymq,K08,env_lo_z,3.25,0.697912356758803
Batch_3,tuy3zymq,K08,env_lo_z,3.5,0.6717314491737013
Batch_3,tuy3zymq,K08,env_lo_z,3.75,0.653822004542599
Batch_3,tuy3zymq,K08,env_lo_z,4.0,0.636755578881562
Batch_3,tuy3zymq,K08,env_lo_z,4.25,0.6301746189149267
Batch_3,tuy3zymq,K08,env_lo_z,4.5,0.6205026452423119
Batch_3,tuy3zymq,K08,env_lo_z,4.75,0.6455960314617963
Batch_3,tuy3zymq,K08,env_lo_z,5.0,0.6115984371963641
Batch_3,tuy3zymq,K08,env_lo_z,5.25,0.5891908212262712
Batch_3,tuy3zymq,K08,env_lo_z,5.5,0.6149797701950628
Batch_3,tuy3zymq,K08,env_lo_z,5.75,0.6446197772785663
Batch_3,tuy3zymq,K08,env_lo_z,6.0,0.6312747336291591
Batch_3,tuy3zymq,K08,env_lo_z,6.25,0.6648661971855557
Batch_3,tuy3zymq,K08,env_lo_z,6.5,0.6131782902475293
Batch_3,tuy3zymq,K08,env_lo_z,6.75,0.6467098750196633
Batch_3,tuy3zymq,K08,env_lo_z,7.0,0.6635846423799575
Batch_3,tuy3zymq,K08,env_lo_z,7.25,0.6596986914444679
Batch_3,tuy3zymq,K08,env_lo_z,7.5,0.7160676532095454
Batch_3,tuy3zymq,K08,env_lo_z,7.75,0.6825033462436289
Batch_3,tuy3zymq,K08,env_lo_z,8.0,0.6518075278042912
Batch_3,tuy3zymq,K08,env_lo_z,8.25,0.7033803280152714
Batch_3,tuy3zymq,K08,env_lo_z,8.5,0.7181864883623149
Batch_3,tuy3zymq,K08,env_lo_z,8.75,0.745359477832105
Batch_3,tuy3zymq,K08,env_lo_z,9.0,0.7070792797107769
Batch_3,tuy3zymq,K08,env_lo_z,9.25,0.6658697895364426
Batch_3,tuy3zymq,K08,env_lo_z,9.5,0.6941994429513795
Batch_3,tuy3zymq,K08,env_lo_z,9.75,0.7233813529250203
Batch_3,tuy3zymq,K08,env_lo_z,10.0,0.770921701722513
Batch_3,tuy3zymq,K08,env_hi_z,0.25,1.5189106604042568
Batch_3,tuy3zymq,K08,env_hi_z,0.5,1.5044390422344895
Batch_3,tuy3zymq,K08,env_hi_z,0.75,1.4095477705179233
Batch_3,tuy3zymq,K08,env_hi_z,1.0,1.5398334628027868
Batch_3,tuy3zymq,K08,env_hi_z,1.25,1.401697640790578
Batch_3,tuy3zymq,K08,env_hi_z,1.5,1.4009008910742768
Batch_3,tuy3zymq,K08,env_hi_z,1.75,1.4390501640456974
Batch_3,tuy3zymq,K08,env_hi_z,2.0,1.401367954200481
Batch_3,tuy3zymq,K08,env_hi_z,2.25,1.4457862076116161
Batch_3,tuy3zymq,K08,env_hi_z,2.5,1.4651262969060193
Batch_3,tuy3zymq,K08,env_hi_z,2.75,1.453354651388504
Batch_3,tuy3zymq,K08,env_hi_z,3.0,1.474085278206791
Batch_3,tuy3zymq,K08,env_hi_z,3.25,1.375171929718307
Batch_3,tuy3zymq,K08,env_hi_z,3.5,1.409450930623349
Batch_3,tuy3zymq,K08,env_hi_z,3.75,1.4495576026439356
Batch_3,tuy3zymq,K08,env_hi_z,4.0,1.3862206849110852
Batch_3,tuy3zymq,K08,env_hi_z,4.25,1.4214070804599208
Batch_3,tuy3zymq,K08,env_hi_z,4.5,1.5550838469771486
Batch_3,tuy3zymq,K08,env_hi_z,4.75,1.35057287439079
Batch_3,tuy3zymq,K08,env_hi_z,5.0,1.5110602886989155
Batch_3,tuy3zymq,K08,env_hi_z,5.25,1.4190203941546387
Batch_3,tuy3zymq,K08,env_hi_z,5.5,1.3207628424461184
Batch_3,tuy3zymq,K08,env_hi_z,5.75,1.3135954595852528
Batch_3,tuy3zymq,K08,env_hi_z,6.0,1.425356105770151
Batch_3,tuy3zymq,K08,env_hi_z,6.25,1.4647498442691296
Batch_3,tuy3zymq,K08,env_hi_z,6.5,1.3745149648280142
Batch_3,tuy3zymq,K08,env_hi_z,6.75,1.3573194900717551
Batch_3,tuy3zymq,K08,env_hi_z,7.0,1.3579106207624978
Batch_3,tuy3zymq,K08,env_hi_z,7.25,1.3542663545947202
Batch_3,tuy3zymq,K08,env_hi_z,7.5,1.2882161838298498
Batch_3,tuy3zymq,K08,env_hi_z,7.75,1.2900834427224037
Batch_3,tuy3zymq,K08,env_hi_z,8.0,1.33872278954164
Batch_3,tuy3zymq,K08,env_hi_z,8.25,1.348499721247389
Batch_3,tuy3zymq,K08,env_hi_z,8.5,1.3601486351678782
Batch_3,tuy3zymq,K08,env_hi_z,8.75,1.2884469160028935
Batch_3,tuy3zymq,K08,env_hi_z,9.0,1.3095583934868793
Batch_3,tuy3zymq,K08,env_hi_z,9.25,1.353854659019671
Batch_3,tuy3zymq,K08,env_hi_z,9.5,1.3762609014192564
Batch_3,tuy3zymq,K08,env_hi_z,9.75,1.275491044319658
Batch_3,tuy3zymq,K08,env_hi_z,10.0,1.3652456446851255
Batch_3,tuy3zymq,K10,cv,1.0,3.2107225306162612
Batch_3,tuy3zymq,K10,cv,2.0,2.751231943170923
Batch_3,tuy3zymq,K10,cv,5.0,1.8712484887926604
Batch_3,tuy3zymq,K10,cv,10.0,0.9546984685393286
Batch_3,tuy3zymq,K10,cv,20.0,0.6461028609667955
Batch_3,tuy3zymq,K12,band_si_frac,0.0,0.08386283352958165
Batch_3,tuy3zymq,K12,band_si_frac,1.0,0.04908522361200596
Batch_3,tuy3zymq,K12,band_si_frac,2.0,0.05366049410144187
Batch_3,tuy3zymq,K12,band_si_frac,3.0,0.056182099931127945
Batch_3,tuy3zymq,K12,band_si_frac,4.0,0.05294122547821643
Batch_3,tuy3zymq,K13,column_si_frac,5.0,0.037213592233009705
Batch_3,tuy3zymq,K13,column_si_frac,15.0,0.029898058252427185
Batch_3,tuy3zymq,K13,column_si_frac,25.0,0.04247572815533981
Batch_3,tuy3zymq,K13,column_si_frac,35.0,0.07058252427184467
Batch_3,tuy3zymq,K13,column_si_frac,45.0,0.04733009708737864
Batch_3,tuy3zymq,K13,column_si_frac,55.0,0.05545631067961165
Batch_3,tuy3zymq,K13,column_si_frac,65.0,0.06301941747572816
Batch_3,tuy3zymq,K13,column_si_frac,75.0,0.08359223300970874
Batch_3,tuy3zymq,K13,column_si_frac,85.0,0.11733009708737864
Batch_3,tuy3zymq,K13,column_si_frac,95.0,0.048097087378640775
Batch_3,tuy3zymq,K13,column_si_frac,105.0,0.05824757281553398
Batch_3,tuy3zymq,K13,column_si_frac,115.0,0.035660194174757284
Batch_3,tuy3zymq,K13,column_si_frac,125.0,0.05984466019417476
Batch_3,tuy3zymq,K13,column_si_frac,135.0,0.05907281553398058
Batch_3,tuy3zymq,K13,column_si_frac,145.0,0.020776699029126214
Batch_3,tuy3zymq,K13,column_si_frac,155.0,0.0670485436893204
Batch_3,tuy3zymq,K13,column_si_frac,165.0,0.04820873786407767
Batch_3,tuy3zymq,D01,band_graphite_frac,0.0,0.8746542511830442
Batch_3,tuy3zymq,D01,band_graphite_frac,1.0,0.899139932460954
Batch_3,tuy3zymq,D01,band_graphite_frac,2.0,0.8953366954744396
Batch_3,tuy3zymq,D01,band_graphite_frac,3.0,0.8855543644886805
Batch_3,tuy3zymq,D01,band_graphite_frac,4.0,0.9085112528048699
Batch_3,tuy3zymq,D04,band_pore_frac,0.0,0.028616615938326186
Batch_3,tuy3zymq,D04,band_pore_frac,1.0,0.041705083201883986
Batch_3,tuy3zymq,D04,band_pore_frac,2.0,0.040051320788251764
Batch_3,tuy3zymq,D04,band_pore_frac,3.0,0.04289368154451134
Batch_3,tuy3zymq,D04,band_pore_frac,4.0,0.02949556775010553
Batch_3,ufdvpb81,K08,g_obs_x,0.25,0.0
Batch_3,ufdvpb81,K08,g_obs_x,0.5,0.18045960377309112
Batch_3,ufdvpb81,K08,g_obs_x,0.75,0.23891275988827188
Batch_3,ufdvpb81,K08,g_obs_x,1.0,0.3448903268438321
Batch_3,ufdvpb81,K08,g_obs_x,1.25,0.5134311387434857
Batch_3,ufdvpb81,K08,g_obs_x,1.5,0.5774963581636673
Batch_3,ufdvpb81,K08,g_obs_x,1.75,0.7490566955270606
Batch_3,ufdvpb81,K08,g_obs_x,2.0,0.7981522205470497
Batch_3,ufdvpb81,K08,g_obs_x,2.25,0.4917990503181385
Batch_3,ufdvpb81,K08,g_obs_x,2.5,0.38798109248979923
Batch_3,ufdvpb81,K08,g_obs_x,2.75,0.8607371174534182
Batch_3,ufdvpb81,K08,g_obs_x,3.0,1.1452005746047058
Batch_3,ufdvpb81,K08,g_obs_x,3.25,1.0413898129807977
Batch_3,ufdvpb81,K08,g_obs_x,3.5,0.7641464597801583
Batch_3,ufdvpb81,K08,g_obs_x,3.75,0.42436737674521874
Batch_3,ufdvpb81,K08,g_obs_x,4.0,0.4864996577202248
Batch_3,ufdvpb81,K08,g_obs_x,4.25,0.8253533243727961
Batch_3,ufdvpb81,K08,g_obs_x,4.5,0.8853039400098446
Batch_3,ufdvpb81,K08,g_obs_x,4.75,0.9293825367501332
Batch_3,ufdvpb81,K08,g_obs_x,5.0,1.0770144341535257
Batch_3,ufdvpb81,K08,g_obs_x,5.25,0.9944961782630546
Batch_3,ufdvpb81,K08,g_obs_x,5.5,0.904950545140158
Batch_3,ufdvpb81,K08,g_obs_x,5.75,0.9710208968030781
Batch_3,ufdvpb81,K08,g_obs_x,6.0,0.8639740924172747
Batch_3,ufdvpb81,K08,g_obs_x,6.25,0.7872804823796642
Batch_3,ufdvpb81,K08,g_obs_x,6.5,0.7959151119019778
Batch_3,ufdvpb81,K08,g_obs_x,6.75,1.06912842381227
Batch_3,ufdvpb81,K08,g_obs_x,7.0,1.239706534189959
Batch_3,ufdvpb81,K08,g_obs_x,7.25,0.9361134319122937
Batch_3,ufdvpb81,K08,g_obs_x,7.5,0.7960338334577507
Batch_3,ufdvpb81,K08,g_obs_x,7.75,0.8878967350616879
Batch_3,ufdvpb81,K08,g_obs_x,8.0,1.2420345354966575
Batch_3,ufdvpb81,K08,g_obs_x,8.25,1.2880703223825714
Batch_3,ufdvpb81,K08,g_obs_x,8.5,0.8318777437899016
Batch_3,ufdvpb81,K08,g_obs_x,8.75,0.7278393751709338
Batch_3,ufdvpb81,K08,g_obs_x,9.0,0.938849249182443
Batch_3,ufdvpb81,K08,g_obs_x,9.25,0.8562428630306389
Batch_3,ufdvpb81,K08,g_obs_x,9.5,0.8020186809053236
Batch_3,ufdvpb81,K08,g_obs_x,9.75,0.8332761350435903
Batch_3,ufdvpb81,K08,g_obs_x,10.0,0.9444113289102508
Batch_3,ufdvpb81,K08,env_lo_x,0.25,0.12298833869410954
Batch_3,ufdvpb81,K08,env_lo_x,0.5,0.2486764342599349
Batch_3,ufdvpb81,K08,env_lo_x,0.75,0.41266807484432994
Batch_3,ufdvpb81,K08,env_lo_x,1.0,0.3258108869582902
Batch_3,ufdvpb81,K08,env_lo_x,1.25,0.4090310312405878
Batch_3,ufdvpb81,K08,env_lo_x,1.5,0.3815615737629041
Batch_3,ufdvpb81,K08,env_lo_x,1.75,0.4524044485894074
Batch_3,ufdvpb81,K08,env_lo_x,2.0,0.33439289787807724
Batch_3,ufdvpb81,K08,env_lo_x,2.25,0.3223791897818293
Batch_3,ufdvpb81,K08,env_lo_x,2.5,0.48044942761739945
Batch_3,ufdvpb81,K08,env_lo_x,2.75,0.4947481842271245
Batch_3,ufdvpb81,K08,env_lo_x,3.0,0.44835045034756943
Batch_3,ufdvpb81,K08,env_lo_x,3.25,0.4959215477873024
Batch_3,ufdvpb81,K08,env_lo_x,3.5,0.5520553151561339
Batch_3,ufdvpb81,K08,env_lo_x,3.75,0.47706285555181704
Batch_3,ufdvpb81,K08,env_lo_x,4.0,0.4087338485249628
Batch_3,ufdvpb81,K08,env_lo_x,4.25,0.43138311636786264
Batch_3,ufdvpb81,K08,env_lo_x,4.5,0.39181668039631395
Batch_3,ufdvpb81,K08,env_lo_x,4.75,0.4976409241538172
Batch_3,ufdvpb81,K08,env_lo_x,5.0,0.5365819469843708
Batch_3,ufdvpb81,K08,env_lo_x,5.25,0.4617222070059093
Batch_3,ufdvpb81,K08,env_lo_x,5.5,0.4504551911238833
Batch_3,ufdvpb81,K08,env_lo_x,5.75,0.5235895950370363
Batch_3,ufdvpb81,K08,env_lo_x,6.0,0.42435852483967135
Batch_3,ufdvpb81,K08,env_lo_x,6.25,0.4153566226914206
Batch_3,ufdvpb81,K08,env_lo_x,6.5,0.4657307087299606
Batch_3,ufdvpb81,K08,env_lo_x,6.75,0.5825829065607004
Batch_3,ufdvpb81,K08,env_lo_x,7.0,0.43642064999213215
Batch_3,ufdvpb81,K08,env_lo_x,7.25,0.42235562564826074
Batch_3,ufdvpb81,K08,env_lo_x,7.5,0.43146278192515264
Batch_3,ufdvpb81,K08,env_lo_x,7.75,0.4665586258401964
Batch_3,ufdvpb81,K08,env_lo_x,8.0,0.5635512116759587
Batch_3,ufdvpb81,K08,env_lo_x,8.25,0.4732414907498155
Batch_3,ufdvpb81,K08,env_lo_x,8.5,0.5966892448350626
Batch_3,ufdvpb81,K08,env_lo_x,8.75,0.5467331135635982
Batch_3,ufdvpb81,K08,env_lo_x,9.0,0.5319481519329274
Batch_3,ufdvpb81,K08,env_lo_x,9.25,0.4926564520312694
Batch_3,ufdvpb81,K08,env_lo_x,9.5,0.5197477123081821
Batch_3,ufdvpb81,K08,env_lo_x,9.75,0.4885298974411166
Batch_3,ufdvpb81,K08,env_lo_x,10.0,0.5480966663701899
Batch_3,ufdvpb81,K08,env_hi_x,0.25,2.421642798187975
Batch_3,ufdvpb81,K08,env_hi_x,0.5,2.0206081598512435
Batch_3,ufdvpb81,K08,env_hi_x,0.75,1.6402398377306893
Batch_3,ufdvpb81,K08,env_hi_x,1.0,1.601671587882503
Batch_3,ufdvpb81,K08,env_hi_x,1.25,1.9553326901468644
Batch_3,ufdvpb81,K08,env_hi_x,1.5,1.8251443962029137
Batch_3,ufdvpb81,K08,env_hi_x,1.75,1.5321503079079184
Batch_3,ufdvpb81,K08,env_hi_x,2.0,1.712630153736572
Batch_3,ufdvpb81,K08,env_hi_x,2.25,1.6179998632689554
Batch_3,ufdvpb81,K08,env_hi_x,2.5,1.5509048148963074
Batch_3,ufdvpb81,K08,env_hi_x,2.75,1.676134177190172
Batch_3,ufdvpb81,K08,env_hi_x,3.0,1.6048607104542019
Batch_3,ufdvpb81,K08,env_hi_x,3.25,1.5903326673852591
Batch_3,ufdvpb81,K08,env_hi_x,3.5,1.6383965992868943
Batch_3,ufdvpb81,K08,env_hi_x,3.75,1.5763235976577583
Batch_3,ufdvpb81,K08,env_hi_x,4.0,1.6578959641652737
Batch_3,ufdvpb81,K08,env_hi_x,4.25,1.7012578658490962
Batch_3,ufdvpb81,K08,env_hi_x,4.5,1.71006869846623
Batch_3,ufdvpb81,K08,env_hi_x,4.75,1.7111504957606871
Batch_3,ufdvpb81,K08,env_hi_x,5.0,1.5178771801538242
Batch_3,ufdvpb81,K08,env_hi_x,5.25,1.5245100378452607
Batch_3,ufdvpb81,K08,env_hi_x,5.5,1.5094156401031853
Batch_3,ufdvpb81,K08,env_hi_x,5.75,1.5831002427105672
Batch_3,ufdvpb81,K08,env_hi_x,6.0,1.5757108308552625
Batch_3,ufdvpb81,K08,env_hi_x,6.25,1.7383782471807923
Batch_3,ufdvpb81,K08,env_hi_x,6.5,1.6340252788076997
Batch_3,ufdvpb81,K08,env_hi_x,6.75,1.6602223344434401
Batch_3,ufdvpb81,K08,env_hi_x,7.0,1.677958978583333
Batch_3,ufdvpb81,K08,env_hi_x,7.25,1.768805111327977
Batch_3,ufdvpb81,K08,env_hi_x,7.5,1.6638560647098923
Batch_3,ufdvpb81,K08,env_hi_x,7.75,1.7035082902259666
Batch_3,ufdvpb81,K08,env_hi_x,8.0,1.5422430423627982
Batch_3,ufdvpb81,K08,env_hi_x,8.25,1.4414328451592424
Batch_3,ufdvpb81,K08,env_hi_x,8.5,1.4813552935432177
Batch_3,ufdvpb81,K08,env_hi_x,8.75,1.485448395035029
Batch_3,ufdvpb81,K08,env_hi_x,9.0,1.5150371959430473
Batch_3,ufdvpb81,K08,env_hi_x,9.25,1.64005936073283
Batch_3,ufdvpb81,K08,env_hi_x,9.5,1.6346506220101082
Batch_3,ufdvpb81,K08,env_hi_x,9.75,1.5880161352169686
Batch_3,ufdvpb81,K08,env_hi_x,10.0,1.471263720972715
Batch_3,ufdvpb81,K08,g_obs_z,0.25,0.03159860139173845
Batch_3,ufdvpb81,K08,g_obs_z,0.5,0.22341246222349684
Batch_3,ufdvpb81,K08,g_obs_z,0.75,0.14818259162568964
Batch_3,ufdvpb81,K08,g_obs_z,1.0,0.13462427304907784
Batch_3,ufdvpb81,K08,g_obs_z,1.25,0.19960330787935196
Batch_3,ufdvpb81,K08,g_obs_z,1.5,0.2156030405799575
Batch_3,ufdvpb81,K08,g_obs_z,1.75,0.5069393089786116
Batch_3,ufdvpb81,K08,g_obs_z,2.0,0.7838955770050295
Batch_3,ufdvpb81,K08,g_obs_z,2.25,0.9542746862590075
Batch_3,ufdvpb81,K08,g_obs_z,2.5,0.9472287610904928
Batch_3,ufdvpb81,K08,g_obs_z,2.75,0.7272232910701274
Batch_3,ufdvpb81,K08,g_obs_z,3.0,0.6384793153766628
Batch_3,ufdvpb81,K08,g_obs_z,3.25,0.5083820475651153
Batch_3,ufdvpb81,K08,g_obs_z,3.5,0.9302680547743585
Batch_3,ufdvpb81,K08,g_obs_z,3.75,1.3820835230482518
Batch_3,ufdvpb81,K08,g_obs_z,4.0,0.9419745132591191
Batch_3,ufdvpb81,K08,g_obs_z,4.25,0.7209068513990623
Batch_3,ufdvpb81,K08,g_obs_z,4.5,0.7091960428848869
Batch_3,ufdvpb81,K08,g_obs_z,4.75,1.0603199786730557
Batch_3,ufdvpb81,K08,g_obs_z,5.0,1.1574456973329006
Batch_3,ufdvpb81,K08,g_obs_z,5.25,0.6113810473937865
Batch_3,ufdvpb81,K08,g_obs_z,5.5,0.5347097855305057
Batch_3,ufdvpb81,K08,g_obs_z,5.75,0.6489134019284467
Batch_3,ufdvpb81,K08,g_obs_z,6.0,0.4506385662207481
Batch_3,ufdvpb81,K08,g_obs_z,6.25,0.8042874433414562
Batch_3,ufdvpb81,K08,g_obs_z,6.5,1.3008025922652404
Batch_3,ufdvpb81,K08,g_obs_z,6.75,1.0738048587548654
Batch_3,ufdvpb81,K08,g_obs_z,7.0,1.1092311748546926
Batch_3,ufdvpb81,K08,g_obs_z,7.25,1.1049045891318583
Batch_3,ufdvpb81,K08,g_obs_z,7.5,1.00181056625412
Batch_3,ufdvpb81,K08,g_obs_z,7.75,0.9085500359559671
Batch_3,ufdvpb81,K08,g_obs_z,8.0,0.8734881659637684
Batch_3,ufdvpb81,K08,g_obs_z,8.25,0.8858866126464631
Batch_3,ufdvpb81,K08,g_obs_z,8.5,0.9003305211054805
Batch_3,ufdvpb81,K08,g_obs_z,8.75,1.3293499535227276
Batch_3,ufdvpb81,K08,g_obs_z,9.0,1.2596719123603481
Batch_3,ufdvpb81,K08,g_obs_z,9.25,1.0977110756016055
Batch_3,ufdvpb81,K08,g_obs_z,9.5,1.0379466133179376
Batch_3,ufdvpb81,K08,g_obs_z,9.75,0.9711282464256026
Batch_3,ufdvpb81,K08,g_obs_z,10.0,1.0235802971321242
Batch_3,ufdvpb81,K08,env_lo_z,0.25,0.0017878004016817154
Batch_3,ufdvpb81,K08,env_lo_z,0.5,0.24738542880985387
Batch_3,ufdvpb81,K08,env_lo_z,0.75,0.34599468642810094
Batch_3,ufdvpb81,K08,env_lo_z,1.0,0.33724015661443707
Batch_3,ufdvpb81,K08,env_lo_z,1.25,0.3959422591324057
Batch_3,ufdvpb81,K08,env_lo_z,1.5,0.37529216161055917
Batch_3,ufdvpb81,K08,env_lo_z,1.75,0.4133718714457532
Batch_3,ufdvpb81,K08,env_lo_z,2.0,0.3486821972858399
Batch_3,ufdvpb81,K08,env_lo_z,2.25,0.3869437828985826
Batch_3,ufdvpb81,K08,env_lo_z,2.5,0.38867661597807296
Batch_3,ufdvpb81,K08,env_lo_z,2.75,0.3248369238263436
Batch_3,ufdvpb81,K08,env_lo_z,3.0,0.18554801947217023
Batch_3,ufdvpb81,K08,env_lo_z,3.25,0.37994739077198475
Batch_3,ufdvpb81,K08,env_lo_z,3.5,0.3339557881197684
Batch_3,ufdvpb81,K08,env_lo_z,3.75,0.4193716867036167
Batch_3,ufdvpb81,K08,env_lo_z,4.0,0.3064453896111752
Batch_3,ufdvpb81,K08,env_lo_z,4.25,0.38597844325671565
Batch_3,ufdvpb81,K08,env_lo_z,4.5,0.38739724640164114
Batch_3,ufdvpb81,K08,env_lo_z,4.75,0.3266791262840707
Batch_3,ufdvpb81,K08,env_lo_z,5.0,0.3966710142823273
Batch_3,ufdvpb81,K08,env_lo_z,5.25,0.3430861083374259
Batch_3,ufdvpb81,K08,env_lo_z,5.5,0.34097812482201584
Batch_3,ufdvpb81,K08,env_lo_z,5.75,0.4418245818298858
Batch_3,ufdvpb81,K08,env_lo_z,6.0,0.3812955655364706
Batch_3,ufdvpb81,K08,env_lo_z,6.25,0.3923565616357225
Batch_3,ufdvpb81,K08,env_lo_z,6.5,0.3366799774663701
Batch_3,ufdvpb81,K08,env_lo_z,6.75,0.34718782146117116
Batch_3,ufdvpb81,K08,env_lo_z,7.0,0.40785136843170294
Batch_3,ufdvpb81,K08,env_lo_z,7.25,0.4568801801784682
Batch_3,ufdvpb81,K08,env_lo_z,7.5,0.3857573107638076
Batch_3,ufdvpb81,K08,env_lo_z,7.75,0.4464146957390121
Batch_3,ufdvpb81,K08,env_lo_z,8.0,0.4380257854216892
Batch_3,ufdvpb81,K08,env_lo_z,8.25,0.40706942367472715
Batch_3,ufdvpb81,K08,env_lo_z,8.5,0.47639910255254575
Batch_3,ufdvpb81,K08,env_lo_z,8.75,0.35841838794402525
Batch_3,ufdvpb81,K08,env_lo_z,9.0,0.30189010582893155
Batch_3,ufdvpb81,K08,env_lo_z,9.25,0.33836127509914177
Batch_3,ufdvpb81,K08,env_lo_z,9.5,0.39509281178432354
Batch_3,ufdvpb81,K08,env_lo_z,9.75,0.41598778838686185
Batch_3,ufdvpb81,K08,env_lo_z,10.0,0.4654214041008447
Batch_3,ufdvpb81,K08,env_hi_z,0.25,2.6083753694088623
Batch_3,ufdvpb81,K08,env_hi_z,0.5,2.0359154806248347
Batch_3,ufdvpb81,K08,env_hi_z,0.75,1.797408304253035
Batch_3,ufdvpb81,K08,env_hi_z,1.0,1.7502387545812745
Batch_3,ufdvpb81,K08,env_hi_z,1.25,1.7819008812770254
Batch_3,ufdvpb81,K08,env_hi_z,1.5,1.5716347215812738
Batch_3,ufdvpb81,K08,env_hi_z,1.75,1.7224446873184573
Batch_3,ufdvpb81,K08,env_hi_z,2.0,1.6276377478409616
Batch_3,ufdvpb81,K08,env_hi_z,2.25,1.6667283761974259
Batch_3,ufdvpb81,K08,env_hi_z,2.5,1.7157897451168949
Batch_3,ufdvpb81,K08,env_hi_z,2.75,1.8384334490808558
Batch_3,ufdvpb81,K08,env_hi_z,3.0,1.7174646718704913
Batch_3,ufdvpb81,K08,env_hi_z,3.25,1.8725093263841517
Batch_3,ufdvpb81,K08,env_hi_z,3.5,1.755330835025531
Batch_3,ufdvpb81,K08,env_hi_z,3.75,1.7982380054762892
Batch_3,ufdvpb81,K08,env_hi_z,4.0,1.9442088061789469
Batch_3,ufdvpb81,K08,env_hi_z,4.25,1.7272300833417766
Batch_3,ufdvpb81,K08,env_hi_z,4.5,1.7649063586130327
Batch_3,ufdvpb81,K08,env_hi_z,4.75,1.7806007200100398
Batch_3,ufdvpb81,K08,env_hi_z,5.0,1.68451193838889
Batch_3,ufdvpb81,K08,env_hi_z,5.25,1.7943520588766009
Batch_3,ufdvpb81,K08,env_hi_z,5.5,1.709493789525027
Batch_3,ufdvpb81,K08,env_hi_z,5.75,1.8130075171123494
Batch_3,ufdvpb81,K08,env_hi_z,6.0,1.7568910191134983
Batch_3,ufdvpb81,K08,env_hi_z,6.25,1.8114042354166462
Batch_3,ufdvpb81,K08,env_hi_z,6.5,1.715293411500219
Batch_3,ufdvpb81,K08,env_hi_z,6.75,1.7816968478265385
Batch_3,ufdvpb81,K08,env_hi_z,7.0,1.7999218069872978
Batch_3,ufdvpb81,K08,env_hi_z,7.25,2.037091196130394
Batch_3,ufdvpb81,K08,env_hi_z,7.5,1.9156161937007243
Batch_3,ufdvpb81,K08,env_hi_z,7.75,1.7425634812407333
Batch_3,ufdvpb81,K08,env_hi_z,8.0,1.9241248150547394
Batch_3,ufdvpb81,K08,env_hi_z,8.25,1.7830257986471538
Batch_3,ufdvpb81,K08,env_hi_z,8.5,1.800697855555017
Batch_3,ufdvpb81,K08,env_hi_z,8.75,1.7036260348427676
Batch_3,ufdvpb81,K08,env_hi_z,9.0,1.8633754912059883
Batch_3,ufdvpb81,K08,env_hi_z,9.25,1.800298217870815
Batch_3,ufdvpb81,K08,env_hi_z,9.5,1.6600240252369056
Batch_3,ufdvpb81,K08,env_hi_z,9.75,1.6708661279086259
Batch_3,ufdvpb81,K08,env_hi_z,10.0,1.8772884465540323
Batch_3,ufdvpb81,K10,cv,1.0,3.5367170782507458
Batch_3,ufdvpb81,K10,cv,2.0,3.12554218037429
Batch_3,ufdvpb81,K10,cv,5.0,2.3202431575400153
Batch_3,ufdvpb81,K10,cv,10.0,1.3676573483628212
Batch_3,ufdvpb81,K10,cv,20.0,0.7007002308451907
Batch_3,ufdvpb81,K12,band_si_frac,0.0,0.07339077879846277
Batch_3,ufdvpb81,K12,band_si_frac,1.0,0.05318586929149376
Batch_3,ufdvpb81,K12,band_si_frac,2.0,0.05428760688907624
Batch_3,ufdvpb81,K12,band_si_frac,3.0,0.02659225033668006
Batch_3,ufdvpb81,K12,band_si_frac,4.0,0.06562995071290266
Batch_3,ufdvpb81,K13,column_si_frac,5.0,0.03398467432950192
Batch_3,ufdvpb81,K13,column_si_frac,15.0,0.04167624521072797
Batch_3,ufdvpb81,K13,column_si_frac,25.0,0.02393199233716475
Batch_3,ufdvpb81,K13,column_si_frac,35.0,0.026202107279693486
Batch_3,ufdvpb81,K13,column_si_frac,45.0,0.03166666666666667
Batch_3,ufdvpb81,K13,column_si_frac,55.0,0.04745689655172414
Batch_3,ufdvpb81,K13,column_si_frac,65.0,0.017619731800766283
Batch_3,ufdvpb81,K13,column_si_frac,75.0,0.051551724137931035
Batch_3,ufdvpb81,K13,column_si_frac,85.0,0.05592432950191571
Batch_3,ufdvpb81,K13,column_si_frac,95.0,0.13852011494252875
Batch_3,ufdvpb81,K13,column_si_frac,105.0,0.049774904214559386
Batch_3,ufdvpb81,K13,column_si_frac,115.0,0.045512452107279694
Batch_3,ufdvpb81,K13,column_si_frac,125.0,0.043381226053639844
Batch_3,ufdvpb81,K13,column_si_frac,135.0,0.08674808429118774
Batch_3,ufdvpb81,K13,column_si_frac,145.0,0.08960249042145593
Batch_3,ufdvpb81,K13,column_si_frac,155.0,0.044545019157088125
Batch_3,ufdvpb81,K13,column_si_frac,165.0,0.10968869731800766
Batch_3,ufdvpb81,D01,band_graphite_frac,0.0,0.8958892185737904
Batch_3,ufdvpb81,D01,band_graphite_frac,1.0,0.915298960945113
Batch_3,ufdvpb81,D01,band_graphite_frac,2.0,0.9139371859021383
Batch_3,ufdvpb81,D01,band_graphite_frac,3.0,0.9103322457381231
Batch_3,ufdvpb81,D01,band_graphite_frac,4.0,0.8457522883295194
Batch_3,ufdvpb81,D04,band_pore_frac,0.0,0.024971806466446957
Batch_3,ufdvpb81,D04,band_pore_frac,1.0,0.024312132526031118
Batch_3,ufdvpb81,D04,band_pore_frac,2.0,0.025389234997208018
Batch_3,ufdvpb81,D04,band_pore_frac,3.0,0.05747785575859766
Batch_3,ufdvpb81,D04,band_pore_frac,4.0,0.07107986049991198
Batch_3,utfgcjfa,K08,g_obs_x,0.25,0.0
Batch_3,utfgcjfa,K08,g_obs_x,0.5,0.3029351312753964
Batch_3,utfgcjfa,K08,g_obs_x,0.75,0.5416114553774141
Batch_3,utfgcjfa,K08,g_obs_x,1.0,0.5989788271706712
Batch_3,utfgcjfa,K08,g_obs_x,1.25,0.7223990167031631
Batch_3,utfgcjfa,K08,g_obs_x,1.5,0.8931376493969007
Batch_3,utfgcjfa,K08,g_obs_x,1.75,0.7614005896608427
Batch_3,utfgcjfa,K08,g_obs_x,2.0,1.000486366235717
Batch_3,utfgcjfa,K08,g_obs_x,2.25,0.9034171208975577
Batch_3,utfgcjfa,K08,g_obs_x,2.5,0.5631995005491671
Batch_3,utfgcjfa,K08,g_obs_x,2.75,0.8649250917992493
Batch_3,utfgcjfa,K08,g_obs_x,3.0,0.9428989478648826
Batch_3,utfgcjfa,K08,g_obs_x,3.25,0.7266170644744206
Batch_3,utfgcjfa,K08,g_obs_x,3.5,0.7880198911533639
Batch_3,utfgcjfa,K08,g_obs_x,3.75,0.7146576604636389
Batch_3,utfgcjfa,K08,g_obs_x,4.0,0.6972954374701067
Batch_3,utfgcjfa,K08,g_obs_x,4.25,0.7794020052405564
Batch_3,utfgcjfa,K08,g_obs_x,4.5,0.9190264621907288
Batch_3,utfgcjfa,K08,g_obs_x,4.75,0.9716386147421717
Batch_3,utfgcjfa,K08,g_obs_x,5.0,0.5617327254392119
Batch_3,utfgcjfa,K08,g_obs_x,5.25,0.4741806189782011
Batch_3,utfgcjfa,K08,g_obs_x,5.5,0.7877991320965987
Batch_3,utfgcjfa,K08,g_obs_x,5.75,0.7887910627858322
Batch_3,utfgcjfa,K08,g_obs_x,6.0,0.6530490380854823
Batch_3,utfgcjfa,K08,g_obs_x,6.25,0.7267431547465906
Batch_3,utfgcjfa,K08,g_obs_x,6.5,1.0051074073470978
Batch_3,utfgcjfa,K08,g_obs_x,6.75,1.034616400435395
Batch_3,utfgcjfa,K08,g_obs_x,7.0,0.793712615718661
Batch_3,utfgcjfa,K08,g_obs_x,7.25,0.6810812178160226
Batch_3,utfgcjfa,K08,g_obs_x,7.5,0.945084166705562
Batch_3,utfgcjfa,K08,g_obs_x,7.75,1.0750042946206584
Batch_3,utfgcjfa,K08,g_obs_x,8.0,0.6426504023687435
Batch_3,utfgcjfa,K08,g_obs_x,8.25,0.6860736746912979
Batch_3,utfgcjfa,K08,g_obs_x,8.5,0.94525561482311
Batch_3,utfgcjfa,K08,g_obs_x,8.75,0.9567705833036773
Batch_3,utfgcjfa,K08,g_obs_x,9.0,0.9248006054075135
Batch_3,utfgcjfa,K08,g_obs_x,9.25,0.8141324567368903
Batch_3,utfgcjfa,K08,g_obs_x,9.5,0.7141394405104938
Batch_3,utfgcjfa,K08,g_obs_x,9.75,0.6388770888642775
Batch_3,utfgcjfa,K08,g_obs_x,10.0,0.5218912789570362
Batch_3,utfgcjfa,K08,env_lo_x,0.25,0.2738649086874294
Batch_3,utfgcjfa,K08,env_lo_x,0.5,0.3814522786118326
Batch_3,utfgcjfa,K08,env_lo_x,0.75,0.42106752393463703
Batch_3,utfgcjfa,K08,env_lo_x,1.0,0.35323421204061434
Batch_3,utfgcjfa,K08,env_lo_x,1.25,0.4285856281364593
Batch_3,utfgcjfa,K08,env_lo_x,1.5,0.49678224325356113
Batch_3,utfgcjfa,K08,env_lo_x,1.75,0.4303940464554665
Batch_3,utfgcjfa,K08,env_lo_x,2.0,0.5420392986160194
Batch_3,utfgcjfa,K08,env_lo_x,2.25,0.5582676047968418
Batch_3,utfgcjfa,K08,env_lo_x,2.5,0.5062810951776454
Batch_3,utfgcjfa,K08,env_lo_x,2.75,0.4816655060125894
Batch_3,utfgcjfa,K08,env_lo_x,3.0,0.45285992455687846
Batch_3,utfgcjfa,K08,env_lo_x,3.25,0.44381276810316683
Batch_3,utfgcjfa,K08,env_lo_x,3.5,0.4510608393471363
Batch_3,utfgcjfa,K08,env_lo_x,3.75,0.49377900047095186
Batch_3,utfgcjfa,K08,env_lo_x,4.0,0.41660469066238537
Batch_3,utfgcjfa,K08,env_lo_x,4.25,0.42947043550136327
Batch_3,utfgcjfa,K08,env_lo_x,4.5,0.5789633015228346
Batch_3,utfgcjfa,K08,env_lo_x,4.75,0.6365816980415248
Batch_3,utfgcjfa,K08,env_lo_x,5.0,0.6015275150774261
Batch_3,utfgcjfa,K08,env_lo_x,5.25,0.4977768173281463
Batch_3,utfgcjfa,K08,env_lo_x,5.5,0.487202529789643
Batch_3,utfgcjfa,K08,env_lo_x,5.75,0.4960738006989881
Batch_3,utfgcjfa,K08,env_lo_x,6.0,0.47471973929014183
Batch_3,utfgcjfa,K08,env_lo_x,6.25,0.5573775343108383
Batch_3,utfgcjfa,K08,env_lo_x,6.5,0.5008784629450976
Batch_3,utfgcjfa,K08,env_lo_x,6.75,0.5062926422478566
Batch_3,utfgcjfa,K08,env_lo_x,7.0,0.5401031594340735
Batch_3,utfgcjfa,K08,env_lo_x,7.25,0.4976594036077436
Batch_3,utfgcjfa,K08,env_lo_x,7.5,0.46499946745308995
Batch_3,utfgcjfa,K08,env_lo_x,7.75,0.4361817161786429
Batch_3,utfgcjfa,K08,env_lo_x,8.0,0.5665778133733722
Batch_3,utfgcjfa,K08,env_lo_x,8.25,0.5367430152132668
Batch_3,utfgcjfa,K08,env_lo_x,8.5,0.4997302352329431
Batch_3,utfgcjfa,K08,env_lo_x,8.75,0.5229588683703834
Batch_3,utfgcjfa,K08,env_lo_x,9.0,0.4556345390058521
Batch_3,utfgcjfa,K08,env_lo_x,9.25,0.5695735522769038
Batch_3,utfgcjfa,K08,env_lo_x,9.5,0.4528744042819018
Batch_3,utfgcjfa,K08,env_lo_x,9.75,0.488222459706114
Batch_3,utfgcjfa,K08,env_lo_x,10.0,0.5098405557753959
Batch_3,utfgcjfa,K08,env_hi_x,0.25,2.08289531250769
Batch_3,utfgcjfa,K08,env_hi_x,0.5,1.8878686276252619
Batch_3,utfgcjfa,K08,env_hi_x,0.75,1.6422048533692528
Batch_3,utfgcjfa,K08,env_hi_x,1.0,1.6897032009224942
Batch_3,utfgcjfa,K08,env_hi_x,1.25,1.715729456664472
Batch_3,utfgcjfa,K08,env_hi_x,1.5,1.5705119909247103
Batch_3,utfgcjfa,K08,env_hi_x,1.75,1.6312946064643183
Batch_3,utfgcjfa,K08,env_hi_x,2.0,1.5709356120206501
Batch_3,utfgcjfa,K08,env_hi_x,2.25,1.6143320364685885
Batch_3,utfgcjfa,K08,env_hi_x,2.5,1.487270657016331
Batch_3,utfgcjfa,K08,env_hi_x,2.75,1.5471275750273885
Batch_3,utfgcjfa,K08,env_hi_x,3.0,1.7178002833732282
Batch_3,utfgcjfa,K08,env_hi_x,3.25,1.5707388239803746
Batch_3,utfgcjfa,K08,env_hi_x,3.5,1.5742390608804369
Batch_3,utfgcjfa,K08,env_hi_x,3.75,1.643113208353046
Batch_3,utfgcjfa,K08,env_hi_x,4.0,1.608495240008799
Batch_3,utfgcjfa,K08,env_hi_x,4.25,1.5160257026626034
Batch_3,utfgcjfa,K08,env_hi_x,4.5,1.6173136733169458
Batch_3,utfgcjfa,K08,env_hi_x,4.75,1.5692407478633323
Batch_3,utfgcjfa,K08,env_hi_x,5.0,1.5110853277408456
Batch_3,utfgcjfa,K08,env_hi_x,5.25,1.6192906768610895
Batch_3,utfgcjfa,K08,env_hi_x,5.5,1.622366474767209
Batch_3,utfgcjfa,K08,env_hi_x,5.75,1.5412863219000343
Batch_3,utfgcjfa,K08,env_hi_x,6.0,1.5430149376788531
Batch_3,utfgcjfa,K08,env_hi_x,6.25,1.5633135494836325
Batch_3,utfgcjfa,K08,env_hi_x,6.5,1.6786131922150969
Batch_3,utfgcjfa,K08,env_hi_x,6.75,1.7422400085429222
Batch_3,utfgcjfa,K08,env_hi_x,7.0,1.7786063891456434
Batch_3,utfgcjfa,K08,env_hi_x,7.25,1.6338748309602547
Batch_3,utfgcjfa,K08,env_hi_x,7.5,1.5937785292652094
Batch_3,utfgcjfa,K08,env_hi_x,7.75,1.670350897685428
Batch_3,utfgcjfa,K08,env_hi_x,8.0,1.5544299807912603
Batch_3,utfgcjfa,K08,env_hi_x,8.25,1.5677413847208086
Batch_3,utfgcjfa,K08,env_hi_x,8.5,1.729178168163178
Batch_3,utfgcjfa,K08,env_hi_x,8.75,1.7450628507656811
Batch_3,utfgcjfa,K08,env_hi_x,9.0,1.6295735318107236
Batch_3,utfgcjfa,K08,env_hi_x,9.25,1.5301731385022883
Batch_3,utfgcjfa,K08,env_hi_x,9.5,1.56902888042008
Batch_3,utfgcjfa,K08,env_hi_x,9.75,1.6950613635677607
Batch_3,utfgcjfa,K08,env_hi_x,10.0,1.445183769930362
Batch_3,utfgcjfa,K08,g_obs_z,0.25,0.0762788521358216
Batch_3,utfgcjfa,K08,g_obs_z,0.5,0.28688264431579913
Batch_3,utfgcjfa,K08,g_obs_z,0.75,0.25999130438961304
Batch_3,utfgcjfa,K08,g_obs_z,1.0,0.11094259481852813
Batch_3,utfgcjfa,K08,g_obs_z,1.25,0.1190189767511577
Batch_3,utfgcjfa,K08,g_obs_z,1.5,0.24893684034480465
Batch_3,utfgcjfa,K08,g_obs_z,1.75,0.5575291962296516
Batch_3,utfgcjfa,K08,g_obs_z,2.0,0.48323238688389475
Batch_3,utfgcjfa,K08,g_obs_z,2.25,0.41859020040751055
Batch_3,utfgcjfa,K08,g_obs_z,2.5,0.40379360564671063
Batch_3,utfgcjfa,K08,g_obs_z,2.75,0.5017349614815034
Batch_3,utfgcjfa,K08,g_obs_z,3.0,0.7433655164714179
Batch_3,utfgcjfa,K08,g_obs_z,3.25,0.7261694029653143
Batch_3,utfgcjfa,K08,g_obs_z,3.5,0.6384603484683609
Batch_3,utfgcjfa,K08,g_obs_z,3.75,0.6352877626824154
Batch_3,utfgcjfa,K08,g_obs_z,4.0,0.531503564863015
Batch_3,utfgcjfa,K08,g_obs_z,4.25,0.2998424776929368
Batch_3,utfgcjfa,K08,g_obs_z,4.5,0.42579695885086516
Batch_3,utfgcjfa,K08,g_obs_z,4.75,0.8212560733249431
Batch_3,utfgcjfa,K08,g_obs_z,5.0,0.7646576784646079
Batch_3,utfgcjfa,K08,g_obs_z,5.25,0.5971687847742827
Batch_3,utfgcjfa,K08,g_obs_z,5.5,0.6101197387443139
Batch_3,utfgcjfa,K08,g_obs_z,5.75,0.8431959214422211
Batch_3,utfgcjfa,K08,g_obs_z,6.0,0.8199592740612504
Batch_3,utfgcjfa,K08,g_obs_z,6.25,0.6073662521977499
Batch_3,utfgcjfa,K08,g_obs_z,6.5,0.5434262086662026
Batch_3,utfgcjfa,K08,g_obs_z,6.75,0.4792769913948796
Batch_3,utfgcjfa,K08,g_obs_z,7.0,0.6441195879190011
Batch_3,utfgcjfa,K08,g_obs_z,7.25,0.6527840747662219
Batch_3,utfgcjfa,K08,g_obs_z,7.5,0.747522454889418
Batch_3,utfgcjfa,K08,g_obs_z,7.75,0.81358687051075
Batch_3,utfgcjfa,K08,g_obs_z,8.0,0.6785213904530195
Batch_3,utfgcjfa,K08,g_obs_z,8.25,0.8640116223761063
Batch_3,utfgcjfa,K08,g_obs_z,8.5,0.9118706814508782
Batch_3,utfgcjfa,K08,g_obs_z,8.75,0.8095799935160757
Batch_3,utfgcjfa,K08,g_obs_z,9.0,0.8619682920164504
Batch_3,utfgcjfa,K08,g_obs_z,9.25,0.9079471442075662
Batch_3,utfgcjfa,K08,g_obs_z,9.5,0.8732697735010546
Batch_3,utfgcjfa,K08,g_obs_z,9.75,0.7958119971160756
Batch_3,utfgcjfa,K08,g_obs_z,10.0,0.7978849269058806
Batch_3,utfgcjfa,K08,env_lo_z,0.25,0.24631229073682478
Batch_3,utfgcjfa,K08,env_lo_z,0.5,0.30383772502425327
Batch_3,utfgcjfa,K08,env_lo_z,0.75,0.3586066358343265
Batch_3,utfgcjfa,K08,env_lo_z,1.0,0.3449782751944911
Batch_3,utfgcjfa,K08,env_lo_z,1.25,0.39060320853854574
Batch_3,utfgcjfa,K08,env_lo_z,1.5,0.4053410959402794
Batch_3,utfgcjfa,K08,env_lo_z,1.75,0.36709525652045993
Batch_3,utfgcjfa,K08,env_lo_z,2.0,0.5136786813873612
Batch_3,utfgcjfa,K08,env_lo_z,2.25,0.525179500773517
Batch_3,utfgcjfa,K08,env_lo_z,2.5,0.48158223328546
Batch_3,utfgcjfa,K08,env_lo_z,2.75,0.4641817863093553
Batch_3,utfgcjfa,K08,env_lo_z,3.0,0.47019569381892756
Batch_3,utfgcjfa,K08,env_lo_z,3.25,0.409108751363141
Batch_3,utfgcjfa,K08,env_lo_z,3.5,0.471317041763042
Batch_3,utfgcjfa,K08,env_lo_z,3.75,0.43174631812908665
Batch_3,utfgcjfa,K08,env_lo_z,4.0,0.38788738442880394
Batch_3,utfgcjfa,K08,env_lo_z,4.25,0.4104120939108639
Batch_3,utfgcjfa,K08,env_lo_z,4.5,0.439301272364019
Batch_3,utfgcjfa,K08,env_lo_z,4.75,0.4743713986657703
Batch_3,utfgcjfa,K08,env_lo_z,5.0,0.5669944457898953
Batch_3,utfgcjfa,K08,env_lo_z,5.25,0.4215969148866568
Batch_3,utfgcjfa,K08,env_lo_z,5.5,0.47319266667149595
Batch_3,utfgcjfa,K08,env_lo_z,5.75,0.5223412776676084
Batch_3,utfgcjfa,K08,env_lo_z,6.0,0.541800522127305
Batch_3,utfgcjfa,K08,env_lo_z,6.25,0.46431927215048996
Batch_3,utfgcjfa,K08,env_lo_z,6.5,0.4921463930145794
Batch_3,utfgcjfa,K08,env_lo_z,6.75,0.5203402776554817
Batch_3,utfgcjfa,K08,env_lo_z,7.0,0.5326212737796066
Batch_3,utfgcjfa,K08,env_lo_z,7.25,0.5544331942847944
Batch_3,utfgcjfa,K08,env_lo_z,7.5,0.5320562174653841
Batch_3,utfgcjfa,K08,env_lo_z,7.75,0.6076072055484215
Batch_3,utfgcjfa,K08,env_lo_z,8.0,0.576886254015222
Batch_3,utfgcjfa,K08,env_lo_z,8.25,0.5895791423180603
Batch_3,utfgcjfa,K08,env_lo_z,8.5,0.5757181411459215
Batch_3,utfgcjfa,K08,env_lo_z,8.75,0.5538370401809949
Batch_3,utfgcjfa,K08,env_lo_z,9.0,0.5372867812576767
Batch_3,utfgcjfa,K08,env_lo_z,9.25,0.5306504540548903
Batch_3,utfgcjfa,K08,env_lo_z,9.5,0.6036521222817142
Batch_3,utfgcjfa,K08,env_lo_z,9.75,0.5850658172159668
Batch_3,utfgcjfa,K08,env_lo_z,10.0,0.5288857567870352
Batch_3,utfgcjfa,K08,env_hi_z,0.25,2.1736405568566437
Batch_3,utfgcjfa,K08,env_hi_z,0.5,1.865014992620933
Batch_3,utfgcjfa,K08,env_hi_z,0.75,1.7683994237338758
Batch_3,utfgcjfa,K08,env_hi_z,1.0,1.9760646290049368
Batch_3,utfgcjfa,K08,env_hi_z,1.25,1.8010270303449145
Batch_3,utfgcjfa,K08,env_hi_z,1.5,1.701096159351823
Batch_3,utfgcjfa,K08,env_hi_z,1.75,1.8651164482303058
Batch_3,utfgcjfa,K08,env_hi_z,2.0,1.6930354906961709
Batch_3,utfgcjfa,K08,env_hi_z,2.25,1.7115839200975038
Batch_3,utfgcjfa,K08,env_hi_z,2.5,1.5968656234512975
Batch_3,utfgcjfa,K08,env_hi_z,2.75,1.5787401243462615
Batch_3,utfgcjfa,K08,env_hi_z,3.0,1.6209264294345034
Batch_3,utfgcjfa,K08,env_hi_z,3.25,1.6874541047631122
Batch_3,utfgcjfa,K08,env_hi_z,3.5,1.5279734258846234
Batch_3,utfgcjfa,K08,env_hi_z,3.75,1.5498030755003358
Batch_3,utfgcjfa,K08,env_hi_z,4.0,1.7899037755269884
Batch_3,utfgcjfa,K08,env_hi_z,4.25,1.8048195606958217
Batch_3,utfgcjfa,K08,env_hi_z,4.5,1.7096210459098689
Batch_3,utfgcjfa,K08,env_hi_z,4.75,1.665815612952514
Batch_3,utfgcjfa,K08,env_hi_z,5.0,1.584331586705592
Batch_3,utfgcjfa,K08,env_hi_z,5.25,1.5672332676280174
Batch_3,utfgcjfa,K08,env_hi_z,5.5,1.6190650471100507
Batch_3,utfgcjfa,K08,env_hi_z,5.75,1.5607389670395635
Batch_3,utfgcjfa,K08,env_hi_z,6.0,1.4999068131575968
Batch_3,utfgcjfa,K08,env_hi_z,6.25,1.683899105622874
Batch_3,utfgcjfa,K08,env_hi_z,6.5,1.7158034818199495
Batch_3,utfgcjfa,K08,env_hi_z,6.75,1.6028036054454775
Batch_3,utfgcjfa,K08,env_hi_z,7.0,1.512469338479285
Batch_3,utfgcjfa,K08,env_hi_z,7.25,1.494983201143558
Batch_3,utfgcjfa,K08,env_hi_z,7.5,1.5589795066618501
Batch_3,utfgcjfa,K08,env_hi_z,7.75,1.512323262214914
Batch_3,utfgcjfa,K08,env_hi_z,8.0,1.5951042860922127
Batch_3,utfgcjfa,K08,env_hi_z,8.25,1.6743987968906342
Batch_3,utfgcjfa,K08,env_hi_z,8.5,1.5811321404573422
Batch_3,utfgcjfa,K08,env_hi_z,8.75,1.5806830262985159
Batch_3,utfgcjfa,K08,env_hi_z,9.0,1.6809776196803528
Batch_3,utfgcjfa,K08,env_hi_z,9.25,1.5140807273625785
Batch_3,utfgcjfa,K08,env_hi_z,9.5,1.582766588328101
Batch_3,utfgcjfa,K08,env_hi_z,9.75,1.5981209904693439
Batch_3,utfgcjfa,K08,env_hi_z,10.0,1.480938576821445
Batch_3,utfgcjfa,K10,cv,1.0,3.4280068776335573
Batch_3,utfgcjfa,K10,cv,2.0,2.9895002079930704
Batch_3,utfgcjfa,K10,cv,5.0,2.217540539237077
Batch_3,utfgcjfa,K10,cv,10.0,1.5207912216394626
Batch_3,utfgcjfa,K10,cv,20.0,0.9706063480624562
Batch_3,utfgcjfa,K12,band_si_frac,0.0,0.07657848236728802
Batch_3,utfgcjfa,K12,band_si_frac,1.0,0.061368142488572544
Batch_3,utfgcjfa,K12,band_si_frac,2.0,0.03849977291869083
Batch_3,utfgcjfa,K12,band_si_frac,3.0,0.07688355927274741
Batch_3,utfgcjfa,K12,band_si_frac,4.0,0.043733779405471795
Batch_3,utfgcjfa,K13,column_si_frac,5.0,0.11236943907156673
Batch_3,utfgcjfa,K13,column_si_frac,15.0,0.0709477756286267
Batch_3,utfgcjfa,K13,column_si_frac,25.0,0.022935203094777562
Batch_3,utfgcjfa,K13,column_si_frac,35.0,0.022654738878143132
Batch_3,utfgcjfa,K13,column_si_frac,45.0,0.06350580270793037
Batch_3,utfgcjfa,K13,column_si_frac,55.0,0.10505802707930367
Batch_3,utfgcjfa,K13,column_si_frac,65.0,0.008718568665377176
Batch_3,utfgcjfa,K13,column_si_frac,75.0,0.06307543520309478
Batch_3,utfgcjfa,K13,column_si_frac,85.0,0.02998549323017408
Batch_3,utfgcjfa,K13,column_si_frac,95.0,0.00577852998065764
Batch_3,utfgcjfa,K13,column_si_frac,105.0,0.17716634429400388
Batch_3,utfgcjfa,K13,column_si_frac,115.0,0.07243230174081237
Batch_3,utfgcjfa,K13,column_si_frac,125.0,0.03894100580270793
Batch_3,utfgcjfa,K13,column_si_frac,135.0,0.04935203094777563
Batch_3,utfgcjfa,K13,column_si_frac,145.0,0.06451188620420889
Batch_3,utfgcjfa,K13,column_si_frac,155.0,0.002895622558850153
Batch_3,utfgcjfa,K13,column_si_frac,165.0,0.06581161888167274
Batch_3,utfgcjfa,D01,band_graphite_frac,0.0,0.8778499511930735
Batch_3,utfgcjfa,D01,band_graphite_frac,1.0,0.9063985465767402
Batch_3,utfgcjfa,D01,band_graphite_frac,2.0,0.8908688185958538
Batch_3,utfgcjfa,D01,band_graphite_frac,3.0,0.8694960857674578
Batch_3,utfgcjfa,D01,band_graphite_frac,4.0,0.9133174207101217
Batch_3,utfgcjfa,D04,band_pore_frac,0.0,0.03886165102909335
Batch_3,utfgcjfa,D04,band_pore_frac,1.0,0.025057448379416473
Batch_3,utfgcjfa,D04,band_pore_frac,2.0,0.04683077450896303
Batch_3,utfgcjfa,D04,band_pore_frac,3.0,0.0429483362643145
Batch_3,utfgcjfa,D04,band_pore_frac,4.0,0.03417786941275196
Batch_3,vc2whyaq,K08,g_obs_x,0.25,0.0
Batch_3,vc2whyaq,K08,g_obs_x,0.5,0.19046297967633383
Batch_3,vc2whyaq,K08,g_obs_x,0.75,0.4202920832880208
Batch_3,vc2whyaq,K08,g_obs_x,1.0,0.4976627476437207
Batch_3,vc2whyaq,K08,g_obs_x,1.25,0.58079509574408
Batch_3,vc2whyaq,K08,g_obs_x,1.5,0.5890010848718558
Batch_3,vc2whyaq,K08,g_obs_x,1.75,0.5791636939023037
Batch_3,vc2whyaq,K08,g_obs_x,2.0,0.7700921334210343
Batch_3,vc2whyaq,K08,g_obs_x,2.25,0.623677411409613
Batch_3,vc2whyaq,K08,g_obs_x,2.5,0.3841210509187591
Batch_3,vc2whyaq,K08,g_obs_x,2.75,0.7276691963053219
Batch_3,vc2whyaq,K08,g_obs_x,3.0,0.8652421153726848
Batch_3,vc2whyaq,K08,g_obs_x,3.25,0.8235275335087566
Batch_3,vc2whyaq,K08,g_obs_x,3.5,0.9060592785392291
Batch_3,vc2whyaq,K08,g_obs_x,3.75,1.180154251202025
Batch_3,vc2whyaq,K08,g_obs_x,4.0,1.3382018765939514
Batch_3,vc2whyaq,K08,g_obs_x,4.25,1.3404287098496277
Batch_3,vc2whyaq,K08,g_obs_x,4.5,1.0570033438833255
Batch_3,vc2whyaq,K08,g_obs_x,4.75,0.9442657008104229
Batch_3,vc2whyaq,K08,g_obs_x,5.0,1.0283546742126648
Batch_3,vc2whyaq,K08,g_obs_x,5.25,1.0980512021665747
Batch_3,vc2whyaq,K08,g_obs_x,5.5,0.995512432094345
Batch_3,vc2whyaq,K08,g_obs_x,5.75,0.9834464502881999
Batch_3,vc2whyaq,K08,g_obs_x,6.0,0.9775496388871853
Batch_3,vc2whyaq,K08,g_obs_x,6.25,0.9484246325082115
Batch_3,vc2whyaq,K08,g_obs_x,6.5,0.7889476536218798
Batch_3,vc2whyaq,K08,g_obs_x,6.75,0.7187519516569422
Batch_3,vc2whyaq,K08,g_obs_x,7.0,0.58487807408127
Batch_3,vc2whyaq,K08,g_obs_x,7.25,0.7438034819648389
Batch_3,vc2whyaq,K08,g_obs_x,7.5,1.1319084711471121
Batch_3,vc2whyaq,K08,g_obs_x,7.75,0.9218892003528534
Batch_3,vc2whyaq,K08,g_obs_x,8.0,0.7566431584414307
Batch_3,vc2whyaq,K08,g_obs_x,8.25,1.0949293020612607
Batch_3,vc2whyaq,K08,g_obs_x,8.5,1.1101337497031627
Batch_3,vc2whyaq,K08,g_obs_x,8.75,0.9400962027853388
Batch_3,vc2whyaq,K08,g_obs_x,9.0,0.8618657259158822
Batch_3,vc2whyaq,K08,g_obs_x,9.25,0.791447575034065
Batch_3,vc2whyaq,K08,g_obs_x,9.5,0.9425210959013316
Batch_3,vc2whyaq,K08,g_obs_x,9.75,0.9653531467204772
Batch_3,vc2whyaq,K08,g_obs_x,10.0,0.7136534294044939
Batch_3,vc2whyaq,K08,env_lo_x,0.25,0.18717328925793414
Batch_3,vc2whyaq,K08,env_lo_x,0.5,0.27691623562405854
Batch_3,vc2whyaq,K08,env_lo_x,0.75,0.26254189805242345
Batch_3,vc2whyaq,K08,env_lo_x,1.0,0.40284388619833233
Batch_3,vc2whyaq,K08,env_lo_x,1.25,0.423968435479663
Batch_3,vc2whyaq,K08,env_lo_x,1.5,0.38869687526641233
Batch_3,vc2whyaq,K08,env_lo_x,1.75,0.4381432533184854
Batch_3,vc2whyaq,K08,env_lo_x,2.0,0.5096357597119032
Batch_3,vc2whyaq,K08,env_lo_x,2.25,0.4896366155983534
Batch_3,vc2whyaq,K08,env_lo_x,2.5,0.5003544197320028
Batch_3,vc2whyaq,K08,env_lo_x,2.75,0.5878147004738251
Batch_3,vc2whyaq,K08,env_lo_x,3.0,0.48082023045796785
Batch_3,vc2whyaq,K08,env_lo_x,3.25,0.5021153335759421
Batch_3,vc2whyaq,K08,env_lo_x,3.5,0.4693518473650232
Batch_3,vc2whyaq,K08,env_lo_x,3.75,0.46158605726138535
Batch_3,vc2whyaq,K08,env_lo_x,4.0,0.4191098144907284
Batch_3,vc2whyaq,K08,env_lo_x,4.25,0.4650233384656877
Batch_3,vc2whyaq,K08,env_lo_x,4.5,0.45305159273882006
Batch_3,vc2whyaq,K08,env_lo_x,4.75,0.408754343181265
Batch_3,vc2whyaq,K08,env_lo_x,5.0,0.4673710299432269
Batch_3,vc2whyaq,K08,env_lo_x,5.25,0.4998944922219331
Batch_3,vc2whyaq,K08,env_lo_x,5.5,0.4752576968624792
Batch_3,vc2whyaq,K08,env_lo_x,5.75,0.4931862793116944
Batch_3,vc2whyaq,K08,env_lo_x,6.0,0.5303627716116053
Batch_3,vc2whyaq,K08,env_lo_x,6.25,0.5223143376551763
Batch_3,vc2whyaq,K08,env_lo_x,6.5,0.44589394594185955
Batch_3,vc2whyaq,K08,env_lo_x,6.75,0.47589369889130756
Batch_3,vc2whyaq,K08,env_lo_x,7.0,0.48874547182406547
Batch_3,vc2whyaq,K08,env_lo_x,7.25,0.47830469093968286
Batch_3,vc2whyaq,K08,env_lo_x,7.5,0.5549177958326019
Batch_3,vc2whyaq,K08,env_lo_x,7.75,0.46850048956578944
Batch_3,vc2whyaq,K08,env_lo_x,8.0,0.578542009951554
Batch_3,vc2whyaq,K08,env_lo_x,8.25,0.4913912815074719
Batch_3,vc2whyaq,K08,env_lo_x,8.5,0.5176218595548865
Batch_3,vc2whyaq,K08,env_lo_x,8.75,0.46755400696186283
Batch_3,vc2whyaq,K08,env_lo_x,9.0,0.5493051748778152
Batch_3,vc2whyaq,K08,env_lo_x,9.25,0.5326758740054891
Batch_3,vc2whyaq,K08,env_lo_x,9.5,0.4353080260624295
Batch_3,vc2whyaq,K08,env_lo_x,9.75,0.4925977459808065
Batch_3,vc2whyaq,K08,env_lo_x,10.0,0.4896458868467898
Batch_3,vc2whyaq,K08,env_hi_x,0.25,2.0290108723710882
Batch_3,vc2whyaq,K08,env_hi_x,0.5,1.9060405278939614
Batch_3,vc2whyaq,K08,env_hi_x,0.75,1.7945681824326651
Batch_3,vc2whyaq,K08,env_hi_x,1.0,1.6817350066473729
Batch_3,vc2whyaq,K08,env_hi_x,1.25,1.7655542146593952
Batch_3,vc2whyaq,K08,env_hi_x,1.5,1.7982429365439465
Batch_3,vc2whyaq,K08,env_hi_x,1.75,1.7442025478679153
Batch_3,vc2whyaq,K08,env_hi_x,2.0,1.768218714922887
Batch_3,vc2whyaq,K08,env_hi_x,2.25,1.6359028857432705
Batch_3,vc2whyaq,K08,env_hi_x,2.5,1.6501555785491662
Batch_3,vc2whyaq,K08,env_hi_x,2.75,1.815833252685855
Batch_3,vc2whyaq,K08,env_hi_x,3.0,1.6044971414888514
Batch_3,vc2whyaq,K08,env_hi_x,3.25,1.7033045893024923
Batch_3,vc2whyaq,K08,env_hi_x,3.5,1.7858600367278865
Batch_3,vc2whyaq,K08,env_hi_x,3.75,1.6061544359637543
Batch_3,vc2whyaq,K08,env_hi_x,4.0,1.6962798633574419
Batch_3,vc2whyaq,K08,env_hi_x,4.25,1.731632141584407
Batch_3,vc2whyaq,K08,env_hi_x,4.5,1.675955191572749
Batch_3,vc2whyaq,K08,env_hi_x,4.75,1.7280239760112737
Batch_3,vc2whyaq,K08,env_hi_x,5.0,1.8145827658797695
Batch_3,vc2whyaq,K08,env_hi_x,5.25,1.7055262496791908
Batch_3,vc2whyaq,K08,env_hi_x,5.5,1.5926971588507846
Batch_3,vc2whyaq,K08,env_hi_x,5.75,1.539794661437915
Batch_3,vc2whyaq,K08,env_hi_x,6.0,1.5669223396306953
Batch_3,vc2whyaq,K08,env_hi_x,6.25,1.717300778915181
Batch_3,vc2whyaq,K08,env_hi_x,6.5,1.6275669424716608
Batch_3,vc2whyaq,K08,env_hi_x,6.75,1.6089999759751081
Batch_3,vc2whyaq,K08,env_hi_x,7.0,1.6253153843581554
Batch_3,vc2whyaq,K08,env_hi_x,7.25,1.5033011130929028
Batch_3,vc2whyaq,K08,env_hi_x,7.5,1.5136248479774221
Batch_3,vc2whyaq,K08,env_hi_x,7.75,1.5055305300336603
Batch_3,vc2whyaq,K08,env_hi_x,8.0,1.5548826936864624
Batch_3,vc2whyaq,K08,env_hi_x,8.25,1.5020493073269117
Batch_3,vc2whyaq,K08,env_hi_x,8.5,1.5921515655049991
Batch_3,vc2whyaq,K08,env_hi_x,8.75,1.5936654996140533
Batch_3,vc2whyaq,K08,env_hi_x,9.0,1.534230869778434
Batch_3,vc2whyaq,K08,env_hi_x,9.25,1.4598679389492275
Batch_3,vc2whyaq,K08,env_hi_x,9.5,1.497304191902038
Batch_3,vc2whyaq,K08,env_hi_x,9.75,1.6330366307863184
Batch_3,vc2whyaq,K08,env_hi_x,10.0,1.5430574837032174
Batch_3,vc2whyaq,K08,g_obs_z,0.25,0.0
Batch_3,vc2whyaq,K08,g_obs_z,0.5,0.256472566178302
Batch_3,vc2whyaq,K08,g_obs_z,0.75,0.7689542170910522
Batch_3,vc2whyaq,K08,g_obs_z,1.0,0.6975343335435434
Batch_3,vc2whyaq,K08,g_obs_z,1.25,0.21725085385378023
Batch_3,vc2whyaq,K08,g_obs_z,1.5,0.3468780095670311
Batch_3,vc2whyaq,K08,g_obs_z,1.75,0.5222215251067917
Batch_3,vc2whyaq,K08,g_obs_z,2.0,0.3711325953523167
Batch_3,vc2whyaq,K08,g_obs_z,2.25,0.5582532187622498
Batch_3,vc2whyaq,K08,g_obs_z,2.5,0.8963341513423472
Batch_3,vc2whyaq,K08,g_obs_z,2.75,0.9320632644239036
Batch_3,vc2whyaq,K08,g_obs_z,3.0,1.3097131522163483
Batch_3,vc2whyaq,K08,g_obs_z,3.25,1.2994929123685643
Batch_3,vc2whyaq,K08,g_obs_z,3.5,0.6066846440090911
Batch_3,vc2whyaq,K08,g_obs_z,3.75,0.9017660098719817
Batch_3,vc2whyaq,K08,g_obs_z,4.0,1.1959603056700436
Batch_3,vc2whyaq,K08,g_obs_z,4.25,1.0268379285711504
Batch_3,vc2whyaq,K08,g_obs_z,4.5,0.6734464568724307
Batch_3,vc2whyaq,K08,g_obs_z,4.75,0.5112214388030449
Batch_3,vc2whyaq,K08,g_obs_z,5.0,0.8846734526494052
Batch_3,vc2whyaq,K08,g_obs_z,5.25,1.4423544878279129
Batch_3,vc2whyaq,K08,g_obs_z,5.5,1.810141489801095
Batch_3,vc2whyaq,K08,g_obs_z,5.75,2.3770878135626576
Batch_3,vc2whyaq,K08,g_obs_z,6.0,1.9159862311708606
Batch_3,vc2whyaq,K08,g_obs_z,6.25,0.925984036902833
Batch_3,vc2whyaq,K08,g_obs_z,6.5,1.0525819413364386
Batch_3,vc2whyaq,K08,g_obs_z,6.75,1.0342557454597119
Batch_3,vc2whyaq,K08,g_obs_z,7.0,0.6362081331406549
Batch_3,vc2whyaq,K08,g_obs_z,7.25,0.8747555133635886
Batch_3,vc2whyaq,K08,g_obs_z,7.5,0.7447361807861461
Batch_3,vc2whyaq,K08,g_obs_z,7.75,0.5386591564114409
Batch_3,vc2whyaq,K08,g_obs_z,8.0,0.8955291278410554
Batch_3,vc2whyaq,K08,g_obs_z,8.25,1.1116846093118742
Batch_3,vc2whyaq,K08,g_obs_z,8.5,0.6751030466774335
Batch_3,vc2whyaq,K08,g_obs_z,8.75,0.6272145350352535
Batch_3,vc2whyaq,K08,g_obs_z,9.0,1.0334666261166268
Batch_3,vc2whyaq,K08,g_obs_z,9.25,1.0937745056549273
Batch_3,vc2whyaq,K08,g_obs_z,9.5,1.3300970513558672
Batch_3,vc2whyaq,K08,g_obs_z,9.75,1.6737225895653076
Batch_3,vc2whyaq,K08,g_obs_z,10.0,1.2954058036195635
Batch_3,vc2whyaq,K08,env_lo_z,0.25,0.09988705702269983
Batch_3,vc2whyaq,K08,env_lo_z,0.5,0.20331807634732263
Batch_3,vc2whyaq,K08,env_lo_z,0.75,0.2512921866876973
Batch_3,vc2whyaq,K08,env_lo_z,1.0,0.28824818324086937
Batch_3,vc2whyaq,K08,env_lo_z,1.25,0.35951003277534577
Batch_3,vc2whyaq,K08,env_lo_z,1.5,0.2686265941421789
Batch_3,vc2whyaq,K08,env_lo_z,1.75,0.3837770606156351
Batch_3,vc2whyaq,K08,env_lo_z,2.0,0.37547078997326516
Batch_3,vc2whyaq,K08,env_lo_z,2.25,0.4450050282320761
Batch_3,vc2whyaq,K08,env_lo_z,2.5,0.3744151256915037
Batch_3,vc2whyaq,K08,env_lo_z,2.75,0.25473425440741654
Batch_3,vc2whyaq,K08,env_lo_z,3.0,0.18768783306055964
Batch_3,vc2whyaq,K08,env_lo_z,3.25,0.25754388938168143
Batch_3,vc2whyaq,K08,env_lo_z,3.5,0.23003635590954957
Batch_3,vc2whyaq,K08,env_lo_z,3.75,0.2822804725476384
Batch_3,vc2whyaq,K08,env_lo_z,4.0,0.35635351928497033
Batch_3,vc2whyaq,K08,env_lo_z,4.25,0.3992878667494955
Batch_3,vc2whyaq,K08,env_lo_z,4.5,0.2716860117492561
Batch_3,vc2whyaq,K08,env_lo_z,4.75,0.2648373279888217
Batch_3,vc2whyaq,K08,env_lo_z,5.0,0.2746977800621572
Batch_3,vc2whyaq,K08,env_lo_z,5.25,0.20815971338119127
Batch_3,vc2whyaq,K08,env_lo_z,5.5,0.3749467397166781
Batch_3,vc2whyaq,K08,env_lo_z,5.75,0.2770197237722428
Batch_3,vc2whyaq,K08,env_lo_z,6.0,0.24835435752882634
Batch_3,vc2whyaq,K08,env_lo_z,6.25,0.32501096845079813
Batch_3,vc2whyaq,K08,env_lo_z,6.5,0.2603764435217152
Batch_3,vc2whyaq,K08,env_lo_z,6.75,0.3698460813982188
Batch_3,vc2whyaq,K08,env_lo_z,7.0,0.4239008767202311
Batch_3,vc2whyaq,K08,env_lo_z,7.25,0.30003174441205127
Batch_3,vc2whyaq,K08,env_lo_z,7.5,0.31338171103685514
Batch_3,vc2whyaq,K08,env_lo_z,7.75,0.26948745614057745
Batch_3,vc2whyaq,K08,env_lo_z,8.0,0.31816057834990474
Batch_3,vc2whyaq,K08,env_lo_z,8.25,0.2941823645786874
Batch_3,vc2whyaq,K08,env_lo_z,8.5,0.29954494160863204
Batch_3,vc2whyaq,K08,env_lo_z,8.75,0.2939603843542778
Batch_3,vc2whyaq,K08,env_lo_z,9.0,0.39466333369348294
Batch_3,vc2whyaq,K08,env_lo_z,9.25,0.3737207255667487
Batch_3,vc2whyaq,K08,env_lo_z,9.5,0.2659959379234211
Batch_3,vc2whyaq,K08,env_lo_z,9.75,0.33615924810673525
Batch_3,vc2whyaq,K08,env_lo_z,10.0,0.3093330448398057
Batch_3,vc2whyaq,K08,env_hi_z,0.25,2.1897384583281845
Batch_3,vc2whyaq,K08,env_hi_z,0.5,1.9414819152539833
Batch_3,vc2whyaq,K08,env_hi_z,0.75,1.9928826962532793
Batch_3,vc2whyaq,K08,env_hi_z,1.0,1.9364266796363232
Batch_3,vc2whyaq,K08,env_hi_z,1.25,1.8733772184640967
Batch_3,vc2whyaq,K08,env_hi_z,1.5,1.9605455812004386
Batch_3,vc2whyaq,K08,env_hi_z,1.75,1.9737223412260136
Batch_3,vc2whyaq,K08,env_hi_z,2.0,1.8274980464963981
Batch_3,vc2whyaq,K08,env_hi_z,2.25,1.6959646894171758
Batch_3,vc2whyaq,K08,env_hi_z,2.5,1.7156380234485857
Batch_3,vc2whyaq,K08,env_hi_z,2.75,1.7328383615501328
Batch_3,vc2whyaq,K08,env_hi_z,3.0,1.7790983190463896
Batch_3,vc2whyaq,K08,env_hi_z,3.25,1.8410078365677485
Batch_3,vc2whyaq,K08,env_hi_z,3.5,1.8932481950828137
Batch_3,vc2whyaq,K08,env_hi_z,3.75,1.7845752887629656
Batch_3,vc2whyaq,K08,env_hi_z,4.0,1.7536017340325065
Batch_3,vc2whyaq,K08,env_hi_z,4.25,1.7445409219777743
Batch_3,vc2whyaq,K08,env_hi_z,4.5,1.9090026392674584
Batch_3,vc2whyaq,K08,env_hi_z,4.75,1.889995476629029
Batch_3,vc2whyaq,K08,env_hi_z,5.0,1.8394129507310732
Batch_3,vc2whyaq,K08,env_hi_z,5.25,1.7867339490502343
Batch_3,vc2whyaq,K08,env_hi_z,5.5,1.828102683965755
Batch_3,vc2whyaq,K08,env_hi_z,5.75,2.02561183528061
Batch_3,vc2whyaq,K08,env_hi_z,6.0,1.9261139765973188
Batch_3,vc2whyaq,K08,env_hi_z,6.25,1.8382538025599882
Batch_3,vc2whyaq,K08,env_hi_z,6.5,1.7580312849286868
Batch_3,vc2whyaq,K08,env_hi_z,6.75,1.7880264159812889
Batch_3,vc2whyaq,K08,env_hi_z,7.0,1.92767313169747
Batch_3,vc2whyaq,K08,env_hi_z,7.25,1.89126879569503
Batch_3,vc2whyaq,K08,env_hi_z,7.5,1.7216982045690141
Batch_3,vc2whyaq,K08,env_hi_z,7.75,2.100446414179345
Batch_3,vc2whyaq,K08,env_hi_z,8.0,2.1148952172605884
Batch_3,vc2whyaq,K08,env_hi_z,8.25,1.960601400354998
Batch_3,vc2whyaq,K08,env_hi_z,8.5,1.9127526997030455
Batch_3,vc2whyaq,K08,env_hi_z,8.75,1.9455445337286947
Batch_3,vc2whyaq,K08,env_hi_z,9.0,1.8893362216569412
Batch_3,vc2whyaq,K08,env_hi_z,9.25,1.9984209268457214
Batch_3,vc2whyaq,K08,env_hi_z,9.5,1.9456570832303106
Batch_3,vc2whyaq,K08,env_hi_z,9.75,1.9226796376008497
Batch_3,vc2whyaq,K08,env_hi_z,10.0,1.8347098117871725
Batch_3,vc2whyaq,K10,cv,1.0,3.4703169581582114
Batch_3,vc2whyaq,K10,cv,2.0,3.0542253734737677
Batch_3,vc2whyaq,K10,cv,5.0,2.2211072528092495
Batch_3,vc2whyaq,K10,cv,10.0,1.4273756833868994
Batch_3,vc2whyaq,K10,cv,20.0,0.6333806598840989
Batch_3,vc2whyaq,K12,band_si_frac,0.0,0.055790468610088545
Batch_3,vc2whyaq,K12,band_si_frac,1.0,0.0551962767662698
Batch_3,vc2whyaq,K12,band_si_frac,2.0,0.070540244751766
Batch_3,vc2whyaq,K12,band_si_frac,3.0,0.05906543295857792
Batch_3,vc2whyaq,K12,band_si_frac,4.0,0.05668058918930928
Batch_3,vc2whyaq,K13,column_si_frac,5.0,0.09554158607350097
Batch_3,vc2whyaq,K13,column_si_frac,15.0,0.09816731141199227
Batch_3,vc2whyaq,K13,column_si_frac,25.0,0.02450193423597679
Batch_3,vc2whyaq,K13,column_si_frac,35.0,0.07387814313346228
Batch_3,vc2whyaq,K13,column_si_frac,45.0,0.07616537717601547
Batch_3,vc2whyaq,K13,column_si_frac,55.0,0.020676982591876208
Batch_3,vc2whyaq,K13,column_si_frac,65.0,0.07097678916827853
Batch_3,vc2whyaq,K13,column_si_frac,75.0,0.09171179883945842
Batch_3,vc2whyaq,K13,column_si_frac,85.0,0.031861702127659576
Batch_3,vc2whyaq,K13,column_si_frac,95.0,0.09480657640232108
Batch_3,vc2whyaq,K13,column_si_frac,105.0,0.069821083172147
Batch_3,vc2whyaq,K13,column_si_frac,115.0,0.0005174081237911025
Batch_3,vc2whyaq,K13,column_si_frac,125.0,0.028781431334622826
Batch_3,vc2whyaq,K13,column_si_frac,135.0,0.08215667311411992
Batch_3,vc2whyaq,K13,column_si_frac,145.0,0.06150870406189555
Batch_3,vc2whyaq,K13,column_si_frac,155.0,0.08343326885880077
Batch_3,vc2whyaq,K13,column_si_frac,165.0,0.028210831721470018
Batch_3,vc2whyaq,D01,band_graphite_frac,0.0,0.9099826993444544
Batch_3,vc2whyaq,D01,band_graphite_frac,1.0,0.8740796935628296
Batch_3,vc2whyaq,D01,band_graphite_frac,2.0,0.888021092428614
Batch_3,vc2whyaq,D01,band_graphite_frac,3.0,0.8953738710354967
Batch_3,vc2whyaq,D01,band_graphite_frac,4.0,0.8930997422852192
Batch_3,vc2whyaq,D04,band_pore_frac,0.0,0.025956510684398457
Batch_3,vc2whyaq,D04,band_pore_frac,1.0,0.060197161144828044
Batch_3,vc2whyaq,D04,band_pore_frac,2.0,0.03511811981118518
Batch_3,vc2whyaq,D04,band_pore_frac,3.0,0.03657734443228424
Batch_3,vc2whyaq,D04,band_pore_frac,4.0,0.0430380906889427
Batch_3,x77cy643,K08,g_obs_x,0.25,0.0
Batch_3,x77cy643,K08,g_obs_x,0.5,0.1106172584753056
Batch_3,x77cy643,K08,g_obs_x,0.75,0.5117397626650244
Batch_3,x77cy643,K08,g_obs_x,1.0,0.8258187845703959
Batch_3,x77cy643,K08,g_obs_x,1.25,0.7401454708800725
Batch_3,x77cy643,K08,g_obs_x,1.5,0.5283611905473816
Batch_3,x77cy643,K08,g_obs_x,1.75,0.7239855422469933
Batch_3,x77cy643,K08,g_obs_x,2.0,0.6236803641795771
Batch_3,x77cy643,K08,g_obs_x,2.25,0.4499501585022045
Batch_3,x77cy643,K08,g_obs_x,2.5,0.6303044785266395
Batch_3,x77cy643,K08,g_obs_x,2.75,0.5515275922253957
Batch_3,x77cy643,K08,g_obs_x,3.0,0.6727161667666544
Batch_3,x77cy643,K08,g_obs_x,3.25,0.8216372438424853
Batch_3,x77cy643,K08,g_obs_x,3.5,0.8530491546780964
Batch_3,x77cy643,K08,g_obs_x,3.75,0.6662108798359933
Batch_3,x77cy643,K08,g_obs_x,4.0,0.31451699478646106
Batch_3,x77cy643,K08,g_obs_x,4.25,0.37556280443116163
Batch_3,x77cy643,K08,g_obs_x,4.5,0.8238001139987087
Batch_3,x77cy643,K08,g_obs_x,4.75,1.2178076487510612
Batch_3,x77cy643,K08,g_obs_x,5.0,1.3140917400267373
Batch_3,x77cy643,K08,g_obs_x,5.25,1.0362139638375776
Batch_3,x77cy643,K08,g_obs_x,5.5,0.7926327089283135
Batch_3,x77cy643,K08,g_obs_x,5.75,1.0702692798552995
Batch_3,x77cy643,K08,g_obs_x,6.0,1.1731260998065949
Batch_3,x77cy643,K08,g_obs_x,6.25,0.9594680045910473
Batch_3,x77cy643,K08,g_obs_x,6.5,0.7357036429408766
Batch_3,x77cy643,K08,g_obs_x,6.75,1.0898817928190705
Batch_3,x77cy643,K08,g_obs_x,7.0,1.291597732657219
Batch_3,x77cy643,K08,g_obs_x,7.25,1.1193292204395608
Batch_3,x77cy643,K08,g_obs_x,7.5,1.07004703427589
Batch_3,x77cy643,K08,g_obs_x,7.75,0.8708490202402689
Batch_3,x77cy643,K08,g_obs_x,8.0,0.8676965950678692
Batch_3,x77cy643,K08,g_obs_x,8.25,1.1053115939393283
Batch_3,x77cy643,K08,g_obs_x,8.5,1.0868739423529443
Batch_3,x77cy643,K08,g_obs_x,8.75,0.8796492168442263
Batch_3,x77cy643,K08,g_obs_x,9.0,0.7702597210268917
Batch_3,x77cy643,K08,g_obs_x,9.25,1.1271127867510873
Batch_3,x77cy643,K08,g_obs_x,9.5,1.4129518932993006
Batch_3,x77cy643,K08,g_obs_x,9.75,1.4680587559773681
Batch_3,x77cy643,K08,g_obs_x,10.0,1.2111439592962638
Batch_3,x77cy643,K08,env_lo_x,0.25,0.024398402892989016
Batch_3,x77cy643,K08,env_lo_x,0.5,0.3383935603806368
Batch_3,x77cy643,K08,env_lo_x,0.75,0.2775427590221163
Batch_3,x77cy643,K08,env_lo_x,1.0,0.4122007460235101
Batch_3,x77cy643,K08,env_lo_x,1.25,0.4482601207286596
Batch_3,x77cy643,K08,env_lo_x,1.5,0.4190486265593393
Batch_3,x77cy643,K08,env_lo_x,1.75,0.5072829149232991
Batch_3,x77cy643,K08,env_lo_x,2.0,0.42658482742464315
Batch_3,x77cy643,K08,env_lo_x,2.25,0.4502199738536709
Batch_3,x77cy643,K08,env_lo_x,2.5,0.47122984327515754
Batch_3,x77cy643,K08,env_lo_x,2.75,0.44767265546581564
Batch_3,x77cy643,K08,env_lo_x,3.0,0.5028529806461082
Batch_3,x77cy643,K08,env_lo_x,3.25,0.4682131189476665
Batch_3,x77cy643,K08,env_lo_x,3.5,0.42209998747736055
Batch_3,x77cy643,K08,env_lo_x,3.75,0.44759173430936006
Batch_3,x77cy643,K08,env_lo_x,4.0,0.35659032931094
Batch_3,x77cy643,K08,env_lo_x,4.25,0.3880163625013349
Batch_3,x77cy643,K08,env_lo_x,4.5,0.47434609423657914
Batch_3,x77cy643,K08,env_lo_x,4.75,0.5207745113687967
Batch_3,x77cy643,K08,env_lo_x,5.0,0.5220191813435432
Batch_3,x77cy643,K08,env_lo_x,5.25,0.509443153319395
Batch_3,x77cy643,K08,env_lo_x,5.5,0.5556306389238307
Batch_3,x77cy643,K08,env_lo_x,5.75,0.463374259846149
Batch_3,x77cy643,K08,env_lo_x,6.0,0.4088739207145994
Batch_3,x77cy643,K08,env_lo_x,6.25,0.42997604871254935
Batch_3,x77cy643,K08,env_lo_x,6.5,0.4506280390802395
Batch_3,x77cy643,K08,env_lo_x,6.75,0.5447196326256819
Batch_3,x77cy643,K08,env_lo_x,7.0,0.42819774662508836
Batch_3,x77cy643,K08,env_lo_x,7.25,0.40311346867373316
Batch_3,x77cy643,K08,env_lo_x,7.5,0.44726301087316905
Batch_3,x77cy643,K08,env_lo_x,7.75,0.4992133387843148
Batch_3,x77cy643,K08,env_lo_x,8.0,0.5424081443715494
Batch_3,x77cy643,K08,env_lo_x,8.25,0.6240225090583212
Batch_3,x77cy643,K08,env_lo_x,8.5,0.5302942332604498
Batch_3,x77cy643,K08,env_lo_x,8.75,0.49257662036740446
Batch_3,x77cy643,K08,env_lo_x,9.0,0.46203168199976097
Batch_3,x77cy643,K08,env_lo_x,9.25,0.5387928407692969
Batch_3,x77cy643,K08,env_lo_x,9.5,0.5995759092923
Batch_3,x77cy643,K08,env_lo_x,9.75,0.5022699803283096
Batch_3,x77cy643,K08,env_lo_x,10.0,0.5405974427325714
Batch_3,x77cy643,K08,env_hi_x,0.25,2.032128183604281
Batch_3,x77cy643,K08,env_hi_x,0.5,1.8563427679816937
Batch_3,x77cy643,K08,env_hi_x,0.75,1.7808015662495822
Batch_3,x77cy643,K08,env_hi_x,1.0,1.6899801451150895
Batch_3,x77cy643,K08,env_hi_x,1.25,1.568441453232246
Batch_3,x77cy643,K08,env_hi_x,1.5,1.701903216660071
Batch_3,x77cy643,K08,env_hi_x,1.75,1.7314230118772445
Batch_3,x77cy643,K08,env_hi_x,2.0,1.5980946868608592
Batch_3,x77cy643,K08,env_hi_x,2.25,1.5766603106660155
Batch_3,x77cy643,K08,env_hi_x,2.5,1.7131338599699755
Batch_3,x77cy643,K08,env_hi_x,2.75,1.8252948298346996
Batch_3,x77cy643,K08,env_hi_x,3.0,1.879888920060411
Batch_3,x77cy643,K08,env_hi_x,3.25,1.9922576981021995
Batch_3,x77cy643,K08,env_hi_x,3.5,1.8369682998889698
Batch_3,x77cy643,K08,env_hi_x,3.75,1.6471929639805387
Batch_3,x77cy643,K08,env_hi_x,4.0,1.5803221741573674
Batch_3,x77cy643,K08,env_hi_x,4.25,1.7217330052073145
Batch_3,x77cy643,K08,env_hi_x,4.5,1.7703168908721616
Batch_3,x77cy643,K08,env_hi_x,4.75,1.5101649503996706
Batch_3,x77cy643,K08,env_hi_x,5.0,1.6297184484431366
Batch_3,x77cy643,K08,env_hi_x,5.25,1.518833288256855
Batch_3,x77cy643,K08,env_hi_x,5.5,1.552224868308213
Batch_3,x77cy643,K08,env_hi_x,5.75,1.6952874631698187
Batch_3,x77cy643,K08,env_hi_x,6.0,1.6745071390462931
Batch_3,x77cy643,K08,env_hi_x,6.25,1.5500098171190286
Batch_3,x77cy643,K08,env_hi_x,6.5,1.634432210049088
Batch_3,x77cy643,K08,env_hi_x,6.75,1.717577985113939
Batch_3,x77cy643,K08,env_hi_x,7.0,1.7191903425197437
Batch_3,x77cy643,K08,env_hi_x,7.25,1.6785244156193002
Batch_3,x77cy643,K08,env_hi_x,7.5,1.8807913403649004
Batch_3,x77cy643,K08,env_hi_x,7.75,1.7846940955985302
Batch_3,x77cy643,K08,env_hi_x,8.0,1.5001633557574274
Batch_3,x77cy643,K08,env_hi_x,8.25,1.5794574653439968
Batch_3,x77cy643,K08,env_hi_x,8.5,1.551698666976243
Batch_3,x77cy643,K08,env_hi_x,8.75,1.4836563098625404
Batch_3,x77cy643,K08,env_hi_x,9.0,1.4191896000737774
Batch_3,x77cy643,K08,env_hi_x,9.25,1.4346148322199288
Batch_3,x77cy643,K08,env_hi_x,9.5,1.509041429743433
Batch_3,x77cy643,K08,env_hi_x,9.75,1.5204388379152118
Batch_3,x77cy643,K08,env_hi_x,10.0,1.4390106679744055
Batch_3,x77cy643,K08,g_obs_z,0.25,0.0
Batch_3,x77cy643,K08,g_obs_z,0.5,0.1011344118791059
Batch_3,x77cy643,K08,g_obs_z,0.75,0.200239691253993
Batch_3,x77cy643,K08,g_obs_z,1.0,0.27506809870498006
Batch_3,x77cy643,K08,g_obs_z,1.25,0.41175784978380203
Batch_3,x77cy643,K08,g_obs_z,1.5,0.562472358394753
Batch_3,x77cy643,K08,g_obs_z,1.75,0.5287870326587385
Batch_3,x77cy643,K08,g_obs_z,2.0,0.6526587509561391
Batch_3,x77cy643,K08,g_obs_z,2.25,1.0808153472528996
Batch_3,x77cy643,K08,g_obs_z,2.5,1.2659124216426043
Batch_3,x77cy643,K08,g_obs_z,2.75,0.8840264016985923
Batch_3,x77cy643,K08,g_obs_z,3.0,0.6679953568700068
Batch_3,x77cy643,K08,g_obs_z,3.25,0.5886013190549203
Batch_3,x77cy643,K08,g_obs_z,3.5,0.9339368753636355
Batch_3,x77cy643,K08,g_obs_z,3.75,1.3673415379508231
Batch_3,x77cy643,K08,g_obs_z,4.0,1.109440963155888
Batch_3,x77cy643,K08,g_obs_z,4.25,0.8522604161325386
Batch_3,x77cy643,K08,g_obs_z,4.5,1.20654439536072
Batch_3,x77cy643,K08,g_obs_z,4.75,1.1422519261326105
Batch_3,x77cy643,K08,g_obs_z,5.0,0.9206604911353636
Batch_3,x77cy643,K08,g_obs_z,5.25,1.0400238926976957
Batch_3,x77cy643,K08,g_obs_z,5.5,1.0920852816685893
Batch_3,x77cy643,K08,g_obs_z,5.75,1.2965788755462153
Batch_3,x77cy643,K08,g_obs_z,6.0,1.0323649801646397
Batch_3,x77cy643,K08,g_obs_z,6.25,1.0268737090227846
Batch_3,x77cy643,K08,g_obs_z,6.5,1.4572741943332876
Batch_3,x77cy643,K08,g_obs_z,6.75,1.0758265972216947
Batch_3,x77cy643,K08,g_obs_z,7.0,0.4710016775330774
Batch_3,x77cy643,K08,g_obs_z,7.25,0.4580352586376976
Batch_3,x77cy643,K08,g_obs_z,7.5,0.5838907190165294
Batch_3,x77cy643,K08,g_obs_z,7.75,0.5334784048164882
Batch_3,x77cy643,K08,g_obs_z,8.0,0.49430264450251915
Batch_3,x77cy643,K08,g_obs_z,8.25,0.4452824396831208
Batch_3,x77cy643,K08,g_obs_z,8.5,0.7790090971540061
Batch_3,x77cy643,K08,g_obs_z,8.75,1.5716465551337944
Batch_3,x77cy643,K08,g_obs_z,9.0,1.8415925566902547
Batch_3,x77cy643,K08,g_obs_z,9.25,1.326502152287875
Batch_3,x77cy643,K08,g_obs_z,9.5,0.8865949481027157
Batch_3,x77cy643,K08,g_obs_z,9.75,0.6638467596624137
Batch_3,x77cy643,K08,g_obs_z,10.0,0.711676372760041
Batch_3,x77cy643,K08,env_lo_z,0.25,0.14891728057525264
Batch_3,x77cy643,K08,env_lo_z,0.5,0.27163351624730436
Batch_3,x77cy643,K08,env_lo_z,0.75,0.4023173222216686
Batch_3,x77cy643,K08,env_lo_z,1.0,0.4297032244750909
Batch_3,x77cy643,K08,env_lo_z,1.25,0.49378678148519767
Batch_3,x77cy643,K08,env_lo_z,1.5,0.4676865598010018
Batch_3,x77cy643,K08,env_lo_z,1.75,0.40316225503714664
Batch_3,x77cy643,K08,env_lo_z,2.0,0.3713279552779686
Batch_3,x77cy643,K08,env_lo_z,2.25,0.427146720234898
Batch_3,x77cy643,K08,env_lo_z,2.5,0.29916586963092745
Batch_3,x77cy643,K08,env_lo_z,2.75,0.3012435251786896
Batch_3,x77cy643,K08,env_lo_z,3.0,0.32300110592126985
Batch_3,x77cy643,K08,env_lo_z,3.25,0.3835594890869037
Batch_3,x77cy643,K08,env_lo_z,3.5,0.47501862092538594
Batch_3,x77cy643,K08,env_lo_z,3.75,0.2957291643558509
Batch_3,x77cy643,K08,env_lo_z,4.0,0.22737529666669953
Batch_3,x77cy643,K08,env_lo_z,4.25,0.36329358851967264
Batch_3,x77cy643,K08,env_lo_z,4.5,0.3577914325122403
Batch_3,x77cy643,K08,env_lo_z,4.75,0.3783142053041712
Batch_3,x77cy643,K08,env_lo_z,5.0,0.38308302608892814
Batch_3,x77cy643,K08,env_lo_z,5.25,0.39965368585703814
Batch_3,x77cy643,K08,env_lo_z,5.5,0.37385786259790205
Batch_3,x77cy643,K08,env_lo_z,5.75,0.39004127266702165
Batch_3,x77cy643,K08,env_lo_z,6.0,0.37823322166316115
Batch_3,x77cy643,K08,env_lo_z,6.25,0.46938304297758465
Batch_3,x77cy643,K08,env_lo_z,6.5,0.39593400042282706
Batch_3,x77cy643,K08,env_lo_z,6.75,0.4310835714578373
Batch_3,x77cy643,K08,env_lo_z,7.0,0.4470322934121835
Batch_3,x77cy643,K08,env_lo_z,7.25,0.49964745137731
Batch_3,x77cy643,K08,env_lo_z,7.5,0.4307097248616367
Batch_3,x77cy643,K08,env_lo_z,7.75,0.3977883469269457
Batch_3,x77cy643,K08,env_lo_z,8.0,0.4883475206065257
Batch_3,x77cy643,K08,env_lo_z,8.25,0.4353769799825216
Batch_3,x77cy643,K08,env_lo_z,8.5,0.4263780533843889
Batch_3,x77cy643,K08,env_lo_z,8.75,0.4117186812958579
Batch_3,x77cy643,K08,env_lo_z,9.0,0.39734088747895613
Batch_3,x77cy643,K08,env_lo_z,9.25,0.47918296241806757
Batch_3,x77cy643,K08,env_lo_z,9.5,0.5705620831285109
Batch_3,x77cy643,K08,env_lo_z,9.75,0.511626876347688
Batch_3,x77cy643,K08,env_lo_z,10.0,0.4206335251951542
Batch_3,x77cy643,K08,env_hi_z,0.25,2.065829206155289
Batch_3,x77cy643,K08,env_hi_z,0.5,1.8721349166579528
Batch_3,x77cy643,K08,env_hi_z,0.75,1.7781991974025388
Batch_3,x77cy643,K08,env_hi_z,1.0,1.6398754438576206
Batch_3,x77cy643,K08,env_hi_z,1.25,1.7399303536613253
Batch_3,x77cy643,K08,env_hi_z,1.5,1.6791197864613132
Batch_3,x77cy643,K08,env_hi_z,1.75,1.7638621480440526
Batch_3,x77cy643,K08,env_hi_z,2.0,1.933963827574939
Batch_3,x77cy643,K08,env_hi_z,2.25,1.6517007568294955
Batch_3,x77cy643,K08,env_hi_z,2.5,1.780662435146147
Batch_3,x77cy643,K08,env_hi_z,2.75,1.9217039169592658
Batch_3,x77cy643,K08,env_hi_z,3.0,1.958276989949103
Batch_3,x77cy643,K08,env_hi_z,3.25,1.8665177887228976
Batch_3,x77cy643,K08,env_hi_z,3.5,1.940927092875979
Batch_3,x77cy643,K08,env_hi_z,3.75,2.003343917112841
Batch_3,x77cy643,K08,env_hi_z,4.0,1.9233072469892782
Batch_3,x77cy643,K08,env_hi_z,4.25,1.7294660597678049
Batch_3,x77cy643,K08,env_hi_z,4.5,1.625159910937251
Batch_3,x77cy643,K08,env_hi_z,4.75,1.7482170683760787
Batch_3,x77cy643,K08,env_hi_z,5.0,1.7396968797277257
Batch_3,x77cy643,K08,env_hi_z,5.25,1.7856636615620298
Batch_3,x77cy643,K08,env_hi_z,5.5,1.6722041243191041
Batch_3,x77cy643,K08,env_hi_z,5.75,1.6809836279052266
Batch_3,x77cy643,K08,env_hi_z,6.0,1.6450133409554233
Batch_3,x77cy643,K08,env_hi_z,6.25,1.6666391119242185
Batch_3,x77cy643,K08,env_hi_z,6.5,1.5650926350413503
Batch_3,x77cy643,K08,env_hi_z,6.75,1.6740846825573577
Batch_3,x77cy643,K08,env_hi_z,7.0,1.7703136262853638
Batch_3,x77cy643,K08,env_hi_z,7.25,1.667191183515665
Batch_3,x77cy643,K08,env_hi_z,7.5,1.6069133615129627
Batch_3,x77cy643,K08,env_hi_z,7.75,1.5471754783456169
Batch_3,x77cy643,K08,env_hi_z,8.0,1.4664516060505992
Batch_3,x77cy643,K08,env_hi_z,8.25,1.6042999746138216
Batch_3,x77cy643,K08,env_hi_z,8.5,1.7076103718845683
Batch_3,x77cy643,K08,env_hi_z,8.75,1.730119125316157
Batch_3,x77cy643,K08,env_hi_z,9.0,1.6482137461350324
Batch_3,x77cy643,K08,env_hi_z,9.25,1.753753224649274
Batch_3,x77cy643,K08,env_hi_z,9.5,1.7929510989344926
Batch_3,x77cy643,K08,env_hi_z,9.75,1.665287178167832
Batch_3,x77cy643,K08,env_hi_z,10.0,1.5530913626476945
Batch_3,x77cy643,K10,cv,1.0,3.2454095713781217
Batch_3,x77cy643,K10,cv,2.0,2.7652785262859783
Batch_3,x77cy643,K10,cv,5.0,1.884739952857793
Batch_3,x77cy643,K10,cv,10.0,1.1194411920251182
Batch_3,x77cy643,K10,cv,20.0,0.5239627719151206
Batch_3,x77cy643,K12,band_si_frac,0.0,0.04497565184208125
Batch_3,x77cy643,K12,band_si_frac,1.0,0.07930226834684165
Batch_3,x77cy643,K12,band_si_frac,2.0,0.04666661136136759
Batch_3,x77cy643,K12,band_si_frac,3.0,0.09159663633171013
Batch_3,x77cy643,K12,band_si_frac,4.0,0.06135344362874498
Batch_3,x77cy643,K13,column_si_frac,5.0,0.06462282398452611
Batch_3,x77cy643,K13,column_si_frac,15.0,0.08244680851063829
Batch_3,x77cy643,K13,column_si_frac,25.0,0.08039651837524178
Batch_3,x77cy643,K13,column_si_frac,35.0,0.058588007736943906
Batch_3,x77cy643,K13,column_si_frac,45.0,0.04954061895551257
Batch_3,x77cy643,K13,column_si_frac,55.0,0.07190522243713733
Batch_3,x77cy643,K13,column_si_frac,65.0,0.17070116054158607
Batch_3,x77cy643,K13,column_si_frac,75.0,0.07944874274661509
Batch_3,x77cy643,K13,column_si_frac,85.0,0.04948742746615087
Batch_3,x77cy643,K13,column_si_frac,95.0,0.020275628626692455
Batch_3,x77cy643,K13,column_si_frac,105.0,0.019231141199226306
Batch_3,x77cy643,K13,column_si_frac,115.0,0.03332688588007737
Batch_3,x77cy643,K13,column_si_frac,125.0,0.02885396518375242
Batch_3,x77cy643,K13,column_si_frac,135.0,0.08920696324951644
Batch_3,x77cy643,K13,column_si_frac,145.0,0.07689071566731141
Batch_3,x77cy643,K13,column_si_frac,155.0,0.05289651837524178
Batch_3,x77cy643,K13,column_si_frac,165.0,0.0815183752417795
Batch_3,x77cy643,D01,band_graphite_frac,0.0,0.9323146097243308
Batch_3,x77cy643,D01,band_graphite_frac,1.0,0.865736708062683
Batch_3,x77cy643,D01,band_graphite_frac,2.0,0.9191519485439498
Batch_3,x77cy643,D01,band_graphite_frac,3.0,0.8459056104460649
Batch_3,x77cy643,D01,band_graphite_frac,4.0,0.8829963710327274
Batch_3,x77cy643,D04,band_pore_frac,0.0,0.018888142267351346
Batch_3,x77cy643,D04,band_pore_frac,1.0,0.046708090335675516
Batch_3,x77cy643,D04,band_pore_frac,2.0,0.02900209883609998
Batch_3,x77cy643,D04,band_pore_frac,3.0,0.05256492150795428
Batch_3,x77cy643,D04,band_pore_frac,4.0,0.0468083983083344
Batch_3,x7u69zsw,K08,g_obs_x,0.25,0.0
Batch_3,x7u69zsw,K08,g_obs_x,0.5,0.2403330273919252
Batch_3,x7u69zsw,K08,g_obs_x,0.75,0.7747769570544074
Batch_3,x7u69zsw,K08,g_obs_x,1.0,0.931170916901502
Batch_3,x7u69zsw,K08,g_obs_x,1.25,0.7412552968546902
Batch_3,x7u69zsw,K08,g_obs_x,1.5,0.6480158247658311
Batch_3,x7u69zsw,K08,g_obs_x,1.75,0.7285645152899967
Batch_3,x7u69zsw,K08,g_obs_x,2.0,0.817285239730956
Batch_3,x7u69zsw,K08,g_obs_x,2.25,0.7164978101089857
Batch_3,x7u69zsw,K08,g_obs_x,2.5,0.5972649836091157
Batch_3,x7u69zsw,K08,g_obs_x,2.75,0.6687861637810298
Batch_3,x7u69zsw,K08,g_obs_x,3.0,0.8287158646516399
Batch_3,x7u69zsw,K08,g_obs_x,3.25,0.7671854271808419
Batch_3,x7u69zsw,K08,g_obs_x,3.5,0.9038883545509265
Batch_3,x7u69zsw,K08,g_obs_x,3.75,0.8052309825316881
Batch_3,x7u69zsw,K08,g_obs_x,4.0,0.7474335691559005
Batch_3,x7u69zsw,K08,g_obs_x,4.25,0.7987648214098745
Batch_3,x7u69zsw,K08,g_obs_x,4.5,0.8687655902932989
Batch_3,x7u69zsw,K08,g_obs_x,4.75,0.9589190644251402
Batch_3,x7u69zsw,K08,g_obs_x,5.0,0.783845860400006
Batch_3,x7u69zsw,K08,g_obs_x,5.25,0.9608619032547598
Batch_3,x7u69zsw,K08,g_obs_x,5.5,1.0992869226734012
Batch_3,x7u69zsw,K08,g_obs_x,5.75,1.0415076405825654
Batch_3,x7u69zsw,K08,g_obs_x,6.0,0.9778745456282425
Batch_3,x7u69zsw,K08,g_obs_x,6.25,0.9142405041030659
Batch_3,x7u69zsw,K08,g_obs_x,6.5,0.6999979500777197
Batch_3,x7u69zsw,K08,g_obs_x,6.75,0.8547781644064814
Batch_3,x7u69zsw,K08,g_obs_x,7.0,1.1827034951471973
Batch_3,x7u69zsw,K08,g_obs_x,7.25,0.917016198802344
Batch_3,x7u69zsw,K08,g_obs_x,7.5,0.8213797847007133
Batch_3,x7u69zsw,K08,g_obs_x,7.75,1.1187001155875174
Batch_3,x7u69zsw,K08,g_obs_x,8.0,1.2779088758420387
Batch_3,x7u69zsw,K08,g_obs_x,8.25,0.9295957971793798
Batch_3,x7u69zsw,K08,g_obs_x,8.5,0.911878394557221
Batch_3,x7u69zsw,K08,g_obs_x,8.75,1.0737592381157632
Batch_3,x7u69zsw,K08,g_obs_x,9.0,0.9539155807478831
Batch_3,x7u69zsw,K08,g_obs_x,9.25,0.8732052615566531
Batch_3,x7u69zsw,K08,g_obs_x,9.5,1.1795856967683251
Batch_3,x7u69zsw,K08,g_obs_x,9.75,1.1409031650296335
Batch_3,x7u69zsw,K08,g_obs_x,10.0,0.9722504106698192
Batch_3,x7u69zsw,K08,env_lo_x,0.25,0.47720689000975963
Batch_3,x7u69zsw,K08,env_lo_x,0.5,0.5996244853433759
Batch_3,x7u69zsw,K08,env_lo_x,0.75,0.5545844913583369
Batch_3,x7u69zsw,K08,env_lo_x,1.0,0.5726684039149642
Batch_3,x7u69zsw,K08,env_lo_x,1.25,0.6212125002086641
Batch_3,x7u69zsw,K08,env_lo_x,1.5,0.6767445592930644
Batch_3,x7u69zsw,K08,env_lo_x,1.75,0.6585382674340139
Batch_3,x7u69zsw,K08,env_lo_x,2.0,0.6474649244655344
Batch_3,x7u69zsw,K08,env_lo_x,2.25,0.6790231946444879
Batch_3,x7u69zsw,K08,env_lo_x,2.5,0.6467993703364205
Batch_3,x7u69zsw,K08,env_lo_x,2.75,0.6651571675155235
Batch_3,x7u69zsw,K08,env_lo_x,3.0,0.6322220249305701
Batch_3,x7u69zsw,K08,env_lo_x,3.25,0.6859758314849568
Batch_3,x7u69zsw,K08,env_lo_x,3.5,0.7054721731627871
Batch_3,x7u69zsw,K08,env_lo_x,3.75,0.5831396970618316
Batch_3,x7u69zsw,K08,env_lo_x,4.0,0.6553722211397311
Batch_3,x7u69zsw,K08,env_lo_x,4.25,0.71679336596073
Batch_3,x7u69zsw,K08,env_lo_x,4.5,0.6941849126323695
Batch_3,x7u69zsw,K08,env_lo_x,4.75,0.7002838151884413
Batch_3,x7u69zsw,K08,env_lo_x,5.0,0.6984588085532526
Batch_3,x7u69zsw,K08,env_lo_x,5.25,0.613688358778387
Batch_3,x7u69zsw,K08,env_lo_x,5.5,0.6834646911186733
Batch_3,x7u69zsw,K08,env_lo_x,5.75,0.6082585596693846
Batch_3,x7u69zsw,K08,env_lo_x,6.0,0.7003001912776158
Batch_3,x7u69zsw,K08,env_lo_x,6.25,0.7103373528370456
Batch_3,x7u69zsw,K08,env_lo_x,6.5,0.6762312209069467
Batch_3,x7u69zsw,K08,env_lo_x,6.75,0.6478239821923735
Batch_3,x7u69zsw,K08,env_lo_x,7.0,0.6952476624208315
Batch_3,x7u69zsw,K08,env_lo_x,7.25,0.6803873399387425
Batch_3,x7u69zsw,K08,env_lo_x,7.5,0.7416616834835333
Batch_3,x7u69zsw,K08,env_lo_x,7.75,0.6941692842483643
Batch_3,x7u69zsw,K08,env_lo_x,8.0,0.7061777073625695
Batch_3,x7u69zsw,K08,env_lo_x,8.25,0.6891661428259352
Batch_3,x7u69zsw,K08,env_lo_x,8.5,0.6621177281539034
Batch_3,x7u69zsw,K08,env_lo_x,8.75,0.6905629380883632
Batch_3,x7u69zsw,K08,env_lo_x,9.0,0.6453733573276266
Batch_3,x7u69zsw,K08,env_lo_x,9.25,0.676611886980051
Batch_3,x7u69zsw,K08,env_lo_x,9.5,0.6328082262268933
Batch_3,x7u69zsw,K08,env_lo_x,9.75,0.7241112814769314
Batch_3,x7u69zsw,K08,env_lo_x,10.0,0.6759926008272712
Batch_3,x7u69zsw,K08,env_hi_x,0.25,1.6346929259485556
Batch_3,x7u69zsw,K08,env_hi_x,0.5,1.5065642801874448
Batch_3,x7u69zsw,K08,env_hi_x,0.75,1.4679334007107598
Batch_3,x7u69zsw,K08,env_hi_x,1.0,1.428797966346065
Batch_3,x7u69zsw,K08,env_hi_x,1.25,1.3610196509781223
Batch_3,x7u69zsw,K08,env_hi_x,1.5,1.4074383915338906
Batch_3,x7u69zsw,K08,env_hi_x,1.75,1.4260596631822473
Batch_3,x7u69zsw,K08,env_hi_x,2.0,1.376060472190781
Batch_3,x7u69zsw,K08,env_hi_x,2.25,1.3421671567498052
Batch_3,x7u69zsw,K08,env_hi_x,2.5,1.3782161233811254
Batch_3,x7u69zsw,K08,env_hi_x,2.75,1.4432206237429366
Batch_3,x7u69zsw,K08,env_hi_x,3.0,1.3727790970757838
Batch_3,x7u69zsw,K08,env_hi_x,3.25,1.41168676907891
Batch_3,x7u69zsw,K08,env_hi_x,3.5,1.3924287385212193
Batch_3,x7u69zsw,K08,env_hi_x,3.75,1.3618689967392115
Batch_3,x7u69zsw,K08,env_hi_x,4.0,1.3709907075727508
Batch_3,x7u69zsw,K08,env_hi_x,4.25,1.335991318519801
Batch_3,x7u69zsw,K08,env_hi_x,4.5,1.3245714361170957
Batch_3,x7u69zsw,K08,env_hi_x,4.75,1.341297579880728
Batch_3,x7u69zsw,K08,env_hi_x,5.0,1.308133418272249
Batch_3,x7u69zsw,K08,env_hi_x,5.25,1.3751478894656528
Batch_3,x7u69zsw,K08,env_hi_x,5.5,1.3394136741384421
Batch_3,x7u69zsw,K08,env_hi_x,5.75,1.3610813430642963
Batch_3,x7u69zsw,K08,env_hi_x,6.0,1.3825904449648696
Batch_3,x7u69zsw,K08,env_hi_x,6.25,1.3473059598559307
Batch_3,x7u69zsw,K08,env_hi_x,6.5,1.3361044019590902
Batch_3,x7u69zsw,K08,env_hi_x,6.75,1.3480491239992833
Batch_3,x7u69zsw,K08,env_hi_x,7.0,1.331216781613495
Batch_3,x7u69zsw,K08,env_hi_x,7.25,1.329126133130648
Batch_3,x7u69zsw,K08,env_hi_x,7.5,1.2897747609644712
Batch_3,x7u69zsw,K08,env_hi_x,7.75,1.3806655840302897
Batch_3,x7u69zsw,K08,env_hi_x,8.0,1.445657589433362
Batch_3,x7u69zsw,K08,env_hi_x,8.25,1.389631421220539
Batch_3,x7u69zsw,K08,env_hi_x,8.5,1.3932796935797782
Batch_3,x7u69zsw,K08,env_hi_x,8.75,1.4325584437617478
Batch_3,x7u69zsw,K08,env_hi_x,9.0,1.3698201018696035
Batch_3,x7u69zsw,K08,env_hi_x,9.25,1.3335782042731639
Batch_3,x7u69zsw,K08,env_hi_x,9.5,1.3729607671110717
Batch_3,x7u69zsw,K08,env_hi_x,9.75,1.3657251693443668
Batch_3,x7u69zsw,K08,env_hi_x,10.0,1.3941279693395974
Batch_3,x7u69zsw,K08,g_obs_z,0.25,0.13613190273856438
Batch_3,x7u69zsw,K08,g_obs_z,0.5,0.14730687044524207
Batch_3,x7u69zsw,K08,g_obs_z,0.75,0.4410551705094361
Batch_3,x7u69zsw,K08,g_obs_z,1.0,0.5041201686906832
Batch_3,x7u69zsw,K08,g_obs_z,1.25,0.3845551308728578
Batch_3,x7u69zsw,K08,g_obs_z,1.5,0.41390034526357555
Batch_3,x7u69zsw,K08,g_obs_z,1.75,0.4274999730038737
Batch_3,x7u69zsw,K08,g_obs_z,2.0,0.7562870499419017
Batch_3,x7u69zsw,K08,g_obs_z,2.25,0.9157268857581412
Batch_3,x7u69zsw,K08,g_obs_z,2.5,0.911747176399595
Batch_3,x7u69zsw,K08,g_obs_z,2.75,0.6862821104454127
Batch_3,x7u69zsw,K08,g_obs_z,3.0,0.7346587619340931
Batch_3,x7u69zsw,K08,g_obs_z,3.25,0.6732635551277287
Batch_3,x7u69zsw,K08,g_obs_z,3.5,0.6868776345465281
Batch_3,x7u69zsw,K08,g_obs_z,3.75,0.495697613025876
Batch_3,x7u69zsw,K08,g_obs_z,4.0,0.44190377661790564
Batch_3,x7u69zsw,K08,g_obs_z,4.25,0.492188938433343
Batch_3,x7u69zsw,K08,g_obs_z,4.5,0.6172872972612571
Batch_3,x7u69zsw,K08,g_obs_z,4.75,0.7274744294302684
Batch_3,x7u69zsw,K08,g_obs_z,5.0,0.7108377016451645
Batch_3,x7u69zsw,K08,g_obs_z,5.25,0.4524736237145463
Batch_3,x7u69zsw,K08,g_obs_z,5.5,0.45367975508829095
Batch_3,x7u69zsw,K08,g_obs_z,5.75,0.8029698476730678
Batch_3,x7u69zsw,K08,g_obs_z,6.0,0.7295270921864185
Batch_3,x7u69zsw,K08,g_obs_z,6.25,0.7360536405609517
Batch_3,x7u69zsw,K08,g_obs_z,6.5,1.19966776676829
Batch_3,x7u69zsw,K08,g_obs_z,6.75,0.7347956660723567
Batch_3,x7u69zsw,K08,g_obs_z,7.0,0.6307398760630162
Batch_3,x7u69zsw,K08,g_obs_z,7.25,0.8700285012106254
Batch_3,x7u69zsw,K08,g_obs_z,7.5,0.8764769763332952
Batch_3,x7u69zsw,K08,g_obs_z,7.75,0.9083619715304433
Batch_3,x7u69zsw,K08,g_obs_z,8.0,0.983659011707652
Batch_3,x7u69zsw,K08,g_obs_z,8.25,0.9156743676474399
Batch_3,x7u69zsw,K08,g_obs_z,8.5,0.9830108260935235
Batch_3,x7u69zsw,K08,g_obs_z,8.75,0.8858622619437567
Batch_3,x7u69zsw,K08,g_obs_z,9.0,0.8281253988749643
Batch_3,x7u69zsw,K08,g_obs_z,9.25,0.8416349127782424
Batch_3,x7u69zsw,K08,g_obs_z,9.5,0.8025567570557256
Batch_3,x7u69zsw,K08,g_obs_z,9.75,0.9882797520518654
Batch_3,x7u69zsw,K08,g_obs_z,10.0,1.0404536451102588
Batch_3,x7u69zsw,K08,env_lo_z,0.25,0.44388639514891415
Batch_3,x7u69zsw,K08,env_lo_z,0.5,0.5041176747500213
Batch_3,x7u69zsw,K08,env_lo_z,0.75,0.692521932631986
Batch_3,x7u69zsw,K08,env_lo_z,1.0,0.5956919510981393
Batch_3,x7u69zsw,K08,env_lo_z,1.25,0.6064274502076692
Batch_3,x7u69zsw,K08,env_lo_z,1.5,0.6828774173372488
Batch_3,x7u69zsw,K08,env_lo_z,1.75,0.6642985197398997
Batch_3,x7u69zsw,K08,env_lo_z,2.0,0.6115174164085079
Batch_3,x7u69zsw,K08,env_lo_z,2.25,0.6026537132914904
Batch_3,x7u69zsw,K08,env_lo_z,2.5,0.6044987043595699
Batch_3,x7u69zsw,K08,env_lo_z,2.75,0.5709333968685522
Batch_3,x7u69zsw,K08,env_lo_z,3.0,0.5784259782645587
Batch_3,x7u69zsw,K08,env_lo_z,3.25,0.6211719258567948
Batch_3,x7u69zsw,K08,env_lo_z,3.5,0.6564239201846809
Batch_3,x7u69zsw,K08,env_lo_z,3.75,0.6535507276176141
Batch_3,x7u69zsw,K08,env_lo_z,4.0,0.6064196821767669
Batch_3,x7u69zsw,K08,env_lo_z,4.25,0.705614617484483
Batch_3,x7u69zsw,K08,env_lo_z,4.5,0.7024181715259226
Batch_3,x7u69zsw,K08,env_lo_z,4.75,0.6569449420191635
Batch_3,x7u69zsw,K08,env_lo_z,5.0,0.6712100318456478
Batch_3,x7u69zsw,K08,env_lo_z,5.25,0.6392397872561487
Batch_3,x7u69zsw,K08,env_lo_z,5.5,0.6332196745350668
Batch_3,x7u69zsw,K08,env_lo_z,5.75,0.6176807088023042
Batch_3,x7u69zsw,K08,env_lo_z,6.0,0.6189009038134683
Batch_3,x7u69zsw,K08,env_lo_z,6.25,0.572478912357538
Batch_3,x7u69zsw,K08,env_lo_z,6.5,0.640374298684042
Batch_3,x7u69zsw,K08,env_lo_z,6.75,0.6491874848128186
Batch_3,x7u69zsw,K08,env_lo_z,7.0,0.5913247037631408
Batch_3,x7u69zsw,K08,env_lo_z,7.25,0.6450962959581865
Batch_3,x7u69zsw,K08,env_lo_z,7.5,0.6408906641588147
Batch_3,x7u69zsw,K08,env_lo_z,7.75,0.665133298292399
Batch_3,x7u69zsw,K08,env_lo_z,8.0,0.7090254997957091
Batch_3,x7u69zsw,K08,env_lo_z,8.25,0.5905761815709246
Batch_3,x7u69zsw,K08,env_lo_z,8.5,0.6428782352059514
Batch_3,x7u69zsw,K08,env_lo_z,8.75,0.6478903788500529
Batch_3,x7u69zsw,K08,env_lo_z,9.0,0.5926314713972503
Batch_3,x7u69zsw,K08,env_lo_z,9.25,0.6319553542918003
Batch_3,x7u69zsw,K08,env_lo_z,9.5,0.6736596226809757
Batch_3,x7u69zsw,K08,env_lo_z,9.75,0.6404150775380815
Batch_3,x7u69zsw,K08,env_lo_z,10.0,0.6295930642475028
Batch_3,x7u69zsw,K08,env_hi_z,0.25,1.7290975498866725
Batch_3,x7u69zsw,K08,env_hi_z,0.5,1.5302788579973658
Batch_3,x7u69zsw,K08,env_hi_z,0.75,1.5056775150110961
Batch_3,x7u69zsw,K08,env_hi_z,1.0,1.360314618894556
Batch_3,x7u69zsw,K08,env_hi_z,1.25,1.4371884569233258
Batch_3,x7u69zsw,K08,env_hi_z,1.5,1.4863750400635676
Batch_3,x7u69zsw,K08,env_hi_z,1.75,1.4349280273588898
Batch_3,x7u69zsw,K08,env_hi_z,2.0,1.4459731539689864
Batch_3,x7u69zsw,K08,env_hi_z,2.25,1.451615764652255
Batch_3,x7u69zsw,K08,env_hi_z,2.5,1.4288437104162304
Batch_3,x7u69zsw,K08,env_hi_z,2.75,1.3914888344411012
Batch_3,x7u69zsw,K08,env_hi_z,3.0,1.5056611559057327
Batch_3,x7u69zsw,K08,env_hi_z,3.25,1.488920936206998
Batch_3,x7u69zsw,K08,env_hi_z,3.5,1.4207280553575878
Batch_3,x7u69zsw,K08,env_hi_z,3.75,1.3863873137482723
Batch_3,x7u69zsw,K08,env_hi_z,4.0,1.301640097705263
Batch_3,x7u69zsw,K08,env_hi_z,4.25,1.341599502248275
Batch_3,x7u69zsw,K08,env_hi_z,4.5,1.3639399798998126
Batch_3,x7u69zsw,K08,env_hi_z,4.75,1.4087918559469643
Batch_3,x7u69zsw,K08,env_hi_z,5.0,1.4369880842080702
Batch_3,x7u69zsw,K08,env_hi_z,5.25,1.3720508067004
Batch_3,x7u69zsw,K08,env_hi_z,5.5,1.332533761672354
Batch_3,x7u69zsw,K08,env_hi_z,5.75,1.392319015788261
Batch_3,x7u69zsw,K08,env_hi_z,6.0,1.4321298375209837
Batch_3,x7u69zsw,K08,env_hi_z,6.25,1.4486006019131956
Batch_3,x7u69zsw,K08,env_hi_z,6.5,1.428408536306276
Batch_3,x7u69zsw,K08,env_hi_z,6.75,1.3531704933100586
Batch_3,x7u69zsw,K08,env_hi_z,7.0,1.407427890077611
Batch_3,x7u69zsw,K08,env_hi_z,7.25,1.4172135512412039
Batch_3,x7u69zsw,K08,env_hi_z,7.5,1.374913744409241
Batch_3,x7u69zsw,K08,env_hi_z,7.75,1.3617933031381841
Batch_3,x7u69zsw,K08,env_hi_z,8.0,1.3838904041041662
Batch_3,x7u69zsw,K08,env_hi_z,8.25,1.4155595525913027
Batch_3,x7u69zsw,K08,env_hi_z,8.5,1.4009157114295088
Batch_3,x7u69zsw,K08,env_hi_z,8.75,1.4330686072135126
Batch_3,x7u69zsw,K08,env_hi_z,9.0,1.4526196572902133
Batch_3,x7u69zsw,K08,env_hi_z,9.25,1.3463880718957826
Batch_3,x7u69zsw,K08,env_hi_z,9.5,1.3518977797462486
Batch_3,x7u69zsw,K08,env_hi_z,9.75,1.4168538127187422
Batch_3,x7u69zsw,K08,env_hi_z,10.0,1.377965305343572
Batch_3,x7u69zsw,K10,cv,1.0,2.708590226059218
Batch_3,x7u69zsw,K10,cv,2.0,2.3921522858605897
Batch_3,x7u69zsw,K10,cv,5.0,1.8271066976498136
Batch_3,x7u69zsw,K10,cv,10.0,1.2144244945894997
Batch_3,x7u69zsw,K10,cv,20.0,0.5002943690323262
Batch_3,x7u69zsw,K12,band_si_frac,0.0,0.10172929950456555
Batch_3,x7u69zsw,K12,band_si_frac,1.0,0.07034113883272977
Batch_3,x7u69zsw,K12,band_si_frac,2.0,0.06086845437781876
Batch_3,x7u69zsw,K12,band_si_frac,3.0,0.08505143187220901
Batch_3,x7u69zsw,K12,band_si_frac,4.0,0.1279090111306125
Batch_3,x7u69zsw,K13,column_si_frac,5.0,0.08519417475728155
Batch_3,x7u69zsw,K13,column_si_frac,15.0,0.17327184466019419
Batch_3,x7u69zsw,K13,column_si_frac,25.0,0.05679126213592233
Batch_3,x7u69zsw,K13,column_si_frac,35.0,0.09181553398058252
Batch_3,x7u69zsw,K13,column_si_frac,45.0,0.11613592233009709
Batch_3,x7u69zsw,K13,column_si_frac,55.0,0.022189320388349514
Batch_3,x7u69zsw,K13,column_si_frac,65.0,0.06295631067961165
Batch_3,x7u69zsw,K13,column_si_frac,75.0,0.12016990291262136
Batch_3,x7u69zsw,K13,column_si_frac,85.0,0.09221844660194174
Batch_3,x7u69zsw,K13,column_si_frac,95.0,0.05813592233009709
Batch_3,x7u69zsw,K13,column_si_frac,105.0,0.055635922330097086
Batch_3,x7u69zsw,K13,column_si_frac,115.0,0.13964563106796116
Batch_3,x7u69zsw,K13,column_si_frac,125.0,0.03389320388349515
Batch_3,x7u69zsw,K13,column_si_frac,135.0,0.14383980582524272
Batch_3,x7u69zsw,K13,column_si_frac,145.0,0.06313592233009709
Batch_3,x7u69zsw,K13,column_si_frac,155.0,0.0922135922330097
Batch_3,x7u69zsw,K13,column_si_frac,165.0,0.1054126213592233
Batch_3,x7u69zsw,D01,band_graphite_frac,0.0,0.8491243807069383
Batch_3,x7u69zsw,D01,band_graphite_frac,1.0,0.8845962653573571
Batch_3,x7u69zsw,D01,band_graphite_frac,2.0,0.896741907533714
Batch_3,x7u69zsw,D01,band_graphite_frac,3.0,0.8694277509942014
Batch_3,x7u69zsw,D01,band_graphite_frac,4.0,0.8321243695985425
Batch_3,x7u69zsw,D04,band_pore_frac,0.0,0.03087578591899758
Batch_3,x7u69zsw,D04,band_pore_frac,1.0,0.03606201817333541
Batch_3,x7u69zsw,D04,band_pore_frac,2.0,0.03275727044500233
Batch_3,x7u69zsw,D04,band_pore_frac,3.0,0.03533858390171291
Batch_3,x7u69zsw,D04,band_pore_frac,4.0,0.028023705316478194
Batch_3,xgj4xftb,K08,g_obs_x,0.25,0.227617087976672
Batch_3,xgj4xftb,K08,g_obs_x,0.5,0.5931668165061151
Batch_3,xgj4xftb,K08,g_obs_x,0.75,0.9545474239805714
Batch_3,xgj4xftb,K08,g_obs_x,1.0,0.7852681557100866
Batch_3,xgj4xftb,K08,g_obs_x,1.25,0.2494677551942585
Batch_3,xgj4xftb,K08,g_obs_x,1.5,0.24538906484751324
Batch_3,xgj4xftb,K08,g_obs_x,1.75,0.667049290884178
Batch_3,xgj4xftb,K08,g_obs_x,2.0,0.802753370042248
Batch_3,xgj4xftb,K08,g_obs_x,2.25,0.3441845230507182
Batch_3,xgj4xftb,K08,g_obs_x,2.5,0.44537698887371435
Batch_3,xgj4xftb,K08,g_obs_x,2.75,0.4620739659672843
Batch_3,xgj4xftb,K08,g_obs_x,3.0,0.28959420813133885
Batch_3,xgj4xftb,K08,g_obs_x,3.25,0.44270388649152415
Batch_3,xgj4xftb,K08,g_obs_x,3.5,0.5226497973794756
Batch_3,xgj4xftb,K08,g_obs_x,3.75,0.34157386856711586
Batch_3,xgj4xftb,K08,g_obs_x,4.0,0.3990019987280093
Batch_3,xgj4xftb,K08,g_obs_x,4.25,0.6202084364814507
Batch_3,xgj4xftb,K08,g_obs_x,4.5,0.7792035311479591
Batch_3,xgj4xftb,K08,g_obs_x,4.75,0.6820394332111509
Batch_3,xgj4xftb,K08,g_obs_x,5.0,1.0782136314043833
Batch_3,xgj4xftb,K08,g_obs_x,5.25,0.9598959888131543
Batch_3,xgj4xftb,K08,g_obs_x,5.5,0.9689510409546029
Batch_3,xgj4xftb,K08,g_obs_x,5.75,0.7801815351477172
Batch_3,xgj4xftb,K08,g_obs_x,6.0,0.47902933256964086
Batch_3,xgj4xftb,K08,g_obs_x,6.25,0.6150155583623332
Batch_3,xgj4xftb,K08,g_obs_x,6.5,0.6197580090143074
Batch_3,xgj4xftb,K08,g_obs_x,6.75,0.9755700137285354
Batch_3,xgj4xftb,K08,g_obs_x,7.0,0.8629372720366525
Batch_3,xgj4xftb,K08,g_obs_x,7.25,0.8315048837280001
Batch_3,xgj4xftb,K08,g_obs_x,7.5,0.8017808706373237
Batch_3,xgj4xftb,K08,g_obs_x,7.75,0.786863491672212
Batch_3,xgj4xftb,K08,g_obs_x,8.0,1.0538375708217849
Batch_3,xgj4xftb,K08,g_obs_x,8.25,0.88044942642795
Batch_3,xgj4xftb,K08,g_obs_x,8.5,0.6720317561450264
Batch_3,xgj4xftb,K08,g_obs_x,8.75,0.8666295780574849
Batch_3,xgj4xftb,K08,g_obs_x,9.0,0.7464354555179517
Batch_3,xgj4xftb,K08,g_obs_x,9.25,0.6106563406725704
Batch_3,xgj4xftb,K08,g_obs_x,9.5,0.8281398166041267
Batch_3,xgj4xftb,K08,g_obs_x,9.75,0.9570451238111047
Batch_3,xgj4xftb,K08,g_obs_x,10.0,1.009116287731511
Batch_3,xgj4xftb,K08,env_lo_x,0.25,0.17704614980356947
Batch_3,xgj4xftb,K08,env_lo_x,0.5,0.33288124417671916
Batch_3,xgj4xftb,K08,env_lo_x,0.75,0.42891930766396297
Batch_3,xgj4xftb,K08,env_lo_x,1.0,0.6188751419663697
Batch_3,xgj4xftb,K08,env_lo_x,1.25,0.6073985381067918
Batch_3,xgj4xftb,K08,env_lo_x,1.5,0.6286065173710947
Batch_3,xgj4xftb,K08,env_lo_x,1.75,0.55303758198815
Batch_3,xgj4xftb,K08,env_lo_x,2.0,0.6035452223260379
Batch_3,xgj4xftb,K08,env_lo_x,2.25,0.6335771659187145
Batch_3,xgj4xftb,K08,env_lo_x,2.5,0.6168177128674117
Batch_3,xgj4xftb,K08,env_lo_x,2.75,0.5904288696868666
Batch_3,xgj4xftb,K08,env_lo_x,3.0,0.5257998153987395
Batch_3,xgj4xftb,K08,env_lo_x,3.25,0.5899060379540428
Batch_3,xgj4xftb,K08,env_lo_x,3.5,0.5795599180719266
Batch_3,xgj4xftb,K08,env_lo_x,3.75,0.5345594940528803
Batch_3,xgj4xftb,K08,env_lo_x,4.0,0.5845468242516413
Batch_3,xgj4xftb,K08,env_lo_x,4.25,0.515191760833134
Batch_3,xgj4xftb,K08,env_lo_x,4.5,0.6413309636329099
Batch_3,xgj4xftb,K08,env_lo_x,4.75,0.5881911713896211
Batch_3,xgj4xftb,K08,env_lo_x,5.0,0.6295254259342898
Batch_3,xgj4xftb,K08,env_lo_x,5.25,0.5180672146381219
Batch_3,xgj4xftb,K08,env_lo_x,5.5,0.5097038362209931
Batch_3,xgj4xftb,K08,env_lo_x,5.75,0.6129109666385762
Batch_3,xgj4xftb,K08,env_lo_x,6.0,0.5592237194187667
Batch_3,xgj4xftb,K08,env_lo_x,6.25,0.593438710266915
Batch_3,xgj4xftb,K08,env_lo_x,6.5,0.5450900333443855
Batch_3,xgj4xftb,K08,env_lo_x,6.75,0.459665185679896
Batch_3,xgj4xftb,K08,env_lo_x,7.0,0.5604386563845173
Batch_3,xgj4xftb,K08,env_lo_x,7.25,0.5784533120419485
Batch_3,xgj4xftb,K08,env_lo_x,7.5,0.4993130030328699
Batch_3,xgj4xftb,K08,env_lo_x,7.75,0.5095061762479316
Batch_3,xgj4xftb,K08,env_lo_x,8.0,0.5174652343086089
Batch_3,xgj4xftb,K08,env_lo_x,8.25,0.5765356865272939
Batch_3,xgj4xftb,K08,env_lo_x,8.5,0.5764400752397436
Batch_3,xgj4xftb,K08,env_lo_x,8.75,0.4714116262965495
Batch_3,xgj4xftb,K08,env_lo_x,9.0,0.6073354133493075
Batch_3,xgj4xftb,K08,env_lo_x,9.25,0.5564057952342415
Batch_3,xgj4xftb,K08,env_lo_x,9.5,0.5675875657589264
Batch_3,xgj4xftb,K08,env_lo_x,9.75,0.5829504762902952
Batch_3,xgj4xftb,K08,env_lo_x,10.0,0.5700105765835698
Batch_3,xgj4xftb,K08,env_hi_x,0.25,1.8492216378186288
Batch_3,xgj4xftb,K08,env_hi_x,0.5,1.707020694899084
Batch_3,xgj4xftb,K08,env_hi_x,0.75,1.8082229721678054
Batch_3,xgj4xftb,K08,env_hi_x,1.0,1.5605049862922384
Batch_3,xgj4xftb,K08,env_hi_x,1.25,1.5412423532579966
Batch_3,xgj4xftb,K08,env_hi_x,1.5,1.4993131802933344
Batch_3,xgj4xftb,K08,env_hi_x,1.75,1.414590180521537
Batch_3,xgj4xftb,K08,env_hi_x,2.0,1.4666090155185987
Batch_3,xgj4xftb,K08,env_hi_x,2.25,1.4284157408101958
Batch_3,xgj4xftb,K08,env_hi_x,2.5,1.487688758807136
Batch_3,xgj4xftb,K08,env_hi_x,2.75,1.4555090409329434
Batch_3,xgj4xftb,K08,env_hi_x,3.0,1.4638865108033048
Batch_3,xgj4xftb,K08,env_hi_x,3.25,1.4812621993724477
Batch_3,xgj4xftb,K08,env_hi_x,3.5,1.5502580089620976
Batch_3,xgj4xftb,K08,env_hi_x,3.75,1.5483739400749978
Batch_3,xgj4xftb,K08,env_hi_x,4.0,1.4879974961610396
Batch_3,xgj4xftb,K08,env_hi_x,4.25,1.6658741643339874
Batch_3,xgj4xftb,K08,env_hi_x,4.5,1.4012775924932759
Batch_3,xgj4xftb,K08,env_hi_x,4.75,1.5011157731480171
Batch_3,xgj4xftb,K08,env_hi_x,5.0,1.6924956516810836
Batch_3,xgj4xftb,K08,env_hi_x,5.25,1.5694793924546937
Batch_3,xgj4xftb,K08,env_hi_x,5.5,1.593770466186345
Batch_3,xgj4xftb,K08,env_hi_x,5.75,1.4487669671462116
Batch_3,xgj4xftb,K08,env_hi_x,6.0,1.4593748864953473
Batch_3,xgj4xftb,K08,env_hi_x,6.25,1.5187776332125533
Batch_3,xgj4xftb,K08,env_hi_x,6.5,1.4311069221001471
Batch_3,xgj4xftb,K08,env_hi_x,6.75,1.4670212234829259
Batch_3,xgj4xftb,K08,env_hi_x,7.0,1.5208489352880912
Batch_3,xgj4xftb,K08,env_hi_x,7.25,1.5662164957109537
Batch_3,xgj4xftb,K08,env_hi_x,7.5,1.4902008526275503
Batch_3,xgj4xftb,K08,env_hi_x,7.75,1.5784081388139863
Batch_3,xgj4xftb,K08,env_hi_x,8.0,1.567180538898798
Batch_3,xgj4xftb,K08,env_hi_x,8.25,1.5922051343047907
Batch_3,xgj4xftb,K08,env_hi_x,8.5,1.659383777442102
Batch_3,xgj4xftb,K08,env_hi_x,8.75,1.5794824446809226
Batch_3,xgj4xftb,K08,env_hi_x,9.0,1.549041168762212
Batch_3,xgj4xftb,K08,env_hi_x,9.25,1.5123178996731987
Batch_3,xgj4xftb,K08,env_hi_x,9.5,1.4313804897930587
Batch_3,xgj4xftb,K08,env_hi_x,9.75,1.4151635861112999
Batch_3,xgj4xftb,K08,env_hi_x,10.0,1.457447011677672
Batch_3,xgj4xftb,K08,g_obs_z,0.25,0.0
Batch_3,xgj4xftb,K08,g_obs_z,0.5,0.6124973966359073
Batch_3,xgj4xftb,K08,g_obs_z,0.75,0.9369452115019495
Batch_3,xgj4xftb,K08,g_obs_z,1.0,0.690256474945192
Batch_3,xgj4xftb,K08,g_obs_z,1.25,0.7553606669843065
Batch_3,xgj4xftb,K08,g_obs_z,1.5,0.7767137692297778
Batch_3,xgj4xftb,K08,g_obs_z,1.75,0.4778255245441248
Batch_3,xgj4xftb,K08,g_obs_z,2.0,0.47482404634137615
Batch_3,xgj4xftb,K08,g_obs_z,2.25,0.5073058879072728
Batch_3,xgj4xftb,K08,g_obs_z,2.5,0.8037327487007827
Batch_3,xgj4xftb,K08,g_obs_z,2.75,0.4835015073994544
Batch_3,xgj4xftb,K08,g_obs_z,3.0,0.3993361768774727
Batch_3,xgj4xftb,K08,g_obs_z,3.25,0.32489585322901166
Batch_3,xgj4xftb,K08,g_obs_z,3.5,0.4316477423989551
Batch_3,xgj4xftb,K08,g_obs_z,3.75,0.5460151242533186
Batch_3,xgj4xftb,K08,g_obs_z,4.0,0.5387809024846039
Batch_3,xgj4xftb,K08,g_obs_z,4.25,0.5520576453175051
Batch_3,xgj4xftb,K08,g_obs_z,4.5,0.4635149694848844
Batch_3,xgj4xftb,K08,g_obs_z,4.75,0.4526888299050638
Batch_3,xgj4xftb,K08,g_obs_z,5.0,0.3791191112782023
Batch_3,xgj4xftb,K08,g_obs_z,5.25,0.5816346607562626
Batch_3,xgj4xftb,K08,g_obs_z,5.5,0.8628096501830305
Batch_3,xgj4xftb,K08,g_obs_z,5.75,0.9009235384843
Batch_3,xgj4xftb,K08,g_obs_z,6.0,0.6489441252329319
Batch_3,xgj4xftb,K08,g_obs_z,6.25,0.5260555749586237
Batch_3,xgj4xftb,K08,g_obs_z,6.5,0.6246623071902592
Batch_3,xgj4xftb,K08,g_obs_z,6.75,0.8669872134698181
Batch_3,xgj4xftb,K08,g_obs_z,7.0,0.7296853840928315
Batch_3,xgj4xftb,K08,g_obs_z,7.25,0.7131594547726267
Batch_3,xgj4xftb,K08,g_obs_z,7.5,0.9101901295555562
Batch_3,xgj4xftb,K08,g_obs_z,7.75,0.7107464064339971
Batch_3,xgj4xftb,K08,g_obs_z,8.0,0.7071414866050246
Batch_3,xgj4xftb,K08,g_obs_z,8.25,0.8864047420464923
Batch_3,xgj4xftb,K08,g_obs_z,8.5,0.5864036755846634
Batch_3,xgj4xftb,K08,g_obs_z,8.75,0.5981752806606738
Batch_3,xgj4xftb,K08,g_obs_z,9.0,0.8586160767604739
Batch_3,xgj4xftb,K08,g_obs_z,9.25,0.6815179721019443
Batch_3,xgj4xftb,K08,g_obs_z,9.5,0.3847433935865143
Batch_3,xgj4xftb,K08,g_obs_z,9.75,0.6178796951162759
Batch_3,xgj4xftb,K08,g_obs_z,10.0,1.0761257617600495
Batch_3,xgj4xftb,K08,env_lo_z,0.25,0.1935287826689301
Batch_3,xgj4xftb,K08,env_lo_z,0.5,0.36774127117094413
Batch_3,xgj4xftb,K08,env_lo_z,0.75,0.4399936581183267
Batch_3,xgj4xftb,K08,env_lo_z,1.0,0.4792304137340389
Batch_3,xgj4xftb,K08,env_lo_z,1.25,0.5803059012777171
Batch_3,xgj4xftb,K08,env_lo_z,1.5,0.519186778981821
Batch_3,xgj4xftb,K08,env_lo_z,1.75,0.4249822316186992
Batch_3,xgj4xftb,K08,env_lo_z,2.0,0.437563820015236
Batch_3,xgj4xftb,K08,env_lo_z,2.25,0.5423702630016717
Batch_3,xgj4xftb,K08,env_lo_z,2.5,0.5385798783928359
Batch_3,xgj4xftb,K08,env_lo_z,2.75,0.6213270537114504
Batch_3,xgj4xftb,K08,env_lo_z,3.0,0.5905071857532058
Batch_3,xgj4xftb,K08,env_lo_z,3.25,0.5572343813399279
Batch_3,xgj4xftb,K08,env_lo_z,3.5,0.49755121824234716
Batch_3,xgj4xftb,K08,env_lo_z,3.75,0.6238860365330052
Batch_3,xgj4xftb,K08,env_lo_z,4.0,0.522388901817584
Batch_3,xgj4xftb,K08,env_lo_z,4.25,0.5049240771143227
Batch_3,xgj4xftb,K08,env_lo_z,4.5,0.598756808172512
Batch_3,xgj4xftb,K08,env_lo_z,4.75,0.6342331721436979
Batch_3,xgj4xftb,K08,env_lo_z,5.0,0.5813532782398815
Batch_3,xgj4xftb,K08,env_lo_z,5.25,0.5964124349583865
Batch_3,xgj4xftb,K08,env_lo_z,5.5,0.543385953260609
Batch_3,xgj4xftb,K08,env_lo_z,5.75,0.5957604525968666
Batch_3,xgj4xftb,K08,env_lo_z,6.0,0.617491321398314
Batch_3,xgj4xftb,K08,env_lo_z,6.25,0.5827695522554469
Batch_3,xgj4xftb,K08,env_lo_z,6.5,0.5439468204976418
Batch_3,xgj4xftb,K08,env_lo_z,6.75,0.6079939118802511
Batch_3,xgj4xftb,K08,env_lo_z,7.0,0.5606335279294568
Batch_3,xgj4xftb,K08,env_lo_z,7.25,0.44877187676946284
Batch_3,xgj4xftb,K08,env_lo_z,7.5,0.4459571665522684
Batch_3,xgj4xftb,K08,env_lo_z,7.75,0.5106900279284271
Batch_3,xgj4xftb,K08,env_lo_z,8.0,0.47021714611275855
Batch_3,xgj4xftb,K08,env_lo_z,8.25,0.5052884711565598
Batch_3,xgj4xftb,K08,env_lo_z,8.5,0.5903880691059188
Batch_3,xgj4xftb,K08,env_lo_z,8.75,0.4905476919586879
Batch_3,xgj4xftb,K08,env_lo_z,9.0,0.521322854514117
Batch_3,xgj4xftb,K08,env_lo_z,9.25,0.49673353775683515
Batch_3,xgj4xftb,K08,env_lo_z,9.5,0.4373207834952142
Batch_3,xgj4xftb,K08,env_lo_z,9.75,0.4737949149428
Batch_3,xgj4xftb,K08,env_lo_z,10.0,0.42254991505761014
Batch_3,xgj4xftb,K08,env_hi_z,0.25,2.0823996047871214
Batch_3,xgj4xftb,K08,env_hi_z,0.5,1.7942737504411537
Batch_3,xgj4xftb,K08,env_hi_z,0.75,1.688797176507425
Batch_3,xgj4xftb,K08,env_hi_z,1.0,1.5978751189427964
Batch_3,xgj4xftb,K08,env_hi_z,1.25,1.583481560660466
Batch_3,xgj4xftb,K08,env_hi_z,1.5,1.6368273924415646
Batch_3,xgj4xftb,K08,env_hi_z,1.75,1.5229309348387092
Batch_3,xgj4xftb,K08,env_hi_z,2.0,1.5493336898830612
Batch_3,xgj4xftb,K08,env_hi_z,2.25,1.519801602189968
Batch_3,xgj4xftb,K08,env_hi_z,2.5,1.553356045804865
Batch_3,xgj4xftb,K08,env_hi_z,2.75,1.4674937121544507
Batch_3,xgj4xftb,K08,env_hi_z,3.0,1.4967639696886708
Batch_3,xgj4xftb,K08,env_hi_z,3.25,1.4619980708583382
Batch_3,xgj4xftb,K08,env_hi_z,3.5,1.5774925023028197
Batch_3,xgj4xftb,K08,env_hi_z,3.75,1.5008173575925086
Batch_3,xgj4xftb,K08,env_hi_z,4.0,1.5197052262846908
Batch_3,xgj4xftb,K08,env_hi_z,4.25,1.6192899017672913
Batch_3,xgj4xftb,K08,env_hi_z,4.5,1.5798561768510782
Batch_3,xgj4xftb,K08,env_hi_z,4.75,1.477405030043894
Batch_3,xgj4xftb,K08,env_hi_z,5.0,1.4995591281967642
Batch_3,xgj4xftb,K08,env_hi_z,5.25,1.5544847262918637
Batch_3,xgj4xftb,K08,env_hi_z,5.5,1.5035094073179853
Batch_3,xgj4xftb,K08,env_hi_z,5.75,1.5165413419999072
Batch_3,xgj4xftb,K08,env_hi_z,6.0,1.428185370529282
Batch_3,xgj4xftb,K08,env_hi_z,6.25,1.4861695193688162
Batch_3,xgj4xftb,K08,env_hi_z,6.5,1.5228488705952303
Batch_3,xgj4xftb,K08,env_hi_z,6.75,1.5365870789415912
Batch_3,xgj4xftb,K08,env_hi_z,7.0,1.4861229571069594
Batch_3,xgj4xftb,K08,env_hi_z,7.25,1.526199121752626
Batch_3,xgj4xftb,K08,env_hi_z,7.5,1.576388591928186
Batch_3,xgj4xftb,K08,env_hi_z,7.75,1.6182449219954764
Batch_3,xgj4xftb,K08,env_hi_z,8.0,1.6217450469961376
Batch_3,xgj4xftb,K08,env_hi_z,8.25,1.6364235217985934
Batch_3,xgj4xftb,K08,env_hi_z,8.5,1.640113635247983
Batch_3,xgj4xftb,K08,env_hi_z,8.75,1.7272118674876393
Batch_3,xgj4xftb,K08,env_hi_z,9.0,1.6365426577105937
Batch_3,xgj4xftb,K08,env_hi_z,9.25,1.5842699621468594
Batch_3,xgj4xftb,K08,env_hi_z,9.5,1.5285425700184057
Batch_3,xgj4xftb,K08,env_hi_z,9.75,1.478734817834424
Batch_3,xgj4xftb,K08,env_hi_z,10.0,1.6015594062979006
Batch_3,xgj4xftb,K10,cv,1.0,3.5127315220283792
Batch_3,xgj4xftb,K10,cv,2.0,3.1190795306401404
Batch_3,xgj4xftb,K10,cv,5.0,2.3990912648339493
Batch_3,xgj4xftb,K10,cv,10.0,1.492582450264768
Batch_3,xgj4xftb,K10,cv,20.0,0.818954571389174
Batch_3,xgj4xftb,K12,band_si_frac,0.0,0.07422239172811256
Batch_3,xgj4xftb,K12,band_si_frac,1.0,0.09482176613556575
Batch_3,xgj4xftb,K12,band_si_frac,2.0,0.054850618986028395
Batch_3,xgj4xftb,K12,band_si_frac,3.0,0.04357064684395298
Batch_3,xgj4xftb,K12,band_si_frac,4.0,0.017709680628793155
Batch_3,xgj4xftb,K13,column_si_frac,5.0,0.026550868486352356
Batch_3,xgj4xftb,K13,column_si_frac,15.0,0.03149503722084367
Batch_3,xgj4xftb,K13,column_si_frac,25.0,0.0030397022332506202
Batch_3,xgj4xftb,K13,column_si_frac,35.0,0.10877171215880893
Batch_3,xgj4xftb,K13,column_si_frac,45.0,0.19464640198511166
Batch_3,xgj4xftb,K13,column_si_frac,55.0,0.07337468982630273
Batch_3,xgj4xftb,K13,column_si_frac,65.0,0.06966501240694789
Batch_3,xgj4xftb,K13,column_si_frac,75.0,0.02403225806451613
Batch_3,xgj4xftb,K13,column_si_frac,85.0,0.009187344913151365
Batch_3,xgj4xftb,K13,column_si_frac,95.0,0.0367803970223325
Batch_3,xgj4xftb,K13,column_si_frac,105.0,0.0837531017369727
Batch_3,xgj4xftb,K13,column_si_frac,115.0,0.09012406947890819
Batch_3,xgj4xftb,K13,column_si_frac,125.0,0.050043424317617866
Batch_3,xgj4xftb,K13,column_si_frac,135.0,0.08815136476426799
Batch_3,xgj4xftb,K13,column_si_frac,145.0,0.01870347394540943
Batch_3,xgj4xftb,K13,column_si_frac,155.0,0.02944789081885856
Batch_3,xgj4xftb,K13,column_si_frac,165.0,0.04729528535980149
Batch_3,xgj4xftb,D01,band_graphite_frac,0.0,0.8641763426279063
Batch_3,xgj4xftb,D01,band_graphite_frac,1.0,0.8752664980030417
Batch_3,xgj4xftb,D01,band_graphite_frac,2.0,0.8978282189405461
Batch_3,xgj4xftb,D01,band_graphite_frac,3.0,0.9147312989467999
Batch_3,xgj4xftb,D01,band_graphite_frac,4.0,0.9576126042895519
Batch_3,xgj4xftb,D04,band_pore_frac,0.0,0.04834978953018618
Batch_3,xgj4xftb,D04,band_pore_frac,1.0,0.02170359736771039
Batch_3,xgj4xftb,D04,band_pore_frac,2.0,0.03188026777719346
Batch_3,xgj4xftb,D04,band_pore_frac,3.0,0.03483484230424833
Batch_3,xgj4xftb,D04,band_pore_frac,4.0,0.020866793638159672
